budget,expandedBy,objectiveValue,epoch,treeDepth,parentValue,H,Rx,Ry,Rz,Cx
0.0,,5.808421654950915,0.0,0.0,0.0,10.0,0.0,0.0,0.0,0.0
1.0,add,5.808421654950915,1.0,1.0,5.808421654950915,10.0,0.0,0.0,0.0,1.0
2.0,delete,6.229370100288219,1.0,1.0,5.808421654950915,9.0,0.0,0.0,0.0,0.0
3.0,swap,6.386079434520099,1.0,1.0,5.808421654950915,9.0,0.0,0.0,1.0,0.0
4.0,add,5.5106076500248005,2.0,2.0,5.808421654950915,10.0,0.0,1.0,0.0,1.0
5.0,delete,6.229370100288379,2.0,2.0,5.808421654950915,9.0,0.0,0.0,0.0,1.0
6.0,swap,5.501962747600276,2.0,2.0,5.808421654950915,9.0,0.0,0.0,0.0,2.0
7.0,add,5.808421654950915,3.0,1.0,5.762590538216092,10.0,0.0,0.0,0.0,1.0
8.0,add,5.603932278257698,4.0,3.0,5.5106076500248005,10.0,0.0,1.0,0.0,1.0
9.0,add,5.5106076500248005,4.0,3.0,5.5106076500248005,10.0,0.0,1.0,0.0,2.0
10.0,delete,5.451111136456501,4.0,3.0,5.5106076500248005,9.0,0.0,1.0,0.0,1.0
11.0,swap,5.977259541206276,4.0,3.0,5.5106076500248005,9.0,1.0,1.0,0.0,1.0
12.0,add,5.808421654950915,5.0,2.0,5.610703651194015,10.0,0.0,0.0,0.0,2.0
13.0,add,5.4974632268434505,6.0,4.0,5.5106076500248005,10.0,0.0,1.0,0.0,2.0
14.0,add,5.5106076500248005,6.0,4.0,5.5106076500248005,10.0,0.0,1.0,0.0,3.0
15.0,delete,6.1124698998144735,6.0,4.0,5.5106076500248005,9.0,0.0,1.0,0.0,2.0
16.0,swap,5.980197638452175,6.0,4.0,5.5106076500248005,9.0,0.0,1.0,1.0,2.0
17.0,add,5.808421654950915,7.0,1.0,5.736489605989028,10.0,0.0,0.0,0.0,1.0
18.0,add,5.5106076500248005,8.0,3.0,5.72226921303194,10.0,0.0,1.0,0.0,2.0
19.0,add,5.808421654950915,9.0,2.0,5.679389634189153,10.0,0.0,0.0,0.0,2.0
20.0,add,5.464055434717703,10.0,5.0,5.5106076500248005,10.0,0.0,1.0,0.0,3.0
21.0,add,5.5106076500248005,10.0,5.0,5.5106076500248005,10.0,0.0,1.0,0.0,4.0
22.0,delete,5.176001819556657,10.0,5.0,5.5106076500248005,9.0,0.0,1.0,0.0,3.0
23.0,swap,5.625809072798007,10.0,5.0,5.5106076500248005,9.0,0.0,2.0,0.0,3.0
24.0,add,5.5106076500248005,11.0,4.0,5.4574163254243935,10.0,0.0,1.0,0.0,3.0
25.0,add,5.5106076500248005,12.0,3.0,5.582639576573316,10.0,0.0,1.0,0.0,2.0
26.0,add,5.551814216357595,13.0,6.0,5.5106076500248005,10.0,0.0,1.0,0.0,4.0
27.0,add,5.5106076500248005,13.0,6.0,5.5106076500248005,10.0,1.0,1.0,0.0,4.0
28.0,delete,5.462711602015421,13.0,6.0,5.5106076500248005,9.0,0.0,1.0,0.0,4.0
29.0,swap,5.5106076500248005,13.0,6.0,5.5106076500248005,10.0,1.0,1.0,0.0,3.0
30.0,add,5.512557783272379,14.0,5.0,5.509269753689483,10.0,0.0,1.0,1.0,3.0
31.0,add,5.691501044513469,15.0,4.0,5.485998925349251,10.0,0.0,2.0,0.0,2.0
32.0,add,5.5106076500248005,16.0,7.0,5.5106076500248005,10.0,1.0,1.0,0.0,4.0
33.0,add,5.533907992486726,16.0,7.0,5.5106076500248005,10.0,1.0,1.0,0.0,5.0
34.0,delete,6.13308828316224,16.0,7.0,5.5106076500248005,9.0,1.0,1.0,0.0,4.0
35.0,swap,5.192229848211409,16.0,7.0,5.5106076500248005,9.0,1.0,1.0,0.0,5.0
36.0,add,5.531876675786821,17.0,6.0,5.576088284781995,10.0,0.0,1.0,1.0,4.0
37.0,add,5.168965655078409,18.0,5.0,5.541874272853799,10.0,0.0,2.0,0.0,3.0
38.0,add,5.50029350043997,19.0,8.0,5.533907992486726,10.0,1.0,1.0,0.0,5.0
39.0,add,5.533907992486726,19.0,8.0,5.533907992486726,10.0,2.0,1.0,0.0,5.0
40.0,delete,5.533907992486726,19.0,8.0,5.533907992486726,10.0,1.0,1.0,0.0,4.0
41.0,swap,6.156388625624167,19.0,8.0,5.533907992486726,9.0,1.0,1.0,0.0,6.0
42.0,add,5.808421654950915,20.0,1.0,5.622332535459392,10.0,0.0,0.0,0.0,1.0
43.0,add,5.423718314095479,21.0,7.0,5.651681220704862,10.0,1.0,2.0,0.0,4.0
44.0,add,5.5106076500248005,22.0,6.0,5.596412229529988,10.0,0.0,1.0,0.0,5.0
45.0,add,5.533907992486725,23.0,9.0,5.533907992486726,10.0,2.0,1.0,0.0,5.0
46.0,add,5.533907992486726,23.0,9.0,5.533907992486726,10.0,2.0,1.0,0.0,6.0
47.0,delete,5.533907992486726,23.0,9.0,5.533907992486726,10.0,2.0,1.0,0.0,4.0
48.0,swap,5.5106076500248005,23.0,9.0,5.533907992486726,10.0,3.0,1.0,0.0,4.0
49.0,add,5.808421654950915,24.0,2.0,5.579025716544502,10.0,0.0,0.0,0.0,2.0
50.0,add,5.987535120718665,25.0,8.0,5.52924792399434,10.0,1.0,2.0,0.0,5.0
51.0,add,5.5106076500248005,26.0,7.0,5.616544651438494,10.0,1.0,1.0,0.0,5.0
52.0,add,5.510483378749609,27.0,10.0,5.533907992486726,10.0,2.0,1.0,0.0,6.0
53.0,add,5.533907992486726,27.0,10.0,5.533907992486726,10.0,2.0,1.0,0.0,7.0
54.0,delete,5.533907992486726,27.0,10.0,5.533907992486726,10.0,2.0,1.0,0.0,5.0
55.0,swap,6.000559883668203,27.0,10.0,5.533907992486726,9.0,2.0,1.0,0.0,7.0
56.0,add,5.5106076500248005,28.0,3.0,5.5769569191016926,10.0,0.0,1.0,0.0,2.0
57.0,add,5.510695406256248,29.0,9.0,5.622553447975598,10.0,2.0,1.0,1.0,5.0
58.0,add,5.533907992486726,30.0,8.0,5.611211763121625,10.0,1.0,1.0,0.0,6.0
59.0,add,5.533907992486726,31.0,11.0,5.533907992486726,10.0,2.0,1.0,0.0,7.0
60.0,add,5.533839987842662,31.0,11.0,5.533907992486726,10.0,2.0,1.0,1.0,7.0
61.0,delete,5.533907992486726,31.0,11.0,5.533907992486726,10.0,1.0,1.0,0.0,7.0
62.0,swap,6.1276844584547465,31.0,11.0,5.533907992486726,9.0,2.0,1.0,0.0,8.0
63.0,add,5.5106076500248005,32.0,4.0,5.568256671972425,10.0,0.0,1.0,0.0,3.0
64.0,add,5.533907992486726,33.0,10.0,5.652649684751518,10.0,2.0,1.0,0.0,7.0
65.0,add,5.533907992486726,34.0,9.0,5.626064642717438,10.0,2.0,1.0,0.0,6.0
66.0,add,5.479242638989602,35.0,12.0,5.533839987842662,10.0,2.0,1.0,1.0,7.0
67.0,add,5.722264505268941,35.0,12.0,5.533839987842662,10.0,2.0,2.0,1.0,7.0
68.0,delete,5.078668033214306,35.0,12.0,5.533839987842662,9.0,2.0,1.0,1.0,7.0
69.0,swap,5.5959601661552725,35.0,12.0,5.533839987842662,10.0,2.0,2.0,1.0,6.0
70.0,add,5.5106076500248005,36.0,5.0,5.567390888396579,10.0,0.0,1.0,0.0,4.0
71.0,add,5.533907992486726,37.0,11.0,5.481995066294157,10.0,2.0,1.0,0.0,8.0
72.0,add,6.223328400565683,38.0,10.0,5.564290886578106,10.0,2.0,2.0,0.0,6.0
73.0,add,5.628449583327704,39.0,13.0,5.722264505268941,10.0,2.0,2.0,1.0,7.0
74.0,add,5.722264505268941,39.0,13.0,5.722264505268941,10.0,2.0,2.0,1.0,8.0
75.0,delete,5.722264505268941,39.0,13.0,5.722264505268941,10.0,1.0,2.0,1.0,7.0
76.0,swap,6.157271565738255,39.0,13.0,5.722264505268941,10.0,1.0,3.0,1.0,7.0
77.0,add,5.880603710910315,40.0,6.0,5.624146438293652,10.0,0.0,1.0,0.0,5.0
78.0,add,5.466658556372983,41.0,12.0,5.790502932974557,10.0,2.0,2.0,1.0,7.0
79.0,add,6.011223151449027,42.0,11.0,5.603708367266758,10.0,3.0,1.0,0.0,7.0
80.0,add,5.722264505268941,43.0,14.0,5.722264505268941,10.0,2.0,2.0,1.0,8.0
81.0,add,6.169109019058796,43.0,14.0,5.722264505268941,10.0,2.0,3.0,1.0,8.0
82.0,delete,5.698964162807007,43.0,14.0,5.722264505268941,10.0,2.0,2.0,1.0,7.0
83.0,swap,5.722264505268941,43.0,14.0,5.722264505268941,10.0,2.0,2.0,1.0,8.0
84.0,add,5.5106076500248005,44.0,7.0,5.659183091868423,10.0,1.0,1.0,0.0,5.0
85.0,add,5.829322796631936,45.0,13.0,5.806973339534526,10.0,2.0,2.0,1.0,8.0
86.0,add,5.530624924063807,46.0,12.0,5.778281655480126,10.0,2.0,1.0,2.0,7.0
87.0,add,6.169109019058796,47.0,15.0,6.169109019058796,10.0,2.0,3.0,1.0,8.0
88.0,add,6.169175120019015,47.0,15.0,6.169109019058796,10.0,2.0,3.0,1.0,9.0
89.0,delete,6.558047675582779,47.0,15.0,6.169109019058796,9.0,2.0,3.0,1.0,8.0
90.0,swap,6.445298527014618,47.0,15.0,6.169109019058796,9.0,2.0,4.0,1.0,8.0
91.0,add,5.8718894138387165,48.0,8.0,5.73525194154875,10.0,1.0,1.0,0.0,6.0
92.0,add,5.722264505268941,49.0,14.0,6.302147872146801,10.0,3.0,2.0,1.0,8.0
93.0,add,6.020171392519806,50.0,13.0,5.993462212840791,10.0,2.0,3.0,1.0,7.0
94.0,add,6.169175120019016,51.0,16.0,6.169175120019015,10.0,2.0,3.0,1.0,9.0
95.0,add,6.169175120019015,51.0,16.0,6.169175120019015,10.0,2.0,3.0,1.0,10.0
96.0,delete,5.929760712676008,51.0,16.0,6.169175120019015,9.0,2.0,3.0,1.0,9.0
97.0,swap,5.692057322008882,51.0,16.0,6.169175120019015,9.0,3.0,3.0,1.0,9.0
98.0,add,5.533907992486726,52.0,9.0,5.7869726773442824,10.0,2.0,1.0,0.0,6.0
99.0,add,5.781537561645855,53.0,15.0,6.025868678948387,10.0,2.0,4.0,1.0,8.0
100.0,add,5.722264505268941,54.0,14.0,6.088609972942883,10.0,2.0,2.0,1.0,9.0
101.0,add,6.218356320606371,55.0,17.0,6.169175120019015,10.0,2.0,3.0,1.0,10.0
102.0,add,6.286644223767587,55.0,17.0,6.169175120019015,10.0,2.0,4.0,1.0,10.0
103.0,delete,5.929760712676008,55.0,17.0,6.169175120019015,9.0,2.0,3.0,1.0,10.0
104.0,swap,5.929760712676008,55.0,17.0,6.169175120019015,9.0,2.0,3.0,1.0,11.0
105.0,add,5.808421654950915,56.0,1.0,5.70694779806778,10.0,0.0,0.0,0.0,1.0
106.0,add,5.533907992486726,57.0,10.0,5.843094212106943,10.0,2.0,1.0,0.0,7.0
107.0,add,6.169175120019017,58.0,16.0,6.106739417948997,10.0,3.0,3.0,1.0,9.0
108.0,add,6.169175120019015,59.0,15.0,6.04041618601207,10.0,2.0,3.0,1.0,9.0
109.0,add,6.286644223767586,60.0,18.0,6.286644223767587,10.0,2.0,4.0,1.0,10.0
110.0,add,5.797466334372826,60.0,18.0,6.286644223767587,10.0,2.0,4.0,1.0,11.0
111.0,delete,6.286642513082225,60.0,18.0,6.286644223767587,10.0,2.0,4.0,0.0,10.0
112.0,swap,6.286642513082225,60.0,18.0,6.286644223767587,10.0,2.0,4.0,0.0,11.0
113.0,add,5.808421654950916,61.0,2.0,5.7249835898257375,10.0,1.0,0.0,0.0,1.0
114.0,add,5.533907992486726,62.0,11.0,5.905821736991333,10.0,3.0,1.0,0.0,7.0
115.0,add,6.169175120019015,63.0,17.0,6.188807961614489,10.0,2.0,3.0,1.0,11.0
116.0,add,6.169008375400329,64.0,16.0,6.139040264917082,10.0,2.0,3.0,1.0,10.0
117.0,add,5.80770121099571,65.0,19.0,5.797466334372826,10.0,2.0,4.0,1.0,11.0
118.0,add,5.813109880646777,65.0,19.0,5.797466334372826,10.0,2.0,4.0,1.0,12.0
119.0,delete,5.797466334372827,65.0,19.0,5.797466334372826,10.0,1.0,4.0,1.0,11.0
120.0,swap,5.797466334372829,65.0,19.0,5.797466334372826,10.0,3.0,4.0,1.0,10.0
121.0,add,5.5106076500248005,66.0,3.0,5.7358540721315245,10.0,0.0,1.0,0.0,2.0
122.0,add,5.533839987842662,67.0,12.0,5.963848869133081,10.0,2.0,1.0,1.0,8.0
123.0,add,6.286644223767587,68.0,18.0,5.802642018952193,10.0,2.0,4.0,1.0,11.0
124.0,add,5.6758495361024695,69.0,17.0,6.055963901113381,10.0,2.0,3.0,1.0,11.0
125.0,add,5.83206619185673,70.0,20.0,5.813109880646777,10.0,2.0,4.0,1.0,12.0
126.0,add,5.813088330285911,70.0,20.0,5.813109880646777,10.0,2.0,4.0,1.0,13.0
127.0,delete,5.559332991241839,70.0,20.0,5.813109880646777,9.0,2.0,4.0,1.0,12.0
128.0,swap,5.585784368812792,70.0,20.0,5.813109880646777,9.0,2.0,5.0,1.0,12.0
129.0,add,5.5106076500248005,71.0,4.0,5.742204016449006,10.0,1.0,1.0,0.0,2.0
130.0,add,5.722332967767523,72.0,13.0,5.9769796691837485,10.0,2.0,2.0,2.0,7.0
131.0,add,5.797466334372826,73.0,19.0,5.72067635256881,10.0,2.0,4.0,1.0,12.0
132.0,add,6.364536777438872,74.0,18.0,5.80796295773624,10.0,2.0,5.0,1.0,10.0
133.0,add,5.813088330285914,75.0,21.0,5.813088330285911,10.0,2.0,4.0,1.0,13.0
134.0,add,5.813038052878729,75.0,21.0,5.813088330285911,10.0,2.0,4.0,1.0,14.0
135.0,delete,5.813088330285911,75.0,21.0,5.813088330285911,10.0,2.0,4.0,1.0,12.0
136.0,swap,5.722743054291601,75.0,21.0,5.813088330285911,9.0,3.0,4.0,1.0,13.0
137.0,add,5.5106076500248005,76.0,5.0,5.767030264270961,10.0,0.0,1.0,0.0,4.0
138.0,add,5.722264505268941,77.0,14.0,5.992197394478456,10.0,2.0,2.0,1.0,9.0
139.0,add,6.217445599112636,78.0,20.0,5.795009219605613,10.0,2.0,5.0,1.0,12.0
140.0,add,5.793254349633998,79.0,19.0,5.798204678551969,10.0,2.0,4.0,2.0,11.0
141.0,add,5.8216735988785855,80.0,22.0,5.813038052878729,10.0,2.0,4.0,1.0,14.0
142.0,add,5.858762847262489,80.0,22.0,5.813038052878729,10.0,2.0,4.0,2.0,14.0
143.0,delete,5.8414884904109865,80.0,22.0,5.813038052878729,10.0,2.0,4.0,1.0,13.0
144.0,swap,5.721871604431694,80.0,22.0,5.813038052878729,9.0,2.0,4.0,1.0,15.0
145.0,add,5.5106076500248005,81.0,6.0,5.793718504933109,10.0,0.0,1.0,0.0,5.0
146.0,add,6.268737888060677,82.0,15.0,5.953907475440394,10.0,2.0,3.0,1.0,9.0
147.0,add,5.813452629980559,83.0,21.0,5.811366918772498,10.0,2.0,4.0,1.0,14.0
148.0,add,5.8131098806467785,84.0,20.0,5.840885533464093,10.0,3.0,4.0,1.0,12.0
149.0,add,5.8602732217554205,85.0,23.0,5.858762847262489,10.0,2.0,4.0,2.0,14.0
150.0,add,5.92818096776081,85.0,23.0,5.858762847262489,10.0,2.0,4.0,2.0,15.0
151.0,delete,5.813038052878729,85.0,23.0,5.858762847262489,10.0,2.0,4.0,1.0,14.0
152.0,swap,5.805412528901648,85.0,23.0,5.858762847262489,9.0,2.0,5.0,2.0,14.0
153.0,add,5.5106076500248005,86.0,7.0,5.8134523272810625,10.0,1.0,1.0,0.0,5.0
154.0,add,6.169175120019015,87.0,16.0,5.931972133578798,10.0,2.0,3.0,1.0,10.0
155.0,add,5.813038052878729,88.0,22.0,5.853133523711819,10.0,2.0,4.0,1.0,15.0
156.0,add,5.813088330285911,89.0,21.0,5.826384549819853,10.0,2.0,4.0,1.0,14.0
157.0,add,5.943601654070533,90.0,24.0,5.92818096776081,10.0,2.0,4.0,2.0,15.0
158.0,add,5.726372753369356,90.0,24.0,5.92818096776081,10.0,2.0,4.0,2.0,16.0
159.0,delete,5.92818096776081,90.0,24.0,5.92818096776081,10.0,2.0,4.0,2.0,14.0
160.0,swap,5.857316209111042,90.0,24.0,5.92818096776081,10.0,2.0,4.0,2.0,15.0
161.0,add,5.533907992486726,91.0,8.0,5.833659524973418,10.0,1.0,1.0,0.0,6.0
162.0,add,6.32652908312138,92.0,17.0,5.89438117373079,10.0,2.0,4.0,1.0,10.0
163.0,add,5.858694945421956,93.0,23.0,5.876730510414509,10.0,3.0,4.0,2.0,14.0
164.0,add,5.813038052878729,94.0,22.0,5.853897472833774,10.0,2.0,4.0,1.0,15.0
165.0,add,5.771063587072334,95.0,25.0,5.726372753369356,10.0,2.0,4.0,2.0,16.0
166.0,add,5.726298165434342,95.0,25.0,5.726372753369356,10.0,2.0,4.0,2.0,17.0
167.0,delete,5.726372753369356,95.0,25.0,5.726372753369356,10.0,2.0,4.0,2.0,15.0
168.0,swap,5.726372753369361,95.0,25.0,5.726372753369356,10.0,3.0,4.0,2.0,15.0
169.0,add,5.510607650024801,96.0,9.0,5.847666371440781,10.0,2.0,1.0,0.0,6.0
170.0,add,6.286644223767587,97.0,18.0,5.835137226923914,10.0,2.0,4.0,1.0,11.0
171.0,add,5.928257305492103,98.0,24.0,5.735296002522949,10.0,2.0,4.0,2.0,16.0
172.0,add,5.865654033904965,99.0,23.0,5.8291556420210915,10.0,3.0,4.0,2.0,14.0
173.0,add,5.726298165434343,100.0,26.0,5.726298165434342,10.0,2.0,4.0,2.0,17.0
174.0,add,5.592874783491603,100.0,26.0,5.726298165434342,10.0,2.0,4.0,2.0,18.0
175.0,delete,5.719581814105243,100.0,26.0,5.726298165434342,10.0,2.0,4.0,2.0,16.0
176.0,swap,5.753259802724861,100.0,26.0,5.726298165434342,10.0,2.0,3.0,3.0,17.0
177.0,add,5.533907992486726,101.0,10.0,5.8643187936766985,10.0,3.0,1.0,0.0,6.0
178.0,add,5.868325972862341,102.0,19.0,5.803503344169725,10.0,2.0,4.0,1.0,12.0
179.0,add,5.726298165434342,103.0,25.0,5.703662546238078,10.0,2.0,4.0,2.0,17.0
180.0,add,5.962548441570465,104.0,24.0,5.738459095390659,10.0,2.0,4.0,2.0,16.0
181.0,add,5.592799403832731,105.0,27.0,5.592874783491603,10.0,2.0,4.0,2.0,18.0
182.0,add,5.592874783491596,105.0,27.0,5.592874783491603,10.0,3.0,4.0,2.0,18.0
183.0,delete,5.711534084108114,105.0,27.0,5.592874783491603,10.0,2.0,3.0,2.0,18.0
184.0,swap,5.592874783491603,105.0,27.0,5.592874783491603,10.0,2.0,4.0,2.0,18.0
185.0,add,5.533907992486726,106.0,11.0,5.864578044291624,10.0,2.0,1.0,0.0,8.0
186.0,add,5.813879688192564,107.0,20.0,5.7984512328038225,10.0,2.0,4.0,2.0,12.0
187.0,add,5.694664974368257,108.0,26.0,5.616591567683129,10.0,2.0,4.0,2.0,18.0
188.0,add,5.726493327179479,109.0,25.0,5.6753962659924575,10.0,2.0,4.0,2.0,17.0
189.0,add,5.671305538324859,110.0,28.0,5.592874783491596,10.0,3.0,4.0,2.0,18.0
190.0,add,5.693128905726543,110.0,28.0,5.592874783491596,10.0,3.0,4.0,2.0,19.0
191.0,delete,5.592874783491603,110.0,28.0,5.592874783491596,10.0,2.0,4.0,2.0,18.0
192.0,swap,5.592874783491596,110.0,28.0,5.592874783491596,10.0,3.0,4.0,2.0,18.0
193.0,add,5.533839987842662,111.0,12.0,5.874466122331922,10.0,2.0,1.0,1.0,8.0
194.0,add,5.593839020014694,112.0,21.0,5.767920702495661,10.0,2.0,5.0,1.0,13.0
195.0,add,5.592790776559999,113.0,27.0,5.6286117589052385,10.0,2.0,4.0,2.0,19.0
196.0,add,5.7332109133083335,114.0,26.0,5.629145236398046,10.0,3.0,4.0,2.0,17.0
197.0,add,5.694094154436006,115.0,29.0,5.693128905726543,10.0,3.0,4.0,2.0,19.0
198.0,add,5.693212345374842,115.0,29.0,5.693128905726543,10.0,3.0,4.0,2.0,20.0
199.0,delete,5.748119899606422,115.0,29.0,5.693128905726543,9.0,3.0,4.0,2.0,19.0
200.0,swap,5.6303375611193704,115.0,29.0,5.693128905726543,9.0,4.0,4.0,2.0,19.0
201.0,add,5.849950953687181,116.0,13.0,5.873730501385674,10.0,2.0,2.0,1.0,8.0
202.0,add,5.813431079619681,117.0,22.0,5.749599526084124,10.0,2.0,4.0,1.0,15.0
203.0,add,5.602264855871239,118.0,28.0,5.691778573252637,10.0,3.0,4.0,3.0,18.0
204.0,add,5.592715959974425,119.0,27.0,5.645807126135825,10.0,2.0,4.0,2.0,19.0
205.0,add,5.706083874522477,120.0,30.0,5.693212345374842,10.0,3.0,4.0,2.0,20.0
206.0,add,5.693128905726543,120.0,30.0,5.693212345374842,10.0,3.0,4.0,2.0,21.0
207.0,delete,5.693212345374842,120.0,30.0,5.693212345374842,10.0,2.0,4.0,2.0,20.0
208.0,swap,5.693511700816483,120.0,30.0,5.693212345374842,10.0,2.0,4.0,3.0,20.0
209.0,add,5.7222645052689405,121.0,14.0,5.867485490573758,10.0,3.0,2.0,1.0,8.0
210.0,add,5.857805786458101,122.0,23.0,5.72503339822738,10.0,2.0,4.0,3.0,14.0
211.0,add,5.673309159200536,123.0,29.0,5.695829834363037,10.0,3.0,4.0,2.0,20.0
212.0,add,5.597205980091138,124.0,28.0,5.68367306434321,10.0,3.0,4.0,3.0,18.0
213.0,add,5.69312859983379,125.0,31.0,5.693128905726543,10.0,3.0,4.0,2.0,21.0
214.0,delete,5.916582002239168,125.0,31.0,5.693128905726543,9.0,3.0,4.0,2.0,21.0
215.0,swap,4.858384249532721,125.0,31.0,5.693128905726543,9.0,4.0,4.0,2.0,21.0
216.0,add,5.671547047222206,126.0,15.0,5.837637877940497,10.0,2.0,3.0,1.0,9.0
217.0,add,5.808421654950915,127.0,1.0,5.7447589025893215,10.0,1.0,0.0,0.0,0.0
218.0,add,5.92818096776081,128.0,24.0,5.675854285691344,10.0,2.0,4.0,2.0,16.0
219.0,add,5.693128905726543,129.0,30.0,5.540305939333056,10.0,3.0,4.0,2.0,21.0
220.0,delete,5.947264415521726,130.0,32.0,5.916582002239168,9.0,3.0,4.0,2.0,21.0
221.0,delete,5.690332883847333,130.0,32.0,5.916582002239168,8.0,3.0,4.0,2.0,21.0
222.0,swap,5.916582002239168,130.0,32.0,5.916582002239168,9.0,3.0,4.0,2.0,21.0
223.0,add,5.539636807786229,131.0,29.0,5.682143183842783,10.0,3.0,4.0,2.0,20.0
224.0,delete,5.800861883548538,132.0,31.0,5.867690325961848,9.0,3.0,4.0,2.0,21.0
225.0,add,5.808421654950915,133.0,2.0,5.743555849990196,10.0,0.0,0.0,0.0,2.0
226.0,add,6.178963464879765,134.0,16.0,5.82132777031287,10.0,2.0,3.0,2.0,9.0
227.0,add,5.726460177426761,135.0,25.0,5.669362472984332,10.0,2.0,4.0,2.0,17.0
228.0,delete,5.681040920462897,136.0,33.0,5.690332883847333,8.0,3.0,4.0,2.0,21.0
229.0,delete,6.2376889333011984,136.0,33.0,5.690332883847333,7.0,3.0,4.0,2.0,21.0
230.0,swap,5.015508479409466,136.0,33.0,5.690332883847333,7.0,3.0,5.0,2.0,21.0
231.0,add,5.693212345374842,137.0,30.0,5.6786360151157576,10.0,3.0,4.0,2.0,21.0
232.0,delete,5.916582002239171,138.0,32.0,5.656142804255224,9.0,2.0,4.0,2.0,21.0
233.0,delete,6.2376889333012,139.0,34.0,6.2376889333011984,7.0,3.0,4.0,2.0,21.0
234.0,delete,6.326284298239562,139.0,34.0,6.2376889333011984,7.0,3.0,3.0,2.0,21.0
235.0,swap,6.324582033955812,139.0,34.0,6.2376889333011984,7.0,4.0,4.0,2.0,20.0
236.0,add,5.5106076500248005,140.0,3.0,5.753159103058999,10.0,0.0,1.0,0.0,2.0
237.0,add,6.164807911771085,141.0,17.0,5.8094237424443085,10.0,2.0,3.0,2.0,10.0
238.0,add,5.726298165434342,142.0,26.0,5.711207193960013,10.0,2.0,4.0,2.0,18.0
239.0,delete,5.67807385313317,143.0,31.0,5.917583232358769,9.0,3.0,4.0,2.0,21.0
240.0,delete,5.6904090603122555,144.0,33.0,6.281561049699443,8.0,3.0,4.0,2.0,20.0
241.0,delete,6.356413856696632,145.0,35.0,6.326284298239562,7.0,3.0,3.0,2.0,21.0
242.0,delete,6.223091448211537,145.0,35.0,6.326284298239562,6.0,3.0,3.0,2.0,21.0
243.0,swap,6.090967857642288,145.0,35.0,6.326284298239562,7.0,3.0,4.0,2.0,20.0
244.0,add,5.5106076500248005,146.0,4.0,5.764973299528889,10.0,0.0,1.0,0.0,3.0
245.0,add,6.286644223767587,147.0,18.0,5.792497050899957,10.0,2.0,4.0,1.0,11.0
246.0,add,5.775497628619389,148.0,27.0,5.7570123021438935,10.0,2.0,5.0,2.0,18.0
247.0,delete,6.010809051199386,149.0,32.0,5.982549225634947,9.0,3.0,4.0,2.0,20.0
248.0,delete,6.250354127120645,150.0,34.0,6.249189365197505,7.0,3.0,4.0,1.0,21.0
249.0,delete,6.223091448211537,151.0,36.0,6.223091448211537,6.0,3.0,3.0,2.0,21.0
250.0,delete,6.223091448211537,151.0,36.0,6.223091448211537,6.0,3.0,3.0,2.0,20.0
251.0,swap,6.019662832631554,151.0,36.0,6.223091448211537,6.0,4.0,3.0,2.0,20.0
252.0,add,5.880603710910315,152.0,5.0,5.7862551971345235,10.0,0.0,1.0,0.0,4.0
253.0,add,5.752941099829994,153.0,19.0,5.7940370327411905,10.0,2.0,5.0,1.0,11.0
254.0,add,5.594536674707358,154.0,28.0,5.830052932507598,10.0,3.0,4.0,3.0,18.0
255.0,delete,5.690220248506632,155.0,33.0,6.183610523152979,8.0,3.0,4.0,2.0,20.0
256.0,delete,6.326284298239562,156.0,35.0,6.172234294316541,7.0,3.0,3.0,2.0,20.0
257.0,delete,6.223091448211536,157.0,37.0,6.223091448211537,6.0,3.0,3.0,2.0,20.0
258.0,delete,6.46076903925527,157.0,37.0,6.223091448211537,6.0,3.0,3.0,2.0,19.0
259.0,swap,6.23489475827558,157.0,37.0,6.223091448211537,6.0,3.0,2.0,2.0,21.0
260.0,delete,6.237529010639162,158.0,34.0,6.246499738412271,7.0,3.0,4.0,1.0,21.0
261.0,add,5.201300455750033,159.0,6.0,5.80859999489547,10.0,0.0,2.0,0.0,4.0
262.0,add,5.384548041971739,160.0,20.0,5.818723164000092,10.0,2.0,5.0,1.0,12.0
263.0,add,5.5414653723712615,161.0,29.0,5.9123000465147,10.0,4.0,4.0,2.0,19.0
264.0,delete,6.223091448211546,162.0,36.0,6.285461673488481,6.0,2.0,3.0,2.0,21.0
265.0,delete,6.46076903925527,163.0,38.0,6.46076903925527,6.0,3.0,3.0,2.0,19.0
266.0,delete,6.175435421165579,163.0,38.0,6.46076903925527,6.0,3.0,2.0,2.0,19.0
267.0,swap,6.461724555535577,163.0,38.0,6.46076903925527,6.0,3.0,3.0,3.0,18.0
268.0,delete,6.520856358288515,164.0,35.0,6.271249765451341,7.0,3.0,3.0,2.0,20.0
269.0,delete,6.563552227770513,165.0,37.0,6.389674513802923,5.0,3.0,3.0,2.0,20.0
270.0,add,5.5106076500248005,166.0,7.0,5.829867346981448,10.0,1.0,1.0,0.0,5.0
271.0,add,5.845319424782647,167.0,21.0,5.847551117034377,10.0,2.0,4.0,1.0,14.0
272.0,add,5.789925253020839,168.0,30.0,6.02528627259551,10.0,3.0,4.0,2.0,21.0
273.0,delete,6.175435421165574,169.0,39.0,6.175435421165579,6.0,3.0,2.0,2.0,19.0
274.0,delete,6.356078241561188,169.0,39.0,6.175435421165579,6.0,3.0,1.0,2.0,19.0
275.0,swap,6.370607842816564,169.0,39.0,6.175435421165579,6.0,3.0,2.0,2.0,19.0
276.0,delete,6.223091448211545,170.0,36.0,6.327378407619645,6.0,3.0,3.0,2.0,20.0
277.0,delete,6.460769039255272,171.0,38.0,6.269389231677226,6.0,2.0,3.0,2.0,19.0
278.0,delete,5.662602069138692,172.0,31.0,6.126696503026682,10.0,3.0,4.0,2.0,20.0
279.0,add,5.533907992486726,173.0,8.0,5.84951122251764,10.0,2.0,1.0,0.0,5.0
280.0,add,5.609997011814461,174.0,22.0,5.873237956135243,10.0,3.0,4.0,1.0,14.0
281.0,delete,6.3560782415611845,175.0,40.0,6.356078241561188,6.0,3.0,1.0,2.0,19.0
282.0,add,6.356154263480236,175.0,40.0,6.356078241561188,6.0,3.0,1.0,2.0,20.0
283.0,delete,6.356154263480236,175.0,40.0,6.356078241561188,6.0,3.0,1.0,2.0,18.0
284.0,swap,6.356078241561189,175.0,40.0,6.356078241561188,6.0,4.0,1.0,2.0,18.0
285.0,delete,6.667299652953425,176.0,37.0,6.377661987527973,6.0,3.0,3.0,2.0,19.0
286.0,delete,5.916582002239168,177.0,32.0,6.199322157035773,9.0,3.0,4.0,2.0,20.0
287.0,delete,6.17543542116558,178.0,39.0,6.356108650328807,6.0,2.0,2.0,2.0,19.0
288.0,add,5.533907992486726,179.0,9.0,5.871727142850534,10.0,3.0,1.0,0.0,5.0
289.0,add,5.858762847262489,180.0,23.0,5.906637840941765,10.0,2.0,4.0,2.0,15.0
290.0,add,6.356154263480236,181.0,41.0,6.356154263480236,6.0,3.0,1.0,2.0,20.0
291.0,delete,6.356154263480236,181.0,41.0,6.356154263480236,6.0,3.0,1.0,2.0,19.0
292.0,swap,6.356154263480236,181.0,41.0,6.356154263480236,6.0,3.0,1.0,2.0,20.0
293.0,delete,6.460724973758115,182.0,38.0,6.323591475973331,6.0,3.0,3.0,2.0,18.0
294.0,delete,5.690332883847333,183.0,33.0,6.286254204425677,8.0,3.0,4.0,2.0,20.0
295.0,add,6.497460911185899,184.0,40.0,6.356154263480236,6.0,3.0,1.0,2.0,20.0
296.0,delete,6.356154263480236,185.0,42.0,6.356154263480236,6.0,3.0,1.0,2.0,19.0
297.0,delete,6.356154263480236,185.0,42.0,6.356154263480236,6.0,3.0,1.0,2.0,18.0
298.0,swap,6.356078241561185,185.0,42.0,6.356154263480236,6.0,4.0,1.0,2.0,18.0
299.0,add,5.525014100445409,186.0,10.0,5.900582228964743,10.0,2.0,1.0,1.0,6.0
300.0,add,5.928225614638464,187.0,24.0,5.942528784031978,10.0,2.0,4.0,2.0,16.0
301.0,delete,6.175499070110603,188.0,39.0,6.353099164842915,6.0,3.0,2.0,2.0,18.0
302.0,delete,6.049272460087478,189.0,34.0,6.326273628539551,7.0,3.0,4.0,2.0,20.0
303.0,delete,6.356078241561188,190.0,41.0,6.3561352580004735,6.0,3.0,1.0,2.0,19.0
304.0,delete,6.356071893121503,191.0,43.0,6.356154263480236,6.0,3.0,1.0,2.0,18.0
305.0,add,6.372283851991768,191.0,43.0,6.356154263480236,6.0,4.0,1.0,2.0,18.0
306.0,delete,6.359145494123103,191.0,43.0,6.356154263480236,5.0,3.0,1.0,2.0,18.0
307.0,swap,6.356154263480237,191.0,43.0,6.356154263480236,6.0,3.0,1.0,2.0,18.0
308.0,add,5.533907992486726,192.0,11.0,5.920944590423879,10.0,2.0,1.0,0.0,8.0
309.0,add,5.92818096776081,193.0,25.0,5.973830098574981,10.0,2.0,4.0,2.0,17.0
310.0,delete,6.326284298239566,194.0,35.0,6.340073233512359,7.0,2.0,3.0,2.0,21.0
311.0,add,6.356078241561188,195.0,40.0,6.368476805992791,6.0,3.0,1.0,3.0,19.0
312.0,delete,6.356078241561188,196.0,42.0,6.3599619532393685,6.0,3.0,1.0,2.0,18.0
313.0,add,6.372283851991768,197.0,44.0,6.372283851991768,6.0,4.0,1.0,2.0,18.0
314.0,add,6.372283851991768,197.0,44.0,6.372283851991768,6.0,4.0,1.0,2.0,19.0
315.0,delete,6.375296738487818,197.0,44.0,6.372283851991768,5.0,4.0,1.0,2.0,18.0
316.0,swap,6.372283851991771,197.0,44.0,6.372283851991768,6.0,4.0,1.0,3.0,17.0
317.0,add,5.533839987842662,198.0,12.0,5.949454368611264,10.0,2.0,1.0,1.0,8.0
318.0,add,6.017884460998062,199.0,26.0,6.016386824133496,10.0,2.0,5.0,2.0,17.0
319.0,delete,6.667299652953425,200.0,36.0,6.353854362474619,6.0,3.0,3.0,2.0,20.0
320.0,delete,6.658725445622969,201.0,41.0,6.362321522307428,5.0,3.0,1.0,2.0,20.0
321.0,add,6.356154263480235,202.0,43.0,6.372886429290979,6.0,3.0,1.0,3.0,18.0
322.0,delete,6.356119189974436,203.0,42.0,6.3640173241546725,6.0,3.0,1.0,2.0,18.0
323.0,add,6.372283851991769,204.0,45.0,6.372283851991768,6.0,4.0,1.0,2.0,19.0
324.0,delete,6.356154263480236,204.0,45.0,6.372283851991768,6.0,3.0,1.0,2.0,19.0
325.0,swap,6.372283851991772,204.0,45.0,6.372283851991768,6.0,4.0,1.0,3.0,18.0
326.0,add,5.722264505268941,205.0,13.0,5.976591828633336,10.0,2.0,2.0,1.0,8.0
327.0,add,5.5887994703797546,206.0,27.0,6.069221087705225,10.0,2.0,4.0,2.0,19.0
328.0,delete,6.636794886671605,207.0,37.0,6.378015483278156,6.0,3.0,3.0,2.0,19.0
329.0,add,6.497183341691005,208.0,44.0,6.368251454863886,6.0,4.0,1.0,2.0,19.0
330.0,delete,6.356154263480236,209.0,46.0,6.356154263480236,6.0,3.0,1.0,2.0,19.0
331.0,delete,6.3561542634802315,209.0,46.0,6.356154263480236,5.0,3.0,1.0,2.0,19.0
332.0,swap,6.1370915789239895,209.0,46.0,6.356154263480236,6.0,3.0,2.0,2.0,18.0
333.0,add,5.722264505268941,210.0,14.0,5.991721855141154,10.0,2.0,2.0,1.0,9.0
334.0,add,5.592874783491596,211.0,28.0,6.115406247074873,10.0,3.0,4.0,2.0,19.0
335.0,delete,6.5071542605373365,212.0,38.0,6.355777593680244,5.0,3.0,3.0,2.0,19.0
336.0,add,6.356709791749091,213.0,43.0,6.359068601921106,6.0,3.0,1.0,3.0,18.0
337.0,delete,6.372211915097727,214.0,45.0,6.301388592341174,6.0,4.0,1.0,1.0,19.0
338.0,delete,6.356206970663922,215.0,47.0,6.3561542634802315,5.0,3.0,1.0,2.0,19.0
339.0,delete,6.757093620280762,215.0,47.0,6.3561542634802315,5.0,3.0,1.0,2.0,18.0
340.0,swap,6.35611918997444,215.0,47.0,6.3561542634802315,5.0,4.0,1.0,2.0,18.0
341.0,delete,6.175435421165579,216.0,39.0,6.369661813420364,6.0,3.0,2.0,2.0,18.0
342.0,add,6.169109019058796,217.0,15.0,6.002204021922321,10.0,2.0,3.0,1.0,9.0
343.0,add,5.693128905726543,218.0,29.0,6.167575297446546,10.0,3.0,4.0,2.0,20.0
344.0,add,6.596157255095315,219.0,44.0,6.388435080253988,6.0,4.0,2.0,2.0,18.0
345.0,delete,5.666485479719965,220.0,46.0,6.456393511099839,5.0,3.0,1.0,2.0,19.0
346.0,delete,6.757093620280762,221.0,48.0,6.757093620280762,5.0,3.0,1.0,2.0,18.0
347.0,delete,6.757093620280762,221.0,48.0,6.757093620280762,5.0,3.0,1.0,2.0,17.0
348.0,swap,6.765269800682042,221.0,48.0,6.757093620280762,5.0,3.0,1.0,3.0,17.0
349.0,add,6.356078241561188,222.0,40.0,6.398801252139318,6.0,3.0,1.0,2.0,20.0
350.0,delete,6.372283851991772,223.0,45.0,6.41609404886209,6.0,3.0,1.0,2.0,19.0
351.0,add,6.169109019058796,224.0,16.0,6.016748063434788,10.0,2.0,3.0,1.0,10.0
352.0,add,5.69322948577196,225.0,30.0,6.223752064742284,10.0,3.0,4.0,3.0,20.0
353.0,delete,6.356365211064407,226.0,47.0,6.759137665381082,5.0,3.0,1.0,2.0,18.0
354.0,delete,6.7636816774937,227.0,49.0,6.757093620280762,5.0,3.0,1.0,2.0,17.0
355.0,add,6.762035017710085,227.0,49.0,6.757093620280762,5.0,3.0,1.0,3.0,17.0
356.0,delete,6.757093620280762,227.0,49.0,6.757093620280762,5.0,3.0,1.0,2.0,16.0
357.0,swap,6.212956300516212,227.0,49.0,6.757093620280762,4.0,3.0,2.0,2.0,17.0
358.0,delete,6.35611918997444,228.0,41.0,6.421391564232563,6.0,2.0,1.0,2.0,20.0
359.0,delete,5.547296096989225,229.0,31.0,6.280490719230758,9.0,3.0,4.0,2.0,21.0
360.0,add,6.169175120019015,230.0,17.0,6.023829379572661,10.0,3.0,3.0,1.0,10.0
361.0,delete,6.356154263480236,231.0,46.0,6.509511414802158,6.0,2.0,1.0,2.0,19.0
362.0,delete,6.757093620280762,232.0,48.0,6.650572047256304,5.0,3.0,1.0,2.0,17.0
363.0,add,6.777888014519077,233.0,50.0,6.762035017710085,5.0,3.0,1.0,3.0,17.0
364.0,delete,6.6476360529197525,233.0,50.0,6.762035017710085,5.0,3.0,1.0,3.0,16.0
365.0,swap,6.999430948073059,233.0,50.0,6.762035017710085,4.0,3.0,2.0,3.0,17.0
366.0,delete,6.356154263480237,234.0,42.0,6.457766875321741,6.0,2.0,1.0,2.0,19.0
367.0,delete,6.028929153855873,235.0,32.0,6.329239649985,9.0,3.0,4.0,2.0,20.0
368.0,delete,6.356078241561183,236.0,47.0,6.697748548029395,5.0,3.0,1.0,1.0,19.0
369.0,add,6.286644223767587,237.0,18.0,6.036896806831802,10.0,2.0,4.0,1.0,11.0
370.0,add,6.730985910564413,238.0,49.0,6.796747508305493,5.0,3.0,1.0,2.0,18.0
371.0,delete,6.683900252309639,239.0,51.0,6.6476360529197525,5.0,3.0,1.0,3.0,16.0
372.0,delete,6.647605393323961,239.0,51.0,6.6476360529197525,5.0,3.0,1.0,3.0,15.0
373.0,swap,5.658690412145457,239.0,51.0,6.6476360529197525,5.0,3.0,1.0,3.0,16.0
374.0,add,5.833543431370529,240.0,43.0,6.467902868641888,6.0,3.0,1.0,2.0,19.0
375.0,delete,5.690332883847333,241.0,33.0,6.365317574513212,8.0,3.0,4.0,2.0,20.0
376.0,delete,6.961763985037371,242.0,48.0,6.62739160310905,4.0,3.0,1.0,2.0,18.0
377.0,delete,6.762035017710085,243.0,50.0,6.409458027674702,5.0,2.0,1.0,3.0,17.0
378.0,add,5.797466334372826,244.0,19.0,6.048786001333919,10.0,2.0,4.0,1.0,12.0
379.0,delete,6.647741334786083,245.0,52.0,6.647605393323961,5.0,3.0,1.0,3.0,15.0
380.0,delete,6.647605393323961,245.0,52.0,6.647605393323961,5.0,3.0,1.0,3.0,14.0
381.0,swap,6.7356509435819385,245.0,52.0,6.647605393323961,5.0,3.0,2.0,3.0,14.0
382.0,add,6.524642477736939,246.0,49.0,6.641767057580626,5.0,4.0,1.0,2.0,17.0
383.0,delete,6.2376889333011984,247.0,34.0,6.408538329993135,7.0,3.0,4.0,2.0,20.0
384.0,add,6.372283851991768,248.0,44.0,6.52109329947481,6.0,4.0,1.0,2.0,19.0
385.0,delete,6.650604446476094,249.0,51.0,6.6696507662539855,4.0,3.0,1.0,3.0,16.0
386.0,delete,6.647605393323963,250.0,53.0,6.647605393323961,5.0,3.0,1.0,3.0,14.0
387.0,delete,6.6476360529197525,250.0,53.0,6.647605393323961,5.0,3.0,1.0,3.0,13.0
388.0,swap,6.801128466257995,250.0,53.0,6.647605393323961,4.0,3.0,2.0,3.0,14.0
389.0,add,5.813109880646777,251.0,20.0,6.084956066619916,10.0,2.0,4.0,1.0,13.0
390.0,delete,6.7622322055667645,252.0,50.0,6.598153263256556,5.0,3.0,1.0,2.0,17.0
391.0,delete,6.326198271604903,253.0,35.0,6.4337409653471616,7.0,2.0,3.0,2.0,21.0
392.0,delete,6.372283851991768,254.0,45.0,6.5544013613153975,6.0,4.0,1.0,2.0,18.0
393.0,delete,6.766576243131721,255.0,52.0,6.685993826456419,5.0,3.0,1.0,3.0,14.0
394.0,delete,6.646803835895524,256.0,54.0,6.6476360529197525,5.0,3.0,1.0,3.0,13.0
395.0,add,6.6476360529197525,256.0,54.0,6.6476360529197525,5.0,3.0,1.0,3.0,14.0
396.0,delete,6.647605393323961,256.0,54.0,6.6476360529197525,5.0,3.0,1.0,3.0,12.0
397.0,swap,6.198521112688662,256.0,54.0,6.6476360529197525,5.0,3.0,1.0,3.0,13.0
398.0,add,5.808421654950915,257.0,1.0,5.950432353996516,10.0,0.0,0.0,0.0,1.0
399.0,add,5.813088330285911,258.0,21.0,6.112626741212742,10.0,2.0,4.0,1.0,14.0
400.0,delete,6.223091448211538,259.0,36.0,6.449820924230782,6.0,2.0,3.0,2.0,21.0
401.0,delete,6.618920221414063,260.0,46.0,6.588074355289387,5.0,3.0,1.0,2.0,19.0
402.0,delete,6.406848959498307,261.0,51.0,6.640978466304105,5.0,3.0,0.0,3.0,16.0
403.0,delete,6.647605393323961,262.0,53.0,6.55764048954953,5.0,3.0,1.0,3.0,13.0
404.0,add,6.648375081900492,263.0,55.0,6.6476360529197525,5.0,3.0,1.0,3.0,14.0
405.0,add,6.6476360529197525,263.0,55.0,6.6476360529197525,5.0,3.0,1.0,4.0,14.0
406.0,delete,6.768415766518729,263.0,55.0,6.6476360529197525,5.0,3.0,1.0,3.0,13.0
407.0,swap,6.696180775524127,263.0,55.0,6.6476360529197525,5.0,2.0,2.0,3.0,14.0
408.0,add,5.808421654950915,264.0,2.0,5.965426967375321,10.0,0.0,0.0,0.0,2.0
409.0,add,5.813038052878729,265.0,22.0,6.142225364118516,10.0,2.0,4.0,1.0,15.0
410.0,delete,6.223091448211537,266.0,37.0,6.471079187558873,6.0,3.0,3.0,2.0,19.0
411.0,delete,6.008386598037002,267.0,47.0,6.641471042966319,5.0,3.0,0.0,2.0,19.0
412.0,delete,6.6476360529197525,268.0,52.0,6.6470950724265965,5.0,3.0,1.0,3.0,14.0
413.0,add,6.549677190930154,269.0,54.0,6.68164874595657,5.0,3.0,2.0,3.0,13.0
414.0,delete,6.990123744546733,270.0,53.0,6.613281155351351,5.0,3.0,1.0,3.0,13.0
415.0,add,5.5106076500248005,271.0,3.0,5.976987311163997,10.0,0.0,1.0,0.0,2.0
416.0,add,6.648985810332386,272.0,56.0,6.6476360529197525,5.0,3.0,1.0,4.0,14.0
417.0,add,6.333633097816466,272.0,56.0,6.6476360529197525,5.0,4.0,1.0,4.0,14.0
418.0,delete,6.768415766518727,272.0,56.0,6.6476360529197525,5.0,3.0,1.0,4.0,13.0
419.0,swap,6.318085837436602,272.0,56.0,6.6476360529197525,5.0,3.0,1.0,4.0,14.0
420.0,add,5.85883635104965,273.0,23.0,6.169685361052347,10.0,3.0,4.0,2.0,14.0
421.0,delete,6.46076903925527,274.0,38.0,6.4717637239586665,6.0,3.0,3.0,1.0,19.0
422.0,delete,6.757093620280762,275.0,48.0,6.641035683935344,5.0,3.0,1.0,2.0,17.0
423.0,add,6.198322754070629,276.0,55.0,6.543351313004786,5.0,3.0,1.0,3.0,15.0
424.0,add,6.648036545413947,277.0,54.0,6.565942198807983,5.0,4.0,1.0,3.0,13.0
425.0,add,5.5106076500248005,278.0,4.0,5.995660090189226,10.0,0.0,1.0,0.0,3.0
426.0,delete,6.253172989973679,279.0,39.0,6.480279578203203,5.0,3.0,2.0,2.0,19.0
427.0,add,5.928225614638464,280.0,24.0,6.187107106942071,10.0,2.0,4.0,2.0,16.0
428.0,add,6.318780663872384,281.0,57.0,6.333633097816466,5.0,4.0,1.0,4.0,14.0
429.0,add,6.385573274343249,281.0,57.0,6.333633097816466,5.0,4.0,2.0,4.0,14.0
430.0,delete,6.3386960000052515,281.0,57.0,6.333633097816466,5.0,4.0,1.0,4.0,13.0
431.0,swap,6.332090307757121,281.0,57.0,6.333633097816466,4.0,4.0,1.0,5.0,14.0
432.0,add,6.755084427172425,282.0,49.0,6.59369798682994,5.0,3.0,2.0,2.0,17.0
433.0,add,6.651028115078352,283.0,56.0,6.3417546687588935,5.0,3.0,1.0,5.0,14.0
434.0,add,6.647618137913205,284.0,55.0,6.449204334559173,5.0,4.0,1.0,3.0,14.0
435.0,add,5.508393235992781,285.0,5.0,6.016270430924707,10.0,0.0,1.0,1.0,3.0
436.0,add,6.756229479701893,286.0,40.0,6.494770872571206,6.0,3.0,1.0,2.0,20.0
437.0,add,5.733159251400935,287.0,25.0,6.212750593994417,10.0,2.0,4.0,2.0,17.0
438.0,delete,6.766269844848271,288.0,50.0,6.5753584443909086,4.0,3.0,1.0,3.0,17.0
439.0,add,6.408156680538362,289.0,58.0,6.385573274343249,5.0,4.0,2.0,4.0,14.0
440.0,add,6.385573274343249,289.0,58.0,6.385573274343249,5.0,5.0,2.0,4.0,14.0
441.0,delete,6.385573274343249,289.0,58.0,6.385573274343249,5.0,4.0,2.0,4.0,13.0
442.0,swap,6.386130200190601,289.0,58.0,6.385573274343249,5.0,3.0,2.0,4.0,15.0
443.0,add,5.9462028626216075,290.0,57.0,6.390201340751742,5.0,4.0,1.0,4.0,15.0
444.0,delete,6.756291038156595,291.0,41.0,6.494769166219602,6.0,3.0,1.0,2.0,19.0
445.0,add,5.5106076500248005,292.0,6.0,6.036383668427031,10.0,0.0,1.0,0.0,5.0
446.0,delete,6.647613838758902,293.0,51.0,6.549644145708481,5.0,2.0,1.0,3.0,16.0
447.0,add,5.724281286855909,294.0,26.0,6.23914751188367,10.0,2.0,4.0,2.0,18.0
448.0,add,6.624044570104632,295.0,56.0,6.351948886446354,5.0,3.0,2.0,4.0,14.0
449.0,add,6.3119230705619165,296.0,59.0,6.385573274343249,5.0,5.0,2.0,4.0,14.0
450.0,add,6.501548144552718,296.0,59.0,6.385573274343249,5.0,5.0,2.0,4.0,15.0
451.0,delete,6.385596126376149,296.0,59.0,6.385573274343249,5.0,5.0,2.0,4.0,13.0
452.0,swap,6.6636090934735766,296.0,59.0,6.385573274343249,4.0,5.0,3.0,4.0,14.0
453.0,delete,5.9706761323658455,297.0,42.0,6.501583138750461,6.0,3.0,1.0,2.0,18.0
454.0,delete,6.766576243131721,298.0,52.0,6.534215169488036,5.0,3.0,1.0,3.0,14.0
455.0,add,5.880603710910315,299.0,7.0,6.055758576651615,10.0,1.0,1.0,0.0,5.0
456.0,add,6.385694831637382,300.0,58.0,6.449649941861521,5.0,4.0,3.0,4.0,14.0
457.0,add,5.725262926515144,301.0,27.0,6.266939692459236,10.0,2.0,4.0,2.0,19.0
458.0,add,6.343746193655245,302.0,57.0,6.3768709848165495,5.0,4.0,1.0,4.0,15.0
459.0,add,6.501548144552715,303.0,60.0,6.501548144552718,5.0,5.0,2.0,4.0,15.0
460.0,add,6.504951816165408,303.0,60.0,6.501548144552718,5.0,5.0,3.0,4.0,15.0
461.0,delete,6.501929214591174,303.0,60.0,6.501548144552718,5.0,5.0,2.0,4.0,14.0
462.0,swap,6.50154814455272,303.0,60.0,6.501548144552718,5.0,6.0,2.0,4.0,14.0
463.0,add,6.356154263480236,304.0,43.0,6.511486246388358,6.0,3.0,1.0,2.0,19.0
464.0,delete,6.31823328828459,305.0,53.0,6.501581460155767,5.0,3.0,1.0,3.0,13.0
465.0,add,5.895830964483361,306.0,8.0,6.073439039242461,10.0,1.0,1.0,0.0,6.0
466.0,add,6.385560997683531,307.0,59.0,6.502305092882947,5.0,6.0,2.0,4.0,14.0
467.0,add,5.597807184270575,308.0,28.0,6.2969113669388275,10.0,3.0,4.0,3.0,18.0
468.0,add,6.385573274343249,309.0,58.0,6.45722571440823,5.0,4.0,2.0,4.0,15.0
469.0,add,6.504951816165409,310.0,61.0,6.504951816165408,5.0,5.0,3.0,4.0,15.0
470.0,add,6.5967034096854755,310.0,61.0,6.504951816165408,5.0,6.0,3.0,4.0,15.0
471.0,delete,6.155760736135282,310.0,61.0,6.504951816165408,4.0,5.0,3.0,4.0,15.0
472.0,swap,6.408605266882217,310.0,61.0,6.504951816165408,5.0,5.0,3.0,5.0,14.0
473.0,add,6.3755153921126775,311.0,44.0,6.51851402097774,6.0,4.0,1.0,3.0,18.0
474.0,add,6.6526178034693455,312.0,54.0,6.468052959360679,5.0,3.0,1.0,3.0,14.0
475.0,add,5.533907992486726,313.0,9.0,6.0899520563957585,10.0,2.0,1.0,0.0,6.0
476.0,add,6.502599687242356,314.0,60.0,6.434194609006758,5.0,5.0,2.0,4.0,16.0
477.0,add,5.693370086134985,315.0,29.0,6.326956995775208,10.0,3.0,4.0,2.0,20.0
478.0,add,6.491314902363694,316.0,59.0,6.460518852564456,5.0,5.0,3.0,4.0,14.0
479.0,add,6.5967034096854755,317.0,62.0,6.5967034096854755,5.0,6.0,3.0,4.0,15.0
480.0,add,6.5967034096854755,317.0,62.0,6.5967034096854755,5.0,6.0,3.0,4.0,16.0
481.0,delete,6.296067171860216,317.0,62.0,6.5967034096854755,5.0,6.0,3.0,4.0,14.0
482.0,swap,6.555026818979724,317.0,62.0,6.5967034096854755,5.0,6.0,3.0,4.0,15.0
483.0,delete,6.372283851991767,318.0,45.0,6.524242595517109,6.0,4.0,1.0,1.0,19.0
484.0,add,6.6476360529197525,319.0,55.0,6.445055309025923,5.0,3.0,1.0,4.0,14.0
485.0,add,5.533907992486726,320.0,10.0,6.109162792043929,10.0,2.0,1.0,0.0,7.0
486.0,add,6.51227999643769,321.0,61.0,6.528240843979273,5.0,5.0,3.0,5.0,15.0
487.0,add,5.693212345374842,322.0,30.0,6.3588937018628275,10.0,3.0,4.0,2.0,21.0
488.0,add,6.527197206729023,323.0,60.0,6.475486685356793,5.0,6.0,2.0,4.0,15.0
489.0,add,6.442224323567567,324.0,63.0,6.5967034096854755,5.0,6.0,3.0,4.0,16.0
490.0,delete,6.5967034096854755,324.0,63.0,6.5967034096854755,5.0,6.0,3.0,4.0,15.0
491.0,swap,6.597351081934044,324.0,63.0,6.5967034096854755,5.0,6.0,3.0,3.0,17.0
492.0,delete,6.756291038156595,325.0,46.0,6.537419414413301,6.0,3.0,1.0,2.0,18.0
493.0,add,6.4289331824484,326.0,56.0,6.442279590261524,5.0,4.0,1.0,4.0,14.0
494.0,add,6.598248873238161,327.0,62.0,6.55824555621814,5.0,6.0,3.0,5.0,15.0
495.0,add,5.879513025315877,328.0,11.0,6.127160162382824,10.0,2.0,1.0,0.0,8.0
496.0,delete,5.602350367464951,329.0,31.0,6.390822726959894,9.0,3.0,4.0,2.0,21.0
497.0,delete,6.637866237357328,330.0,64.0,6.5967034096854755,5.0,6.0,3.0,4.0,15.0
498.0,delete,6.596062889276661,330.0,64.0,6.5967034096854755,5.0,6.0,3.0,3.0,15.0
499.0,swap,6.601375414459545,330.0,64.0,6.5967034096854755,5.0,5.0,3.0,4.0,16.0
500.0,delete,6.358988359006147,331.0,47.0,6.553986724437425,5.0,3.0,1.0,2.0,18.0
501.0,add,6.504951816165408,332.0,61.0,6.555639726604064,5.0,5.0,3.0,4.0,16.0
502.0,delete,6.593461529694486,333.0,63.0,6.608001987694752,5.0,6.0,3.0,4.0,15.0
503.0,add,5.802444560558446,334.0,57.0,6.4662204621988915,5.0,4.0,1.0,4.0,15.0
504.0,delete,5.91643939223293,335.0,32.0,6.412439028285633,9.0,3.0,4.0,2.0,20.0
505.0,add,5.533839987842662,336.0,12.0,6.144410479478547,10.0,2.0,1.0,1.0,8.0
506.0,delete,6.596062889276662,337.0,65.0,6.596062889276661,5.0,6.0,3.0,3.0,15.0
507.0,delete,6.297370773400802,337.0,65.0,6.596062889276661,5.0,6.0,3.0,3.0,14.0
508.0,swap,6.596062889276654,337.0,65.0,6.596062889276661,5.0,6.0,3.0,4.0,14.0
509.0,delete,6.520843979616768,338.0,48.0,6.548006992736114,5.0,3.0,0.0,2.0,18.0
510.0,add,6.538224873353404,339.0,62.0,6.562457810071071,5.0,6.0,4.0,4.0,15.0
511.0,delete,6.5967034096854755,340.0,64.0,6.5213898603076945,5.0,6.0,3.0,4.0,14.0
512.0,delete,6.2522450811670645,341.0,66.0,6.297370773400802,5.0,6.0,3.0,3.0,14.0
513.0,delete,6.297391669175694,341.0,66.0,6.297370773400802,5.0,6.0,3.0,3.0,13.0
514.0,swap,6.606763351269865,341.0,66.0,6.297370773400802,5.0,7.0,3.0,3.0,13.0
515.0,add,5.722264505268941,342.0,13.0,6.163424767805913,10.0,2.0,2.0,1.0,8.0
516.0,delete,5.59537788410525,343.0,33.0,6.436591835537474,7.0,3.0,4.0,2.0,21.0
517.0,add,6.008203532209152,344.0,58.0,6.4904400116261005,5.0,4.0,2.0,4.0,15.0
518.0,delete,6.5898462303860015,345.0,63.0,6.522339128643808,5.0,6.0,3.0,4.0,15.0
519.0,add,6.762085169914404,346.0,49.0,6.527640342766274,5.0,3.0,1.0,2.0,18.0
520.0,delete,6.6269966816893175,347.0,65.0,6.363442718753356,4.0,6.0,3.0,3.0,15.0
521.0,delete,6.298226740055857,348.0,67.0,6.297391669175694,5.0,6.0,3.0,3.0,13.0
522.0,add,6.297395245375973,348.0,67.0,6.297391669175694,5.0,6.0,3.0,4.0,13.0
523.0,delete,6.187837493924688,348.0,67.0,6.297391669175694,5.0,5.0,3.0,3.0,13.0
524.0,swap,6.373748061077321,348.0,67.0,6.297391669175694,5.0,5.0,4.0,3.0,13.0
525.0,add,5.722264505268941,349.0,14.0,6.175460179368888,10.0,2.0,2.0,1.0,9.0
526.0,delete,6.665222634237373,350.0,34.0,6.45109180024726,7.0,3.0,4.0,2.0,20.0
527.0,add,6.385573274343249,351.0,59.0,6.486929786791312,5.0,5.0,2.0,4.0,15.0
528.0,delete,6.762035017710084,352.0,50.0,6.504304173165201,5.0,3.0,1.0,2.0,17.0
529.0,delete,6.5967034096854755,353.0,64.0,6.432528244204002,5.0,6.0,3.0,4.0,14.0
530.0,delete,6.6067633512698665,354.0,66.0,6.290919841921907,5.0,6.0,3.0,3.0,13.0
531.0,delete,6.22018105393871,355.0,35.0,6.461165818518396,6.0,3.0,3.0,2.0,21.0
532.0,add,6.297395245375971,356.0,68.0,6.297395245375973,5.0,6.0,3.0,4.0,13.0
533.0,add,6.519955475863755,356.0,68.0,6.297395245375973,5.0,6.0,4.0,4.0,13.0
534.0,delete,6.354414316666614,356.0,68.0,6.297395245375973,4.0,6.0,3.0,4.0,13.0
535.0,swap,6.297395245375972,356.0,68.0,6.297395245375973,5.0,6.0,3.0,5.0,12.0
536.0,add,6.169109019058796,357.0,15.0,6.18707767195274,10.0,2.0,3.0,1.0,9.0
537.0,delete,6.6476360529197525,358.0,51.0,6.498342048250861,5.0,3.0,1.0,3.0,15.0
538.0,add,6.424668911588669,359.0,60.0,6.481787774497194,5.0,5.0,2.0,4.0,16.0
539.0,delete,6.596062889276661,360.0,65.0,6.379564195120627,5.0,5.0,3.0,3.0,15.0
540.0,delete,6.223091448211537,361.0,36.0,6.466642730582138,6.0,3.0,3.0,2.0,20.0
541.0,add,6.297434543259424,362.0,67.0,6.353311105731658,5.0,6.0,4.0,3.0,13.0
542.0,delete,6.297370773400802,363.0,66.0,6.347996126129194,5.0,6.0,3.0,3.0,13.0
543.0,add,6.519955475863754,364.0,69.0,6.519955475863755,5.0,6.0,4.0,4.0,13.0
544.0,add,6.446011101518246,364.0,69.0,6.519955475863755,5.0,6.0,4.0,4.0,14.0
545.0,delete,6.519955475863755,364.0,69.0,6.519955475863755,5.0,6.0,4.0,3.0,13.0
546.0,swap,6.8542887084135,364.0,69.0,6.519955475863755,4.0,6.0,5.0,4.0,13.0
547.0,add,6.1711194477924876,365.0,16.0,6.198771653718905,10.0,2.0,3.0,2.0,9.0
548.0,delete,6.647585431269833,366.0,52.0,6.49087088350334,5.0,2.0,1.0,3.0,15.0
549.0,delete,6.223091448211545,367.0,37.0,6.473955580382618,6.0,3.0,3.0,2.0,19.0
550.0,add,6.504501946008683,368.0,61.0,6.492388361730032,5.0,5.0,3.0,5.0,15.0
551.0,add,6.20692690998456,369.0,68.0,6.572033247504602,5.0,6.0,3.0,4.0,14.0
552.0,add,6.297363155448367,370.0,67.0,6.419193431232866,5.0,6.0,3.0,3.0,14.0
553.0,add,6.466116110976731,371.0,70.0,6.446011101518246,5.0,6.0,4.0,4.0,14.0
554.0,add,6.34763791584246,371.0,70.0,6.446011101518246,5.0,6.0,4.0,4.0,15.0
555.0,delete,6.439126485000016,371.0,70.0,6.446011101518246,5.0,6.0,4.0,4.0,13.0
556.0,swap,6.2460931136847595,371.0,70.0,6.446011101518246,5.0,6.0,4.0,5.0,13.0
557.0,add,6.169109019058797,372.0,17.0,6.204533574101365,10.0,2.0,3.0,1.0,11.0
558.0,delete,6.460769039255269,373.0,38.0,6.469440462566228,5.0,3.0,3.0,2.0,19.0
559.0,delete,6.647585431269833,374.0,53.0,6.469344854563845,5.0,2.0,1.0,3.0,14.0
560.0,add,6.5967034096854755,375.0,62.0,6.467186720494864,5.0,6.0,3.0,4.0,16.0
561.0,add,6.519955475863755,376.0,69.0,6.3889969454044415,5.0,6.0,4.0,4.0,14.0
562.0,add,6.391824454698126,377.0,68.0,6.462365658988663,5.0,6.0,3.0,4.0,14.0
563.0,delete,6.606825875051434,378.0,63.0,6.455406913578653,4.0,6.0,3.0,4.0,16.0
564.0,add,6.1703024904333965,379.0,54.0,6.463725393367837,5.0,3.0,1.0,3.0,14.0
565.0,add,6.591516018271224,380.0,18.0,6.210006660818228,10.0,2.0,5.0,1.0,10.0
566.0,add,6.347637915842459,381.0,71.0,6.34763791584246,5.0,6.0,4.0,4.0,15.0
567.0,add,6.348352983950223,381.0,71.0,6.34763791584246,5.0,6.0,5.0,4.0,15.0
568.0,delete,6.621249128841215,381.0,71.0,6.34763791584246,5.0,6.0,4.0,3.0,15.0
569.0,swap,6.797172730053744,381.0,71.0,6.34763791584246,5.0,6.0,5.0,3.0,15.0
570.0,delete,6.478430745854737,382.0,39.0,6.474179598557181,5.0,3.0,2.0,2.0,19.0
571.0,add,6.530422523239955,383.0,70.0,6.492410134906021,5.0,6.0,4.0,4.0,15.0
572.0,delete,6.596703409685476,384.0,64.0,6.445806463843903,5.0,5.0,3.0,4.0,15.0
573.0,add,6.527470451026966,385.0,69.0,6.46452504407396,5.0,7.0,4.0,4.0,13.0
574.0,add,6.618092330001637,386.0,55.0,6.455471176955715,5.0,4.0,1.0,3.0,14.0
575.0,add,5.797066389999197,387.0,19.0,6.2205774453777,10.0,2.0,4.0,1.0,12.0
576.0,add,6.3437194940919905,388.0,72.0,6.348352983950223,5.0,6.0,5.0,4.0,15.0
577.0,delete,6.736307033372606,388.0,72.0,6.348352983950223,5.0,6.0,5.0,4.0,14.0
578.0,swap,6.301216910593044,388.0,72.0,6.348352983950223,5.0,5.0,5.0,5.0,15.0
579.0,add,5.690887829507485,389.0,40.0,6.483087838649727,6.0,3.0,1.0,2.0,20.0
580.0,add,6.34807420624651,390.0,71.0,6.432399105501966,5.0,6.0,4.0,4.0,16.0
581.0,delete,6.596004908200484,391.0,65.0,6.427221658924166,5.0,6.0,3.0,3.0,14.0
582.0,delete,6.736072209313436,392.0,73.0,6.736307033372606,5.0,6.0,5.0,4.0,14.0
583.0,delete,6.737340331030946,392.0,73.0,6.736307033372606,5.0,6.0,4.0,4.0,14.0
584.0,swap,6.8252448569203725,392.0,73.0,6.736307033372606,5.0,6.0,6.0,3.0,14.0
585.0,add,5.86137333975006,393.0,20.0,6.237155359514205,10.0,2.0,4.0,1.0,13.0
586.0,delete,6.356078241561188,394.0,41.0,6.488576635493467,6.0,3.0,1.0,2.0,19.0
587.0,add,6.99096044808074,395.0,56.0,6.458304267836324,5.0,3.0,1.0,4.0,15.0
588.0,add,6.794473554980003,396.0,70.0,6.540034479949152,5.0,6.0,4.0,4.0,15.0
589.0,delete,6.441809667683137,397.0,72.0,6.75874110765934,5.0,6.0,5.0,4.0,14.0
590.0,delete,6.55778526294599,398.0,66.0,6.456849911311965,5.0,6.0,3.0,2.0,14.0
591.0,delete,6.733360911948262,399.0,74.0,6.737340331030946,5.0,6.0,4.0,4.0,14.0
592.0,delete,6.728998550937256,399.0,74.0,6.737340331030946,5.0,6.0,4.0,4.0,13.0
593.0,swap,6.658667146877233,399.0,74.0,6.737340331030946,4.0,6.0,4.0,5.0,14.0
594.0,delete,6.658725445622969,400.0,42.0,6.496569415211296,5.0,3.0,1.0,2.0,19.0
595.0,add,5.918723124835733,401.0,21.0,6.256790876295166,10.0,2.0,4.0,1.0,14.0
596.0,add,6.333633097816466,402.0,57.0,6.471502242602259,5.0,4.0,1.0,4.0,15.0
597.0,add,6.34763791584246,403.0,71.0,6.578263691913752,5.0,6.0,4.0,4.0,16.0
598.0,delete,6.6837834528821265,404.0,73.0,6.714591735198425,5.0,6.0,4.0,4.0,14.0
599.0,delete,6.7137948639260525,405.0,75.0,6.728998550937256,5.0,6.0,4.0,4.0,13.0
600.0,add,6.712315661800698,405.0,75.0,6.728998550937256,5.0,6.0,5.0,4.0,13.0
601.0,delete,6.728998550937256,405.0,75.0,6.728998550937256,5.0,6.0,4.0,4.0,12.0
602.0,swap,6.709621856754377,405.0,75.0,6.728998550937256,4.0,6.0,4.0,5.0,13.0
603.0,add,6.2941425225619465,406.0,67.0,6.518404461051621,5.0,6.0,3.0,4.0,13.0
604.0,add,6.356119189974436,407.0,43.0,6.506183313253046,6.0,3.0,1.0,2.0,19.0
605.0,add,5.822811774598657,408.0,22.0,6.274101786296555,10.0,2.0,4.0,2.0,14.0
606.0,add,5.865230881990161,409.0,58.0,6.496330358077302,5.0,4.0,2.0,4.0,15.0
607.0,delete,6.348639266335736,410.0,72.0,6.703562699567982,5.0,6.0,5.0,4.0,14.0
608.0,delete,6.976251165241438,411.0,74.0,6.718745896871127,5.0,6.0,4.0,3.0,14.0
609.0,add,6.615979115124177,412.0,76.0,6.712315661800698,5.0,6.0,5.0,4.0,13.0
610.0,add,6.690983966509394,412.0,76.0,6.712315661800698,5.0,7.0,5.0,4.0,13.0
611.0,delete,6.684817240492279,412.0,76.0,6.712315661800698,4.0,6.0,5.0,4.0,13.0
612.0,swap,6.66220639312756,412.0,76.0,6.712315661800698,5.0,6.0,6.0,3.0,13.0
613.0,add,6.021537191476043,413.0,68.0,6.569296827607057,5.0,7.0,3.0,4.0,13.0
614.0,add,6.373561121979776,414.0,44.0,6.513056842111706,6.0,4.0,1.0,3.0,18.0
615.0,add,5.85878781474916,415.0,23.0,6.289468650015152,10.0,2.0,4.0,2.0,15.0
616.0,add,6.752994457568871,416.0,59.0,6.5107837025416355,5.0,5.0,2.0,4.0,15.0
617.0,delete,6.392570832390455,417.0,73.0,6.716937086256361,5.0,6.0,5.0,4.0,13.0
618.0,add,6.6753800023407965,418.0,75.0,6.673260475410823,5.0,6.0,5.0,4.0,13.0
619.0,delete,6.737194534325811,419.0,74.0,6.71812248792648,5.0,5.0,4.0,4.0,14.0
620.0,add,6.517561943637326,420.0,69.0,6.582120657124768,5.0,6.0,4.0,4.0,14.0
621.0,add,6.690983966509396,421.0,77.0,6.690983966509394,5.0,7.0,5.0,4.0,13.0
622.0,add,6.620942225287117,421.0,77.0,6.690983966509394,5.0,7.0,6.0,4.0,13.0
623.0,delete,6.708360445259375,421.0,77.0,6.690983966509394,5.0,7.0,4.0,4.0,13.0
624.0,swap,6.844947411079576,421.0,77.0,6.690983966509394,5.0,6.0,5.0,5.0,13.0
625.0,add,5.640803200556465,422.0,24.0,6.30723939315917,10.0,3.0,4.0,2.0,15.0
626.0,delete,6.372211915097726,423.0,45.0,6.52211624367332,6.0,4.0,1.0,2.0,18.0
627.0,add,6.459074057132111,424.0,60.0,6.5244549145382225,5.0,5.0,2.0,4.0,16.0
628.0,add,6.759766749389498,425.0,76.0,6.711243602928971,5.0,6.0,5.0,4.0,14.0
629.0,add,6.672973886167111,426.0,75.0,6.6969711979018065,5.0,6.0,4.0,4.0,14.0
630.0,add,6.374545091788643,427.0,70.0,6.624510450602245,5.0,6.0,4.0,4.0,15.0
631.0,add,6.623811746209378,428.0,78.0,6.620942225287117,5.0,7.0,6.0,4.0,13.0
632.0,add,6.112769380228116,428.0,78.0,6.620942225287117,5.0,7.0,6.0,4.0,14.0
633.0,delete,6.8223983006768405,428.0,78.0,6.620942225287117,5.0,7.0,5.0,4.0,13.0
634.0,swap,6.7749056698573025,428.0,78.0,6.620942225287117,5.0,6.0,6.0,4.0,14.0
635.0,add,5.726372753369356,429.0,25.0,6.323389105640763,10.0,3.0,4.0,2.0,16.0
636.0,delete,6.659141085971565,430.0,46.0,6.530133133354509,5.0,3.0,1.0,2.0,19.0
637.0,add,6.509127483305869,431.0,61.0,6.535255258066459,5.0,5.0,3.0,5.0,15.0
638.0,add,6.716516816559319,432.0,77.0,6.590965464451751,5.0,7.0,5.0,4.0,14.0
639.0,add,6.357540650422715,433.0,76.0,6.669671516142301,5.0,6.0,5.0,4.0,14.0
640.0,add,5.820771520699791,434.0,71.0,6.623724522272857,5.0,6.0,4.0,4.0,16.0
641.0,delete,6.356154263480239,435.0,47.0,6.5326005372991895,5.0,2.0,1.0,2.0,19.0
642.0,add,6.1134201329794955,436.0,79.0,6.112769380228116,5.0,7.0,6.0,4.0,14.0
643.0,add,6.064429065807624,436.0,79.0,6.112769380228116,5.0,7.0,6.0,4.0,15.0
644.0,delete,6.112769380228116,436.0,79.0,6.112769380228116,5.0,7.0,6.0,4.0,13.0
645.0,swap,6.1314393915265395,436.0,79.0,6.112769380228116,5.0,7.0,7.0,4.0,13.0
646.0,add,5.728890304172011,437.0,26.0,6.335449742311929,10.0,2.0,4.0,3.0,17.0
647.0,add,6.602562283087503,438.0,62.0,6.513416931749963,5.0,6.0,4.0,4.0,15.0
648.0,add,6.557609561053646,439.0,78.0,6.106965470153978,5.0,7.0,6.0,4.0,14.0
649.0,delete,6.004742365742437,440.0,72.0,6.605536471525963,5.0,6.0,4.0,4.0,15.0
650.0,delete,6.730985910564413,441.0,48.0,6.524318746315604,5.0,3.0,1.0,2.0,17.0
651.0,add,6.110968957596763,442.0,77.0,6.422819242764862,5.0,7.0,5.0,4.0,14.0
652.0,add,6.024416174165786,443.0,80.0,6.064429065807624,5.0,7.0,6.0,4.0,15.0
653.0,delete,6.039791262069207,443.0,80.0,6.064429065807624,5.0,7.0,5.0,4.0,15.0
654.0,swap,6.3113116613533675,443.0,80.0,6.064429065807624,5.0,7.0,6.0,4.0,15.0
655.0,add,5.726298165434342,444.0,27.0,6.349015683945658,10.0,2.0,4.0,2.0,19.0
656.0,delete,6.596703409685474,445.0,63.0,6.490886679424886,5.0,6.0,3.0,3.0,16.0
657.0,add,6.112769380228116,446.0,79.0,6.1099870408489965,5.0,7.0,6.0,4.0,15.0
658.0,delete,6.882376152838956,447.0,73.0,6.541720686956423,5.0,5.0,5.0,4.0,14.0
659.0,delete,6.052842692699019,448.0,81.0,6.039791262069207,5.0,7.0,5.0,4.0,15.0
660.0,delete,6.443762631160142,448.0,81.0,6.039791262069207,4.0,7.0,5.0,4.0,15.0
661.0,swap,5.675473429271544,448.0,81.0,6.039791262069207,5.0,7.0,5.0,4.0,15.0
662.0,add,5.808421654950915,449.0,1.0,6.119231657654878,10.0,0.0,0.0,0.0,1.0
663.0,add,6.759884226358588,450.0,49.0,6.504476884438983,5.0,4.0,1.0,2.0,17.0
664.0,delete,6.5967034096854755,451.0,64.0,6.4715928781404575,5.0,6.0,3.0,4.0,14.0
665.0,add,6.617443074663921,452.0,78.0,6.1348310879054395,5.0,7.0,6.0,5.0,13.0
666.0,add,5.592874783491596,453.0,28.0,6.36686037034704,10.0,3.0,4.0,2.0,19.0
667.0,delete,6.0644290658076265,454.0,80.0,6.052967503799978,5.0,6.0,6.0,4.0,15.0
668.0,delete,6.803181608076206,455.0,74.0,6.481418846404454,5.0,6.0,4.0,4.0,13.0
669.0,delete,6.5547309853572,456.0,82.0,6.443762631160142,4.0,7.0,5.0,4.0,15.0
670.0,delete,6.626828052442956,456.0,82.0,6.443762631160142,4.0,7.0,5.0,4.0,14.0
671.0,swap,6.285473926771285,456.0,82.0,6.443762631160142,4.0,7.0,5.0,5.0,14.0
672.0,add,5.808421654950915,457.0,2.0,6.127594730037442,10.0,0.0,0.0,0.0,2.0
673.0,delete,6.9965688861790785,458.0,50.0,6.496313172203402,4.0,3.0,1.0,3.0,17.0
674.0,delete,6.589570390631551,459.0,65.0,6.465453543005486,5.0,6.0,3.0,3.0,14.0
675.0,add,6.109365213811472,460.0,79.0,6.1880215272611565,5.0,7.0,6.0,4.0,15.0
676.0,delete,6.039791262069206,461.0,81.0,6.477698898932895,5.0,6.0,5.0,4.0,15.0
677.0,add,5.7850300208815995,462.0,29.0,6.3854852288504125,10.0,3.0,4.0,2.0,20.0
678.0,delete,6.5586415316046995,463.0,83.0,6.626828052442956,4.0,7.0,5.0,4.0,14.0
679.0,delete,6.397192664783624,463.0,83.0,6.626828052442956,4.0,7.0,5.0,4.0,13.0
680.0,swap,6.635374362929122,463.0,83.0,6.626828052442956,4.0,7.0,4.0,5.0,14.0
681.0,add,5.2006400719395725,464.0,3.0,6.13668648537582,10.0,0.0,2.0,0.0,1.0
682.0,delete,6.647636052919754,465.0,51.0,6.490654799156069,5.0,2.0,1.0,3.0,16.0
683.0,add,6.729640074886951,466.0,75.0,6.4240944753029545,5.0,6.0,4.0,5.0,13.0
684.0,delete,6.625325119268264,467.0,66.0,6.46049826285922,5.0,6.0,2.0,3.0,14.0
685.0,delete,5.877642579457371,468.0,80.0,6.281194322247136,5.0,6.0,6.0,4.0,15.0
686.0,delete,6.443762631160142,469.0,82.0,6.554509152940101,4.0,7.0,5.0,4.0,14.0
687.0,delete,6.396401719833044,470.0,84.0,6.397192664783624,4.0,7.0,5.0,4.0,13.0
688.0,delete,6.284334604069531,470.0,84.0,6.397192664783624,4.0,7.0,4.0,4.0,13.0
689.0,swap,6.646016295608772,470.0,84.0,6.397192664783624,4.0,7.0,5.0,5.0,12.0
690.0,add,5.459241403683955,471.0,30.0,6.404584131588418,10.0,3.0,5.0,2.0,20.0
691.0,delete,6.6476360529197525,472.0,52.0,6.4842335063883425,5.0,3.0,1.0,3.0,14.0
692.0,add,5.5106076500248005,473.0,4.0,6.148243946895643,10.0,0.0,1.0,0.0,3.0
693.0,add,6.98884892416585,474.0,76.0,6.375308975462435,5.0,7.0,5.0,4.0,13.0
694.0,delete,5.674981267869578,475.0,81.0,6.442692555649143,5.0,7.0,5.0,4.0,14.0
695.0,add,6.354415156677384,476.0,67.0,6.457487132176024,5.0,6.0,4.0,3.0,13.0
696.0,delete,6.626828052442956,477.0,83.0,6.430986321073743,4.0,7.0,5.0,4.0,13.0
697.0,delete,6.276675457329155,478.0,85.0,6.284334604069531,4.0,7.0,4.0,4.0,13.0
698.0,delete,6.214751022153626,478.0,85.0,6.284334604069531,4.0,7.0,4.0,4.0,12.0
699.0,swap,6.167226749322718,478.0,85.0,6.284334604069531,4.0,6.0,4.0,5.0,13.0
700.0,delete,5.693128905726543,479.0,31.0,6.420138593847959,10.0,3.0,4.0,2.0,20.0
701.0,delete,6.6526178034693455,480.0,53.0,6.472042871070216,5.0,3.0,1.0,3.0,13.0
702.0,add,6.690983966509394,481.0,77.0,6.305647137908857,5.0,7.0,5.0,4.0,14.0
703.0,add,5.5106076500248005,482.0,5.0,6.160906723202996,10.0,1.0,1.0,0.0,3.0
704.0,delete,6.1243222684197995,483.0,82.0,6.439502761973362,4.0,7.0,5.0,4.0,14.0
705.0,delete,6.594593978606227,484.0,84.0,6.2357469582187575,4.0,7.0,5.0,3.0,13.0
706.0,add,6.2973952767590475,485.0,68.0,6.462975771594845,5.0,7.0,3.0,4.0,13.0
707.0,delete,6.214751180995441,486.0,86.0,6.214751022153626,4.0,7.0,4.0,4.0,12.0
708.0,delete,5.697315512204216,486.0,86.0,6.214751022153626,3.0,7.0,4.0,4.0,12.0
709.0,swap,6.3696333603285655,486.0,86.0,6.214751022153626,3.0,7.0,5.0,4.0,12.0
710.0,delete,5.91643939223293,487.0,32.0,6.431708215764456,9.0,3.0,4.0,2.0,20.0
711.0,add,6.647636052919752,488.0,54.0,6.461374292390962,5.0,3.0,1.0,4.0,13.0
712.0,delete,6.48199593816971,489.0,83.0,6.3238100498064895,4.0,6.0,5.0,4.0,14.0
713.0,add,6.26706837816336,490.0,78.0,6.24957197182007,5.0,7.0,6.0,4.0,14.0
714.0,add,5.5106076500248005,491.0,6.0,6.172297399816503,10.0,0.0,1.0,0.0,5.0
715.0,delete,6.360196191202999,492.0,85.0,6.124112768920462,3.0,7.0,4.0,4.0,13.0
716.0,delete,5.691292323718276,493.0,87.0,5.697315512204216,3.0,7.0,4.0,4.0,12.0
717.0,delete,5.697239968625075,493.0,87.0,5.697315512204216,3.0,6.0,4.0,4.0,12.0
718.0,swap,5.95770171390072,493.0,87.0,5.697315512204216,3.0,7.0,4.0,4.0,12.0
719.0,delete,5.6905133873168525,494.0,33.0,6.440232619056276,8.0,3.0,4.0,2.0,20.0
720.0,add,6.0896993075206245,495.0,69.0,6.4319834574790296,5.0,6.0,4.0,4.0,14.0
721.0,delete,6.615471314770293,496.0,84.0,6.127142671871378,3.0,7.0,5.0,4.0,13.0
722.0,add,6.647770064376584,497.0,55.0,6.444455710283305,5.0,3.0,1.0,4.0,14.0
723.0,delete,6.214751022153626,498.0,86.0,5.760887379612072,4.0,7.0,4.0,4.0,11.0
724.0,add,6.10738405952466,499.0,79.0,6.221141243965997,5.0,7.0,6.0,4.0,15.0
725.0,add,5.5106076500248005,500.0,7.0,6.180790371093773,10.0,1.0,1.0,0.0,5.0
726.0,delete,5.678177109678898,501.0,88.0,5.697239968625075,3.0,6.0,4.0,4.0,12.0
727.0,delete,6.2298209194687475,501.0,88.0,5.697239968625075,3.0,6.0,4.0,4.0,11.0
728.0,swap,5.384733715850893,501.0,88.0,5.697239968625075,2.0,6.0,4.0,4.0,13.0
729.0,delete,6.237652555442907,502.0,34.0,6.444829509036397,7.0,3.0,4.0,2.0,20.0
730.0,add,6.6536548807410165,503.0,70.0,6.407711485801538,5.0,6.0,5.0,4.0,14.0
731.0,delete,5.76713002916305,504.0,85.0,5.975863670023425,3.0,7.0,4.0,4.0,13.0
732.0,delete,6.3507115281610185,505.0,87.0,5.747492928405903,3.0,7.0,3.0,4.0,12.0
733.0,add,6.179905283893214,506.0,56.0,6.425257441697463,5.0,3.0,1.0,4.0,15.0
734.0,delete,6.073503986573482,507.0,80.0,6.190071546708465,5.0,7.0,6.0,3.0,15.0
735.0,delete,6.229826963906473,508.0,89.0,6.2298209194687475,3.0,6.0,4.0,4.0,11.0
736.0,delete,6.182600344426661,508.0,89.0,6.2298209194687475,3.0,6.0,4.0,4.0,10.0
737.0,swap,6.328561869568989,508.0,89.0,6.2298209194687475,3.0,6.0,4.0,4.0,11.0
738.0,add,5.517206731824922,509.0,8.0,6.188170413140124,10.0,1.0,1.0,1.0,5.0
739.0,delete,6.660638619011295,510.0,35.0,6.4436928636264215,6.0,3.0,3.0,2.0,21.0
740.0,add,6.347995267424129,511.0,71.0,6.3834654793997,5.0,6.0,4.0,4.0,16.0
741.0,delete,6.481038716742206,512.0,86.0,5.970227749305301,4.0,7.0,4.0,4.0,11.0
742.0,delete,5.729679005667449,513.0,88.0,6.242702524342718,3.0,6.0,4.0,3.0,12.0
743.0,delete,6.039791262069207,514.0,81.0,6.221905594683003,5.0,7.0,5.0,4.0,14.0
744.0,add,6.416828316556735,515.0,57.0,6.413083754927438,5.0,5.0,1.0,4.0,14.0
745.0,delete,6.194681370763746,516.0,90.0,6.182600344426661,3.0,6.0,4.0,4.0,10.0
746.0,delete,6.61934773114305,516.0,90.0,6.182600344426661,3.0,6.0,4.0,4.0,9.0
747.0,swap,6.207968132510683,516.0,90.0,6.182600344426661,3.0,6.0,4.0,4.0,10.0
748.0,add,5.533907992486726,517.0,9.0,6.197922430968458,10.0,2.0,1.0,0.0,6.0
749.0,delete,6.223091448211537,518.0,36.0,6.443316416401832,6.0,2.0,3.0,2.0,21.0
750.0,delete,6.349181634205309,519.0,72.0,6.381139334178841,5.0,6.0,5.0,3.0,15.0
751.0,delete,5.697315512204216,520.0,87.0,6.069445721647639,3.0,7.0,4.0,4.0,11.0
752.0,delete,6.2298209194687475,521.0,89.0,6.301149394711035,3.0,5.0,4.0,4.0,11.0
753.0,delete,6.1243222684197995,522.0,82.0,6.220633635525644,4.0,7.0,5.0,4.0,14.0
754.0,delete,6.605610966175082,523.0,91.0,6.61934773114305,3.0,6.0,4.0,4.0,9.0
755.0,delete,6.684892499912445,523.0,91.0,6.61934773114305,3.0,6.0,3.0,4.0,9.0
756.0,swap,6.619347731143051,523.0,91.0,6.61934773114305,3.0,5.0,4.0,4.0,10.0
757.0,delete,6.280624017226123,524.0,37.0,6.44462192491947,5.0,3.0,3.0,2.0,20.0
758.0,add,5.878395747099103,525.0,10.0,6.208997522527539,10.0,2.0,1.0,0.0,7.0
759.0,add,6.752994457568872,526.0,58.0,6.415467371186808,5.0,4.0,2.0,4.0,15.0
760.0,delete,6.4478048850919745,527.0,73.0,6.370046142982324,5.0,6.0,5.0,4.0,13.0
761.0,delete,5.697239968625075,528.0,88.0,6.321846537846262,3.0,6.0,4.0,4.0,11.0
762.0,delete,5.775433991399788,529.0,90.0,6.632299732093408,3.0,5.0,4.0,4.0,10.0
763.0,delete,6.6268280524429555,530.0,83.0,6.194828412723047,4.0,7.0,5.0,3.0,14.0
764.0,delete,6.69009888164374,531.0,92.0,6.684892499912445,3.0,6.0,3.0,4.0,9.0
765.0,delete,6.70590667212034,531.0,92.0,6.684892499912445,3.0,5.0,3.0,4.0,9.0
766.0,swap,6.993089279530947,531.0,92.0,6.684892499912445,3.0,6.0,3.0,3.0,10.0
767.0,delete,6.460769039255269,532.0,38.0,6.444602341943794,6.0,2.0,3.0,2.0,19.0
768.0,add,6.38536016714958,533.0,59.0,6.419934650336144,5.0,5.0,2.0,5.0,14.0
769.0,add,5.533907992486726,534.0,11.0,6.221055578064762,10.0,2.0,1.0,0.0,8.0
770.0,delete,6.450173980231596,535.0,74.0,6.354364750999922,5.0,6.0,4.0,4.0,13.0
771.0,delete,6.2298209194687475,536.0,89.0,6.459066543353191,3.0,6.0,4.0,4.0,10.0
772.0,delete,6.641522652301739,537.0,91.0,6.768496833301869,3.0,5.0,4.0,4.0,9.0
773.0,delete,6.280075197782302,538.0,84.0,6.213084918728877,4.0,6.0,5.0,4.0,13.0
774.0,delete,6.705906672120339,539.0,93.0,6.70590667212034,3.0,5.0,3.0,4.0,9.0
775.0,delete,6.90568533565893,539.0,93.0,6.70590667212034,2.0,5.0,3.0,4.0,9.0
776.0,swap,6.1037782074532085,539.0,93.0,6.70590667212034,3.0,6.0,3.0,3.0,9.0
777.0,delete,6.175435421165579,540.0,39.0,6.446207069920784,6.0,3.0,2.0,2.0,18.0
778.0,add,6.544313182221772,541.0,60.0,6.418602315453639,5.0,5.0,3.0,4.0,15.0
779.0,delete,6.182600344426661,542.0,90.0,6.587551718383555,3.0,6.0,4.0,4.0,9.0
780.0,add,5.533839987842662,543.0,12.0,6.234001138095079,10.0,2.0,1.0,1.0,8.0
781.0,add,6.7380874348105095,544.0,75.0,6.331338752951037,5.0,6.0,4.0,4.0,14.0
782.0,delete,6.684892499912447,545.0,92.0,6.605319221838204,3.0,6.0,3.0,3.0,9.0
783.0,delete,6.167226749322719,546.0,85.0,6.229612122715383,4.0,6.0,4.0,4.0,13.0
784.0,delete,6.905685335658931,547.0,94.0,6.90568533565893,2.0,5.0,3.0,4.0,9.0
785.0,add,6.957129295946283,547.0,94.0,6.90568533565893,2.0,5.0,3.0,4.0,10.0
786.0,delete,7.076928548099714,547.0,94.0,6.90568533565893,2.0,4.0,3.0,4.0,9.0
787.0,swap,7.078587985431738,547.0,94.0,6.90568533565893,2.0,4.0,3.0,5.0,9.0
788.0,add,6.356078241561188,548.0,40.0,6.455502461115177,6.0,3.0,1.0,2.0,20.0
789.0,add,5.98472707885182,549.0,61.0,6.429365533657231,5.0,5.0,3.0,4.0,16.0
790.0,delete,6.61934773114305,550.0,91.0,6.779546451214677,3.0,6.0,4.0,4.0,8.0
791.0,add,5.722264505268941,551.0,13.0,6.249535076161025,10.0,2.0,2.0,1.0,8.0
792.0,add,6.651850450259216,552.0,76.0,6.3385592016919725,5.0,6.0,5.0,4.0,14.0
793.0,delete,6.214751022153626,553.0,86.0,6.324771535854769,4.0,7.0,4.0,4.0,11.0
794.0,delete,6.705906672120341,554.0,93.0,6.984803300159119,3.0,4.0,3.0,4.0,9.0
795.0,add,6.973461168521574,555.0,95.0,6.957129295946283,2.0,5.0,3.0,4.0,10.0
796.0,delete,6.957129295946283,555.0,95.0,6.957129295946283,2.0,5.0,3.0,4.0,9.0
797.0,swap,6.955382573621707,555.0,95.0,6.957129295946283,2.0,6.0,3.0,4.0,9.0
798.0,delete,6.356154263480236,556.0,41.0,6.461449938211004,6.0,3.0,1.0,2.0,19.0
799.0,delete,6.80674396324157,557.0,92.0,6.824336943277833,3.0,6.0,2.0,4.0,9.0
800.0,add,6.009768768849333,558.0,62.0,6.4378197898482545,5.0,6.0,3.0,4.0,16.0
801.0,delete,5.697315512204216,559.0,87.0,6.436477289309446,3.0,7.0,4.0,4.0,11.0
802.0,add,5.7222645052689405,560.0,14.0,6.261097327136125,10.0,3.0,2.0,1.0,8.0
803.0,add,6.415377851476057,561.0,77.0,6.331395065363281,5.0,7.0,6.0,4.0,13.0
804.0,add,6.90568533565893,562.0,94.0,6.960775583508962,2.0,5.0,3.0,4.0,10.0
805.0,delete,6.989643710348765,563.0,96.0,6.957129295946283,2.0,5.0,3.0,4.0,9.0
806.0,add,6.993587532937714,563.0,96.0,6.957129295946283,2.0,5.0,4.0,4.0,9.0
807.0,delete,6.957129295946283,563.0,96.0,6.957129295946283,2.0,5.0,3.0,4.0,8.0
808.0,swap,6.957129295946283,563.0,96.0,6.957129295946283,2.0,5.0,3.0,4.0,9.0
809.0,delete,6.35607824156119,564.0,42.0,6.465813522990191,6.0,3.0,1.0,1.0,19.0
810.0,delete,6.5966609842414305,565.0,63.0,6.442230305175198,5.0,6.0,3.0,4.0,15.0
811.0,delete,6.350639915496297,566.0,88.0,6.590195169727854,3.0,6.0,3.0,4.0,12.0
812.0,delete,6.765018608379693,567.0,93.0,6.951362241560248,2.0,5.0,3.0,4.0,9.0
813.0,add,6.146462688212375,568.0,15.0,6.272683018916436,10.0,2.0,3.0,2.0,8.0
814.0,add,6.197148083422642,569.0,78.0,6.346672575285027,5.0,7.0,6.0,4.0,14.0
815.0,delete,6.957184057271464,570.0,95.0,6.970923826225065,2.0,5.0,3.0,3.0,10.0
816.0,add,6.993587532937716,571.0,97.0,6.993587532937714,2.0,5.0,4.0,4.0,9.0
817.0,add,6.993587532937714,571.0,97.0,6.993587532937714,2.0,5.0,4.0,4.0,10.0
818.0,delete,6.887895305264169,571.0,97.0,6.993587532937714,1.0,5.0,4.0,4.0,9.0
819.0,swap,6.966633575483562,571.0,97.0,6.993587532937714,2.0,5.0,5.0,4.0,8.0
820.0,add,6.540051855172879,572.0,43.0,6.474907625549139,6.0,4.0,1.0,2.0,18.0
821.0,delete,6.596703409685477,573.0,64.0,6.448959059592398,5.0,5.0,3.0,4.0,15.0
822.0,delete,6.503491915294103,574.0,89.0,6.709159737610595,3.0,6.0,4.0,4.0,10.0
823.0,add,7.148660010187987,575.0,94.0,6.96036896491203,2.0,5.0,4.0,4.0,9.0
824.0,add,6.169175120019015,576.0,16.0,6.284243992048659,10.0,2.0,3.0,1.0,10.0
825.0,add,6.112797261499086,577.0,79.0,6.391167875584375,5.0,7.0,6.0,5.0,14.0
826.0,add,6.931427273577799,578.0,96.0,6.9670582959121745,2.0,6.0,3.0,4.0,9.0
827.0,delete,7.0541908277829,579.0,95.0,6.9622667644179765,2.0,5.0,2.0,4.0,10.0
828.0,add,7.03002903313563,580.0,98.0,6.993587532937714,2.0,5.0,4.0,4.0,10.0
829.0,add,6.993585585904202,580.0,98.0,6.993587532937714,2.0,5.0,4.0,5.0,10.0
830.0,delete,6.993587532937714,580.0,98.0,6.993587532937714,2.0,5.0,4.0,4.0,9.0
831.0,swap,6.993216749929644,580.0,98.0,6.993587532937714,2.0,6.0,4.0,4.0,9.0
832.0,add,6.057695926431751,581.0,44.0,6.487899910966528,6.0,5.0,1.0,2.0,18.0
833.0,delete,6.596062889276661,582.0,65.0,6.46134645942877,5.0,6.0,3.0,3.0,14.0
834.0,delete,6.062197559104188,583.0,80.0,6.442798870176302,5.0,7.0,5.0,4.0,15.0
835.0,add,6.268803989020904,584.0,17.0,6.2926932876748864,10.0,2.0,3.0,1.0,11.0
836.0,delete,6.182600344426662,585.0,90.0,6.820623686458124,3.0,6.0,4.0,3.0,10.0
837.0,add,6.798439130533743,586.0,97.0,7.000801286968981,2.0,6.0,4.0,4.0,9.0
838.0,add,6.727869841912877,587.0,96.0,6.961416071416327,2.0,5.0,3.0,4.0,10.0
839.0,delete,6.23976085454441,588.0,66.0,6.459431189235444,5.0,6.0,2.0,3.0,14.0
840.0,delete,6.372283851991768,589.0,45.0,6.488539040541299,6.0,4.0,1.0,2.0,18.0
841.0,delete,6.810270501823845,590.0,91.0,6.876670847164107,3.0,5.0,4.0,4.0,9.0
842.0,add,6.956855547951604,591.0,99.0,6.993585585904202,2.0,5.0,4.0,5.0,10.0
843.0,add,7.158296811783544,591.0,99.0,6.993585585904202,2.0,5.0,4.0,5.0,11.0
844.0,delete,6.9934472821098606,591.0,99.0,6.993585585904202,2.0,5.0,4.0,4.0,10.0
845.0,swap,6.957112209248192,591.0,99.0,6.993585585904202,2.0,5.0,3.0,6.0,10.0
846.0,add,6.286644223767587,592.0,18.0,6.3008755055021854,10.0,2.0,4.0,1.0,11.0
847.0,delete,6.1903267382499685,593.0,81.0,6.499679744345143,5.0,6.0,5.0,4.0,15.0
848.0,add,7.1151493960540435,594.0,98.0,7.011859487399481,2.0,5.0,4.0,4.0,11.0
849.0,delete,6.684892499912445,595.0,92.0,6.916463416461935,3.0,6.0,3.0,4.0,8.0
850.0,delete,5.9706761323658455,596.0,46.0,6.499113278442262,6.0,3.0,1.0,2.0,18.0
851.0,add,6.297392326258404,597.0,67.0,6.476355967347663,5.0,7.0,3.0,3.0,13.0
852.0,add,6.796660513663127,598.0,97.0,6.998482437502353,2.0,5.0,4.0,4.0,10.0
853.0,add,7.155657163837851,599.0,100.0,7.158296811783544,2.0,5.0,4.0,5.0,11.0
854.0,delete,7.324323590661005,599.0,100.0,7.158296811783544,2.0,4.0,4.0,5.0,11.0
855.0,swap,7.2992406645576535,599.0,100.0,7.158296811783544,1.0,6.0,4.0,5.0,11.0
856.0,delete,6.4437626311601415,600.0,82.0,6.55100082601235,4.0,6.0,5.0,4.0,15.0
857.0,add,5.797466334372828,601.0,19.0,6.309970409234036,10.0,3.0,4.0,1.0,11.0
858.0,add,6.776502505421202,602.0,99.0,7.234379557710014,2.0,5.0,4.0,5.0,11.0
859.0,delete,6.70590667212034,603.0,93.0,6.9765956324438045,3.0,5.0,3.0,4.0,8.0
860.0,delete,6.356119189974438,604.0,47.0,6.508461811660629,5.0,3.0,1.0,2.0,18.0
861.0,delete,7.324323590661009,605.0,101.0,7.324323590661005,2.0,4.0,4.0,5.0,11.0
862.0,delete,7.324323590661006,605.0,101.0,7.324323590661005,2.0,4.0,4.0,4.0,11.0
863.0,swap,7.127122551490932,605.0,101.0,7.324323590661005,2.0,4.0,4.0,5.0,11.0
864.0,add,6.533385901947021,606.0,68.0,6.508000208592093,5.0,7.0,3.0,4.0,13.0
865.0,delete,6.696080370965245,607.0,83.0,6.58300013301614,4.0,6.0,5.0,4.0,14.0
866.0,add,6.993587532937714,608.0,98.0,7.115841576180161,2.0,5.0,4.0,4.0,11.0
867.0,delete,7.248783353044112,609.0,100.0,7.275023330868488,2.0,5.0,3.0,5.0,11.0
868.0,add,5.818949367773885,610.0,20.0,6.3274579607494,10.0,2.0,5.0,1.0,12.0
869.0,delete,7.324323590661007,611.0,102.0,7.324323590661006,2.0,4.0,4.0,4.0,11.0
870.0,delete,7.3243235906610105,611.0,102.0,7.324323590661006,2.0,4.0,4.0,3.0,11.0
871.0,swap,7.235108544098469,611.0,102.0,7.324323590661006,2.0,4.0,4.0,4.0,11.0
872.0,delete,6.762085169914404,612.0,48.0,6.524661835152817,5.0,3.0,1.0,2.0,17.0
873.0,add,6.534063412704791,613.0,69.0,6.5290580049969,5.0,6.0,5.0,4.0,13.0
874.0,delete,6.473223186526795,614.0,84.0,6.617645858713567,4.0,7.0,4.0,4.0,13.0
875.0,add,6.90568533565893,615.0,94.0,7.037836915223764,2.0,5.0,3.0,4.0,10.0
876.0,add,7.045793477895197,616.0,99.0,7.2185274622949,2.0,5.0,4.0,5.0,11.0
877.0,delete,7.324323590661005,617.0,101.0,7.302019829020373,2.0,4.0,4.0,5.0,10.0
878.0,delete,7.3332282177518495,618.0,103.0,7.3243235906610105,2.0,4.0,4.0,3.0,11.0
879.0,delete,7.3243235906610105,618.0,103.0,7.3243235906610105,2.0,4.0,4.0,3.0,10.0
880.0,swap,7.1519951834572675,618.0,103.0,7.3243235906610105,2.0,4.0,3.0,4.0,11.0
881.0,add,5.919610146802339,619.0,21.0,6.3487297156715305,10.0,2.0,4.0,1.0,14.0
882.0,add,6.770126012855979,620.0,49.0,6.530749884635351,5.0,3.0,1.0,2.0,18.0
883.0,delete,6.550622298658115,621.0,85.0,6.665361271401855,4.0,7.0,4.0,4.0,12.0
884.0,add,6.446316790131707,622.0,70.0,6.5517550185111135,5.0,6.0,4.0,4.0,15.0
885.0,delete,6.957129295946281,623.0,95.0,7.068064858552784,2.0,5.0,3.0,4.0,9.0
886.0,delete,7.210810975998269,624.0,100.0,7.280541915372474,2.0,4.0,4.0,5.0,11.0
887.0,delete,7.324323590661006,625.0,102.0,7.2834676456327845,2.0,4.0,4.0,4.0,10.0
888.0,delete,7.308313044927046,626.0,104.0,7.3243235906610105,2.0,4.0,4.0,3.0,10.0
889.0,add,7.3243235906610105,626.0,104.0,7.3243235906610105,2.0,4.0,4.0,3.0,11.0
890.0,delete,7.324323590661009,626.0,104.0,7.3243235906610105,2.0,3.0,4.0,3.0,10.0
891.0,swap,6.927078995451414,626.0,104.0,7.3243235906610105,2.0,4.0,4.0,3.0,10.0
892.0,add,5.84764891869052,627.0,22.0,6.367163381193786,10.0,2.0,4.0,2.0,14.0
893.0,delete,6.762035017710085,628.0,50.0,6.537763697537661,5.0,3.0,1.0,3.0,16.0
894.0,delete,6.21307533965384,629.0,86.0,6.729606448875037,4.0,7.0,3.0,4.0,12.0
895.0,add,6.425126319887482,630.0,71.0,6.571019432915928,5.0,6.0,5.0,4.0,15.0
896.0,add,6.957129295946283,631.0,96.0,7.105790890384926,2.0,5.0,3.0,4.0,10.0
897.0,delete,7.47393244381673,632.0,101.0,7.273100977767239,2.0,4.0,3.0,5.0,11.0
898.0,delete,7.324323590661009,633.0,103.0,7.2416725624722975,2.0,3.0,4.0,3.0,11.0
899.0,add,7.30771182523863,634.0,105.0,7.3243235906610105,2.0,4.0,4.0,3.0,11.0
900.0,add,7.3243235906610105,634.0,105.0,7.3243235906610105,2.0,4.0,4.0,3.0,12.0
901.0,delete,7.323260998874739,634.0,105.0,7.3243235906610105,2.0,4.0,3.0,3.0,11.0
902.0,swap,7.285209593859499,634.0,105.0,7.3243235906610105,2.0,4.0,3.0,3.0,12.0
903.0,add,5.858600205608463,635.0,23.0,6.385939234518284,10.0,2.0,4.0,2.0,15.0
904.0,delete,6.975859084065207,636.0,51.0,6.5480085500923915,5.0,3.0,1.0,3.0,15.0
905.0,delete,6.348343272949877,637.0,72.0,6.604375148057095,5.0,5.0,5.0,4.0,15.0
906.0,delete,5.697315512204215,638.0,87.0,6.806620242906866,3.0,7.0,4.0,3.0,12.0
907.0,add,6.85619629312843,639.0,97.0,7.167687499677554,2.0,5.0,4.0,4.0,10.0
908.0,delete,7.458576272759158,640.0,102.0,7.279075928156251,2.0,3.0,4.0,4.0,11.0
909.0,add,7.3243235906610105,641.0,104.0,7.312965919858978,2.0,4.0,4.0,3.0,11.0
910.0,delete,6.647605393323963,642.0,52.0,6.5487654039593535,5.0,2.0,1.0,3.0,15.0
911.0,delete,7.3243235906610105,643.0,103.0,7.281592363847036,2.0,4.0,4.0,3.0,10.0
912.0,add,5.928257305492103,644.0,24.0,6.399011684900689,10.0,2.0,4.0,2.0,16.0
913.0,delete,5.697239968625075,645.0,88.0,6.885749330027444,3.0,6.0,4.0,4.0,11.0
914.0,add,7.324323590661008,646.0,106.0,7.3243235906610105,2.0,4.0,4.0,3.0,12.0
915.0,add,7.010709648002847,646.0,106.0,7.3243235906610105,2.0,4.0,4.0,3.0,13.0
916.0,delete,7.3243235906610105,646.0,106.0,7.3243235906610105,2.0,4.0,4.0,2.0,12.0
917.0,swap,7.356860982256151,646.0,106.0,7.3243235906610105,2.0,4.0,5.0,3.0,11.0
918.0,delete,6.975718207000771,647.0,73.0,6.623357040047302,5.0,6.0,5.0,3.0,14.0
919.0,add,6.993747601143302,648.0,98.0,7.2236454347453405,2.0,5.0,5.0,4.0,10.0
920.0,delete,6.6476360529197525,649.0,53.0,6.5549610729230485,5.0,3.0,1.0,3.0,13.0
921.0,add,7.297555283139865,650.0,105.0,7.268108280448405,2.0,4.0,5.0,3.0,11.0
922.0,delete,6.230092252225888,651.0,89.0,6.951844938391472,3.0,6.0,4.0,3.0,11.0
923.0,add,5.726353087787894,652.0,25.0,6.415133122016061,10.0,2.0,4.0,2.0,17.0
924.0,add,6.8436482771622575,653.0,104.0,7.291175116788799,2.0,4.0,4.0,3.0,11.0
925.0,delete,6.737802864524748,654.0,74.0,6.626624380331195,5.0,6.0,4.0,3.0,14.0
926.0,add,7.010709648002846,655.0,107.0,7.010709648002847,2.0,4.0,4.0,3.0,13.0
927.0,add,7.010709648002847,655.0,107.0,7.010709648002847,2.0,4.0,4.0,3.0,14.0
928.0,delete,7.187631507203053,655.0,107.0,7.010709648002847,2.0,4.0,3.0,3.0,13.0
929.0,swap,7.098199380449342,655.0,107.0,7.010709648002847,2.0,5.0,4.0,3.0,12.0
930.0,add,6.993585585904202,656.0,99.0,7.2340910583109235,2.0,5.0,4.0,5.0,11.0
931.0,add,6.768080483777561,657.0,54.0,6.562628254579263,5.0,3.0,1.0,3.0,14.0
932.0,delete,6.182600344426661,658.0,90.0,6.996904746673746,3.0,6.0,4.0,4.0,9.0
933.0,add,7.3243235906610105,659.0,106.0,7.063591966332187,2.0,4.0,4.0,4.0,12.0
934.0,add,5.784215952237087,660.0,26.0,6.432887899397863,10.0,2.0,4.0,2.0,18.0
935.0,add,7.3243235906610105,661.0,105.0,7.206333678154635,2.0,4.0,4.0,3.0,12.0
936.0,add,6.386793885688307,662.0,75.0,6.637296661568959,5.0,6.0,4.0,4.0,14.0
937.0,delete,7.1582968117835435,663.0,100.0,7.2575636155611685,2.0,5.0,4.0,4.0,11.0
938.0,add,7.010709648002847,664.0,108.0,7.010709648002847,2.0,4.0,4.0,3.0,14.0
939.0,delete,7.010709648002846,664.0,108.0,7.010709648002847,2.0,4.0,4.0,3.0,13.0
940.0,swap,7.010709648002848,664.0,108.0,7.010709648002847,2.0,4.0,4.0,4.0,13.0
941.0,delete,6.851070627730487,665.0,91.0,7.044494274403155,3.0,6.0,4.0,4.0,8.0
942.0,add,6.5875902299148,666.0,55.0,6.569830951869162,5.0,3.0,1.0,3.0,15.0
943.0,add,7.010709648002847,667.0,107.0,7.010709648002847,2.0,4.0,4.0,4.0,13.0
944.0,delete,7.009278495840598,668.0,109.0,7.010709648002846,2.0,4.0,4.0,3.0,13.0
945.0,delete,7.010709648002846,668.0,109.0,7.010709648002846,2.0,4.0,4.0,3.0,12.0
946.0,swap,6.703247671906182,668.0,109.0,7.010709648002846,2.0,4.0,4.0,4.0,12.0
947.0,add,5.837823200562489,669.0,27.0,6.452755973137897,10.0,2.0,5.0,2.0,18.0
948.0,add,6.574459161768346,670.0,76.0,6.649607105182708,5.0,6.0,6.0,4.0,13.0
949.0,delete,7.324323590661009,671.0,101.0,7.209163203726613,2.0,4.0,4.0,4.0,11.0
950.0,add,7.3243282270038375,672.0,106.0,7.031412140775613,2.0,4.0,4.0,4.0,12.0
951.0,delete,6.969403391982114,673.0,92.0,7.063546977688073,3.0,6.0,3.0,4.0,8.0
952.0,delete,6.880251459496811,674.0,108.0,6.933486365938119,2.0,3.0,4.0,3.0,14.0
953.0,add,6.6476360529197525,675.0,56.0,6.579154484917952,5.0,3.0,1.0,4.0,15.0
954.0,delete,7.020484279083614,676.0,110.0,7.010709648002846,2.0,4.0,4.0,3.0,12.0
955.0,add,7.01077818266791,676.0,110.0,7.010709648002846,2.0,4.0,4.0,4.0,12.0
956.0,delete,6.880251459496811,676.0,110.0,7.010709648002846,2.0,3.0,4.0,3.0,12.0
957.0,swap,6.331543523555982,676.0,110.0,7.010709648002846,2.0,4.0,5.0,3.0,11.0
958.0,add,5.618569605147376,677.0,28.0,6.471742565721139,10.0,3.0,4.0,3.0,18.0
959.0,add,6.689444914419117,678.0,77.0,6.659133065882026,5.0,7.0,5.0,5.0,13.0
960.0,delete,7.324323590661009,679.0,102.0,7.150983731528525,2.0,4.0,4.0,3.0,11.0
961.0,delete,6.705906672120342,680.0,93.0,7.080757879454757,3.0,5.0,3.0,3.0,9.0
962.0,add,6.557036619814556,681.0,107.0,6.915391766158844,2.0,4.0,4.0,3.0,14.0
963.0,delete,7.0107096480028455,682.0,109.0,6.850753418561432,2.0,4.0,4.0,2.0,13.0
964.0,add,6.334197577171161,683.0,57.0,6.587633892604374,5.0,4.0,1.0,4.0,15.0
965.0,delete,7.3243235906610105,684.0,103.0,7.110682465044231,2.0,4.0,4.0,3.0,10.0
966.0,add,7.019717231684449,685.0,111.0,7.01077818266791,2.0,4.0,4.0,4.0,12.0
967.0,add,7.01077818266791,685.0,111.0,7.01077818266791,2.0,4.0,4.0,4.0,13.0
968.0,delete,6.8805243817626565,685.0,111.0,7.01077818266791,2.0,3.0,4.0,4.0,12.0
969.0,swap,7.010358869574434,685.0,111.0,7.01077818266791,2.0,4.0,4.0,5.0,11.0
970.0,add,5.664750217801179,686.0,29.0,6.491518829251451,10.0,3.0,4.0,3.0,19.0
971.0,add,6.620942225287117,687.0,78.0,6.674913807488023,5.0,7.0,6.0,4.0,14.0
972.0,add,7.173663022022987,688.0,94.0,7.087323853638071,2.0,5.0,4.0,4.0,9.0
973.0,delete,7.010709648002847,689.0,108.0,6.913524477267564,2.0,4.0,4.0,3.0,13.0
974.0,add,7.042378858653764,690.0,110.0,6.986431369671472,2.0,4.0,4.0,3.0,13.0
975.0,add,6.621568241060488,691.0,58.0,6.604644344384763,5.0,5.0,2.0,4.0,14.0
976.0,add,7.275891587380049,692.0,104.0,7.070728125796118,2.0,4.0,5.0,3.0,10.0
977.0,delete,7.122800456169499,693.0,109.0,6.929839478650293,1.0,4.0,4.0,3.0,13.0
978.0,add,5.693128905726543,694.0,30.0,6.50922134052716,10.0,3.0,4.0,2.0,21.0
979.0,add,6.966901558581208,695.0,112.0,7.01077818266791,2.0,4.0,4.0,4.0,13.0
980.0,delete,7.324434682110209,695.0,112.0,7.01077818266791,2.0,4.0,4.0,4.0,12.0
981.0,swap,6.51903881152227,695.0,112.0,7.01077818266791,2.0,4.0,5.0,4.0,12.0
982.0,add,6.120102992161505,696.0,79.0,6.704201544720326,5.0,7.0,7.0,4.0,14.0
983.0,delete,6.954280202778607,697.0,95.0,7.090516358775803,2.0,5.0,2.0,4.0,10.0
984.0,add,6.95300317135159,698.0,111.0,6.9552883087204,2.0,5.0,4.0,4.0,12.0
985.0,delete,7.324448370448261,699.0,113.0,7.324434682110209,2.0,4.0,4.0,4.0,12.0
986.0,delete,7.323260998874737,699.0,113.0,7.324434682110209,2.0,4.0,3.0,4.0,12.0
987.0,swap,7.280945419237216,699.0,113.0,7.324434682110209,2.0,4.0,4.0,3.0,13.0
988.0,delete,5.592874783491596,700.0,31.0,6.52824694891836,10.0,3.0,4.0,2.0,20.0
989.0,add,6.378005171750872,701.0,59.0,6.621888448231201,5.0,5.0,2.0,4.0,15.0
990.0,delete,6.295200145938899,702.0,80.0,6.734116817784536,5.0,7.0,5.0,4.0,15.0
991.0,add,6.7766762985275175,703.0,105.0,7.052798841411865,2.0,4.0,4.0,3.0,12.0
992.0,add,6.747325656606419,704.0,110.0,7.0512745168566635,2.0,4.0,4.0,3.0,13.0
993.0,add,6.456925497780925,705.0,96.0,7.09705204989966,2.0,5.0,3.0,4.0,10.0
994.0,delete,6.6749339242232635,706.0,112.0,7.313272367667606,1.0,4.0,4.0,4.0,13.0
995.0,delete,7.323260998874738,707.0,114.0,7.323260998874737,2.0,4.0,3.0,4.0,12.0
996.0,add,7.323260998874737,707.0,114.0,7.323260998874737,2.0,4.0,3.0,4.0,13.0
997.0,delete,7.323260998874737,707.0,114.0,7.323260998874737,2.0,4.0,3.0,4.0,11.0
998.0,swap,6.706952746783839,707.0,114.0,7.323260998874737,2.0,5.0,3.0,4.0,11.0
999.0,delete,5.916547677638713,708.0,32.0,6.543008064257744,9.0,2.0,4.0,2.0,21.0
1000.0,add,6.57388024753995,709.0,60.0,6.6300414097986105,5.0,5.0,2.0,4.0,16.0
1001.0,delete,6.033437386372705,710.0,81.0,6.765524258378858,5.0,7.0,4.0,4.0,15.0
1002.0,add,7.324323590661011,711.0,106.0,7.007610663270344,2.0,4.0,4.0,4.0,12.0
1003.0,add,7.01077818266791,712.0,111.0,7.081113912494208,2.0,4.0,4.0,4.0,13.0
1004.0,add,7.086437901935066,713.0,97.0,7.109097550712406,2.0,5.0,4.0,4.0,10.0
1005.0,delete,7.378864249947618,714.0,113.0,7.199999348456558,2.0,4.0,3.0,4.0,12.0
1006.0,add,7.32326099887474,715.0,115.0,7.323260998874737,2.0,4.0,3.0,4.0,13.0
1007.0,delete,7.367377233750996,715.0,115.0,7.323260998874737,2.0,3.0,3.0,4.0,13.0
1008.0,swap,7.275274165200203,715.0,115.0,7.323260998874737,2.0,5.0,3.0,4.0,12.0
1009.0,delete,5.690332883847333,716.0,33.0,6.5601523965969974,8.0,3.0,4.0,2.0,20.0
1010.0,add,6.505670839614573,717.0,61.0,6.643741086039589,5.0,5.0,3.0,4.0,16.0
1011.0,delete,6.432879573371387,718.0,82.0,6.80058220372533,3.0,7.0,5.0,4.0,15.0
1012.0,add,6.372764610556383,719.0,107.0,7.017792250580065,2.0,4.0,4.0,3.0,14.0
1013.0,delete,6.8805243817626565,720.0,112.0,7.226887368159638,2.0,3.0,4.0,4.0,13.0
1014.0,add,7.387216026163929,721.0,114.0,7.322293349175169,2.0,5.0,3.0,4.0,12.0
1015.0,add,6.388477932053079,722.0,98.0,7.124034461300548,2.0,6.0,4.0,4.0,10.0
1016.0,delete,7.366675537411749,723.0,116.0,7.367377233750996,2.0,3.0,3.0,4.0,13.0
1017.0,add,6.874237684589555,723.0,116.0,7.367377233750996,2.0,3.0,3.0,4.0,14.0
1018.0,delete,7.367377233750996,723.0,116.0,7.367377233750996,2.0,3.0,3.0,3.0,13.0
1019.0,swap,6.829319237083795,723.0,116.0,7.367377233750996,2.0,4.0,3.0,3.0,13.0
1020.0,delete,6.2376889333011984,724.0,34.0,6.573806181743078,7.0,3.0,4.0,2.0,20.0
1021.0,add,6.59703401466414,725.0,62.0,6.653485713160813,5.0,6.0,3.0,5.0,15.0
1022.0,delete,6.626828052442956,726.0,83.0,6.817753484713806,4.0,7.0,5.0,4.0,13.0
1023.0,delete,7.0107096480028455,727.0,108.0,7.044321095418033,2.0,3.0,4.0,3.0,14.0
1024.0,delete,7.15192243072753,728.0,113.0,7.22639993636117,2.0,4.0,3.0,4.0,12.0
1025.0,delete,7.323260998874737,729.0,115.0,7.160997385317418,2.0,4.0,3.0,4.0,12.0
1026.0,add,6.947659563096582,730.0,99.0,7.133054241840666,2.0,5.0,5.0,5.0,10.0
1027.0,add,6.837131601967513,731.0,117.0,6.874237684589555,2.0,3.0,3.0,4.0,14.0
1028.0,add,6.874237684589555,731.0,117.0,6.874237684589555,2.0,3.0,3.0,4.0,15.0
1029.0,delete,6.8742376845895565,731.0,117.0,6.874237684589555,2.0,3.0,3.0,3.0,14.0
1030.0,swap,7.2247757667852825,731.0,117.0,6.874237684589555,2.0,3.0,3.0,4.0,14.0
1031.0,add,5.808421654950915,732.0,1.0,6.29193540056625,10.0,0.0,0.0,0.0,1.0
1032.0,delete,6.326284298239562,733.0,35.0,6.583567705274275,7.0,3.0,3.0,2.0,20.0
1033.0,delete,6.295456213908541,734.0,63.0,6.664208474412746,5.0,6.0,2.0,4.0,16.0
1034.0,delete,6.397192664783625,735.0,84.0,6.8341352303344225,4.0,7.0,5.0,4.0,12.0
1035.0,delete,7.010709648002846,736.0,109.0,7.059250813248196,2.0,4.0,4.0,3.0,12.0
1036.0,add,7.323260998874738,737.0,114.0,7.160545918036239,2.0,4.0,3.0,5.0,12.0
1037.0,delete,7.158296811783544,738.0,100.0,7.130262841599586,2.0,5.0,4.0,5.0,10.0
1038.0,add,7.36510337220238,739.0,116.0,6.936924084504293,2.0,3.0,3.0,5.0,13.0
1039.0,add,5.808421654950915,740.0,2.0,6.3002801850755175,10.0,0.0,0.0,0.0,2.0
1040.0,delete,6.2231260720171955,741.0,36.0,6.590347666000308,6.0,3.0,3.0,2.0,20.0
1041.0,delete,6.311393858016629,742.0,85.0,6.855949137032834,4.0,7.0,3.0,4.0,13.0
1042.0,delete,6.5898462303860015,743.0,64.0,6.669488197598313,5.0,6.0,3.0,4.0,14.0
1043.0,delete,7.323260998874737,744.0,115.0,7.118521275963284,2.0,4.0,3.0,3.0,13.0
1044.0,add,7.121550892401083,745.0,110.0,7.105734884924732,2.0,5.0,4.0,3.0,12.0
1045.0,add,6.8742376845895565,746.0,118.0,6.874237684589555,2.0,3.0,3.0,4.0,15.0
1046.0,delete,6.926955002357599,746.0,118.0,6.874237684589555,1.0,3.0,3.0,4.0,15.0
1047.0,swap,6.924793175004427,746.0,118.0,6.874237684589555,2.0,4.0,3.0,4.0,14.0
1048.0,delete,7.378808494848525,747.0,101.0,7.121853432303415,2.0,4.0,3.0,5.0,11.0
1049.0,add,6.614100093283024,748.0,117.0,6.900055886635284,2.0,4.0,3.0,4.0,14.0
1050.0,delete,6.223091448211537,749.0,37.0,6.598872950446351,6.0,3.0,3.0,2.0,19.0
1051.0,add,5.5106076500248005,750.0,3.0,6.311313650206624,10.0,0.0,1.0,0.0,2.0
1052.0,delete,6.188384367594866,751.0,86.0,6.881740704834397,4.0,7.0,4.0,4.0,11.0
1053.0,delete,6.5960628892766655,752.0,65.0,6.676054062719682,5.0,5.0,3.0,3.0,15.0
1054.0,delete,6.883071845330574,753.0,119.0,6.926955002357599,1.0,3.0,3.0,4.0,15.0
1055.0,delete,6.926955002357598,753.0,119.0,6.926955002357599,1.0,3.0,3.0,3.0,15.0
1056.0,swap,7.223551074826164,753.0,119.0,6.926955002357599,1.0,3.0,3.0,4.0,15.0
1057.0,add,7.01077818266791,754.0,111.0,7.0946560302215955,2.0,4.0,4.0,4.0,13.0
1058.0,add,6.942636227320649,755.0,116.0,6.955645205574831,2.0,3.0,3.0,4.0,14.0
1059.0,delete,7.324323590661007,756.0,102.0,7.098272619315445,2.0,4.0,4.0,3.0,11.0
1060.0,delete,6.8742376845895565,757.0,118.0,6.9901332312179845,2.0,3.0,3.0,3.0,15.0
1061.0,delete,6.105271341749603,758.0,38.0,6.604949487051427,6.0,3.0,3.0,2.0,18.0
1062.0,delete,5.6973155122042165,759.0,87.0,6.913122143886859,3.0,6.0,4.0,4.0,12.0
1063.0,add,5.85360187239445,760.0,4.0,6.323418590042091,10.0,0.0,1.0,0.0,3.0
1064.0,delete,6.297373520038116,761.0,66.0,6.682979742503511,5.0,6.0,3.0,3.0,13.0
1065.0,delete,6.9269645504014,762.0,120.0,6.926955002357598,1.0,3.0,3.0,3.0,15.0
1066.0,add,6.926955002357599,762.0,120.0,6.926955002357598,1.0,3.0,3.0,4.0,15.0
1067.0,delete,6.926955002357598,762.0,120.0,6.926955002357598,1.0,3.0,3.0,3.0,14.0
1068.0,swap,6.5097245636981,762.0,120.0,6.926955002357598,1.0,3.0,4.0,3.0,14.0
1069.0,delete,7.01077818266791,763.0,112.0,7.08373693494629,2.0,4.0,4.0,4.0,12.0
1070.0,delete,7.3243235906610105,764.0,103.0,7.0713985461793705,2.0,4.0,4.0,3.0,10.0
1071.0,add,6.448740138644108,765.0,117.0,6.877902951210981,2.0,4.0,3.0,4.0,14.0
1072.0,delete,6.175435421165579,766.0,39.0,6.608810515950308,6.0,3.0,2.0,2.0,18.0
1073.0,delete,5.697239968625073,767.0,88.0,6.949905471792742,3.0,6.0,4.0,3.0,12.0
1074.0,delete,6.926955002357599,768.0,119.0,6.8435108242344596,1.0,3.0,3.0,4.0,14.0
1075.0,add,5.5106076500248005,769.0,5.0,6.335750125672543,10.0,0.0,1.0,0.0,4.0
1076.0,add,6.293104122084253,770.0,67.0,6.691158945241698,5.0,6.0,3.0,3.0,14.0
1077.0,add,6.937429764057927,771.0,121.0,6.926955002357599,1.0,3.0,3.0,4.0,15.0
1078.0,add,6.413972951118731,771.0,121.0,6.926955002357599,1.0,3.0,3.0,4.0,16.0
1079.0,delete,6.926955002357599,771.0,121.0,6.926955002357599,1.0,3.0,3.0,4.0,14.0
1080.0,swap,6.8118885515912595,771.0,121.0,6.926955002357599,1.0,4.0,3.0,4.0,14.0
1081.0,delete,7.324434682110209,772.0,113.0,7.03366354678913,2.0,4.0,4.0,4.0,11.0
1082.0,add,7.181240597860431,773.0,104.0,7.041333507929897,2.0,4.0,4.0,3.0,11.0
1083.0,delete,6.23033312414142,774.0,89.0,6.97915719113898,3.0,5.0,4.0,4.0,11.0
1084.0,add,6.356078241561188,775.0,40.0,6.614724908201,6.0,3.0,1.0,2.0,20.0
1085.0,delete,6.5747762832032635,776.0,118.0,6.867326499982809,2.0,2.0,3.0,4.0,15.0
1086.0,add,6.719731927432146,777.0,120.0,6.803440254296623,1.0,3.0,3.0,3.0,16.0
1087.0,add,5.505570483083502,778.0,6.0,6.348561697178661,10.0,0.0,1.0,1.0,4.0
1088.0,add,6.297395245375973,779.0,68.0,6.702185446836799,5.0,6.0,3.0,4.0,14.0
1089.0,delete,6.61665575942974,780.0,119.0,6.814044301826143,1.0,3.0,2.0,4.0,15.0
1090.0,add,7.212997066672137,781.0,114.0,6.977372064387832,2.0,4.0,4.0,4.0,12.0
1091.0,add,6.414201164092388,782.0,122.0,6.413972951118731,1.0,3.0,3.0,4.0,16.0
1092.0,add,6.76438461353453,782.0,122.0,6.413972951118731,1.0,3.0,3.0,4.0,17.0
1093.0,delete,6.4124376734499915,782.0,122.0,6.413972951118731,1.0,3.0,3.0,3.0,16.0
1094.0,swap,6.584903278858306,782.0,122.0,6.413972951118731,1.0,3.0,3.0,4.0,16.0
1095.0,delete,6.356154263480236,783.0,41.0,6.618554751848687,6.0,2.0,1.0,2.0,20.0
1096.0,delete,6.207968132510687,784.0,90.0,6.990982561936074,3.0,6.0,4.0,3.0,10.0
1097.0,add,6.843616524240737,785.0,105.0,6.998366370016358,2.0,4.0,5.0,3.0,11.0
1098.0,add,7.0502302639824155,786.0,121.0,6.51797993621079,1.0,3.0,4.0,4.0,15.0
1099.0,add,5.504366375797968,787.0,7.0,6.360033110946131,10.0,1.0,1.0,1.0,4.0
1100.0,add,6.519955475863755,788.0,69.0,6.707890713009571,5.0,6.0,4.0,4.0,14.0
1101.0,delete,7.323260998874738,789.0,115.0,6.890035751719352,2.0,4.0,3.0,3.0,13.0
1102.0,add,6.927018911119947,790.0,120.0,6.7239172902575355,1.0,3.0,3.0,4.0,15.0
1103.0,add,6.702567900408798,791.0,123.0,6.76438461353453,1.0,3.0,3.0,4.0,17.0
1104.0,delete,6.889274029382985,791.0,123.0,6.76438461353453,1.0,3.0,2.0,4.0,17.0
1105.0,swap,6.8698484717866615,791.0,123.0,6.76438461353453,1.0,3.0,3.0,4.0,17.0
1106.0,delete,6.795780340681496,792.0,42.0,6.623769222958722,6.0,3.0,1.0,2.0,18.0
1107.0,delete,6.619347731143051,793.0,91.0,7.011625704478658,3.0,6.0,4.0,4.0,8.0
1108.0,add,7.243258762434429,794.0,106.0,6.9790740172615,2.0,5.0,4.0,3.0,12.0
1109.0,add,6.389705788960719,795.0,122.0,6.806518753778244,1.0,3.0,3.0,4.0,17.0
1110.0,delete,6.889261633097992,796.0,124.0,6.889274029382985,1.0,3.0,2.0,4.0,17.0
1111.0,delete,6.889274029382985,796.0,124.0,6.889274029382985,1.0,3.0,2.0,4.0,16.0
1112.0,swap,6.8892740293829835,796.0,124.0,6.889274029382985,1.0,3.0,2.0,4.0,17.0
1113.0,add,5.533907992486726,797.0,8.0,6.374293971213377,10.0,1.0,1.0,0.0,6.0
1114.0,add,6.370822012184374,798.0,70.0,6.7191064432830485,5.0,6.0,4.0,4.0,15.0
1115.0,add,7.028014214755398,799.0,116.0,6.819032874898312,2.0,4.0,3.0,4.0,13.0
1116.0,delete,6.887481101909113,800.0,92.0,7.016532816574015,3.0,5.0,3.0,4.0,9.0
1117.0,add,6.926955002357599,801.0,121.0,6.7045642944184225,1.0,3.0,3.0,4.0,16.0
1118.0,add,6.356119189974436,802.0,43.0,6.630849948798659,6.0,3.0,1.0,2.0,19.0
1119.0,delete,6.76438461353453,803.0,123.0,6.889270930311737,1.0,3.0,3.0,4.0,16.0
1120.0,add,7.047838421861026,804.0,107.0,6.954531308629031,2.0,4.0,4.0,3.0,14.0
1121.0,delete,6.939651683920894,805.0,125.0,6.889274029382985,1.0,3.0,2.0,4.0,16.0
1122.0,delete,7.096166294190781,805.0,125.0,6.889274029382985,0.0,3.0,2.0,4.0,16.0
1123.0,swap,6.3111649252705835,805.0,125.0,6.889274029382985,1.0,3.0,1.0,5.0,16.0
1124.0,add,5.878395747099103,806.0,9.0,6.3861033022030105,10.0,2.0,1.0,0.0,6.0
1125.0,add,6.163710471608154,807.0,71.0,6.726232464018128,5.0,6.0,4.0,4.0,16.0
1126.0,add,6.874237684589555,808.0,117.0,6.787513701316255,2.0,3.0,3.0,4.0,15.0
1127.0,delete,6.705906672120341,809.0,93.0,7.022602324606644,3.0,5.0,3.0,3.0,9.0
1128.0,add,5.968396317840976,810.0,122.0,6.7829131677378705,1.0,3.0,3.0,4.0,17.0
1129.0,delete,6.889274029382985,811.0,124.0,6.809064233191311,1.0,3.0,2.0,4.0,16.0
1130.0,add,6.372283851991768,812.0,44.0,6.636131303478462,6.0,4.0,1.0,2.0,19.0
1131.0,delete,7.010709648002847,813.0,108.0,6.945769064637008,2.0,4.0,4.0,3.0,13.0
1132.0,delete,7.050172513287659,814.0,126.0,7.096166294190781,0.0,3.0,2.0,4.0,16.0
1133.0,delete,7.096166294190781,814.0,126.0,7.096166294190781,0.0,3.0,2.0,4.0,15.0
1134.0,swap,7.425945769035316,814.0,126.0,7.096166294190781,0.0,4.0,2.0,4.0,15.0
1135.0,add,5.533907992486726,815.0,10.0,6.3984674039475475,10.0,2.0,1.0,0.0,7.0
1136.0,delete,6.348352983950223,816.0,72.0,6.738257627240756,5.0,6.0,5.0,4.0,14.0
1137.0,delete,6.874237684589555,817.0,118.0,6.804859855006934,2.0,3.0,3.0,4.0,14.0
1138.0,delete,6.76438461353453,818.0,123.0,6.927500820338373,1.0,3.0,3.0,4.0,16.0
1139.0,add,6.905685335658929,819.0,94.0,7.023675507037831,2.0,5.0,3.0,5.0,9.0
1140.0,delete,6.311164925270581,820.0,125.0,7.167112717676134,1.0,3.0,1.0,4.0,16.0
1141.0,delete,6.024520271573542,821.0,45.0,6.642824714927843,6.0,4.0,0.0,2.0,19.0
1142.0,delete,7.187631507203054,822.0,109.0,6.9447608806042265,2.0,4.0,3.0,3.0,13.0
1143.0,delete,7.036241940030388,823.0,127.0,7.096166294190781,0.0,3.0,2.0,4.0,15.0
1144.0,add,6.508402928673536,823.0,127.0,7.096166294190781,0.0,3.0,2.0,4.0,16.0
1145.0,delete,7.096166294190781,823.0,127.0,7.096166294190781,0.0,3.0,2.0,4.0,14.0
1146.0,swap,6.6792815056144015,823.0,127.0,7.096166294190781,0.0,3.0,2.0,5.0,14.0
1147.0,add,5.533907992486726,824.0,11.0,6.40943744427566,10.0,2.0,1.0,0.0,8.0
1148.0,delete,6.736307033372606,825.0,73.0,6.745433826736965,5.0,6.0,5.0,4.0,13.0
1149.0,delete,6.921781052888638,826.0,119.0,6.783108402860596,0.0,3.0,3.0,4.0,15.0
1150.0,delete,6.957129295946283,827.0,95.0,7.017698887468919,2.0,5.0,3.0,4.0,9.0
1151.0,delete,6.889274029382985,828.0,124.0,6.871467164033975,1.0,3.0,2.0,4.0,16.0
1152.0,delete,6.008386598037,829.0,46.0,6.650327388053042,6.0,3.0,0.0,2.0,19.0
1153.0,delete,6.967506088661136,830.0,126.0,6.883251792539977,0.0,3.0,1.0,4.0,16.0
1154.0,add,6.816585694651949,831.0,110.0,6.941931911752536,2.0,4.0,4.0,3.0,13.0
1155.0,add,6.535471469186843,832.0,128.0,6.508402928673536,0.0,3.0,2.0,4.0,16.0
1156.0,add,6.970774350731521,832.0,128.0,6.508402928673536,0.0,3.0,2.0,4.0,17.0
1157.0,delete,6.5445883490726855,832.0,128.0,6.508402928673536,0.0,3.0,2.0,4.0,15.0
1158.0,swap,6.311646191787281,832.0,128.0,6.508402928673536,0.0,2.0,3.0,4.0,16.0
1159.0,add,5.533839987842662,833.0,12.0,6.42154618884963,10.0,2.0,1.0,1.0,8.0
1160.0,delete,6.757070668516389,834.0,74.0,6.747094687281187,4.0,6.0,4.0,4.0,14.0
1161.0,add,6.2608917610573,835.0,120.0,6.7681096369635325,1.0,3.0,3.0,3.0,16.0
1162.0,add,6.957129295946283,836.0,96.0,7.006077027434175,2.0,5.0,3.0,4.0,10.0
1163.0,delete,6.358939239593737,837.0,47.0,6.654932434056669,5.0,3.0,1.0,2.0,18.0
1164.0,delete,7.068383056756923,838.0,125.0,6.830692493851691,1.0,2.0,2.0,4.0,16.0
1165.0,add,7.096166294190781,839.0,127.0,6.574176657890374,0.0,3.0,2.0,4.0,16.0
1166.0,add,6.50294806909727,840.0,111.0,6.92188570978619,2.0,5.0,4.0,4.0,12.0
1167.0,delete,7.096166294190781,841.0,126.0,6.803855609666375,0.0,3.0,2.0,4.0,15.0
1168.0,add,6.184113671786691,842.0,75.0,6.748715427378205,5.0,6.0,4.0,4.0,14.0
1169.0,add,6.970774350731519,843.0,129.0,6.970774350731521,0.0,3.0,2.0,4.0,17.0
1170.0,delete,6.970774350731521,843.0,129.0,6.970774350731521,0.0,3.0,2.0,3.0,17.0
1171.0,swap,7.0619104478836165,843.0,129.0,6.970774350731521,0.0,3.0,3.0,4.0,16.0
1172.0,add,5.698964162807007,844.0,13.0,6.434184578452338,10.0,2.0,2.0,1.0,8.0
1173.0,add,6.871352913711937,845.0,121.0,6.79284611587984,1.0,3.0,3.0,4.0,16.0
1174.0,delete,6.757093620280765,846.0,48.0,6.660641780395656,5.0,2.0,1.0,2.0,18.0
1175.0,add,6.993587532937714,847.0,97.0,7.009457494356854,2.0,5.0,4.0,4.0,10.0
1176.0,add,6.286237014879718,848.0,128.0,6.993558375019544,0.0,3.0,3.0,4.0,16.0
1177.0,delete,7.187555754459944,849.0,112.0,6.919787055694722,2.0,4.0,3.0,4.0,13.0
1178.0,delete,6.994594610643709,850.0,130.0,6.970774350731521,0.0,3.0,2.0,3.0,17.0
1179.0,delete,6.466899570258396,850.0,130.0,6.970774350731521,0.0,3.0,2.0,3.0,16.0
1180.0,swap,6.378048562496568,850.0,130.0,6.970774350731521,0.0,2.0,3.0,3.0,17.0
1181.0,add,6.7123156618007025,851.0,76.0,6.752661686228252,5.0,6.0,5.0,5.0,13.0
1182.0,add,6.136304662656044,852.0,122.0,6.790506927576728,1.0,3.0,3.0,4.0,17.0
1183.0,add,5.722223731872872,853.0,14.0,6.4437102810645825,10.0,2.0,2.0,2.0,8.0
1184.0,add,7.044461392573081,854.0,127.0,6.699714499328284,0.0,3.0,3.0,4.0,15.0
1185.0,delete,6.970774350731521,855.0,129.0,6.702579273532548,0.0,3.0,2.0,4.0,16.0
1186.0,add,6.757093620280762,856.0,49.0,6.660931107045839,5.0,4.0,1.0,2.0,17.0
1187.0,add,7.034304776557027,857.0,98.0,6.999722546835817,2.0,5.0,4.0,4.0,11.0
1188.0,delete,7.324434682110209,858.0,113.0,6.895228410487956,2.0,4.0,4.0,4.0,11.0
1189.0,delete,6.466899570258395,859.0,131.0,6.466899570258396,0.0,3.0,2.0,3.0,16.0
1190.0,delete,6.636046882050384,859.0,131.0,6.466899570258396,0.0,3.0,2.0,3.0,15.0
1191.0,swap,6.178024863050936,859.0,131.0,6.466899570258396,0.0,3.0,3.0,3.0,15.0
1192.0,add,6.279317534625113,860.0,77.0,6.7533644117774925,5.0,7.0,5.0,4.0,14.0
1193.0,delete,6.711530911360184,861.0,123.0,6.805924977990385,1.0,3.0,3.0,4.0,16.0
1194.0,add,6.510917920736215,862.0,128.0,6.695979910370649,0.0,3.0,2.0,5.0,16.0
1195.0,add,6.1692885036673815,863.0,15.0,6.452018954944327,10.0,2.0,3.0,1.0,9.0
1196.0,delete,6.970774350731521,864.0,130.0,6.436967721404527,0.0,3.0,2.0,3.0,16.0
1197.0,delete,6.762035017710085,865.0,50.0,6.659820131835149,5.0,3.0,1.0,3.0,16.0
1198.0,delete,6.638204620133934,866.0,132.0,6.636046882050384,0.0,3.0,2.0,3.0,15.0
1199.0,delete,6.636046882050384,866.0,132.0,6.636046882050384,0.0,3.0,2.0,3.0,14.0
1200.0,swap,6.575710477549673,866.0,132.0,6.636046882050384,0.0,3.0,2.0,3.0,15.0
1201.0,add,7.1412467090728935,867.0,99.0,6.987024319886548,2.0,5.0,5.0,5.0,10.0
1202.0,add,7.254848470780073,868.0,114.0,6.847168242706733,2.0,5.0,3.0,4.0,12.0
1203.0,delete,7.068383056756923,869.0,124.0,6.78374742240753,1.0,2.0,2.0,4.0,17.0
1204.0,add,6.567860425131559,870.0,78.0,6.75856113684258,5.0,7.0,6.0,4.0,14.0
1205.0,delete,6.970774350731519,871.0,129.0,6.656899924223912,0.0,3.0,2.0,3.0,17.0
1206.0,delete,6.466899570258396,872.0,131.0,6.621502215446094,0.0,3.0,2.0,3.0,15.0
1207.0,add,5.26571742308188,873.0,16.0,6.4605232840300895,10.0,2.0,4.0,1.0,9.0
1208.0,delete,6.647605393323961,874.0,51.0,6.662131504522162,5.0,3.0,1.0,3.0,15.0
1209.0,delete,6.636046882050384,875.0,133.0,6.636046882050384,0.0,3.0,2.0,3.0,14.0
1210.0,add,6.983495759357333,875.0,133.0,6.636046882050384,0.0,4.0,2.0,3.0,14.0
1211.0,delete,6.598243134826772,875.0,133.0,6.636046882050384,0.0,3.0,2.0,3.0,13.0
1212.0,swap,7.130261683039509,875.0,133.0,6.636046882050384,0.0,3.0,3.0,3.0,13.0
1213.0,delete,6.928264284728904,876.0,100.0,6.98124179829861,2.0,5.0,3.0,5.0,11.0
1214.0,delete,7.230877036470738,877.0,115.0,6.820136489751054,2.0,3.0,3.0,4.0,13.0
1215.0,delete,6.73800663220622,878.0,125.0,6.785830803920428,1.0,3.0,1.0,4.0,16.0
1216.0,add,6.205236105308094,879.0,79.0,6.771162306629137,5.0,7.0,6.0,4.0,15.0
1217.0,delete,6.970774350731521,880.0,130.0,6.64488878812431,0.0,3.0,2.0,3.0,16.0
1218.0,delete,6.647605393323961,881.0,52.0,6.664283726382728,5.0,3.0,1.0,3.0,14.0
1219.0,add,6.288458500574253,882.0,17.0,6.467619516344434,10.0,2.0,3.0,1.0,11.0
1220.0,delete,6.682281030266532,883.0,132.0,6.796818868264876,0.0,3.0,2.0,3.0,14.0
1221.0,delete,7.324323590661005,884.0,101.0,6.971960054182481,2.0,4.0,4.0,5.0,10.0
1222.0,add,6.883778185995801,885.0,134.0,6.983495759357333,0.0,4.0,2.0,3.0,14.0
1223.0,add,6.98739854965072,885.0,134.0,6.983495759357333,0.0,4.0,3.0,3.0,14.0
1224.0,delete,7.328271893783602,885.0,134.0,6.983495759357333,0.0,4.0,2.0,3.0,13.0
1225.0,swap,7.188287440547324,885.0,134.0,6.983495759357333,0.0,4.0,2.0,3.0,14.0
1226.0,add,7.277557360386527,886.0,116.0,6.799929497794482,2.0,4.0,3.0,4.0,13.0
1227.0,delete,5.687580528862108,887.0,80.0,6.790704537146876,4.0,7.0,6.0,4.0,15.0
1228.0,delete,6.682281030266532,888.0,126.0,6.793224171932959,0.0,3.0,2.0,4.0,15.0
1229.0,delete,6.6476360529197525,889.0,53.0,6.667056641056727,5.0,3.0,1.0,3.0,13.0
1230.0,delete,6.2745137602952,890.0,131.0,6.812212356540054,0.0,3.0,1.0,3.0,16.0
1231.0,add,6.286644223767587,891.0,18.0,6.474325746754992,10.0,2.0,4.0,1.0,11.0
1232.0,delete,7.324323590661006,892.0,102.0,6.959048579301723,2.0,4.0,4.0,4.0,10.0
1233.0,add,6.215250915019949,893.0,133.0,7.074246365866955,0.0,3.0,2.0,3.0,15.0
1234.0,delete,5.743041523696238,894.0,132.0,6.842669305144391,0.0,3.0,1.0,3.0,15.0
1235.0,add,6.874237684589555,895.0,117.0,6.762368117112628,2.0,3.0,3.0,4.0,15.0
1236.0,add,6.98739854965072,896.0,135.0,6.98739854965072,0.0,4.0,3.0,3.0,14.0
1237.0,add,6.663511850898578,896.0,135.0,6.98739854965072,0.0,4.0,3.0,3.0,15.0
1238.0,delete,7.153643354502657,896.0,135.0,6.98739854965072,0.0,4.0,3.0,3.0,13.0
1239.0,swap,6.588034457261821,896.0,135.0,6.98739854965072,0.0,4.0,3.0,3.0,14.0
1240.0,delete,6.036681900134211,897.0,81.0,6.802815288847195,5.0,7.0,5.0,4.0,14.0
1241.0,add,6.612741505395618,898.0,54.0,6.666776990338409,5.0,4.0,1.0,3.0,13.0
1242.0,delete,7.378808494848526,899.0,103.0,6.935609440512037,2.0,4.0,3.0,3.0,11.0
1243.0,add,6.286644223767587,900.0,19.0,6.480167990362792,10.0,2.0,4.0,1.0,12.0
1244.0,add,6.7364153026608635,901.0,127.0,6.718477548659484,0.0,4.0,2.0,4.0,15.0
1245.0,add,6.597879471699635,902.0,134.0,6.875997352392899,0.0,5.0,2.0,3.0,14.0
1246.0,delete,6.874237684589555,903.0,118.0,6.763510632073159,2.0,3.0,3.0,4.0,14.0
1247.0,add,6.649941426208705,904.0,133.0,6.870631857124377,0.0,3.0,2.0,4.0,14.0
1248.0,add,6.663511850898577,905.0,136.0,6.663511850898578,0.0,4.0,3.0,3.0,15.0
1249.0,add,6.708978347418793,905.0,136.0,6.663511850898578,0.0,4.0,3.0,3.0,16.0
1250.0,delete,6.7528091349364505,905.0,136.0,6.663511850898578,0.0,4.0,3.0,3.0,14.0
1251.0,swap,6.98739854965072,905.0,136.0,6.663511850898578,0.0,4.0,3.0,4.0,14.0
1252.0,delete,6.443762631160142,906.0,82.0,6.816160918933422,4.0,7.0,5.0,4.0,14.0
1253.0,add,6.6476360529197525,907.0,55.0,6.669207408375337,5.0,3.0,1.0,3.0,15.0
1254.0,add,7.319342530374052,908.0,104.0,6.915935787164926,2.0,4.0,5.0,3.0,10.0
1255.0,add,5.813109880646777,909.0,20.0,6.490887632055001,10.0,2.0,4.0,1.0,13.0
1256.0,add,6.049285875260567,910.0,128.0,6.726091409500642,0.0,3.0,2.0,4.0,17.0
1257.0,delete,7.127028051463414,911.0,119.0,6.748364510597442,1.0,3.0,2.0,4.0,15.0
1258.0,add,6.93607679735447,912.0,135.0,6.755241946760624,0.0,4.0,4.0,3.0,14.0
1259.0,add,6.975953629059425,913.0,134.0,6.820603719447559,0.0,4.0,2.0,4.0,14.0
1260.0,delete,6.7829029286331926,914.0,83.0,6.8249809604621845,4.0,7.0,5.0,4.0,13.0
1261.0,delete,6.970774350731521,915.0,129.0,6.733519372832776,0.0,3.0,2.0,4.0,16.0
1262.0,add,6.708978347418793,916.0,137.0,6.708978347418793,0.0,4.0,3.0,3.0,16.0
1263.0,add,6.397041585595701,916.0,137.0,6.708978347418793,0.0,4.0,3.0,3.0,17.0
1264.0,delete,6.864770024248941,916.0,137.0,6.708978347418793,0.0,4.0,3.0,3.0,15.0
1265.0,swap,6.511951061629804,916.0,137.0,6.708978347418793,0.0,4.0,3.0,3.0,16.0
1266.0,add,6.67347771688965,917.0,56.0,6.672618874540973,5.0,3.0,2.0,4.0,14.0
1267.0,add,5.819427688972463,918.0,21.0,6.500754770128213,10.0,2.0,4.0,2.0,13.0
1268.0,add,7.3243235906610105,919.0,105.0,6.896216316810974,2.0,4.0,4.0,3.0,12.0
1269.0,add,6.926955002357596,920.0,120.0,6.7445366170930106,1.0,3.0,3.0,4.0,15.0
1270.0,add,6.800026844420355,921.0,136.0,6.638343873262405,0.0,4.0,3.0,3.0,16.0
1271.0,delete,6.397192664783624,922.0,84.0,6.830086939241765,4.0,7.0,5.0,4.0,12.0
1272.0,delete,6.525075432398426,923.0,130.0,6.707821978934796,0.0,3.0,2.0,3.0,16.0
1273.0,add,6.98649799384001,924.0,135.0,6.726823126770108,0.0,5.0,3.0,3.0,14.0
1274.0,add,6.382572993802014,925.0,138.0,6.397041585595701,0.0,4.0,3.0,3.0,17.0
1275.0,add,6.397041585595701,925.0,138.0,6.397041585595701,0.0,4.0,3.0,3.0,18.0
1276.0,delete,5.685438471032013,925.0,138.0,6.397041585595701,0.0,3.0,3.0,3.0,17.0
1277.0,swap,6.308500166383009,925.0,138.0,6.397041585595701,0.0,5.0,3.0,3.0,16.0
1278.0,add,6.33288082353636,926.0,57.0,6.673968292509507,5.0,4.0,1.0,5.0,14.0
1279.0,add,5.813125516122908,927.0,22.0,6.508707270435748,10.0,3.0,4.0,1.0,14.0
1280.0,add,7.3243235906610105,928.0,106.0,6.870356340248279,2.0,4.0,4.0,3.0,13.0
1281.0,add,6.899820588766522,929.0,121.0,6.720755073637106,1.0,3.0,3.0,4.0,16.0
1282.0,delete,6.28433460406953,930.0,85.0,6.8337013862374105,4.0,6.0,4.0,4.0,13.0
1283.0,delete,5.886741274990289,931.0,131.0,6.674659889335359,0.0,2.0,2.0,3.0,16.0
1284.0,add,6.79091111466014,932.0,137.0,6.234118960481687,0.0,5.0,3.0,3.0,16.0
1285.0,add,6.214440264631757,933.0,136.0,6.505110049291388,0.0,4.0,3.0,3.0,16.0
1286.0,add,6.382020736275504,934.0,139.0,6.397041585595701,0.0,4.0,3.0,3.0,18.0
1287.0,add,5.919524818928536,934.0,139.0,6.397041585595701,0.0,4.0,4.0,3.0,18.0
1288.0,delete,6.3559771650457035,934.0,139.0,6.397041585595701,0.0,4.0,3.0,3.0,17.0
1289.0,swap,6.756015563599684,934.0,139.0,6.397041585595701,0.0,5.0,3.0,3.0,17.0
1290.0,add,6.3855727905366155,935.0,58.0,6.677116656770652,5.0,5.0,2.0,4.0,14.0
1291.0,add,5.919713715408239,936.0,23.0,6.5158577025508775,10.0,3.0,4.0,2.0,14.0
1292.0,add,6.747325656606418,937.0,107.0,6.84097014105051,2.0,4.0,4.0,3.0,14.0
1293.0,delete,6.397957522993101,938.0,86.0,6.836493375817299,4.0,7.0,4.0,4.0,11.0
1294.0,add,6.7665629384278345,939.0,122.0,6.697535247073973,1.0,3.0,4.0,4.0,16.0
1295.0,delete,6.636046882050384,940.0,132.0,6.653481250923318,0.0,3.0,2.0,3.0,14.0
1296.0,add,6.478560518252954,941.0,138.0,6.362115973889026,0.0,5.0,3.0,3.0,17.0
1297.0,add,6.512376385569413,942.0,137.0,6.350327701742814,0.0,5.0,3.0,3.0,16.0
1298.0,add,5.872748278887046,943.0,140.0,5.919524818928536,0.0,4.0,4.0,3.0,18.0
1299.0,add,5.109965778892428,943.0,140.0,5.919524818928536,0.0,4.0,4.0,3.0,19.0
1300.0,delete,5.919524818928536,943.0,140.0,5.919524818928536,0.0,4.0,4.0,3.0,17.0
1301.0,swap,5.621442327318436,943.0,140.0,5.919524818928536,0.0,5.0,3.0,3.0,18.0
1302.0,add,6.315581538682486,944.0,59.0,6.674527818357834,5.0,5.0,2.0,4.0,15.0
1303.0,add,5.92818096776081,945.0,24.0,6.519471039978637,10.0,2.0,4.0,2.0,16.0
1304.0,delete,6.110492818876575,946.0,87.0,6.837152200016296,2.0,7.0,4.0,4.0,12.0
1305.0,delete,7.010709648002847,947.0,108.0,6.813450601897891,2.0,4.0,4.0,3.0,13.0
1306.0,delete,6.76438461353453,948.0,123.0,6.664738373167541,1.0,3.0,3.0,4.0,16.0
1307.0,add,6.636046882050384,949.0,133.0,6.555698675221294,0.0,3.0,2.0,3.0,15.0
1308.0,add,6.743403486754425,950.0,139.0,5.688641204590996,0.0,5.0,3.0,3.0,18.0
1309.0,add,5.733311020855881,951.0,138.0,6.141475007134451,0.0,4.0,3.0,3.0,18.0
1310.0,add,5.377123336634935,952.0,141.0,5.109965778892428,0.0,4.0,4.0,3.0,19.0
1311.0,delete,5.109965778892428,952.0,141.0,5.109965778892428,0.0,4.0,4.0,3.0,18.0
1312.0,swap,4.267975352164136,952.0,141.0,5.109965778892428,0.0,5.0,3.0,3.0,19.0
1313.0,add,6.4963196966240035,953.0,60.0,6.667895486755117,5.0,5.0,2.0,4.0,16.0
1314.0,delete,6.062963108387143,954.0,88.0,6.8415867947943045,3.0,6.0,4.0,4.0,11.0
1315.0,add,5.724024472195687,955.0,25.0,6.521537396510782,10.0,2.0,4.0,2.0,17.0
1316.0,delete,6.749789209306854,956.0,109.0,6.776397797507298,2.0,4.0,3.0,3.0,13.0
1317.0,delete,6.889274029382985,957.0,124.0,6.59638610158559,1.0,3.0,2.0,4.0,16.0
1318.0,add,6.922130014035107,958.0,134.0,6.3643769323907895,0.0,4.0,2.0,3.0,15.0
1319.0,add,5.466186235916419,959.0,140.0,4.966257561645982,0.0,4.0,4.0,3.0,19.0
1320.0,delete,5.022555504718267,960.0,142.0,5.109965778892428,0.0,4.0,4.0,3.0,18.0
1321.0,delete,4.131221678531493,960.0,142.0,5.109965778892428,0.0,3.0,4.0,3.0,18.0
1322.0,swap,5.693687763472892,960.0,142.0,5.109965778892428,0.0,4.0,3.0,3.0,19.0
1323.0,add,7.042158775864925,961.0,110.0,6.739495978122037,2.0,4.0,5.0,3.0,12.0
1324.0,delete,5.757973507829898,962.0,89.0,6.841476755688062,3.0,6.0,3.0,4.0,11.0
1325.0,add,6.4277718242562925,963.0,61.0,6.6604859538778625,5.0,5.0,3.0,4.0,16.0
1326.0,delete,6.564245456143821,964.0,125.0,6.526240469665612,1.0,3.0,2.0,4.0,15.0
1327.0,add,5.726132716960405,965.0,26.0,6.52490153145849,10.0,2.0,4.0,2.0,18.0
1328.0,add,6.492169594969564,966.0,139.0,5.404255781541537,0.0,4.0,4.0,3.0,18.0
1329.0,delete,5.086618119481623,967.0,141.0,4.98935768140377,0.0,4.0,4.0,3.0,18.0
1330.0,add,6.931512718032762,968.0,135.0,6.123405929448874,0.0,4.0,3.0,3.0,15.0
1331.0,delete,4.1312216785314915,969.0,143.0,4.131221678531493,0.0,3.0,4.0,3.0,18.0
1332.0,delete,4.099116136983059,969.0,143.0,4.131221678531493,0.0,3.0,4.0,3.0,17.0
1333.0,swap,4.384453765588659,969.0,143.0,4.131221678531493,0.0,3.0,5.0,3.0,17.0
1334.0,delete,7.0961662941907795,970.0,126.0,6.422664516948352,0.0,3.0,2.0,3.0,16.0
1335.0,delete,6.182590797077873,971.0,90.0,6.828185902725268,3.0,6.0,4.0,3.0,10.0
1336.0,add,6.331566037643178,972.0,111.0,6.688730950065585,2.0,4.0,4.0,4.0,13.0
1337.0,add,6.6545945776869715,973.0,62.0,6.649426441896197,5.0,7.0,3.0,4.0,15.0
1338.0,add,5.9608723724605435,974.0,140.0,4.823340927483986,0.0,4.0,5.0,3.0,18.0
1339.0,add,5.592841078410182,975.0,27.0,6.52534187582956,10.0,2.0,4.0,2.0,19.0
1340.0,delete,5.825444081301341,976.0,142.0,4.186503314908676,0.0,4.0,4.0,3.0,17.0
1341.0,delete,4.053234428128774,977.0,144.0,4.099116136983059,0.0,3.0,4.0,3.0,17.0
1342.0,add,4.099116136983059,977.0,144.0,4.099116136983059,0.0,3.0,4.0,4.0,17.0
1343.0,delete,5.561205870243261,977.0,144.0,4.099116136983059,0.0,3.0,4.0,3.0,16.0
1344.0,swap,3.9232055845841844,977.0,144.0,4.099116136983059,0.0,2.0,4.0,3.0,18.0
1345.0,add,6.87608421487208,978.0,136.0,5.710973693469803,0.0,4.0,3.0,3.0,16.0
1346.0,delete,6.693133263502937,979.0,91.0,6.808479081199987,2.0,6.0,4.0,4.0,9.0
1347.0,delete,7.1671216618344955,980.0,112.0,6.634174578710525,2.0,3.0,4.0,4.0,13.0
1348.0,delete,6.596703409685476,981.0,63.0,6.636611520398246,5.0,5.0,3.0,4.0,16.0
1349.0,add,7.092003382646091,982.0,127.0,6.301540529119222,0.0,3.0,2.0,4.0,16.0
1350.0,delete,5.124290771757751,983.0,141.0,4.701618963649272,0.0,4.0,4.0,3.0,18.0
1351.0,add,5.725262926515135,984.0,28.0,6.526046680501459,10.0,3.0,4.0,2.0,19.0
1352.0,delete,3.919079510430461,985.0,143.0,4.347175631384467,0.0,2.0,4.0,3.0,18.0
1353.0,add,4.042851222938018,986.0,145.0,4.099116136983059,0.0,3.0,4.0,4.0,17.0
1354.0,add,3.7119695738467477,986.0,145.0,4.099116136983059,0.0,3.0,5.0,4.0,17.0
1355.0,delete,5.5612058702432625,986.0,145.0,4.099116136983059,0.0,3.0,4.0,4.0,16.0
1356.0,swap,4.943494649263363,986.0,145.0,4.099116136983059,0.0,2.0,5.0,4.0,17.0
1357.0,delete,6.29969917878744,987.0,92.0,6.777060192491923,3.0,6.0,2.0,4.0,9.0
1358.0,delete,7.324434682110209,988.0,113.0,6.562731935094711,2.0,4.0,4.0,4.0,11.0
1359.0,delete,6.808619877583668,989.0,64.0,6.619722828674582,5.0,6.0,3.0,3.0,15.0
1360.0,add,6.717704077333395,990.0,137.0,5.413205757962926,0.0,4.0,4.0,3.0,16.0
1361.0,add,6.641632818665344,991.0,128.0,6.176476252135574,0.0,3.0,3.0,4.0,16.0
1362.0,delete,4.821967060726326,992.0,142.0,4.456201441971227,0.0,4.0,3.0,3.0,18.0
1363.0,add,5.693128905726543,993.0,29.0,6.524906040632159,10.0,3.0,4.0,2.0,20.0
1364.0,add,4.773452944552471,994.0,144.0,4.4717274906548905,0.0,3.0,4.0,3.0,18.0
1365.0,delete,4.131221678531491,995.0,143.0,4.42617562983606,0.0,3.0,4.0,2.0,18.0
1366.0,add,5.886768625997624,996.0,138.0,5.205242123107973,0.0,4.0,3.0,3.0,18.0
1367.0,add,3.6811950575115038,997.0,146.0,3.7119695738467477,0.0,3.0,5.0,4.0,17.0
1368.0,add,3.750273659614162,997.0,146.0,3.7119695738467477,0.0,3.0,5.0,4.0,18.0
1369.0,delete,5.114713559256,997.0,146.0,3.7119695738467477,0.0,3.0,5.0,4.0,16.0
1370.0,swap,4.3135112636729325,997.0,146.0,3.7119695738467477,0.0,3.0,5.0,4.0,17.0
1371.0,delete,6.596062889276661,998.0,65.0,6.595180527717958,5.0,6.0,3.0,3.0,14.0
1372.0,delete,6.70590667212034,999.0,93.0,6.734829611284456,3.0,5.0,3.0,4.0,8.0
1373.0,add,7.42808643585439,1000.0,114.0,6.464817977165863,2.0,5.0,3.0,4.0,12.0
1374.0,delete,7.045364525852187,1001.0,129.0,6.025228669302576,0.0,3.0,2.0,4.0,16.0
1375.0,add,5.944381789427154,1002.0,30.0,6.522027842072401,10.0,4.0,4.0,2.0,20.0
1376.0,add,4.635565895616313,1003.0,145.0,4.114332622780269,0.0,3.0,4.0,4.0,18.0
1377.0,add,5.243787270874212,1004.0,144.0,4.420668166681621,0.0,3.0,5.0,3.0,17.0
1378.0,add,6.397041585595701,1005.0,139.0,4.913860587644373,0.0,4.0,3.0,4.0,18.0
1379.0,add,3.7502439571428567,1006.0,147.0,3.750273659614162,0.0,3.0,5.0,4.0,18.0
1380.0,add,2.221040364651064,1006.0,147.0,3.750273659614162,0.0,3.0,5.0,4.0,19.0
1381.0,delete,4.493343571471225,1006.0,147.0,3.750273659614162,0.0,3.0,5.0,4.0,17.0
1382.0,swap,5.2310509515569334,1006.0,147.0,3.750273659614162,0.0,3.0,5.0,5.0,17.0
1383.0,delete,6.2973707734007975,1007.0,66.0,6.576666280144103,5.0,5.0,3.0,3.0,14.0
1384.0,add,6.680301067994936,1008.0,94.0,6.696673025569566,2.0,5.0,3.0,4.0,10.0
1385.0,delete,7.323260998874739,1009.0,115.0,6.379345633479938,2.0,3.0,3.0,4.0,13.0
1386.0,delete,5.6931289057265415,1010.0,31.0,6.518431047962551,10.0,2.0,4.0,2.0,21.0
1387.0,delete,6.553686978941248,1011.0,130.0,5.879429663126761,0.0,3.0,2.0,3.0,16.0
1388.0,add,5.16656550124091,1012.0,146.0,3.8891905008872483,0.0,3.0,5.0,4.0,18.0
1389.0,add,3.0092013415530996,1013.0,145.0,4.188133941416423,0.0,4.0,4.0,4.0,17.0
1390.0,add,6.246485999382167,1014.0,140.0,4.588287058460514,0.0,4.0,4.0,3.0,19.0
1391.0,delete,7.205698832961633,1015.0,95.0,6.677497116713137,1.0,5.0,3.0,4.0,10.0
1392.0,delete,5.9933448118614265,1016.0,131.0,5.805724699343693,0.0,3.0,1.0,3.0,16.0
1393.0,add,6.296963382366437,1017.0,67.0,6.572937657994021,5.0,6.0,4.0,3.0,13.0
1394.0,add,7.208798894634906,1018.0,116.0,6.323158307584266,2.0,3.0,4.0,4.0,13.0
1395.0,add,2.1817249564266286,1019.0,148.0,2.221040364651064,0.0,3.0,5.0,4.0,19.0
1396.0,add,3.0009155440691306,1019.0,148.0,2.221040364651064,0.0,3.0,5.0,4.0,20.0
1397.0,delete,3.074472651038921,1019.0,148.0,2.221040364651064,0.0,3.0,5.0,4.0,18.0
1398.0,swap,2.9361363387384296,1019.0,148.0,2.221040364651064,0.0,4.0,5.0,4.0,18.0
1399.0,delete,5.335682428081432,1020.0,32.0,6.507213440131781,8.0,3.0,4.0,2.0,21.0
1400.0,add,4.597233691197322,1021.0,147.0,2.682857970984835,0.0,3.0,5.0,4.0,19.0
1401.0,delete,5.419714011527343,1022.0,141.0,4.321834753470823,0.0,4.0,4.0,3.0,18.0
1402.0,delete,6.636046882050387,1023.0,132.0,5.636431371968396,0.0,3.0,2.0,2.0,15.0
1403.0,add,6.957129295946283,1024.0,96.0,6.622299769394133,2.0,5.0,3.0,4.0,10.0
1404.0,add,3.7119695738467477,1025.0,146.0,3.673000107922508,0.0,3.0,5.0,4.0,18.0
1405.0,add,6.733289670841335,1026.0,68.0,6.546520138907861,5.0,6.0,3.0,4.0,14.0
1406.0,add,6.875547811926215,1027.0,117.0,6.206964474576311,2.0,3.0,3.0,5.0,14.0
1407.0,add,3.0009155440691297,1028.0,149.0,3.0009155440691306,0.0,3.0,5.0,4.0,20.0
1408.0,delete,4.0841631510289895,1028.0,149.0,3.0009155440691306,0.0,3.0,5.0,4.0,19.0
1409.0,swap,4.836121573576891,1028.0,149.0,3.0009155440691306,0.0,3.0,6.0,4.0,19.0
1410.0,delete,6.2026175766303755,1029.0,33.0,6.502191940862697,8.0,3.0,4.0,2.0,20.0
1411.0,add,2.588060713254478,1030.0,148.0,3.730528953186035,0.0,4.0,5.0,4.0,19.0
1412.0,delete,5.109965778892428,1031.0,142.0,4.121427384687574,0.0,4.0,4.0,3.0,17.0
1413.0,delete,4.084163151028989,1032.0,150.0,4.0841631510289895,0.0,3.0,5.0,4.0,19.0
1414.0,delete,4.0841631510289895,1032.0,150.0,4.0841631510289895,0.0,3.0,5.0,4.0,18.0
1415.0,swap,4.8319333695233615,1032.0,150.0,4.0841631510289895,0.0,4.0,5.0,4.0,18.0
1416.0,add,6.776502406791478,1033.0,97.0,6.558118345274827,2.0,5.0,4.0,4.0,10.0
1417.0,add,6.440466675989857,1034.0,69.0,6.519288657225785,5.0,6.0,4.0,4.0,14.0
1418.0,delete,6.972409435670493,1035.0,118.0,6.10895488300672,2.0,3.0,2.0,4.0,15.0
1419.0,delete,6.325156975329708,1036.0,34.0,6.49765981347886,7.0,3.0,3.0,2.0,21.0
1420.0,add,6.613827367951311,1037.0,133.0,5.434475845471596,0.0,4.0,2.0,3.0,14.0
1421.0,add,5.202179081206206,1038.0,147.0,3.5016187845871016,0.0,3.0,5.0,4.0,19.0
1422.0,delete,3.895685423645507,1039.0,149.0,4.271105705652582,0.0,3.0,4.0,4.0,20.0
1423.0,delete,3.718777698228816,1040.0,143.0,4.090755997809464,0.0,3.0,3.0,3.0,18.0
1424.0,delete,4.0841631510289895,1041.0,151.0,4.0841631510289895,0.0,3.0,5.0,4.0,18.0
1425.0,delete,3.9834979848341914,1041.0,151.0,4.0841631510289895,0.0,3.0,4.0,4.0,18.0
1426.0,swap,2.8953143627921576,1041.0,151.0,4.0841631510289895,0.0,3.0,5.0,4.0,18.0
1427.0,add,7.1920176767809965,1042.0,98.0,6.510744886316797,2.0,5.0,5.0,4.0,10.0
1428.0,delete,6.926955002357599,1043.0,119.0,6.0259891984030025,1.0,3.0,3.0,4.0,14.0
1429.0,add,6.369574962479253,1044.0,70.0,6.499773854039637,5.0,6.0,4.0,4.0,15.0
1430.0,delete,6.326281349084435,1045.0,35.0,6.486140709132125,7.0,3.0,3.0,1.0,21.0
1431.0,add,6.71654600340359,1046.0,134.0,5.253204205124456,0.0,4.0,2.0,3.0,15.0
1432.0,add,2.8510838589144454,1047.0,148.0,3.7807580933234006,0.0,4.0,5.0,4.0,19.0
1433.0,delete,3.998694876981163,1048.0,150.0,3.761784662421082,0.0,3.0,5.0,4.0,18.0
1434.0,delete,3.997730886487053,1049.0,152.0,3.9834979848341914,0.0,3.0,4.0,4.0,18.0
1435.0,add,4.179451242594278,1049.0,152.0,3.9834979848341914,0.0,3.0,5.0,4.0,18.0
1436.0,delete,2.024041850073558,1049.0,152.0,3.9834979848341914,0.0,2.0,4.0,4.0,18.0
1437.0,swap,4.212799258184425,1049.0,152.0,3.9834979848341914,0.0,3.0,3.0,5.0,18.0
1438.0,add,6.751731026863577,1050.0,120.0,5.928434610506217,1.0,4.0,3.0,3.0,15.0
1439.0,add,6.8650948298719285,1051.0,99.0,6.457902052072268,2.0,5.0,4.0,5.0,11.0
1440.0,add,6.982093726792986,1052.0,135.0,5.0405038928940575,0.0,5.0,3.0,3.0,14.0
1441.0,delete,6.624295665966154,1053.0,36.0,6.4719033380429085,6.0,3.0,2.0,2.0,21.0
1442.0,add,6.274129156216319,1054.0,71.0,6.474348184353973,5.0,6.0,4.0,4.0,16.0
1443.0,add,4.953183705631108,1055.0,144.0,3.9542666232751946,0.0,3.0,4.0,3.0,18.0
1444.0,delete,2.9700689095742923,1056.0,149.0,3.8735232199408958,0.0,3.0,5.0,4.0,19.0
1445.0,delete,4.798974603511456,1057.0,151.0,3.679504244434701,0.0,3.0,4.0,4.0,18.0
1446.0,add,4.259766465050544,1058.0,153.0,4.179451242594278,0.0,3.0,5.0,4.0,18.0
1447.0,add,4.3944153867794205,1058.0,153.0,4.179451242594278,0.0,3.0,5.0,4.0,19.0
1448.0,delete,5.552373974258026,1058.0,153.0,4.179451242594278,0.0,3.0,5.0,4.0,17.0
1449.0,swap,4.604142283528212,1058.0,153.0,4.179451242594278,0.0,3.0,6.0,4.0,17.0
1450.0,delete,7.2303218134226395,1059.0,100.0,6.412092984829408,2.0,5.0,3.0,5.0,11.0
1451.0,add,6.761469485603806,1060.0,121.0,5.854028970939838,1.0,3.0,4.0,4.0,15.0
1452.0,delete,6.098582372479851,1061.0,37.0,6.461280786982273,6.0,3.0,3.0,2.0,19.0
1453.0,delete,6.34763791584246,1062.0,72.0,6.457724305414875,5.0,6.0,4.0,4.0,15.0
1454.0,add,6.211992268076591,1063.0,136.0,4.87983336772466,0.0,5.0,3.0,3.0,15.0
1455.0,add,4.80221954136361,1064.0,145.0,3.9046436120334675,0.0,3.0,4.0,4.0,18.0
1456.0,delete,4.228173026001692,1065.0,150.0,4.076394962652318,0.0,3.0,5.0,4.0,18.0
1457.0,add,3.8339015939833754,1066.0,152.0,4.598029870442096,0.0,4.0,4.0,4.0,18.0
1458.0,delete,4.053926526685989,1067.0,151.0,4.167372320844049,0.0,3.0,5.0,4.0,17.0
1459.0,add,4.892023701823112,1068.0,146.0,3.888330157964618,0.0,3.0,5.0,4.0,18.0
1460.0,add,4.456012936123308,1069.0,154.0,4.3944153867794205,0.0,3.0,5.0,4.0,19.0
1461.0,add,3.917007360237709,1069.0,154.0,4.3944153867794205,0.0,3.0,5.0,4.0,20.0
1462.0,delete,6.3884161864254425,1069.0,154.0,4.3944153867794205,0.0,3.0,5.0,4.0,18.0
1463.0,swap,4.808016991732426,1069.0,154.0,4.3944153867794205,0.0,4.0,5.0,4.0,18.0
1464.0,delete,6.8566882766971275,1070.0,38.0,6.444981800138231,6.0,3.0,3.0,2.0,18.0
1465.0,delete,6.660690380462569,1071.0,73.0,6.431881254558593,4.0,6.0,5.0,4.0,14.0
1466.0,delete,7.176611285729987,1072.0,101.0,6.355619900721879,1.0,4.0,4.0,5.0,11.0
1467.0,add,6.676996568025901,1073.0,122.0,5.772129704061301,1.0,3.0,3.0,4.0,17.0
1468.0,add,6.738059574990053,1074.0,137.0,4.734975694881266,0.0,4.0,3.0,3.0,17.0
1469.0,add,4.037759422233186,1075.0,153.0,4.792773772259661,0.0,3.0,5.0,4.0,19.0
1470.0,add,3.746487863068927,1076.0,152.0,4.584660349358721,0.0,4.0,4.0,4.0,18.0
1471.0,add,3.7119695738467477,1077.0,147.0,3.920387941168418,0.0,3.0,5.0,4.0,19.0
1472.0,delete,7.176611285729986,1078.0,102.0,6.318135588427377,1.0,4.0,4.0,4.0,11.0
1473.0,add,3.9114160566560217,1079.0,155.0,3.917007360237709,0.0,3.0,5.0,4.0,20.0
1474.0,delete,3.917007360237709,1079.0,155.0,3.917007360237709,0.0,3.0,5.0,4.0,19.0
1475.0,swap,4.482413586311572,1079.0,155.0,3.917007360237709,0.0,3.0,5.0,4.0,20.0
1476.0,delete,6.17543542116558,1080.0,39.0,6.433446586641581,6.0,3.0,2.0,1.0,19.0
1477.0,delete,6.394835986124104,1081.0,74.0,6.408960954663053,5.0,6.0,4.0,4.0,13.0
1478.0,delete,7.1462066365207555,1082.0,123.0,5.70244147602301,1.0,3.0,3.0,4.0,16.0
1479.0,add,5.943845152431889,1083.0,138.0,4.577184284811944,0.0,4.0,3.0,3.0,18.0
1480.0,add,4.394415386779421,1084.0,154.0,4.056961090860753,0.0,3.0,5.0,5.0,19.0
1481.0,delete,3.91522978883775,1085.0,156.0,3.917007360237709,0.0,3.0,5.0,4.0,19.0
1482.0,add,4.3944153867794205,1085.0,156.0,3.917007360237709,0.0,3.0,5.0,4.0,20.0
1483.0,delete,5.286232365691177,1085.0,156.0,3.917007360237709,0.0,3.0,5.0,4.0,18.0
1484.0,swap,3.5400905530595517,1085.0,156.0,3.917007360237709,0.0,2.0,6.0,4.0,19.0
1485.0,delete,7.3243235906610105,1086.0,103.0,6.256691495944281,2.0,4.0,4.0,3.0,10.0
1486.0,add,5.690887829507485,1087.0,40.0,6.425810737413682,6.0,3.0,1.0,2.0,20.0
1487.0,add,6.185555268070021,1088.0,75.0,6.389812693059728,5.0,6.0,4.0,4.0,14.0
1488.0,delete,6.8887070482909865,1089.0,124.0,5.635019037259167,1.0,3.0,2.0,3.0,17.0
1489.0,add,2.847069508494122,1090.0,148.0,4.061550319674692,0.0,3.0,5.0,4.0,20.0
1490.0,add,6.436674767544936,1091.0,139.0,4.429781755976945,0.0,4.0,3.0,3.0,19.0
1491.0,add,5.362627011024205,1092.0,153.0,4.417346340563151,0.0,3.0,5.0,4.0,19.0
1492.0,delete,3.8504503640699066,1093.0,155.0,4.210595090921122,0.0,3.0,5.0,4.0,19.0
1493.0,add,4.3897437420032075,1094.0,157.0,4.3944153867794205,0.0,3.0,5.0,4.0,20.0
1494.0,add,5.180887011400915,1094.0,157.0,4.3944153867794205,0.0,3.0,5.0,4.0,21.0
1495.0,delete,4.3944153867794205,1094.0,157.0,4.3944153867794205,0.0,3.0,5.0,4.0,19.0
1496.0,swap,3.933256974246951,1094.0,157.0,4.3944153867794205,0.0,4.0,4.0,4.0,20.0
1497.0,delete,6.356078241561188,1095.0,41.0,6.412183452637922,6.0,3.0,1.0,2.0,19.0
1498.0,add,7.32432359066101,1096.0,104.0,6.200295773753551,2.0,4.0,4.0,4.0,10.0
1499.0,add,6.708491395998197,1097.0,76.0,6.366290391748145,5.0,6.0,5.0,5.0,13.0
1500.0,delete,6.889274029382985,1098.0,125.0,5.555777416633352,1.0,3.0,2.0,4.0,15.0
1501.0,delete,3.564163907973111,1099.0,149.0,4.222805865769117,0.0,2.0,5.0,4.0,20.0
1502.0,add,6.092670751541456,1100.0,140.0,4.309288515644744,0.0,5.0,4.0,3.0,18.0
1503.0,add,5.3126208063873905,1101.0,154.0,4.250498665935052,0.0,4.0,5.0,4.0,19.0
1504.0,add,5.11698111625129,1102.0,156.0,4.458543700241983,0.0,3.0,5.0,4.0,20.0
1505.0,delete,4.0841631510289895,1103.0,150.0,4.305677802054882,0.0,3.0,5.0,3.0,19.0
1506.0,delete,7.0961662941907795,1104.0,126.0,5.495160920930349,0.0,3.0,2.0,3.0,16.0
1507.0,add,7.010709648002847,1105.0,105.0,6.163073582944878,2.0,4.0,4.0,3.0,12.0
1508.0,delete,6.35636521106441,1106.0,42.0,6.407242552383347,6.0,3.0,1.0,2.0,18.0
1509.0,delete,3.9170073602377093,1107.0,155.0,4.356246368123391,0.0,3.0,5.0,3.0,20.0
1510.0,add,5.168240415522691,1108.0,158.0,5.180887011400915,0.0,3.0,5.0,4.0,21.0
1511.0,add,5.479083975517474,1108.0,158.0,5.180887011400915,0.0,3.0,5.0,4.0,22.0
1512.0,delete,7.128893893038152,1108.0,158.0,5.180887011400915,0.0,3.0,5.0,4.0,20.0
1513.0,swap,5.228359128705379,1108.0,158.0,5.180887011400915,0.0,3.0,5.0,4.0,21.0
1514.0,add,6.436834181792565,1109.0,77.0,6.345092521922955,5.0,8.0,5.0,4.0,13.0
1515.0,delete,5.72217944292154,1110.0,141.0,4.313020859298101,0.0,4.0,3.0,3.0,19.0
1516.0,delete,6.19655338237331,1111.0,151.0,4.501346422700739,0.0,3.0,5.0,4.0,17.0
1517.0,add,4.3944153867794205,1112.0,157.0,5.637092884836922,0.0,3.0,5.0,5.0,20.0
1518.0,add,7.096166294190781,1113.0,127.0,5.436678478144182,0.0,3.0,2.0,4.0,16.0
1519.0,add,7.323943906111881,1114.0,106.0,6.126011425789199,2.0,4.0,5.0,3.0,12.0
1520.0,add,5.808421654950915,1115.0,1.0,6.230637342935307,10.0,0.0,0.0,0.0,1.0
1521.0,add,6.356154263480236,1116.0,43.0,6.401207956868947,6.0,3.0,1.0,3.0,18.0
1522.0,add,4.3944153867794205,1117.0,156.0,4.982608401547666,0.0,3.0,5.0,4.0,20.0
1523.0,add,5.480984993996118,1118.0,159.0,5.479083975517474,0.0,3.0,5.0,4.0,22.0
1524.0,add,5.875296087731593,1118.0,159.0,5.479083975517474,0.0,3.0,6.0,4.0,22.0
1525.0,delete,5.515103907458165,1118.0,159.0,5.479083975517474,0.0,3.0,4.0,4.0,22.0
1526.0,swap,6.993740114315065,1118.0,159.0,5.479083975517474,0.0,3.0,5.0,4.0,22.0
1527.0,add,6.559008283020257,1119.0,78.0,6.3348624172554375,5.0,7.0,6.0,4.0,14.0
1528.0,delete,5.109965778892428,1120.0,142.0,4.342360444538907,0.0,4.0,4.0,3.0,17.0
1529.0,add,3.729832954966557,1121.0,152.0,4.747063980836204,0.0,3.0,4.0,4.0,19.0
1530.0,add,5.899447493471116,1122.0,158.0,5.868841815803682,0.0,3.0,6.0,4.0,21.0
1531.0,add,6.630017976577207,1123.0,128.0,5.385882363222776,0.0,3.0,2.0,4.0,17.0
1532.0,add,5.8253998359663735,1124.0,2.0,6.229672833705407,10.0,0.0,0.0,1.0,1.0
1533.0,add,7.010631482270443,1125.0,107.0,6.087286226677514,2.0,4.0,4.0,4.0,13.0
1534.0,add,6.372326738845924,1126.0,44.0,6.394916682898036,6.0,5.0,1.0,2.0,18.0
1535.0,add,3.801447700373911,1127.0,157.0,5.667677491630553,0.0,3.0,6.0,4.0,20.0
1536.0,delete,4.045706972629244,1128.0,143.0,4.323277458645344,0.0,3.0,3.0,3.0,18.0
1537.0,add,6.143886118932348,1129.0,79.0,6.322584133508499,5.0,7.0,6.0,4.0,15.0
1538.0,add,5.876857810266126,1130.0,160.0,5.875296087731593,0.0,3.0,6.0,4.0,22.0
1539.0,delete,5.875296087731593,1130.0,160.0,5.875296087731593,0.0,3.0,6.0,4.0,21.0
1540.0,swap,5.533420876010223,1130.0,160.0,5.875296087731593,0.0,3.0,6.0,5.0,21.0
1541.0,add,4.57547215495871,1131.0,159.0,5.790217715434884,0.0,3.0,5.0,4.0,23.0
1542.0,add,5.361458028299521,1132.0,153.0,4.885161896229236,0.0,3.0,5.0,4.0,19.0
1543.0,delete,6.970774350731521,1133.0,129.0,5.332509124210537,0.0,3.0,2.0,4.0,16.0
1544.0,delete,7.009187730750802,1134.0,108.0,6.054901061487061,2.0,4.0,3.0,3.0,14.0
1545.0,add,5.5106076500248005,1135.0,3.0,6.229386862845978,10.0,1.0,1.0,0.0,1.0
1546.0,delete,6.375296738487818,1136.0,45.0,6.386557634637953,5.0,4.0,1.0,2.0,19.0
1547.0,delete,5.894961944972089,1137.0,161.0,5.875296087731593,0.0,3.0,6.0,4.0,21.0
1548.0,add,5.72028022072431,1137.0,161.0,5.875296087731593,0.0,3.0,6.0,4.0,22.0
1549.0,delete,5.014050659174818,1137.0,161.0,5.875296087731593,0.0,3.0,6.0,4.0,20.0
1550.0,swap,5.875296087731592,1137.0,161.0,5.875296087731593,0.0,3.0,6.0,3.0,22.0
1551.0,delete,6.064429065807624,1138.0,80.0,6.316353595982663,5.0,7.0,6.0,4.0,14.0
1552.0,add,4.119061338573669,1139.0,144.0,4.435534170620807,0.0,4.0,4.0,3.0,17.0
1553.0,add,4.713966509123197,1140.0,158.0,5.686378029575642,0.0,3.0,5.0,4.0,22.0
1554.0,delete,6.871564146424734,1141.0,160.0,5.67597700006688,0.0,3.0,6.0,4.0,21.0
1555.0,delete,6.970774350731521,1142.0,130.0,5.28535059993393,0.0,3.0,2.0,2.0,17.0
1556.0,delete,7.010709648002846,1143.0,109.0,6.028269075202578,2.0,4.0,4.0,3.0,12.0
1557.0,delete,6.35636521106441,1144.0,46.0,6.381823599862973,6.0,3.0,1.0,2.0,18.0
1558.0,add,5.5106076500248005,1145.0,4.0,6.232096898365799,10.0,0.0,1.0,0.0,3.0
1559.0,add,3.2744940485993763,1146.0,154.0,5.004209886840332,0.0,3.0,5.0,4.0,20.0
1560.0,add,5.721007017954457,1147.0,162.0,5.72028022072431,0.0,3.0,6.0,4.0,22.0
1561.0,delete,5.666979716489323,1147.0,162.0,5.72028022072431,0.0,3.0,6.0,4.0,21.0
1562.0,swap,5.710828751304529,1147.0,162.0,5.72028022072431,0.0,3.0,7.0,4.0,21.0
1563.0,delete,6.039791262069207,1148.0,81.0,6.310633905963575,5.0,7.0,5.0,4.0,14.0
1564.0,add,5.191549092549401,1149.0,145.0,4.462498078970621,0.0,3.0,4.0,4.0,18.0
1565.0,add,4.887429829747405,1150.0,159.0,5.708562427805701,0.0,4.0,5.0,4.0,22.0
1566.0,add,5.875296087731593,1151.0,161.0,5.704773926618155,0.0,3.0,6.0,5.0,21.0
1567.0,delete,6.3250048841755735,1152.0,131.0,5.239534943055451,0.0,2.0,2.0,3.0,16.0
1568.0,delete,4.077694062535604,1153.0,155.0,5.154047533169954,0.0,3.0,4.0,4.0,20.0
1569.0,delete,6.618920221414062,1154.0,47.0,6.371741199384821,4.0,3.0,1.0,2.0,19.0
1570.0,add,6.601417486106957,1155.0,110.0,5.988588805768134,2.0,4.0,4.0,3.0,13.0
1571.0,add,5.5106076500248005,1156.0,5.0,6.231836641059619,10.0,0.0,1.0,0.0,4.0
1572.0,delete,5.565640353139922,1157.0,163.0,5.666979716489323,0.0,3.0,6.0,4.0,21.0
1573.0,add,5.2682653937481,1157.0,163.0,5.666979716489323,0.0,4.0,6.0,4.0,21.0
1574.0,delete,5.708958490714824,1157.0,163.0,5.666979716489323,0.0,3.0,5.0,4.0,21.0
1575.0,swap,5.587623271641309,1157.0,163.0,5.666979716489323,0.0,3.0,5.0,5.0,21.0
1576.0,delete,6.464054366515166,1158.0,82.0,6.30075400851823,4.0,7.0,5.0,3.0,15.0
1577.0,add,2.461094173099791,1159.0,146.0,4.53727993582925,0.0,3.0,5.0,4.0,18.0
1578.0,delete,6.0388653577000175,1160.0,160.0,5.73971773067737,0.0,3.0,5.0,4.0,22.0
1579.0,delete,7.087385712427762,1161.0,132.0,5.193911951024797,0.0,3.0,2.0,3.0,14.0
1580.0,delete,5.872363768581532,1162.0,162.0,5.559493445146695,0.0,3.0,6.0,4.0,21.0
1581.0,delete,6.766158767392781,1163.0,48.0,6.36415600936503,4.0,3.0,1.0,2.0,18.0
1582.0,add,4.140480500485161,1164.0,156.0,5.400603913769746,0.0,3.0,5.0,4.0,20.0
1583.0,add,7.042919071103041,1165.0,111.0,5.950520862963226,2.0,4.0,4.0,4.0,13.0
1584.0,add,5.525328311405826,1166.0,6.0,6.233059526440487,10.0,0.0,1.0,1.0,4.0
1585.0,delete,6.626828052442954,1167.0,83.0,6.291182797952453,4.0,6.0,5.0,4.0,14.0
1586.0,add,5.2682653937481,1168.0,164.0,5.2682653937481,0.0,4.0,6.0,4.0,21.0
1587.0,add,6.191666450624805,1168.0,164.0,5.2682653937481,0.0,5.0,6.0,4.0,21.0
1588.0,delete,5.4275772831546965,1168.0,164.0,5.2682653937481,0.0,4.0,6.0,4.0,20.0
1589.0,swap,5.250570252646092,1168.0,164.0,5.2682653937481,0.0,4.0,6.0,4.0,21.0
1590.0,add,3.7050438082264807,1169.0,147.0,4.6071276842782245,0.0,3.0,5.0,4.0,19.0
1591.0,add,5.9697521332565415,1170.0,161.0,5.631094460871686,0.0,4.0,6.0,4.0,21.0
1592.0,add,6.636046882050382,1171.0,133.0,5.1431068327570095,0.0,3.0,2.0,4.0,14.0
1593.0,add,5.776568954967593,1172.0,163.0,5.481268954784359,0.0,3.0,6.0,4.0,22.0
1594.0,add,6.761518424564882,1173.0,49.0,6.352739359275427,5.0,3.0,1.0,2.0,18.0
1595.0,delete,7.009143704414126,1174.0,112.0,5.924871242002605,2.0,4.0,3.0,4.0,13.0
1596.0,delete,6.381733168267852,1175.0,84.0,6.278935554098215,3.0,7.0,5.0,4.0,13.0
1597.0,add,6.079381696838687,1176.0,7.0,6.236023533791386,10.0,2.0,1.0,0.0,4.0
1598.0,add,4.394203820003243,1177.0,157.0,5.586787823399442,0.0,4.0,5.0,4.0,20.0
1599.0,delete,5.8918481312381275,1178.0,162.0,5.598589029950572,0.0,3.0,5.0,4.0,22.0
1600.0,add,6.190968610917064,1179.0,165.0,6.191666450624805,0.0,5.0,6.0,4.0,21.0
1601.0,add,6.190188652669819,1179.0,165.0,6.191666450624805,0.0,5.0,6.0,5.0,21.0
1602.0,delete,6.326896429162806,1179.0,165.0,6.191666450624805,0.0,5.0,6.0,4.0,20.0
1603.0,swap,4.14627522644568,1179.0,165.0,6.191666450624805,0.0,5.0,7.0,4.0,20.0
1604.0,add,2.216874035198325,1180.0,148.0,4.764385545982814,0.0,3.0,5.0,5.0,19.0
1605.0,add,6.496285449501962,1181.0,134.0,5.080653206540599,0.0,4.0,2.0,3.0,15.0
1606.0,delete,6.761968473496774,1182.0,50.0,6.340685858204826,5.0,2.0,1.0,3.0,17.0
1607.0,delete,7.4739324438167305,1183.0,113.0,5.8867104226092035,2.0,4.0,3.0,4.0,12.0
1608.0,delete,6.284334604069531,1184.0,85.0,6.266517726063176,4.0,7.0,4.0,4.0,12.0
1609.0,add,5.3908396321264265,1185.0,164.0,5.809199073964035,0.0,4.0,6.0,4.0,22.0
1610.0,add,5.533907992486726,1186.0,8.0,6.236470726109563,10.0,1.0,1.0,0.0,6.0
1611.0,add,4.717394458498615,1187.0,158.0,5.66973072459789,0.0,4.0,5.0,4.0,21.0
1612.0,add,5.507546187307201,1188.0,163.0,5.584371116382836,0.0,4.0,6.0,4.0,21.0
1613.0,add,6.2027233027870015,1189.0,166.0,6.190188652669819,0.0,5.0,6.0,5.0,21.0
1614.0,add,6.280328830658365,1189.0,166.0,6.190188652669819,0.0,6.0,6.0,5.0,21.0
1615.0,delete,5.600920007999344,1189.0,166.0,6.190188652669819,0.0,5.0,6.0,5.0,20.0
1616.0,swap,6.258721921484393,1189.0,166.0,6.190188652669819,0.0,5.0,5.0,6.0,21.0
1617.0,delete,3.0009155440691315,1190.0,149.0,4.917432422673293,0.0,3.0,5.0,3.0,20.0
1618.0,delete,6.318085837436603,1191.0,51.0,6.331080218407762,5.0,3.0,1.0,3.0,15.0
1619.0,add,6.981994134555559,1192.0,135.0,5.024720523623154,0.0,4.0,3.0,3.0,15.0
1620.0,delete,6.214751022153624,1193.0,86.0,6.256930731733765,4.0,6.0,4.0,4.0,12.0
1621.0,add,7.1915973449359845,1194.0,114.0,5.847933215354935,2.0,4.0,4.0,4.0,12.0
1622.0,add,6.300456376198808,1195.0,165.0,6.106576543119784,0.0,6.0,6.0,4.0,21.0
1623.0,add,5.533907992486726,1196.0,9.0,6.238484575245875,10.0,2.0,1.0,0.0,6.0
1624.0,add,5.47681388160405,1197.0,159.0,5.7227658433813255,0.0,3.0,5.0,5.0,22.0
1625.0,add,5.567916066950611,1198.0,164.0,5.916362312824956,0.0,4.0,6.0,4.0,22.0
1626.0,delete,3.7670075677464863,1199.0,150.0,5.002406007771322,0.0,3.0,5.0,4.0,18.0
1627.0,add,6.280493746009318,1200.0,167.0,6.280328830658365,0.0,6.0,6.0,5.0,21.0
1628.0,delete,5.39231642747378,1200.0,167.0,6.280328830658365,0.0,5.0,6.0,5.0,21.0
1629.0,swap,5.6125763803599344,1200.0,167.0,6.280328830658365,0.0,5.0,7.0,5.0,21.0
1630.0,delete,6.31823328828459,1201.0,52.0,6.323403263723213,5.0,3.0,1.0,3.0,14.0
1631.0,add,6.189596842143073,1202.0,166.0,5.891428846125349,0.0,5.0,6.0,5.0,22.0
1632.0,delete,5.851335738972775,1203.0,87.0,6.251942158053866,2.0,7.0,4.0,4.0,12.0
1633.0,delete,7.457699111925334,1204.0,115.0,5.812459861989008,2.0,3.0,3.0,4.0,13.0
1634.0,add,6.663511850898576,1205.0,136.0,4.976513816455313,0.0,4.0,3.0,4.0,15.0
1635.0,delete,5.874430538683025,1206.0,160.0,5.781597194771649,0.0,3.0,6.0,3.0,22.0
1636.0,add,5.533907992486726,1207.0,10.0,6.240662448303126,10.0,2.0,1.0,0.0,7.0
1637.0,delete,5.406865510294733,1208.0,168.0,5.39231642747378,0.0,5.0,6.0,5.0,21.0
1638.0,delete,5.676609947687687,1208.0,168.0,5.39231642747378,0.0,5.0,6.0,5.0,20.0
1639.0,swap,5.778251669351635,1208.0,168.0,5.39231642747378,0.0,4.0,6.0,6.0,21.0
1640.0,delete,4.0841631510289895,1209.0,151.0,5.125787328229,0.0,3.0,5.0,4.0,17.0
1641.0,add,5.7904364398693895,1210.0,165.0,5.936157662701376,0.0,5.0,6.0,4.0,22.0
1642.0,delete,6.643682569629198,1211.0,53.0,6.315506035174851,5.0,3.0,1.0,2.0,14.0
1643.0,delete,6.283310360675741,1212.0,167.0,5.563510888701959,0.0,6.0,5.0,5.0,21.0
1644.0,delete,5.734407626814093,1213.0,88.0,6.253471323031651,2.0,6.0,4.0,4.0,12.0
1645.0,delete,5.676609947687686,1214.0,169.0,5.676609947687687,0.0,5.0,6.0,5.0,20.0
1646.0,delete,5.676609947687687,1214.0,169.0,5.676609947687687,0.0,5.0,6.0,5.0,19.0
1647.0,swap,5.695190215099598,1214.0,169.0,5.676609947687687,0.0,5.0,6.0,5.0,20.0
1648.0,add,7.367377233750995,1215.0,116.0,5.775817835611842,2.0,3.0,3.0,5.0,13.0
1649.0,add,5.533907992486726,1216.0,11.0,6.2418409769604235,10.0,2.0,1.0,0.0,8.0
1650.0,add,6.708978347418794,1217.0,137.0,4.944533393874009,0.0,4.0,3.0,4.0,16.0
1651.0,add,4.0276154277937035,1218.0,152.0,5.224867789751824,0.0,4.0,4.0,4.0,18.0
1652.0,add,6.663928359281969,1219.0,161.0,5.753564398797893,0.0,3.0,6.0,4.0,22.0
1653.0,add,6.204389950051658,1220.0,166.0,5.82906331876077,0.0,6.0,6.0,5.0,21.0
1654.0,delete,5.39231642747378,1221.0,168.0,5.681255014540664,0.0,5.0,6.0,5.0,20.0
1655.0,add,6.6476360529197525,1222.0,54.0,6.308421869011116,5.0,3.0,1.0,4.0,13.0
1656.0,delete,6.172331515182622,1223.0,89.0,6.252542562252164,3.0,6.0,4.0,4.0,10.0
1657.0,delete,5.667261683248906,1224.0,170.0,5.676609947687687,0.0,5.0,6.0,5.0,19.0
1658.0,add,5.362880164636101,1224.0,170.0,5.676609947687687,0.0,5.0,6.0,5.0,20.0
1659.0,delete,5.778990094578141,1224.0,170.0,5.676609947687687,0.0,4.0,6.0,5.0,19.0
1660.0,swap,5.230752488480323,1224.0,170.0,5.676609947687687,0.0,4.0,6.0,5.0,20.0
1661.0,add,6.367106370380121,1225.0,117.0,5.743930797980784,2.0,4.0,3.0,4.0,14.0
1662.0,add,5.533839987842662,1226.0,12.0,6.24411012127391,10.0,2.0,1.0,1.0,8.0
1663.0,add,6.401930084679899,1227.0,138.0,4.911179367143354,0.0,4.0,3.0,3.0,18.0
1664.0,add,4.378550545515252,1228.0,153.0,5.326775268088106,0.0,3.0,6.0,4.0,18.0
1665.0,delete,5.801136763103632,1229.0,162.0,5.727037308290741,0.0,3.0,6.0,4.0,21.0
1666.0,delete,6.381412781166141,1230.0,167.0,5.61676652956737,0.0,5.0,6.0,5.0,21.0
1667.0,delete,6.182600344426661,1231.0,90.0,6.245850383393198,3.0,6.0,4.0,4.0,9.0
1668.0,add,5.826392087098301,1232.0,55.0,6.29955870129033,5.0,4.0,1.0,3.0,14.0
1669.0,delete,5.566433358647752,1233.0,169.0,5.543298875726231,0.0,4.0,6.0,5.0,20.0
1670.0,add,5.239883101695184,1234.0,171.0,5.362880164636101,0.0,5.0,6.0,5.0,20.0
1671.0,add,5.4857310328176005,1234.0,171.0,5.362880164636101,0.0,5.0,6.0,5.0,21.0
1672.0,delete,5.698608836094927,1234.0,171.0,5.362880164636101,0.0,4.0,6.0,5.0,20.0
1673.0,swap,3.6070856307843457,1234.0,171.0,5.362880164636101,0.0,5.0,6.0,5.0,20.0
1674.0,delete,6.874237684589555,1235.0,118.0,5.71478107419116,2.0,3.0,3.0,4.0,14.0
1675.0,add,5.721933994631535,1236.0,13.0,6.244118973405435,10.0,2.0,2.0,2.0,7.0
1676.0,add,6.3559771650457035,1237.0,139.0,4.875185393447842,0.0,4.0,3.0,3.0,19.0
1677.0,add,3.2744940485993763,1238.0,154.0,5.355908459673323,0.0,3.0,5.0,4.0,20.0
1678.0,add,6.5068980772523055,1239.0,163.0,5.671935903752669,0.0,3.0,6.0,4.0,22.0
1679.0,delete,6.619374386605797,1240.0,91.0,6.233751827156969,3.0,6.0,4.0,3.0,9.0
1680.0,delete,5.549302803917891,1241.0,168.0,5.411068776901407,0.0,5.0,6.0,5.0,20.0
1681.0,add,6.647636052919751,1242.0,56.0,6.288241859374938,5.0,3.0,1.0,5.0,14.0
1682.0,add,5.614209629655658,1243.0,170.0,5.078837753205631,0.0,5.0,6.0,5.0,20.0
1683.0,delete,7.025138328782585,1244.0,119.0,5.6874063878091965,1.0,3.0,2.0,4.0,15.0
1684.0,delete,5.676609947687687,1245.0,169.0,5.357131451666057,0.0,5.0,6.0,4.0,20.0
1685.0,add,5.003749019676006,1246.0,164.0,5.706734278802602,0.0,4.0,6.0,4.0,22.0
1686.0,add,5.833881194320651,1247.0,140.0,4.837676536600915,0.0,5.0,4.0,3.0,18.0
1687.0,add,5.4857310328176,1248.0,172.0,5.4857310328176005,0.0,5.0,6.0,5.0,21.0
1688.0,add,5.367628367636796,1248.0,172.0,5.4857310328176005,0.0,5.0,6.0,5.0,22.0
1689.0,delete,5.253160372010534,1248.0,172.0,5.4857310328176005,0.0,4.0,6.0,5.0,21.0
1690.0,swap,6.033978975173908,1248.0,172.0,5.4857310328176005,0.0,5.0,6.0,5.0,21.0
1691.0,add,5.72223983294642,1249.0,14.0,6.243041420125206,10.0,2.0,2.0,1.0,9.0
1692.0,delete,6.796294468643799,1250.0,92.0,6.21856469140589,2.0,6.0,3.0,4.0,9.0
1693.0,delete,3.934865654919552,1251.0,155.0,5.442872036833676,0.0,3.0,4.0,4.0,20.0
1694.0,add,6.4345255686767,1252.0,57.0,6.278979480401726,5.0,4.0,1.0,4.0,15.0
1695.0,add,5.72609155410614,1253.0,171.0,5.525245956091288,0.0,5.0,6.0,5.0,21.0
1696.0,add,6.707390928964725,1254.0,120.0,5.6530698029008954,1.0,3.0,3.0,3.0,16.0
1697.0,add,5.676522363830441,1255.0,170.0,5.352271699766255,0.0,5.0,6.0,6.0,19.0
1698.0,delete,5.825444081301341,1256.0,141.0,4.832801295916349,0.0,4.0,4.0,3.0,18.0
1699.0,add,6.318091752570572,1257.0,165.0,5.699774028785885,0.0,5.0,6.0,4.0,22.0
1700.0,add,5.3676283676367955,1258.0,173.0,5.367628367636796,0.0,5.0,6.0,5.0,22.0
1701.0,delete,5.442571928888489,1258.0,173.0,5.367628367636796,0.0,5.0,6.0,5.0,21.0
1702.0,swap,5.360595280663175,1258.0,173.0,5.367628367636796,0.0,5.0,5.0,5.0,23.0
1703.0,add,5.683153304464428,1259.0,15.0,6.242194431225177,10.0,2.0,3.0,1.0,9.0
1704.0,delete,6.70590667212034,1260.0,93.0,6.204142955426317,3.0,5.0,3.0,4.0,8.0
1705.0,add,3.3278970349604453,1261.0,156.0,5.54701301212079,0.0,3.0,5.0,4.0,20.0
1706.0,add,5.48707156373091,1262.0,172.0,5.384605986206314,0.0,5.0,6.0,6.0,21.0
1707.0,add,5.8598420857959335,1263.0,58.0,6.272023231296791,5.0,4.0,2.0,4.0,15.0
1708.0,delete,5.472937064776508,1264.0,174.0,5.442571928888489,0.0,5.0,6.0,5.0,21.0
1709.0,add,5.442512903331165,1264.0,174.0,5.442571928888489,0.0,5.0,6.0,6.0,21.0
1710.0,delete,5.442571928888489,1264.0,174.0,5.442571928888489,0.0,5.0,6.0,5.0,20.0
1711.0,swap,5.344913311612397,1264.0,174.0,5.442571928888489,0.0,6.0,6.0,5.0,20.0
1712.0,add,6.821520366821519,1265.0,121.0,5.618625336295574,1.0,3.0,3.0,4.0,16.0
1713.0,delete,5.086618119481623,1266.0,142.0,4.838927451937263,0.0,4.0,4.0,3.0,17.0
1714.0,add,6.252350314670156,1267.0,16.0,6.238879365168685,10.0,2.0,3.0,1.0,10.0
1715.0,add,4.613562903869318,1268.0,157.0,5.620741681760556,0.0,3.0,5.0,4.0,21.0
1716.0,add,6.90568533565893,1269.0,94.0,6.181284978225506,2.0,5.0,3.0,4.0,10.0
1717.0,add,6.327993033319974,1270.0,166.0,5.592891287101677,0.0,5.0,6.0,5.0,22.0
1718.0,add,5.322587529670941,1271.0,171.0,5.479508834577894,0.0,5.0,6.0,5.0,21.0
1719.0,delete,5.4857310328176005,1272.0,173.0,5.42910142749941,0.0,5.0,6.0,5.0,21.0
1720.0,add,6.385573274343249,1273.0,59.0,6.264330640034499,5.0,5.0,2.0,4.0,15.0
1721.0,delete,5.002398103472518,1274.0,143.0,4.851789213773828,0.0,2.0,4.0,3.0,18.0
1722.0,add,6.072880515622175,1275.0,122.0,5.589005548533683,1.0,3.0,3.0,4.0,17.0
1723.0,add,5.467711467987744,1276.0,175.0,5.442512903331165,0.0,5.0,6.0,6.0,21.0
1724.0,add,6.273459579956128,1276.0,175.0,5.442512903331165,0.0,5.0,6.0,6.0,22.0
1725.0,delete,4.54957703836149,1276.0,175.0,5.442512903331165,0.0,5.0,6.0,6.0,20.0
1726.0,swap,5.455818820904546,1276.0,175.0,5.442512903331165,0.0,5.0,6.0,6.0,21.0
1727.0,add,6.2802912873886,1277.0,17.0,6.235685220593693,10.0,2.0,3.0,1.0,11.0
1728.0,delete,6.957129295946279,1278.0,95.0,6.162034603761031,2.0,5.0,3.0,3.0,10.0
1729.0,add,5.465867957104176,1279.0,158.0,5.655902771438937,0.0,3.0,5.0,4.0,22.0
1730.0,delete,6.416241502259468,1280.0,167.0,5.507048630753449,0.0,6.0,6.0,5.0,20.0
1731.0,add,5.819977548464028,1281.0,172.0,5.425766332656587,0.0,5.0,6.0,5.0,22.0
1732.0,add,5.855226065069834,1282.0,174.0,5.437815962108215,0.0,6.0,6.0,5.0,21.0
1733.0,add,6.501548144552718,1283.0,60.0,6.256755346119724,5.0,5.0,2.0,4.0,16.0
1734.0,delete,7.053037521828496,1284.0,123.0,5.571267921863113,0.0,3.0,3.0,4.0,17.0
1735.0,add,4.064466282893249,1285.0,144.0,4.9071739432147075,0.0,3.0,4.0,3.0,18.0
1736.0,delete,5.508615320850536,1286.0,168.0,5.480233060415812,0.0,4.0,6.0,5.0,21.0
1737.0,delete,5.329588840067708,1287.0,173.0,5.475730103872218,0.0,4.0,6.0,5.0,22.0
1738.0,add,6.2734595799561275,1288.0,176.0,6.273459579956128,0.0,5.0,6.0,6.0,22.0
1739.0,add,5.899275698406677,1288.0,176.0,6.273459579956128,0.0,5.0,6.0,6.0,23.0
1740.0,delete,4.750117811767101,1288.0,176.0,6.273459579956128,0.0,5.0,6.0,6.0,21.0
1741.0,swap,6.2407611859515475,1288.0,176.0,6.273459579956128,0.0,6.0,6.0,6.0,21.0
1742.0,add,6.286644223767587,1289.0,18.0,6.232581507993657,10.0,2.0,4.0,1.0,11.0
1743.0,add,6.9568040356607295,1290.0,96.0,6.141406260811444,2.0,5.0,3.0,5.0,9.0
1744.0,add,5.73396786396507,1291.0,159.0,5.674957930646008,0.0,3.0,5.0,4.0,23.0
1745.0,delete,6.625631293418711,1292.0,124.0,5.5432311572409985,1.0,2.0,2.0,4.0,17.0
1746.0,add,6.4381378921491565,1293.0,61.0,6.250251348861521,5.0,5.0,3.0,4.0,16.0
1747.0,delete,5.870628974859342,1294.0,169.0,5.493134952064081,0.0,5.0,6.0,5.0,19.0
1748.0,add,4.773452944552471,1295.0,145.0,4.943950869087439,0.0,3.0,4.0,4.0,18.0
1749.0,add,5.414940597496778,1296.0,175.0,5.887414771207516,0.0,5.0,6.0,6.0,22.0
1750.0,add,4.729824550408833,1297.0,174.0,5.602078249926286,0.0,5.0,6.0,5.0,22.0
1751.0,add,5.89952667674226,1298.0,177.0,5.899275698406677,0.0,5.0,6.0,6.0,23.0
1752.0,delete,5.834767477467602,1298.0,177.0,5.899275698406677,0.0,4.0,6.0,6.0,23.0
1753.0,swap,5.900048499976655,1298.0,177.0,5.899275698406677,0.0,5.0,6.0,6.0,23.0
1754.0,add,5.797466334372827,1299.0,19.0,6.230298434187507,10.0,3.0,4.0,1.0,11.0
1755.0,add,6.993587532937714,1300.0,97.0,6.123313374325069,2.0,5.0,4.0,4.0,10.0
1756.0,delete,5.905201585133118,1301.0,160.0,5.688654528113635,0.0,3.0,5.0,4.0,22.0
1757.0,delete,6.8887070482909865,1302.0,125.0,5.516674893818267,1.0,3.0,2.0,3.0,16.0
1758.0,add,6.210714871683279,1303.0,176.0,5.883404588148299,0.0,6.0,6.0,6.0,22.0
1759.0,add,6.597275792055571,1304.0,62.0,6.243839513705127,5.0,6.0,3.0,4.0,16.0
1760.0,add,5.87604658271773,1305.0,170.0,5.50321610984472,0.0,6.0,6.0,5.0,19.0
1761.0,add,4.457159227976961,1306.0,146.0,4.996806689256864,0.0,3.0,5.0,4.0,18.0
1762.0,delete,5.834767477467598,1307.0,178.0,5.834767477467602,0.0,4.0,6.0,6.0,23.0
1763.0,delete,5.789401585879885,1307.0,178.0,5.834767477467602,0.0,4.0,5.0,6.0,23.0
1764.0,swap,6.298069543255407,1307.0,178.0,5.834767477467602,0.0,3.0,7.0,6.0,23.0
1765.0,add,5.558984413828276,1308.0,161.0,5.688084374141218,0.0,3.0,7.0,4.0,21.0
1766.0,add,6.181843387054402,1309.0,20.0,6.2322491854226065,10.0,2.0,5.0,1.0,12.0
1767.0,add,6.318580264288622,1310.0,98.0,6.107520560143376,2.0,5.0,4.0,4.0,11.0
1768.0,add,5.4428244266981265,1311.0,175.0,5.893793122000542,0.0,5.0,6.0,7.0,21.0
1769.0,delete,7.0961662941907795,1312.0,126.0,5.492055579449904,0.0,3.0,2.0,3.0,16.0
1770.0,delete,5.899275698406677,1313.0,177.0,5.939251521017622,0.0,5.0,6.0,6.0,22.0
1771.0,delete,6.5967034096854755,1314.0,63.0,6.237339864826062,5.0,6.0,3.0,4.0,15.0
1772.0,delete,5.789401585879885,1315.0,179.0,5.789401585879885,0.0,4.0,5.0,6.0,23.0
1773.0,delete,5.8347583969620995,1315.0,179.0,5.789401585879885,0.0,4.0,5.0,6.0,22.0
1774.0,swap,5.669793691278948,1315.0,179.0,5.789401585879885,0.0,4.0,6.0,6.0,22.0
1775.0,add,3.750185400280856,1316.0,147.0,5.0603597359573484,0.0,3.0,5.0,5.0,18.0
1776.0,add,5.3628673421906035,1317.0,171.0,5.609378803977465,0.0,5.0,6.0,6.0,20.0
1777.0,delete,5.064953293166106,1318.0,162.0,5.671788575819287,0.0,3.0,6.0,4.0,21.0
1778.0,add,6.270703338801164,1319.0,176.0,5.904983433617249,0.0,5.0,6.0,6.0,23.0
1779.0,add,5.812664428525417,1320.0,21.0,6.231852797431794,10.0,2.0,4.0,2.0,13.0
1780.0,add,6.77180553548882,1321.0,99.0,6.087067963380993,2.0,5.0,4.0,5.0,11.0
1781.0,delete,5.870735751604943,1322.0,178.0,5.770838815000204,0.0,4.0,6.0,6.0,22.0
1782.0,add,7.129635544213963,1323.0,127.0,5.458128181137037,0.0,3.0,3.0,4.0,15.0
1783.0,delete,6.721168594093534,1324.0,64.0,6.2293430230365106,4.0,6.0,3.0,4.0,15.0
1784.0,delete,5.834758396962097,1325.0,180.0,5.8347583969620995,0.0,4.0,5.0,6.0,22.0
1785.0,delete,5.636883521976734,1325.0,180.0,5.8347583969620995,0.0,4.0,5.0,6.0,21.0
1786.0,swap,5.836839303329175,1325.0,180.0,5.8347583969620995,0.0,5.0,5.0,5.0,22.0
1787.0,add,3.662520764799272,1326.0,148.0,5.141239643521165,0.0,3.0,5.0,4.0,20.0
1788.0,add,6.331941686706614,1327.0,172.0,5.653179269478835,0.0,5.0,6.0,5.0,22.0
1789.0,delete,5.816696784880618,1328.0,177.0,5.844121035872587,0.0,5.0,6.0,6.0,22.0
1790.0,add,5.438741587104927,1329.0,163.0,5.686533755126665,0.0,3.0,6.0,4.0,22.0
1791.0,delete,7.3618782927647,1330.0,100.0,6.069070514416209,1.0,5.0,4.0,5.0,11.0
1792.0,add,5.813059603239593,1331.0,22.0,6.233618773253392,10.0,2.0,4.0,1.0,15.0
1793.0,delete,5.3412355249246355,1332.0,179.0,5.785809904807526,0.0,4.0,5.0,6.0,22.0
1794.0,delete,5.68664199069969,1333.0,181.0,5.636883521976734,0.0,4.0,5.0,6.0,21.0
1795.0,add,5.806235326271224,1333.0,181.0,5.636883521976734,0.0,4.0,6.0,6.0,21.0
1796.0,delete,5.744350418455552,1333.0,181.0,5.636883521976734,0.0,4.0,5.0,6.0,20.0
1797.0,swap,5.636883521976733,1333.0,181.0,5.636883521976734,0.0,4.0,5.0,6.0,21.0
1798.0,delete,6.484113574696087,1334.0,65.0,6.218912484347324,5.0,6.0,3.0,3.0,14.0
1799.0,add,6.507869552703241,1335.0,128.0,5.431446420227177,0.0,3.0,3.0,4.0,16.0
1800.0,delete,4.515773847160364,1336.0,149.0,5.231102185009175,0.0,3.0,5.0,4.0,19.0
1801.0,delete,4.614589313565505,1337.0,173.0,5.676983249225125,0.0,5.0,6.0,5.0,21.0
1802.0,delete,5.826076072837186,1338.0,178.0,5.729070693553969,0.0,3.0,6.0,6.0,23.0
1803.0,delete,7.324323590661005,1339.0,101.0,6.046192450162056,2.0,4.0,4.0,5.0,10.0
1804.0,add,5.267964865223746,1340.0,164.0,5.683105525968886,0.0,4.0,6.0,5.0,21.0
1805.0,add,5.858874882440908,1341.0,23.0,6.2330073312553,10.0,2.0,4.0,2.0,15.0
1806.0,delete,5.932369754955936,1342.0,180.0,5.702198955875987,0.0,4.0,5.0,6.0,21.0
1807.0,delete,6.297391669175694,1343.0,66.0,6.212368583573358,5.0,6.0,3.0,3.0,13.0
1808.0,delete,7.068675809717545,1344.0,129.0,5.404295179410277,0.0,2.0,2.0,4.0,17.0
1809.0,add,5.806235326271226,1345.0,182.0,5.806235326271224,0.0,4.0,6.0,6.0,21.0
1810.0,add,5.883491873704879,1345.0,182.0,5.806235326271224,0.0,5.0,6.0,6.0,21.0
1811.0,delete,5.04590003453224,1345.0,182.0,5.806235326271224,0.0,4.0,6.0,6.0,20.0
1812.0,swap,5.153050543112605,1345.0,182.0,5.806235326271224,0.0,4.0,5.0,6.0,22.0
1813.0,delete,6.19655338237331,1346.0,150.0,5.286044231964502,0.0,3.0,5.0,4.0,18.0
1814.0,add,4.729824550408833,1347.0,174.0,5.704515188209586,0.0,5.0,6.0,5.0,22.0
1815.0,delete,7.324295009260668,1348.0,102.0,6.023662750646835,2.0,4.0,4.0,3.0,11.0
1816.0,delete,5.868318225082327,1349.0,179.0,5.655688138152486,0.0,4.0,5.0,6.0,22.0
1817.0,add,5.844850505667399,1350.0,165.0,5.679192573735206,0.0,6.0,6.0,4.0,21.0
1818.0,add,6.346346903112471,1351.0,24.0,6.233374385431764,10.0,2.0,5.0,2.0,15.0
1819.0,delete,7.045364525852187,1352.0,130.0,5.376957634851759,0.0,3.0,2.0,3.0,16.0
1820.0,add,6.532481419598318,1353.0,67.0,6.208356492028851,5.0,6.0,4.0,3.0,13.0
1821.0,add,5.66382543989231,1354.0,181.0,5.538982620778436,0.0,4.0,5.0,6.0,22.0
1822.0,delete,5.845778714946175,1355.0,180.0,5.635987977440831,0.0,4.0,4.0,6.0,22.0
1823.0,delete,3.893459522149275,1356.0,151.0,5.339235851652901,0.0,3.0,5.0,4.0,17.0
1824.0,add,5.744137065768045,1357.0,183.0,5.883491873704879,0.0,5.0,6.0,6.0,21.0
1825.0,add,5.90573659417783,1357.0,183.0,5.883491873704879,0.0,5.0,6.0,6.0,22.0
1826.0,delete,5.878424207419434,1357.0,183.0,5.883491873704879,0.0,5.0,5.0,6.0,21.0
1827.0,swap,5.883491873704876,1357.0,183.0,5.883491873704879,0.0,5.0,6.0,7.0,20.0
1828.0,delete,7.3243235906610105,1358.0,103.0,6.002093898079981,2.0,4.0,4.0,2.0,11.0
1829.0,add,5.435649576933767,1359.0,175.0,5.789861047417155,0.0,5.0,7.0,6.0,21.0
1830.0,delete,5.7025158243063405,1360.0,131.0,5.354432427543593,0.0,3.0,2.0,3.0,15.0
1831.0,add,5.7840095513826375,1361.0,25.0,6.233857132360124,10.0,2.0,4.0,2.0,17.0
1832.0,add,6.327490251817248,1362.0,166.0,5.6565994856887665,0.0,5.0,6.0,5.0,22.0
1833.0,add,6.2918223599433425,1363.0,68.0,6.202724704126729,5.0,6.0,3.0,4.0,14.0
1834.0,add,5.555883712151583,1364.0,182.0,5.859056322955013,0.0,4.0,6.0,6.0,22.0
1835.0,add,5.6741930606860596,1365.0,181.0,5.666037454273296,0.0,5.0,5.0,6.0,21.0
1836.0,add,4.1994899198469815,1366.0,152.0,5.400232668005608,0.0,3.0,4.0,4.0,19.0
1837.0,add,5.905736594177828,1367.0,184.0,5.90573659417783,0.0,5.0,6.0,6.0,22.0
1838.0,delete,4.907511969367259,1367.0,184.0,5.90573659417783,0.0,5.0,6.0,6.0,21.0
1839.0,swap,5.850635377972679,1367.0,184.0,5.90573659417783,0.0,5.0,7.0,6.0,21.0
1840.0,add,7.3243235906610105,1368.0,104.0,5.975726675120295,2.0,5.0,4.0,3.0,10.0
1841.0,add,6.273459579956128,1369.0,176.0,5.772501500586587,0.0,5.0,6.0,6.0,23.0
1842.0,delete,7.394627610301355,1370.0,132.0,5.338905542517283,0.0,3.0,2.0,3.0,14.0
1843.0,delete,6.581287489390389,1371.0,167.0,5.629854794627682,0.0,5.0,6.0,5.0,21.0
1844.0,add,5.786138491485094,1372.0,26.0,6.236061273010101,10.0,2.0,4.0,2.0,18.0
1845.0,add,5.68946092914002,1373.0,183.0,5.642405133923899,0.0,5.0,6.0,6.0,22.0
1846.0,add,6.514160150133654,1374.0,69.0,6.197320509050207,5.0,6.0,4.0,4.0,14.0
1847.0,delete,4.907511969367261,1375.0,185.0,4.907511969367259,0.0,5.0,6.0,6.0,21.0
1848.0,delete,5.337002319517171,1375.0,185.0,4.907511969367259,0.0,5.0,6.0,6.0,20.0
1849.0,swap,5.304942981710838,1375.0,185.0,4.907511969367259,0.0,6.0,6.0,6.0,20.0
1850.0,add,4.077954399118538,1376.0,153.0,5.4533663644584,0.0,3.0,6.0,4.0,18.0
1851.0,delete,5.986989480058774,1377.0,177.0,5.693280265954382,0.0,4.0,6.0,6.0,23.0
1852.0,add,5.569593322414038,1378.0,182.0,5.596459036013822,0.0,4.0,6.0,6.0,22.0
1853.0,add,7.059820520824276,1379.0,105.0,5.952307426867998,2.0,4.0,4.0,3.0,12.0
1854.0,delete,5.39231642747378,1380.0,168.0,5.601787174539314,0.0,5.0,6.0,5.0,20.0
1855.0,add,6.636046882050384,1381.0,133.0,5.3110726130153285,0.0,3.0,2.0,3.0,15.0
1856.0,delete,6.090080675123636,1382.0,184.0,5.114242309990632,0.0,5.0,6.0,6.0,21.0
1857.0,add,5.592874783491593,1383.0,27.0,6.236021865117996,10.0,3.0,4.0,2.0,18.0
1858.0,delete,5.368238954775075,1384.0,186.0,5.337002319517171,0.0,5.0,6.0,6.0,20.0
1859.0,delete,5.337002319517171,1384.0,186.0,5.337002319517171,0.0,5.0,6.0,6.0,19.0
1860.0,swap,5.219138636917722,1384.0,186.0,5.337002319517171,0.0,4.0,6.0,7.0,20.0
1861.0,add,5.831384667986696,1385.0,70.0,6.186751354538991,5.0,6.0,4.0,4.0,15.0
1862.0,add,4.394415386779421,1386.0,154.0,5.477803138629454,0.0,3.0,5.0,5.0,19.0
1863.0,delete,5.932568851798743,1387.0,178.0,5.640792189136126,0.0,3.0,6.0,6.0,23.0
1864.0,add,5.468870549045469,1388.0,183.0,5.485249943480373,0.0,5.0,6.0,6.0,22.0
1865.0,delete,5.230752488480323,1389.0,169.0,5.600975952230104,0.0,4.0,6.0,5.0,20.0
1866.0,add,6.962441852308886,1390.0,106.0,5.926679412381683,2.0,4.0,4.0,3.0,13.0
1867.0,delete,4.646968250745406,1391.0,185.0,5.315345557681785,0.0,4.0,6.0,6.0,21.0
1868.0,add,6.5607586015386605,1392.0,134.0,5.276856555407742,0.0,4.0,2.0,3.0,15.0
1869.0,delete,5.320649672702565,1393.0,187.0,5.337002319517171,0.0,5.0,6.0,6.0,19.0
1870.0,add,5.106569889937499,1393.0,187.0,5.337002319517171,0.0,5.0,7.0,6.0,19.0
1871.0,delete,5.4538694721946905,1393.0,187.0,5.337002319517171,0.0,5.0,6.0,6.0,18.0
1872.0,swap,5.375626811337449,1393.0,187.0,5.337002319517171,0.0,6.0,5.0,6.0,19.0
1873.0,add,5.489452374073856,1394.0,28.0,6.233139780720273,10.0,3.0,5.0,2.0,18.0
1874.0,add,5.893725310571441,1395.0,71.0,6.175845789125886,5.0,6.0,4.0,4.0,16.0
1875.0,delete,3.7230109877261226,1396.0,155.0,5.517297145857559,0.0,3.0,5.0,4.0,19.0
1876.0,delete,5.888992265703032,1397.0,179.0,5.562410573754323,0.0,3.0,5.0,6.0,23.0
1877.0,delete,5.905736594177827,1398.0,184.0,5.259624147939518,0.0,5.0,6.0,5.0,22.0
1878.0,add,5.59929815282056,1399.0,170.0,5.583634054794895,0.0,6.0,6.0,5.0,19.0
1879.0,add,7.098199380449343,1400.0,107.0,5.898383718085934,2.0,4.0,4.0,3.0,14.0
1880.0,delete,5.345659442950099,1401.0,186.0,5.318743633137875,0.0,5.0,5.0,6.0,20.0
1881.0,add,6.680509492054261,1402.0,135.0,5.241981603272332,0.0,5.0,3.0,3.0,14.0
1882.0,add,5.106569889937498,1403.0,188.0,5.106569889937499,0.0,5.0,7.0,6.0,19.0
1883.0,add,5.084730956719638,1403.0,188.0,5.106569889937499,0.0,5.0,7.0,6.0,20.0
1884.0,delete,4.982662286260853,1403.0,188.0,5.106569889937499,0.0,5.0,7.0,6.0,18.0
1885.0,swap,4.945161279280241,1403.0,188.0,5.106569889937499,0.0,5.0,7.0,7.0,18.0
1886.0,add,6.026075286862525,1404.0,29.0,6.232197135144071,10.0,3.0,5.0,2.0,19.0
1887.0,delete,6.348352983950223,1405.0,72.0,6.167542239215759,5.0,6.0,5.0,4.0,14.0
1888.0,add,3.0355712761641294,1406.0,156.0,5.565763347523889,0.0,3.0,5.0,4.0,20.0
1889.0,delete,5.124642953577148,1407.0,180.0,5.493177241095073,0.0,4.0,5.0,6.0,21.0
1890.0,delete,4.776712262238815,1408.0,185.0,5.187846441628077,0.0,4.0,6.0,6.0,21.0
1891.0,delete,7.010709648002846,1409.0,108.0,5.8729709090388456,2.0,4.0,4.0,2.0,14.0
1892.0,add,4.6243046525316895,1410.0,171.0,5.566878199515971,0.0,5.0,6.0,5.0,21.0
1893.0,add,5.249674711634378,1411.0,187.0,5.045138860427146,0.0,5.0,6.0,6.0,20.0
1894.0,add,6.613646357123396,1412.0,136.0,5.193749093123182,0.0,4.0,3.0,3.0,16.0
1895.0,delete,6.727826229031335,1413.0,73.0,6.158226685432934,5.0,6.0,5.0,4.0,13.0
1896.0,add,5.683063713208293,1414.0,30.0,6.232288231213927,10.0,3.0,4.0,2.0,21.0
1897.0,delete,6.011540578082395,1415.0,186.0,5.209834248406553,0.0,5.0,6.0,6.0,19.0
1898.0,add,5.700659056974469,1416.0,181.0,5.442781121921483,0.0,4.0,6.0,6.0,21.0
1899.0,add,5.135433182793545,1417.0,189.0,5.084730956719638,0.0,5.0,7.0,6.0,20.0
1900.0,delete,4.9220009150854525,1417.0,189.0,5.084730956719638,0.0,5.0,7.0,6.0,19.0
1901.0,swap,4.970026165176037,1417.0,189.0,5.084730956719638,0.0,4.0,8.0,6.0,20.0
1902.0,add,5.15959636636116,1418.0,157.0,5.597511614201134,0.0,3.0,6.0,4.0,20.0
1903.0,delete,7.0106920155323635,1419.0,109.0,5.851253052703616,2.0,4.0,4.0,2.0,13.0
1904.0,add,4.8849317827509475,1420.0,188.0,5.028047804943668,0.0,6.0,7.0,6.0,19.0
1905.0,add,5.182789634905395,1421.0,172.0,5.54927151866999,0.0,6.0,6.0,5.0,21.0
1906.0,delete,5.010054428345139,1422.0,190.0,4.9220009150854525,0.0,5.0,7.0,6.0,19.0
1907.0,delete,5.219260036089348,1422.0,190.0,4.9220009150854525,0.0,5.0,7.0,6.0,18.0
1908.0,swap,4.934684789505293,1422.0,190.0,4.9220009150854525,0.0,5.0,6.0,7.0,19.0
1909.0,delete,5.7499970020496285,1423.0,31.0,6.229656662393891,10.0,3.0,3.0,2.0,21.0
1910.0,delete,6.4663948123260795,1424.0,74.0,6.14353982686121,5.0,6.0,3.0,4.0,14.0
1911.0,add,6.663511850898578,1425.0,137.0,5.161300347619909,0.0,4.0,3.0,3.0,17.0
1912.0,add,5.8291826977860755,1426.0,182.0,5.3548853830979475,0.0,4.0,6.0,6.0,22.0
1913.0,add,4.623213251915518,1427.0,158.0,5.608473840080067,0.0,3.0,6.0,4.0,21.0
1914.0,add,5.398516104253605,1428.0,187.0,5.042443101039682,0.0,5.0,6.0,6.0,20.0
1915.0,delete,5.106569889937499,1429.0,189.0,5.021500042256308,0.0,5.0,7.0,6.0,19.0
1916.0,add,7.018152917931856,1430.0,110.0,5.8261653440880306,2.0,4.0,5.0,3.0,12.0
1917.0,delete,5.3676283676367955,1431.0,173.0,5.527344314072724,0.0,5.0,6.0,4.0,22.0
1918.0,delete,5.293723970791839,1432.0,191.0,5.219260036089348,0.0,5.0,7.0,6.0,18.0
1919.0,add,5.441140439300258,1432.0,191.0,5.219260036089348,0.0,5.0,8.0,6.0,18.0
1920.0,delete,5.219260036089348,1432.0,191.0,5.219260036089348,0.0,5.0,7.0,5.0,18.0
1921.0,swap,5.246291133810487,1432.0,191.0,5.219260036089348,0.0,5.0,7.0,7.0,17.0
1922.0,delete,5.916582002239168,1433.0,32.0,6.22859885036299,9.0,3.0,4.0,2.0,20.0
1923.0,add,7.0341720533471985,1434.0,75.0,6.131338527962238,5.0,6.0,5.0,4.0,13.0
1924.0,add,6.561243595697601,1435.0,138.0,5.134171089834431,0.0,4.0,4.0,3.0,17.0
1925.0,add,5.942713805819306,1436.0,183.0,5.2846473710734525,0.0,5.0,6.0,6.0,22.0
1926.0,add,6.372947677992703,1437.0,159.0,5.602633907080792,0.0,3.0,5.0,4.0,23.0
1927.0,add,5.138085960499898,1438.0,188.0,5.1129313635688325,0.0,5.0,7.0,6.0,20.0
1928.0,delete,4.780498324491601,1439.0,190.0,5.283935123216256,0.0,5.0,7.0,6.0,18.0
1929.0,add,7.01077818266791,1440.0,111.0,5.804964030971068,2.0,4.0,4.0,4.0,13.0
1930.0,add,5.2791782306290225,1441.0,174.0,5.526646375349055,0.0,6.0,6.0,5.0,21.0
1931.0,add,5.351326039316414,1442.0,192.0,5.441140439300258,0.0,5.0,8.0,6.0,18.0
1932.0,add,5.648154907941907,1442.0,192.0,5.441140439300258,0.0,5.0,8.0,6.0,19.0
1933.0,delete,6.438214985710584,1442.0,192.0,5.441140439300258,0.0,5.0,8.0,6.0,17.0
1934.0,swap,5.337274241959591,1442.0,192.0,5.441140439300258,0.0,5.0,8.0,6.0,18.0
1935.0,delete,5.681900986731797,1443.0,33.0,6.22946799231843,7.0,3.0,4.0,2.0,21.0
1936.0,add,6.710121807411164,1444.0,76.0,6.123171588642307,5.0,6.0,5.0,5.0,13.0
1937.0,add,5.637404822193261,1445.0,139.0,5.11886203596513,0.0,5.0,3.0,3.0,18.0
1938.0,delete,5.973273216765353,1446.0,160.0,5.602696870568016,0.0,3.0,6.0,4.0,21.0
1939.0,delete,5.998033371612865,1447.0,184.0,5.250219738008397,0.0,5.0,6.0,6.0,21.0
1940.0,delete,5.084730956719638,1448.0,189.0,5.28203243845534,0.0,5.0,7.0,5.0,20.0
1941.0,delete,7.01077818266791,1449.0,112.0,5.788828383338721,2.0,4.0,4.0,4.0,12.0
1942.0,add,5.101577991578397,1450.0,191.0,5.643222122845751,0.0,5.0,8.0,6.0,18.0
1943.0,add,5.484017711305431,1451.0,175.0,5.553399484156576,0.0,6.0,6.0,6.0,21.0
1944.0,delete,6.213590860955909,1452.0,34.0,6.230093071638296,7.0,3.0,4.0,2.0,20.0
1945.0,delete,5.417092615626187,1453.0,190.0,5.3706111006436155,0.0,5.0,7.0,6.0,18.0
1946.0,delete,5.0155231955778,1454.0,185.0,5.224272477756966,0.0,5.0,6.0,6.0,20.0
1947.0,add,6.6909839665093935,1455.0,77.0,6.112713272991741,5.0,7.0,5.0,5.0,13.0
1948.0,add,6.451834551341097,1456.0,140.0,5.099914113031651,0.0,4.0,4.0,3.0,19.0
1949.0,add,5.6481549079419056,1457.0,193.0,5.648154907941907,0.0,5.0,8.0,6.0,19.0
1950.0,add,5.145678313443658,1457.0,193.0,5.648154907941907,0.0,5.0,8.0,6.0,20.0
1951.0,delete,5.712435833514996,1457.0,193.0,5.648154907941907,0.0,5.0,8.0,6.0,18.0
1952.0,swap,5.6487858205828125,1457.0,193.0,5.648154907941907,0.0,5.0,8.0,5.0,20.0
1953.0,delete,7.324434682110209,1458.0,113.0,5.767162043703642,2.0,4.0,4.0,4.0,11.0
1954.0,add,5.916539665240482,1459.0,161.0,5.582793956536612,0.0,3.0,6.0,4.0,22.0
1955.0,add,6.102990210510393,1460.0,192.0,5.560641956685055,0.0,5.0,9.0,6.0,18.0
1956.0,delete,6.32628134908444,1461.0,35.0,6.227495986681383,7.0,3.0,3.0,2.0,20.0
1957.0,add,6.273111875767617,1462.0,176.0,5.542217603160871,0.0,5.0,6.0,6.0,23.0
1958.0,delete,5.191773583332876,1463.0,186.0,5.2988874690851615,0.0,4.0,6.0,6.0,20.0
1959.0,delete,5.109965778892428,1464.0,141.0,5.103182075344684,0.0,4.0,4.0,3.0,18.0
1960.0,add,6.6301415237066825,1465.0,78.0,6.105244202804097,5.0,7.0,6.0,4.0,14.0
1961.0,add,5.5545018896917835,1466.0,191.0,5.597793971981901,0.0,5.0,7.0,6.0,19.0
1962.0,add,5.145678313443656,1467.0,194.0,5.145678313443658,0.0,5.0,8.0,6.0,20.0
1963.0,add,5.153138361504252,1467.0,194.0,5.145678313443658,0.0,5.0,8.0,6.0,21.0
1964.0,delete,5.145678313443656,1467.0,194.0,5.145678313443658,0.0,5.0,8.0,5.0,20.0
1965.0,swap,5.561998467987135,1467.0,194.0,5.145678313443658,0.0,5.0,9.0,5.0,20.0
1966.0,add,7.19466430850696,1468.0,114.0,5.740526758384897,2.0,4.0,3.0,4.0,13.0
1967.0,delete,5.720280220724311,1469.0,162.0,5.570471376237363,0.0,3.0,6.0,3.0,22.0
1968.0,delete,6.223091448211537,1470.0,36.0,6.223001641500962,6.0,3.0,3.0,2.0,20.0
1969.0,delete,5.899275698406677,1471.0,177.0,5.496129762610255,0.0,5.0,6.0,5.0,23.0
1970.0,add,5.967378079773919,1472.0,193.0,5.230434353964471,0.0,5.0,8.0,6.0,20.0
1971.0,delete,5.109965778892428,1473.0,142.0,5.106091678069626,0.0,4.0,4.0,3.0,17.0
1972.0,add,5.948964116316511,1474.0,187.0,5.290785549317469,0.0,5.0,6.0,6.0,20.0
1973.0,add,6.085708684664342,1475.0,79.0,6.0979701005923745,5.0,7.0,6.0,4.0,15.0
1974.0,add,6.039447520871709,1476.0,192.0,5.534551957280754,0.0,5.0,8.0,6.0,19.0
1975.0,add,5.152767546466439,1477.0,195.0,5.153138361504252,0.0,5.0,8.0,6.0,21.0
1976.0,add,5.653565878482049,1477.0,195.0,5.153138361504252,0.0,5.0,8.0,6.0,22.0
1977.0,delete,5.155553733834369,1477.0,195.0,5.153138361504252,0.0,5.0,8.0,5.0,21.0
1978.0,swap,4.930621225932119,1477.0,195.0,5.153138361504252,0.0,5.0,8.0,6.0,21.0
1979.0,delete,7.323260998874737,1478.0,115.0,5.716389206006606,2.0,4.0,3.0,4.0,12.0
1980.0,delete,6.098582372479851,1479.0,37.0,6.2190169697645254,6.0,3.0,3.0,2.0,19.0
1981.0,add,5.419754616758212,1480.0,163.0,5.568573081361831,0.0,3.0,6.0,4.0,22.0
1982.0,delete,5.870213078143508,1481.0,178.0,5.473621042974623,0.0,4.0,6.0,6.0,22.0
1983.0,delete,4.9787730604911635,1482.0,143.0,5.120264781822448,0.0,3.0,4.0,3.0,17.0
1984.0,add,5.00122253112621,1483.0,194.0,5.209129349243844,0.0,5.0,8.0,6.0,21.0
1985.0,delete,5.940198451274353,1484.0,80.0,6.09232471733207,5.0,7.0,6.0,4.0,14.0
1986.0,add,5.0113250407313155,1485.0,188.0,5.320119505097183,0.0,5.0,7.0,6.0,20.0
1987.0,add,6.07949421641755,1486.0,193.0,5.27393461503977,0.0,5.0,8.0,6.0,20.0
1988.0,add,5.658614162704364,1487.0,196.0,5.653565878482049,0.0,5.0,8.0,6.0,22.0
1989.0,add,5.686209687736736,1487.0,196.0,5.653565878482049,0.0,5.0,8.0,6.0,23.0
1990.0,delete,5.485942689602886,1487.0,196.0,5.653565878482049,0.0,5.0,7.0,6.0,22.0
1991.0,swap,5.6535656788960535,1487.0,196.0,5.653565878482049,0.0,5.0,8.0,7.0,21.0
1992.0,delete,6.46076903925527,1488.0,38.0,6.212745330396105,6.0,3.0,3.0,2.0,18.0
1993.0,add,7.367377233750996,1489.0,116.0,5.688931372232618,2.0,3.0,3.0,4.0,14.0
1994.0,add,5.268265393748102,1490.0,164.0,5.568583007423716,0.0,4.0,6.0,5.0,21.0
1995.0,delete,5.539885690436243,1491.0,179.0,5.456551575906942,0.0,4.0,5.0,6.0,22.0
1996.0,add,2.6366084374713155,1492.0,144.0,5.148077960214731,0.0,3.0,5.0,3.0,17.0
1997.0,delete,5.7587862605147,1493.0,81.0,6.086953203103684,5.0,7.0,5.0,4.0,14.0
1998.0,delete,5.368301772528701,1494.0,189.0,5.406032797082249,0.0,5.0,7.0,6.0,19.0
1999.0,add,5.1532533188744925,1495.0,195.0,5.627579619484417,0.0,5.0,8.0,7.0,21.0
2000.0,add,4.709007599659685,1496.0,194.0,5.334950437741814,0.0,5.0,9.0,6.0,20.0
2001.0,add,5.487763380757186,1497.0,197.0,5.686209687736736,0.0,5.0,8.0,6.0,23.0
2002.0,delete,5.686209687736732,1497.0,197.0,5.686209687736736,0.0,5.0,8.0,5.0,23.0
2003.0,swap,5.737251382276435,1497.0,197.0,5.686209687736736,0.0,5.0,9.0,6.0,22.0
2004.0,delete,6.175435421165581,1498.0,39.0,6.204978894313603,5.0,3.0,2.0,2.0,19.0
2005.0,add,6.654635421845218,1499.0,117.0,5.658909466592952,2.0,3.0,3.0,4.0,15.0
2006.0,add,6.192711622472802,1500.0,165.0,5.564712542324487,0.0,5.0,6.0,5.0,21.0
2007.0,delete,5.8347583969620995,1501.0,180.0,5.432867778107615,0.0,4.0,5.0,5.0,22.0
2008.0,delete,4.944510582538176,1502.0,190.0,5.450018550664595,0.0,5.0,7.0,6.0,18.0
2009.0,delete,6.691896878249554,1503.0,82.0,6.081518700219322,4.0,7.0,5.0,4.0,14.0
2010.0,add,4.084659820229936,1504.0,145.0,5.166686480117666,0.0,3.0,4.0,5.0,17.0
2011.0,add,5.883943691033411,1505.0,196.0,5.6493585346267725,0.0,5.0,8.0,6.0,23.0
2012.0,delete,5.842803172881401,1506.0,198.0,5.686209687736732,0.0,5.0,8.0,5.0,23.0
2013.0,delete,5.68565653515365,1506.0,198.0,5.686209687736732,0.0,5.0,8.0,5.0,22.0
2014.0,swap,5.7613046273438515,1506.0,198.0,5.686209687736732,0.0,6.0,8.0,5.0,22.0
2015.0,add,6.388906644141786,1507.0,166.0,5.54871260368577,0.0,5.0,6.0,5.0,22.0
2016.0,delete,6.874237684589555,1508.0,118.0,5.64352440839685,2.0,3.0,3.0,4.0,14.0
2017.0,add,6.361780569891599,1509.0,40.0,6.2020991027364865,6.0,3.0,1.0,3.0,19.0
2018.0,add,5.781812065606411,1510.0,181.0,5.426754084858377,0.0,4.0,5.0,6.0,22.0
2019.0,add,5.148425158004576,1511.0,195.0,5.64431414565225,0.0,5.0,8.0,6.0,22.0
2020.0,delete,6.312327228577451,1512.0,197.0,5.743993505778908,0.0,5.0,8.0,6.0,22.0
2021.0,delete,6.595379588848453,1513.0,83.0,6.075144423448958,4.0,7.0,5.0,3.0,14.0
2022.0,add,5.259292790155522,1514.0,191.0,5.538693789026017,0.0,5.0,7.0,6.0,19.0
2023.0,add,3.7119695738467486,1515.0,146.0,5.199335573356791,0.0,3.0,5.0,5.0,17.0
2024.0,delete,5.634084154624484,1516.0,199.0,5.68565653515365,0.0,5.0,8.0,5.0,22.0
2025.0,add,5.996670082345032,1516.0,199.0,5.68565653515365,0.0,5.0,8.0,5.0,23.0
2026.0,delete,5.68565653515365,1516.0,199.0,5.68565653515365,0.0,5.0,8.0,5.0,21.0
2027.0,swap,5.364698523548479,1516.0,199.0,5.68565653515365,0.0,6.0,8.0,5.0,21.0
2028.0,delete,6.8713529137119345,1517.0,119.0,5.623459296878003,1.0,3.0,3.0,4.0,14.0
2029.0,delete,6.008386598037,1518.0,41.0,6.19763860623539,6.0,3.0,0.0,2.0,20.0
2030.0,delete,6.627199844550758,1519.0,167.0,5.532021370662373,0.0,6.0,5.0,5.0,21.0
2031.0,add,5.405947237987782,1520.0,182.0,5.432156591570817,0.0,4.0,7.0,6.0,21.0
2032.0,add,5.648879198368137,1521.0,196.0,5.751121437628346,0.0,5.0,8.0,6.0,23.0
2033.0,delete,6.36644016104852,1522.0,84.0,6.065678910011425,4.0,7.0,5.0,4.0,12.0
2034.0,delete,5.676972440381881,1523.0,198.0,5.673353166165059,0.0,5.0,8.0,5.0,22.0
2035.0,add,5.344578094305798,1524.0,192.0,5.5587687979199805,0.0,6.0,8.0,6.0,18.0
2036.0,add,4.576880658832815,1525.0,147.0,5.233612829828783,0.0,3.0,5.0,4.0,19.0
2037.0,add,5.999381530741259,1526.0,200.0,5.996670082345032,0.0,5.0,8.0,5.0,23.0
2038.0,add,5.659468956799352,1526.0,200.0,5.996670082345032,0.0,5.0,9.0,5.0,23.0
2039.0,delete,5.668444489843371,1526.0,200.0,5.996670082345032,0.0,5.0,7.0,5.0,23.0
2040.0,swap,6.008004037224961,1526.0,200.0,5.996670082345032,0.0,6.0,8.0,5.0,22.0
2041.0,delete,6.356154263480236,1527.0,42.0,6.192603755184742,6.0,3.0,1.0,2.0,18.0
2042.0,add,6.997397504612451,1528.0,120.0,5.6048605817683255,1.0,3.0,4.0,3.0,15.0
2043.0,delete,5.5997724179262836,1529.0,168.0,5.521095300636347,0.0,5.0,6.0,5.0,20.0
2044.0,add,5.882903614173594,1530.0,183.0,5.428838199362151,0.0,5.0,6.0,7.0,21.0
2045.0,delete,6.468661155819351,1531.0,85.0,6.059382407336887,4.0,7.0,4.0,4.0,12.0
2046.0,delete,5.1898014846341125,1532.0,197.0,5.7844058573111115,0.0,5.0,8.0,6.0,22.0
2047.0,add,5.686209687736732,1533.0,199.0,5.866393819390795,0.0,5.0,8.0,5.0,23.0
2048.0,add,5.702313653198556,1534.0,193.0,5.543674977038343,0.0,5.0,8.0,6.0,20.0
2049.0,add,3.6476554047922622,1535.0,148.0,5.284544926537857,0.0,3.0,5.0,4.0,20.0
2050.0,delete,6.2358180624610595,1536.0,198.0,5.733204270322987,0.0,5.0,8.0,5.0,22.0
2051.0,delete,5.630474432871731,1537.0,169.0,5.525059207240486,0.0,5.0,5.0,5.0,20.0
2052.0,add,5.649030457271879,1538.0,201.0,5.659468956799352,0.0,5.0,9.0,5.0,23.0
2053.0,add,5.247830741444382,1538.0,201.0,5.659468956799352,0.0,5.0,9.0,5.0,24.0
2054.0,delete,5.527006806657855,1538.0,201.0,5.659468956799352,0.0,4.0,9.0,5.0,23.0
2055.0,swap,5.701470738033499,1538.0,201.0,5.659468956799352,0.0,6.0,9.0,5.0,22.0
2056.0,add,6.356154263480236,1539.0,43.0,6.186117669385368,6.0,3.0,1.0,2.0,19.0
2057.0,delete,6.214751022153619,1540.0,86.0,6.0512782488696875,4.0,6.0,4.0,4.0,12.0
2058.0,add,6.687249812723015,1541.0,121.0,5.584517058945117,1.0,3.0,3.0,4.0,16.0
2059.0,delete,5.813300595586353,1542.0,184.0,5.42228677034658,0.0,4.0,6.0,6.0,22.0
2060.0,add,6.085493255858125,1543.0,200.0,5.556961540041394,0.0,5.0,8.0,5.0,24.0
2061.0,delete,3.0009155440691306,1544.0,149.0,5.337692162028464,0.0,3.0,5.0,4.0,19.0
2062.0,add,5.6237873198897415,1545.0,194.0,5.579591499018271,0.0,5.0,8.0,6.0,21.0
2063.0,add,5.686547350151948,1546.0,199.0,5.748091889450586,0.0,5.0,8.0,6.0,22.0
2064.0,add,5.498832613730262,1547.0,170.0,5.528033171171439,0.0,5.0,6.0,5.0,20.0
2065.0,add,5.247830741444381,1548.0,202.0,5.247830741444382,0.0,5.0,9.0,5.0,24.0
2066.0,delete,5.11585627467619,1548.0,202.0,5.247830741444382,0.0,5.0,9.0,5.0,23.0
2067.0,swap,5.3170886752005675,1548.0,202.0,5.247830741444382,0.0,5.0,10.0,5.0,23.0
2068.0,add,6.372283851991768,1549.0,44.0,6.179842713082157,6.0,4.0,1.0,2.0,19.0
2069.0,delete,5.697686965276643,1550.0,87.0,6.044259598742913,3.0,6.0,4.0,4.0,12.0
2070.0,add,6.413972951118731,1551.0,122.0,5.562962812350572,1.0,3.0,3.0,4.0,17.0
2071.0,delete,4.67207859623506,1552.0,185.0,5.421928943960631,0.0,5.0,5.0,6.0,21.0
2072.0,add,5.659321554353348,1553.0,201.0,5.23215160819138,0.0,6.0,9.0,5.0,23.0
2073.0,delete,4.0841631510289895,1554.0,150.0,5.367907113228665,0.0,3.0,5.0,4.0,18.0
2074.0,delete,5.0844729342650865,1555.0,203.0,5.11585627467619,0.0,5.0,9.0,5.0,23.0
2075.0,delete,5.2390021501028565,1555.0,203.0,5.11585627467619,0.0,5.0,9.0,5.0,22.0
2076.0,swap,5.1248758695358845,1555.0,203.0,5.11585627467619,0.0,5.0,9.0,5.0,23.0
2077.0,add,5.240120056937318,1556.0,171.0,5.5223602381507755,0.0,5.0,7.0,5.0,20.0
2078.0,delete,5.4051453392991355,1557.0,186.0,5.437497049611674,0.0,5.0,6.0,6.0,19.0
2079.0,delete,6.37225286351098,1558.0,45.0,6.172371930778344,6.0,4.0,1.0,2.0,18.0
2080.0,delete,6.76438461353453,1559.0,123.0,5.544278633791738,1.0,3.0,3.0,4.0,16.0
2081.0,delete,5.697239968625075,1560.0,88.0,6.040186998047723,3.0,6.0,4.0,4.0,11.0
2082.0,add,4.711483856834877,1561.0,195.0,5.609189097876092,0.0,6.0,8.0,6.0,21.0
2083.0,add,5.68565653515365,1562.0,200.0,5.435288396587954,0.0,5.0,8.0,5.0,24.0
2084.0,delete,5.247830741444382,1563.0,202.0,5.141051807145004,0.0,5.0,9.0,4.0,24.0
2085.0,delete,3.7670075677464863,1564.0,151.0,5.389282061866301,0.0,3.0,5.0,4.0,17.0
2086.0,delete,5.307479656037994,1565.0,204.0,5.2390021501028565,0.0,5.0,9.0,5.0,22.0
2087.0,add,4.978674911743425,1565.0,204.0,5.2390021501028565,0.0,6.0,9.0,5.0,22.0
2088.0,delete,5.090667942432982,1565.0,204.0,5.2390021501028565,0.0,5.0,9.0,5.0,21.0
2089.0,swap,5.189486208823965,1565.0,204.0,5.2390021501028565,0.0,6.0,9.0,5.0,21.0
2090.0,add,4.753084606602742,1566.0,172.0,5.514518989087465,0.0,5.0,6.0,5.0,22.0
2091.0,delete,6.356078241561188,1567.0,46.0,6.164270559819127,6.0,3.0,1.0,2.0,18.0
2092.0,delete,7.218051461638802,1568.0,124.0,5.518189795777497,1.0,3.0,2.0,4.0,16.0
2093.0,delete,6.225146497377804,1569.0,89.0,6.032569246021652,3.0,6.0,3.0,4.0,11.0
2094.0,add,5.470132237205144,1570.0,187.0,5.419606441497499,0.0,6.0,6.0,6.0,19.0
2095.0,add,5.6609357559847515,1571.0,196.0,5.578614198097359,0.0,6.0,8.0,6.0,22.0
2096.0,add,5.591481955131438,1572.0,201.0,5.219262953961957,0.0,5.0,10.0,5.0,23.0
2097.0,delete,5.133358045409177,1573.0,203.0,5.1610621738282445,0.0,4.0,9.0,5.0,23.0
2098.0,add,4.533813265065969,1574.0,152.0,5.414549629688292,0.0,4.0,4.0,4.0,18.0
2099.0,add,4.977444714853017,1575.0,205.0,4.978674911743425,0.0,6.0,9.0,5.0,22.0
2100.0,add,5.09611677428557,1575.0,205.0,4.978674911743425,0.0,6.0,9.0,5.0,23.0
2101.0,delete,4.811642749742294,1575.0,205.0,4.978674911743425,0.0,6.0,8.0,5.0,22.0
2102.0,swap,5.243434937768372,1575.0,205.0,4.978674911743425,0.0,6.0,9.0,5.0,22.0
2103.0,delete,6.358939239593736,1576.0,47.0,6.158008633609594,5.0,3.0,1.0,2.0,18.0
2104.0,delete,6.665050894863465,1577.0,125.0,5.495553153936181,1.0,3.0,2.0,4.0,15.0
2105.0,delete,6.182600344426667,1578.0,90.0,6.024027097074329,3.0,5.0,4.0,4.0,10.0
2106.0,delete,5.19219046535622,1579.0,173.0,5.503134783187693,0.0,5.0,6.0,5.0,21.0
2107.0,add,5.0113250407313155,1580.0,188.0,5.417413271453912,0.0,5.0,7.0,6.0,20.0
2108.0,delete,5.686209687736733,1581.0,197.0,5.503157475214517,0.0,5.0,8.0,5.0,23.0
2109.0,delete,5.124741948674065,1582.0,202.0,5.117167422222941,0.0,5.0,8.0,5.0,24.0
2110.0,add,5.237053191429734,1583.0,204.0,5.021462817678535,0.0,5.0,9.0,5.0,23.0
2111.0,add,4.184517275838389,1584.0,153.0,5.435534611330749,0.0,3.0,5.0,5.0,18.0
2112.0,delete,6.001564553105257,1585.0,198.0,5.453896484562563,0.0,5.0,8.0,5.0,22.0
2113.0,delete,5.102286649901735,1586.0,203.0,5.118578298420854,0.0,5.0,9.0,5.0,22.0
2114.0,add,5.1002656474966335,1587.0,206.0,5.09611677428557,0.0,6.0,9.0,5.0,23.0
2115.0,add,5.096194747805519,1587.0,206.0,5.09611677428557,0.0,6.0,9.0,6.0,23.0
2116.0,delete,5.096116774285568,1587.0,206.0,5.09611677428557,0.0,6.0,9.0,4.0,23.0
2117.0,swap,5.09611677428557,1587.0,206.0,5.09611677428557,0.0,6.0,9.0,5.0,23.0
2118.0,delete,6.757093620280762,1588.0,48.0,6.148306528168631,5.0,3.0,1.0,2.0,17.0
2119.0,delete,6.61934773114305,1589.0,91.0,6.011505020964635,3.0,6.0,4.0,4.0,8.0
2120.0,delete,7.096166294190781,1590.0,126.0,5.470416574497202,0.0,3.0,2.0,3.0,16.0
2121.0,add,5.3878458978581065,1591.0,174.0,5.498734200979504,0.0,5.0,6.0,5.0,22.0
2122.0,delete,5.448416758458117,1592.0,189.0,5.427544481660458,0.0,4.0,7.0,6.0,20.0
2123.0,add,5.17772432923451,1593.0,205.0,5.096962143631773,0.0,6.0,9.0,5.0,23.0
2124.0,add,3.828062762418549,1594.0,154.0,5.44632677729813,0.0,4.0,5.0,4.0,19.0
2125.0,add,5.685603261405049,1595.0,199.0,5.361225168451958,0.0,5.0,8.0,6.0,22.0
2126.0,add,4.850399729159778,1596.0,204.0,5.082798686630019,0.0,5.0,10.0,5.0,22.0
2127.0,delete,4.793501483776167,1597.0,190.0,5.442936815117899,0.0,4.0,7.0,6.0,19.0
2128.0,add,6.759077960085909,1598.0,49.0,6.139623630304565,5.0,3.0,2.0,2.0,17.0
2129.0,delete,6.684892499912447,1599.0,92.0,5.998889004382284,3.0,6.0,3.0,3.0,9.0
2130.0,add,7.096166294190781,1600.0,127.0,5.4424721233801305,0.0,3.0,2.0,5.0,15.0
2131.0,add,5.500503098014367,1601.0,175.0,5.503136885735911,0.0,5.0,6.0,6.0,22.0
2132.0,add,5.095964487683789,1602.0,207.0,5.096194747805519,0.0,6.0,9.0,6.0,23.0
2133.0,add,4.874729290406906,1602.0,207.0,5.096194747805519,0.0,6.0,10.0,6.0,23.0
2134.0,delete,5.1060881680811665,1602.0,207.0,5.096194747805519,0.0,5.0,9.0,6.0,23.0
2135.0,swap,5.372529011643133,1602.0,207.0,5.096194747805519,0.0,5.0,9.0,7.0,23.0
2136.0,delete,3.917007360237709,1603.0,155.0,5.467492278188256,0.0,3.0,5.0,4.0,19.0
2137.0,add,4.98199842526795,1604.0,206.0,5.1091011411241025,0.0,6.0,9.0,5.0,24.0
2138.0,add,5.9965595395936155,1605.0,200.0,5.239082910354508,0.0,5.0,8.0,6.0,23.0
2139.0,add,4.978668898605241,1606.0,205.0,5.099440402770574,0.0,6.0,9.0,6.0,22.0
2140.0,delete,7.065751971277142,1607.0,50.0,6.129896756754063,5.0,3.0,1.0,3.0,16.0
2141.0,delete,6.89203689312663,1608.0,93.0,5.985498971131204,3.0,4.0,3.0,4.0,9.0
2142.0,add,5.64548090024891,1609.0,191.0,5.4457397672928485,0.0,5.0,7.0,6.0,19.0
2143.0,add,6.503596606153513,1610.0,128.0,5.417167057977673,0.0,3.0,2.0,4.0,17.0
2144.0,add,6.263739807972554,1611.0,176.0,5.487888232705376,0.0,6.0,6.0,6.0,22.0
2145.0,add,4.915220318676257,1612.0,208.0,4.874729290406906,0.0,6.0,10.0,6.0,23.0
2146.0,add,5.1813937855272965,1612.0,208.0,4.874729290406906,0.0,7.0,10.0,6.0,23.0
2147.0,delete,4.718189978012065,1612.0,208.0,4.874729290406906,0.0,5.0,10.0,6.0,23.0
2148.0,swap,4.84462005577452,1612.0,208.0,4.874729290406906,0.0,6.0,10.0,6.0,23.0
2149.0,add,4.041359055764413,1613.0,156.0,5.496409029364754,0.0,3.0,6.0,4.0,19.0
2150.0,add,5.297976741417007,1614.0,207.0,4.906830685679409,0.0,6.0,10.0,6.0,23.0
2151.0,add,5.746027579991884,1615.0,201.0,5.126978885437534,0.0,5.0,10.0,5.0,23.0
2152.0,delete,6.647605393323961,1616.0,51.0,6.121145428820219,5.0,3.0,1.0,3.0,15.0
2153.0,add,5.219813406892132,1617.0,206.0,5.044082273663237,0.0,6.0,9.0,5.0,24.0
2154.0,add,6.880056873014738,1618.0,94.0,5.9693136759023995,2.0,6.0,3.0,4.0,9.0
2155.0,delete,6.970774350731519,1619.0,129.0,5.396769676580201,0.0,3.0,2.0,3.0,17.0
2156.0,delete,5.918005164815973,1620.0,177.0,5.456095715532284,0.0,4.0,6.0,6.0,23.0
2157.0,add,5.480940069754772,1621.0,192.0,5.420640879925972,0.0,5.0,8.0,6.0,19.0
2158.0,add,5.38142527789192,1622.0,1.0,6.077671563964516,10.0,0.0,1.0,0.0,0.0
2159.0,add,5.191594623196169,1623.0,209.0,5.1813937855272965,0.0,7.0,10.0,6.0,23.0
2160.0,delete,5.389596709978778,1623.0,209.0,5.1813937855272965,0.0,7.0,9.0,6.0,23.0
2161.0,swap,5.1813937855272965,1623.0,209.0,5.1813937855272965,0.0,7.0,10.0,6.0,23.0
2162.0,add,4.875302901926752,1624.0,208.0,5.235994726057385,0.0,6.0,10.0,7.0,23.0
2163.0,add,4.3944153867794205,1625.0,157.0,5.524840261372519,0.0,3.0,5.0,5.0,20.0
2164.0,delete,5.247830741444382,1626.0,202.0,5.096059597231046,0.0,5.0,9.0,5.0,23.0
2165.0,delete,6.5894719513832145,1627.0,52.0,6.113087971125408,5.0,2.0,1.0,3.0,15.0
2166.0,delete,5.401344797739154,1628.0,210.0,5.389596709978778,0.0,7.0,9.0,6.0,23.0
2167.0,delete,5.396249894379816,1628.0,210.0,5.389596709978778,0.0,7.0,9.0,6.0,22.0
2168.0,swap,5.271217375144959,1628.0,210.0,5.389596709978778,0.0,8.0,8.0,6.0,23.0
2169.0,delete,7.082129404201974,1629.0,95.0,5.953022244518452,2.0,4.0,3.0,4.0,10.0
2170.0,delete,7.038010549213188,1630.0,130.0,5.373421872081201,0.0,3.0,2.0,3.0,16.0
2171.0,add,5.808421654950915,1631.0,2.0,6.076392217664524,10.0,0.0,0.0,0.0,2.0
2172.0,delete,3.7815142960850006,1632.0,178.0,5.432731999366003,0.0,4.0,5.0,6.0,23.0
2173.0,add,5.671932842510225,1633.0,193.0,5.385585954234145,0.0,5.0,8.0,6.0,20.0
2174.0,add,5.095079961394069,1634.0,207.0,5.118371558285152,0.0,6.0,9.0,6.0,24.0
2175.0,delete,5.181393785527296,1635.0,209.0,5.364602194310676,0.0,7.0,10.0,5.0,23.0
2176.0,delete,5.11585627467619,1636.0,203.0,5.112662367630782,0.0,5.0,9.0,5.0,22.0
2177.0,add,5.9992454987457435,1637.0,158.0,5.527620956901393,0.0,3.0,5.0,4.0,22.0
2178.0,delete,6.5894719513832145,1638.0,53.0,6.105077543523831,5.0,2.0,1.0,3.0,14.0
2179.0,delete,5.488470521711637,1639.0,211.0,5.396249894379816,0.0,7.0,9.0,6.0,22.0
2180.0,add,5.387492629998369,1639.0,211.0,5.396249894379816,0.0,7.0,9.0,6.0,23.0
2181.0,delete,5.396249894379814,1639.0,211.0,5.396249894379816,0.0,7.0,9.0,5.0,22.0
2182.0,swap,5.523116626975775,1639.0,211.0,5.396249894379816,0.0,7.0,9.0,6.0,22.0
2183.0,add,6.46442237128829,1640.0,96.0,5.936249692886899,2.0,5.0,3.0,4.0,10.0
2184.0,delete,6.4551210080013535,1641.0,131.0,5.353904684909943,0.0,3.0,2.0,3.0,15.0
2185.0,add,5.5106076500248005,1642.0,3.0,6.075145667307751,10.0,0.0,1.0,0.0,2.0
2186.0,delete,5.868318225082327,1643.0,179.0,5.417426330796344,0.0,4.0,5.0,6.0,22.0
2187.0,add,5.145682437268004,1644.0,194.0,5.370434889544387,0.0,5.0,8.0,7.0,20.0
2188.0,add,4.874902907366024,1645.0,208.0,5.297293640924086,0.0,6.0,10.0,6.0,24.0
2189.0,delete,5.3905460453489455,1646.0,210.0,5.438315913489082,0.0,7.0,9.0,6.0,22.0
2190.0,add,5.238181259948667,1647.0,204.0,5.138264879760828,0.0,5.0,9.0,6.0,22.0
2191.0,add,4.57547215495871,1648.0,159.0,5.526155709793712,0.0,3.0,5.0,4.0,23.0
2192.0,add,6.6476360529197525,1649.0,54.0,6.096160133735521,5.0,3.0,1.0,3.0,14.0
2193.0,delete,6.636046882050385,1650.0,132.0,5.339682211514328,0.0,3.0,2.0,2.0,15.0
2194.0,delete,5.4178030637905685,1651.0,180.0,5.402271208548313,0.0,3.0,5.0,6.0,22.0
2195.0,add,6.993587532937714,1652.0,97.0,5.92228720984904,2.0,5.0,4.0,4.0,10.0
2196.0,add,5.420643200896596,1653.0,212.0,5.387492629998369,0.0,7.0,9.0,6.0,23.0
2197.0,add,5.373142820801874,1653.0,212.0,5.387492629998369,0.0,7.0,9.0,6.0,24.0
2198.0,delete,5.495658765104657,1653.0,212.0,5.387492629998369,0.0,7.0,9.0,6.0,22.0
2199.0,swap,5.802250015576702,1653.0,212.0,5.387492629998369,0.0,7.0,9.0,6.0,23.0
2200.0,add,5.227470868242286,1654.0,4.0,6.0753397702806025,10.0,0.0,2.0,0.0,2.0
2201.0,add,5.065595043328629,1655.0,195.0,5.388582721550508,0.0,5.0,8.0,6.0,22.0
2202.0,delete,4.854183638663523,1656.0,209.0,5.422669505968884,0.0,7.0,9.0,6.0,23.0
2203.0,add,5.525487241916139,1657.0,211.0,5.495837486475639,0.0,7.0,9.0,6.0,23.0
2204.0,delete,5.875296087731593,1658.0,160.0,5.522650767319925,0.0,3.0,6.0,4.0,21.0
2205.0,add,4.995244574247555,1659.0,205.0,5.199103737408593,0.0,7.0,9.0,5.0,22.0
2206.0,add,6.761910326288688,1660.0,55.0,6.088248204312261,5.0,3.0,1.0,3.0,15.0
2207.0,add,6.636046882050384,1661.0,133.0,5.319355386901386,0.0,3.0,2.0,3.0,15.0
2208.0,add,5.6843832102533565,1662.0,181.0,5.388672591851983,0.0,4.0,5.0,6.0,22.0
2209.0,add,6.553781477540231,1663.0,98.0,5.907083404307286,2.0,5.0,5.0,4.0,10.0
2210.0,delete,5.491435578478277,1664.0,210.0,5.472664332462757,0.0,7.0,9.0,6.0,22.0
2211.0,add,5.373154985103778,1665.0,213.0,5.373142820801874,0.0,7.0,9.0,6.0,24.0
2212.0,add,5.524857403068996,1665.0,213.0,5.373142820801874,0.0,7.0,9.0,6.0,25.0
2213.0,delete,5.374880070189606,1665.0,213.0,5.373142820801874,0.0,7.0,9.0,5.0,24.0
2214.0,swap,5.247645371651447,1665.0,213.0,5.373142820801874,0.0,7.0,9.0,6.0,24.0
2215.0,add,6.105638494253658,1666.0,5.0,6.075800007497132,10.0,0.0,2.0,0.0,3.0
2216.0,add,5.619602163943152,1667.0,196.0,5.3840967157656,0.0,5.0,8.0,6.0,23.0
2217.0,add,5.757118110575837,1668.0,212.0,5.37873613016314,0.0,7.0,9.0,6.0,24.0
2218.0,add,5.7159880282838,1669.0,161.0,5.511824766920928,0.0,3.0,6.0,4.0,22.0
2219.0,add,5.083569391704729,1670.0,206.0,5.256131489225898,0.0,6.0,10.0,5.0,23.0
2220.0,add,6.805778571109922,1671.0,56.0,6.081562826261119,5.0,4.0,1.0,4.0,14.0
2221.0,add,6.983495759357333,1672.0,134.0,5.299723180932188,0.0,4.0,2.0,3.0,15.0
2222.0,add,5.831690442497435,1673.0,182.0,5.383253676998573,0.0,4.0,6.0,6.0,22.0
2223.0,add,6.993585585904202,1674.0,99.0,5.89348981552663,2.0,5.0,4.0,5.0,11.0
2224.0,add,5.292365028229129,1675.0,211.0,5.480211874080363,0.0,7.0,9.0,6.0,23.0
2225.0,add,5.527278980483985,1676.0,214.0,5.524857403068996,0.0,7.0,9.0,6.0,25.0
2226.0,add,5.445538744913894,1676.0,214.0,5.524857403068996,0.0,7.0,9.0,6.0,26.0
2227.0,delete,5.518125831363948,1676.0,214.0,5.524857403068996,0.0,7.0,9.0,6.0,24.0
2228.0,swap,5.41462363931728,1676.0,214.0,5.524857403068996,0.0,6.0,9.0,6.0,26.0
2229.0,add,5.614838072990459,1677.0,6.0,6.077807175102086,10.0,0.0,2.0,0.0,4.0
2230.0,delete,5.686209687736736,1678.0,197.0,5.370282810190997,0.0,5.0,8.0,6.0,22.0
2231.0,delete,5.305600695936313,1679.0,162.0,5.503333125946184,0.0,3.0,5.0,4.0,22.0
2232.0,add,5.3511344626629125,1680.0,213.0,5.48608491982962,0.0,7.0,9.0,6.0,25.0
2233.0,add,5.104749238295345,1681.0,207.0,5.299118115882245,0.0,6.0,10.0,6.0,23.0
2234.0,add,6.333580185985373,1682.0,57.0,6.075160437734362,5.0,4.0,1.0,5.0,14.0
2235.0,add,6.711011866281846,1683.0,135.0,5.279161976474247,0.0,5.0,3.0,3.0,14.0
2236.0,delete,7.306316553392601,1684.0,100.0,5.87905250365179,2.0,4.0,4.0,5.0,11.0
2237.0,add,6.088067092650053,1685.0,183.0,5.371991404204491,0.0,5.0,7.0,6.0,21.0
2238.0,add,5.391545320506452,1686.0,212.0,5.446136401830323,0.0,7.0,9.0,6.0,24.0
2239.0,delete,5.675136468200699,1687.0,198.0,5.345573217672639,0.0,5.0,8.0,5.0,22.0
2240.0,add,5.538980888418425,1688.0,215.0,5.445538744913894,0.0,7.0,9.0,6.0,26.0
2241.0,delete,5.445534969308635,1688.0,215.0,5.445538744913894,0.0,7.0,9.0,5.0,26.0
2242.0,swap,5.132850018828087,1688.0,215.0,5.445538744913894,0.0,6.0,10.0,6.0,26.0
2243.0,add,5.5039636195496655,1689.0,7.0,6.079215183344899,10.0,1.0,1.0,1.0,4.0
2244.0,add,5.679257420864948,1690.0,214.0,5.39072615536726,0.0,7.0,10.0,6.0,25.0
2245.0,add,5.664663082095241,1691.0,163.0,5.4995862350325355,0.0,3.0,7.0,4.0,21.0
2246.0,delete,5.489577289841064,1692.0,216.0,5.445534969308635,0.0,7.0,9.0,5.0,26.0
2247.0,delete,5.4491437553062,1692.0,216.0,5.445534969308635,0.0,7.0,9.0,4.0,26.0
2248.0,swap,5.861066443045868,1692.0,216.0,5.445534969308635,0.0,7.0,10.0,5.0,25.0
2249.0,add,6.5163470820504905,1693.0,58.0,6.071107801569014,5.0,4.0,2.0,4.0,15.0
2250.0,delete,7.324323590661005,1694.0,101.0,5.86293588393354,2.0,4.0,4.0,5.0,10.0
2251.0,add,6.466675773910362,1695.0,136.0,5.260272530461444,0.0,4.0,3.0,3.0,16.0
2252.0,delete,5.8683025359114,1696.0,184.0,5.363996275970253,0.0,5.0,6.0,6.0,21.0
2253.0,add,5.680273977227136,1697.0,199.0,5.329023805723473,0.0,5.0,9.0,5.0,22.0
2254.0,add,4.880257072300471,1698.0,208.0,5.387993811703571,0.0,6.0,10.0,7.0,23.0
2255.0,add,5.52219688068907,1699.0,8.0,6.081012265447495,10.0,1.0,1.0,1.0,5.0
2256.0,add,5.361940660101356,1700.0,213.0,5.49061306518648,0.0,7.0,10.0,6.0,24.0
2257.0,delete,5.55180331152837,1701.0,215.0,5.561330614375441,0.0,6.0,9.0,6.0,26.0
2258.0,delete,5.449342721133678,1702.0,217.0,5.4491437553062,0.0,7.0,9.0,4.0,26.0
2259.0,delete,5.594975269385099,1702.0,217.0,5.4491437553062,0.0,7.0,9.0,4.0,25.0
2260.0,swap,5.4491437553062,1702.0,217.0,5.4491437553062,0.0,7.0,9.0,5.0,25.0
2261.0,delete,7.324323590661006,1703.0,102.0,5.846306858224542,2.0,4.0,4.0,4.0,10.0
2262.0,add,6.536513707582738,1704.0,59.0,6.067819132089642,5.0,5.0,3.0,4.0,14.0
2263.0,add,5.331960173853171,1705.0,164.0,5.499010201043511,0.0,4.0,6.0,4.0,22.0
2264.0,add,6.713238922333312,1706.0,137.0,5.242394132328215,0.0,4.0,3.0,3.0,17.0
2265.0,delete,6.079463396197133,1707.0,185.0,5.35955469546116,0.0,5.0,6.0,6.0,20.0
2266.0,delete,5.1813937855272965,1708.0,209.0,5.4392771705794525,0.0,7.0,10.0,6.0,22.0
2267.0,add,5.880225199535598,1709.0,200.0,5.297043375682632,0.0,5.0,8.0,5.0,24.0
2268.0,add,5.1707928973471375,1710.0,214.0,5.507267882323371,0.0,7.0,9.0,6.0,26.0
2269.0,add,5.533907992486726,1711.0,9.0,6.082205204458957,10.0,2.0,1.0,0.0,6.0
2270.0,delete,5.568879398337447,1712.0,216.0,5.485651375282794,0.0,7.0,9.0,5.0,25.0
2271.0,delete,5.594946593096857,1713.0,218.0,5.594975269385099,0.0,7.0,9.0,4.0,25.0
2272.0,delete,5.333106678393752,1713.0,218.0,5.594975269385099,0.0,7.0,9.0,4.0,24.0
2273.0,swap,5.3748903300670205,1713.0,218.0,5.594975269385099,0.0,7.0,9.0,5.0,24.0
2274.0,delete,7.3243235906610105,1714.0,103.0,5.829880100617153,2.0,4.0,4.0,3.0,10.0
2275.0,add,6.193553571778262,1715.0,165.0,5.499843111664505,0.0,6.0,6.0,4.0,21.0
2276.0,add,6.501548144552718,1716.0,60.0,6.062717113042175,5.0,5.0,2.0,4.0,16.0
2277.0,delete,4.914983742808915,1717.0,186.0,5.3737610503977224,0.0,5.0,6.0,6.0,19.0
2278.0,add,6.708978347418793,1718.0,138.0,5.227762687922438,0.0,4.0,3.0,3.0,18.0
2279.0,delete,5.396249894379816,1719.0,210.0,5.462323014242587,0.0,7.0,9.0,6.0,22.0
2280.0,delete,5.638262662661689,1720.0,215.0,5.513534209562516,0.0,7.0,9.0,6.0,25.0
2281.0,add,5.655610198017691,1721.0,201.0,5.275204573377883,0.0,5.0,9.0,5.0,24.0
2282.0,delete,5.556417423469541,1722.0,217.0,5.474479717735682,0.0,7.0,8.0,4.0,26.0
2283.0,add,5.871889413838717,1723.0,10.0,6.083634320268683,10.0,2.0,1.0,0.0,7.0
2284.0,delete,5.312940033857241,1724.0,219.0,5.333106678393752,0.0,7.0,9.0,4.0,24.0
2285.0,delete,5.15703605451204,1724.0,219.0,5.333106678393752,0.0,7.0,8.0,4.0,24.0
2286.0,swap,5.325705285239533,1724.0,219.0,5.333106678393752,0.0,6.0,9.0,5.0,24.0
2287.0,add,6.176391321331197,1725.0,166.0,5.483960027249472,0.0,5.0,6.0,5.0,22.0
2288.0,add,7.209981670716314,1726.0,104.0,5.812150675519551,2.0,4.0,5.0,3.0,10.0
2289.0,add,5.183135878421649,1727.0,187.0,5.373643447528509,0.0,6.0,6.0,6.0,19.0
2290.0,add,6.506288153300506,1728.0,61.0,6.0565416494586914,5.0,5.0,3.0,4.0,16.0
2291.0,add,5.389596709978778,1729.0,211.0,5.456488412060297,0.0,7.0,9.0,6.0,23.0
2292.0,add,6.448283978982515,1730.0,139.0,5.2154257494345195,0.0,5.0,3.0,3.0,18.0
2293.0,delete,5.458337346410583,1731.0,216.0,5.430543941508716,0.0,7.0,9.0,5.0,25.0
2294.0,delete,5.247830741444382,1732.0,202.0,5.269228608729861,0.0,5.0,9.0,5.0,23.0
2295.0,delete,5.310142298005101,1733.0,218.0,5.2821970130006415,0.0,6.0,9.0,4.0,25.0
2296.0,delete,5.157036054512041,1734.0,220.0,5.15703605451204,0.0,7.0,8.0,4.0,24.0
2297.0,add,5.152482059086759,1734.0,220.0,5.15703605451204,0.0,7.0,8.0,4.0,25.0
2298.0,delete,5.92582775189699,1734.0,220.0,5.15703605451204,0.0,7.0,7.0,4.0,24.0
2299.0,swap,5.157036054512039,1734.0,220.0,5.15703605451204,0.0,7.0,8.0,4.0,24.0
2300.0,add,5.8735878434971935,1735.0,11.0,6.082850054185482,10.0,2.0,1.0,0.0,8.0
2301.0,delete,6.418559331639006,1736.0,167.0,5.465903400824389,0.0,6.0,5.0,5.0,21.0
2302.0,add,7.008732035132853,1737.0,105.0,5.793628400818572,2.0,4.0,4.0,3.0,12.0
2303.0,add,5.106569889937499,1738.0,188.0,5.376387812649534,0.0,5.0,7.0,7.0,19.0
2304.0,add,6.783492570821603,1739.0,62.0,6.050179595776775,5.0,7.0,3.0,4.0,15.0
2305.0,add,5.997015722306122,1740.0,212.0,5.437412529127845,0.0,7.0,9.0,6.0,24.0
2306.0,add,6.246485999382167,1741.0,140.0,5.205585453519121,0.0,4.0,4.0,3.0,19.0
2307.0,delete,5.115856274676189,1742.0,203.0,5.286424014909066,0.0,5.0,9.0,4.0,23.0
2308.0,delete,6.294624249468981,1743.0,217.0,5.380964760464154,0.0,7.0,9.0,4.0,25.0
2309.0,delete,6.008419804759749,1744.0,219.0,5.309883594903974,0.0,7.0,9.0,4.0,23.0
2310.0,add,5.15216265943213,1745.0,221.0,5.152482059086759,0.0,7.0,8.0,4.0,25.0
2311.0,delete,5.156428165378029,1745.0,221.0,5.152482059086759,0.0,7.0,8.0,4.0,24.0
2312.0,swap,5.093369813661392,1745.0,221.0,5.152482059086759,0.0,8.0,8.0,3.0,25.0
2313.0,add,5.533839987842662,1746.0,12.0,6.084773449466154,10.0,2.0,1.0,1.0,8.0
2314.0,delete,5.39231642747378,1747.0,168.0,5.453359139389005,0.0,5.0,6.0,5.0,20.0
2315.0,delete,5.097821533343812,1748.0,189.0,5.393048364092697,0.0,5.0,6.0,6.0,20.0
2316.0,add,7.349581193928455,1749.0,106.0,5.775769096749815,2.0,4.0,4.0,3.0,13.0
2317.0,delete,6.8433497720187075,1750.0,63.0,6.044295212412235,4.0,6.0,3.0,4.0,16.0
2318.0,add,5.383857231185098,1751.0,213.0,5.453436389204745,0.0,7.0,9.0,6.0,25.0
2319.0,delete,5.132473105320312,1752.0,141.0,5.202370629450212,0.0,4.0,4.0,3.0,18.0
2320.0,delete,5.352472922294539,1753.0,218.0,5.326284054865138,0.0,6.0,9.0,4.0,25.0
2321.0,add,5.237801975898088,1754.0,204.0,5.308612229799212,0.0,5.0,9.0,6.0,22.0
2322.0,add,5.152340959085983,1755.0,220.0,5.138610674389577,0.0,8.0,8.0,4.0,24.0
2323.0,delete,5.15642816537803,1756.0,222.0,5.156428165378029,0.0,7.0,8.0,4.0,24.0
2324.0,delete,5.15642816537803,1756.0,222.0,5.156428165378029,0.0,7.0,8.0,3.0,24.0
2325.0,swap,5.863885937970571,1756.0,222.0,5.156428165378029,0.0,7.0,9.0,4.0,23.0
2326.0,add,5.722330606229167,1757.0,13.0,6.0848843572972315,10.0,2.0,2.0,1.0,8.0
2327.0,delete,5.362880164636101,1758.0,169.0,5.448055340867221,0.0,5.0,6.0,5.0,19.0
2328.0,delete,4.92200091508545,1759.0,190.0,5.399692344774605,0.0,5.0,7.0,5.0,19.0
2329.0,delete,5.333106678393749,1760.0,219.0,5.3299139727356755,0.0,7.0,9.0,3.0,24.0
2330.0,delete,6.596703409685476,1761.0,64.0,6.034898620518224,5.0,5.0,3.0,4.0,15.0
2331.0,add,7.023007795444373,1762.0,107.0,5.755202738229941,2.0,5.0,4.0,3.0,13.0
2332.0,delete,5.10938618374668,1763.0,142.0,5.201492280334771,0.0,4.0,4.0,3.0,17.0
2333.0,add,5.991621938965511,1764.0,214.0,5.435915923858652,0.0,8.0,9.0,6.0,25.0
2334.0,delete,5.294695268193328,1765.0,221.0,5.333292608526166,0.0,6.0,8.0,4.0,25.0
2335.0,add,4.920461112190851,1766.0,205.0,5.33421689272784,0.0,6.0,10.0,5.0,22.0
2336.0,delete,5.1727561818372285,1767.0,223.0,5.15642816537803,0.0,7.0,8.0,3.0,24.0
2337.0,delete,5.162593791143815,1767.0,223.0,5.15642816537803,0.0,7.0,8.0,3.0,23.0
2338.0,swap,5.1625937911438164,1767.0,223.0,5.15642816537803,0.0,7.0,8.0,4.0,23.0
2339.0,add,5.81932724020807,1768.0,14.0,6.083613574988783,10.0,3.0,2.0,1.0,8.0
2340.0,add,5.392315874381468,1769.0,170.0,5.440623716442995,0.0,5.0,6.0,5.0,20.0
2341.0,add,5.401354106124986,1770.0,191.0,5.406810956566331,0.0,5.0,7.0,6.0,19.0
2342.0,add,5.165557066589046,1771.0,220.0,5.223013746474092,0.0,7.0,8.0,4.0,25.0
2343.0,delete,6.812514441270769,1772.0,65.0,6.02626645353829,5.0,6.0,3.0,2.0,15.0
2344.0,delete,7.010709648002847,1773.0,108.0,5.739492202181889,2.0,4.0,4.0,3.0,13.0
2345.0,delete,4.131221678531493,1774.0,143.0,5.207509213987331,0.0,3.0,4.0,3.0,17.0
2346.0,delete,5.458332288801765,1775.0,215.0,5.410038388692876,0.0,7.0,9.0,6.0,25.0
2347.0,delete,5.152482059086759,1776.0,222.0,5.1635929823757225,0.0,7.0,8.0,4.0,23.0
2348.0,delete,5.162174447551791,1777.0,224.0,5.162593791143815,0.0,7.0,8.0,3.0,23.0
2349.0,add,5.165032195714486,1777.0,224.0,5.162593791143815,0.0,8.0,8.0,3.0,23.0
2350.0,delete,4.522548027650071,1777.0,224.0,5.162593791143815,0.0,7.0,7.0,3.0,23.0
2351.0,swap,4.522281846804423,1777.0,224.0,5.162593791143815,0.0,7.0,8.0,3.0,23.0
2352.0,add,4.678440613145143,1778.0,206.0,5.32567829506783,0.0,6.0,9.0,5.0,24.0
2353.0,add,6.16622814354521,1779.0,15.0,6.0797774195137215,10.0,2.0,3.0,2.0,8.0
2354.0,add,5.366180860023026,1780.0,171.0,5.433129659383204,0.0,5.0,6.0,6.0,20.0
2355.0,add,5.533223256093278,1781.0,192.0,5.386708336320453,0.0,5.0,9.0,6.0,18.0
2356.0,delete,6.230844542005866,1782.0,66.0,6.016289730138983,4.0,6.0,3.0,3.0,14.0
2357.0,delete,7.010709648002846,1783.0,109.0,5.720005074403735,2.0,4.0,4.0,3.0,12.0
2358.0,delete,5.458337346410583,1784.0,216.0,5.321276181011387,0.0,7.0,9.0,5.0,25.0
2359.0,add,4.76427797121808,1785.0,144.0,5.219056114896856,0.0,3.0,4.0,3.0,18.0
2360.0,delete,5.152269873712918,1786.0,221.0,5.126948311017721,0.0,7.0,8.0,3.0,25.0
2361.0,delete,5.002077396878174,1787.0,223.0,4.906926061772916,0.0,7.0,7.0,3.0,24.0
2362.0,add,5.165084789243445,1788.0,225.0,5.165032195714486,0.0,8.0,8.0,3.0,23.0
2363.0,delete,5.177107427081876,1788.0,225.0,5.165032195714486,0.0,8.0,8.0,3.0,22.0
2364.0,swap,5.678594190875891,1788.0,225.0,5.165032195714486,0.0,8.0,9.0,3.0,22.0
2365.0,add,5.087918846850298,1789.0,207.0,5.335322445838909,0.0,6.0,9.0,6.0,24.0
2366.0,delete,5.458408365511428,1790.0,217.0,5.2905143015574945,0.0,7.0,8.0,4.0,26.0
2367.0,add,6.169175120019017,1791.0,16.0,6.07648124600457,10.0,3.0,3.0,1.0,9.0
2368.0,add,6.3417264201127335,1792.0,172.0,5.431039198681936,0.0,5.0,6.0,5.0,22.0
2369.0,add,5.471090062097107,1793.0,193.0,5.370606985251014,0.0,5.0,9.0,6.0,19.0
2370.0,add,6.254912441282237,1794.0,67.0,6.009296491542885,5.0,6.0,3.0,3.0,14.0
2371.0,add,7.010709648002846,1795.0,110.0,5.702844939425816,2.0,4.0,4.0,4.0,12.0
2372.0,delete,4.526402678958482,1796.0,222.0,5.092442639260754,0.0,7.0,7.0,4.0,24.0
2373.0,add,5.039902873203364,1797.0,145.0,5.232181612905833,0.0,3.0,4.0,4.0,18.0
2374.0,add,5.4170594546551945,1798.0,224.0,5.296454650728925,0.0,7.0,8.0,3.0,24.0
2375.0,delete,5.177097540269971,1799.0,226.0,5.177107427081876,0.0,8.0,8.0,3.0,22.0
2376.0,delete,5.426372694513711,1799.0,226.0,5.177107427081876,0.0,8.0,7.0,3.0,22.0
2377.0,swap,5.167840401782478,1799.0,226.0,5.177107427081876,0.0,9.0,8.0,3.0,21.0
2378.0,add,4.946377810355668,1800.0,208.0,5.351418931252056,0.0,6.0,10.0,6.0,24.0
2379.0,delete,5.594975269385099,1801.0,218.0,5.22125581193422,0.0,7.0,9.0,4.0,24.0
2380.0,delete,5.442571928888489,1802.0,173.0,5.426093903149294,0.0,5.0,6.0,5.0,21.0
2381.0,add,6.169175120019015,1803.0,17.0,6.07316625433524,10.0,2.0,3.0,1.0,11.0
2382.0,delete,5.15642816537803,1804.0,223.0,5.134297246474256,0.0,7.0,8.0,3.0,23.0
2383.0,add,5.325317883650696,1805.0,194.0,5.356552788125218,0.0,5.0,8.0,6.0,21.0
2384.0,add,6.293107698284526,1806.0,68.0,6.00159784926734,5.0,6.0,3.0,4.0,14.0
2385.0,add,7.01077818266791,1807.0,111.0,5.6842199616239935,2.0,4.0,4.0,4.0,13.0
2386.0,delete,5.165032195714486,1808.0,225.0,5.2371045159120095,0.0,8.0,8.0,3.0,22.0
2387.0,add,3.7465818010561276,1809.0,146.0,5.246642853780176,0.0,3.0,5.0,4.0,18.0
2388.0,delete,5.43900928948312,1810.0,227.0,5.426372694513711,0.0,8.0,7.0,3.0,22.0
2389.0,delete,5.36127495107731,1810.0,227.0,5.426372694513711,0.0,8.0,6.0,3.0,22.0
2390.0,swap,5.86109781700575,1810.0,227.0,5.426372694513711,0.0,8.0,8.0,3.0,21.0
2391.0,delete,5.083328702867337,1811.0,209.0,5.374651675059822,0.0,7.0,10.0,6.0,22.0
2392.0,delete,5.643185074587794,1812.0,219.0,5.230191073494952,0.0,7.0,9.0,4.0,23.0
2393.0,add,5.162072768074104,1813.0,224.0,5.350050245618143,0.0,7.0,8.0,4.0,23.0
2394.0,add,5.566439243127,1814.0,174.0,5.427376408478121,0.0,5.0,6.0,5.0,22.0
2395.0,add,6.286644223767587,1815.0,18.0,6.068597753514916,10.0,2.0,4.0,1.0,11.0
2396.0,delete,6.148679125451378,1816.0,226.0,5.521938688019972,0.0,8.0,8.0,3.0,21.0
2397.0,delete,7.01077818266791,1817.0,112.0,5.669407485056651,2.0,4.0,4.0,4.0,12.0
2398.0,add,5.778531267702363,1818.0,69.0,5.995012829614574,5.0,6.0,5.0,4.0,13.0
2399.0,add,5.464110638628767,1819.0,195.0,5.370533625361575,0.0,5.0,8.0,6.0,22.0
2400.0,delete,5.352661953291348,1820.0,228.0,5.36127495107731,0.0,8.0,6.0,3.0,22.0
2401.0,delete,5.38339122003858,1820.0,228.0,5.36127495107731,0.0,7.0,6.0,3.0,22.0
2402.0,swap,5.735266778857148,1820.0,228.0,5.36127495107731,0.0,7.0,7.0,3.0,22.0
2403.0,add,3.750273659614162,1821.0,147.0,5.268010893178218,0.0,3.0,5.0,5.0,18.0
2404.0,delete,5.761230215381392,1822.0,210.0,5.395487857853216,0.0,7.0,8.0,6.0,23.0
2405.0,delete,6.137411995939248,1823.0,225.0,5.449569282880597,0.0,8.0,8.0,3.0,22.0
2406.0,add,5.6036698274647065,1824.0,220.0,5.260473674599188,0.0,7.0,8.0,4.0,25.0
2407.0,delete,5.3692219478332115,1825.0,227.0,5.458148725816097,0.0,8.0,7.0,3.0,21.0
2408.0,add,5.2981183439218595,1826.0,175.0,5.437702424198036,0.0,5.0,6.0,6.0,22.0
2409.0,add,5.908219563376415,1827.0,19.0,6.0651781166613645,10.0,2.0,4.0,1.0,12.0
2410.0,delete,7.227334944503239,1828.0,113.0,5.652807184878256,1.0,4.0,4.0,4.0,12.0
2411.0,delete,5.383399262552658,1829.0,229.0,5.38339122003858,0.0,7.0,6.0,3.0,22.0
2412.0,add,5.599900907777447,1829.0,229.0,5.38339122003858,0.0,7.0,6.0,3.0,23.0
2413.0,delete,5.7467682476734,1829.0,229.0,5.38339122003858,0.0,7.0,6.0,3.0,21.0
2414.0,swap,6.400968562288428,1829.0,229.0,5.38339122003858,0.0,7.0,6.0,4.0,21.0
2415.0,add,6.446027777545103,1830.0,70.0,5.987754941662602,5.0,6.0,4.0,4.0,15.0
2416.0,add,2.222180095845573,1831.0,148.0,5.299335868375127,0.0,3.0,5.0,5.0,19.0
2417.0,add,6.37384520591153,1832.0,196.0,5.38819189382372,0.0,5.0,9.0,6.0,22.0
2418.0,add,5.545378537048235,1833.0,211.0,5.416449239366565,0.0,7.0,9.0,6.0,23.0
2419.0,delete,5.120143055544051,1834.0,221.0,5.331867171272773,0.0,7.0,7.0,4.0,25.0
2420.0,delete,5.169057800376882,1835.0,226.0,5.63138559675719,0.0,8.0,8.0,3.0,21.0
2421.0,delete,5.36127495107731,1836.0,228.0,5.7028856400661025,0.0,8.0,6.0,3.0,21.0
2422.0,add,6.273459579956128,1837.0,176.0,5.437409810870221,0.0,5.0,6.0,6.0,23.0
2423.0,add,6.019617766670793,1838.0,20.0,6.063967605349048,10.0,3.0,4.0,1.0,12.0
2424.0,add,6.803347867630123,1839.0,114.0,5.632531265473098,2.0,4.0,4.0,4.0,12.0
2425.0,delete,5.715223319741889,1840.0,197.0,5.377144439456515,0.0,4.0,8.0,6.0,23.0
2426.0,add,6.276817326421386,1841.0,71.0,5.9805448448030125,5.0,6.0,4.0,4.0,16.0
2427.0,add,5.600403524609541,1842.0,230.0,5.599900907777447,0.0,7.0,6.0,3.0,23.0
2428.0,add,5.598846668163035,1842.0,230.0,5.599900907777447,0.0,8.0,6.0,3.0,23.0
2429.0,delete,5.5817069791077785,1842.0,230.0,5.599900907777447,0.0,7.0,6.0,3.0,22.0
2430.0,swap,5.5307464504598665,1842.0,230.0,5.599900907777447,0.0,7.0,7.0,3.0,22.0
2431.0,delete,5.498875262162739,1843.0,149.0,5.333608894720697,0.0,3.0,5.0,4.0,19.0
2432.0,add,5.262958729490734,1844.0,212.0,5.413038422256255,0.0,7.0,9.0,6.0,24.0
2433.0,delete,5.156428165378029,1845.0,222.0,5.354028716069994,0.0,7.0,8.0,4.0,23.0
2434.0,delete,5.426372694513711,1846.0,227.0,5.571845171771933,0.0,8.0,7.0,3.0,21.0
2435.0,delete,5.986986220145677,1847.0,177.0,5.424387180290474,0.0,5.0,6.0,6.0,22.0
2436.0,delete,7.323260998874737,1848.0,115.0,5.615403539813619,2.0,4.0,3.0,4.0,12.0
2437.0,add,5.8463728770500545,1849.0,21.0,6.063913126043134,10.0,2.0,4.0,1.0,14.0
2438.0,delete,5.559316486493573,1850.0,198.0,5.367764054573693,0.0,5.0,8.0,5.0,22.0
2439.0,delete,6.443443205566601,1851.0,72.0,5.976531293466337,5.0,6.0,5.0,4.0,14.0
2440.0,add,5.352193008825547,1852.0,229.0,5.582320906023534,0.0,7.0,6.0,3.0,23.0
2441.0,delete,4.122244226522317,1853.0,150.0,5.356131420049369,0.0,3.0,5.0,4.0,18.0
2442.0,delete,5.817643191618786,1854.0,228.0,5.594509071143054,0.0,8.0,5.0,3.0,22.0
2443.0,add,5.598295676955175,1855.0,231.0,5.598846668163035,0.0,8.0,6.0,3.0,23.0
2444.0,delete,5.502171448450951,1855.0,231.0,5.598846668163035,0.0,7.0,6.0,3.0,23.0
2445.0,swap,5.599890542449741,1855.0,231.0,5.598846668163035,0.0,7.0,6.0,4.0,23.0
2446.0,add,5.015531131107387,1856.0,213.0,5.41244126038302,0.0,7.0,9.0,6.0,25.0
2447.0,delete,5.182494886651201,1857.0,223.0,5.421635422663642,0.0,7.0,8.0,3.0,23.0
2448.0,delete,5.8347674774676,1858.0,178.0,5.41456450611183,0.0,4.0,6.0,5.0,23.0
2449.0,add,5.572675470122348,1859.0,230.0,5.574801084004726,0.0,7.0,6.0,3.0,24.0
2450.0,add,7.228765836326028,1860.0,116.0,5.594839240459377,2.0,3.0,3.0,4.0,14.0
2451.0,add,5.919538914861144,1861.0,22.0,6.062651941689291,10.0,2.0,4.0,1.0,15.0
2452.0,delete,6.736307033372606,1862.0,73.0,5.969934054643813,5.0,6.0,5.0,4.0,13.0
2453.0,add,5.651871460524037,1863.0,199.0,5.3569290456183305,0.0,5.0,8.0,5.0,23.0
2454.0,delete,4.747136639174362,1864.0,151.0,5.374933467941813,0.0,3.0,4.0,4.0,18.0
2455.0,delete,5.531675692702077,1865.0,232.0,5.502171448450951,0.0,7.0,6.0,3.0,23.0
2456.0,delete,5.502171448450951,1865.0,232.0,5.502171448450951,0.0,7.0,6.0,3.0,22.0
2457.0,swap,5.924433615657226,1865.0,232.0,5.502171448450951,0.0,6.0,6.0,3.0,24.0
2458.0,add,5.1596402815691755,1866.0,224.0,5.520253971300912,0.0,7.0,9.0,3.0,23.0
2459.0,add,5.566233826492055,1867.0,214.0,5.414438460847259,0.0,7.0,9.0,6.0,26.0
2460.0,add,5.581528542445564,1868.0,229.0,5.576547033363975,0.0,7.0,6.0,3.0,23.0
2461.0,delete,5.868318225082327,1869.0,179.0,5.414464061899246,0.0,4.0,5.0,6.0,22.0
2462.0,delete,5.601732323470718,1870.0,231.0,5.615113051315301,0.0,8.0,6.0,2.0,23.0
2463.0,delete,5.528780611685374,1871.0,233.0,5.502171448450951,0.0,7.0,6.0,3.0,22.0
2464.0,delete,5.500258933050444,1871.0,233.0,5.502171448450951,0.0,7.0,6.0,3.0,21.0
2465.0,swap,4.970421657634924,1871.0,233.0,5.502171448450951,0.0,6.0,7.0,3.0,22.0
2466.0,add,5.926745896901137,1872.0,23.0,6.060940987902698,10.0,2.0,5.0,2.0,14.0
2467.0,delete,6.882742338569136,1873.0,74.0,5.960426411184777,5.0,5.0,4.0,4.0,14.0
2468.0,add,6.731642977177449,1874.0,117.0,5.5769008543856575,2.0,4.0,3.0,4.0,14.0
2469.0,add,3.9834979848341914,1875.0,152.0,5.396739101615405,0.0,3.0,4.0,5.0,18.0
2470.0,add,6.160563584008441,1876.0,200.0,5.346474806846322,0.0,6.0,8.0,5.0,23.0
2471.0,delete,5.78099572392929,1877.0,225.0,5.535507270524602,0.0,8.0,8.0,3.0,22.0
2472.0,delete,5.454800924752909,1878.0,215.0,5.414484302836263,0.0,7.0,8.0,6.0,26.0
2473.0,add,5.54077031860661,1879.0,230.0,5.5359461740660825,0.0,7.0,6.0,3.0,24.0
2474.0,delete,5.460714591537596,1880.0,180.0,5.410711436068857,0.0,4.0,4.0,6.0,22.0
2475.0,delete,5.484428046680768,1881.0,232.0,5.375408162705423,0.0,7.0,6.0,3.0,22.0
2476.0,delete,5.497630885214253,1882.0,234.0,5.500258933050444,0.0,7.0,6.0,3.0,21.0
2477.0,delete,5.553234077935708,1882.0,234.0,5.500258933050444,0.0,7.0,6.0,3.0,20.0
2478.0,swap,5.482094573682867,1882.0,234.0,5.500258933050444,0.0,7.0,7.0,3.0,20.0
2479.0,add,5.920768060915979,1883.0,24.0,6.059837065226979,10.0,2.0,4.0,2.0,16.0
2480.0,add,6.64426168983294,1884.0,75.0,5.951787729141053,5.0,6.0,5.0,4.0,13.0
2481.0,delete,6.874237684589555,1885.0,118.0,5.564259040326983,2.0,3.0,3.0,4.0,14.0
2482.0,add,3.4058592508963956,1886.0,153.0,5.416746859359401,0.0,3.0,5.0,4.0,19.0
2483.0,add,5.5275455461462215,1887.0,201.0,5.33696558763118,0.0,5.0,9.0,5.0,24.0
2484.0,delete,5.574656792559942,1888.0,226.0,5.554319279276707,0.0,8.0,7.0,3.0,22.0
2485.0,delete,4.498816779220085,1889.0,216.0,5.411427809988152,0.0,7.0,8.0,5.0,26.0
2486.0,delete,5.382124472264235,1890.0,231.0,5.506586109551354,0.0,8.0,6.0,3.0,22.0
2487.0,delete,6.053214404098988,1891.0,233.0,5.508304617470818,0.0,7.0,6.0,3.0,21.0
2488.0,add,5.615946525145966,1892.0,181.0,5.406115082991152,0.0,5.0,5.0,6.0,21.0
2489.0,delete,5.515233786348139,1893.0,235.0,5.553234077935708,0.0,7.0,6.0,3.0,20.0
2490.0,delete,5.54471980109478,1893.0,235.0,5.553234077935708,0.0,7.0,6.0,3.0,19.0
2491.0,swap,5.553295762007365,1893.0,235.0,5.553234077935708,0.0,7.0,7.0,3.0,19.0
2492.0,add,6.402351188571695,1894.0,76.0,5.942700981511437,5.0,6.0,5.0,4.0,14.0
2493.0,add,5.711004521347707,1895.0,25.0,6.058038019062048,10.0,2.0,4.0,3.0,16.0
2494.0,delete,6.926955002357599,1896.0,119.0,5.548406519446211,1.0,3.0,3.0,4.0,14.0
2495.0,delete,5.234680198944164,1897.0,202.0,5.335369635780063,0.0,5.0,9.0,5.0,23.0
2496.0,add,3.6395863088420666,1898.0,154.0,5.427478222958703,0.0,4.0,5.0,4.0,19.0
2497.0,delete,5.422476539704477,1899.0,227.0,5.554431368994213,0.0,8.0,7.0,2.0,22.0
2498.0,delete,5.555827581545377,1900.0,217.0,5.417681539817692,0.0,7.0,9.0,4.0,25.0
2499.0,delete,6.467889379758232,1901.0,232.0,5.51545699899038,0.0,7.0,6.0,3.0,22.0
2500.0,delete,5.656082204078283,1902.0,234.0,5.541620856846498,0.0,7.0,5.0,3.0,21.0
2501.0,delete,5.539221691951674,1903.0,236.0,5.54471980109478,0.0,7.0,6.0,3.0,19.0
2502.0,add,5.543624690127291,1903.0,236.0,5.54471980109478,0.0,7.0,6.0,4.0,19.0
2503.0,delete,5.54471980109478,1903.0,236.0,5.54471980109478,0.0,7.0,6.0,3.0,18.0
2504.0,swap,5.547675561676666,1903.0,236.0,5.54471980109478,0.0,8.0,6.0,3.0,18.0
2505.0,add,6.696127369291114,1904.0,120.0,5.53280586179257,1.0,3.0,3.0,3.0,16.0
2506.0,add,6.701890434340403,1905.0,77.0,5.934379423000431,5.0,8.0,5.0,4.0,13.0
2507.0,add,5.73106831867607,1906.0,26.0,6.057921994496886,10.0,2.0,4.0,2.0,18.0
2508.0,add,5.872453909822363,1907.0,182.0,5.407607021591553,0.0,4.0,6.0,6.0,22.0
2509.0,delete,3.917007360237709,1908.0,155.0,5.449336110199175,0.0,3.0,5.0,3.0,20.0
2510.0,delete,4.959549345922995,1909.0,203.0,5.3527247680146575,0.0,5.0,8.0,5.0,23.0
2511.0,delete,5.594975269385099,1910.0,218.0,5.421847727049927,0.0,7.0,9.0,4.0,24.0
2512.0,delete,5.331694389857999,1911.0,228.0,5.591930959847211,0.0,8.0,5.0,3.0,22.0
2513.0,delete,6.467889379758232,1912.0,233.0,5.579308167104712,0.0,7.0,6.0,3.0,21.0
2514.0,delete,5.547051682453093,1913.0,235.0,5.543992309189038,0.0,7.0,6.0,3.0,19.0
2515.0,add,5.542962640072555,1914.0,237.0,5.543624690127291,0.0,7.0,6.0,4.0,19.0
2516.0,add,5.563580215755586,1914.0,237.0,5.543624690127291,0.0,7.0,6.0,4.0,20.0
2517.0,delete,5.894100185594336,1914.0,237.0,5.543624690127291,0.0,6.0,6.0,4.0,19.0
2518.0,swap,6.073724209553536,1914.0,237.0,5.543624690127291,0.0,6.0,7.0,4.0,19.0
2519.0,add,6.644804394433446,1915.0,121.0,5.519034558874093,1.0,3.0,3.0,4.0,16.0
2520.0,add,6.572742164031654,1916.0,78.0,5.926823264036241,5.0,8.0,6.0,4.0,13.0
2521.0,add,5.592874783491594,1917.0,27.0,6.057722799520616,10.0,3.0,4.0,2.0,18.0
2522.0,add,5.883491873704879,1918.0,183.0,5.406075922816093,0.0,5.0,6.0,7.0,21.0
2523.0,add,2.8702345911647473,1919.0,156.0,5.474877089399334,0.0,3.0,5.0,4.0,20.0
2524.0,add,5.8812809996097615,1920.0,204.0,5.37458580861822,0.0,5.0,9.0,5.0,23.0
2525.0,delete,5.469740429333624,1921.0,219.0,5.448739110436531,0.0,7.0,9.0,4.0,23.0
2526.0,add,5.382910108394818,1922.0,229.0,5.616827531795666,0.0,7.0,6.0,3.0,23.0
2527.0,delete,5.485939939080006,1923.0,234.0,5.6156590221245555,0.0,7.0,6.0,3.0,20.0
2528.0,add,5.553951585841336,1924.0,236.0,5.723598388220661,0.0,8.0,6.0,3.0,19.0
2529.0,delete,6.1706166843083405,1925.0,184.0,5.399098635980344,0.0,5.0,6.0,6.0,21.0
2530.0,delete,5.8025445994280185,1926.0,235.0,5.626848369565057,0.0,7.0,6.0,3.0,19.0
2531.0,add,5.56777034601232,1927.0,238.0,5.563580215755586,0.0,7.0,6.0,4.0,20.0
2532.0,delete,5.819837944268608,1927.0,238.0,5.563580215755586,0.0,7.0,6.0,4.0,19.0
2533.0,swap,5.509423002525335,1927.0,238.0,5.563580215755586,0.0,7.0,6.0,5.0,19.0
2534.0,add,6.109157213986297,1928.0,79.0,5.9195128634194045,5.0,7.0,6.0,5.0,14.0
2535.0,add,5.592874783491596,1929.0,28.0,6.056809604828697,10.0,3.0,4.0,2.0,19.0
2536.0,add,5.53463477407529,1930.0,122.0,5.505436305751706,1.0,3.0,3.0,4.0,17.0
2537.0,add,5.464911805700834,1931.0,157.0,5.498431853141478,0.0,3.0,5.0,4.0,21.0
2538.0,add,4.9517717690749645,1932.0,205.0,5.393185273823503,0.0,7.0,9.0,5.0,22.0
2539.0,add,5.245455498375963,1933.0,220.0,5.455930664343096,0.0,7.0,8.0,4.0,25.0
2540.0,add,5.60050837751098,1934.0,230.0,5.629152231893913,0.0,7.0,6.0,3.0,24.0
2541.0,add,5.173591615739447,1935.0,237.0,5.615152877140463,0.0,7.0,6.0,4.0,20.0
2542.0,delete,4.907511969367259,1936.0,185.0,5.396237268194284,0.0,5.0,6.0,6.0,20.0
2543.0,delete,5.8170620440755325,1937.0,239.0,5.819837944268608,0.0,7.0,6.0,4.0,19.0
2544.0,delete,6.018863087155823,1937.0,239.0,5.819837944268608,0.0,7.0,6.0,4.0,18.0
2545.0,swap,6.111199769846849,1937.0,239.0,5.819837944268608,0.0,7.0,6.0,5.0,18.0
2546.0,delete,6.764135738926038,1938.0,123.0,5.495723529449773,1.0,3.0,3.0,3.0,17.0
2547.0,delete,6.064429065807625,1939.0,80.0,5.915684412353081,5.0,6.0,6.0,4.0,15.0
2548.0,add,5.094487827501344,1940.0,206.0,5.413242918943692,0.0,6.0,9.0,6.0,23.0
2549.0,add,5.692050570446857,1941.0,29.0,6.056611012557053,10.0,3.0,4.0,3.0,19.0
2550.0,delete,5.156428165378029,1942.0,221.0,5.48394608761125,0.0,7.0,8.0,4.0,24.0
2551.0,add,6.138582908389768,1943.0,158.0,5.505452946156993,0.0,4.0,5.0,4.0,21.0
2552.0,delete,5.5826523894803595,1944.0,231.0,5.6506750542635205,0.0,8.0,6.0,3.0,22.0
2553.0,add,5.78615858271985,1945.0,236.0,5.7068993335821965,0.0,7.0,6.0,3.0,20.0
2554.0,delete,5.563580215755586,1946.0,238.0,5.941740711336703,0.0,7.0,6.0,4.0,19.0
2555.0,delete,5.787242286904811,1947.0,186.0,5.406454333002705,0.0,5.0,5.0,6.0,20.0
2556.0,delete,6.018863087155823,1948.0,240.0,6.018863087155823,0.0,7.0,6.0,4.0,18.0
2557.0,delete,5.361040207601545,1948.0,240.0,6.018863087155823,0.0,7.0,5.0,4.0,18.0
2558.0,swap,5.951266641098279,1948.0,240.0,6.018863087155823,0.0,8.0,6.0,4.0,17.0
2559.0,delete,6.311164925270581,1949.0,124.0,5.483836764436394,1.0,3.0,1.0,4.0,17.0
2560.0,delete,6.228415731623647,1950.0,81.0,5.913652888602512,5.0,6.0,5.0,4.0,15.0
2561.0,delete,5.0323997714563475,1951.0,222.0,5.508649133274332,0.0,7.0,8.0,4.0,23.0
2562.0,add,5.06758789034837,1952.0,207.0,5.431083062908283,0.0,6.0,9.0,6.0,24.0
2563.0,add,5.6931000038981,1953.0,30.0,6.056559721501186,10.0,3.0,4.0,2.0,21.0
2564.0,delete,5.5552273247408115,1954.0,232.0,5.669617905078543,0.0,7.0,6.0,3.0,22.0
2565.0,add,5.838361965666909,1955.0,159.0,5.506697954128253,0.0,3.0,6.0,4.0,22.0
2566.0,add,5.543955651054968,1956.0,237.0,5.706339848082561,0.0,7.0,6.0,4.0,20.0
2567.0,delete,5.7227206170793625,1957.0,239.0,5.8375082557528675,0.0,7.0,6.0,4.0,18.0
2568.0,delete,5.357268967902545,1958.0,241.0,5.361040207601545,0.0,7.0,5.0,4.0,18.0
2569.0,delete,5.334530584439598,1958.0,241.0,5.361040207601545,0.0,7.0,5.0,4.0,17.0
2570.0,swap,5.361040207601545,1958.0,241.0,5.361040207601545,0.0,7.0,5.0,4.0,18.0
2571.0,delete,7.275421072794794,1959.0,125.0,5.46987407580995,1.0,3.0,2.0,4.0,15.0
2572.0,add,5.483887184157937,1960.0,187.0,5.409332159134979,0.0,5.0,6.0,6.0,20.0
2573.0,delete,6.443762631160143,1961.0,82.0,5.91001073062928,4.0,7.0,5.0,4.0,14.0
2574.0,delete,5.152482059086761,1962.0,223.0,5.533626116715866,0.0,7.0,8.0,3.0,23.0
2575.0,delete,5.502171448450951,1963.0,233.0,5.653357004664897,0.0,7.0,6.0,3.0,21.0
2576.0,delete,5.693128905726543,1964.0,31.0,6.05701617802635,10.0,3.0,4.0,2.0,20.0
2577.0,add,4.8504839415413485,1965.0,208.0,5.4478630275322555,0.0,6.0,10.0,6.0,24.0
2578.0,delete,5.875296087731593,1966.0,160.0,5.5057860246367465,0.0,3.0,6.0,4.0,21.0
2579.0,delete,5.544936919938196,1967.0,238.0,5.703106114498424,0.0,7.0,5.0,4.0,20.0
2580.0,delete,6.026820684526151,1968.0,240.0,5.353469991886308,0.0,7.0,6.0,4.0,17.0
2581.0,delete,5.334530584439599,1969.0,242.0,5.334530584439598,0.0,7.0,5.0,4.0,17.0
2582.0,delete,5.334530584439598,1969.0,242.0,5.334530584439598,0.0,7.0,5.0,4.0,16.0
2583.0,swap,5.189606801227098,1969.0,242.0,5.334530584439598,0.0,8.0,4.0,4.0,17.0
2584.0,delete,7.262891965710643,1970.0,126.0,5.455822982811034,0.0,2.0,2.0,4.0,16.0
2585.0,add,5.106569889937498,1971.0,188.0,5.41175223220487,0.0,5.0,7.0,7.0,19.0
2586.0,delete,6.626828052442956,1972.0,83.0,5.9035444905314565,4.0,7.0,5.0,4.0,13.0
2587.0,delete,5.500258933050444,1973.0,234.0,5.6130836046332515,0.0,7.0,6.0,2.0,21.0
2588.0,add,5.372087891975376,1974.0,224.0,5.570118836265026,0.0,7.0,8.0,3.0,24.0
2589.0,delete,6.004195424542051,1975.0,32.0,6.056656131645698,9.0,3.0,4.0,2.0,20.0
2590.0,delete,5.186721970433468,1976.0,209.0,5.462683352361211,0.0,7.0,10.0,6.0,22.0
2591.0,delete,5.840146123534595,1977.0,239.0,5.584256837888915,0.0,7.0,5.0,4.0,19.0
2592.0,add,5.861962087743803,1978.0,161.0,5.498537888672444,0.0,4.0,6.0,4.0,21.0
2593.0,delete,5.362687913002461,1979.0,241.0,5.298299638636474,0.0,6.0,5.0,4.0,18.0
2594.0,delete,5.32501048302407,1980.0,243.0,5.334530584439598,0.0,7.0,5.0,4.0,16.0
2595.0,delete,5.366157341824876,1980.0,243.0,5.334530584439598,0.0,7.0,5.0,4.0,15.0
2596.0,swap,5.747972149750486,1980.0,243.0,5.334530584439598,0.0,7.0,5.0,4.0,16.0
2597.0,delete,5.391286493794853,1981.0,189.0,5.42027663521821,0.0,5.0,7.0,6.0,19.0
2598.0,add,6.956722373979881,1982.0,127.0,5.439259457595583,0.0,3.0,2.0,4.0,16.0
2599.0,delete,6.397192664783624,1983.0,84.0,5.896562112183073,4.0,7.0,5.0,4.0,12.0
2600.0,delete,5.553234077935709,1984.0,235.0,5.609960226214969,0.0,7.0,6.0,2.0,20.0
2601.0,delete,5.165032195714486,1985.0,225.0,5.584312212823261,0.0,8.0,8.0,3.0,22.0
2602.0,delete,5.777395630726094,1986.0,33.0,6.056142280364883,8.0,3.0,4.0,2.0,20.0
2603.0,delete,5.0561663129847405,1987.0,210.0,5.472018779881485,0.0,7.0,8.0,6.0,23.0
2604.0,delete,5.90320327808114,1988.0,240.0,5.425099709148298,0.0,7.0,5.0,4.0,18.0
2605.0,delete,4.605601201400039,1989.0,162.0,5.492477227437295,0.0,2.0,6.0,4.0,22.0
2606.0,delete,5.3345305844396,1990.0,242.0,5.443417639759757,0.0,7.0,5.0,3.0,17.0
2607.0,delete,5.3091216740936265,1991.0,244.0,5.366157341824876,0.0,7.0,5.0,4.0,15.0
2608.0,add,5.358415153286631,1991.0,244.0,5.366157341824876,0.0,8.0,5.0,4.0,15.0
2609.0,delete,5.681690061382118,1991.0,244.0,5.366157341824876,0.0,7.0,5.0,4.0,14.0
2610.0,swap,6.27405790005303,1991.0,244.0,5.366157341824876,0.0,7.0,4.0,4.0,16.0
2611.0,delete,5.417092615626187,1992.0,190.0,5.428485732835498,0.0,5.0,7.0,6.0,18.0
2612.0,delete,6.284334604069531,1993.0,85.0,5.889590448312084,4.0,7.0,4.0,4.0,12.0
2613.0,add,6.575560014381692,1994.0,128.0,5.424105332338616,0.0,4.0,2.0,4.0,16.0
2614.0,delete,5.1444810916557655,1995.0,226.0,5.596621363476386,0.0,8.0,7.0,3.0,22.0
2615.0,delete,6.289464117852261,1996.0,34.0,6.054528478413955,6.0,3.0,4.0,2.0,21.0
2616.0,add,5.543403899030396,1997.0,236.0,5.618552162462076,0.0,7.0,6.0,4.0,19.0
2617.0,add,5.499035946197379,1998.0,211.0,5.475314831147777,0.0,7.0,9.0,6.0,23.0
2618.0,delete,5.361040207601545,1999.0,241.0,5.457910908877138,0.0,7.0,5.0,3.0,18.0
2619.0,add,5.776568954967593,2000.0,163.0,5.490555590342365,0.0,3.0,6.0,4.0,22.0
2620.0,delete,4.60463599906658,2001.0,243.0,5.597888426128057,0.0,7.0,4.0,4.0,16.0
2621.0,add,5.3217840604862525,2002.0,245.0,5.358415153286631,0.0,8.0,5.0,4.0,15.0
2622.0,add,5.253107839710372,2002.0,245.0,5.358415153286631,0.0,8.0,5.0,4.0,16.0
2623.0,delete,6.162904460584708,2002.0,245.0,5.358415153286631,0.0,8.0,5.0,4.0,14.0
2624.0,swap,6.148112930239917,2002.0,245.0,5.358415153286631,0.0,9.0,5.0,4.0,14.0
2625.0,delete,6.24181027610072,2003.0,86.0,5.884578978536291,4.0,7.0,3.0,4.0,12.0
2626.0,delete,6.7437054082310866,2004.0,129.0,5.4130634381680975,0.0,2.0,2.0,4.0,17.0
2627.0,add,5.221739228257101,2005.0,191.0,5.436592991914672,0.0,5.0,7.0,7.0,18.0
2628.0,delete,6.326284298239562,2006.0,35.0,6.051117817953389,7.0,3.0,3.0,2.0,20.0
2629.0,delete,5.423456906542988,2007.0,227.0,5.588655290795345,0.0,8.0,7.0,3.0,21.0
2630.0,add,5.5446830458058916,2008.0,237.0,5.57898969076414,0.0,7.0,6.0,4.0,20.0
2631.0,add,5.39404527792676,2009.0,212.0,5.475131902742587,0.0,7.0,9.0,6.0,24.0
2632.0,delete,5.3549280252839315,2010.0,242.0,5.5158593730272765,0.0,7.0,5.0,4.0,16.0
2633.0,add,4.486085190430257,2011.0,164.0,5.488882145814395,0.0,4.0,6.0,4.0,22.0
2634.0,add,5.366159849128528,2012.0,244.0,5.648864888861576,0.0,7.0,5.0,5.0,15.0
2635.0,delete,5.606527354324448,2013.0,243.0,5.531467933623331,0.0,7.0,5.0,4.0,15.0
2636.0,add,5.252543298692454,2014.0,246.0,5.253107839710372,0.0,8.0,5.0,4.0,16.0
2637.0,add,4.792446725911499,2014.0,246.0,5.253107839710372,0.0,8.0,5.0,4.0,17.0
2638.0,delete,6.218950268277821,2014.0,246.0,5.253107839710372,0.0,8.0,5.0,4.0,15.0
2639.0,swap,4.922386521416172,2014.0,246.0,5.253107839710372,0.0,9.0,5.0,4.0,15.0
2640.0,delete,5.697584455604755,2015.0,87.0,5.878701907804051,3.0,7.0,4.0,3.0,12.0
2641.0,delete,6.2231260720172,2016.0,36.0,6.045658264029751,6.0,3.0,3.0,2.0,20.0
2642.0,delete,6.913473737420548,2017.0,130.0,5.3969451277518985,0.0,3.0,1.0,3.0,17.0
2643.0,add,5.005397175022662,2018.0,192.0,5.433838878018989,0.0,5.0,8.0,6.0,19.0
2644.0,delete,6.3411120159485295,2019.0,228.0,5.581169954052231,0.0,8.0,6.0,3.0,21.0
2645.0,add,5.5951174627369635,2020.0,213.0,5.475494486519961,0.0,7.0,9.0,6.0,25.0
2646.0,delete,5.548118802331277,2021.0,238.0,5.554541930530453,0.0,6.0,6.0,4.0,20.0
2647.0,add,6.140021069136055,2022.0,165.0,5.488824699246759,0.0,5.0,7.0,4.0,21.0
2648.0,add,5.358415153286631,2023.0,245.0,5.287886930801664,0.0,8.0,5.0,5.0,15.0
2649.0,add,5.863833632940267,2024.0,244.0,5.468656932820089,0.0,7.0,5.0,4.0,16.0
2650.0,add,4.756376181004216,2025.0,247.0,4.792446725911499,0.0,8.0,5.0,4.0,17.0
2651.0,add,4.792762768636209,2025.0,247.0,4.792446725911499,0.0,8.0,5.0,4.0,18.0
2652.0,delete,4.792426758552584,2025.0,247.0,4.792446725911499,0.0,8.0,5.0,3.0,17.0
2653.0,swap,4.71253756667266,2025.0,247.0,4.792446725911499,0.0,8.0,5.0,4.0,17.0
2654.0,delete,6.2231260720172,2026.0,37.0,6.041150256878377,6.0,3.0,3.0,2.0,19.0
2655.0,delete,5.869208321911539,2027.0,88.0,5.876321151568278,2.0,6.0,4.0,4.0,12.0
2656.0,delete,6.370806969592569,2028.0,131.0,5.383640544985703,0.0,3.0,2.0,3.0,15.0
2657.0,add,5.657042677729051,2029.0,193.0,5.425258043980082,0.0,6.0,8.0,6.0,19.0
2658.0,add,5.783092405039206,2030.0,229.0,5.546877868702865,0.0,7.0,7.0,3.0,22.0
2659.0,add,5.525204449522949,2031.0,214.0,5.46853286936656,0.0,7.0,9.0,6.0,26.0
2660.0,delete,5.801764395369607,2032.0,239.0,5.456094150451342,0.0,7.0,6.0,4.0,18.0
2661.0,add,6.1901886526698195,2033.0,166.0,5.476877670076677,0.0,5.0,6.0,6.0,21.0
2662.0,add,5.253554357619007,2034.0,246.0,4.769310000155434,0.0,8.0,5.0,4.0,17.0
2663.0,add,6.335231015125404,2035.0,245.0,5.100500676343603,0.0,8.0,6.0,4.0,15.0
2664.0,delete,6.302186255103522,2036.0,89.0,5.875721935413742,3.0,6.0,3.0,4.0,11.0
2665.0,delete,6.636046882050386,2037.0,132.0,5.377536053741226,0.0,3.0,2.0,2.0,15.0
2666.0,delete,5.373998464603552,2038.0,240.0,5.415202054760947,0.0,6.0,6.0,4.0,18.0
2667.0,delete,6.46076903925527,2039.0,38.0,6.038691023624586,6.0,3.0,3.0,2.0,18.0
2668.0,add,5.190510749558974,2040.0,194.0,5.426421853030728,0.0,5.0,8.0,6.0,21.0
2669.0,add,5.093477612993399,2041.0,230.0,5.554483675734289,0.0,7.0,6.0,3.0,24.0
2670.0,add,4.741672139069227,2042.0,248.0,4.792762768636209,0.0,8.0,5.0,4.0,18.0
2671.0,add,4.393520613080789,2042.0,248.0,4.792762768636209,0.0,8.0,6.0,4.0,18.0
2672.0,delete,4.819393256250801,2042.0,248.0,4.792762768636209,0.0,8.0,5.0,4.0,17.0
2673.0,swap,4.485394267781896,2042.0,248.0,4.792762768636209,0.0,8.0,5.0,4.0,18.0
2674.0,delete,6.28180151968865,2043.0,167.0,5.461502609918763,0.0,6.0,6.0,4.0,21.0
2675.0,delete,5.552364975363591,2044.0,215.0,5.453883168659756,0.0,7.0,9.0,6.0,25.0
2676.0,add,5.328926829894239,2045.0,247.0,4.646548608963784,0.0,8.0,5.0,4.0,18.0
2677.0,delete,6.182600344426661,2046.0,90.0,5.868953871347588,3.0,6.0,4.0,4.0,9.0
2678.0,delete,5.368570678677671,2047.0,241.0,5.306472151180537,0.0,7.0,5.0,4.0,17.0
2679.0,add,6.921823546182997,2048.0,133.0,5.360768791304299,0.0,3.0,3.0,3.0,14.0
2680.0,delete,6.175435421165579,2049.0,39.0,6.032846426779482,6.0,3.0,2.0,2.0,18.0
2681.0,delete,5.819541977197108,2050.0,231.0,5.511606133880828,0.0,8.0,6.0,3.0,22.0
2682.0,add,5.289831393851692,2051.0,195.0,5.424909801404715,0.0,5.0,8.0,6.0,22.0
2683.0,add,5.25309307623316,2052.0,246.0,4.806273769497557,0.0,8.0,5.0,5.0,16.0
2684.0,add,4.3932861987586085,2053.0,249.0,4.393520613080789,0.0,8.0,6.0,4.0,18.0
2685.0,add,4.9749637742273505,2053.0,249.0,4.393520613080789,0.0,8.0,6.0,4.0,19.0
2686.0,delete,4.26695142675759,2053.0,249.0,4.393520613080789,0.0,7.0,6.0,4.0,18.0
2687.0,swap,5.679238346887834,2053.0,249.0,4.393520613080789,0.0,9.0,6.0,4.0,17.0
2688.0,delete,4.7069320705772055,2054.0,168.0,5.4480980827928205,0.0,5.0,6.0,5.0,20.0
2689.0,delete,5.445534969308635,2055.0,216.0,5.438820086862676,0.0,7.0,9.0,5.0,25.0
2690.0,delete,6.619347731143054,2056.0,91.0,5.8618322275684696,3.0,5.0,4.0,4.0,9.0
2691.0,delete,5.818791386754933,2057.0,242.0,5.254808990466544,0.0,7.0,4.0,4.0,17.0
2692.0,delete,5.502171448450951,2058.0,232.0,5.4808368619944945,0.0,7.0,6.0,3.0,22.0
2693.0,add,6.976001103836324,2059.0,134.0,5.34393298208668,0.0,4.0,2.0,4.0,14.0
2694.0,add,6.356078241561189,2060.0,40.0,6.02790980524022,6.0,4.0,1.0,2.0,19.0
2695.0,add,4.585427057484912,2061.0,248.0,4.741592071942435,0.0,8.0,5.0,4.0,19.0
2696.0,add,5.72933223814259,2062.0,196.0,5.419629651937815,0.0,5.0,9.0,6.0,22.0
2697.0,add,4.757836074423442,2063.0,247.0,4.769230607166315,0.0,8.0,6.0,4.0,17.0
2698.0,delete,5.501583424500988,2064.0,217.0,5.437178428570981,0.0,7.0,8.0,4.0,26.0
2699.0,add,5.080305310756324,2065.0,250.0,4.9749637742273505,0.0,8.0,6.0,4.0,19.0
2700.0,add,4.797598065275564,2065.0,250.0,4.9749637742273505,0.0,8.0,6.0,4.0,20.0
2701.0,delete,4.893933962414772,2065.0,250.0,4.9749637742273505,0.0,8.0,5.0,4.0,19.0
2702.0,swap,4.982146446322615,2065.0,250.0,4.9749637742273505,0.0,8.0,7.0,4.0,18.0
2703.0,delete,6.684892499912445,2066.0,92.0,5.8518016614721455,3.0,6.0,3.0,4.0,8.0
2704.0,delete,5.676609947687686,2067.0,169.0,5.442515377160484,0.0,5.0,6.0,4.0,20.0
2705.0,delete,5.5552273247408115,2068.0,233.0,5.43758518010946,0.0,7.0,6.0,3.0,21.0
2706.0,delete,5.3549280252839315,2069.0,243.0,5.173445642948379,0.0,7.0,5.0,4.0,15.0
2707.0,delete,6.356154263480236,2070.0,41.0,6.022392310112827,6.0,3.0,1.0,2.0,19.0
2708.0,add,6.386845228763642,2071.0,135.0,5.326318742123143,0.0,4.0,4.0,3.0,14.0
2709.0,delete,5.686209687736736,2072.0,197.0,5.406462039132998,0.0,5.0,8.0,6.0,22.0
2710.0,add,4.363671023080405,2073.0,249.0,4.945789511799326,0.0,8.0,6.0,4.0,19.0
2711.0,delete,5.57887308330726,2074.0,218.0,5.416607028315511,0.0,7.0,9.0,4.0,24.0
2712.0,add,4.712967032145276,2075.0,248.0,4.764640202276979,0.0,8.0,6.0,4.0,18.0
2713.0,add,4.797173536162686,2076.0,251.0,4.797598065275564,0.0,8.0,6.0,4.0,20.0
2714.0,add,4.9632376504879145,2076.0,251.0,4.797598065275564,0.0,9.0,6.0,4.0,20.0
2715.0,delete,4.877441988417834,2076.0,251.0,4.797598065275564,0.0,7.0,6.0,4.0,20.0
2716.0,swap,4.575138762225212,2076.0,251.0,4.797598065275564,0.0,9.0,6.0,4.0,19.0
2717.0,delete,6.825776316042723,2077.0,93.0,5.840831062310469,3.0,5.0,2.0,4.0,9.0
2718.0,add,5.362880164636101,2078.0,170.0,5.434596399179288,0.0,5.0,6.0,5.0,20.0
2719.0,delete,5.4937109286287,2079.0,234.0,5.376456182181674,0.0,6.0,6.0,3.0,21.0
2720.0,delete,6.356078241561188,2080.0,42.0,6.016357726869059,6.0,3.0,1.0,2.0,18.0
2721.0,delete,6.31232722857745,2081.0,198.0,5.389877115743856,0.0,5.0,8.0,5.0,22.0
2722.0,add,6.304357587137795,2082.0,136.0,5.308217964533008,0.0,5.0,3.0,3.0,15.0
2723.0,add,6.313857582131779,2083.0,244.0,5.059631634492745,0.0,7.0,5.0,4.0,16.0
2724.0,delete,5.309949726236596,2084.0,219.0,5.406836980295132,0.0,7.0,9.0,4.0,23.0
2725.0,add,4.808125591889491,2085.0,250.0,4.802118000513842,0.0,8.0,7.0,4.0,19.0
2726.0,add,5.001478088128292,2086.0,249.0,4.8285214646600165,0.0,8.0,6.0,4.0,19.0
2727.0,add,4.953831996409978,2087.0,252.0,4.9632376504879145,0.0,9.0,6.0,4.0,20.0
2728.0,delete,4.908312452180114,2087.0,252.0,4.9632376504879145,0.0,9.0,6.0,4.0,19.0
2729.0,swap,5.266139460740021,2087.0,252.0,4.9632376504879145,0.0,10.0,5.0,4.0,20.0
2730.0,add,6.90568533565893,2088.0,94.0,5.830294753233294,2.0,5.0,3.0,4.0,10.0
2731.0,add,6.216166100543678,2089.0,171.0,5.434955498578005,0.0,5.0,6.0,5.0,21.0
2732.0,delete,5.597736626585835,2090.0,235.0,5.356919293530993,0.0,6.0,6.0,3.0,20.0
2733.0,add,5.3586745813532835,2091.0,245.0,4.951331868779266,0.0,8.0,5.0,4.0,16.0
2734.0,add,5.625297961447011,2092.0,43.0,6.011841246643342,6.0,4.0,1.0,2.0,18.0
2735.0,add,5.682732200437746,2093.0,199.0,5.379696969042922,0.0,5.0,8.0,5.0,23.0
2736.0,add,6.864567408823188,2094.0,137.0,5.2953164514129965,0.0,4.0,3.0,3.0,17.0
2737.0,add,4.797078632668798,2095.0,251.0,5.022880389954507,0.0,8.0,7.0,4.0,20.0
2738.0,add,5.898762412202091,2096.0,220.0,5.392070576217786,0.0,7.0,9.0,4.0,24.0
2739.0,delete,4.909237410961767,2097.0,253.0,4.908312452180114,0.0,9.0,6.0,4.0,19.0
2740.0,add,4.428190493341325,2097.0,253.0,4.908312452180114,0.0,9.0,7.0,4.0,19.0
2741.0,delete,5.239457827558914,2097.0,253.0,4.908312452180114,0.0,9.0,6.0,4.0,18.0
2742.0,swap,4.443338538514838,2097.0,253.0,4.908312452180114,0.0,9.0,7.0,4.0,18.0
2743.0,delete,6.957129295946281,2098.0,95.0,5.819117790068525,2.0,5.0,3.0,4.0,9.0
2744.0,add,5.822296422985574,2099.0,172.0,5.4317479162283435,0.0,5.0,6.0,5.0,22.0
2745.0,add,5.522008403949796,2100.0,236.0,5.312348014729965,0.0,8.0,6.0,3.0,19.0
2746.0,add,5.038332970799334,2101.0,250.0,4.84030731477389,0.0,8.0,6.0,4.0,20.0
2747.0,add,5.671844804805479,2102.0,246.0,4.8363319143519865,0.0,8.0,6.0,4.0,16.0
2748.0,add,6.210033470005895,2103.0,44.0,6.006697705119619,6.0,4.0,2.0,2.0,18.0
2749.0,add,5.338065618606426,2104.0,200.0,5.364137797586438,0.0,5.0,8.0,5.0,24.0
2750.0,add,6.2707341499311795,2105.0,138.0,5.281160627067997,0.0,5.0,3.0,3.0,17.0
2751.0,delete,6.161458927001082,2106.0,221.0,5.385936803162811,0.0,7.0,8.0,4.0,24.0
2752.0,delete,4.9632376504879145,2107.0,252.0,4.785707344511391,0.0,9.0,6.0,4.0,19.0
2753.0,add,4.428077739517762,2108.0,254.0,4.428190493341325,0.0,9.0,7.0,4.0,19.0
2754.0,add,4.389035073638997,2108.0,254.0,4.428190493341325,0.0,9.0,7.0,4.0,20.0
2755.0,delete,3.7235647681193265,2108.0,254.0,4.428190493341325,0.0,9.0,7.0,4.0,18.0
2756.0,swap,5.11052622158227,2108.0,254.0,4.428190493341325,0.0,9.0,8.0,4.0,18.0
2757.0,add,6.272621574780267,2109.0,96.0,5.804914283107685,2.0,5.0,3.0,4.0,10.0
2758.0,delete,5.442571928888489,2110.0,173.0,5.424011893141578,0.0,5.0,6.0,5.0,21.0
2759.0,add,5.920636824923439,2111.0,237.0,5.2475116758673375,0.0,7.0,6.0,4.0,20.0
2760.0,add,4.7649572091246695,2112.0,251.0,4.751661851157853,0.0,8.0,6.0,4.0,21.0
2761.0,delete,5.717688901727439,2113.0,45.0,6.000330811754651,5.0,4.0,1.0,2.0,19.0
2762.0,delete,5.16186098246485,2114.0,222.0,5.369113237068601,0.0,7.0,8.0,4.0,23.0
2763.0,add,5.6593538568773925,2115.0,201.0,5.344488638105393,0.0,5.0,9.0,6.0,23.0
2764.0,add,6.401930084679899,2116.0,139.0,5.267618762469729,0.0,4.0,3.0,3.0,19.0
2765.0,add,4.762544440656514,2117.0,247.0,4.780407914261675,0.0,8.0,5.0,4.0,18.0
2766.0,add,4.828821988190813,2118.0,253.0,4.415878859239936,0.0,9.0,6.0,4.0,20.0
2767.0,delete,4.9632376504879145,2119.0,252.0,4.6701636512812765,0.0,9.0,6.0,3.0,20.0
2768.0,add,4.497963255690575,2120.0,255.0,4.389035073638997,0.0,9.0,7.0,4.0,20.0
2769.0,delete,4.33259133792372,2120.0,255.0,4.389035073638997,0.0,8.0,7.0,4.0,20.0
2770.0,swap,5.559772427229364,2120.0,255.0,4.389035073638997,0.0,9.0,8.0,4.0,19.0
2771.0,add,6.9932216852539035,2121.0,97.0,5.791760493478454,2.0,5.0,4.0,5.0,9.0
2772.0,add,5.339577013080858,2122.0,174.0,5.419939731974765,0.0,5.0,6.0,5.0,22.0
2773.0,delete,5.915636686456139,2123.0,238.0,5.20439879000853,0.0,7.0,6.0,4.0,19.0
2774.0,delete,6.356154263480236,2124.0,46.0,5.995022914859695,6.0,3.0,1.0,2.0,18.0
2775.0,delete,5.15642816537803,2125.0,223.0,5.366781821056436,0.0,7.0,8.0,3.0,23.0
2776.0,delete,5.247830741444382,2126.0,202.0,5.334372248691354,0.0,5.0,9.0,5.0,23.0
2777.0,add,4.425956256970874,2127.0,254.0,4.694840523620664,0.0,9.0,7.0,5.0,19.0
2778.0,add,5.923788148251654,2128.0,140.0,5.255117459365686,0.0,4.0,4.0,4.0,18.0
2779.0,add,5.254435202715864,2129.0,248.0,4.772263236836993,0.0,8.0,5.0,4.0,19.0
2780.0,delete,4.3327990903908296,2130.0,256.0,4.33259133792372,0.0,8.0,7.0,4.0,20.0
2781.0,delete,4.241329699440177,2130.0,256.0,4.33259133792372,0.0,8.0,6.0,4.0,20.0
2782.0,swap,4.33259133792372,2130.0,256.0,4.33259133792372,0.0,8.0,7.0,5.0,19.0
2783.0,add,6.258354230957879,2131.0,175.0,5.4158041579665195,0.0,5.0,7.0,6.0,21.0
2784.0,delete,5.821355003874242,2132.0,239.0,5.139563247667685,0.0,6.0,6.0,4.0,19.0
2785.0,add,6.993587532937714,2133.0,98.0,5.7778809034211545,2.0,5.0,4.0,4.0,11.0
2786.0,add,6.002024564092889,2134.0,253.0,4.510093822304596,0.0,9.0,6.0,4.0,20.0
2787.0,delete,6.356154263480233,2135.0,47.0,5.989534980418159,5.0,3.0,1.0,1.0,19.0
2788.0,delete,4.870708000881444,2136.0,255.0,4.309827866419612,0.0,9.0,6.0,4.0,20.0
2789.0,delete,4.898999622297709,2137.0,203.0,5.32890934717955,0.0,5.0,8.0,5.0,23.0
2790.0,add,5.160397351724216,2138.0,224.0,5.3640627487907615,0.0,7.0,8.0,3.0,24.0
2791.0,delete,5.109965778892431,2139.0,141.0,5.249380398421553,0.0,4.0,4.0,2.0,19.0
2792.0,delete,4.241374453239668,2140.0,257.0,4.241329699440177,0.0,8.0,6.0,4.0,20.0
2793.0,delete,4.285808541004029,2140.0,257.0,4.241329699440177,0.0,8.0,6.0,4.0,19.0
2794.0,swap,4.269797571850821,2140.0,257.0,4.241329699440177,0.0,8.0,6.0,5.0,19.0
2795.0,add,4.391726994834735,2141.0,249.0,4.747885580984179,0.0,8.0,6.0,5.0,18.0
2796.0,delete,6.5619043796161405,2142.0,240.0,5.068071249378568,0.0,7.0,6.0,4.0,17.0
2797.0,add,6.133765784841505,2143.0,176.0,5.407265717435945,0.0,5.0,6.0,6.0,23.0
2798.0,add,4.4258347125759485,2144.0,254.0,4.481643920515351,0.0,9.0,7.0,5.0,19.0
2799.0,add,6.995498579172579,2145.0,99.0,5.763287403403545,2.0,5.0,4.0,6.0,10.0
2800.0,delete,6.756939315603994,2146.0,48.0,5.982081353581018,5.0,3.0,1.0,1.0,18.0
2801.0,delete,4.332591337923719,2147.0,256.0,4.259577566383674,0.0,8.0,7.0,3.0,20.0
2802.0,delete,5.358066171012581,2148.0,225.0,5.342518199346546,0.0,8.0,7.0,3.0,23.0
2803.0,add,5.588172890574075,2149.0,204.0,5.320700591367331,0.0,5.0,9.0,5.0,23.0
2804.0,delete,5.079357464824013,2150.0,142.0,5.245811762791495,0.0,4.0,4.0,3.0,17.0
2805.0,delete,4.291738484578735,2151.0,258.0,4.285808541004029,0.0,8.0,6.0,4.0,19.0
2806.0,delete,5.955541679115199,2151.0,258.0,4.285808541004029,0.0,8.0,6.0,4.0,18.0
2807.0,swap,5.222215514131571,2151.0,258.0,4.285808541004029,0.0,9.0,6.0,3.0,19.0
2808.0,add,5.258250371687059,2152.0,250.0,4.739868298593668,0.0,8.0,7.0,4.0,19.0
2809.0,delete,5.670512324927723,2153.0,241.0,5.029863409081467,0.0,7.0,5.0,4.0,17.0
2810.0,delete,5.893013620744875,2154.0,177.0,5.393321856792513,0.0,5.0,5.0,6.0,23.0
2811.0,delete,4.294856304224225,2155.0,255.0,4.55909058736697,0.0,9.0,6.0,4.0,20.0
2812.0,delete,7.158272995471369,2156.0,100.0,5.749968911466108,2.0,5.0,4.0,4.0,11.0
2813.0,delete,4.272080339356034,2157.0,257.0,4.938826054707384,0.0,8.0,6.0,4.0,19.0
2814.0,add,6.756948797566447,2158.0,49.0,5.973317377704617,5.0,4.0,1.0,2.0,17.0
2815.0,delete,5.110828992718355,2159.0,226.0,5.3294092158773365,0.0,8.0,7.0,3.0,22.0
2816.0,delete,5.965079894172377,2160.0,259.0,5.955541679115199,0.0,8.0,6.0,4.0,18.0
2817.0,delete,5.9610360854393365,2160.0,259.0,5.955541679115199,0.0,8.0,5.0,4.0,18.0
2818.0,swap,4.639316269213914,2160.0,259.0,5.955541679115199,0.0,8.0,6.0,4.0,18.0
2819.0,delete,4.160708135071607,2161.0,143.0,5.248949675595916,0.0,3.0,4.0,3.0,17.0
2820.0,add,5.642193575090397,2162.0,205.0,5.3195465169538565,0.0,6.0,9.0,5.0,23.0
2821.0,add,4.5031389297256945,2163.0,251.0,4.7649561518303205,0.0,8.0,7.0,4.0,20.0
2822.0,delete,4.60463599906658,2164.0,242.0,5.0071628311671885,0.0,7.0,4.0,4.0,17.0
2823.0,delete,5.709005036178571,2165.0,178.0,5.380412165535437,0.0,4.0,6.0,6.0,22.0
2824.0,delete,3.96602175776075,2166.0,256.0,4.806492489122132,0.0,8.0,7.0,4.0,19.0
2825.0,delete,7.324323590661005,2167.0,101.0,5.733591394250593,2.0,4.0,4.0,5.0,10.0
2826.0,delete,3.7393237538639874,2168.0,258.0,5.6302434819852065,0.0,8.0,5.0,4.0,19.0
2827.0,delete,6.766385241414449,2169.0,50.0,5.964132115435071,5.0,3.0,1.0,3.0,16.0
2828.0,delete,5.706064893022385,2170.0,227.0,5.304246590074516,0.0,8.0,7.0,3.0,21.0
2829.0,delete,5.960908835721317,2171.0,260.0,5.9610360854393365,0.0,8.0,5.0,4.0,18.0
2830.0,delete,6.425470855821637,2171.0,260.0,5.9610360854393365,0.0,7.0,5.0,4.0,18.0
2831.0,swap,5.376175248412625,2171.0,260.0,5.9610360854393365,0.0,7.0,5.0,4.0,19.0
2832.0,add,4.794525014594913,2172.0,144.0,5.258031496100792,0.0,3.0,4.0,3.0,18.0
2833.0,add,5.455246544959542,2173.0,206.0,5.3200257051179225,0.0,7.0,9.0,5.0,23.0
2834.0,delete,4.9192710990626605,2174.0,252.0,4.783485780090549,0.0,8.0,6.0,4.0,20.0
2835.0,delete,5.327418872964328,2175.0,243.0,4.982372716823564,0.0,7.0,5.0,4.0,15.0
2836.0,delete,5.142558383252908,2176.0,179.0,5.375102316936674,0.0,4.0,5.0,6.0,22.0
2837.0,delete,3.7393714628309023,2177.0,257.0,5.174557958402564,0.0,8.0,5.0,4.0,20.0
2838.0,delete,7.324323590661006,2178.0,102.0,5.717804715978598,2.0,4.0,4.0,4.0,10.0
2839.0,delete,6.683239900136398,2179.0,259.0,5.930897756348729,0.0,8.0,6.0,4.0,17.0
2840.0,delete,6.6476360529197525,2180.0,51.0,5.957850638187674,5.0,3.0,1.0,3.0,15.0
2841.0,delete,5.323131427936447,2181.0,228.0,5.305840629808766,0.0,8.0,6.0,3.0,21.0
2842.0,delete,6.477435117930203,2182.0,261.0,6.425470855821637,0.0,7.0,5.0,4.0,18.0
2843.0,delete,6.426899250437265,2182.0,261.0,6.425470855821637,0.0,6.0,5.0,4.0,18.0
2844.0,swap,6.388808321883672,2182.0,261.0,6.425470855821637,0.0,8.0,5.0,4.0,17.0
2845.0,add,4.779418938104599,2183.0,145.0,5.26968018492699,0.0,3.0,4.0,4.0,18.0
2846.0,add,5.932452168099626,2184.0,207.0,5.3324341404323645,0.0,7.0,9.0,6.0,23.0
2847.0,delete,4.50848886899387,2185.0,258.0,5.833269601012328,0.0,8.0,5.0,4.0,19.0
2848.0,add,4.8750990935390135,2186.0,253.0,4.906496585014161,0.0,9.0,6.0,4.0,20.0
2849.0,delete,5.657228085390244,2187.0,180.0,5.372778879125751,0.0,4.0,5.0,6.0,21.0
2850.0,add,5.906425241839259,2188.0,244.0,4.991218046820846,0.0,7.0,5.0,4.0,16.0
2851.0,delete,7.3243235906610105,2189.0,103.0,5.706313601213511,2.0,4.0,4.0,3.0,10.0
2852.0,delete,6.19620222464506,2190.0,260.0,6.429653386518194,0.0,8.0,4.0,4.0,18.0
2853.0,delete,6.647605393323961,2191.0,52.0,5.95329166816403,5.0,3.0,1.0,3.0,14.0
2854.0,delete,6.425499755164881,2192.0,262.0,6.426899250437265,0.0,6.0,5.0,4.0,18.0
2855.0,delete,6.371626186598709,2192.0,262.0,6.426899250437265,0.0,6.0,4.0,4.0,18.0
2856.0,swap,6.183046174017733,2192.0,262.0,6.426899250437265,0.0,7.0,5.0,4.0,17.0
2857.0,add,5.375063150607634,2193.0,229.0,5.3214961720975476,0.0,7.0,6.0,3.0,23.0
2858.0,delete,6.421350810860433,2194.0,259.0,6.239695663017404,0.0,7.0,6.0,4.0,18.0
2859.0,add,4.442939974900896,2195.0,146.0,5.28479681009421,0.0,3.0,5.0,4.0,18.0
2860.0,add,4.704324829946869,2196.0,208.0,5.350899100190869,0.0,6.0,11.0,6.0,23.0
2861.0,delete,6.239376464544715,2197.0,261.0,6.351767841554647,0.0,7.0,5.0,4.0,17.0
2862.0,add,3.565287699441217,2198.0,254.0,5.145365709142037,0.0,9.0,7.0,4.0,20.0
2863.0,add,5.658904035506697,2199.0,181.0,5.374403499534867,0.0,4.0,5.0,6.0,22.0
2864.0,add,5.664052957033042,2200.0,245.0,4.999721200217654,0.0,8.0,5.0,4.0,16.0
2865.0,add,7.3243235906610105,2201.0,104.0,5.692941525677642,2.0,4.0,4.0,3.0,11.0
2866.0,delete,6.652849808736145,2202.0,53.0,5.948001891053445,5.0,3.0,1.0,3.0,13.0
2867.0,delete,6.371525319872527,2203.0,263.0,6.371626186598709,0.0,6.0,4.0,4.0,18.0
2868.0,delete,6.287509059862343,2203.0,263.0,6.371626186598709,0.0,5.0,4.0,4.0,18.0
2869.0,swap,6.322347621401426,2203.0,263.0,6.371626186598709,0.0,5.0,4.0,4.0,19.0
2870.0,add,5.432415530175691,2204.0,230.0,5.329777400834538,0.0,8.0,6.0,3.0,23.0
2871.0,delete,5.959136745528429,2205.0,260.0,6.342978862681679,0.0,8.0,5.0,3.0,18.0
2872.0,delete,5.1663584980414,2206.0,209.0,5.365809900623739,0.0,7.0,10.0,6.0,22.0
2873.0,add,3.7479848083305303,2207.0,147.0,5.300405554551458,0.0,3.0,5.0,5.0,18.0
2874.0,delete,5.890686747656779,2208.0,262.0,6.338252046933752,0.0,6.0,5.0,4.0,17.0
2875.0,delete,4.38913012320421,2209.0,255.0,5.338510421147569,0.0,8.0,7.0,4.0,20.0
2876.0,delete,6.287509059862342,2210.0,264.0,6.287509059862343,0.0,5.0,4.0,4.0,18.0
2877.0,delete,6.287509059862343,2210.0,264.0,6.287509059862343,0.0,5.0,4.0,4.0,17.0
2878.0,swap,6.287509059862341,2210.0,264.0,6.287509059862343,0.0,5.0,4.0,3.0,19.0
2879.0,add,6.818409169038045,2211.0,105.0,5.680671281900157,2.0,5.0,4.0,3.0,11.0
2880.0,add,6.6476360529197525,2212.0,54.0,5.943047307350486,5.0,3.0,1.0,3.0,14.0
2881.0,add,5.818137681972447,2213.0,182.0,5.3799644133353945,0.0,4.0,6.0,6.0,22.0
2882.0,delete,5.692915597104018,2214.0,231.0,5.33831381919907,0.0,7.0,6.0,3.0,23.0
2883.0,add,5.213850096183489,2215.0,246.0,5.051491505206263,0.0,8.0,5.0,4.0,17.0
2884.0,delete,6.3488455668738695,2216.0,261.0,6.281753646595284,0.0,6.0,5.0,4.0,18.0
2885.0,delete,6.160084307568114,2217.0,210.0,5.3781477493380585,0.0,7.0,9.0,6.0,22.0
2886.0,delete,6.375089637013265,2218.0,263.0,6.287509059862342,0.0,5.0,4.0,4.0,18.0
2887.0,add,0.5727980273282496,2219.0,148.0,5.32483884894473,0.0,3.0,5.0,4.0,20.0
2888.0,delete,4.7724024486800944,2220.0,256.0,5.580123659920139,0.0,7.0,7.0,4.0,20.0
2889.0,delete,6.290541957200962,2221.0,265.0,6.287509059862343,0.0,5.0,4.0,4.0,17.0
2890.0,add,6.371630065789819,2221.0,265.0,6.287509059862343,0.0,5.0,4.0,4.0,18.0
2891.0,delete,6.2842024814264885,2221.0,265.0,6.287509059862343,0.0,5.0,4.0,3.0,17.0
2892.0,swap,6.032083316852936,2221.0,265.0,6.287509059862343,0.0,5.0,4.0,4.0,17.0
2893.0,add,7.3243079585571556,2222.0,106.0,5.667459015544566,2.0,5.0,4.0,3.0,12.0
2894.0,add,6.990222257131121,2223.0,55.0,5.937085320012902,5.0,3.0,1.0,3.0,15.0
2895.0,add,5.9337684475399985,2224.0,183.0,5.383131862700244,0.0,5.0,6.0,6.0,22.0
2896.0,delete,5.50217144845095,2225.0,232.0,5.352295213764647,0.0,7.0,6.0,2.0,23.0
2897.0,add,5.344140881201065,2226.0,247.0,5.121131082158559,0.0,8.0,5.0,4.0,18.0
2898.0,delete,6.426899250437265,2227.0,262.0,6.2661361210201765,0.0,6.0,5.0,4.0,17.0
2899.0,add,5.394150911051741,2228.0,211.0,5.389596722628217,0.0,7.0,9.0,6.0,23.0
2900.0,delete,4.0841631510289895,2229.0,149.0,5.351647233496552,0.0,3.0,5.0,4.0,19.0
2901.0,delete,4.372217687626617,2230.0,257.0,5.845617050984045,0.0,8.0,6.0,4.0,19.0
2902.0,delete,6.287509059862343,2231.0,264.0,6.253193376226511,0.0,5.0,4.0,4.0,17.0
2903.0,add,6.3632310604318825,2232.0,266.0,6.371630065789819,0.0,5.0,4.0,4.0,18.0
2904.0,add,6.331125765194759,2232.0,266.0,6.371630065789819,0.0,5.0,4.0,4.0,19.0
2905.0,delete,6.335540959614942,2232.0,266.0,6.371630065789819,0.0,5.0,4.0,4.0,17.0
2906.0,swap,6.408468650860309,2232.0,266.0,6.371630065789819,0.0,5.0,4.0,4.0,18.0
2907.0,add,6.662069272377535,2233.0,107.0,5.655790994698074,2.0,4.0,5.0,3.0,13.0
2908.0,add,6.660072760107992,2234.0,56.0,5.932667391958592,5.0,3.0,1.0,4.0,15.0
2909.0,delete,5.850699659021363,2235.0,184.0,5.384290510247472,0.0,5.0,6.0,6.0,21.0
2910.0,delete,5.5552273247408115,2236.0,233.0,5.368525529431603,0.0,7.0,6.0,3.0,21.0
2911.0,add,4.76128303525961,2237.0,248.0,5.206097069248134,0.0,8.0,6.0,4.0,18.0
2912.0,delete,4.288524852655941,2238.0,258.0,6.099839131857455,0.0,7.0,6.0,4.0,19.0
2913.0,delete,4.0841631510289895,2239.0,150.0,5.368337155394147,0.0,3.0,5.0,4.0,18.0
2914.0,add,5.194367710854513,2240.0,212.0,5.39301967509972,0.0,7.0,9.0,6.0,24.0
2915.0,delete,6.371626186598709,2241.0,263.0,6.3021042281212205,0.0,6.0,4.0,4.0,17.0
2916.0,add,6.287509059862343,2242.0,265.0,6.361999300378342,0.0,5.0,4.0,4.0,18.0
2917.0,delete,5.0155231955778,2243.0,185.0,5.380706602064136,0.0,5.0,6.0,6.0,20.0
2918.0,delete,6.255350150251825,2244.0,264.0,6.2981228579053745,0.0,5.0,4.0,4.0,17.0
2919.0,delete,5.8376373621469435,2245.0,234.0,5.362183741555413,0.0,6.0,6.0,3.0,21.0
2920.0,delete,7.3243235906610105,2246.0,108.0,5.6449816796875165,2.0,4.0,4.0,3.0,13.0
2921.0,add,6.306482346940242,2247.0,267.0,6.331125765194759,0.0,5.0,4.0,4.0,19.0
2922.0,add,6.248476582271495,2247.0,267.0,6.331125765194759,0.0,5.0,4.0,4.0,20.0
2923.0,delete,6.1401229087711355,2247.0,267.0,6.331125765194759,0.0,5.0,4.0,4.0,18.0
2924.0,swap,6.320593240305036,2247.0,267.0,6.331125765194759,0.0,6.0,4.0,3.0,19.0
2925.0,add,6.118703052436848,2248.0,57.0,5.927603123245976,5.0,4.0,2.0,4.0,14.0
2926.0,delete,4.0841631510289895,2249.0,151.0,5.386320617537608,0.0,3.0,5.0,4.0,17.0
2927.0,add,5.375152947470278,2250.0,249.0,5.298732901444113,0.0,9.0,6.0,4.0,18.0
2928.0,add,5.546120722363521,2251.0,213.0,5.408214190051541,0.0,7.0,9.0,6.0,25.0
2929.0,delete,6.058769324614871,2252.0,259.0,6.268686247611759,0.0,7.0,6.0,4.0,18.0
2930.0,delete,5.4051453392991355,2253.0,186.0,5.392983722313091,0.0,5.0,6.0,6.0,19.0
2931.0,add,5.344616596307511,2254.0,266.0,6.269360168696535,0.0,5.0,4.0,4.0,19.0
2932.0,delete,4.773840230093815,2255.0,235.0,5.37637279910472,0.0,6.0,6.0,3.0,20.0
2933.0,delete,6.880251459496811,2256.0,109.0,5.635045325366785,2.0,3.0,4.0,3.0,13.0
2934.0,add,5.742759820055258,2257.0,265.0,6.223436112395407,0.0,5.0,4.0,4.0,18.0
2935.0,add,6.2485731165270355,2258.0,268.0,6.248476582271495,0.0,5.0,4.0,4.0,20.0
2936.0,add,6.248330981475468,2258.0,268.0,6.248476582271495,0.0,5.0,4.0,5.0,20.0
2937.0,delete,6.2484765822714925,2258.0,268.0,6.248476582271495,0.0,5.0,4.0,3.0,20.0
2938.0,swap,5.759907703979035,2258.0,268.0,6.248476582271495,0.0,6.0,4.0,4.0,19.0
2939.0,add,6.504388949886013,2259.0,58.0,5.9238369672492155,5.0,4.0,2.0,4.0,15.0
2940.0,add,4.342554532883575,2260.0,152.0,5.402898570700739,0.0,3.0,4.0,4.0,19.0
2941.0,add,4.942573359648492,2261.0,250.0,5.3745729826390285,0.0,8.0,6.0,4.0,20.0
2942.0,add,5.549711718091818,2262.0,214.0,5.415021775071758,0.0,7.0,9.0,6.0,26.0
2943.0,delete,6.06424780633362,2263.0,260.0,6.243002144574472,0.0,8.0,5.0,4.0,17.0
2944.0,add,5.337412590212987,2264.0,187.0,5.3972143839046485,0.0,5.0,6.0,7.0,19.0
2945.0,add,6.297368514404845,2265.0,267.0,6.150752993304906,0.0,5.0,4.0,4.0,20.0
2946.0,add,5.553793095494588,2266.0,236.0,5.389808939490115,0.0,7.0,6.0,3.0,20.0
2947.0,add,7.010709648002847,2267.0,110.0,5.625143525189473,2.0,4.0,4.0,3.0,13.0
2948.0,add,6.1929626778799385,2268.0,266.0,6.135824939858915,0.0,6.0,4.0,4.0,18.0
2949.0,delete,6.425470855821637,2269.0,261.0,6.2371632820154765,0.0,7.0,5.0,4.0,17.0
2950.0,add,6.387213947230242,2270.0,59.0,5.9205704182740755,5.0,5.0,2.0,5.0,14.0
2951.0,add,4.736084547938824,2271.0,251.0,5.4427269778929475,0.0,8.0,6.0,4.0,21.0
2952.0,add,6.245636514632586,2272.0,269.0,6.248330981475468,0.0,5.0,4.0,5.0,20.0
2953.0,delete,6.1269445376206635,2272.0,269.0,6.248330981475468,0.0,5.0,4.0,5.0,19.0
2954.0,swap,6.29485966164013,2272.0,269.0,6.248330981475468,0.0,5.0,4.0,5.0,20.0
2955.0,add,4.179505300914645,2273.0,153.0,5.4201634774590515,0.0,3.0,5.0,5.0,18.0
2956.0,delete,5.443163036311776,2274.0,215.0,5.426371689415266,0.0,7.0,9.0,6.0,25.0
2957.0,add,6.331125765194759,2275.0,268.0,6.228942923842212,0.0,5.0,4.0,4.0,21.0
2958.0,add,4.7146082464424675,2276.0,188.0,5.407522048485371,0.0,5.0,7.0,6.0,20.0
2959.0,delete,6.130213791065147,2277.0,270.0,6.1269445376206635,0.0,5.0,4.0,5.0,19.0
2960.0,add,6.073112554336253,2277.0,270.0,6.1269445376206635,0.0,5.0,4.0,5.0,20.0
2961.0,delete,6.140268509567159,2277.0,270.0,6.1269445376206635,0.0,5.0,4.0,5.0,18.0
2962.0,swap,6.991217961996252,2277.0,270.0,6.1269445376206635,0.0,6.0,4.0,5.0,18.0
2963.0,add,6.647918371637024,2278.0,111.0,5.616883635995971,2.0,4.0,4.0,4.0,13.0
2964.0,add,5.808421654950915,2279.0,1.0,5.954922381535819,10.0,0.0,0.0,0.0,1.0
2965.0,add,6.501548144552718,2280.0,60.0,5.916872788417731,5.0,5.0,2.0,4.0,16.0
2966.0,add,6.102912727790781,2281.0,237.0,5.4177284618971875,0.0,7.0,6.0,4.0,20.0
2967.0,delete,5.896178802462956,2282.0,252.0,5.540799491942082,0.0,9.0,6.0,4.0,19.0
2968.0,delete,5.428876732169311,2283.0,216.0,5.438177437345355,0.0,7.0,8.0,5.0,26.0
2969.0,add,5.337409830072884,2284.0,154.0,5.433642749820817,0.0,3.0,5.0,4.0,20.0
2970.0,delete,5.8029759899652715,2285.0,262.0,6.23712095437186,0.0,6.0,4.0,4.0,18.0
2971.0,add,6.282974929328551,2286.0,267.0,6.241750912641595,0.0,5.0,4.0,4.0,20.0
2972.0,delete,5.084730956719638,2287.0,189.0,5.421829101893901,0.0,5.0,7.0,5.0,20.0
2973.0,delete,6.449623273492223,2288.0,269.0,6.292351470917096,0.0,5.0,4.0,5.0,19.0
2974.0,delete,5.365103372946531,2289.0,238.0,5.426426114603372,0.0,7.0,6.0,4.0,19.0
2975.0,delete,7.098130845784281,2290.0,112.0,5.608719025748316,2.0,4.0,4.0,4.0,12.0
2976.0,delete,6.371626186598709,2291.0,263.0,6.238681875909543,0.0,6.0,4.0,4.0,17.0
2977.0,add,6.073112554336252,2292.0,271.0,6.073112554336253,0.0,5.0,4.0,5.0,20.0
2978.0,add,6.1269445376206635,2292.0,271.0,6.073112554336253,0.0,5.0,4.0,5.0,21.0
2979.0,delete,6.067529029748762,2292.0,271.0,6.073112554336253,0.0,4.0,4.0,5.0,20.0
2980.0,swap,6.889653502855102,2292.0,271.0,6.073112554336253,0.0,4.0,4.0,5.0,21.0
2981.0,add,5.806879873410836,2293.0,2.0,5.956210367229664,10.0,0.0,0.0,1.0,1.0
2982.0,add,6.555081799980569,2294.0,61.0,5.914294493926089,5.0,5.0,3.0,4.0,16.0
2983.0,delete,4.3944153867794205,2295.0,155.0,5.453238211852036,0.0,3.0,5.0,4.0,19.0
2984.0,delete,5.432507684465238,2296.0,217.0,5.4564866502085865,0.0,7.0,8.0,4.0,26.0
2985.0,add,4.835030892877919,2297.0,253.0,5.637728519396841,0.0,9.0,6.0,4.0,20.0
2986.0,delete,4.9220009150854525,2298.0,190.0,5.432859944355428,0.0,5.0,7.0,6.0,18.0
2987.0,add,5.986689728566322,2299.0,268.0,6.299183798255814,0.0,5.0,4.0,4.0,21.0
2988.0,delete,6.191801050712365,2300.0,239.0,5.435913096145106,0.0,7.0,5.0,4.0,19.0
2989.0,delete,7.3781019151266864,2301.0,113.0,5.599101272961997,1.0,4.0,4.0,4.0,12.0
2990.0,delete,6.601840154989977,2302.0,264.0,6.22675075667693,0.0,4.0,4.0,4.0,18.0
2991.0,add,6.0639848359637165,2303.0,270.0,6.246070435779407,0.0,5.0,4.0,5.0,20.0
2992.0,delete,6.097955573976091,2304.0,269.0,6.284782280782019,0.0,4.0,4.0,5.0,20.0
2993.0,add,5.85360187239445,2305.0,3.0,5.95677907229678,10.0,0.0,1.0,0.0,2.0
2994.0,add,4.985594335769663,2306.0,254.0,5.718780980017463,0.0,9.0,7.0,4.0,20.0
2995.0,add,6.60629268957259,2307.0,62.0,5.910016328553402,5.0,6.0,3.0,4.0,16.0
2996.0,delete,5.594975269385099,2308.0,218.0,5.459763265949093,0.0,7.0,9.0,4.0,24.0
2997.0,add,6.105423096824247,2309.0,272.0,6.1269445376206635,0.0,5.0,4.0,5.0,21.0
2998.0,add,6.093296588374491,2309.0,272.0,6.1269445376206635,0.0,5.0,4.0,5.0,22.0
2999.0,delete,6.140268509567159,2309.0,272.0,6.1269445376206635,0.0,5.0,4.0,5.0,20.0
3000.0,swap,6.918241141710915,2309.0,272.0,6.1269445376206635,0.0,5.0,5.0,5.0,20.0
3001.0,add,5.031253671480596,2310.0,156.0,5.474263787654489,0.0,3.0,5.0,4.0,20.0
3002.0,add,5.28106953706268,2311.0,191.0,5.448200337406431,0.0,5.0,7.0,6.0,19.0
3003.0,delete,5.997078061691392,2312.0,240.0,5.447055943520752,0.0,7.0,6.0,4.0,17.0
3004.0,add,7.281372118798025,2313.0,114.0,5.588359316624461,2.0,4.0,4.0,4.0,12.0
3005.0,add,6.034377306143339,2314.0,265.0,6.226288544393848,0.0,5.0,4.0,4.0,18.0
3006.0,add,5.448455203445464,2315.0,271.0,6.276834774819496,0.0,5.0,4.0,5.0,21.0
3007.0,delete,4.389035073638996,2316.0,255.0,5.8156065919833315,0.0,9.0,7.0,3.0,20.0
3008.0,add,5.258497184531277,2317.0,4.0,5.958133305753777,10.0,0.0,2.0,0.0,2.0
3009.0,delete,6.5971201535542106,2318.0,63.0,5.906165127439474,5.0,5.0,3.0,4.0,16.0
3010.0,delete,5.310503261667076,2319.0,219.0,5.469236508039494,0.0,7.0,8.0,4.0,24.0
3011.0,add,6.214318640808481,2320.0,270.0,6.181820141343912,0.0,5.0,5.0,5.0,19.0
3012.0,add,6.099418952602027,2321.0,273.0,6.093296588374491,0.0,5.0,4.0,5.0,22.0
3013.0,add,6.0788861411219095,2321.0,273.0,6.093296588374491,0.0,5.0,5.0,5.0,22.0
3014.0,delete,6.242204533159942,2321.0,273.0,6.093296588374491,0.0,5.0,3.0,5.0,22.0
3015.0,swap,5.643182066039047,2321.0,273.0,6.093296588374491,0.0,6.0,3.0,5.0,22.0
3016.0,add,4.764135138421827,2322.0,157.0,5.492454214041649,0.0,3.0,5.0,4.0,21.0
3017.0,add,5.603196893712862,2323.0,192.0,5.452312125594841,0.0,6.0,8.0,6.0,18.0
3018.0,delete,7.323260998874737,2324.0,115.0,5.576566237210086,2.0,4.0,3.0,4.0,12.0
3019.0,delete,5.315369620061981,2325.0,241.0,5.450563099925871,0.0,7.0,5.0,4.0,17.0
3020.0,add,6.34377833125395,2326.0,266.0,6.180578952613392,0.0,5.0,4.0,4.0,19.0
3021.0,delete,4.330465532719654,2327.0,256.0,5.914323380909184,0.0,7.0,7.0,4.0,20.0
3022.0,delete,6.548603393173495,2328.0,64.0,5.901579078351116,5.0,6.0,2.0,4.0,15.0
3023.0,add,5.827389817552275,2329.0,5.0,5.959920250145789,10.0,0.0,2.0,0.0,3.0
3024.0,add,6.109156971259415,2330.0,272.0,6.031397656259483,0.0,5.0,5.0,5.0,21.0
3025.0,add,5.153484285949309,2331.0,220.0,5.477418297251407,0.0,7.0,9.0,4.0,24.0
3026.0,add,6.072321637303041,2332.0,271.0,6.0914070674295715,0.0,6.0,4.0,5.0,20.0
3027.0,add,6.078885342521436,2333.0,274.0,6.0788861411219095,0.0,5.0,5.0,5.0,22.0
3028.0,delete,5.930990250237852,2333.0,274.0,6.0788861411219095,0.0,5.0,5.0,4.0,22.0
3029.0,swap,6.07888614112191,2333.0,274.0,6.0788861411219095,0.0,5.0,5.0,6.0,21.0
3030.0,add,5.03745541927763,2334.0,158.0,5.499834988532055,0.0,3.0,5.0,4.0,22.0
3031.0,add,5.709934816196751,2335.0,193.0,5.453379922309427,0.0,5.0,8.0,6.0,20.0
3032.0,delete,5.3549280252839315,2336.0,242.0,5.46594738285227,0.0,7.0,5.0,4.0,16.0
3033.0,add,7.337846185981027,2337.0,116.0,5.563353821250658,2.0,4.0,3.0,4.0,13.0
3034.0,add,6.092763573257262,2338.0,273.0,6.041911968750776,0.0,5.0,5.0,5.0,22.0
3035.0,delete,5.639779718890005,2339.0,257.0,6.017651681368063,0.0,8.0,6.0,4.0,19.0
3036.0,delete,6.588585964380734,2340.0,65.0,5.897453040550314,5.0,6.0,3.0,3.0,14.0
3037.0,add,6.40588865339918,2341.0,267.0,6.173581526467297,0.0,5.0,5.0,4.0,19.0
3038.0,add,5.5106076500248005,2342.0,6.0,5.961887818108308,10.0,0.0,1.0,0.0,5.0
3039.0,delete,5.028214493291266,2343.0,221.0,5.490626040371296,0.0,7.0,8.0,4.0,24.0
3040.0,delete,5.9336235375072235,2344.0,275.0,5.930990250237852,0.0,5.0,5.0,4.0,22.0
3041.0,add,5.193489463806735,2344.0,275.0,5.930990250237852,0.0,5.0,5.0,4.0,23.0
3042.0,delete,5.710959720345686,2344.0,275.0,5.930990250237852,0.0,5.0,5.0,4.0,21.0
3043.0,swap,5.362662893522513,2344.0,275.0,5.930990250237852,0.0,5.0,5.0,4.0,22.0
3044.0,add,6.392706100983654,2345.0,159.0,5.500717492250866,0.0,3.0,5.0,4.0,23.0
3045.0,delete,6.027796066390709,2346.0,243.0,5.478997236315092,0.0,7.0,5.0,4.0,15.0
3046.0,add,5.012643509347887,2347.0,194.0,5.455209178330204,0.0,6.0,8.0,6.0,20.0
3047.0,add,6.126944537620664,2348.0,272.0,5.903457583919819,0.0,5.0,4.0,6.0,21.0
3048.0,add,6.874237684589555,2349.0,117.0,5.5523659894492745,2.0,3.0,3.0,4.0,15.0
3049.0,delete,4.428403709570578,2350.0,258.0,6.101476551727612,0.0,8.0,6.0,4.0,18.0
3050.0,delete,6.361638806652995,2351.0,66.0,5.892742014847737,4.0,6.0,3.0,3.0,14.0
3051.0,delete,6.108206266477394,2352.0,274.0,5.626345173084002,0.0,5.0,5.0,5.0,21.0
3052.0,delete,5.919817497070391,2353.0,222.0,5.495283416037162,0.0,7.0,7.0,4.0,24.0
3053.0,add,5.5106076500248005,2354.0,7.0,5.962844543047768,10.0,1.0,1.0,0.0,5.0
3054.0,add,6.395302760571997,2355.0,268.0,6.105635603146728,0.0,5.0,4.0,4.0,21.0
3055.0,add,5.187797662469472,2356.0,276.0,5.193489463806735,0.0,5.0,5.0,4.0,23.0
3056.0,delete,5.45586451855559,2356.0,276.0,5.193489463806735,0.0,5.0,5.0,4.0,22.0
3057.0,swap,5.470547339415768,2356.0,276.0,5.193489463806735,0.0,6.0,5.0,4.0,22.0
3058.0,delete,5.959131483823724,2357.0,160.0,5.50206962048146,0.0,2.0,6.0,4.0,22.0
3059.0,add,5.366157341824878,2358.0,244.0,5.4842415470220836,0.0,7.0,5.0,5.0,15.0
3060.0,add,6.2362611296959765,2359.0,273.0,5.74488945002775,0.0,6.0,4.0,5.0,22.0
3061.0,add,5.142260139593465,2360.0,195.0,5.463287859265335,0.0,5.0,9.0,6.0,21.0
3062.0,delete,6.874237684589556,2361.0,118.0,5.544163110822014,2.0,3.0,3.0,3.0,15.0
3063.0,delete,5.955541679115199,2362.0,259.0,6.1579246336802695,0.0,8.0,6.0,4.0,17.0
3064.0,add,5.941416976542039,2363.0,275.0,5.326924746061891,0.0,5.0,5.0,4.0,23.0
3065.0,add,6.297391669175694,2364.0,67.0,5.889681853664192,5.0,6.0,3.0,3.0,14.0
3066.0,delete,5.16186098246485,2365.0,223.0,5.509246616068938,0.0,7.0,8.0,3.0,23.0
3067.0,delete,6.248330981475469,2366.0,269.0,6.033462397381846,0.0,5.0,4.0,4.0,20.0
3068.0,add,5.879513025315876,2367.0,8.0,5.963865323956571,10.0,1.0,1.0,0.0,6.0
3069.0,delete,5.454305136120891,2368.0,277.0,5.45586451855559,0.0,5.0,5.0,4.0,22.0
3070.0,add,5.407185850406442,2368.0,277.0,5.45586451855559,0.0,5.0,5.0,4.0,23.0
3071.0,delete,5.193489463806735,2368.0,277.0,5.45586451855559,0.0,5.0,5.0,4.0,21.0
3072.0,swap,5.014440074266982,2368.0,277.0,5.45586451855559,0.0,5.0,4.0,4.0,23.0
3073.0,add,6.070611380825703,2369.0,161.0,5.498217493732465,0.0,3.0,7.0,4.0,21.0
3074.0,add,5.360329389839836,2370.0,245.0,5.4796344697234405,0.0,8.0,5.0,4.0,16.0
3075.0,delete,5.9610360854393365,2371.0,260.0,6.126529420713934,0.0,8.0,5.0,4.0,17.0
3076.0,delete,6.9269590741782645,2372.0,119.0,5.534896372688449,1.0,3.0,3.0,3.0,15.0
3077.0,add,5.686058362712946,2373.0,196.0,5.466961449524499,0.0,5.0,9.0,6.0,22.0
3078.0,delete,6.811435055647131,2374.0,274.0,5.526069939534381,0.0,5.0,5.0,5.0,21.0
3079.0,delete,5.160148912467911,2375.0,276.0,5.305057008631328,0.0,5.0,5.0,4.0,22.0
3080.0,add,5.211488558306052,2376.0,68.0,5.886104768572465,5.0,6.0,4.0,4.0,13.0
3081.0,add,5.12806131745657,2377.0,224.0,5.523473568137509,0.0,7.0,8.0,3.0,24.0
3082.0,add,5.9242906154000154,2378.0,270.0,5.907943957510014,0.0,5.0,4.0,5.0,20.0
3083.0,add,5.724844458021464,2379.0,9.0,5.964112979672679,10.0,2.0,2.0,0.0,5.0
3084.0,add,5.399235313698757,2380.0,278.0,5.407185850406442,0.0,5.0,5.0,4.0,23.0
3085.0,add,5.407185850406444,2380.0,278.0,5.407185850406442,0.0,5.0,5.0,5.0,23.0
3086.0,delete,5.652119849533466,2380.0,278.0,5.407185850406442,0.0,4.0,5.0,4.0,23.0
3087.0,swap,5.4420646381840525,2380.0,278.0,5.407185850406442,0.0,5.0,5.0,4.0,23.0
3088.0,delete,4.81580087228738,2381.0,162.0,5.495996637969764,0.0,2.0,6.0,4.0,22.0
3089.0,add,5.240153586803507,2382.0,246.0,5.486118910122891,0.0,8.0,5.0,4.0,17.0
3090.0,delete,5.676972440381882,2383.0,197.0,5.464430144251201,0.0,5.0,8.0,6.0,22.0
3091.0,add,6.191335389919446,2384.0,120.0,5.5241581436725085,1.0,3.0,4.0,3.0,15.0
3092.0,delete,6.425470855821637,2385.0,261.0,6.089234758019578,0.0,7.0,5.0,4.0,17.0
3093.0,add,5.931164662175875,2386.0,275.0,5.3842350749772345,0.0,5.0,5.0,5.0,22.0
3094.0,delete,5.010463054530569,2387.0,225.0,5.531467757573111,0.0,8.0,7.0,3.0,23.0
3095.0,add,6.519955515444699,2388.0,69.0,5.880890605510417,5.0,7.0,4.0,4.0,13.0
3096.0,add,5.193489463806735,2389.0,277.0,5.461558300445833,0.0,5.0,5.0,4.0,23.0
3097.0,add,6.073028041928438,2390.0,271.0,5.796240076990958,0.0,5.0,4.0,6.0,20.0
3098.0,add,5.533907992486726,2391.0,10.0,5.964370502650307,10.0,2.0,1.0,0.0,7.0
3099.0,delete,5.688418038127632,2392.0,276.0,5.343593551932181,0.0,4.0,5.0,4.0,23.0
3100.0,add,5.407185850406443,2393.0,279.0,5.407185850406444,0.0,5.0,5.0,5.0,23.0
3101.0,delete,5.585469590768275,2393.0,279.0,5.407185850406444,0.0,5.0,4.0,5.0,23.0
3102.0,swap,5.207155766951039,2393.0,279.0,5.407185850406444,0.0,5.0,5.0,5.0,23.0
3103.0,add,5.417786637774276,2394.0,163.0,5.496627587770705,0.0,3.0,6.0,4.0,22.0
3104.0,delete,5.693848580250473,2395.0,198.0,5.462840413262451,0.0,4.0,8.0,5.0,23.0
3105.0,add,5.714748302544625,2396.0,247.0,5.5096782250205845,0.0,8.0,5.0,4.0,18.0
3106.0,add,6.7282702730492785,2397.0,121.0,5.514769716574962,1.0,4.0,3.0,4.0,15.0
3107.0,delete,6.426899250437265,2398.0,262.0,6.04065339830116,0.0,6.0,5.0,4.0,17.0
3108.0,delete,5.177107427081872,2399.0,226.0,5.53698381521567,0.0,8.0,8.0,2.0,22.0
3109.0,add,5.407185850406442,2400.0,278.0,5.40174926463305,0.0,5.0,5.0,5.0,23.0
3110.0,add,6.456904308725696,2401.0,70.0,5.876566420870933,5.0,6.0,5.0,4.0,14.0
3111.0,delete,5.57250048877195,2402.0,280.0,5.585469590768275,0.0,5.0,4.0,5.0,23.0
3112.0,delete,5.482269356965373,2402.0,280.0,5.585469590768275,0.0,5.0,4.0,5.0,22.0
3113.0,swap,5.564014445665862,2402.0,280.0,5.585469590768275,0.0,6.0,4.0,5.0,22.0
3114.0,add,5.315595573545099,2403.0,11.0,5.96441571183751,10.0,2.0,2.0,0.0,7.0
3115.0,delete,6.171638737782354,2404.0,263.0,6.010469239698024,0.0,6.0,4.0,4.0,17.0
3116.0,add,4.920030097425276,2405.0,164.0,5.497503731996753,0.0,5.0,6.0,4.0,21.0
3117.0,add,6.241234304651469,2406.0,272.0,5.686729469859485,0.0,5.0,5.0,5.0,21.0
3118.0,add,5.4874946257329045,2407.0,248.0,5.543990140916791,0.0,8.0,5.0,4.0,19.0
3119.0,add,5.685658074675582,2408.0,199.0,5.461948269887017,0.0,5.0,8.0,6.0,22.0
3120.0,add,5.121825540712095,2409.0,277.0,5.440543255074714,0.0,6.0,5.0,4.0,22.0
3121.0,add,6.31998041259273,2410.0,122.0,5.506047857843509,1.0,4.0,3.0,4.0,16.0
3122.0,delete,4.591612135997232,2411.0,227.0,5.539971041034814,0.0,7.0,7.0,3.0,22.0
3123.0,delete,5.4010800818694715,2412.0,279.0,5.551063470542864,0.0,5.0,5.0,4.0,23.0
3124.0,delete,5.481657787145396,2413.0,281.0,5.482269356965373,0.0,5.0,4.0,5.0,22.0
3125.0,add,5.398100665178852,2413.0,281.0,5.482269356965373,0.0,5.0,4.0,5.0,23.0
3126.0,delete,5.450000688965362,2413.0,281.0,5.482269356965373,0.0,5.0,4.0,5.0,21.0
3127.0,swap,5.942765998812826,2413.0,281.0,5.482269356965373,0.0,5.0,4.0,5.0,22.0
3128.0,add,5.074896266610706,2414.0,12.0,5.964411694299351,10.0,2.0,2.0,1.0,7.0
3129.0,add,6.34763791584246,2415.0,71.0,5.870668016899047,5.0,7.0,4.0,4.0,15.0
3130.0,delete,5.7092249400298565,2416.0,264.0,5.962365614822679,0.0,5.0,4.0,4.0,17.0
3131.0,add,6.327993033319977,2417.0,165.0,5.4988091639817425,0.0,5.0,6.0,4.0,22.0
3132.0,add,6.10560849831389,2418.0,273.0,5.600905740923592,0.0,5.0,4.0,5.0,23.0
3133.0,add,4.188965027104565,2419.0,249.0,5.574659090860422,0.0,8.0,6.0,4.0,19.0
3134.0,add,6.210364633975587,2420.0,200.0,5.455319812180002,0.0,5.0,8.0,5.0,24.0
3135.0,delete,6.76438461353453,2421.0,123.0,5.499792826853564,1.0,3.0,3.0,4.0,16.0
3136.0,delete,5.349852866742903,2422.0,228.0,5.5396672421100766,0.0,8.0,6.0,3.0,21.0
3137.0,add,6.079786658727359,2423.0,278.0,5.485120955562596,0.0,6.0,5.0,4.0,23.0
3138.0,delete,5.585469590768275,2424.0,280.0,5.550958899413561,0.0,5.0,4.0,5.0,22.0
3139.0,delete,6.348352983950223,2425.0,72.0,5.86836749579912,5.0,6.0,5.0,4.0,14.0
3140.0,add,5.3670015673228075,2426.0,282.0,5.398100665178852,0.0,5.0,4.0,5.0,23.0
3141.0,delete,5.398100665178852,2426.0,282.0,5.398100665178852,0.0,5.0,4.0,5.0,22.0
3142.0,swap,5.607966486181583,2426.0,282.0,5.398100665178852,0.0,5.0,3.0,5.0,24.0
3143.0,add,5.722264505268941,2427.0,13.0,5.965388545342313,10.0,2.0,2.0,1.0,8.0
3144.0,add,6.282333966947752,2428.0,265.0,5.923809368752765,0.0,5.0,4.0,4.0,18.0
3145.0,delete,6.20494272191168,2429.0,274.0,5.539262878495794,0.0,5.0,4.0,5.0,22.0
3146.0,add,6.032261554136262,2430.0,166.0,5.494270351748124,0.0,5.0,7.0,5.0,21.0
3147.0,delete,5.723736727355896,2431.0,279.0,5.525876724122683,0.0,5.0,4.0,5.0,23.0
3148.0,add,4.937115302005051,2432.0,250.0,5.608238342435935,0.0,8.0,6.0,4.0,20.0
3149.0,delete,6.889274029382985,2433.0,124.0,5.491334230382002,1.0,3.0,2.0,4.0,16.0
3150.0,add,5.428224912295972,2434.0,201.0,5.453573641497543,0.0,5.0,9.0,5.0,24.0
3151.0,add,5.378333307739592,2435.0,229.0,5.539914240627653,0.0,7.0,6.0,3.0,23.0
3152.0,add,4.558219483752746,2436.0,281.0,5.442792345965524,0.0,6.0,4.0,5.0,22.0
3153.0,delete,7.019438903023686,2437.0,73.0,5.863972778086071,4.0,6.0,5.0,4.0,14.0
3154.0,delete,5.400165333880443,2438.0,283.0,5.398100665178852,0.0,5.0,4.0,5.0,22.0
3155.0,delete,5.72396371978815,2438.0,283.0,5.398100665178852,0.0,4.0,4.0,5.0,22.0
3156.0,swap,6.0557559293829994,2438.0,283.0,5.398100665178852,0.0,5.0,4.0,5.0,22.0
3157.0,add,5.975732431521256,2439.0,275.0,5.46784353721875,0.0,5.0,5.0,4.0,23.0
3158.0,add,5.723465745091364,2440.0,14.0,5.9657303015917,10.0,2.0,2.0,2.0,8.0
3159.0,add,6.192883803043733,2441.0,266.0,5.885564265074677,0.0,5.0,4.0,4.0,19.0
3160.0,delete,6.379227289072124,2442.0,167.0,5.487827205697647,0.0,6.0,6.0,5.0,20.0
3161.0,delete,5.438373148442839,2443.0,280.0,5.496264405640281,0.0,5.0,4.0,5.0,22.0
3162.0,delete,5.398100665178852,2444.0,282.0,5.644496412057611,0.0,5.0,4.0,5.0,22.0
3163.0,delete,6.889274029382987,2445.0,125.0,5.482770703362885,1.0,3.0,2.0,3.0,16.0
3164.0,delete,5.228660003009906,2446.0,202.0,5.454288157439891,0.0,4.0,9.0,5.0,24.0
3165.0,add,4.666582796052421,2447.0,251.0,5.634633482010164,0.0,9.0,6.0,4.0,20.0
3166.0,add,5.600077841398432,2448.0,230.0,5.538952999492225,0.0,7.0,6.0,3.0,24.0
3167.0,delete,6.736968172946981,2449.0,74.0,5.858671638593662,5.0,6.0,3.0,4.0,14.0
3168.0,delete,5.718675448555665,2450.0,284.0,5.72396371978815,0.0,4.0,4.0,5.0,22.0
3169.0,delete,5.626813777278712,2450.0,284.0,5.72396371978815,0.0,4.0,4.0,5.0,21.0
3170.0,swap,4.627768746491592,2450.0,284.0,5.72396371978815,0.0,4.0,4.0,5.0,22.0
3171.0,delete,5.193489463806735,2451.0,276.0,5.444976429257194,0.0,5.0,5.0,3.0,23.0
3172.0,add,5.485583434171222,2452.0,281.0,5.406719374014272,0.0,5.0,4.0,6.0,22.0
3173.0,add,6.4069043086879,2453.0,15.0,5.964555452566439,10.0,2.0,4.0,1.0,8.0
3174.0,delete,4.961482252901342,2454.0,168.0,5.479453429002913,0.0,5.0,6.0,5.0,20.0
3175.0,add,6.32586952285237,2455.0,267.0,5.831732135832255,0.0,5.0,4.0,4.0,20.0
3176.0,delete,5.398100665178852,2456.0,283.0,5.42430542302853,0.0,5.0,4.0,4.0,22.0
3177.0,delete,7.059645436440941,2457.0,126.0,5.471472460949883,0.0,3.0,2.0,4.0,15.0
3178.0,delete,5.102286649901735,2458.0,203.0,5.457282086669591,0.0,5.0,9.0,5.0,22.0
3179.0,delete,4.962914485977066,2459.0,252.0,5.655156064399133,0.0,9.0,6.0,4.0,19.0
3180.0,delete,5.613390508745907,2460.0,231.0,5.5371777713683965,0.0,8.0,5.0,3.0,23.0
3181.0,delete,5.620866276100824,2461.0,285.0,5.626813777278712,0.0,4.0,4.0,5.0,21.0
3182.0,delete,5.626813777278712,2461.0,285.0,5.626813777278712,0.0,4.0,4.0,4.0,21.0
3183.0,swap,5.69591339510925,2461.0,285.0,5.626813777278712,0.0,4.0,4.0,4.0,22.0
3184.0,add,6.103986068485525,2462.0,75.0,5.851353701080038,5.0,6.0,4.0,4.0,14.0
3185.0,add,5.5684355858203505,2463.0,277.0,5.478453040378996,0.0,6.0,5.0,4.0,22.0
3186.0,delete,5.441136132801745,2464.0,282.0,5.524253199950242,0.0,5.0,4.0,5.0,22.0
3187.0,delete,5.5629610113422405,2465.0,169.0,5.480200497289352,0.0,5.0,6.0,5.0,19.0
3188.0,add,6.1797950005945115,2466.0,16.0,5.962761898091348,10.0,3.0,3.0,1.0,9.0
3189.0,delete,6.306044690019091,2467.0,284.0,5.642601806441875,0.0,4.0,4.0,5.0,21.0
3190.0,add,6.248422424149612,2468.0,268.0,5.794140414657034,0.0,5.0,4.0,5.0,20.0
3191.0,delete,5.6197317389315895,2469.0,286.0,5.626813777278712,0.0,4.0,4.0,4.0,21.0
3192.0,delete,5.61167941317364,2469.0,286.0,5.626813777278712,0.0,4.0,4.0,4.0,20.0
3193.0,swap,6.273882597308259,2469.0,286.0,5.626813777278712,0.0,4.0,4.0,5.0,20.0
3194.0,add,6.416270010434943,2470.0,127.0,5.460945908728122,0.0,3.0,2.0,4.0,16.0
3195.0,add,5.372408512370064,2471.0,204.0,5.4671790892216325,0.0,5.0,9.0,5.0,23.0
3196.0,delete,5.716021268416072,2472.0,232.0,5.541991247245936,0.0,7.0,6.0,3.0,22.0
3197.0,add,6.684797725595467,2473.0,76.0,5.846673146281644,5.0,7.0,5.0,4.0,13.0
3198.0,add,4.8898133366391585,2474.0,253.0,5.685065057316624,0.0,10.0,6.0,4.0,19.0
3199.0,delete,5.579988844903048,2475.0,283.0,5.654187853767862,0.0,5.0,3.0,5.0,22.0
3200.0,add,5.3863502466340965,2476.0,278.0,5.5455438803994035,0.0,5.0,6.0,4.0,23.0
3201.0,delete,5.630804141587416,2477.0,285.0,5.78302688167305,0.0,3.0,4.0,5.0,21.0
3202.0,add,5.614422786190761,2478.0,170.0,5.481436735031075,0.0,5.0,6.0,5.0,20.0
3203.0,add,6.169109019058796,2479.0,17.0,5.9614855105011495,10.0,2.0,3.0,1.0,11.0
3204.0,delete,6.248330981475468,2480.0,269.0,5.7608119006419045,0.0,5.0,4.0,5.0,19.0
3205.0,delete,5.590490122970933,2481.0,287.0,5.61167941317364,0.0,4.0,4.0,4.0,20.0
3206.0,add,5.976517685486925,2481.0,287.0,5.61167941317364,0.0,4.0,4.0,4.0,21.0
3207.0,delete,5.61167941317364,2481.0,287.0,5.61167941317364,0.0,4.0,4.0,4.0,19.0
3208.0,swap,5.611679413173641,2481.0,287.0,5.61167941317364,0.0,4.0,4.0,5.0,19.0
3209.0,add,5.810150679881284,2482.0,128.0,5.451124092359231,0.0,3.0,2.0,4.0,17.0
3210.0,add,4.390438059840067,2483.0,205.0,5.473548722140804,0.0,6.0,9.0,5.0,23.0
3211.0,delete,5.502171448450951,2484.0,233.0,5.543179130005902,0.0,7.0,6.0,3.0,21.0
3212.0,add,6.632544042133185,2485.0,77.0,5.839731993326315,5.0,7.0,5.0,4.0,14.0
3213.0,add,3.7235647681193265,2486.0,254.0,5.719345173465437,0.0,9.0,7.0,4.0,20.0
3214.0,delete,5.242168131955878,2487.0,279.0,5.568945695771067,0.0,5.0,5.0,5.0,22.0
3215.0,delete,6.305609938134066,2488.0,284.0,5.7540704955071265,0.0,4.0,4.0,5.0,21.0
3216.0,delete,5.626813777278711,2489.0,286.0,5.680409209595756,0.0,4.0,4.0,3.0,21.0
3217.0,add,6.066187348237261,2490.0,171.0,5.482315662470174,0.0,5.0,7.0,5.0,20.0
3218.0,add,6.386188715381854,2491.0,18.0,5.958618370227432,10.0,2.0,4.0,1.0,11.0
3219.0,add,5.7032975894318945,2492.0,270.0,5.719443310965242,0.0,5.0,4.0,5.0,20.0
3220.0,delete,4.700433985611572,2493.0,234.0,5.537116222426261,0.0,6.0,6.0,3.0,21.0
3221.0,delete,7.038010549213189,2494.0,129.0,5.441535665400146,0.0,3.0,2.0,4.0,16.0
3222.0,add,5.997749644011905,2495.0,288.0,5.976517685486925,0.0,4.0,4.0,4.0,21.0
3223.0,delete,5.93929710714361,2495.0,288.0,5.976517685486925,0.0,4.0,4.0,4.0,20.0
3224.0,swap,6.054252289776823,2495.0,288.0,5.976517685486925,0.0,4.0,4.0,3.0,22.0
3225.0,add,5.070527359099425,2496.0,206.0,5.479225017210787,0.0,7.0,9.0,5.0,23.0
3226.0,delete,4.384477077638636,2497.0,255.0,5.761103250856252,0.0,9.0,7.0,4.0,19.0
3227.0,add,6.620942225287117,2498.0,78.0,5.833364481957306,5.0,7.0,6.0,4.0,14.0
3228.0,delete,5.419324824554243,2499.0,280.0,5.62220009120475,0.0,5.0,4.0,5.0,22.0
3229.0,delete,4.740210802996127,2500.0,285.0,5.78241470163814,0.0,4.0,4.0,5.0,20.0
3230.0,add,5.664112650235192,2501.0,287.0,5.991954181604815,0.0,4.0,4.0,4.0,21.0
3231.0,delete,5.938884014352489,2502.0,289.0,5.93929710714361,0.0,4.0,4.0,4.0,20.0
3232.0,add,5.9662922463480825,2502.0,289.0,5.93929710714361,0.0,4.0,4.0,4.0,21.0
3233.0,delete,5.958448080564587,2502.0,289.0,5.93929710714361,0.0,4.0,4.0,4.0,19.0
3234.0,swap,5.779963254221751,2502.0,289.0,5.93929710714361,0.0,5.0,4.0,4.0,19.0
3235.0,add,6.019653095670905,2503.0,19.0,5.956124168458979,10.0,2.0,5.0,1.0,11.0
3236.0,delete,7.045364525852187,2504.0,130.0,5.431928925389746,0.0,3.0,2.0,3.0,16.0
3237.0,add,5.362880164636101,2505.0,172.0,5.483048546156705,0.0,5.0,6.0,5.0,22.0
3238.0,add,5.093588605684985,2506.0,207.0,5.4847437848830065,0.0,6.0,9.0,7.0,23.0
3239.0,delete,5.532751834943327,2507.0,235.0,5.538722965687094,0.0,7.0,5.0,3.0,20.0
3240.0,delete,5.851852198420393,2508.0,256.0,5.8005732721760905,0.0,8.0,7.0,4.0,19.0
3241.0,add,4.918221395159285,2509.0,271.0,5.690816675230583,0.0,5.0,4.0,5.0,21.0
3242.0,add,6.120815159543301,2510.0,79.0,5.828822269704186,5.0,7.0,6.0,4.0,15.0
3243.0,add,5.127918727914447,2511.0,281.0,5.639312257297521,0.0,5.0,4.0,5.0,23.0
3244.0,delete,4.992212670836887,2512.0,286.0,5.809132793707995,0.0,4.0,3.0,4.0,21.0
3245.0,delete,5.976517685486925,2513.0,288.0,5.916576940526104,0.0,4.0,4.0,4.0,20.0
3246.0,delete,5.786543447510235,2514.0,173.0,5.481202174310333,0.0,5.0,6.0,5.0,21.0
3247.0,add,5.920131117974861,2515.0,290.0,5.9662922463480825,0.0,4.0,4.0,4.0,21.0
3248.0,add,6.13959727049409,2515.0,290.0,5.9662922463480825,0.0,4.0,4.0,4.0,22.0
3249.0,delete,6.102305088538061,2515.0,290.0,5.9662922463480825,0.0,4.0,4.0,4.0,20.0
3250.0,swap,5.652714972686688,2515.0,290.0,5.9662922463480825,0.0,4.0,4.0,4.0,21.0
3251.0,add,5.814455673581656,2516.0,20.0,5.955544101093157,10.0,2.0,4.0,2.0,12.0
3252.0,delete,6.466899570258396,2517.0,131.0,5.423701043185746,0.0,3.0,2.0,3.0,15.0
3253.0,add,4.888928855565403,2518.0,208.0,5.492773767338381,0.0,6.0,10.0,7.0,23.0
3254.0,add,6.1005072343696165,2519.0,236.0,5.5418308622911265,0.0,7.0,6.0,3.0,20.0
3255.0,delete,4.241329699440177,2520.0,257.0,5.841472179343372,0.0,8.0,6.0,4.0,19.0
3256.0,delete,6.326195765146152,2521.0,80.0,5.825986558525359,5.0,7.0,6.0,4.0,14.0
3257.0,add,6.140268509567159,2522.0,272.0,5.66249967871184,0.0,5.0,4.0,5.0,22.0
3258.0,delete,5.39810066517885,2523.0,282.0,5.70749463010034,0.0,5.0,4.0,4.0,23.0
3259.0,add,5.760742372069429,2524.0,287.0,5.933341650522999,0.0,4.0,4.0,4.0,21.0
3260.0,add,5.572178561344481,2525.0,289.0,5.956208139208356,0.0,4.0,4.0,4.0,21.0
3261.0,add,5.81669678488062,2526.0,174.0,5.484459675028229,0.0,5.0,6.0,5.0,22.0
3262.0,delete,6.575710477549673,2527.0,132.0,5.417679253949597,0.0,3.0,2.0,3.0,14.0
3263.0,add,5.566272819304227,2528.0,21.0,5.955292563072568,10.0,3.0,4.0,1.0,13.0
3264.0,delete,4.428403709570578,2529.0,258.0,5.881530566716139,0.0,8.0,6.0,4.0,18.0
3265.0,add,5.58750487528497,2530.0,237.0,5.534586050107056,0.0,7.0,7.0,4.0,19.0
3266.0,delete,6.114752386866441,2531.0,288.0,5.904211763559602,0.0,4.0,3.0,4.0,21.0
3267.0,delete,5.054164812707582,2532.0,209.0,5.499863198626056,0.0,7.0,10.0,6.0,22.0
3268.0,add,6.75941143518827,2533.0,273.0,5.6358117872205415,0.0,5.0,4.0,5.0,23.0
3269.0,add,6.145071532030411,2534.0,291.0,6.13959727049409,0.0,4.0,4.0,4.0,22.0
3270.0,add,6.221248991390966,2534.0,291.0,6.13959727049409,0.0,4.0,4.0,4.0,23.0
3271.0,delete,6.1366440559617,2534.0,291.0,6.13959727049409,0.0,4.0,4.0,4.0,21.0
3272.0,swap,5.105051995398199,2534.0,291.0,6.13959727049409,0.0,4.0,5.0,4.0,21.0
3273.0,delete,5.338574183764217,2535.0,81.0,5.824800401739785,4.0,7.0,5.0,4.0,15.0
3274.0,delete,5.398100665178852,2536.0,283.0,5.753862294586962,0.0,5.0,4.0,5.0,21.0
3275.0,delete,5.9611356505635635,2537.0,259.0,5.9205754360359,0.0,8.0,6.0,4.0,17.0
3276.0,add,6.179310981423084,2538.0,175.0,5.4894430451052765,0.0,6.0,6.0,6.0,21.0
3277.0,add,5.9325990423742905,2539.0,133.0,5.410189919147158,0.0,4.0,2.0,3.0,14.0
3278.0,add,5.813088330285911,2540.0,22.0,5.954944139083901,10.0,2.0,4.0,1.0,15.0
3279.0,delete,5.945660376321829,2541.0,238.0,5.542003005025555,0.0,7.0,6.0,4.0,19.0
3280.0,add,5.767131617511492,2542.0,290.0,5.949522769055073,0.0,4.0,5.0,4.0,21.0
3281.0,delete,5.243567255931382,2543.0,210.0,5.510097471161249,0.0,7.0,8.0,6.0,23.0
3282.0,delete,6.16369194872089,2544.0,274.0,5.617203532626808,0.0,5.0,5.0,5.0,21.0
3283.0,add,5.978097696276331,2545.0,289.0,5.884397040879912,0.0,4.0,4.0,4.0,21.0
3284.0,delete,6.640642974686369,2546.0,82.0,5.82327730467494,3.0,7.0,5.0,4.0,15.0
3285.0,delete,5.698826478668909,2547.0,284.0,5.804075596449306,0.0,4.0,4.0,5.0,21.0
3286.0,add,6.291599884912296,2548.0,292.0,6.221248991390966,0.0,4.0,4.0,4.0,23.0
3287.0,add,5.7021779134964286,2548.0,292.0,6.221248991390966,0.0,4.0,4.0,4.0,24.0
3288.0,delete,6.221248991390965,2548.0,292.0,6.221248991390966,0.0,4.0,4.0,3.0,23.0
3289.0,swap,6.17457060755696,2548.0,292.0,6.221248991390966,0.0,4.0,4.0,5.0,22.0
3290.0,delete,5.80173273787911,2549.0,239.0,5.547885624320503,0.0,7.0,6.0,4.0,18.0
3291.0,add,6.503987638392996,2550.0,176.0,5.491995337169379,0.0,5.0,6.0,6.0,23.0
3292.0,add,6.958200719301864,2551.0,134.0,5.403705693098256,0.0,4.0,3.0,3.0,14.0
3293.0,add,5.8510690235251595,2552.0,23.0,5.956185247902766,10.0,2.0,4.0,2.0,15.0
3294.0,delete,5.9610360854393365,2553.0,260.0,5.918992867748451,0.0,8.0,5.0,4.0,17.0
3295.0,add,6.091165929172992,2554.0,291.0,6.122169277749523,0.0,4.0,4.0,4.0,23.0
3296.0,add,5.476759903135314,2555.0,211.0,5.517744882092643,0.0,7.0,10.0,6.0,22.0
3297.0,add,5.930990250237852,2556.0,275.0,5.618133601801568,0.0,5.0,5.0,5.0,22.0
3298.0,delete,6.900741297666851,2557.0,83.0,5.821132955400226,4.0,7.0,4.0,4.0,14.0
3299.0,delete,5.72396371978815,2558.0,285.0,5.827806756702838,0.0,4.0,4.0,5.0,20.0
3300.0,add,5.93929710714361,2559.0,290.0,5.999591708119681,0.0,4.0,4.0,4.0,22.0
3301.0,add,5.681249832397425,2560.0,293.0,5.7021779134964286,0.0,4.0,4.0,4.0,24.0
3302.0,add,5.833652679684879,2560.0,293.0,5.7021779134964286,0.0,4.0,5.0,4.0,24.0
3303.0,delete,5.590882192631897,2560.0,293.0,5.7021779134964286,0.0,4.0,4.0,4.0,23.0
3304.0,swap,5.8498216916894075,2560.0,293.0,5.7021779134964286,0.0,4.0,4.0,4.0,24.0
3305.0,delete,5.899275698406677,2561.0,177.0,5.488757301732516,0.0,5.0,6.0,5.0,23.0
3306.0,delete,6.138008082963855,2562.0,240.0,5.547092207716152,0.0,6.0,6.0,4.0,18.0
3307.0,add,6.97946468797568,2563.0,135.0,5.395907788173534,0.0,4.0,3.0,4.0,14.0
3308.0,add,5.928346542056565,2564.0,24.0,5.95673119619065,10.0,2.0,4.0,2.0,16.0
3309.0,delete,6.427377539517567,2565.0,261.0,5.906259966717969,0.0,7.0,5.0,3.0,18.0
3310.0,delete,5.194449513596405,2566.0,276.0,5.627140647756509,0.0,5.0,5.0,3.0,23.0
3311.0,add,5.468363334285458,2567.0,212.0,5.523159849556346,0.0,7.0,10.0,6.0,23.0
3312.0,delete,6.397192664783623,2568.0,84.0,5.817233046495828,4.0,7.0,5.0,3.0,13.0
3313.0,delete,5.6304749197906645,2569.0,286.0,5.853536511714253,0.0,4.0,4.0,3.0,21.0
3314.0,add,6.359451780624674,2570.0,292.0,5.731556861980008,0.0,4.0,4.0,4.0,24.0
3315.0,add,6.025884157648926,2571.0,291.0,6.0015518631771725,0.0,4.0,5.0,4.0,22.0
3316.0,add,5.72452167830163,2572.0,294.0,5.833652679684879,0.0,4.0,5.0,4.0,24.0
3317.0,add,5.840933798380818,2572.0,294.0,5.833652679684879,0.0,4.0,5.0,4.0,25.0
3318.0,delete,5.544510153655999,2572.0,294.0,5.833652679684879,0.0,4.0,5.0,4.0,23.0
3319.0,swap,5.613456838883806,2572.0,294.0,5.833652679684879,0.0,4.0,5.0,5.0,23.0
3320.0,delete,5.8347674774676,2573.0,178.0,5.487890661703537,0.0,4.0,6.0,5.0,23.0
3321.0,delete,5.286414038360666,2574.0,241.0,5.549298825237823,0.0,6.0,5.0,4.0,18.0
3322.0,add,6.7158855165715865,2575.0,136.0,5.387527321388074,0.0,4.0,3.0,3.0,16.0
3323.0,add,5.72640889815517,2576.0,25.0,5.956620999359428,10.0,2.0,4.0,2.0,17.0
3324.0,delete,6.735190448802007,2577.0,262.0,5.885766021793929,0.0,6.0,4.0,4.0,18.0
3325.0,add,5.372913124048066,2578.0,277.0,5.662229645012724,0.0,5.0,6.0,4.0,22.0
3326.0,delete,6.405364391668059,2579.0,85.0,5.814473441911358,3.0,7.0,4.0,4.0,13.0
3327.0,add,4.978162590873385,2580.0,213.0,5.528894821883728,0.0,7.0,9.0,6.0,25.0
3328.0,add,5.785988438853407,2581.0,287.0,5.906464809070364,0.0,4.0,4.0,4.0,21.0
3329.0,add,5.856445452326444,2582.0,293.0,5.711415029781426,0.0,4.0,4.0,4.0,25.0
3330.0,add,6.343012211643249,2583.0,292.0,5.781554910188491,0.0,4.0,5.0,4.0,23.0
3331.0,delete,6.598186593798657,2584.0,263.0,5.87362909154105,0.0,6.0,4.0,4.0,17.0
3332.0,delete,5.366157341824876,2585.0,242.0,5.561648660366502,0.0,7.0,5.0,4.0,16.0
3333.0,delete,5.789401585879885,2586.0,179.0,5.489585182167031,0.0,4.0,5.0,6.0,22.0
3334.0,add,5.851776875305297,2587.0,295.0,5.840933798380818,0.0,4.0,5.0,4.0,25.0
3335.0,add,5.88344685480194,2587.0,295.0,5.840933798380818,0.0,4.0,5.0,4.0,26.0
3336.0,delete,5.8885768723296525,2587.0,295.0,5.840933798380818,0.0,4.0,5.0,4.0,24.0
3337.0,swap,5.910563984084465,2587.0,295.0,5.840933798380818,0.0,4.0,5.0,5.0,24.0
3338.0,add,5.7262141585027555,2588.0,26.0,5.9574070150781875,10.0,2.0,4.0,2.0,18.0
3339.0,add,6.470263495202902,2589.0,137.0,5.382274938062248,0.0,4.0,3.0,3.0,17.0
3340.0,delete,6.214751022153626,2590.0,86.0,5.812359573066369,4.0,7.0,4.0,3.0,12.0
3341.0,add,5.45586451855559,2591.0,278.0,5.698851747436083,0.0,5.0,5.0,4.0,24.0
3342.0,add,5.351011605547257,2592.0,214.0,5.536050729979823,0.0,7.0,9.0,6.0,26.0
3343.0,delete,5.61167941317364,2593.0,288.0,5.915814379066375,0.0,4.0,4.0,4.0,20.0
3344.0,add,5.758053302320933,2594.0,294.0,5.875059676980434,0.0,4.0,6.0,4.0,24.0
3345.0,delete,6.52627717773858,2595.0,264.0,5.855906913470914,0.0,5.0,4.0,4.0,17.0
3346.0,delete,5.191138391711227,2596.0,243.0,5.57185454270815,0.0,7.0,4.0,4.0,16.0
3347.0,delete,5.839143637476726,2597.0,180.0,5.489979724956057,0.0,3.0,5.0,6.0,22.0
3348.0,add,5.89046477233656,2598.0,293.0,5.791448953643259,0.0,4.0,4.0,4.0,25.0
3349.0,add,5.936008315201263,2599.0,296.0,5.88344685480194,0.0,4.0,5.0,4.0,26.0
3350.0,add,5.883446854801941,2599.0,296.0,5.88344685480194,0.0,4.0,5.0,5.0,26.0
3351.0,delete,5.862299896843998,2599.0,296.0,5.88344685480194,0.0,4.0,5.0,4.0,25.0
3352.0,swap,5.883729635222255,2599.0,296.0,5.88344685480194,0.0,5.0,5.0,4.0,25.0
3353.0,add,5.588404289984935,2600.0,27.0,5.957991703831605,10.0,2.0,4.0,2.0,19.0
3354.0,delete,5.697315512204216,2601.0,87.0,5.810253558059131,3.0,7.0,4.0,4.0,11.0
3355.0,add,5.72217944292154,2602.0,138.0,5.376152551120279,0.0,4.0,3.0,3.0,18.0
3356.0,delete,5.5962920600929005,2603.0,215.0,5.540530038740715,0.0,7.0,8.0,6.0,26.0
3357.0,delete,5.242168131955878,2604.0,279.0,5.720521458299509,0.0,5.0,5.0,5.0,22.0
3358.0,add,5.864399308990087,2605.0,289.0,5.903467885268655,0.0,4.0,5.0,4.0,20.0
3359.0,add,5.458411432553602,2606.0,295.0,5.889786311374279,0.0,5.0,5.0,4.0,25.0
3360.0,add,6.259393546968805,2607.0,265.0,5.838489470608431,0.0,5.0,5.0,4.0,17.0
3361.0,add,5.366789034145497,2608.0,244.0,5.578795989526193,0.0,7.0,5.0,4.0,16.0
3362.0,add,5.229974688673538,2609.0,181.0,5.491214210785174,0.0,4.0,5.0,6.0,22.0
3363.0,add,5.8446951110335394,2610.0,294.0,5.832477074713287,0.0,4.0,5.0,4.0,25.0
3364.0,add,5.880642444957479,2611.0,297.0,5.883446854801941,0.0,4.0,5.0,5.0,26.0
3365.0,delete,5.88344685480194,2611.0,297.0,5.883446854801941,0.0,4.0,5.0,4.0,26.0
3366.0,swap,5.835831346486219,2611.0,297.0,5.883446854801941,0.0,4.0,5.0,6.0,25.0
3367.0,delete,5.697239968625076,2612.0,88.0,5.809755645787073,3.0,5.0,4.0,4.0,12.0
3368.0,add,5.592666405419992,2613.0,28.0,5.958164304379452,10.0,3.0,4.0,2.0,19.0
3369.0,add,6.015890024093725,2614.0,139.0,5.370853783793975,0.0,4.0,3.0,3.0,19.0
3370.0,delete,5.591948668261685,2615.0,216.0,5.543179766762447,0.0,7.0,9.0,5.0,25.0
3371.0,delete,5.761637059072813,2616.0,280.0,5.736817157643545,0.0,5.0,3.0,5.0,23.0
3372.0,add,5.838583127379873,2617.0,290.0,5.893590331215651,0.0,4.0,5.0,4.0,21.0
3373.0,add,5.86048572212834,2618.0,296.0,5.8708418752618945,0.0,4.0,6.0,4.0,26.0
3374.0,delete,5.883446854801941,2619.0,298.0,5.88344685480194,0.0,4.0,5.0,4.0,26.0
3375.0,add,5.74426225508012,2619.0,298.0,5.88344685480194,0.0,4.0,5.0,4.0,27.0
3376.0,delete,5.88344685480194,2619.0,298.0,5.88344685480194,0.0,4.0,5.0,4.0,25.0
3377.0,swap,6.303783292659735,2619.0,298.0,5.88344685480194,0.0,4.0,6.0,4.0,25.0
3378.0,add,5.904877563761171,2620.0,182.0,5.494362213471752,0.0,4.0,6.0,6.0,22.0
3379.0,add,5.069675335058189,2621.0,245.0,5.583239074821608,0.0,8.0,5.0,4.0,16.0
3380.0,add,6.645851910140583,2622.0,266.0,5.826410860570058,0.0,5.0,4.0,4.0,19.0
3381.0,delete,6.2298209194687475,2623.0,89.0,5.809375052312141,3.0,6.0,4.0,3.0,11.0
3382.0,delete,5.278381311944113,2624.0,217.0,5.550462505891092,0.0,7.0,8.0,4.0,26.0
3383.0,add,5.695354533377007,2625.0,29.0,5.959259436573512,10.0,3.0,4.0,3.0,19.0
3384.0,add,5.923938274370553,2626.0,140.0,5.367900754278653,0.0,4.0,4.0,4.0,18.0
3385.0,add,5.564438945235867,2627.0,281.0,5.7608462151812025,0.0,5.0,4.0,5.0,23.0
3386.0,add,5.867726987731706,2628.0,295.0,5.870192043938765,0.0,4.0,5.0,4.0,26.0
3387.0,add,6.139597270494093,2629.0,291.0,5.9015482386173,0.0,4.0,4.0,5.0,22.0
3388.0,delete,5.883446854801941,2630.0,297.0,5.939677222429134,0.0,4.0,5.0,5.0,25.0
3389.0,add,5.744262255080117,2631.0,299.0,5.74426225508012,0.0,4.0,5.0,4.0,27.0
3390.0,delete,5.744262255080121,2631.0,299.0,5.74426225508012,0.0,4.0,5.0,3.0,27.0
3391.0,swap,5.741511642876251,2631.0,299.0,5.74426225508012,0.0,4.0,5.0,4.0,27.0
3392.0,add,5.8367431644547,2632.0,183.0,5.494265709039249,0.0,5.0,6.0,6.0,22.0
3393.0,add,5.6580724004813705,2633.0,246.0,5.591337161551372,0.0,8.0,5.0,4.0,17.0
3394.0,add,6.342765953011307,2634.0,267.0,5.814091839283825,0.0,5.0,4.0,4.0,20.0
3395.0,delete,6.159291376026809,2635.0,90.0,5.807174913361687,3.0,5.0,4.0,4.0,10.0
3396.0,delete,6.191288961431238,2636.0,218.0,5.5539966058047625,0.0,7.0,9.0,4.0,24.0
3397.0,delete,4.9229962295101535,2637.0,141.0,5.369045676474033,0.0,3.0,4.0,3.0,19.0
3398.0,add,6.103912419759919,2638.0,30.0,5.959912046155263,10.0,3.0,5.0,2.0,20.0
3399.0,delete,5.398100665178852,2639.0,282.0,5.795905204412012,0.0,5.0,4.0,4.0,23.0
3400.0,add,5.6970272706571325,2640.0,296.0,5.867098114489083,0.0,4.0,6.0,4.0,26.0
3401.0,add,5.915703774650678,2641.0,298.0,5.743574602029152,0.0,4.0,6.0,4.0,26.0
3402.0,add,6.124935212852445,2642.0,292.0,5.842586584542251,0.0,4.0,4.0,4.0,24.0
3403.0,delete,5.718823538258042,2643.0,300.0,5.744262255080121,0.0,4.0,5.0,3.0,27.0
3404.0,delete,5.424950452841211,2643.0,300.0,5.744262255080121,0.0,4.0,4.0,3.0,27.0
3405.0,swap,5.744262126739258,2643.0,300.0,5.744262255080121,0.0,4.0,5.0,2.0,28.0
3406.0,delete,5.545124624028492,2644.0,184.0,5.493938436334569,0.0,5.0,5.0,6.0,22.0
3407.0,add,4.774359317843074,2645.0,247.0,5.607295489800619,0.0,9.0,5.0,4.0,17.0
3408.0,add,6.244530073108871,2646.0,268.0,5.795581882425347,0.0,5.0,4.0,4.0,21.0
3409.0,delete,6.275184042304587,2647.0,91.0,5.803739275696298,3.0,5.0,4.0,4.0,9.0
3410.0,delete,5.775346882955783,2648.0,219.0,5.5571085180161415,0.0,7.0,8.0,4.0,24.0
3411.0,delete,5.7905925291110005,2649.0,142.0,5.3716866150382625,0.0,3.0,4.0,3.0,18.0
3412.0,delete,6.1135390484703995,2650.0,31.0,5.960299980840918,9.0,3.0,4.0,2.0,21.0
3413.0,delete,6.0557559293829994,2651.0,283.0,5.810947782690414,0.0,5.0,4.0,5.0,21.0
3414.0,delete,5.800439501152458,2652.0,297.0,5.816585308651792,0.0,4.0,5.0,5.0,25.0
3415.0,delete,5.7844696016933534,2653.0,299.0,5.658074593229658,0.0,4.0,5.0,4.0,26.0
3416.0,delete,5.41851208343192,2654.0,301.0,5.424950452841211,0.0,4.0,4.0,3.0,27.0
3417.0,add,5.453007273735084,2654.0,301.0,5.424950452841211,0.0,4.0,4.0,3.0,28.0
3418.0,delete,5.773304499640389,2654.0,301.0,5.424950452841211,0.0,4.0,4.0,3.0,26.0
3419.0,swap,5.2405847217944626,2654.0,301.0,5.424950452841211,0.0,5.0,3.0,3.0,27.0
3420.0,delete,4.907511969367259,2655.0,185.0,5.493454117162423,0.0,5.0,6.0,6.0,20.0
3421.0,delete,6.287704303554941,2656.0,269.0,5.775934002307207,0.0,5.0,4.0,5.0,19.0
3422.0,add,4.629623959683157,2657.0,248.0,5.62589826086178,0.0,8.0,5.0,4.0,19.0
3423.0,delete,6.705906672120341,2658.0,92.0,5.797454361653548,3.0,6.0,3.0,3.0,9.0
3424.0,delete,4.627768746491592,2659.0,284.0,5.820984249272294,0.0,4.0,4.0,5.0,21.0
3425.0,delete,4.131221678531492,2660.0,143.0,5.375693942144734,0.0,3.0,4.0,2.0,18.0
3426.0,delete,6.4040978816747165,2661.0,32.0,5.959057812569249,9.0,3.0,4.0,2.0,20.0
3427.0,add,5.151951865723336,2662.0,220.0,5.558020739827631,0.0,8.0,8.0,4.0,24.0
3428.0,add,5.680339728324032,2663.0,293.0,5.778396070808354,0.0,4.0,4.0,4.0,25.0
3429.0,add,6.036414016858887,2664.0,298.0,5.649839729300077,0.0,4.0,5.0,4.0,27.0
3430.0,delete,5.744262255080118,2665.0,300.0,5.462071806288613,0.0,4.0,5.0,2.0,27.0
3431.0,add,5.50540771840149,2666.0,302.0,5.453007273735084,0.0,4.0,4.0,3.0,28.0
3432.0,delete,4.886359248261325,2666.0,302.0,5.453007273735084,0.0,4.0,3.0,3.0,28.0
3433.0,swap,5.73776956692873,2666.0,302.0,5.453007273735084,0.0,3.0,4.0,3.0,29.0
3434.0,delete,5.4051453392991355,2667.0,186.0,5.4966243031450155,0.0,5.0,6.0,6.0,19.0
3435.0,add,6.127304339709873,2668.0,270.0,5.745846944699661,0.0,6.0,4.0,5.0,19.0
3436.0,delete,5.478684128494477,2669.0,285.0,5.804675209846253,0.0,4.0,4.0,5.0,20.0
3437.0,delete,6.2875818267503885,2670.0,93.0,5.790260786236472,3.0,4.0,3.0,4.0,9.0
3438.0,add,4.397147980001844,2671.0,249.0,5.641902602362356,0.0,9.0,6.0,4.0,18.0
3439.0,delete,5.167766902274001,2672.0,221.0,5.561028965703147,0.0,7.0,8.0,4.0,24.0
3440.0,delete,5.690332883847333,2673.0,33.0,5.957821900413187,8.0,3.0,4.0,2.0,20.0
3441.0,add,3.2008351589156248,2674.0,144.0,5.384654986463803,0.0,3.0,5.0,3.0,17.0
3442.0,add,5.809387177262007,2675.0,294.0,5.75950722449493,0.0,5.0,5.0,4.0,24.0
3443.0,delete,5.766340986423197,2676.0,299.0,5.551998103221962,0.0,3.0,5.0,4.0,27.0
3444.0,add,5.419817990187026,2677.0,301.0,5.3956359518316575,0.0,4.0,4.0,3.0,28.0
3445.0,delete,4.893560074258119,2678.0,303.0,4.886359248261325,0.0,4.0,3.0,3.0,28.0
3446.0,add,4.88653596579551,2678.0,303.0,4.886359248261325,0.0,4.0,3.0,4.0,28.0
3447.0,delete,5.637465413717735,2678.0,303.0,4.886359248261325,0.0,4.0,3.0,3.0,27.0
3448.0,swap,4.631331544315594,2678.0,303.0,4.886359248261325,0.0,4.0,4.0,3.0,27.0
3449.0,add,5.501143672698082,2679.0,187.0,5.495323526475757,0.0,6.0,6.0,6.0,19.0
3450.0,add,6.221476583684773,2680.0,271.0,5.715537710856546,0.0,5.0,4.0,5.0,21.0
3451.0,delete,5.626813777278712,2681.0,286.0,5.781610716295017,0.0,4.0,4.0,4.0,20.0
3452.0,add,6.90568533565893,2682.0,94.0,5.780272138520316,2.0,5.0,3.0,4.0,10.0
3453.0,delete,6.004943624736048,2683.0,222.0,5.562250849205545,0.0,6.0,8.0,4.0,24.0
3454.0,delete,6.372934029204584,2684.0,34.0,5.955898882506563,7.0,3.0,4.0,2.0,20.0
3455.0,add,4.95449498794548,2685.0,250.0,5.656254729432543,0.0,8.0,6.0,4.0,20.0
3456.0,add,4.950729801309267,2686.0,145.0,5.392141658153365,0.0,3.0,4.0,4.0,18.0
3457.0,add,5.85846095375652,2687.0,295.0,5.66537190818377,0.0,4.0,5.0,4.0,26.0
3458.0,delete,5.073233685574001,2688.0,300.0,5.332347772027766,0.0,4.0,4.0,3.0,27.0
3459.0,delete,5.58558250882009,2689.0,302.0,4.987050449269656,0.0,4.0,4.0,3.0,27.0
3460.0,add,4.88555423783727,2690.0,304.0,4.88653596579551,0.0,4.0,3.0,4.0,28.0
3461.0,add,5.259186627471194,2690.0,304.0,4.88653596579551,0.0,4.0,4.0,4.0,28.0
3462.0,delete,4.88653596579551,2690.0,304.0,4.88653596579551,0.0,4.0,3.0,3.0,28.0
3463.0,swap,5.561356275631411,2690.0,304.0,4.88653596579551,0.0,4.0,3.0,5.0,27.0
3464.0,add,5.760149367751011,2691.0,188.0,5.496986895315671,0.0,5.0,7.0,6.0,20.0
3465.0,add,6.1269445376206635,2692.0,272.0,5.691863974728534,0.0,5.0,4.0,6.0,21.0
3466.0,delete,6.8462618486104665,2693.0,95.0,5.771738538466785,1.0,5.0,3.0,4.0,10.0
3467.0,delete,5.4099410066320495,2694.0,223.0,5.564914746447066,0.0,7.0,7.0,3.0,24.0
3468.0,delete,6.236812372146827,2695.0,35.0,5.952400451295455,7.0,3.0,3.0,2.0,20.0
3469.0,add,5.577013722238824,2696.0,287.0,5.766415381581304,0.0,4.0,4.0,4.0,21.0
3470.0,add,4.731911789426744,2697.0,251.0,5.668422970060113,0.0,8.0,7.0,4.0,20.0
3471.0,add,4.600622698049697,2698.0,146.0,5.399774163609592,0.0,3.0,5.0,4.0,18.0
3472.0,add,6.0101880915171595,2699.0,296.0,5.576587180836812,0.0,5.0,5.0,4.0,26.0
3473.0,add,5.424950452841213,2700.0,301.0,5.230676457939721,0.0,4.0,4.0,4.0,27.0
3474.0,add,4.741035165150615,2701.0,303.0,5.095833814506179,0.0,5.0,3.0,3.0,28.0
3475.0,delete,6.142468789891623,2702.0,302.0,5.077682093368579,0.0,4.0,4.0,3.0,27.0
3476.0,delete,5.810961077422297,2703.0,297.0,5.533105004696452,0.0,4.0,5.0,5.0,25.0
3477.0,delete,5.9844708199797845,2704.0,288.0,5.753245341169253,0.0,3.0,4.0,4.0,21.0
3478.0,delete,5.084730956719636,2705.0,189.0,5.502641801946893,0.0,5.0,7.0,5.0,20.0
3479.0,add,5.268769387265658,2706.0,305.0,5.259186627471194,0.0,4.0,4.0,4.0,28.0
3480.0,add,5.264299019961306,2706.0,305.0,5.259186627471194,0.0,4.0,4.0,5.0,28.0
3481.0,delete,5.198848790436651,2706.0,305.0,5.259186627471194,0.0,4.0,4.0,4.0,27.0
3482.0,swap,6.078842813493269,2706.0,305.0,5.259186627471194,0.0,4.0,4.0,4.0,28.0
3483.0,delete,6.2230914482115365,2707.0,36.0,5.948286775805945,6.0,3.0,3.0,1.0,21.0
3484.0,add,6.548055330102102,2708.0,96.0,5.761929797343523,2.0,5.0,3.0,4.0,10.0
3485.0,add,4.789857561849319,2709.0,224.0,5.5723844894785435,0.0,7.0,9.0,3.0,23.0
3486.0,add,3.750199244222251,2710.0,147.0,5.4103108855996735,0.0,3.0,5.0,5.0,18.0
3487.0,delete,4.965481162554883,2711.0,252.0,5.683453190932748,0.0,8.0,6.0,4.0,20.0
3488.0,add,5.81647396981066,2712.0,273.0,5.672189088750371,0.0,5.0,4.0,5.0,23.0
3489.0,add,4.975602063816171,2713.0,304.0,5.413989327725615,0.0,4.0,3.0,4.0,29.0
3490.0,add,4.901388597828606,2714.0,303.0,5.182415119332233,0.0,4.0,3.0,3.0,29.0
3491.0,add,5.882014089471413,2715.0,298.0,5.431816298537008,0.0,4.0,6.0,4.0,26.0
3492.0,delete,4.3924095017393,2716.0,190.0,5.504293488739134,0.0,4.0,7.0,6.0,19.0
3493.0,add,5.970752432365843,2717.0,289.0,5.71648281980125,0.0,5.0,4.0,4.0,20.0
3494.0,delete,5.4630356758589596,2718.0,274.0,5.6502994728088405,0.0,5.0,5.0,5.0,21.0
3495.0,delete,5.464502313321204,2719.0,225.0,5.574989492110776,0.0,8.0,8.0,3.0,22.0
3496.0,delete,6.223091448211546,2720.0,37.0,5.943933714310447,6.0,2.0,3.0,2.0,20.0
3497.0,add,6.191696852908884,2721.0,97.0,5.752357831579285,2.0,6.0,4.0,4.0,9.0
3498.0,add,5.302188333588944,2722.0,306.0,5.264299019961306,0.0,4.0,4.0,5.0,28.0
3499.0,add,5.264299019961305,2722.0,306.0,5.264299019961306,0.0,4.0,4.0,6.0,28.0
3500.0,delete,5.119659542116847,2722.0,306.0,5.264299019961306,0.0,4.0,4.0,5.0,27.0
3501.0,swap,5.898876165665834,2722.0,306.0,5.264299019961306,0.0,5.0,4.0,5.0,27.0
3502.0,add,3.750273659614162,2723.0,148.0,5.423849256475899,0.0,3.0,5.0,4.0,20.0
3503.0,add,4.860392324093869,2724.0,253.0,5.692810894927342,0.0,9.0,6.0,4.0,20.0
3504.0,add,5.343655928908002,2725.0,305.0,5.369864416258848,0.0,4.0,4.0,4.0,29.0
3505.0,delete,5.541606808899646,2726.0,299.0,5.374034889452261,0.0,4.0,5.0,4.0,26.0
3506.0,add,4.724611184140453,2727.0,304.0,5.361293426607744,0.0,4.0,3.0,4.0,29.0
3507.0,add,5.2485738482898325,2728.0,191.0,5.507004071275633,0.0,5.0,8.0,6.0,18.0
3508.0,add,6.094561403640193,2729.0,290.0,5.678627702067153,0.0,4.0,4.0,4.0,22.0
3509.0,delete,5.47495361198026,2730.0,226.0,5.575005936562893,0.0,8.0,8.0,3.0,21.0
3510.0,delete,5.944937877170734,2731.0,38.0,5.939271184794585,5.0,3.0,3.0,2.0,19.0
3511.0,add,6.017314211187828,2732.0,275.0,5.627229126979636,0.0,5.0,5.0,4.0,23.0
3512.0,add,6.796660513663127,2733.0,98.0,5.742307866225701,2.0,5.0,4.0,4.0,11.0
3513.0,add,5.262716492948243,2734.0,307.0,5.264299019961305,0.0,4.0,4.0,6.0,28.0
3514.0,add,5.286693519649762,2734.0,307.0,5.264299019961305,0.0,4.0,5.0,6.0,28.0
3515.0,delete,6.172842371459507,2734.0,307.0,5.264299019961305,0.0,4.0,4.0,6.0,27.0
3516.0,swap,5.126499087491164,2734.0,307.0,5.264299019961305,0.0,4.0,4.0,6.0,28.0
3517.0,delete,3.027956753826139,2735.0,149.0,5.4424696491459885,0.0,3.0,5.0,4.0,19.0
3518.0,add,4.568119115579376,2736.0,254.0,5.709097137125385,0.0,9.0,7.0,4.0,20.0
3519.0,delete,5.725294028742758,2737.0,300.0,5.3180144829777785,0.0,4.0,5.0,3.0,26.0
3520.0,add,5.264701553069469,2738.0,306.0,5.4226100983019965,0.0,4.0,4.0,6.0,28.0
3521.0,add,5.162481932615569,2739.0,305.0,5.391493730438217,0.0,5.0,4.0,4.0,28.0
3522.0,add,5.330541545265465,2740.0,192.0,5.507124271450224,0.0,5.0,9.0,6.0,18.0
3523.0,delete,4.774699640676455,2741.0,227.0,5.574298739122859,0.0,8.0,6.0,3.0,22.0
3524.0,delete,6.357087523453979,2742.0,39.0,5.934239299955933,6.0,3.0,2.0,2.0,18.0
3525.0,delete,5.193489463806735,2743.0,276.0,5.6196127260441555,0.0,5.0,5.0,4.0,22.0
3526.0,add,5.9662922463480825,2744.0,291.0,5.648528214616735,0.0,4.0,4.0,4.0,23.0
3527.0,add,6.993585585904201,2745.0,99.0,5.731810461555621,2.0,5.0,4.0,6.0,10.0
3528.0,delete,4.389035073638997,2746.0,255.0,5.731658312968951,0.0,9.0,7.0,4.0,19.0
3529.0,delete,5.470672044739571,2747.0,150.0,5.451519598148477,0.0,2.0,5.0,4.0,19.0
3530.0,add,5.286693519649762,2748.0,308.0,5.286693519649762,0.0,4.0,5.0,6.0,28.0
3531.0,add,5.224719703522715,2748.0,308.0,5.286693519649762,0.0,4.0,5.0,6.0,29.0
3532.0,delete,5.322595777471769,2748.0,308.0,5.286693519649762,0.0,4.0,5.0,5.0,28.0
3533.0,swap,5.340062125157059,2748.0,308.0,5.286693519649762,0.0,5.0,5.0,6.0,27.0
3534.0,add,5.323232447589139,2749.0,301.0,5.290486455109169,0.0,4.0,4.0,3.0,28.0
3535.0,add,5.246459111072822,2750.0,307.0,5.2921529290902125,0.0,4.0,5.0,6.0,28.0
3536.0,delete,5.970641899351298,2751.0,228.0,5.572630810153936,0.0,8.0,6.0,3.0,21.0
3537.0,add,5.515708509659845,2752.0,193.0,5.503485848345868,0.0,6.0,8.0,6.0,19.0
3538.0,add,5.26433390304476,2753.0,306.0,5.345298389223053,0.0,5.0,4.0,5.0,28.0
3539.0,add,6.356078241561188,2754.0,40.0,5.930506770968663,6.0,3.0,1.0,2.0,20.0
3540.0,add,5.003714658295707,2755.0,277.0,5.622508911619423,0.0,6.0,5.0,4.0,22.0
3541.0,delete,7.230332442486626,2756.0,100.0,5.722164940331112,2.0,5.0,4.0,5.0,10.0
3542.0,delete,4.586055465082744,2757.0,256.0,5.748670076073221,0.0,8.0,7.0,4.0,19.0
3543.0,delete,3.9787356624983468,2758.0,151.0,5.459730154458519,0.0,3.0,4.0,4.0,18.0
3544.0,add,6.224935226385687,2759.0,292.0,5.588163320057329,0.0,5.0,4.0,4.0,23.0
3545.0,add,5.224765877379076,2760.0,309.0,5.224719703522715,0.0,4.0,5.0,6.0,29.0
3546.0,add,5.288723023673435,2760.0,309.0,5.224719703522715,0.0,4.0,5.0,6.0,30.0
3547.0,delete,5.224719703522715,2760.0,309.0,5.224719703522715,0.0,4.0,5.0,6.0,28.0
3548.0,swap,5.33798508744776,2760.0,309.0,5.224719703522715,0.0,5.0,5.0,5.0,29.0
3549.0,delete,5.1422200427849045,2761.0,302.0,5.259375136332616,0.0,4.0,4.0,3.0,27.0
3550.0,add,5.185802972302271,2762.0,308.0,5.26018267910914,0.0,4.0,5.0,6.0,29.0
3551.0,add,5.845553329151509,2763.0,229.0,5.5666095313475195,0.0,7.0,6.0,3.0,23.0
3552.0,add,4.985760861337861,2764.0,194.0,5.500627886914481,0.0,5.0,9.0,6.0,20.0
3553.0,delete,6.659141085971565,2765.0,41.0,5.9262559110342865,5.0,3.0,1.0,2.0,20.0
3554.0,add,5.284080907599738,2766.0,307.0,5.269929129168104,0.0,4.0,4.0,6.0,29.0
3555.0,delete,7.324323590661005,2767.0,101.0,5.7109224004396815,2.0,4.0,4.0,5.0,10.0
3556.0,delete,4.272080339356034,2768.0,257.0,5.766246152004668,0.0,8.0,6.0,4.0,19.0
3557.0,add,5.404225391873076,2769.0,278.0,5.621368554025431,0.0,5.0,5.0,5.0,23.0
3558.0,add,5.178928220881786,2770.0,152.0,5.468680318096975,0.0,3.0,4.0,4.0,19.0
3559.0,add,5.398555721842278,2771.0,293.0,5.539504170835511,0.0,4.0,4.0,4.0,25.0
3560.0,add,5.2889865668156455,2772.0,310.0,5.288723023673435,0.0,4.0,5.0,6.0,30.0
3561.0,add,5.315464305579813,2772.0,310.0,5.288723023673435,0.0,5.0,5.0,6.0,30.0
3562.0,delete,5.150085831362147,2772.0,310.0,5.288723023673435,0.0,4.0,5.0,6.0,29.0
3563.0,swap,5.4720426757569065,2772.0,310.0,5.288723023673435,0.0,4.0,5.0,6.0,30.0
3564.0,add,5.409721328675853,2773.0,303.0,5.257367528336416,0.0,4.0,3.0,3.0,29.0
3565.0,add,5.268118958117244,2774.0,309.0,5.30306048063759,0.0,4.0,5.0,6.0,30.0
3566.0,add,5.5817069791077785,2775.0,230.0,5.5621916982302775,0.0,7.0,6.0,3.0,24.0
3567.0,delete,6.356154263480236,2776.0,42.0,5.921988337330196,6.0,3.0,1.0,2.0,18.0
3568.0,add,5.789940899503616,2777.0,195.0,5.502037463605061,0.0,5.0,8.0,6.0,22.0
3569.0,delete,7.324323590661006,2778.0,102.0,5.699632752052251,2.0,4.0,4.0,4.0,10.0
3570.0,delete,3.371456678930029,2779.0,258.0,5.783148593053433,0.0,8.0,6.0,4.0,18.0
3571.0,delete,5.407185850406444,2780.0,279.0,5.616472575736005,0.0,5.0,5.0,5.0,22.0
3572.0,add,5.321314743335501,2781.0,308.0,5.271037700498156,0.0,4.0,5.0,6.0,29.0
3573.0,add,5.275975424813677,2782.0,153.0,5.476446734070316,0.0,3.0,5.0,4.0,19.0
3574.0,add,5.8197969241137795,2783.0,294.0,5.51089969148384,0.0,4.0,5.0,4.0,25.0
3575.0,add,5.315443593210929,2784.0,311.0,5.315464305579813,0.0,5.0,5.0,6.0,30.0
3576.0,add,5.277343034341057,2784.0,311.0,5.315464305579813,0.0,5.0,5.0,6.0,31.0
3577.0,delete,5.361697192242235,2784.0,311.0,5.315464305579813,0.0,5.0,5.0,6.0,29.0
3578.0,swap,5.285865894058148,2784.0,311.0,5.315464305579813,0.0,5.0,4.0,7.0,30.0
3579.0,add,5.812295631453433,2785.0,304.0,5.306551958518069,0.0,5.0,3.0,4.0,28.0
3580.0,delete,6.2041862363633875,2786.0,231.0,5.5581360536392825,0.0,8.0,5.0,3.0,23.0
3581.0,delete,5.990024690371477,2787.0,259.0,5.797519738412221,0.0,7.0,6.0,4.0,18.0
3582.0,add,6.494640861566596,2788.0,43.0,5.918006950939869,6.0,3.0,1.0,2.0,19.0
3583.0,delete,7.487670492484634,2789.0,103.0,5.68883350137478,1.0,4.0,4.0,3.0,11.0
3584.0,add,5.653568764559384,2790.0,196.0,5.502759378248989,0.0,5.0,8.0,7.0,22.0
3585.0,delete,4.815118544368564,2791.0,280.0,5.61583061038279,0.0,5.0,3.0,5.0,23.0
3586.0,add,5.287070295460507,2792.0,310.0,5.311162803886437,0.0,4.0,5.0,7.0,30.0
3587.0,add,5.270996952226893,2793.0,309.0,5.300985579147097,0.0,4.0,6.0,6.0,29.0
3588.0,add,3.7268008670095245,2794.0,154.0,5.483736328676691,0.0,3.0,6.0,4.0,19.0
3589.0,add,6.362692277097679,2795.0,295.0,5.478612686310079,0.0,4.0,6.0,4.0,25.0
3590.0,add,5.277343034341059,2796.0,312.0,5.277343034341057,0.0,5.0,5.0,6.0,31.0
3591.0,delete,5.257859714333161,2796.0,312.0,5.277343034341057,0.0,5.0,5.0,6.0,30.0
3592.0,swap,5.589359834008636,2796.0,312.0,5.277343034341057,0.0,5.0,6.0,6.0,30.0
3593.0,add,5.333077220677293,2797.0,305.0,5.31894480267871,0.0,4.0,4.0,4.0,29.0
3594.0,delete,5.625477309395346,2798.0,232.0,5.55590303162682,0.0,7.0,6.0,3.0,22.0
3595.0,delete,5.995429071140339,2799.0,260.0,5.784327271077999,0.0,7.0,5.0,4.0,18.0
3596.0,delete,5.55033187769121,2800.0,197.0,5.50012582038185,0.0,5.0,7.0,6.0,23.0
3597.0,add,6.37225286351098,2801.0,44.0,5.914375809260273,6.0,4.0,1.0,2.0,19.0
3598.0,add,7.3243235906610105,2802.0,104.0,5.677180456975927,2.0,4.0,4.0,3.0,11.0
3599.0,add,5.320681754787546,2803.0,311.0,5.3504764042559785,0.0,5.0,5.0,6.0,31.0
3600.0,add,5.631197503989268,2804.0,281.0,5.611800622664126,0.0,5.0,4.0,5.0,23.0
3601.0,delete,5.259522950608348,2805.0,313.0,5.257859714333161,0.0,5.0,5.0,6.0,30.0
3602.0,delete,5.224664169601406,2805.0,313.0,5.257859714333161,0.0,5.0,4.0,6.0,30.0
3603.0,swap,6.029653326963898,2805.0,313.0,5.257859714333161,0.0,4.0,5.0,6.0,31.0
3604.0,delete,3.7132952236008414,2806.0,155.0,5.494087534605325,0.0,3.0,4.0,4.0,20.0
3605.0,add,5.787249356732119,2807.0,296.0,5.450102640124642,0.0,4.0,5.0,4.0,27.0
3606.0,add,5.250419799553459,2808.0,310.0,5.369382238425903,0.0,4.0,5.0,6.0,31.0
3607.0,delete,5.337562354192807,2809.0,312.0,5.4429250403767035,0.0,5.0,5.0,5.0,31.0
3608.0,delete,5.484428046680768,2810.0,233.0,5.555305006745999,0.0,7.0,6.0,3.0,21.0
3609.0,delete,5.889598715339509,2811.0,261.0,5.770097189585398,0.0,7.0,5.0,4.0,17.0
3610.0,delete,5.715223319741888,2812.0,198.0,5.49814699789789,0.0,4.0,8.0,5.0,23.0
3611.0,delete,6.3724702304278935,2813.0,45.0,5.910745834168865,6.0,4.0,1.0,2.0,18.0
3612.0,add,5.32052610841822,2814.0,306.0,5.327440788136428,0.0,4.0,5.0,5.0,28.0
3613.0,add,7.494225649736312,2815.0,105.0,5.66585614959562,2.0,4.0,5.0,3.0,11.0
3614.0,delete,5.399739369128566,2816.0,282.0,5.616942532740354,0.0,5.0,4.0,5.0,22.0
3615.0,delete,5.276816484691514,2817.0,314.0,5.224664169601406,0.0,5.0,4.0,6.0,30.0
3616.0,delete,5.256166512116265,2817.0,314.0,5.224664169601406,0.0,5.0,4.0,6.0,29.0
3617.0,swap,5.48795028813082,2817.0,314.0,5.224664169601406,0.0,5.0,4.0,6.0,30.0
3618.0,add,4.3003620062762495,2818.0,156.0,5.505490531499105,0.0,4.0,5.0,4.0,19.0
3619.0,delete,5.810961077422297,2819.0,297.0,5.418663997566922,0.0,4.0,5.0,5.0,25.0
3620.0,add,5.558799553403556,2820.0,311.0,5.382910288176376,0.0,5.0,5.0,6.0,31.0
3621.0,delete,4.428162127545292,2821.0,313.0,5.311399363635001,0.0,5.0,5.0,6.0,29.0
3622.0,delete,5.677084718521251,2822.0,234.0,5.551214952733835,0.0,7.0,5.0,3.0,21.0
3623.0,delete,6.426899250437265,2823.0,262.0,5.748817635027272,0.0,6.0,5.0,4.0,17.0
3624.0,delete,5.300276112766594,2824.0,315.0,5.256166512116265,0.0,5.0,4.0,6.0,29.0
3625.0,delete,5.320321046526567,2824.0,315.0,5.256166512116265,0.0,5.0,4.0,6.0,28.0
3626.0,swap,5.230246730861896,2824.0,315.0,5.256166512116265,0.0,4.0,4.0,7.0,29.0
3627.0,delete,6.35611918997444,2825.0,46.0,5.906997716466639,6.0,2.0,1.0,2.0,19.0
3628.0,add,7.3243235906610105,2826.0,106.0,5.655034704984652,2.0,4.0,4.0,4.0,12.0
3629.0,add,5.43957362452748,2827.0,199.0,5.494225455362567,0.0,6.0,8.0,5.0,22.0
3630.0,delete,5.399739369128566,2828.0,283.0,5.607434916125557,0.0,5.0,4.0,5.0,21.0
3631.0,add,5.327028466757323,2829.0,307.0,5.299354565009484,0.0,4.0,4.0,6.0,29.0
3632.0,add,4.727579754789315,2830.0,157.0,5.516271387455952,0.0,3.0,5.0,4.0,21.0
3633.0,add,5.787249356732119,2831.0,298.0,5.37096327938051,0.0,4.0,5.0,4.0,27.0
3634.0,delete,6.207282380624678,2832.0,312.0,5.2841001515282136,0.0,5.0,5.0,6.0,30.0
3635.0,delete,5.205416263906126,2833.0,314.0,5.27675260056783,0.0,5.0,3.0,6.0,30.0
3636.0,delete,5.403581989636755,2834.0,235.0,5.552597954254161,0.0,7.0,6.0,3.0,19.0
3637.0,delete,6.371626186598709,2835.0,263.0,5.732098573734991,0.0,6.0,4.0,4.0,17.0
3638.0,delete,5.320321046526569,2836.0,316.0,5.320321046526567,0.0,5.0,4.0,6.0,28.0
3639.0,delete,5.339837808962388,2836.0,316.0,5.320321046526567,0.0,5.0,4.0,6.0,27.0
3640.0,swap,5.322342928761638,2836.0,316.0,5.320321046526567,0.0,5.0,4.0,6.0,28.0
3641.0,delete,6.3591454941231085,2837.0,47.0,5.903961189233508,4.0,3.0,1.0,2.0,19.0
3642.0,add,5.942002467603745,2838.0,200.0,5.492029797565962,0.0,5.0,8.0,5.0,24.0
3643.0,add,7.010709648002847,2839.0,107.0,5.644819159178885,2.0,4.0,4.0,3.0,14.0
3644.0,delete,5.737737122926565,2840.0,284.0,5.60746789868478,0.0,3.0,4.0,5.0,22.0
3645.0,add,5.2823286627429695,2841.0,308.0,5.322553815839231,0.0,4.0,5.0,6.0,29.0
3646.0,delete,5.830247532142362,2842.0,299.0,5.3475648583756765,0.0,4.0,5.0,4.0,26.0
3647.0,add,5.136428919340971,2843.0,158.0,5.521582465102759,0.0,3.0,6.0,4.0,21.0
3648.0,delete,5.230998811737261,2844.0,313.0,5.226043460033089,0.0,4.0,5.0,6.0,30.0
3649.0,delete,5.287657116822457,2845.0,315.0,5.325705707694291,0.0,5.0,4.0,6.0,28.0
3650.0,delete,6.255350150251825,2846.0,264.0,5.713271033046043,0.0,5.0,4.0,4.0,17.0
3651.0,add,5.5455177745411515,2847.0,236.0,5.554112340038354,0.0,7.0,6.0,3.0,20.0
3652.0,delete,5.3397672385682045,2848.0,317.0,5.339837808962388,0.0,5.0,4.0,6.0,27.0
3653.0,delete,5.222029718830506,2848.0,317.0,5.339837808962388,0.0,5.0,4.0,6.0,26.0
3654.0,swap,5.680510437464759,2848.0,317.0,5.339837808962388,0.0,5.0,4.0,7.0,26.0
3655.0,delete,7.011446580674652,2849.0,48.0,5.900497397040639,4.0,3.0,1.0,2.0,18.0
3656.0,add,4.972786800410072,2850.0,201.0,5.489112986871425,0.0,5.0,9.0,5.0,24.0
3657.0,delete,7.187631507203053,2851.0,108.0,5.6369118034732635,2.0,4.0,3.0,3.0,14.0
3658.0,delete,6.2719817504828,2852.0,285.0,5.598170195983418,0.0,4.0,4.0,5.0,20.0
3659.0,add,5.334094276360238,2853.0,309.0,5.337020714602113,0.0,4.0,5.0,6.0,30.0
3660.0,delete,5.744262255080121,2854.0,300.0,5.325950076833419,0.0,4.0,5.0,3.0,26.0
3661.0,delete,5.287338545128104,2855.0,314.0,5.3187410801761645,0.0,5.0,4.0,5.0,30.0
3662.0,add,5.526487542440173,2856.0,159.0,5.521653795615527,0.0,3.0,5.0,4.0,23.0
3663.0,delete,5.320321046526567,2857.0,316.0,5.395536300956464,0.0,5.0,4.0,6.0,27.0
3664.0,delete,5.225568372563945,2858.0,318.0,5.222029718830506,0.0,5.0,4.0,6.0,26.0
3665.0,delete,5.3523419617658305,2858.0,318.0,5.222029718830506,0.0,5.0,4.0,6.0,25.0
3666.0,swap,6.235254045058069,2858.0,318.0,5.222029718830506,0.0,6.0,4.0,6.0,25.0
3667.0,add,5.5263281765112495,2859.0,237.0,5.551597329067286,0.0,7.0,7.0,4.0,19.0
3668.0,add,6.757090155980648,2860.0,49.0,5.895690714921692,5.0,3.0,1.0,2.0,18.0
3669.0,add,6.4358288712398135,2861.0,265.0,5.696340373004325,0.0,5.0,4.0,4.0,18.0
3670.0,delete,5.24783074144438,2862.0,202.0,5.490725673251731,0.0,5.0,9.0,4.0,24.0
3671.0,delete,7.010709648002846,2863.0,109.0,5.62925815201151,2.0,4.0,4.0,3.0,12.0
3672.0,delete,4.740210802996126,2864.0,286.0,5.595415981150539,0.0,4.0,4.0,4.0,20.0
3673.0,delete,5.33469608169289,2865.0,315.0,5.413856064031459,0.0,5.0,3.0,6.0,29.0
3674.0,add,5.3193650748116585,2866.0,310.0,5.363086510622193,0.0,4.0,5.0,6.0,31.0
3675.0,add,5.290346668225425,2867.0,301.0,5.3227612866416765,0.0,4.0,4.0,3.0,28.0
3676.0,delete,5.878249680111422,2868.0,160.0,5.520921656814569,0.0,3.0,5.0,4.0,22.0
3677.0,delete,5.29756039748383,2869.0,317.0,5.508798524554587,0.0,5.0,4.0,5.0,27.0
3678.0,delete,5.352609657092352,2870.0,319.0,5.3523419617658305,0.0,5.0,4.0,6.0,25.0
3679.0,delete,5.697532502185238,2870.0,319.0,5.3523419617658305,0.0,5.0,4.0,6.0,24.0
3680.0,swap,6.2801217954795705,2870.0,319.0,5.3523419617658305,0.0,6.0,4.0,6.0,24.0
3681.0,delete,6.400277504952376,2871.0,238.0,5.550433519867156,0.0,7.0,6.0,4.0,19.0
3682.0,delete,7.014001739711264,2872.0,50.0,5.8911005556573635,4.0,3.0,1.0,3.0,17.0
3683.0,add,6.1241484609518135,2873.0,266.0,5.678379811878178,0.0,5.0,4.0,4.0,19.0
3684.0,delete,5.63368998857605,2874.0,203.0,5.494562023252692,0.0,5.0,8.0,5.0,23.0
3685.0,add,5.706799973952475,2875.0,287.0,5.5947918167339985,0.0,4.0,4.0,4.0,21.0
3686.0,add,7.098199380449344,2876.0,110.0,5.621285352215063,2.0,4.0,4.0,3.0,13.0
3687.0,delete,5.287429851437671,2877.0,316.0,5.528621248498439,0.0,5.0,3.0,6.0,28.0
3688.0,delete,5.211954243323586,2878.0,318.0,5.670651479130748,0.0,4.0,4.0,6.0,26.0
3689.0,delete,5.3011342656128875,2879.0,302.0,5.325339943478141,0.0,4.0,4.0,3.0,27.0
3690.0,add,5.8971733364003365,2880.0,311.0,5.3967082379785305,0.0,5.0,5.0,6.0,31.0
3691.0,add,5.87468731755646,2881.0,161.0,5.519048069928509,0.0,3.0,6.0,5.0,21.0
3692.0,delete,5.740344888052716,2882.0,320.0,5.697532502185238,0.0,5.0,4.0,6.0,24.0
3693.0,delete,5.9778761925746755,2882.0,320.0,5.697532502185238,0.0,5.0,4.0,6.0,23.0
3694.0,swap,5.346067524155028,2882.0,320.0,5.697532502185238,0.0,5.0,4.0,6.0,24.0
3695.0,delete,5.859773380111511,2883.0,239.0,5.548855697077672,0.0,6.0,6.0,4.0,19.0
3696.0,delete,6.652182401522105,2884.0,51.0,5.887014684462552,5.0,3.0,1.0,3.0,15.0
3697.0,add,6.325530927839512,2885.0,267.0,5.66394913123581,0.0,5.0,4.0,4.0,20.0
3698.0,delete,5.948002634808452,2886.0,288.0,5.585236484170673,0.0,4.0,4.0,4.0,20.0
3699.0,add,5.131492775890755,2887.0,204.0,5.500754470470337,0.0,5.0,10.0,5.0,22.0
3700.0,delete,5.2742374329098345,2888.0,317.0,5.578271774880445,0.0,5.0,4.0,6.0,26.0
3701.0,add,6.5230473602309225,2889.0,111.0,5.613324023457177,2.0,4.0,4.0,4.0,13.0
3702.0,delete,5.548400541626481,2890.0,319.0,5.690455276741915,0.0,5.0,4.0,6.0,24.0
3703.0,delete,4.475961570660339,2891.0,312.0,5.418846683323066,0.0,5.0,5.0,6.0,30.0
3704.0,add,5.6169378056358585,2892.0,303.0,5.3384877264617705,0.0,4.0,3.0,3.0,29.0
3705.0,delete,5.72028022072431,2893.0,162.0,5.516714152676094,0.0,3.0,6.0,3.0,22.0
3706.0,delete,5.977876192574678,2894.0,321.0,5.9778761925746755,0.0,5.0,4.0,6.0,23.0
3707.0,add,5.977322743158192,2894.0,321.0,5.9778761925746755,0.0,5.0,4.0,7.0,23.0
3708.0,delete,5.977876192574676,2894.0,321.0,5.9778761925746755,0.0,5.0,4.0,5.0,23.0
3709.0,swap,5.697532502185238,2894.0,321.0,5.9778761925746755,0.0,5.0,4.0,6.0,23.0
3710.0,delete,6.652849808736145,2895.0,52.0,5.882937132999359,5.0,3.0,1.0,3.0,14.0
3711.0,delete,6.326418190218969,2896.0,240.0,5.545976046247682,0.0,7.0,6.0,4.0,17.0
3712.0,add,6.287935987101463,2897.0,268.0,5.649531436727128,0.0,5.0,4.0,4.0,21.0
3713.0,add,6.1335971514434116,2898.0,289.0,5.572409192168517,0.0,4.0,4.0,4.0,21.0
3714.0,add,5.287181065275096,2899.0,205.0,5.506488714799109,0.0,7.0,9.0,5.0,22.0
3715.0,delete,7.0107781826679085,2900.0,112.0,5.6072957794473925,2.0,3.0,4.0,4.0,13.0
3716.0,delete,5.908471549816879,2901.0,318.0,5.702912072057559,0.0,5.0,4.0,6.0,25.0
3717.0,delete,5.3395713671270935,2902.0,313.0,5.455954335979136,0.0,5.0,5.0,6.0,29.0
3718.0,delete,6.497581165260048,2903.0,320.0,5.9216967646134915,0.0,5.0,4.0,6.0,23.0
3719.0,add,4.962816549322876,2904.0,304.0,5.398331885049829,0.0,4.0,3.0,4.0,29.0
3720.0,add,5.925664272816517,2905.0,163.0,5.519856798607301,0.0,3.0,6.0,4.0,22.0
3721.0,add,5.970578840092189,2906.0,322.0,5.977322743158192,0.0,5.0,4.0,7.0,23.0
3722.0,add,6.007414813696468,2906.0,322.0,5.977322743158192,0.0,5.0,4.0,7.0,24.0
3723.0,delete,5.977322743158193,2906.0,322.0,5.977322743158192,0.0,5.0,4.0,6.0,23.0
3724.0,swap,5.283577539094212,2906.0,322.0,5.977322743158192,0.0,6.0,3.0,7.0,23.0
3725.0,delete,6.647801958808925,2907.0,53.0,5.87976802482521,5.0,3.0,1.0,2.0,14.0
3726.0,delete,5.784389923433339,2908.0,241.0,5.547101090679919,0.0,7.0,4.0,4.0,18.0
3727.0,delete,6.2432152183052585,2909.0,269.0,5.640487026506176,0.0,4.0,4.0,5.0,20.0
3728.0,add,5.891567127284454,2910.0,290.0,5.567388090508254,0.0,4.0,5.0,4.0,21.0
3729.0,delete,7.324434682110209,2911.0,113.0,5.600248261033067,2.0,4.0,4.0,4.0,11.0
3730.0,add,5.210997565759521,2912.0,206.0,5.514704703626383,0.0,6.0,9.0,5.0,24.0
3731.0,delete,5.256238928525522,2913.0,314.0,5.5607718544302855,0.0,5.0,4.0,6.0,29.0
3732.0,delete,5.352341961765832,2914.0,319.0,5.8340931700277165,0.0,5.0,4.0,5.0,25.0
3733.0,add,5.913347612524535,2915.0,321.0,5.843243335839851,0.0,5.0,5.0,6.0,23.0
3734.0,add,5.253055126871387,2916.0,305.0,5.422279590351597,0.0,4.0,4.0,5.0,28.0
3735.0,add,5.355348563251499,2917.0,164.0,5.520793410986331,0.0,5.0,6.0,4.0,21.0
3736.0,delete,6.286162537612961,2918.0,242.0,5.550644175146553,0.0,7.0,5.0,4.0,16.0
3737.0,delete,5.673217903525216,2919.0,320.0,5.932573321535736,0.0,4.0,4.0,6.0,24.0
3738.0,add,6.007575093963748,2920.0,323.0,6.007414813696468,0.0,5.0,4.0,7.0,24.0
3739.0,delete,6.005178447167756,2920.0,323.0,6.007414813696468,0.0,4.0,4.0,7.0,24.0
3740.0,swap,5.841040938605403,2920.0,323.0,6.007414813696468,0.0,5.0,4.0,7.0,24.0
3741.0,add,6.6526178034693455,2921.0,54.0,5.876035434583755,5.0,3.0,1.0,3.0,14.0
3742.0,add,6.157933999526125,2922.0,270.0,5.626459039770163,0.0,5.0,4.0,5.0,20.0
3743.0,add,6.1855904538423445,2923.0,291.0,5.558718592384487,0.0,4.0,4.0,4.0,23.0
3744.0,add,7.323260998874736,2924.0,114.0,5.590927332344889,2.0,4.0,3.0,4.0,13.0
3745.0,add,5.096644469052335,2925.0,207.0,5.522194287060672,0.0,6.0,9.0,7.0,23.0
3746.0,delete,4.593682955255617,2926.0,315.0,5.634584002888867,0.0,4.0,4.0,6.0,29.0
3747.0,add,5.977322743158193,2927.0,322.0,5.965302323358344,0.0,5.0,4.0,8.0,23.0
3748.0,delete,6.00520116284039,2928.0,324.0,6.005178447167756,0.0,4.0,4.0,7.0,24.0
3749.0,delete,5.832121680249811,2928.0,324.0,6.005178447167756,0.0,4.0,4.0,7.0,23.0
3750.0,swap,5.944495852483424,2928.0,324.0,6.005178447167756,0.0,4.0,4.0,6.0,25.0
3751.0,add,5.269854915125462,2929.0,165.0,5.524741209187722,0.0,5.0,6.0,4.0,22.0
3752.0,delete,5.818791386754933,2930.0,243.0,5.558050227195805,0.0,7.0,4.0,4.0,16.0
3753.0,add,5.318220868450366,2931.0,306.0,5.45700112355364,0.0,4.0,4.0,5.0,29.0
3754.0,add,6.768415766518729,2932.0,55.0,5.872159238854886,5.0,3.0,1.0,3.0,15.0
3755.0,delete,5.593642618721565,2933.0,316.0,5.706593931639906,0.0,5.0,4.0,6.0,27.0
3756.0,add,6.073080247451354,2934.0,271.0,5.6161285912006536,0.0,5.0,4.0,6.0,20.0
3757.0,add,6.221248991390964,2935.0,292.0,5.5385868091818145,0.0,4.0,4.0,5.0,23.0
3758.0,delete,7.323260998874737,2936.0,115.0,5.581992353732252,2.0,4.0,3.0,4.0,12.0
3759.0,add,6.155758120766404,2937.0,321.0,5.903269246937886,0.0,5.0,4.0,6.0,24.0
3760.0,add,5.035641106755838,2938.0,208.0,5.529512778311954,0.0,6.0,10.0,6.0,24.0
3761.0,delete,6.007414813696468,2939.0,323.0,5.946749285685345,0.0,5.0,4.0,7.0,23.0
3762.0,delete,5.8321160231150255,2940.0,325.0,5.832121680249811,0.0,4.0,4.0,7.0,23.0
3763.0,delete,5.6841197722725445,2940.0,325.0,5.832121680249811,0.0,4.0,3.0,7.0,23.0
3764.0,swap,5.6684436351226255,2940.0,325.0,5.832121680249811,0.0,4.0,5.0,7.0,22.0
3765.0,add,5.985885118997709,2941.0,166.0,5.521822653180952,0.0,6.0,6.0,5.0,21.0
3766.0,add,5.3832488144895425,2942.0,244.0,5.56316971599685,0.0,7.0,5.0,4.0,16.0
3767.0,add,5.263094773209096,2943.0,307.0,5.483433915503696,0.0,4.0,4.0,7.0,28.0
3768.0,delete,5.073726750842797,2944.0,317.0,5.767619213229995,0.0,4.0,4.0,6.0,27.0
3769.0,add,6.819281579820899,2945.0,56.0,5.868560578951427,5.0,3.0,2.0,4.0,14.0
3770.0,add,5.960407935053819,2946.0,322.0,5.901037081364322,0.0,5.0,4.0,7.0,24.0
3771.0,add,6.073112554336253,2947.0,272.0,5.6106373715269235,0.0,5.0,4.0,5.0,22.0
3772.0,add,5.907119870724809,2948.0,293.0,5.528159780033954,0.0,4.0,4.0,4.0,25.0
3773.0,add,7.147643884844352,2949.0,116.0,5.57231622236653,2.0,3.0,3.0,4.0,14.0
3774.0,delete,5.3813619716771806,2950.0,209.0,5.536613114340841,0.0,7.0,10.0,6.0,22.0
3775.0,delete,6.005178447167756,2951.0,324.0,5.754200277690002,0.0,4.0,4.0,7.0,23.0
3776.0,delete,5.682612354843679,2952.0,326.0,5.6841197722725445,0.0,4.0,3.0,7.0,23.0
3777.0,delete,6.013967664742586,2952.0,326.0,5.6841197722725445,0.0,4.0,3.0,7.0,22.0
3778.0,swap,5.7082242649561525,2952.0,326.0,5.6841197722725445,0.0,4.0,4.0,7.0,22.0
3779.0,delete,6.280328830658364,2953.0,167.0,5.518158472690116,0.0,6.0,6.0,4.0,21.0
3780.0,add,5.32907171537354,2954.0,245.0,5.563285659749156,0.0,8.0,6.0,4.0,15.0
3781.0,add,5.250494752857594,2955.0,308.0,5.511217620462049,0.0,4.0,5.0,6.0,29.0
3782.0,delete,5.224236344696145,2956.0,318.0,5.821868974766348,0.0,5.0,4.0,5.0,26.0
3783.0,delete,5.83411331421676,2957.0,323.0,5.865756176554853,0.0,5.0,4.0,7.0,23.0
3784.0,add,6.438817720063032,2958.0,57.0,5.865239133859617,5.0,4.0,1.0,4.0,15.0
3785.0,delete,5.952923663055267,2959.0,325.0,5.77223101420374,0.0,3.0,4.0,7.0,23.0
3786.0,add,6.2154090102857396,2960.0,273.0,5.6023834775736585,0.0,6.0,4.0,5.0,22.0
3787.0,delete,5.389596709978778,2961.0,210.0,5.541926799663343,0.0,7.0,9.0,6.0,22.0
3788.0,add,6.522579593014499,2962.0,117.0,5.5636543475393685,2.0,3.0,3.0,4.0,15.0
3789.0,add,5.984025066176767,2963.0,294.0,5.528766339759095,0.0,4.0,5.0,4.0,25.0
3790.0,delete,5.935053523255288,2964.0,327.0,6.013967664742586,0.0,4.0,3.0,7.0,22.0
3791.0,delete,6.027959773570283,2964.0,327.0,6.013967664742586,0.0,3.0,3.0,7.0,22.0
3792.0,swap,5.993255796677372,2964.0,327.0,6.013967664742586,0.0,3.0,3.0,8.0,22.0
3793.0,delete,5.0218337133560835,2965.0,168.0,5.514987520774875,0.0,5.0,6.0,5.0,20.0
3794.0,delete,5.034130103325125,2966.0,319.0,5.863864022543187,0.0,5.0,4.0,6.0,24.0
3795.0,add,5.25314020535345,2967.0,246.0,5.5673316795182926,0.0,8.0,5.0,5.0,16.0
3796.0,add,5.2566404040638375,2968.0,309.0,5.54259052015365,0.0,5.0,5.0,6.0,29.0
3797.0,delete,5.811206717526815,2969.0,324.0,5.861331383252367,0.0,4.0,4.0,7.0,23.0
3798.0,delete,5.6841197722725445,2970.0,326.0,5.992559189561383,0.0,4.0,3.0,7.0,22.0
3799.0,add,5.941244934836323,2971.0,58.0,5.862577768909757,5.0,4.0,2.0,4.0,15.0
3800.0,delete,6.078886141121909,2972.0,274.0,5.593424736926932,0.0,5.0,5.0,4.0,22.0
3801.0,delete,6.0279248594449,2973.0,328.0,6.027959773570283,0.0,3.0,3.0,7.0,22.0
3802.0,delete,5.813213174704241,2973.0,328.0,6.027959773570283,0.0,3.0,3.0,7.0,21.0
3803.0,swap,5.889826603488159,2973.0,328.0,6.027959773570283,0.0,4.0,3.0,7.0,21.0
3804.0,delete,6.874237684589555,2974.0,118.0,5.557950199531974,2.0,3.0,3.0,4.0,14.0
3805.0,add,5.861661949738474,2975.0,211.0,5.545239518255488,0.0,7.0,9.0,6.0,23.0
3806.0,add,5.681009109233898,2976.0,295.0,5.527340478666409,0.0,4.0,6.0,4.0,25.0
3807.0,delete,6.021620210284118,2977.0,169.0,5.516859831111859,0.0,4.0,6.0,5.0,20.0
3808.0,delete,5.380165171920643,2978.0,320.0,5.903392322790659,0.0,5.0,4.0,6.0,23.0
3809.0,delete,5.832080856978311,2979.0,325.0,5.867766768606917,0.0,4.0,4.0,6.0,23.0
3810.0,add,4.50321442374864,2980.0,247.0,5.576632619025884,0.0,8.0,5.0,4.0,18.0
3811.0,add,5.793142105404045,2981.0,310.0,5.575585509095054,0.0,4.0,6.0,6.0,30.0
3812.0,delete,5.665210958054247,2982.0,327.0,5.939731102801896,0.0,4.0,3.0,7.0,21.0
3813.0,delete,5.811855051911818,2983.0,329.0,5.813213174704241,0.0,3.0,3.0,7.0,21.0
3814.0,delete,5.4335763371818295,2983.0,329.0,5.813213174704241,0.0,3.0,3.0,7.0,20.0
3815.0,swap,5.844584888843917,2983.0,329.0,5.813213174704241,0.0,4.0,2.0,7.0,21.0
3816.0,add,6.307223605556589,2984.0,59.0,5.859795094693421,5.0,5.0,2.0,4.0,15.0
3817.0,delete,6.926955002357599,2985.0,119.0,5.550847065872103,1.0,3.0,3.0,4.0,14.0
3818.0,add,5.307650121236947,2986.0,212.0,5.54602634659759,0.0,7.0,9.0,6.0,24.0
3819.0,add,5.781631631739254,2987.0,275.0,5.589111297871445,0.0,5.0,5.0,4.0,23.0
3820.0,add,5.928831334852171,2988.0,296.0,5.51885294143735,0.0,4.0,5.0,4.0,27.0
3821.0,delete,6.009346408715365,2989.0,326.0,5.845045700345598,0.0,4.0,3.0,7.0,22.0
3822.0,add,5.81900532250689,2990.0,170.0,5.51709735566715,0.0,5.0,6.0,5.0,20.0
3823.0,add,5.905344357182055,2991.0,321.0,5.8724870497904265,0.0,6.0,4.0,6.0,23.0
3824.0,delete,5.376834459744992,2992.0,328.0,5.725807363160451,0.0,3.0,2.0,7.0,22.0
3825.0,add,4.792896420067387,2993.0,248.0,5.5888526787752415,0.0,8.0,5.0,5.0,18.0
3826.0,add,6.092141331157389,2994.0,311.0,5.60412890425895,0.0,5.0,5.0,6.0,31.0
3827.0,delete,5.43357633718183,2995.0,330.0,5.4335763371818295,0.0,3.0,3.0,7.0,20.0
3828.0,delete,5.4335763371818295,2995.0,330.0,5.4335763371818295,0.0,3.0,3.0,7.0,19.0
3829.0,swap,5.45034502891815,2995.0,330.0,5.4335763371818295,0.0,3.0,3.0,8.0,19.0
3830.0,add,6.501713192849649,2996.0,60.0,5.856320302019751,5.0,5.0,3.0,4.0,15.0
3831.0,add,6.715276218670173,2997.0,120.0,5.5431076908605075,1.0,3.0,3.0,3.0,16.0
3832.0,delete,5.3492899720281795,2998.0,276.0,5.589064570270372,0.0,5.0,5.0,4.0,22.0
3833.0,add,5.334078464218854,2999.0,213.0,5.547703981880593,0.0,8.0,9.0,6.0,24.0
3834.0,delete,5.883446726461079,3000.0,297.0,5.513021746892238,0.0,4.0,5.0,4.0,26.0
3835.0,delete,6.068946268321835,3001.0,327.0,5.68404031751885,0.0,4.0,2.0,7.0,22.0
3836.0,delete,5.764885022995288,3002.0,329.0,5.43776851011591,0.0,3.0,3.0,7.0,20.0
3837.0,add,5.204399933837249,3003.0,171.0,5.518641439269185,0.0,5.0,6.0,5.0,21.0
3838.0,add,5.935742960174038,3004.0,322.0,5.8276218153173565,0.0,5.0,4.0,7.0,24.0
3839.0,delete,5.34082350871636,3005.0,312.0,5.615563918057879,0.0,5.0,5.0,6.0,30.0
3840.0,add,4.381530226411192,3006.0,249.0,5.60192504710801,0.0,8.0,6.0,4.0,19.0
3841.0,delete,5.4335763371818295,3007.0,331.0,5.4335763371818295,0.0,3.0,3.0,7.0,19.0
3842.0,delete,5.957496608776319,3007.0,331.0,5.4335763371818295,0.0,3.0,3.0,7.0,18.0
3843.0,swap,5.398647628113402,3007.0,331.0,5.4335763371818295,0.0,2.0,3.0,7.0,20.0
3844.0,add,6.5057851582054465,3008.0,61.0,5.852273524957896,5.0,6.0,3.0,4.0,15.0
3845.0,add,5.414426337877507,3009.0,277.0,5.598771512012643,0.0,5.0,5.0,4.0,23.0
3846.0,add,6.9410005978597855,3010.0,121.0,5.535537148796995,1.0,4.0,3.0,4.0,15.0
3847.0,add,5.883657598034408,3011.0,298.0,5.5043918763936714,0.0,4.0,5.0,5.0,26.0
3848.0,add,5.524845141541901,3012.0,214.0,5.549895620034543,0.0,7.0,9.0,7.0,25.0
3849.0,delete,6.0914691490874855,3013.0,328.0,5.5960139343946205,0.0,2.0,3.0,7.0,22.0
3850.0,delete,5.4335763371818295,3014.0,330.0,5.5558242278133445,0.0,3.0,3.0,7.0,19.0
3851.0,delete,5.979452994729479,3015.0,323.0,5.789698854698464,0.0,5.0,4.0,7.0,23.0
3852.0,add,5.229008929696617,3016.0,172.0,5.5190317741213715,0.0,5.0,6.0,5.0,22.0
3853.0,delete,5.257859714333161,3017.0,313.0,5.632489180388147,0.0,5.0,5.0,6.0,29.0
3854.0,delete,5.957618963546901,3018.0,332.0,5.957496608776319,0.0,3.0,3.0,7.0,18.0
3855.0,delete,5.541419431558032,3018.0,332.0,5.957496608776319,0.0,3.0,3.0,7.0,17.0
3856.0,swap,5.957496608776316,3018.0,332.0,5.957496608776319,0.0,3.0,3.0,8.0,17.0
3857.0,add,5.241413322254349,3019.0,250.0,5.616270048717478,0.0,9.0,6.0,4.0,19.0
3858.0,add,5.630604651661992,3020.0,278.0,5.60778000637589,0.0,5.0,5.0,4.0,24.0
3859.0,add,6.571093712623161,3021.0,62.0,5.84875809440668,5.0,7.0,3.0,4.0,15.0
3860.0,delete,5.424950452841212,3022.0,299.0,5.501436155872471,0.0,4.0,4.0,4.0,27.0
3861.0,add,6.413972951118731,3023.0,122.0,5.52901101660501,1.0,3.0,3.0,4.0,17.0
3862.0,delete,5.867324138857694,3024.0,215.0,5.551422115758426,0.0,7.0,8.0,6.0,26.0
3863.0,delete,5.8205525228445865,3025.0,329.0,5.599649248216129,0.0,3.0,3.0,7.0,20.0
3864.0,delete,5.433576337181829,3026.0,331.0,5.853507903164393,0.0,3.0,3.0,6.0,19.0
3865.0,delete,6.42981872226052,3027.0,324.0,5.761859374531872,0.0,4.0,4.0,7.0,23.0
3866.0,delete,5.417868582308334,3028.0,173.0,5.519931586120077,0.0,4.0,6.0,5.0,22.0
3867.0,delete,5.476910275163319,3029.0,314.0,5.673198193499272,0.0,5.0,3.0,6.0,30.0
3868.0,delete,5.5414194315580305,3030.0,333.0,5.541419431558032,0.0,3.0,3.0,7.0,17.0
3869.0,delete,5.541419431558031,3030.0,333.0,5.541419431558032,0.0,3.0,3.0,6.0,17.0
3870.0,swap,4.749072805727098,3030.0,333.0,5.541419431558032,0.0,3.0,3.0,7.0,17.0
3871.0,add,5.194850153246801,3031.0,251.0,5.626419516412702,0.0,8.0,6.0,4.0,21.0
3872.0,delete,5.242168131955878,3032.0,279.0,5.609466469086258,0.0,5.0,5.0,5.0,22.0
3873.0,delete,6.5966609842414305,3033.0,63.0,5.844480292065716,5.0,6.0,3.0,4.0,15.0
3874.0,delete,5.47143809749507,3034.0,300.0,5.496121934737228,0.0,4.0,5.0,3.0,26.0
3875.0,delete,6.763254909665251,3035.0,123.0,5.524171194199026,1.0,3.0,3.0,3.0,17.0
3876.0,delete,5.448068758837527,3036.0,216.0,5.550846533267968,0.0,6.0,9.0,5.0,26.0
3877.0,delete,5.4335763371818295,3037.0,330.0,5.531574688195121,0.0,3.0,3.0,7.0,19.0
3878.0,delete,5.957496608776319,3038.0,332.0,5.343332775100298,0.0,3.0,3.0,6.0,18.0
3879.0,delete,6.185187555571913,3039.0,325.0,5.7124726594451865,0.0,4.0,4.0,7.0,22.0
3880.0,delete,4.402675389988151,3040.0,315.0,5.691555929548962,0.0,5.0,4.0,6.0,28.0
3881.0,add,5.553767236755159,3041.0,174.0,5.520116077496586,0.0,5.0,6.0,5.0,22.0
3882.0,delete,5.541960957619932,3042.0,334.0,5.541419431558031,0.0,3.0,3.0,6.0,17.0
3883.0,delete,5.541419431558031,3042.0,334.0,5.541419431558031,0.0,3.0,3.0,6.0,16.0
3884.0,swap,4.870966102805869,3042.0,334.0,5.541419431558031,0.0,4.0,3.0,6.0,16.0
3885.0,delete,5.743704132450797,3043.0,252.0,5.634419403343367,0.0,9.0,6.0,4.0,19.0
3886.0,delete,5.579363822231305,3044.0,280.0,5.608617606572892,0.0,5.0,4.0,4.0,23.0
3887.0,delete,6.5966609842414305,3045.0,64.0,5.840003461026045,5.0,6.0,3.0,4.0,14.0
3888.0,delete,4.8475520703502815,3046.0,331.0,5.549280226620226,0.0,3.0,3.0,7.0,18.0
3889.0,delete,6.889149123023777,3047.0,124.0,5.516255228925688,1.0,3.0,2.0,3.0,17.0
3890.0,delete,5.613113200673455,3048.0,217.0,5.551144621986674,0.0,6.0,9.0,4.0,26.0
3891.0,add,5.438560044186123,3049.0,301.0,5.489750114511375,0.0,4.0,4.0,3.0,28.0
3892.0,delete,5.3269839211026335,3050.0,333.0,5.373941480885466,0.0,2.0,3.0,7.0,17.0
3893.0,delete,5.6835322962340715,3051.0,326.0,5.642445007428028,0.0,4.0,3.0,6.0,23.0
3894.0,delete,5.114215136629235,3052.0,316.0,5.697765670765482,0.0,5.0,4.0,6.0,27.0
3895.0,delete,5.4886165301603915,3053.0,335.0,5.541419431558031,0.0,3.0,3.0,6.0,16.0
3896.0,delete,5.541419431558031,3053.0,335.0,5.541419431558031,0.0,3.0,3.0,6.0,15.0
3897.0,swap,4.830057169991441,3053.0,335.0,5.541419431558031,0.0,3.0,2.0,7.0,16.0
3898.0,add,5.5537415317912435,3054.0,175.0,5.5204458994363526,0.0,5.0,6.0,6.0,22.0
3899.0,add,4.830182465998286,3055.0,253.0,5.639463623656211,0.0,9.0,6.0,4.0,20.0
3900.0,delete,5.834340999690651,3056.0,332.0,5.37268760449782,0.0,2.0,3.0,7.0,18.0
3901.0,delete,6.5545345448928,3057.0,65.0,5.834922345423278,5.0,6.0,3.0,3.0,14.0
3902.0,add,5.747375494613806,3058.0,281.0,5.605382646269605,0.0,5.0,4.0,5.0,23.0
3903.0,delete,6.625631293418711,3059.0,125.0,5.508456163348494,1.0,2.0,2.0,4.0,16.0
3904.0,delete,5.37691270630707,3060.0,218.0,5.549381423212733,0.0,7.0,8.0,4.0,25.0
3905.0,delete,5.12918864665464,3061.0,302.0,5.48818298071445,0.0,4.0,4.0,3.0,27.0
3906.0,delete,5.541419431558031,3062.0,334.0,5.350378140816973,0.0,3.0,3.0,6.0,16.0
3907.0,delete,5.6841197722725445,3063.0,327.0,5.580909376589449,0.0,4.0,3.0,7.0,21.0
3908.0,delete,5.610588037663029,3064.0,317.0,5.701280026976755,0.0,5.0,3.0,6.0,27.0
3909.0,delete,5.492294177337194,3065.0,336.0,5.541419431558031,0.0,3.0,3.0,6.0,15.0
3910.0,delete,4.83005716999144,3065.0,336.0,5.541419431558031,0.0,3.0,2.0,6.0,15.0
3911.0,swap,5.266706623964019,3065.0,336.0,5.541419431558031,0.0,4.0,2.0,6.0,15.0
3912.0,add,6.236152198357018,3066.0,176.0,5.518016462217054,0.0,5.0,6.0,6.0,23.0
3913.0,delete,4.806481842173814,3067.0,333.0,5.317776698267088,0.0,3.0,2.0,7.0,17.0
3914.0,add,4.389979379745693,3068.0,254.0,5.64853672985701,0.0,10.0,7.0,4.0,19.0
3915.0,delete,6.289266311009471,3069.0,66.0,5.830024841218701,5.0,6.0,2.0,3.0,14.0
3916.0,delete,5.441136132801745,3070.0,282.0,5.604416816467742,0.0,5.0,4.0,5.0,22.0
3917.0,delete,7.096166294190781,3071.0,126.0,5.4996131120247,0.0,3.0,2.0,4.0,15.0
3918.0,delete,5.3417199137941775,3072.0,219.0,5.546457048718563,0.0,7.0,9.0,4.0,23.0
3919.0,delete,5.071377509835418,3073.0,335.0,5.282619350712672,0.0,3.0,3.0,6.0,15.0
3920.0,add,5.239402260742185,3074.0,303.0,5.488570469859934,0.0,4.0,4.0,3.0,28.0
3921.0,delete,6.027959773570283,3075.0,328.0,5.472884988395152,0.0,3.0,3.0,6.0,22.0
3922.0,delete,5.316795226679668,3076.0,318.0,5.693108462066786,0.0,5.0,4.0,6.0,25.0
3923.0,delete,4.8562424072593595,3077.0,337.0,4.83005716999144,0.0,3.0,2.0,6.0,15.0
3924.0,delete,4.83005716999144,3077.0,337.0,4.83005716999144,0.0,3.0,2.0,6.0,14.0
3925.0,swap,4.728864450567198,3077.0,337.0,4.83005716999144,0.0,4.0,2.0,5.0,15.0
3926.0,delete,5.889154231407701,3078.0,177.0,5.510208967299177,0.0,4.0,6.0,6.0,23.0
3927.0,delete,5.541419431558031,3079.0,334.0,5.168210958647667,0.0,3.0,3.0,5.0,17.0
3928.0,delete,4.509874906532228,3080.0,255.0,5.659057470675867,0.0,9.0,6.0,4.0,20.0
3929.0,delete,5.987339521035972,3081.0,283.0,5.598622716733125,0.0,4.0,4.0,5.0,22.0
3930.0,add,5.825016867743548,3082.0,67.0,5.825603591841137,5.0,6.0,3.0,3.0,14.0
3931.0,delete,5.730502401420239,3083.0,336.0,4.81130529945236,0.0,3.0,3.0,6.0,14.0
3932.0,add,6.862861531289562,3084.0,127.0,5.489269584033207,0.0,3.0,2.0,4.0,16.0
3933.0,add,5.304625659993627,3085.0,220.0,5.5441084119242445,0.0,7.0,8.0,4.0,25.0
3934.0,delete,5.820729447141449,3086.0,329.0,5.389529325228583,0.0,2.0,3.0,7.0,21.0
3935.0,add,4.943963282541514,3087.0,304.0,5.4977457267096375,0.0,4.0,4.0,4.0,28.0
3936.0,delete,6.268612865922144,3088.0,319.0,5.675246498887999,0.0,5.0,4.0,6.0,24.0
3937.0,delete,4.798315271148714,3089.0,338.0,4.83005716999144,0.0,3.0,2.0,6.0,14.0
3938.0,add,4.8300571699914405,3089.0,338.0,4.83005716999144,0.0,3.0,2.0,7.0,14.0
3939.0,delete,4.83005716999144,3089.0,338.0,4.83005716999144,0.0,3.0,2.0,6.0,13.0
3940.0,swap,6.731740749230364,3089.0,338.0,4.83005716999144,0.0,3.0,3.0,5.0,14.0
3941.0,delete,5.740340986269126,3090.0,178.0,5.506601268843058,0.0,4.0,6.0,6.0,22.0
3942.0,delete,4.3318710372444995,3091.0,256.0,5.674622302424662,0.0,7.0,7.0,4.0,20.0
3943.0,delete,5.626813777278712,3092.0,284.0,5.598754739554447,0.0,4.0,4.0,5.0,21.0
3944.0,delete,5.541419431558031,3093.0,335.0,5.195207054022024,0.0,3.0,3.0,6.0,15.0
3945.0,add,6.2973952453759745,3094.0,68.0,5.821854760361744,5.0,7.0,3.0,4.0,13.0
3946.0,delete,5.407602229575835,3095.0,221.0,5.5450394790017805,0.0,7.0,7.0,4.0,25.0
3947.0,add,6.44680718333536,3096.0,128.0,5.48073688484531,0.0,3.0,2.0,4.0,17.0
3948.0,delete,5.957496608776319,3097.0,330.0,5.359494826325977,0.0,3.0,3.0,7.0,19.0
3949.0,delete,5.7342603534890335,3098.0,320.0,5.67495501731531,0.0,5.0,4.0,6.0,23.0
3950.0,add,5.001429891046891,3099.0,305.0,5.50901201910547,0.0,4.0,5.0,4.0,28.0
3951.0,delete,4.83005716999144,3100.0,337.0,5.204045506070679,0.0,3.0,2.0,6.0,14.0
3952.0,add,4.83005716999144,3101.0,339.0,4.8300571699914405,0.0,3.0,2.0,7.0,14.0
3953.0,delete,5.37522310181369,3101.0,339.0,4.8300571699914405,0.0,3.0,2.0,7.0,13.0
3954.0,swap,5.103326995368896,3101.0,339.0,4.8300571699914405,0.0,2.0,2.0,7.0,15.0
3955.0,delete,5.211401487050649,3102.0,179.0,5.50385690601324,0.0,4.0,5.0,6.0,22.0
3956.0,delete,4.358596054473004,3103.0,257.0,5.6858980924310485,0.0,8.0,5.0,4.0,20.0
3957.0,delete,5.673736855986801,3104.0,285.0,5.590494409522149,0.0,4.0,4.0,5.0,20.0
3958.0,delete,5.541419431558031,3105.0,336.0,5.100350645904393,0.0,3.0,3.0,6.0,14.0
3959.0,delete,5.156428165378028,3106.0,222.0,5.544208146980683,0.0,7.0,8.0,3.0,24.0
3960.0,add,5.823508054848661,3107.0,1.0,5.891582213269703,10.0,0.0,0.0,1.0,0.0
3961.0,add,6.370970373593351,3108.0,69.0,5.817104849620176,5.0,7.0,4.0,4.0,13.0
3962.0,delete,6.970774350731519,3109.0,129.0,5.473430483767043,0.0,3.0,2.0,3.0,17.0
3963.0,delete,5.4335763371818295,3110.0,331.0,5.322241772271689,0.0,3.0,3.0,7.0,18.0
3964.0,add,5.028406122120729,3111.0,338.0,5.034666109291367,0.0,3.0,3.0,6.0,14.0
3965.0,add,5.9753032723018835,3112.0,321.0,5.625542674250709,0.0,6.0,4.0,6.0,23.0
3966.0,add,5.2626155219160875,3113.0,306.0,5.506395553357445,0.0,4.0,4.0,6.0,28.0
3967.0,delete,5.37522310181369,3114.0,340.0,5.37522310181369,0.0,3.0,2.0,7.0,13.0
3968.0,delete,5.37522310181369,3114.0,340.0,5.37522310181369,0.0,3.0,2.0,6.0,13.0
3969.0,swap,5.474669330447069,3114.0,340.0,5.37522310181369,0.0,3.0,3.0,7.0,12.0
3970.0,delete,5.615855006364655,3115.0,180.0,5.501119455764585,0.0,4.0,5.0,6.0,21.0
3971.0,delete,5.67310708165866,3116.0,258.0,5.699297713873857,0.0,8.0,6.0,4.0,18.0
3972.0,delete,5.786114463638992,3117.0,286.0,5.585660729019061,0.0,4.0,3.0,4.0,21.0
3973.0,delete,4.863793660308739,3118.0,337.0,5.1855702787472335,0.0,3.0,2.0,6.0,14.0
3974.0,delete,5.29622753290331,3119.0,223.0,5.545966116810625,0.0,6.0,8.0,3.0,24.0
3975.0,add,5.808421654950915,3120.0,2.0,5.890949527630727,10.0,0.0,0.0,0.0,2.0
3976.0,delete,6.920397974370405,3121.0,130.0,5.465108938041719,0.0,3.0,2.0,3.0,16.0
3977.0,add,6.446034858804741,3122.0,70.0,5.813556089191438,5.0,6.0,4.0,5.0,14.0
3978.0,delete,7.259273699899507,3123.0,332.0,5.27002573965303,0.0,3.0,3.0,7.0,17.0
3979.0,delete,4.865127338346576,3124.0,339.0,5.400084658972036,0.0,2.0,2.0,7.0,14.0
3980.0,delete,5.369187930891485,3125.0,341.0,5.37522310181369,0.0,3.0,2.0,6.0,13.0
3981.0,delete,5.37522310181369,3125.0,341.0,5.37522310181369,0.0,3.0,2.0,6.0,12.0
3982.0,swap,5.388642324745755,3125.0,341.0,5.37522310181369,0.0,4.0,2.0,5.0,13.0
3983.0,add,5.250430606839643,3126.0,307.0,5.510329640017351,0.0,4.0,4.0,6.0,29.0
3984.0,add,5.484607823184475,3127.0,181.0,5.500006844031447,0.0,4.0,6.0,6.0,21.0
3985.0,add,5.9901728606779,3128.0,322.0,5.595850619304589,0.0,5.0,4.0,7.0,24.0
3986.0,delete,6.014548087462147,3129.0,259.0,5.712727586889192,0.0,8.0,5.0,4.0,18.0
3987.0,add,5.214579624131504,3130.0,338.0,5.199197232429845,0.0,3.0,3.0,6.0,14.0
3988.0,add,5.354728823106563,3131.0,287.0,5.587020466517742,0.0,4.0,5.0,4.0,20.0
3989.0,delete,5.565046531312691,3132.0,333.0,5.233846535617616,0.0,3.0,3.0,7.0,16.0
3990.0,delete,6.466899570258396,3133.0,131.0,5.458606128736369,0.0,3.0,2.0,2.0,16.0
3991.0,add,5.5106076500248005,3134.0,3.0,5.891079402775018,10.0,1.0,1.0,0.0,1.0
3992.0,add,5.267807537344649,3135.0,224.0,5.55187406818,0.0,7.0,8.0,3.0,24.0
3993.0,add,6.34763791584246,3136.0,71.0,5.809664988752271,5.0,6.0,4.0,4.0,16.0
3994.0,delete,7.236815606924843,3137.0,340.0,5.377069114816155,0.0,3.0,2.0,7.0,12.0
3995.0,delete,5.340932113958424,3138.0,342.0,5.37522310181369,0.0,3.0,2.0,6.0,12.0
3996.0,add,6.623440060363959,3138.0,342.0,5.37522310181369,0.0,3.0,2.0,6.0,13.0
3997.0,delete,5.37522310181369,3138.0,342.0,5.37522310181369,0.0,3.0,2.0,5.0,12.0
3998.0,swap,6.92314146105566,3138.0,342.0,5.37522310181369,0.0,3.0,2.0,6.0,12.0
3999.0,add,5.281465758615433,3139.0,308.0,5.537830305876284,0.0,4.0,5.0,6.0,29.0
4000.0,add,5.805745516234378,3140.0,182.0,5.502226212689219,0.0,4.0,6.0,7.0,21.0
4001.0,delete,6.019996340571768,3141.0,260.0,5.710516309653345,0.0,8.0,4.0,4.0,18.0
4002.0,delete,5.856294563949288,3142.0,323.0,5.604934651643679,0.0,5.0,4.0,7.0,23.0
4003.0,delete,5.560732234023283,3143.0,288.0,5.5912931953252984,0.0,3.0,4.0,4.0,21.0
4004.0,delete,5.541419431558031,3144.0,334.0,5.3726091019985445,0.0,3.0,3.0,6.0,16.0
4005.0,delete,6.4600158966477235,3145.0,132.0,5.456305063340983,0.0,3.0,1.0,3.0,15.0
4006.0,delete,5.165032195714484,3146.0,225.0,5.559251212443121,0.0,8.0,8.0,2.0,23.0
4007.0,add,5.5106076500248005,3147.0,4.0,5.892356949028473,10.0,1.0,1.0,0.0,2.0
4008.0,delete,6.340126865110087,3148.0,72.0,5.808297659972138,5.0,6.0,5.0,4.0,14.0
4009.0,delete,4.8987810608524835,3149.0,339.0,5.699851667369402,0.0,3.0,1.0,7.0,14.0
4010.0,delete,5.37522310181369,3150.0,341.0,5.927591967801084,0.0,3.0,2.0,6.0,12.0
4011.0,delete,5.8309022336969765,3151.0,324.0,5.574095151290941,0.0,4.0,4.0,7.0,23.0
4012.0,add,6.6234400603639605,3152.0,343.0,6.623440060363959,0.0,3.0,2.0,6.0,13.0
4013.0,add,5.37522310181369,3152.0,343.0,6.623440060363959,0.0,3.0,2.0,6.0,14.0
4014.0,delete,6.623440060363959,3152.0,343.0,6.623440060363959,0.0,3.0,2.0,6.0,12.0
4015.0,swap,6.467412510326461,3152.0,343.0,6.623440060363959,0.0,2.0,2.0,6.0,14.0
4016.0,add,5.922950104557577,3153.0,183.0,5.502332069845488,0.0,5.0,6.0,6.0,22.0
4017.0,delete,5.8057338765562,3154.0,261.0,5.705977631438978,0.0,7.0,4.0,4.0,18.0
4018.0,add,5.426892013822695,3155.0,309.0,5.56098852030106,0.0,4.0,5.0,6.0,30.0
4019.0,add,6.162615492051879,3156.0,289.0,5.5885214858545975,0.0,4.0,4.0,4.0,21.0
4020.0,delete,5.177156114323769,3157.0,226.0,5.564115714386895,0.0,8.0,8.0,3.0,21.0
4021.0,add,6.579336346208924,3158.0,133.0,5.450656325272233,0.0,3.0,3.0,3.0,14.0
4022.0,delete,6.736015389446851,3159.0,73.0,5.805812899991384,5.0,6.0,5.0,4.0,13.0
4023.0,add,5.5106076500248005,3160.0,5.0,5.894116729123082,10.0,0.0,1.0,0.0,4.0
4024.0,delete,5.541419431558031,3161.0,335.0,5.448808571966288,0.0,3.0,3.0,5.0,16.0
4025.0,delete,5.37522310181369,3162.0,340.0,5.962326259861639,0.0,3.0,2.0,6.0,13.0
4026.0,delete,5.618340122436764,3163.0,325.0,5.578284102671305,0.0,4.0,4.0,7.0,22.0
4027.0,add,6.198106523729723,3164.0,342.0,6.342591158646406,0.0,3.0,2.0,6.0,13.0
4028.0,delete,5.399768168631084,3165.0,341.0,6.0273459270379,0.0,3.0,2.0,6.0,12.0
4029.0,add,5.375223101813689,3166.0,344.0,5.37522310181369,0.0,3.0,2.0,6.0,14.0
4030.0,delete,5.375223101813687,3166.0,344.0,5.37522310181369,0.0,3.0,2.0,5.0,14.0
4031.0,swap,6.016900297462223,3166.0,344.0,5.37522310181369,0.0,3.0,1.0,6.0,15.0
4032.0,delete,5.900449072067665,3167.0,184.0,5.5007392775090675,0.0,5.0,5.0,6.0,22.0
4033.0,delete,6.398208089600744,3168.0,262.0,5.696861013147865,0.0,6.0,5.0,4.0,17.0
4034.0,add,5.245668088865554,3169.0,310.0,5.572889053453292,0.0,4.0,6.0,6.0,30.0
4035.0,delete,5.430741935202523,3170.0,227.0,5.5660843342746,0.0,8.0,7.0,3.0,21.0
4036.0,add,6.026515355821878,3171.0,290.0,5.580850756496217,0.0,4.0,4.0,4.0,22.0
4037.0,delete,6.678074885929792,3172.0,74.0,5.801256869897328,4.0,6.0,4.0,4.0,14.0
4038.0,add,6.919561319191748,3173.0,134.0,5.44445693932569,0.0,5.0,2.0,3.0,14.0
4039.0,add,5.5106076500248005,3174.0,6.0,5.895104117177249,10.0,1.0,1.0,0.0,4.0
4040.0,delete,5.5414194315580305,3175.0,336.0,5.482428536577146,0.0,3.0,3.0,5.0,15.0
4041.0,delete,5.690274235057475,3176.0,326.0,5.567122261076508,0.0,4.0,2.0,7.0,23.0
4042.0,add,6.623440060363959,3177.0,343.0,5.535642400725823,0.0,3.0,2.0,6.0,14.0
4043.0,delete,5.3623636898337095,3178.0,345.0,5.375223101813687,0.0,3.0,2.0,5.0,14.0
4044.0,add,5.304436337243056,3178.0,345.0,5.375223101813687,0.0,3.0,2.0,5.0,15.0
4045.0,delete,5.375223101813689,3178.0,345.0,5.375223101813687,0.0,3.0,2.0,4.0,14.0
4046.0,swap,7.184184706716032,3178.0,345.0,5.375223101813687,0.0,3.0,2.0,5.0,14.0
4047.0,delete,4.816381248796695,3179.0,185.0,5.501938627556406,0.0,4.0,6.0,6.0,21.0
4048.0,delete,6.389891238514711,3180.0,263.0,5.690151566928846,0.0,5.0,4.0,4.0,18.0
4049.0,add,5.319294180014389,3181.0,311.0,5.590218180689193,0.0,5.0,6.0,6.0,30.0
4050.0,delete,5.368996357066113,3182.0,228.0,5.571600367343305,0.0,8.0,6.0,3.0,21.0
4051.0,delete,4.83005716999144,3183.0,337.0,5.583954439874077,0.0,3.0,2.0,6.0,14.0
4052.0,add,5.949844131458651,3184.0,291.0,5.576202379080819,0.0,4.0,4.0,4.0,23.0
4053.0,add,6.728998550937258,3185.0,75.0,5.796816254312791,5.0,6.0,4.0,5.0,13.0
4054.0,add,6.98739854965072,3186.0,135.0,5.4374277422146156,0.0,4.0,3.0,3.0,15.0
4055.0,add,5.5106076500248005,3187.0,7.0,5.896194113032076,10.0,1.0,1.0,0.0,5.0
4056.0,delete,6.143370836372408,3188.0,327.0,5.560851963077142,0.0,4.0,3.0,7.0,21.0
4057.0,add,5.324198725198872,3189.0,342.0,6.037718336715843,0.0,3.0,2.0,6.0,13.0
4058.0,delete,6.623440060363959,3190.0,344.0,5.720286187484034,0.0,3.0,2.0,6.0,13.0
4059.0,add,5.304436337243056,3191.0,346.0,5.304436337243056,0.0,3.0,2.0,5.0,15.0
4060.0,delete,5.304436337243056,3191.0,346.0,5.304436337243056,0.0,3.0,2.0,5.0,14.0
4061.0,swap,5.9293993090830694,3191.0,346.0,5.304436337243056,0.0,3.0,3.0,5.0,14.0
4062.0,delete,5.337002319517171,3192.0,186.0,5.5062480425340325,0.0,5.0,6.0,6.0,19.0
4063.0,delete,6.287509059862341,3193.0,264.0,5.680449224560093,0.0,5.0,4.0,4.0,17.0
4064.0,delete,6.063185684736882,3194.0,312.0,5.592294910442943,0.0,5.0,5.0,6.0,30.0
4065.0,add,4.83005716999144,3195.0,338.0,5.663600540332675,0.0,3.0,2.0,7.0,14.0
4066.0,add,5.383463244663221,3196.0,229.0,5.571776032500827,0.0,7.0,6.0,3.0,23.0
4067.0,delete,6.17483872419609,3197.0,328.0,5.54077333272392,0.0,3.0,3.0,7.0,21.0
4068.0,add,6.13959727049409,3198.0,292.0,5.566991602113059,0.0,4.0,4.0,4.0,24.0
4069.0,add,6.712315661800698,3199.0,76.0,5.793372164877688,5.0,6.0,5.0,4.0,14.0
4070.0,add,5.929657177400517,3200.0,136.0,5.43102481741041,0.0,4.0,3.0,3.0,16.0
4071.0,add,5.541648242312757,3201.0,8.0,5.897029778988555,10.0,1.0,1.0,1.0,5.0
4072.0,add,6.62327797717145,3202.0,343.0,5.781071503292837,0.0,3.0,2.0,7.0,13.0
4073.0,add,5.359656158203845,3203.0,345.0,5.460677080203059,0.0,3.0,3.0,5.0,14.0
4074.0,delete,5.26437289438066,3204.0,347.0,5.304436337243056,0.0,3.0,2.0,5.0,14.0
4075.0,delete,5.3044363372430565,3204.0,347.0,5.304436337243056,0.0,3.0,2.0,4.0,14.0
4076.0,swap,4.869292113416815,3204.0,347.0,5.304436337243056,0.0,3.0,3.0,5.0,13.0
4077.0,add,4.907511969367259,3205.0,187.0,5.5081281682750785,0.0,5.0,6.0,6.0,20.0
4078.0,add,6.287509059862343,3206.0,265.0,5.670995235359375,0.0,5.0,4.0,5.0,17.0
4079.0,delete,5.267477902506759,3207.0,313.0,5.594700796808077,0.0,5.0,5.0,6.0,29.0
4080.0,delete,4.8300571699914405,3208.0,339.0,5.7239657503029715,0.0,3.0,2.0,6.0,14.0
4081.0,delete,5.81311949052467,3209.0,329.0,5.514157412650827,0.0,3.0,3.0,6.0,21.0
4082.0,add,5.600138350195282,3210.0,230.0,5.572675743119198,0.0,7.0,6.0,4.0,23.0
4083.0,delete,5.375223101813689,3211.0,344.0,5.581607729584438,0.0,3.0,2.0,5.0,14.0
4084.0,add,5.70357616562864,3212.0,293.0,5.5532745489124,0.0,4.0,4.0,5.0,24.0
4085.0,add,6.690763545120982,3213.0,77.0,5.787850208228914,5.0,7.0,5.0,5.0,13.0
4086.0,add,6.812748210960013,3214.0,137.0,5.424316859281385,0.0,4.0,3.0,3.0,17.0
4087.0,add,5.527306400632049,3215.0,9.0,5.8970937458118025,10.0,2.0,1.0,1.0,5.0
4088.0,delete,5.304436337243056,3216.0,346.0,5.185634420570897,0.0,3.0,2.0,5.0,14.0
4089.0,delete,5.304436337243058,3217.0,348.0,5.3044363372430565,0.0,3.0,2.0,4.0,14.0
4090.0,delete,5.233497094378069,3217.0,348.0,5.3044363372430565,0.0,3.0,1.0,4.0,14.0
4091.0,swap,5.191690905266029,3217.0,348.0,5.3044363372430565,0.0,4.0,2.0,3.0,14.0
4092.0,add,6.688964851270572,3218.0,266.0,5.657560587615146,0.0,5.0,5.0,4.0,18.0
4093.0,add,4.959666596983587,3219.0,188.0,5.510030803031573,0.0,5.0,7.0,6.0,20.0
4094.0,delete,5.326001938813229,3220.0,314.0,5.5984516687768835,0.0,5.0,4.0,6.0,29.0
4095.0,delete,5.375223101813689,3221.0,340.0,5.734472246369732,0.0,3.0,2.0,6.0,13.0
4096.0,delete,5.4335763371818295,3222.0,330.0,5.495146061489009,0.0,3.0,3.0,6.0,20.0
4097.0,delete,5.666636400663985,3223.0,231.0,5.572400583268632,0.0,8.0,5.0,3.0,23.0
4098.0,add,5.304436337243056,3224.0,345.0,5.306210541515568,0.0,3.0,2.0,5.0,15.0
4099.0,delete,4.6366426709633615,3225.0,347.0,5.258515168532553,0.0,2.0,2.0,5.0,14.0
4100.0,add,5.853944419817558,3226.0,294.0,5.542233516250986,0.0,4.0,6.0,4.0,24.0
4101.0,add,6.00985604999304,3227.0,78.0,5.78274550742913,5.0,7.0,7.0,4.0,13.0
4102.0,add,6.397041585595701,3228.0,138.0,5.417507573404279,0.0,4.0,3.0,3.0,18.0
4103.0,add,5.9450359056278055,3229.0,10.0,5.896776660269291,10.0,2.0,2.0,0.0,6.0
4104.0,delete,5.233497094378069,3230.0,349.0,5.233497094378069,0.0,3.0,1.0,4.0,14.0
4105.0,delete,5.0162879698516365,3230.0,349.0,5.233497094378069,0.0,2.0,1.0,4.0,14.0
4106.0,swap,5.409737852297642,3230.0,349.0,5.233497094378069,0.0,3.0,1.0,5.0,13.0
4107.0,delete,5.252313763023963,3231.0,315.0,5.5956461245687965,0.0,5.0,4.0,6.0,28.0
4108.0,delete,5.084730956719638,3232.0,189.0,5.5117345224531755,0.0,5.0,7.0,6.0,19.0
4109.0,add,6.331168398981191,3233.0,267.0,5.643708373679979,0.0,5.0,4.0,5.0,19.0
4110.0,delete,5.170403081752096,3234.0,341.0,5.65585999283334,0.0,2.0,2.0,6.0,13.0
4111.0,delete,5.618903029092827,3235.0,331.0,5.47240640875243,0.0,3.0,3.0,7.0,18.0
4112.0,delete,6.053214404098988,3236.0,232.0,5.569446934835428,0.0,7.0,6.0,3.0,22.0
4113.0,delete,5.304436337243056,3237.0,346.0,5.172730328658709,0.0,3.0,2.0,5.0,14.0
4114.0,delete,6.213770047839982,3238.0,348.0,5.223255002726354,0.0,3.0,2.0,4.0,13.0
4115.0,delete,5.016287969851636,3239.0,350.0,5.0162879698516365,0.0,2.0,1.0,4.0,14.0
4116.0,delete,6.412708698056953,3239.0,350.0,5.0162879698516365,0.0,2.0,1.0,4.0,13.0
4117.0,swap,6.530130695749815,3239.0,350.0,5.0162879698516365,0.0,2.0,2.0,4.0,13.0
4118.0,add,6.121982730893709,3240.0,79.0,5.779227810652751,5.0,7.0,7.0,4.0,14.0
4119.0,add,5.533907992486726,3241.0,11.0,5.896727173533014,10.0,2.0,1.0,0.0,8.0
4120.0,add,6.486325450565334,3242.0,139.0,5.413626069107818,0.0,4.0,3.0,3.0,19.0
4121.0,add,5.968050763560289,3243.0,295.0,5.535616302062702,0.0,4.0,6.0,4.0,25.0
4122.0,delete,5.318474727450956,3244.0,316.0,5.617436558494435,0.0,5.0,3.0,6.0,28.0
4123.0,delete,4.9220009150854525,3245.0,190.0,5.516615352184567,0.0,5.0,7.0,6.0,18.0
4124.0,add,5.375338673238767,3246.0,342.0,5.690313395204841,0.0,4.0,2.0,6.0,12.0
4125.0,add,6.2559301682069774,3247.0,268.0,5.635249730663162,0.0,5.0,4.0,4.0,21.0
4126.0,delete,5.957496608776319,3248.0,332.0,5.484811854793277,0.0,3.0,3.0,7.0,17.0
4127.0,delete,5.502171448450951,3249.0,233.0,5.571883876051342,0.0,7.0,6.0,3.0,21.0
4128.0,delete,5.3044363372430565,3250.0,347.0,5.458593639426609,0.0,3.0,2.0,4.0,14.0
4129.0,delete,5.233497094378069,3251.0,349.0,5.74385383337751,0.0,3.0,1.0,4.0,13.0
4130.0,delete,6.381319822274125,3252.0,351.0,6.412708698056953,0.0,2.0,1.0,4.0,13.0
4131.0,add,6.936664253021854,3252.0,351.0,6.412708698056953,0.0,3.0,1.0,4.0,13.0
4132.0,delete,6.412708698056953,3252.0,351.0,6.412708698056953,0.0,2.0,1.0,4.0,12.0
4133.0,swap,5.795957841455876,3252.0,351.0,6.412708698056953,0.0,2.0,2.0,4.0,12.0
4134.0,delete,6.20997415954459,3253.0,80.0,5.778027596646712,5.0,7.0,6.0,4.0,14.0
4135.0,add,5.533839987842662,3254.0,12.0,5.897878389250448,10.0,2.0,1.0,1.0,8.0
4136.0,add,6.172955998645666,3255.0,140.0,5.411354284134382,0.0,4.0,4.0,3.0,19.0
4137.0,add,5.884303661636315,3256.0,296.0,5.535419108628402,0.0,4.0,5.0,5.0,26.0
4138.0,delete,5.341007149993557,3257.0,317.0,5.636437755863142,0.0,5.0,4.0,5.0,27.0
4139.0,add,5.417574052274635,3258.0,191.0,5.523084165385612,0.0,5.0,7.0,6.0,19.0
4140.0,delete,6.381021583220806,3259.0,269.0,5.6306295747581325,0.0,5.0,3.0,5.0,20.0
4141.0,delete,5.541419431558032,3260.0,333.0,5.496395786844457,0.0,3.0,3.0,7.0,16.0
4142.0,delete,5.201158770462143,3261.0,234.0,5.574432190299118,0.0,7.0,6.0,3.0,20.0
4143.0,add,6.90898237393618,3262.0,343.0,5.644276115873635,0.0,3.0,3.0,6.0,13.0
4144.0,delete,5.336068750365374,3263.0,348.0,5.83277424089159,0.0,2.0,2.0,4.0,14.0
4145.0,delete,5.0162879698516365,3264.0,350.0,6.387871862573152,0.0,2.0,1.0,4.0,13.0
4146.0,add,6.9366642530218545,3265.0,352.0,6.936664253021854,0.0,3.0,1.0,4.0,13.0
4147.0,add,6.936664253021854,3265.0,352.0,6.936664253021854,0.0,3.0,1.0,4.0,14.0
4148.0,delete,6.936664253021854,3265.0,352.0,6.936664253021854,0.0,3.0,1.0,4.0,12.0
4149.0,swap,7.042404513544968,3265.0,352.0,6.936664253021854,0.0,3.0,2.0,4.0,12.0
4150.0,delete,6.382130554880245,3266.0,81.0,5.778382264602204,5.0,7.0,4.0,4.0,15.0
4151.0,add,5.72223983294642,3267.0,13.0,5.8998652878504085,10.0,2.0,2.0,1.0,8.0
4152.0,delete,5.109965778892428,3268.0,141.0,5.413471882065358,0.0,4.0,4.0,3.0,18.0
4153.0,delete,5.893645002328825,3269.0,297.0,5.544452041501013,0.0,3.0,5.0,5.0,26.0
4154.0,delete,5.229055967518025,3270.0,318.0,5.669063347047969,0.0,4.0,4.0,6.0,26.0
4155.0,add,4.9086193084894605,3271.0,192.0,5.528409472652688,0.0,5.0,8.0,6.0,19.0
4156.0,add,6.129011280465961,3272.0,270.0,5.62882447831314,0.0,6.0,4.0,5.0,19.0
4157.0,delete,5.553234077935708,3273.0,235.0,5.58164442144026,0.0,7.0,6.0,3.0,19.0
4158.0,delete,5.990550322050451,3274.0,334.0,5.573720852799275,0.0,3.0,3.0,6.0,16.0
4159.0,delete,5.406694173562057,3275.0,344.0,5.707936449331857,0.0,2.0,2.0,6.0,14.0
4160.0,delete,4.637524420857536,3276.0,349.0,6.186017734654221,0.0,3.0,1.0,4.0,13.0
4161.0,add,6.412708698056953,3277.0,351.0,6.957812305126477,0.0,2.0,1.0,4.0,14.0
4162.0,delete,6.443762631160142,3278.0,82.0,5.776336202807517,4.0,7.0,5.0,4.0,14.0
4163.0,delete,5.279906309926842,3279.0,319.0,5.672839687593844,0.0,5.0,3.0,6.0,25.0
4164.0,delete,5.124290771757751,3280.0,142.0,5.41485844213897,0.0,4.0,4.0,3.0,17.0
4165.0,add,5.864360050127932,3281.0,298.0,5.535409845374164,0.0,4.0,5.0,4.0,27.0
4166.0,delete,4.32777071950902,3282.0,350.0,6.474613932125899,0.0,2.0,1.0,4.0,13.0
4167.0,add,5.7228508275826595,3283.0,14.0,5.8988522165688,10.0,2.0,2.0,2.0,8.0
4168.0,add,6.936664253021853,3284.0,353.0,6.936664253021854,0.0,3.0,1.0,4.0,14.0
4169.0,add,6.9072774291113825,3284.0,353.0,6.936664253021854,0.0,3.0,1.0,4.0,15.0
4170.0,delete,6.936664253021854,3284.0,353.0,6.936664253021854,0.0,3.0,1.0,4.0,13.0
4171.0,swap,6.936664253021852,3284.0,353.0,6.936664253021854,0.0,3.0,1.0,5.0,13.0
4172.0,add,5.64709091359814,3285.0,193.0,5.531500891975808,0.0,6.0,8.0,6.0,19.0
4173.0,add,5.543286154694179,3286.0,236.0,5.586766086791845,0.0,7.0,6.0,3.0,20.0
4174.0,add,6.019110928848719,3287.0,271.0,5.626869193726268,0.0,5.0,5.0,5.0,20.0
4175.0,delete,5.576905187472613,3288.0,335.0,5.620103472496226,0.0,2.0,3.0,6.0,16.0
4176.0,add,5.378378260242807,3289.0,345.0,5.758953030183415,0.0,4.0,2.0,5.0,14.0
4177.0,delete,6.838183167440529,3290.0,83.0,5.773770973723786,4.0,7.0,5.0,4.0,13.0
4178.0,delete,5.801009217617962,3291.0,320.0,5.691591528567534,0.0,5.0,4.0,6.0,23.0
4179.0,delete,4.131221678531493,3292.0,143.0,5.420512744562061,0.0,3.0,4.0,3.0,17.0
4180.0,delete,5.667148161944562,3293.0,299.0,5.540667500804785,0.0,4.0,5.0,4.0,26.0
4181.0,add,6.9366642530218545,3294.0,352.0,6.9307868882397585,0.0,3.0,1.0,5.0,13.0
4182.0,add,6.3732247941242,3295.0,351.0,6.895973151353467,0.0,2.0,1.0,4.0,14.0
4183.0,add,6.169109019058796,3296.0,15.0,5.899672236932208,10.0,2.0,3.0,1.0,9.0
4184.0,delete,5.541419431558031,3297.0,336.0,5.650436228565509,0.0,3.0,3.0,5.0,15.0
4185.0,add,6.907277429111382,3298.0,354.0,6.9072774291113825,0.0,3.0,1.0,4.0,15.0
4186.0,add,6.8561522474708605,3298.0,354.0,6.9072774291113825,0.0,3.0,1.0,4.0,16.0
4187.0,delete,6.907277429111382,3298.0,354.0,6.9072774291113825,0.0,3.0,1.0,3.0,15.0
4188.0,swap,7.078532607027186,3298.0,354.0,6.9072774291113825,0.0,3.0,2.0,4.0,14.0
4189.0,add,5.20612449719095,3299.0,194.0,5.536952476534313,0.0,5.0,8.0,6.0,21.0
4190.0,add,5.7068861199683045,3300.0,237.0,5.593390435290349,0.0,7.0,6.0,4.0,20.0
4191.0,add,5.856359977229655,3301.0,272.0,5.631876264181928,0.0,5.0,4.0,5.0,22.0
4192.0,delete,6.626828052442956,3302.0,84.0,5.771386119545193,4.0,7.0,5.0,4.0,12.0
4193.0,delete,6.563319997980009,3303.0,346.0,5.951758059961211,0.0,3.0,2.0,5.0,14.0
4194.0,delete,6.364026113918062,3304.0,300.0,5.560028581943026,0.0,4.0,5.0,3.0,26.0
4195.0,add,4.421838722924043,3305.0,144.0,5.432628077519738,0.0,3.0,5.0,3.0,17.0
4196.0,add,5.999976505370722,3306.0,321.0,5.720785372096976,0.0,5.0,4.0,6.0,24.0
4197.0,add,6.749936975357439,3307.0,353.0,6.931303428366438,0.0,3.0,2.0,4.0,14.0
4198.0,delete,3.9332936711321973,3308.0,337.0,5.746847908895941,0.0,3.0,1.0,6.0,15.0
4199.0,add,6.169175120019015,3309.0,16.0,5.89966157959064,10.0,2.0,3.0,1.0,10.0
4200.0,add,6.94510453856574,3310.0,352.0,6.917252307481718,0.0,3.0,1.0,4.0,14.0
4201.0,delete,5.304436337243056,3311.0,347.0,6.092869384942753,0.0,3.0,2.0,5.0,13.0
4202.0,add,6.8561522474708605,3312.0,355.0,6.8561522474708605,0.0,3.0,1.0,4.0,16.0
4203.0,add,6.856152247470861,3312.0,355.0,6.8561522474708605,0.0,3.0,1.0,5.0,16.0
4204.0,delete,7.213183171780836,3312.0,355.0,6.8561522474708605,0.0,3.0,0.0,4.0,16.0
4205.0,swap,6.563375456131125,3312.0,355.0,6.8561522474708605,0.0,3.0,1.0,4.0,16.0
4206.0,add,5.276887798969319,3313.0,195.0,5.546155922010304,0.0,5.0,8.0,6.0,22.0
4207.0,delete,6.253584939487092,3314.0,85.0,5.77004168837581,4.0,7.0,4.0,4.0,12.0
4208.0,delete,6.107476116602325,3315.0,238.0,5.601151281484579,0.0,7.0,6.0,4.0,19.0
4209.0,add,6.093295124788948,3316.0,273.0,5.636150987580427,0.0,5.0,4.0,6.0,22.0
4210.0,add,5.491492104102255,3317.0,301.0,5.577346060494794,0.0,4.0,4.0,3.0,28.0
4211.0,add,3.7808955103868223,3318.0,145.0,5.442926869302027,0.0,3.0,5.0,4.0,17.0
4212.0,add,5.97732274315819,3319.0,322.0,5.736033406755268,0.0,5.0,4.0,8.0,23.0
4213.0,add,7.028669075835457,3320.0,354.0,6.869003074064909,0.0,3.0,1.0,4.0,16.0
4214.0,add,4.781780384482263,3321.0,338.0,5.855210602168925,0.0,3.0,2.0,6.0,15.0
4215.0,add,6.169175120019015,3322.0,17.0,5.89946445838896,10.0,2.0,3.0,1.0,11.0
4216.0,delete,5.3044363372430565,3323.0,348.0,6.317892195474307,0.0,3.0,2.0,3.0,14.0
4217.0,add,6.9366642530218545,3324.0,353.0,6.902180574170796,0.0,3.0,1.0,5.0,14.0
4218.0,delete,5.810530533170303,3325.0,239.0,5.601527574392082,0.0,6.0,6.0,4.0,19.0
4219.0,add,5.648154907941907,3326.0,196.0,5.550080474139593,0.0,5.0,8.0,6.0,23.0
4220.0,delete,6.159442254439899,3327.0,274.0,5.63153338121706,0.0,5.0,5.0,5.0,21.0
4221.0,add,6.85615224747086,3328.0,356.0,6.856152247470861,0.0,3.0,1.0,5.0,16.0
4222.0,add,6.856152247470861,3328.0,356.0,6.856152247470861,0.0,3.0,1.0,5.0,17.0
4223.0,delete,6.959064961352834,3328.0,356.0,6.856152247470861,0.0,2.0,1.0,5.0,16.0
4224.0,swap,7.218909513664244,3328.0,356.0,6.856152247470861,0.0,3.0,0.0,5.0,17.0
4225.0,delete,6.237581326032842,3329.0,86.0,5.76937285544749,4.0,7.0,4.0,3.0,12.0
4226.0,delete,5.463526169887819,3330.0,302.0,5.599550917198123,0.0,4.0,4.0,3.0,27.0
4227.0,add,2.629872526398921,3331.0,146.0,5.453559220079924,0.0,3.0,5.0,4.0,18.0
4228.0,delete,6.007414813696468,3332.0,323.0,5.756899073120179,0.0,5.0,4.0,7.0,23.0
4229.0,delete,4.83005716999144,3333.0,339.0,5.956140948331947,0.0,3.0,2.0,6.0,14.0
4230.0,delete,5.906974509836934,3334.0,349.0,6.5076453335184485,0.0,3.0,0.0,4.0,14.0
4231.0,add,5.8475964393650335,3335.0,18.0,5.898410093110157,10.0,3.0,4.0,1.0,10.0
4232.0,add,6.856152247470862,3336.0,355.0,6.949286243485932,0.0,3.0,1.0,5.0,16.0
4233.0,delete,6.0111177972868495,3337.0,240.0,5.605513486598239,0.0,7.0,6.0,4.0,17.0
4234.0,delete,5.865876542922206,3338.0,197.0,5.554007681852938,0.0,5.0,8.0,6.0,22.0
4235.0,add,6.250679464016617,3339.0,354.0,6.920010514871787,0.0,3.0,1.0,4.0,16.0
4236.0,add,5.93344840949177,3340.0,275.0,5.636764201816008,0.0,5.0,6.0,4.0,22.0
4237.0,delete,5.697315512204214,3341.0,87.0,5.7670496225307915,3.0,7.0,4.0,4.0,11.0
4238.0,add,6.856152247470862,3342.0,357.0,6.856152247470861,0.0,3.0,1.0,5.0,17.0
4239.0,delete,6.856152247470861,3342.0,357.0,6.856152247470861,0.0,3.0,1.0,5.0,16.0
4240.0,swap,7.451618808669737,3342.0,357.0,6.856152247470861,0.0,3.0,2.0,5.0,16.0
4241.0,add,4.577030853277076,3343.0,303.0,5.62312710521722,0.0,4.0,4.0,3.0,28.0
4242.0,delete,6.01093849280299,3344.0,324.0,5.772599703565962,0.0,3.0,4.0,7.0,24.0
4243.0,add,4.437788335464748,3345.0,147.0,5.465159115782373,0.0,3.0,5.0,4.0,19.0
4244.0,delete,5.399768168631083,3346.0,340.0,6.047892403446369,0.0,3.0,2.0,7.0,12.0
4245.0,delete,5.016287969851637,3347.0,350.0,6.708594740298198,0.0,2.0,1.0,3.0,14.0
4246.0,add,6.85615224747086,3348.0,356.0,7.00501888777058,0.0,3.0,1.0,6.0,16.0
4247.0,add,5.797466334372826,3349.0,19.0,5.8977128436355954,10.0,2.0,4.0,1.0,12.0
4248.0,delete,6.144592078276737,3350.0,241.0,5.608246606973214,0.0,7.0,5.0,4.0,17.0
4249.0,delete,5.686209687736731,3351.0,198.0,5.557013099180053,0.0,5.0,8.0,4.0,23.0
4250.0,delete,6.856152247470861,3352.0,358.0,6.856152247470861,0.0,3.0,1.0,5.0,16.0
4251.0,add,7.028236997028756,3352.0,358.0,6.856152247470861,0.0,3.0,1.0,5.0,17.0
4252.0,delete,6.896090693447063,3352.0,358.0,6.856152247470861,0.0,3.0,1.0,5.0,15.0
4253.0,swap,6.207832988798912,3352.0,358.0,6.856152247470861,0.0,3.0,1.0,5.0,16.0
4254.0,delete,5.384733715850893,3353.0,88.0,5.769004521267457,2.0,6.0,4.0,4.0,12.0
4255.0,delete,5.45586451855559,3354.0,276.0,5.648388499888501,0.0,5.0,5.0,4.0,22.0
4256.0,delete,5.8372513861325555,3355.0,325.0,5.785858930791819,0.0,3.0,4.0,7.0,23.0
4257.0,add,4.74132777584829,3356.0,304.0,5.648522127071015,0.0,4.0,3.0,4.0,29.0
4258.0,delete,5.440695802522715,3357.0,341.0,6.094367285564651,0.0,3.0,1.0,6.0,13.0
4259.0,add,2.221040364651064,3358.0,148.0,5.479247811060866,0.0,3.0,5.0,5.0,19.0
4260.0,add,5.869098582814144,3359.0,355.0,6.9007837101948875,0.0,3.0,1.0,4.0,17.0
4261.0,add,5.1064465476230145,3360.0,351.0,6.846205253319378,0.0,3.0,1.0,4.0,13.0
4262.0,delete,6.123290120795305,3361.0,242.0,5.6135454800113305,0.0,7.0,5.0,4.0,16.0
4263.0,add,5.813312115608049,3362.0,20.0,5.897104453451709,10.0,2.0,4.0,1.0,13.0
4264.0,delete,6.856152247470862,3363.0,357.0,6.76889303484329,0.0,3.0,1.0,4.0,17.0
4265.0,add,6.036277243960314,3364.0,199.0,5.559108113696081,0.0,5.0,9.0,5.0,22.0
4266.0,add,7.028236997028758,3365.0,359.0,7.028236997028756,0.0,3.0,1.0,5.0,17.0
4267.0,add,6.168169000870922,3365.0,359.0,7.028236997028756,0.0,3.0,2.0,5.0,17.0
4268.0,delete,7.028236997028756,3365.0,359.0,7.028236997028756,0.0,3.0,1.0,5.0,16.0
4269.0,swap,6.098137460850528,3365.0,359.0,7.028236997028756,0.0,3.0,2.0,5.0,16.0
4270.0,delete,6.2245165691678555,3366.0,89.0,5.768066570171151,3.0,6.0,4.0,4.0,10.0
4271.0,add,5.443569357389656,3367.0,277.0,5.659413300254572,0.0,5.0,5.0,4.0,23.0
4272.0,delete,5.677732435551113,3368.0,326.0,5.800422940584887,0.0,4.0,3.0,7.0,22.0
4273.0,add,5.105503309933262,3369.0,305.0,5.669000421579462,0.0,4.0,4.0,4.0,29.0
4274.0,delete,3.027956753826139,3370.0,149.0,5.496576990444327,0.0,3.0,5.0,4.0,19.0
4275.0,add,5.296137640206984,3371.0,342.0,6.145294380690618,0.0,3.0,3.0,6.0,12.0
4276.0,add,6.897129747100154,3372.0,356.0,6.788819530610614,0.0,4.0,1.0,5.0,16.0
4277.0,delete,5.334530584439598,3373.0,243.0,5.620444365939087,0.0,7.0,5.0,3.0,16.0
4278.0,add,6.876614961391213,3374.0,352.0,6.831788117051642,0.0,3.0,2.0,4.0,13.0
4279.0,add,5.919610146802334,3375.0,21.0,5.897454580000867,10.0,2.0,4.0,1.0,14.0
4280.0,add,6.964639853442924,3376.0,358.0,6.670203490561545,0.0,3.0,2.0,5.0,16.0
4281.0,add,5.913414075591202,3377.0,200.0,5.562435515520995,0.0,5.0,9.0,5.0,23.0
4282.0,delete,5.710752932787817,3378.0,90.0,5.7657515282110445,3.0,6.0,3.0,4.0,10.0
4283.0,delete,6.856152247470861,3379.0,357.0,6.726185248264471,0.0,3.0,1.0,5.0,16.0
4284.0,add,5.410132782712881,3380.0,278.0,5.670184593608421,0.0,5.0,5.0,5.0,23.0
4285.0,delete,6.158265545279453,3381.0,327.0,5.816693831397163,0.0,4.0,3.0,7.0,21.0
4286.0,add,6.1390762785336985,3382.0,360.0,6.168169000870922,0.0,3.0,2.0,5.0,17.0
4287.0,add,6.184790591152952,3382.0,360.0,6.168169000870922,0.0,3.0,2.0,5.0,18.0
4288.0,delete,5.971262334039556,3382.0,360.0,6.168169000870922,0.0,3.0,2.0,5.0,16.0
4289.0,swap,6.190289428574659,3382.0,360.0,6.168169000870922,0.0,3.0,3.0,5.0,16.0
4290.0,delete,3.9834979848341914,3383.0,150.0,5.509627584630042,0.0,3.0,4.0,4.0,19.0
4291.0,add,5.228182938593338,3384.0,306.0,5.694854825244843,0.0,4.0,4.0,5.0,29.0
4292.0,add,5.3153494721087124,3385.0,343.0,6.171501025811297,0.0,4.0,2.0,6.0,13.0
4293.0,add,5.295036967982718,3386.0,244.0,5.627012652143428,0.0,7.0,6.0,4.0,15.0
4294.0,add,7.096661842365303,3387.0,353.0,6.746603115244966,0.0,3.0,1.0,4.0,15.0
4295.0,add,6.338102855637184,3388.0,22.0,5.897822933477747,10.0,2.0,4.0,1.0,15.0
4296.0,add,7.478329436896259,3389.0,359.0,6.130717526634358,0.0,3.0,1.0,5.0,18.0
4297.0,delete,6.61934773114305,3390.0,91.0,5.764414761935636,3.0,6.0,4.0,4.0,8.0
4298.0,add,5.65939581321186,3391.0,201.0,5.564734541277495,0.0,5.0,9.0,6.0,23.0
4299.0,delete,5.407185850406443,3392.0,279.0,5.6798903212825795,0.0,5.0,5.0,4.0,23.0
4300.0,delete,6.007988353288873,3393.0,328.0,5.830097571173547,0.0,3.0,3.0,7.0,21.0
4301.0,add,6.362526272651128,3394.0,358.0,6.5708550341316165,0.0,3.0,2.0,5.0,16.0
4302.0,add,6.184790591152951,3395.0,361.0,6.184790591152952,0.0,3.0,2.0,5.0,18.0
4303.0,delete,6.643577179635284,3395.0,361.0,6.184790591152952,0.0,3.0,1.0,5.0,18.0
4304.0,swap,3.940006695720418,3395.0,361.0,6.184790591152952,0.0,3.0,2.0,5.0,18.0
4305.0,delete,4.228173026001692,3396.0,151.0,5.518681182112282,0.0,3.0,5.0,4.0,17.0
4306.0,add,5.2767358331157395,3397.0,307.0,5.711311135021701,0.0,5.0,4.0,6.0,28.0
4307.0,delete,5.37522310181369,3398.0,344.0,6.179101463732268,0.0,3.0,2.0,6.0,13.0
4308.0,add,6.212767763333568,3399.0,360.0,5.738291264415401,0.0,3.0,2.0,5.0,18.0
4309.0,add,5.308829327727044,3400.0,245.0,5.630357144650043,0.0,9.0,5.0,4.0,15.0
4310.0,add,6.938710052670018,3401.0,354.0,6.626988546441093,0.0,3.0,1.0,4.0,16.0
4311.0,add,5.841101439839906,3402.0,23.0,5.897927630235415,10.0,2.0,4.0,2.0,15.0
4312.0,delete,6.872588644707172,3403.0,92.0,5.759960146197976,3.0,5.0,3.0,4.0,9.0
4313.0,delete,5.804386869147263,3404.0,202.0,5.567111099260493,0.0,5.0,8.0,5.0,24.0
4314.0,delete,5.419324824554243,3405.0,280.0,5.6859205104190735,0.0,5.0,4.0,5.0,22.0
4315.0,delete,5.813213174704241,3406.0,329.0,5.832512741430174,0.0,3.0,3.0,7.0,20.0
4316.0,delete,6.626792574386514,3407.0,362.0,6.643577179635284,0.0,3.0,1.0,5.0,18.0
4317.0,delete,6.938122564877281,3407.0,362.0,6.643577179635284,0.0,3.0,1.0,5.0,17.0
4318.0,swap,5.883720459167724,3407.0,362.0,6.643577179635284,0.0,3.0,2.0,4.0,18.0
4319.0,add,7.067367470110156,3408.0,359.0,6.197053453718599,0.0,3.0,1.0,5.0,18.0
4320.0,add,5.186660571476723,3409.0,152.0,5.529985908335922,0.0,4.0,4.0,4.0,18.0
4321.0,add,4.420064341831901,3410.0,345.0,6.229535095226,0.0,4.0,2.0,5.0,14.0
4322.0,add,5.240517024087671,3411.0,308.0,5.730824729666704,0.0,4.0,5.0,6.0,29.0
4323.0,delete,6.948894653051859,3412.0,361.0,6.5230531945167005,0.0,3.0,2.0,5.0,17.0
4324.0,delete,6.938122564877282,3413.0,363.0,6.938122564877281,0.0,3.0,1.0,5.0,17.0
4325.0,delete,7.081663540359171,3413.0,363.0,6.938122564877281,0.0,3.0,1.0,5.0,16.0
4326.0,swap,7.00603811942862,3413.0,363.0,6.938122564877281,0.0,3.0,1.0,5.0,17.0
4327.0,add,5.936280162880417,3414.0,24.0,5.8991954220209415,10.0,2.0,4.0,3.0,15.0
4328.0,delete,7.012284784616373,3415.0,93.0,5.757898781673276,2.0,5.0,3.0,4.0,9.0
4329.0,delete,5.663175759295631,3416.0,203.0,5.575453845819023,0.0,4.0,9.0,5.0,23.0
4330.0,add,5.115630431969516,3417.0,246.0,5.641008945039175,0.0,8.0,6.0,4.0,16.0
4331.0,add,5.4829569956136215,3418.0,281.0,5.700088618557578,0.0,5.0,5.0,5.0,22.0
4332.0,delete,6.060936594297668,3419.0,330.0,5.868202447997038,0.0,3.0,3.0,7.0,19.0
4333.0,add,7.012108295621366,3420.0,355.0,6.638416185237939,0.0,4.0,1.0,4.0,16.0
4334.0,add,6.168169000870922,3421.0,360.0,6.382440608095302,0.0,3.0,2.0,5.0,18.0
4335.0,delete,5.3360687503653725,3422.0,346.0,6.313596403411789,0.0,2.0,2.0,5.0,15.0
4336.0,add,4.565812451997556,3423.0,153.0,5.540335091789708,0.0,4.0,5.0,4.0,18.0
4337.0,delete,6.643577179635285,3424.0,362.0,6.990986697385588,0.0,3.0,1.0,4.0,18.0
4338.0,add,4.922035696785993,3425.0,309.0,5.761007888538922,0.0,4.0,5.0,6.0,30.0
4339.0,delete,7.081663540359171,3426.0,364.0,7.081663540359171,0.0,3.0,1.0,5.0,16.0
4340.0,add,7.0797966294275225,3426.0,364.0,7.081663540359171,0.0,3.0,1.0,5.0,17.0
4341.0,delete,7.122993061099954,3426.0,364.0,7.081663540359171,0.0,3.0,1.0,5.0,15.0
4342.0,swap,7.08166354035917,3426.0,364.0,7.081663540359171,0.0,3.0,1.0,5.0,16.0
4343.0,add,5.677860755024751,3427.0,25.0,5.900214009319689,10.0,2.0,4.0,2.0,17.0
4344.0,add,6.914286981021292,3428.0,94.0,5.754645522742088,2.0,5.0,4.0,4.0,9.0
4345.0,add,5.231691884583771,3429.0,204.0,5.5841620677608175,0.0,5.0,9.0,5.0,23.0
4346.0,add,4.585552484434219,3430.0,247.0,5.654051275637827,0.0,8.0,5.0,4.0,18.0
4347.0,delete,4.301237554078087,3431.0,282.0,5.715750411216008,0.0,5.0,4.0,5.0,22.0
4348.0,delete,5.398647628113402,3432.0,331.0,5.910293745817054,0.0,2.0,3.0,7.0,19.0
4349.0,add,6.081659530521728,3433.0,356.0,6.65213162795765,0.0,3.0,1.0,5.0,17.0
4350.0,delete,6.563319997980009,3434.0,347.0,6.3967440452146915,0.0,3.0,2.0,5.0,13.0
4351.0,delete,6.184790591152952,3435.0,361.0,6.8520481235896025,0.0,3.0,2.0,5.0,17.0
4352.0,add,4.386942762724161,3436.0,154.0,5.548672707176631,0.0,3.0,6.0,4.0,19.0
4353.0,delete,6.938122564877281,3437.0,363.0,7.089556062320997,0.0,3.0,1.0,5.0,16.0
4354.0,add,5.219084131523824,3438.0,310.0,5.790972459484704,0.0,4.0,6.0,6.0,30.0
4355.0,delete,5.546871097473133,3439.0,332.0,5.930352409214608,0.0,3.0,3.0,7.0,17.0
4356.0,delete,4.326786526883453,3440.0,283.0,5.721889925379425,0.0,5.0,4.0,5.0,21.0
4357.0,delete,6.957087864415298,3441.0,95.0,5.747997966596129,2.0,5.0,3.0,3.0,10.0
4358.0,add,4.771266579301182,3442.0,248.0,5.6617035970737595,0.0,8.0,5.0,4.0,19.0
4359.0,add,5.722042504883533,3443.0,26.0,5.899517306023743,10.0,2.0,4.0,2.0,18.0
4360.0,add,4.54111837672997,3444.0,205.0,5.586109010480076,0.0,6.0,9.0,5.0,23.0
4361.0,add,7.0797966294275225,3445.0,365.0,7.0797966294275225,0.0,3.0,1.0,5.0,17.0
4362.0,add,6.747121623224947,3445.0,365.0,7.0797966294275225,0.0,3.0,1.0,5.0,18.0
4363.0,delete,7.0797966294275225,3445.0,365.0,7.0797966294275225,0.0,3.0,1.0,5.0,16.0
4364.0,swap,7.0797966294275225,3445.0,365.0,7.0797966294275225,0.0,3.0,1.0,5.0,17.0
4365.0,delete,5.974722801228185,3446.0,348.0,6.495404297590536,0.0,3.0,1.0,4.0,14.0
4366.0,delete,6.856152247470861,3447.0,357.0,6.641181336086163,0.0,3.0,1.0,5.0,16.0
4367.0,delete,3.917007360237709,3448.0,155.0,5.5591912683776945,0.0,3.0,5.0,4.0,19.0
4368.0,delete,6.643577179635284,3449.0,362.0,6.992733915486302,0.0,3.0,1.0,5.0,17.0
4369.0,delete,5.378206632159386,3450.0,333.0,5.961289064139171,0.0,2.0,3.0,7.0,17.0
4370.0,add,5.286686015360738,3451.0,311.0,5.81695695088493,0.0,5.0,5.0,6.0,31.0
4371.0,delete,5.685155828004685,3452.0,284.0,5.734426338587521,0.0,3.0,4.0,5.0,22.0
4372.0,add,7.05060486050491,3453.0,364.0,7.013261628187007,0.0,3.0,1.0,5.0,17.0
4373.0,add,6.957129295946281,3454.0,96.0,5.743371730674667,2.0,6.0,3.0,4.0,9.0
4374.0,add,5.151062529955183,3455.0,249.0,5.679171395276002,0.0,8.0,6.0,4.0,19.0
4375.0,add,5.589732391989249,3456.0,27.0,5.900922120742168,10.0,2.0,4.0,3.0,18.0
4376.0,add,5.234158184733331,3457.0,206.0,5.5961817726764576,0.0,6.0,9.0,5.0,24.0
4377.0,delete,6.938122564877285,3458.0,363.0,7.038456295317698,0.0,3.0,1.0,4.0,17.0
4378.0,add,6.207832988798912,3459.0,358.0,6.641881744833513,0.0,3.0,1.0,5.0,17.0
4379.0,add,6.752839985407436,3460.0,366.0,6.747121623224947,0.0,3.0,1.0,5.0,18.0
4380.0,add,6.318428266985272,3460.0,366.0,6.747121623224947,0.0,3.0,1.0,5.0,19.0
4381.0,delete,6.160487574951032,3460.0,366.0,6.747121623224947,0.0,2.0,1.0,5.0,18.0
4382.0,swap,6.74712162322495,3460.0,366.0,6.747121623224947,0.0,3.0,1.0,6.0,17.0
4383.0,add,5.031253671480596,3461.0,156.0,5.571929537707825,0.0,3.0,5.0,4.0,20.0
4384.0,delete,5.576905187472613,3462.0,334.0,6.003257099871035,0.0,2.0,3.0,6.0,17.0
4385.0,delete,4.905098105870069,3463.0,312.0,5.835837884711311,0.0,5.0,4.0,6.0,31.0
4386.0,delete,5.845571909737105,3464.0,285.0,5.742662330910328,0.0,4.0,3.0,5.0,21.0
4387.0,delete,5.233497094378069,3465.0,349.0,6.5664323663770325,0.0,3.0,1.0,4.0,13.0
4388.0,add,6.716729538795986,3466.0,365.0,6.545199814758727,0.0,3.0,1.0,5.0,18.0
4389.0,add,6.4883602241191,3467.0,97.0,5.739233902733803,2.0,5.0,4.0,4.0,10.0
4390.0,add,4.963070972128457,3468.0,250.0,5.694168090944048,0.0,8.0,6.0,4.0,20.0
4391.0,add,5.592989036170533,3469.0,28.0,5.902050087621303,10.0,3.0,4.0,3.0,18.0
4392.0,add,5.152623317234074,3470.0,207.0,5.603366906666624,0.0,6.0,9.0,6.0,24.0
4393.0,add,7.081663540359169,3471.0,364.0,6.801138180982239,0.0,3.0,1.0,6.0,16.0
4394.0,add,7.0282369970287535,3472.0,359.0,6.623093435902565,0.0,3.0,1.0,6.0,17.0
4395.0,delete,5.0162879698516365,3473.0,350.0,6.646679665541636,0.0,2.0,1.0,4.0,13.0
4396.0,add,6.324765593510641,3474.0,367.0,6.318428266985272,0.0,3.0,1.0,5.0,19.0
4397.0,add,6.370529371300844,3474.0,367.0,6.318428266985272,0.0,3.0,1.0,5.0,20.0
4398.0,delete,6.318428266985272,3474.0,367.0,6.318428266985272,0.0,3.0,1.0,4.0,19.0
4399.0,swap,6.953465001297123,3474.0,367.0,6.318428266985272,0.0,3.0,2.0,5.0,18.0
4400.0,add,4.780613028852441,3475.0,157.0,5.583313840675866,0.0,3.0,6.0,4.0,20.0
4401.0,delete,5.845571909737103,3476.0,286.0,5.751800525523194,0.0,4.0,3.0,4.0,21.0
4402.0,delete,6.029653326963898,3477.0,313.0,5.854203148665524,0.0,4.0,5.0,6.0,30.0
4403.0,delete,5.541419431558031,3478.0,335.0,6.033637597210527,0.0,3.0,3.0,6.0,15.0
4404.0,add,6.779932254444635,3479.0,366.0,6.45712330001583,0.0,3.0,1.0,5.0,19.0
4405.0,add,6.4883602241191,3480.0,98.0,5.735078523723092,2.0,5.0,4.0,4.0,11.0
4406.0,add,4.768956646054989,3481.0,251.0,5.708863013290125,0.0,8.0,6.0,4.0,21.0
4407.0,add,5.693368594058451,3482.0,29.0,5.903596318604835,10.0,3.0,4.0,2.0,20.0
4408.0,add,4.87515706044491,3483.0,208.0,5.611890408805767,0.0,6.0,10.0,6.0,24.0
4409.0,add,7.046304878459402,3484.0,365.0,6.562713554557104,0.0,3.0,1.0,5.0,18.0
4410.0,add,6.168169000870922,3485.0,360.0,6.643066036337761,0.0,3.0,2.0,6.0,17.0
4411.0,add,6.611409129287919,3486.0,351.0,6.711371358167249,0.0,2.0,1.0,4.0,14.0
4412.0,add,6.365072713915051,3487.0,368.0,6.370529371300844,0.0,3.0,1.0,5.0,20.0
4413.0,add,6.3941925588768225,3487.0,368.0,6.370529371300844,0.0,3.0,1.0,5.0,21.0
4414.0,delete,6.556250276681753,3487.0,368.0,6.370529371300844,0.0,2.0,1.0,5.0,20.0
4415.0,swap,6.3705293713008455,3487.0,368.0,6.370529371300844,0.0,3.0,1.0,6.0,19.0
4416.0,add,5.181137617173962,3488.0,158.0,5.590239615187393,0.0,3.0,5.0,5.0,21.0
4417.0,add,5.232764818035113,3489.0,287.0,5.76555206915797,0.0,4.0,4.0,4.0,21.0
4418.0,delete,5.2246641696014064,3490.0,314.0,5.880698276769466,0.0,5.0,4.0,5.0,30.0
4419.0,delete,6.661892820063475,3491.0,336.0,6.071548568608424,0.0,3.0,3.0,6.0,14.0
4420.0,delete,5.083731592563237,3492.0,252.0,5.722573683115753,0.0,9.0,6.0,4.0,19.0
4421.0,add,6.488360224119101,3493.0,99.0,5.730437975706933,2.0,5.0,4.0,5.0,11.0
4422.0,delete,5.235237582397389,3494.0,209.0,5.620528760624915,0.0,7.0,10.0,6.0,22.0
4423.0,add,5.783580637535148,3495.0,30.0,5.904610105231418,10.0,3.0,4.0,2.0,21.0
4424.0,add,6.736480717304578,3496.0,367.0,6.411314858415063,0.0,3.0,2.0,5.0,19.0
4425.0,delete,6.659942006149108,3497.0,361.0,6.738758369564637,0.0,3.0,2.0,5.0,17.0
4426.0,add,6.180969741977282,3498.0,366.0,6.498915853872986,0.0,3.0,2.0,5.0,18.0
4427.0,add,7.065314286709719,3499.0,352.0,6.706652339282845,0.0,3.0,1.0,4.0,14.0
4428.0,delete,4.865347525550819,3500.0,337.0,6.109340286991853,0.0,3.0,2.0,6.0,14.0
4429.0,delete,5.256166512116265,3501.0,315.0,5.900018247110464,0.0,5.0,4.0,6.0,28.0
4430.0,add,6.394192558876824,3502.0,369.0,6.3941925588768225,0.0,3.0,1.0,5.0,21.0
4431.0,delete,6.394192558876822,3502.0,369.0,6.3941925588768225,0.0,3.0,1.0,4.0,21.0
4432.0,swap,6.62126822350005,3502.0,369.0,6.3941925588768225,0.0,3.0,1.0,5.0,21.0
4433.0,add,4.971144562098513,3503.0,159.0,5.593402067710057,0.0,3.0,6.0,4.0,22.0
4434.0,delete,5.965102709634069,3504.0,288.0,5.772610371711353,0.0,3.0,4.0,4.0,21.0
4435.0,add,6.339670671276127,3505.0,368.0,6.45096147503263,0.0,3.0,1.0,5.0,21.0
4436.0,delete,7.0472374003993385,3506.0,100.0,5.726232463062072,2.0,4.0,4.0,5.0,11.0
4437.0,delete,5.390607236754559,3507.0,210.0,5.627995854536364,0.0,7.0,9.0,6.0,22.0
4438.0,delete,5.667615929588132,3508.0,31.0,5.906253637802853,10.0,3.0,4.0,1.0,21.0
4439.0,add,5.115579086726621,3509.0,253.0,5.734831513651629,0.0,9.0,6.0,4.0,20.0
4440.0,delete,6.799544944572971,3510.0,362.0,6.72959217205471,0.0,2.0,1.0,5.0,18.0
4441.0,delete,6.355419523278727,3511.0,370.0,6.394192558876822,0.0,3.0,1.0,4.0,21.0
4442.0,delete,6.394192558876822,3511.0,370.0,6.394192558876822,0.0,3.0,1.0,4.0,20.0
4443.0,swap,6.2601634037571685,3511.0,370.0,6.394192558876822,0.0,3.0,2.0,4.0,20.0
4444.0,delete,5.560389885303358,3512.0,316.0,5.9273073924397695,0.0,5.0,4.0,6.0,27.0
4445.0,add,4.756208850921749,3513.0,338.0,6.165000438446196,0.0,3.0,2.0,6.0,15.0
4446.0,delete,4.873771321010855,3514.0,160.0,5.595006916461889,0.0,3.0,6.0,4.0,21.0
4447.0,add,6.701632401067865,3515.0,353.0,6.671185847425239,0.0,3.0,2.0,4.0,14.0
4448.0,add,6.115851750757714,3516.0,289.0,5.775501841044467,0.0,4.0,4.0,4.0,21.0
4449.0,add,6.2830828939764904,3517.0,367.0,6.427088808294035,0.0,3.0,1.0,5.0,20.0
4450.0,delete,6.3941925588768225,3518.0,369.0,6.350992011197385,0.0,3.0,1.0,5.0,20.0
4451.0,delete,7.487670492484635,3519.0,101.0,5.720569947813234,1.0,4.0,4.0,5.0,11.0
4452.0,delete,7.1061816919465315,3520.0,363.0,6.665941231806308,0.0,3.0,1.0,5.0,16.0
4453.0,delete,6.004195424542051,3521.0,32.0,5.907667959542074,9.0,3.0,4.0,2.0,20.0
4454.0,add,5.434676500340614,3522.0,211.0,5.633367954926982,0.0,7.0,9.0,6.0,23.0
4455.0,add,5.127876374292087,3523.0,254.0,5.75035847616416,0.0,9.0,7.0,4.0,20.0
4456.0,delete,6.394192558876822,3524.0,371.0,6.394192558876822,0.0,3.0,1.0,4.0,20.0
4457.0,delete,6.394192558876822,3524.0,371.0,6.394192558876822,0.0,3.0,1.0,4.0,19.0
4458.0,swap,6.808864563155134,3524.0,371.0,6.394192558876822,0.0,3.0,2.0,4.0,19.0
4459.0,delete,5.339837382009818,3525.0,317.0,5.9472675685515695,0.0,4.0,4.0,6.0,27.0
4460.0,delete,5.077593706092319,3526.0,339.0,6.218570880458806,0.0,3.0,2.0,7.0,13.0
4461.0,add,6.8856927958875875,3527.0,354.0,6.646364913190219,0.0,3.0,2.0,4.0,15.0
4462.0,add,5.875296087731593,3528.0,161.0,5.596470004523347,0.0,3.0,6.0,5.0,21.0
4463.0,add,6.331494292631288,3529.0,368.0,6.428727858092081,0.0,3.0,1.0,5.0,21.0
4464.0,add,6.002334647953114,3530.0,290.0,5.781121690259551,0.0,4.0,4.0,4.0,22.0
4465.0,delete,6.394192558876822,3531.0,370.0,6.4978605599464,0.0,3.0,1.0,4.0,20.0
4466.0,delete,7.324323590661006,3532.0,102.0,5.715162670756235,2.0,4.0,4.0,4.0,10.0
4467.0,delete,6.394192558876822,3533.0,372.0,6.394192558876822,0.0,3.0,1.0,4.0,19.0
4468.0,delete,7.016713714425711,3533.0,372.0,6.394192558876822,0.0,2.0,1.0,4.0,19.0
4469.0,swap,6.809340296239305,3533.0,372.0,6.394192558876822,0.0,3.0,1.0,5.0,18.0
4470.0,delete,5.6903310919152466,3534.0,33.0,5.9092152466287,8.0,3.0,4.0,1.0,21.0
4471.0,add,5.354700507949576,3535.0,212.0,5.639463257439761,0.0,7.0,9.0,6.0,24.0
4472.0,delete,4.52329060194564,3536.0,255.0,5.769654306404482,0.0,9.0,7.0,4.0,19.0
4473.0,add,7.0475909324909916,3537.0,364.0,6.591967373913967,0.0,3.0,1.0,5.0,17.0
4474.0,delete,4.654149129196234,3538.0,318.0,5.969346039162706,0.0,5.0,3.0,6.0,26.0
4475.0,delete,5.37522310181369,3539.0,340.0,6.271047884553067,0.0,3.0,2.0,7.0,12.0
4476.0,delete,6.764654836644261,3540.0,369.0,6.500820784416149,0.0,3.0,1.0,5.0,20.0
4477.0,delete,5.342979140220406,3541.0,162.0,5.597401796502608,0.0,3.0,6.0,4.0,21.0
4478.0,add,6.8561522474708605,3542.0,355.0,6.637063515884428,0.0,3.0,1.0,4.0,17.0
4479.0,delete,6.351269739677215,3543.0,371.0,6.653609782104665,0.0,3.0,1.0,4.0,19.0
4480.0,add,6.13959727049409,3544.0,291.0,5.788091946763426,0.0,4.0,4.0,5.0,22.0
4481.0,delete,7.3243235906610105,3545.0,103.0,5.709620813067347,2.0,4.0,4.0,3.0,10.0
4482.0,delete,7.094096820016483,3546.0,373.0,7.016713714425711,0.0,2.0,1.0,4.0,19.0
4483.0,delete,7.016713714425711,3546.0,373.0,7.016713714425711,0.0,2.0,1.0,4.0,18.0
4484.0,swap,6.984814071120423,3546.0,373.0,7.016713714425711,0.0,2.0,1.0,4.0,19.0
4485.0,delete,6.2376889333011984,3547.0,34.0,5.910462993406635,7.0,3.0,4.0,2.0,20.0
4486.0,add,5.373142820801874,3548.0,213.0,5.645597158657828,0.0,7.0,9.0,7.0,24.0
4487.0,delete,4.4487139149557455,3549.0,256.0,5.7891861112120315,0.0,8.0,6.0,4.0,20.0
4488.0,add,7.241454297102753,3550.0,365.0,6.550768914844563,0.0,3.0,1.0,5.0,18.0
4489.0,delete,5.120530930767697,3551.0,319.0,5.994304797640822,0.0,5.0,3.0,6.0,25.0
4490.0,delete,7.236815606924844,3552.0,341.0,6.312118316281215,0.0,3.0,2.0,6.0,12.0
4491.0,delete,6.809340296239303,3553.0,370.0,6.671064642787008,0.0,3.0,1.0,4.0,20.0
4492.0,delete,6.394192558876826,3554.0,372.0,7.028084579997083,0.0,3.0,1.0,3.0,19.0
4493.0,add,5.6669797164893225,3555.0,163.0,5.602849484340066,0.0,3.0,6.0,5.0,21.0
4494.0,add,6.856152247470861,3556.0,356.0,6.639654137468678,0.0,3.0,1.0,5.0,17.0
4495.0,delete,7.085870134481659,3557.0,374.0,7.016713714425711,0.0,2.0,1.0,4.0,18.0
4496.0,delete,6.556250276681753,3557.0,374.0,7.016713714425711,0.0,2.0,1.0,4.0,17.0
4497.0,swap,7.4095032296881955,3557.0,374.0,7.016713714425711,0.0,2.0,1.0,4.0,18.0
4498.0,delete,6.321886547111134,3558.0,35.0,5.9104957584729085,6.0,3.0,3.0,2.0,21.0
4499.0,add,6.948746874784086,3559.0,104.0,5.705988079403823,2.0,4.0,4.0,3.0,11.0
4500.0,delete,4.24067205299654,3560.0,257.0,5.810214896969423,0.0,7.0,6.0,4.0,20.0
4501.0,add,5.370940621138052,3561.0,292.0,5.801692110080654,0.0,4.0,4.0,4.0,24.0
4502.0,add,5.457136614479418,3562.0,214.0,5.652333880864708,0.0,7.0,10.0,6.0,25.0
4503.0,add,6.747121623224948,3563.0,366.0,6.567059176043244,0.0,3.0,1.0,6.0,18.0
4504.0,delete,5.54128804260755,3564.0,320.0,6.0218567296424235,0.0,5.0,4.0,6.0,23.0
4505.0,delete,6.394192558876822,3565.0,371.0,6.792262472782244,0.0,3.0,1.0,4.0,19.0
4506.0,add,5.376601420426826,3566.0,342.0,6.358155760169904,0.0,3.0,2.0,6.0,13.0
4507.0,delete,7.016713714425712,3567.0,373.0,7.01708433881933,0.0,2.0,1.0,3.0,19.0
4508.0,delete,6.251029924818025,3568.0,357.0,6.641720673828235,0.0,2.0,1.0,5.0,17.0
4509.0,add,5.195944089436318,3569.0,164.0,5.606401503721495,0.0,4.0,6.0,4.0,22.0
4510.0,delete,6.556250276681755,3570.0,375.0,6.556250276681753,0.0,2.0,1.0,4.0,17.0
4511.0,add,5.645930994439532,3570.0,375.0,6.556250276681753,0.0,2.0,1.0,4.0,18.0
4512.0,delete,6.556250276681753,3570.0,375.0,6.556250276681753,0.0,2.0,1.0,4.0,16.0
4513.0,swap,7.502731018962755,3570.0,375.0,6.556250276681753,0.0,2.0,1.0,4.0,17.0
4514.0,delete,6.356237675251512,3571.0,36.0,5.9096121864795625,6.0,3.0,2.0,2.0,21.0
4515.0,add,7.319030070633163,3572.0,105.0,5.699965315934469,2.0,5.0,4.0,3.0,11.0
4516.0,delete,4.42840739322013,3573.0,258.0,5.828183366038194,0.0,7.0,6.0,4.0,19.0
4517.0,delete,5.445538744913896,3574.0,215.0,5.657304525949633,0.0,7.0,9.0,5.0,26.0
4518.0,add,5.522050966646877,3575.0,293.0,5.806776780076919,0.0,4.0,4.0,4.0,25.0
4519.0,add,6.311351604326805,3576.0,367.0,6.58747147642448,0.0,3.0,2.0,5.0,19.0
4520.0,add,6.304192004277293,3577.0,321.0,6.034308782817786,0.0,6.0,4.0,6.0,23.0
4521.0,delete,6.394192558876825,3578.0,372.0,6.833540830839098,0.0,3.0,1.0,3.0,19.0
4522.0,add,6.623440060363959,3579.0,343.0,6.375459199961591,0.0,3.0,2.0,6.0,14.0
4523.0,delete,7.079175416435702,3580.0,374.0,6.56348256868951,0.0,2.0,1.0,4.0,17.0
4524.0,add,6.9072774291113825,3581.0,358.0,6.628595156443969,0.0,3.0,1.0,5.0,17.0
4525.0,add,6.129457667344965,3582.0,165.0,5.611890516726185,0.0,5.0,6.0,4.0,22.0
4526.0,add,5.486976637373827,3583.0,376.0,5.645930994439532,0.0,2.0,1.0,4.0,18.0
4527.0,delete,5.645930994439532,3583.0,376.0,5.645930994439532,0.0,2.0,1.0,4.0,17.0
4528.0,swap,5.645930994439534,3583.0,376.0,5.645930994439532,0.0,2.0,1.0,5.0,17.0
4529.0,delete,6.5559248623381645,3584.0,37.0,5.908920520811871,5.0,3.0,3.0,2.0,20.0
4530.0,add,6.859424711042981,3585.0,106.0,5.694337373929573,2.0,5.0,4.0,3.0,12.0
4531.0,delete,6.1912985077921565,3586.0,259.0,5.842713913427235,0.0,8.0,5.0,4.0,18.0
4532.0,delete,5.445534969308635,3587.0,216.0,5.6617562695709385,0.0,7.0,9.0,4.0,26.0
4533.0,add,5.877016138802362,3588.0,294.0,5.814455505636207,0.0,4.0,5.0,4.0,25.0
4534.0,delete,7.016713714425711,3589.0,373.0,6.554171359935187,0.0,2.0,1.0,4.0,18.0
4535.0,add,6.370529371300843,3590.0,368.0,6.551240065437597,0.0,3.0,1.0,6.0,20.0
4536.0,add,5.967915282263892,3591.0,322.0,6.0445165065916235,0.0,6.0,4.0,7.0,23.0
4537.0,delete,6.623440060363959,3592.0,344.0,6.384403770862789,0.0,3.0,2.0,6.0,13.0
4538.0,add,6.556250276681753,3593.0,375.0,5.606192405173107,0.0,2.0,1.0,5.0,17.0
4539.0,delete,5.645930994439532,3594.0,377.0,5.645930994439532,0.0,2.0,1.0,4.0,17.0
4540.0,delete,6.733297351286812,3594.0,377.0,5.645930994439532,0.0,2.0,1.0,4.0,16.0
4541.0,swap,5.645930994439535,3594.0,377.0,5.645930994439532,0.0,2.0,1.0,3.0,18.0
4542.0,add,6.127979869389978,3595.0,166.0,5.612173579156406,0.0,5.0,6.0,5.0,22.0
4543.0,delete,6.46076903925527,3596.0,38.0,5.908446927871225,6.0,3.0,3.0,2.0,18.0
4544.0,delete,5.5654138076643385,3597.0,260.0,5.844562848889941,0.0,8.0,4.0,4.0,18.0
4545.0,add,7.0205036111728765,3598.0,359.0,6.578330285762326,0.0,3.0,1.0,5.0,18.0
4546.0,add,6.97541383183761,3599.0,107.0,5.689492844548517,2.0,5.0,4.0,3.0,13.0
4547.0,delete,5.461870245759962,3600.0,217.0,5.668200904621792,0.0,7.0,9.0,4.0,25.0
4548.0,add,5.86673357847745,3601.0,295.0,5.821811995181389,0.0,4.0,5.0,4.0,26.0
4549.0,delete,7.054012122966018,3602.0,374.0,6.2505258848449055,0.0,2.0,1.0,4.0,17.0
4550.0,delete,6.3941925588768225,3603.0,369.0,6.5398196406850975,0.0,3.0,1.0,5.0,20.0
4551.0,delete,6.42815268956558,3604.0,323.0,6.054634974484087,0.0,5.0,4.0,7.0,23.0
4552.0,delete,6.212224601519733,3605.0,376.0,5.917772583651353,0.0,2.0,1.0,4.0,17.0
4553.0,add,6.011576692809485,3606.0,345.0,6.408631656253692,0.0,3.0,2.0,5.0,15.0
4554.0,delete,6.728877720786678,3607.0,378.0,6.733297351286812,0.0,2.0,1.0,4.0,16.0
4555.0,delete,6.733297351286812,3607.0,378.0,6.733297351286812,0.0,2.0,1.0,4.0,15.0
4556.0,swap,5.920866779028217,3607.0,378.0,6.733297351286812,0.0,2.0,2.0,4.0,15.0
4557.0,delete,5.722973419238512,3608.0,167.0,5.61282349540607,0.0,6.0,6.0,5.0,20.0
4558.0,delete,6.175499070110603,3609.0,39.0,5.908127301730308,6.0,3.0,2.0,2.0,18.0
4559.0,delete,6.442077297053774,3610.0,261.0,5.847410450304908,0.0,6.0,5.0,4.0,18.0
4560.0,add,6.168169000870923,3611.0,360.0,6.574243591336819,0.0,3.0,2.0,6.0,17.0
4561.0,delete,7.010709648002847,3612.0,108.0,5.686646712356297,2.0,4.0,4.0,3.0,13.0
4562.0,delete,5.419476547075882,3613.0,218.0,5.6739388775678155,0.0,7.0,9.0,4.0,24.0
4563.0,add,6.556250276681753,3614.0,375.0,6.050120474180126,0.0,2.0,1.0,4.0,18.0
4564.0,add,5.906997094236128,3615.0,296.0,5.830100859060213,0.0,4.0,5.0,4.0,27.0
4565.0,delete,6.809340296239303,3616.0,370.0,6.539381021399697,0.0,3.0,1.0,4.0,20.0
4566.0,delete,6.005178447167756,3617.0,324.0,6.063543464958491,0.0,4.0,4.0,6.0,24.0
4567.0,delete,6.122942501270354,3618.0,377.0,6.52908480059713,0.0,1.0,1.0,4.0,17.0
4568.0,delete,5.3044363372430565,3619.0,346.0,6.44619678169796,0.0,3.0,2.0,4.0,15.0
4569.0,delete,6.733297351286816,3620.0,379.0,6.733297351286812,0.0,2.0,1.0,4.0,15.0
4570.0,add,6.810576689171544,3620.0,379.0,6.733297351286812,0.0,2.0,1.0,4.0,16.0
4571.0,delete,6.733297351286815,3620.0,379.0,6.733297351286812,0.0,2.0,1.0,3.0,15.0
4572.0,swap,5.897056859630224,3620.0,379.0,6.733297351286812,0.0,2.0,1.0,5.0,14.0
4573.0,delete,5.2931559296528725,3621.0,168.0,5.613319309034994,0.0,5.0,5.0,5.0,21.0
4574.0,add,6.356078241561187,3622.0,40.0,5.9079494736689355,6.0,4.0,1.0,2.0,19.0
4575.0,delete,6.206346004391355,3623.0,262.0,5.847997414959909,0.0,6.0,4.0,4.0,18.0
4576.0,delete,7.010709648002846,3624.0,109.0,5.682799857811699,2.0,4.0,4.0,3.0,12.0
4577.0,delete,5.333106678393752,3625.0,219.0,5.679554798089646,0.0,7.0,9.0,4.0,23.0
4578.0,delete,5.988136707629149,3626.0,361.0,6.614914976828436,0.0,3.0,2.0,5.0,17.0
4579.0,delete,5.879403505192028,3627.0,297.0,5.835635495981303,0.0,4.0,5.0,5.0,25.0
4580.0,delete,6.39419255887682,3628.0,371.0,6.5264678987489475,0.0,3.0,1.0,3.0,20.0
4581.0,delete,5.832121680249811,3629.0,325.0,6.070065628837502,0.0,4.0,4.0,7.0,22.0
4582.0,delete,5.645930994439532,3630.0,376.0,6.2741175030671235,0.0,2.0,1.0,4.0,17.0
4583.0,delete,5.304436337243056,3631.0,347.0,6.475431014148658,0.0,3.0,2.0,5.0,13.0
4584.0,delete,6.733297351286815,3632.0,378.0,6.581505120532443,0.0,2.0,1.0,3.0,16.0
4585.0,add,6.9097119776834175,3633.0,380.0,6.810576689171544,0.0,2.0,1.0,4.0,16.0
4586.0,add,7.3447782602028955,3633.0,380.0,6.810576689171544,0.0,2.0,1.0,4.0,17.0
4587.0,delete,6.733297351286812,3633.0,380.0,6.810576689171544,0.0,2.0,1.0,4.0,15.0
4588.0,swap,6.381992545057695,3633.0,380.0,6.810576689171544,0.0,2.0,2.0,4.0,15.0
4589.0,delete,6.356154263480236,3634.0,41.0,5.907821923186333,6.0,3.0,1.0,2.0,19.0
4590.0,delete,6.100252793554974,3635.0,169.0,5.618184987751618,0.0,5.0,5.0,5.0,20.0
4591.0,delete,6.335537264875267,3636.0,263.0,5.848120025562028,0.0,6.0,4.0,4.0,17.0
4592.0,add,6.810308059662905,3637.0,110.0,5.679310663015387,2.0,4.0,4.0,3.0,13.0
4593.0,add,5.636374991310077,3638.0,220.0,5.686076834244468,0.0,7.0,8.0,4.0,25.0
4594.0,delete,7.250746186817142,3639.0,362.0,6.620444201575697,0.0,3.0,1.0,5.0,17.0
4595.0,add,5.832085730154186,3640.0,298.0,5.843996958913554,0.0,4.0,5.0,4.0,27.0
4596.0,delete,5.6841197722725445,3641.0,326.0,6.084832679798746,0.0,4.0,3.0,7.0,22.0
4597.0,delete,6.394192558876822,3642.0,372.0,6.548451720465479,0.0,3.0,1.0,4.0,18.0
4598.0,delete,5.3044363372430565,3643.0,348.0,6.522807730541322,0.0,3.0,2.0,4.0,13.0
4599.0,delete,5.645930994439536,3644.0,377.0,6.608327674325137,0.0,2.0,1.0,3.0,17.0
4600.0,add,6.79532735990783,3645.0,379.0,6.836071364680473,0.0,2.0,1.0,4.0,16.0
4601.0,delete,6.255350150251825,3646.0,264.0,5.845133671483883,0.0,5.0,4.0,4.0,17.0
4602.0,add,5.647324861455188,3647.0,170.0,5.620521911908887,0.0,5.0,6.0,5.0,20.0
4603.0,delete,6.938122564877281,3648.0,363.0,6.598167740447507,0.0,3.0,1.0,5.0,16.0
4604.0,delete,6.185310549263666,3649.0,42.0,5.907060326518222,5.0,3.0,1.0,2.0,19.0
4605.0,delete,6.733297351286812,3650.0,378.0,6.709630040735243,0.0,2.0,1.0,3.0,16.0
4606.0,add,7.344778260202897,3651.0,381.0,7.3447782602028955,0.0,2.0,1.0,4.0,17.0
4607.0,add,7.46347015474528,3651.0,381.0,7.3447782602028955,0.0,3.0,1.0,4.0,17.0
4608.0,delete,7.274675031648626,3651.0,381.0,7.3447782602028955,0.0,2.0,1.0,4.0,16.0
4609.0,swap,7.395903306762092,3651.0,381.0,7.3447782602028955,0.0,2.0,2.0,4.0,16.0
4610.0,add,6.388946445396102,3652.0,111.0,5.677558029421681,2.0,4.0,4.0,4.0,13.0
4611.0,delete,5.46249942875988,3653.0,221.0,5.697379691579462,0.0,7.0,8.0,4.0,24.0
4612.0,delete,5.74426225508012,3654.0,299.0,5.857178787040296,0.0,4.0,5.0,3.0,27.0
4613.0,delete,6.013967664742586,3655.0,327.0,6.106182518856687,0.0,4.0,3.0,7.0,21.0
4614.0,delete,6.274994922750189,3656.0,349.0,6.571007578520852,0.0,3.0,1.0,4.0,13.0
4615.0,delete,7.016713714425711,3657.0,373.0,6.588272417959427,0.0,2.0,1.0,4.0,18.0
4616.0,add,5.568651656554801,3658.0,380.0,7.364721002712358,0.0,2.0,1.0,4.0,17.0
4617.0,add,5.798913285886102,3659.0,265.0,5.84996434404461,0.0,5.0,4.0,4.0,18.0
4618.0,add,5.2799441518701515,3660.0,171.0,5.627328528323759,0.0,5.0,6.0,5.0,21.0
4619.0,add,7.081663540359171,3661.0,364.0,6.592746946052876,0.0,3.0,1.0,5.0,17.0
4620.0,add,6.356119189974436,3662.0,43.0,5.90734862356685,6.0,3.0,1.0,2.0,19.0
4621.0,add,6.829018462068985,3663.0,379.0,6.911196599383991,0.0,2.0,2.0,4.0,15.0
4622.0,delete,5.156428165378029,3664.0,222.0,5.703150952879995,0.0,7.0,8.0,4.0,23.0
4623.0,delete,7.01077818266791,3665.0,112.0,5.673856894650396,2.0,4.0,4.0,4.0,12.0
4624.0,delete,7.016713714425711,3666.0,374.0,6.501528132448019,0.0,2.0,1.0,4.0,17.0
4625.0,delete,5.7379245102316965,3667.0,300.0,5.866758649727339,0.0,3.0,5.0,3.0,27.0
4626.0,delete,6.027959773570283,3668.0,328.0,6.117211771863036,0.0,3.0,3.0,7.0,21.0
4627.0,add,7.4489588043779635,3669.0,382.0,7.46347015474528,0.0,3.0,1.0,4.0,17.0
4628.0,add,7.00303481348494,3669.0,382.0,7.46347015474528,0.0,3.0,1.0,4.0,18.0
4629.0,delete,7.131631802259355,3669.0,382.0,7.46347015474528,0.0,2.0,1.0,4.0,17.0
4630.0,swap,6.826817373831225,3669.0,382.0,7.46347015474528,0.0,2.0,1.0,4.0,18.0
4631.0,delete,5.0162879698516365,3670.0,350.0,6.622652688980955,0.0,2.0,1.0,4.0,13.0
4632.0,add,7.449937355539411,3671.0,381.0,7.1747825897397535,0.0,2.0,2.0,4.0,17.0
4633.0,add,6.371400902829645,3672.0,266.0,5.854609578924826,0.0,5.0,4.0,5.0,18.0
4634.0,add,4.753084606602742,3673.0,172.0,5.633690602754064,0.0,5.0,6.0,5.0,22.0
4635.0,add,6.77963223357616,3674.0,365.0,6.594777009532509,0.0,3.0,2.0,5.0,17.0
4636.0,add,6.372453805217141,3675.0,44.0,5.907874365553471,6.0,4.0,1.0,2.0,19.0
4637.0,delete,5.162593791143815,3676.0,223.0,5.713175842907077,0.0,7.0,8.0,3.0,23.0
4638.0,delete,7.324434682110209,3677.0,113.0,5.6707280956557256,2.0,4.0,4.0,3.0,12.0
4639.0,add,6.087721594631287,3678.0,380.0,7.113876074509952,0.0,3.0,1.0,4.0,16.0
4640.0,delete,5.81321317470424,3679.0,329.0,6.133993650672716,0.0,3.0,3.0,6.0,21.0
4641.0,add,5.39212129172824,3680.0,301.0,5.881378629487202,0.0,4.0,4.0,3.0,28.0
4642.0,add,6.510320085734117,3681.0,375.0,6.51802639797916,0.0,2.0,1.0,4.0,18.0
4643.0,add,6.969857868448351,3682.0,383.0,7.00303481348494,0.0,3.0,1.0,4.0,18.0
4644.0,add,7.035720906148409,3682.0,383.0,7.00303481348494,0.0,3.0,1.0,4.0,19.0
4645.0,delete,7.0623386063114,3682.0,383.0,7.00303481348494,0.0,2.0,1.0,4.0,18.0
4646.0,swap,7.071353319197677,3682.0,383.0,7.00303481348494,0.0,3.0,2.0,4.0,17.0
4647.0,add,6.753033388832911,3683.0,351.0,6.671443252486387,0.0,2.0,1.0,4.0,14.0
4648.0,add,7.46347015474528,3684.0,382.0,7.028461102718156,0.0,3.0,1.0,4.0,18.0
4649.0,delete,5.48573744736775,3685.0,173.0,5.639108118958901,0.0,4.0,6.0,5.0,22.0
4650.0,add,6.305274175601647,3686.0,267.0,5.858811775736532,0.0,5.0,4.0,4.0,20.0
4651.0,delete,6.372283851991768,3687.0,45.0,5.908215220055636,6.0,4.0,1.0,2.0,18.0
4652.0,add,6.70424275255191,3688.0,366.0,6.602509588101625,0.0,3.0,1.0,5.0,19.0
4653.0,add,5.174982419791608,3689.0,224.0,5.725226686025145,0.0,7.0,8.0,3.0,24.0
4654.0,add,7.179292814952804,3690.0,114.0,5.6666485016157795,2.0,4.0,3.0,4.0,13.0
4655.0,delete,5.383999131697997,3691.0,330.0,6.159999604159941,0.0,3.0,3.0,7.0,19.0
4656.0,delete,5.423525237455298,3692.0,302.0,5.899445223014558,0.0,4.0,3.0,3.0,28.0
4657.0,delete,6.212224601519733,3693.0,376.0,6.664472594780049,0.0,2.0,1.0,4.0,17.0
4658.0,add,6.97626315957432,3694.0,381.0,7.1751446508263,0.0,3.0,1.0,4.0,17.0
4659.0,add,7.082951471973451,3695.0,384.0,7.035720906148409,0.0,3.0,1.0,4.0,19.0
4660.0,add,7.513778180828829,3695.0,384.0,7.035720906148409,0.0,3.0,1.0,4.0,20.0
4661.0,delete,7.504875766298026,3695.0,384.0,7.035720906148409,0.0,3.0,1.0,4.0,18.0
4662.0,swap,6.905651981092124,3695.0,384.0,7.035720906148409,0.0,3.0,1.0,4.0,19.0
4663.0,add,6.931957361905563,3696.0,352.0,6.689909942011184,0.0,4.0,1.0,4.0,13.0
4664.0,delete,5.645930994439535,3697.0,377.0,6.848769312228482,0.0,2.0,1.0,3.0,17.0
4665.0,add,5.702313942498272,3698.0,174.0,5.645596925962859,0.0,5.0,6.0,5.0,22.0
4666.0,delete,6.356154263480236,3699.0,46.0,5.908820931823847,6.0,3.0,1.0,2.0,18.0
4667.0,add,6.452237599335454,3700.0,268.0,5.86219558037504,0.0,5.0,5.0,4.0,20.0
4668.0,delete,5.158045876017724,3701.0,225.0,5.734829652502164,0.0,8.0,8.0,3.0,22.0
4669.0,delete,7.323260998874737,3702.0,115.0,5.6627887608203045,2.0,4.0,3.0,4.0,12.0
4670.0,delete,5.849883578573162,3703.0,331.0,6.185924975662576,0.0,3.0,3.0,7.0,18.0
4671.0,add,6.318428266985273,3704.0,367.0,6.624260229349672,0.0,3.0,1.0,6.0,19.0
4672.0,add,4.8902826378794435,3705.0,303.0,5.920950715646194,0.0,5.0,3.0,3.0,28.0
4673.0,add,7.00303481348494,3706.0,383.0,7.208595661268168,0.0,3.0,1.0,4.0,19.0
4674.0,add,7.437554848677553,3707.0,382.0,7.146915262001221,0.0,3.0,1.0,4.0,18.0
4675.0,add,7.457629339865039,3708.0,385.0,7.513778180828829,0.0,3.0,1.0,4.0,20.0
4676.0,delete,7.513778180828829,3708.0,385.0,7.513778180828829,0.0,3.0,1.0,4.0,19.0
4677.0,swap,7.326761161042246,3708.0,385.0,7.513778180828829,0.0,2.0,2.0,4.0,20.0
4678.0,add,6.936664253021854,3709.0,353.0,6.689088981342472,0.0,3.0,1.0,4.0,15.0
4679.0,delete,6.733297351286812,3710.0,378.0,6.992021696769175,0.0,2.0,1.0,4.0,15.0
4680.0,delete,6.24438447231284,3711.0,269.0,5.867003922196504,0.0,5.0,4.0,5.0,19.0
4681.0,delete,6.3561542634802315,3712.0,47.0,5.909861111563255,5.0,3.0,1.0,2.0,18.0
4682.0,add,5.518696396377069,3713.0,175.0,5.6530901893394265,0.0,5.0,7.0,6.0,21.0
4683.0,delete,5.1751235684753585,3714.0,226.0,5.744680092639903,0.0,8.0,8.0,3.0,21.0
4684.0,delete,5.9575285548576336,3715.0,332.0,6.216770473454365,0.0,3.0,3.0,6.0,18.0
4685.0,add,7.382419241652143,3716.0,116.0,5.658789312675181,2.0,3.0,4.0,4.0,13.0
4686.0,add,7.408774264793069,3717.0,384.0,7.452986715641235,0.0,3.0,1.0,4.0,20.0
4687.0,add,6.33219836759038,3718.0,368.0,6.6819811412239085,0.0,3.0,1.0,5.0,21.0
4688.0,add,5.786379428477382,3719.0,304.0,5.950481495979646,0.0,4.0,3.0,4.0,29.0
4689.0,delete,7.479145711577759,3720.0,386.0,7.513778180828829,0.0,3.0,1.0,4.0,19.0
4690.0,delete,7.513778180828832,3720.0,386.0,7.513778180828829,0.0,3.0,1.0,3.0,19.0
4691.0,swap,5.5814819792240735,3720.0,386.0,7.513778180828829,0.0,3.0,1.0,4.0,19.0
4692.0,add,6.907277429111382,3721.0,354.0,6.685077735790193,0.0,3.0,1.0,5.0,15.0
4693.0,add,7.513778180828829,3722.0,383.0,7.17902784138351,0.0,3.0,1.0,4.0,19.0
4694.0,delete,7.513778180828829,3723.0,385.0,7.022046013114873,0.0,3.0,1.0,4.0,19.0
4695.0,delete,5.5414194315580305,3724.0,333.0,6.24186671165112,0.0,3.0,3.0,6.0,17.0
4696.0,delete,6.4527630742622835,3725.0,48.0,5.910237187265456,5.0,3.0,1.0,2.0,17.0
4697.0,delete,5.417999498982442,3726.0,227.0,5.753798180281643,0.0,8.0,7.0,3.0,21.0
4698.0,add,6.260662703841073,3727.0,176.0,5.65774142095008,0.0,5.0,6.0,6.0,23.0
4699.0,add,6.17769102154102,3728.0,270.0,5.871092422678384,0.0,5.0,4.0,5.0,20.0
4700.0,add,6.810576689171544,3729.0,379.0,7.080411257846536,0.0,2.0,1.0,4.0,16.0
4701.0,add,6.81958303164141,3730.0,117.0,5.656142719593949,2.0,3.0,3.0,4.0,15.0
4702.0,delete,6.414377471917499,3731.0,369.0,6.720816349518006,0.0,2.0,1.0,5.0,21.0
4703.0,delete,7.515815628429993,3732.0,387.0,7.513778180828832,0.0,3.0,1.0,3.0,19.0
4704.0,delete,7.513778180828832,3732.0,387.0,7.513778180828832,0.0,3.0,1.0,3.0,18.0
4705.0,swap,6.551801896098987,3732.0,387.0,7.513778180828832,0.0,3.0,1.0,3.0,19.0
4706.0,add,5.250184305033595,3733.0,305.0,5.979297553434359,0.0,4.0,4.0,4.0,29.0
4707.0,add,7.035720906148408,3734.0,384.0,7.240858407097943,0.0,3.0,1.0,5.0,19.0
4708.0,add,6.806094336856106,3735.0,355.0,6.695717981692013,0.0,4.0,1.0,4.0,16.0
4709.0,delete,6.881506780076227,3736.0,386.0,7.273793471546661,0.0,3.0,1.0,4.0,18.0
4710.0,delete,5.541419431558031,3737.0,334.0,6.274836653226788,0.0,3.0,3.0,6.0,16.0
4711.0,delete,5.36127495107731,3738.0,228.0,5.762964374263806,0.0,8.0,6.0,3.0,21.0
4712.0,add,6.756939315603995,3739.0,49.0,5.909056763566872,5.0,3.0,1.0,2.0,18.0
4713.0,delete,6.273459579956128,3740.0,177.0,5.659468704498981,0.0,5.0,6.0,6.0,22.0
4714.0,delete,7.498924516761444,3741.0,388.0,7.513778180828832,0.0,3.0,1.0,3.0,18.0
4715.0,delete,7.513778180828832,3741.0,388.0,7.513778180828832,0.0,3.0,1.0,3.0,17.0
4716.0,swap,7.035720906148412,3741.0,388.0,7.513778180828832,0.0,3.0,1.0,4.0,17.0
4717.0,delete,6.6808734196887345,3742.0,118.0,5.656151963465621,1.0,3.0,3.0,4.0,15.0
4718.0,add,6.073230254200982,3743.0,271.0,5.880054414345297,0.0,5.0,4.0,6.0,20.0
4719.0,delete,6.394192558876822,3744.0,370.0,6.77411056928699,0.0,3.0,1.0,4.0,20.0
4720.0,add,5.250430606839643,3745.0,306.0,6.000426512723152,0.0,4.0,4.0,5.0,29.0
4721.0,add,6.059015647673647,3746.0,380.0,7.151784430881946,0.0,2.0,1.0,4.0,17.0
4722.0,delete,7.513778180828829,3747.0,385.0,7.176107360205087,0.0,3.0,1.0,3.0,20.0
4723.0,delete,7.513778180828832,3748.0,387.0,7.39055044614188,0.0,3.0,1.0,2.0,19.0
4724.0,add,6.847823154358693,3749.0,356.0,6.7047222088354115,0.0,4.0,1.0,5.0,16.0
4725.0,delete,5.5414194315580305,3750.0,335.0,6.306198496459354,0.0,3.0,3.0,5.0,16.0
4726.0,delete,7.50569274180367,3751.0,389.0,7.513778180828832,0.0,3.0,1.0,3.0,17.0
4727.0,delete,7.548296490178564,3751.0,389.0,7.513778180828832,0.0,3.0,1.0,3.0,16.0
4728.0,swap,7.191850165080588,3751.0,389.0,7.513778180828832,0.0,2.0,2.0,3.0,17.0
4729.0,delete,6.761887353190051,3752.0,50.0,5.909559481254445,5.0,3.0,1.0,3.0,16.0
4730.0,delete,5.834767477467599,3753.0,178.0,5.665501489158929,0.0,4.0,6.0,5.0,23.0
4731.0,delete,6.926955002357599,3754.0,119.0,5.654583493940143,1.0,3.0,3.0,4.0,14.0
4732.0,add,5.653941275496376,3755.0,229.0,5.773618178000002,0.0,7.0,6.0,3.0,23.0
4733.0,add,6.1384685414252225,3756.0,272.0,5.887003498408482,0.0,6.0,4.0,5.0,21.0
4734.0,delete,6.394192558876826,3757.0,371.0,6.8099018055767,0.0,3.0,1.0,3.0,20.0
4735.0,add,7.344778260202896,3758.0,381.0,7.237001232871942,0.0,2.0,1.0,5.0,17.0
4736.0,add,5.3345731046868154,3759.0,307.0,6.02474262679627,0.0,4.0,4.0,6.0,29.0
4737.0,delete,7.207782847765731,3760.0,386.0,7.315393487324433,0.0,2.0,1.0,4.0,19.0
4738.0,delete,7.513778180828832,3761.0,388.0,7.439904394472913,0.0,3.0,1.0,3.0,17.0
4739.0,delete,6.5727082355476565,3762.0,357.0,6.718046293735231,0.0,3.0,1.0,5.0,16.0
4740.0,delete,5.5414194315580305,3763.0,336.0,6.341074115429948,0.0,3.0,3.0,5.0,15.0
4741.0,delete,7.517324344263612,3764.0,390.0,7.548296490178564,0.0,3.0,1.0,3.0,16.0
4742.0,add,6.963332604560365,3764.0,390.0,7.548296490178564,0.0,3.0,1.0,3.0,17.0
4743.0,delete,7.497241116250797,3764.0,390.0,7.548296490178564,0.0,3.0,1.0,3.0,15.0
4744.0,swap,7.80325800814611,3764.0,390.0,7.548296490178564,0.0,3.0,2.0,3.0,15.0
4745.0,delete,6.6476360529197525,3765.0,51.0,5.909600748011384,5.0,3.0,1.0,3.0,15.0
4746.0,delete,4.0117074240644754,3766.0,179.0,5.672067156966877,0.0,4.0,4.0,6.0,23.0
4747.0,add,6.23884354537769,3767.0,120.0,5.65289729725827,1.0,3.0,3.0,3.0,16.0
4748.0,add,5.5979097448141175,3768.0,230.0,5.783778785159509,0.0,7.0,6.0,4.0,23.0
4749.0,add,6.2551115316860475,3769.0,273.0,5.895715257823906,0.0,5.0,4.0,5.0,23.0
4750.0,delete,6.394192558876822,3770.0,372.0,6.869903836862585,0.0,3.0,1.0,3.0,19.0
4751.0,add,7.147008454436107,3771.0,382.0,7.267142194159139,0.0,4.0,1.0,4.0,17.0
4752.0,add,5.275262325413129,3772.0,308.0,6.051035124728858,0.0,4.0,5.0,7.0,28.0
4753.0,delete,7.546464273492301,3773.0,387.0,7.432057970500684,0.0,3.0,1.0,3.0,18.0
4754.0,delete,7.513778180828832,3774.0,389.0,7.46589051267989,0.0,3.0,1.0,3.0,16.0
4755.0,delete,4.865347525550819,3775.0,337.0,6.3791168177120845,0.0,3.0,2.0,6.0,14.0
4756.0,add,6.856152247470861,3776.0,358.0,6.740227997924188,0.0,3.0,1.0,5.0,17.0
4757.0,delete,6.647605393323961,3777.0,52.0,5.907707967842365,5.0,3.0,1.0,3.0,14.0
4758.0,delete,5.822958055112591,3778.0,180.0,5.675056782305028,0.0,4.0,5.0,6.0,21.0
4759.0,delete,6.95555367175103,3779.0,373.0,6.89479364212878,0.0,2.0,1.0,4.0,18.0
4760.0,delete,5.582761218722202,3780.0,231.0,5.790079131218932,0.0,8.0,6.0,3.0,22.0
4761.0,add,6.839498702067883,3781.0,391.0,6.963332604560365,0.0,3.0,1.0,3.0,17.0
4762.0,add,6.258525941712473,3781.0,391.0,6.963332604560365,0.0,3.0,1.0,3.0,18.0
4763.0,delete,6.671739099671133,3781.0,391.0,6.963332604560365,0.0,3.0,1.0,2.0,17.0
4764.0,swap,6.778449256952028,3781.0,391.0,6.963332604560365,0.0,3.0,1.0,3.0,17.0
4765.0,add,6.584903278858306,3782.0,121.0,5.651735580698493,1.0,3.0,3.0,4.0,16.0
4766.0,delete,6.049442422351293,3783.0,274.0,5.901313177431368,0.0,5.0,5.0,5.0,21.0
4767.0,add,7.00303481348494,3784.0,383.0,7.2321633402556245,0.0,3.0,1.0,4.0,19.0
4768.0,add,5.2306254138044315,3785.0,309.0,6.073431516551033,0.0,5.0,5.0,6.0,29.0
4769.0,delete,7.513778180828832,3786.0,388.0,7.222610215226695,0.0,3.0,1.0,2.0,18.0
4770.0,delete,7.016713714425714,3787.0,374.0,6.880115188921377,0.0,2.0,1.0,3.0,18.0
4771.0,add,4.842111959481534,3788.0,338.0,6.423342583796127,0.0,3.0,2.0,6.0,15.0
4772.0,delete,6.86078316118217,3789.0,53.0,5.906715896885724,4.0,3.0,1.0,3.0,14.0
4773.0,add,7.0282385385103305,3790.0,359.0,6.7468269156108835,0.0,4.0,1.0,5.0,17.0
4774.0,add,5.7789904615078225,3791.0,181.0,5.679853728604635,0.0,4.0,5.0,6.0,22.0
4775.0,delete,5.502171448450951,3792.0,232.0,5.795821186183458,0.0,7.0,6.0,2.0,23.0
4776.0,add,7.084694666010993,3793.0,390.0,6.702309120992775,0.0,3.0,1.0,3.0,17.0
4777.0,delete,7.042164184419683,3794.0,389.0,7.134194400967527,0.0,3.0,1.0,3.0,16.0
4778.0,add,6.347430603079219,3795.0,275.0,5.9057399330776805,0.0,5.0,5.0,4.0,23.0
4779.0,add,5.996521931052823,3796.0,122.0,5.649568974417146,1.0,3.0,3.0,4.0,17.0
4780.0,add,6.258525941712473,3797.0,392.0,6.258525941712473,0.0,3.0,1.0,3.0,18.0
4781.0,delete,7.084694666010993,3797.0,392.0,6.258525941712473,0.0,3.0,1.0,3.0,17.0
4782.0,swap,6.304118041645823,3797.0,392.0,6.258525941712473,0.0,3.0,2.0,3.0,17.0
4783.0,add,7.103430077166567,3798.0,384.0,7.188212404275701,0.0,3.0,2.0,4.0,19.0
4784.0,add,5.283729310488116,3799.0,310.0,6.095653515898411,0.0,4.0,5.0,6.0,31.0
4785.0,add,6.1246534756748545,3800.0,391.0,6.47646614777044,0.0,3.0,1.0,3.0,18.0
4786.0,delete,4.830057169991441,3801.0,339.0,6.460635321974628,0.0,3.0,2.0,6.0,14.0
4787.0,add,5.959441114621966,3802.0,375.0,6.86718281588026,0.0,2.0,2.0,4.0,17.0
4788.0,add,6.595640621905033,3803.0,54.0,5.905326726094778,5.0,4.0,1.0,3.0,13.0
4789.0,delete,6.116955933604018,3804.0,233.0,5.800775019343025,0.0,7.0,5.0,3.0,22.0
4790.0,add,5.826404646076795,3805.0,182.0,5.683907714450004,0.0,4.0,6.0,6.0,22.0
4791.0,add,6.164905188760675,3806.0,360.0,6.7463525586484385,0.0,4.0,2.0,5.0,17.0
4792.0,delete,7.046253711325832,3807.0,393.0,7.084694666010993,0.0,3.0,1.0,3.0,17.0
4793.0,add,6.716481164088289,3807.0,393.0,7.084694666010993,0.0,3.0,1.0,3.0,18.0
4794.0,delete,7.548296490178564,3807.0,393.0,7.084694666010993,0.0,3.0,1.0,3.0,16.0
4795.0,swap,5.289535036414665,3807.0,393.0,7.084694666010993,0.0,3.0,1.0,3.0,17.0
4796.0,delete,6.76438461353453,3808.0,123.0,5.649342222865596,1.0,3.0,3.0,4.0,16.0
4797.0,delete,5.378930305125912,3809.0,276.0,5.912192626219957,0.0,5.0,4.0,4.0,23.0
4798.0,delete,7.042164184419681,3810.0,385.0,7.087776304900818,0.0,3.0,1.0,4.0,19.0
4799.0,add,7.548296490178564,3811.0,390.0,6.640628485573311,0.0,3.0,1.0,4.0,16.0
4800.0,add,5.310006044105173,3812.0,311.0,6.112208863759817,0.0,5.0,5.0,7.0,30.0
4801.0,delete,5.37522310181369,3813.0,340.0,6.492667488388468,0.0,3.0,2.0,7.0,12.0
4802.0,delete,4.2911741043203255,3814.0,376.0,6.914137402265113,0.0,2.0,0.0,4.0,18.0
4803.0,delete,5.553234077935708,3815.0,234.0,5.804472303854172,0.0,7.0,6.0,3.0,20.0
4804.0,add,6.647605393323961,3816.0,55.0,5.903448287727444,5.0,3.0,1.0,3.0,15.0
4805.0,delete,6.184790591152952,3817.0,361.0,6.767171897606164,0.0,3.0,2.0,4.0,18.0
4806.0,add,5.971865945031131,3818.0,183.0,5.6859802125403025,0.0,5.0,6.0,6.0,22.0
4807.0,delete,6.334978614609886,3819.0,392.0,6.737052213603668,0.0,2.0,1.0,3.0,18.0
4808.0,add,6.738331317243242,3820.0,394.0,6.716481164088289,0.0,3.0,1.0,3.0,18.0
4809.0,delete,6.716481164088289,3820.0,394.0,6.716481164088289,0.0,3.0,1.0,3.0,17.0
4810.0,swap,5.888802020183516,3820.0,394.0,6.716481164088289,0.0,3.0,2.0,2.0,18.0
4811.0,delete,6.665050894863465,3821.0,124.0,5.645766920632175,1.0,3.0,2.0,4.0,16.0
4812.0,add,5.4558645185555905,3822.0,277.0,5.920945490078958,0.0,5.0,5.0,5.0,22.0
4813.0,delete,7.513778180828829,3823.0,386.0,7.028399489226193,0.0,3.0,1.0,4.0,18.0
4814.0,add,6.719141860532509,3824.0,391.0,6.485359814222222,0.0,3.0,1.0,3.0,18.0
4815.0,delete,5.289757611592506,3825.0,312.0,6.121560277581672,0.0,5.0,5.0,6.0,30.0
4816.0,delete,5.37522310181369,3826.0,341.0,6.50664247926509,0.0,3.0,2.0,6.0,12.0
4817.0,delete,5.6459309944395315,3827.0,377.0,6.962209362820883,0.0,2.0,1.0,3.0,17.0
4818.0,delete,6.125474201202133,3828.0,235.0,5.809540866482499,0.0,7.0,5.0,3.0,20.0
4819.0,delete,6.643577179635284,3829.0,362.0,6.770076523684451,0.0,3.0,1.0,5.0,17.0
4820.0,add,6.647636052919753,3830.0,56.0,5.902069545920371,5.0,4.0,1.0,4.0,14.0
4821.0,delete,5.999639201944202,3831.0,184.0,5.687899591945088,0.0,4.0,6.0,6.0,22.0
4822.0,add,7.065611189539258,3832.0,393.0,6.515023916400834,0.0,3.0,1.0,3.0,18.0
4823.0,delete,6.710746709823826,3833.0,395.0,6.716481164088289,0.0,3.0,1.0,3.0,17.0
4824.0,delete,7.165145973023478,3833.0,395.0,6.716481164088289,0.0,2.0,1.0,3.0,17.0
4825.0,swap,7.1227224767589306,3833.0,395.0,6.716481164088289,0.0,3.0,1.0,3.0,17.0
4826.0,delete,6.889274029382985,3834.0,125.0,5.643787284970747,1.0,3.0,2.0,4.0,15.0
4827.0,add,5.127411453511567,3835.0,278.0,5.932791105135777,0.0,6.0,5.0,4.0,23.0
4828.0,delete,7.454444100478242,3836.0,387.0,7.006216561138151,0.0,3.0,1.0,3.0,18.0
4829.0,delete,6.040150372804324,3837.0,392.0,6.7252369640991345,0.0,2.0,1.0,3.0,18.0
4830.0,delete,5.25990506832444,3838.0,313.0,6.137308531008782,0.0,4.0,5.0,6.0,30.0
4831.0,delete,6.795543669590211,3839.0,378.0,7.008885583224578,0.0,2.0,1.0,4.0,15.0
4832.0,add,6.179142698878017,3840.0,342.0,6.529559647524143,0.0,3.0,2.0,6.0,13.0
4833.0,delete,6.980621152373639,3841.0,363.0,6.770705662713303,0.0,3.0,1.0,5.0,16.0
4834.0,add,5.545542043216647,3842.0,236.0,5.817849838183165,0.0,7.0,6.0,3.0,20.0
4835.0,delete,4.709586260547443,3843.0,185.0,5.692161622653227,0.0,5.0,6.0,6.0,20.0
4836.0,add,6.382371129337213,3844.0,57.0,5.901208674552511,5.0,4.0,1.0,4.0,15.0
4837.0,delete,6.716481164088289,3845.0,394.0,6.928774080923631,0.0,3.0,1.0,3.0,17.0
4838.0,delete,7.165145973023476,3846.0,396.0,7.165145973023478,0.0,2.0,1.0,3.0,17.0
4839.0,add,6.368002380853929,3846.0,396.0,7.165145973023478,0.0,2.0,1.0,3.0,18.0
4840.0,delete,7.248369313069704,3846.0,396.0,7.165145973023478,0.0,2.0,1.0,3.0,16.0
4841.0,swap,7.165145973023478,3846.0,396.0,7.165145973023478,0.0,2.0,1.0,4.0,16.0
4842.0,delete,7.096166294190781,3847.0,126.0,5.641636226038151,0.0,3.0,2.0,4.0,15.0
4843.0,delete,5.683725679358045,3848.0,279.0,5.945103162772621,0.0,4.0,5.0,5.0,23.0
4844.0,delete,7.207782847765736,3849.0,388.0,6.923007111325108,0.0,2.0,1.0,3.0,18.0
4845.0,delete,5.305719837521344,3850.0,314.0,6.159048380293453,0.0,5.0,4.0,6.0,29.0
4846.0,add,7.026463182752764,3851.0,393.0,6.829805139908284,0.0,3.0,1.0,3.0,18.0
4847.0,add,5.990015016211734,3852.0,379.0,7.034381170158169,0.0,2.0,1.0,4.0,16.0
4848.0,add,6.934930649174889,3853.0,343.0,6.549813874824251,0.0,3.0,2.0,6.0,14.0
4849.0,add,7.0797966294275225,3854.0,364.0,6.7641583392648625,0.0,3.0,1.0,5.0,17.0
4850.0,delete,5.337002319517172,3855.0,186.0,5.7010384322360395,0.0,5.0,6.0,5.0,20.0
4851.0,add,5.544031997091894,3856.0,237.0,5.825554874564366,0.0,7.0,6.0,4.0,20.0
4852.0,add,6.377936799323292,3857.0,58.0,5.902085041969384,5.0,4.0,2.0,4.0,15.0
4853.0,delete,5.67772010406925,3858.0,395.0,7.022361922598813,0.0,3.0,0.0,3.0,17.0
4854.0,add,6.368002380853927,3859.0,397.0,6.368002380853929,0.0,2.0,1.0,3.0,18.0
4855.0,add,5.696406414026677,3859.0,397.0,6.368002380853929,0.0,2.0,2.0,3.0,18.0
4856.0,delete,6.368002380853929,3859.0,397.0,6.368002380853929,0.0,2.0,1.0,3.0,17.0
4857.0,swap,6.368002380853929,3859.0,397.0,6.368002380853929,0.0,2.0,1.0,3.0,18.0
4858.0,add,7.096166294190781,3860.0,127.0,5.637631645572302,0.0,3.0,2.0,5.0,15.0
4859.0,delete,5.419324824554243,3861.0,280.0,5.954529292373424,0.0,5.0,4.0,5.0,22.0
4860.0,delete,5.286999988929577,3862.0,315.0,6.174187009914976,0.0,5.0,4.0,6.0,28.0
4861.0,delete,7.513778180828832,3863.0,389.0,6.764500260913549,0.0,3.0,1.0,3.0,16.0
4862.0,delete,6.784794402519338,3864.0,394.0,6.632598199172222,0.0,2.0,1.0,3.0,18.0
4863.0,delete,5.37522310181369,3865.0,344.0,6.5574338911815,0.0,3.0,2.0,5.0,14.0
4864.0,add,6.511224650601402,3866.0,380.0,7.009932201233248,0.0,3.0,1.0,4.0,16.0
4865.0,delete,5.531935866304899,3867.0,238.0,5.8292610091777695,0.0,7.0,6.0,4.0,19.0
4866.0,add,5.327793265003521,3868.0,187.0,5.7048224973989425,0.0,6.0,6.0,6.0,19.0
4867.0,add,7.071985911618452,3869.0,365.0,6.739425729466655,0.0,3.0,1.0,5.0,18.0
4868.0,add,6.642013113532269,3870.0,59.0,5.901434043111754,5.0,5.0,3.0,4.0,14.0
4869.0,add,6.022970838253729,3871.0,396.0,6.233683187488478,0.0,2.0,1.0,3.0,18.0
4870.0,delete,5.797648837471712,3872.0,395.0,6.510264919264136,0.0,3.0,1.0,3.0,16.0
4871.0,add,6.508402928673536,3873.0,128.0,5.633622728802803,0.0,3.0,2.0,4.0,17.0
4872.0,add,5.482269356965373,3874.0,281.0,5.962190666171743,0.0,5.0,4.0,5.0,23.0
4873.0,add,7.51293396098014,3875.0,390.0,6.610060582372471,0.0,3.0,1.0,3.0,17.0
4874.0,add,5.650975931716563,3876.0,398.0,5.696406414026677,0.0,2.0,2.0,3.0,18.0
4875.0,delete,5.696406414026676,3876.0,398.0,5.696406414026677,0.0,2.0,2.0,2.0,18.0
4876.0,swap,5.478240615505127,3876.0,398.0,5.696406414026677,0.0,2.0,3.0,3.0,17.0
4877.0,delete,5.279405022693508,3877.0,316.0,6.1908450250664036,0.0,5.0,4.0,5.0,28.0
4878.0,add,6.368002380853927,3878.0,397.0,5.630507343818762,0.0,2.0,1.0,4.0,18.0
4879.0,add,6.02701670114938,3879.0,345.0,6.566109144216953,0.0,3.0,2.0,5.0,15.0
4880.0,delete,5.121215922809312,3880.0,239.0,5.830743518220443,0.0,6.0,6.0,4.0,19.0
4881.0,add,7.309826534204388,3881.0,381.0,6.965340585754147,0.0,2.0,1.0,4.0,18.0
4882.0,add,5.034271984378347,3882.0,188.0,5.709554542233541,0.0,6.0,7.0,6.0,19.0
4883.0,add,6.747121623224947,3883.0,366.0,6.719076728337074,0.0,3.0,1.0,6.0,18.0
4884.0,add,6.459074057132112,3884.0,60.0,5.89974569849725,5.0,5.0,2.0,4.0,16.0
4885.0,delete,5.673744639939133,3885.0,399.0,5.696406414026676,0.0,2.0,2.0,2.0,18.0
4886.0,delete,5.696406414026676,3885.0,399.0,5.696406414026676,0.0,2.0,2.0,2.0,17.0
4887.0,swap,6.638202487740144,3885.0,399.0,5.696406414026676,0.0,3.0,2.0,2.0,17.0
4888.0,delete,7.095256938576138,3886.0,129.0,5.631423356457438,0.0,3.0,2.0,4.0,16.0
4889.0,delete,5.360321838825384,3887.0,282.0,5.9701586721013875,0.0,5.0,4.0,5.0,22.0
4890.0,delete,6.214939109402413,3888.0,317.0,6.203459061718164,0.0,5.0,4.0,6.0,26.0
4891.0,add,7.25296741988112,3889.0,391.0,6.427708269422341,0.0,3.0,2.0,3.0,17.0
4892.0,add,7.602077247943452,3890.0,396.0,6.030258896884951,0.0,2.0,1.0,3.0,18.0
4893.0,delete,5.625196023291435,3891.0,398.0,5.9261899889331575,0.0,2.0,2.0,3.0,17.0
4894.0,delete,5.304436337243056,3892.0,346.0,6.59036654527637,0.0,3.0,2.0,5.0,14.0
4895.0,delete,6.018863087155823,3893.0,240.0,5.833766868924848,0.0,7.0,6.0,4.0,17.0
4896.0,delete,5.720853033512694,3894.0,400.0,5.696406414026676,0.0,2.0,2.0,2.0,17.0
4897.0,add,5.744592563282626,3894.0,400.0,5.696406414026676,0.0,2.0,2.0,2.0,18.0
4898.0,delete,5.696406414026676,3894.0,400.0,5.696406414026676,0.0,2.0,2.0,2.0,16.0
4899.0,swap,6.802622853750567,3894.0,400.0,5.696406414026676,0.0,2.0,3.0,2.0,16.0
4900.0,add,6.504951816165408,3895.0,61.0,5.89856758532001,5.0,5.0,3.0,4.0,16.0
4901.0,delete,6.970774350731521,3896.0,130.0,5.627553820057557,0.0,3.0,2.0,2.0,17.0
4902.0,delete,5.084730956719638,3897.0,189.0,5.716082190679364,0.0,5.0,7.0,6.0,19.0
4903.0,delete,5.360321838825384,3898.0,283.0,5.978250949451922,0.0,5.0,4.0,5.0,21.0
4904.0,add,6.317623183542116,3899.0,367.0,6.703741367872921,0.0,3.0,1.0,6.0,19.0
4905.0,delete,5.222784167890473,3900.0,318.0,6.214793865050159,0.0,5.0,4.0,5.0,26.0
4906.0,add,6.837763706171369,3901.0,382.0,6.87881858984559,0.0,3.0,1.0,4.0,18.0
4907.0,delete,6.258525941712473,3902.0,392.0,6.405734479302999,0.0,3.0,1.0,3.0,17.0
4908.0,add,6.410412945922432,3903.0,397.0,5.8836966296691475,0.0,2.0,1.0,3.0,19.0
4909.0,delete,5.091459335226948,3904.0,347.0,6.607002681502339,0.0,2.0,2.0,5.0,14.0
4910.0,delete,5.361897724105646,3905.0,241.0,5.834456036796816,0.0,7.0,5.0,3.0,18.0
4911.0,delete,7.384853571508155,3906.0,399.0,5.932176255719847,0.0,2.0,2.0,2.0,17.0
4912.0,delete,4.922000915085453,3907.0,190.0,5.720618538047839,0.0,5.0,7.0,5.0,19.0
4913.0,add,5.822666215545298,3908.0,401.0,5.744592563282626,0.0,2.0,2.0,2.0,18.0
4914.0,add,6.439888294988758,3908.0,401.0,5.744592563282626,0.0,2.0,3.0,2.0,18.0
4915.0,delete,5.696406414026676,3908.0,401.0,5.744592563282626,0.0,2.0,2.0,2.0,17.0
4916.0,swap,4.459181554718179,3908.0,401.0,5.744592563282626,0.0,2.0,1.0,2.0,19.0
4917.0,add,6.591779031097578,3909.0,62.0,5.896229004908921,5.0,6.0,3.0,5.0,15.0
4918.0,delete,6.466899570258396,3910.0,131.0,5.623284460741344,0.0,3.0,2.0,3.0,15.0
4919.0,delete,5.709180269183545,3911.0,284.0,5.983846952319764,0.0,4.0,4.0,5.0,21.0
4920.0,delete,5.480195612081334,3912.0,319.0,6.223730580581743,0.0,5.0,4.0,6.0,24.0
4921.0,add,7.046675297214836,3913.0,368.0,6.694472726339593,0.0,3.0,1.0,5.0,21.0
4922.0,add,7.00303481348494,3914.0,383.0,6.805650179113406,0.0,3.0,1.0,4.0,19.0
4923.0,add,6.266730565332016,3915.0,393.0,6.3293808233362965,0.0,3.0,1.0,3.0,18.0
4924.0,delete,6.563319997980009,3916.0,348.0,6.625337545284512,0.0,3.0,2.0,4.0,13.0
4925.0,delete,5.381609566987871,3917.0,242.0,5.839544954299526,0.0,7.0,5.0,4.0,16.0
4926.0,delete,5.742521829013316,3918.0,398.0,5.93553049245598,0.0,2.0,2.0,3.0,17.0
4927.0,add,5.696406414026676,3919.0,400.0,5.632547008512307,0.0,2.0,2.0,3.0,17.0
4928.0,add,5.59691998056719,3920.0,191.0,5.726102609416169,0.0,5.0,7.0,6.0,19.0
4929.0,delete,5.696406414026676,3921.0,399.0,5.923662158492089,0.0,2.0,2.0,1.0,18.0
4930.0,delete,6.649745196935635,3922.0,132.0,5.621653545664559,0.0,3.0,2.0,3.0,14.0
4931.0,delete,6.5967034096854755,3923.0,63.0,5.8945621623896285,5.0,6.0,3.0,4.0,15.0
4932.0,delete,5.6304749197906645,3924.0,285.0,5.988267864337117,0.0,4.0,4.0,4.0,21.0
4933.0,delete,6.687006368535639,3925.0,369.0,6.689848891968145,0.0,2.0,1.0,5.0,21.0
4934.0,add,6.823891162498624,3926.0,384.0,6.744571432313683,0.0,4.0,1.0,4.0,19.0
4935.0,delete,5.541353391972572,3927.0,320.0,6.236117376981113,0.0,5.0,4.0,6.0,23.0
4936.0,delete,5.797648837471712,3928.0,394.0,6.23600665487302,0.0,3.0,1.0,3.0,17.0
4937.0,add,6.445727704867765,3929.0,402.0,6.439888294988758,0.0,2.0,3.0,2.0,18.0
4938.0,add,6.933501649042488,3929.0,402.0,6.439888294988758,0.0,3.0,3.0,2.0,18.0
4939.0,delete,6.439888294988758,3929.0,402.0,6.439888294988758,0.0,2.0,3.0,2.0,17.0
4940.0,swap,6.439888294988758,3929.0,402.0,6.439888294988758,0.0,2.0,3.0,2.0,18.0
4941.0,delete,5.34763451932756,3930.0,243.0,5.844409402974525,0.0,7.0,5.0,4.0,15.0
4942.0,delete,5.233497094378069,3931.0,349.0,6.639114875826076,0.0,3.0,1.0,4.0,13.0
4943.0,add,5.744592563282626,3932.0,401.0,6.539778847775305,0.0,2.0,2.0,2.0,19.0
4944.0,add,5.39647302537733,3933.0,192.0,5.729843858216725,0.0,5.0,8.0,6.0,19.0
4945.0,delete,5.623675461179087,3934.0,286.0,5.993342609643886,0.0,4.0,4.0,3.0,21.0
4946.0,delete,6.555026818979724,3935.0,64.0,5.892474675974178,5.0,6.0,3.0,4.0,14.0
4947.0,add,6.918983391344962,3936.0,133.0,5.61847806607207,0.0,3.0,3.0,3.0,14.0
4948.0,delete,6.351269739677215,3937.0,370.0,6.688203777925682,0.0,3.0,1.0,4.0,20.0
4949.0,delete,7.454444100478239,3938.0,385.0,6.685308230497977,0.0,3.0,1.0,4.0,19.0
4950.0,delete,6.755067318278549,3939.0,395.0,6.183503387947166,0.0,3.0,1.0,3.0,16.0
4951.0,add,5.974122122782221,3940.0,321.0,6.244240425174605,0.0,5.0,4.0,6.0,24.0
4952.0,add,6.538156118352277,3941.0,400.0,5.987521814887145,0.0,2.0,2.0,2.0,18.0
4953.0,add,7.008935855529882,3942.0,403.0,6.933501649042488,0.0,3.0,3.0,2.0,18.0
4954.0,add,6.9556205354778315,3942.0,403.0,6.933501649042488,0.0,4.0,3.0,2.0,18.0
4955.0,delete,7.262469352309368,3942.0,403.0,6.933501649042488,0.0,3.0,3.0,2.0,17.0
4956.0,swap,6.600563423175759,3942.0,403.0,6.933501649042488,0.0,3.0,3.0,2.0,18.0
4957.0,add,5.366796188401173,3943.0,244.0,5.8520547389604305,0.0,7.0,5.0,4.0,16.0
4958.0,delete,5.016287969851637,3944.0,350.0,6.664829041111637,0.0,2.0,1.0,3.0,14.0
4959.0,delete,6.394192558876822,3945.0,371.0,6.700217522376435,0.0,3.0,1.0,4.0,19.0
4960.0,add,5.963839912815523,3946.0,193.0,5.7350852202586555,0.0,5.0,8.0,6.0,20.0
4961.0,delete,6.7842759609181735,3947.0,65.0,5.891950905537466,5.0,5.0,3.0,3.0,15.0
4962.0,add,5.232764818035113,3948.0,287.0,6.004696159312902,0.0,4.0,4.0,4.0,21.0
4963.0,add,6.731756893630221,3949.0,134.0,5.616800838973866,0.0,4.0,2.0,3.0,15.0
4964.0,delete,7.590630397852735,3950.0,386.0,6.670373781335383,0.0,2.0,1.0,4.0,19.0
4965.0,add,5.540202723293469,3951.0,402.0,6.952218163107065,0.0,2.0,3.0,2.0,19.0
4966.0,add,6.743332627976101,3952.0,396.0,6.175471896523,0.0,2.0,2.0,3.0,17.0
4967.0,add,5.75980875219941,3953.0,322.0,6.25365848883483,0.0,5.0,4.0,7.0,24.0
4968.0,add,5.696614140785792,3954.0,401.0,6.528298062904134,0.0,2.0,2.0,2.0,19.0
4969.0,add,6.96643890098785,3955.0,404.0,6.9556205354778315,0.0,4.0,3.0,2.0,18.0
4970.0,add,6.702039307140551,3955.0,404.0,6.9556205354778315,0.0,4.0,3.0,2.0,19.0
4971.0,delete,7.227622947813869,3955.0,404.0,6.9556205354778315,0.0,4.0,3.0,2.0,17.0
4972.0,swap,7.4571123838719195,3955.0,404.0,6.9556205354778315,0.0,4.0,3.0,2.0,18.0
4973.0,add,5.2248651804214665,3956.0,245.0,5.857637296575456,0.0,8.0,5.0,4.0,16.0
4974.0,add,6.412708698056952,3957.0,351.0,6.692411284368807,0.0,2.0,1.0,5.0,13.0
4975.0,delete,6.075957604683618,3958.0,288.0,6.013462832934572,0.0,4.0,4.0,4.0,20.0
4976.0,delete,6.297370773400804,3959.0,66.0,5.891336526995147,5.0,5.0,3.0,3.0,14.0
4977.0,add,5.2806793958755955,3960.0,194.0,5.739822612046881,0.0,5.0,8.0,6.0,21.0
4978.0,delete,6.394192558876822,3961.0,372.0,6.709948699478968,0.0,3.0,1.0,4.0,18.0
4979.0,add,6.925994693249822,3962.0,135.0,5.614520838513837,0.0,4.0,3.0,3.0,15.0
4980.0,delete,6.939631767177869,3963.0,387.0,6.636184710816022,0.0,3.0,1.0,3.0,18.0
4981.0,add,7.434429012853529,3964.0,403.0,7.061766815058405,0.0,3.0,3.0,2.0,19.0
4982.0,delete,5.647119995033183,3965.0,323.0,6.265174279317043,0.0,5.0,4.0,7.0,23.0
4983.0,add,6.148870081400277,3966.0,397.0,6.23668212944199,0.0,2.0,1.0,3.0,19.0
4984.0,add,7.140480557694218,3967.0,402.0,6.917176008317864,0.0,2.0,3.0,2.0,19.0
4985.0,add,6.700713532825397,3968.0,405.0,6.702039307140551,0.0,4.0,3.0,2.0,19.0
4986.0,add,5.921993262099466,3968.0,405.0,6.702039307140551,0.0,4.0,3.0,2.0,20.0
4987.0,delete,6.9556205354778315,3968.0,405.0,6.702039307140551,0.0,4.0,3.0,2.0,18.0
4988.0,swap,6.7020393071405495,3968.0,405.0,6.702039307140551,0.0,4.0,3.0,1.0,20.0
4989.0,add,5.227642403599828,3969.0,246.0,5.866229186898533,0.0,8.0,5.0,4.0,17.0
4990.0,add,7.095725736869072,3970.0,352.0,6.6955141903915605,0.0,4.0,1.0,4.0,13.0
4991.0,add,5.9411565560983775,3971.0,289.0,6.021563287575735,0.0,4.0,4.0,5.0,20.0
4992.0,add,6.206926328266643,3972.0,67.0,5.891639330747568,5.0,6.0,3.0,3.0,14.0
4993.0,add,5.6285399018420765,3973.0,195.0,5.748016336896246,0.0,5.0,8.0,6.0,22.0
4994.0,delete,7.016713714425711,3974.0,373.0,6.712547933349895,0.0,2.0,1.0,4.0,18.0
4995.0,add,6.98739854965072,3975.0,136.0,5.612788329153096,0.0,4.0,3.0,3.0,16.0
4996.0,delete,7.2367162332478285,3976.0,388.0,6.595846743701956,0.0,3.0,1.0,2.0,18.0
4997.0,delete,5.9607078649725125,3977.0,324.0,6.275602215860166,0.0,4.0,4.0,7.0,23.0
4998.0,delete,4.41841723476303,3978.0,398.0,6.334549024498728,0.0,2.0,1.0,3.0,18.0
4999.0,add,6.574369329128433,3979.0,404.0,6.596481188936759,0.0,5.0,3.0,2.0,18.0
5000.0,add,7.09445631019988,3980.0,403.0,6.872545368619749,0.0,3.0,4.0,2.0,18.0
