budget,expandedBy,objectiveValue,epoch,treeDepth,parentValue,H,Rx,Ry,Rz,Cx
0.0,,5.808421654950915,0.0,0.0,0.0,10.0,0.0,0.0,0.0,0.0
1.0,add,5.808421654950916,1.0,1.0,5.808421654950915,10.0,1.0,0.0,0.0,0.0
2.0,delete,6.213703418118816,1.0,1.0,5.808421654950915,9.0,0.0,0.0,0.0,0.0
3.0,swap,6.374523745044072,1.0,1.0,5.808421654950915,9.0,0.0,0.0,0.0,1.0
4.0,add,5.808421654950915,2.0,2.0,5.808421654950916,10.0,1.0,0.0,0.0,0.0
5.0,add,5.808421654950916,2.0,2.0,5.808421654950916,10.0,1.0,0.0,0.0,1.0
6.0,delete,5.414365293974005,2.0,2.0,5.808421654950916,9.0,1.0,0.0,0.0,0.0
7.0,swap,5.501962747600275,2.0,2.0,5.808421654950916,9.0,1.0,0.0,1.0,0.0
8.0,add,5.812997277676394,3.0,1.0,5.668318601285405,10.0,0.0,0.0,1.0,0.0
9.0,add,5.808421654950915,4.0,3.0,5.808421654950916,10.0,1.0,0.0,0.0,1.0
10.0,add,5.808421654950916,4.0,3.0,5.808421654950916,10.0,1.0,0.0,0.0,2.0
11.0,delete,5.521084501744536,4.0,3.0,5.808421654950916,9.0,1.0,0.0,0.0,1.0
12.0,swap,5.457936841678071,4.0,3.0,5.808421654950916,9.0,1.0,1.0,0.0,1.0
13.0,add,5.808421654950916,5.0,2.0,5.6808572616550705,10.0,1.0,0.0,0.0,1.0
14.0,add,5.808421654950915,6.0,1.0,5.68717059930716,10.0,0.0,0.0,0.0,1.0
15.0,add,5.808421654950915,7.0,4.0,5.808421654950916,10.0,1.0,0.0,0.0,2.0
16.0,add,5.808421654950916,7.0,4.0,5.808421654950916,10.0,1.0,0.0,0.0,3.0
17.0,delete,5.808421654950916,7.0,4.0,5.808421654950916,10.0,1.0,0.0,0.0,1.0
18.0,swap,5.858933214719736,7.0,4.0,5.808421654950916,9.0,1.0,0.0,1.0,2.0
19.0,add,5.808421654950916,8.0,3.0,5.81852396690468,10.0,1.0,0.0,0.0,2.0
20.0,add,5.808421654950916,9.0,2.0,5.755029799795423,10.0,1.0,0.0,0.0,1.0
21.0,add,5.808421654950914,10.0,5.0,5.808421654950916,10.0,1.0,0.0,0.0,3.0
22.0,add,5.808421654950916,10.0,5.0,5.808421654950916,10.0,1.0,0.0,0.0,4.0
23.0,delete,6.229370100288221,10.0,5.0,5.808421654950916,9.0,1.0,0.0,0.0,3.0
24.0,swap,6.22937010028822,10.0,5.0,5.808421654950916,9.0,2.0,0.0,0.0,3.0
25.0,add,5.808421654950916,11.0,4.0,5.976801033085837,10.0,1.0,0.0,0.0,3.0
26.0,add,6.082227351478702,12.0,3.0,5.8895496959003175,10.0,1.0,1.0,0.0,1.0
27.0,add,5.808421654950915,13.0,6.0,5.808421654950916,10.0,1.0,0.0,0.0,4.0
28.0,add,5.808421654950916,13.0,6.0,5.808421654950916,10.0,1.0,0.0,0.0,5.0
29.0,delete,5.808421654950916,13.0,6.0,5.808421654950916,10.0,1.0,0.0,0.0,3.0
30.0,swap,5.558553797347849,13.0,6.0,5.808421654950916,9.0,1.0,1.0,0.0,4.0
31.0,add,5.808421654950916,14.0,5.0,5.758448083430302,10.0,1.0,0.0,0.0,4.0
32.0,add,5.808421654950916,15.0,4.0,5.8622424761392375,10.0,1.0,0.0,0.0,3.0
33.0,add,5.808421654950914,16.0,7.0,5.808421654950916,10.0,1.0,0.0,0.0,5.0
34.0,add,6.066002593853594,16.0,7.0,5.808421654950916,10.0,1.0,1.0,0.0,5.0
35.0,delete,6.229370100288219,16.0,7.0,5.808421654950916,9.0,1.0,0.0,0.0,5.0
36.0,swap,5.50205105713806,16.0,7.0,5.808421654950916,9.0,2.0,0.0,0.0,5.0
37.0,add,5.808421654950916,17.0,6.0,5.882853412236341,10.0,1.0,0.0,0.0,5.0
38.0,add,5.808421654950916,18.0,5.0,5.8195390121167385,10.0,1.0,0.0,0.0,4.0
39.0,add,6.173084428310044,19.0,8.0,6.066002593853594,10.0,1.0,1.0,0.0,5.0
40.0,add,5.7454706537197335,19.0,8.0,6.066002593853594,10.0,1.0,1.0,0.0,6.0
41.0,delete,6.066002593853594,19.0,8.0,6.066002593853594,10.0,1.0,1.0,0.0,4.0
42.0,swap,6.056633979129997,19.0,8.0,6.066002593853594,10.0,0.0,1.0,1.0,5.0
43.0,add,5.808421654950915,20.0,1.0,5.827477867424006,10.0,0.0,0.0,0.0,1.0
44.0,add,5.808421654950916,21.0,7.0,6.021438849773393,10.0,1.0,0.0,0.0,6.0
45.0,add,5.808421654950916,22.0,6.0,5.915663820554264,10.0,1.0,0.0,0.0,5.0
46.0,add,5.748890728350887,23.0,9.0,5.7454706537197335,10.0,1.0,1.0,0.0,6.0
47.0,add,5.753000730320648,23.0,9.0,5.7454706537197335,10.0,1.0,1.0,1.0,6.0
48.0,delete,5.7454706537197335,23.0,9.0,5.7454706537197335,10.0,1.0,1.0,0.0,5.0
49.0,swap,5.741134919253168,23.0,9.0,5.7454706537197335,10.0,1.0,1.0,1.0,5.0
50.0,add,5.808421654950916,24.0,2.0,5.838746618860077,10.0,1.0,0.0,0.0,1.0
51.0,add,6.066002593853594,25.0,8.0,5.7467935370728345,10.0,1.0,1.0,0.0,6.0
52.0,add,5.8227036613485055,26.0,7.0,5.90637413902872,10.0,1.0,0.0,1.0,5.0
53.0,add,5.792211639734403,27.0,10.0,5.753000730320648,10.0,1.0,1.0,1.0,6.0
54.0,add,5.753000730320648,27.0,10.0,5.753000730320648,10.0,1.0,1.0,1.0,7.0
55.0,delete,5.753000730320648,27.0,10.0,5.753000730320648,10.0,1.0,1.0,1.0,5.0
56.0,swap,5.7451999006736605,27.0,10.0,5.753000730320648,10.0,1.0,1.0,1.0,6.0
57.0,add,5.808421654950916,28.0,3.0,5.856731901185709,10.0,1.0,0.0,0.0,2.0
58.0,add,5.745470653719732,29.0,9.0,5.7592827462740015,10.0,2.0,1.0,0.0,6.0
59.0,add,6.066002593853594,30.0,8.0,5.780804903089716,10.0,1.0,1.0,0.0,6.0
60.0,add,5.753000730320647,31.0,11.0,5.753000730320648,10.0,1.0,1.0,1.0,7.0
61.0,add,5.753000730320648,31.0,11.0,5.753000730320648,10.0,1.0,1.0,1.0,8.0
62.0,delete,5.815104112915717,31.0,11.0,5.753000730320648,9.0,1.0,1.0,1.0,7.0
63.0,swap,5.570696135906088,31.0,11.0,5.753000730320648,10.0,1.0,2.0,1.0,6.0
64.0,add,5.808421654950916,32.0,4.0,5.844942595461567,10.0,1.0,0.0,0.0,3.0
65.0,add,5.753000730320648,33.0,10.0,5.7289604879567495,10.0,1.0,1.0,1.0,7.0
66.0,add,5.7457865542602935,34.0,9.0,5.744244256806681,10.0,1.0,1.0,1.0,6.0
67.0,add,5.753000730320647,35.0,12.0,5.753000730320648,10.0,1.0,1.0,1.0,8.0
68.0,add,5.491588676794428,35.0,12.0,5.753000730320648,10.0,1.0,2.0,1.0,8.0
69.0,delete,5.850648321327805,35.0,12.0,5.753000730320648,9.0,1.0,1.0,1.0,8.0
70.0,swap,5.868863702852386,35.0,12.0,5.753000730320648,10.0,0.0,1.0,2.0,8.0
71.0,add,5.808421654950916,36.0,5.0,5.81420414284897,10.0,1.0,0.0,0.0,4.0
72.0,add,5.814685529886164,37.0,11.0,5.743420432323182,10.0,1.0,1.0,1.0,8.0
73.0,add,5.742153885789662,38.0,10.0,5.7433263755714385,10.0,1.0,1.0,1.0,7.0
74.0,add,5.475330504407043,39.0,13.0,5.491588676794428,10.0,1.0,2.0,1.0,8.0
75.0,add,5.991654117830372,39.0,13.0,5.491588676794428,10.0,2.0,2.0,1.0,8.0
76.0,delete,5.843459402821529,39.0,13.0,5.491588676794428,9.0,1.0,2.0,1.0,8.0
77.0,swap,5.167934946807074,39.0,13.0,5.491588676794428,9.0,1.0,3.0,1.0,8.0
78.0,add,5.808421654950916,40.0,6.0,5.800068050734956,10.0,1.0,0.0,0.0,5.0
79.0,add,5.814685529886164,41.0,12.0,5.593993529732089,10.0,1.0,1.0,1.0,9.0
80.0,add,5.753000730320648,42.0,11.0,5.71135019938675,10.0,1.0,1.0,1.0,8.0
81.0,add,5.993158848545838,43.0,14.0,5.991654117830372,10.0,2.0,2.0,1.0,8.0
82.0,add,5.991654117830372,43.0,14.0,5.991654117830372,10.0,3.0,2.0,1.0,8.0
83.0,delete,5.991654117830372,43.0,14.0,5.991654117830372,10.0,2.0,2.0,1.0,7.0
84.0,swap,6.410263975686709,43.0,14.0,5.991654117830372,9.0,2.0,2.0,2.0,8.0
85.0,add,5.808421654950916,44.0,7.0,5.82480078930671,10.0,1.0,0.0,0.0,6.0
86.0,add,5.491588676794428,45.0,13.0,6.075677035544733,10.0,1.0,2.0,1.0,9.0
87.0,add,5.657104162602336,46.0,12.0,5.787542992294029,10.0,1.0,2.0,1.0,8.0
88.0,add,6.016879953846835,47.0,15.0,5.991654117830372,10.0,3.0,2.0,1.0,8.0
89.0,add,5.780076783453337,47.0,15.0,5.991654117830372,10.0,3.0,3.0,1.0,8.0
90.0,delete,5.714828404511528,47.0,15.0,5.991654117830372,9.0,3.0,2.0,1.0,8.0
91.0,swap,5.9957527078154,47.0,15.0,5.991654117830372,9.0,3.0,2.0,2.0,8.0
92.0,add,6.0592261482602074,48.0,8.0,5.79138533374614,10.0,1.0,1.0,1.0,5.0
93.0,add,5.43915179541249,49.0,14.0,5.899838393491494,10.0,2.0,2.0,1.0,9.0
94.0,add,5.4900335638973115,50.0,13.0,5.892423954505244,10.0,1.0,2.0,1.0,9.0
95.0,add,5.7888906267541165,51.0,16.0,5.780076783453337,10.0,3.0,3.0,1.0,8.0
96.0,add,5.602978010716117,51.0,16.0,5.780076783453337,10.0,3.0,4.0,1.0,8.0
97.0,delete,5.248481779023087,51.0,16.0,5.780076783453337,10.0,2.0,3.0,1.0,8.0
98.0,swap,5.627651118501839,51.0,16.0,5.780076783453337,10.0,3.0,4.0,1.0,7.0
99.0,add,5.6378096077703965,52.0,9.0,5.743490702534995,10.0,1.0,2.0,0.0,6.0
100.0,add,5.991654117830372,53.0,15.0,5.609615663689699,10.0,3.0,2.0,1.0,9.0
101.0,add,5.450724032707992,54.0,14.0,5.745272674154136,10.0,2.0,2.0,1.0,9.0
102.0,add,5.602978010716116,55.0,17.0,5.602978010716117,10.0,3.0,4.0,1.0,8.0
103.0,add,5.583578656469413,55.0,17.0,5.602978010716117,10.0,3.0,4.0,2.0,8.0
104.0,delete,5.499576389055184,55.0,17.0,5.602978010716117,9.0,3.0,4.0,1.0,8.0
105.0,swap,6.041734877689744,55.0,17.0,5.602978010716117,10.0,3.0,5.0,1.0,7.0
106.0,add,5.808421654950915,56.0,1.0,5.7880779095514265,10.0,0.0,0.0,0.0,1.0
107.0,add,5.753000730320648,57.0,10.0,5.734380099420981,10.0,2.0,1.0,1.0,6.0
108.0,add,6.112252264933341,58.0,16.0,5.666169188929315,10.0,3.0,3.0,1.0,9.0
109.0,add,6.316145711950886,59.0,15.0,5.716350239558424,10.0,3.0,2.0,1.0,9.0
110.0,add,5.583578656469412,60.0,18.0,5.583578656469413,10.0,3.0,4.0,2.0,8.0
111.0,add,5.586939403536797,60.0,18.0,5.583578656469413,10.0,3.0,4.0,3.0,8.0
112.0,delete,5.51459167456843,60.0,18.0,5.583578656469413,9.0,3.0,4.0,2.0,8.0
113.0,swap,5.583578656469414,60.0,18.0,5.583578656469413,10.0,4.0,4.0,2.0,7.0
114.0,add,5.8012438514032,61.0,2.0,5.792806794592152,10.0,1.0,0.0,1.0,0.0
115.0,add,5.753047100711588,62.0,11.0,5.742133350479853,10.0,1.0,1.0,2.0,7.0
116.0,add,5.782325015569158,63.0,17.0,5.570453409502693,10.0,3.0,4.0,1.0,9.0
117.0,add,6.277261128638448,64.0,16.0,5.681282874199375,10.0,3.0,3.0,1.0,9.0
118.0,add,5.58990482165708,65.0,19.0,5.586939403536797,10.0,3.0,4.0,3.0,8.0
119.0,add,5.586842188600987,65.0,19.0,5.586939403536797,10.0,3.0,4.0,4.0,8.0
120.0,delete,5.095458729602808,65.0,19.0,5.586939403536797,9.0,3.0,4.0,3.0,8.0
121.0,swap,5.589329843127881,65.0,19.0,5.586939403536797,10.0,2.0,4.0,3.0,9.0
122.0,add,5.808421654950916,66.0,3.0,5.7894382432303155,10.0,1.0,0.0,0.0,2.0
123.0,add,5.79885639015993,67.0,12.0,5.7203314000340555,10.0,1.0,2.0,1.0,8.0
124.0,add,5.583578656469413,68.0,18.0,5.489694997305111,10.0,3.0,4.0,2.0,9.0
125.0,add,5.602978010716118,69.0,17.0,5.552700572958254,10.0,4.0,4.0,1.0,8.0
126.0,add,5.583121143181754,70.0,20.0,5.586842188600987,10.0,3.0,4.0,4.0,8.0
127.0,add,4.618877909668682,70.0,20.0,5.586842188600987,10.0,3.0,4.0,4.0,9.0
128.0,delete,5.824327623966671,70.0,20.0,5.586842188600987,10.0,3.0,3.0,4.0,8.0
129.0,swap,6.094301870248892,70.0,20.0,5.586842188600987,10.0,3.0,5.0,4.0,7.0
130.0,add,6.204449555782825,71.0,4.0,5.771212736079425,10.0,1.0,1.0,0.0,2.0
131.0,add,5.4963279435013925,72.0,13.0,5.7167584498073785,10.0,1.0,2.0,1.0,9.0
132.0,add,5.948907243133425,73.0,19.0,5.541494147133397,10.0,3.0,4.0,3.0,9.0
133.0,add,4.959541869747574,74.0,18.0,5.554689948472217,10.0,3.0,4.0,2.0,9.0
134.0,add,4.737188080337369,75.0,21.0,4.618877909668682,10.0,3.0,4.0,4.0,9.0
135.0,add,5.297646291295585,75.0,21.0,4.618877909668682,10.0,4.0,4.0,4.0,9.0
136.0,delete,4.166014151933633,75.0,21.0,4.618877909668682,9.0,3.0,4.0,4.0,9.0
137.0,swap,4.618826833827989,75.0,21.0,4.618877909668682,10.0,3.0,4.0,3.0,10.0
138.0,add,5.808421654950916,76.0,5.0,5.710276851986667,10.0,1.0,0.0,0.0,4.0
139.0,add,5.991654117830372,77.0,14.0,5.575752729049643,10.0,2.0,2.0,1.0,9.0
140.0,add,5.810971389392602,78.0,20.0,4.687710653412652,10.0,3.0,4.0,4.0,9.0
141.0,add,5.587376308047592,79.0,19.0,5.298820429598871,10.0,3.0,4.0,4.0,8.0
142.0,add,5.294983488399614,80.0,22.0,5.297646291295585,10.0,4.0,4.0,4.0,9.0
143.0,add,5.297646291295585,80.0,22.0,5.297646291295585,10.0,5.0,4.0,4.0,9.0
144.0,delete,5.297646291295585,80.0,22.0,5.297646291295585,10.0,4.0,4.0,4.0,8.0
145.0,swap,5.549975623105601,80.0,22.0,5.297646291295585,10.0,3.0,5.0,4.0,9.0
146.0,add,5.808421654950916,81.0,6.0,5.694948403271267,10.0,1.0,0.0,0.0,5.0
147.0,add,5.996778744122736,82.0,15.0,5.531492938534942,10.0,3.0,2.0,2.0,8.0
148.0,add,4.607412502662531,83.0,21.0,5.347579597078395,10.0,3.0,4.0,5.0,9.0
149.0,add,5.893053116447934,84.0,20.0,5.027017168474071,10.0,3.0,4.0,4.0,9.0
150.0,add,5.314777211836473,85.0,23.0,5.297646291295585,10.0,5.0,4.0,4.0,9.0
151.0,add,5.297646291295585,85.0,23.0,5.297646291295585,10.0,5.0,4.0,4.0,10.0
152.0,delete,4.618877909668682,85.0,23.0,5.297646291295585,10.0,4.0,4.0,4.0,9.0
153.0,swap,5.480993217244874,85.0,23.0,5.297646291295585,10.0,5.0,5.0,3.0,9.0
154.0,add,5.800253904467126,86.0,7.0,5.660346554349888,10.0,1.0,0.0,1.0,5.0
155.0,add,5.780076783453337,87.0,16.0,5.442989441326004,10.0,3.0,3.0,1.0,9.0
156.0,add,5.624622452391374,88.0,22.0,5.20198818426824,10.0,4.0,4.0,4.0,10.0
157.0,add,5.396731728245699,89.0,21.0,5.243838870044681,10.0,4.0,4.0,4.0,9.0
158.0,add,5.2928360716726095,90.0,24.0,5.297646291295585,10.0,5.0,4.0,4.0,10.0
159.0,add,5.298095756284522,90.0,24.0,5.297646291295585,10.0,5.0,4.0,5.0,10.0
160.0,delete,5.297646291295585,90.0,24.0,5.297646291295585,10.0,5.0,4.0,4.0,9.0
161.0,swap,5.452945445233548,90.0,24.0,5.297646291295585,9.0,6.0,4.0,4.0,10.0
162.0,add,6.066002593853594,91.0,8.0,5.624828922914731,10.0,1.0,1.0,0.0,6.0
163.0,add,5.038039637022513,92.0,17.0,5.373641867910363,10.0,3.0,5.0,1.0,8.0
164.0,add,5.291669807922794,93.0,23.0,5.3278339711563705,10.0,5.0,4.0,4.0,10.0
165.0,add,5.297646291295585,94.0,22.0,5.297068795103784,10.0,4.0,4.0,4.0,10.0
166.0,add,5.2972362036190574,95.0,25.0,5.298095756284522,10.0,5.0,4.0,5.0,10.0
167.0,add,4.967659392210508,95.0,25.0,5.298095756284522,10.0,5.0,5.0,5.0,10.0
168.0,delete,4.697260545029573,95.0,25.0,5.298095756284522,10.0,5.0,4.0,5.0,9.0
169.0,swap,5.223610833030056,95.0,25.0,5.298095756284522,10.0,5.0,4.0,6.0,9.0
170.0,add,5.748245171614962,96.0,9.0,5.5727990629061805,10.0,2.0,1.0,0.0,6.0
171.0,add,5.583578656469413,97.0,18.0,5.301753177981505,10.0,3.0,4.0,2.0,9.0
172.0,add,5.296333758724618,98.0,24.0,5.096772546034742,10.0,5.0,4.0,5.0,10.0
173.0,add,5.297646291295585,99.0,23.0,5.219358217847133,10.0,5.0,4.0,4.0,10.0
174.0,add,4.967535419717346,100.0,26.0,4.967659392210508,10.0,5.0,5.0,5.0,10.0
175.0,add,4.967659392210508,100.0,26.0,4.967659392210508,10.0,5.0,5.0,5.0,11.0
176.0,delete,4.955428528092145,100.0,26.0,4.967659392210508,10.0,5.0,4.0,5.0,10.0
177.0,swap,5.165820546951248,100.0,26.0,4.967659392210508,9.0,5.0,5.0,5.0,11.0
178.0,add,5.753000730320648,101.0,10.0,5.534561419961143,10.0,1.0,1.0,1.0,7.0
179.0,add,5.586939403536797,102.0,19.0,5.25789494330275,10.0,3.0,4.0,3.0,9.0
180.0,add,5.614295122024564,103.0,25.0,5.004820655836351,10.0,5.0,4.0,5.0,11.0
181.0,add,5.532220594139917,104.0,24.0,5.131903227081285,10.0,5.0,4.0,4.0,11.0
182.0,add,4.967794596951165,105.0,27.0,4.967659392210508,10.0,5.0,5.0,5.0,11.0
183.0,add,5.044712918221608,105.0,27.0,4.967659392210508,10.0,6.0,5.0,5.0,11.0
184.0,delete,4.293210522668189,105.0,27.0,4.967659392210508,10.0,5.0,5.0,5.0,10.0
185.0,swap,4.967659392210506,105.0,27.0,4.967659392210508,10.0,6.0,5.0,5.0,10.0
186.0,add,5.682348993841214,106.0,11.0,5.4944339975714245,10.0,1.0,2.0,1.0,7.0
187.0,add,5.586842188600987,107.0,20.0,5.152770362528667,10.0,3.0,4.0,4.0,9.0
188.0,add,5.364696490654841,108.0,26.0,4.848207364452395,10.0,5.0,5.0,5.0,11.0
189.0,add,5.389810597782299,109.0,25.0,5.025133847446603,10.0,6.0,4.0,5.0,10.0
190.0,add,5.041261075415188,110.0,28.0,5.044712918221608,10.0,6.0,5.0,5.0,11.0
191.0,add,5.030171774650509,110.0,28.0,5.044712918221608,10.0,6.0,5.0,6.0,11.0
192.0,delete,4.949118064216958,110.0,28.0,5.044712918221608,10.0,6.0,5.0,4.0,11.0
193.0,swap,5.040447795351799,110.0,28.0,5.044712918221608,10.0,7.0,5.0,4.0,11.0
194.0,add,5.753000730320647,111.0,12.0,5.4542019698134885,10.0,2.0,1.0,1.0,8.0
195.0,add,4.619757327594436,112.0,21.0,5.1770347204402505,10.0,3.0,4.0,5.0,9.0
196.0,add,4.644473461750626,113.0,27.0,5.021142325571212,10.0,5.0,5.0,5.0,12.0
197.0,add,4.986330247920592,114.0,26.0,4.937382316754718,10.0,5.0,5.0,5.0,11.0
198.0,add,4.954637477456827,115.0,29.0,5.030171774650509,10.0,6.0,5.0,6.0,11.0
199.0,add,5.2318279299600405,115.0,29.0,5.030171774650509,10.0,6.0,5.0,6.0,12.0
200.0,delete,5.030171774650509,115.0,29.0,5.030171774650509,10.0,6.0,5.0,6.0,10.0
201.0,swap,5.198875674001459,115.0,29.0,5.030171774650509,10.0,7.0,5.0,6.0,10.0
202.0,add,5.491588676794428,116.0,13.0,5.409707933695584,10.0,1.0,2.0,1.0,9.0
203.0,add,5.369235940165552,117.0,22.0,5.142082736458636,10.0,4.0,5.0,4.0,9.0
204.0,add,5.045578832210184,118.0,28.0,5.089136926143869,10.0,6.0,5.0,6.0,11.0
205.0,add,4.975310649283722,119.0,27.0,5.019206979807791,10.0,5.0,5.0,6.0,11.0
206.0,add,5.2320548852904585,120.0,30.0,5.2318279299600405,10.0,6.0,5.0,6.0,12.0
207.0,add,5.691303887385993,120.0,30.0,5.2318279299600405,10.0,6.0,6.0,6.0,12.0
208.0,delete,5.4524541785853335,120.0,30.0,5.2318279299600405,10.0,6.0,4.0,6.0,12.0
209.0,swap,5.2318279299600405,120.0,30.0,5.2318279299600405,10.0,6.0,5.0,6.0,12.0
210.0,add,5.991654117830372,121.0,14.0,5.37216507018874,10.0,2.0,2.0,1.0,9.0
211.0,add,5.317490578014918,122.0,23.0,5.1419319111832165,10.0,5.0,4.0,4.0,10.0
212.0,add,5.693898056291472,123.0,29.0,5.367893762236373,10.0,6.0,6.0,6.0,11.0
213.0,add,4.716632559093209,124.0,28.0,5.2538911273129845,10.0,6.0,5.0,5.0,12.0
214.0,add,5.619380163169821,125.0,31.0,5.691303887385993,10.0,6.0,6.0,6.0,12.0
215.0,add,5.691303887385993,125.0,31.0,5.691303887385993,10.0,6.0,6.0,6.0,13.0
216.0,delete,5.659293265260596,125.0,31.0,5.691303887385993,10.0,5.0,6.0,6.0,12.0
217.0,swap,5.583039565969827,125.0,31.0,5.691303887385993,10.0,6.0,7.0,5.0,12.0
218.0,add,5.808074904844209,126.0,1.0,5.584819445194489,10.0,0.0,0.0,1.0,0.0
219.0,add,5.991654117830371,127.0,15.0,5.349644613346318,10.0,4.0,2.0,1.0,8.0
220.0,add,5.297646291295585,128.0,24.0,5.167760843644596,10.0,5.0,4.0,4.0,11.0
221.0,add,4.946928294853123,129.0,30.0,5.648864153834445,10.0,6.0,5.0,6.0,13.0
222.0,add,5.030171774650509,130.0,29.0,5.457573822192064,10.0,6.0,5.0,6.0,12.0
223.0,add,5.749926272402805,131.0,32.0,5.691303887385993,10.0,6.0,6.0,6.0,13.0
224.0,add,5.048174691534556,131.0,32.0,5.691303887385993,10.0,7.0,6.0,6.0,13.0
225.0,delete,5.812950195034883,131.0,32.0,5.691303887385993,9.0,6.0,6.0,6.0,13.0
226.0,swap,5.691303887385993,131.0,32.0,5.691303887385993,10.0,6.0,6.0,6.0,13.0
227.0,add,5.808421654950916,132.0,2.0,5.57457443091999,10.0,1.0,0.0,0.0,1.0
228.0,add,5.780076783453337,133.0,16.0,5.318842890293127,10.0,3.0,3.0,1.0,9.0
229.0,add,5.484507284366021,134.0,25.0,5.191128279270449,10.0,5.0,4.0,5.0,11.0
230.0,add,5.810393131029326,135.0,31.0,5.5987317867488455,10.0,6.0,7.0,6.0,12.0
231.0,add,5.2302781174372575,136.0,30.0,5.573090658310265,10.0,6.0,5.0,7.0,12.0
232.0,add,5.132554116306049,137.0,33.0,5.048174691534556,10.0,7.0,6.0,6.0,13.0
233.0,add,4.958320476564175,137.0,33.0,5.048174691534556,10.0,8.0,6.0,6.0,13.0
234.0,delete,4.484222427198963,137.0,33.0,5.048174691534556,10.0,7.0,5.0,6.0,13.0
235.0,swap,5.89244122173841,137.0,33.0,5.048174691534556,10.0,6.0,6.0,7.0,13.0
236.0,add,5.808421654950916,138.0,3.0,5.560390338308424,10.0,1.0,0.0,0.0,2.0
237.0,add,5.971188114079027,139.0,17.0,5.280744436986698,10.0,4.0,4.0,1.0,8.0
238.0,add,4.975889870825772,140.0,26.0,5.202319776357852,10.0,5.0,5.0,6.0,10.0
239.0,add,5.815026112957313,141.0,32.0,5.10314258666843,10.0,6.0,6.0,6.0,14.0
240.0,add,5.44203030944517,142.0,31.0,5.462419674503497,10.0,6.0,6.0,6.0,13.0
241.0,add,4.9449007286777675,143.0,34.0,4.958320476564175,10.0,8.0,6.0,6.0,13.0
242.0,add,5.039131171728105,143.0,34.0,4.958320476564175,10.0,9.0,6.0,6.0,13.0
243.0,delete,5.725115097431409,143.0,34.0,4.958320476564175,9.0,8.0,6.0,6.0,13.0
244.0,swap,4.958320476564175,143.0,34.0,4.958320476564175,10.0,8.0,6.0,6.0,13.0
245.0,add,5.808421654950915,144.0,4.0,5.542157368009843,10.0,2.0,0.0,0.0,2.0
246.0,add,5.861458734638656,145.0,18.0,5.263382723009467,10.0,3.0,4.0,2.0,9.0
247.0,add,4.961417871714584,146.0,27.0,5.261749107712555,10.0,5.0,5.0,6.0,11.0
248.0,add,5.501222792637046,147.0,33.0,5.125157590193126,10.0,7.0,6.0,6.0,14.0
249.0,add,5.884859667454152,148.0,32.0,5.227220846667088,10.0,6.0,6.0,6.0,14.0
250.0,add,5.0394512717506785,149.0,35.0,5.039131171728105,10.0,9.0,6.0,6.0,13.0
251.0,add,5.330265611328598,149.0,35.0,5.039131171728105,10.0,9.0,7.0,6.0,13.0
252.0,delete,5.039131171728105,149.0,35.0,5.039131171728105,10.0,9.0,6.0,6.0,12.0
253.0,swap,5.45669747114018,149.0,35.0,5.039131171728105,10.0,9.0,6.0,6.0,13.0
254.0,add,5.808421654950916,150.0,5.0,5.520618793876251,10.0,1.0,0.0,0.0,4.0
255.0,add,5.586939403536797,151.0,19.0,5.255855673272985,10.0,3.0,4.0,3.0,9.0
256.0,add,5.286581668569028,152.0,28.0,5.325656708257528,10.0,6.0,5.0,5.0,12.0
257.0,add,5.371000253587394,153.0,34.0,5.180935339535134,10.0,8.0,6.0,6.0,14.0
258.0,add,5.269125676607963,154.0,33.0,5.214868774830695,10.0,7.0,6.0,6.0,14.0
259.0,add,5.330265611328599,155.0,36.0,5.330265611328598,10.0,9.0,7.0,6.0,13.0
260.0,add,5.246297077129388,155.0,36.0,5.330265611328598,10.0,9.0,7.0,6.0,14.0
261.0,delete,5.889413755225723,155.0,36.0,5.330265611328598,10.0,8.0,7.0,6.0,13.0
262.0,swap,5.561398420610425,155.0,36.0,5.330265611328598,9.0,9.0,8.0,6.0,13.0
263.0,add,5.493153463903504,156.0,6.0,5.508170033339466,10.0,1.0,1.0,0.0,4.0
264.0,add,5.949627733268891,157.0,20.0,5.233935932324854,10.0,3.0,4.0,4.0,9.0
265.0,add,5.030896622602147,158.0,29.0,5.392942525818196,10.0,6.0,5.0,7.0,11.0
266.0,add,5.0363470638260734,159.0,35.0,5.471528095124546,10.0,9.0,6.0,7.0,13.0
267.0,add,4.914712773078883,160.0,34.0,5.30358171630757,10.0,8.0,6.0,6.0,14.0
268.0,add,5.322563532548257,161.0,37.0,5.246297077129388,10.0,9.0,7.0,6.0,14.0
269.0,add,5.173189266980497,161.0,37.0,5.246297077129388,10.0,9.0,7.0,6.0,15.0
270.0,delete,5.188191256768955,161.0,37.0,5.246297077129388,10.0,9.0,7.0,5.0,14.0
271.0,swap,5.850092525727798,161.0,37.0,5.246297077129388,9.0,9.0,7.0,6.0,15.0
272.0,add,5.808421654950916,162.0,7.0,5.489024310956532,10.0,1.0,0.0,0.0,6.0
273.0,add,5.2995108455001825,163.0,21.0,5.244462333988189,10.0,3.0,4.0,4.0,10.0
274.0,add,5.700035653940215,164.0,30.0,5.383264067423012,10.0,7.0,5.0,6.0,12.0
275.0,add,5.694076393733857,165.0,36.0,5.35606673183098,10.0,9.0,7.0,6.0,14.0
276.0,add,5.388616495714456,166.0,35.0,5.420190955928015,10.0,9.0,6.0,6.0,14.0
277.0,add,5.173189266980498,167.0,38.0,5.173189266980497,10.0,9.0,7.0,6.0,15.0
278.0,add,5.185040958727909,167.0,38.0,5.173189266980497,10.0,9.0,7.0,6.0,16.0
279.0,delete,5.222186509654806,167.0,38.0,5.173189266980497,10.0,9.0,7.0,5.0,15.0
280.0,swap,4.372529580985808,167.0,38.0,5.173189266980497,9.0,9.0,7.0,7.0,15.0
281.0,add,6.066002593853594,168.0,8.0,5.463134363209429,10.0,1.0,1.0,0.0,6.0
282.0,add,5.0024943949771075,169.0,22.0,5.250981961241959,10.0,4.0,4.0,4.0,10.0
283.0,add,5.691303887385993,170.0,31.0,5.340899465216029,10.0,6.0,6.0,6.0,13.0
284.0,add,5.246297077129388,171.0,37.0,5.025227116665904,10.0,9.0,7.0,6.0,15.0
285.0,add,5.330265611328598,172.0,36.0,5.243059404215197,10.0,9.0,7.0,6.0,14.0
286.0,add,5.152193229967759,173.0,39.0,5.185040958727909,10.0,9.0,7.0,6.0,16.0
287.0,add,5.185338764730838,173.0,39.0,5.185040958727909,10.0,9.0,7.0,6.0,17.0
288.0,delete,4.1477613167181735,173.0,39.0,5.185040958727909,10.0,9.0,7.0,5.0,16.0
289.0,swap,5.183049682702359,173.0,39.0,5.185040958727909,10.0,8.0,7.0,7.0,16.0
290.0,add,5.7540754061988615,174.0,9.0,5.433834377535364,10.0,1.0,1.0,1.0,6.0
291.0,add,5.65017650259702,175.0,23.0,5.24061701227172,10.0,6.0,4.0,4.0,9.0
292.0,add,5.698497947565727,176.0,32.0,5.242074415213352,10.0,6.0,6.0,6.0,14.0
293.0,add,5.173189266980497,177.0,38.0,4.970676790569408,10.0,9.0,7.0,6.0,16.0
294.0,add,5.158675712701184,178.0,37.0,5.0194513565053205,10.0,9.0,7.0,6.0,15.0
295.0,add,5.187200524824751,179.0,40.0,5.185338764730838,10.0,9.0,7.0,6.0,17.0
296.0,add,4.577037053618707,179.0,40.0,5.185338764730838,10.0,9.0,8.0,6.0,17.0
297.0,delete,5.252766825016768,179.0,40.0,5.185338764730838,10.0,9.0,7.0,6.0,16.0
298.0,swap,5.185338764730839,179.0,40.0,5.185338764730838,10.0,10.0,7.0,6.0,16.0
299.0,add,5.753000730320648,180.0,10.0,5.4150537152545315,10.0,1.0,1.0,1.0,7.0
300.0,add,5.512731685509466,181.0,24.0,5.230760947404805,10.0,5.0,4.0,4.0,11.0
301.0,add,4.873026940709684,182.0,33.0,5.198997662980435,10.0,7.0,6.0,6.0,14.0
302.0,add,5.165526392072224,183.0,39.0,5.077536386584381,10.0,9.0,7.0,6.0,17.0
303.0,add,5.173189266980497,184.0,38.0,5.035858434553711,10.0,9.0,7.0,6.0,16.0
304.0,add,4.566937628169882,185.0,41.0,4.577037053618707,10.0,9.0,8.0,6.0,17.0
305.0,delete,4.458386446130473,185.0,41.0,4.577037053618707,9.0,9.0,8.0,6.0,17.0
306.0,swap,5.622028715820168,185.0,41.0,4.577037053618707,10.0,10.0,8.0,6.0,16.0
307.0,add,5.812817070606694,186.0,11.0,5.391193542378044,10.0,1.0,1.0,1.0,8.0
308.0,add,5.586673777998893,187.0,25.0,5.215539892063278,10.0,5.0,5.0,5.0,10.0
309.0,add,4.9628060055630385,188.0,34.0,5.168947941536105,10.0,8.0,6.0,6.0,14.0
310.0,add,5.599179871110063,189.0,40.0,4.806097460934807,10.0,9.0,7.0,6.0,18.0
311.0,delete,4.541882455466452,190.0,42.0,4.458386446130473,9.0,9.0,8.0,6.0,17.0
312.0,delete,3.7700057474574615,190.0,42.0,4.458386446130473,8.0,9.0,8.0,6.0,17.0
313.0,swap,4.858481008852553,190.0,42.0,4.458386446130473,9.0,8.0,8.0,6.0,18.0
314.0,add,5.185040958727909,191.0,39.0,4.9207777075385515,10.0,9.0,7.0,6.0,17.0
315.0,delete,4.789063270598765,192.0,41.0,4.407188914476735,10.0,9.0,7.0,6.0,17.0
316.0,add,5.753000730320648,193.0,12.0,5.358784837967734,10.0,1.0,1.0,1.0,9.0
317.0,add,4.985519271475411,194.0,26.0,5.187710504089084,10.0,5.0,5.0,5.0,11.0
318.0,add,5.029038155808135,195.0,35.0,5.114679459464308,10.0,9.0,6.0,7.0,13.0
319.0,delete,3.769969788442105,196.0,43.0,3.7700057474574615,8.0,9.0,8.0,6.0,17.0
320.0,delete,3.770509154937294,196.0,43.0,3.7700057474574615,8.0,9.0,7.0,6.0,17.0
321.0,swap,4.302512522500685,196.0,43.0,3.7700057474574615,8.0,8.0,8.0,6.0,18.0
322.0,add,5.94752883755222,197.0,40.0,4.55216613859205,10.0,10.0,7.0,6.0,17.0
323.0,delete,4.456769994713195,198.0,42.0,3.9032493033343862,9.0,9.0,8.0,5.0,17.0
324.0,delete,3.781938926073172,199.0,44.0,3.770509154937294,8.0,9.0,7.0,6.0,17.0
325.0,delete,3.7422519714755906,199.0,44.0,3.770509154937294,8.0,9.0,7.0,6.0,16.0
326.0,swap,4.545857492898374,199.0,44.0,3.770509154937294,8.0,8.0,7.0,6.0,18.0
327.0,add,5.493693379652583,200.0,13.0,5.306064310635057,10.0,1.0,2.0,1.0,9.0
328.0,add,4.920733835536251,201.0,27.0,5.134323151423517,10.0,6.0,5.0,5.0,11.0
329.0,add,5.321362650810894,202.0,36.0,4.908622698772359,10.0,9.0,7.0,7.0,13.0
330.0,delete,4.507566238162965,203.0,41.0,4.23230239829551,10.0,9.0,8.0,5.0,17.0
331.0,delete,3.2110183191603054,204.0,43.0,3.960139386346108,8.0,9.0,8.0,6.0,16.0
332.0,delete,3.7434172916053,205.0,45.0,3.7422519714755906,8.0,9.0,7.0,6.0,16.0
333.0,delete,4.502975227252471,205.0,45.0,3.7422519714755906,8.0,9.0,6.0,6.0,16.0
334.0,swap,3.7471089521989156,205.0,45.0,3.7422519714755906,8.0,9.0,7.0,7.0,15.0
335.0,add,5.991654117830372,206.0,14.0,5.254454900888462,10.0,2.0,2.0,1.0,9.0
336.0,add,4.77890795031249,207.0,28.0,5.090740918361962,10.0,6.0,6.0,5.0,11.0
337.0,add,5.2433559533710365,208.0,37.0,4.708353257020244,10.0,9.0,7.0,7.0,14.0
338.0,delete,5.223802432410768,209.0,42.0,3.945361282392905,8.0,9.0,8.0,6.0,17.0
339.0,delete,4.0468992446453536,210.0,44.0,3.933938360633069,8.0,9.0,7.0,6.0,16.0
340.0,delete,4.502975227252472,211.0,46.0,4.502975227252471,8.0,9.0,6.0,6.0,16.0
341.0,add,5.123782801150332,211.0,46.0,4.502975227252471,8.0,9.0,6.0,6.0,17.0
342.0,delete,4.4979305210557685,211.0,46.0,4.502975227252471,8.0,9.0,6.0,6.0,15.0
343.0,swap,4.1570443408778335,211.0,46.0,4.502975227252471,8.0,9.0,6.0,6.0,16.0
344.0,add,5.991654117830372,212.0,15.0,5.2125125716944645,10.0,3.0,2.0,1.0,9.0
345.0,add,5.031156991380929,213.0,29.0,5.0667908286545025,10.0,6.0,5.0,7.0,11.0
346.0,add,5.187878011667545,214.0,38.0,4.6385124358442535,10.0,9.0,7.0,6.0,16.0
347.0,delete,3.481297649557639,215.0,43.0,4.105669959275629,8.0,9.0,7.0,6.0,17.0
348.0,delete,3.744065498800663,216.0,45.0,4.556941623517775,8.0,8.0,7.0,6.0,16.0
349.0,add,5.105546723772698,217.0,47.0,5.123782801150332,8.0,9.0,6.0,6.0,17.0
350.0,delete,5.201910830359208,217.0,47.0,5.123782801150332,8.0,9.0,5.0,6.0,17.0
351.0,swap,5.31926198271725,217.0,47.0,5.123782801150332,8.0,10.0,6.0,6.0,16.0
352.0,add,5.780076783453337,218.0,16.0,5.172990596276165,10.0,4.0,3.0,1.0,8.0
353.0,add,4.594313858103594,219.0,30.0,5.029571418342636,10.0,6.0,5.0,6.0,13.0
354.0,add,5.532937125201701,220.0,39.0,4.573798881971805,10.0,10.0,7.0,6.0,16.0
355.0,delete,4.629600197129566,221.0,44.0,4.418090047166451,8.0,8.0,7.0,6.0,17.0
356.0,add,4.506024097798642,222.0,46.0,5.187625584499872,8.0,9.0,6.0,7.0,16.0
357.0,delete,5.201910830359208,223.0,48.0,5.201910830359208,8.0,9.0,5.0,6.0,17.0
358.0,delete,5.826427621020409,223.0,48.0,5.201910830359208,8.0,8.0,5.0,6.0,17.0
359.0,swap,5.383869212377682,223.0,48.0,5.201910830359208,8.0,9.0,5.0,7.0,16.0
360.0,delete,4.778759628575432,224.0,45.0,4.851824993445741,8.0,9.0,6.0,6.0,16.0
361.0,add,5.602978010716117,225.0,17.0,5.143817270677616,10.0,4.0,4.0,1.0,8.0
362.0,add,5.691303887385993,226.0,31.0,5.004368180739164,10.0,6.0,6.0,6.0,13.0
363.0,add,5.148648036804557,227.0,40.0,4.552398352668154,10.0,10.0,7.0,6.0,17.0
364.0,delete,5.123782801150332,228.0,47.0,5.403529623529127,8.0,9.0,6.0,6.0,16.0
365.0,delete,5.82642762102041,229.0,49.0,5.826427621020409,8.0,8.0,5.0,6.0,17.0
366.0,delete,5.826427621020406,229.0,49.0,5.826427621020409,8.0,7.0,5.0,6.0,17.0
367.0,swap,5.949138702786612,229.0,49.0,5.826427621020409,8.0,8.0,4.0,6.0,18.0
368.0,add,4.4997961423787745,230.0,46.0,5.366209237127766,8.0,9.0,6.0,7.0,16.0
369.0,delete,5.220006931717922,231.0,41.0,4.575805039388295,9.0,9.0,8.0,6.0,17.0
370.0,add,5.583578656469413,232.0,18.0,5.137395183401456,10.0,3.0,4.0,2.0,9.0
371.0,add,5.698047487102435,233.0,32.0,4.981868340413761,10.0,6.0,6.0,7.0,13.0
372.0,delete,5.278225264093399,234.0,48.0,5.857105391461959,8.0,9.0,5.0,6.0,16.0
373.0,delete,5.803705310904267,235.0,50.0,5.826427621020406,8.0,7.0,5.0,6.0,17.0
374.0,delete,5.826427621020406,235.0,50.0,5.826427621020406,8.0,7.0,5.0,6.0,16.0
375.0,swap,5.818662340965505,235.0,50.0,5.826427621020406,8.0,8.0,5.0,6.0,16.0
376.0,delete,5.123782801150332,236.0,47.0,5.588909648089821,8.0,9.0,6.0,6.0,16.0
377.0,delete,4.453967383266921,237.0,42.0,4.696200524488877,9.0,9.0,8.0,5.0,17.0
378.0,delete,5.267112652300163,238.0,49.0,5.818805723477646,8.0,8.0,5.0,6.0,16.0
379.0,add,5.9205006789098125,239.0,19.0,5.134685557913389,10.0,3.0,5.0,3.0,8.0
380.0,add,5.549472904659378,240.0,33.0,4.978104685403426,10.0,7.0,7.0,6.0,13.0
381.0,delete,5.826427621020408,241.0,51.0,5.826427621020406,8.0,7.0,5.0,6.0,16.0
382.0,add,5.814758295142421,241.0,51.0,5.826427621020406,8.0,8.0,5.0,6.0,16.0
383.0,delete,5.780385746224929,241.0,51.0,5.826427621020406,8.0,6.0,5.0,6.0,16.0
384.0,swap,5.6858011441028,241.0,51.0,5.826427621020406,8.0,8.0,4.0,6.0,16.0
385.0,delete,4.032852666475471,242.0,43.0,4.871878087905968,8.0,9.0,7.0,6.0,17.0
386.0,delete,5.137668157791861,243.0,48.0,5.733071350894009,8.0,9.0,5.0,5.0,17.0
387.0,delete,5.949138702786611,244.0,50.0,5.786760085502193,8.0,7.0,4.0,6.0,17.0
388.0,add,5.769098624124933,245.0,20.0,5.125235791810357,10.0,3.0,5.0,4.0,8.0
389.0,add,4.885436655089203,246.0,34.0,4.997683118191193,10.0,8.0,6.0,6.0,14.0
390.0,add,5.810386720410087,247.0,52.0,5.814758295142421,8.0,8.0,5.0,6.0,16.0
391.0,add,5.7884211896548,247.0,52.0,5.814758295142421,8.0,8.0,6.0,6.0,16.0
392.0,delete,5.855945326204052,247.0,52.0,5.814758295142421,8.0,8.0,5.0,5.0,16.0
393.0,swap,5.831242985681641,247.0,52.0,5.814758295142421,8.0,8.0,5.0,7.0,15.0
394.0,delete,3.768967097308677,248.0,44.0,5.139635674205875,8.0,9.0,7.0,5.0,17.0
395.0,delete,6.007520485484174,249.0,49.0,5.777488805531321,8.0,8.0,5.0,6.0,16.0
396.0,add,5.808421654950916,250.0,1.0,5.414334108300687,10.0,1.0,0.0,0.0,0.0
397.0,add,5.6944892323820655,251.0,51.0,5.8201509034186,8.0,7.0,5.0,6.0,17.0
398.0,add,4.618877909668682,252.0,21.0,5.135801251103521,10.0,3.0,4.0,4.0,10.0
399.0,add,5.004180505516403,253.0,35.0,5.026448244843636,10.0,9.0,7.0,6.0,13.0
400.0,delete,5.832420516749923,254.0,50.0,5.805765871330021,8.0,7.0,5.0,5.0,17.0
401.0,add,5.788421189654802,255.0,53.0,5.7884211896548,8.0,8.0,6.0,6.0,16.0
402.0,delete,5.814758295142421,255.0,53.0,5.7884211896548,8.0,8.0,5.0,6.0,16.0
403.0,swap,5.550791175520147,255.0,53.0,5.7884211896548,8.0,8.0,6.0,6.0,16.0
404.0,delete,4.288684325457392,256.0,45.0,5.374745126978385,8.0,9.0,7.0,5.0,16.0
405.0,add,5.719831279926897,257.0,52.0,5.735597962493042,8.0,8.0,5.0,6.0,17.0
406.0,add,5.808421654950916,258.0,2.0,5.406020993621732,10.0,1.0,0.0,0.0,1.0
407.0,delete,5.8151111984934065,259.0,54.0,5.814758295142421,8.0,8.0,5.0,6.0,16.0
408.0,add,5.55314805389751,259.0,54.0,5.814758295142421,8.0,9.0,5.0,6.0,16.0
409.0,delete,5.761695907713921,259.0,54.0,5.814758295142421,8.0,8.0,5.0,5.0,16.0
410.0,swap,5.759335870762941,259.0,54.0,5.814758295142421,8.0,8.0,4.0,7.0,16.0
411.0,add,5.309779518472492,260.0,22.0,5.1547750320593995,10.0,4.0,4.0,5.0,9.0
412.0,add,5.327010728077023,261.0,36.0,5.057300701652649,10.0,9.0,7.0,7.0,13.0
413.0,add,4.588828644230468,262.0,46.0,5.569748051827346,8.0,9.0,7.0,6.0,16.0
414.0,add,5.785534276362685,263.0,51.0,5.7541669086133655,8.0,7.0,5.0,6.0,17.0
415.0,delete,5.751929064152858,264.0,53.0,5.74080986520204,8.0,7.0,6.0,6.0,16.0
416.0,add,5.808421654950916,265.0,3.0,5.400986841300185,10.0,1.0,0.0,0.0,2.0
417.0,add,5.56062459298602,266.0,55.0,5.55314805389751,8.0,9.0,5.0,6.0,16.0
418.0,add,5.308090165090298,266.0,55.0,5.55314805389751,8.0,9.0,5.0,6.0,17.0
419.0,delete,5.8242438295951215,266.0,55.0,5.55314805389751,7.0,9.0,5.0,6.0,16.0
420.0,swap,5.3609833507769435,266.0,55.0,5.55314805389751,8.0,9.0,5.0,6.0,16.0
421.0,add,5.30830046196285,267.0,23.0,5.161691856678739,10.0,5.0,4.0,5.0,9.0
422.0,add,5.242821802529763,268.0,37.0,5.059466271892141,10.0,9.0,7.0,7.0,14.0
423.0,delete,4.927333442794636,269.0,47.0,5.654315014737564,8.0,9.0,5.0,6.0,17.0
424.0,add,5.534644601640504,270.0,52.0,5.6683846545262915,8.0,8.0,5.0,6.0,17.0
425.0,add,5.572685121201012,271.0,54.0,5.521417998469179,8.0,8.0,5.0,6.0,17.0
426.0,add,5.808421654950916,272.0,4.0,5.390909526332558,10.0,2.0,0.0,0.0,2.0
427.0,delete,5.62843406685853,273.0,53.0,5.643873222710222,7.0,8.0,6.0,6.0,16.0
428.0,add,5.27906876806424,274.0,24.0,5.159322404929828,10.0,5.0,4.0,5.0,10.0
429.0,add,5.4090415369319285,275.0,38.0,5.0717414942486885,10.0,9.0,8.0,6.0,15.0
430.0,delete,5.251243424023771,276.0,48.0,5.705831356885726,7.0,9.0,5.0,6.0,17.0
431.0,add,5.296429234027513,277.0,56.0,5.308090165090298,8.0,9.0,5.0,6.0,17.0
432.0,add,5.289022445264046,277.0,56.0,5.308090165090298,8.0,9.0,5.0,6.0,18.0
433.0,delete,5.327749636905342,277.0,56.0,5.308090165090298,8.0,9.0,5.0,5.0,17.0
434.0,swap,5.521549658786743,277.0,56.0,5.308090165090298,8.0,10.0,5.0,6.0,16.0
435.0,add,5.55314805389751,278.0,55.0,5.348568228014789,8.0,9.0,5.0,6.0,17.0
436.0,add,5.80842633502552,279.0,5.0,5.37829366663458,10.0,1.0,0.0,1.0,3.0
437.0,delete,6.19628391415417,280.0,49.0,5.67942139950543,7.0,8.0,5.0,6.0,17.0
438.0,add,5.298095756284522,281.0,25.0,5.16721648080066,10.0,5.0,4.0,5.0,11.0
439.0,add,5.188752370112204,282.0,39.0,5.1034387945752995,10.0,9.0,7.0,7.0,16.0
440.0,add,5.8104498492151615,283.0,54.0,5.469788558402551,8.0,8.0,5.0,7.0,16.0
441.0,add,5.288831439502229,284.0,57.0,5.289022445264046,8.0,9.0,5.0,6.0,18.0
442.0,delete,5.2833572446326595,284.0,57.0,5.289022445264046,8.0,8.0,5.0,6.0,18.0
443.0,swap,5.723846045955399,284.0,57.0,5.289022445264046,8.0,10.0,5.0,6.0,17.0
444.0,add,5.308090165090298,285.0,56.0,5.396264293838583,8.0,9.0,5.0,6.0,18.0
445.0,delete,5.826427621020406,286.0,50.0,5.645861049088026,8.0,7.0,5.0,6.0,16.0
446.0,add,5.808421654950916,287.0,6.0,5.372945593782189,10.0,1.0,0.0,0.0,5.0
447.0,delete,5.288052831031842,288.0,58.0,5.2833572446326595,8.0,8.0,5.0,6.0,18.0
448.0,delete,5.221278308380408,288.0,58.0,5.2833572446326595,8.0,8.0,5.0,5.0,18.0
449.0,swap,5.30532339407082,288.0,58.0,5.2833572446326595,8.0,7.0,5.0,7.0,18.0
450.0,add,5.214736230807376,289.0,26.0,5.175449099496344,10.0,5.0,5.0,5.0,11.0
451.0,add,5.294230281608819,290.0,40.0,5.124156390291104,10.0,9.0,7.0,6.0,18.0
452.0,add,5.302628891961354,291.0,55.0,5.362674509433471,8.0,9.0,5.0,6.0,17.0
453.0,delete,5.295007229919118,292.0,57.0,5.274502944528933,8.0,8.0,5.0,6.0,18.0
454.0,delete,5.221093639158127,293.0,59.0,5.221278308380408,8.0,8.0,5.0,5.0,18.0
455.0,delete,5.221278308380408,293.0,59.0,5.221278308380408,8.0,8.0,5.0,5.0,17.0
456.0,swap,5.241975790066297,293.0,59.0,5.221278308380408,8.0,8.0,5.0,6.0,17.0
457.0,add,5.808421654950916,294.0,7.0,5.3606551236313456,10.0,1.0,0.0,0.0,6.0
458.0,add,5.411899218955665,295.0,27.0,5.186749812370969,10.0,5.0,5.0,5.0,12.0
459.0,delete,4.586209845556405,296.0,41.0,5.123620274822179,9.0,9.0,8.0,6.0,17.0
460.0,add,5.485300828115958,297.0,51.0,5.545966291597472,8.0,7.0,5.0,6.0,17.0
461.0,add,5.2838112049034685,298.0,56.0,5.30726307012097,8.0,9.0,5.0,6.0,18.0
462.0,delete,4.990854650292148,299.0,58.0,5.226406511496311,7.0,8.0,5.0,6.0,18.0
463.0,delete,5.222495745198989,300.0,60.0,5.221278308380408,8.0,8.0,5.0,5.0,17.0
464.0,delete,5.212952481222545,300.0,60.0,5.221278308380408,8.0,8.0,5.0,4.0,17.0
465.0,swap,5.487319610353317,300.0,60.0,5.221278308380408,8.0,7.0,5.0,6.0,17.0
466.0,add,6.065225455334499,301.0,8.0,5.344450422823238,10.0,1.0,1.0,1.0,5.0
467.0,delete,4.413364818248689,302.0,42.0,5.155730451221767,9.0,9.0,8.0,6.0,16.0
468.0,add,5.434199483633984,303.0,28.0,5.191912585793401,10.0,6.0,5.0,5.0,12.0
469.0,add,5.770314880654584,304.0,52.0,5.469742370282098,8.0,8.0,5.0,6.0,17.0
470.0,delete,5.276707725707361,305.0,57.0,5.249249102725558,8.0,9.0,5.0,5.0,18.0
471.0,delete,5.221278308380408,306.0,59.0,5.2860115362888145,8.0,8.0,5.0,5.0,17.0
472.0,delete,5.133233641008285,307.0,61.0,5.212952481222545,8.0,8.0,5.0,4.0,17.0
473.0,delete,5.2678894422675695,307.0,61.0,5.212952481222545,8.0,7.0,5.0,4.0,17.0
474.0,swap,5.4066307226874315,307.0,61.0,5.212952481222545,8.0,7.0,5.0,4.0,18.0
475.0,delete,3.780358962820375,308.0,43.0,5.214944304152974,8.0,9.0,8.0,6.0,16.0
476.0,add,5.7454706537197335,309.0,9.0,5.325111426657059,10.0,1.0,1.0,0.0,7.0
477.0,delete,5.678411436896513,310.0,53.0,5.4178331303734435,7.0,8.0,6.0,6.0,16.0
478.0,add,5.036001364412045,311.0,29.0,5.198890470884418,10.0,6.0,5.0,6.0,12.0
479.0,delete,5.2833572446326595,312.0,58.0,5.2373567206163285,8.0,8.0,5.0,6.0,17.0
480.0,delete,5.221278308380409,313.0,60.0,5.255176571796458,8.0,7.0,5.0,5.0,17.0
481.0,delete,5.267889442267569,314.0,62.0,5.2678894422675695,8.0,7.0,5.0,4.0,17.0
482.0,delete,5.267083505071234,314.0,62.0,5.2678894422675695,8.0,6.0,5.0,4.0,17.0
483.0,swap,5.2796181118068635,314.0,62.0,5.2678894422675695,8.0,7.0,5.0,3.0,18.0
484.0,delete,3.682255301178583,315.0,44.0,5.304013855997178,8.0,8.0,7.0,6.0,17.0
485.0,add,5.820292608536034,316.0,54.0,5.346186857024934,8.0,8.0,5.0,7.0,16.0
486.0,add,5.753000730320648,317.0,10.0,5.312036075330261,10.0,1.0,1.0,1.0,7.0
487.0,delete,5.143357091523159,318.0,59.0,5.267412302252085,7.0,8.0,5.0,5.0,18.0
488.0,add,5.2394432701594456,319.0,30.0,5.194361700999724,10.0,6.0,5.0,7.0,12.0
489.0,delete,5.133877906558319,320.0,61.0,5.270620125353309,7.0,8.0,5.0,4.0,17.0
490.0,delete,5.282308062399297,321.0,63.0,5.267083505071234,8.0,6.0,5.0,4.0,17.0
491.0,delete,5.267083505071234,321.0,63.0,5.267083505071234,8.0,6.0,5.0,4.0,16.0
492.0,swap,5.541407036887864,321.0,63.0,5.267083505071234,8.0,6.0,4.0,4.0,18.0
493.0,delete,3.787143030673027,322.0,45.0,5.386636006061377,8.0,8.0,7.0,6.0,16.0
494.0,delete,5.236548242976548,323.0,60.0,5.273437680469051,8.0,8.0,5.0,4.0,17.0
495.0,add,5.623920870420977,324.0,55.0,5.292916268505567,8.0,9.0,6.0,6.0,16.0
496.0,add,5.753000730320648,325.0,11.0,5.298318850139764,10.0,1.0,1.0,1.0,8.0
497.0,delete,5.116924104359367,326.0,62.0,5.339470527357407,8.0,7.0,4.0,4.0,17.0
498.0,add,5.686585683141419,327.0,31.0,5.1848506727437735,10.0,6.0,6.0,6.0,13.0
499.0,delete,5.267083505071237,328.0,64.0,5.267083505071234,8.0,6.0,5.0,4.0,16.0
500.0,add,5.687864325819829,328.0,64.0,5.267083505071234,8.0,6.0,5.0,4.0,17.0
501.0,delete,5.286732504728887,328.0,64.0,5.267083505071234,8.0,6.0,5.0,4.0,15.0
502.0,swap,5.540954057168886,328.0,64.0,5.267083505071234,8.0,6.0,6.0,4.0,15.0
503.0,add,4.421209002838798,329.0,46.0,5.457389334617434,8.0,10.0,6.0,6.0,16.0
504.0,delete,5.208597699189641,330.0,61.0,5.323593500729089,8.0,7.0,5.0,4.0,17.0
505.0,add,5.326240276726283,331.0,56.0,5.2877511545483635,8.0,10.0,5.0,6.0,17.0
506.0,add,5.753000730320648,332.0,12.0,5.286870448737362,10.0,1.0,1.0,1.0,9.0
507.0,delete,5.541407036887864,333.0,63.0,5.4099435795720145,8.0,6.0,4.0,4.0,17.0
508.0,add,5.166201343346009,334.0,32.0,5.169428116439921,10.0,6.0,7.0,6.0,13.0
509.0,add,5.687864325819829,335.0,65.0,5.687864325819829,8.0,6.0,5.0,4.0,17.0
510.0,add,5.653813507833432,335.0,65.0,5.687864325819829,8.0,6.0,5.0,4.0,18.0
511.0,delete,5.583206525824856,335.0,65.0,5.687864325819829,7.0,6.0,5.0,4.0,17.0
512.0,swap,5.683834418450225,335.0,65.0,5.687864325819829,8.0,7.0,5.0,4.0,16.0
513.0,delete,5.110651012836775,336.0,47.0,5.496661777541151,8.0,9.0,5.0,6.0,17.0
514.0,delete,5.220113370008786,337.0,57.0,5.319969731833,8.0,8.0,5.0,6.0,18.0
515.0,delete,4.955219650561,338.0,62.0,5.457683315813861,8.0,7.0,5.0,4.0,16.0
516.0,add,5.852553589299985,339.0,13.0,5.281392968120185,10.0,1.0,2.0,1.0,9.0
517.0,add,5.267083505071234,340.0,64.0,5.6593166207496335,8.0,6.0,5.0,4.0,17.0
518.0,add,4.3873043945259225,341.0,33.0,5.167128876461175,10.0,7.0,7.0,6.0,13.0
519.0,delete,5.783976209823848,342.0,63.0,5.496993383431593,7.0,6.0,5.0,4.0,17.0
520.0,delete,5.20811280346356,343.0,48.0,5.508986545897581,8.0,9.0,5.0,6.0,16.0
521.0,add,5.65381350783343,344.0,66.0,5.653813507833432,8.0,6.0,5.0,4.0,18.0
522.0,delete,5.464868721804138,344.0,66.0,5.653813507833432,8.0,6.0,5.0,4.0,17.0
523.0,swap,5.662013515423562,344.0,66.0,5.653813507833432,7.0,6.0,5.0,5.0,18.0
524.0,delete,5.2833572446326595,345.0,58.0,5.34543365566606,8.0,8.0,5.0,6.0,17.0
525.0,add,5.466762168556388,346.0,65.0,5.608627313223641,8.0,6.0,6.0,4.0,17.0
526.0,add,6.014848313805705,347.0,14.0,5.2720477487069575,10.0,2.0,3.0,1.0,8.0
527.0,delete,5.464868721804145,348.0,67.0,5.464868721804138,8.0,6.0,5.0,4.0,17.0
528.0,delete,5.465831720539425,348.0,67.0,5.464868721804138,8.0,6.0,5.0,4.0,16.0
529.0,swap,5.366316897357669,348.0,67.0,5.464868721804138,8.0,6.0,4.0,5.0,17.0
530.0,add,4.882562870160354,349.0,34.0,5.179657388796659,10.0,8.0,6.0,6.0,14.0
531.0,delete,5.685801144102799,350.0,49.0,5.5045704748920015,8.0,8.0,4.0,6.0,17.0
532.0,delete,5.224853022287025,351.0,59.0,5.374937592368471,8.0,7.0,5.0,5.0,18.0
533.0,add,5.235615247807732,352.0,64.0,5.546780143241397,8.0,6.0,5.0,4.0,17.0
534.0,delete,5.63899265718666,353.0,66.0,5.440471515376345,8.0,6.0,5.0,4.0,17.0
535.0,delete,5.4724483727576425,354.0,68.0,5.465831720539425,8.0,6.0,5.0,4.0,16.0
536.0,add,5.471453252504453,354.0,68.0,5.465831720539425,8.0,6.0,5.0,4.0,17.0
537.0,delete,5.695332351270993,354.0,68.0,5.465831720539425,7.0,6.0,5.0,4.0,16.0
538.0,swap,5.866331190747937,354.0,68.0,5.465831720539425,7.0,6.0,6.0,4.0,16.0
539.0,add,5.991654117830371,355.0,15.0,5.264649543749357,10.0,4.0,2.0,1.0,8.0
540.0,add,5.039131171728104,356.0,35.0,5.196242853912401,10.0,10.0,6.0,6.0,13.0
541.0,delete,5.696529413868966,357.0,50.0,5.48724422055716,8.0,7.0,4.0,6.0,17.0
542.0,delete,5.224853022287025,358.0,60.0,5.417675252770238,8.0,7.0,5.0,5.0,17.0
543.0,add,5.732450407592307,359.0,65.0,5.564834352739991,8.0,7.0,5.0,4.0,17.0
544.0,delete,5.55221807763936,360.0,67.0,5.5942793775640896,8.0,6.0,5.0,4.0,16.0
545.0,add,5.488395231518022,361.0,69.0,5.471453252504453,8.0,6.0,5.0,4.0,17.0
546.0,add,5.469493331490787,361.0,69.0,5.471453252504453,8.0,6.0,5.0,5.0,17.0
547.0,delete,5.8570478719271835,361.0,69.0,5.471453252504453,8.0,6.0,5.0,4.0,16.0
548.0,swap,5.640396092159909,361.0,69.0,5.471453252504453,8.0,6.0,5.0,3.0,18.0
549.0,add,5.767746764126774,362.0,16.0,5.256991784918334,10.0,3.0,3.0,2.0,8.0
550.0,add,5.330265611328598,363.0,36.0,5.205927380899094,10.0,9.0,7.0,6.0,14.0
551.0,add,5.576059040651986,364.0,51.0,5.470461602097054,8.0,7.0,5.0,6.0,17.0
552.0,delete,5.212952481222545,365.0,61.0,5.469179700655166,8.0,8.0,5.0,4.0,16.0
553.0,delete,5.608263643289262,366.0,66.0,5.565285320764879,7.0,6.0,5.0,4.0,18.0
554.0,add,5.508397947530772,367.0,68.0,5.58535715592007,8.0,6.0,5.0,4.0,17.0
555.0,delete,5.464868721804138,368.0,67.0,5.589758676371499,8.0,6.0,5.0,4.0,16.0
556.0,add,5.602978010716117,369.0,17.0,5.24680036448188,10.0,3.0,4.0,1.0,9.0
557.0,add,5.814758295142421,370.0,52.0,5.450149934801358,8.0,8.0,5.0,6.0,17.0
558.0,add,5.8061578340377995,371.0,37.0,5.207410068353832,10.0,9.0,7.0,6.0,15.0
559.0,delete,5.545618060741581,372.0,62.0,5.504103216343489,8.0,7.0,5.0,4.0,16.0
560.0,add,5.50438282210367,373.0,70.0,5.469493331490787,8.0,6.0,5.0,5.0,17.0
561.0,delete,5.469493331490787,373.0,70.0,5.469493331490787,8.0,6.0,5.0,4.0,17.0
562.0,swap,5.309435531502699,373.0,70.0,5.469493331490787,8.0,6.0,4.0,6.0,17.0
563.0,add,5.480254719701328,374.0,69.0,5.4382012541469855,8.0,6.0,6.0,4.0,17.0
564.0,delete,5.469548445103097,375.0,71.0,5.469493331490787,8.0,6.0,5.0,4.0,17.0
565.0,delete,5.449292872027598,375.0,71.0,5.469493331490787,7.0,6.0,5.0,4.0,17.0
566.0,swap,5.469493331490787,375.0,71.0,5.469493331490787,8.0,6.0,5.0,4.0,17.0
567.0,add,4.974591232224887,376.0,18.0,5.246315081351881,10.0,3.0,4.0,2.0,9.0
568.0,add,5.1710664698818105,377.0,38.0,5.22079919893247,10.0,9.0,7.0,7.0,15.0
569.0,delete,5.867385948146265,378.0,53.0,5.437119116796618,8.0,7.0,6.0,6.0,16.0
570.0,delete,5.52756669362166,379.0,63.0,5.528024003208225,8.0,5.0,5.0,4.0,17.0
571.0,add,5.472574821650344,380.0,68.0,5.506698829273161,8.0,7.0,5.0,4.0,16.0
572.0,delete,5.879961468881844,381.0,70.0,5.464456995028067,7.0,6.0,5.0,5.0,17.0
573.0,delete,5.446396075446861,382.0,72.0,5.449292872027598,7.0,6.0,5.0,4.0,17.0
574.0,delete,5.626649895554313,382.0,72.0,5.449292872027598,7.0,6.0,5.0,4.0,16.0
575.0,swap,5.493822566776961,382.0,72.0,5.449292872027598,7.0,6.0,6.0,4.0,16.0
576.0,add,5.864664346837064,383.0,19.0,5.247074291656189,10.0,3.0,4.0,3.0,9.0
577.0,add,5.428192481350961,384.0,54.0,5.424249357560774,8.0,8.0,6.0,6.0,16.0
578.0,add,5.185911687827914,385.0,39.0,5.240103903048136,10.0,9.0,7.0,7.0,16.0
579.0,add,5.218251855391638,386.0,64.0,5.5470288035273905,8.0,6.0,6.0,4.0,16.0
580.0,add,5.479480725687872,387.0,69.0,5.505685365964228,8.0,6.0,5.0,4.0,18.0
581.0,delete,5.631877349821958,388.0,71.0,5.504040352451433,8.0,6.0,5.0,4.0,16.0
582.0,delete,5.627127388460496,389.0,73.0,5.626649895554313,7.0,6.0,5.0,4.0,16.0
583.0,delete,5.606732240211812,389.0,73.0,5.626649895554313,7.0,6.0,4.0,4.0,16.0
584.0,swap,5.489086819226773,389.0,73.0,5.626649895554313,7.0,6.0,6.0,4.0,15.0
585.0,add,5.275086627002555,390.0,55.0,5.414194243150516,8.0,9.0,5.0,6.0,17.0
586.0,add,5.586842188600988,391.0,20.0,5.240006839523415,10.0,4.0,4.0,4.0,8.0
587.0,add,5.687864325819829,392.0,65.0,5.553076623479765,8.0,6.0,5.0,4.0,18.0
588.0,add,5.185338764730838,393.0,40.0,5.250069349806105,10.0,9.0,7.0,6.0,18.0
589.0,delete,5.996788412785436,394.0,70.0,5.5549568153744415,8.0,6.0,5.0,5.0,16.0
590.0,delete,5.048176692950797,395.0,72.0,5.587399085863349,7.0,6.0,5.0,4.0,16.0
591.0,delete,5.676249070398301,396.0,74.0,5.606732240211812,7.0,6.0,4.0,4.0,16.0
592.0,delete,5.606900532629556,396.0,74.0,5.606732240211812,7.0,6.0,4.0,3.0,16.0
593.0,swap,5.644150682713498,396.0,74.0,5.606732240211812,6.0,7.0,4.0,4.0,16.0
594.0,delete,5.653813507833432,397.0,66.0,5.548035912819213,8.0,6.0,5.0,4.0,17.0
595.0,add,5.512558584149176,398.0,56.0,5.427727838386214,8.0,9.0,5.0,6.0,18.0
596.0,add,5.226419267223129,399.0,21.0,5.247287604272546,10.0,3.0,5.0,4.0,9.0
597.0,delete,4.577037053618707,400.0,41.0,5.261205083725619,10.0,9.0,8.0,6.0,16.0
598.0,delete,5.480240682898221,401.0,71.0,5.528871848851577,8.0,6.0,5.0,3.0,17.0
599.0,delete,5.61763545562366,402.0,73.0,5.633508131488292,7.0,6.0,5.0,3.0,16.0
600.0,delete,5.605979011451939,403.0,75.0,5.606900532629556,7.0,6.0,4.0,3.0,16.0
601.0,add,5.655348917215897,403.0,75.0,5.606900532629556,7.0,6.0,4.0,3.0,17.0
602.0,delete,5.623697888030894,403.0,75.0,5.606900532629556,7.0,5.0,4.0,3.0,16.0
603.0,swap,5.643974878230896,403.0,75.0,5.606900532629556,7.0,6.0,4.0,3.0,16.0
604.0,delete,5.289022445264047,404.0,57.0,5.441522301680426,8.0,9.0,5.0,5.0,18.0
605.0,delete,5.545953340014483,405.0,42.0,5.289028929904264,9.0,9.0,8.0,6.0,16.0
606.0,add,5.286711678914376,406.0,22.0,5.25506457034018,10.0,4.0,4.0,4.0,10.0
607.0,delete,5.464868721804138,407.0,67.0,5.561424169798974,8.0,6.0,5.0,4.0,16.0
608.0,delete,5.694492661289344,408.0,72.0,5.574746882515295,7.0,5.0,5.0,4.0,17.0
609.0,delete,5.606723826268644,409.0,74.0,5.627180245511836,7.0,6.0,4.0,3.0,16.0
610.0,add,5.69959857422799,410.0,76.0,5.655348917215897,7.0,6.0,4.0,3.0,17.0
611.0,add,5.82490113354884,410.0,76.0,5.655348917215897,7.0,7.0,4.0,3.0,17.0
612.0,delete,5.17564399745186,410.0,76.0,5.655348917215897,7.0,6.0,4.0,3.0,16.0
613.0,swap,5.74446370680868,410.0,76.0,5.655348917215897,6.0,7.0,4.0,3.0,17.0
614.0,delete,3.7666148554924583,411.0,43.0,5.330245284737718,8.0,8.0,8.0,6.0,17.0
615.0,delete,5.500027626983214,412.0,58.0,5.461916559198372,8.0,8.0,5.0,6.0,17.0
616.0,add,4.8534784496757455,413.0,23.0,5.258019435165951,10.0,5.0,4.0,4.0,10.0
617.0,add,5.728806779417178,414.0,68.0,5.567144006419871,8.0,6.0,5.0,4.0,17.0
618.0,delete,5.631753434932836,415.0,73.0,5.6237142796294615,7.0,6.0,5.0,4.0,15.0
619.0,add,5.606900532629556,416.0,75.0,5.619991265850654,7.0,6.0,4.0,3.0,17.0
620.0,delete,5.606732240211812,417.0,74.0,5.617648454408613,7.0,6.0,4.0,4.0,15.0
621.0,add,5.778416166467016,418.0,77.0,5.82490113354884,7.0,7.0,4.0,3.0,17.0
622.0,add,5.824672789490919,418.0,77.0,5.82490113354884,7.0,7.0,4.0,3.0,18.0
623.0,delete,5.822992490122229,418.0,77.0,5.82490113354884,7.0,7.0,4.0,2.0,17.0
624.0,swap,5.77380048517889,418.0,77.0,5.82490113354884,7.0,8.0,3.0,3.0,17.0
625.0,delete,3.921683095673276,419.0,44.0,5.3951053717934405,8.0,9.0,6.0,6.0,17.0
626.0,add,5.532848360818462,420.0,24.0,5.261809257743134,10.0,5.0,4.0,4.0,11.0
627.0,delete,5.318472674108319,421.0,59.0,5.496281558464005,8.0,8.0,5.0,5.0,17.0
628.0,add,5.473580697017259,422.0,69.0,5.592506418988718,8.0,6.0,5.0,4.0,18.0
629.0,add,6.183679825809429,423.0,76.0,5.804956612961578,7.0,6.0,5.0,3.0,17.0
630.0,add,5.657619838487914,424.0,75.0,5.7354926017228465,7.0,7.0,4.0,3.0,16.0
631.0,delete,5.709942584629942,425.0,60.0,5.518665312881489,7.0,8.0,5.0,5.0,17.0
632.0,delete,3.7388216143544684,426.0,45.0,5.450119419962121,8.0,9.0,7.0,6.0,15.0
633.0,add,5.852833159949632,427.0,78.0,5.824672789490919,7.0,7.0,4.0,3.0,18.0
634.0,delete,5.630521390074,427.0,78.0,5.824672789490919,7.0,7.0,3.0,3.0,18.0
635.0,swap,5.830773443433117,427.0,78.0,5.824672789490919,7.0,7.0,4.0,3.0,18.0
636.0,add,5.298095756284522,428.0,25.0,5.26680172795221,10.0,5.0,4.0,5.0,11.0
637.0,delete,5.448503144388478,429.0,70.0,5.639149846483052,7.0,6.0,5.0,5.0,17.0
638.0,add,5.827572859482423,430.0,77.0,5.784700195736917,7.0,7.0,4.0,3.0,18.0
639.0,delete,5.630521390073997,431.0,79.0,5.630521390074,7.0,7.0,3.0,3.0,18.0
640.0,delete,5.632387092623266,431.0,79.0,5.630521390074,7.0,7.0,3.0,3.0,17.0
641.0,swap,6.038514139259316,431.0,79.0,5.630521390074,6.0,7.0,4.0,3.0,18.0
642.0,add,5.008358049047315,432.0,46.0,5.504474788276791,8.0,9.0,6.0,6.0,17.0
643.0,delete,5.229778199985585,433.0,61.0,5.551538385717635,8.0,8.0,5.0,4.0,16.0
644.0,delete,5.469493331490787,434.0,71.0,5.651221354937304,8.0,5.0,5.0,4.0,17.0
645.0,add,5.368542907844092,435.0,76.0,5.819352797347159,7.0,7.0,4.0,3.0,17.0
646.0,add,4.967659392210508,436.0,26.0,5.272460365837116,10.0,5.0,5.0,5.0,11.0
647.0,delete,5.8225253487930715,437.0,78.0,5.732986003007644,6.0,7.0,4.0,3.0,18.0
648.0,delete,5.6321520883440765,438.0,80.0,5.632387092623266,7.0,7.0,3.0,3.0,17.0
649.0,delete,6.041299388450741,438.0,80.0,5.632387092623266,6.0,7.0,3.0,3.0,17.0
650.0,swap,5.450141145564809,438.0,80.0,5.632387092623266,7.0,8.0,3.0,3.0,16.0
651.0,delete,5.362026007259087,439.0,47.0,5.5299396621814,7.0,9.0,6.0,6.0,17.0
652.0,delete,5.1879055260727,440.0,62.0,5.574743473478932,7.0,7.0,5.0,4.0,17.0
653.0,delete,5.460843824190301,441.0,72.0,5.671547138237933,7.0,6.0,5.0,4.0,16.0
654.0,add,5.823996925664231,442.0,77.0,5.767826186294948,7.0,7.0,4.0,4.0,17.0
655.0,delete,5.630521390073995,443.0,79.0,5.688994928745724,7.0,6.0,3.0,3.0,18.0
656.0,add,4.293210522668189,444.0,27.0,5.2869334335945934,10.0,5.0,5.0,5.0,12.0
657.0,delete,5.954235654697317,445.0,81.0,6.041299388450741,6.0,7.0,3.0,3.0,17.0
658.0,delete,6.14302558510425,445.0,81.0,6.041299388450741,6.0,6.0,3.0,3.0,17.0
659.0,swap,6.1224591840804505,445.0,81.0,6.041299388450741,6.0,8.0,3.0,2.0,17.0
660.0,add,5.808421654950916,446.0,1.0,5.42220143423774,10.0,1.0,0.0,0.0,0.0
661.0,delete,5.337664078295841,447.0,48.0,5.549798293764833,8.0,9.0,4.0,6.0,17.0
662.0,delete,5.1167531634896015,448.0,63.0,5.607690801784607,8.0,6.0,4.0,4.0,17.0
663.0,delete,5.987476310275173,449.0,73.0,5.726264770291396,7.0,6.0,5.0,4.0,15.0
664.0,delete,5.761991768480167,450.0,78.0,5.81069198309494,7.0,7.0,3.0,3.0,18.0
665.0,delete,5.739310384503628,451.0,80.0,6.0652549530831905,7.0,6.0,3.0,3.0,17.0
666.0,delete,6.1399196194030505,452.0,82.0,6.14302558510425,6.0,6.0,3.0,3.0,17.0
667.0,delete,5.972753181314879,452.0,82.0,6.14302558510425,6.0,6.0,2.0,3.0,17.0
668.0,swap,5.919720728170699,452.0,82.0,6.14302558510425,6.0,6.0,3.0,3.0,17.0
669.0,add,5.497320004414108,453.0,28.0,5.308786770050744,10.0,6.0,5.0,5.0,12.0
670.0,delete,5.826427621020409,454.0,49.0,5.559894936575287,8.0,8.0,5.0,6.0,16.0
671.0,add,5.808421654950916,455.0,2.0,5.422066589040736,10.0,1.0,0.0,0.0,1.0
672.0,add,5.604959039497604,456.0,64.0,5.635982639469639,8.0,6.0,6.0,4.0,16.0
673.0,delete,6.155569664402784,457.0,74.0,5.760194140241205,7.0,6.0,4.0,4.0,15.0
674.0,delete,5.630388636630079,458.0,79.0,5.864827120194263,7.0,7.0,3.0,3.0,17.0
675.0,delete,5.858778055264531,459.0,81.0,6.043854778498219,6.0,6.0,3.0,3.0,17.0
676.0,delete,5.971889074574587,460.0,83.0,5.972753181314879,6.0,6.0,2.0,3.0,17.0
677.0,delete,5.851827576422598,460.0,83.0,5.972753181314879,6.0,5.0,2.0,3.0,17.0
678.0,swap,5.649383559227859,460.0,83.0,5.972753181314879,6.0,6.0,2.0,4.0,16.0
679.0,add,5.030171774650509,461.0,29.0,5.324985381224631,10.0,6.0,5.0,6.0,12.0
680.0,delete,5.9075345068090295,462.0,50.0,5.560442983944861,8.0,6.0,5.0,6.0,17.0
681.0,add,5.692736855312532,463.0,65.0,5.659414982624609,8.0,6.0,5.0,4.0,18.0
682.0,add,6.3311283516449,464.0,3.0,5.421935724449121,10.0,1.0,1.0,0.0,1.0
683.0,add,5.859016330569244,465.0,75.0,5.786564721408823,7.0,7.0,4.0,3.0,16.0
684.0,delete,6.43350656673541,466.0,80.0,5.947050165934549,6.0,7.0,3.0,3.0,17.0
685.0,delete,6.14302558510425,467.0,82.0,5.86146334788498,6.0,6.0,3.0,3.0,16.0
686.0,delete,5.851827576422597,468.0,84.0,5.851827576422598,6.0,5.0,2.0,3.0,17.0
687.0,delete,5.364786691629656,468.0,84.0,5.851827576422598,6.0,5.0,1.0,3.0,17.0
688.0,swap,5.8518275764226,468.0,84.0,5.851827576422598,6.0,6.0,2.0,2.0,17.0
689.0,add,4.883431411745327,469.0,30.0,5.3388758579093585,10.0,6.0,5.0,6.0,13.0
690.0,delete,5.653732101536165,470.0,66.0,5.675564716877796,7.0,6.0,5.0,4.0,18.0
691.0,add,6.108766542076675,471.0,51.0,5.562437847949242,8.0,7.0,5.0,6.0,17.0
692.0,delete,6.762273183476019,472.0,81.0,5.8932304007551295,5.0,7.0,3.0,3.0,17.0
693.0,add,5.808421654950916,473.0,4.0,5.4227023298675565,10.0,1.0,0.0,0.0,3.0
694.0,add,5.606900532629556,474.0,76.0,5.860094762766994,7.0,6.0,4.0,3.0,18.0
695.0,delete,6.217181676016045,475.0,83.0,5.730067355224363,6.0,6.0,2.0,3.0,16.0
696.0,delete,5.362876580234601,476.0,85.0,5.364786691629656,6.0,5.0,1.0,3.0,17.0
697.0,delete,5.576195491745121,476.0,85.0,5.364786691629656,6.0,5.0,1.0,3.0,16.0
698.0,swap,4.928474861485297,476.0,85.0,5.364786691629656,6.0,5.0,1.0,3.0,17.0
699.0,delete,5.518212470147723,477.0,67.0,5.687886071547512,8.0,6.0,4.0,4.0,17.0
700.0,add,5.586966864428743,478.0,31.0,5.347706894456604,10.0,6.0,6.0,6.0,13.0
701.0,delete,6.143749047849084,479.0,82.0,5.728504119216674,5.0,6.0,3.0,3.0,17.0
702.0,add,5.822284369681836,480.0,52.0,5.563662834578365,8.0,8.0,5.0,7.0,16.0
703.0,delete,6.1352956444449225,481.0,84.0,5.308083406273669,5.0,5.0,2.0,3.0,17.0
704.0,add,5.816430149205667,482.0,5.0,5.419012826363213,10.0,1.0,0.0,1.0,3.0
705.0,add,5.905455807346881,483.0,77.0,5.850131693351726,7.0,7.0,4.0,3.0,18.0
706.0,delete,5.575131348724569,484.0,86.0,5.576195491745121,6.0,5.0,1.0,3.0,16.0
707.0,delete,5.576195491745121,484.0,86.0,5.576195491745121,6.0,5.0,1.0,3.0,15.0
708.0,swap,5.5570402847071865,484.0,86.0,5.576195491745121,5.0,6.0,1.0,3.0,16.0
709.0,delete,5.972753181314879,485.0,83.0,5.654055066666693,6.0,6.0,2.0,3.0,16.0
710.0,add,5.465831720539425,486.0,68.0,5.70635393085701,8.0,6.0,5.0,4.0,17.0
711.0,add,5.691303887385993,487.0,32.0,5.349962965081937,10.0,6.0,6.0,6.0,14.0
712.0,delete,5.7884211896548,488.0,53.0,5.564693305917753,8.0,8.0,6.0,6.0,15.0
713.0,delete,5.354098119813954,489.0,85.0,5.571140654230499,5.0,5.0,1.0,3.0,17.0
714.0,delete,5.824672789490919,490.0,78.0,5.821295007410326,7.0,7.0,4.0,3.0,17.0
715.0,add,5.806291508340212,491.0,6.0,5.41730285748763,10.0,1.0,0.0,1.0,4.0
716.0,delete,5.576625669872563,492.0,87.0,5.576195491745121,6.0,5.0,1.0,3.0,15.0
717.0,delete,5.514727237592268,492.0,87.0,5.576195491745121,6.0,5.0,1.0,3.0,14.0
718.0,swap,5.415166917075356,492.0,87.0,5.576195491745121,6.0,5.0,1.0,3.0,15.0
719.0,delete,5.8385734475067075,493.0,84.0,5.494717861589218,5.0,5.0,2.0,3.0,17.0
720.0,delete,6.227608528535945,494.0,86.0,5.520678829071327,5.0,5.0,1.0,3.0,16.0
721.0,add,5.974845478487386,495.0,69.0,5.712083349613678,8.0,6.0,6.0,4.0,17.0
722.0,add,5.5626564749749425,496.0,33.0,5.356819744631115,10.0,7.0,7.0,6.0,13.0
723.0,add,5.719831279926897,497.0,54.0,5.56305431713368,8.0,8.0,5.0,6.0,17.0
724.0,delete,5.630598869594406,498.0,79.0,5.813311103920641,6.0,7.0,3.0,3.0,18.0
725.0,delete,5.5093452270412175,499.0,88.0,5.514727237592268,6.0,5.0,1.0,3.0,14.0
726.0,delete,5.422769231325617,499.0,88.0,5.514727237592268,6.0,4.0,1.0,3.0,14.0
727.0,swap,5.514727237592269,499.0,88.0,5.514727237592268,6.0,6.0,1.0,3.0,13.0
728.0,add,5.808421654950915,500.0,7.0,5.416072726499109,10.0,2.0,0.0,0.0,5.0
729.0,delete,5.364786691629656,501.0,85.0,5.5683025654809315,6.0,5.0,1.0,3.0,16.0
730.0,delete,5.557584901418523,502.0,87.0,5.490392233387842,6.0,5.0,1.0,3.0,14.0
731.0,delete,5.472225492406036,503.0,70.0,5.714859666585228,8.0,6.0,5.0,4.0,17.0
732.0,delete,5.763893168179244,504.0,80.0,5.797762974068617,7.0,7.0,2.0,3.0,17.0
733.0,add,5.21035759501657,505.0,34.0,5.3664608454217895,10.0,8.0,7.0,6.0,13.0
734.0,add,5.571599238201704,506.0,55.0,5.559808106533812,8.0,9.0,5.0,6.0,17.0
735.0,delete,5.435942809229745,507.0,89.0,5.422769231325617,6.0,4.0,1.0,3.0,14.0
736.0,delete,6.320322767316503,507.0,89.0,5.422769231325617,5.0,4.0,1.0,3.0,14.0
737.0,swap,5.422769231325616,507.0,89.0,5.422769231325617,6.0,4.0,1.0,3.0,14.0
738.0,add,6.078731353456253,508.0,8.0,5.4104757460134785,10.0,1.0,1.0,1.0,5.0
739.0,delete,5.309158992278355,509.0,86.0,5.624482104172562,6.0,4.0,1.0,3.0,16.0
740.0,delete,5.362395869428706,510.0,88.0,5.6504510097993705,5.0,5.0,1.0,3.0,14.0
741.0,delete,5.472225492406037,511.0,71.0,5.7136900068167735,8.0,6.0,5.0,3.0,17.0
742.0,delete,5.225128626604176,512.0,81.0,5.735193191789421,6.0,7.0,3.0,3.0,16.0
743.0,delete,6.316356206777935,513.0,90.0,6.320322767316503,5.0,4.0,1.0,3.0,14.0
744.0,delete,6.320322767316503,513.0,90.0,6.320322767316503,5.0,4.0,1.0,3.0,13.0
745.0,swap,5.708563701682444,513.0,90.0,6.320322767316503,5.0,4.0,2.0,3.0,13.0
746.0,add,5.696256871251814,514.0,35.0,5.3820075147076105,10.0,10.0,6.0,6.0,13.0
747.0,add,5.308090165090298,515.0,56.0,5.571682954280137,8.0,10.0,5.0,6.0,17.0
748.0,add,5.294565914013521,516.0,9.0,5.405543547390644,10.0,1.0,2.0,0.0,6.0
749.0,delete,5.647424208098983,517.0,87.0,5.7004855990039465,6.0,5.0,1.0,3.0,14.0
750.0,delete,5.504665705092608,518.0,89.0,6.166391360773346,6.0,4.0,0.0,3.0,14.0
751.0,delete,5.245366818833604,519.0,72.0,5.730859990513933,6.0,6.0,5.0,4.0,17.0
752.0,delete,6.376308554967977,520.0,82.0,5.701183330700956,5.0,6.0,3.0,3.0,17.0
753.0,delete,6.318695476378923,521.0,91.0,6.320322767316503,5.0,4.0,1.0,3.0,13.0
754.0,delete,6.3367165880193905,521.0,91.0,6.320322767316503,5.0,3.0,1.0,3.0,13.0
755.0,swap,5.844587892575384,521.0,91.0,6.320322767316503,5.0,4.0,2.0,2.0,13.0
756.0,add,5.772812001127418,522.0,36.0,5.393061337379384,10.0,9.0,8.0,6.0,13.0
757.0,delete,5.021454125027197,523.0,57.0,5.588078162994841,7.0,9.0,5.0,6.0,18.0
758.0,delete,4.8656583473545645,524.0,88.0,5.8595090205391145,6.0,5.0,1.0,3.0,13.0
759.0,add,5.753000730320648,525.0,10.0,5.4048029365369805,10.0,1.0,1.0,1.0,7.0
760.0,delete,6.156472295570301,526.0,90.0,6.20508068107255,5.0,3.0,1.0,3.0,14.0
761.0,delete,5.88626127298672,527.0,73.0,5.759801773584468,7.0,6.0,5.0,4.0,15.0
762.0,delete,5.97275318131488,528.0,83.0,5.691986667927313,6.0,6.0,2.0,2.0,17.0
763.0,delete,6.353005808688328,529.0,92.0,6.3367165880193905,5.0,3.0,1.0,3.0,13.0
764.0,delete,6.3367165880193905,529.0,92.0,6.3367165880193905,5.0,2.0,1.0,3.0,13.0
765.0,swap,5.887419957711317,529.0,92.0,6.3367165880193905,5.0,3.0,1.0,4.0,12.0
766.0,add,5.371363378450459,530.0,37.0,5.401363315818567,10.0,9.0,7.0,6.0,15.0
767.0,delete,5.297322521592615,531.0,58.0,5.608914751934706,8.0,8.0,5.0,5.0,18.0
768.0,delete,4.765497197631734,532.0,89.0,6.11698714626242,6.0,4.0,1.0,3.0,13.0
769.0,delete,6.320322767316503,533.0,91.0,6.228464735609606,5.0,4.0,1.0,3.0,12.0
770.0,add,5.742153885789662,534.0,11.0,5.406246126373246,10.0,1.0,1.0,1.0,8.0
771.0,delete,5.60490568078002,535.0,74.0,5.77423038443277,6.0,6.0,4.0,4.0,16.0
772.0,delete,5.851827576422598,536.0,84.0,5.689872430305994,6.0,5.0,2.0,3.0,16.0
773.0,delete,6.334661977645275,537.0,93.0,6.3367165880193905,5.0,2.0,1.0,3.0,13.0
774.0,add,6.342212002222614,537.0,93.0,6.3367165880193905,5.0,2.0,1.0,3.0,14.0
775.0,delete,6.333341620179856,537.0,93.0,6.3367165880193905,5.0,2.0,1.0,3.0,12.0
776.0,swap,6.35414492086976,537.0,93.0,6.3367165880193905,5.0,2.0,1.0,3.0,13.0
777.0,add,5.25410757236995,538.0,38.0,5.418070270679357,10.0,9.0,7.0,6.0,16.0
778.0,delete,5.150386710493702,539.0,59.0,5.634518689662765,8.0,8.0,5.0,5.0,17.0
779.0,delete,6.370898273594322,540.0,90.0,6.249124666347195,5.0,4.0,1.0,3.0,13.0
780.0,delete,5.4368776576883295,541.0,85.0,5.795135291054986,6.0,5.0,1.0,3.0,16.0
781.0,add,5.7580219365215735,542.0,12.0,5.408131895554004,10.0,1.0,1.0,2.0,8.0
782.0,add,5.301589038639025,543.0,75.0,5.805351815681753,7.0,7.0,4.0,3.0,16.0
783.0,delete,6.326938915551439,544.0,92.0,6.340215421787379,4.0,3.0,1.0,3.0,13.0
784.0,delete,5.0335035374797545,545.0,60.0,5.650877592439537,8.0,8.0,4.0,5.0,17.0
785.0,add,6.3425217488089105,546.0,94.0,6.342212002222614,5.0,2.0,1.0,3.0,14.0
786.0,add,6.263660721871859,546.0,94.0,6.342212002222614,5.0,2.0,1.0,3.0,15.0
787.0,delete,6.340557917218303,546.0,94.0,6.342212002222614,5.0,2.0,1.0,3.0,13.0
788.0,swap,6.251500806103265,546.0,94.0,6.342212002222614,5.0,2.0,2.0,3.0,13.0
789.0,add,5.191564994904806,547.0,39.0,5.437405182649434,10.0,9.0,7.0,6.0,17.0
790.0,delete,5.647424208098983,548.0,86.0,5.900210372412249,6.0,5.0,1.0,3.0,15.0
791.0,delete,6.380993025789508,549.0,91.0,6.294551595730444,5.0,4.0,0.0,3.0,13.0
792.0,add,5.491588676794428,550.0,13.0,5.412047105767133,10.0,1.0,2.0,1.0,9.0
793.0,add,5.655348917215895,551.0,76.0,5.84608716319206,7.0,6.0,4.0,3.0,18.0
794.0,delete,5.212952481222545,552.0,61.0,5.677683986560633,8.0,8.0,5.0,4.0,16.0
795.0,add,6.3367165880193905,553.0,93.0,6.30809063924499,5.0,2.0,1.0,3.0,14.0
796.0,delete,6.386904397347914,554.0,92.0,6.323906709682732,5.0,3.0,1.0,3.0,12.0
797.0,add,6.263660721871857,555.0,95.0,6.263660721871859,5.0,2.0,1.0,3.0,15.0
798.0,add,6.263660721871859,555.0,95.0,6.263660721871859,5.0,2.0,1.0,3.0,16.0
799.0,delete,6.263660721871858,555.0,95.0,6.263660721871859,5.0,2.0,1.0,3.0,14.0
800.0,swap,6.465528593469428,555.0,95.0,6.263660721871859,5.0,2.0,1.0,3.0,15.0
801.0,add,5.595441637327251,556.0,40.0,5.458596655512434,10.0,9.0,7.0,6.0,18.0
802.0,delete,5.5926792860188135,557.0,87.0,6.008892041336882,6.0,5.0,1.0,3.0,14.0
803.0,add,5.991654117830372,558.0,14.0,5.415599673767749,10.0,2.0,2.0,1.0,9.0
804.0,delete,5.2678894422675695,559.0,62.0,5.7102643965941535,8.0,6.0,5.0,4.0,17.0
805.0,add,5.776147094357746,560.0,77.0,5.877592824847657,7.0,7.0,4.0,3.0,18.0
806.0,add,6.342212002222613,561.0,94.0,6.3040342961913725,5.0,2.0,1.0,3.0,15.0
807.0,add,6.336716588019392,562.0,93.0,6.3159902314138145,5.0,2.0,1.0,4.0,13.0
808.0,add,6.263660721871859,563.0,96.0,6.263660721871859,5.0,2.0,1.0,3.0,16.0
809.0,delete,6.254946555446672,563.0,96.0,6.263660721871859,5.0,2.0,1.0,3.0,15.0
810.0,swap,6.279181503573605,563.0,96.0,6.263660721871859,5.0,2.0,1.0,4.0,15.0
811.0,delete,4.632167887807489,564.0,41.0,5.474223247928542,10.0,9.0,8.0,5.0,17.0
812.0,delete,5.905996669318631,565.0,88.0,6.099938591565927,6.0,4.0,1.0,3.0,14.0
813.0,delete,5.2569327964871135,566.0,63.0,5.7395279255133955,8.0,6.0,4.0,4.0,17.0
814.0,add,5.353812289093315,567.0,15.0,5.415169003420644,10.0,3.0,2.0,1.0,9.0
815.0,delete,5.8655711592455475,568.0,78.0,5.900312521466142,7.0,7.0,4.0,3.0,17.0
816.0,add,6.263730482644597,569.0,95.0,6.265362375690998,5.0,2.0,1.0,4.0,15.0
817.0,delete,6.255012598720388,570.0,97.0,6.254946555446672,5.0,2.0,1.0,3.0,15.0
818.0,add,6.253058227342189,570.0,97.0,6.254946555446672,5.0,2.0,1.0,4.0,15.0
819.0,delete,6.254946555446672,570.0,97.0,6.254946555446672,5.0,2.0,1.0,3.0,14.0
820.0,swap,6.255505212605763,570.0,97.0,6.254946555446672,5.0,2.0,1.0,4.0,14.0
821.0,delete,4.4608539237141605,571.0,42.0,5.501494438945521,9.0,8.0,8.0,6.0,17.0
822.0,delete,5.855272326422786,572.0,89.0,6.216346337617035,5.0,4.0,1.0,3.0,14.0
823.0,delete,5.178128582461077,573.0,79.0,5.92412407614272,7.0,7.0,3.0,3.0,17.0
824.0,add,5.265902480739495,574.0,64.0,5.762189927705104,8.0,6.0,5.0,4.0,17.0
825.0,add,5.8115752162330585,575.0,16.0,5.413925990200272,10.0,3.0,3.0,1.0,9.0
826.0,add,6.341186016286944,576.0,94.0,6.281601810059374,5.0,2.0,1.0,3.0,15.0
827.0,delete,6.263660721871856,577.0,96.0,6.254693829912337,5.0,1.0,1.0,3.0,16.0
828.0,add,6.253126992237737,578.0,98.0,6.253058227342189,5.0,2.0,1.0,4.0,15.0
829.0,delete,5.714469789785309,578.0,98.0,6.253058227342189,5.0,2.0,1.0,4.0,14.0
830.0,swap,6.254710889162748,578.0,98.0,6.253058227342189,5.0,2.0,2.0,4.0,14.0
831.0,delete,3.7700057474574615,579.0,43.0,5.529823835836441,8.0,9.0,8.0,6.0,16.0
832.0,delete,6.320322767316505,580.0,90.0,6.270291431052239,5.0,4.0,1.0,2.0,14.0
833.0,delete,5.63238709262326,581.0,80.0,5.958842585494,6.0,7.0,3.0,3.0,17.0
834.0,add,6.263660721871858,582.0,95.0,6.217666997890865,5.0,2.0,1.0,3.0,16.0
835.0,add,5.653813507833432,583.0,65.0,5.785904160169931,8.0,6.0,5.0,4.0,18.0
836.0,add,5.807365093062593,584.0,17.0,5.414264782361933,10.0,3.0,4.0,1.0,9.0
837.0,add,6.25586872613317,585.0,97.0,6.118841474631996,5.0,2.0,1.0,4.0,15.0
838.0,delete,5.707279566087515,586.0,99.0,5.714469789785309,5.0,2.0,1.0,4.0,14.0
839.0,add,5.703691735832441,586.0,99.0,5.714469789785309,5.0,2.0,2.0,4.0,14.0
840.0,delete,5.691840879315915,586.0,99.0,5.714469789785309,4.0,2.0,1.0,4.0,14.0
841.0,swap,5.767160965577777,586.0,99.0,5.714469789785309,5.0,2.0,2.0,4.0,13.0
842.0,delete,3.770509154937294,587.0,44.0,5.572994932046894,8.0,9.0,7.0,6.0,16.0
843.0,delete,6.036638321275579,588.0,81.0,5.9523209996917625,6.0,7.0,3.0,2.0,17.0
844.0,delete,6.370898273594322,589.0,91.0,6.225249394345835,5.0,4.0,1.0,3.0,12.0
845.0,delete,5.653813507833432,590.0,66.0,5.795174833905659,8.0,6.0,5.0,4.0,17.0
846.0,delete,6.263660721871857,591.0,96.0,6.063234243969012,5.0,2.0,1.0,2.0,16.0
847.0,add,5.763456094253464,592.0,18.0,5.416328020428391,10.0,3.0,4.0,2.0,9.0
848.0,delete,6.255865922249182,593.0,98.0,5.716888587319792,5.0,2.0,1.0,4.0,14.0
849.0,delete,3.499242835607476,594.0,45.0,5.6137523834253935,7.0,9.0,7.0,6.0,16.0
850.0,delete,6.3367165880193905,595.0,92.0,6.2231164886954105,5.0,3.0,1.0,2.0,13.0
851.0,add,5.6923024684130406,596.0,100.0,5.703691735832441,5.0,2.0,2.0,4.0,14.0
852.0,add,5.882816230065168,596.0,100.0,5.703691735832441,5.0,3.0,2.0,4.0,14.0
853.0,delete,5.732575613547154,596.0,100.0,5.703691735832441,4.0,2.0,2.0,4.0,14.0
854.0,swap,5.7036917358324395,596.0,100.0,5.703691735832441,5.0,2.0,2.0,4.0,14.0
855.0,delete,6.006559486902256,597.0,67.0,5.8092719041355005,7.0,6.0,5.0,4.0,17.0
856.0,delete,5.717529945139135,598.0,82.0,5.955061766578169,6.0,6.0,3.0,3.0,16.0
857.0,add,6.254946555446675,599.0,97.0,5.919175695827271,5.0,2.0,1.0,3.0,16.0
858.0,add,5.586939403536797,600.0,19.0,5.4203984721441865,10.0,3.0,4.0,3.0,9.0
859.0,add,4.863203067848697,601.0,99.0,5.743015556738049,5.0,2.0,1.0,4.0,15.0
860.0,add,5.071234189336945,602.0,46.0,5.649864195834846,8.0,9.0,6.0,6.0,17.0
861.0,add,6.34057032124344,603.0,93.0,6.122009495145143,5.0,2.0,1.0,3.0,14.0
862.0,delete,6.253058227342189,604.0,98.0,5.7013543613231485,5.0,2.0,1.0,4.0,14.0
863.0,delete,6.0959748041638955,605.0,83.0,5.9488342440487445,6.0,5.0,2.0,3.0,17.0
864.0,add,5.882943037862432,606.0,101.0,5.882816230065168,5.0,3.0,2.0,4.0,14.0
865.0,add,6.336388893005542,606.0,101.0,5.882816230065168,5.0,3.0,2.0,4.0,15.0
866.0,delete,5.893993617417044,606.0,101.0,5.882816230065168,5.0,3.0,2.0,4.0,13.0
867.0,swap,5.8828507741974505,606.0,101.0,5.882816230065168,5.0,3.0,2.0,5.0,13.0
868.0,add,5.465831720539425,607.0,68.0,5.825025625471998,8.0,6.0,5.0,4.0,17.0
869.0,add,4.964702483353828,608.0,20.0,5.421162746791,10.0,3.0,4.0,4.0,9.0
870.0,delete,5.430476334431544,609.0,47.0,5.674237742786083,7.0,9.0,6.0,6.0,17.0
871.0,add,4.836869871746852,610.0,100.0,5.975798510509527,5.0,2.0,2.0,4.0,15.0
872.0,add,6.340796049223538,611.0,94.0,6.048570489277954,5.0,2.0,1.0,4.0,14.0
873.0,delete,4.784311609309931,612.0,84.0,5.943497689887366,6.0,5.0,2.0,3.0,16.0
874.0,add,4.934677967132416,613.0,99.0,5.673757004160751,5.0,3.0,1.0,4.0,14.0
875.0,add,6.334357599382242,614.0,102.0,6.336388893005542,5.0,3.0,2.0,4.0,15.0
876.0,add,6.336518390802105,614.0,102.0,6.336388893005542,5.0,4.0,2.0,4.0,15.0
877.0,delete,5.882816230065168,614.0,102.0,6.336388893005542,5.0,3.0,2.0,4.0,14.0
878.0,swap,6.247778821374348,614.0,102.0,6.336388893005542,5.0,4.0,2.0,4.0,14.0
879.0,delete,5.201910830359208,615.0,48.0,5.685084713780357,8.0,9.0,5.0,6.0,16.0
880.0,add,5.586842188600987,616.0,21.0,5.4266318053718585,10.0,3.0,4.0,4.0,10.0
881.0,add,5.471453252504466,617.0,69.0,5.829957212609912,8.0,7.0,5.0,4.0,17.0
882.0,add,6.462494528712539,618.0,101.0,6.227571986925881,5.0,3.0,2.0,4.0,15.0
883.0,delete,5.445840569200749,619.0,85.0,5.970133069649573,6.0,5.0,0.0,3.0,17.0
884.0,add,6.263660721871859,620.0,95.0,6.003922662608063,5.0,2.0,1.0,4.0,15.0
885.0,add,5.703691735832442,621.0,100.0,5.99816618133008,5.0,2.0,2.0,5.0,14.0
886.0,add,6.336518390802105,622.0,103.0,6.336518390802105,5.0,4.0,2.0,4.0,15.0
887.0,add,6.336518390802105,622.0,103.0,6.336518390802105,5.0,4.0,2.0,4.0,16.0
888.0,delete,6.336518390802105,622.0,103.0,6.336518390802105,5.0,4.0,2.0,4.0,14.0
889.0,swap,6.381455393288884,622.0,103.0,6.336518390802105,5.0,5.0,2.0,4.0,14.0
890.0,delete,5.574574306993525,623.0,49.0,5.69837953354569,7.0,8.0,5.0,6.0,17.0
891.0,add,5.929266856936133,624.0,22.0,5.440488372199589,10.0,4.0,5.0,4.0,9.0
892.0,delete,5.4772964963512845,625.0,70.0,5.851824805249139,7.0,6.0,5.0,5.0,17.0
893.0,delete,4.931893790324218,626.0,86.0,6.014194181699481,6.0,5.0,1.0,3.0,15.0
894.0,delete,6.545066506047815,627.0,96.0,5.997789538241239,5.0,1.0,1.0,3.0,16.0
895.0,add,6.334278180772902,628.0,102.0,6.345505791299461,5.0,3.0,2.0,4.0,16.0
896.0,add,5.882816230065168,629.0,101.0,6.302331200891822,5.0,3.0,2.0,4.0,15.0
897.0,delete,5.468897792200229,630.0,71.0,5.861373943082835,8.0,6.0,5.0,3.0,17.0
898.0,add,6.338103577332328,631.0,104.0,6.336518390802105,5.0,4.0,2.0,4.0,16.0
899.0,add,6.335987242529738,631.0,104.0,6.336518390802105,5.0,4.0,2.0,4.0,17.0
900.0,delete,6.409121533447475,631.0,104.0,6.336518390802105,5.0,3.0,2.0,4.0,16.0
901.0,swap,6.39023648151218,631.0,104.0,6.336518390802105,5.0,4.0,1.0,5.0,16.0
902.0,add,5.657929096814433,632.0,23.0,5.451920507548633,10.0,5.0,4.0,4.0,10.0
903.0,delete,5.7708472421010955,633.0,50.0,5.704149729690993,8.0,7.0,4.0,6.0,17.0
904.0,delete,5.557584901418525,634.0,87.0,6.0575848201693985,6.0,5.0,1.0,3.0,14.0
905.0,add,6.2619518614581855,635.0,97.0,6.001451355669358,5.0,2.0,1.0,4.0,15.0
906.0,add,6.345395989965468,636.0,103.0,6.3619934451247655,5.0,4.0,2.0,4.0,16.0
907.0,delete,6.011334244865925,637.0,72.0,5.8856497992360834,7.0,6.0,5.0,4.0,16.0
908.0,add,6.075256691635139,638.0,102.0,6.3527865420052185,5.0,3.0,3.0,4.0,15.0
909.0,add,6.335985245377057,639.0,105.0,6.335987242529738,5.0,4.0,2.0,4.0,17.0
910.0,delete,6.38250230718968,639.0,105.0,6.335987242529738,5.0,4.0,1.0,4.0,17.0
911.0,swap,6.4511204131373585,639.0,105.0,6.335987242529738,5.0,4.0,2.0,4.0,17.0
912.0,add,5.842256434730438,640.0,51.0,5.711223624605258,8.0,7.0,5.0,6.0,17.0
913.0,add,5.308117259779314,641.0,24.0,5.464058101370417,10.0,5.0,4.0,5.0,10.0
914.0,delete,5.329411034110935,642.0,88.0,6.101426804742222,6.0,5.0,1.0,3.0,13.0
915.0,delete,6.253058227342189,643.0,98.0,6.0096192853355666,5.0,2.0,1.0,4.0,14.0
916.0,add,5.911386898927372,644.0,104.0,6.376398802058459,5.0,4.0,2.0,4.0,17.0
917.0,delete,5.626649895554313,645.0,73.0,5.90689735398942,7.0,6.0,5.0,4.0,15.0
918.0,delete,6.383130585742942,646.0,106.0,6.38250230718968,5.0,4.0,1.0,4.0,17.0
919.0,delete,6.703717335674435,646.0,106.0,6.38250230718968,4.0,4.0,1.0,4.0,17.0
920.0,swap,6.344063806607327,646.0,106.0,6.38250230718968,5.0,4.0,1.0,4.0,17.0
921.0,add,5.814758295142421,647.0,52.0,5.716341644417325,8.0,8.0,5.0,6.0,17.0
922.0,delete,6.084095968201447,648.0,89.0,6.153203780242748,5.0,4.0,1.0,3.0,14.0
923.0,add,6.336518390802105,649.0,103.0,6.359020754480421,5.0,4.0,2.0,4.0,16.0
924.0,add,5.295629889354292,650.0,25.0,5.475960289561573,10.0,5.0,4.0,5.0,11.0
925.0,delete,6.237566397150506,651.0,105.0,6.453353508803596,4.0,4.0,2.0,4.0,17.0
926.0,add,5.713995116013061,652.0,99.0,6.074406671605997,5.0,2.0,1.0,4.0,15.0
927.0,delete,4.848281416157568,653.0,74.0,5.9244339387233,6.0,6.0,4.0,4.0,16.0
928.0,delete,6.703731340763463,654.0,107.0,6.703717335674435,4.0,4.0,1.0,4.0,17.0
929.0,delete,6.809035498844962,654.0,107.0,6.703717335674435,4.0,4.0,0.0,4.0,17.0
930.0,swap,6.703717335674436,654.0,107.0,6.703717335674435,4.0,4.0,1.0,4.0,17.0
931.0,delete,5.789565196151649,655.0,53.0,5.725622749968804,8.0,8.0,5.0,6.0,16.0
932.0,delete,6.316661468799612,656.0,90.0,6.192751683912599,4.0,4.0,1.0,3.0,14.0
933.0,add,5.621856879845545,657.0,104.0,6.44182870063494,5.0,4.0,3.0,4.0,16.0
934.0,delete,5.776526909372971,658.0,106.0,6.730050377739325,5.0,4.0,1.0,4.0,16.0
935.0,add,4.946828079374552,659.0,26.0,5.487821804595153,10.0,5.0,5.0,5.0,11.0
936.0,delete,6.809035498844964,660.0,108.0,6.809035498844962,4.0,4.0,0.0,4.0,17.0
937.0,delete,6.8054403956799785,660.0,108.0,6.809035498844962,4.0,4.0,0.0,3.0,17.0
938.0,swap,6.736039840881962,660.0,108.0,6.809035498844962,4.0,4.0,0.0,4.0,17.0
939.0,add,5.631685792268763,661.0,75.0,5.956541508527845,7.0,6.0,4.0,3.0,17.0
940.0,add,5.725265688126236,662.0,100.0,6.249685397656974,5.0,3.0,2.0,4.0,14.0
941.0,delete,6.320314296042987,663.0,91.0,6.194152328422401,5.0,4.0,1.0,3.0,12.0
942.0,add,5.830009733591687,664.0,54.0,5.735488764706825,8.0,8.0,5.0,6.0,17.0
943.0,delete,5.779191080466517,665.0,105.0,6.532875604368968,4.0,4.0,2.0,4.0,17.0
944.0,delete,6.703717335674435,666.0,107.0,6.789887808562967,4.0,4.0,1.0,4.0,16.0
945.0,delete,6.8051122923380625,667.0,109.0,6.8054403956799785,4.0,4.0,0.0,3.0,17.0
946.0,delete,6.808226956022024,667.0,109.0,6.8054403956799785,4.0,4.0,0.0,3.0,16.0
947.0,swap,6.683186876536252,667.0,109.0,6.8054403956799785,4.0,5.0,0.0,2.0,17.0
948.0,add,5.363288094752282,668.0,27.0,5.512056139601751,10.0,5.0,5.0,5.0,12.0
949.0,add,5.836753171010373,669.0,76.0,5.98495914917132,7.0,6.0,4.0,3.0,18.0
950.0,add,5.552050892636817,670.0,101.0,6.373334264446298,5.0,4.0,2.0,4.0,14.0
951.0,delete,6.35414492086976,671.0,92.0,6.200839867761172,5.0,3.0,1.0,3.0,12.0
952.0,delete,6.382573129460166,672.0,106.0,6.670623968025662,5.0,4.0,1.0,3.0,17.0
953.0,add,5.55314805389751,673.0,55.0,5.751403536939723,8.0,9.0,5.0,6.0,17.0
954.0,delete,6.811249887155296,674.0,108.0,6.775491630144079,4.0,4.0,0.0,4.0,16.0
955.0,delete,6.818810812859873,675.0,110.0,6.808226956022024,4.0,4.0,0.0,3.0,16.0
956.0,delete,6.808226956022024,675.0,110.0,6.808226956022024,4.0,4.0,0.0,3.0,15.0
957.0,swap,6.702197600996018,675.0,110.0,6.808226956022024,4.0,4.0,0.0,3.0,16.0
958.0,add,5.352453475130212,676.0,28.0,5.5318868784336575,10.0,6.0,5.0,5.0,12.0
959.0,add,6.334399233803689,677.0,102.0,6.443840427224109,5.0,3.0,2.0,5.0,15.0
960.0,add,5.806956317149731,678.0,77.0,6.011823966811449,7.0,7.0,4.0,3.0,18.0
961.0,delete,6.703717335674436,679.0,107.0,6.775023329321321,4.0,4.0,1.0,3.0,17.0
962.0,add,6.742236121221778,680.0,93.0,6.221935455489978,5.0,3.0,1.0,3.0,13.0
963.0,delete,6.8054403956799785,681.0,109.0,6.784365581474985,4.0,4.0,0.0,3.0,16.0
964.0,add,5.283303630222768,682.0,56.0,5.778764942243203,8.0,9.0,5.0,6.0,18.0
965.0,delete,6.808077188391715,683.0,111.0,6.808226956022024,4.0,4.0,0.0,3.0,15.0
966.0,delete,6.805098743603466,683.0,111.0,6.808226956022024,4.0,4.0,0.0,2.0,15.0
967.0,swap,6.214394119092243,683.0,111.0,6.808226956022024,4.0,5.0,0.0,3.0,14.0
968.0,add,5.080868639437665,684.0,29.0,5.550246745654783,10.0,7.0,5.0,6.0,11.0
969.0,delete,6.809035498844962,685.0,108.0,6.739621852031411,4.0,4.0,0.0,4.0,16.0
970.0,delete,5.675730518888443,686.0,78.0,6.040078860843149,7.0,7.0,4.0,3.0,17.0
971.0,add,6.283778669754961,687.0,103.0,6.503974218074971,5.0,4.0,3.0,4.0,15.0
972.0,delete,6.808226956022024,688.0,110.0,6.658949251777362,4.0,4.0,0.0,3.0,15.0
973.0,add,6.342212002222614,689.0,94.0,6.2439281574483525,5.0,2.0,1.0,3.0,15.0
974.0,delete,5.547147353073241,690.0,57.0,5.800917775246102,8.0,8.0,5.0,6.0,18.0
975.0,delete,6.8050987436034625,691.0,112.0,6.805098743603466,4.0,4.0,0.0,2.0,15.0
976.0,add,6.432424836051776,691.0,112.0,6.805098743603466,4.0,4.0,1.0,2.0,15.0
977.0,delete,6.8050987436034625,691.0,112.0,6.805098743603466,4.0,3.0,0.0,2.0,15.0
978.0,swap,6.8050987436034625,691.0,112.0,6.805098743603466,4.0,4.0,0.0,3.0,14.0
979.0,add,5.239540144617315,692.0,30.0,5.568988588208644,10.0,6.0,5.0,7.0,12.0
980.0,delete,6.204458112525485,693.0,79.0,6.066749985653639,6.0,7.0,3.0,3.0,18.0
981.0,delete,6.462779032533914,694.0,109.0,6.725109291965503,4.0,4.0,0.0,3.0,16.0
982.0,add,6.3336546537128635,695.0,104.0,6.5543032614482115,5.0,4.0,2.0,4.0,17.0
983.0,delete,6.4617592605827125,696.0,111.0,6.730563962093126,4.0,4.0,0.0,3.0,14.0
984.0,delete,5.2833572446326595,697.0,58.0,5.827206156316219,8.0,8.0,5.0,6.0,17.0
985.0,add,6.263660721871859,698.0,95.0,6.2618223651628,5.0,2.0,1.0,3.0,16.0
986.0,add,6.432424836051775,699.0,113.0,6.432424836051776,4.0,4.0,1.0,2.0,15.0
987.0,add,6.3531425711256775,699.0,113.0,6.432424836051776,4.0,5.0,1.0,2.0,15.0
988.0,delete,5.876293718014003,699.0,113.0,6.432424836051776,3.0,4.0,1.0,2.0,15.0
989.0,swap,6.529241527102908,699.0,113.0,6.432424836051776,3.0,5.0,1.0,2.0,15.0
990.0,add,5.668486121847614,700.0,31.0,5.582768381496511,10.0,7.0,6.0,6.0,12.0
991.0,delete,5.743350536760609,701.0,80.0,6.0940145834678265,7.0,6.0,3.0,3.0,17.0
992.0,delete,6.345943649676186,702.0,105.0,6.579855190501034,5.0,4.0,1.0,4.0,17.0
993.0,delete,6.738040373595186,703.0,110.0,6.567471924490766,3.0,4.0,0.0,3.0,16.0
994.0,delete,5.221278308380408,704.0,59.0,5.848180280765227,8.0,8.0,5.0,5.0,17.0
995.0,delete,6.68516957243147,705.0,96.0,6.268464833808487,4.0,2.0,1.0,3.0,16.0
996.0,add,6.803039355988812,706.0,112.0,6.324705497669228,4.0,4.0,1.0,2.0,15.0
997.0,delete,6.808226956022024,707.0,111.0,6.555338279939229,4.0,4.0,0.0,3.0,14.0
998.0,add,6.348939506606181,708.0,114.0,6.3531425711256775,4.0,5.0,1.0,2.0,15.0
999.0,add,6.3531425711256775,708.0,114.0,6.3531425711256775,4.0,5.0,1.0,2.0,16.0
1000.0,delete,6.3531425711256775,708.0,114.0,6.3531425711256775,4.0,4.0,1.0,2.0,15.0
1001.0,swap,6.084379852813569,708.0,114.0,6.3531425711256775,3.0,5.0,1.0,3.0,15.0
1002.0,add,5.517993167766035,709.0,32.0,5.593479349381013,10.0,6.0,6.0,6.0,14.0
1003.0,delete,6.101318944172898,710.0,81.0,6.115419670118424,6.0,6.0,3.0,3.0,17.0
1004.0,delete,5.227143494466081,711.0,60.0,5.872475237150876,8.0,8.0,5.0,4.0,17.0
1005.0,delete,6.3827259217529875,712.0,106.0,6.609190474138059,5.0,4.0,1.0,4.0,16.0
1006.0,add,6.255418824735013,713.0,97.0,6.278668734430287,5.0,2.0,1.0,3.0,16.0
1007.0,add,6.369006592944128,714.0,113.0,6.298549414559356,4.0,4.0,1.0,2.0,16.0
1008.0,add,6.805098743603465,715.0,112.0,6.357743448995472,4.0,4.0,0.0,3.0,15.0
1009.0,delete,6.297232897201792,716.0,82.0,6.125106702707641,6.0,6.0,3.0,3.0,16.0
1010.0,add,6.361575856699338,717.0,115.0,6.3531425711256775,4.0,5.0,1.0,2.0,16.0
1011.0,add,6.350547209596171,717.0,115.0,6.3531425711256775,4.0,5.0,1.0,3.0,16.0
1012.0,delete,6.432424836051776,717.0,115.0,6.3531425711256775,4.0,4.0,1.0,2.0,16.0
1013.0,swap,6.234204212072426,717.0,115.0,6.3531425711256775,4.0,5.0,2.0,2.0,15.0
1014.0,add,4.805481667403575,718.0,33.0,5.606699211719899,10.0,7.0,6.0,6.0,14.0
1015.0,delete,5.233606435434741,719.0,61.0,5.8964265501377655,7.0,8.0,5.0,4.0,17.0
1016.0,delete,6.303971798808324,720.0,98.0,6.288660834422313,5.0,2.0,1.0,4.0,14.0
1017.0,delete,6.703717335674435,721.0,107.0,6.6014143057067205,4.0,4.0,1.0,4.0,16.0
1018.0,add,6.3531425711256775,722.0,114.0,6.346378937109078,4.0,6.0,1.0,2.0,15.0
1019.0,delete,6.1059308809056585,723.0,83.0,6.13802700584713,6.0,6.0,2.0,3.0,16.0
1020.0,add,6.511227845835629,724.0,113.0,6.32669530466239,4.0,4.0,1.0,2.0,16.0
1021.0,delete,6.732938808441876,725.0,108.0,6.573390403762125,3.0,4.0,0.0,4.0,17.0
1022.0,add,6.35054720959617,726.0,116.0,6.350547209596171,4.0,5.0,1.0,3.0,16.0
1023.0,add,6.350045549037629,726.0,116.0,6.350547209596171,4.0,5.0,1.0,4.0,16.0
1024.0,delete,6.730999766922802,726.0,116.0,6.350547209596171,3.0,5.0,1.0,3.0,16.0
1025.0,swap,6.390065791527151,726.0,116.0,6.350547209596171,4.0,5.0,1.0,4.0,15.0
1026.0,add,4.856168712737026,727.0,34.0,5.625532588717228,10.0,8.0,6.0,6.0,14.0
1027.0,delete,5.28510710631596,728.0,62.0,5.924017910473825,8.0,6.0,5.0,4.0,17.0
1028.0,add,5.808421654950915,729.0,1.0,5.5979879212696115,10.0,0.0,0.0,0.0,1.0
1029.0,add,5.7144090483034065,730.0,99.0,6.329352974869292,5.0,2.0,1.0,5.0,14.0
1030.0,delete,5.995780739395118,731.0,84.0,6.151887232237726,6.0,5.0,1.0,3.0,17.0
1031.0,add,6.289724328018026,732.0,115.0,6.434441105335985,4.0,5.0,1.0,2.0,17.0
1032.0,delete,6.269068729386144,733.0,109.0,6.52716880618641,4.0,4.0,0.0,3.0,16.0
1033.0,add,6.353142571125678,734.0,114.0,6.381492718342987,4.0,5.0,1.0,3.0,15.0
1034.0,delete,5.186839747163731,735.0,63.0,5.939869879326978,7.0,6.0,5.0,4.0,17.0
1035.0,add,5.436660579060505,736.0,35.0,5.63644489130021,10.0,9.0,6.0,6.0,14.0
1036.0,add,6.350040268311599,737.0,117.0,6.350045549037629,4.0,5.0,1.0,4.0,16.0
1037.0,add,6.350045549037629,737.0,117.0,6.350045549037629,4.0,5.0,1.0,4.0,17.0
1038.0,delete,6.350045549037629,737.0,117.0,6.350045549037629,4.0,5.0,1.0,3.0,16.0
1039.0,swap,6.350045549037627,737.0,117.0,6.350045549037629,4.0,4.0,1.0,5.0,16.0
1040.0,add,5.808421654950916,738.0,2.0,5.6013532391712,10.0,1.0,0.0,0.0,1.0
1041.0,delete,5.381270485903345,739.0,85.0,6.1801394104289455,6.0,5.0,1.0,3.0,16.0
1042.0,add,6.318514082647967,740.0,100.0,6.387294478163807,5.0,2.0,2.0,4.0,15.0
1043.0,delete,6.4617592605827125,741.0,110.0,6.479883285377649,4.0,4.0,0.0,3.0,15.0
1044.0,add,6.678104728560653,742.0,116.0,6.350044492892423,4.0,5.0,2.0,3.0,16.0
1045.0,add,6.3435811049528645,743.0,115.0,6.41274649988028,4.0,6.0,1.0,2.0,16.0
1046.0,add,5.203984064596347,744.0,64.0,5.960213179850442,8.0,6.0,6.0,4.0,16.0
1047.0,add,5.607659892076609,745.0,36.0,5.649355815166771,10.0,9.0,7.0,6.0,14.0
1048.0,add,6.367343187570468,746.0,118.0,6.350045549037629,4.0,5.0,1.0,4.0,17.0
1049.0,delete,5.9203548480191355,746.0,118.0,6.350045549037629,4.0,5.0,1.0,4.0,16.0
1050.0,swap,6.377017144725233,746.0,118.0,6.350045549037629,4.0,4.0,2.0,4.0,17.0
1051.0,delete,5.576195491745121,747.0,86.0,6.208909056193196,6.0,4.0,1.0,3.0,16.0
1052.0,add,5.808421654950915,748.0,3.0,5.604268503421881,10.0,2.0,0.0,0.0,1.0
1053.0,add,5.882816230065168,749.0,101.0,6.43363784872584,5.0,3.0,2.0,4.0,15.0
1054.0,delete,6.685005333173003,750.0,111.0,6.436535475652142,4.0,3.0,0.0,3.0,15.0
1055.0,add,6.367467255662242,751.0,117.0,6.253690182338116,4.0,5.0,1.0,4.0,17.0
1056.0,delete,5.9203548480191355,752.0,119.0,5.9203548480191355,4.0,5.0,1.0,4.0,16.0
1057.0,delete,5.9203548480191355,752.0,119.0,5.9203548480191355,4.0,5.0,1.0,4.0,15.0
1058.0,swap,6.069829375137756,752.0,119.0,5.9203548480191355,4.0,5.0,2.0,4.0,15.0
1059.0,add,5.246297077129388,753.0,37.0,5.659559469921041,10.0,9.0,7.0,6.0,15.0
1060.0,add,5.692736855312532,754.0,65.0,5.97516735157091,8.0,6.0,5.0,4.0,18.0
1061.0,add,6.353088634338735,755.0,116.0,6.259311438475067,4.0,5.0,1.0,4.0,16.0
1062.0,delete,5.529470558105979,756.0,87.0,6.230006453045926,6.0,5.0,1.0,2.0,15.0
1063.0,delete,6.350045549037629,757.0,118.0,5.957723479798791,4.0,5.0,1.0,4.0,16.0
1064.0,add,5.803016937411437,758.0,4.0,5.605515141867294,10.0,1.0,0.0,1.0,2.0
1065.0,add,6.019208516848784,759.0,102.0,6.443122580570406,5.0,3.0,2.0,4.0,16.0
1066.0,add,6.805098743603463,760.0,112.0,6.346554945375118,4.0,4.0,0.0,3.0,15.0
1067.0,delete,5.920610797095459,761.0,120.0,5.9203548480191355,4.0,5.0,1.0,4.0,15.0
1068.0,add,5.920416281763947,761.0,120.0,5.9203548480191355,4.0,5.0,2.0,4.0,15.0
1069.0,delete,6.017196643298984,761.0,120.0,5.9203548480191355,4.0,4.0,1.0,4.0,15.0
1070.0,swap,5.175023122056519,761.0,120.0,5.9203548480191355,4.0,6.0,1.0,4.0,14.0
1071.0,add,5.246297077129388,762.0,38.0,5.671390716981377,10.0,9.0,7.0,6.0,16.0
1072.0,delete,5.291212176828867,763.0,66.0,5.982538803971859,7.0,6.0,5.0,4.0,18.0
1073.0,delete,5.596623711359259,764.0,88.0,6.245490222459587,6.0,5.0,0.0,3.0,14.0
1074.0,add,6.227720819432622,765.0,117.0,6.052004573034098,4.0,5.0,1.0,4.0,17.0
1075.0,delete,5.920354848019138,766.0,119.0,5.790720338446809,4.0,5.0,1.0,3.0,16.0
1076.0,add,5.808421654950916,767.0,5.0,5.604548507468728,10.0,1.0,0.0,0.0,4.0
1077.0,add,6.336518390802105,768.0,103.0,6.422058625505342,5.0,4.0,2.0,4.0,16.0
1078.0,add,6.432424836051776,769.0,113.0,6.251754932422655,4.0,5.0,1.0,2.0,15.0
1079.0,add,5.920416281763948,770.0,121.0,5.920416281763947,4.0,5.0,2.0,4.0,15.0
1080.0,add,5.939308287389272,770.0,121.0,5.920416281763947,4.0,5.0,2.0,4.0,16.0
1081.0,delete,5.920416281763947,770.0,121.0,5.920416281763947,4.0,5.0,2.0,4.0,14.0
1082.0,swap,5.646977665850023,770.0,121.0,5.920416281763947,4.0,6.0,2.0,4.0,14.0
1083.0,add,5.185040958727909,771.0,39.0,5.683864774799234,10.0,9.0,7.0,6.0,17.0
1084.0,delete,5.417594402718561,772.0,67.0,5.9912598962946255,7.0,6.0,5.0,4.0,17.0
1085.0,delete,5.431075860940484,773.0,89.0,6.2657400084899075,6.0,4.0,1.0,2.0,14.0
1086.0,delete,6.350045549037629,774.0,118.0,5.897261405516715,4.0,5.0,1.0,4.0,16.0
1087.0,add,5.957042157073704,775.0,120.0,5.869506959706227,4.0,5.0,1.0,4.0,16.0
1088.0,add,5.808421654950916,776.0,6.0,5.605412972981832,10.0,1.0,0.0,0.0,5.0
1089.0,add,6.342657450963842,777.0,104.0,6.399773900263317,5.0,4.0,2.0,4.0,17.0
1090.0,add,6.3531425711256775,778.0,114.0,6.193148965305416,4.0,5.0,1.0,2.0,16.0
1091.0,delete,5.9203548480191355,779.0,119.0,5.841647019463099,4.0,5.0,1.0,4.0,15.0
1092.0,add,5.465831720539425,780.0,68.0,6.000983629150683,8.0,6.0,5.0,4.0,17.0
1093.0,add,5.937834210617577,781.0,122.0,5.939308287389272,4.0,5.0,2.0,4.0,16.0
1094.0,add,5.941769460652738,781.0,122.0,5.939308287389272,4.0,5.0,3.0,4.0,16.0
1095.0,delete,5.939308287389272,781.0,122.0,5.939308287389272,4.0,5.0,2.0,4.0,15.0
1096.0,swap,5.939274882165921,781.0,122.0,5.939308287389272,4.0,5.0,2.0,5.0,15.0
1097.0,add,5.347371526543795,782.0,40.0,5.695045083514706,10.0,9.0,7.0,6.0,18.0
1098.0,delete,6.380993025789508,783.0,90.0,6.273091047784561,5.0,4.0,0.0,3.0,14.0
1099.0,delete,6.298602909755639,784.0,105.0,6.390378732875479,5.0,4.0,2.0,4.0,16.0
1100.0,add,5.808421654950916,785.0,7.0,5.6075371907176725,10.0,1.0,0.0,0.0,6.0
1101.0,add,6.128905789970142,786.0,121.0,5.939499025642956,4.0,5.0,3.0,4.0,15.0
1102.0,add,6.159383865917702,787.0,115.0,6.134682679680139,4.0,5.0,2.0,2.0,16.0
1103.0,add,5.323002183856183,788.0,120.0,5.926515416945498,4.0,5.0,2.0,4.0,15.0
1104.0,add,5.307455528223694,789.0,69.0,6.011035382785105,8.0,6.0,6.0,4.0,17.0
1105.0,delete,5.777481557370605,790.0,91.0,6.268797622323356,5.0,4.0,1.0,3.0,12.0
1106.0,delete,4.577037053618707,791.0,41.0,5.703004815936579,10.0,9.0,8.0,6.0,16.0
1107.0,add,5.941769460652738,792.0,123.0,5.941769460652738,4.0,5.0,3.0,4.0,16.0
1108.0,delete,5.974101785589039,792.0,123.0,5.941769460652738,4.0,5.0,3.0,3.0,16.0
1109.0,swap,6.662090573209012,792.0,123.0,5.941769460652738,4.0,4.0,3.0,5.0,16.0
1110.0,delete,6.38250230718968,793.0,106.0,6.37779888809471,5.0,4.0,1.0,4.0,16.0
1111.0,add,5.941470165632726,794.0,122.0,6.129932820025882,4.0,5.0,2.0,5.0,16.0
1112.0,add,6.066002593853594,795.0,8.0,5.606706372020611,10.0,1.0,1.0,0.0,6.0
1113.0,delete,5.974101785589045,796.0,124.0,5.974101785589039,4.0,5.0,3.0,3.0,16.0
1114.0,delete,5.86573765155558,796.0,124.0,5.974101785589039,3.0,5.0,3.0,3.0,16.0
1115.0,swap,6.720930534395089,796.0,124.0,5.974101785589039,4.0,5.0,3.0,3.0,16.0
1116.0,delete,5.468897792200228,797.0,70.0,6.023893819028513,8.0,6.0,5.0,4.0,17.0
1117.0,delete,4.386541567339875,798.0,42.0,5.722427648384222,8.0,9.0,8.0,6.0,17.0
1118.0,delete,6.3367165880193905,799.0,92.0,6.265189417320225,5.0,3.0,1.0,3.0,12.0
1119.0,add,6.369035090974409,800.0,116.0,6.0780576399363815,4.0,5.0,1.0,3.0,17.0
1120.0,add,5.341695030879251,801.0,121.0,6.069738682677551,4.0,5.0,2.0,4.0,16.0
1121.0,delete,6.703717335674435,802.0,107.0,6.35387710658812,4.0,4.0,1.0,4.0,16.0
1122.0,delete,5.941769460652738,803.0,123.0,6.133717939282189,4.0,5.0,3.0,4.0,15.0
1123.0,delete,5.900214052397314,804.0,125.0,5.86573765155558,3.0,5.0,3.0,3.0,16.0
1124.0,delete,5.865737651555582,804.0,125.0,5.86573765155558,3.0,5.0,3.0,2.0,16.0
1125.0,swap,6.092506710267948,804.0,125.0,5.86573765155558,2.0,5.0,4.0,3.0,16.0
1126.0,add,5.7454706537197335,805.0,9.0,5.607004354708001,10.0,1.0,1.0,0.0,7.0
1127.0,delete,5.507165290783955,806.0,71.0,6.0337112855196855,8.0,6.0,5.0,4.0,16.0
1128.0,delete,3.7700057474574615,807.0,43.0,5.743221190637549,8.0,9.0,8.0,6.0,16.0
1129.0,add,6.254946555446672,808.0,93.0,6.254517897793212,5.0,2.0,1.0,3.0,14.0
1130.0,add,6.350045549037629,809.0,117.0,5.997772896620514,4.0,5.0,1.0,4.0,17.0
1131.0,add,5.939308287389272,810.0,122.0,6.068516607679129,4.0,5.0,2.0,4.0,17.0
1132.0,delete,6.809035498844962,811.0,108.0,6.3109782719381755,4.0,4.0,0.0,4.0,16.0
1133.0,delete,5.974101785589039,812.0,124.0,5.931049016444106,4.0,5.0,3.0,3.0,15.0
1134.0,delete,5.89050368926534,813.0,126.0,5.865737651555582,3.0,5.0,3.0,2.0,16.0
1135.0,add,5.873832422760137,813.0,126.0,5.865737651555582,3.0,5.0,3.0,3.0,16.0
1136.0,delete,5.865737651555582,813.0,126.0,5.865737651555582,3.0,5.0,3.0,2.0,15.0
1137.0,swap,6.141208238331436,813.0,126.0,5.865737651555582,3.0,5.0,2.0,2.0,17.0
1138.0,add,5.813439481072054,814.0,10.0,5.608621739083965,10.0,1.0,1.0,1.0,7.0
1139.0,delete,3.8348605348151206,815.0,44.0,5.775121138740056,8.0,9.0,7.0,5.0,17.0
1140.0,delete,5.594729311835764,816.0,72.0,6.0467562531896375,7.0,6.0,4.0,4.0,17.0
1141.0,add,6.3203082472881915,817.0,94.0,6.2442877156900165,5.0,3.0,1.0,3.0,14.0
1142.0,delete,6.350045549037629,818.0,118.0,5.948927170323979,4.0,5.0,1.0,4.0,16.0
1143.0,delete,6.805440395679976,819.0,109.0,6.266355385443494,4.0,4.0,0.0,2.0,17.0
1144.0,delete,5.941769460652738,820.0,123.0,6.006191032269528,4.0,5.0,3.0,4.0,15.0
1145.0,delete,6.246878070152567,821.0,125.0,5.927403930693616,3.0,5.0,3.0,3.0,15.0
1146.0,add,5.803076771464697,822.0,127.0,5.873832422760137,3.0,5.0,3.0,3.0,16.0
1147.0,add,5.250050497513891,822.0,127.0,5.873832422760137,3.0,5.0,3.0,3.0,17.0
1148.0,delete,5.873832422760137,822.0,127.0,5.873832422760137,3.0,5.0,3.0,3.0,15.0
1149.0,swap,5.873832422760137,822.0,127.0,5.873832422760137,3.0,5.0,3.0,3.0,16.0
1150.0,add,6.07137480467428,823.0,11.0,5.60934507278093,10.0,1.0,1.0,1.0,8.0
1151.0,delete,3.7422519714755906,824.0,45.0,5.804349329779954,8.0,9.0,7.0,6.0,15.0
1152.0,delete,5.637237724952655,825.0,73.0,6.057401200762231,7.0,6.0,5.0,3.0,16.0
1153.0,add,6.327672767891898,826.0,95.0,6.232708317376847,5.0,2.0,1.0,3.0,16.0
1154.0,delete,6.808226956022024,827.0,110.0,6.218540837579046,4.0,4.0,0.0,3.0,15.0
1155.0,delete,5.9203548480191355,828.0,119.0,5.911543415698478,4.0,5.0,1.0,4.0,15.0
1156.0,delete,5.974101785589039,829.0,124.0,5.894089288423528,4.0,5.0,3.0,3.0,15.0
1157.0,add,5.936586858927351,830.0,126.0,5.7349249074518,3.0,6.0,3.0,2.0,16.0
1158.0,delete,5.629881375687711,831.0,74.0,6.066210967825944,7.0,6.0,4.0,4.0,15.0
1159.0,delete,6.125454338381302,832.0,125.0,5.874661517913352,3.0,4.0,3.0,3.0,16.0
1160.0,add,5.753000730320647,833.0,12.0,5.609134234972354,10.0,2.0,1.0,1.0,8.0
1161.0,add,5.961267537525954,834.0,120.0,5.9345402906596245,4.0,5.0,1.0,4.0,16.0
1162.0,add,4.561483626922354,835.0,46.0,5.832701675705174,8.0,9.0,6.0,6.0,17.0
1163.0,add,5.2299175936921936,836.0,128.0,5.250050497513891,3.0,5.0,3.0,3.0,17.0
1164.0,add,5.356776916876552,836.0,128.0,5.250050497513891,3.0,5.0,3.0,3.0,18.0
1165.0,delete,5.250050497513891,836.0,128.0,5.250050497513891,3.0,5.0,3.0,3.0,16.0
1166.0,swap,5.27873947759577,836.0,128.0,5.250050497513891,3.0,4.0,4.0,3.0,17.0
1167.0,delete,6.32482065277308,837.0,96.0,6.210967009830466,5.0,2.0,1.0,3.0,15.0
1168.0,delete,6.808226956022024,838.0,111.0,6.147482766033125,4.0,4.0,0.0,3.0,14.0
1169.0,add,5.874582718455944,839.0,127.0,5.273106996638459,3.0,5.0,3.0,3.0,17.0
1170.0,add,5.846472972134634,840.0,75.0,6.071063567191523,7.0,6.0,4.0,3.0,17.0
1171.0,add,4.825500326825206,841.0,126.0,5.6001162363927905,3.0,6.0,3.0,2.0,16.0
1172.0,add,5.664632110128703,842.0,13.0,5.608209215982478,10.0,1.0,2.0,1.0,9.0
1173.0,delete,6.120001596002287,843.0,47.0,5.843586069127728,8.0,9.0,6.0,6.0,16.0
1174.0,add,5.920025896419781,844.0,121.0,5.860881231143928,4.0,5.0,3.0,4.0,15.0
1175.0,add,5.356776916876552,845.0,129.0,5.356776916876552,3.0,5.0,3.0,3.0,18.0
1176.0,delete,5.356776916876552,845.0,129.0,5.356776916876552,3.0,5.0,3.0,3.0,17.0
1177.0,swap,5.350968478862834,845.0,129.0,5.356776916876552,3.0,5.0,4.0,2.0,18.0
1178.0,add,6.25468934240073,846.0,97.0,6.187475606014385,5.0,3.0,1.0,3.0,15.0
1179.0,add,6.6096250994576335,847.0,112.0,6.0672589919577256,4.0,4.0,1.0,2.0,15.0
1180.0,add,5.538029051997009,848.0,128.0,5.3553248073731226,3.0,5.0,3.0,3.0,18.0
1181.0,delete,5.356776916876553,849.0,130.0,5.356776916876552,3.0,5.0,3.0,3.0,17.0
1182.0,delete,5.356776916876552,849.0,130.0,5.356776916876552,3.0,5.0,3.0,3.0,16.0
1183.0,swap,5.253214647154438,849.0,130.0,5.356776916876552,3.0,5.0,3.0,4.0,16.0
1184.0,add,5.4292418606433,850.0,14.0,5.607506343995332,10.0,2.0,2.0,1.0,9.0
1185.0,delete,5.407256855242956,851.0,48.0,5.849124565848022,8.0,9.0,5.0,6.0,16.0
1186.0,add,5.65527266352506,852.0,76.0,6.067785508072386,7.0,6.0,4.0,4.0,17.0
1187.0,delete,6.253058227342189,853.0,98.0,6.172056408668007,5.0,2.0,1.0,4.0,14.0
1188.0,add,5.955676602706014,854.0,122.0,5.772934034293054,4.0,5.0,2.0,4.0,17.0
1189.0,add,6.307810437671938,855.0,113.0,6.007566544498018,4.0,4.0,1.0,2.0,16.0
1190.0,add,5.9017544867173495,856.0,127.0,5.369956734397595,3.0,5.0,3.0,3.0,17.0
1191.0,delete,5.356776916876552,857.0,129.0,5.330886349446024,3.0,5.0,3.0,3.0,17.0
1192.0,delete,5.345664625508972,858.0,131.0,5.356776916876552,3.0,5.0,3.0,3.0,16.0
1193.0,delete,5.643978950505963,858.0,131.0,5.356776916876552,3.0,5.0,3.0,3.0,15.0
1194.0,swap,5.355503666100135,858.0,131.0,5.356776916876552,3.0,5.0,2.0,4.0,16.0
1195.0,delete,5.186957309510892,859.0,49.0,5.853317085717474,7.0,8.0,5.0,6.0,17.0
1196.0,add,5.447329412341006,860.0,15.0,5.605339763453338,10.0,3.0,2.0,1.0,9.0
1197.0,add,5.807364713415679,861.0,77.0,6.068640010081715,7.0,7.0,4.0,3.0,18.0
1198.0,delete,5.938880001985447,862.0,123.0,5.7023658017473675,4.0,4.0,3.0,4.0,16.0
1199.0,add,6.810916940020111,863.0,99.0,6.162053326011763,5.0,2.0,1.0,4.0,15.0
1200.0,add,5.272050557473456,864.0,128.0,5.385668410115723,3.0,6.0,3.0,3.0,17.0
1201.0,add,6.3531425711256775,865.0,114.0,5.952295421249637,4.0,5.0,1.0,2.0,16.0
1202.0,delete,5.356776916876552,866.0,130.0,5.425481039747906,3.0,5.0,3.0,3.0,16.0
1203.0,delete,5.645224855797271,867.0,132.0,5.643978950505963,3.0,5.0,3.0,3.0,15.0
1204.0,add,5.643978950505963,867.0,132.0,5.643978950505963,3.0,5.0,3.0,3.0,16.0
1205.0,delete,5.643978950505963,867.0,132.0,5.643978950505963,3.0,5.0,3.0,3.0,14.0
1206.0,swap,5.645387831133456,867.0,132.0,5.643978950505963,3.0,6.0,3.0,2.0,15.0
1207.0,delete,5.77538741403865,868.0,50.0,5.853708390430945,8.0,7.0,5.0,5.0,17.0
1208.0,add,5.780076783453337,869.0,16.0,5.6051589207008075,10.0,3.0,3.0,1.0,9.0
1209.0,delete,5.824672789490919,870.0,78.0,6.067610362406953,7.0,7.0,4.0,3.0,17.0
1210.0,delete,5.974101785589039,871.0,124.0,5.628033100129481,4.0,5.0,3.0,3.0,15.0
1211.0,add,5.703955640975056,872.0,100.0,6.168950969311225,5.0,2.0,2.0,4.0,15.0
1212.0,delete,5.356776916876552,873.0,129.0,5.458524389353456,3.0,5.0,3.0,3.0,17.0
1213.0,add,6.3531425711256775,874.0,115.0,5.90156454887668,4.0,5.0,1.0,2.0,17.0
1214.0,delete,5.587657444229436,875.0,131.0,5.644509907689724,3.0,4.0,3.0,3.0,16.0
1215.0,add,5.641368134826231,876.0,133.0,5.643978950505963,3.0,5.0,3.0,3.0,16.0
1216.0,add,4.664013637958175,876.0,133.0,5.643978950505963,3.0,6.0,3.0,3.0,16.0
1217.0,delete,5.643978950505963,876.0,133.0,5.643978950505963,3.0,5.0,3.0,3.0,15.0
1218.0,swap,5.92956996008896,876.0,133.0,5.643978950505963,3.0,5.0,4.0,3.0,15.0
1219.0,add,5.890240296214211,877.0,51.0,5.851549509848185,8.0,8.0,5.0,6.0,16.0
1220.0,add,5.590532124380451,878.0,17.0,5.603708330569499,10.0,3.0,4.0,2.0,8.0
1221.0,delete,5.31372291320193,879.0,79.0,6.063915681031859,6.0,7.0,3.0,3.0,18.0
1222.0,delete,6.230352622252055,880.0,125.0,5.565858575342741,2.0,5.0,3.0,3.0,16.0
1223.0,add,5.882816230065168,881.0,101.0,6.165586087068082,5.0,3.0,2.0,4.0,15.0
1224.0,delete,5.356776916876552,882.0,130.0,5.50741855652997,3.0,5.0,3.0,2.0,17.0
1225.0,add,5.956464156503155,883.0,116.0,5.847043650741449,4.0,5.0,1.0,3.0,17.0
1226.0,add,6.22585015076563,884.0,132.0,5.504581926777059,3.0,5.0,3.0,3.0,16.0
1227.0,delete,5.690524662196293,885.0,80.0,6.071180900374714,6.0,7.0,3.0,3.0,17.0
1228.0,delete,5.356776916876552,886.0,131.0,5.628635256074819,3.0,5.0,3.0,3.0,15.0
1229.0,add,5.830428903263736,887.0,52.0,5.851415025687877,8.0,8.0,6.0,6.0,16.0
1230.0,add,5.865737651555582,888.0,126.0,5.501793448965951,3.0,5.0,3.0,2.0,17.0
1231.0,add,4.664013637958178,889.0,134.0,4.664013637958175,3.0,6.0,3.0,3.0,16.0
1232.0,add,4.971932456160925,889.0,134.0,4.664013637958175,3.0,6.0,3.0,3.0,17.0
1233.0,delete,4.399402538006606,889.0,134.0,4.664013637958175,3.0,6.0,3.0,3.0,15.0
1234.0,swap,5.776526805703319,889.0,134.0,4.664013637958175,2.0,6.0,3.0,3.0,17.0
1235.0,add,5.612613802674842,890.0,18.0,5.602771581575158,10.0,3.0,5.0,2.0,8.0
1236.0,add,6.336464843545316,891.0,102.0,6.136871555524039,5.0,3.0,2.0,4.0,16.0
1237.0,add,6.3523991867798495,892.0,117.0,5.773120462385846,4.0,5.0,1.0,5.0,16.0
1238.0,delete,5.862946602924644,893.0,81.0,6.061747852182749,6.0,7.0,2.0,3.0,17.0
1239.0,add,5.689315864315887,894.0,133.0,4.8951778151574405,3.0,5.0,3.0,3.0,17.0
1240.0,delete,5.389423811957823,895.0,53.0,5.848849598457941,8.0,8.0,6.0,6.0,15.0
1241.0,add,5.644461383845303,896.0,132.0,5.386359189708712,3.0,6.0,3.0,3.0,15.0
1242.0,add,5.874582718455944,897.0,127.0,5.423818871029864,3.0,5.0,3.0,3.0,17.0
1243.0,add,4.930914811239688,898.0,135.0,4.971932456160925,3.0,6.0,3.0,3.0,17.0
1244.0,add,5.614940802767023,898.0,135.0,4.971932456160925,3.0,6.0,3.0,3.0,18.0
1245.0,delete,4.721163607671275,898.0,135.0,4.971932456160925,3.0,6.0,3.0,3.0,16.0
1246.0,swap,5.540416897240617,898.0,135.0,4.971932456160925,3.0,5.0,3.0,3.0,18.0
1247.0,add,5.586939403536797,899.0,19.0,5.604508560011487,10.0,3.0,4.0,3.0,9.0
1248.0,add,6.019339007034408,900.0,103.0,6.109960123354552,5.0,4.0,2.0,4.0,16.0
1249.0,delete,6.343595384966141,901.0,82.0,6.051183811544322,6.0,6.0,3.0,3.0,16.0
1250.0,delete,6.081759169584993,902.0,118.0,5.716839259644911,3.0,5.0,1.0,4.0,17.0
1251.0,add,4.837944131927242,903.0,134.0,5.155873715015906,3.0,7.0,3.0,3.0,16.0
1252.0,add,5.815950601657185,904.0,54.0,5.845735549357121,8.0,8.0,6.0,6.0,16.0
1253.0,add,5.643978950505963,905.0,133.0,5.07368956281354,3.0,5.0,3.0,4.0,16.0
1254.0,add,5.250244867142009,906.0,128.0,5.385466664103268,3.0,5.0,3.0,3.0,18.0
1255.0,add,5.6151397139043615,907.0,136.0,5.614940802767023,3.0,6.0,3.0,3.0,18.0
1256.0,delete,5.599504340150317,907.0,136.0,5.614940802767023,3.0,6.0,3.0,2.0,18.0
1257.0,swap,5.275864495281019,907.0,136.0,5.614940802767023,3.0,7.0,3.0,3.0,17.0
1258.0,add,5.431747069669314,908.0,20.0,5.603454002668379,10.0,3.0,5.0,4.0,8.0
1259.0,add,6.357607705140035,909.0,104.0,6.080232106379937,5.0,5.0,2.0,4.0,16.0
1260.0,delete,5.732414596144845,910.0,83.0,6.0419984973668575,6.0,6.0,2.0,3.0,16.0
1261.0,delete,6.383779409411611,911.0,119.0,5.670839267223764,4.0,5.0,0.0,4.0,16.0
1262.0,add,4.971930351183638,912.0,135.0,5.526362338025681,3.0,6.0,3.0,4.0,17.0
1263.0,delete,5.569906708207873,913.0,137.0,5.599504340150317,3.0,6.0,3.0,2.0,18.0
1264.0,delete,6.090541176472062,913.0,137.0,5.599504340150317,3.0,6.0,3.0,2.0,17.0
1265.0,swap,6.275651035698708,913.0,137.0,5.599504340150317,2.0,7.0,3.0,2.0,18.0
1266.0,add,5.557545018175868,914.0,55.0,5.84663787310439,8.0,9.0,5.0,7.0,16.0
1267.0,delete,4.9189080280463875,915.0,129.0,5.428222824361926,3.0,5.0,3.0,3.0,17.0
1268.0,add,4.198606325620919,916.0,21.0,5.608686341531071,10.0,3.0,5.0,4.0,9.0
1269.0,add,4.328416740514015,917.0,134.0,5.385834655992673,3.0,7.0,3.0,3.0,16.0
1270.0,delete,6.353524471263098,918.0,105.0,6.057832502010969,5.0,4.0,2.0,4.0,16.0
1271.0,delete,6.008811550408654,919.0,84.0,6.034295142323126,6.0,4.0,2.0,3.0,17.0
1272.0,add,5.9203548480191355,920.0,120.0,5.64174067264356,4.0,5.0,1.0,4.0,16.0
1273.0,delete,6.016425382178098,921.0,136.0,5.88390081513224,2.0,6.0,3.0,3.0,18.0
1274.0,delete,6.095572668248909,922.0,138.0,6.090541176472062,3.0,6.0,3.0,2.0,17.0
1275.0,delete,6.116974883344208,922.0,138.0,6.090541176472062,3.0,6.0,2.0,2.0,17.0
1276.0,swap,6.090541176472062,922.0,138.0,6.090541176472062,3.0,6.0,3.0,2.0,17.0
1277.0,add,5.311637329749731,923.0,56.0,5.851748537529021,8.0,9.0,6.0,6.0,17.0
1278.0,delete,5.313184792267433,924.0,130.0,5.476213276461842,3.0,5.0,3.0,3.0,16.0
1279.0,add,5.942363878127186,925.0,135.0,5.777749394492357,3.0,6.0,3.0,3.0,18.0
1280.0,add,5.30455483635866,926.0,22.0,5.615224882269607,10.0,4.0,4.0,4.0,10.0
1281.0,delete,6.344063806607327,927.0,106.0,6.047198936086056,5.0,4.0,1.0,4.0,16.0
1282.0,delete,5.364786691629657,928.0,85.0,6.043398333887595,6.0,5.0,1.0,3.0,16.0
1283.0,delete,5.998357988354095,929.0,137.0,6.098407476134311,2.0,6.0,3.0,2.0,18.0
1284.0,add,5.952375174318893,930.0,121.0,5.650798343029779,4.0,5.0,2.0,4.0,16.0
1285.0,delete,6.1065196049857535,931.0,139.0,6.116974883344208,3.0,6.0,2.0,2.0,17.0
1286.0,add,6.116974883344208,931.0,139.0,6.116974883344208,3.0,6.0,2.0,3.0,17.0
1287.0,delete,6.116974883344208,931.0,139.0,6.116974883344208,3.0,6.0,2.0,2.0,16.0
1288.0,swap,5.941004042013545,931.0,139.0,6.116974883344208,3.0,6.0,3.0,2.0,16.0
1289.0,delete,5.292597159170674,932.0,57.0,5.859367753387228,8.0,8.0,5.0,6.0,18.0
1290.0,delete,5.356776916876552,933.0,131.0,5.570843823163472,3.0,5.0,3.0,3.0,15.0
1291.0,delete,6.847930473691397,934.0,107.0,6.03109374549423,3.0,4.0,1.0,4.0,17.0
1292.0,add,5.291692594506899,935.0,23.0,5.6219627455487675,10.0,5.0,4.0,4.0,10.0
1293.0,delete,5.556081551096162,936.0,86.0,6.055473838512315,6.0,5.0,1.0,3.0,15.0
1294.0,delete,5.28440514445104,937.0,136.0,6.0103806748318505,3.0,6.0,3.0,3.0,17.0
1295.0,delete,5.664016197844193,938.0,138.0,6.079689659406386,2.0,6.0,3.0,2.0,17.0
1296.0,add,5.939308287389272,939.0,122.0,5.645311277226135,4.0,5.0,2.0,4.0,17.0
1297.0,add,6.116974883344207,940.0,140.0,6.116974883344208,3.0,6.0,2.0,3.0,17.0
1298.0,add,5.688182470244195,940.0,140.0,6.116974883344208,3.0,6.0,2.0,3.0,18.0
1299.0,delete,6.756587171025458,940.0,140.0,6.116974883344208,3.0,5.0,2.0,3.0,17.0
1300.0,swap,5.7533584586931505,940.0,140.0,6.116974883344208,3.0,6.0,3.0,3.0,16.0
1301.0,delete,5.313121010365165,941.0,58.0,5.867819371694097,7.0,8.0,5.0,6.0,18.0
1302.0,delete,6.809035498844962,942.0,108.0,6.003214551249943,4.0,4.0,0.0,4.0,16.0
1303.0,delete,5.576195491745121,943.0,87.0,6.065019892003814,6.0,5.0,1.0,3.0,14.0
1304.0,add,5.297646291295585,944.0,24.0,5.627562258599756,10.0,5.0,4.0,4.0,11.0
1305.0,add,5.069235183678623,945.0,132.0,5.612284760700462,3.0,5.0,3.0,3.0,16.0
1306.0,delete,5.105967984451135,946.0,137.0,6.046612891980733,2.0,6.0,3.0,2.0,18.0
1307.0,delete,5.943901372371734,947.0,123.0,5.62676443017902,4.0,5.0,3.0,3.0,16.0
1308.0,add,5.120285830685223,948.0,139.0,6.086415573330244,3.0,6.0,2.0,2.0,18.0
1309.0,delete,5.385508225588244,949.0,59.0,5.873763747959681,7.0,8.0,5.0,5.0,18.0
1310.0,delete,6.090541176472062,950.0,138.0,5.954350300806213,3.0,6.0,3.0,2.0,16.0
1311.0,add,5.6395597337284356,951.0,133.0,5.5718858310382,3.0,5.0,3.0,4.0,16.0
1312.0,add,5.629107248333776,952.0,141.0,5.688182470244195,3.0,6.0,2.0,3.0,18.0
1313.0,add,5.683829606782947,952.0,141.0,5.688182470244195,3.0,6.0,2.0,3.0,19.0
1314.0,delete,4.393993714468624,952.0,141.0,5.688182470244195,3.0,6.0,1.0,3.0,18.0
1315.0,swap,5.358509997207899,952.0,141.0,5.688182470244195,3.0,6.0,2.0,3.0,18.0
1316.0,add,5.314612793111117,953.0,25.0,5.628679595202171,10.0,5.0,4.0,6.0,10.0
1317.0,delete,6.1760539744681004,954.0,88.0,6.0586435591098535,5.0,5.0,1.0,3.0,14.0
1318.0,delete,6.8054403956799785,955.0,109.0,5.9505384634001235,4.0,4.0,0.0,3.0,16.0
1319.0,delete,5.974572356732056,956.0,124.0,5.585963554923056,4.0,4.0,3.0,3.0,16.0
1320.0,delete,5.221278308380408,957.0,60.0,5.8806752980734815,8.0,8.0,5.0,5.0,16.0
1321.0,add,6.116974883344208,958.0,140.0,5.350724607407488,3.0,6.0,2.0,3.0,18.0
1322.0,add,6.076747163563476,959.0,139.0,5.703161740679445,3.0,7.0,2.0,2.0,17.0
1323.0,add,4.711897282592452,960.0,134.0,5.6339861176857085,3.0,6.0,4.0,3.0,16.0
1324.0,delete,6.808226956022021,961.0,110.0,5.922780721125703,4.0,4.0,0.0,2.0,16.0
1325.0,delete,5.257984101567796,962.0,89.0,6.072052157717231,6.0,3.0,1.0,3.0,14.0
1326.0,add,5.818132453415065,963.0,142.0,5.683829606782947,3.0,6.0,2.0,3.0,19.0
1327.0,add,5.124397846898691,963.0,142.0,5.683829606782947,3.0,6.0,2.0,3.0,20.0
1328.0,delete,5.6738139718687055,963.0,142.0,5.683829606782947,3.0,5.0,2.0,3.0,19.0
1329.0,swap,5.683829606782947,963.0,142.0,5.683829606782947,3.0,6.0,2.0,4.0,18.0
1330.0,add,4.967659392210508,964.0,26.0,5.634685863984885,10.0,5.0,5.0,5.0,11.0
1331.0,delete,4.810321328690667,965.0,61.0,5.8865594962940575,7.0,8.0,5.0,4.0,17.0
1332.0,delete,6.246878070152567,966.0,125.0,5.5651853422553135,3.0,5.0,3.0,3.0,15.0
1333.0,add,5.995800887251805,967.0,141.0,5.596800697149671,3.0,7.0,2.0,3.0,18.0
1334.0,add,6.119884600920909,968.0,140.0,5.560597516963532,3.0,6.0,2.0,4.0,17.0
1335.0,delete,6.808226956022024,969.0,111.0,5.894817102562914,4.0,4.0,0.0,3.0,14.0
1336.0,delete,6.320322767316503,970.0,90.0,6.075831075425239,5.0,4.0,1.0,3.0,13.0
1337.0,add,4.584058528540251,971.0,135.0,5.764372546464795,3.0,6.0,3.0,3.0,18.0
1338.0,add,5.124397846898691,972.0,143.0,5.124397846898691,3.0,6.0,2.0,3.0,20.0
1339.0,add,5.0022299586139,972.0,143.0,5.124397846898691,3.0,6.0,2.0,3.0,21.0
1340.0,delete,5.124397846898691,972.0,143.0,5.124397846898691,3.0,6.0,2.0,3.0,19.0
1341.0,swap,5.135292191201224,972.0,143.0,5.124397846898691,3.0,5.0,2.0,4.0,20.0
1342.0,add,4.773569676240903,973.0,27.0,5.641145287057131,10.0,5.0,6.0,5.0,11.0
1343.0,delete,5.2635346602346536,974.0,62.0,5.891920845773643,8.0,6.0,5.0,4.0,17.0
1344.0,add,5.856071007055666,975.0,126.0,5.514417934551772,3.0,5.0,3.0,3.0,16.0
1345.0,add,5.777659780364393,976.0,142.0,5.10214313810224,3.0,6.0,3.0,3.0,19.0
1346.0,delete,5.614940802767023,977.0,136.0,5.73216071012412,3.0,6.0,3.0,3.0,17.0
1347.0,delete,6.321519290795784,978.0,91.0,6.055958541061369,5.0,4.0,1.0,3.0,12.0
1348.0,add,6.462763782784293,979.0,112.0,5.839842497339204,4.0,4.0,0.0,2.0,16.0
1349.0,add,5.146944288751207,980.0,141.0,5.467616545179733,3.0,6.0,2.0,3.0,19.0
1350.0,add,5.002592634408767,981.0,144.0,5.0022299586139,3.0,6.0,2.0,3.0,21.0
1351.0,delete,5.0022299586139,981.0,144.0,5.0022299586139,3.0,6.0,2.0,3.0,20.0
1352.0,swap,4.987274710137341,981.0,144.0,5.0022299586139,3.0,6.0,3.0,3.0,20.0
1353.0,add,5.037870662855288,982.0,28.0,5.647413125941247,10.0,7.0,5.0,5.0,11.0
1354.0,delete,5.447880005421262,983.0,63.0,5.896058435076077,7.0,6.0,5.0,4.0,17.0
1355.0,add,5.873832422760137,984.0,127.0,5.485230179527899,3.0,6.0,3.0,3.0,16.0
1356.0,add,5.040142562962143,985.0,143.0,4.998581815443477,3.0,6.0,2.0,3.0,21.0
1357.0,delete,5.588333224768921,986.0,137.0,5.640706647154563,3.0,5.0,3.0,2.0,18.0
1358.0,delete,6.1728831878073604,987.0,92.0,6.039055134727155,5.0,2.0,1.0,3.0,13.0
1359.0,delete,5.0136206410382265,988.0,145.0,5.0022299586139,3.0,6.0,2.0,3.0,20.0
1360.0,delete,5.002247368537706,988.0,145.0,5.0022299586139,3.0,6.0,1.0,3.0,20.0
1361.0,swap,5.399382179750062,988.0,145.0,5.0022299586139,3.0,6.0,2.0,2.0,21.0
1362.0,add,6.683793660468036,989.0,113.0,5.784674294270577,4.0,4.0,2.0,2.0,15.0
1363.0,add,5.148803638430135,990.0,142.0,5.1335281174095195,3.0,6.0,2.0,3.0,20.0
1364.0,add,4.492482172143946,991.0,29.0,5.651991468715648,10.0,6.0,5.0,6.0,12.0
1365.0,add,5.213395999718126,992.0,64.0,5.899169193222322,8.0,6.0,5.0,4.0,17.0
1366.0,add,5.251636329227472,993.0,128.0,5.465799608989371,3.0,5.0,3.0,3.0,18.0
1367.0,delete,5.0022299586139,994.0,144.0,5.104370036984974,3.0,6.0,2.0,3.0,20.0
1368.0,delete,6.0906452300999465,995.0,138.0,5.542893898241018,3.0,6.0,2.0,2.0,17.0
1369.0,delete,5.002247368537707,996.0,146.0,5.002247368537706,3.0,6.0,1.0,3.0,20.0
1370.0,delete,5.813422965495663,996.0,146.0,5.002247368537706,3.0,5.0,1.0,3.0,20.0
1371.0,swap,5.448562028085661,996.0,146.0,5.002247368537706,3.0,6.0,1.0,3.0,20.0
1372.0,add,6.336716588019392,997.0,93.0,6.015455627340594,5.0,2.0,1.0,4.0,13.0
1373.0,add,5.518656842380279,998.0,114.0,5.751102887752374,4.0,5.0,2.0,2.0,15.0
1374.0,add,5.122410936585347,999.0,143.0,5.143015194566249,3.0,6.0,2.0,3.0,21.0
1375.0,delete,4.66092607096315,1000.0,129.0,5.469276782501036,2.0,5.0,3.0,3.0,18.0
1376.0,add,5.231827929960041,1001.0,30.0,5.654312951808826,10.0,7.0,5.0,6.0,12.0
1377.0,add,5.7379417858755275,1002.0,65.0,5.898878308182735,8.0,6.0,5.0,4.0,18.0
1378.0,delete,5.0022299586139,1003.0,145.0,5.316619932664183,3.0,6.0,2.0,3.0,19.0
1379.0,delete,5.813422965495663,1004.0,147.0,5.813422965495663,3.0,5.0,1.0,3.0,20.0
1380.0,delete,5.813422965495663,1004.0,147.0,5.813422965495663,3.0,5.0,1.0,3.0,19.0
1381.0,swap,6.451176679835066,1004.0,147.0,5.813422965495663,2.0,5.0,1.0,4.0,20.0
1382.0,add,6.342212002222613,1005.0,94.0,5.997962444199998,5.0,2.0,1.0,3.0,15.0
1383.0,add,5.157110558099831,1006.0,139.0,5.478139685647327,3.0,6.0,2.0,2.0,18.0
1384.0,add,6.36801995348905,1007.0,115.0,5.718289267483164,4.0,5.0,1.0,2.0,17.0
1385.0,delete,5.0022299586139,1008.0,144.0,5.397016253176093,3.0,6.0,2.0,3.0,20.0
1386.0,delete,5.356776916876552,1009.0,130.0,5.4853587701818896,3.0,5.0,3.0,3.0,16.0
1387.0,delete,5.774615971067737,1010.0,66.0,5.899503266032394,7.0,6.0,5.0,4.0,18.0
1388.0,add,5.7047649742284365,1011.0,31.0,5.658637022133746,10.0,6.0,6.0,7.0,12.0
1389.0,delete,5.561567866647776,1012.0,146.0,5.972861394080514,3.0,6.0,1.0,3.0,19.0
1390.0,delete,5.9501836341788525,1013.0,148.0,5.813422965495663,3.0,5.0,1.0,3.0,19.0
1391.0,delete,5.813422965495663,1013.0,148.0,5.813422965495663,3.0,5.0,1.0,3.0,18.0
1392.0,swap,6.07547769588148,1013.0,148.0,5.813422965495663,3.0,5.0,1.0,3.0,19.0
1393.0,add,6.062279781878487,1014.0,140.0,5.426642021042561,3.0,6.0,2.0,3.0,18.0
1394.0,add,5.548447402651595,1015.0,95.0,5.98372286215123,5.0,2.0,2.0,3.0,15.0
1395.0,delete,5.124397846898691,1016.0,145.0,5.645615371858399,3.0,6.0,2.0,3.0,19.0
1396.0,add,5.456668345535564,1017.0,116.0,5.690150691870148,4.0,5.0,1.0,3.0,17.0
1397.0,delete,5.356776916876552,1018.0,131.0,5.50989451485321,3.0,5.0,3.0,2.0,16.0
1398.0,delete,5.868384897362663,1019.0,67.0,5.901258731056092,7.0,6.0,5.0,4.0,17.0
1399.0,delete,5.813422965495663,1020.0,147.0,5.913126815262915,3.0,5.0,1.0,3.0,19.0
1400.0,add,5.51207629665482,1021.0,32.0,5.658742852564994,10.0,6.0,6.0,6.0,14.0
1401.0,delete,5.689143614510877,1022.0,149.0,5.813422965495663,3.0,5.0,1.0,3.0,18.0
1402.0,add,5.816245122374189,1022.0,149.0,5.813422965495663,3.0,5.0,1.0,4.0,18.0
1403.0,delete,5.025157067603986,1022.0,149.0,5.813422965495663,2.0,5.0,1.0,3.0,18.0
1404.0,swap,6.564067133810707,1022.0,149.0,5.813422965495663,3.0,5.0,2.0,3.0,17.0
1405.0,delete,6.244825778845358,1023.0,96.0,5.97012741851163,4.0,2.0,1.0,3.0,16.0
1406.0,add,5.544969322659432,1024.0,141.0,5.444786541946924,3.0,6.0,2.0,3.0,19.0
1407.0,delete,5.013383974135592,1025.0,146.0,5.861548741717019,3.0,5.0,1.0,3.0,20.0
1408.0,add,6.351269216669526,1026.0,117.0,5.662423105849891,4.0,5.0,1.0,5.0,16.0
1409.0,add,5.282969933287397,1027.0,132.0,5.515645567153846,3.0,5.0,3.0,3.0,16.0
1410.0,add,5.557689402556325,1028.0,68.0,5.903421879630008,8.0,7.0,5.0,4.0,16.0
1411.0,delete,5.82282300741801,1029.0,148.0,5.781607180759083,3.0,4.0,1.0,3.0,19.0
1412.0,add,4.875072003831879,1030.0,33.0,5.661555751592815,10.0,7.0,6.0,6.0,14.0
1413.0,add,5.816297492346681,1031.0,150.0,5.816245122374189,3.0,5.0,1.0,4.0,18.0
1414.0,add,5.824417571713211,1031.0,150.0,5.816245122374189,3.0,5.0,1.0,4.0,19.0
1415.0,delete,5.816245122374189,1031.0,150.0,5.816245122374189,3.0,5.0,1.0,4.0,17.0
1416.0,swap,6.193078970251334,1031.0,150.0,5.816245122374189,3.0,4.0,1.0,4.0,19.0
1417.0,add,6.329895905582602,1032.0,97.0,5.956291961803336,5.0,2.0,1.0,3.0,16.0
1418.0,add,6.107570908688693,1033.0,142.0,5.4568839250315815,3.0,6.0,2.0,3.0,20.0
1419.0,delete,6.350045549037629,1034.0,118.0,5.645934154045375,4.0,5.0,1.0,4.0,16.0
1420.0,delete,5.82282300741801,1035.0,147.0,5.859528952067893,3.0,4.0,1.0,3.0,20.0
1421.0,add,6.451100214718114,1036.0,133.0,5.531379031526334,3.0,5.0,3.0,3.0,17.0
1422.0,add,5.471103391121949,1037.0,69.0,5.91098615754663,8.0,6.0,5.0,5.0,17.0
1423.0,add,5.813460433588175,1038.0,149.0,5.893256855811922,3.0,5.0,1.0,4.0,18.0
1424.0,add,5.099767578135289,1039.0,34.0,5.670786084213387,10.0,8.0,6.0,6.0,14.0
1425.0,delete,5.025157067603986,1040.0,148.0,5.8358507728624565,2.0,5.0,1.0,3.0,19.0
1426.0,add,5.7247018737508935,1041.0,151.0,5.824417571713211,3.0,5.0,1.0,4.0,19.0
1427.0,add,5.798591829427798,1041.0,151.0,5.824417571713211,3.0,5.0,1.0,4.0,20.0
1428.0,delete,5.816245122374189,1041.0,151.0,5.824417571713211,3.0,5.0,1.0,4.0,18.0
1429.0,swap,6.423732513883491,1041.0,151.0,5.824417571713211,3.0,4.0,1.0,5.0,19.0
1430.0,delete,6.253058227342189,1042.0,98.0,5.949651640734901,5.0,2.0,1.0,3.0,15.0
1431.0,delete,5.961824294998672,1043.0,119.0,5.6375036564679135,4.0,5.0,1.0,4.0,15.0
1432.0,add,4.966291680332319,1044.0,143.0,5.543051699966293,3.0,6.0,2.0,3.0,21.0
1433.0,delete,5.469493331490787,1045.0,70.0,5.914506219885417,8.0,6.0,5.0,5.0,16.0
1434.0,add,4.675192273829318,1046.0,134.0,5.5616865742006905,3.0,6.0,3.0,3.0,17.0
1435.0,add,5.815282619014617,1047.0,150.0,5.917537782229916,3.0,5.0,1.0,5.0,18.0
1436.0,add,5.039131171728105,1048.0,35.0,5.676905220684091,10.0,9.0,6.0,6.0,14.0
1437.0,add,5.816768913894783,1049.0,149.0,5.896208970099889,3.0,5.0,1.0,3.0,19.0
1438.0,add,5.794864573961204,1050.0,152.0,5.798591829427798,3.0,5.0,1.0,4.0,20.0
1439.0,delete,6.439000269479838,1050.0,152.0,5.798591829427798,2.0,5.0,1.0,4.0,20.0
1440.0,swap,5.823433901329191,1050.0,152.0,5.798591829427798,3.0,5.0,1.0,5.0,19.0
1441.0,add,5.861488456628978,1051.0,99.0,5.942145413739276,5.0,2.0,1.0,4.0,15.0
1442.0,add,5.939446125424171,1052.0,120.0,5.627177995366839,4.0,5.0,2.0,4.0,15.0
1443.0,delete,4.38263547273865,1053.0,144.0,5.653654126185124,3.0,6.0,2.0,3.0,20.0
1444.0,delete,5.302920908426803,1054.0,71.0,5.915108814544781,8.0,6.0,4.0,4.0,17.0
1445.0,add,6.043513553861874,1055.0,151.0,5.963972643549508,3.0,5.0,1.0,4.0,20.0
1446.0,add,4.664013637958175,1056.0,135.0,5.621223960249061,3.0,6.0,3.0,3.0,18.0
1447.0,delete,6.5949632217398,1057.0,153.0,6.439000269479838,2.0,5.0,1.0,4.0,20.0
1448.0,delete,6.418611755940943,1057.0,153.0,6.439000269479838,1.0,5.0,1.0,4.0,20.0
1449.0,swap,5.540182220428365,1057.0,153.0,6.439000269479838,2.0,5.0,1.0,4.0,20.0
1450.0,add,5.540907717641032,1058.0,36.0,5.6813126776743985,10.0,9.0,7.0,6.0,14.0
1451.0,delete,5.0133662622319735,1059.0,145.0,5.7744349307232765,3.0,5.0,2.0,3.0,20.0
1452.0,add,5.703691735832441,1060.0,100.0,5.941304227915157,5.0,2.0,2.0,4.0,15.0
1453.0,add,5.816245122374189,1061.0,150.0,6.004426232838877,3.0,5.0,1.0,4.0,19.0
1454.0,add,5.920416281763947,1062.0,121.0,5.617381911299817,4.0,5.0,2.0,4.0,16.0
1455.0,delete,5.021034269621943,1063.0,72.0,5.918602866810046,7.0,6.0,5.0,4.0,16.0
1456.0,delete,6.178376058110741,1064.0,152.0,6.248189366897236,3.0,5.0,1.0,4.0,19.0
1457.0,delete,5.60377316085762,1065.0,136.0,5.656100890357125,3.0,5.0,3.0,3.0,18.0
1458.0,delete,6.424696788699067,1066.0,154.0,6.418611755940943,1.0,5.0,1.0,4.0,20.0
1459.0,add,5.793229758884477,1066.0,154.0,6.418611755940943,1.0,5.0,1.0,4.0,21.0
1460.0,delete,6.418611755940943,1066.0,154.0,6.418611755940943,1.0,5.0,1.0,4.0,19.0
1461.0,swap,6.801893691042528,1066.0,154.0,6.418611755940943,1.0,5.0,1.0,4.0,20.0
1462.0,add,5.341352180587652,1067.0,37.0,5.685893726948695,10.0,10.0,7.0,6.0,14.0
1463.0,delete,4.38268955941809,1068.0,146.0,5.922701605690472,3.0,6.0,1.0,3.0,19.0
1464.0,add,5.894475087809647,1069.0,101.0,5.945144002719791,5.0,3.0,2.0,4.0,15.0
1465.0,add,5.824423781172499,1070.0,151.0,6.159228413757443,3.0,5.0,1.0,5.0,19.0
1466.0,delete,5.6460959161756925,1071.0,73.0,5.923967192509783,7.0,6.0,5.0,4.0,15.0
1467.0,add,5.950019934335178,1072.0,122.0,5.618919140248302,4.0,5.0,2.0,4.0,17.0
1468.0,delete,6.358361968147609,1073.0,137.0,5.668696105275797,3.0,5.0,3.0,2.0,18.0
1469.0,delete,6.4390002694798385,1074.0,153.0,6.371408750101592,2.0,5.0,1.0,3.0,20.0
1470.0,add,5.793229257501001,1075.0,155.0,5.793229758884477,1.0,5.0,1.0,4.0,21.0
1471.0,add,5.9230774235948145,1075.0,155.0,5.793229758884477,1.0,6.0,1.0,4.0,21.0
1472.0,delete,6.403533563575035,1075.0,155.0,5.793229758884477,1.0,5.0,1.0,4.0,20.0
1473.0,swap,5.793176347905563,1075.0,155.0,5.793229758884477,1.0,4.0,1.0,5.0,21.0
1474.0,add,5.171768268759081,1076.0,38.0,5.692857718817403,10.0,9.0,7.0,7.0,15.0
1475.0,delete,6.413434808305399,1077.0,147.0,5.960815048212578,3.0,4.0,1.0,3.0,20.0
1476.0,add,6.145333526543456,1078.0,102.0,5.946248129179444,5.0,3.0,2.0,4.0,16.0
1477.0,delete,5.644128234111648,1079.0,74.0,5.929910907900556,7.0,6.0,4.0,4.0,15.0
1478.0,delete,5.941769460652738,1080.0,123.0,5.6226687701589455,4.0,5.0,3.0,3.0,16.0
1479.0,delete,6.090541176472062,1081.0,138.0,5.6863052959777045,3.0,6.0,3.0,2.0,16.0
1480.0,delete,6.026755474652691,1082.0,152.0,6.211541598737354,3.0,5.0,1.0,4.0,19.0
1481.0,add,6.468933325794854,1083.0,154.0,5.941249270292178,1.0,5.0,2.0,4.0,20.0
1482.0,delete,6.07547769588148,1084.0,148.0,5.983963860433491,3.0,5.0,1.0,3.0,18.0
1483.0,delete,6.850111115597426,1085.0,153.0,6.24345399439628,2.0,5.0,1.0,4.0,19.0
1484.0,add,5.185040958727909,1086.0,39.0,5.703354680637487,10.0,9.0,7.0,6.0,17.0
1485.0,add,5.919717161034182,1087.0,156.0,5.9230774235948145,1.0,6.0,1.0,4.0,21.0
1486.0,add,5.549840956516022,1087.0,156.0,5.9230774235948145,1.0,7.0,1.0,4.0,21.0
1487.0,delete,6.787646091846094,1087.0,156.0,5.9230774235948145,1.0,6.0,1.0,4.0,20.0
1488.0,swap,5.246882704962326,1087.0,156.0,5.9230774235948145,1.0,7.0,1.0,4.0,20.0
1489.0,add,5.62395795605759,1088.0,75.0,5.937559353333674,7.0,6.0,4.0,3.0,17.0
1490.0,add,6.423026873585486,1089.0,103.0,5.942493837306169,5.0,4.0,2.0,4.0,16.0
1491.0,delete,5.9741017855890375,1090.0,124.0,5.628849852386737,4.0,4.0,3.0,3.0,16.0
1492.0,add,5.880846125980917,1091.0,139.0,5.69710513298939,3.0,6.0,2.0,2.0,18.0
1493.0,add,6.1511361145308605,1092.0,155.0,5.885432867590687,1.0,5.0,2.0,4.0,21.0
1494.0,add,5.813422965495663,1093.0,149.0,6.049747534485895,3.0,5.0,1.0,3.0,19.0
1495.0,add,6.462865053161419,1094.0,154.0,5.9845820641950205,1.0,5.0,1.0,4.0,21.0
1496.0,add,5.756717400548567,1095.0,40.0,5.7115381190978605,10.0,9.0,7.0,6.0,18.0
1497.0,add,5.551488254326817,1096.0,157.0,5.549840956516022,1.0,7.0,1.0,4.0,21.0
1498.0,add,5.487157898069279,1096.0,157.0,5.549840956516022,1.0,7.0,1.0,4.0,22.0
1499.0,delete,5.5498409565160225,1096.0,157.0,5.549840956516022,1.0,7.0,1.0,3.0,21.0
1500.0,swap,5.6147015990529034,1096.0,157.0,5.549840956516022,1.0,7.0,1.0,5.0,20.0
1501.0,add,5.778899953854681,1097.0,76.0,5.941714981835764,7.0,6.0,4.0,3.0,18.0
1502.0,add,6.336518390802105,1098.0,104.0,5.93155482796929,5.0,4.0,2.0,4.0,17.0
1503.0,delete,5.86573765155558,1099.0,125.0,5.624828068916817,3.0,5.0,3.0,3.0,15.0
1504.0,add,5.120285830685224,1100.0,140.0,5.692567015439852,3.0,6.0,2.0,3.0,18.0
1505.0,add,5.7936310610764945,1101.0,156.0,5.550605932896209,1.0,6.0,1.0,4.0,22.0
1506.0,add,5.8150600580795,1102.0,150.0,6.028916477239063,3.0,5.0,1.0,5.0,18.0
1507.0,delete,4.529401414859218,1103.0,41.0,5.7154694159766235,10.0,9.0,8.0,6.0,16.0
1508.0,add,5.801521028506638,1104.0,155.0,5.779556383775074,1.0,5.0,1.0,4.0,22.0
1509.0,add,5.490916874175464,1105.0,158.0,5.487157898069279,1.0,7.0,1.0,4.0,22.0
1510.0,add,5.48716854219474,1105.0,158.0,5.487157898069279,1.0,7.0,2.0,4.0,22.0
1511.0,delete,5.2825407287797805,1105.0,158.0,5.487157898069279,1.0,6.0,1.0,4.0,22.0
1512.0,swap,5.927608731419475,1105.0,158.0,5.487157898069279,1.0,8.0,1.0,4.0,21.0
1513.0,add,5.714601155909629,1106.0,77.0,5.940823628112666,7.0,7.0,4.0,3.0,18.0
1514.0,delete,6.302637553672618,1107.0,105.0,5.918802066422126,5.0,3.0,2.0,4.0,17.0
1515.0,add,5.865737651555582,1108.0,126.0,5.606883287918064,3.0,5.0,3.0,2.0,17.0
1516.0,add,5.681886778448371,1109.0,141.0,5.6947953098848405,3.0,6.0,2.0,3.0,19.0
1517.0,add,5.395483204871098,1110.0,157.0,5.535078554927748,1.0,7.0,1.0,4.0,22.0
1518.0,delete,4.458386446130473,1111.0,42.0,5.7254228443258945,9.0,9.0,8.0,6.0,16.0
1519.0,add,5.824417571713211,1112.0,151.0,5.976727099978464,3.0,5.0,1.0,4.0,20.0
1520.0,add,5.808421654950915,1113.0,1.0,5.643443658506087,10.0,0.0,0.0,0.0,1.0
1521.0,add,5.88920031497031,1114.0,156.0,5.557307164272554,1.0,7.0,1.0,4.0,21.0
1522.0,add,5.487871317670441,1115.0,159.0,5.48716854219474,1.0,7.0,2.0,4.0,22.0
1523.0,delete,5.97015475935621,1115.0,159.0,5.48716854219474,1.0,7.0,2.0,4.0,21.0
1524.0,swap,5.2825235979309175,1115.0,159.0,5.48716854219474,1.0,6.0,2.0,4.0,23.0
1525.0,delete,5.966815322002195,1116.0,78.0,5.939673155722862,7.0,7.0,4.0,3.0,17.0
1526.0,delete,6.38250230718968,1117.0,106.0,5.906834344874438,5.0,4.0,1.0,4.0,16.0
1527.0,add,5.982768167217332,1118.0,127.0,5.603318246014221,3.0,6.0,3.0,3.0,16.0
1528.0,add,5.682500912533815,1119.0,142.0,5.694767132815084,3.0,6.0,2.0,4.0,19.0
1529.0,add,5.545336357731572,1120.0,158.0,5.556929554288077,1.0,8.0,1.0,4.0,22.0
1530.0,delete,3.8218421925182584,1121.0,43.0,5.738330501994388,8.0,9.0,8.0,6.0,16.0
1531.0,delete,6.272226106094358,1122.0,152.0,5.948272195053,3.0,5.0,1.0,4.0,19.0
1532.0,delete,5.9694395105872,1123.0,160.0,5.97015475935621,1.0,7.0,2.0,4.0,21.0
1533.0,delete,5.97015475935621,1123.0,160.0,5.97015475935621,1.0,7.0,2.0,4.0,20.0
1534.0,swap,4.962403080542556,1123.0,160.0,5.97015475935621,1.0,7.0,1.0,5.0,21.0
1535.0,add,5.805448485647735,1124.0,2.0,5.642715599207202,10.0,1.0,0.0,1.0,0.0
1536.0,delete,6.703717335674435,1125.0,107.0,5.893920906175054,4.0,4.0,1.0,4.0,16.0
1537.0,delete,5.630521390074,1126.0,79.0,5.941798463551066,7.0,7.0,3.0,3.0,17.0
1538.0,add,5.251006003939817,1127.0,128.0,5.608342483426228,3.0,5.0,3.0,4.0,17.0
1539.0,add,5.549849219410548,1128.0,157.0,5.558366104821919,1.0,7.0,1.0,5.0,21.0
1540.0,delete,5.9561004881220825,1129.0,159.0,5.718038027460544,1.0,7.0,2.0,4.0,21.0
1541.0,add,4.97522578288419,1130.0,143.0,5.721070951074536,3.0,6.0,3.0,3.0,20.0
1542.0,delete,3.4888181412413717,1131.0,44.0,5.757189218242539,8.0,9.0,6.0,6.0,17.0
1543.0,delete,6.81665174385602,1132.0,153.0,5.887468856940364,2.0,5.0,1.0,4.0,19.0
1544.0,delete,6.034476690595553,1133.0,161.0,5.97015475935621,1.0,7.0,2.0,4.0,20.0
1545.0,delete,5.97015475935621,1133.0,161.0,5.97015475935621,1.0,7.0,2.0,4.0,19.0
1546.0,swap,6.161647377645916,1133.0,161.0,5.97015475935621,1.0,8.0,2.0,4.0,19.0
1547.0,add,5.808421654950916,1134.0,3.0,5.642139067219473,10.0,1.0,0.0,0.0,2.0
1548.0,delete,6.809035498844962,1135.0,108.0,5.875388422446246,4.0,4.0,0.0,4.0,16.0
1549.0,delete,5.575039518044185,1136.0,80.0,5.946702038488109,7.0,7.0,3.0,3.0,16.0
1550.0,delete,6.3362214127119705,1137.0,129.0,5.627443525217886,2.0,5.0,3.0,3.0,18.0
1551.0,add,4.956699611059372,1138.0,158.0,5.733119270090801,1.0,7.0,1.0,4.0,23.0
1552.0,delete,6.004050695503465,1139.0,160.0,6.034108396738472,1.0,7.0,2.0,4.0,20.0
1553.0,delete,5.0022299586139,1140.0,144.0,5.778156621613522,3.0,6.0,2.0,3.0,20.0
1554.0,delete,4.001021519432843,1141.0,45.0,5.777461076218406,8.0,9.0,7.0,6.0,15.0
1555.0,delete,5.972294087928918,1142.0,162.0,5.97015475935621,1.0,7.0,2.0,4.0,19.0
1556.0,delete,5.970154759356209,1142.0,162.0,5.97015475935621,1.0,7.0,2.0,3.0,19.0
1557.0,swap,6.458366456221567,1142.0,162.0,5.97015475935621,1.0,7.0,3.0,4.0,18.0
1558.0,delete,6.8054403956799785,1143.0,109.0,5.855821935543332,4.0,4.0,0.0,3.0,16.0
1559.0,add,5.831721997412844,1144.0,4.0,5.641469725866945,10.0,1.0,0.0,0.0,3.0
1560.0,add,6.495981517840337,1145.0,154.0,5.799663523942454,1.0,5.0,1.0,4.0,21.0
1561.0,delete,5.772452687221649,1146.0,81.0,5.948042178909248,6.0,7.0,2.0,3.0,17.0
1562.0,delete,5.355649540485599,1147.0,130.0,5.6489370797639324,3.0,5.0,3.0,2.0,17.0
1563.0,delete,5.48716854219474,1148.0,159.0,5.949949785381008,1.0,7.0,2.0,4.0,21.0
1564.0,delete,6.456420159786915,1149.0,161.0,6.092742515715726,1.0,7.0,2.0,4.0,19.0
1565.0,delete,5.0022299586139,1150.0,145.0,5.847157183907249,3.0,6.0,2.0,3.0,19.0
1566.0,delete,5.972259252777226,1151.0,163.0,5.970154759356209,1.0,7.0,2.0,3.0,19.0
1567.0,delete,6.456420159786913,1151.0,163.0,5.970154759356209,1.0,7.0,2.0,3.0,18.0
1568.0,swap,5.658360455415311,1151.0,163.0,5.970154759356209,1.0,6.0,2.0,3.0,20.0
1569.0,add,4.502975227252471,1152.0,46.0,5.79797556657818,8.0,9.0,6.0,6.0,17.0
1570.0,delete,6.319228004004784,1153.0,110.0,5.839046071085476,3.0,4.0,0.0,3.0,16.0
1571.0,add,5.775542122994088,1154.0,155.0,5.777546643619484,1.0,5.0,2.0,4.0,21.0
1572.0,add,5.808421654950916,1155.0,5.0,5.640363007142486,10.0,1.0,0.0,0.0,4.0
1573.0,delete,6.000711885595464,1156.0,82.0,5.94565789965455,5.0,6.0,3.0,3.0,17.0
1574.0,delete,5.279352538712421,1157.0,131.0,5.664670443783493,3.0,5.0,2.0,3.0,16.0
1575.0,delete,5.4844624720977,1158.0,160.0,6.090396634477535,1.0,7.0,2.0,4.0,20.0
1576.0,delete,5.4844624720977,1159.0,162.0,6.014298656833915,1.0,7.0,2.0,4.0,18.0
1577.0,delete,5.002247368537707,1160.0,146.0,5.888710675105909,3.0,6.0,1.0,2.0,20.0
1578.0,delete,6.339773990517432,1161.0,164.0,6.456420159786913,1.0,7.0,2.0,3.0,18.0
1579.0,delete,6.505031742813325,1161.0,164.0,6.456420159786913,1.0,6.0,2.0,3.0,18.0
1580.0,swap,6.296512065399781,1161.0,164.0,6.456420159786913,1.0,7.0,2.0,4.0,17.0
1581.0,delete,5.552374210717071,1162.0,47.0,5.8079870557725135,7.0,9.0,6.0,6.0,17.0
1582.0,delete,6.808226956022024,1163.0,111.0,5.8205020660152975,4.0,4.0,0.0,3.0,14.0
1583.0,add,5.789196948490437,1164.0,156.0,5.779028922134113,1.0,6.0,1.0,4.0,22.0
1584.0,delete,5.1099610099028805,1165.0,83.0,5.943182708367399,6.0,6.0,2.0,3.0,16.0
1585.0,add,5.808421654950916,1166.0,6.0,5.640490303440951,10.0,1.0,0.0,0.0,5.0
1586.0,delete,6.017903249142958,1167.0,161.0,6.128350863454792,1.0,7.0,2.0,4.0,19.0
1587.0,add,5.778811035626764,1168.0,132.0,5.677207974280196,3.0,5.0,3.0,3.0,16.0
1588.0,delete,5.4844624720977,1169.0,163.0,6.399434489629363,1.0,7.0,2.0,3.0,18.0
1589.0,delete,5.813422965495663,1170.0,147.0,5.92201671880624,3.0,5.0,1.0,3.0,19.0
1590.0,delete,6.5376659958511505,1171.0,165.0,6.505031742813325,1.0,6.0,2.0,3.0,18.0
1591.0,add,6.4451806642356715,1171.0,165.0,6.505031742813325,1.0,7.0,2.0,3.0,18.0
1592.0,delete,6.440195179508853,1171.0,165.0,6.505031742813325,1.0,6.0,2.0,3.0,17.0
1593.0,swap,6.8334418980476315,1171.0,165.0,6.505031742813325,1.0,6.0,3.0,3.0,17.0
1594.0,delete,5.2032489729713225,1172.0,48.0,5.8160266826693325,8.0,9.0,5.0,5.0,17.0
1595.0,add,6.805098743603466,1173.0,112.0,5.806121506148277,4.0,4.0,0.0,2.0,16.0
1596.0,delete,5.895028475761747,1174.0,84.0,5.946993501601009,6.0,5.0,2.0,3.0,16.0
1597.0,add,5.533776000179952,1175.0,157.0,5.876724981529636,1.0,7.0,1.0,4.0,22.0
1598.0,add,5.803577740350655,1176.0,7.0,5.642659055110856,10.0,1.0,0.0,1.0,5.0
1599.0,delete,5.9701547593562125,1177.0,162.0,6.1864554698388385,1.0,7.0,2.0,3.0,19.0
1600.0,add,5.646840392453979,1178.0,133.0,5.695791559734723,3.0,5.0,3.0,3.0,17.0
1601.0,delete,5.813422965495663,1179.0,148.0,5.940366222927849,3.0,5.0,1.0,3.0,18.0
1602.0,delete,6.487768175764069,1180.0,164.0,6.552303096091326,1.0,7.0,2.0,3.0,17.0
1603.0,delete,5.826427621020409,1181.0,49.0,5.821076530671797,8.0,8.0,5.0,6.0,16.0
1604.0,add,6.4160202725107,1182.0,166.0,6.4451806642356715,1.0,7.0,2.0,3.0,18.0
1605.0,delete,6.445179110468382,1182.0,166.0,6.4451806642356715,1.0,7.0,2.0,2.0,18.0
1606.0,swap,6.141547199962667,1182.0,166.0,6.4451806642356715,1.0,7.0,3.0,3.0,17.0
1607.0,delete,5.955309258394562,1183.0,163.0,6.371476840535715,1.0,7.0,2.0,3.0,18.0
1608.0,delete,5.373028588766502,1184.0,85.0,5.953293774711738,6.0,5.0,1.0,2.0,17.0
1609.0,add,6.432424836051776,1185.0,113.0,5.795063001038682,4.0,4.0,1.0,2.0,16.0
1610.0,add,5.626599764542188,1186.0,158.0,5.9865306769073525,1.0,8.0,1.0,4.0,22.0
1611.0,add,6.074716924168111,1187.0,8.0,5.643515687842643,10.0,1.0,1.0,1.0,5.0
1612.0,add,6.4366908672968,1188.0,165.0,6.3619818117943545,1.0,6.0,3.0,3.0,18.0
1613.0,add,4.663990017633616,1189.0,134.0,5.725672990723227,3.0,6.0,3.0,4.0,16.0
1614.0,add,5.813422965495663,1190.0,149.0,5.974619812110345,3.0,5.0,1.0,3.0,19.0
1615.0,delete,5.832420516749921,1191.0,50.0,5.82313578937879,8.0,6.0,5.0,6.0,17.0
1616.0,delete,6.470638372064668,1192.0,167.0,6.445179110468382,1.0,7.0,2.0,2.0,18.0
1617.0,add,5.246861845093336,1192.0,167.0,6.445179110468382,1.0,8.0,2.0,2.0,18.0
1618.0,delete,6.46701002078771,1192.0,167.0,6.445179110468382,1.0,7.0,2.0,2.0,17.0
1619.0,swap,6.439353729745726,1192.0,167.0,6.445179110468382,1.0,6.0,3.0,2.0,18.0
1620.0,delete,5.576195491745121,1193.0,86.0,5.960205441496622,6.0,5.0,1.0,3.0,15.0
1621.0,delete,6.043120483603542,1194.0,159.0,6.096811584815075,1.0,7.0,2.0,4.0,21.0
1622.0,add,5.717570256544174,1195.0,114.0,5.7842839175568015,4.0,5.0,1.0,2.0,16.0
1623.0,delete,6.455881099790694,1196.0,164.0,6.379470362439335,1.0,6.0,2.0,3.0,18.0
1624.0,add,5.775811652225993,1197.0,9.0,5.643284305367485,10.0,1.0,1.0,0.0,7.0
1625.0,delete,6.7658162410804294,1198.0,166.0,6.213808615631964,1.0,6.0,2.0,3.0,18.0
1626.0,add,4.987497569012358,1199.0,135.0,5.777001152202138,3.0,6.0,3.0,3.0,18.0
1627.0,add,5.824417571713211,1200.0,150.0,6.00210180006957,3.0,5.0,1.0,4.0,19.0
1628.0,add,5.579432989615744,1201.0,51.0,5.825201189507022,8.0,7.0,5.0,6.0,17.0
1629.0,add,5.246861845093337,1202.0,168.0,5.246861845093336,1.0,8.0,2.0,2.0,18.0
1630.0,add,5.060416079873516,1202.0,168.0,5.246861845093336,1.0,8.0,2.0,2.0,19.0
1631.0,delete,5.246224634455476,1202.0,168.0,5.246861845093336,1.0,8.0,1.0,2.0,18.0
1632.0,swap,5.824571929326937,1202.0,168.0,5.246861845093336,1.0,8.0,3.0,2.0,17.0
1633.0,delete,5.549052753204511,1203.0,87.0,5.962326750962007,5.0,5.0,1.0,3.0,15.0
1634.0,delete,6.125437065792732,1204.0,160.0,6.10075393141514,1.0,7.0,2.0,4.0,20.0
1635.0,add,6.3531425711256775,1205.0,115.0,5.772132643850199,4.0,5.0,1.0,2.0,17.0
1636.0,add,6.505031742813326,1206.0,165.0,6.046598057999668,1.0,6.0,2.0,4.0,18.0
1637.0,add,5.813439481072054,1207.0,10.0,5.64368482967667,10.0,1.0,1.0,1.0,7.0
1638.0,delete,4.972282262150386,1208.0,136.0,5.791789233797031,3.0,6.0,2.0,3.0,18.0
1639.0,add,6.46701002078771,1209.0,167.0,5.32498726676852,1.0,7.0,2.0,2.0,19.0
1640.0,add,5.824417571713211,1210.0,151.0,5.99464952984362,3.0,5.0,1.0,4.0,20.0
1641.0,add,5.755603237646118,1211.0,52.0,5.824693353895673,8.0,9.0,5.0,6.0,16.0
1642.0,delete,6.411079976393167,1212.0,166.0,5.970903984434293,1.0,6.0,2.0,3.0,18.0
1643.0,add,5.060416079873517,1213.0,169.0,5.060416079873516,1.0,8.0,2.0,2.0,19.0
1644.0,add,5.181659017347748,1213.0,169.0,5.060416079873516,1.0,8.0,3.0,2.0,19.0
1645.0,delete,5.082636090013006,1213.0,169.0,5.060416079873516,1.0,8.0,2.0,2.0,18.0
1646.0,swap,5.670839799227696,1213.0,169.0,5.060416079873516,1.0,7.0,2.0,3.0,19.0
1647.0,delete,5.51472723759227,1214.0,88.0,5.964947295880615,6.0,4.0,1.0,3.0,14.0
1648.0,add,6.350547209596171,1215.0,116.0,5.756456717028758,4.0,5.0,1.0,3.0,17.0
1649.0,delete,5.357767263764902,1216.0,137.0,5.7905436823065894,3.0,6.0,3.0,2.0,17.0
1650.0,add,5.812817070606702,1217.0,11.0,5.642817055324567,10.0,1.0,1.0,1.0,8.0
1651.0,delete,6.4705550505128375,1218.0,161.0,6.065572333044353,1.0,7.0,2.0,4.0,19.0
1652.0,delete,5.806869247280238,1219.0,152.0,5.982570518097566,3.0,5.0,1.0,4.0,19.0
1653.0,delete,5.904618747626683,1220.0,53.0,5.824178663935982,8.0,8.0,5.0,6.0,16.0
1654.0,add,4.864185759253521,1221.0,168.0,5.211193413267096,1.0,8.0,2.0,2.0,19.0
1655.0,add,6.372425938164412,1222.0,167.0,5.359243918213254,1.0,7.0,2.0,2.0,19.0
1656.0,delete,4.8439753520908075,1223.0,89.0,5.970426095695364,6.0,4.0,1.0,3.0,13.0
1657.0,delete,5.97015475935621,1224.0,162.0,6.028602845457546,1.0,7.0,2.0,4.0,18.0
1658.0,add,5.230201806513345,1225.0,170.0,5.181659017347748,1.0,8.0,3.0,2.0,19.0
1659.0,add,5.135937505045022,1225.0,170.0,5.181659017347748,1.0,9.0,3.0,2.0,19.0
1660.0,delete,5.095409748263888,1225.0,170.0,5.181659017347748,1.0,8.0,3.0,2.0,18.0
1661.0,swap,5.917562258209572,1225.0,170.0,5.181659017347748,1.0,8.0,4.0,2.0,18.0
1662.0,add,6.375760188788792,1226.0,117.0,5.741865536186113,4.0,5.0,1.0,4.0,17.0
1663.0,add,5.816188927749771,1227.0,12.0,5.6417489696489795,10.0,1.0,1.0,1.0,9.0
1664.0,delete,5.797902618729161,1228.0,138.0,5.781073953237474,3.0,6.0,3.0,2.0,16.0
1665.0,delete,6.288978975141982,1229.0,153.0,5.939384148254873,2.0,4.0,1.0,4.0,20.0
1666.0,add,5.598932984656984,1230.0,54.0,5.823054783861472,8.0,8.0,5.0,6.0,17.0
1667.0,add,5.12241174406888,1231.0,169.0,5.312154067075914,1.0,8.0,2.0,2.0,20.0
1668.0,delete,6.3367165880193905,1232.0,90.0,5.96995499336429,5.0,3.0,1.0,3.0,14.0
1669.0,delete,6.348793825588273,1233.0,163.0,5.963119034254931,1.0,7.0,2.0,3.0,18.0
1670.0,add,5.306072934995372,1234.0,168.0,5.220152353426337,1.0,8.0,2.0,2.0,19.0
1671.0,add,5.135937505045022,1235.0,171.0,5.135937505045022,1.0,9.0,3.0,2.0,19.0
1672.0,add,5.804509525610619,1235.0,171.0,5.135937505045022,1.0,9.0,3.0,2.0,20.0
1673.0,delete,5.349068287012584,1235.0,171.0,5.135937505045022,1.0,9.0,3.0,2.0,18.0
1674.0,swap,5.070347495335438,1235.0,171.0,5.135937505045022,1.0,9.0,4.0,2.0,18.0
1675.0,delete,6.350045549037629,1236.0,118.0,5.726014522177064,4.0,5.0,1.0,4.0,16.0
1676.0,add,5.488079244951517,1237.0,13.0,5.642072459142692,10.0,1.0,2.0,2.0,8.0
1677.0,add,5.619029486782686,1238.0,139.0,5.763522578692207,3.0,6.0,2.0,2.0,18.0
1678.0,add,6.477664662995281,1239.0,154.0,5.861399334634478,1.0,5.0,1.0,4.0,21.0
1679.0,add,5.55314805389751,1240.0,55.0,5.823663745911963,8.0,9.0,5.0,6.0,17.0
1680.0,delete,6.329093194946196,1241.0,91.0,5.962515408185821,5.0,4.0,1.0,2.0,13.0
1681.0,delete,6.43609792531654,1242.0,164.0,5.863976926608844,1.0,6.0,2.0,3.0,18.0
1682.0,add,5.181659017347749,1243.0,170.0,5.299160063609738,1.0,8.0,3.0,3.0,19.0
1683.0,add,5.040486570863904,1244.0,169.0,5.293154900890897,1.0,8.0,2.0,2.0,20.0
1684.0,add,5.785093150620987,1245.0,172.0,5.804509525610619,1.0,9.0,3.0,2.0,20.0
1685.0,add,5.809203535033633,1245.0,172.0,5.804509525610619,1.0,9.0,4.0,2.0,20.0
1686.0,delete,5.272544869116379,1245.0,172.0,5.804509525610619,1.0,9.0,3.0,2.0,19.0
1687.0,swap,5.135457998258678,1245.0,172.0,5.804509525610619,1.0,9.0,3.0,3.0,19.0
1688.0,delete,5.920354848019136,1246.0,119.0,5.715001245048902,4.0,4.0,1.0,4.0,16.0
1689.0,add,5.353812289093315,1247.0,14.0,5.641875422647271,10.0,2.0,2.0,1.0,9.0
1690.0,add,6.120524500992954,1248.0,140.0,5.755000924316358,3.0,6.0,2.0,4.0,17.0
1691.0,delete,6.3969991495431096,1249.0,92.0,5.954346079190753,5.0,3.0,0.0,3.0,13.0
1692.0,add,5.519405728784766,1250.0,56.0,5.827114106216054,8.0,9.0,5.0,6.0,18.0
1693.0,add,5.983676185631257,1251.0,155.0,5.817220637953848,1.0,5.0,1.0,4.0,22.0
1694.0,add,6.556289453093027,1252.0,165.0,5.683578491979758,1.0,7.0,2.0,3.0,18.0
1695.0,add,5.489924252363616,1253.0,171.0,5.56136181572806,1.0,9.0,4.0,2.0,19.0
1696.0,add,5.187647871671871,1254.0,170.0,5.379062103708157,1.0,8.0,4.0,2.0,19.0
1697.0,add,5.813867852535168,1255.0,173.0,5.809203535033633,1.0,9.0,4.0,2.0,20.0
1698.0,add,5.738493356190576,1255.0,173.0,5.809203535033633,1.0,9.0,4.0,2.0,21.0
1699.0,delete,5.831408610482927,1255.0,173.0,5.809203535033633,1.0,9.0,4.0,2.0,19.0
1700.0,swap,5.713134056270639,1255.0,173.0,5.809203535033633,1.0,9.0,3.0,3.0,20.0
1701.0,add,5.9203548480191355,1256.0,120.0,5.7132212260597495,4.0,5.0,1.0,4.0,16.0
1702.0,add,5.434487647403692,1257.0,15.0,5.642041558578506,10.0,3.0,2.0,1.0,9.0
1703.0,add,5.688182470244195,1258.0,141.0,5.763451031312449,3.0,6.0,2.0,3.0,19.0
1704.0,delete,5.296696050467154,1259.0,57.0,5.831297079552491,8.0,9.0,5.0,6.0,17.0
1705.0,add,5.887419957711316,1260.0,93.0,5.946202714277775,5.0,2.0,1.0,3.0,14.0
1706.0,add,6.041377513938079,1261.0,156.0,5.804844354508592,1.0,7.0,1.0,4.0,21.0
1707.0,delete,6.498684960808893,1262.0,166.0,5.587239160997655,1.0,7.0,2.0,3.0,17.0
1708.0,add,5.824304910352002,1263.0,172.0,5.7812214821025885,1.0,10.0,3.0,2.0,20.0
1709.0,add,4.541360971643764,1264.0,171.0,5.65617655607593,1.0,9.0,4.0,2.0,19.0
1710.0,add,5.732379854937102,1265.0,174.0,5.738493356190576,1.0,9.0,4.0,2.0,21.0
1711.0,delete,5.738493356190576,1265.0,174.0,5.738493356190576,1.0,9.0,4.0,1.0,21.0
1712.0,swap,5.4837271977016036,1265.0,174.0,5.738493356190576,1.0,9.0,4.0,2.0,21.0
1713.0,add,5.9613254961159265,1266.0,121.0,5.71006272757579,4.0,5.0,2.0,4.0,16.0
1714.0,add,5.561146684402076,1267.0,142.0,5.765286254014423,3.0,7.0,2.0,3.0,19.0
1715.0,add,5.1933453534371665,1268.0,16.0,5.641203929368186,10.0,3.0,3.0,1.0,9.0
1716.0,delete,5.104469877351996,1269.0,58.0,5.835639945919218,8.0,8.0,4.0,6.0,18.0
1717.0,add,5.811606353191457,1270.0,157.0,5.803725683088921,1.0,7.0,1.0,4.0,22.0
1718.0,add,6.342212002222613,1271.0,94.0,5.936415365819568,5.0,2.0,1.0,3.0,15.0
1719.0,add,6.375920162793808,1272.0,167.0,5.431045007184388,1.0,8.0,2.0,2.0,18.0
1720.0,add,5.80729327119754,1273.0,173.0,5.673273441254965,1.0,9.0,4.0,2.0,21.0
1721.0,delete,5.677629365842193,1274.0,175.0,5.738493356190576,1.0,9.0,4.0,1.0,21.0
1722.0,delete,5.639638854756074,1274.0,175.0,5.738493356190576,1.0,9.0,3.0,1.0,21.0
1723.0,swap,5.47590239331924,1274.0,175.0,5.738493356190576,1.0,9.0,4.0,1.0,21.0
1724.0,add,6.656146694786814,1275.0,122.0,5.706882368033141,4.0,5.0,2.0,4.0,17.0
1725.0,add,5.501357260294158,1276.0,172.0,5.7142674319084055,1.0,9.0,3.0,2.0,21.0
1726.0,add,5.124397846898691,1277.0,143.0,5.778508744404586,3.0,6.0,2.0,3.0,21.0
1727.0,delete,4.884706399147003,1278.0,59.0,5.841275418040748,8.0,8.0,5.0,5.0,17.0
1728.0,add,4.66571864365994,1279.0,17.0,5.640257898178913,10.0,3.0,4.0,1.0,9.0
1729.0,delete,5.924522655660268,1280.0,174.0,5.632915992527019,1.0,9.0,4.0,2.0,20.0
1730.0,add,5.806785442530727,1281.0,158.0,5.820734813549291,1.0,7.0,1.0,4.0,23.0
1731.0,add,6.259107343190377,1282.0,95.0,5.928354721785366,5.0,2.0,2.0,3.0,15.0
1732.0,add,5.399870945077114,1283.0,168.0,5.421362637649729,1.0,8.0,3.0,2.0,18.0
1733.0,delete,5.558217284580638,1284.0,176.0,5.639638854756074,1.0,9.0,3.0,1.0,21.0
1734.0,delete,5.824194579009177,1284.0,176.0,5.639638854756074,1.0,9.0,3.0,1.0,20.0
1735.0,swap,5.770303721657469,1284.0,176.0,5.639638854756074,1.0,9.0,3.0,2.0,20.0
1736.0,delete,5.888752044168075,1285.0,123.0,5.698328263615182,4.0,5.0,3.0,4.0,15.0
1737.0,add,5.80836751030773,1286.0,173.0,5.697566324253537,1.0,9.0,4.0,2.0,21.0
1738.0,delete,5.0022299586139,1287.0,144.0,5.801854977455517,3.0,6.0,2.0,3.0,20.0
1739.0,delete,5.242531415379679,1288.0,60.0,5.845808221435969,8.0,8.0,5.0,5.0,16.0
1740.0,delete,5.737464738676522,1289.0,175.0,5.698088610000839,1.0,9.0,3.0,1.0,21.0
1741.0,add,5.805033912139664,1290.0,18.0,5.640889826971668,10.0,3.0,4.0,2.0,9.0
1742.0,delete,5.9561004881220825,1291.0,159.0,5.837521280100069,1.0,7.0,2.0,4.0,21.0
1743.0,delete,6.263660721871857,1292.0,96.0,5.921061214181243,5.0,2.0,1.0,3.0,15.0
1744.0,delete,5.82381589846834,1293.0,177.0,5.824194579009177,1.0,9.0,3.0,1.0,20.0
1745.0,delete,6.05554516311559,1293.0,177.0,5.824194579009177,1.0,8.0,3.0,1.0,20.0
1746.0,swap,5.878104782207565,1293.0,177.0,5.824194579009177,1.0,10.0,3.0,1.0,19.0
1747.0,add,5.026376790804939,1294.0,169.0,5.532794873246971,1.0,8.0,2.0,2.0,20.0
1748.0,delete,5.974303292851573,1295.0,124.0,5.690467656664619,4.0,5.0,3.0,3.0,15.0
1749.0,delete,5.739712398228743,1296.0,174.0,5.758652732790304,1.0,8.0,4.0,2.0,21.0
1750.0,delete,5.003378219747586,1297.0,145.0,5.827147323865056,3.0,6.0,2.0,2.0,20.0
1751.0,delete,5.491767258183674,1298.0,61.0,5.85052148792434,8.0,8.0,5.0,4.0,16.0
1752.0,delete,5.271041540399686,1299.0,176.0,5.895415105700168,1.0,9.0,3.0,1.0,20.0
1753.0,delete,6.717690841627819,1300.0,160.0,5.831699806657114,1.0,7.0,2.0,4.0,20.0
1754.0,add,5.586939403536797,1301.0,19.0,5.643142606730899,10.0,3.0,4.0,3.0,9.0
1755.0,delete,6.069779459046831,1302.0,178.0,6.05554516311559,1.0,8.0,3.0,1.0,20.0
1756.0,add,5.896182327515326,1302.0,178.0,6.05554516311559,1.0,8.0,3.0,1.0,21.0
1757.0,delete,5.093516421302723,1302.0,178.0,6.05554516311559,1.0,8.0,3.0,1.0,19.0
1758.0,swap,5.730049048661739,1302.0,178.0,6.05554516311559,1.0,8.0,3.0,1.0,20.0
1759.0,add,6.325435356394422,1303.0,97.0,5.910710756098476,5.0,2.0,1.0,3.0,16.0
1760.0,delete,5.865737651555579,1304.0,125.0,5.684849113008695,3.0,4.0,3.0,3.0,16.0
1761.0,add,5.357245109999029,1305.0,170.0,5.586759508610086,1.0,8.0,3.0,2.0,20.0
1762.0,delete,5.002247368537706,1306.0,146.0,5.848363323664275,3.0,6.0,1.0,3.0,19.0
1763.0,delete,4.865258289735686,1307.0,62.0,5.8558594797257,7.0,7.0,5.0,4.0,17.0
1764.0,delete,6.287832895395777,1308.0,175.0,5.719065678415205,1.0,9.0,4.0,1.0,20.0
1765.0,delete,6.004050695503465,1309.0,161.0,5.818507416470153,1.0,7.0,2.0,4.0,19.0
1766.0,delete,5.824194579009177,1310.0,177.0,5.769014483928442,1.0,9.0,3.0,1.0,19.0
1767.0,add,5.469968424711578,1311.0,20.0,5.642855019509794,10.0,4.0,4.0,4.0,8.0
1768.0,delete,6.253058227342189,1312.0,98.0,5.904165509894211,5.0,2.0,1.0,4.0,14.0
1769.0,add,5.887608723250565,1313.0,179.0,5.896182327515326,1.0,8.0,3.0,1.0,21.0
1770.0,delete,5.890576561834434,1313.0,179.0,5.896182327515326,1.0,7.0,3.0,1.0,21.0
1771.0,swap,5.947218243534069,1313.0,179.0,5.896182327515326,1.0,8.0,3.0,1.0,21.0
1772.0,add,5.219704813130595,1314.0,171.0,5.6958493293644965,1.0,9.0,4.0,2.0,19.0
1773.0,add,6.0741547712133395,1315.0,126.0,5.677068428548118,3.0,5.0,3.0,2.0,17.0
1774.0,delete,5.935805931688997,1316.0,147.0,5.862490777552558,3.0,5.0,1.0,3.0,19.0
1775.0,delete,5.267083505071234,1317.0,63.0,5.862309439030081,8.0,6.0,5.0,4.0,16.0
1776.0,delete,5.355530580877601,1318.0,176.0,5.7839867174888635,1.0,9.0,3.0,1.0,20.0
1777.0,delete,5.955309258394562,1319.0,162.0,5.786930355084732,1.0,7.0,2.0,4.0,18.0
1778.0,add,6.055545258143661,1320.0,178.0,5.905396464033599,1.0,8.0,3.0,2.0,20.0
1779.0,delete,5.896101901528074,1321.0,180.0,5.890576561834434,1.0,7.0,3.0,1.0,21.0
1780.0,delete,4.887087356328342,1321.0,180.0,5.890576561834434,1.0,7.0,3.0,1.0,20.0
1781.0,swap,6.077722535506891,1321.0,180.0,5.890576561834434,1.0,7.0,3.0,1.0,21.0
1782.0,add,5.228063364647645,1322.0,21.0,5.646991297231713,10.0,3.0,4.0,4.0,10.0
1783.0,add,6.18303505973177,1323.0,99.0,5.899493602586851,5.0,2.0,2.0,4.0,14.0
1784.0,add,5.6985303720507,1324.0,172.0,5.745565898444882,1.0,10.0,3.0,2.0,20.0
1785.0,delete,5.637644506466867,1325.0,148.0,5.854190026246757,3.0,4.0,1.0,3.0,19.0
1786.0,add,5.873832422760137,1326.0,127.0,5.676368861538759,3.0,5.0,3.0,3.0,17.0
1787.0,delete,6.245813502129436,1327.0,177.0,5.7931636599059555,1.0,9.0,3.0,1.0,19.0
1788.0,add,5.276232505144099,1328.0,64.0,5.866839140033966,8.0,6.0,5.0,5.0,16.0
1789.0,delete,6.7212218335239875,1329.0,163.0,5.785315202803636,1.0,7.0,2.0,3.0,18.0
1790.0,delete,5.896182327515326,1330.0,179.0,5.687872088799435,1.0,8.0,3.0,1.0,20.0
1791.0,delete,4.884271883677376,1331.0,181.0,4.887087356328342,1.0,7.0,3.0,1.0,20.0
1792.0,delete,4.887087356328342,1331.0,181.0,4.887087356328342,1.0,7.0,3.0,1.0,19.0
1793.0,swap,5.704605290752144,1331.0,181.0,4.887087356328342,1.0,8.0,3.0,1.0,19.0
1794.0,add,5.297646291295585,1332.0,22.0,5.652038094707403,10.0,4.0,4.0,4.0,10.0
1795.0,add,5.703691735832441,1333.0,100.0,5.900584379103902,5.0,2.0,2.0,4.0,15.0
1796.0,add,6.035811842306978,1334.0,178.0,5.6591824804928805,1.0,8.0,3.0,1.0,21.0
1797.0,add,5.774214977007864,1335.0,173.0,5.724040154284396,1.0,9.0,5.0,2.0,20.0
1798.0,add,6.0759018129659275,1336.0,149.0,5.855687865010408,3.0,5.0,1.0,3.0,19.0
1799.0,add,5.2985545529055615,1337.0,128.0,5.680717035193427,3.0,5.0,3.0,3.0,18.0
1800.0,delete,6.480247563100736,1338.0,164.0,5.749049535213475,1.0,7.0,2.0,3.0,17.0
1801.0,add,5.922829669184927,1339.0,65.0,5.8705560467531654,8.0,6.0,6.0,4.0,17.0
1802.0,delete,5.976446484584042,1340.0,180.0,5.090762971771551,1.0,7.0,3.0,1.0,20.0
1803.0,delete,4.887087356328342,1341.0,182.0,4.887087356328342,1.0,7.0,3.0,1.0,19.0
1804.0,add,5.179498953763768,1341.0,182.0,4.887087356328342,1.0,7.0,3.0,1.0,20.0
1805.0,delete,5.054391389930771,1341.0,182.0,4.887087356328342,1.0,7.0,3.0,1.0,18.0
1806.0,swap,5.533834446497751,1341.0,182.0,4.887087356328342,1.0,7.0,4.0,1.0,18.0
1807.0,add,5.302544576819491,1342.0,23.0,5.654729731192815,10.0,5.0,4.0,5.0,9.0
1808.0,add,5.882816230065168,1343.0,101.0,5.898702003670298,5.0,3.0,2.0,4.0,15.0
1809.0,delete,5.203483287403672,1344.0,174.0,5.674322139945169,1.0,9.0,4.0,2.0,20.0
1810.0,delete,5.904963460778477,1345.0,179.0,5.442684141890431,1.0,7.0,3.0,1.0,21.0
1811.0,delete,5.35671728268695,1346.0,129.0,5.684769105982212,3.0,5.0,2.0,3.0,18.0
1812.0,add,5.891541231326334,1347.0,150.0,5.8431692246205325,3.0,5.0,2.0,4.0,18.0
1813.0,delete,5.695346704000147,1348.0,66.0,5.868835884495578,8.0,6.0,5.0,4.0,17.0
1814.0,add,6.505031742813326,1349.0,165.0,5.6710458426859685,1.0,6.0,2.0,4.0,18.0
1815.0,delete,4.887087356328342,1350.0,181.0,5.108379900569796,1.0,7.0,3.0,1.0,19.0
1816.0,add,5.179498953763769,1351.0,183.0,5.179498953763768,1.0,7.0,3.0,1.0,20.0
1817.0,delete,5.179498953763768,1351.0,183.0,5.179498953763768,1.0,7.0,3.0,1.0,19.0
1818.0,swap,5.410800808111463,1351.0,183.0,5.179498953763768,1.0,7.0,2.0,1.0,21.0
1819.0,add,5.484279439078741,1352.0,24.0,5.656537284165755,10.0,5.0,4.0,4.0,11.0
1820.0,add,6.606507366724307,1353.0,102.0,5.891180716512709,5.0,3.0,3.0,4.0,15.0
1821.0,delete,5.738493356190576,1354.0,175.0,5.623183405676061,1.0,9.0,4.0,1.0,20.0
1822.0,delete,6.0566352876088265,1355.0,180.0,5.20393819924294,1.0,6.0,3.0,1.0,21.0
1823.0,delete,5.356776916876552,1356.0,130.0,5.690499919884311,3.0,5.0,3.0,3.0,16.0
1824.0,delete,6.9071256279502515,1357.0,166.0,5.6117444163708186,1.0,7.0,2.0,3.0,17.0
1825.0,delete,5.847924455453063,1358.0,67.0,5.871037795191761,8.0,6.0,5.0,4.0,16.0
1826.0,add,5.823739505494466,1359.0,151.0,5.837580764964584,3.0,5.0,1.0,5.0,19.0
1827.0,add,5.170320003606761,1360.0,182.0,5.237324417350693,1.0,7.0,4.0,1.0,19.0
1828.0,delete,5.153271628164785,1361.0,184.0,5.179498953763768,1.0,7.0,3.0,1.0,19.0
1829.0,delete,5.346630065439606,1361.0,184.0,5.179498953763768,1.0,7.0,3.0,1.0,18.0
1830.0,swap,5.058650602790704,1361.0,184.0,5.179498953763768,1.0,7.0,3.0,1.0,19.0
1831.0,delete,5.639638854756074,1362.0,176.0,5.566569305484887,1.0,9.0,3.0,1.0,20.0
1832.0,add,5.298095756284522,1363.0,25.0,5.659920868426445,10.0,5.0,4.0,5.0,11.0
1833.0,add,6.3334888412912855,1364.0,103.0,5.881462802190084,5.0,4.0,2.0,5.0,15.0
1834.0,delete,4.978811087248409,1365.0,181.0,5.148281374986014,1.0,7.0,3.0,1.0,19.0
1835.0,delete,5.356776916876552,1366.0,131.0,5.693759658010474,3.0,5.0,3.0,3.0,15.0
1836.0,delete,5.264160369006074,1367.0,183.0,5.184512812539715,1.0,6.0,3.0,1.0,20.0
1837.0,delete,6.301836250620239,1368.0,152.0,5.817383661356329,3.0,5.0,1.0,4.0,19.0
1838.0,add,5.512106145239666,1369.0,68.0,5.8697057695445425,8.0,6.0,5.0,4.0,17.0
1839.0,add,5.769608541380103,1370.0,167.0,5.524624026171441,1.0,7.0,2.0,2.0,19.0
1840.0,delete,5.506288704061721,1371.0,185.0,5.346630065439606,1.0,7.0,3.0,1.0,18.0
1841.0,delete,5.335411650596796,1371.0,185.0,5.346630065439606,1.0,6.0,3.0,1.0,18.0
1842.0,swap,5.176932567920861,1371.0,185.0,5.346630065439606,1.0,6.0,4.0,1.0,18.0
1843.0,delete,5.950869213382386,1372.0,177.0,5.518079997738001,1.0,9.0,3.0,1.0,19.0
1844.0,add,4.958981895896501,1373.0,182.0,5.24674693841584,1.0,7.0,3.0,1.0,20.0
1845.0,add,4.967920100345256,1374.0,26.0,5.661969060462929,10.0,5.0,5.0,6.0,10.0
1846.0,add,5.611870425919866,1375.0,104.0,5.868344263212841,5.0,5.0,2.0,4.0,16.0
1847.0,delete,4.830597194077837,1376.0,184.0,5.341315747004746,1.0,7.0,3.0,1.0,18.0
1848.0,add,5.773369436106393,1377.0,132.0,5.692687838838534,3.0,6.0,3.0,3.0,15.0
1849.0,delete,6.439000269479838,1378.0,153.0,5.792478601400863,2.0,5.0,1.0,4.0,19.0
1850.0,delete,5.335257489958658,1379.0,186.0,5.335411650596796,1.0,6.0,3.0,1.0,18.0
1851.0,delete,5.335411650596796,1379.0,186.0,5.335411650596796,1.0,6.0,3.0,1.0,17.0
1852.0,swap,5.434547313045761,1379.0,186.0,5.335411650596796,1.0,6.0,3.0,2.0,17.0
1853.0,add,5.539170717881434,1380.0,69.0,5.868339146616066,8.0,7.0,5.0,4.0,17.0
1854.0,add,5.234794083238059,1381.0,168.0,5.486500692051049,1.0,9.0,2.0,2.0,18.0
1855.0,delete,4.900262016542081,1382.0,183.0,5.246388182451947,1.0,7.0,2.0,1.0,20.0
1856.0,add,6.037926128702998,1383.0,178.0,5.409776392272671,1.0,8.0,3.0,1.0,21.0
1857.0,delete,5.882466440649389,1384.0,105.0,5.8581378563655235,5.0,4.0,2.0,4.0,16.0
1858.0,add,5.513716482739753,1385.0,27.0,5.666417992754742,10.0,5.0,5.0,5.0,12.0
1859.0,delete,5.445928633998013,1386.0,185.0,5.360157026049503,1.0,7.0,3.0,1.0,17.0
1860.0,delete,5.329879457662359,1387.0,187.0,5.335411650596796,1.0,6.0,3.0,1.0,17.0
1861.0,delete,5.334907661780183,1387.0,187.0,5.335411650596796,1.0,6.0,2.0,1.0,17.0
1862.0,swap,5.245196035033056,1387.0,187.0,5.335411650596796,1.0,6.0,2.0,1.0,18.0
1863.0,delete,5.3536456549454225,1388.0,70.0,5.868540662004353,8.0,6.0,4.0,5.0,17.0
1864.0,add,5.655774851727508,1389.0,133.0,5.687187867646711,3.0,5.0,3.0,3.0,17.0
1865.0,add,6.300229686845482,1390.0,154.0,5.744286921641869,1.0,5.0,2.0,4.0,20.0
1866.0,add,5.19803623536547,1391.0,169.0,5.4994731477545065,1.0,9.0,2.0,2.0,19.0
1867.0,delete,5.179498953763768,1392.0,184.0,5.304749035347638,1.0,7.0,3.0,1.0,18.0
1868.0,delete,6.022667105097978,1393.0,179.0,5.325495478105666,1.0,8.0,3.0,1.0,20.0
1869.0,delete,6.382511285382095,1394.0,106.0,5.847917089028762,5.0,3.0,1.0,4.0,17.0
1870.0,delete,5.193911630425167,1395.0,186.0,5.311348701268098,1.0,5.0,3.0,1.0,18.0
1871.0,add,4.597919476131565,1396.0,28.0,5.671179195133069,10.0,6.0,5.0,5.0,12.0
1872.0,delete,5.342556432284441,1397.0,188.0,5.334907661780183,1.0,6.0,2.0,1.0,17.0
1873.0,add,5.334907661780181,1397.0,188.0,5.334907661780183,1.0,6.0,2.0,2.0,17.0
1874.0,delete,5.334907661780183,1397.0,188.0,5.334907661780183,1.0,6.0,2.0,1.0,16.0
1875.0,swap,5.3128973125542815,1397.0,188.0,5.334907661780183,1.0,7.0,2.0,1.0,16.0
1876.0,delete,5.5113498540824075,1398.0,71.0,5.868314206749392,8.0,6.0,4.0,4.0,17.0
1877.0,add,4.660422035404545,1399.0,134.0,5.688820426898727,3.0,6.0,3.0,3.0,17.0
1878.0,add,5.793226923234309,1400.0,155.0,5.712947891574247,1.0,5.0,1.0,5.0,21.0
1879.0,add,5.1510048042191015,1401.0,170.0,5.510223039226484,1.0,8.0,3.0,2.0,20.0
1880.0,delete,6.057707673510273,1402.0,180.0,5.244819424558514,1.0,7.0,3.0,1.0,20.0
1881.0,delete,6.706943362120602,1403.0,107.0,5.8333348694572384,4.0,4.0,1.0,4.0,16.0
1882.0,delete,5.346630065439606,1404.0,185.0,5.331978507038144,1.0,7.0,3.0,1.0,17.0
1883.0,delete,4.961617840109047,1405.0,187.0,5.332035346035854,1.0,6.0,3.0,1.0,16.0
1884.0,add,4.730114823152714,1406.0,29.0,5.673915365396443,10.0,6.0,5.0,6.0,12.0
1885.0,add,5.334087144677929,1407.0,189.0,5.334907661780181,1.0,6.0,2.0,2.0,17.0
1886.0,add,5.511229600427502,1407.0,189.0,5.334907661780181,1.0,6.0,2.0,2.0,18.0
1887.0,delete,4.982773076261801,1407.0,189.0,5.334907661780181,1.0,6.0,2.0,2.0,16.0
1888.0,swap,4.836598363693563,1407.0,189.0,5.334907661780181,1.0,6.0,2.0,2.0,17.0
1889.0,delete,5.377051805384958,1408.0,72.0,5.867098621861435,7.0,6.0,4.0,4.0,17.0
1890.0,add,5.013536744333218,1409.0,135.0,5.700448293412056,3.0,6.0,3.0,3.0,18.0
1891.0,add,5.899456051219778,1410.0,156.0,5.687912936644795,1.0,6.0,1.0,4.0,22.0
1892.0,add,5.079793691446994,1411.0,171.0,5.516172563232922,1.0,9.0,3.0,2.0,20.0
1893.0,delete,6.269068729386143,1412.0,108.0,5.812398940365875,4.0,4.0,0.0,4.0,16.0
1894.0,delete,4.971743960471071,1413.0,181.0,5.200296183636019,1.0,6.0,3.0,1.0,20.0
1895.0,delete,4.736091583503485,1414.0,186.0,5.24220582350475,1.0,5.0,3.0,1.0,18.0
1896.0,add,5.305143666055735,1415.0,188.0,5.199919169368195,1.0,6.0,2.0,1.0,18.0
1897.0,add,5.5960981105315835,1416.0,30.0,5.675064186818657,10.0,6.0,5.0,6.0,13.0
1898.0,delete,5.2154419496176265,1417.0,187.0,5.235602401945895,1.0,6.0,3.0,1.0,16.0
1899.0,delete,5.76533888711116,1418.0,73.0,5.8665187503423395,7.0,6.0,4.0,4.0,16.0
1900.0,delete,5.6149408027670225,1419.0,136.0,5.702872615326471,3.0,6.0,3.0,2.0,18.0
1901.0,add,5.509285007956749,1420.0,190.0,5.511229600427502,1.0,6.0,2.0,2.0,18.0
1902.0,add,5.571811588008128,1420.0,190.0,5.511229600427502,1.0,6.0,2.0,2.0,19.0
1903.0,delete,5.511229600427502,1420.0,190.0,5.511229600427502,1.0,6.0,2.0,2.0,17.0
1904.0,swap,4.723535259589266,1420.0,190.0,5.511229600427502,1.0,7.0,2.0,2.0,17.0
1905.0,delete,6.7735089381246825,1421.0,109.0,5.791219569228684,3.0,4.0,0.0,3.0,17.0
1906.0,add,5.466155211893134,1422.0,157.0,5.665594437868504,1.0,7.0,2.0,4.0,21.0
1907.0,add,5.487013875455723,1423.0,172.0,5.504437125460343,1.0,9.0,4.0,2.0,20.0
1908.0,add,4.944283146516595,1424.0,182.0,5.228197244096031,1.0,7.0,3.0,1.0,20.0
1909.0,add,5.335429981124547,1425.0,189.0,5.365418211281829,1.0,6.0,2.0,3.0,17.0
1910.0,add,6.136569366018457,1426.0,31.0,5.676579782524652,10.0,6.0,7.0,6.0,12.0
1911.0,delete,5.352900223005937,1427.0,74.0,5.8645450443989615,7.0,6.0,4.0,4.0,15.0
1912.0,delete,5.320457192254808,1428.0,137.0,5.696795910070775,3.0,6.0,3.0,2.0,17.0
1913.0,add,5.309005128491714,1429.0,188.0,5.2687300863639,1.0,6.0,2.0,1.0,18.0
1914.0,add,5.549942467376156,1430.0,191.0,5.571811588008128,1.0,6.0,2.0,2.0,19.0
1915.0,add,5.389908807878148,1430.0,191.0,5.571811588008128,1.0,6.0,2.0,2.0,20.0
1916.0,delete,5.20392196840987,1430.0,191.0,5.571811588008128,1.0,6.0,2.0,2.0,18.0
1917.0,swap,4.004425798142583,1430.0,191.0,5.571811588008128,1.0,5.0,2.0,3.0,19.0
1918.0,delete,6.808226956022024,1431.0,110.0,5.769846437456338,4.0,4.0,0.0,3.0,15.0
1919.0,add,5.4911022403791065,1432.0,158.0,5.650594401754669,1.0,8.0,1.0,4.0,22.0
1920.0,add,5.806248361579977,1433.0,173.0,5.4616016514307315,1.0,10.0,4.0,2.0,20.0
1921.0,delete,5.924446000340798,1434.0,183.0,5.22022906057662,1.0,7.0,3.0,1.0,19.0
1922.0,delete,5.58716168796982,1435.0,138.0,5.686601399439526,3.0,6.0,3.0,2.0,16.0
1923.0,add,5.907061302162743,1436.0,32.0,5.67494525894571,10.0,6.0,6.0,6.0,14.0
1924.0,add,5.606900532629554,1437.0,75.0,5.863391943775432,7.0,6.0,4.0,4.0,16.0
1925.0,add,6.074296299570146,1438.0,190.0,5.144002125962976,1.0,6.0,2.0,2.0,19.0
1926.0,add,5.334907661780179,1439.0,189.0,5.3077287617191455,1.0,6.0,2.0,3.0,17.0
1927.0,delete,5.965701294631091,1440.0,159.0,5.659466817151282,1.0,7.0,2.0,4.0,21.0
1928.0,delete,5.058650602790704,1441.0,184.0,5.259050793212845,1.0,7.0,3.0,1.0,18.0
1929.0,delete,6.808226956022024,1442.0,111.0,5.756509989688823,4.0,4.0,0.0,3.0,14.0
1930.0,delete,5.732847132410452,1443.0,174.0,5.451513687705251,1.0,9.0,3.0,2.0,21.0
1931.0,add,5.401567644050373,1444.0,192.0,5.389908807878148,1.0,6.0,2.0,2.0,20.0
1932.0,delete,5.389908807878148,1444.0,192.0,5.389908807878148,1.0,6.0,2.0,2.0,19.0
1933.0,swap,6.321662546308925,1444.0,192.0,5.389908807878148,1.0,6.0,2.0,3.0,19.0
1934.0,add,5.571364786232094,1445.0,191.0,5.625761951528898,1.0,6.0,2.0,3.0,19.0
1935.0,add,6.116974883344208,1446.0,139.0,5.678549966773741,3.0,6.0,2.0,2.0,18.0
1936.0,add,5.519352895830282,1447.0,33.0,5.677477632565118,10.0,7.0,6.0,6.0,14.0
1937.0,add,5.725453069353815,1448.0,76.0,5.865317613003263,7.0,7.0,4.0,3.0,17.0
1938.0,delete,5.383160542274448,1449.0,193.0,5.389908807878148,1.0,6.0,2.0,2.0,19.0
1939.0,add,5.350842954069316,1449.0,193.0,5.389908807878148,1.0,6.0,2.0,2.0,20.0
1940.0,delete,5.350578617202506,1449.0,193.0,5.389908807878148,1.0,6.0,2.0,2.0,18.0
1941.0,swap,5.192770844477102,1449.0,193.0,5.389908807878148,1.0,6.0,2.0,3.0,18.0
1942.0,add,6.687806504765944,1450.0,112.0,5.738567236821228,4.0,4.0,1.0,2.0,15.0
1943.0,delete,5.955309258394562,1451.0,160.0,5.647625649749034,1.0,7.0,2.0,4.0,20.0
1944.0,delete,5.924522655660267,1452.0,175.0,5.444774129151767,1.0,9.0,4.0,1.0,20.0
1945.0,delete,5.346630065439606,1453.0,185.0,5.310116433155478,1.0,7.0,3.0,1.0,17.0
1946.0,add,5.862810389488661,1454.0,190.0,5.411154547991281,1.0,6.0,2.0,2.0,19.0
1947.0,delete,5.354529409842935,1455.0,192.0,5.333452353180304,1.0,6.0,2.0,2.0,19.0
1948.0,add,6.105853715025694,1456.0,140.0,5.671229967219873,3.0,6.0,2.0,3.0,18.0
1949.0,add,4.96497208957371,1457.0,34.0,5.681980103488916,10.0,8.0,6.0,7.0,13.0
1950.0,add,5.82490113354884,1458.0,77.0,5.864565717110029,7.0,7.0,4.0,4.0,17.0
1951.0,delete,5.97015475935621,1459.0,161.0,5.63329597482875,1.0,7.0,2.0,4.0,19.0
1952.0,delete,5.4337463442960905,1460.0,186.0,5.316524483046741,1.0,6.0,3.0,1.0,17.0
1953.0,delete,5.8430313976840305,1461.0,176.0,5.426688968525433,1.0,8.0,3.0,1.0,21.0
1954.0,add,5.265217183520973,1462.0,194.0,5.350842954069316,1.0,6.0,2.0,2.0,20.0
1955.0,add,5.245634765605241,1462.0,194.0,5.350842954069316,1.0,6.0,2.0,2.0,21.0
1956.0,delete,5.372345877440891,1462.0,194.0,5.350842954069316,0.0,6.0,2.0,2.0,20.0
1957.0,swap,5.315823909335001,1462.0,194.0,5.350842954069316,1.0,6.0,3.0,2.0,19.0
1958.0,add,6.432424836051776,1463.0,113.0,5.723747234752086,4.0,4.0,1.0,2.0,16.0
1959.0,add,5.550487770543229,1464.0,191.0,5.421808335436864,1.0,6.0,3.0,2.0,19.0
1960.0,delete,6.017903249142958,1465.0,162.0,5.608420006557595,1.0,7.0,2.0,4.0,18.0
1961.0,delete,5.824672789490919,1466.0,78.0,5.862884152062983,7.0,7.0,4.0,3.0,17.0
1962.0,add,5.214615543735081,1467.0,35.0,5.686818020750813,10.0,10.0,6.0,6.0,13.0
1963.0,add,5.388768295679741,1468.0,141.0,5.669714960168596,3.0,6.0,2.0,3.0,19.0
1964.0,delete,5.361297890487362,1469.0,187.0,5.339832666360189,1.0,5.0,3.0,1.0,17.0
1965.0,delete,5.824194579009177,1470.0,177.0,5.410203489713806,1.0,9.0,3.0,1.0,19.0
1966.0,add,5.133632346810283,1471.0,193.0,5.309972937994284,1.0,6.0,3.0,2.0,19.0
1967.0,delete,5.571811588008128,1472.0,192.0,5.304949568950622,1.0,6.0,2.0,2.0,19.0
1968.0,add,6.235729478714107,1473.0,114.0,5.711788398699184,4.0,5.0,2.0,2.0,15.0
1969.0,add,5.247274807430616,1474.0,195.0,5.245634765605241,1.0,6.0,2.0,2.0,21.0
1970.0,add,5.246982198800256,1474.0,195.0,5.245634765605241,1.0,6.0,2.0,2.0,22.0
1971.0,delete,5.272499884475449,1474.0,195.0,5.245634765605241,1.0,6.0,2.0,2.0,20.0
1972.0,swap,5.3508163153297605,1474.0,195.0,5.245634765605241,1.0,6.0,2.0,3.0,20.0
1973.0,delete,5.630575503686119,1475.0,79.0,5.859558757691226,7.0,6.0,3.0,3.0,18.0
1974.0,delete,5.5468168144844,1476.0,163.0,5.591765280450804,1.0,6.0,2.0,3.0,19.0
1975.0,add,5.334145853633557,1477.0,36.0,5.688155986663661,10.0,9.0,7.0,7.0,13.0
1976.0,add,5.139495877357084,1478.0,142.0,5.663704621844504,3.0,6.0,2.0,3.0,20.0
1977.0,add,5.911189011287389,1479.0,188.0,5.348055442840411,1.0,6.0,2.0,1.0,18.0
1978.0,add,6.063736817168105,1480.0,178.0,5.37848230114022,1.0,8.0,3.0,1.0,21.0
1979.0,add,5.350742324522798,1481.0,194.0,5.272641594328265,1.0,6.0,2.0,3.0,20.0
1980.0,add,5.404848266014564,1482.0,193.0,5.28652841521278,1.0,6.0,2.0,2.0,20.0
1981.0,add,5.459203990149148,1483.0,115.0,5.70037935373342,4.0,5.0,1.0,2.0,17.0
1982.0,add,5.246704756037384,1484.0,196.0,5.246982198800256,1.0,6.0,2.0,2.0,22.0
1983.0,delete,5.245136414308229,1484.0,196.0,5.246982198800256,1.0,6.0,1.0,2.0,22.0
1984.0,swap,5.318401778662269,1484.0,196.0,5.246982198800256,1.0,7.0,2.0,2.0,21.0
1985.0,delete,5.584042958558512,1485.0,80.0,5.858342421914542,6.0,7.0,3.0,3.0,17.0
1986.0,delete,6.456420159786913,1486.0,164.0,5.568222330509839,1.0,7.0,2.0,3.0,17.0
1987.0,add,5.269639432733673,1487.0,195.0,5.264306286952035,1.0,7.0,2.0,2.0,21.0
1988.0,add,5.6300756081328265,1488.0,37.0,5.688761165825352,10.0,9.0,7.0,6.0,15.0
1989.0,add,5.127795323797813,1489.0,143.0,5.667472182414999,3.0,6.0,2.0,3.0,21.0
1990.0,delete,5.864407330406126,1490.0,179.0,5.339023285932626,1.0,8.0,2.0,1.0,21.0
1991.0,add,5.298096289593702,1491.0,189.0,5.366849235951129,1.0,7.0,2.0,2.0,17.0
1992.0,delete,5.283794343124358,1492.0,197.0,5.245136414308229,1.0,6.0,1.0,2.0,22.0
1993.0,delete,5.245136414308229,1492.0,197.0,5.245136414308229,1.0,6.0,1.0,2.0,21.0
1994.0,swap,5.115522404356685,1492.0,197.0,5.245136414308229,1.0,5.0,2.0,2.0,22.0
1995.0,add,6.349334904836221,1493.0,116.0,5.685305677321735,4.0,5.0,1.0,4.0,16.0
1996.0,add,5.344641478088793,1494.0,194.0,5.26448352613038,1.0,6.0,3.0,2.0,20.0
1997.0,delete,5.025728852107798,1495.0,81.0,5.855082696963087,6.0,7.0,3.0,3.0,16.0
1998.0,add,6.304572682136445,1496.0,165.0,5.525293033514176,1.0,6.0,2.0,3.0,19.0
1999.0,delete,4.702503689307564,1497.0,196.0,5.222397394024375,1.0,6.0,2.0,2.0,21.0
2000.0,delete,5.813441284815869,1498.0,144.0,5.674948285515504,3.0,5.0,2.0,3.0,21.0
2001.0,add,5.44711825952153,1499.0,38.0,5.690658040813052,10.0,9.0,7.0,6.0,16.0
2002.0,delete,5.89021724965195,1500.0,180.0,5.292959371486724,1.0,7.0,2.0,1.0,21.0
2003.0,delete,5.136549196902988,1501.0,198.0,5.245136414308229,1.0,6.0,1.0,2.0,21.0
2004.0,delete,5.130219770922483,1501.0,198.0,5.245136414308229,1.0,6.0,1.0,2.0,20.0
2005.0,swap,5.171999262420674,1501.0,198.0,5.245136414308229,1.0,6.0,1.0,2.0,21.0
2006.0,add,5.510864403718158,1502.0,190.0,5.329557796346831,1.0,6.0,3.0,2.0,18.0
2007.0,add,6.317798242427426,1503.0,117.0,5.673321247511008,4.0,5.0,2.0,4.0,16.0
2008.0,add,5.248051529915997,1504.0,195.0,5.1760491384903995,1.0,6.0,2.0,3.0,21.0
2009.0,delete,6.1412507604871225,1505.0,82.0,5.85059880911782,6.0,6.0,3.0,2.0,17.0
2010.0,delete,6.171658810764202,1506.0,166.0,5.486903375383869,1.0,7.0,2.0,3.0,17.0
2011.0,delete,5.171999262420674,1507.0,197.0,5.170976161138594,1.0,6.0,1.0,2.0,21.0
2012.0,delete,5.0022299586139,1508.0,145.0,5.684171622411485,3.0,6.0,2.0,3.0,19.0
2013.0,delete,5.001563408201504,1509.0,181.0,5.271419464132213,1.0,7.0,3.0,1.0,19.0
2014.0,add,5.2493706509320335,1510.0,39.0,5.693584750897184,10.0,9.0,7.0,6.0,17.0
2015.0,delete,5.130219770922484,1511.0,199.0,5.130219770922483,1.0,6.0,1.0,2.0,20.0
2016.0,delete,5.132007966706088,1511.0,199.0,5.130219770922483,1.0,5.0,1.0,2.0,20.0
2017.0,swap,5.574722593916681,1511.0,199.0,5.130219770922483,1.0,5.0,1.0,2.0,21.0
2018.0,add,5.5635435738458705,1512.0,191.0,5.312541556577661,1.0,7.0,2.0,2.0,19.0
2019.0,delete,6.350045549037629,1513.0,118.0,5.659435294356675,4.0,5.0,1.0,4.0,16.0
2020.0,delete,5.289704909636259,1514.0,196.0,5.169984257468095,1.0,6.0,2.0,2.0,21.0
2021.0,delete,6.813999033901878,1515.0,83.0,5.844522240033061,5.0,6.0,2.0,3.0,17.0
2022.0,delete,5.115863464670618,1516.0,198.0,5.241792525616933,1.0,5.0,1.0,2.0,21.0
2023.0,add,6.393974285961391,1517.0,167.0,5.438187192725088,1.0,7.0,2.0,2.0,19.0
2024.0,delete,3.56930529433002,1518.0,146.0,5.690794881858287,3.0,6.0,0.0,3.0,20.0
2025.0,delete,5.132049007713697,1519.0,200.0,5.132007966706088,1.0,5.0,1.0,2.0,20.0
2026.0,delete,5.87319384695421,1519.0,200.0,5.132007966706088,1.0,5.0,1.0,2.0,19.0
2027.0,swap,5.280705900424614,1519.0,200.0,5.132007966706088,1.0,5.0,2.0,2.0,19.0
2028.0,add,5.185040958727909,1520.0,40.0,5.695492056642585,10.0,9.0,7.0,6.0,18.0
2029.0,add,4.886997966441141,1521.0,182.0,5.294007244453303,1.0,7.0,3.0,1.0,20.0
2030.0,delete,5.389908807878148,1522.0,192.0,5.273954695937327,1.0,6.0,2.0,2.0,19.0
2031.0,delete,5.9203548480191355,1523.0,119.0,5.646024605617044,4.0,4.0,1.0,4.0,16.0
2032.0,delete,5.247787318689213,1524.0,197.0,5.25788887152362,1.0,6.0,1.0,2.0,21.0
2033.0,delete,5.851827576422599,1525.0,84.0,5.838715107039937,6.0,4.0,2.0,3.0,17.0
2034.0,delete,4.980537372144831,1526.0,199.0,5.354489180449653,1.0,6.0,1.0,2.0,19.0
2035.0,delete,5.873193846954211,1527.0,201.0,5.87319384695421,1.0,5.0,1.0,2.0,19.0
2036.0,delete,5.87319384695421,1527.0,201.0,5.87319384695421,1.0,5.0,1.0,2.0,18.0
2037.0,swap,5.267284665510586,1527.0,201.0,5.87319384695421,1.0,5.0,1.0,2.0,19.0
2038.0,delete,5.813422965495663,1528.0,147.0,5.689233120004729,3.0,5.0,1.0,3.0,19.0
2039.0,delete,4.577037053618707,1529.0,41.0,5.696915617300015,10.0,9.0,8.0,6.0,16.0
2040.0,add,5.148932344877946,1530.0,168.0,5.421423272711752,1.0,8.0,2.0,2.0,19.0
2041.0,delete,5.034710354056238,1531.0,183.0,5.311204572303998,1.0,6.0,3.0,1.0,20.0
2042.0,add,5.3522617248883915,1532.0,193.0,5.280959617386227,1.0,6.0,2.0,2.0,20.0
2043.0,delete,5.0811970598385505,1533.0,198.0,5.363599337816225,1.0,6.0,0.0,2.0,21.0
2044.0,add,5.961824294998672,1534.0,120.0,5.637824168771464,4.0,5.0,1.0,4.0,16.0
2045.0,delete,4.806100963916081,1535.0,85.0,5.836979293673226,5.0,5.0,1.0,3.0,17.0
2046.0,delete,5.27916159920054,1536.0,200.0,5.721716551593305,1.0,5.0,1.0,2.0,19.0
2047.0,delete,5.86553970978459,1537.0,202.0,5.87319384695421,1.0,5.0,1.0,2.0,18.0
2048.0,add,5.859716827062999,1537.0,202.0,5.87319384695421,1.0,5.0,2.0,2.0,18.0
2049.0,delete,5.750016133165547,1537.0,202.0,5.87319384695421,1.0,4.0,1.0,2.0,18.0
2050.0,swap,5.872680167598961,1537.0,202.0,5.87319384695421,1.0,5.0,1.0,3.0,17.0
2051.0,delete,4.230036968651565,1538.0,42.0,5.702673627565673,9.0,9.0,8.0,6.0,16.0
2052.0,delete,5.345988195048578,1539.0,148.0,5.6789224857282345,3.0,5.0,1.0,3.0,18.0
2053.0,add,5.0464692762400265,1540.0,169.0,5.432608697730474,1.0,8.0,2.0,2.0,20.0
2054.0,delete,5.180158363346861,1541.0,184.0,5.332814849243308,1.0,6.0,3.0,1.0,19.0
2055.0,add,5.350824161812803,1542.0,194.0,5.328795539423667,1.0,6.0,2.0,3.0,20.0
2056.0,delete,5.130173786087681,1543.0,199.0,5.541483145398083,1.0,6.0,1.0,1.0,20.0
2057.0,delete,5.514727237592267,1544.0,86.0,5.837224827614238,6.0,5.0,1.0,3.0,15.0
2058.0,add,5.745739764045872,1545.0,121.0,5.632117980047398,4.0,5.0,3.0,4.0,15.0
2059.0,delete,4.696200469538978,1546.0,201.0,5.844229336913262,1.0,5.0,1.0,2.0,18.0
2060.0,delete,5.346630065439606,1547.0,185.0,5.333570191175807,1.0,7.0,3.0,1.0,17.0
2061.0,add,5.9714642850307,1548.0,149.0,5.669560927344933,3.0,5.0,2.0,3.0,18.0
2062.0,add,5.859710647387603,1549.0,203.0,5.859716827062999,1.0,5.0,2.0,2.0,18.0
2063.0,add,5.378135794633216,1549.0,203.0,5.859716827062999,1.0,5.0,2.0,2.0,19.0
2064.0,delete,5.743346046226254,1549.0,203.0,5.859716827062999,1.0,5.0,2.0,2.0,17.0
2065.0,swap,5.182802057391722,1549.0,203.0,5.859716827062999,1.0,4.0,3.0,2.0,18.0
2066.0,delete,4.684696772429263,1550.0,43.0,5.708688246843892,7.0,9.0,8.0,6.0,17.0
2067.0,add,4.566429857752664,1551.0,170.0,5.435480718572393,1.0,8.0,3.0,2.0,20.0
2068.0,add,5.148497442067183,1552.0,195.0,5.333379109316303,1.0,6.0,3.0,2.0,21.0
2069.0,delete,5.964828442685552,1553.0,87.0,5.835514008391798,6.0,4.0,1.0,3.0,15.0
2070.0,delete,5.4373863497871,1554.0,200.0,5.59815540416883,1.0,5.0,1.0,2.0,19.0
2071.0,add,5.942993314299638,1555.0,122.0,5.623518487929017,4.0,5.0,2.0,4.0,17.0
2072.0,delete,5.420979061755666,1556.0,186.0,5.338525809989675,1.0,6.0,3.0,1.0,17.0
2073.0,add,5.843242811574224,1557.0,202.0,5.604742274540358,1.0,5.0,1.0,2.0,19.0
2074.0,add,5.824917260774567,1558.0,150.0,5.658379467471621,3.0,5.0,2.0,4.0,18.0
2075.0,delete,3.770509154937294,1559.0,44.0,5.721570934758447,8.0,9.0,7.0,6.0,16.0
2076.0,delete,6.677535177775066,1560.0,201.0,5.629507682847119,1.0,5.0,1.0,2.0,18.0
2077.0,add,5.157953281931087,1561.0,171.0,5.450738827932208,1.0,9.0,3.0,2.0,20.0
2078.0,add,5.285154121997877,1562.0,204.0,5.378135794633216,1.0,5.0,2.0,2.0,19.0
2079.0,add,5.3669880230049145,1562.0,204.0,5.378135794633216,1.0,5.0,2.0,2.0,20.0
2080.0,delete,5.465748121092008,1562.0,204.0,5.378135794633216,1.0,5.0,2.0,2.0,18.0
2081.0,swap,5.2711392194618405,1562.0,204.0,5.378135794633216,1.0,5.0,2.0,2.0,19.0
2082.0,delete,5.5147272375922665,1563.0,88.0,5.835815890392602,6.0,5.0,1.0,2.0,14.0
2083.0,delete,6.396958199972003,1564.0,123.0,5.616495805452022,4.0,5.0,2.0,4.0,16.0
2084.0,delete,5.443767580898701,1565.0,187.0,5.3643647391405445,1.0,5.0,3.0,1.0,17.0
2085.0,delete,5.246982198800256,1566.0,196.0,5.390712180289739,1.0,6.0,2.0,2.0,21.0
2086.0,add,5.235558101190277,1567.0,203.0,5.3534330560379715,1.0,5.0,2.0,2.0,19.0
2087.0,delete,4.722680697435077,1568.0,45.0,5.733888759597937,7.0,9.0,7.0,6.0,16.0
2088.0,add,5.819165265389222,1569.0,151.0,5.648708175211883,3.0,5.0,1.0,5.0,19.0
2089.0,add,5.866583243548495,1570.0,202.0,5.4992310700929945,1.0,5.0,1.0,2.0,19.0
2090.0,add,5.789935062019734,1571.0,172.0,5.45472729212755,1.0,10.0,3.0,2.0,20.0
2091.0,add,5.425635382534519,1572.0,205.0,5.3669880230049145,1.0,5.0,2.0,2.0,20.0
2092.0,add,5.37097628271215,1572.0,205.0,5.3669880230049145,1.0,5.0,2.0,3.0,20.0
2093.0,delete,5.288953395839467,1572.0,205.0,5.3669880230049145,1.0,5.0,1.0,2.0,20.0
2094.0,swap,5.192209502136151,1572.0,205.0,5.3669880230049145,1.0,5.0,3.0,2.0,19.0
2095.0,delete,5.422769231325617,1573.0,89.0,5.836018967519313,6.0,3.0,1.0,3.0,14.0
2096.0,delete,5.974101785589041,1574.0,124.0,5.608588957889044,4.0,5.0,3.0,2.0,16.0
2097.0,add,5.3817943165985,1575.0,188.0,5.371847791671411,1.0,6.0,2.0,1.0,18.0
2098.0,delete,5.423257073580363,1576.0,197.0,5.422915560454933,1.0,6.0,1.0,2.0,21.0
2099.0,delete,5.844993885895502,1577.0,152.0,5.641028638240627,3.0,4.0,1.0,4.0,20.0
2100.0,add,4.988325296090026,1578.0,46.0,5.745463880683203,8.0,9.0,6.0,6.0,17.0
2101.0,add,5.391011195067136,1579.0,204.0,5.32895251724544,1.0,5.0,3.0,2.0,19.0
2102.0,add,5.820781774140987,1580.0,203.0,5.333773558151779,1.0,5.0,2.0,2.0,19.0
2103.0,add,6.01966205101602,1581.0,173.0,5.4435861633898615,1.0,9.0,5.0,2.0,20.0
2104.0,delete,5.247867890978505,1582.0,198.0,5.461558334707013,1.0,6.0,1.0,2.0,20.0
2105.0,delete,6.320322767316503,1583.0,90.0,5.836689893099979,5.0,4.0,1.0,3.0,13.0
2106.0,add,5.370842908911128,1584.0,206.0,5.37097628271215,1.0,5.0,2.0,3.0,20.0
2107.0,add,5.312348312181369,1584.0,206.0,5.37097628271215,1.0,5.0,3.0,3.0,20.0
2108.0,delete,5.336237894380754,1584.0,206.0,5.37097628271215,1.0,5.0,2.0,3.0,19.0
2109.0,swap,5.134012722370419,1584.0,206.0,5.37097628271215,1.0,5.0,3.0,3.0,19.0
2110.0,delete,6.57753916936636,1585.0,125.0,5.601561519863561,2.0,5.0,3.0,3.0,16.0
2111.0,delete,6.757307339674537,1586.0,153.0,5.626963894985257,2.0,4.0,1.0,4.0,20.0
2112.0,delete,5.390965641169377,1587.0,47.0,5.752437798638351,7.0,9.0,6.0,6.0,17.0
2113.0,add,5.346237564882689,1588.0,189.0,5.378166315241224,1.0,6.0,2.0,2.0,18.0
2114.0,add,5.274469610305242,1589.0,205.0,5.304883624111165,1.0,6.0,2.0,2.0,20.0
2115.0,delete,5.738493356190576,1590.0,174.0,5.428966034301486,1.0,9.0,4.0,2.0,20.0
2116.0,delete,4.984828831269746,1591.0,199.0,5.471704201062863,1.0,5.0,1.0,2.0,20.0
2117.0,delete,6.645974452893103,1592.0,91.0,5.830003380306668,4.0,4.0,1.0,3.0,13.0
2118.0,add,5.859716827062999,1593.0,204.0,5.314880475403932,1.0,5.0,2.0,2.0,20.0
2119.0,add,5.31234831218137,1594.0,207.0,5.312348312181369,1.0,5.0,3.0,3.0,20.0
2120.0,delete,5.323189065148949,1594.0,207.0,5.312348312181369,1.0,5.0,3.0,3.0,19.0
2121.0,swap,5.767405952048669,1594.0,207.0,5.312348312181369,1.0,5.0,3.0,4.0,19.0
2122.0,add,5.865737651555582,1595.0,126.0,5.594917108245764,3.0,5.0,3.0,2.0,17.0
2123.0,add,5.5107999491738235,1596.0,190.0,5.384797800656507,1.0,6.0,2.0,3.0,18.0
2124.0,delete,5.202923773556856,1597.0,48.0,5.754475427177094,8.0,8.0,5.0,6.0,17.0
2125.0,add,6.540903719794484,1598.0,154.0,5.602078228580894,1.0,5.0,1.0,4.0,21.0
2126.0,add,5.318006348271984,1599.0,206.0,5.428822910390089,1.0,5.0,3.0,3.0,20.0
2127.0,delete,5.481975258429376,1600.0,175.0,5.422347831946824,1.0,9.0,4.0,1.0,20.0
2128.0,delete,4.9827459782361165,1601.0,200.0,5.521068110592018,1.0,5.0,1.0,2.0,19.0
2129.0,delete,6.3367165880193905,1602.0,92.0,5.823725394259477,5.0,3.0,1.0,3.0,12.0
2130.0,delete,5.323185485519462,1603.0,208.0,5.323189065148949,1.0,5.0,3.0,3.0,19.0
2131.0,delete,5.338703421816288,1603.0,208.0,5.323189065148949,1.0,5.0,3.0,3.0,18.0
2132.0,swap,4.975264688647065,1603.0,208.0,5.323189065148949,1.0,5.0,3.0,3.0,19.0
2133.0,add,5.873832422760137,1604.0,127.0,5.590066357499192,3.0,5.0,3.0,3.0,17.0
2134.0,add,5.3381699476567235,1605.0,205.0,5.3197685388072955,1.0,6.0,2.0,2.0,20.0
2135.0,delete,5.179776948837386,1606.0,207.0,5.240085665282941,1.0,5.0,2.0,3.0,20.0
2136.0,delete,5.832420516749923,1607.0,49.0,5.755175464406441,8.0,7.0,5.0,6.0,17.0
2137.0,add,5.511046073804718,1608.0,191.0,5.371834858541519,1.0,6.0,2.0,2.0,20.0
2138.0,add,5.276811423363806,1609.0,155.0,5.580348027503837,1.0,5.0,1.0,4.0,22.0
2139.0,delete,6.24465681687831,1610.0,176.0,5.403620818103835,1.0,9.0,3.0,1.0,20.0
2140.0,delete,5.95657984244205,1611.0,201.0,5.4806804230040775,0.0,5.0,1.0,2.0,19.0
2141.0,delete,5.326479095191955,1612.0,209.0,5.338703421816288,1.0,5.0,3.0,3.0,18.0
2142.0,delete,6.269685986210159,1612.0,209.0,5.338703421816288,1.0,5.0,3.0,3.0,17.0
2143.0,swap,4.628677970248244,1612.0,209.0,5.338703421816288,1.0,5.0,3.0,4.0,17.0
2144.0,add,6.254946555446674,1613.0,93.0,5.813915511572996,5.0,2.0,1.0,3.0,14.0
2145.0,add,5.535923693911178,1614.0,206.0,5.3395892988585745,1.0,5.0,3.0,3.0,20.0
2146.0,add,5.319901387110897,1615.0,128.0,5.588358133444188,3.0,5.0,4.0,3.0,17.0
2147.0,delete,4.7893359044224315,1616.0,208.0,5.390886618366662,1.0,5.0,3.0,3.0,18.0
2148.0,delete,5.663720753574616,1617.0,50.0,5.753919132449655,7.0,7.0,5.0,6.0,17.0
2149.0,delete,5.276731801994884,1618.0,192.0,5.359169636615706,1.0,5.0,2.0,2.0,20.0
2150.0,delete,5.832717729930798,1619.0,177.0,5.39496687726747,1.0,8.0,3.0,1.0,20.0
2151.0,add,5.983541395153138,1620.0,156.0,5.571387119322911,1.0,6.0,1.0,4.0,22.0
2152.0,delete,6.2696859862101615,1621.0,210.0,6.269685986210159,1.0,5.0,3.0,3.0,17.0
2153.0,delete,6.0840964067781655,1621.0,210.0,6.269685986210159,1.0,5.0,3.0,3.0,16.0
2154.0,swap,6.621609092834209,1621.0,210.0,6.269685986210159,1.0,5.0,3.0,4.0,16.0
2155.0,add,6.345495486922599,1622.0,94.0,5.807895276672955,5.0,2.0,1.0,3.0,15.0
2156.0,add,5.870460800761447,1623.0,202.0,5.4765089055645895,1.0,5.0,1.0,3.0,18.0
2157.0,delete,5.113920801048792,1624.0,207.0,5.510807504322039,1.0,5.0,3.0,3.0,19.0
2158.0,add,5.808421654950915,1625.0,1.0,5.6378073252680325,10.0,0.0,0.0,0.0,1.0
2159.0,delete,5.356776916876552,1626.0,129.0,5.594318645230844,3.0,5.0,3.0,3.0,17.0
2160.0,delete,5.338703421816291,1627.0,209.0,6.3112693680081735,1.0,5.0,3.0,2.0,18.0
2161.0,delete,6.088673500365457,1628.0,211.0,6.0840964067781655,1.0,5.0,3.0,3.0,16.0
2162.0,add,6.047838339583454,1628.0,211.0,6.0840964067781655,1.0,5.0,3.0,3.0,17.0
2163.0,delete,6.0431429689237035,1628.0,211.0,6.0840964067781655,1.0,5.0,3.0,3.0,15.0
2164.0,swap,5.288385974987237,1628.0,211.0,6.0840964067781655,1.0,5.0,4.0,3.0,15.0
2165.0,add,5.833172253654043,1629.0,51.0,5.754307471370931,8.0,7.0,5.0,6.0,17.0
2166.0,add,5.531660063007872,1630.0,157.0,5.575235841449508,1.0,7.0,1.0,4.0,22.0
2167.0,add,5.974076217005448,1631.0,178.0,5.400441977143014,1.0,8.0,3.0,1.0,21.0
2168.0,add,5.818835361537864,1632.0,193.0,5.407325253433806,1.0,6.0,2.0,2.0,20.0
2169.0,add,6.263660721871859,1633.0,95.0,5.800914618414556,5.0,2.0,1.0,3.0,16.0
2170.0,add,5.180772865431263,1634.0,203.0,5.46590557321175,1.0,5.0,2.0,2.0,19.0
2171.0,delete,5.356776916876552,1635.0,130.0,5.599431268676187,3.0,5.0,3.0,3.0,16.0
2172.0,add,5.822265175099941,1636.0,2.0,5.637486805733599,10.0,1.0,0.0,1.0,0.0
2173.0,delete,5.19211721637671,1637.0,208.0,5.702693697645212,1.0,4.0,3.0,3.0,19.0
2174.0,delete,6.6212335078316675,1638.0,210.0,5.910427438127603,1.0,5.0,3.0,3.0,16.0
2175.0,add,6.053585755367124,1639.0,212.0,6.047838339583454,1.0,5.0,3.0,3.0,17.0
2176.0,add,6.049221648899859,1639.0,212.0,6.047838339583454,1.0,5.0,3.0,4.0,17.0
2177.0,delete,6.167015966580056,1639.0,212.0,6.047838339583454,1.0,5.0,3.0,3.0,16.0
2178.0,swap,6.418709925256614,1639.0,212.0,6.047838339583454,1.0,6.0,3.0,3.0,16.0
2179.0,add,5.748103173894661,1640.0,52.0,5.755197769527809,8.0,8.0,5.0,6.0,17.0
2180.0,add,5.48844490878024,1641.0,158.0,5.584196435973101,1.0,7.0,1.0,4.0,23.0
2181.0,delete,5.896182327515326,1642.0,179.0,5.401257741795163,1.0,8.0,3.0,1.0,20.0
2182.0,delete,6.342212002222614,1643.0,96.0,5.79742936761417,5.0,2.0,1.0,3.0,15.0
2183.0,add,5.334882006662955,1644.0,194.0,5.45006510699251,1.0,6.0,2.0,2.0,21.0
2184.0,delete,6.3362214127119705,1645.0,131.0,5.60714436769373,2.0,5.0,3.0,3.0,16.0
2185.0,add,6.248708201370364,1646.0,204.0,5.564573058279943,1.0,5.0,3.0,2.0,19.0
2186.0,add,6.198197066556005,1647.0,3.0,5.638895218484615,10.0,1.0,1.0,0.0,1.0
2187.0,delete,5.338655787056205,1648.0,209.0,6.09725632011744,1.0,5.0,3.0,2.0,18.0
2188.0,add,6.117874273848204,1649.0,211.0,6.147274327137422,1.0,5.0,3.0,3.0,17.0
2189.0,delete,5.606274429600987,1650.0,53.0,5.755974642837515,7.0,8.0,6.0,6.0,16.0
2190.0,delete,5.890576561834434,1651.0,180.0,5.3904692944664525,1.0,7.0,3.0,1.0,20.0
2191.0,delete,6.179060253839208,1652.0,210.0,6.089070751674686,1.0,4.0,3.0,3.0,17.0
2192.0,delete,5.881410499120158,1653.0,159.0,5.591590962624654,1.0,6.0,2.0,4.0,22.0
2193.0,add,5.752439465776992,1654.0,195.0,5.480183343265317,1.0,6.0,2.0,2.0,22.0
2194.0,add,6.049220800840805,1655.0,213.0,6.049221648899859,1.0,5.0,3.0,4.0,17.0
2195.0,add,5.888155427146768,1655.0,213.0,6.049221648899859,1.0,5.0,3.0,4.0,18.0
2196.0,delete,6.072305963256097,1655.0,213.0,6.049221648899859,1.0,5.0,3.0,4.0,16.0
2197.0,swap,5.760692780222314,1655.0,213.0,6.049221648899859,1.0,4.0,3.0,4.0,18.0
2198.0,add,6.651097580251241,1656.0,97.0,5.793187954859084,5.0,2.0,2.0,3.0,15.0
2199.0,add,5.211509865433688,1657.0,132.0,5.614286111475227,3.0,6.0,3.0,3.0,15.0
2200.0,add,5.808421654950916,1658.0,4.0,5.638915064526786,10.0,1.0,0.0,0.0,3.0
2201.0,add,5.354801082630194,1659.0,205.0,5.643546341667667,1.0,5.0,2.0,2.0,21.0
2202.0,delete,4.887087356328342,1660.0,181.0,5.3979445493617755,1.0,7.0,3.0,1.0,19.0
2203.0,add,5.746635852669161,1661.0,54.0,5.75638945292527,8.0,8.0,5.0,6.0,17.0
2204.0,add,6.166115199445955,1662.0,212.0,5.963919324073169,1.0,5.0,4.0,3.0,17.0
2205.0,delete,5.947266598271716,1663.0,160.0,5.590625643104266,1.0,6.0,2.0,4.0,21.0
2206.0,delete,5.246982198800256,1664.0,196.0,5.517565834592032,1.0,6.0,2.0,2.0,21.0
2207.0,add,6.035398874680018,1665.0,211.0,6.071885098222478,1.0,5.0,3.0,3.0,17.0
2208.0,add,5.887553396917865,1666.0,214.0,5.888155427146768,1.0,5.0,3.0,4.0,18.0
2209.0,add,5.875191153808843,1666.0,214.0,5.888155427146768,1.0,5.0,3.0,4.0,19.0
2210.0,delete,5.941109755344715,1666.0,214.0,5.888155427146768,1.0,5.0,3.0,4.0,17.0
2211.0,swap,5.916743823034221,1666.0,214.0,5.888155427146768,1.0,6.0,3.0,3.0,18.0
2212.0,delete,6.26084048098059,1667.0,98.0,5.787329461346385,5.0,2.0,1.0,3.0,15.0
2213.0,add,5.643978950505963,1668.0,133.0,5.615235437189551,3.0,5.0,3.0,3.0,17.0
2214.0,add,5.808301378171776,1669.0,5.0,5.638053998537283,10.0,1.0,0.0,1.0,3.0
2215.0,add,5.374011355630998,1670.0,206.0,5.738722599688981,1.0,5.0,2.0,3.0,21.0
2216.0,add,4.887087356328341,1671.0,182.0,5.427110434391347,1.0,7.0,3.0,2.0,19.0
2217.0,add,5.529355125056064,1672.0,55.0,5.757237794821353,8.0,9.0,5.0,6.0,17.0
2218.0,delete,5.4844624720977,1673.0,161.0,5.582256301510199,1.0,7.0,2.0,4.0,19.0
2219.0,delete,5.2929520756103825,1674.0,197.0,5.558216465963439,1.0,6.0,1.0,2.0,21.0
2220.0,add,6.021364322873633,1675.0,213.0,5.901750711250482,1.0,6.0,3.0,4.0,17.0
2221.0,add,6.042999097265069,1676.0,212.0,5.966152206526462,1.0,5.0,3.0,3.0,18.0
2222.0,delete,5.16779366643764,1677.0,207.0,5.790889230473881,1.0,5.0,3.0,3.0,19.0
2223.0,add,5.786924546528418,1678.0,99.0,5.782032639514439,5.0,2.0,1.0,4.0,15.0
2224.0,add,5.902279933688683,1679.0,215.0,5.875191153808843,1.0,5.0,3.0,4.0,19.0
2225.0,add,5.822259590659768,1679.0,215.0,5.875191153808843,1.0,6.0,3.0,4.0,19.0
2226.0,delete,5.996184939048408,1679.0,215.0,5.875191153808843,1.0,4.0,3.0,4.0,19.0
2227.0,swap,5.953030640365804,1679.0,215.0,5.875191153808843,1.0,5.0,3.0,4.0,19.0
2228.0,add,6.228158519265665,1680.0,6.0,5.637122712361184,10.0,1.0,1.0,0.0,4.0
2229.0,add,4.289822828512257,1681.0,134.0,5.618420055377319,3.0,6.0,3.0,3.0,17.0
2230.0,delete,6.187709753390166,1682.0,162.0,5.574314736747198,1.0,6.0,2.0,4.0,19.0
2231.0,add,5.5108002754555745,1683.0,56.0,5.758888249906531,8.0,9.0,5.0,6.0,18.0
2232.0,delete,5.143773552229617,1684.0,183.0,5.450558676733011,1.0,7.0,2.0,1.0,20.0
2233.0,delete,5.247787318689213,1685.0,198.0,5.596575370779493,1.0,6.0,1.0,2.0,20.0
2234.0,add,5.935628057332839,1686.0,214.0,5.909789251514301,1.0,5.0,3.0,4.0,19.0
2235.0,delete,4.808649707369498,1687.0,208.0,5.8856083630865434,1.0,5.0,3.0,3.0,18.0
2236.0,add,5.0822770628706975,1688.0,213.0,5.9217728218383225,1.0,5.0,3.0,4.0,18.0
2237.0,add,5.70369173583244,1689.0,100.0,5.779550118709418,5.0,2.0,2.0,5.0,14.0
2238.0,add,5.8222662063067,1690.0,216.0,5.822259590659768,1.0,6.0,3.0,4.0,19.0
2239.0,delete,6.08918950745754,1690.0,216.0,5.822259590659768,1.0,5.0,3.0,4.0,19.0
2240.0,swap,5.8107305116966135,1690.0,216.0,5.822259590659768,1.0,6.0,2.0,4.0,20.0
2241.0,add,4.971907186296621,1691.0,135.0,5.630128477077177,3.0,6.0,3.0,4.0,17.0
2242.0,add,5.808421654950916,1692.0,7.0,5.634940611516272,10.0,1.0,0.0,0.0,6.0
2243.0,delete,5.970231998845947,1693.0,163.0,5.566532403307137,1.0,7.0,1.0,3.0,19.0
2244.0,delete,5.3007024909526015,1694.0,57.0,5.759831754078904,8.0,9.0,5.0,5.0,18.0
2245.0,delete,4.887087356328342,1695.0,184.0,5.461170436951889,1.0,7.0,3.0,1.0,18.0
2246.0,delete,5.2285122282069,1696.0,199.0,5.618601103806528,1.0,6.0,1.0,2.0,19.0
2247.0,add,5.929143373543324,1697.0,215.0,5.886111454030155,1.0,5.0,3.0,4.0,20.0
2248.0,delete,5.44589139136658,1698.0,209.0,5.974282543953705,1.0,5.0,3.0,3.0,17.0
2249.0,delete,6.0917292963322485,1699.0,217.0,6.08918950745754,1.0,5.0,3.0,4.0,19.0
2250.0,delete,5.79285092793125,1699.0,217.0,6.08918950745754,1.0,5.0,3.0,4.0,18.0
2251.0,swap,5.792846764024742,1699.0,217.0,6.08918950745754,1.0,6.0,3.0,4.0,18.0
2252.0,add,5.067162822184444,1700.0,101.0,5.778394711768957,5.0,3.0,2.0,4.0,15.0
2253.0,delete,5.036405398888993,1701.0,136.0,5.636367557887756,3.0,6.0,3.0,3.0,17.0
2254.0,delete,5.054391389930771,1702.0,185.0,5.4773544928722435,1.0,7.0,3.0,1.0,17.0
2255.0,delete,6.487768175764069,1703.0,164.0,5.553995869739381,1.0,7.0,2.0,3.0,17.0
2256.0,add,6.066002593853594,1704.0,8.0,5.632827356195291,10.0,1.0,1.0,0.0,6.0
2257.0,delete,5.306097232520412,1705.0,58.0,5.76161046877642,8.0,8.0,5.0,6.0,17.0
2258.0,delete,5.4648892469363615,1706.0,200.0,5.658118358636508,1.0,4.0,1.0,2.0,20.0
2259.0,add,5.980694897097674,1707.0,214.0,5.908717761707444,1.0,6.0,3.0,4.0,18.0
2260.0,delete,6.055103489123119,1708.0,216.0,5.941654123936445,1.0,6.0,3.0,4.0,18.0
2261.0,delete,6.269685986210161,1709.0,210.0,5.971074469604525,1.0,5.0,3.0,2.0,17.0
2262.0,delete,5.7981362622268655,1710.0,218.0,5.79285092793125,1.0,5.0,3.0,4.0,18.0
2263.0,delete,5.946169741464864,1710.0,218.0,5.79285092793125,1.0,5.0,3.0,4.0,17.0
2264.0,swap,5.849407424849756,1710.0,218.0,5.79285092793125,1.0,6.0,3.0,4.0,17.0
2265.0,add,6.336388893005542,1711.0,102.0,5.77593560908702,5.0,3.0,2.0,5.0,15.0
2266.0,delete,5.66837618474355,1712.0,137.0,5.639951145367781,3.0,5.0,3.0,2.0,18.0
2267.0,delete,4.961617840109047,1713.0,186.0,5.494985575881544,1.0,6.0,3.0,1.0,17.0
2268.0,delete,5.750016133165547,1714.0,201.0,5.689355922502484,1.0,4.0,1.0,2.0,19.0
2269.0,delete,5.236548242976548,1715.0,59.0,5.765789948631956,8.0,8.0,5.0,4.0,18.0
2270.0,add,5.88894017159416,1716.0,9.0,5.631451138918676,10.0,1.0,2.0,0.0,6.0
2271.0,add,6.4573426729270045,1717.0,165.0,5.537311318292062,1.0,6.0,2.0,3.0,19.0
2272.0,add,6.055387291053811,1718.0,215.0,5.8999860913013995,1.0,5.0,3.0,4.0,20.0
2273.0,delete,6.071044022710055,1719.0,217.0,5.846641089118184,1.0,5.0,3.0,4.0,18.0
2274.0,delete,5.921264283722345,1720.0,219.0,5.946169741464864,1.0,5.0,3.0,4.0,17.0
2275.0,delete,6.096881973539222,1720.0,219.0,5.946169741464864,1.0,4.0,3.0,4.0,17.0
2276.0,swap,6.719469290689907,1720.0,219.0,5.946169741464864,0.0,6.0,3.0,4.0,17.0
2277.0,add,6.051138967426094,1721.0,211.0,5.976221268100193,1.0,6.0,3.0,3.0,16.0
2278.0,delete,6.090541176472062,1722.0,138.0,5.643114405386669,3.0,6.0,3.0,2.0,16.0
2279.0,add,6.335547482961091,1723.0,103.0,5.772619141683109,5.0,5.0,2.0,4.0,15.0
2280.0,delete,4.736091583503485,1724.0,187.0,5.522882707652734,1.0,5.0,3.0,1.0,17.0
2281.0,delete,5.90577284495099,1725.0,216.0,6.018674415339326,1.0,5.0,3.0,4.0,19.0
2282.0,delete,5.26646082292559,1726.0,60.0,5.771696044338031,8.0,8.0,5.0,5.0,16.0
2283.0,delete,6.022433805280896,1727.0,166.0,5.527760900054745,1.0,7.0,2.0,3.0,17.0
2284.0,add,5.753619164194895,1728.0,10.0,5.6330721398234855,10.0,1.0,1.0,1.0,7.0
2285.0,add,5.841061080316844,1729.0,202.0,5.710230562961633,1.0,5.0,1.0,2.0,19.0
2286.0,delete,5.577478018767547,1730.0,218.0,6.170946322354085,1.0,5.0,3.0,4.0,17.0
2287.0,delete,6.096881973539223,1731.0,220.0,6.096881973539222,1.0,4.0,3.0,4.0,17.0
2288.0,delete,6.29571169943329,1731.0,220.0,6.096881973539222,1.0,4.0,3.0,4.0,16.0
2289.0,swap,6.545772571617589,1731.0,220.0,6.096881973539222,1.0,4.0,4.0,4.0,16.0
2290.0,add,6.047976268165527,1732.0,212.0,5.965156649127527,1.0,5.0,4.0,3.0,17.0
2291.0,delete,5.820933755637578,1733.0,217.0,6.059255682540993,1.0,5.0,3.0,4.0,18.0
2292.0,add,6.109029532071118,1734.0,139.0,5.642030435980182,3.0,6.0,2.0,2.0,18.0
2293.0,add,6.336518390802105,1735.0,104.0,5.768177285085015,5.0,4.0,2.0,4.0,17.0
2294.0,add,5.335362834833867,1736.0,188.0,5.550098566918699,1.0,6.0,2.0,2.0,17.0
2295.0,delete,5.393652336333973,1737.0,61.0,5.777074596857195,7.0,8.0,5.0,4.0,17.0
2296.0,delete,6.801840214501169,1738.0,219.0,6.258812054532331,0.0,5.0,3.0,4.0,17.0
2297.0,add,6.279457427898065,1739.0,167.0,5.517039453659704,1.0,7.0,3.0,2.0,18.0
2298.0,add,5.753000730320648,1740.0,11.0,5.634790393728171,10.0,1.0,1.0,1.0,8.0
2299.0,add,6.188324623975317,1741.0,203.0,5.739257347939175,1.0,5.0,2.0,2.0,19.0
2300.0,delete,6.1958544316693125,1742.0,221.0,6.29571169943329,1.0,4.0,3.0,4.0,16.0
2301.0,delete,6.325106542410626,1742.0,221.0,6.29571169943329,1.0,3.0,3.0,4.0,16.0
2302.0,swap,5.839240624656472,1742.0,221.0,6.29571169943329,1.0,4.0,3.0,4.0,16.0
2303.0,add,5.996712276547017,1743.0,213.0,5.985863744719131,1.0,5.0,3.0,4.0,18.0
2304.0,delete,5.813030565453768,1744.0,218.0,6.19680594716763,1.0,5.0,3.0,4.0,17.0
2305.0,delete,6.403832468038998,1745.0,220.0,6.163978324542425,0.0,4.0,3.0,4.0,17.0
2306.0,delete,6.335987242529738,1746.0,105.0,5.767728618454409,5.0,4.0,2.0,3.0,17.0
2307.0,add,6.380321196876333,1747.0,140.0,5.645780622532878,3.0,6.0,3.0,3.0,17.0
2308.0,delete,5.081579016843358,1748.0,62.0,5.784464482702765,8.0,7.0,4.0,4.0,17.0
2309.0,add,5.856099959226957,1749.0,189.0,5.58359596588321,1.0,6.0,2.0,2.0,18.0
2310.0,delete,6.3119002848245955,1750.0,222.0,6.325106542410626,1.0,3.0,3.0,4.0,16.0
2311.0,add,5.789187257611406,1750.0,222.0,6.325106542410626,1.0,3.0,3.0,4.0,17.0
2312.0,delete,6.378669660729783,1750.0,222.0,6.325106542410626,1.0,3.0,3.0,4.0,15.0
2313.0,swap,6.355567768063683,1750.0,222.0,6.325106542410626,1.0,3.0,3.0,3.0,17.0
2314.0,add,5.812817070606702,1751.0,12.0,5.636904938804862,10.0,1.0,1.0,1.0,9.0
2315.0,add,5.2468402119904765,1752.0,168.0,5.527036799364687,1.0,8.0,2.0,3.0,18.0
2316.0,add,5.325105575853719,1753.0,204.0,5.801676774970035,1.0,5.0,2.0,2.0,20.0
2317.0,add,5.8881613066715754,1754.0,214.0,6.0452223143738575,1.0,5.0,3.0,5.0,18.0
2318.0,delete,5.779524776380584,1755.0,219.0,6.264342113125797,1.0,5.0,3.0,4.0,16.0
2319.0,delete,6.3827259217529875,1756.0,106.0,5.764803495328606,5.0,4.0,1.0,4.0,16.0
2320.0,delete,6.075956025579489,1757.0,221.0,6.232086302728019,1.0,4.0,3.0,4.0,15.0
2321.0,delete,5.1847878124341875,1758.0,63.0,5.789613779541284,8.0,6.0,5.0,4.0,16.0
2322.0,add,5.67650700878557,1759.0,141.0,5.64926831824647,3.0,6.0,2.0,3.0,19.0
2323.0,add,5.347466974270627,1760.0,190.0,5.608521768172616,1.0,6.0,2.0,2.0,19.0
2324.0,add,5.789187257611404,1761.0,223.0,5.789187257611406,1.0,3.0,3.0,4.0,17.0
2325.0,delete,5.789187257611407,1761.0,223.0,5.789187257611406,1.0,3.0,3.0,3.0,17.0
2326.0,swap,6.007818977582868,1761.0,223.0,5.789187257611406,1.0,3.0,4.0,4.0,16.0
2327.0,add,5.851547655884446,1762.0,13.0,5.637041766562886,10.0,1.0,2.0,1.0,9.0
2328.0,add,5.213227594209283,1763.0,169.0,5.538938776160882,1.0,8.0,2.0,2.0,20.0
2329.0,add,5.333737059423348,1764.0,205.0,5.824352638906493,1.0,5.0,2.0,2.0,21.0
2330.0,delete,5.532697143579665,1765.0,220.0,6.119786173524871,1.0,3.0,3.0,4.0,17.0
2331.0,add,6.043742661798432,1766.0,215.0,6.028077745579067,1.0,5.0,3.0,4.0,20.0
2332.0,delete,6.703717335674435,1767.0,107.0,5.757647355115324,4.0,4.0,1.0,4.0,16.0
2333.0,add,6.314686745136427,1768.0,222.0,5.843845187604272,1.0,3.0,3.0,5.0,16.0
2334.0,delete,5.800385787198417,1769.0,224.0,5.789187257611407,1.0,3.0,3.0,3.0,17.0
2335.0,delete,5.999509230970845,1769.0,224.0,5.789187257611407,1.0,3.0,3.0,3.0,16.0
2336.0,swap,5.995222729582282,1769.0,224.0,5.789187257611407,1.0,3.0,4.0,3.0,16.0
2337.0,add,5.267083505071234,1770.0,64.0,5.7932198186949035,8.0,6.0,5.0,4.0,17.0
2338.0,add,5.683829606782947,1771.0,142.0,5.651638841919609,3.0,7.0,2.0,3.0,19.0
2339.0,add,5.187771453720392,1772.0,170.0,5.55227018955104,1.0,8.0,3.0,3.0,19.0
2340.0,add,6.266518554051782,1773.0,14.0,5.637211527907668,10.0,2.0,3.0,1.0,8.0
2341.0,add,5.555631626507176,1774.0,191.0,5.627504446183092,1.0,6.0,2.0,2.0,20.0
2342.0,add,5.3916444060342466,1775.0,206.0,5.866402022287135,1.0,5.0,2.0,3.0,21.0
2343.0,delete,6.351848404391783,1776.0,221.0,6.0717219634548645,1.0,4.0,3.0,4.0,15.0
2344.0,delete,5.970302302588533,1777.0,216.0,6.054279435938543,1.0,6.0,3.0,4.0,18.0
2345.0,delete,6.317246847273838,1778.0,108.0,5.7486944389593795,3.0,4.0,0.0,4.0,17.0
2346.0,delete,5.891504923112943,1779.0,223.0,5.896076251340737,1.0,3.0,3.0,4.0,16.0
2347.0,delete,6.01175618219748,1780.0,225.0,5.999509230970845,1.0,3.0,3.0,3.0,16.0
2348.0,add,5.999509230970845,1780.0,225.0,5.999509230970845,1.0,3.0,3.0,4.0,16.0
2349.0,delete,6.156753554353178,1780.0,225.0,5.999509230970845,1.0,2.0,3.0,3.0,16.0
2350.0,swap,5.967869811790175,1780.0,225.0,5.999509230970845,1.0,3.0,4.0,3.0,15.0
2351.0,add,5.702825838613627,1781.0,65.0,5.796878458626332,8.0,7.0,5.0,4.0,17.0
2352.0,add,5.12056789983318,1782.0,143.0,5.658556790875592,3.0,6.0,2.0,3.0,21.0
2353.0,add,5.138686932973205,1783.0,171.0,5.570492945247011,1.0,9.0,3.0,3.0,19.0
2354.0,add,6.021995116336629,1784.0,15.0,5.637305559468527,10.0,3.0,2.0,1.0,9.0
2355.0,delete,4.853644570459354,1785.0,192.0,5.640426580591355,1.0,5.0,2.0,2.0,20.0
2356.0,delete,5.40649967578572,1786.0,207.0,5.903547199334175,1.0,5.0,3.0,3.0,19.0
2357.0,delete,6.62842242910429,1787.0,217.0,6.0566576872343365,0.0,5.0,3.0,4.0,19.0
2358.0,delete,6.680853461135728,1788.0,109.0,5.738774513325879,4.0,4.0,0.0,3.0,16.0
2359.0,add,6.212409419195476,1789.0,222.0,5.962506072748436,1.0,3.0,3.0,4.0,17.0
2360.0,delete,5.532907286521236,1790.0,224.0,6.027079602056505,1.0,3.0,3.0,3.0,16.0
2361.0,add,5.966923787817395,1791.0,226.0,5.999509230970845,1.0,3.0,3.0,4.0,16.0
2362.0,add,5.885357763584903,1791.0,226.0,5.999509230970845,1.0,4.0,3.0,4.0,16.0
2363.0,delete,6.331226104290867,1791.0,226.0,5.999509230970845,1.0,3.0,3.0,4.0,15.0
2364.0,swap,5.786560621731351,1791.0,226.0,5.999509230970845,0.0,3.0,4.0,4.0,16.0
2365.0,delete,5.64604039500716,1792.0,66.0,5.797661620065296,8.0,6.0,5.0,3.0,18.0
2366.0,delete,5.598333525242042,1793.0,144.0,5.6687624277906945,3.0,6.0,2.0,3.0,20.0
2367.0,add,5.272544869116379,1794.0,172.0,5.583514851364998,1.0,9.0,3.0,2.0,21.0
2368.0,add,5.809702648755371,1795.0,16.0,5.637696025048583,10.0,3.0,3.0,1.0,9.0
2369.0,add,5.4143797770048225,1796.0,193.0,5.66273490625253,1.0,6.0,2.0,2.0,20.0
2370.0,delete,5.15419728452961,1797.0,208.0,5.954567480832006,1.0,5.0,3.0,3.0,18.0
2371.0,delete,6.808439312119419,1798.0,110.0,5.729114500434552,4.0,3.0,0.0,3.0,16.0
2372.0,delete,5.866396621400486,1799.0,218.0,6.06481655979812,1.0,5.0,3.0,4.0,17.0
2373.0,delete,5.839590574290974,1800.0,223.0,5.936762447980952,1.0,3.0,3.0,4.0,16.0
2374.0,add,6.034402712213831,1801.0,225.0,5.993915501679072,1.0,3.0,3.0,3.0,17.0
2375.0,delete,5.464876836521185,1802.0,67.0,5.799056099251563,8.0,6.0,5.0,3.0,17.0
2376.0,delete,5.448556368690433,1803.0,145.0,5.67632341675647,3.0,5.0,2.0,3.0,20.0
2377.0,delete,5.438912674981344,1804.0,209.0,6.008686392939616,1.0,5.0,3.0,3.0,17.0
2378.0,add,5.230407283852939,1805.0,194.0,5.673519471498122,1.0,6.0,2.0,2.0,21.0
2379.0,delete,5.853581856861768,1806.0,224.0,5.9702523896765545,1.0,3.0,2.0,3.0,17.0
2380.0,add,5.91242027606238,1807.0,227.0,5.885357763584903,1.0,4.0,3.0,4.0,16.0
2381.0,add,5.885419808641404,1807.0,227.0,5.885357763584903,1.0,4.0,3.0,5.0,16.0
2382.0,delete,6.1255854936935545,1807.0,227.0,5.885357763584903,1.0,4.0,3.0,4.0,15.0
2383.0,swap,5.898086275143252,1807.0,227.0,5.885357763584903,0.0,5.0,3.0,4.0,16.0
2384.0,add,5.621090418990698,1808.0,17.0,5.63772852665106,10.0,4.0,4.0,1.0,8.0
2385.0,delete,6.738040373595186,1809.0,111.0,5.72055856643808,3.0,4.0,0.0,3.0,15.0
2386.0,add,5.791765829707259,1810.0,173.0,5.58461101437027,1.0,9.0,4.0,2.0,21.0
2387.0,delete,5.629169011825695,1811.0,219.0,6.051531844969846,1.0,5.0,3.0,4.0,16.0
2388.0,delete,3.975767324885866,1812.0,146.0,5.685706155783696,2.0,6.0,1.0,3.0,20.0
2389.0,add,5.465831720539425,1813.0,68.0,5.799245379217807,8.0,6.0,5.0,4.0,17.0
2390.0,delete,6.356476746978627,1814.0,210.0,6.008882775848776,1.0,5.0,3.0,3.0,16.0
2391.0,add,5.984232714857269,1815.0,226.0,5.941373923425099,1.0,4.0,3.0,4.0,16.0
2392.0,add,5.245603496189935,1816.0,195.0,5.697573940844549,1.0,6.0,2.0,3.0,21.0
2393.0,add,5.923902869935244,1817.0,225.0,5.982702253546095,1.0,3.0,4.0,3.0,16.0
2394.0,delete,5.245067481416028,1818.0,174.0,5.583905750510118,1.0,8.0,4.0,2.0,21.0
2395.0,delete,6.37298443055945,1819.0,220.0,6.019271065742263,1.0,4.0,3.0,4.0,16.0
2396.0,add,4.962843113441003,1820.0,18.0,5.6386913427762995,10.0,3.0,4.0,2.0,9.0
2397.0,add,5.885419808641403,1821.0,228.0,5.885419808641404,1.0,4.0,3.0,5.0,16.0
2398.0,add,5.922870617784912,1821.0,228.0,5.885419808641404,1.0,4.0,4.0,5.0,16.0
2399.0,delete,6.206692017725906,1821.0,228.0,5.885419808641404,1.0,4.0,3.0,5.0,15.0
2400.0,swap,6.0294202543106685,1821.0,228.0,5.885419808641404,1.0,4.0,3.0,6.0,15.0
2401.0,add,6.748997210194427,1822.0,112.0,5.709585765974719,4.0,5.0,0.0,2.0,15.0
2402.0,delete,5.025157067603986,1823.0,147.0,5.69615828380829,2.0,5.0,1.0,3.0,20.0
2403.0,add,5.471453252504461,1824.0,69.0,5.802088135981204,8.0,7.0,5.0,4.0,17.0
2404.0,add,6.054086069231474,1825.0,211.0,6.006443992661316,1.0,5.0,3.0,3.0,17.0
2405.0,delete,4.943137101666661,1826.0,196.0,5.721707863574433,1.0,6.0,2.0,2.0,21.0
2406.0,add,5.935121755336364,1827.0,227.0,5.985964501420859,1.0,4.0,3.0,4.0,17.0
2407.0,delete,5.889857420052649,1828.0,175.0,5.589296712622103,1.0,9.0,4.0,1.0,20.0
2408.0,delete,6.112698720173446,1829.0,221.0,6.011891273086407,1.0,4.0,3.0,4.0,15.0
2409.0,add,5.999509230970844,1830.0,226.0,5.970056980525638,1.0,3.0,3.0,5.0,16.0
2410.0,add,5.945006991701672,1831.0,19.0,5.640842320091002,10.0,3.0,4.0,3.0,9.0
2411.0,add,5.924739346603677,1832.0,229.0,5.922870617784912,1.0,4.0,4.0,5.0,16.0
2412.0,add,5.923742715127362,1832.0,229.0,5.922870617784912,1.0,4.0,5.0,5.0,16.0
2413.0,delete,5.914576473706131,1832.0,229.0,5.922870617784912,1.0,4.0,4.0,5.0,15.0
2414.0,swap,5.922870617784912,1832.0,229.0,5.922870617784912,1.0,4.0,4.0,5.0,16.0
2415.0,add,6.372372692836324,1833.0,113.0,5.701216680981753,4.0,4.0,2.0,2.0,15.0
2416.0,delete,5.507165290783956,1834.0,70.0,5.8050624642262685,8.0,6.0,5.0,5.0,16.0
2417.0,delete,6.413434808305399,1835.0,148.0,5.695358229525118,3.0,4.0,1.0,3.0,19.0
2418.0,delete,5.285646924763669,1836.0,197.0,5.747888390216345,1.0,5.0,1.0,2.0,22.0
2419.0,add,6.541661540588061,1837.0,212.0,5.995088078513879,1.0,5.0,3.0,3.0,18.0
2420.0,delete,5.648145323196447,1838.0,176.0,5.593080419503455,1.0,8.0,3.0,1.0,21.0
2421.0,add,6.151544023762636,1839.0,228.0,5.921759954201399,1.0,4.0,3.0,5.0,17.0
2422.0,add,5.951173536172815,1840.0,222.0,5.961581881341677,1.0,3.0,3.0,4.0,17.0
2423.0,add,5.932837729145311,1841.0,227.0,5.972947039947761,1.0,4.0,3.0,4.0,17.0
2424.0,add,4.966322494029414,1842.0,20.0,5.642301796936556,10.0,3.0,4.0,4.0,9.0
2425.0,add,6.077024385456561,1843.0,230.0,5.923742715127362,1.0,4.0,5.0,5.0,16.0
2426.0,add,5.902684500365724,1843.0,230.0,5.923742715127362,1.0,4.0,5.0,5.0,17.0
2427.0,delete,5.84241452538568,1843.0,230.0,5.923742715127362,1.0,4.0,5.0,5.0,15.0
2428.0,swap,6.030303086734226,1843.0,230.0,5.923742715127362,1.0,4.0,5.0,5.0,16.0
2429.0,delete,5.794737046170586,1844.0,71.0,5.808227608248906,8.0,6.0,5.0,4.0,16.0
2430.0,add,6.289724328018026,1845.0,114.0,5.69680826934472,4.0,5.0,1.0,2.0,16.0
2431.0,add,5.807505162386577,1846.0,149.0,5.6992294455436845,3.0,5.0,2.0,3.0,18.0
2432.0,delete,5.288350659491971,1847.0,198.0,5.775758503395239,1.0,6.0,1.0,2.0,20.0
2433.0,delete,5.854135472567359,1848.0,177.0,5.596378938577845,1.0,9.0,3.0,1.0,19.0
2434.0,add,6.166497674322764,1849.0,213.0,5.99214151017003,1.0,5.0,3.0,4.0,18.0
2435.0,delete,6.325106542410626,1850.0,223.0,5.953170972878854,1.0,3.0,3.0,4.0,16.0
2436.0,add,5.923180913651151,1851.0,229.0,5.955233842613909,1.0,4.0,4.0,6.0,16.0
2437.0,add,5.866096386273913,1852.0,228.0,5.957813746032997,1.0,4.0,3.0,5.0,17.0
2438.0,add,4.618877909668682,1853.0,21.0,5.6462758110847195,10.0,3.0,4.0,4.0,10.0
2439.0,add,5.902703941520633,1854.0,231.0,5.902684500365724,1.0,4.0,5.0,5.0,17.0
2440.0,add,5.802292777496191,1854.0,231.0,5.902684500365724,1.0,4.0,5.0,5.0,18.0
2441.0,delete,5.902919419593672,1854.0,231.0,5.902684500365724,1.0,4.0,4.0,5.0,17.0
2442.0,swap,6.280214447196628,1854.0,231.0,5.902684500365724,1.0,5.0,5.0,5.0,16.0
2443.0,delete,5.449153734513425,1855.0,72.0,5.811763061411171,7.0,5.0,5.0,4.0,17.0
2444.0,add,6.416950487937247,1856.0,115.0,5.6937471108416275,4.0,5.0,2.0,2.0,16.0
2445.0,add,5.824470055969918,1857.0,150.0,5.699783603587246,3.0,5.0,1.0,4.0,19.0
2446.0,delete,5.464663533724585,1858.0,199.0,5.802913020659738,1.0,5.0,1.0,2.0,20.0
2447.0,add,6.054725196306157,1859.0,178.0,5.598941269215511,1.0,8.0,3.0,2.0,20.0
2448.0,add,5.897221921172237,1860.0,214.0,6.00457874902697,1.0,6.0,3.0,4.0,18.0
2449.0,delete,5.819765672825662,1861.0,224.0,5.963379613905287,1.0,3.0,3.0,3.0,16.0
2450.0,add,5.959116544631707,1862.0,230.0,5.95816301723457,1.0,4.0,5.0,5.0,17.0
2451.0,add,5.902919419593672,1863.0,229.0,5.958781568832685,1.0,4.0,4.0,5.0,17.0
2452.0,add,4.786217348621646,1864.0,22.0,5.651127154007513,10.0,5.0,4.0,4.0,9.0
2453.0,add,5.794257758121309,1865.0,232.0,5.802292777496191,1.0,4.0,5.0,5.0,18.0
2454.0,delete,5.696003704254478,1865.0,232.0,5.802292777496191,1.0,4.0,5.0,5.0,17.0
2455.0,swap,5.870125310071861,1865.0,232.0,5.802292777496191,1.0,4.0,5.0,5.0,18.0
2456.0,delete,4.877750652233829,1866.0,73.0,5.81473033800695,6.0,6.0,5.0,4.0,16.0
2457.0,add,6.368019953489052,1867.0,116.0,5.688711724147463,4.0,5.0,1.0,3.0,17.0
2458.0,add,5.813140967000734,1868.0,151.0,5.698844426868835,3.0,5.0,1.0,4.0,20.0
2459.0,delete,5.435274190530065,1869.0,200.0,5.826387998613986,1.0,5.0,1.0,2.0,19.0
2460.0,delete,5.938855662024907,1870.0,179.0,5.595064879809847,1.0,8.0,3.0,1.0,20.0
2461.0,add,5.949900179155647,1871.0,225.0,5.954749471030509,1.0,3.0,3.0,3.0,17.0
2462.0,add,5.875322027887026,1872.0,215.0,5.999293628052857,1.0,5.0,3.0,5.0,19.0
2463.0,add,6.186315543758554,1873.0,231.0,5.79066988748596,1.0,4.0,5.0,5.0,18.0
2464.0,delete,5.696034867716599,1874.0,233.0,5.696003704254478,1.0,4.0,5.0,5.0,17.0
2465.0,delete,5.73206544146914,1874.0,233.0,5.696003704254478,1.0,4.0,5.0,5.0,16.0
2466.0,swap,5.780096756886149,1874.0,233.0,5.696003704254478,1.0,5.0,5.0,5.0,16.0
2467.0,add,5.31913685601477,1875.0,23.0,5.654015736089953,10.0,5.0,4.0,4.0,10.0
2468.0,delete,5.999422380469489,1876.0,74.0,5.815959194326653,6.0,6.0,4.0,4.0,16.0
2469.0,add,6.282674392716374,1877.0,117.0,5.683707830585466,4.0,5.0,2.0,4.0,16.0
2470.0,delete,5.808433002216503,1878.0,152.0,5.698412374421704,3.0,4.0,1.0,4.0,20.0
2471.0,delete,5.190546487280087,1879.0,201.0,5.839728776669373,1.0,5.0,1.0,2.0,18.0
2472.0,add,5.9208342666906875,1880.0,230.0,5.884987001006359,1.0,5.0,5.0,5.0,16.0
2473.0,delete,5.79130125498149,1881.0,180.0,5.592220890040536,1.0,7.0,3.0,1.0,20.0
2474.0,delete,6.046836261450092,1882.0,232.0,5.726050192581591,0.0,4.0,5.0,5.0,18.0
2475.0,delete,5.906945252207303,1883.0,216.0,5.998103956512784,1.0,6.0,3.0,4.0,18.0
2476.0,add,5.911864135810908,1884.0,226.0,5.937304799517988,1.0,4.0,3.0,4.0,16.0
2477.0,delete,5.732124102888446,1885.0,234.0,5.73206544146914,1.0,4.0,5.0,5.0,16.0
2478.0,delete,5.8746386184026225,1885.0,234.0,5.73206544146914,1.0,4.0,5.0,5.0,15.0
2479.0,swap,6.194088321077493,1885.0,234.0,5.73206544146914,1.0,4.0,6.0,5.0,15.0
2480.0,add,5.0024943949771075,1886.0,24.0,5.657264794908132,10.0,5.0,4.0,4.0,11.0
2481.0,delete,6.352692262595368,1887.0,118.0,5.678771972402902,4.0,5.0,1.0,3.0,17.0
2482.0,add,5.8012866323447705,1888.0,75.0,5.818650890692733,7.0,6.0,4.0,3.0,17.0
2483.0,delete,6.439000269479838,1889.0,153.0,5.6947045752839385,2.0,5.0,1.0,4.0,19.0
2484.0,add,5.871922779535228,1890.0,202.0,5.844332974121579,1.0,5.0,1.0,3.0,18.0
2485.0,add,5.9087944372370895,1891.0,231.0,5.867073288632743,1.0,4.0,6.0,5.0,17.0
2486.0,delete,4.516792372122953,1892.0,181.0,5.5975635519251705,1.0,7.0,3.0,1.0,19.0
2487.0,delete,5.80857172368462,1893.0,233.0,5.883229120959426,1.0,4.0,5.0,5.0,16.0
2488.0,delete,6.1398271361044765,1894.0,217.0,5.993448438224785,1.0,4.0,3.0,4.0,19.0
2489.0,delete,5.950605569620554,1895.0,235.0,5.8746386184026225,1.0,4.0,5.0,5.0,15.0
2490.0,delete,5.977574710349165,1895.0,235.0,5.8746386184026225,1.0,4.0,5.0,5.0,14.0
2491.0,swap,6.136232520823368,1895.0,235.0,5.8746386184026225,1.0,4.0,5.0,5.0,15.0
2492.0,add,6.414050927902991,1896.0,227.0,5.934934766609089,1.0,4.0,3.0,4.0,17.0
2493.0,delete,6.643608873687582,1897.0,119.0,5.675914217194975,4.0,4.0,1.0,4.0,16.0
2494.0,add,4.758189598799146,1898.0,25.0,5.661396518540995,10.0,6.0,4.0,5.0,10.0
2495.0,delete,5.7973007922615425,1899.0,232.0,5.885406049885227,1.0,4.0,5.0,4.0,18.0
2496.0,add,5.655382570364111,1900.0,76.0,5.821416272316786,7.0,6.0,4.0,4.0,17.0
2497.0,add,6.477672361855988,1901.0,154.0,5.683847359553022,1.0,5.0,1.0,4.0,21.0
2498.0,add,4.7527717079153335,1902.0,203.0,5.853987340026785,1.0,5.0,2.0,2.0,19.0
2499.0,delete,5.773010741909125,1903.0,234.0,5.9847628547989284,1.0,4.0,5.0,5.0,15.0
2500.0,add,4.504342841298119,1904.0,182.0,5.617057832110687,1.0,7.0,3.0,1.0,20.0
2501.0,delete,5.739707186156941,1905.0,218.0,5.994310991562107,1.0,5.0,2.0,4.0,18.0
2502.0,delete,5.978251177802046,1906.0,236.0,5.977574710349165,1.0,4.0,5.0,5.0,14.0
2503.0,add,5.80857277954576,1906.0,236.0,5.977574710349165,1.0,4.0,6.0,5.0,14.0
2504.0,delete,5.977574710349165,1906.0,236.0,5.977574710349165,1.0,4.0,5.0,5.0,13.0
2505.0,swap,5.396807471333346,1906.0,236.0,5.977574710349165,1.0,4.0,6.0,5.0,13.0
2506.0,add,5.79304589740918,1907.0,228.0,5.90704711537494,1.0,4.0,3.0,5.0,17.0
2507.0,add,5.9203548480191355,1908.0,120.0,5.673005431158745,4.0,5.0,1.0,5.0,15.0
2508.0,add,4.417206150999085,1909.0,26.0,5.663688181866173,10.0,5.0,5.0,5.0,11.0
2509.0,delete,5.939940700225991,1910.0,233.0,5.872316760711912,1.0,4.0,4.0,5.0,17.0
2510.0,add,6.253377355014149,1911.0,77.0,5.820790755578,7.0,7.0,4.0,3.0,18.0
2511.0,add,6.22288770475029,1912.0,155.0,5.673397250450507,1.0,5.0,1.0,4.0,22.0
2512.0,add,5.38723281613573,1913.0,204.0,5.866049471067947,1.0,5.0,2.0,3.0,19.0
2513.0,delete,5.179498953763768,1914.0,183.0,5.630807612402113,1.0,7.0,3.0,1.0,19.0
2514.0,delete,6.0876546156923865,1915.0,219.0,5.98500103288727,1.0,4.0,3.0,4.0,17.0
2515.0,delete,6.393437802766327,1916.0,235.0,5.8277561698758955,1.0,4.0,5.0,5.0,14.0
2516.0,add,5.800767965047933,1917.0,237.0,5.80857277954576,1.0,4.0,6.0,5.0,14.0
2517.0,add,5.183329375006625,1917.0,237.0,5.80857277954576,1.0,4.0,6.0,5.0,15.0
2518.0,delete,5.7778117429009885,1917.0,237.0,5.80857277954576,1.0,4.0,6.0,5.0,13.0
2519.0,swap,5.80857277954576,1917.0,237.0,5.80857277954576,1.0,4.0,6.0,5.0,14.0
2520.0,add,6.0676173964944775,1918.0,229.0,5.887563283657318,1.0,4.0,4.0,5.0,17.0
2521.0,add,5.920416281763947,1919.0,121.0,5.6724759027160845,4.0,5.0,2.0,5.0,15.0
2522.0,add,4.538341307111887,1920.0,27.0,5.669000934770695,10.0,5.0,5.0,5.0,12.0
2523.0,delete,6.222374707674735,1921.0,78.0,5.820681297459423,6.0,7.0,4.0,3.0,18.0
2524.0,delete,6.128597002802761,1922.0,220.0,5.966191881322161,1.0,4.0,3.0,4.0,16.0
2525.0,add,6.38036864575892,1923.0,156.0,5.672111532445117,1.0,6.0,1.0,4.0,22.0
2526.0,delete,5.287565800573685,1924.0,184.0,5.645029025133315,1.0,6.0,3.0,1.0,19.0
2527.0,add,5.851359499393173,1925.0,205.0,5.880766576569756,1.0,5.0,2.0,2.0,21.0
2528.0,delete,5.860508402571729,1926.0,234.0,5.845513426100199,1.0,3.0,5.0,5.0,16.0
2529.0,add,5.945730738958399,1927.0,236.0,5.675810928409413,1.0,4.0,6.0,5.0,14.0
2530.0,delete,5.8744243041877136,1928.0,235.0,5.822584659418683,1.0,4.0,5.0,4.0,15.0
2531.0,add,5.18270514972956,1929.0,238.0,5.183329375006625,1.0,4.0,6.0,5.0,15.0
2532.0,add,5.107841154605635,1929.0,238.0,5.183329375006625,1.0,5.0,6.0,5.0,15.0
2533.0,delete,5.183329375006625,1929.0,238.0,5.183329375006625,1.0,4.0,6.0,4.0,15.0
2534.0,swap,5.1833293750066245,1929.0,238.0,5.183329375006625,1.0,4.0,6.0,5.0,15.0
2535.0,delete,5.632387092623266,1930.0,79.0,5.819441712781313,7.0,7.0,3.0,3.0,17.0
2536.0,add,5.0420988801681785,1931.0,28.0,5.673134281212479,10.0,6.0,5.0,6.0,11.0
2537.0,add,5.172483913681487,1932.0,122.0,5.669802293299028,4.0,6.0,2.0,4.0,16.0
2538.0,delete,5.500127474738497,1933.0,185.0,5.6527221146797,1.0,7.0,3.0,1.0,17.0
2539.0,add,5.440016275876209,1934.0,157.0,5.668024235981662,1.0,7.0,1.0,4.0,22.0
2540.0,delete,6.500857292143474,1935.0,221.0,5.924748733951357,1.0,4.0,3.0,4.0,15.0
2541.0,add,5.337463383195327,1936.0,206.0,5.891633297522185,1.0,6.0,2.0,3.0,20.0
2542.0,add,5.882451074792546,1937.0,230.0,5.810199478192088,1.0,4.0,6.0,5.0,16.0
2543.0,add,5.74196343015293,1938.0,237.0,5.168106885871014,1.0,4.0,7.0,5.0,14.0
2544.0,add,5.991329013219364,1939.0,236.0,5.520359442318803,1.0,4.0,6.0,5.0,14.0
2545.0,add,5.107970957352262,1940.0,239.0,5.107841154605635,1.0,5.0,6.0,5.0,15.0
2546.0,add,5.225508615127264,1940.0,239.0,5.107841154605635,1.0,5.0,6.0,5.0,16.0
2547.0,delete,5.107841154605635,1940.0,239.0,5.107841154605635,1.0,5.0,6.0,5.0,14.0
2548.0,swap,5.745903359672328,1940.0,239.0,5.107841154605635,1.0,6.0,6.0,5.0,14.0
2549.0,delete,5.7206846070533866,1941.0,80.0,5.819027271745077,7.0,7.0,3.0,3.0,16.0
2550.0,add,5.03017177465051,1942.0,29.0,5.67615668480343,10.0,7.0,5.0,6.0,11.0
2551.0,delete,5.838969473653333,1943.0,123.0,5.664969034972053,3.0,5.0,3.0,4.0,16.0
2552.0,delete,5.187819176594232,1944.0,186.0,5.6586691692272435,0.0,6.0,3.0,1.0,18.0
2553.0,add,5.771037934226072,1945.0,158.0,5.668560542179312,1.0,7.0,1.0,4.0,23.0
2554.0,delete,5.327974803406613,1946.0,207.0,5.89533086399257,1.0,5.0,2.0,3.0,20.0
2555.0,add,6.380590372591047,1947.0,222.0,5.875148930055713,1.0,3.0,4.0,4.0,16.0
2556.0,add,5.963412546526365,1948.0,231.0,5.7400100355761525,1.0,4.0,6.0,5.0,17.0
2557.0,add,5.1811630804453825,1949.0,238.0,5.259013048272625,1.0,5.0,6.0,5.0,15.0
2558.0,add,5.758852332671207,1950.0,237.0,5.268262275155534,1.0,4.0,6.0,5.0,15.0
2559.0,delete,5.802292777496191,1951.0,232.0,5.70406797642641,1.0,4.0,5.0,5.0,17.0
2560.0,add,5.225553277805038,1952.0,240.0,5.225508615127264,1.0,5.0,6.0,5.0,16.0
2561.0,delete,5.184056204938235,1952.0,240.0,5.225508615127264,1.0,4.0,6.0,5.0,16.0
2562.0,swap,5.263901297899689,1952.0,240.0,5.225508615127264,1.0,6.0,6.0,4.0,16.0
2563.0,delete,5.99817332653136,1953.0,81.0,5.816911766077978,6.0,7.0,3.0,3.0,16.0
2564.0,add,5.224822029978497,1954.0,30.0,5.679209988498219,10.0,6.0,5.0,6.0,13.0
2565.0,delete,5.757810011008434,1955.0,124.0,5.6598266305549165,4.0,5.0,3.0,3.0,15.0
2566.0,delete,5.487168542194739,1956.0,159.0,5.669953639456269,1.0,7.0,2.0,3.0,22.0
2567.0,delete,5.193911630425167,1957.0,187.0,5.665687634850465,1.0,5.0,3.0,1.0,17.0
2568.0,delete,5.392882540195662,1958.0,208.0,5.906376727690041,1.0,5.0,3.0,3.0,18.0
2569.0,delete,5.885252342533347,1959.0,223.0,5.840914501155863,1.0,3.0,3.0,4.0,16.0
2570.0,add,5.077658363143906,1960.0,239.0,5.224754848942556,1.0,5.0,6.0,5.0,16.0
2571.0,delete,5.186992869243434,1961.0,241.0,5.184056204938235,1.0,4.0,6.0,5.0,16.0
2572.0,add,5.589244080535396,1961.0,241.0,5.184056204938235,1.0,4.0,6.0,5.0,17.0
2573.0,delete,5.184056204938234,1961.0,241.0,5.184056204938235,1.0,4.0,6.0,4.0,16.0
2574.0,swap,5.638104337840867,1961.0,241.0,5.184056204938235,1.0,5.0,5.0,5.0,16.0
2575.0,delete,6.14302558510425,1962.0,82.0,5.813856470611845,6.0,6.0,3.0,3.0,16.0
2576.0,delete,5.865674874775652,1963.0,125.0,5.654580289960234,3.0,5.0,2.0,3.0,16.0
2577.0,add,5.874341311788847,1964.0,188.0,5.671392673260433,1.0,6.0,2.0,1.0,18.0
2578.0,add,5.427489165576096,1965.0,31.0,5.680630503124946,10.0,6.0,6.0,6.0,13.0
2579.0,delete,6.348793825588273,1966.0,160.0,5.6651299629484555,1.0,7.0,2.0,4.0,20.0
2580.0,delete,5.420122521213043,1967.0,209.0,5.921467962858128,1.0,5.0,3.0,3.0,17.0
2581.0,delete,5.789187257611407,1968.0,224.0,5.810584137492279,1.0,3.0,3.0,3.0,16.0
2582.0,delete,5.60814947831146,1969.0,233.0,5.614093936533474,1.0,4.0,4.0,5.0,17.0
2583.0,add,5.830462946492739,1970.0,238.0,5.273271068439522,1.0,4.0,6.0,5.0,16.0
2584.0,delete,5.76138130446215,1971.0,240.0,5.356490739499233,0.0,5.0,6.0,5.0,16.0
2585.0,delete,5.557288691843225,1972.0,234.0,5.589153828102951,1.0,4.0,5.0,5.0,15.0
2586.0,add,5.5898573679648775,1973.0,242.0,5.589244080535396,1.0,4.0,6.0,5.0,17.0
2587.0,add,5.594422633884783,1973.0,242.0,5.589244080535396,1.0,4.0,7.0,5.0,17.0
2588.0,delete,5.595553851505718,1973.0,242.0,5.589244080535396,1.0,4.0,5.0,5.0,17.0
2589.0,swap,5.637727463451993,1973.0,242.0,5.589244080535396,1.0,4.0,6.0,5.0,17.0
2590.0,delete,6.015954080654026,1974.0,83.0,5.811282668448191,6.0,6.0,2.0,3.0,16.0
2591.0,add,5.865737651555582,1975.0,126.0,5.650715580671074,3.0,5.0,3.0,2.0,17.0
2592.0,add,5.691303887385993,1976.0,32.0,5.680746860715394,10.0,7.0,6.0,6.0,13.0
2593.0,delete,5.97015475935621,1977.0,161.0,5.659535020386917,1.0,7.0,2.0,4.0,19.0
2594.0,add,5.334908753636497,1978.0,189.0,5.678960946457897,1.0,6.0,2.0,3.0,17.0
2595.0,delete,6.352593732172351,1979.0,210.0,5.91405106808654,1.0,5.0,3.0,3.0,16.0
2596.0,add,5.965320916540437,1980.0,225.0,5.791566022154824,1.0,3.0,3.0,3.0,17.0
2597.0,add,5.549876199983316,1981.0,239.0,5.411001276624398,1.0,6.0,6.0,5.0,15.0
2598.0,delete,5.8746386184026225,1982.0,235.0,5.5474215630635495,1.0,4.0,5.0,5.0,14.0
2599.0,add,4.962749447023003,1983.0,241.0,5.601361079468553,1.0,4.0,6.0,5.0,17.0
2600.0,delete,5.851827576422598,1984.0,84.0,5.80978852012326,6.0,5.0,2.0,3.0,16.0
2601.0,delete,5.289633695538274,1985.0,240.0,5.447649615071699,1.0,4.0,6.0,5.0,16.0
2602.0,add,5.595640501092888,1986.0,243.0,5.594422633884783,1.0,4.0,7.0,5.0,17.0
2603.0,add,5.621585104555478,1986.0,243.0,5.594422633884783,1.0,5.0,7.0,5.0,17.0
2604.0,delete,5.545737854431262,1986.0,243.0,5.594422633884783,1.0,3.0,7.0,5.0,17.0
2605.0,swap,5.648075305999312,1986.0,243.0,5.594422633884783,1.0,5.0,7.0,5.0,16.0
2606.0,add,5.049882498112749,1987.0,33.0,5.681727966421187,10.0,7.0,6.0,7.0,13.0
2607.0,add,5.842512483966412,1988.0,127.0,5.649106727898338,3.0,5.0,4.0,3.0,16.0
2608.0,delete,5.970154759356211,1989.0,162.0,5.652894608869788,1.0,7.0,2.0,3.0,19.0
2609.0,add,5.389266611440268,1990.0,190.0,5.684785856595294,1.0,6.0,2.0,2.0,19.0
2610.0,add,5.128026320190686,1991.0,211.0,5.891970198176704,1.0,5.0,3.0,3.0,17.0
2611.0,add,5.976556489842918,1992.0,226.0,5.756365500238219,1.0,4.0,3.0,4.0,16.0
2612.0,add,5.981355141120715,1993.0,236.0,5.472174171572587,1.0,5.0,5.0,5.0,14.0
2613.0,delete,4.7122220714854,1994.0,85.0,5.809769370165788,6.0,5.0,1.0,3.0,16.0
2614.0,add,5.589728062802734,1995.0,242.0,5.601092279992744,1.0,4.0,6.0,6.0,17.0
2615.0,add,5.186793095841814,1996.0,241.0,5.542756515749767,1.0,4.0,6.0,5.0,17.0
2616.0,delete,6.126511223070308,1997.0,163.0,5.64836483844142,1.0,6.0,2.0,3.0,19.0
2617.0,add,5.250050497513891,1998.0,128.0,5.64913772151972,3.0,5.0,3.0,3.0,18.0
2618.0,add,5.621585104555475,1999.0,244.0,5.621585104555478,1.0,5.0,7.0,5.0,17.0
2619.0,delete,5.621585104555476,1999.0,244.0,5.621585104555478,1.0,5.0,7.0,4.0,17.0
2620.0,swap,5.592387057162576,1999.0,244.0,5.621585104555478,1.0,5.0,7.0,6.0,16.0
2621.0,add,5.586935249863294,2000.0,34.0,5.684222230579845,10.0,8.0,6.0,6.0,14.0
2622.0,add,5.555415148186424,2001.0,191.0,5.689218502266638,1.0,6.0,2.0,2.0,20.0
2623.0,add,6.104233291104966,2002.0,212.0,5.875842013371544,1.0,5.0,3.0,3.0,18.0
2624.0,add,5.879154175575039,2003.0,227.0,5.733603415393544,1.0,4.0,3.0,4.0,17.0
2625.0,add,5.603945428721385,2004.0,243.0,5.614285592707251,1.0,4.0,7.0,5.0,18.0
2626.0,delete,5.617020226037299,2005.0,86.0,5.811678553616921,6.0,5.0,1.0,3.0,15.0
2627.0,add,5.2752619533301495,2006.0,237.0,5.423026449378257,1.0,4.0,6.0,5.0,15.0
2628.0,delete,5.621377403078364,2007.0,245.0,5.621585104555476,1.0,5.0,7.0,4.0,17.0
2629.0,delete,5.543273767483709,2007.0,245.0,5.621585104555476,1.0,4.0,7.0,4.0,17.0
2630.0,swap,6.052066983891663,2007.0,245.0,5.621585104555476,1.0,6.0,7.0,4.0,16.0
2631.0,delete,5.356776916876552,2008.0,129.0,5.652622324476557,3.0,5.0,3.0,3.0,17.0
2632.0,delete,6.612652981865196,2009.0,164.0,5.64237699826255,1.0,6.0,2.0,3.0,18.0
2633.0,delete,4.843681877949754,2010.0,192.0,5.691517023071423,1.0,6.0,2.0,2.0,19.0
2634.0,add,5.039131171728104,2011.0,35.0,5.687947004020861,10.0,10.0,6.0,6.0,13.0
2635.0,add,5.485111844130524,2012.0,213.0,5.861807295802101,1.0,5.0,3.0,4.0,18.0
2636.0,add,5.801690952111063,2013.0,228.0,5.7068795925071525,1.0,4.0,4.0,5.0,16.0
2637.0,add,5.428244043687254,2014.0,242.0,5.634723870170392,1.0,4.0,6.0,5.0,18.0
2638.0,delete,5.621585104555478,2015.0,244.0,5.709575814752303,1.0,5.0,7.0,4.0,17.0
2639.0,delete,5.558280502779819,2016.0,87.0,5.812162700260856,5.0,5.0,1.0,3.0,15.0
2640.0,delete,5.544774928790963,2017.0,246.0,5.543273767483709,1.0,4.0,7.0,4.0,17.0
2641.0,delete,5.54327376748371,2017.0,246.0,5.543273767483709,1.0,4.0,7.0,3.0,17.0
2642.0,swap,4.838422181515916,2017.0,246.0,5.543273767483709,1.0,4.0,6.0,5.0,17.0
2643.0,delete,5.356776916876552,2018.0,130.0,5.6546342151893585,3.0,5.0,3.0,3.0,16.0
2644.0,add,6.505741636520472,2019.0,165.0,5.626046740699393,1.0,6.0,3.0,3.0,18.0
2645.0,add,5.189296507729888,2020.0,238.0,5.450183918747938,1.0,4.0,6.0,5.0,16.0
2646.0,add,5.524129482752634,2021.0,243.0,5.568821828029183,1.0,4.0,7.0,5.0,18.0
2647.0,add,5.381570275372634,2022.0,193.0,5.694604768167458,1.0,6.0,3.0,2.0,19.0
2648.0,add,5.330265611328598,2023.0,36.0,5.689238687170489,10.0,9.0,7.0,6.0,14.0
2649.0,add,6.049088958588963,2024.0,214.0,5.84587740435149,1.0,5.0,3.0,4.0,19.0
2650.0,add,5.924994757507689,2025.0,229.0,5.669565696950198,1.0,4.0,4.0,5.0,17.0
2651.0,delete,5.640353742186891,2026.0,245.0,5.367436161318574,1.0,5.0,6.0,4.0,17.0
2652.0,delete,5.5159237610715515,2027.0,88.0,5.812152682403509,6.0,5.0,1.0,3.0,13.0
2653.0,delete,5.541272875798531,2028.0,247.0,5.54327376748371,1.0,4.0,7.0,3.0,17.0
2654.0,delete,5.6031410692849954,2028.0,247.0,5.54327376748371,1.0,4.0,6.0,3.0,17.0
2655.0,swap,5.836970357293119,2028.0,247.0,5.54327376748371,1.0,4.0,7.0,3.0,17.0
2656.0,delete,5.356776916876552,2029.0,131.0,5.658230210835616,3.0,4.0,3.0,3.0,16.0
2657.0,delete,6.44490419532678,2030.0,166.0,5.6152752197385505,1.0,7.0,1.0,3.0,18.0
2658.0,add,5.478984213871665,2031.0,239.0,5.488055638570192,1.0,5.0,6.0,5.0,16.0
2659.0,delete,5.621585104555478,2032.0,244.0,5.5840081071599,1.0,5.0,7.0,5.0,16.0
2660.0,delete,5.512630360292819,2033.0,246.0,5.631164517465089,1.0,4.0,7.0,4.0,16.0
2661.0,add,5.782497459063575,2034.0,194.0,5.701680681752084,1.0,6.0,2.0,2.0,21.0
2662.0,add,5.246292180504514,2035.0,37.0,5.69083658643721,10.0,9.0,7.0,7.0,14.0
2663.0,add,6.301971630159975,2036.0,215.0,5.835277122256184,1.0,6.0,3.0,4.0,19.0
2664.0,add,5.939765268344533,2037.0,230.0,5.644739572252556,1.0,4.0,5.0,5.0,17.0
2665.0,delete,5.418889099673807,2038.0,89.0,5.8140468314461975,6.0,4.0,1.0,3.0,13.0
2666.0,delete,5.572793544114512,2039.0,248.0,5.6031410692849954,1.0,4.0,6.0,3.0,17.0
2667.0,delete,5.209716343920473,2039.0,248.0,5.6031410692849954,1.0,4.0,6.0,3.0,16.0
2668.0,swap,6.342407584705459,2039.0,248.0,5.6031410692849954,1.0,4.0,7.0,3.0,16.0
2669.0,delete,5.225508615127263,2040.0,240.0,5.535971518160933,1.0,5.0,6.0,4.0,16.0
2670.0,add,6.213817481646822,2041.0,132.0,5.6603998251462295,3.0,5.0,3.0,3.0,16.0
2671.0,add,6.188901391194794,2042.0,167.0,5.603690561395796,1.0,7.0,2.0,2.0,19.0
2672.0,delete,5.621585104555476,2043.0,245.0,5.56075254357259,1.0,5.0,7.0,3.0,17.0
2673.0,delete,5.5509662597423794,2044.0,247.0,5.68201463550636,1.0,4.0,6.0,3.0,17.0
2674.0,delete,6.1264163919548125,2045.0,216.0,5.826416800095271,1.0,5.0,3.0,4.0,19.0
2675.0,add,4.6793298966146075,2046.0,195.0,5.7122745945125,1.0,6.0,2.0,2.0,22.0
2676.0,add,5.619707628533911,2047.0,38.0,5.693697179181099,10.0,9.0,7.0,6.0,16.0
2677.0,delete,5.211253380691338,2048.0,249.0,5.209716343920473,1.0,4.0,6.0,3.0,16.0
2678.0,delete,5.166279915276988,2048.0,249.0,5.209716343920473,1.0,4.0,6.0,3.0,15.0
2679.0,swap,4.918164215901207,2048.0,249.0,5.209716343920473,1.0,4.0,5.0,4.0,16.0
2680.0,delete,6.324801026951905,2049.0,90.0,5.813315079006111,5.0,4.0,1.0,2.0,14.0
2681.0,add,5.908803773040102,2050.0,231.0,5.604146030182732,1.0,4.0,5.0,5.0,18.0
2682.0,add,5.405876315602579,2051.0,241.0,5.52981756373445,1.0,4.0,7.0,5.0,16.0
2683.0,delete,5.580476845542645,2052.0,246.0,5.5007391395421275,1.0,4.0,6.0,4.0,17.0
2684.0,add,5.282969933287397,2053.0,133.0,5.658949045151545,3.0,5.0,3.0,3.0,17.0
2685.0,add,5.246861845093336,2054.0,168.0,5.595998377937604,1.0,8.0,2.0,3.0,18.0
2686.0,delete,5.475470373325205,2055.0,248.0,5.126353463947502,1.0,3.0,6.0,3.0,17.0
2687.0,delete,6.127992436440311,2056.0,217.0,5.80704500272469,1.0,5.0,3.0,4.0,18.0
2688.0,delete,5.169502579208024,2057.0,196.0,5.715628276842362,1.0,6.0,2.0,2.0,21.0
2689.0,delete,5.1645042843606985,2058.0,250.0,5.166279915276988,1.0,4.0,6.0,3.0,15.0
2690.0,add,5.482354546283862,2058.0,250.0,5.166279915276988,1.0,4.0,6.0,3.0,16.0
2691.0,delete,5.002031957397343,2058.0,250.0,5.166279915276988,1.0,3.0,6.0,3.0,15.0
2692.0,swap,5.84943437875152,2058.0,250.0,5.166279915276988,1.0,3.0,7.0,3.0,15.0
2693.0,add,5.187257000935735,2059.0,39.0,5.695242121419873,10.0,9.0,7.0,7.0,16.0
2694.0,delete,6.316661468799612,2060.0,91.0,5.807312873808304,4.0,4.0,1.0,3.0,13.0
2695.0,delete,5.870125310071861,2061.0,232.0,5.573963213971967,1.0,4.0,5.0,5.0,17.0
2696.0,add,5.573667111084626,2062.0,242.0,5.529621334999538,1.0,4.0,6.0,5.0,18.0
2697.0,delete,5.417506609968658,2063.0,247.0,5.426809065673538,1.0,4.0,7.0,3.0,16.0
2698.0,add,4.660302412691217,2064.0,134.0,5.659441675253403,3.0,6.0,3.0,3.0,17.0
2699.0,add,5.253065937769709,2065.0,169.0,5.6006522367785045,1.0,8.0,2.0,2.0,20.0
2700.0,delete,5.6173205383762195,2066.0,218.0,5.789563704777749,1.0,5.0,3.0,4.0,17.0
2701.0,delete,5.247867890978505,2067.0,197.0,5.7230155070619375,1.0,6.0,1.0,2.0,21.0
2702.0,delete,5.206233980083112,2068.0,249.0,5.332921016414082,1.0,4.0,5.0,3.0,16.0
2703.0,delete,6.660416631962047,2069.0,92.0,5.801527962271906,4.0,3.0,1.0,3.0,13.0
2704.0,add,5.71129296086514,2070.0,40.0,5.697575793475329,10.0,9.0,7.0,6.0,18.0
2705.0,delete,5.696103807087904,2071.0,233.0,5.555342941256155,1.0,4.0,5.0,4.0,17.0
2706.0,add,5.499819148218906,2072.0,251.0,5.482354546283862,1.0,4.0,6.0,3.0,16.0
2707.0,add,5.481141839920879,2072.0,251.0,5.482354546283862,1.0,4.0,6.0,4.0,16.0
2708.0,delete,5.482354546283862,2072.0,251.0,5.482354546283862,1.0,4.0,6.0,3.0,15.0
2709.0,swap,5.569587748365762,2072.0,251.0,5.482354546283862,1.0,5.0,6.0,3.0,15.0
2710.0,add,5.605065012781658,2073.0,243.0,5.510513526562178,1.0,5.0,7.0,5.0,17.0
2711.0,delete,5.946169741464863,2074.0,219.0,5.775343099053856,1.0,5.0,3.0,3.0,17.0
2712.0,add,5.775199548583759,2075.0,135.0,5.66751252121302,3.0,6.0,4.0,3.0,17.0
2713.0,add,5.181644706426614,2076.0,170.0,5.605644357344217,1.0,8.0,3.0,3.0,19.0
2714.0,delete,5.247787318689213,2077.0,198.0,5.729405197381307,1.0,6.0,1.0,2.0,20.0
2715.0,delete,5.661861408199786,2078.0,248.0,5.337024761341511,1.0,4.0,6.0,3.0,16.0
2716.0,delete,5.7173538765136165,2079.0,234.0,5.53852813670825,1.0,4.0,4.0,5.0,16.0
2717.0,delete,4.577037053618707,2080.0,41.0,5.698985811104088,10.0,9.0,8.0,6.0,16.0
2718.0,add,6.335438607654456,2081.0,93.0,5.795501069233436,5.0,2.0,1.0,3.0,14.0
2719.0,add,5.16435672449396,2082.0,250.0,5.503051565814654,1.0,4.0,6.0,3.0,16.0
2720.0,delete,5.236213304748444,2083.0,249.0,5.369827188130627,1.0,4.0,6.0,3.0,15.0
2721.0,add,5.525908670246009,2084.0,252.0,5.481141839920879,1.0,4.0,6.0,4.0,16.0
2722.0,add,5.678353290711198,2084.0,252.0,5.481141839920879,1.0,4.0,6.0,4.0,17.0
2723.0,delete,5.4761281333360055,2084.0,252.0,5.481141839920879,1.0,4.0,5.0,4.0,16.0
2724.0,swap,5.377479113885701,2084.0,252.0,5.481141839920879,1.0,4.0,7.0,4.0,15.0
2725.0,delete,5.614940802767023,2085.0,136.0,5.670074310129944,3.0,6.0,3.0,3.0,17.0
2726.0,delete,5.279056639926722,2086.0,199.0,5.734548774970884,1.0,6.0,1.0,2.0,19.0
2727.0,add,5.3493567723865505,2087.0,171.0,5.610273656543002,1.0,9.0,3.0,2.0,20.0
2728.0,delete,6.057605172129169,2088.0,220.0,5.752201639918904,1.0,4.0,2.0,4.0,17.0
2729.0,delete,5.983444357862676,2089.0,235.0,5.512117888593061,1.0,4.0,5.0,5.0,14.0
2730.0,delete,4.701214052963628,2090.0,42.0,5.704194166060071,9.0,9.0,8.0,6.0,16.0
2731.0,delete,5.630455651874733,2091.0,244.0,5.489431609848743,1.0,5.0,6.0,5.0,17.0
2732.0,add,6.342212002222613,2092.0,94.0,5.789308740218861,5.0,2.0,1.0,4.0,14.0
2733.0,add,5.498507950747436,2093.0,251.0,5.507802209619959,1.0,5.0,6.0,3.0,16.0
2734.0,add,5.1527705532676125,2094.0,250.0,5.475999246590326,1.0,4.0,6.0,3.0,16.0
2735.0,add,5.678379147723569,2095.0,253.0,5.678353290711198,1.0,4.0,6.0,4.0,17.0
2736.0,add,5.658050142285482,2095.0,253.0,5.678353290711198,1.0,4.0,7.0,4.0,17.0
2737.0,delete,5.481141839920879,2095.0,253.0,5.678353290711198,1.0,4.0,6.0,4.0,16.0
2738.0,swap,5.811381370580142,2095.0,253.0,5.678353290711198,1.0,4.0,7.0,4.0,16.0
2739.0,delete,5.599504340150317,2096.0,137.0,5.670387994584583,3.0,6.0,3.0,2.0,17.0
2740.0,delete,4.986679046389617,2097.0,200.0,5.744405903867183,1.0,4.0,1.0,2.0,20.0
2741.0,add,5.796391864208614,2098.0,172.0,5.61531686163537,1.0,9.0,3.0,2.0,21.0
2742.0,delete,6.333237022249268,2099.0,221.0,5.735410026833735,1.0,4.0,3.0,4.0,15.0
2743.0,delete,3.6805307561935767,2100.0,43.0,5.7109211015583226,8.0,8.0,8.0,6.0,17.0
2744.0,add,5.939593993877659,2101.0,236.0,5.487000024487272,1.0,4.0,5.0,5.0,15.0
2745.0,delete,5.586386018364134,2102.0,245.0,5.471636364468741,1.0,5.0,7.0,3.0,17.0
2746.0,add,6.263660721871858,2103.0,95.0,5.783737796726483,5.0,2.0,1.0,4.0,15.0
2747.0,add,5.65519105175421,2104.0,252.0,5.661461158244255,1.0,4.0,7.0,4.0,16.0
2748.0,add,5.545326667581752,2105.0,251.0,5.574696595555592,1.0,4.0,6.0,3.0,17.0
2749.0,delete,5.417506609968659,2106.0,246.0,5.482585520576669,1.0,4.0,7.0,4.0,16.0
2750.0,add,5.661771970927473,2107.0,254.0,5.658050142285482,1.0,4.0,7.0,4.0,17.0
2751.0,delete,5.550482404483733,2107.0,254.0,5.658050142285482,1.0,4.0,7.0,4.0,16.0
2752.0,swap,5.476153166679627,2107.0,254.0,5.658050142285482,1.0,4.0,7.0,4.0,17.0
2753.0,delete,5.572951453507033,2108.0,138.0,5.66902874920408,3.0,6.0,3.0,2.0,16.0
2754.0,delete,5.265519412321594,2109.0,201.0,5.748983405836576,1.0,5.0,1.0,2.0,18.0
2755.0,add,5.774864327551833,2110.0,173.0,5.6148448188874225,1.0,10.0,4.0,2.0,20.0
2756.0,delete,4.8805694592150415,2111.0,44.0,5.720801569916378,8.0,8.0,7.0,6.0,17.0
2757.0,add,6.329224266197767,2112.0,222.0,5.709575800839849,1.0,3.0,3.0,4.0,17.0
2758.0,add,5.244356888451774,2113.0,237.0,5.4652223551678665,1.0,4.0,6.0,5.0,15.0
2759.0,delete,6.263660721871859,2114.0,96.0,5.779277179975159,5.0,2.0,1.0,3.0,15.0
2760.0,add,5.553908269579193,2115.0,253.0,5.586614421094079,1.0,4.0,6.0,4.0,18.0
2761.0,delete,5.557349195335496,2116.0,255.0,5.550482404483733,1.0,4.0,7.0,4.0,16.0
2762.0,add,5.5399458214607655,2116.0,255.0,5.550482404483733,1.0,4.0,7.0,4.0,17.0
2763.0,delete,5.5243311329475455,2116.0,255.0,5.550482404483733,1.0,3.0,7.0,4.0,16.0
2764.0,swap,5.645735073992541,2116.0,255.0,5.550482404483733,1.0,5.0,7.0,3.0,16.0
2765.0,add,6.08500439158309,2117.0,139.0,5.665204816724568,3.0,6.0,3.0,2.0,17.0
2766.0,add,5.850484617592836,2118.0,202.0,5.747101750599765,1.0,5.0,1.0,2.0,19.0
2767.0,delete,6.426517865041938,2119.0,223.0,5.692506724638478,0.0,3.0,3.0,4.0,17.0
2768.0,delete,5.670381994742407,2120.0,174.0,5.614402963059348,1.0,8.0,4.0,2.0,21.0
2769.0,delete,3.787143030673029,2121.0,45.0,5.731726869267492,8.0,9.0,7.0,5.0,16.0
2770.0,delete,5.663259882667153,2122.0,247.0,5.48371162217823,1.0,4.0,7.0,3.0,16.0
2771.0,add,5.393456582045979,2123.0,252.0,5.605155277027277,1.0,4.0,6.0,4.0,17.0
2772.0,add,5.460112961516326,2124.0,238.0,5.47864603131615,1.0,4.0,7.0,5.0,15.0
2773.0,add,6.2549305658729955,2125.0,97.0,5.774278498490881,5.0,2.0,2.0,3.0,15.0
2774.0,delete,5.802534216349142,2126.0,254.0,5.563568725644016,1.0,4.0,7.0,4.0,16.0
2775.0,delete,5.6009948048990355,2127.0,248.0,5.462181124668328,1.0,4.0,5.0,3.0,17.0
2776.0,add,5.559756774645306,2128.0,256.0,5.5399458214607655,1.0,4.0,7.0,4.0,17.0
2777.0,delete,5.536741020059946,2128.0,256.0,5.5399458214607655,1.0,3.0,7.0,4.0,17.0
2778.0,swap,5.554833925788316,2128.0,256.0,5.5399458214607655,1.0,4.0,7.0,3.0,18.0
2779.0,add,6.103103942831287,2129.0,140.0,5.662956188108388,3.0,6.0,3.0,3.0,17.0
2780.0,add,5.91579162499062,2130.0,203.0,5.744708269020142,1.0,5.0,2.0,2.0,19.0
2781.0,delete,5.647531700273509,2131.0,175.0,5.614420208670155,0.0,9.0,4.0,1.0,21.0
2782.0,delete,5.40714205915868,2132.0,224.0,5.680251786150482,1.0,3.0,3.0,3.0,16.0
2783.0,add,4.415391775062728,2133.0,46.0,5.740978188814053,8.0,9.0,6.0,6.0,17.0
2784.0,add,5.632112221259805,2134.0,253.0,5.586276393425735,1.0,4.0,7.0,4.0,17.0
2785.0,add,5.696341184103869,2135.0,255.0,5.547819385488584,1.0,4.0,7.0,4.0,17.0
2786.0,delete,6.685169572431468,2136.0,98.0,5.769734453146923,4.0,2.0,1.0,4.0,15.0
2787.0,add,5.108796204192588,2137.0,239.0,5.499360099808323,1.0,5.0,6.0,6.0,15.0
2788.0,delete,4.6803902358554295,2138.0,249.0,5.5007277760483095,1.0,4.0,6.0,3.0,15.0
2789.0,delete,5.536741020059947,2139.0,257.0,5.536741020059946,1.0,3.0,7.0,4.0,17.0
2790.0,add,5.564653115756505,2139.0,257.0,5.536741020059946,1.0,3.0,8.0,4.0,17.0
2791.0,delete,5.536919190184362,2139.0,257.0,5.536741020059946,1.0,3.0,7.0,3.0,17.0
2792.0,swap,5.544024803907462,2139.0,257.0,5.536741020059946,1.0,3.0,7.0,4.0,17.0
2793.0,add,5.6829022388606365,2140.0,141.0,5.660199627542303,3.0,6.0,2.0,3.0,19.0
2794.0,delete,5.609829996777574,2141.0,176.0,5.609365130814872,1.0,9.0,2.0,1.0,21.0
2795.0,add,5.4420675011273225,2142.0,204.0,5.745035835698617,1.0,5.0,2.0,2.0,20.0
2796.0,delete,4.920143200005674,2143.0,47.0,5.745165252155577,8.0,9.0,5.0,6.0,17.0
2797.0,add,5.99551341416474,2144.0,225.0,5.662514041345799,1.0,3.0,4.0,3.0,16.0
2798.0,delete,6.042518255392939,2145.0,254.0,5.582170634219638,1.0,4.0,7.0,4.0,16.0
2799.0,delete,5.289503546148618,2146.0,240.0,5.509985243468379,1.0,5.0,5.0,5.0,16.0
2800.0,add,5.7145294136702685,2147.0,99.0,5.765164340413181,5.0,2.0,1.0,4.0,15.0
2801.0,delete,5.5399458214607655,2148.0,256.0,5.543815829993645,1.0,4.0,7.0,4.0,16.0
2802.0,add,5.147826693667474,2149.0,250.0,5.555602247487895,1.0,4.0,6.0,3.0,16.0
2803.0,add,5.564633884488117,2150.0,258.0,5.564653115756505,1.0,3.0,8.0,4.0,17.0
2804.0,add,5.235447269540921,2150.0,258.0,5.564653115756505,1.0,3.0,8.0,4.0,18.0
2805.0,delete,4.943791374870221,2150.0,258.0,5.564653115756505,1.0,3.0,8.0,4.0,16.0
2806.0,swap,5.554537685299148,2150.0,258.0,5.564653115756505,1.0,3.0,8.0,4.0,17.0
2807.0,add,5.683704296800081,2151.0,142.0,5.658622018520126,3.0,6.0,2.0,4.0,19.0
2808.0,delete,5.76930887102017,2152.0,177.0,5.605745465984886,1.0,8.0,3.0,1.0,20.0
2809.0,delete,5.407256855242956,2153.0,48.0,5.746349556473869,8.0,9.0,5.0,6.0,16.0
2810.0,add,5.353868353023141,2154.0,205.0,5.744598576222861,1.0,5.0,2.0,2.0,21.0
2811.0,add,5.8870072851904425,2155.0,226.0,5.641034680735673,1.0,3.0,3.0,4.0,17.0
2812.0,add,5.555092006597775,2156.0,255.0,5.493450920830404,1.0,4.0,7.0,4.0,17.0
2813.0,add,5.071988585816684,2157.0,241.0,5.510686630760889,1.0,4.0,7.0,5.0,16.0
2814.0,add,5.663168392424747,2158.0,100.0,5.762927188384138,5.0,2.0,2.0,4.0,15.0
2815.0,add,5.53678592926882,2159.0,257.0,5.372612665990983,1.0,3.0,7.0,5.0,17.0
2816.0,add,5.187613095368694,2160.0,251.0,5.556603398337921,1.0,4.0,6.0,3.0,17.0
2817.0,delete,5.5352362647834195,2161.0,256.0,5.46311101044511,1.0,3.0,7.0,4.0,17.0
2818.0,add,5.235447269540921,2162.0,259.0,5.235447269540921,1.0,3.0,8.0,4.0,18.0
2819.0,delete,5.230747606072034,2162.0,259.0,5.235447269540921,1.0,3.0,8.0,4.0,17.0
2820.0,swap,5.2752983762444305,2162.0,259.0,5.235447269540921,1.0,4.0,8.0,4.0,17.0
2821.0,add,5.008926479567495,2163.0,143.0,5.658650214132294,3.0,6.0,2.0,3.0,21.0
2822.0,delete,5.826427621020409,2164.0,49.0,5.746215417977011,8.0,8.0,5.0,6.0,16.0
2823.0,add,5.434909000796745,2165.0,178.0,5.598736757175998,1.0,8.0,3.0,1.0,21.0
2824.0,add,5.33352840204668,2166.0,206.0,5.744981806276551,1.0,5.0,2.0,3.0,21.0
2825.0,add,5.875353016034617,2167.0,227.0,5.617583739780701,1.0,4.0,3.0,4.0,17.0
2826.0,add,5.581559435572213,2168.0,258.0,5.244235130349576,1.0,3.0,8.0,4.0,18.0
2827.0,add,5.668473871949537,2169.0,242.0,5.506911006789567,1.0,4.0,6.0,5.0,18.0
2828.0,add,6.514212014011982,2170.0,101.0,5.7602652917861645,5.0,4.0,2.0,4.0,14.0
2829.0,delete,5.243740097509036,2171.0,260.0,5.230747606072034,1.0,3.0,8.0,4.0,17.0
2830.0,add,5.230678486835153,2171.0,260.0,5.230747606072034,1.0,3.0,8.0,5.0,17.0
2831.0,delete,5.235379955585585,2171.0,260.0,5.230747606072034,1.0,3.0,7.0,4.0,17.0
2832.0,swap,5.229089815635197,2171.0,260.0,5.230747606072034,1.0,3.0,9.0,3.0,17.0
2833.0,delete,6.05554516311559,2172.0,179.0,5.591192935386669,1.0,8.0,3.0,1.0,20.0
2834.0,delete,3.5692030860717137,2173.0,144.0,5.662961753555343,3.0,6.0,1.0,3.0,21.0
2835.0,delete,5.685801144102799,2174.0,50.0,5.744414653012248,8.0,7.0,4.0,6.0,17.0
2836.0,add,5.879161967457664,2175.0,228.0,5.595415387749714,1.0,4.0,3.0,5.0,17.0
2837.0,delete,5.239222465452884,2176.0,207.0,5.746493981551674,1.0,4.0,3.0,3.0,20.0
2838.0,add,5.302466055180644,2177.0,252.0,5.514290892077123,1.0,4.0,6.0,4.0,17.0
2839.0,add,5.554085818476282,2178.0,257.0,5.332985021587022,1.0,4.0,7.0,4.0,17.0
2840.0,delete,5.071822654496081,2179.0,259.0,5.233927192327402,1.0,3.0,7.0,4.0,18.0
2841.0,add,5.530665079602703,2180.0,243.0,5.486241863365401,1.0,4.0,7.0,5.0,18.0
2842.0,add,6.336388893005542,2181.0,102.0,5.7548811591889235,5.0,3.0,2.0,4.0,16.0
2843.0,add,5.224447763735158,2182.0,261.0,5.230678486835153,1.0,3.0,8.0,5.0,17.0
2844.0,add,5.228803773090222,2182.0,261.0,5.230678486835153,1.0,3.0,8.0,5.0,18.0
2845.0,delete,5.230747606072034,2182.0,261.0,5.230678486835153,1.0,3.0,8.0,4.0,17.0
2846.0,swap,5.2383271460112555,2182.0,261.0,5.230678486835153,1.0,4.0,7.0,5.0,17.0
2847.0,delete,5.0022299586139,2183.0,145.0,5.665187302270387,3.0,6.0,2.0,3.0,19.0
2848.0,delete,5.95540854454856,2184.0,180.0,5.5828660329276705,1.0,7.0,3.0,1.0,20.0
2849.0,add,5.724245714238702,2185.0,51.0,5.742289506332745,8.0,7.0,5.0,6.0,17.0
2850.0,delete,5.027165494145653,2186.0,208.0,5.747928487306973,1.0,5.0,3.0,3.0,18.0
2851.0,add,5.933023529128039,2187.0,229.0,5.572443105419006,1.0,5.0,4.0,5.0,16.0
2852.0,add,6.107731841647466,2188.0,253.0,5.463108308247245,1.0,4.0,7.0,4.0,17.0
2853.0,add,5.474489594958814,2189.0,258.0,5.249395518281446,1.0,3.0,8.0,4.0,18.0
2854.0,delete,5.496633229129948,2190.0,244.0,5.475809025473104,1.0,5.0,7.0,5.0,16.0
2855.0,add,5.575422404261835,2191.0,260.0,5.230600955148764,1.0,3.0,8.0,4.0,18.0
2856.0,add,6.336518390802105,2192.0,103.0,5.748233554091215,5.0,4.0,2.0,4.0,16.0
2857.0,delete,5.479071949413166,2193.0,254.0,5.449191414740342,1.0,4.0,7.0,4.0,16.0
2858.0,delete,5.286840106240041,2194.0,259.0,5.249018846300327,1.0,3.0,8.0,4.0,17.0
2859.0,delete,4.887087356328342,2195.0,181.0,5.581076680018878,1.0,7.0,3.0,0.0,20.0
2860.0,delete,5.002247368537707,2196.0,146.0,5.66925894003744,3.0,6.0,1.0,2.0,20.0
2861.0,add,5.228751188757873,2197.0,262.0,5.228803773090222,1.0,3.0,8.0,5.0,18.0
2862.0,delete,5.228803773090223,2197.0,262.0,5.228803773090222,1.0,3.0,8.0,4.0,18.0
2863.0,swap,5.2318020139392925,2197.0,262.0,5.228803773090222,1.0,3.0,8.0,6.0,17.0
2864.0,add,5.4727514916677205,2198.0,52.0,5.740177128555754,8.0,8.0,5.0,6.0,17.0
2865.0,delete,5.128026320190686,2199.0,209.0,5.755309929119129,1.0,5.0,3.0,3.0,17.0
2866.0,add,5.797113387341956,2200.0,230.0,5.5531170858658365,1.0,4.0,5.0,5.0,17.0
2867.0,delete,5.621585104555476,2201.0,245.0,5.454848594916156,1.0,5.0,7.0,3.0,17.0
2868.0,add,5.221428464010581,2202.0,261.0,5.229540187219403,1.0,3.0,9.0,5.0,17.0
2869.0,delete,5.235106521499673,2203.0,263.0,5.228803773090223,1.0,3.0,8.0,4.0,18.0
2870.0,delete,5.213168158706754,2203.0,263.0,5.228803773090223,1.0,3.0,7.0,4.0,18.0
2871.0,swap,5.300264923501776,2203.0,263.0,5.228803773090223,1.0,3.0,8.0,4.0,18.0
2872.0,add,6.147926643838044,2204.0,104.0,5.739331141911258,5.0,5.0,2.0,4.0,16.0
2873.0,delete,6.07547769588148,2205.0,147.0,5.671815836123561,3.0,5.0,1.0,3.0,19.0
2874.0,add,4.9445172162680375,2206.0,182.0,5.586556990164705,1.0,8.0,3.0,1.0,19.0
2875.0,delete,6.318190045076225,2207.0,210.0,5.749600055216242,1.0,5.0,3.0,3.0,16.0
2876.0,delete,5.788421189654801,2208.0,53.0,5.739158391208935,8.0,7.0,6.0,6.0,16.0
2877.0,add,5.5530317678306576,2209.0,255.0,5.374187318198005,1.0,4.0,7.0,5.0,16.0
2878.0,add,5.230225463863501,2210.0,260.0,5.260596324885525,1.0,3.0,8.0,5.0,17.0
2879.0,add,5.960402399034573,2211.0,231.0,5.530861188794332,1.0,4.0,6.0,5.0,17.0
2880.0,delete,5.924341207890588,2212.0,246.0,5.444833198411409,0.0,4.0,7.0,4.0,17.0
2881.0,delete,5.251274745754227,2213.0,262.0,5.244335844199607,1.0,2.0,8.0,5.0,18.0
2882.0,delete,5.21036020769347,2214.0,264.0,5.213168158706754,1.0,3.0,7.0,4.0,18.0
2883.0,add,5.157517783072239,2214.0,264.0,5.213168158706754,1.0,3.0,7.0,4.0,19.0
2884.0,delete,4.87304675546562,2214.0,264.0,5.213168158706754,1.0,3.0,7.0,4.0,17.0
2885.0,swap,5.666357127478407,2214.0,264.0,5.213168158706754,1.0,3.0,7.0,4.0,18.0
2886.0,delete,6.336518390802105,2215.0,105.0,5.734364199527208,5.0,4.0,2.0,4.0,16.0
2887.0,delete,6.235468732774603,2216.0,148.0,5.667859573819705,2.0,5.0,1.0,3.0,19.0
2888.0,delete,4.727817662437446,2217.0,183.0,5.593299206862682,1.0,6.0,3.0,1.0,20.0
2889.0,add,5.520320906940384,2218.0,211.0,5.733170559999947,1.0,5.0,3.0,3.0,17.0
2890.0,add,5.6822600594108135,2219.0,54.0,5.737808654776398,8.0,8.0,5.0,6.0,17.0
2891.0,delete,5.545065493036098,2220.0,256.0,5.329154581353562,1.0,3.0,7.0,4.0,17.0
2892.0,delete,6.358182108992898,2221.0,232.0,5.513075960636105,1.0,4.0,5.0,5.0,17.0
2893.0,delete,5.92434120789059,2222.0,247.0,5.427887034647884,0.0,4.0,7.0,3.0,17.0
2894.0,add,5.3070001848060455,2223.0,261.0,5.234360418158489,1.0,3.0,8.0,5.0,18.0
2895.0,delete,5.0690124250984345,2224.0,263.0,5.224090006483298,1.0,3.0,8.0,4.0,17.0
2896.0,delete,6.38250230718968,2225.0,106.0,5.729911124297054,5.0,4.0,1.0,3.0,17.0
2897.0,add,5.157213442961568,2226.0,265.0,5.157517783072239,1.0,3.0,7.0,4.0,19.0
2898.0,add,5.157907352645076,2226.0,265.0,5.157517783072239,1.0,3.0,7.0,5.0,19.0
2899.0,delete,5.1646190376743535,2226.0,265.0,5.157517783072239,1.0,3.0,7.0,4.0,18.0
2900.0,swap,6.43792164370395,2226.0,265.0,5.157517783072239,1.0,4.0,6.0,4.0,19.0
2901.0,add,5.813422965495663,2227.0,149.0,5.665075619081444,3.0,5.0,1.0,3.0,19.0
2902.0,delete,4.900262016542081,2228.0,184.0,5.59817024201629,1.0,7.0,2.0,1.0,19.0
2903.0,add,6.047838339583455,2229.0,212.0,5.723113533039759,1.0,5.0,3.0,4.0,17.0
2904.0,add,5.569042771308057,2230.0,55.0,5.737633855790579,8.0,9.0,5.0,7.0,16.0
2905.0,delete,5.696003704254478,2231.0,233.0,5.501530749536306,1.0,4.0,5.0,5.0,16.0
2906.0,delete,5.606652388922128,2232.0,248.0,5.40968702618128,1.0,4.0,5.0,3.0,17.0
2907.0,add,5.518978233839097,2233.0,257.0,5.306870437697217,1.0,3.0,7.0,4.0,18.0
2908.0,delete,5.069674951148977,2234.0,262.0,5.294469564167555,1.0,2.0,8.0,5.0,18.0
2909.0,delete,6.703717335674435,2235.0,107.0,5.723347641420288,4.0,4.0,1.0,4.0,16.0
2910.0,add,5.148250583109994,2236.0,264.0,5.415035852011437,1.0,3.0,7.0,4.0,19.0
2911.0,delete,5.069674951148978,2237.0,263.0,5.295943137964533,1.0,2.0,8.0,4.0,18.0
2912.0,delete,6.299814818662518,2238.0,185.0,5.602584251190927,1.0,7.0,3.0,1.0,17.0
2913.0,add,5.54808048276561,2239.0,258.0,5.268145411808511,1.0,3.0,8.0,4.0,18.0
2914.0,add,5.8161696478949,2240.0,150.0,5.66099414868423,3.0,6.0,1.0,4.0,18.0
2915.0,add,5.169051181585292,2241.0,266.0,5.157907352645076,1.0,3.0,7.0,5.0,19.0
2916.0,add,5.169535469811865,2241.0,266.0,5.157907352645076,1.0,4.0,7.0,5.0,19.0
2917.0,delete,5.173798191705387,2241.0,266.0,5.157907352645076,1.0,3.0,6.0,5.0,19.0
2918.0,swap,5.233070974348781,2241.0,266.0,5.157907352645076,1.0,3.0,8.0,5.0,18.0
2919.0,add,5.325089885270975,2242.0,56.0,5.737871073059484,8.0,10.0,5.0,6.0,17.0
2920.0,add,5.5463348550180855,2243.0,213.0,5.703169526601208,1.0,5.0,3.0,4.0,18.0
2921.0,delete,5.73206544146914,2244.0,234.0,5.480752554075624,1.0,4.0,5.0,5.0,15.0
2922.0,delete,6.808418071117138,2245.0,108.0,5.713970290009011,4.0,3.0,0.0,4.0,17.0
2923.0,delete,5.209716343920473,2246.0,249.0,5.3981974396477845,1.0,4.0,6.0,2.0,16.0
2924.0,add,5.498176589756807,2247.0,265.0,5.18067263401928,1.0,3.0,7.0,4.0,20.0
2925.0,delete,5.333072851948327,2248.0,186.0,5.602788627723338,1.0,6.0,2.0,1.0,18.0
2926.0,delete,5.235447269540921,2249.0,259.0,5.253822090304688,1.0,3.0,8.0,4.0,17.0
2927.0,add,5.558998579094213,2250.0,264.0,5.315187477306846,1.0,3.0,7.0,4.0,19.0
2928.0,add,5.8908950150019175,2251.0,151.0,5.6553924284376205,3.0,6.0,1.0,4.0,19.0
2929.0,delete,6.29452811886001,2252.0,235.0,5.467084133621676,1.0,4.0,5.0,5.0,14.0
2930.0,add,5.169535469811866,2253.0,267.0,5.169535469811865,1.0,4.0,7.0,5.0,19.0
2931.0,add,5.130550178050182,2253.0,267.0,5.169535469811865,1.0,4.0,7.0,5.0,20.0
2932.0,delete,5.120926895675019,2253.0,267.0,5.169535469811865,1.0,3.0,7.0,5.0,19.0
2933.0,swap,5.169535469811865,2253.0,267.0,5.169535469811865,1.0,4.0,7.0,6.0,18.0
2934.0,delete,5.224076616417922,2254.0,57.0,5.738592491832451,8.0,9.0,5.0,5.0,18.0
2935.0,delete,6.8054403956799785,2255.0,109.0,5.704709246468656,4.0,4.0,0.0,3.0,16.0
2936.0,add,5.246372658420515,2256.0,214.0,5.693146257020909,1.0,5.0,3.0,4.0,19.0
2937.0,add,5.974523626560081,2257.0,250.0,5.403702986269378,1.0,4.0,6.0,3.0,16.0
2938.0,delete,5.336049620556795,2258.0,187.0,5.605917646727676,1.0,5.0,3.0,1.0,17.0
2939.0,add,5.487698666096566,2259.0,266.0,5.15201669663216,1.0,3.0,7.0,5.0,20.0
2940.0,add,5.2861832922625895,2260.0,260.0,5.26253042422781,1.0,3.0,9.0,4.0,17.0
2941.0,delete,6.053775400772854,2261.0,152.0,5.651320424023028,3.0,5.0,1.0,4.0,19.0
2942.0,add,5.150500504281338,2262.0,265.0,5.225435130845337,1.0,3.0,7.0,4.0,20.0
2943.0,add,5.9800992902411725,2263.0,236.0,5.4438752595539,1.0,4.0,5.0,5.0,15.0
2944.0,delete,5.213950930258559,2264.0,58.0,5.740968473044074,8.0,7.0,5.0,6.0,18.0
2945.0,add,5.151397895841769,2265.0,268.0,5.130550178050182,1.0,4.0,7.0,5.0,20.0
2946.0,delete,5.121108774195534,2265.0,268.0,5.130550178050182,1.0,3.0,7.0,5.0,20.0
2947.0,swap,5.130919640819313,2265.0,268.0,5.130550178050182,1.0,4.0,8.0,4.0,20.0
2948.0,delete,6.805098743603466,2266.0,110.0,5.695600098318537,4.0,4.0,0.0,2.0,16.0
2949.0,add,5.7611934738389445,2267.0,215.0,5.681749032057729,1.0,5.0,3.0,4.0,20.0
2950.0,add,5.56439091133866,2268.0,251.0,5.396322618953848,1.0,4.0,6.0,3.0,17.0
2951.0,add,5.1747831777350175,2269.0,267.0,5.133494122226699,1.0,4.0,8.0,5.0,19.0
2952.0,add,5.420380836453917,2270.0,188.0,5.608308633155698,1.0,6.0,2.0,1.0,18.0
2953.0,delete,5.138804285172259,2271.0,269.0,5.121108774195534,1.0,3.0,7.0,5.0,20.0
2954.0,delete,5.140862552094397,2271.0,269.0,5.121108774195534,1.0,3.0,7.0,5.0,19.0
2955.0,swap,5.26135065148857,2271.0,269.0,5.121108774195534,1.0,3.0,7.0,6.0,19.0
2956.0,delete,5.794986488252049,2272.0,153.0,5.643413428316053,1.0,5.0,1.0,4.0,20.0
2957.0,delete,5.262087706500364,2273.0,59.0,5.742090962621908,8.0,8.0,5.0,5.0,17.0
2958.0,add,5.779113302464041,2274.0,237.0,5.418781258313101,1.0,4.0,6.0,5.0,15.0
2959.0,delete,5.772611209853301,2275.0,216.0,5.670965265267155,1.0,6.0,2.0,4.0,19.0
2960.0,add,5.205575325937487,2276.0,261.0,5.238501589164238,1.0,3.0,8.0,5.0,18.0
2961.0,delete,6.702197600996018,2277.0,111.0,5.686782022627523,4.0,4.0,0.0,3.0,14.0
2962.0,add,5.544257211549611,2278.0,252.0,5.382811989142566,1.0,4.0,6.0,4.0,17.0
2963.0,add,5.121108774195534,2279.0,266.0,5.1820776251234015,1.0,3.0,7.0,5.0,20.0
2964.0,add,5.808421654950915,2280.0,1.0,5.6453018602692815,10.0,0.0,0.0,0.0,1.0
2965.0,delete,5.130550178050183,2281.0,268.0,5.16553156573769,1.0,4.0,7.0,4.0,20.0
2966.0,delete,5.140862552094397,2282.0,270.0,5.140862552094397,1.0,3.0,7.0,5.0,19.0
2967.0,add,5.150613599209023,2282.0,270.0,5.140862552094397,1.0,3.0,8.0,5.0,19.0
2968.0,delete,5.139395290391341,2282.0,270.0,5.140862552094397,1.0,3.0,7.0,4.0,19.0
2969.0,swap,5.3017956338703875,2282.0,270.0,5.140862552094397,1.0,3.0,7.0,6.0,18.0
2970.0,add,6.530845964350224,2283.0,154.0,5.630582465871218,1.0,5.0,1.0,4.0,21.0
2971.0,delete,5.318472674108319,2284.0,60.0,5.74385497375701,8.0,8.0,5.0,5.0,16.0
2972.0,add,5.334907661780182,2285.0,189.0,5.605879500051809,1.0,6.0,2.0,3.0,17.0
2973.0,delete,6.088640027955741,2286.0,217.0,5.655178630958397,1.0,5.0,3.0,3.0,19.0
2974.0,add,5.175369104907547,2287.0,238.0,5.414019719462367,1.0,4.0,6.0,5.0,16.0
2975.0,delete,5.066307119972225,2288.0,262.0,5.227264418070015,1.0,3.0,7.0,5.0,18.0
2976.0,add,6.742791544413544,2289.0,112.0,5.675956919395122,4.0,4.0,0.0,2.0,16.0
2977.0,add,5.53860056092026,2290.0,253.0,5.353893006886355,1.0,4.0,6.0,4.0,18.0
2978.0,add,5.198575324132051,2291.0,267.0,5.16253803146249,1.0,4.0,7.0,5.0,20.0
2979.0,add,5.808421654950916,2292.0,2.0,5.6440307054103025,10.0,1.0,0.0,0.0,1.0
2980.0,delete,4.924848589476098,2293.0,269.0,5.174705925531909,1.0,3.0,6.0,5.0,20.0
2981.0,delete,5.2234669603274755,2294.0,263.0,5.220087296347535,1.0,3.0,7.0,4.0,18.0
2982.0,add,5.481750979095005,2295.0,190.0,5.6062942435970164,1.0,6.0,2.0,2.0,19.0
2983.0,add,5.152388112387329,2296.0,271.0,5.150613599209023,1.0,3.0,8.0,5.0,19.0
2984.0,delete,5.15042142252838,2296.0,271.0,5.150613599209023,1.0,3.0,8.0,5.0,18.0
2985.0,swap,5.124818100051246,2296.0,271.0,5.150613599209023,1.0,3.0,8.0,6.0,18.0
2986.0,delete,5.374814989370358,2297.0,61.0,5.744468458892616,8.0,8.0,4.0,4.0,17.0
2987.0,add,5.900388903142572,2298.0,155.0,5.619698427157988,1.0,6.0,1.0,4.0,21.0
2988.0,delete,5.793413307446974,2299.0,218.0,5.63657711387398,1.0,5.0,3.0,3.0,18.0
2989.0,add,5.1043274813558,2300.0,239.0,5.4077058599641195,1.0,5.0,6.0,6.0,15.0
2990.0,delete,5.655112727331102,2301.0,254.0,5.321390956852274,1.0,4.0,7.0,3.0,17.0
2991.0,add,6.432424836051776,2302.0,113.0,5.666233913045074,4.0,4.0,1.0,2.0,16.0
2992.0,delete,4.984002717869974,2303.0,268.0,5.144447672385319,1.0,4.0,6.0,5.0,20.0
2993.0,add,5.015528388756478,2304.0,270.0,5.144560308543994,1.0,3.0,7.0,5.0,20.0
2994.0,add,5.808421654950916,2305.0,3.0,5.642218457441731,10.0,1.0,0.0,0.0,2.0
2995.0,delete,5.159284422251657,2306.0,272.0,5.15042142252838,1.0,3.0,8.0,5.0,18.0
2996.0,add,5.475768623070246,2306.0,272.0,5.15042142252838,1.0,3.0,8.0,5.0,19.0
2997.0,delete,5.119188179286736,2306.0,272.0,5.15042142252838,1.0,2.0,8.0,5.0,18.0
2998.0,swap,5.254738121185542,2306.0,272.0,5.15042142252838,1.0,3.0,8.0,6.0,17.0
2999.0,delete,5.2678894422675695,2307.0,62.0,5.745812191163373,8.0,7.0,5.0,4.0,16.0
3000.0,add,6.194463711616814,2308.0,156.0,5.613765389049129,1.0,6.0,2.0,4.0,21.0
3001.0,add,5.511229600427502,2309.0,191.0,5.602881188463069,1.0,6.0,2.0,2.0,20.0
3002.0,delete,5.946222966470283,2310.0,219.0,5.622788064166051,1.0,5.0,3.0,3.0,17.0
3003.0,delete,5.211570276925281,2311.0,240.0,5.406459808598363,1.0,5.0,6.0,4.0,16.0
3004.0,add,5.2133784077696355,2312.0,264.0,5.212331500460711,1.0,3.0,7.0,5.0,18.0
3005.0,add,5.268511789095297,2313.0,255.0,5.288252394423602,1.0,4.0,7.0,4.0,17.0
3006.0,add,6.230851972103356,2314.0,114.0,5.658107872811157,4.0,5.0,1.0,2.0,16.0
3007.0,delete,5.120290475014115,2315.0,269.0,5.160750970475233,1.0,3.0,7.0,4.0,20.0
3008.0,delete,5.051798853514573,2316.0,271.0,5.231880153664512,1.0,2.0,8.0,5.0,19.0
3009.0,add,5.788314453052997,2317.0,4.0,5.64001328496861,10.0,1.0,1.0,0.0,2.0
3010.0,add,5.475786819680077,2318.0,273.0,5.475768623070246,1.0,3.0,8.0,5.0,19.0
3011.0,add,5.489211019684505,2318.0,273.0,5.475768623070246,1.0,4.0,8.0,5.0,19.0
3012.0,delete,6.063972058638815,2318.0,273.0,5.475768623070246,0.0,3.0,8.0,5.0,19.0
3013.0,swap,5.473704389355663,2318.0,273.0,5.475768623070246,1.0,3.0,7.0,6.0,19.0
3014.0,delete,5.267083505071235,2319.0,63.0,5.747595746677122,8.0,5.0,5.0,4.0,17.0
3015.0,add,6.070109764769635,2320.0,157.0,5.609651274863332,1.0,7.0,1.0,4.0,22.0
3016.0,delete,5.3506136304707015,2321.0,192.0,5.600291700418109,1.0,6.0,2.0,2.0,19.0
3017.0,delete,5.982459998694202,2322.0,220.0,5.606994497449472,1.0,4.0,3.0,4.0,16.0
3018.0,add,5.183949046551142,2323.0,241.0,5.408316897544698,1.0,4.0,6.0,6.0,16.0
3019.0,delete,5.558318375361378,2324.0,256.0,5.280563787908513,1.0,4.0,7.0,4.0,16.0
3020.0,add,5.152510969070986,2325.0,265.0,5.213527751562412,1.0,4.0,7.0,4.0,19.0
3021.0,add,6.371168242401471,2326.0,115.0,5.65245007896455,4.0,5.0,1.0,2.0,17.0
3022.0,add,5.812066791560512,2327.0,270.0,5.296944436400019,1.0,3.0,7.0,5.0,20.0
3023.0,add,5.14901447108135,2328.0,272.0,5.595688582085861,1.0,3.0,8.0,6.0,18.0
3024.0,add,5.808421654950916,2329.0,5.0,5.638603708979635,10.0,1.0,0.0,0.0,4.0
3025.0,delete,5.015393879336195,2330.0,271.0,5.351171670934321,1.0,3.0,8.0,5.0,18.0
3026.0,add,5.313033424742887,2331.0,193.0,5.603408689405849,1.0,6.0,2.0,2.0,20.0
3027.0,delete,6.506870268200481,2332.0,221.0,5.592385641355305,1.0,4.0,2.0,4.0,16.0
3028.0,add,4.874889600431314,2333.0,64.0,5.749237521185929,8.0,6.0,5.0,4.0,17.0
3029.0,add,5.176274211803259,2334.0,266.0,5.219541946494274,1.0,4.0,7.0,5.0,19.0
3030.0,add,5.487177894201096,2335.0,158.0,5.608952479259428,1.0,7.0,1.0,5.0,22.0
3031.0,add,5.48984795742167,2336.0,274.0,5.489211019684505,1.0,4.0,8.0,5.0,19.0
3032.0,add,5.445427464482946,2336.0,274.0,5.489211019684505,1.0,4.0,8.0,5.0,20.0
3033.0,delete,5.418692669076461,2336.0,274.0,5.489211019684505,1.0,4.0,7.0,5.0,19.0
3034.0,swap,5.51732312799075,2336.0,274.0,5.489211019684505,1.0,4.0,8.0,5.0,19.0
3035.0,add,5.656804101369535,2337.0,242.0,5.407754147148189,1.0,5.0,6.0,5.0,17.0
3036.0,add,6.350547209596171,2338.0,116.0,5.646136708767388,4.0,5.0,1.0,3.0,17.0
3037.0,add,5.5242610603698425,2339.0,257.0,5.269417156682698,1.0,4.0,7.0,4.0,17.0
3038.0,add,5.47005150510677,2340.0,273.0,5.4721004477312665,1.0,3.0,8.0,5.0,20.0
3039.0,add,5.808421654950916,2341.0,6.0,5.637310452027552,10.0,1.0,0.0,0.0,5.0
3040.0,add,5.149585927101949,2342.0,272.0,5.497163645962659,1.0,3.0,9.0,5.0,18.0
3041.0,add,5.42666144488353,2343.0,194.0,5.605760866904981,1.0,6.0,3.0,2.0,20.0
3042.0,add,6.482191114169155,2344.0,222.0,5.572290033986747,1.0,3.0,3.0,4.0,17.0
3043.0,add,5.654470439295111,2345.0,65.0,5.750351009765336,8.0,6.0,5.0,4.0,18.0
3044.0,delete,5.4438163183958945,2346.0,159.0,5.609574212581306,1.0,6.0,2.0,4.0,22.0
3045.0,add,5.35273479509269,2347.0,267.0,5.251659585103961,1.0,4.0,7.0,5.0,20.0
3046.0,add,5.445414018238416,2348.0,275.0,5.445427464482946,1.0,4.0,8.0,5.0,20.0
3047.0,add,5.489211019684505,2348.0,275.0,5.445427464482946,1.0,4.0,8.0,5.0,21.0
3048.0,delete,5.440929749296309,2348.0,275.0,5.445427464482946,1.0,4.0,8.0,4.0,20.0
3049.0,swap,5.965648030717663,2348.0,275.0,5.445427464482946,1.0,4.0,8.0,5.0,20.0
3050.0,add,5.635945006640452,2349.0,243.0,5.404021956040208,1.0,4.0,7.0,5.0,18.0
3051.0,add,6.353806377288545,2350.0,117.0,5.640563215062998,4.0,5.0,1.0,5.0,16.0
3052.0,add,4.728199397562022,2351.0,258.0,5.270148974021546,1.0,3.0,9.0,4.0,17.0
3053.0,add,5.488482344439201,2352.0,274.0,5.5573260564839675,1.0,4.0,8.0,6.0,19.0
3054.0,add,5.808421654950916,2353.0,7.0,5.636135942213069,10.0,2.0,0.0,0.0,5.0
3055.0,delete,5.819765672825661,2354.0,223.0,5.55898796408744,1.0,3.0,3.0,4.0,16.0
3056.0,add,5.245528036515855,2355.0,195.0,5.60931992422891,1.0,6.0,2.0,3.0,21.0
3057.0,delete,5.655591349077341,2356.0,66.0,5.749492484856522,8.0,5.0,5.0,4.0,18.0
3058.0,delete,5.9701547593562125,2357.0,160.0,5.6065821056374405,1.0,7.0,2.0,3.0,21.0
3059.0,delete,5.066752042151919,2358.0,268.0,5.304055968329544,1.0,4.0,7.0,5.0,19.0
3060.0,add,5.673943818837973,2359.0,273.0,5.514567173285381,1.0,4.0,8.0,5.0,19.0
3061.0,add,5.4891812089026955,2360.0,276.0,5.489211019684505,1.0,4.0,8.0,5.0,21.0
3062.0,add,5.304060572812372,2360.0,276.0,5.489211019684505,1.0,5.0,8.0,5.0,21.0
3063.0,delete,5.418692669076461,2360.0,276.0,5.489211019684505,1.0,4.0,7.0,5.0,21.0
3064.0,swap,5.993070398848494,2360.0,276.0,5.489211019684505,1.0,4.0,9.0,5.0,20.0
3065.0,delete,6.350045549037629,2361.0,118.0,5.634286544125938,4.0,5.0,1.0,4.0,16.0
3066.0,delete,5.644151186125815,2362.0,244.0,5.397842224364903,1.0,5.0,6.0,5.0,17.0
3067.0,delete,5.2354472695409235,2363.0,259.0,5.277898608806541,1.0,3.0,8.0,3.0,18.0
3068.0,delete,5.789187257611406,2364.0,224.0,5.548485498806305,1.0,3.0,3.0,2.0,17.0
3069.0,add,6.066002593853594,2365.0,8.0,5.634855415804682,10.0,1.0,1.0,0.0,6.0
3070.0,delete,6.196746557966116,2366.0,196.0,5.613062445426945,1.0,6.0,2.0,2.0,21.0
3071.0,delete,5.464868721804138,2367.0,67.0,5.7500584005338835,8.0,6.0,5.0,4.0,16.0
3072.0,delete,6.125437065792732,2368.0,161.0,5.601764489439391,1.0,7.0,2.0,4.0,19.0
3073.0,delete,5.115151920163901,2369.0,269.0,5.3615721750398375,1.0,3.0,6.0,5.0,20.0
3074.0,add,5.445994940123303,2370.0,275.0,5.5388431738649055,1.0,4.0,8.0,6.0,20.0
3075.0,add,5.489256316247712,2371.0,274.0,5.538737492420216,1.0,4.0,8.0,6.0,19.0
3076.0,delete,5.581725710997667,2372.0,245.0,5.3876276848206475,1.0,5.0,7.0,4.0,16.0
3077.0,add,5.298071954955166,2373.0,277.0,5.304060572812372,1.0,5.0,8.0,5.0,21.0
3078.0,delete,5.289339609815482,2373.0,277.0,5.304060572812372,1.0,4.0,8.0,5.0,21.0
3079.0,swap,5.383768575265579,2373.0,277.0,5.304060572812372,1.0,5.0,9.0,5.0,20.0
3080.0,delete,5.9203548480191355,2374.0,119.0,5.62935553491836,4.0,5.0,1.0,4.0,15.0
3081.0,add,5.187136669727113,2375.0,260.0,5.285267978232492,1.0,3.0,8.0,4.0,18.0
3082.0,add,5.485634103309398,2376.0,276.0,5.31881017821215,1.0,5.0,8.0,5.0,21.0
3083.0,delete,5.115863464670618,2377.0,197.0,5.616156530604108,1.0,5.0,1.0,2.0,22.0
3084.0,add,5.8076683006077365,2378.0,9.0,5.632641457027064,10.0,1.0,1.0,0.0,7.0
3085.0,delete,5.763701709889664,2379.0,162.0,5.594561979015989,1.0,7.0,2.0,4.0,18.0
3086.0,add,5.634370484896928,2380.0,68.0,5.749174866976256,8.0,6.0,6.0,4.0,16.0
3087.0,add,5.944036286962541,2381.0,225.0,5.537639714807107,1.0,3.0,3.0,3.0,17.0
3088.0,add,5.134862871848084,2382.0,270.0,5.403213467521272,1.0,3.0,8.0,5.0,19.0
3089.0,delete,5.2955900497169806,2383.0,278.0,5.289339609815482,1.0,4.0,8.0,5.0,21.0
3090.0,delete,5.214450310008723,2383.0,278.0,5.289339609815482,1.0,4.0,7.0,5.0,21.0
3091.0,swap,5.808012263315744,2383.0,278.0,5.289339609815482,1.0,4.0,8.0,5.0,21.0
3092.0,delete,5.616438408394007,2384.0,246.0,5.382651898667262,1.0,4.0,7.0,4.0,16.0
3093.0,add,5.232504687712455,2385.0,261.0,5.290101835013101,1.0,3.0,9.0,5.0,17.0
3094.0,add,5.951715515257266,2386.0,120.0,5.625270771656535,4.0,5.0,1.0,4.0,16.0
3095.0,add,5.4461370554283,2387.0,275.0,5.455005975064224,1.0,5.0,8.0,5.0,20.0
3096.0,delete,5.257411464398878,2388.0,277.0,5.401848058214233,1.0,5.0,8.0,5.0,20.0
3097.0,delete,5.189779347502586,2389.0,198.0,5.618784000890429,1.0,6.0,1.0,2.0,20.0
3098.0,delete,5.970154759356211,2390.0,163.0,5.5896669539102755,1.0,7.0,2.0,2.0,19.0
3099.0,add,5.751757812431584,2391.0,10.0,5.631741121253605,10.0,1.0,1.0,2.0,6.0
3100.0,delete,5.545425280219433,2392.0,271.0,5.4228592662624004,1.0,3.0,8.0,5.0,18.0
3101.0,add,5.471453252504453,2393.0,69.0,5.748945782926815,8.0,6.0,5.0,4.0,18.0
3102.0,add,5.95747627801948,2394.0,226.0,5.523893080085027,1.0,3.0,3.0,4.0,17.0
3103.0,delete,5.214450310008724,2395.0,279.0,5.214450310008723,1.0,4.0,7.0,5.0,21.0
3104.0,delete,5.214450310008726,2395.0,279.0,5.214450310008723,1.0,4.0,7.0,4.0,21.0
3105.0,swap,5.850564494556748,2395.0,279.0,5.214450310008723,1.0,4.0,8.0,4.0,21.0
3106.0,delete,5.616438408394007,2396.0,247.0,5.375265193010147,1.0,4.0,7.0,3.0,16.0
3107.0,delete,5.548903982333558,2397.0,262.0,5.300935932700153,0.0,3.0,8.0,5.0,18.0
3108.0,add,5.694929764935539,2398.0,276.0,5.38465033484771,1.0,4.0,8.0,5.0,22.0
3109.0,add,5.920416281763947,2399.0,121.0,5.622762036060675,4.0,5.0,2.0,4.0,16.0
3110.0,delete,5.748120563998836,2400.0,278.0,5.373478856145731,1.0,4.0,7.0,5.0,21.0
3111.0,delete,5.076564856118108,2401.0,199.0,5.623847537487621,1.0,5.0,1.0,2.0,20.0
3112.0,delete,6.456420159786913,2402.0,164.0,5.584029169136504,1.0,7.0,2.0,3.0,17.0
3113.0,delete,5.216444250323183,2403.0,280.0,5.214450310008726,1.0,4.0,7.0,4.0,21.0
3114.0,delete,5.146581681409801,2403.0,280.0,5.214450310008726,1.0,4.0,7.0,4.0,20.0
3115.0,swap,5.226291050608854,2403.0,280.0,5.214450310008726,1.0,4.0,8.0,4.0,20.0
3116.0,add,5.753000730320648,2404.0,11.0,5.6307654177702995,10.0,2.0,1.0,1.0,7.0
3117.0,delete,5.469493331490786,2405.0,70.0,5.749148866551376,8.0,5.0,5.0,5.0,17.0
3118.0,add,5.853597514402215,2406.0,227.0,5.51214856757573,1.0,5.0,3.0,4.0,16.0
3119.0,delete,5.616415844355568,2407.0,248.0,5.3654145898857095,1.0,4.0,6.0,3.0,16.0
3120.0,add,5.12704117762434,2408.0,272.0,5.464695583706852,1.0,3.0,8.0,5.0,19.0
3121.0,delete,5.232000385141455,2409.0,263.0,5.310818054797542,1.0,3.0,7.0,4.0,18.0
3122.0,delete,5.046472459554501,2410.0,277.0,5.373475529847557,1.0,5.0,8.0,5.0,20.0
3123.0,delete,5.146581681409801,2411.0,279.0,5.200941823087641,1.0,4.0,7.0,5.0,20.0
3124.0,add,5.665945357145035,2412.0,122.0,5.6189689617310075,4.0,5.0,3.0,4.0,16.0
3125.0,delete,4.998586369677598,2413.0,200.0,5.625367919190246,1.0,4.0,1.0,2.0,20.0
3126.0,delete,5.147685747299313,2414.0,281.0,5.146581681409801,1.0,4.0,7.0,4.0,20.0
3127.0,delete,5.1678637327776,2414.0,281.0,5.146581681409801,1.0,4.0,6.0,4.0,20.0
3128.0,swap,5.23217278299395,2414.0,281.0,5.146581681409801,1.0,4.0,7.0,3.0,21.0
3129.0,add,5.812817070606694,2415.0,12.0,5.628668702838691,10.0,1.0,1.0,1.0,9.0
3130.0,delete,5.713069493218374,2416.0,71.0,5.7479897755154825,8.0,5.0,5.0,4.0,17.0
3131.0,add,6.504382701556305,2417.0,165.0,5.569673283490638,1.0,6.0,2.0,3.0,19.0
3132.0,add,6.351903612437617,2418.0,228.0,5.494807378989008,1.0,4.0,4.0,5.0,16.0
3133.0,delete,5.900276865913436,2419.0,249.0,5.35804577616916,0.0,4.0,6.0,3.0,16.0
3134.0,add,5.475727950063304,2420.0,273.0,5.4251365761771995,1.0,3.0,9.0,5.0,19.0
3135.0,delete,5.48493930726817,2421.0,278.0,5.293804742950354,1.0,3.0,8.0,5.0,21.0
3136.0,add,5.251825471990348,2422.0,264.0,5.314507830047027,1.0,4.0,7.0,4.0,18.0
3137.0,delete,5.235412860526264,2423.0,280.0,5.173575986120166,1.0,4.0,7.0,4.0,20.0
3138.0,delete,5.941769460652738,2424.0,123.0,5.615480326732831,4.0,5.0,3.0,4.0,15.0
3139.0,delete,5.808542989740104,2425.0,201.0,5.626354219891572,1.0,4.0,1.0,2.0,19.0
3140.0,delete,5.169401448589232,2426.0,282.0,5.1678637327776,1.0,4.0,6.0,4.0,20.0
3141.0,delete,5.256087530664999,2426.0,282.0,5.1678637327776,1.0,4.0,6.0,4.0,19.0
3142.0,swap,4.939773463806988,2426.0,282.0,5.1678637327776,1.0,4.0,5.0,4.0,21.0
3143.0,delete,5.2923530336279425,2427.0,72.0,5.748588859189265,7.0,6.0,4.0,4.0,17.0
3144.0,add,5.852266394175802,2428.0,13.0,5.628222054990133,10.0,1.0,2.0,1.0,9.0
3145.0,delete,6.44553874919316,2429.0,166.0,5.560520841978167,1.0,6.0,2.0,3.0,18.0
3146.0,add,5.9284672756602115,2430.0,250.0,5.361113109854599,1.0,4.0,6.0,3.0,16.0
3147.0,add,5.946133665739132,2431.0,229.0,5.483268742580835,1.0,4.0,4.0,5.0,17.0
3148.0,add,5.495213832937595,2432.0,274.0,5.38543609127758,1.0,4.0,8.0,5.0,20.0
3149.0,delete,5.207543683818216,2433.0,279.0,5.174895545034892,1.0,4.0,6.0,5.0,21.0
3150.0,delete,5.145444916970635,2434.0,281.0,5.133281543959704,1.0,4.0,7.0,4.0,19.0
3151.0,add,5.191037434443922,2435.0,265.0,5.300889969850244,1.0,3.0,7.0,4.0,20.0
3152.0,delete,5.975695110039321,2436.0,124.0,5.611545772620689,4.0,5.0,3.0,2.0,16.0
3153.0,delete,5.25483110722447,2437.0,283.0,5.256087530664999,1.0,4.0,6.0,4.0,19.0
3154.0,add,5.275569839984417,2437.0,283.0,5.256087530664999,1.0,5.0,6.0,4.0,19.0
3155.0,delete,5.383640318665033,2437.0,283.0,5.256087530664999,1.0,4.0,6.0,4.0,18.0
3156.0,swap,5.2656158847389,2437.0,283.0,5.256087530664999,1.0,5.0,6.0,3.0,19.0
3157.0,delete,5.626649895554313,2438.0,73.0,5.748992237831513,7.0,6.0,5.0,4.0,15.0
3158.0,add,6.499306346230959,2439.0,167.0,5.549419608012755,1.0,7.0,2.0,2.0,19.0
3159.0,add,5.991654117830372,2440.0,14.0,5.627695990648226,10.0,3.0,2.0,1.0,8.0
3160.0,add,5.202467699281168,2441.0,202.0,5.619811599230272,1.0,5.0,1.0,2.0,19.0
3161.0,add,5.482750959096424,2442.0,251.0,5.3552500417781586,1.0,4.0,6.0,4.0,16.0
3162.0,add,5.923834962573208,2443.0,230.0,5.468196038379307,1.0,4.0,5.0,6.0,16.0
3163.0,add,5.445556497619572,2444.0,275.0,5.3407562919950005,1.0,4.0,8.0,6.0,20.0
3164.0,delete,5.392296396936058,2445.0,280.0,5.201544716588585,1.0,4.0,7.0,4.0,20.0
3165.0,delete,5.1678637327776,2446.0,282.0,5.287148936255564,1.0,4.0,6.0,4.0,19.0
3166.0,delete,5.86573765155558,2447.0,125.0,5.608156241139061,3.0,5.0,3.0,3.0,15.0
3167.0,add,5.157947650400914,2448.0,266.0,5.307266028816443,1.0,3.0,7.0,6.0,19.0
3168.0,add,5.275526021556132,2449.0,284.0,5.275569839984417,1.0,5.0,6.0,4.0,19.0
3169.0,add,5.271761192523225,2449.0,284.0,5.275569839984417,1.0,5.0,7.0,4.0,19.0
3170.0,delete,5.275569839984417,2449.0,284.0,5.275569839984417,1.0,5.0,6.0,4.0,18.0
3171.0,swap,5.271198460622253,2449.0,284.0,5.275569839984417,1.0,5.0,6.0,4.0,19.0
3172.0,delete,5.744085659836607,2450.0,74.0,5.748009156528852,7.0,6.0,3.0,4.0,16.0
3173.0,add,5.385731676293513,2451.0,168.0,5.54304042223422,1.0,8.0,2.0,2.0,19.0
3174.0,add,5.991654117830373,2452.0,15.0,5.625744724150427,10.0,4.0,2.0,1.0,8.0
3175.0,add,5.232181368093369,2453.0,203.0,5.613561561052532,1.0,5.0,2.0,2.0,19.0
3176.0,add,5.479361593039049,2454.0,252.0,5.348713702572528,1.0,5.0,6.0,4.0,16.0
3177.0,add,5.909362435580333,2455.0,231.0,5.4535631593334575,1.0,5.0,5.0,5.0,17.0
3178.0,add,5.402350959469161,2456.0,276.0,5.2990108651318195,1.0,4.0,8.0,5.0,22.0
3179.0,delete,5.146581681409801,2457.0,281.0,5.222867677920421,1.0,4.0,7.0,4.0,19.0
3180.0,add,5.474220421785652,2458.0,283.0,5.273925070934089,1.0,5.0,6.0,4.0,19.0
3181.0,add,5.865737651555582,2459.0,126.0,5.602549354930665,3.0,5.0,3.0,3.0,16.0
3182.0,add,5.12970653571264,2460.0,267.0,5.314154201562959,1.0,4.0,7.0,5.0,20.0
3183.0,delete,5.1678637327776,2461.0,282.0,5.288353122775191,1.0,4.0,6.0,3.0,20.0
3184.0,add,5.324548287463175,2462.0,204.0,5.613646727092262,1.0,5.0,2.0,2.0,20.0
3185.0,add,5.687025058974388,2463.0,75.0,5.7471203246517275,7.0,6.0,4.0,3.0,17.0
3186.0,add,5.272159160293266,2464.0,285.0,5.271761192523225,1.0,5.0,7.0,4.0,19.0
3187.0,add,5.325560960629873,2464.0,285.0,5.271761192523225,1.0,6.0,7.0,4.0,19.0
3188.0,delete,5.289694204321478,2464.0,285.0,5.271761192523225,1.0,5.0,7.0,4.0,18.0
3189.0,swap,5.400333655955193,2464.0,285.0,5.271761192523225,1.0,5.0,6.0,4.0,20.0
3190.0,add,5.776622065701137,2465.0,16.0,5.623887424110795,10.0,3.0,3.0,2.0,8.0
3191.0,add,5.031775389480764,2466.0,169.0,5.544155186804795,1.0,8.0,2.0,2.0,20.0
3192.0,delete,5.868390628177439,2467.0,232.0,5.4402649451398934,1.0,4.0,5.0,5.0,17.0
3193.0,add,5.5239404868257935,2468.0,253.0,5.338086405178649,1.0,4.0,6.0,4.0,18.0
3194.0,delete,5.211162245254509,2469.0,277.0,5.282228599659408,1.0,5.0,8.0,5.0,20.0
3195.0,delete,5.124603273781567,2470.0,268.0,5.319328838303754,1.0,4.0,6.0,5.0,20.0
3196.0,add,5.873832422760137,2471.0,127.0,5.598653442571191,3.0,5.0,3.0,3.0,17.0
3197.0,add,5.354343534938326,2472.0,284.0,5.311901834744607,1.0,6.0,6.0,4.0,19.0
3198.0,add,5.337937576784484,2473.0,283.0,5.316903390235839,1.0,4.0,6.0,4.0,20.0
3199.0,add,5.306924642591373,2474.0,205.0,5.611790558609505,1.0,5.0,2.0,2.0,21.0
3200.0,add,5.6828477498842345,2475.0,76.0,5.745593722962784,7.0,6.0,5.0,3.0,17.0
3201.0,add,5.325664612589319,2476.0,286.0,5.325560960629873,1.0,6.0,7.0,4.0,19.0
3202.0,delete,5.443412406065294,2476.0,286.0,5.325560960629873,1.0,6.0,7.0,4.0,18.0
3203.0,swap,5.345384607668139,2476.0,286.0,5.325560960629873,1.0,6.0,7.0,5.0,18.0
3204.0,add,5.948425507775416,2477.0,17.0,5.622271297532876,10.0,3.0,4.0,1.0,9.0
3205.0,add,4.876662921316956,2478.0,170.0,5.546162014674147,1.0,8.0,3.0,2.0,20.0
3206.0,delete,6.266728062729199,2479.0,233.0,5.4291471181469415,1.0,4.0,5.0,5.0,16.0
3207.0,delete,5.534451926852043,2480.0,254.0,5.326524452079962,1.0,3.0,7.0,4.0,17.0
3208.0,delete,5.310126312320742,2481.0,278.0,5.284909499445845,1.0,4.0,7.0,5.0,21.0
3209.0,delete,5.1229457881508775,2482.0,269.0,5.333194528513929,1.0,3.0,7.0,4.0,20.0
3210.0,add,5.328098698307156,2483.0,285.0,5.360005646738156,1.0,5.0,7.0,4.0,20.0
3211.0,add,5.250050497513891,2484.0,128.0,5.596310809203299,3.0,5.0,3.0,4.0,17.0
3212.0,delete,5.456208729635262,2485.0,287.0,5.443412406065294,1.0,6.0,7.0,4.0,18.0
3213.0,delete,5.443194437083713,2485.0,287.0,5.443412406065294,1.0,6.0,7.0,3.0,18.0
3214.0,swap,5.722249562732285,2485.0,287.0,5.443412406065294,1.0,6.0,8.0,4.0,17.0
3215.0,add,5.821717076286461,2486.0,77.0,5.743625664807815,7.0,7.0,4.0,3.0,18.0
3216.0,add,5.3652312716339905,2487.0,206.0,5.613261986002695,1.0,6.0,2.0,3.0,20.0
3217.0,add,5.135772799071252,2488.0,171.0,5.550197980728017,1.0,9.0,3.0,3.0,19.0
3218.0,delete,5.86320802653242,2489.0,234.0,5.421359269022846,1.0,4.0,5.0,5.0,15.0
3219.0,add,5.613012487819783,2490.0,18.0,5.621915379055088,10.0,3.0,4.0,2.0,9.0
3220.0,delete,5.256595939974262,2491.0,279.0,5.277962897979923,1.0,4.0,6.0,5.0,21.0
3221.0,add,5.519367542560572,2492.0,255.0,5.315817951916593,1.0,4.0,8.0,4.0,16.0
3222.0,add,5.059147138129654,2493.0,284.0,5.382928135595579,1.0,5.0,6.0,4.0,20.0
3223.0,delete,5.3008074331028405,2494.0,286.0,5.516266283879139,1.0,6.0,7.0,4.0,18.0
3224.0,add,5.226564477171127,2495.0,270.0,5.34969545915962,1.0,3.0,7.0,5.0,20.0
3225.0,delete,6.137815563184804,2496.0,129.0,5.596872675912395,3.0,4.0,3.0,3.0,18.0
3226.0,delete,5.409452666542818,2497.0,288.0,5.443194437083713,1.0,6.0,7.0,3.0,18.0
3227.0,delete,5.361708137767362,2497.0,288.0,5.443194437083713,1.0,5.0,7.0,3.0,18.0
3228.0,swap,4.8801615551065565,2497.0,288.0,5.443194437083713,1.0,6.0,7.0,3.0,18.0
3229.0,delete,5.8245395199683045,2498.0,78.0,5.7409654234138525,6.0,7.0,4.0,3.0,18.0
3230.0,delete,5.008634616458695,2499.0,207.0,5.61203756769173,1.0,5.0,3.0,3.0,19.0
3231.0,delete,5.9950905088672295,2500.0,235.0,5.409685225835063,1.0,3.0,5.0,5.0,15.0
3232.0,add,5.877578139386322,2501.0,172.0,5.551082226369708,1.0,9.0,3.0,2.0,21.0
3233.0,delete,5.246172226214769,2502.0,280.0,5.2779620468419335,1.0,4.0,7.0,4.0,20.0
3234.0,add,5.629674059597547,2503.0,19.0,5.62176398693688,10.0,4.0,4.0,3.0,8.0
3235.0,delete,5.297947152647076,2504.0,256.0,5.305334308760113,1.0,3.0,7.0,4.0,17.0
3236.0,add,5.35690878073402,2505.0,285.0,5.361825317269218,1.0,5.0,7.0,4.0,20.0
3237.0,delete,6.073496980488611,2506.0,287.0,5.2736291991251125,1.0,6.0,7.0,4.0,17.0
3238.0,delete,5.151912501208209,2507.0,271.0,5.35888783644434,1.0,2.0,8.0,5.0,19.0
3239.0,delete,4.9189080280463875,2508.0,130.0,5.5975268712470045,3.0,5.0,3.0,3.0,16.0
3240.0,delete,5.361837206547422,2509.0,289.0,5.361708137767362,1.0,5.0,7.0,3.0,18.0
3241.0,add,5.363352878581503,2509.0,289.0,5.361708137767362,1.0,5.0,8.0,3.0,18.0
3242.0,delete,5.357168496686451,2509.0,289.0,5.361708137767362,1.0,5.0,6.0,3.0,18.0
3243.0,swap,5.363241360200882,2509.0,289.0,5.361708137767362,1.0,4.0,7.0,4.0,18.0
3244.0,delete,5.847377220426204,2510.0,79.0,5.73843420789423,6.0,7.0,3.0,3.0,18.0
3245.0,delete,5.19651257494506,2511.0,208.0,5.614918088062291,1.0,5.0,3.0,3.0,18.0
3246.0,add,5.90385851142889,2512.0,236.0,5.396508015431488,1.0,4.0,5.0,5.0,15.0
3247.0,add,5.794126608124072,2513.0,173.0,5.548286827737377,1.0,9.0,4.0,2.0,21.0
3248.0,delete,5.385924192149126,2514.0,281.0,5.313178978237825,1.0,3.0,7.0,4.0,20.0
3249.0,add,5.596415727072285,2515.0,20.0,5.620441064640326,10.0,3.0,4.0,5.0,8.0
3250.0,add,5.5364794707805025,2516.0,257.0,5.301039217207511,1.0,3.0,7.0,5.0,17.0
3251.0,delete,5.271761192523225,2517.0,286.0,5.4258686038877695,1.0,5.0,7.0,4.0,19.0
3252.0,delete,5.359971314943457,2518.0,288.0,5.361461615956724,1.0,5.0,7.0,3.0,18.0
3253.0,delete,5.356776916876552,2519.0,131.0,5.598203728705413,3.0,5.0,3.0,3.0,15.0
3254.0,add,5.535412097424091,2520.0,272.0,5.370329076476785,1.0,3.0,8.0,5.0,19.0
3255.0,add,5.3594403427135875,2521.0,290.0,5.363352878581503,1.0,5.0,8.0,3.0,18.0
3256.0,add,5.581041793391757,2521.0,290.0,5.363352878581503,1.0,5.0,8.0,3.0,19.0
3257.0,delete,5.294128674917478,2521.0,290.0,5.363352878581503,1.0,5.0,8.0,3.0,17.0
3258.0,swap,5.6349107021687725,2521.0,290.0,5.363352878581503,1.0,5.0,8.0,4.0,17.0
3259.0,delete,5.653391374249175,2522.0,80.0,5.737634915992091,7.0,7.0,3.0,3.0,16.0
3260.0,delete,5.167139551108181,2523.0,209.0,5.620357181350293,1.0,5.0,3.0,3.0,17.0
3261.0,delete,5.763192232180782,2524.0,174.0,5.544764088805596,1.0,9.0,4.0,2.0,20.0
3262.0,add,6.162195172761076,2525.0,237.0,5.386139660053765,1.0,4.0,6.0,5.0,15.0
3263.0,delete,5.372404438649774,2526.0,282.0,5.351726830591783,1.0,3.0,6.0,4.0,20.0
3264.0,add,5.067101748076131,2527.0,21.0,5.621615722724325,10.0,3.0,4.0,4.0,10.0
3265.0,add,5.459717543513667,2528.0,258.0,5.299391289424165,1.0,3.0,8.0,4.0,18.0
3266.0,delete,5.505940868234851,2529.0,287.0,5.417364753367169,1.0,6.0,7.0,4.0,17.0
3267.0,add,5.357812173001295,2530.0,289.0,5.446574878354619,1.0,5.0,7.0,3.0,19.0
3268.0,add,5.655774851727508,2531.0,132.0,5.59795827651167,3.0,5.0,3.0,3.0,16.0
3269.0,add,5.489600735885982,2532.0,273.0,5.3721997188936985,1.0,3.0,9.0,5.0,19.0
3270.0,delete,6.21139301214022,2533.0,210.0,5.618739904781373,1.0,5.0,3.0,3.0,16.0
3271.0,delete,5.739784921131442,2534.0,81.0,5.736530371532369,5.0,7.0,3.0,3.0,17.0
3272.0,delete,5.474039048386195,2535.0,288.0,5.399510280083633,1.0,6.0,7.0,3.0,17.0
3273.0,add,5.203077046104645,2536.0,283.0,5.3747286325033,1.0,4.0,6.0,4.0,20.0
3274.0,add,5.595500768085053,2537.0,291.0,5.581041793391757,1.0,5.0,8.0,3.0,19.0
3275.0,add,5.561536297894136,2537.0,291.0,5.581041793391757,1.0,5.0,8.0,3.0,20.0
3276.0,delete,5.634128619622411,2537.0,291.0,5.581041793391757,1.0,4.0,8.0,3.0,19.0
3277.0,swap,5.949919724184313,2537.0,291.0,5.581041793391757,1.0,6.0,7.0,3.0,19.0
3278.0,delete,6.088383906412226,2538.0,175.0,5.544955178066921,1.0,9.0,3.0,1.0,21.0
3279.0,add,5.008611568555486,2539.0,22.0,5.62434630646387,10.0,4.0,4.0,4.0,10.0
3280.0,add,5.181924997265817,2540.0,238.0,5.389428664513605,1.0,4.0,6.0,6.0,15.0
3281.0,delete,5.279006418095406,2541.0,259.0,5.309086895333262,1.0,3.0,8.0,4.0,17.0
3282.0,add,5.339242174217236,2542.0,290.0,5.664425440635533,1.0,5.0,8.0,3.0,19.0
3283.0,add,5.971096280053297,2543.0,133.0,5.597265351186671,3.0,6.0,3.0,3.0,16.0
3284.0,add,5.488592538187582,2544.0,274.0,5.374382519190881,1.0,5.0,8.0,5.0,19.0
3285.0,delete,5.927817846409198,2545.0,82.0,5.734637259368215,6.0,6.0,3.0,3.0,16.0
3286.0,add,6.084087917079122,2546.0,211.0,5.6082458842469425,1.0,5.0,4.0,3.0,16.0
3287.0,add,5.37142731177593,2547.0,289.0,5.515546740797958,1.0,5.0,7.0,3.0,19.0
3288.0,add,5.343153915403359,2548.0,284.0,5.414260241094627,1.0,5.0,6.0,4.0,20.0
3289.0,delete,5.606506537456526,2549.0,176.0,5.542073678477217,1.0,9.0,3.0,1.0,20.0
3290.0,add,5.5651302451774844,2550.0,292.0,5.561536297894136,1.0,5.0,8.0,3.0,20.0
3291.0,add,5.410865669946168,2550.0,292.0,5.561536297894136,1.0,5.0,8.0,3.0,21.0
3292.0,delete,5.564975351475083,2550.0,292.0,5.561536297894136,1.0,5.0,8.0,3.0,19.0
3293.0,swap,5.549710137062773,2550.0,292.0,5.561536297894136,1.0,5.0,8.0,3.0,20.0
3294.0,add,5.333767692007869,2551.0,23.0,5.625617183566246,10.0,5.0,5.0,4.0,9.0
3295.0,add,5.126782436812604,2552.0,239.0,5.391975860802247,1.0,6.0,6.0,5.0,15.0
3296.0,add,5.230614111516788,2553.0,260.0,5.3177192220398615,1.0,3.0,8.0,5.0,17.0
3297.0,add,5.639907149667361,2554.0,291.0,5.53044354031113,1.0,5.0,8.0,3.0,20.0
3298.0,add,4.003081466259064,2555.0,134.0,5.597808711641973,3.0,6.0,3.0,3.0,17.0
3299.0,delete,5.9734766440597165,2556.0,83.0,5.730737392448541,5.0,6.0,2.0,3.0,17.0
3300.0,add,5.422645214202081,2557.0,275.0,5.371194264525667,1.0,4.0,9.0,5.0,20.0
3301.0,add,6.008076145449258,2558.0,212.0,5.600074219321428,1.0,6.0,3.0,3.0,17.0
3302.0,add,5.740928339877122,2559.0,290.0,5.5810870846112515,1.0,5.0,8.0,3.0,19.0
3303.0,delete,5.8964147053748945,2560.0,177.0,5.540241137043979,1.0,9.0,3.0,1.0,19.0
3304.0,add,5.291355955511753,2561.0,285.0,5.461031472044492,1.0,5.0,7.0,4.0,20.0
3305.0,add,5.410900748151519,2562.0,293.0,5.410865669946168,1.0,5.0,8.0,3.0,21.0
3306.0,add,5.7485902465538095,2562.0,293.0,5.410865669946168,1.0,5.0,8.0,3.0,22.0
3307.0,delete,5.384716895480565,2562.0,293.0,5.410865669946168,1.0,4.0,8.0,3.0,21.0
3308.0,swap,5.383225549838885,2562.0,293.0,5.410865669946168,1.0,5.0,8.0,4.0,20.0
3309.0,add,5.330262544525381,2563.0,24.0,5.626167530169972,10.0,5.0,4.0,4.0,11.0
3310.0,delete,5.225508615127264,2564.0,240.0,5.396587736298759,1.0,5.0,6.0,4.0,16.0
3311.0,add,5.90738502539584,2565.0,261.0,5.3261409871626135,1.0,4.0,8.0,5.0,17.0
3312.0,add,5.470788022761219,2566.0,292.0,5.467659821994189,1.0,6.0,8.0,3.0,20.0
3313.0,delete,6.097013751042022,2567.0,84.0,5.728555550355797,6.0,5.0,2.0,3.0,16.0
3314.0,add,4.971923284301822,2568.0,135.0,5.604333510566369,3.0,6.0,3.0,4.0,17.0
3315.0,add,5.487057547960634,2569.0,276.0,5.36827918578539,1.0,4.0,8.0,6.0,21.0
3316.0,add,6.029859898126764,2570.0,213.0,5.591197799256416,1.0,5.0,3.0,4.0,18.0
3317.0,delete,5.979442302642293,2571.0,286.0,5.479405928528016,0.0,6.0,7.0,4.0,19.0
3318.0,add,5.958928354676328,2572.0,178.0,5.537381338769223,1.0,8.0,3.0,1.0,21.0
3319.0,add,5.5800918105273585,2573.0,291.0,5.517304210364455,1.0,5.0,8.0,4.0,19.0
3320.0,add,5.693668023788007,2574.0,294.0,5.7485902465538095,1.0,5.0,8.0,3.0,22.0
3321.0,delete,5.873139535866162,2574.0,294.0,5.7485902465538095,1.0,4.0,8.0,3.0,22.0
3322.0,swap,5.469796563001281,2574.0,294.0,5.7485902465538095,1.0,6.0,8.0,3.0,21.0
3323.0,add,5.268838191142835,2575.0,241.0,5.403896975572375,1.0,4.0,6.0,5.0,17.0
3324.0,add,5.323826650588969,2576.0,25.0,5.6278405631806825,10.0,5.0,4.0,5.0,11.0
3325.0,delete,5.0690124250984345,2577.0,262.0,5.339558200904709,1.0,3.0,8.0,5.0,17.0
3326.0,add,5.233273552036335,2578.0,293.0,5.696298592302315,1.0,5.0,8.0,3.0,22.0
3327.0,delete,5.364786691629659,2579.0,85.0,5.727973466439195,6.0,4.0,1.0,3.0,17.0
3328.0,delete,5.638947243154735,2580.0,136.0,5.607119704204389,3.0,5.0,3.0,3.0,18.0
3329.0,delete,5.741580982081258,2581.0,277.0,5.380637968698273,1.0,5.0,7.0,5.0,21.0
3330.0,delete,5.762193784424387,2582.0,287.0,5.496214394198791,1.0,6.0,7.0,4.0,17.0
3331.0,add,6.381581626071938,2583.0,214.0,5.587756667951092,1.0,5.0,3.0,4.0,19.0
3332.0,delete,5.7330414615049445,2584.0,179.0,5.534147618514891,1.0,7.0,3.0,1.0,21.0
3333.0,delete,5.873027633952423,2585.0,295.0,5.873139535866162,1.0,4.0,8.0,3.0,22.0
3334.0,delete,5.7747612931002426,2585.0,295.0,5.873139535866162,1.0,4.0,8.0,3.0,21.0
3335.0,swap,5.842296784059589,2585.0,295.0,5.873139535866162,1.0,3.0,8.0,4.0,22.0
3336.0,add,5.668375555660595,2586.0,242.0,5.408681202421241,1.0,4.0,6.0,5.0,18.0
3337.0,delete,5.872948312936694,2587.0,263.0,5.352890090268704,1.0,3.0,8.0,4.0,17.0
3338.0,add,5.472453329020171,2588.0,292.0,5.582234655272017,1.0,5.0,8.0,3.0,21.0
3339.0,add,4.659449030243536,2589.0,26.0,5.6298783309805716,10.0,5.0,5.0,5.0,11.0
3340.0,delete,5.903198033596944,2590.0,294.0,5.840806311744604,1.0,4.0,8.0,3.0,22.0
3341.0,delete,4.970570206107191,2591.0,86.0,5.73062637923472,6.0,5.0,1.0,3.0,15.0
3342.0,delete,5.599504340150317,2592.0,137.0,5.608980141221876,3.0,6.0,3.0,2.0,17.0
3343.0,delete,5.289339609815482,2593.0,278.0,5.40730407424825,1.0,4.0,8.0,5.0,20.0
3344.0,delete,5.44375111124296,2594.0,288.0,5.536047485641687,1.0,5.0,7.0,3.0,18.0
3345.0,delete,5.774606343412691,2595.0,296.0,5.7747612931002426,1.0,4.0,8.0,3.0,21.0
3346.0,delete,5.717574393749624,2595.0,296.0,5.7747612931002426,1.0,4.0,8.0,3.0,20.0
3347.0,swap,5.718642306018327,2595.0,296.0,5.7747612931002426,1.0,5.0,8.0,3.0,20.0
3348.0,delete,5.890576561834434,2596.0,180.0,5.532043894166507,1.0,7.0,3.0,1.0,20.0
3349.0,add,5.859587874461351,2597.0,215.0,5.585407057790954,1.0,6.0,3.0,4.0,19.0
3350.0,add,5.1517174643849355,2598.0,264.0,5.367447885811062,1.0,4.0,7.0,4.0,18.0
3351.0,add,5.359488667819638,2599.0,243.0,5.408791730202099,1.0,5.0,7.0,5.0,17.0
3352.0,add,5.413721483826888,2600.0,293.0,5.718547892427953,1.0,5.0,8.0,4.0,21.0
3353.0,delete,5.555053964398576,2601.0,295.0,5.746396084070221,1.0,4.0,8.0,3.0,21.0
3354.0,add,5.4287711062802835,2602.0,27.0,5.63280185790727,10.0,5.0,5.0,5.0,12.0
3355.0,delete,6.227608528535946,2603.0,87.0,5.730742050011969,5.0,5.0,1.0,3.0,15.0
3356.0,delete,5.548819441621138,2604.0,138.0,5.607596013742073,3.0,6.0,2.0,2.0,17.0
3357.0,delete,5.235162334429619,2605.0,279.0,5.415154057625573,1.0,4.0,6.0,5.0,21.0
3358.0,delete,5.7182563199502185,2606.0,297.0,5.717574393749624,1.0,4.0,8.0,3.0,20.0
3359.0,add,5.674021530276454,2606.0,297.0,5.717574393749624,1.0,4.0,9.0,3.0,20.0
3360.0,delete,5.717574393749624,2606.0,297.0,5.717574393749624,1.0,4.0,8.0,3.0,19.0
3361.0,swap,5.705158953275831,2606.0,297.0,5.717574393749624,1.0,5.0,8.0,3.0,19.0
3362.0,delete,5.259718622379366,2607.0,181.0,5.5303841915366085,1.0,7.0,3.0,1.0,19.0
3363.0,delete,5.923953155977518,2608.0,216.0,5.579501349665263,1.0,6.0,3.0,4.0,18.0
3364.0,add,5.451273396654819,2609.0,289.0,5.586249906289338,1.0,5.0,7.0,3.0,19.0
3365.0,delete,5.652949193007158,2610.0,244.0,5.408117213916576,1.0,5.0,7.0,5.0,16.0
3366.0,add,5.3382247720435005,2611.0,265.0,5.373898808368005,1.0,3.0,8.0,4.0,19.0
3367.0,delete,5.474223544748329,2612.0,294.0,5.757485498877439,1.0,5.0,8.0,3.0,21.0
3368.0,delete,5.514727237592268,2613.0,88.0,5.730569165979677,6.0,5.0,1.0,3.0,13.0
3369.0,add,5.007200688720199,2614.0,28.0,5.635831297437931,10.0,6.0,6.0,5.0,11.0
3370.0,delete,5.448361690574877,2615.0,280.0,5.439395246081578,1.0,3.0,7.0,4.0,21.0
3371.0,add,6.116974883344208,2616.0,139.0,5.604519615440038,3.0,6.0,2.0,2.0,18.0
3372.0,delete,5.700114598248179,2617.0,296.0,5.706517118200351,1.0,4.0,7.0,3.0,21.0
3373.0,add,5.705499791205566,2618.0,298.0,5.674021530276454,1.0,4.0,9.0,3.0,20.0
3374.0,add,5.7622888755195305,2618.0,298.0,5.674021530276454,1.0,5.0,9.0,3.0,20.0
3375.0,delete,5.673700878202002,2618.0,298.0,5.674021530276454,1.0,4.0,9.0,2.0,20.0
3376.0,swap,5.686831171217149,2618.0,298.0,5.674021530276454,1.0,4.0,9.0,4.0,19.0
3377.0,add,5.055292866144651,2619.0,182.0,5.53751646770144,1.0,7.0,3.0,1.0,20.0
3378.0,delete,6.0525618918815285,2620.0,217.0,5.574354454973237,1.0,5.0,3.0,4.0,18.0
3379.0,delete,5.515543501114151,2621.0,245.0,5.406793563926733,1.0,5.0,7.0,4.0,16.0
3380.0,add,5.310076291890552,2622.0,290.0,5.6248591152412954,1.0,5.0,8.0,3.0,19.0
3381.0,add,5.159065548599631,2623.0,266.0,5.388081255301501,1.0,3.0,7.0,6.0,19.0
3382.0,delete,5.422769231325617,2624.0,89.0,5.731090424853813,6.0,4.0,1.0,3.0,13.0
3383.0,delete,5.328299990402304,2625.0,281.0,5.463299068737488,1.0,4.0,7.0,4.0,19.0
3384.0,add,4.6305520961890565,2626.0,29.0,5.638173060867985,10.0,6.0,6.0,6.0,11.0
3385.0,delete,5.864431651277954,2627.0,295.0,5.706006058023144,1.0,4.0,8.0,2.0,22.0
3386.0,add,6.10210982996886,2628.0,140.0,5.601820066123751,3.0,6.0,2.0,3.0,18.0
3387.0,add,5.853175160192891,2629.0,297.0,5.70046844928414,1.0,4.0,8.0,3.0,21.0
3388.0,delete,5.734977773452598,2630.0,218.0,5.5674083379038874,1.0,5.0,2.0,4.0,18.0
3389.0,delete,5.179498953763768,2631.0,183.0,5.543201185362143,1.0,7.0,3.0,1.0,19.0
3390.0,delete,5.7747612931002426,2632.0,296.0,5.719472369598825,1.0,4.0,8.0,3.0,20.0
3391.0,add,5.580903811154795,2633.0,291.0,5.638351013469938,1.0,5.0,8.0,4.0,19.0
3392.0,add,5.762984306824311,2634.0,299.0,5.7622888755195305,1.0,5.0,9.0,3.0,20.0
3393.0,add,5.73425050603658,2634.0,299.0,5.7622888755195305,1.0,5.0,10.0,3.0,20.0
3394.0,delete,6.294049356687633,2634.0,299.0,5.7622888755195305,1.0,5.0,9.0,3.0,19.0
3395.0,swap,5.297709363987784,2634.0,299.0,5.7622888755195305,1.0,5.0,10.0,3.0,19.0
3396.0,delete,5.777481557370605,2635.0,90.0,5.731822529019998,5.0,4.0,1.0,3.0,13.0
3397.0,delete,5.554521892627698,2636.0,246.0,5.411241089254824,1.0,4.0,7.0,4.0,16.0
3398.0,add,5.019597044558829,2637.0,267.0,5.409150657984087,1.0,4.0,8.0,5.0,19.0
3399.0,add,4.924083673938807,2638.0,30.0,5.640941164070902,10.0,6.0,5.0,6.0,13.0
3400.0,delete,5.282088119305585,2639.0,282.0,5.504459432930602,1.0,4.0,6.0,4.0,19.0
3401.0,add,5.952031064350643,2640.0,141.0,5.600415646676737,3.0,6.0,3.0,3.0,18.0
3402.0,delete,5.9776750509232865,2641.0,219.0,5.563308819092327,1.0,4.0,3.0,4.0,17.0
3403.0,delete,5.352859432134963,2642.0,184.0,5.547798698193472,1.0,7.0,3.0,1.0,18.0
3404.0,add,5.675210006242595,2643.0,298.0,5.770256481811169,1.0,4.0,9.0,4.0,20.0
3405.0,add,5.724726919604362,2644.0,297.0,5.738156449672045,1.0,4.0,8.0,3.0,21.0
3406.0,add,5.575142961724974,2645.0,292.0,5.6646992049463245,1.0,5.0,9.0,3.0,20.0
3407.0,delete,5.540905635544062,2646.0,247.0,5.407519913393593,1.0,4.0,6.0,3.0,17.0
3408.0,add,5.732851911750608,2647.0,300.0,5.73425050603658,1.0,5.0,10.0,3.0,20.0
3409.0,delete,5.320481785234901,2647.0,300.0,5.73425050603658,1.0,5.0,10.0,3.0,19.0
3410.0,swap,5.852729378676024,2647.0,300.0,5.73425050603658,1.0,4.0,11.0,3.0,20.0
3411.0,delete,6.320322767316503,2648.0,91.0,5.727879060354279,5.0,4.0,1.0,3.0,12.0
3412.0,delete,5.130550178050182,2649.0,268.0,5.422613744194114,1.0,4.0,7.0,5.0,19.0
3413.0,add,5.255711884834443,2650.0,283.0,5.528899196529298,1.0,4.0,6.0,5.0,19.0
3414.0,add,5.700203264317544,2651.0,31.0,5.642377689363908,10.0,6.0,6.0,6.0,13.0
3415.0,delete,5.982459998694202,2652.0,220.0,5.555513069954781,1.0,4.0,3.0,4.0,16.0
3416.0,add,5.688182470244195,2653.0,142.0,5.600056871603489,3.0,6.0,2.0,3.0,20.0
3417.0,delete,5.347270284254696,2654.0,185.0,5.552127575301285,1.0,6.0,3.0,1.0,18.0
3418.0,add,5.790685082449888,2655.0,299.0,5.660078395424528,1.0,5.0,10.0,3.0,20.0
3419.0,delete,5.3386483364890385,2656.0,301.0,5.320481785234901,1.0,5.0,10.0,3.0,19.0
3420.0,add,5.301611490835216,2656.0,301.0,5.320481785234901,1.0,5.0,10.0,3.0,20.0
3421.0,delete,6.00564618997421,2656.0,301.0,5.320481785234901,1.0,5.0,10.0,3.0,18.0
3422.0,swap,5.275134983254088,2656.0,301.0,5.320481785234901,1.0,5.0,11.0,3.0,18.0
3423.0,delete,5.6031410692849954,2657.0,248.0,5.40371777878092,1.0,4.0,6.0,2.0,17.0
3424.0,delete,6.337668317565181,2658.0,92.0,5.723742874900337,5.0,3.0,1.0,3.0,12.0
3425.0,delete,5.185496963435171,2659.0,269.0,5.434589817975988,1.0,3.0,6.0,5.0,20.0
3426.0,add,5.410966223815848,2660.0,293.0,5.683124583813954,1.0,5.0,8.0,4.0,21.0
3427.0,add,5.260633814846666,2661.0,284.0,5.54398245433837,1.0,5.0,6.0,4.0,20.0
3428.0,delete,6.395032327403494,2662.0,221.0,5.546933132637919,1.0,4.0,3.0,4.0,15.0
3429.0,add,5.691303887385993,2663.0,32.0,5.642084274949805,10.0,7.0,6.0,6.0,13.0
3430.0,delete,5.274720417501383,2664.0,186.0,5.553221846047178,1.0,6.0,3.0,1.0,17.0
3431.0,add,4.980067778205072,2665.0,143.0,5.600647372425037,3.0,7.0,2.0,3.0,20.0
3432.0,add,6.170150186395032,2666.0,298.0,5.653162969568744,1.0,5.0,9.0,3.0,20.0
3433.0,delete,5.5899450642003075,2667.0,300.0,5.448304557157491,1.0,5.0,9.0,3.0,20.0
3434.0,add,5.28439861371487,2668.0,302.0,5.301611490835216,1.0,5.0,10.0,3.0,20.0
3435.0,add,5.38572843889905,2668.0,302.0,5.301611490835216,1.0,5.0,10.0,3.0,21.0
3436.0,delete,5.267352329830139,2668.0,302.0,5.301611490835216,1.0,4.0,10.0,3.0,20.0
3437.0,swap,5.622086405067139,2668.0,302.0,5.301611490835216,1.0,6.0,10.0,3.0,19.0
3438.0,delete,4.9095070540632735,2669.0,249.0,5.404910989642557,1.0,4.0,6.0,3.0,15.0
3439.0,add,5.910085552573501,2670.0,93.0,5.718206347542343,5.0,2.0,1.0,3.0,14.0
3440.0,add,5.150462219676079,2671.0,270.0,5.448538922067173,1.0,3.0,7.0,5.0,20.0
3441.0,delete,5.377300653861942,2672.0,294.0,5.684969502506484,1.0,5.0,8.0,3.0,21.0
3442.0,add,5.2898774632875405,2673.0,285.0,5.560711561107039,1.0,5.0,7.0,4.0,20.0
3443.0,delete,5.3354116505967975,2674.0,187.0,5.555045341458958,1.0,6.0,3.0,0.0,17.0
3444.0,add,5.045171922611835,2675.0,33.0,5.641546392569298,10.0,7.0,6.0,6.0,14.0
3445.0,delete,5.30343028608607,2676.0,144.0,5.603221112875641,3.0,6.0,2.0,3.0,20.0
3446.0,add,6.49628889542962,2677.0,222.0,5.5329211028665775,1.0,3.0,4.0,4.0,16.0
3447.0,add,5.693746773236383,2678.0,299.0,5.535825036886574,1.0,5.0,10.0,3.0,20.0
3448.0,add,5.319631870149329,2679.0,301.0,5.3722354556692835,1.0,5.0,10.0,4.0,19.0
3449.0,delete,5.7336423183844225,2680.0,295.0,5.661954159395758,1.0,4.0,7.0,3.0,22.0
3450.0,add,5.564752267959542,2681.0,250.0,5.408382523996796,1.0,4.0,6.0,3.0,16.0
3451.0,delete,5.73425050603658,2682.0,300.0,5.428242318877117,1.0,5.0,10.0,3.0,19.0
3452.0,add,5.358176768950625,2683.0,303.0,5.38572843889905,1.0,5.0,10.0,3.0,21.0
3453.0,delete,5.283469481584742,2683.0,303.0,5.38572843889905,1.0,5.0,9.0,3.0,21.0
3454.0,swap,5.374426956912115,2683.0,303.0,5.38572843889905,1.0,5.0,10.0,3.0,21.0
3455.0,add,6.342212002222614,2684.0,94.0,5.71319436303746,5.0,2.0,1.0,3.0,15.0
3456.0,delete,5.22822064017055,2685.0,271.0,5.456180600804608,1.0,3.0,8.0,5.0,18.0
3457.0,delete,5.789187257611405,2686.0,223.0,5.523840202770862,1.0,3.0,3.0,3.0,17.0
3458.0,delete,5.68920403118658,2687.0,145.0,5.607695752133185,3.0,5.0,2.0,3.0,20.0
3459.0,add,5.222764174370733,2688.0,34.0,5.6438872858578435,10.0,8.0,6.0,6.0,14.0
3460.0,add,5.395930648000546,2689.0,188.0,5.558950069822301,1.0,7.0,2.0,1.0,17.0
3461.0,delete,5.605869280065348,2690.0,286.0,5.570067478570212,1.0,6.0,6.0,4.0,19.0
3462.0,add,5.3596688903305685,2691.0,302.0,5.350450411586633,1.0,5.0,10.0,3.0,21.0
3463.0,delete,5.630426310412562,2692.0,296.0,5.621505365693369,1.0,4.0,8.0,3.0,20.0
3464.0,delete,5.2829382762971795,2693.0,304.0,5.283469481584742,1.0,5.0,9.0,3.0,21.0
3465.0,add,4.914937103560238,2693.0,304.0,5.283469481584742,1.0,5.0,9.0,3.0,22.0
3466.0,delete,5.28389321693186,2693.0,304.0,5.283469481584742,1.0,5.0,9.0,2.0,21.0
3467.0,swap,5.4081345481330665,2693.0,304.0,5.283469481584742,1.0,5.0,9.0,3.0,21.0
3468.0,add,5.56439091133866,2694.0,251.0,5.405446169311426,1.0,4.0,6.0,3.0,17.0
3469.0,add,6.263660721871857,2695.0,95.0,5.707881434456093,5.0,2.0,1.0,4.0,15.0
3470.0,add,5.154758504853302,2696.0,272.0,5.463128905767419,1.0,3.0,8.0,5.0,19.0
3471.0,delete,5.839590574290975,2697.0,224.0,5.515366052614569,1.0,3.0,3.0,3.0,16.0
3472.0,delete,5.002247368537706,2698.0,146.0,5.6099296763039375,3.0,6.0,1.0,3.0,19.0
3473.0,delete,5.833356426429859,2699.0,287.0,5.557505504967921,1.0,6.0,7.0,4.0,17.0
3474.0,add,5.270913050895754,2700.0,35.0,5.645653807948992,10.0,9.0,6.0,6.0,14.0
3475.0,add,5.448173008242361,2701.0,189.0,5.559781660740078,1.0,6.0,3.0,2.0,17.0
3476.0,add,5.318488293891712,2702.0,301.0,5.317603885085439,1.0,5.0,11.0,3.0,19.0
3477.0,delete,5.38572843889905,2703.0,303.0,5.234674525301417,1.0,5.0,10.0,3.0,20.0
3478.0,add,5.659200575198865,2704.0,297.0,5.551266389427712,1.0,4.0,8.0,3.0,21.0
3479.0,add,4.915091610360194,2705.0,305.0,4.914937103560238,1.0,5.0,9.0,3.0,22.0
3480.0,delete,5.10295474543548,2705.0,305.0,4.914937103560238,1.0,5.0,9.0,3.0,21.0
3481.0,swap,5.101728968390152,2705.0,305.0,4.914937103560238,1.0,4.0,9.0,4.0,22.0
3482.0,add,5.509054868435256,2706.0,252.0,5.40224998296016,1.0,4.0,6.0,4.0,17.0
3483.0,delete,6.263660721871859,2707.0,96.0,5.703123480316842,5.0,2.0,1.0,3.0,15.0
3484.0,add,5.484977741846558,2708.0,273.0,5.45999522539544,1.0,3.0,8.0,5.0,20.0
3485.0,delete,5.410309297674016,2709.0,288.0,5.542056498563014,1.0,5.0,7.0,3.0,18.0
3486.0,delete,5.813422965495663,2710.0,147.0,5.612290642183272,3.0,5.0,1.0,3.0,19.0
3487.0,add,6.307501475059262,2711.0,225.0,5.508354227343122,1.0,3.0,3.0,3.0,17.0
3488.0,add,5.314756643938291,2712.0,302.0,5.242836726514178,1.0,6.0,10.0,3.0,20.0
3489.0,add,5.453136198701407,2713.0,36.0,5.646667180872377,10.0,9.0,7.0,6.0,14.0
3490.0,add,5.511235583981705,2714.0,190.0,5.5601854903193,1.0,6.0,2.0,3.0,18.0
3491.0,add,5.129412314486549,2715.0,304.0,5.008678106936515,1.0,5.0,10.0,3.0,21.0
3492.0,delete,5.103619861551721,2716.0,306.0,5.10295474543548,1.0,5.0,9.0,3.0,21.0
3493.0,delete,5.065150888254881,2716.0,306.0,5.10295474543548,1.0,4.0,9.0,3.0,21.0
3494.0,swap,5.068575567078816,2716.0,306.0,5.10295474543548,1.0,5.0,9.0,3.0,21.0
3495.0,add,6.269779329952444,2717.0,253.0,5.395525591454423,1.0,4.0,6.0,4.0,18.0
3496.0,add,5.677954110461226,2718.0,298.0,5.438603032597038,1.0,4.0,9.0,3.0,21.0
3497.0,add,5.5763579283106095,2719.0,289.0,5.5340154123724234,1.0,5.0,7.0,3.0,19.0
3498.0,add,6.26363982356009,2720.0,97.0,5.698258471215247,5.0,2.0,1.0,3.0,16.0
3499.0,add,5.489135812650808,2721.0,274.0,5.452152878795856,1.0,4.0,8.0,6.0,19.0
3500.0,delete,5.813422965495663,2722.0,148.0,5.6096284324356,3.0,5.0,1.0,3.0,18.0
3501.0,delete,5.332654996847221,2723.0,303.0,5.157356540074148,1.0,5.0,10.0,3.0,20.0
3502.0,add,5.999509230970845,2724.0,226.0,5.49941983058475,1.0,3.0,3.0,5.0,16.0
3503.0,delete,5.314728658545612,2725.0,305.0,5.085075265580224,1.0,5.0,9.0,3.0,21.0
3504.0,add,5.070630063770449,2726.0,37.0,5.6471464988760545,10.0,9.0,8.0,6.0,14.0
3505.0,add,5.413273630106315,2727.0,191.0,5.5606923403392186,1.0,6.0,2.0,2.0,20.0
3506.0,delete,5.069298428298726,2728.0,307.0,5.065150888254881,1.0,4.0,9.0,3.0,21.0
3507.0,delete,4.881949947780378,2728.0,307.0,5.065150888254881,1.0,3.0,9.0,3.0,21.0
3508.0,swap,5.595723269616013,2728.0,307.0,5.065150888254881,1.0,4.0,9.0,3.0,21.0
3509.0,delete,5.633199144108786,2729.0,254.0,5.389890819170416,1.0,4.0,7.0,4.0,16.0
3510.0,add,5.762573123826387,2730.0,299.0,5.3553671885477385,1.0,6.0,9.0,3.0,20.0
3511.0,add,5.695008800360784,2731.0,304.0,5.105264280279896,1.0,5.0,9.0,3.0,22.0
3512.0,delete,6.255865922249181,2732.0,98.0,5.693801555754271,5.0,1.0,1.0,4.0,15.0
3513.0,add,5.360929570415005,2733.0,290.0,5.532246703994597,1.0,6.0,8.0,3.0,18.0
3514.0,add,5.6644230655083385,2734.0,275.0,5.446329993287176,1.0,4.0,8.0,5.0,21.0
3515.0,add,5.5780239067492134,2735.0,149.0,5.60716440086406,3.0,6.0,1.0,3.0,18.0
3516.0,delete,5.10295474543548,2736.0,306.0,5.153030633487499,1.0,5.0,9.0,3.0,20.0
3517.0,add,5.827228396945713,2737.0,227.0,5.491113426948098,1.0,5.0,3.0,4.0,16.0
3518.0,delete,5.407995545621213,2738.0,192.0,5.5593864192802025,1.0,6.0,2.0,2.0,19.0
3519.0,add,5.173189266980497,2739.0,38.0,5.648421292549757,10.0,9.0,7.0,6.0,16.0
3520.0,delete,4.879265533740223,2740.0,308.0,4.881949947780378,1.0,3.0,9.0,3.0,21.0
3521.0,delete,5.1417811328779575,2740.0,308.0,4.881949947780378,1.0,3.0,9.0,3.0,20.0
3522.0,swap,5.06810477450779,2740.0,308.0,4.881949947780378,1.0,2.0,9.0,4.0,21.0
3523.0,delete,5.7279770221481145,2741.0,300.0,5.282438471917058,1.0,5.0,10.0,3.0,19.0
3524.0,add,5.5504812002597514,2742.0,255.0,5.383813035167167,1.0,4.0,7.0,5.0,16.0
3525.0,delete,4.988992458064557,2743.0,305.0,5.116175629426924,1.0,5.0,9.0,3.0,21.0
3526.0,delete,5.065150888254881,2744.0,307.0,4.992775347226587,1.0,4.0,9.0,3.0,20.0
3527.0,add,5.714469789785309,2745.0,99.0,5.6890272718232175,5.0,2.0,1.0,5.0,14.0
3528.0,add,5.544695280883502,2746.0,291.0,5.501103457364799,1.0,5.0,9.0,3.0,19.0
3529.0,add,5.477740479286489,2747.0,276.0,5.434032950446181,1.0,4.0,8.0,5.0,22.0
3530.0,add,5.938464601932985,2748.0,150.0,5.602691844006002,3.0,5.0,1.0,4.0,19.0
3531.0,delete,5.141901191873752,2749.0,309.0,5.1417811328779575,1.0,3.0,9.0,3.0,20.0
3532.0,add,5.138263263472769,2749.0,309.0,5.1417811328779575,1.0,3.0,9.0,3.0,21.0
3533.0,delete,5.132269078901977,2749.0,309.0,5.1417811328779575,1.0,3.0,8.0,3.0,20.0
3534.0,swap,4.766193129344441,2749.0,309.0,5.1417811328779575,1.0,3.0,8.0,3.0,21.0
3535.0,add,5.194532491057319,2750.0,39.0,5.648794661890039,10.0,9.0,7.0,7.0,16.0
3536.0,add,5.389908807878147,2751.0,193.0,5.557971328819269,1.0,6.0,2.0,3.0,19.0
3537.0,add,5.99929113103658,2752.0,228.0,5.47785949989515,1.0,4.0,3.0,5.0,17.0
3538.0,delete,5.376821469251182,2753.0,256.0,5.3762006304801435,1.0,4.0,6.0,4.0,17.0
3539.0,add,5.320517510848274,2754.0,301.0,5.206655050535138,1.0,5.0,10.0,4.0,19.0
3540.0,delete,5.1127701154688445,2755.0,306.0,5.080615867104559,1.0,5.0,9.0,3.0,20.0
3541.0,delete,4.881949947780378,2756.0,308.0,5.064081559294179,1.0,3.0,9.0,3.0,20.0
3542.0,add,5.71724156476324,2757.0,100.0,5.686616758987235,5.0,2.0,2.0,4.0,15.0
3543.0,delete,5.317920718192468,2758.0,277.0,5.42206094464703,1.0,5.0,8.0,5.0,20.0
3544.0,add,5.489157920214507,2759.0,292.0,5.466315314568049,1.0,6.0,8.0,3.0,20.0
3545.0,add,5.824417571713211,2760.0,151.0,5.5978465992040185,3.0,5.0,1.0,4.0,20.0
3546.0,add,5.1382686216916555,2761.0,310.0,5.138263263472769,1.0,3.0,9.0,3.0,21.0
3547.0,add,5.224415404334589,2761.0,310.0,5.138263263472769,1.0,3.0,9.0,3.0,22.0
3548.0,delete,5.0496752898263235,2761.0,310.0,5.138263263472769,1.0,3.0,8.0,3.0,21.0
3549.0,swap,5.147363827934894,2761.0,310.0,5.138263263472769,1.0,4.0,9.0,3.0,20.0
3550.0,add,5.0858046736529126,2762.0,40.0,5.649443761121461,10.0,9.0,8.0,6.0,17.0
3551.0,add,5.3508259131590465,2763.0,194.0,5.556934679214439,1.0,6.0,2.0,3.0,20.0
3552.0,add,5.920446320853412,2764.0,229.0,5.4665418649409245,1.0,5.0,4.0,5.0,16.0
3553.0,add,5.515030111368192,2765.0,257.0,5.368697068685719,1.0,3.0,8.0,4.0,17.0
3554.0,add,4.667926182665281,2766.0,302.0,5.1676769056238445,1.0,5.0,10.0,3.0,21.0
3555.0,delete,5.063873852873502,2767.0,307.0,5.046896573737286,1.0,4.0,9.0,3.0,20.0
3556.0,delete,5.4324977974849205,2768.0,278.0,5.41332782327041,1.0,4.0,8.0,5.0,20.0
3557.0,add,5.882816230065168,2769.0,101.0,5.684081573490029,5.0,3.0,2.0,4.0,15.0
3558.0,add,5.12769771307787,2770.0,309.0,5.139597281452046,1.0,3.0,9.0,3.0,21.0
3559.0,delete,5.798591829427798,2771.0,152.0,5.5934678368435735,3.0,5.0,1.0,4.0,19.0
3560.0,add,5.408139799128615,2772.0,293.0,5.439953821582563,1.0,6.0,8.0,3.0,21.0
3561.0,delete,4.906500228987289,2773.0,308.0,5.080888963737873,1.0,3.0,8.0,3.0,21.0
3562.0,add,6.204774758963963,2774.0,230.0,5.455811175269066,1.0,4.0,5.0,5.0,17.0
3563.0,delete,4.577037053618707,2775.0,41.0,5.649913795172712,10.0,9.0,8.0,6.0,16.0
3564.0,add,5.267856698692349,2776.0,195.0,5.557348215011614,1.0,6.0,2.0,2.0,22.0
3565.0,add,5.227551358896611,2777.0,311.0,5.224415404334589,1.0,3.0,9.0,3.0,22.0
3566.0,delete,5.225073260418563,2777.0,311.0,5.224415404334589,1.0,3.0,9.0,3.0,21.0
3567.0,swap,5.5307021018524045,2777.0,311.0,5.224415404334589,1.0,3.0,9.0,3.0,22.0
3568.0,add,5.558161293838404,2778.0,258.0,5.36180586187207,1.0,3.0,8.0,4.0,18.0
3569.0,delete,5.38572843889905,2779.0,303.0,5.146237001025107,1.0,5.0,10.0,3.0,20.0
3570.0,delete,5.235412860526263,2780.0,279.0,5.4072502624913605,1.0,4.0,7.0,5.0,20.0
3571.0,add,5.104845467909556,2781.0,310.0,5.301935531375542,1.0,3.0,9.0,3.0,22.0
3572.0,add,6.331916964504235,2782.0,102.0,5.680442610149508,5.0,3.0,2.0,5.0,15.0
3573.0,delete,6.439000269479838,2783.0,153.0,5.588317761122296,2.0,5.0,1.0,4.0,19.0
3574.0,delete,5.628416765694225,2784.0,294.0,5.424369358483948,1.0,5.0,8.0,3.0,21.0
3575.0,delete,5.27288347677878,2785.0,312.0,5.225073260418563,1.0,3.0,9.0,3.0,21.0
3576.0,delete,5.225073260418563,2785.0,312.0,5.225073260418563,1.0,3.0,9.0,3.0,20.0
3577.0,swap,5.208336633973239,2785.0,312.0,5.225073260418563,1.0,4.0,9.0,3.0,20.0
3578.0,delete,4.582227655793935,2786.0,42.0,5.653478863148095,8.0,9.0,8.0,6.0,17.0
3579.0,delete,5.245634765605241,2787.0,196.0,5.557975562644048,1.0,6.0,2.0,2.0,21.0
3580.0,add,6.032660406840234,2788.0,231.0,5.4462894973524785,1.0,4.0,5.0,5.0,18.0
3581.0,add,5.285533688752156,2789.0,304.0,5.12384710057478,1.0,6.0,9.0,3.0,21.0
3582.0,delete,5.235447269540923,2790.0,259.0,5.36131728992106,1.0,3.0,8.0,3.0,18.0
3583.0,add,5.222319094611347,2791.0,309.0,5.201549975429679,1.0,3.0,9.0,3.0,21.0
3584.0,delete,4.660097135163258,2792.0,280.0,5.40932661360148,1.0,4.0,6.0,4.0,21.0
3585.0,delete,4.873882271840524,2793.0,311.0,5.2328416578972865,1.0,3.0,9.0,3.0,21.0
3586.0,delete,5.739592798141238,2794.0,295.0,5.392456047114235,1.0,4.0,8.0,3.0,21.0
3587.0,add,6.336518390802105,2795.0,103.0,5.6749454598596065,5.0,4.0,2.0,4.0,16.0
3588.0,add,6.462865053161419,2796.0,154.0,5.578918306346272,1.0,5.0,1.0,4.0,21.0
3589.0,delete,5.225064570423577,2797.0,313.0,5.225073260418563,1.0,3.0,9.0,3.0,20.0
3590.0,add,5.069236015095121,2797.0,313.0,5.225073260418563,1.0,3.0,9.0,3.0,21.0
3591.0,delete,4.992315549332722,2797.0,313.0,5.225073260418563,1.0,3.0,9.0,3.0,19.0
3592.0,swap,5.214842295281772,2797.0,313.0,5.225073260418563,1.0,3.0,8.0,3.0,21.0
3593.0,delete,3.7700057474574615,2798.0,43.0,5.65745090211387,8.0,9.0,8.0,6.0,16.0
3594.0,delete,5.287670131136777,2799.0,197.0,5.557540317400819,1.0,6.0,1.0,2.0,21.0
3595.0,delete,5.802392880329626,2800.0,232.0,5.435315710114185,1.0,4.0,5.0,4.0,18.0
3596.0,delete,5.083571832214638,2801.0,305.0,5.11678794804609,1.0,5.0,9.0,3.0,21.0
3597.0,add,5.234877695995112,2802.0,260.0,5.358857748876251,1.0,3.0,8.0,4.0,18.0
3598.0,delete,5.579442517102675,2803.0,281.0,5.406288398397625,1.0,4.0,7.0,4.0,19.0
3599.0,add,5.16176790612793,2804.0,310.0,5.184170897427387,1.0,3.0,9.0,3.0,22.0
3600.0,delete,5.792110720542158,2805.0,296.0,5.356433108799369,1.0,4.0,8.0,3.0,20.0
3601.0,delete,5.222630939872127,2806.0,312.0,5.145306338110352,1.0,2.0,9.0,3.0,21.0
3602.0,add,6.286488470702686,2807.0,104.0,5.669332780549409,5.0,4.0,2.0,4.0,17.0
3603.0,add,5.801535221279297,2808.0,155.0,5.571092108477421,1.0,5.0,1.0,4.0,22.0
3604.0,add,5.059694831343341,2809.0,314.0,5.069236015095121,1.0,3.0,9.0,3.0,21.0
3605.0,add,5.0697234636730135,2809.0,314.0,5.069236015095121,1.0,4.0,9.0,3.0,21.0
3606.0,delete,5.129033196307673,2809.0,314.0,5.069236015095121,1.0,3.0,8.0,3.0,21.0
3607.0,swap,5.3134113867169575,2809.0,314.0,5.069236015095121,1.0,4.0,9.0,3.0,20.0
3608.0,delete,4.0468992446453536,2810.0,44.0,5.664221944977485,8.0,9.0,7.0,6.0,16.0
3609.0,delete,4.569578853412673,2811.0,198.0,5.558077338965488,1.0,6.0,1.0,2.0,20.0
3610.0,delete,5.677659945051867,2812.0,233.0,5.4266728094664165,1.0,4.0,4.0,5.0,17.0
3611.0,delete,5.23516233442962,2813.0,282.0,5.408461683530698,1.0,4.0,6.0,4.0,19.0
3612.0,add,5.230368166808807,2814.0,261.0,5.359186487684979,1.0,3.0,8.0,6.0,17.0
3613.0,delete,5.805389533915012,2815.0,306.0,5.123144106224594,1.0,5.0,9.0,3.0,20.0
3614.0,delete,5.223220848733568,2816.0,311.0,5.150085796533999,1.0,3.0,9.0,2.0,22.0
3615.0,add,5.817078216992375,2817.0,297.0,5.325641323878541,1.0,4.0,9.0,3.0,20.0
3616.0,delete,6.33623830661424,2818.0,105.0,5.6646036694856825,5.0,4.0,2.0,3.0,17.0
3617.0,add,5.225362391393821,2819.0,313.0,5.128219778627221,1.0,3.0,9.0,3.0,21.0
3618.0,add,5.9230774235948145,2820.0,156.0,5.566196373066204,1.0,6.0,1.0,5.0,21.0
3619.0,delete,3.7455619770628874,2821.0,45.0,5.671316964315383,8.0,9.0,7.0,5.0,16.0
3620.0,delete,5.238944732220191,2822.0,199.0,5.560647756778756,1.0,5.0,1.0,2.0,20.0
3621.0,delete,5.643395859195057,2823.0,234.0,5.420801918414581,1.0,4.0,4.0,5.0,16.0
3622.0,delete,4.992315549332722,2824.0,312.0,5.158762536350791,1.0,3.0,9.0,3.0,20.0
3623.0,delete,5.064378008644348,2825.0,307.0,5.116510505066527,1.0,4.0,8.0,3.0,21.0
3624.0,add,5.092951613004693,2826.0,315.0,5.0697234636730135,1.0,4.0,9.0,3.0,21.0
3625.0,add,5.042964526044001,2826.0,315.0,5.0697234636730135,1.0,4.0,9.0,3.0,22.0
3626.0,delete,4.910743592752206,2826.0,315.0,5.0697234636730135,1.0,3.0,9.0,3.0,21.0
3627.0,swap,4.7439250082300495,2826.0,315.0,5.0697234636730135,0.0,5.0,9.0,3.0,21.0
3628.0,delete,5.301739521663596,2827.0,262.0,5.3557351095837715,1.0,3.0,8.0,5.0,17.0
3629.0,add,5.267157010783193,2828.0,283.0,5.403605253239849,1.0,4.0,6.0,4.0,20.0
3630.0,delete,6.2446632176404435,2829.0,106.0,5.658786880808817,5.0,4.0,1.0,4.0,16.0
3631.0,add,5.707444260963792,2830.0,298.0,5.277557840187408,1.0,4.0,9.0,3.0,21.0
3632.0,delete,5.269992875946123,2831.0,200.0,5.56072377124538,1.0,5.0,1.0,2.0,19.0
3633.0,add,5.54984095651602,2832.0,157.0,5.560948413376124,1.0,7.0,1.0,5.0,21.0
3634.0,add,4.476324112043552,2833.0,46.0,5.676828520297824,8.0,9.0,7.0,6.0,16.0
3635.0,delete,6.229607826711491,2834.0,235.0,5.4111500267886035,1.0,4.0,5.0,5.0,14.0
3636.0,add,5.072057617487492,2835.0,314.0,4.972061640740792,1.0,3.0,9.0,3.0,22.0
3637.0,delete,4.901713076070117,2836.0,308.0,5.114056591229646,1.0,3.0,9.0,3.0,20.0
3638.0,add,5.460938684708843,2837.0,313.0,5.066282149277125,1.0,3.0,9.0,3.0,21.0
3639.0,add,5.03946833745957,2838.0,316.0,5.042964526044001,1.0,4.0,9.0,3.0,22.0
3640.0,add,5.22964682140541,2838.0,316.0,5.042964526044001,1.0,4.0,9.0,3.0,23.0
3641.0,delete,5.076257152695616,2838.0,316.0,5.042964526044001,1.0,4.0,9.0,3.0,21.0
3642.0,swap,5.458605641700902,2838.0,316.0,5.042964526044001,1.0,4.0,8.0,4.0,22.0
3643.0,delete,5.228803773090223,2839.0,263.0,5.355957849612291,1.0,3.0,8.0,4.0,17.0
3644.0,delete,6.718116367738831,2840.0,107.0,5.652900373670415,4.0,4.0,1.0,4.0,16.0
3645.0,add,5.265407577270204,2841.0,284.0,5.401648403706677,1.0,5.0,6.0,4.0,20.0
3646.0,delete,5.771079148136114,2842.0,201.0,5.560103392092622,1.0,5.0,1.0,2.0,18.0
3647.0,add,5.760906258158882,2843.0,299.0,5.234404321809072,1.0,5.0,9.0,4.0,20.0
3648.0,delete,5.228165472794899,2844.0,47.0,5.679901938306614,8.0,9.0,6.0,6.0,16.0
3649.0,add,5.229234028210179,2845.0,158.0,5.559305441450781,1.0,7.0,1.0,4.0,23.0
3650.0,add,5.5360260834529225,2846.0,236.0,5.400112025508949,1.0,4.0,5.0,5.0,15.0
3651.0,add,5.104134208877502,2847.0,315.0,5.1693884958611,1.0,4.0,9.0,3.0,22.0
3652.0,add,5.304689994425879,2848.0,309.0,5.149914440898418,1.0,3.0,9.0,3.0,21.0
3653.0,add,5.0309368471725,2849.0,314.0,5.076407089393677,1.0,4.0,9.0,3.0,21.0
3654.0,add,5.0756495708089835,2850.0,317.0,5.22964682140541,1.0,4.0,9.0,3.0,23.0
3655.0,delete,4.915984120658753,2850.0,317.0,5.22964682140541,1.0,4.0,9.0,3.0,22.0
3656.0,swap,5.208611514450132,2850.0,317.0,5.22964682140541,1.0,4.0,9.0,4.0,22.0
3657.0,add,5.439568159877022,2851.0,264.0,5.354925552542512,1.0,3.0,7.0,4.0,19.0
3658.0,delete,6.809035498844962,2852.0,108.0,5.6449222861935695,4.0,4.0,0.0,4.0,16.0
3659.0,add,5.36772648981934,2853.0,285.0,5.399561586505969,1.0,5.0,7.0,4.0,20.0
3660.0,delete,5.635594679604577,2854.0,300.0,5.195905983381798,1.0,5.0,9.0,3.0,20.0
3661.0,add,5.881439208422889,2855.0,202.0,5.55588237507559,1.0,6.0,1.0,2.0,18.0
3662.0,delete,5.196994715545377,2856.0,48.0,5.680472489635225,8.0,9.0,5.0,6.0,16.0
3663.0,delete,5.642241899752977,2857.0,159.0,5.558032938659957,1.0,7.0,2.0,4.0,21.0
3664.0,add,5.043827000998757,2858.0,316.0,5.107473006830819,1.0,4.0,9.0,4.0,22.0
3665.0,add,5.784015042770312,2859.0,237.0,5.389745253257515,1.0,4.0,6.0,5.0,15.0
3666.0,delete,4.914695145979061,2860.0,318.0,4.915984120658753,1.0,4.0,9.0,3.0,22.0
3667.0,delete,4.875278280938727,2860.0,318.0,4.915984120658753,1.0,4.0,9.0,3.0,21.0
3668.0,swap,5.685907139690593,2860.0,318.0,4.915984120658753,1.0,4.0,9.0,3.0,22.0
3669.0,add,5.824411140913908,2861.0,310.0,5.1408284147590475,1.0,3.0,10.0,3.0,21.0
3670.0,add,5.213168158706754,2862.0,265.0,5.35445697383836,1.0,3.0,7.0,4.0,20.0
3671.0,delete,5.325560960629871,2863.0,286.0,5.400105623402716,1.0,6.0,7.0,3.0,19.0
3672.0,delete,6.8054403956799785,2864.0,109.0,5.637834147560121,4.0,4.0,0.0,3.0,16.0
3673.0,add,5.053473557424277,2865.0,315.0,5.128540727823694,1.0,5.0,9.0,3.0,21.0
3674.0,delete,4.660899853793068,2866.0,317.0,5.0979661718167835,0.0,4.0,9.0,3.0,23.0
3675.0,add,4.977246977235774,2867.0,301.0,5.167145279777887,1.0,5.0,10.0,3.0,20.0
3676.0,delete,6.007520485484174,2868.0,49.0,5.680326816077187,8.0,8.0,5.0,6.0,16.0
3677.0,delete,5.970231998845947,2869.0,160.0,5.554233267764909,1.0,7.0,1.0,4.0,21.0
3678.0,add,5.828583584776648,2870.0,203.0,5.550386457659397,1.0,5.0,2.0,2.0,19.0
3679.0,delete,4.874616984277628,2871.0,319.0,4.875278280938727,1.0,4.0,9.0,3.0,21.0
3680.0,delete,5.093688682950134,2871.0,319.0,4.875278280938727,1.0,4.0,9.0,3.0,20.0
3681.0,swap,5.58806584886331,2871.0,319.0,4.875278280938727,1.0,3.0,10.0,3.0,21.0
3682.0,add,5.320368991888719,2872.0,238.0,5.384605778098649,1.0,5.0,6.0,5.0,15.0
3683.0,delete,5.185944502151407,2873.0,311.0,5.1169616510562985,1.0,3.0,9.0,3.0,21.0
3684.0,delete,5.446084458974348,2874.0,287.0,5.384470976206124,1.0,6.0,6.0,4.0,18.0
3685.0,add,5.830865209642504,2875.0,266.0,5.3522719963737755,1.0,3.0,7.0,5.0,20.0
3686.0,delete,6.80822695602202,2876.0,110.0,5.630078891477226,4.0,4.0,0.0,2.0,16.0
3687.0,add,5.0322444211947515,2877.0,316.0,5.097239247067879,1.0,4.0,9.0,3.0,23.0
3688.0,delete,5.087530070186546,2878.0,318.0,5.10791244925745,1.0,4.0,9.0,3.0,21.0
3689.0,delete,5.07978804948235,2879.0,320.0,5.093688682950134,1.0,4.0,9.0,3.0,20.0
3690.0,delete,5.093688682950134,2879.0,320.0,5.093688682950134,1.0,4.0,9.0,3.0,19.0
3691.0,swap,5.074923647677357,2879.0,320.0,5.093688682950134,1.0,4.0,9.0,4.0,19.0
3692.0,delete,5.267112652300164,2880.0,50.0,5.678732300381098,8.0,7.0,5.0,6.0,16.0
3693.0,delete,5.970154759356211,2881.0,161.0,5.548116402890156,1.0,7.0,2.0,3.0,20.0
3694.0,add,5.42038004545357,2882.0,204.0,5.547882621177584,1.0,6.0,2.0,2.0,19.0
3695.0,add,4.75644233529454,2883.0,239.0,5.383863608195853,1.0,5.0,6.0,5.0,16.0
3696.0,add,4.945923090938577,2884.0,302.0,5.151204066468669,1.0,5.0,10.0,3.0,21.0
3697.0,delete,5.155640749489778,2885.0,312.0,5.1063464895867,1.0,3.0,9.0,3.0,20.0
3698.0,delete,5.454118750965229,2886.0,288.0,5.3684052845874755,1.0,6.0,7.0,2.0,18.0
3699.0,delete,5.231862026548921,2887.0,317.0,5.078755542287306,1.0,4.0,9.0,2.0,23.0
3700.0,delete,6.808439312119419,2888.0,111.0,5.6217756547477755,4.0,3.0,0.0,3.0,15.0
3701.0,add,5.2617732986709305,2889.0,267.0,5.350806579918884,1.0,4.0,7.0,5.0,20.0
3702.0,delete,4.717294894449659,2890.0,319.0,5.085522265764993,1.0,4.0,9.0,3.0,20.0
3703.0,delete,5.095911221482137,2891.0,321.0,5.093688682950134,1.0,4.0,9.0,3.0,19.0
3704.0,add,5.377324897680265,2891.0,321.0,5.093688682950134,1.0,4.0,9.0,3.0,20.0
3705.0,delete,5.671851583273543,2891.0,321.0,5.093688682950134,1.0,4.0,8.0,3.0,19.0
3706.0,swap,5.932516904228824,2891.0,321.0,5.093688682950134,1.0,4.0,9.0,3.0,19.0
3707.0,add,5.475552528947134,2892.0,51.0,5.676957195388108,8.0,7.0,5.0,6.0,17.0
3708.0,delete,5.4844624720977,2893.0,162.0,5.541914409390504,1.0,7.0,2.0,4.0,18.0
3709.0,add,5.36881853263986,2894.0,205.0,5.545298296660453,1.0,6.0,2.0,2.0,20.0
3710.0,delete,5.711290864063639,2895.0,240.0,5.38431796339242,1.0,5.0,6.0,5.0,15.0
3711.0,delete,5.38572843889905,2896.0,303.0,5.15663753626856,1.0,5.0,10.0,3.0,20.0
3712.0,add,5.229827748175644,2897.0,313.0,5.134505498440406,1.0,3.0,9.0,3.0,21.0
3713.0,add,5.403692613111601,2898.0,289.0,5.366116928238359,1.0,5.0,7.0,3.0,19.0
3714.0,delete,5.130550178050182,2899.0,268.0,5.354689235667891,1.0,4.0,7.0,5.0,19.0
3715.0,add,6.805098743603466,2900.0,112.0,5.61338702891202,4.0,4.0,0.0,2.0,16.0
3716.0,delete,4.650458648871616,2901.0,318.0,5.1971138268031245,1.0,4.0,9.0,3.0,21.0
3717.0,delete,5.671851583273543,2902.0,320.0,5.43425865792298,1.0,4.0,8.0,3.0,20.0
3718.0,delete,6.187709753390166,2903.0,163.0,5.538129067694212,1.0,6.0,2.0,3.0,19.0
3719.0,add,5.376884345671211,2904.0,322.0,5.377324897680265,1.0,4.0,9.0,3.0,20.0
3720.0,add,5.38350438062216,2904.0,322.0,5.377324897680265,1.0,4.0,9.0,3.0,21.0
3721.0,delete,5.178852998521418,2904.0,322.0,5.377324897680265,1.0,4.0,9.0,3.0,19.0
3722.0,swap,5.13781438068819,2904.0,322.0,5.377324897680265,1.0,4.0,8.0,3.0,21.0
3723.0,add,5.814758295142421,2905.0,52.0,5.675471958394456,8.0,9.0,5.0,6.0,16.0
3724.0,add,5.8672856760048075,2906.0,206.0,5.5445527373783365,1.0,5.0,2.0,3.0,21.0
3725.0,add,5.227427068667611,2907.0,241.0,5.383334452215512,1.0,4.0,6.0,5.0,17.0
3726.0,add,5.330115522681361,2908.0,304.0,5.149653219013623,1.0,5.0,10.0,3.0,21.0
3727.0,add,5.127005214998454,2909.0,314.0,5.13796134800339,1.0,3.0,10.0,3.0,21.0
3728.0,delete,5.484895843775865,2910.0,269.0,5.3569761694454145,0.0,3.0,7.0,5.0,20.0
3729.0,add,5.317427928008054,2911.0,290.0,5.358863580888841,1.0,5.0,8.0,3.0,19.0
3730.0,add,5.538486255075245,2912.0,113.0,5.606055487705312,4.0,4.0,1.0,2.0,16.0
3731.0,delete,5.00779280741869,2913.0,319.0,5.277564018067922,1.0,4.0,8.0,3.0,21.0
3732.0,delete,6.5432783227770415,2914.0,164.0,5.532343173011283,1.0,7.0,2.0,3.0,17.0
3733.0,add,5.217463466235369,2915.0,321.0,5.2908762006366485,1.0,4.0,9.0,3.0,20.0
3734.0,delete,5.966840725246165,2916.0,53.0,5.674552161669479,8.0,8.0,6.0,6.0,15.0
3735.0,delete,4.914937103560238,2917.0,305.0,5.147295460776205,1.0,5.0,9.0,3.0,21.0
3736.0,delete,5.089875508257458,2918.0,320.0,5.37615131314789,1.0,4.0,8.0,3.0,20.0
3737.0,delete,5.312336468314551,2919.0,207.0,5.542809890318673,1.0,5.0,3.0,2.0,20.0
3738.0,add,5.362855262636209,2920.0,323.0,5.38350438062216,1.0,4.0,9.0,3.0,21.0
3739.0,delete,5.381621205929726,2920.0,323.0,5.38350438062216,1.0,4.0,8.0,3.0,21.0
3740.0,swap,5.38600548560813,2920.0,323.0,5.38350438062216,1.0,4.0,9.0,3.0,21.0
3741.0,add,5.592081181998797,2921.0,242.0,5.381428660791321,1.0,4.0,6.0,6.0,17.0
3742.0,add,4.669604664681345,2922.0,315.0,5.175163191753771,1.0,4.0,10.0,3.0,21.0
3743.0,add,5.141664838866376,2923.0,270.0,5.357372947225681,1.0,3.0,7.0,6.0,19.0
3744.0,add,6.148721847535801,2924.0,291.0,5.342594366975961,1.0,5.0,9.0,3.0,19.0
3745.0,add,6.353142571125679,2925.0,114.0,5.599862783801918,4.0,5.0,1.0,3.0,15.0
3746.0,add,5.3757246203956015,2926.0,322.0,5.378496583699056,1.0,5.0,9.0,3.0,20.0
3747.0,add,6.056986166064779,2927.0,165.0,5.522721090345906,1.0,6.0,2.0,3.0,19.0
3748.0,delete,5.097251297112388,2928.0,306.0,5.153209613958732,1.0,5.0,8.0,3.0,21.0
3749.0,add,5.818389898201008,2929.0,54.0,5.673045583442284,8.0,9.0,5.0,6.0,16.0
3750.0,delete,5.431189627619755,2930.0,324.0,5.381621205929726,1.0,4.0,8.0,3.0,21.0
3751.0,delete,6.02602556371725,2930.0,324.0,5.381621205929726,1.0,4.0,8.0,3.0,20.0
3752.0,swap,5.395117703901105,2930.0,324.0,5.381621205929726,1.0,4.0,8.0,3.0,21.0
3753.0,delete,5.14930093602666,2931.0,208.0,5.544617856533497,1.0,5.0,3.0,3.0,18.0
3754.0,add,5.594214333800808,2932.0,243.0,5.378504746702204,1.0,5.0,7.0,5.0,17.0
3755.0,add,5.108615966375907,2933.0,316.0,5.22140628085478,1.0,5.0,9.0,3.0,22.0
3756.0,add,5.033932053661204,2934.0,321.0,5.386952610709723,1.0,4.0,10.0,3.0,19.0
3757.0,delete,5.105201990680048,2935.0,271.0,5.362078479336774,1.0,2.0,8.0,5.0,19.0
3758.0,delete,5.377324897680265,2936.0,323.0,5.55848852529196,1.0,4.0,9.0,3.0,20.0
3759.0,add,5.596744151076789,2937.0,292.0,5.334455262520918,1.0,6.0,8.0,3.0,20.0
3760.0,add,6.547753948247758,2938.0,115.0,5.5950187831847025,4.0,6.0,1.0,2.0,16.0
3761.0,delete,5.702043551442917,2939.0,166.0,5.514901108068902,0.0,7.0,2.0,3.0,18.0
3762.0,delete,4.997654912025319,2940.0,307.0,5.159297053487815,1.0,4.0,9.0,3.0,20.0
3763.0,delete,6.04023327031357,2941.0,325.0,6.02602556371725,1.0,4.0,8.0,3.0,20.0
3764.0,delete,6.042023361407104,2941.0,325.0,6.02602556371725,1.0,4.0,8.0,3.0,19.0
3765.0,swap,5.889445305899166,2941.0,325.0,6.02602556371725,1.0,5.0,8.0,3.0,19.0
3766.0,add,5.625008886228073,2942.0,55.0,5.672494280711104,8.0,9.0,5.0,6.0,17.0
3767.0,delete,5.282491909486634,2943.0,209.0,5.548445187627634,1.0,5.0,3.0,3.0,17.0
3768.0,delete,5.543273767483712,2944.0,244.0,5.377129373741058,1.0,4.0,7.0,5.0,17.0
3769.0,delete,4.915984120658753,2945.0,317.0,5.293021141370248,1.0,4.0,9.0,3.0,22.0
3770.0,add,5.373876736891493,2946.0,322.0,5.590922557144171,1.0,4.0,9.0,4.0,20.0
3771.0,delete,5.3696044748391225,2947.0,324.0,5.999431875334272,1.0,4.0,7.0,3.0,21.0
3772.0,add,5.230643497020935,2948.0,272.0,5.36952506440316,1.0,3.0,8.0,5.0,19.0
3773.0,delete,5.068107309081118,2949.0,308.0,5.194673958038874,1.0,2.0,9.0,3.0,21.0
3774.0,add,5.474017223144108,2950.0,293.0,5.334921049408665,1.0,5.0,8.0,3.0,22.0
3775.0,add,6.455529349582468,2951.0,116.0,5.589911090538268,4.0,5.0,2.0,3.0,16.0
3776.0,add,6.446335271017291,2952.0,167.0,5.50681800476527,1.0,8.0,2.0,2.0,18.0
3777.0,delete,6.035784150255797,2953.0,326.0,6.042023361407104,1.0,4.0,8.0,3.0,19.0
3778.0,delete,6.38783425198301,2953.0,326.0,6.042023361407104,1.0,4.0,7.0,3.0,19.0
3779.0,swap,6.139924731761452,2953.0,326.0,6.042023361407104,1.0,4.0,8.0,3.0,19.0
3780.0,add,4.943177182688038,2954.0,56.0,5.673457636442124,8.0,9.0,5.0,6.0,18.0
3781.0,delete,6.269890850027225,2955.0,210.0,5.547569450071775,1.0,5.0,2.0,3.0,17.0
3782.0,delete,5.6130901872223085,2956.0,245.0,5.37565812189153,1.0,5.0,7.0,4.0,16.0
3783.0,delete,5.06837091788321,2957.0,318.0,5.392961553141031,1.0,4.0,9.0,3.0,21.0
3784.0,delete,5.4241430258403165,2958.0,323.0,5.793010712108944,1.0,4.0,9.0,3.0,20.0
3785.0,delete,6.025213867423123,2959.0,325.0,6.151391623851842,1.0,4.0,7.0,3.0,20.0
3786.0,delete,6.394321902597787,2960.0,327.0,6.38783425198301,1.0,4.0,7.0,3.0,19.0
3787.0,delete,6.389814097495766,2960.0,327.0,6.38783425198301,1.0,4.0,6.0,3.0,19.0
3788.0,swap,6.266391598148185,2960.0,327.0,6.38783425198301,1.0,4.0,7.0,3.0,19.0
3789.0,add,5.5853485197336745,2961.0,273.0,5.383018302068926,1.0,3.0,8.0,5.0,20.0
3790.0,add,6.350045549037628,2962.0,117.0,5.588247274400232,4.0,6.0,1.0,4.0,16.0
3791.0,add,5.225053581724209,2963.0,168.0,5.506612997337447,1.0,8.0,2.0,2.0,19.0
3792.0,delete,5.264114655646081,2964.0,294.0,5.3584571630772775,1.0,5.0,8.0,3.0,21.0
3793.0,delete,5.289022445264046,2965.0,57.0,5.675334883727861,8.0,9.0,5.0,6.0,17.0
3794.0,add,6.09865569395933,2966.0,211.0,5.542996782302828,1.0,5.0,3.0,3.0,17.0
3795.0,add,5.139600314867868,2967.0,309.0,5.279963793053056,1.0,3.0,9.0,3.0,21.0
3796.0,delete,5.493144404465213,2968.0,246.0,5.378799170354349,1.0,4.0,7.0,3.0,17.0
3797.0,delete,4.7139549501711695,2969.0,319.0,5.532036800791476,1.0,3.0,9.0,3.0,21.0
3798.0,delete,5.140260377390621,2970.0,324.0,6.083884714653444,1.0,4.0,7.0,3.0,21.0
3799.0,delete,6.052419871856074,2971.0,326.0,6.359590462556187,1.0,4.0,8.0,3.0,18.0
3800.0,delete,6.425842801827439,2972.0,328.0,6.389814097495766,1.0,4.0,6.0,3.0,19.0
3801.0,delete,6.3637419071041155,2972.0,328.0,6.389814097495766,1.0,4.0,6.0,3.0,18.0
3802.0,swap,6.397717577978324,2972.0,328.0,6.389814097495766,1.0,4.0,5.0,4.0,19.0
3803.0,add,5.489086859605373,2973.0,274.0,5.3864987442846575,1.0,4.0,8.0,5.0,20.0
3804.0,delete,6.350045549037629,2974.0,118.0,5.584409801493717,4.0,5.0,1.0,4.0,16.0
3805.0,delete,5.344658108981001,2975.0,295.0,5.35966982441717,1.0,4.0,8.0,3.0,21.0
3806.0,add,5.782615140728959,2976.0,169.0,5.510051098638728,1.0,8.0,3.0,2.0,19.0
3807.0,delete,5.4444166899752,2977.0,58.0,5.67741238643716,8.0,8.0,4.0,6.0,18.0
3808.0,add,5.138155580798485,2978.0,310.0,5.321183438434999,1.0,3.0,9.0,4.0,21.0
3809.0,add,6.029493393556715,2979.0,212.0,5.539114342730986,1.0,5.0,3.0,3.0,18.0
3810.0,delete,6.035592520280823,2980.0,247.0,5.379618661542203,1.0,4.0,7.0,3.0,16.0
3811.0,delete,5.09743507414262,2981.0,320.0,5.670664863719128,1.0,3.0,9.0,3.0,20.0
3812.0,delete,5.991352598808322,2982.0,325.0,6.243419176653181,1.0,4.0,8.0,3.0,19.0
3813.0,delete,6.361679690440013,2983.0,327.0,6.394279096101411,1.0,4.0,7.0,3.0,18.0
3814.0,delete,6.363871488704358,2984.0,329.0,6.3637419071041155,1.0,4.0,6.0,3.0,18.0
3815.0,add,5.95739449229334,2984.0,329.0,6.3637419071041155,1.0,4.0,6.0,3.0,19.0
3816.0,delete,6.021664294445386,2984.0,329.0,6.3637419071041155,1.0,4.0,5.0,3.0,18.0
3817.0,swap,6.344085722779371,2984.0,329.0,6.3637419071041155,1.0,5.0,6.0,2.0,18.0
3818.0,delete,5.9203548480191355,2985.0,119.0,5.582401768435405,4.0,5.0,1.0,4.0,15.0
3819.0,add,5.455040775868929,2986.0,275.0,5.3937885842445406,1.0,4.0,9.0,5.0,20.0
3820.0,delete,5.752590747446721,2987.0,296.0,5.367758480837728,1.0,4.0,7.0,3.0,21.0
3821.0,delete,5.227143494466081,2988.0,59.0,5.680184574180061,8.0,8.0,5.0,4.0,18.0
3822.0,add,5.332307286370495,2989.0,170.0,5.5154510155869305,1.0,8.0,4.0,2.0,19.0
3823.0,delete,5.653713978758554,2990.0,248.0,5.382835335336141,1.0,4.0,6.0,3.0,16.0
3824.0,add,6.113499022716914,2991.0,213.0,5.537303689374059,1.0,5.0,4.0,4.0,17.0
3825.0,delete,5.833821536463973,2992.0,311.0,5.366785424426762,1.0,3.0,9.0,3.0,21.0
3826.0,add,5.516351235679062,2993.0,321.0,5.785648268950028,1.0,4.0,9.0,3.0,20.0
3827.0,delete,5.872712039408707,2994.0,326.0,6.286675361357936,1.0,4.0,8.0,3.0,18.0
3828.0,delete,6.345866104679397,2995.0,328.0,6.210151581065315,1.0,4.0,6.0,3.0,18.0
3829.0,add,5.956736549779734,2996.0,330.0,5.95739449229334,1.0,4.0,6.0,3.0,19.0
3830.0,delete,5.611033118902845,2996.0,330.0,5.95739449229334,1.0,4.0,6.0,3.0,18.0
3831.0,swap,5.956763353946357,2996.0,330.0,5.95739449229334,1.0,4.0,6.0,3.0,19.0
3832.0,add,5.382583958815157,2997.0,276.0,5.3999584346291645,1.0,4.0,8.0,5.0,22.0
3833.0,add,5.9203548480191355,2998.0,120.0,5.581120326501371,4.0,5.0,1.0,4.0,16.0
3834.0,add,5.222019864746751,2999.0,297.0,5.371022672674161,1.0,4.0,8.0,3.0,21.0
3835.0,delete,4.92616581338142,3000.0,60.0,5.682460221780519,7.0,8.0,5.0,5.0,17.0
3836.0,delete,5.205734203862974,3001.0,249.0,5.387088330667834,1.0,4.0,6.0,2.0,16.0
3837.0,add,5.883797923691927,3002.0,171.0,5.5202562090166385,1.0,10.0,3.0,2.0,19.0
3838.0,delete,5.073610010601723,3003.0,312.0,5.407844284123878,1.0,2.0,9.0,3.0,21.0
3839.0,add,5.2830624852728185,3004.0,214.0,5.535367603169721,1.0,5.0,3.0,4.0,19.0
3840.0,delete,5.781256199395291,3005.0,327.0,6.192016246182803,1.0,4.0,7.0,3.0,18.0
3841.0,add,5.304608997360293,3006.0,322.0,5.893394300325787,1.0,4.0,9.0,3.0,21.0
3842.0,add,5.802292965060248,3007.0,329.0,5.870481878730569,1.0,4.0,6.0,3.0,19.0
3843.0,delete,5.647809354036803,3008.0,331.0,5.611033118902845,1.0,4.0,6.0,3.0,18.0
3844.0,delete,5.675170812941124,3008.0,331.0,5.611033118902845,1.0,4.0,6.0,3.0,17.0
3845.0,swap,6.104506477661592,3008.0,331.0,5.611033118902845,1.0,4.0,7.0,3.0,17.0
3846.0,delete,5.272145427170028,3009.0,277.0,5.402700573875499,1.0,5.0,8.0,5.0,20.0
3847.0,add,5.3567823648105275,3010.0,298.0,5.3662135714966785,1.0,4.0,9.0,3.0,21.0
3848.0,add,6.107825135051462,3011.0,121.0,5.5789621864629835,4.0,5.0,2.0,4.0,16.0
3849.0,delete,5.212952481222545,3012.0,61.0,5.6838258999638995,8.0,8.0,5.0,3.0,17.0
3850.0,add,5.899748719043154,3013.0,313.0,5.443723955739683,1.0,3.0,9.0,3.0,21.0
3851.0,add,5.523445691683668,3014.0,250.0,5.392557650314272,1.0,4.0,6.0,3.0,16.0
3852.0,add,5.769344173983629,3015.0,172.0,5.522638727438842,1.0,9.0,3.0,2.0,21.0
3853.0,delete,5.948731745287541,3016.0,328.0,6.011610510948821,1.0,4.0,6.0,3.0,18.0
3854.0,add,5.888155427146768,3017.0,215.0,5.532646688693805,1.0,5.0,3.0,4.0,20.0
3855.0,delete,5.401345926552231,3018.0,323.0,5.95228006619332,1.0,4.0,9.0,3.0,20.0
3856.0,delete,6.423687192863319,3019.0,330.0,5.759629940885591,0.0,4.0,6.0,3.0,19.0
3857.0,delete,5.674913546996798,3020.0,332.0,5.675170812941124,1.0,4.0,6.0,3.0,17.0
3858.0,delete,5.675170812941124,3020.0,332.0,5.675170812941124,1.0,4.0,6.0,3.0,16.0
3859.0,swap,6.65037284257257,3020.0,332.0,5.675170812941124,1.0,4.0,6.0,4.0,16.0
3860.0,delete,5.241829253694125,3021.0,278.0,5.413039666391368,1.0,4.0,8.0,5.0,20.0
3861.0,add,5.760798044638694,3022.0,299.0,5.369449056967105,1.0,5.0,9.0,3.0,21.0
3862.0,add,5.070838335119152,3023.0,314.0,5.490100835829995,1.0,3.0,9.0,4.0,21.0
3863.0,delete,5.2678894422675695,3024.0,62.0,5.6861260227602495,8.0,7.0,5.0,4.0,16.0
3864.0,add,5.885224193729081,3025.0,122.0,5.578201787413293,4.0,5.0,3.0,4.0,16.0
3865.0,add,6.405624168019639,3026.0,329.0,5.927987626666321,1.0,4.0,7.0,3.0,18.0
3866.0,add,5.180054133713279,3027.0,251.0,5.397559931498327,1.0,4.0,6.0,3.0,17.0
3867.0,add,5.809203535033634,3028.0,173.0,5.523236124289427,1.0,9.0,4.0,3.0,20.0
3868.0,delete,5.822259590659766,3029.0,216.0,5.530893546855469,1.0,6.0,3.0,3.0,19.0
3869.0,delete,5.370540727903814,3030.0,324.0,6.05023832522979,1.0,4.0,8.0,2.0,21.0
3870.0,delete,5.611033118902845,3031.0,331.0,5.918907003862904,1.0,4.0,6.0,3.0,17.0
3871.0,delete,5.675622667275013,3032.0,333.0,5.675170812941124,1.0,4.0,6.0,3.0,16.0
3872.0,add,5.717042285065018,3032.0,333.0,5.675170812941124,1.0,5.0,6.0,3.0,16.0
3873.0,delete,5.6249954511296165,3032.0,333.0,5.675170812941124,1.0,4.0,6.0,3.0,15.0
3874.0,swap,6.213709181322247,3032.0,333.0,5.675170812941124,1.0,5.0,5.0,3.0,16.0
3875.0,delete,5.2461722262147665,3033.0,279.0,5.419366254227722,1.0,4.0,7.0,5.0,20.0
3876.0,delete,5.593179468471749,3034.0,300.0,5.369412842286339,1.0,5.0,10.0,3.0,19.0
3877.0,delete,5.691005076079188,3035.0,63.0,5.688229007172167,7.0,6.0,5.0,4.0,17.0
3878.0,delete,5.941769460652738,3036.0,123.0,5.576605710615995,4.0,5.0,3.0,4.0,15.0
3879.0,add,5.060072861014837,3037.0,315.0,5.544720681342735,1.0,4.0,9.0,3.0,22.0
3880.0,delete,5.8735061153156645,3038.0,325.0,6.059900728089664,1.0,4.0,8.0,3.0,19.0
3881.0,delete,5.647531700273509,3039.0,174.0,5.5221003235959225,0.0,9.0,4.0,2.0,21.0
3882.0,delete,6.198649014681801,3040.0,217.0,5.527333550648785,1.0,5.0,3.0,4.0,18.0
3883.0,add,5.481411887456411,3041.0,252.0,5.399511584237683,1.0,4.0,6.0,5.0,16.0
3884.0,delete,5.785394387198319,3042.0,330.0,5.869620527893148,1.0,4.0,5.0,3.0,19.0
3885.0,delete,5.6249954511296165,3043.0,332.0,5.781308079546603,1.0,4.0,6.0,3.0,16.0
3886.0,add,5.545546346215072,3044.0,334.0,5.717042285065018,1.0,5.0,6.0,3.0,16.0
3887.0,add,5.712582285575342,3044.0,334.0,5.717042285065018,1.0,5.0,6.0,3.0,17.0
3888.0,delete,5.452115384633151,3044.0,334.0,5.717042285065018,1.0,5.0,5.0,3.0,16.0
3889.0,swap,5.693556943202211,3044.0,334.0,5.717042285065018,1.0,5.0,7.0,2.0,16.0
3890.0,delete,5.596622668808901,3045.0,280.0,5.427424737461719,1.0,4.0,7.0,4.0,20.0
3891.0,delete,5.974101785589042,3046.0,124.0,5.574391470247164,4.0,5.0,3.0,2.0,16.0
3892.0,add,5.265114892216897,3047.0,64.0,5.689797967740972,8.0,6.0,5.0,5.0,16.0
3893.0,add,4.968114402592642,3048.0,301.0,5.36997140604142,1.0,5.0,10.0,3.0,20.0
3894.0,add,5.092489816780923,3049.0,316.0,5.586320571777894,1.0,5.0,9.0,3.0,22.0
3895.0,delete,5.784631501846234,3050.0,175.0,5.521600490329405,1.0,9.0,4.0,1.0,20.0
3896.0,delete,5.895338234044631,3051.0,218.0,5.522048685535372,1.0,5.0,3.0,4.0,17.0
3897.0,delete,6.049476802099299,3052.0,326.0,5.99790051209487,1.0,4.0,8.0,3.0,18.0
3898.0,add,5.655913466165635,3053.0,253.0,5.399493093335543,1.0,4.0,7.0,4.0,17.0
3899.0,delete,5.610749288127129,3054.0,331.0,5.753344794992981,1.0,4.0,6.0,2.0,18.0
3900.0,add,5.611476545070714,3055.0,333.0,5.624168648938159,1.0,4.0,6.0,3.0,17.0
3901.0,delete,5.652236706750854,3056.0,332.0,5.686073941232648,1.0,3.0,6.0,3.0,17.0
3902.0,delete,5.469974622909171,3057.0,281.0,5.433355049205296,1.0,4.0,7.0,4.0,19.0
3903.0,add,5.708197091200667,3058.0,335.0,5.712582285575342,1.0,5.0,6.0,3.0,17.0
3904.0,delete,5.534880899810889,3058.0,335.0,5.712582285575342,1.0,5.0,6.0,3.0,16.0
3905.0,swap,6.538346175117706,3058.0,335.0,5.712582285575342,1.0,5.0,6.0,2.0,18.0
3906.0,delete,5.244694881778175,3059.0,125.0,5.572808022181058,2.0,5.0,3.0,3.0,16.0
3907.0,add,5.686361462730673,3060.0,65.0,5.6910632001066945,8.0,6.0,5.0,5.0,17.0
3908.0,add,4.877308600621518,3061.0,302.0,5.385722661080425,1.0,5.0,10.0,3.0,21.0
3909.0,delete,5.639638854756074,3062.0,176.0,5.520835610065618,1.0,9.0,3.0,1.0,20.0
3910.0,delete,5.779524776380584,3063.0,219.0,5.520077302970439,1.0,5.0,3.0,4.0,16.0
3911.0,delete,4.974431572602556,3064.0,317.0,5.6292375391678515,1.0,4.0,9.0,3.0,22.0
3912.0,delete,5.685127517451259,3065.0,254.0,5.397294544647771,1.0,4.0,6.0,4.0,17.0
3913.0,delete,5.730105222841332,3066.0,327.0,5.941420183558022,1.0,3.0,7.0,3.0,19.0
3914.0,add,5.8749731342502285,3067.0,334.0,5.873501612926151,1.0,6.0,6.0,3.0,16.0
3915.0,delete,5.4517376849686725,3068.0,336.0,5.534880899810889,1.0,5.0,6.0,3.0,16.0
3916.0,add,5.536309542097481,3068.0,336.0,5.534880899810889,1.0,5.0,6.0,4.0,16.0
3917.0,delete,5.680967014470654,3068.0,336.0,5.534880899810889,1.0,5.0,6.0,3.0,15.0
3918.0,swap,5.555612067560644,3068.0,336.0,5.534880899810889,1.0,4.0,7.0,3.0,16.0
3919.0,delete,5.264849209367884,3069.0,282.0,5.441688564141452,1.0,4.0,6.0,4.0,19.0
3920.0,add,5.900082999907934,3070.0,126.0,5.569545941387136,3.0,5.0,3.0,2.0,17.0
3921.0,delete,5.653813507833432,3071.0,66.0,5.690400111897576,8.0,5.0,5.0,4.0,18.0
3922.0,delete,5.388539506978661,3072.0,303.0,5.396873959992784,1.0,5.0,10.0,2.0,21.0
3923.0,delete,5.819226069332626,3073.0,177.0,5.519634345030194,1.0,9.0,3.0,1.0,19.0
3924.0,delete,6.096881973539222,3074.0,220.0,5.514452775728132,1.0,4.0,3.0,3.0,17.0
3925.0,delete,4.914701664602595,3075.0,318.0,5.663260570807268,1.0,4.0,9.0,2.0,22.0
3926.0,delete,6.386648589300386,3076.0,328.0,5.861988209807068,1.0,4.0,6.0,3.0,18.0
3927.0,add,5.527663857394104,3077.0,255.0,5.396319898696832,1.0,4.0,7.0,4.0,17.0
3928.0,add,5.834411854216941,3078.0,333.0,5.686667385659889,1.0,4.0,6.0,3.0,17.0
3929.0,delete,5.745241447849438,3079.0,335.0,5.551901441781668,1.0,4.0,6.0,3.0,17.0
3930.0,add,5.574845606377874,3080.0,337.0,5.536309542097481,1.0,5.0,6.0,4.0,16.0
3931.0,add,5.6959178437319435,3080.0,337.0,5.536309542097481,1.0,5.0,6.0,4.0,17.0
3932.0,delete,5.681411084109049,3080.0,337.0,5.536309542097481,1.0,5.0,6.0,4.0,15.0
3933.0,swap,5.892065964047878,3080.0,337.0,5.536309542097481,1.0,6.0,6.0,3.0,16.0
3934.0,add,5.298535412571347,3081.0,283.0,5.451103277176756,1.0,4.0,6.0,4.0,20.0
3935.0,delete,5.464868721804144,3082.0,67.0,5.690835307615039,8.0,5.0,5.0,4.0,17.0
3936.0,add,6.394053498551488,3083.0,127.0,5.568808361624957,3.0,5.0,4.0,3.0,16.0
3937.0,delete,6.530612449710277,3084.0,221.0,5.510316190707591,1.0,4.0,3.0,4.0,15.0
3938.0,add,6.054901915030904,3085.0,178.0,5.518996506535073,1.0,8.0,3.0,1.0,21.0
3939.0,add,5.247335960835301,3086.0,304.0,5.410720323796248,1.0,5.0,9.0,3.0,22.0
3940.0,delete,4.877645527693084,3087.0,319.0,5.711365965690011,1.0,4.0,8.0,3.0,21.0
3941.0,delete,5.540616695548774,3088.0,256.0,5.396396076305797,1.0,4.0,6.0,4.0,17.0
3942.0,add,6.319407868571172,3089.0,329.0,5.789693881449334,1.0,4.0,6.0,3.0,19.0
3943.0,add,5.975723315881089,3090.0,334.0,5.727363417226319,1.0,5.0,6.0,3.0,17.0
3944.0,add,5.538605345541344,3091.0,336.0,5.676110008072845,1.0,5.0,6.0,4.0,16.0
3945.0,delete,6.239345886604184,3092.0,335.0,5.626144954596897,1.0,5.0,6.0,3.0,16.0
3946.0,add,5.299487879188732,3093.0,284.0,5.458521612123872,1.0,6.0,6.0,4.0,19.0
3947.0,delete,5.027408411690124,3094.0,320.0,5.768310782511859,1.0,4.0,9.0,3.0,19.0
3948.0,delete,4.879951499110009,3095.0,305.0,5.424818588614877,1.0,4.0,9.0,3.0,22.0
3949.0,delete,5.775037579912222,3096.0,330.0,5.7705721066243605,1.0,4.0,6.0,3.0,18.0
3950.0,add,5.464868721804143,3097.0,68.0,5.691216872426383,8.0,6.0,5.0,4.0,17.0
3951.0,add,5.565482551685412,3098.0,128.0,5.568495504085819,3.0,5.0,4.0,3.0,17.0
3952.0,delete,6.0099514720119,3099.0,179.0,5.5159469995220025,1.0,8.0,3.0,1.0,20.0
3953.0,add,6.397245154734079,3100.0,222.0,5.501606748419204,1.0,3.0,3.0,4.0,17.0
3954.0,add,5.699769148049963,3101.0,338.0,5.6959178437319435,1.0,5.0,6.0,4.0,17.0
3955.0,add,6.195781838875093,3101.0,338.0,5.6959178437319435,1.0,5.0,6.0,4.0,18.0
3956.0,delete,5.689168750162609,3101.0,338.0,5.6959178437319435,1.0,5.0,5.0,4.0,17.0
3957.0,swap,5.696517603697578,3101.0,338.0,5.6959178437319435,1.0,4.0,6.0,5.0,17.0
3958.0,add,5.5486384740559265,3102.0,257.0,5.400243803716906,1.0,3.0,7.0,4.0,18.0
3959.0,add,5.783481972766218,3103.0,337.0,5.795431036903437,1.0,5.0,6.0,4.0,17.0
3960.0,add,5.808416607211371,3104.0,1.0,5.615101178084088,10.0,0.0,0.0,1.0,0.0
3961.0,delete,5.543649056568575,3105.0,331.0,5.7575538702881675,1.0,4.0,6.0,3.0,17.0
3962.0,add,5.240011783319083,3106.0,285.0,5.4655804713278195,1.0,5.0,7.0,4.0,20.0
3963.0,delete,4.962611405709186,3107.0,306.0,5.447276652743761,1.0,5.0,9.0,3.0,20.0
3964.0,add,5.106350395867537,3108.0,321.0,5.795078188319936,1.0,4.0,9.0,3.0,20.0
3965.0,delete,5.4149257055042535,3109.0,129.0,5.570410646080425,3.0,4.0,3.0,3.0,18.0
3966.0,add,5.4714301389086195,3110.0,69.0,5.691594792183711,8.0,7.0,5.0,4.0,17.0
3967.0,delete,5.890576561834436,3111.0,180.0,5.513763070548354,1.0,7.0,3.0,0.0,21.0
3968.0,delete,5.789187257611406,3112.0,223.0,5.495473307041032,1.0,3.0,3.0,4.0,16.0
3969.0,add,5.507931606825697,3113.0,336.0,5.72580679085973,1.0,6.0,6.0,3.0,16.0
3970.0,add,6.194966226530198,3114.0,339.0,6.195781838875093,1.0,5.0,6.0,4.0,18.0
3971.0,delete,6.195781838875093,3114.0,339.0,6.195781838875093,1.0,5.0,6.0,4.0,17.0
3972.0,swap,6.2681272674981985,3114.0,339.0,6.195781838875093,1.0,5.0,7.0,4.0,17.0
3973.0,add,5.86044860127412,3115.0,258.0,5.402356142125963,1.0,3.0,8.0,4.0,18.0
3974.0,add,5.927425298168105,3116.0,338.0,6.213664292944645,1.0,5.0,6.0,4.0,18.0
3975.0,delete,5.675170812941124,3117.0,332.0,5.7799126556306515,1.0,4.0,6.0,2.0,17.0
3976.0,add,5.808421654950916,3118.0,2.0,5.6147520639897985,10.0,2.0,0.0,0.0,0.0
3977.0,delete,5.348237483227826,3119.0,286.0,5.47374277993817,1.0,5.0,7.0,4.0,19.0
3978.0,delete,5.083442667532444,3120.0,307.0,5.466095415213874,1.0,4.0,9.0,3.0,20.0
3979.0,delete,6.201700236498552,3121.0,340.0,6.195781838875093,1.0,5.0,6.0,4.0,17.0
3980.0,add,6.319375016775493,3121.0,340.0,6.195781838875093,1.0,5.0,6.0,4.0,18.0
3981.0,delete,5.6959178437319435,3121.0,340.0,6.195781838875093,1.0,5.0,6.0,4.0,16.0
3982.0,swap,6.470510309014581,3121.0,340.0,6.195781838875093,1.0,5.0,5.0,5.0,17.0
3983.0,delete,5.674819363903533,3122.0,70.0,5.693492209241838,7.0,6.0,5.0,5.0,17.0
3984.0,delete,5.1500250693364045,3123.0,130.0,5.573614122718096,2.0,5.0,3.0,3.0,17.0
3985.0,delete,4.730724253349189,3124.0,181.0,5.515744714696738,1.0,6.0,3.0,1.0,20.0
3986.0,delete,5.8345610958113,3125.0,224.0,5.496155110869389,1.0,3.0,3.0,3.0,16.0
3987.0,delete,5.235447269540921,3126.0,259.0,5.408486637021669,1.0,3.0,8.0,4.0,17.0
3988.0,add,5.387053757297087,3127.0,322.0,5.854440555117674,1.0,4.0,9.0,3.0,21.0
3989.0,add,5.534910088590682,3128.0,337.0,6.002460085312541,1.0,5.0,6.0,5.0,16.0
3990.0,delete,6.47051030901458,3129.0,339.0,6.176657048979132,1.0,5.0,5.0,4.0,18.0
3991.0,delete,5.050287791237469,3130.0,287.0,5.481524226149515,1.0,6.0,7.0,4.0,17.0
3992.0,add,5.808421654950916,3131.0,3.0,5.6141696346619705,10.0,1.0,0.0,0.0,2.0
3993.0,delete,4.9494728404497925,3132.0,308.0,5.49908419859283,1.0,3.0,9.0,3.0,20.0
3994.0,add,5.675190201222028,3133.0,333.0,5.836994541094173,1.0,4.0,6.0,4.0,16.0
3995.0,delete,5.278359013902716,3134.0,131.0,5.5744506196573615,3.0,4.0,3.0,3.0,16.0
3996.0,delete,5.854024312956887,3135.0,71.0,5.693063813626989,8.0,6.0,5.0,4.0,16.0
3997.0,delete,5.383977712453143,3136.0,323.0,5.884414641202641,1.0,3.0,9.0,3.0,21.0
3998.0,add,4.9782710513011095,3137.0,182.0,5.519908428039658,1.0,7.0,3.0,1.0,20.0
3999.0,add,5.999509230970846,3138.0,225.0,5.4922605397066775,1.0,3.0,3.0,4.0,16.0
4000.0,add,6.316483899448671,3139.0,341.0,6.319375016775493,1.0,5.0,6.0,4.0,18.0
4001.0,add,6.318995631455521,3139.0,341.0,6.319375016775493,1.0,5.0,6.0,5.0,18.0
4002.0,delete,6.1940999335725415,3139.0,341.0,6.319375016775493,1.0,5.0,6.0,4.0,17.0
4003.0,swap,6.316926393224214,3139.0,341.0,6.319375016775493,1.0,6.0,6.0,4.0,17.0
4004.0,add,5.229521698278473,3140.0,260.0,5.417463010059189,1.0,4.0,8.0,4.0,17.0
4005.0,add,5.692365454807787,3141.0,338.0,6.220471574477342,1.0,5.0,6.0,4.0,18.0
4006.0,delete,5.303094002823216,3142.0,288.0,5.487869342916304,1.0,6.0,6.0,3.0,18.0
4007.0,add,6.096979449858276,3143.0,340.0,6.293176174895288,1.0,6.0,6.0,4.0,17.0
4008.0,add,5.5880605436786555,3144.0,4.0,5.613468130147911,10.0,1.0,1.0,0.0,2.0
4009.0,add,5.1518585973904205,3145.0,309.0,5.536722533084067,1.0,3.0,9.0,3.0,21.0
4010.0,delete,5.269658644683359,3146.0,324.0,5.928778448799147,1.0,4.0,8.0,3.0,20.0
4011.0,delete,5.491603072743363,3147.0,72.0,5.693911585644724,7.0,6.0,4.0,4.0,17.0
4012.0,add,5.643997061511157,3148.0,132.0,5.575531491219041,3.0,5.0,3.0,4.0,15.0
4013.0,delete,5.117764955798036,3149.0,183.0,5.525688171565287,1.0,7.0,3.0,1.0,19.0
4014.0,add,5.654764354100059,3150.0,334.0,5.916012525811197,1.0,5.0,6.0,3.0,17.0
4015.0,add,5.861671683422439,3151.0,226.0,5.4896653694245305,1.0,3.0,3.0,4.0,17.0
4016.0,delete,6.346410790927074,3152.0,339.0,6.23611644195177,1.0,5.0,6.0,4.0,17.0
4017.0,add,6.2350154770028094,3153.0,342.0,6.318995631455521,1.0,5.0,6.0,5.0,18.0
4018.0,add,6.24057878073054,3153.0,342.0,6.318995631455521,1.0,5.0,6.0,5.0,19.0
4019.0,delete,5.466354774959547,3153.0,342.0,6.318995631455521,1.0,4.0,6.0,5.0,18.0
4020.0,swap,6.208549385947597,3153.0,342.0,6.318995631455521,1.0,5.0,6.0,6.0,17.0
4021.0,add,5.141972346258732,3154.0,261.0,5.425929635344306,1.0,4.0,8.0,5.0,17.0
4022.0,add,5.400234687955702,3155.0,289.0,5.498261265387514,1.0,5.0,7.0,3.0,19.0
4023.0,delete,6.0779706826837065,3156.0,325.0,5.9514800551089895,1.0,4.0,8.0,3.0,19.0
4024.0,add,5.808421654950916,3157.0,5.0,5.612696426144201,10.0,1.0,0.0,0.0,4.0
4025.0,add,5.142933535556428,3158.0,310.0,5.565841340425781,1.0,3.0,9.0,3.0,22.0
4026.0,delete,5.6207636773949945,3159.0,73.0,5.695127667379443,6.0,6.0,5.0,4.0,16.0
4027.0,delete,5.143773552229617,3160.0,184.0,5.530322889727901,1.0,7.0,2.0,1.0,19.0
4028.0,add,5.671664990370921,3161.0,133.0,5.575681514276828,3.0,6.0,3.0,3.0,16.0
4029.0,delete,5.634293397184996,3162.0,335.0,5.933630146517416,1.0,5.0,5.0,3.0,17.0
4030.0,add,5.832576782690754,3163.0,341.0,6.093898810019203,1.0,5.0,6.0,4.0,19.0
4031.0,add,5.6815836311299925,3164.0,227.0,5.4878988186613595,1.0,5.0,3.0,4.0,16.0
4032.0,add,6.143768516960563,3165.0,340.0,6.1405395932423605,1.0,5.0,6.0,4.0,18.0
4033.0,add,6.238535407054068,3166.0,343.0,6.24057878073054,1.0,5.0,6.0,5.0,19.0
4034.0,delete,6.239375012912876,3166.0,343.0,6.24057878073054,1.0,5.0,6.0,4.0,19.0
4035.0,swap,5.893808311615465,3166.0,343.0,6.24057878073054,1.0,6.0,6.0,5.0,18.0
4036.0,delete,5.682971902933345,3167.0,262.0,5.433228387247426,1.0,3.0,8.0,5.0,17.0
4037.0,delete,6.036916601692398,3168.0,326.0,5.9502501786721975,1.0,4.0,8.0,2.0,19.0
4038.0,add,5.398313674331798,3169.0,290.0,5.509527886830555,1.0,5.0,9.0,3.0,18.0
4039.0,delete,5.221125387215974,3170.0,311.0,5.588305943553246,1.0,3.0,8.0,3.0,22.0
4040.0,add,5.808421654950916,3171.0,6.0,5.61236740277222,10.0,1.0,0.0,0.0,5.0
4041.0,delete,5.417510075524623,3172.0,74.0,5.695664217777826,7.0,6.0,3.0,4.0,16.0
4042.0,delete,5.205059205033787,3173.0,185.0,5.5351328683493515,1.0,6.0,3.0,1.0,18.0
4043.0,add,5.79029273656202,3174.0,342.0,6.153074378078237,1.0,5.0,7.0,5.0,18.0
4044.0,add,4.662165824205812,3175.0,134.0,5.577477360576778,3.0,6.0,3.0,4.0,16.0
4045.0,add,5.6793127270199415,3176.0,336.0,5.983131986684885,1.0,6.0,6.0,3.0,16.0
4046.0,delete,6.254549016743954,3177.0,344.0,6.239375012912876,1.0,5.0,6.0,4.0,19.0
4047.0,delete,6.239472642754351,3177.0,344.0,6.239375012912876,1.0,5.0,6.0,3.0,19.0
4048.0,swap,6.2168270105065835,3177.0,344.0,6.239375012912876,1.0,6.0,6.0,3.0,19.0
4049.0,add,5.8162710394531265,3178.0,228.0,5.488225182737619,1.0,5.0,3.0,5.0,16.0
4050.0,delete,5.230678486835153,3179.0,263.0,5.441129527399421,1.0,3.0,8.0,4.0,17.0
4051.0,add,6.3155890540122535,3180.0,341.0,6.090379305456621,1.0,5.0,6.0,4.0,19.0
4052.0,delete,6.344360217118953,3181.0,327.0,5.945082401432059,1.0,4.0,7.0,3.0,18.0
4053.0,delete,5.188491639386922,3182.0,312.0,5.616423891564266,1.0,3.0,9.0,3.0,20.0
4054.0,add,5.931676174286184,3183.0,291.0,5.518232276707477,1.0,5.0,8.0,3.0,20.0
4055.0,delete,5.058036221458526,3184.0,186.0,5.538570496228831,1.0,6.0,2.0,1.0,18.0
4056.0,add,5.8109890365327495,3185.0,7.0,5.611863751236322,10.0,1.0,0.0,1.0,5.0
4057.0,add,5.599861747481554,3186.0,75.0,5.696089614260128,7.0,6.0,4.0,3.0,17.0
4058.0,delete,6.227107213606532,3187.0,343.0,6.2375559207294415,1.0,4.0,6.0,5.0,19.0
4059.0,delete,6.232797381812851,3188.0,345.0,6.239472642754351,1.0,5.0,6.0,3.0,19.0
4060.0,delete,6.280541013035311,3188.0,345.0,6.239472642754351,1.0,5.0,6.0,3.0,18.0
4061.0,swap,6.1122254980891215,3188.0,345.0,6.239472642754351,1.0,5.0,6.0,4.0,18.0
4062.0,add,4.9766975152389215,3189.0,135.0,5.585348238487438,3.0,6.0,3.0,3.0,18.0
4063.0,add,5.919864345798272,3190.0,229.0,5.487554086169119,1.0,4.0,4.0,5.0,17.0
4064.0,add,6.081589702192712,3191.0,337.0,6.085124077128588,1.0,5.0,6.0,4.0,17.0
4065.0,add,5.213139716248928,3192.0,264.0,5.452539981530095,1.0,4.0,7.0,4.0,18.0
4066.0,add,6.31385891381006,3193.0,342.0,6.163842502118638,1.0,6.0,6.0,5.0,18.0
4067.0,delete,6.386484353894567,3194.0,328.0,5.946667736065083,1.0,4.0,6.0,2.0,19.0
4068.0,delete,6.239375012912875,3195.0,344.0,6.216259133922908,1.0,5.0,6.0,3.0,19.0
4069.0,add,5.215884871453371,3196.0,313.0,5.657416817567075,1.0,3.0,10.0,3.0,20.0
4070.0,delete,5.335411650596796,3197.0,187.0,5.544351921392597,1.0,6.0,3.0,1.0,16.0
4071.0,add,5.584365810735685,3198.0,292.0,5.529311645739102,1.0,5.0,9.0,3.0,20.0
4072.0,add,6.066002593853594,3199.0,8.0,5.611728187073065,10.0,1.0,1.0,0.0,6.0
4073.0,add,5.849426612384559,3200.0,76.0,5.697177703797103,7.0,6.0,4.0,3.0,18.0
4074.0,delete,6.280274428085864,3201.0,346.0,6.280541013035311,1.0,5.0,6.0,3.0,18.0
4075.0,delete,6.112845022975166,3201.0,346.0,6.280541013035311,1.0,5.0,5.0,3.0,18.0
4076.0,swap,6.358267655965858,3201.0,346.0,6.280541013035311,1.0,4.0,7.0,3.0,18.0
4077.0,delete,5.617960296938497,3202.0,136.0,5.589359822049969,3.0,6.0,3.0,2.0,18.0
4078.0,add,5.59588545305551,3203.0,338.0,6.167373569725574,1.0,5.0,6.0,4.0,18.0
4079.0,add,5.922594641090721,3204.0,230.0,5.487446935169764,1.0,4.0,5.0,6.0,16.0
4080.0,delete,6.232858883804,3205.0,343.0,6.232804742450113,1.0,5.0,6.0,4.0,19.0
4081.0,add,5.120404840360211,3206.0,265.0,5.462645141093343,1.0,3.0,7.0,4.0,20.0
4082.0,delete,6.2394675132904425,3207.0,345.0,6.257982030015549,1.0,5.0,6.0,2.0,19.0
4083.0,add,6.730384807588548,3208.0,329.0,5.939651698004194,1.0,4.0,7.0,3.0,18.0
4084.0,delete,6.1069642057496925,3209.0,347.0,6.112845022975166,1.0,5.0,5.0,3.0,18.0
4085.0,delete,6.112341810435084,3209.0,347.0,6.112845022975166,1.0,5.0,5.0,2.0,18.0
4086.0,swap,5.985719214448961,3209.0,347.0,6.112845022975166,1.0,5.0,5.0,4.0,17.0
4087.0,add,5.299915220007923,3210.0,188.0,5.550892872348854,1.0,6.0,2.0,1.0,18.0
4088.0,add,5.7410982292323975,3211.0,9.0,5.611688870826651,10.0,1.0,1.0,1.0,6.0
4089.0,add,5.845052486698982,3212.0,77.0,5.698314715737996,7.0,8.0,4.0,3.0,17.0
4090.0,delete,5.599504340150317,3213.0,137.0,5.59106893256036,3.0,6.0,3.0,2.0,17.0
4091.0,add,5.375746530568931,3214.0,293.0,5.54715860538744,1.0,5.0,9.0,3.0,21.0
4092.0,add,5.042456250254709,3215.0,314.0,5.694698865657258,1.0,3.0,9.0,3.0,22.0
4093.0,delete,6.195781838875093,3216.0,339.0,6.177340708271794,1.0,5.0,6.0,4.0,17.0
4094.0,delete,6.239080432731328,3217.0,344.0,6.1916909499629655,1.0,4.0,6.0,4.0,19.0
4095.0,add,5.890097823267609,3218.0,231.0,5.487217465663515,1.0,5.0,5.0,5.0,17.0
4096.0,delete,6.152696988626248,3219.0,346.0,6.0794675634022255,1.0,5.0,6.0,3.0,17.0
4097.0,add,5.063040850481421,3220.0,266.0,5.474674354889358,1.0,3.0,7.0,5.0,20.0
4098.0,delete,6.055497967900692,3221.0,330.0,5.943518022447292,1.0,4.0,6.0,3.0,18.0
4099.0,delete,6.114080455280743,3222.0,348.0,6.112341810435084,1.0,5.0,5.0,2.0,18.0
4100.0,add,6.112341810435084,3222.0,348.0,6.112341810435084,1.0,5.0,5.0,2.0,19.0
4101.0,delete,6.112341810435084,3222.0,348.0,6.112341810435084,1.0,5.0,5.0,2.0,17.0
4102.0,swap,6.331469374867278,3222.0,348.0,6.112341810435084,1.0,4.0,6.0,2.0,18.0
4103.0,delete,5.878293410038941,3223.0,78.0,5.698386909808519,7.0,7.0,4.0,2.0,18.0
4104.0,add,5.450317222764098,3224.0,10.0,5.612213195979571,10.0,1.0,2.0,1.0,6.0
4105.0,delete,5.685196833396294,3225.0,138.0,5.591909464637273,3.0,5.0,3.0,2.0,17.0
4106.0,add,5.193839064449743,3226.0,189.0,5.55501877362277,1.0,6.0,2.0,2.0,18.0
4107.0,delete,5.653464122039555,3227.0,294.0,5.559706491991805,1.0,5.0,7.0,3.0,22.0
4108.0,add,5.118576201150745,3228.0,315.0,5.737268814669823,1.0,4.0,9.0,3.0,22.0
4109.0,add,6.4390072505110805,3229.0,340.0,6.169370196879642,1.0,5.0,7.0,4.0,17.0
4110.0,delete,5.801440505435928,3230.0,232.0,5.487038040730854,1.0,4.0,5.0,4.0,18.0
4111.0,delete,6.1634941600747055,3231.0,345.0,6.176873177202371,1.0,5.0,5.0,3.0,19.0
4112.0,delete,5.564343647705569,3232.0,331.0,5.962393186673066,1.0,4.0,6.0,3.0,17.0
4113.0,add,5.170235272138059,3233.0,267.0,5.485484284013488,1.0,4.0,7.0,6.0,19.0
4114.0,delete,6.5792783727490045,3234.0,347.0,6.156515052290655,1.0,5.0,5.0,3.0,17.0
4115.0,add,6.112341810435087,3235.0,349.0,6.112341810435084,1.0,5.0,5.0,2.0,19.0
4116.0,add,6.289684624091727,3235.0,349.0,6.112341810435084,1.0,6.0,5.0,2.0,19.0
4117.0,delete,6.155303526412142,3235.0,349.0,6.112341810435084,1.0,4.0,5.0,2.0,19.0
4118.0,swap,6.01849557067899,3235.0,349.0,6.112341810435084,1.0,4.0,6.0,2.0,19.0
4119.0,delete,5.651831702611155,3236.0,79.0,5.698499398133478,6.0,7.0,3.0,3.0,18.0
4120.0,add,5.5188210198628225,3237.0,11.0,5.612544840343464,10.0,1.0,2.0,1.0,7.0
4121.0,add,5.992490423848282,3238.0,139.0,5.591651882528221,3.0,6.0,2.0,2.0,18.0
4122.0,add,5.247016898042272,3239.0,190.0,5.559314969087032,1.0,7.0,2.0,2.0,18.0
4123.0,delete,5.563739267729549,3240.0,295.0,5.568911292659465,0.0,4.0,8.0,3.0,22.0
4124.0,add,5.032751874876405,3241.0,316.0,5.778089962877045,1.0,4.0,9.0,3.0,23.0
4125.0,delete,5.608666219772582,3242.0,233.0,5.486971711013055,1.0,4.0,5.0,5.0,16.0
4126.0,add,6.315409923204114,3243.0,341.0,6.1676443182446885,1.0,5.0,6.0,4.0,19.0
4127.0,delete,6.65037284257257,3244.0,332.0,5.988909119628574,1.0,4.0,6.0,3.0,16.0
4128.0,delete,5.130550178050182,3245.0,268.0,5.497915547213088,1.0,4.0,7.0,5.0,19.0
4129.0,delete,6.2674678346584205,3246.0,346.0,6.163993185544307,1.0,4.0,6.0,3.0,18.0
4130.0,add,6.308494854490516,3247.0,348.0,6.137633468410606,1.0,5.0,5.0,2.0,19.0
4131.0,delete,5.736925421651956,3248.0,296.0,5.573429975672355,1.0,4.0,8.0,3.0,20.0
4132.0,delete,6.119140288381672,3249.0,347.0,6.204197638210067,1.0,5.0,5.0,3.0,17.0
4133.0,delete,5.314635568586898,3250.0,80.0,5.699386991982714,6.0,7.0,3.0,3.0,17.0
4134.0,delete,4.915984120658753,3251.0,317.0,5.812790806601561,1.0,4.0,9.0,3.0,22.0
4135.0,add,6.048928389114527,3252.0,191.0,5.562077147585685,1.0,6.0,2.0,2.0,20.0
4136.0,add,5.8799138801154065,3253.0,12.0,5.612374462088074,10.0,1.0,2.0,1.0,8.0
4137.0,add,5.927986630433141,3254.0,140.0,5.590686476431397,3.0,7.0,2.0,3.0,17.0
4138.0,add,6.340330156974245,3255.0,350.0,6.289684624091727,1.0,6.0,5.0,2.0,19.0
4139.0,delete,6.289684624091727,3255.0,350.0,6.289684624091727,1.0,6.0,5.0,2.0,18.0
4140.0,swap,6.289684624091727,3255.0,350.0,6.289684624091727,1.0,6.0,5.0,2.0,19.0
4141.0,delete,5.730609649706246,3256.0,234.0,5.4894333463649385,1.0,4.0,4.0,5.0,16.0
4142.0,add,5.549685316033658,3257.0,342.0,6.198587350160186,1.0,5.0,6.0,5.0,19.0
4143.0,delete,4.913321534047482,3258.0,269.0,5.50967981656198,1.0,3.0,7.0,5.0,19.0
4144.0,add,5.659855842017203,3259.0,333.0,6.018542321738698,1.0,4.0,7.0,3.0,16.0
4145.0,add,6.097643572897752,3260.0,349.0,6.302346007312357,1.0,5.0,5.0,2.0,20.0
4146.0,delete,6.283346208535784,3261.0,351.0,6.289684624091727,1.0,6.0,5.0,2.0,18.0
4147.0,add,6.210637514162611,3261.0,351.0,6.289684624091727,1.0,6.0,5.0,2.0,19.0
4148.0,delete,6.289684624091727,3261.0,351.0,6.289684624091727,1.0,6.0,5.0,2.0,17.0
4149.0,swap,6.285682873528037,3261.0,351.0,6.289684624091727,1.0,6.0,4.0,3.0,18.0
4150.0,delete,6.062254971378365,3262.0,81.0,5.699987790700324,6.0,7.0,3.0,3.0,16.0
4151.0,delete,5.394728419005656,3263.0,192.0,5.565392666811444,1.0,6.0,1.0,2.0,20.0
4152.0,add,5.491588676794428,3264.0,13.0,5.613351042583588,10.0,1.0,2.0,1.0,9.0
4153.0,add,5.568786115013759,3265.0,141.0,5.59163021807706,3.0,7.0,2.0,3.0,18.0
4154.0,add,6.014728859894805,3266.0,297.0,5.583789829480366,1.0,4.0,9.0,3.0,20.0
4155.0,delete,6.326849469655287,3267.0,235.0,5.490102333626104,0.0,4.0,5.0,5.0,15.0
4156.0,delete,5.647966860811131,3268.0,318.0,5.852229050641597,1.0,4.0,9.0,3.0,21.0
4157.0,delete,6.285581905589682,3269.0,343.0,6.215835366246281,1.0,5.0,6.0,5.0,18.0
4158.0,add,6.112341810435084,3270.0,348.0,6.2202397424940825,1.0,5.0,5.0,2.0,19.0
4159.0,add,5.270747572845443,3271.0,270.0,5.523699488500332,1.0,3.0,7.0,5.0,20.0
4160.0,add,5.71927375325246,3272.0,334.0,6.058106821244731,1.0,5.0,6.0,3.0,17.0
4161.0,delete,6.289684624091729,3273.0,350.0,6.271807168881978,1.0,6.0,5.0,1.0,19.0
4162.0,delete,4.9156323262289625,3274.0,319.0,5.884493288163422,1.0,4.0,9.0,3.0,20.0
4163.0,delete,5.148275083460564,3275.0,82.0,5.699434061502369,6.0,6.0,3.0,3.0,16.0
4164.0,add,5.675530869917041,3276.0,298.0,5.585585240832054,1.0,4.0,9.0,3.0,21.0
4165.0,add,6.2040619553227385,3277.0,352.0,6.210637514162611,1.0,6.0,5.0,2.0,19.0
4166.0,add,5.332334686301025,3277.0,352.0,6.210637514162611,1.0,7.0,5.0,2.0,19.0
4167.0,delete,6.602231652637573,3277.0,352.0,6.210637514162611,1.0,6.0,5.0,2.0,18.0
4168.0,swap,6.210637514162613,3277.0,352.0,6.210637514162611,1.0,6.0,5.0,1.0,20.0
4169.0,add,5.991654117830372,3278.0,14.0,5.613770618896188,10.0,2.0,2.0,1.0,9.0
4170.0,add,5.682731848695245,3279.0,142.0,5.593206459101729,3.0,6.0,2.0,3.0,20.0
4171.0,add,5.3899927288769325,3280.0,193.0,5.5707291684453075,1.0,6.0,2.0,3.0,19.0
4172.0,add,5.855107278706664,3281.0,236.0,5.488933272798109,1.0,4.0,6.0,5.0,14.0
4173.0,delete,6.23428470292491,3282.0,344.0,6.200341213542148,1.0,5.0,6.0,3.0,19.0
4174.0,delete,5.149262887177452,3283.0,271.0,5.533250025312073,1.0,3.0,8.0,4.0,19.0
4175.0,delete,5.862246997696324,3284.0,335.0,6.071917103394881,1.0,4.0,6.0,3.0,17.0
4176.0,add,6.1201797232292625,3285.0,349.0,6.215380661070072,1.0,6.0,5.0,2.0,19.0
4177.0,delete,5.559533068558717,3286.0,320.0,5.921880618408434,1.0,4.0,9.0,3.0,19.0
4178.0,delete,6.18145066577444,3287.0,83.0,5.698437730062404,6.0,6.0,2.0,3.0,16.0
4179.0,add,6.156735223029835,3288.0,351.0,6.111980664517312,1.0,6.0,6.0,2.0,18.0
4180.0,add,5.760580554962853,3289.0,299.0,5.592144204424855,1.0,5.0,9.0,4.0,20.0
4181.0,delete,6.289684624091727,3290.0,350.0,6.195883772723218,1.0,6.0,5.0,1.0,19.0
4182.0,add,5.398957004598789,3291.0,194.0,5.574148484633245,1.0,6.0,2.0,2.0,21.0
4183.0,delete,6.112397806908644,3292.0,345.0,6.1978881630071365,1.0,5.0,6.0,3.0,18.0
4184.0,add,6.043581252340059,3293.0,15.0,5.613703707881595,10.0,4.0,2.0,1.0,8.0
4185.0,add,5.280905336624853,3294.0,143.0,5.595294992351087,3.0,6.0,3.0,3.0,20.0
4186.0,add,5.347587490435124,3295.0,353.0,5.332334686301025,1.0,7.0,5.0,2.0,19.0
4187.0,add,5.384361083966093,3295.0,353.0,5.332334686301025,1.0,7.0,5.0,2.0,20.0
4188.0,delete,5.331852258507665,3295.0,353.0,5.332334686301025,1.0,6.0,5.0,2.0,19.0
4189.0,swap,5.182635399234065,3295.0,353.0,5.332334686301025,1.0,6.0,5.0,2.0,20.0
4190.0,add,5.616817102049249,3296.0,237.0,5.487999184506073,1.0,4.0,6.0,5.0,15.0
4191.0,add,5.150310724306098,3297.0,272.0,5.542053914240533,1.0,3.0,8.0,6.0,18.0
4192.0,add,5.054858445592662,3298.0,336.0,6.072028152982824,1.0,5.0,6.0,3.0,17.0
4193.0,delete,6.097013751042022,3299.0,84.0,5.696580857801905,6.0,5.0,2.0,3.0,16.0
4194.0,add,5.782854620590927,3300.0,321.0,5.93206554066295,1.0,4.0,9.0,3.0,20.0
4195.0,delete,5.658161782502755,3301.0,300.0,5.5880670813982745,1.0,5.0,9.0,3.0,20.0
4196.0,add,6.2119881164782385,3302.0,352.0,5.315754183688794,1.0,6.0,5.0,2.0,20.0
4197.0,delete,6.279274388795395,3303.0,346.0,6.098820972703779,1.0,5.0,6.0,2.0,18.0
4198.0,add,5.625917942776469,3304.0,195.0,5.576010970707388,1.0,6.0,2.0,2.0,22.0
4199.0,delete,5.754660545261627,3305.0,144.0,5.598157496184498,2.0,6.0,2.0,3.0,21.0
4200.0,add,5.3488320381423105,3306.0,16.0,5.6128912942273175,10.0,3.0,4.0,1.0,8.0
4201.0,add,6.287474192043085,3307.0,351.0,5.834096626748871,1.0,6.0,5.0,2.0,19.0
4202.0,add,5.380736235523951,3308.0,354.0,5.384361083966093,1.0,7.0,5.0,2.0,20.0
4203.0,add,5.394799486330178,3308.0,354.0,5.384361083966093,1.0,7.0,5.0,2.0,21.0
4204.0,delete,5.894895629848628,3308.0,354.0,5.384361083966093,1.0,7.0,5.0,2.0,19.0
4205.0,swap,5.384361083966093,3308.0,354.0,5.384361083966093,1.0,7.0,5.0,3.0,19.0
4206.0,add,5.149091412342403,3309.0,238.0,5.489945938697344,1.0,4.0,6.0,5.0,16.0
4207.0,add,5.455733730190647,3310.0,273.0,5.547363513656676,1.0,4.0,8.0,5.0,19.0
4208.0,delete,5.364786691629656,3311.0,85.0,5.696679984139682,6.0,5.0,1.0,3.0,16.0
4209.0,add,5.552793169459235,3312.0,337.0,6.085844145768905,1.0,6.0,6.0,4.0,16.0
4210.0,add,5.081687155572631,3313.0,322.0,5.952819505749121,1.0,4.0,10.0,3.0,20.0
4211.0,add,5.344927924296274,3314.0,301.0,5.59124049468734,1.0,5.0,10.0,3.0,20.0
4212.0,delete,6.112115813147922,3315.0,347.0,6.040271571710277,1.0,5.0,5.0,3.0,17.0
4213.0,delete,5.01709766252095,3316.0,196.0,5.578232184353211,1.0,6.0,2.0,2.0,21.0
4214.0,delete,5.0022299586139,3317.0,145.0,5.600925253598153,3.0,6.0,2.0,3.0,19.0
4215.0,add,5.333053675692272,3318.0,353.0,5.4878307039269885,1.0,7.0,5.0,3.0,19.0
4216.0,add,5.601391760109329,3319.0,17.0,5.611663016228164,10.0,3.0,4.0,2.0,8.0
4217.0,add,6.2725559082084255,3320.0,352.0,5.470782286025757,1.0,7.0,5.0,2.0,19.0
4218.0,add,5.394799486330178,3321.0,355.0,5.394799486330178,1.0,7.0,5.0,2.0,21.0
4219.0,add,5.394375974849227,3321.0,355.0,5.394799486330178,1.0,7.0,5.0,2.0,22.0
4220.0,delete,5.394799486330178,3321.0,355.0,5.394799486330178,1.0,7.0,5.0,2.0,20.0
4221.0,swap,5.526605288568587,3321.0,355.0,5.394799486330178,1.0,6.0,6.0,2.0,21.0
4222.0,add,5.161118964097398,3322.0,239.0,5.492334258148862,1.0,5.0,6.0,5.0,16.0
4223.0,delete,5.584502121359994,3323.0,86.0,5.697110917881945,6.0,5.0,1.0,2.0,16.0
4224.0,add,5.486834980469553,3324.0,274.0,5.547839180581915,1.0,4.0,8.0,6.0,19.0
4225.0,delete,5.227821554702442,3325.0,323.0,5.961486217862748,1.0,4.0,8.0,3.0,21.0
4226.0,add,5.690929793081926,3326.0,338.0,6.078532985807111,1.0,5.0,6.0,4.0,18.0
4227.0,add,5.980163677531683,3327.0,302.0,5.598791662846998,1.0,5.0,10.0,3.0,21.0
4228.0,delete,5.0811970598385505,3328.0,197.0,5.580326720692751,1.0,6.0,0.0,2.0,22.0
4229.0,delete,5.689261155219501,3329.0,146.0,5.60287577634587,3.0,5.0,1.0,3.0,20.0
4230.0,add,6.113832287782524,3330.0,348.0,5.936362282167456,1.0,6.0,5.0,2.0,18.0
4231.0,add,4.984804659338742,3331.0,354.0,5.42107594448167,1.0,7.0,5.0,2.0,21.0
4232.0,add,5.583578656469413,3332.0,18.0,5.6115327802329755,10.0,3.0,4.0,2.0,9.0
4233.0,add,5.429328186081464,3333.0,353.0,5.406144735522194,1.0,7.0,5.0,2.0,20.0
4234.0,delete,5.1959762279397825,3334.0,240.0,5.495722441063934,1.0,5.0,6.0,5.0,15.0
4235.0,add,5.394375974849227,3335.0,356.0,5.394375974849227,1.0,7.0,5.0,2.0,22.0
4236.0,delete,5.394375974849227,3335.0,356.0,5.394375974849227,1.0,7.0,5.0,2.0,21.0
4237.0,swap,5.241100834110889,3335.0,356.0,5.394375974849227,1.0,7.0,5.0,2.0,22.0
4238.0,delete,5.559938016582697,3336.0,87.0,5.696913396289085,5.0,5.0,1.0,3.0,15.0
4239.0,add,5.450875117245768,3337.0,275.0,5.547485124502929,1.0,4.0,8.0,5.0,21.0
4240.0,delete,5.381298308276814,3338.0,324.0,5.963607842209092,1.0,4.0,8.0,3.0,20.0
4241.0,delete,5.677284908871904,3339.0,339.0,6.046331688506889,1.0,5.0,6.0,4.0,17.0
4242.0,delete,5.710398336040345,3340.0,303.0,5.60472674061011,0.0,5.0,10.0,3.0,21.0
4243.0,delete,5.171999262420674,3341.0,198.0,5.581873801641929,1.0,6.0,1.0,2.0,20.0
4244.0,delete,5.813422965495663,3342.0,147.0,5.604989894198963,3.0,5.0,1.0,2.0,20.0
4245.0,add,5.67932218073979,3343.0,355.0,5.356057189664643,1.0,7.0,6.0,2.0,21.0
4246.0,add,6.112341810435084,3344.0,349.0,5.815951729015723,1.0,5.0,5.0,2.0,20.0
4247.0,delete,5.3860561178866915,3345.0,357.0,5.394375974849227,1.0,7.0,5.0,2.0,21.0
4248.0,delete,5.4152898233268365,3345.0,357.0,5.394375974849227,1.0,7.0,5.0,2.0,20.0
4249.0,swap,5.394375974849228,3345.0,357.0,5.394375974849227,1.0,8.0,5.0,2.0,20.0
4250.0,add,5.854363351489539,3346.0,19.0,5.611537775041077,10.0,3.0,4.0,3.0,9.0
4251.0,add,5.328104591382904,3347.0,241.0,5.497509737736508,1.0,4.0,7.0,5.0,16.0
4252.0,add,5.358794140219333,3348.0,354.0,5.384237020181459,1.0,7.0,5.0,2.0,21.0
4253.0,delete,6.015417395200438,3349.0,88.0,5.696433846900686,6.0,5.0,1.0,3.0,13.0
4254.0,delete,6.026573099868945,3350.0,325.0,5.963223246842653,1.0,3.0,8.0,3.0,20.0
4255.0,add,5.4880462159434025,3351.0,276.0,5.548812037524622,1.0,5.0,8.0,5.0,21.0
4256.0,add,6.196278727710044,3352.0,340.0,6.005311086242446,1.0,6.0,6.0,4.0,17.0
4257.0,delete,5.393862888928851,3353.0,356.0,5.397524472727996,1.0,6.0,5.0,2.0,22.0
4258.0,delete,5.134910288106829,3354.0,199.0,5.585140559402149,1.0,6.0,1.0,2.0,19.0
4259.0,delete,6.029570066184515,3355.0,148.0,5.603388261340939,3.0,5.0,1.0,3.0,18.0
4260.0,add,5.550979824281526,3356.0,304.0,5.611917782392541,1.0,5.0,9.0,3.0,22.0
4261.0,delete,6.533867075230402,3357.0,350.0,5.708537786552294,1.0,6.0,4.0,2.0,19.0
4262.0,delete,5.415190188549466,3358.0,358.0,5.4152898233268365,1.0,7.0,5.0,2.0,20.0
4263.0,delete,5.4152898233268365,3358.0,358.0,5.4152898233268365,1.0,7.0,5.0,2.0,19.0
4264.0,swap,5.687407704179212,3358.0,358.0,5.4152898233268365,1.0,7.0,5.0,2.0,20.0
4265.0,add,5.8538627392178855,3359.0,20.0,5.611352431517136,10.0,3.0,4.0,4.0,9.0
4266.0,add,5.58452498517825,3360.0,242.0,5.501259781552969,1.0,4.0,6.0,5.0,18.0
4267.0,add,5.04617233524763,3361.0,355.0,5.434251955037123,1.0,7.0,6.0,2.0,21.0
4268.0,delete,5.49457095289741,3362.0,89.0,5.697083947161058,6.0,4.0,1.0,3.0,13.0
4269.0,delete,6.1159661287279805,3363.0,326.0,5.951551719905817,1.0,4.0,8.0,3.0,18.0
4270.0,delete,5.395268374059161,3364.0,277.0,5.552524087417122,1.0,5.0,8.0,5.0,20.0
4271.0,delete,5.3933498303218075,3365.0,357.0,5.483294384845587,1.0,6.0,5.0,2.0,21.0
4272.0,add,6.196836430923629,3366.0,341.0,5.956865001785909,1.0,5.0,6.0,4.0,19.0
4273.0,delete,5.207066269005607,3367.0,200.0,5.588704704323363,1.0,5.0,1.0,2.0,19.0
4274.0,delete,4.914937103560238,3368.0,305.0,5.62256642246145,1.0,5.0,9.0,3.0,21.0
4275.0,add,5.81142866635082,3369.0,149.0,5.602080709297635,3.0,5.0,1.0,3.0,19.0
4276.0,delete,5.4351010178714265,3370.0,359.0,5.4152898233268365,1.0,7.0,5.0,2.0,19.0
4277.0,delete,5.352657170325075,3370.0,359.0,5.4152898233268365,1.0,7.0,4.0,2.0,19.0
4278.0,swap,5.351817290480602,3370.0,359.0,5.4152898233268365,1.0,7.0,4.0,3.0,19.0
4279.0,add,5.895019734152546,3371.0,351.0,5.561029059936847,1.0,6.0,6.0,2.0,18.0
4280.0,add,4.665734108501364,3372.0,21.0,5.612272211730829,10.0,3.0,4.0,4.0,10.0
4281.0,delete,5.394375974849227,3373.0,356.0,5.419564483741272,1.0,7.0,5.0,1.0,22.0
4282.0,add,5.5388840274667706,3374.0,243.0,5.500216124154488,1.0,4.0,7.0,5.0,18.0
4283.0,delete,6.645974452893103,3375.0,90.0,5.69696590300978,4.0,4.0,1.0,3.0,14.0
4284.0,delete,6.3403389299837425,3376.0,327.0,5.932668936640112,1.0,4.0,7.0,3.0,18.0
4285.0,delete,5.289339609815482,3377.0,278.0,5.555621192840208,1.0,4.0,8.0,5.0,20.0
4286.0,delete,5.451236066183286,3378.0,358.0,5.388716325500985,1.0,7.0,5.0,2.0,19.0
4287.0,delete,5.343371233065726,3379.0,360.0,5.352657170325075,1.0,7.0,4.0,2.0,19.0
4288.0,delete,5.486747678674957,3379.0,360.0,5.352657170325075,1.0,6.0,4.0,2.0,19.0
4289.0,swap,5.49796838308309,3379.0,360.0,5.352657170325075,1.0,7.0,4.0,2.0,19.0
4290.0,delete,5.82346801964822,3380.0,201.0,5.589524978710947,1.0,5.0,1.0,2.0,18.0
4291.0,add,6.12960502669778,3381.0,150.0,5.60025011301789,3.0,5.0,1.0,4.0,19.0
4292.0,delete,5.09948322197251,3382.0,306.0,5.632303558937869,1.0,5.0,9.0,3.0,20.0
4293.0,add,6.3608770568534565,3383.0,342.0,5.904961862515156,1.0,5.0,6.0,5.0,19.0
4294.0,add,6.3104245991293695,3384.0,352.0,5.437602818547714,1.0,7.0,5.0,2.0,19.0
4295.0,delete,5.411802861804645,3385.0,357.0,5.437118850782359,1.0,7.0,4.0,2.0,21.0
4296.0,add,5.834801047526967,3386.0,22.0,5.614853825157797,10.0,4.0,4.0,4.0,10.0
4297.0,delete,5.444992698149869,3387.0,244.0,5.501096689385876,1.0,5.0,7.0,5.0,16.0
4298.0,delete,6.337734157619843,3388.0,91.0,5.694561666843196,5.0,4.0,1.0,3.0,12.0
4299.0,delete,6.382792754795308,3389.0,328.0,5.915994413610662,1.0,4.0,6.0,2.0,19.0
4300.0,delete,5.138032556576428,3390.0,279.0,5.559515235300492,1.0,3.0,7.0,5.0,21.0
4301.0,delete,5.414227532962224,3391.0,359.0,5.420186116287212,1.0,7.0,5.0,2.0,18.0
4302.0,delete,5.4867476786749565,3392.0,361.0,5.486747678674957,1.0,6.0,4.0,2.0,19.0
4303.0,delete,5.488008967499493,3392.0,361.0,5.486747678674957,1.0,6.0,4.0,2.0,18.0
4304.0,swap,5.486099855397575,3392.0,361.0,5.486747678674957,1.0,6.0,4.0,3.0,18.0
4305.0,add,6.25759369302571,3393.0,202.0,5.588955522350356,1.0,5.0,1.0,2.0,19.0
4306.0,delete,4.953231465817601,3394.0,307.0,5.643771487098138,1.0,4.0,9.0,3.0,20.0
4307.0,add,5.946742019785428,3395.0,151.0,5.5988016906011175,3.0,5.0,1.0,4.0,20.0
4308.0,delete,6.122433697097186,3396.0,343.0,5.8816017858772955,1.0,5.0,6.0,5.0,18.0
4309.0,add,5.33263939862595,3397.0,353.0,5.413129378950844,1.0,7.0,5.0,3.0,19.0
4310.0,delete,5.238496851704928,3398.0,358.0,5.43410605812877,1.0,6.0,5.0,2.0,20.0
4311.0,delete,5.594422633884782,3399.0,245.0,5.499669419172114,1.0,4.0,7.0,4.0,17.0
4312.0,add,5.6557187736184025,3400.0,23.0,5.616293075638866,10.0,5.0,4.0,4.0,10.0
4313.0,delete,6.345495486922597,3401.0,92.0,5.691576440790024,5.0,3.0,1.0,2.0,13.0
4314.0,delete,5.360836258078876,3402.0,360.0,5.486901045061746,1.0,7.0,4.0,2.0,18.0
4315.0,delete,5.738113270273369,3403.0,280.0,5.562404226729022,1.0,4.0,6.0,4.0,21.0
4316.0,add,6.43482229490968,3404.0,329.0,5.886874768909008,1.0,4.0,6.0,3.0,19.0
4317.0,delete,5.488008967499492,3405.0,362.0,5.488008967499493,1.0,6.0,4.0,2.0,18.0
4318.0,delete,5.487437734302959,3405.0,362.0,5.488008967499493,1.0,6.0,4.0,2.0,17.0
4319.0,swap,5.137771163982506,3405.0,362.0,5.488008967499493,1.0,6.0,4.0,2.0,18.0
4320.0,add,5.92303845519607,3406.0,203.0,5.587376044063886,1.0,5.0,2.0,2.0,19.0
4321.0,delete,5.129428106895498,3407.0,308.0,5.65516041312559,1.0,3.0,9.0,3.0,20.0
4322.0,delete,6.260344197878776,3408.0,152.0,5.597355021331823,3.0,5.0,1.0,4.0,19.0
4323.0,delete,5.724976966575978,3409.0,344.0,5.829571894829517,1.0,5.0,6.0,4.0,18.0
4324.0,delete,5.43280834141332,3410.0,359.0,5.419156885295577,1.0,7.0,4.0,2.0,19.0
4325.0,add,4.908326283287357,3411.0,354.0,5.396171005153501,1.0,7.0,5.0,2.0,21.0
4326.0,delete,5.583504198643816,3412.0,246.0,5.4994116524798535,1.0,4.0,6.0,4.0,17.0
4327.0,delete,5.583668044902268,3413.0,361.0,5.4003067083211125,1.0,5.0,4.0,2.0,19.0
4328.0,add,5.318502517098368,3414.0,24.0,5.617448919147491,10.0,5.0,4.0,4.0,11.0
4329.0,add,6.173176522873956,3415.0,93.0,5.68792501015592,5.0,2.0,1.0,3.0,14.0
4330.0,delete,5.139567117144637,3416.0,281.0,5.5657860299464375,1.0,4.0,6.0,4.0,20.0
4331.0,delete,5.95739449229334,3417.0,330.0,5.861801840388939,1.0,4.0,6.0,3.0,18.0
4332.0,delete,5.487437734302959,3418.0,363.0,5.487437734302959,1.0,6.0,4.0,2.0,17.0
4333.0,delete,5.487437734302959,3418.0,363.0,5.487437734302959,1.0,6.0,4.0,2.0,16.0
4334.0,swap,5.516181991770041,3418.0,363.0,5.487437734302959,1.0,6.0,4.0,3.0,16.0
4335.0,add,5.142609068592803,3419.0,309.0,5.6675043320763665,1.0,4.0,9.0,3.0,20.0
4336.0,add,5.491104615236841,3420.0,204.0,5.587071757427386,1.0,5.0,2.0,2.0,20.0
4337.0,delete,5.519717802883849,3421.0,153.0,5.594008855959083,2.0,5.0,0.0,4.0,20.0
4338.0,delete,6.239472642754351,3422.0,345.0,5.7826355915483,1.0,5.0,6.0,3.0,18.0
4339.0,delete,5.354380236569473,3423.0,360.0,5.458031984115753,1.0,7.0,4.0,2.0,18.0
4340.0,delete,5.516118555305476,3424.0,362.0,5.494623798669729,1.0,6.0,4.0,2.0,17.0
4341.0,delete,6.097339052133977,3425.0,247.0,5.498829887492712,1.0,4.0,7.0,3.0,16.0
4342.0,add,5.352828911686347,3426.0,355.0,5.419007460282629,1.0,8.0,5.0,2.0,21.0
4343.0,delete,5.53884503313776,3427.0,282.0,5.569927818076512,0.0,4.0,6.0,4.0,20.0
4344.0,add,5.298718113976538,3428.0,25.0,5.618617420230336,10.0,5.0,4.0,6.0,10.0
4345.0,add,6.340986465589266,3429.0,94.0,5.684489633282704,5.0,3.0,1.0,3.0,14.0
4346.0,delete,5.783959374930913,3430.0,331.0,5.8503574092123785,1.0,4.0,5.0,3.0,18.0
4347.0,delete,5.487437734302958,3431.0,364.0,5.487437734302959,1.0,6.0,4.0,2.0,16.0
4348.0,delete,5.485691849870686,3431.0,364.0,5.487437734302959,1.0,6.0,3.0,2.0,16.0
4349.0,swap,6.252099634013725,3431.0,364.0,5.487437734302959,0.0,6.0,4.0,2.0,17.0
4350.0,add,5.165208068832071,3432.0,310.0,5.679513890738483,1.0,4.0,9.0,3.0,21.0
4351.0,delete,6.276331588675397,3433.0,346.0,5.744309767936646,1.0,5.0,5.0,3.0,18.0
4352.0,add,5.387618020588576,3434.0,205.0,5.58896836647759,1.0,5.0,2.0,2.0,21.0
4353.0,add,5.793280092118952,3435.0,154.0,5.589187268938541,1.0,5.0,1.0,4.0,21.0
4354.0,delete,5.4950008207217245,3436.0,361.0,5.5347750093379595,1.0,5.0,4.0,2.0,19.0
4355.0,delete,5.487437734302959,3437.0,363.0,5.678166738122582,1.0,6.0,4.0,2.0,16.0
4356.0,delete,5.900276865913436,3438.0,248.0,5.497910363617474,0.0,4.0,6.0,3.0,17.0
4357.0,delete,5.34203401581645,3439.0,356.0,5.456246446780456,1.0,7.0,5.0,2.0,21.0
4358.0,delete,5.675170812941124,3440.0,332.0,5.84800133941747,1.0,4.0,6.0,3.0,16.0
4359.0,add,5.309033042939487,3441.0,283.0,5.575711631205592,1.0,4.0,6.0,4.0,20.0
4360.0,add,4.967659392210508,3442.0,26.0,5.620250801390737,10.0,5.0,5.0,5.0,11.0
4361.0,add,6.263660721871859,3443.0,95.0,5.681174203050964,5.0,2.0,1.0,3.0,16.0
4362.0,delete,5.48307788159377,3444.0,365.0,5.485691849870686,1.0,6.0,3.0,2.0,16.0
4363.0,delete,5.485691849870686,3444.0,365.0,5.485691849870686,1.0,6.0,3.0,2.0,15.0
4364.0,swap,5.522162152075137,3444.0,365.0,5.485691849870686,1.0,6.0,4.0,2.0,15.0
4365.0,delete,4.752687453804875,3445.0,311.0,5.685651611755295,0.0,3.0,9.0,3.0,22.0
4366.0,delete,6.112845022975167,3446.0,347.0,5.704987044851328,1.0,5.0,5.0,2.0,18.0
4367.0,delete,6.256519940445311,3447.0,362.0,5.558184382167859,0.0,6.0,4.0,2.0,18.0
4368.0,add,5.243131171483906,3448.0,206.0,5.5905687086380125,1.0,5.0,2.0,3.0,21.0
4369.0,add,5.7932304781613535,3449.0,155.0,5.584576567542356,1.0,5.0,1.0,5.0,21.0
4370.0,delete,5.487437734302959,3450.0,364.0,5.49415593335257,1.0,6.0,4.0,2.0,15.0
4371.0,delete,4.4760803212560205,3451.0,249.0,5.498758437859921,1.0,4.0,5.0,3.0,16.0
4372.0,delete,5.561993151255095,3452.0,357.0,5.48885779618878,1.0,6.0,5.0,2.0,21.0
4373.0,delete,5.4787199108145455,3453.0,366.0,5.485691849870686,1.0,6.0,3.0,2.0,15.0
4374.0,delete,5.514588969542447,3453.0,366.0,5.485691849870686,1.0,6.0,3.0,2.0,14.0
4375.0,swap,5.485691849870686,3453.0,366.0,5.485691849870686,1.0,6.0,3.0,3.0,14.0
4376.0,add,5.506969797040087,3454.0,27.0,5.622592803020307,10.0,5.0,5.0,5.0,12.0
4377.0,delete,6.263660721871858,3455.0,96.0,5.677860650859698,5.0,2.0,1.0,3.0,15.0
4378.0,add,5.2356799044766325,3456.0,284.0,5.579710416570841,1.0,5.0,7.0,4.0,19.0
4379.0,add,5.674722724768427,3457.0,333.0,5.838281209129734,1.0,4.0,6.0,4.0,16.0
4380.0,delete,5.225073260418563,3458.0,312.0,5.694629299761399,1.0,3.0,9.0,3.0,20.0
4381.0,add,5.985863536188964,3459.0,348.0,5.666241129082255,1.0,5.0,5.0,2.0,19.0
4382.0,delete,5.763145293689751,3460.0,363.0,5.554789586238626,1.0,6.0,4.0,2.0,16.0
4383.0,delete,5.3278092713795315,3461.0,207.0,5.590551437407587,1.0,5.0,3.0,3.0,19.0
4384.0,delete,5.47824366032014,3462.0,365.0,5.491173145024591,1.0,6.0,3.0,2.0,15.0
4385.0,add,5.9230774235948145,3463.0,156.0,5.581843853194056,1.0,6.0,1.0,4.0,22.0
4386.0,delete,5.362711604111473,3464.0,358.0,5.499046239164563,1.0,7.0,5.0,2.0,19.0
4387.0,add,5.781318225141449,3465.0,250.0,5.501915619656235,1.0,4.0,7.0,3.0,15.0
4388.0,delete,5.555142842304438,3466.0,367.0,5.514588969542447,1.0,6.0,3.0,2.0,14.0
4389.0,delete,5.041412902570754,3466.0,367.0,5.514588969542447,1.0,6.0,3.0,2.0,13.0
4390.0,swap,5.670719829576899,3466.0,367.0,5.514588969542447,1.0,6.0,4.0,1.0,14.0
4391.0,add,6.255981690696449,3467.0,97.0,5.6742206549412595,5.0,2.0,1.0,3.0,16.0
4392.0,add,5.246001788123857,3468.0,28.0,5.625030076411986,10.0,6.0,5.0,5.0,12.0
4393.0,add,5.271720343175653,3469.0,285.0,5.58354698277731,1.0,5.0,7.0,5.0,19.0
4394.0,add,5.234804821670361,3470.0,334.0,5.835985048554151,1.0,6.0,6.0,3.0,16.0
4395.0,add,5.541322113492069,3471.0,349.0,5.623147654484081,1.0,5.0,5.0,2.0,20.0
4396.0,add,5.245524366376861,3472.0,313.0,5.703136633195966,1.0,3.0,9.0,3.0,21.0
4397.0,delete,5.514770873930282,3473.0,364.0,5.474048452726095,1.0,5.0,4.0,2.0,16.0
4398.0,delete,5.41442042269733,3474.0,208.0,5.592080701018407,1.0,5.0,3.0,3.0,18.0
4399.0,delete,5.673578553274043,3475.0,366.0,5.445466135998635,1.0,5.0,3.0,2.0,15.0
4400.0,delete,5.4152898233268365,3476.0,359.0,5.513499673833522,1.0,7.0,5.0,2.0,18.0
4401.0,add,5.915676806646551,3477.0,157.0,5.579320675416523,1.0,7.0,2.0,4.0,21.0
4402.0,delete,5.051581860370547,3478.0,368.0,5.041412902570754,1.0,6.0,3.0,2.0,13.0
4403.0,add,5.029059313750712,3478.0,368.0,5.041412902570754,1.0,6.0,3.0,2.0,14.0
4404.0,delete,5.929193996012736,3478.0,368.0,5.041412902570754,1.0,6.0,3.0,2.0,12.0
4405.0,swap,5.05087556826916,3478.0,368.0,5.041412902570754,1.0,5.0,3.0,3.0,13.0
4406.0,delete,5.732239564527378,3479.0,98.0,5.6703094925678785,4.0,2.0,1.0,4.0,15.0
4407.0,add,5.591165646994395,3480.0,251.0,5.5001928487677985,1.0,4.0,6.0,3.0,17.0
4408.0,add,5.0306199515102605,3481.0,29.0,5.626445442520782,10.0,6.0,5.0,7.0,11.0
4409.0,delete,5.393793412820802,3482.0,286.0,5.583899361129635,1.0,6.0,7.0,4.0,18.0
4410.0,delete,5.717486873553298,3483.0,335.0,5.818326839963846,1.0,5.0,6.0,2.0,17.0
4411.0,delete,6.289684624091727,3484.0,350.0,5.572578118782435,1.0,6.0,5.0,2.0,18.0
4412.0,add,5.0507499289954225,3485.0,314.0,5.708399695899126,1.0,3.0,10.0,3.0,21.0
4413.0,delete,5.244286553392814,3486.0,209.0,5.594841701319128,1.0,5.0,3.0,3.0,17.0
4414.0,delete,5.755192036268176,3487.0,365.0,5.418807777426753,1.0,6.0,3.0,2.0,15.0
4415.0,delete,5.871599479740072,3488.0,360.0,5.5077271126494685,1.0,7.0,4.0,2.0,18.0
4416.0,delete,5.485691849870686,3489.0,367.0,5.220424728194781,1.0,6.0,3.0,2.0,13.0
4417.0,add,5.383209668815967,3490.0,158.0,5.578821204354792,1.0,7.0,1.0,4.0,23.0
4418.0,add,5.029415659660627,3491.0,369.0,5.029059313750712,1.0,6.0,3.0,2.0,14.0
4419.0,add,5.019238831146851,3491.0,369.0,5.029059313750712,1.0,6.0,3.0,2.0,15.0
4420.0,delete,5.0030854196242345,3491.0,369.0,5.029059313750712,1.0,6.0,3.0,2.0,13.0
4421.0,swap,5.008435822324291,3491.0,369.0,5.029059313750712,1.0,5.0,3.0,2.0,15.0
4422.0,add,5.713301742084885,3492.0,99.0,5.666910397590876,5.0,3.0,1.0,4.0,14.0
4423.0,add,5.5664069856676655,3493.0,252.0,5.499940593467726,1.0,4.0,6.0,4.0,17.0
4424.0,add,5.644002327696793,3494.0,30.0,5.627852298187878,10.0,7.0,5.0,6.0,12.0
4425.0,delete,5.293117564195212,3495.0,287.0,5.582674978449092,1.0,6.0,7.0,4.0,17.0
4426.0,add,5.694305083400434,3496.0,336.0,5.807947295179497,1.0,5.0,6.0,3.0,17.0
4427.0,add,6.29094171642725,3497.0,351.0,5.503753113393829,1.0,6.0,5.0,2.0,19.0
4428.0,delete,6.217511073374213,3498.0,210.0,5.593718765133138,1.0,5.0,3.0,3.0,16.0
4429.0,add,4.998381567335189,3499.0,315.0,5.718570861180987,1.0,4.0,10.0,3.0,21.0
4430.0,delete,5.488908127708366,3500.0,361.0,5.4659593145784635,1.0,5.0,4.0,2.0,19.0
4431.0,delete,5.485691849870686,3501.0,366.0,5.290144387021316,1.0,6.0,3.0,2.0,14.0
4432.0,delete,5.48716854219474,3502.0,159.0,5.5785592359377505,1.0,7.0,2.0,4.0,21.0
4433.0,add,4.991088142948604,3503.0,368.0,5.017847009301343,1.0,6.0,3.0,2.0,14.0
4434.0,delete,5.591565902633521,3504.0,367.0,5.149007215140837,1.0,6.0,3.0,2.0,13.0
4435.0,add,5.677303473192002,3505.0,253.0,5.499276561113117,1.0,4.0,6.0,4.0,18.0
4436.0,delete,5.414892826581402,3506.0,288.0,5.583134740060508,1.0,6.0,7.0,3.0,17.0
4437.0,add,5.038692299544967,3507.0,370.0,5.019238831146851,1.0,6.0,3.0,2.0,15.0
4438.0,add,5.0025037111461,3507.0,370.0,5.019238831146851,1.0,6.0,3.0,2.0,16.0
4439.0,delete,5.031467355925752,3507.0,370.0,5.019238831146851,1.0,5.0,3.0,2.0,15.0
4440.0,swap,5.885391619635834,3507.0,370.0,5.019238831146851,1.0,5.0,4.0,2.0,15.0
4441.0,add,5.6884807432094835,3508.0,31.0,5.628508503135044,10.0,7.0,6.0,6.0,12.0
4442.0,add,5.78425595186989,3509.0,100.0,5.66556920180468,5.0,2.0,3.0,4.0,14.0
4443.0,add,5.491738153689323,3510.0,337.0,5.801186756511521,1.0,5.0,7.0,4.0,16.0
4444.0,add,6.040851265525494,3511.0,211.0,5.587136564767207,1.0,5.0,3.0,3.0,17.0
4445.0,add,5.076618329571076,3512.0,316.0,5.7246367390742545,1.0,4.0,9.0,3.0,23.0
4446.0,add,6.210160978492582,3513.0,352.0,5.440721941379493,1.0,6.0,5.0,2.0,20.0
4447.0,delete,5.97015475935621,3514.0,160.0,5.57702208890864,1.0,7.0,2.0,4.0,20.0
4448.0,delete,5.488008967499492,3515.0,362.0,5.43917941916244,1.0,6.0,4.0,1.0,18.0
4449.0,add,5.675935838798211,3516.0,369.0,5.1954587634799,1.0,6.0,4.0,2.0,14.0
4450.0,delete,5.658050142285482,3517.0,254.0,5.496581389039597,1.0,4.0,7.0,4.0,16.0
4451.0,add,4.64739444575035,3518.0,368.0,5.155846728591471,1.0,6.0,3.0,2.0,14.0
4452.0,add,5.2845233603637585,3519.0,289.0,5.582615216427046,1.0,5.0,7.0,3.0,19.0
4453.0,add,4.975925425281567,3520.0,371.0,5.0025037111461,1.0,6.0,3.0,2.0,16.0
4454.0,delete,5.202287119511427,3520.0,371.0,5.0025037111461,1.0,5.0,3.0,2.0,16.0
4455.0,swap,5.786865046955839,3520.0,371.0,5.0025037111461,1.0,6.0,3.0,2.0,16.0
4456.0,add,5.700203264317544,3521.0,32.0,5.6278589447299545,10.0,6.0,6.0,6.0,14.0
4457.0,add,5.842154978529622,3522.0,101.0,5.664506662888492,5.0,3.0,2.0,4.0,15.0
4458.0,add,5.958073318697016,3523.0,338.0,5.792175720864069,1.0,5.0,7.0,4.0,17.0
4459.0,delete,5.219492366866258,3524.0,317.0,5.732577742010883,1.0,4.0,8.0,3.0,23.0
4460.0,add,6.452873077570304,3525.0,212.0,5.582790220884499,1.0,5.0,3.0,3.0,18.0
4461.0,add,5.335306188621651,3526.0,353.0,5.413806993096801,1.0,7.0,5.0,3.0,19.0
4462.0,delete,6.324841760416238,3527.0,161.0,5.573771536219603,1.0,6.0,2.0,4.0,20.0
4463.0,delete,5.583736328984101,3528.0,363.0,5.39100166111782,1.0,5.0,4.0,2.0,17.0
4464.0,add,5.155109857454018,3529.0,370.0,5.241895325723734,1.0,6.0,3.0,2.0,16.0
4465.0,delete,5.202287119511426,3530.0,372.0,5.202287119511427,1.0,5.0,3.0,2.0,16.0
4466.0,delete,5.2237877724435835,3530.0,372.0,5.202287119511427,1.0,5.0,3.0,2.0,15.0
4467.0,swap,5.3517405062307875,3530.0,372.0,5.202287119511427,1.0,5.0,4.0,2.0,15.0
4468.0,add,5.5504759413246205,3531.0,255.0,5.492514643698734,1.0,4.0,7.0,5.0,16.0
4469.0,add,5.374651870542674,3532.0,290.0,5.581398446100205,1.0,5.0,8.0,3.0,19.0
4470.0,add,6.471692022944407,3533.0,102.0,5.662600405338652,5.0,3.0,2.0,4.0,16.0
4471.0,delete,6.182993379976014,3534.0,339.0,5.773936940222639,1.0,5.0,6.0,3.0,18.0
4472.0,add,5.1865811193083005,3535.0,33.0,5.628464997053979,10.0,7.0,6.0,6.0,14.0
4473.0,delete,5.817596465771578,3536.0,364.0,5.337160880771454,1.0,6.0,3.0,2.0,16.0
4474.0,delete,5.126885680711796,3537.0,318.0,5.741831710251094,1.0,4.0,9.0,3.0,21.0
4475.0,add,5.5155358249263475,3538.0,354.0,5.409970618094723,1.0,7.0,5.0,2.0,21.0
4476.0,add,6.072180180466978,3539.0,213.0,5.577846432135736,1.0,6.0,3.0,4.0,17.0
4477.0,delete,5.955309258394562,3540.0,162.0,5.570656395919803,1.0,7.0,2.0,4.0,18.0
4478.0,add,4.967449498329095,3541.0,369.0,5.273171731045105,1.0,6.0,4.0,2.0,14.0
4479.0,delete,5.0025037111461,3542.0,371.0,5.245025629424306,1.0,6.0,3.0,2.0,15.0
4480.0,delete,5.213638935609162,3543.0,373.0,5.2237877724435835,1.0,5.0,3.0,2.0,15.0
4481.0,add,5.224036603878368,3543.0,373.0,5.2237877724435835,1.0,5.0,3.0,3.0,15.0
4482.0,delete,5.276364824426026,3543.0,373.0,5.2237877724435835,1.0,5.0,2.0,2.0,15.0
4483.0,swap,4.136626173730785,3543.0,373.0,5.2237877724435835,1.0,5.0,3.0,2.0,15.0
4484.0,delete,5.5399458214607655,3544.0,256.0,5.489616533246997,1.0,4.0,7.0,4.0,16.0
4485.0,add,5.528558554598476,3545.0,291.0,5.5771980239337635,1.0,6.0,8.0,3.0,19.0
4486.0,add,6.15273787218532,3546.0,103.0,5.658315525648462,5.0,4.0,2.0,4.0,16.0
4487.0,add,6.232094562250647,3547.0,340.0,5.736261842371517,1.0,5.0,6.0,4.0,18.0
4488.0,add,5.461751762346497,3548.0,34.0,5.629662125438294,10.0,8.0,6.0,6.0,14.0
4489.0,delete,4.8697185005256225,3549.0,319.0,5.744023213706213,1.0,4.0,8.0,3.0,21.0
4490.0,delete,5.481878348992175,3550.0,365.0,5.263754011858654,1.0,6.0,3.0,2.0,15.0
4491.0,add,5.414227532962224,3551.0,355.0,5.393691885405578,1.0,7.0,5.0,2.0,22.0
4492.0,delete,5.533334453313049,3552.0,163.0,5.567167883347776,1.0,7.0,2.0,3.0,18.0
4493.0,add,5.887249758631392,3553.0,214.0,5.573108016650476,1.0,5.0,3.0,5.0,18.0
4494.0,add,4.960035675936051,3554.0,370.0,5.134898215948092,1.0,6.0,3.0,2.0,16.0
4495.0,delete,5.354320507697594,3555.0,372.0,5.014890862017586,1.0,4.0,3.0,2.0,16.0
4496.0,add,5.2242264812247585,3556.0,374.0,5.224036603878368,1.0,5.0,3.0,3.0,15.0
4497.0,add,6.138723485478931,3556.0,374.0,5.224036603878368,1.0,5.0,3.0,3.0,16.0
4498.0,delete,5.224036603878368,3556.0,374.0,5.224036603878368,1.0,5.0,3.0,3.0,14.0
4499.0,swap,5.196653157545697,3556.0,374.0,5.224036603878368,1.0,4.0,3.0,3.0,16.0
4500.0,add,5.186647127163431,3557.0,257.0,5.48871779404932,1.0,3.0,7.0,4.0,18.0
4501.0,add,5.481838667484945,3558.0,292.0,5.573290070667543,1.0,5.0,9.0,3.0,20.0
4502.0,add,6.512308585750122,3559.0,104.0,5.654135976324648,5.0,4.0,3.0,4.0,16.0
4503.0,delete,5.088525428191675,3560.0,320.0,5.7529631142345705,1.0,4.0,8.0,3.0,20.0
4504.0,add,4.979783142303681,3561.0,35.0,5.630931225582658,10.0,9.0,6.0,6.0,14.0
4505.0,add,6.319634673049684,3562.0,341.0,5.703569668444331,1.0,5.0,6.0,5.0,18.0
4506.0,delete,5.330164723921079,3563.0,356.0,5.393592078545561,1.0,7.0,4.0,2.0,22.0
4507.0,delete,6.611579758784938,3564.0,164.0,5.563450082018657,1.0,7.0,2.0,3.0,17.0
4508.0,delete,6.280782772080712,3565.0,366.0,5.243532645019572,0.0,6.0,3.0,2.0,15.0
4509.0,add,6.078837156844437,3566.0,215.0,5.570073798276127,1.0,5.0,3.0,4.0,20.0
4510.0,delete,5.0200062468479265,3567.0,371.0,5.212230928736644,1.0,6.0,3.0,2.0,15.0
4511.0,add,4.601806832796214,3568.0,373.0,5.401535266401224,1.0,5.0,3.0,2.0,16.0
4512.0,delete,5.048958473033231,3569.0,367.0,5.17821697758712,1.0,6.0,3.0,2.0,13.0
4513.0,add,5.565048831499148,3570.0,258.0,5.488011448723448,1.0,3.0,8.0,5.0,17.0
4514.0,delete,5.223411234168666,3571.0,372.0,5.164929216246318,1.0,5.0,3.0,2.0,15.0
4515.0,add,6.1359780099403265,3572.0,375.0,6.138723485478931,1.0,5.0,3.0,3.0,16.0
4516.0,add,6.416268574848911,3572.0,375.0,6.138723485478931,1.0,5.0,4.0,3.0,16.0
4517.0,delete,6.138723485478931,3572.0,375.0,6.138723485478931,1.0,5.0,3.0,3.0,15.0
4518.0,swap,6.10031785610781,3572.0,375.0,6.138723485478931,1.0,5.0,4.0,3.0,15.0
4519.0,delete,6.336518390802105,3573.0,105.0,5.652192740851564,5.0,4.0,2.0,4.0,16.0
4520.0,add,5.243144954045214,3574.0,36.0,5.632928362767576,10.0,9.0,7.0,6.0,14.0
4521.0,add,5.405190727175561,3575.0,293.0,5.5759864905314505,1.0,5.0,8.0,3.0,22.0
4522.0,add,5.091239748836761,3576.0,321.0,5.760229075287596,1.0,4.0,9.0,4.0,19.0
4523.0,add,6.317548538962593,3577.0,165.0,5.558055047480137,1.0,6.0,3.0,3.0,18.0
4524.0,delete,6.681137986254649,3578.0,216.0,5.567158300551791,0.0,6.0,3.0,4.0,19.0
4525.0,add,6.318944670036274,3579.0,342.0,5.685136264813637,1.0,5.0,6.0,5.0,19.0
4526.0,delete,5.393862888928851,3580.0,357.0,5.4172149004740024,1.0,6.0,5.0,2.0,21.0
4527.0,add,5.213279481326044,3581.0,374.0,6.186002282370982,1.0,5.0,3.0,3.0,16.0
4528.0,delete,5.24512038045613,3582.0,259.0,5.491406929125434,1.0,2.0,8.0,4.0,18.0
4529.0,add,4.983361180334192,3583.0,368.0,5.257131248411305,1.0,6.0,4.0,2.0,13.0
4530.0,add,5.2237877724435835,3584.0,373.0,5.601277324773123,1.0,5.0,3.0,3.0,15.0
4531.0,delete,5.745097248024127,3585.0,294.0,5.575567183937289,1.0,5.0,7.0,3.0,22.0
4532.0,delete,6.38250230718968,3586.0,106.0,5.649357409194141,5.0,4.0,1.0,4.0,16.0
4533.0,delete,6.318995631455521,3587.0,343.0,5.664024412452957,1.0,5.0,6.0,5.0,18.0
4534.0,delete,5.561142305084878,3588.0,358.0,5.405323131612126,1.0,7.0,5.0,2.0,19.0
4535.0,add,5.432584165213483,3589.0,322.0,5.7673690337751005,1.0,4.0,10.0,3.0,20.0
4536.0,add,5.7664957203209175,3590.0,37.0,5.633854504382375,10.0,9.0,7.0,6.0,15.0
4537.0,add,6.4138153786053795,3591.0,376.0,6.416268574848911,1.0,5.0,4.0,3.0,16.0
4538.0,add,5.936683790106066,3591.0,376.0,6.416268574848911,1.0,5.0,4.0,3.0,17.0
4539.0,delete,6.437016629999873,3591.0,376.0,6.416268574848911,1.0,4.0,4.0,3.0,16.0
4540.0,swap,6.402066662541284,3591.0,376.0,6.416268574848911,1.0,6.0,3.0,3.0,16.0
4541.0,delete,6.460265448594494,3592.0,166.0,5.555181049902027,1.0,7.0,1.0,3.0,18.0
4542.0,delete,6.507487880616321,3593.0,217.0,5.566149848892428,1.0,5.0,3.0,4.0,18.0
4543.0,add,6.138723485478931,3594.0,375.0,6.3211702072203035,1.0,5.0,3.0,4.0,16.0
4544.0,add,5.14487043689585,3595.0,260.0,5.498309230118109,1.0,3.0,8.0,4.0,18.0
4545.0,add,4.868870345873486,3596.0,369.0,5.432608553927109,1.0,6.0,3.0,2.0,15.0
4546.0,delete,5.6702535629127855,3597.0,295.0,5.579556098191314,1.0,4.0,8.0,3.0,21.0
4547.0,delete,6.2237825072012285,3598.0,107.0,5.647377778190332,3.0,4.0,1.0,4.0,17.0
4548.0,delete,6.198796483302502,3599.0,344.0,5.655517804310101,1.0,5.0,5.0,4.0,19.0
4549.0,delete,5.4152898233268365,3600.0,359.0,5.443975324150621,1.0,7.0,5.0,2.0,18.0
4550.0,delete,5.003646061822184,3601.0,323.0,5.780488489761998,0.0,4.0,9.0,3.0,21.0
4551.0,add,3.960156070002777,3602.0,374.0,6.133781530901135,1.0,5.0,3.0,3.0,16.0
4552.0,add,5.294628603755676,3603.0,38.0,5.635936210491628,10.0,9.0,7.0,6.0,16.0
4553.0,delete,6.684016174895527,3604.0,218.0,5.561226045653648,0.0,5.0,3.0,4.0,18.0
4554.0,add,6.5996693340143615,3605.0,167.0,5.550107354460507,1.0,7.0,2.0,2.0,19.0
4555.0,add,5.927398707043542,3606.0,377.0,5.936683790106066,1.0,5.0,4.0,3.0,17.0
4556.0,delete,6.0626666490837815,3606.0,377.0,5.936683790106066,1.0,5.0,3.0,3.0,17.0
4557.0,swap,6.72616650944754,3606.0,377.0,5.936683790106066,1.0,4.0,4.0,3.0,18.0
4558.0,add,6.392252864580353,3607.0,376.0,6.163228913920233,1.0,5.0,4.0,3.0,17.0
4559.0,delete,6.078903308876303,3608.0,378.0,6.0626666490837815,1.0,5.0,3.0,3.0,17.0
4560.0,add,6.064808017423548,3608.0,378.0,6.0626666490837815,1.0,5.0,3.0,3.0,18.0
4561.0,delete,6.117926052604326,3608.0,378.0,6.0626666490837815,1.0,5.0,2.0,3.0,17.0
4562.0,swap,6.342013626539238,3608.0,378.0,6.0626666490837815,1.0,6.0,3.0,3.0,16.0
4563.0,delete,6.80902008279399,3609.0,108.0,5.644127680119074,4.0,3.0,0.0,4.0,17.0
4564.0,add,5.231388209079465,3610.0,261.0,5.504569967524651,1.0,3.0,8.0,6.0,17.0
4565.0,delete,5.623190528974502,3611.0,296.0,5.583317049445912,1.0,4.0,7.0,3.0,21.0
4566.0,delete,5.375638195988373,3612.0,324.0,5.792847021896927,1.0,4.0,8.0,3.0,20.0
4567.0,delete,5.681226919973481,3613.0,219.0,5.562094725356133,1.0,5.0,3.0,4.0,16.0
4568.0,add,5.190861660517786,3614.0,39.0,5.639479725115703,10.0,10.0,7.0,6.0,16.0
4569.0,delete,5.7348503429278015,3615.0,345.0,5.6513648807073205,1.0,5.0,6.0,3.0,18.0
4570.0,add,4.864352790704557,3616.0,168.0,5.5496437675895764,1.0,8.0,2.0,2.0,19.0
4571.0,delete,5.535045611875679,3617.0,360.0,5.490490022712269,1.0,6.0,4.0,2.0,19.0
4572.0,add,5.017503077785657,3618.0,370.0,5.5696630944137615,1.0,6.0,3.0,2.0,16.0
4573.0,add,5.841415847604424,3619.0,375.0,6.246907875512791,1.0,5.0,4.0,3.0,16.0
4574.0,delete,5.494805549190365,3620.0,377.0,6.133263530905439,1.0,5.0,4.0,3.0,16.0
4575.0,delete,5.242256232521954,3621.0,262.0,5.506716863017533,1.0,3.0,7.0,5.0,18.0
4576.0,delete,6.208956519017051,3622.0,346.0,5.628789878410418,1.0,5.0,5.0,3.0,18.0
4577.0,delete,6.805440395679976,3623.0,109.0,5.638797358641062,4.0,4.0,0.0,2.0,17.0
4578.0,add,5.630267971476703,3624.0,297.0,5.58135764783343,1.0,4.0,8.0,3.0,21.0
4579.0,delete,5.494381293163323,3625.0,361.0,5.488321232080712,1.0,6.0,4.0,2.0,18.0
4580.0,delete,5.884588732512038,3626.0,325.0,5.794457043755547,1.0,4.0,7.0,3.0,20.0
4581.0,delete,4.7516097573177225,3627.0,371.0,5.625170042189722,1.0,6.0,2.0,2.0,16.0
4582.0,delete,5.736715437669459,3628.0,220.0,5.558237351106335,1.0,4.0,3.0,4.0,16.0
4583.0,add,6.051020509210199,3629.0,379.0,6.064808017423548,1.0,5.0,3.0,3.0,18.0
4584.0,delete,6.064808017423551,3629.0,379.0,6.064808017423548,1.0,5.0,3.0,2.0,18.0
4585.0,swap,5.708694991341184,3629.0,379.0,6.064808017423548,1.0,4.0,4.0,3.0,18.0
4586.0,add,5.18904848979158,3630.0,40.0,5.641128154809737,10.0,9.0,7.0,6.0,18.0
4587.0,add,5.112476826724463,3631.0,169.0,5.552046260330294,1.0,9.0,2.0,2.0,19.0
4588.0,add,6.416418029178972,3632.0,376.0,6.074472968682307,1.0,5.0,4.0,4.0,16.0
4589.0,add,5.702480245223311,3633.0,378.0,5.97233288384962,1.0,5.0,3.0,3.0,18.0
4590.0,delete,5.251274745754226,3634.0,263.0,5.51175019589448,1.0,2.0,8.0,4.0,18.0
4591.0,delete,6.112115813147922,3635.0,347.0,5.614809100835321,1.0,5.0,5.0,3.0,17.0
4592.0,delete,6.808254249499937,3636.0,110.0,5.634261311516778,4.0,3.0,0.0,3.0,16.0
4593.0,delete,5.488008967499493,3637.0,362.0,5.508063050290332,1.0,6.0,4.0,2.0,17.0
4594.0,add,5.674701764496609,3638.0,298.0,5.582336557100531,1.0,4.0,9.0,4.0,20.0
4595.0,delete,6.039424800388889,3639.0,326.0,5.789578691905214,1.0,4.0,7.0,3.0,19.0
4596.0,delete,5.172430581506143,3640.0,372.0,5.731954582936634,1.0,5.0,3.0,2.0,15.0
4597.0,delete,6.496296212891154,3641.0,221.0,5.556123345517262,1.0,4.0,3.0,4.0,15.0
4598.0,delete,6.064808017423549,3642.0,380.0,6.064808017423551,1.0,5.0,3.0,2.0,18.0
4599.0,delete,6.034854000588656,3642.0,380.0,6.064808017423551,1.0,5.0,3.0,2.0,17.0
4600.0,swap,5.54477611614332,3642.0,380.0,6.064808017423551,1.0,5.0,3.0,3.0,17.0
4601.0,delete,4.577037053618707,3643.0,41.0,5.642970974214484,10.0,9.0,8.0,6.0,16.0
4602.0,add,4.840457661908806,3644.0,170.0,5.555484932276792,1.0,8.0,3.0,2.0,20.0
4603.0,delete,5.974147748200184,3645.0,377.0,5.948658853928563,1.0,5.0,4.0,3.0,16.0
4604.0,delete,6.786376498517096,3646.0,379.0,5.927311537894769,1.0,4.0,3.0,3.0,18.0
4605.0,delete,5.487437734302959,3647.0,363.0,5.525961952631044,1.0,6.0,4.0,2.0,16.0
4606.0,add,5.210573176220405,3648.0,264.0,5.518081478331839,1.0,3.0,7.0,4.0,19.0
4607.0,delete,6.808226956022024,3649.0,111.0,5.63014442348658,4.0,4.0,0.0,3.0,14.0
4608.0,add,5.692128660930246,3650.0,348.0,5.600599879881627,1.0,5.0,5.0,2.0,19.0
4609.0,delete,6.380963753382858,3651.0,327.0,5.783423272467806,1.0,4.0,7.0,2.0,19.0
4610.0,add,5.443412702818533,3652.0,299.0,5.585072088621953,1.0,5.0,9.0,3.0,21.0
4611.0,delete,6.034980644820579,3653.0,381.0,6.034854000588656,1.0,5.0,3.0,2.0,17.0
4612.0,delete,5.999711001168466,3653.0,381.0,6.034854000588656,1.0,5.0,2.0,2.0,17.0
4613.0,swap,6.087306856202837,3653.0,381.0,6.034854000588656,1.0,4.0,3.0,3.0,17.0
4614.0,delete,4.581485999929327,3654.0,42.0,5.647273050174979,9.0,9.0,7.0,6.0,17.0
4615.0,add,5.836337027663726,3655.0,222.0,5.552834147097842,1.0,4.0,3.0,4.0,16.0
4616.0,add,6.178395940101521,3656.0,373.0,5.89378146754921,1.0,5.0,3.0,2.0,16.0
4617.0,add,5.8073131802026765,3657.0,378.0,6.012052076290526,1.0,5.0,3.0,3.0,18.0
4618.0,add,5.05225587158922,3658.0,171.0,5.560220626524248,1.0,9.0,3.0,2.0,20.0
4619.0,delete,5.90902107341281,3659.0,380.0,6.0392131256951345,0.0,5.0,3.0,2.0,18.0
4620.0,delete,5.515808947347942,3660.0,364.0,5.545132876516462,1.0,6.0,4.0,2.0,15.0
4621.0,delete,6.090025293342668,3661.0,382.0,5.999711001168466,1.0,5.0,2.0,2.0,17.0
4622.0,delete,5.167865093266315,3661.0,382.0,5.999711001168466,1.0,5.0,2.0,2.0,16.0
4623.0,swap,6.07088233168232,3661.0,382.0,5.999711001168466,1.0,6.0,2.0,2.0,16.0
4624.0,add,6.519354234597577,3662.0,112.0,5.625748505971201,4.0,4.0,0.0,2.0,16.0
4625.0,add,5.207154970592826,3663.0,265.0,5.524359474663027,1.0,3.0,7.0,4.0,20.0
4626.0,delete,5.754723581462284,3664.0,300.0,5.587240958894277,1.0,5.0,10.0,3.0,19.0
4627.0,delete,6.3418313387686895,3665.0,328.0,5.777153270137507,1.0,4.0,6.0,3.0,18.0
4628.0,delete,5.3394202895654095,3666.0,223.0,5.549832072543353,1.0,3.0,3.0,4.0,16.0
4629.0,delete,3.7700057474574615,3667.0,43.0,5.651830740984166,8.0,9.0,8.0,6.0,16.0
4630.0,add,6.595201818701162,3668.0,349.0,5.5947716178211,1.0,5.0,5.0,2.0,20.0
4631.0,add,5.2491066626322915,3669.0,374.0,5.999889992241436,1.0,5.0,3.0,3.0,16.0
4632.0,delete,5.3298146017266665,3670.0,379.0,5.987951245332681,1.0,5.0,3.0,2.0,18.0
4633.0,delete,6.034854000588656,3671.0,381.0,5.832120929864942,1.0,5.0,3.0,2.0,16.0
4634.0,add,5.732847132410452,3672.0,172.0,5.562824688250856,1.0,9.0,3.0,2.0,21.0
4635.0,delete,5.474361271667041,3673.0,365.0,5.551327102258563,1.0,6.0,2.0,2.0,16.0
4636.0,delete,5.137347932068842,3674.0,383.0,5.167865093266315,1.0,5.0,2.0,2.0,16.0
4637.0,add,5.185665149440706,3674.0,383.0,5.167865093266315,1.0,6.0,2.0,2.0,16.0
4638.0,delete,5.937053308118469,3674.0,383.0,5.167865093266315,1.0,5.0,2.0,2.0,15.0
4639.0,swap,5.167865093266315,3674.0,383.0,5.167865093266315,1.0,5.0,2.0,3.0,15.0
4640.0,add,6.432424836051776,3675.0,113.0,5.621002200691583,4.0,4.0,1.0,2.0,16.0
4641.0,add,5.377889309613921,3676.0,266.0,5.5290429934453975,1.0,3.0,7.0,5.0,20.0
4642.0,add,5.617249252733564,3677.0,301.0,5.588113422965799,1.0,5.0,10.0,3.0,20.0
4643.0,delete,6.0081503520168225,3678.0,224.0,5.5470341161759995,1.0,3.0,3.0,3.0,16.0
4644.0,delete,4.316714570571335,3679.0,44.0,5.658252852616743,8.0,9.0,7.0,5.0,17.0
4645.0,add,6.069274979039923,3680.0,329.0,5.760868163497555,1.0,4.0,6.0,3.0,19.0
4646.0,delete,6.298740510980849,3681.0,350.0,5.572329727390114,1.0,6.0,5.0,2.0,18.0
4647.0,add,5.57218290320931,3682.0,375.0,5.977525534663306,1.0,5.0,3.0,3.0,17.0
4648.0,delete,5.644640618688821,3683.0,380.0,5.758263982920588,1.0,5.0,2.0,2.0,18.0
4649.0,delete,5.816271472371725,3684.0,366.0,5.546222566461074,1.0,6.0,2.0,2.0,15.0
4650.0,add,5.794302527160377,3685.0,173.0,5.562417299653187,1.0,9.0,4.0,2.0,21.0
4651.0,delete,5.999711001168466,3686.0,382.0,5.319159315232129,1.0,5.0,2.0,2.0,16.0
4652.0,add,5.054058146530906,3687.0,384.0,5.185665149440706,1.0,6.0,2.0,2.0,16.0
4653.0,add,5.185665149440706,3687.0,384.0,5.185665149440706,1.0,6.0,2.0,2.0,17.0
4654.0,delete,4.984147788302478,3687.0,384.0,5.185665149440706,1.0,6.0,1.0,2.0,16.0
4655.0,swap,5.18575010401816,3687.0,384.0,5.185665149440706,1.0,6.0,2.0,3.0,15.0
4656.0,add,6.330439347846933,3688.0,114.0,5.617611259700553,4.0,5.0,2.0,2.0,15.0
4657.0,add,5.389170924257506,3689.0,267.0,5.5327451917999815,1.0,4.0,7.0,5.0,20.0
4658.0,add,5.279263729508156,3690.0,302.0,5.592803494174447,1.0,5.0,10.0,3.0,21.0
4659.0,delete,3.7422519714755906,3691.0,45.0,5.66419909228354,8.0,9.0,7.0,6.0,15.0
4660.0,add,5.885563898659954,3692.0,225.0,5.544711812608108,1.0,3.0,3.0,3.0,17.0
4661.0,delete,5.957394492293339,3693.0,330.0,5.746769358020399,1.0,4.0,6.0,2.0,19.0
4662.0,add,6.285766309368275,3694.0,351.0,5.539569855989086,1.0,6.0,5.0,2.0,19.0
4663.0,add,6.448722922489796,3695.0,376.0,5.837642190390074,1.0,5.0,4.0,3.0,17.0
4664.0,delete,5.320376631907295,3696.0,367.0,5.533257373277755,1.0,6.0,3.0,2.0,13.0
4665.0,delete,5.924522655660268,3697.0,174.0,5.561319965183393,1.0,9.0,4.0,2.0,20.0
4666.0,delete,6.034854000588656,3698.0,381.0,5.514328670885962,1.0,5.0,3.0,2.0,16.0
4667.0,add,5.613448300850578,3699.0,383.0,5.119057267546592,1.0,5.0,2.0,2.0,17.0
4668.0,delete,5.611033118902845,3700.0,331.0,5.745708583639984,1.0,4.0,6.0,3.0,17.0
4669.0,delete,5.189591597771771,3701.0,268.0,5.538497461777307,1.0,4.0,7.0,5.0,19.0
4670.0,delete,5.264717585471587,3702.0,382.0,5.328961551497449,1.0,5.0,2.0,1.0,17.0
4671.0,add,6.375258518924222,3703.0,115.0,5.615139947379746,4.0,5.0,2.0,2.0,16.0
4672.0,delete,5.385728438899046,3704.0,303.0,5.600208422036331,1.0,5.0,10.0,2.0,21.0
4673.0,add,6.092873338019323,3705.0,352.0,5.518275881724306,1.0,6.0,5.0,2.0,20.0
4674.0,add,5.213396977139924,3706.0,385.0,5.185665149440706,1.0,6.0,2.0,2.0,17.0
4675.0,add,4.836320424062834,3706.0,385.0,5.185665149440706,1.0,6.0,2.0,2.0,18.0
4676.0,delete,5.179196707823942,3706.0,385.0,5.185665149440706,1.0,5.0,2.0,2.0,17.0
4677.0,swap,5.185985510356914,3706.0,385.0,5.185665149440706,1.0,6.0,2.0,2.0,17.0
4678.0,add,4.951805250476414,3707.0,46.0,5.670086933876052,8.0,9.0,6.0,6.0,17.0
4679.0,add,5.236777365322321,3708.0,226.0,5.541278236350419,1.0,4.0,3.0,4.0,16.0
4680.0,delete,5.941770492674924,3709.0,175.0,5.560060877485647,1.0,8.0,4.0,1.0,21.0
4681.0,add,4.867170880120225,3710.0,368.0,5.534518539488868,1.0,6.0,4.0,2.0,13.0
4682.0,delete,5.965601902035514,3711.0,377.0,5.700825886227165,1.0,5.0,4.0,3.0,16.0
4683.0,delete,5.675170812941124,3712.0,332.0,5.736780012739943,1.0,4.0,6.0,3.0,16.0
4684.0,delete,4.917678161784105,3713.0,269.0,5.540885110674876,1.0,3.0,7.0,5.0,19.0
4685.0,add,4.106014384440043,3714.0,384.0,5.120112953764864,1.0,6.0,2.0,2.0,17.0
4686.0,add,5.708047345846352,3715.0,383.0,5.0663316947642905,1.0,5.0,2.0,2.0,17.0
4687.0,add,6.367097559548829,3716.0,116.0,5.61035355822083,4.0,6.0,1.0,3.0,16.0
4688.0,add,5.279832423265272,3717.0,304.0,5.598659814126553,1.0,6.0,9.0,3.0,21.0
4689.0,add,5.235211234191089,3718.0,353.0,5.494267445719817,1.0,7.0,6.0,2.0,19.0
4690.0,delete,5.2157697915669035,3719.0,47.0,5.6725438688503145,8.0,8.0,6.0,6.0,17.0
4691.0,add,4.829788024925193,3720.0,386.0,4.836320424062834,1.0,6.0,2.0,2.0,18.0
4692.0,add,4.836268097105882,3720.0,386.0,4.836320424062834,1.0,6.0,2.0,3.0,18.0
4693.0,delete,4.8186368138174895,3720.0,386.0,4.836320424062834,1.0,5.0,2.0,2.0,18.0
4694.0,swap,2.413870253968682,3720.0,386.0,4.836320424062834,0.0,7.0,2.0,2.0,18.0
4695.0,delete,5.77030372165747,3721.0,176.0,5.5550049317967884,1.0,9.0,3.0,1.0,20.0
4696.0,add,5.885357763584897,3722.0,227.0,5.532892718900995,1.0,4.0,3.0,5.0,16.0
4697.0,add,5.745919986963413,3723.0,369.0,5.514777233976576,1.0,7.0,3.0,2.0,14.0
4698.0,add,4.992642221041307,3724.0,378.0,5.478020219217866,1.0,5.0,3.0,3.0,18.0
4699.0,add,5.674532681610678,3725.0,333.0,5.711891854020597,1.0,4.0,6.0,4.0,16.0
4700.0,add,5.1474363325379775,3726.0,270.0,5.538007936357472,1.0,3.0,7.0,5.0,20.0
4701.0,add,5.870355650013921,3727.0,385.0,4.346976722776016,1.0,6.0,2.0,2.0,18.0
4702.0,delete,5.149969574549731,3728.0,305.0,5.5944696789209685,1.0,5.0,9.0,3.0,21.0
4703.0,add,6.331071523205088,3729.0,117.0,5.604802260781043,4.0,6.0,1.0,4.0,16.0
4704.0,add,5.185665149440705,3730.0,384.0,4.770499817554139,1.0,6.0,2.0,3.0,16.0
4705.0,delete,5.201910830359208,3731.0,48.0,5.672183602082819,8.0,9.0,5.0,6.0,16.0
4706.0,add,5.358564753284074,3732.0,354.0,5.4719238228924825,1.0,7.0,5.0,2.0,21.0
4707.0,delete,6.0626666490837815,3733.0,379.0,5.430732129825744,1.0,5.0,3.0,3.0,17.0
4708.0,add,5.889248086808634,3734.0,228.0,5.529188402565751,1.0,4.0,3.0,6.0,16.0
4709.0,add,4.855102431937408,3735.0,387.0,4.836268097105882,1.0,6.0,2.0,3.0,18.0
4710.0,add,5.389117719569015,3735.0,387.0,4.836268097105882,1.0,6.0,2.0,3.0,19.0
4711.0,delete,5.663548358156372,3735.0,387.0,4.836268097105882,1.0,6.0,2.0,3.0,17.0
4712.0,swap,4.859268000962362,3735.0,387.0,4.836268097105882,1.0,6.0,3.0,3.0,17.0
4713.0,delete,5.373687994158695,3736.0,177.0,5.553466583975512,1.0,8.0,3.0,1.0,20.0
4714.0,add,4.530496635899275,3737.0,370.0,5.523287361714189,1.0,6.0,3.0,2.0,16.0
4715.0,delete,5.153135173769109,3738.0,271.0,5.538734802650668,1.0,3.0,8.0,4.0,19.0
4716.0,add,5.871132026020456,3739.0,334.0,5.704031465272345,1.0,5.0,6.0,3.0,17.0
4717.0,delete,5.10295474543548,3740.0,306.0,5.598127658974595,1.0,5.0,9.0,3.0,20.0
4718.0,delete,6.350045549037629,3741.0,118.0,5.6003683516508005,4.0,5.0,1.0,4.0,16.0
4719.0,add,5.378721099950039,3742.0,386.0,5.120660921546208,1.0,6.0,2.0,2.0,19.0
4720.0,delete,5.649990114645276,3743.0,49.0,5.672285494816874,7.0,8.0,5.0,6.0,17.0
4721.0,delete,6.062429550467483,3744.0,380.0,5.337275062116541,1.0,5.0,3.0,2.0,17.0
4722.0,add,4.9924480138694864,3745.0,355.0,5.4734326349985345,1.0,7.0,5.0,2.0,22.0
4723.0,add,4.343067326422066,3746.0,385.0,4.886454261315381,1.0,6.0,2.0,2.0,18.0
4724.0,add,5.903976797278287,3747.0,229.0,5.523161612200977,1.0,4.0,4.0,5.0,17.0
4725.0,add,5.408128405896097,3748.0,388.0,5.389117719569015,1.0,6.0,2.0,3.0,19.0
4726.0,delete,6.108432005929074,3748.0,388.0,5.389117719569015,1.0,5.0,2.0,3.0,19.0
4727.0,swap,5.387510779547966,3748.0,388.0,5.389117719569015,1.0,6.0,2.0,4.0,18.0
4728.0,add,6.069286126547803,3749.0,178.0,5.550606191917366,1.0,8.0,3.0,1.0,21.0
4729.0,delete,4.62217485867511,3750.0,371.0,5.540669365341895,1.0,6.0,3.0,2.0,15.0
4730.0,delete,5.717042285065018,3751.0,335.0,5.693558811607479,1.0,5.0,6.0,3.0,16.0
4731.0,add,5.184308605039095,3752.0,272.0,5.540747673791858,1.0,3.0,8.0,5.0,19.0
4732.0,delete,5.673758076947625,3753.0,307.0,5.599816123845277,1.0,4.0,9.0,3.0,20.0
4733.0,delete,5.296690882676784,3754.0,119.0,5.5968917994846334,3.0,5.0,1.0,4.0,16.0
4734.0,add,5.486214445775149,3755.0,387.0,5.573297227735538,1.0,6.0,2.0,3.0,19.0
4735.0,delete,5.649990114645277,3756.0,50.0,5.671165757442452,7.0,7.0,5.0,6.0,17.0
4736.0,delete,6.3432356985407194,3757.0,381.0,5.260930184420557,1.0,5.0,3.0,2.0,16.0
4737.0,delete,5.394375974849227,3758.0,356.0,5.47425674610293,1.0,7.0,5.0,2.0,21.0
4738.0,delete,6.104811007742264,3759.0,389.0,6.108432005929074,1.0,5.0,2.0,3.0,19.0
4739.0,delete,5.721895402076085,3759.0,389.0,6.108432005929074,1.0,5.0,2.0,3.0,18.0
4740.0,swap,6.049992961219029,3759.0,389.0,6.108432005929074,1.0,5.0,2.0,4.0,18.0
4741.0,delete,5.9515418526392505,3760.0,179.0,5.548748860908239,1.0,8.0,3.0,1.0,20.0
4742.0,add,5.827947762880677,3761.0,230.0,5.52070249087926,1.0,4.0,5.0,5.0,17.0
4743.0,delete,6.127720048666292,3762.0,372.0,5.586908428284342,1.0,4.0,3.0,2.0,16.0
4744.0,add,4.836320424062834,3763.0,386.0,5.480693131989749,1.0,6.0,2.0,2.0,19.0
4745.0,delete,5.462641001756766,3764.0,388.0,5.996282844241613,1.0,5.0,2.0,3.0,19.0
4746.0,delete,4.743017850722979,3765.0,308.0,5.609664152632967,1.0,3.0,8.0,3.0,21.0
4747.0,add,5.505958329081468,3766.0,273.0,5.543633512428155,1.0,3.0,8.0,5.0,20.0
4748.0,add,5.924098655963439,3767.0,336.0,5.693826991492947,1.0,5.0,7.0,3.0,16.0
4749.0,add,5.9203548480191355,3768.0,120.0,5.595545933051427,4.0,5.0,1.0,4.0,16.0
4750.0,delete,6.7802888133867985,3769.0,382.0,5.208246445176615,1.0,5.0,2.0,2.0,16.0
4751.0,add,5.826427621020406,3770.0,51.0,5.671258711199118,8.0,7.0,5.0,6.0,17.0
4752.0,delete,5.34203401581645,3771.0,357.0,5.490370876887086,1.0,7.0,5.0,2.0,20.0
4753.0,delete,5.740194637017147,3772.0,390.0,5.721895402076085,1.0,5.0,2.0,3.0,18.0
4754.0,add,5.721895402076086,3772.0,390.0,5.721895402076085,1.0,5.0,2.0,3.0,19.0
4755.0,delete,5.721895402076085,3772.0,390.0,5.721895402076085,1.0,5.0,2.0,2.0,18.0
4756.0,swap,5.621085546327894,3772.0,390.0,5.721895402076085,1.0,4.0,2.0,3.0,19.0
4757.0,delete,5.890576561834434,3773.0,180.0,5.5471812132830465,1.0,7.0,3.0,1.0,20.0
4758.0,add,5.888179738933134,3774.0,231.0,5.518059633773763,1.0,4.0,5.0,5.0,18.0
4759.0,add,5.22215487780049,3775.0,373.0,5.628905891001217,1.0,5.0,3.0,2.0,16.0
4760.0,add,4.836268097105882,3776.0,387.0,5.686447285923743,1.0,6.0,2.0,4.0,18.0
4761.0,delete,5.803078572302337,3777.0,389.0,5.70539327791466,1.0,5.0,1.0,3.0,19.0
4762.0,add,5.145490215231564,3778.0,309.0,5.619852399174229,1.0,3.0,10.0,3.0,20.0
4763.0,add,5.460452678581715,3779.0,274.0,5.544909634827438,1.0,4.0,8.0,5.0,20.0
4764.0,add,5.493165916744411,3780.0,337.0,5.695428136426525,1.0,5.0,6.0,4.0,17.0
4765.0,add,5.920416281763947,3781.0,121.0,5.594358096765674,4.0,5.0,2.0,4.0,16.0
4766.0,delete,5.3445292470451715,3782.0,358.0,5.4921824473840015,1.0,6.0,5.0,2.0,20.0
4767.0,add,5.789519306372225,3783.0,52.0,5.6704611458026655,8.0,8.0,5.0,6.0,17.0
4768.0,add,5.708253436135581,3784.0,383.0,5.227986384754702,1.0,5.0,2.0,2.0,17.0
4769.0,add,5.721895402076084,3785.0,391.0,5.721895402076086,1.0,5.0,2.0,3.0,19.0
4770.0,add,6.202769278779337,3785.0,391.0,5.721895402076086,1.0,5.0,2.0,3.0,20.0
4771.0,delete,3.910680089956917,3785.0,391.0,5.721895402076086,0.0,5.0,2.0,3.0,19.0
4772.0,swap,5.333033357558073,3785.0,391.0,5.721895402076086,1.0,5.0,1.0,4.0,19.0
4773.0,delete,5.890576561834434,3786.0,181.0,5.545163299042813,1.0,7.0,3.0,1.0,19.0
4774.0,delete,6.327894523870624,3787.0,232.0,5.5137391507747955,1.0,4.0,5.0,5.0,17.0
4775.0,add,4.837916902112671,3788.0,374.0,5.635210154158528,1.0,5.0,3.0,3.0,16.0
4776.0,delete,5.235605721067409,3789.0,388.0,5.658878576206656,1.0,6.0,2.0,3.0,18.0
4777.0,delete,5.412046494723788,3790.0,359.0,5.488137397051869,1.0,7.0,4.0,2.0,19.0
4778.0,add,4.998278856364107,3791.0,310.0,5.622344865019447,1.0,3.0,10.0,3.0,21.0
4779.0,add,5.541550913349134,3792.0,275.0,5.542445393613087,1.0,4.0,8.0,5.0,21.0
4780.0,add,5.691544433519847,3793.0,338.0,5.686473539727069,1.0,5.0,6.0,5.0,17.0
4781.0,add,5.939308287389272,3794.0,122.0,5.592156714941537,4.0,5.0,2.0,4.0,17.0
4782.0,delete,5.655519971217585,3795.0,53.0,5.669583077538857,8.0,8.0,5.0,6.0,16.0
4783.0,add,5.627683981379948,3796.0,390.0,5.3780547060893,1.0,6.0,2.0,3.0,18.0
4784.0,add,5.80233625826265,3797.0,384.0,5.235692820545178,1.0,6.0,2.0,2.0,17.0
4785.0,delete,6.108432005929074,3798.0,389.0,5.556918824693272,1.0,5.0,2.0,3.0,18.0
4786.0,delete,5.696003704254478,3799.0,233.0,5.510946650626598,1.0,4.0,5.0,5.0,16.0
4787.0,add,4.898054208202985,3800.0,182.0,5.5488229761059555,1.0,7.0,4.0,1.0,19.0
4788.0,add,6.250660892753715,3801.0,392.0,6.202769278779337,1.0,5.0,2.0,3.0,20.0
4789.0,delete,6.202769278779337,3801.0,392.0,6.202769278779337,1.0,5.0,2.0,3.0,19.0
4790.0,swap,6.203153334071584,3801.0,392.0,6.202769278779337,1.0,6.0,2.0,3.0,19.0
4791.0,add,6.283129943075647,3802.0,375.0,5.659664628876928,1.0,6.0,3.0,3.0,16.0
4792.0,delete,5.3459593908302345,3803.0,360.0,5.509663347457238,1.0,7.0,3.0,2.0,19.0
4793.0,delete,5.17451075975118,3804.0,311.0,5.631470708175276,1.0,3.0,8.0,3.0,22.0
4794.0,delete,6.2030777992083,3805.0,339.0,5.6872383499926356,1.0,4.0,6.0,4.0,18.0
4795.0,add,5.615109811086847,3806.0,276.0,5.546516057139967,1.0,4.0,8.0,5.0,22.0
4796.0,delete,5.941769460652738,3807.0,123.0,5.591419354293778,4.0,5.0,3.0,4.0,15.0
4797.0,add,5.907161268227976,3808.0,391.0,6.214838196095994,1.0,6.0,2.0,3.0,19.0
4798.0,add,5.81344878393115,3809.0,54.0,5.669822952448741,8.0,8.0,5.0,7.0,16.0
4799.0,delete,6.276440784285,3810.0,393.0,6.202769278779337,1.0,5.0,2.0,3.0,19.0
4800.0,delete,6.202769278779337,3810.0,393.0,6.202769278779337,1.0,5.0,2.0,3.0,18.0
4801.0,swap,6.713677079948114,3810.0,393.0,6.202769278779337,1.0,5.0,2.0,4.0,18.0
4802.0,delete,4.939701711549196,3811.0,183.0,5.554520668245798,1.0,7.0,3.0,1.0,19.0
4803.0,delete,5.9518133588849285,3812.0,234.0,5.512861915095386,1.0,4.0,5.0,5.0,15.0
4804.0,add,4.1150628602863515,3813.0,385.0,5.463442927936435,1.0,7.0,2.0,2.0,17.0
4805.0,add,5.721895402076086,3814.0,390.0,5.867276109897808,1.0,5.0,2.0,3.0,19.0
4806.0,delete,6.202769278779337,3815.0,392.0,6.348914105447946,1.0,5.0,2.0,2.0,20.0
4807.0,delete,5.755998053144703,3816.0,361.0,5.521618109856166,1.0,6.0,4.0,2.0,18.0
4808.0,delete,5.7447187857731015,3817.0,312.0,5.64106260533411,1.0,3.0,8.0,3.0,21.0
4809.0,add,6.126781473555226,3818.0,376.0,5.6392556727013785,1.0,5.0,4.0,3.0,17.0
4810.0,delete,5.23289160365298,3819.0,277.0,5.550772671902996,1.0,5.0,7.0,5.0,21.0
4811.0,delete,6.40869781444343,3820.0,124.0,5.590239428065459,4.0,5.0,2.0,3.0,16.0
4812.0,add,6.14790438329787,3821.0,340.0,5.681095001451406,1.0,5.0,6.0,4.0,18.0
4813.0,delete,6.198028466939219,3822.0,394.0,6.202769278779337,1.0,5.0,2.0,3.0,18.0
4814.0,add,6.252462786397121,3822.0,394.0,6.202769278779337,1.0,5.0,2.0,3.0,19.0
4815.0,delete,6.449115274725434,3822.0,394.0,6.202769278779337,1.0,5.0,2.0,2.0,18.0
4816.0,swap,6.488562140133736,3822.0,394.0,6.202769278779337,1.0,5.0,2.0,3.0,18.0
4817.0,add,5.51005824558066,3823.0,55.0,5.671029313908747,8.0,9.0,5.0,6.0,17.0
4818.0,delete,5.177601724402251,3824.0,184.0,5.558681210544844,1.0,7.0,3.0,1.0,18.0
4819.0,delete,5.946853701698244,3825.0,235.0,5.513575813182994,1.0,4.0,4.0,5.0,15.0
4820.0,add,5.031857176482949,3826.0,386.0,5.712242802469137,1.0,6.0,2.0,2.0,19.0
4821.0,add,5.721842854032713,3827.0,391.0,6.273103010969172,1.0,5.0,2.0,4.0,19.0
4822.0,delete,5.488008967499493,3828.0,362.0,5.540743823813123,1.0,6.0,4.0,2.0,17.0
4823.0,delete,5.936683790106065,3829.0,377.0,5.622532396974565,1.0,5.0,4.0,2.0,17.0
4824.0,add,5.224494293516668,3830.0,313.0,5.653735648695771,1.0,3.0,9.0,3.0,21.0
4825.0,delete,5.241829253694125,3831.0,278.0,5.555947361209894,1.0,4.0,8.0,5.0,20.0
4826.0,delete,5.910391036950549,3832.0,125.0,5.589536893419913,3.0,5.0,3.0,3.0,15.0
4827.0,delete,6.2027692787793365,3833.0,393.0,6.318187589394969,1.0,5.0,2.0,2.0,19.0
4828.0,add,6.31782282075324,3834.0,341.0,5.674770108282919,1.0,5.0,6.0,4.0,19.0
4829.0,add,6.247534699519351,3835.0,395.0,6.252462786397121,1.0,5.0,2.0,3.0,19.0
4830.0,delete,5.997513385427418,3835.0,395.0,6.252462786397121,1.0,5.0,2.0,3.0,18.0
4831.0,swap,6.252462786397121,3835.0,395.0,6.252462786397121,1.0,5.0,2.0,4.0,18.0
4832.0,add,5.638779628564591,3836.0,56.0,5.672090502289223,8.0,9.0,6.0,6.0,17.0
4833.0,delete,5.346121932403634,3837.0,185.0,5.562280175479304,1.0,7.0,2.0,1.0,18.0
4834.0,add,5.977574710349165,3838.0,236.0,5.511516634027685,1.0,4.0,5.0,6.0,14.0
4835.0,add,4.793803292999726,3839.0,387.0,5.854871237330391,1.0,7.0,2.0,3.0,18.0
4836.0,delete,6.53273438808387,3840.0,392.0,6.283605732222298,1.0,5.0,2.0,3.0,19.0
4837.0,delete,5.675429453300668,3841.0,363.0,5.553471803860723,1.0,5.0,4.0,2.0,17.0
4838.0,add,5.571073752143566,3842.0,394.0,6.187493414435253,1.0,5.0,2.0,3.0,19.0
4839.0,add,5.452078118986271,3843.0,378.0,5.618236580766927,1.0,5.0,3.0,3.0,18.0
4840.0,delete,5.103148991897477,3844.0,279.0,5.560793765509814,1.0,4.0,6.0,5.0,21.0
4841.0,add,5.1044548637083285,3845.0,314.0,5.663164202372751,1.0,3.0,9.0,3.0,22.0
4842.0,add,5.865737651555582,3846.0,126.0,5.588414519310668,3.0,5.0,3.0,2.0,17.0
4843.0,delete,5.990810643773019,3847.0,396.0,5.997513385427418,1.0,5.0,2.0,3.0,18.0
4844.0,delete,6.7850929861350755,3847.0,396.0,5.997513385427418,1.0,5.0,2.0,3.0,17.0
4845.0,swap,4.915501914018347,3847.0,396.0,5.997513385427418,0.0,5.0,3.0,3.0,18.0
4846.0,delete,5.277897078248042,3848.0,57.0,5.673063657631012,7.0,9.0,5.0,6.0,18.0
4847.0,delete,5.335411650596796,3849.0,186.0,5.56342462319825,1.0,6.0,3.0,1.0,17.0
4848.0,add,6.2253311775468365,3850.0,342.0,5.668834748968931,1.0,5.0,7.0,5.0,18.0
4849.0,add,5.788798231948667,3851.0,237.0,5.5097579991552905,1.0,4.0,6.0,5.0,15.0
4850.0,delete,3.598066998233894,3852.0,388.0,5.937070593236887,0.0,6.0,2.0,3.0,19.0
4851.0,delete,6.113651016701072,3853.0,393.0,6.1195151840898525,1.0,5.0,1.0,3.0,19.0
4852.0,delete,5.515808947347942,3854.0,364.0,5.548226678795733,1.0,6.0,4.0,2.0,15.0
4853.0,delete,6.252462786397121,3855.0,395.0,5.922229732338464,1.0,5.0,2.0,3.0,18.0
4854.0,delete,5.974467733666703,3856.0,379.0,5.611654494304341,1.0,4.0,3.0,3.0,18.0
4855.0,delete,5.863948856725923,3857.0,280.0,5.565040557874338,0.0,4.0,7.0,4.0,21.0
4856.0,delete,6.778566480632247,3858.0,397.0,6.7850929861350755,1.0,5.0,2.0,3.0,17.0
4857.0,delete,6.834141139316486,3858.0,397.0,6.7850929861350755,1.0,5.0,2.0,3.0,16.0
4858.0,swap,5.366375872396155,3858.0,397.0,6.7850929861350755,1.0,6.0,2.0,3.0,16.0
4859.0,add,5.873832422760137,3859.0,127.0,5.588551036412174,3.0,5.0,3.0,3.0,17.0
4860.0,delete,5.301752298222536,3860.0,58.0,5.674899555152086,8.0,7.0,5.0,6.0,18.0
4861.0,add,5.775528765264392,3861.0,315.0,5.676536829716807,1.0,5.0,9.0,3.0,21.0
4862.0,delete,5.4337463442960905,3862.0,187.0,5.566940477367761,1.0,6.0,3.0,1.0,16.0
4863.0,delete,6.1639089971230945,3863.0,343.0,5.663080216771458,1.0,5.0,5.0,5.0,19.0
4864.0,delete,6.046044744391352,3864.0,389.0,5.9966634581801,1.0,5.0,2.0,3.0,18.0
4865.0,add,5.089122416980066,3865.0,238.0,5.5125185158585195,1.0,4.0,7.0,5.0,15.0
4866.0,add,6.202769278779337,3866.0,394.0,6.103666602712752,1.0,5.0,2.0,3.0,19.0
4867.0,delete,5.032175542470768,3867.0,365.0,5.569854165387726,1.0,6.0,3.0,2.0,15.0
4868.0,delete,5.984702250620552,3868.0,396.0,6.441044119619991,1.0,5.0,2.0,3.0,17.0
4869.0,delete,6.064808017423551,3869.0,380.0,5.624981453773146,1.0,5.0,3.0,2.0,17.0
4870.0,delete,5.146581681409801,3870.0,281.0,5.572265440438452,1.0,4.0,7.0,4.0,19.0
4871.0,delete,6.826826830507659,3871.0,398.0,6.834141139316486,1.0,5.0,2.0,3.0,16.0
4872.0,delete,6.846927058363218,3871.0,398.0,6.834141139316486,1.0,4.0,2.0,3.0,16.0
4873.0,swap,6.857202941407174,3871.0,398.0,6.834141139316486,1.0,6.0,2.0,3.0,15.0
4874.0,add,5.775248966994524,3872.0,128.0,5.589457674059837,3.0,6.0,3.0,3.0,17.0
4875.0,delete,5.213207832344018,3873.0,59.0,5.677310703452616,8.0,8.0,4.0,5.0,18.0
4876.0,add,5.082187471686461,3874.0,316.0,5.693376288337506,1.0,4.0,9.0,3.0,23.0
4877.0,delete,6.225255936566933,3875.0,344.0,5.662988389663224,1.0,4.0,6.0,4.0,19.0
4878.0,add,5.380815982938523,3876.0,188.0,5.57126727212532,1.0,6.0,2.0,1.0,18.0
4879.0,add,4.923593157143694,3877.0,390.0,6.099189362080854,1.0,5.0,2.0,3.0,19.0
4880.0,delete,6.71883612068554,3878.0,395.0,6.28634369074954,1.0,5.0,2.0,3.0,18.0
4881.0,add,5.6609197488160055,3879.0,239.0,5.518025779970738,1.0,6.0,6.0,5.0,15.0
4882.0,delete,5.488753994002955,3880.0,366.0,5.59594349925851,1.0,5.0,3.0,2.0,15.0
4883.0,delete,6.445552358046149,3881.0,397.0,6.841274492398634,1.0,5.0,2.0,3.0,16.0
4884.0,delete,5.41349167932005,3882.0,381.0,5.652880529478758,1.0,5.0,3.0,2.0,16.0
4885.0,delete,5.502468374616873,3883.0,282.0,5.580417980794031,1.0,4.0,6.0,4.0,19.0
4886.0,delete,6.8469270583632165,3884.0,399.0,6.846927058363218,1.0,4.0,2.0,3.0,16.0
4887.0,delete,6.84692705836322,3884.0,399.0,6.846927058363218,1.0,4.0,2.0,2.0,16.0
4888.0,swap,7.026662726808178,3884.0,399.0,6.846927058363218,0.0,4.0,3.0,3.0,16.0
4889.0,delete,5.643978950505963,3885.0,129.0,5.592244186406417,3.0,5.0,3.0,3.0,17.0
4890.0,delete,4.884706399147003,3886.0,60.0,5.67983778375842,8.0,8.0,5.0,5.0,16.0
4891.0,delete,5.197408132187749,3887.0,317.0,5.708627876138172,1.0,4.0,9.0,3.0,22.0
4892.0,delete,6.235355208599958,3888.0,345.0,5.664228225186337,1.0,5.0,6.0,3.0,18.0
4893.0,delete,6.457718679749041,3889.0,396.0,6.620492063413278,1.0,5.0,2.0,3.0,17.0
4894.0,add,5.337436474053347,3890.0,189.0,5.575463645710831,1.0,7.0,2.0,2.0,17.0
4895.0,add,5.027014867694164,3891.0,391.0,6.312151935590907,1.0,5.0,3.0,3.0,19.0
4896.0,delete,5.435273391068754,3892.0,240.0,5.524228371103347,1.0,5.0,6.0,5.0,15.0
4897.0,delete,5.602384480195404,3893.0,367.0,5.614950593367497,1.0,6.0,2.0,2.0,14.0
4898.0,delete,6.834141139316486,3894.0,398.0,6.891860975474458,1.0,5.0,2.0,3.0,15.0
4899.0,delete,5.999711001168466,3895.0,382.0,5.677055325600159,1.0,5.0,2.0,2.0,16.0
4900.0,delete,6.87025484461117,3896.0,400.0,6.84692705836322,1.0,4.0,2.0,2.0,16.0
4901.0,add,6.84692705836322,3896.0,400.0,6.84692705836322,1.0,4.0,2.0,2.0,17.0
4902.0,delete,6.7680173545650195,3896.0,400.0,6.84692705836322,1.0,4.0,2.0,2.0,15.0
4903.0,swap,6.84692705836322,3896.0,400.0,6.84692705836322,1.0,4.0,2.0,2.0,16.0
4904.0,delete,5.278359013902716,3897.0,130.0,5.595364476672687,3.0,4.0,3.0,3.0,17.0
4905.0,delete,5.712181783136379,3898.0,61.0,5.6827076178839,7.0,8.0,5.0,4.0,17.0
4906.0,add,5.244896467441873,3899.0,283.0,5.594499567646388,1.0,4.0,6.0,4.0,20.0
4907.0,delete,4.902295317376656,3900.0,318.0,5.727360172570693,1.0,4.0,9.0,3.0,21.0
4908.0,delete,6.283132503636861,3901.0,346.0,5.669733535024207,1.0,5.0,6.0,3.0,17.0
4909.0,delete,6.202769278779337,3902.0,392.0,6.411656546548697,1.0,5.0,2.0,3.0,19.0
4910.0,add,5.600576646451563,3903.0,190.0,5.579698386012204,1.0,6.0,2.0,2.0,19.0
4911.0,delete,6.956957077627515,3904.0,397.0,6.822879586645724,1.0,5.0,1.0,3.0,17.0
4912.0,add,5.2073665721031706,3905.0,241.0,5.531647508096853,1.0,4.0,6.0,5.0,17.0
4913.0,add,4.17736993000032,3906.0,368.0,5.665446143031638,1.0,6.0,3.0,2.0,14.0
4914.0,delete,6.768017354565019,3907.0,399.0,6.835810674853169,1.0,4.0,2.0,3.0,15.0
4915.0,add,5.167865093266315,3908.0,383.0,5.753575141287684,1.0,5.0,2.0,3.0,16.0
4916.0,delete,6.00694866184503,3909.0,347.0,5.661824943615465,1.0,5.0,4.0,3.0,18.0
4917.0,add,5.279802604468225,3910.0,284.0,5.599382804097201,1.0,5.0,6.0,4.0,20.0
4918.0,delete,4.676552497962614,3911.0,319.0,5.73829457940131,1.0,4.0,9.0,3.0,20.0
4919.0,delete,5.355649540485599,3912.0,131.0,5.596559402665812,3.0,5.0,3.0,2.0,16.0
4920.0,delete,5.2589431083206115,3913.0,62.0,5.683844724012851,8.0,7.0,4.0,4.0,17.0
4921.0,add,6.864391010167181,3914.0,401.0,6.84692705836322,1.0,4.0,2.0,2.0,17.0
4922.0,delete,6.8010250374189365,3914.0,401.0,6.84692705836322,1.0,3.0,2.0,2.0,17.0
4923.0,swap,6.9481506127071135,3914.0,401.0,6.84692705836322,1.0,4.0,2.0,3.0,16.0
4924.0,delete,6.1917879583112345,3915.0,393.0,6.473455271743828,1.0,5.0,2.0,3.0,18.0
4925.0,delete,6.843016006760713,3916.0,398.0,6.855022720921169,1.0,5.0,2.0,3.0,15.0
4926.0,add,5.566673995271029,3917.0,191.0,5.583236038219391,1.0,7.0,2.0,2.0,19.0
4927.0,add,6.846927058363221,3918.0,400.0,6.865123429664113,1.0,4.0,2.0,3.0,16.0
4928.0,add,5.593732128569102,3919.0,242.0,5.537266324656081,1.0,4.0,7.0,5.0,17.0
4929.0,add,5.497096004546819,3920.0,369.0,5.725596466709427,1.0,6.0,3.0,2.0,15.0
4930.0,delete,6.856473055763964,3921.0,402.0,6.8010250374189365,1.0,3.0,2.0,2.0,17.0
4931.0,delete,7.208898945591369,3921.0,402.0,6.8010250374189365,1.0,3.0,1.0,2.0,17.0
4932.0,swap,6.801025037418938,3921.0,402.0,6.8010250374189365,1.0,3.0,2.0,2.0,17.0
4933.0,add,5.226217264608665,3922.0,285.0,5.612537478485167,1.0,5.0,7.0,4.0,20.0
4934.0,delete,5.074923647677358,3923.0,320.0,5.763780987852756,1.0,4.0,9.0,3.0,19.0
4935.0,delete,5.262734930500287,3924.0,63.0,5.687666994525145,8.0,5.0,5.0,4.0,17.0
4936.0,add,5.640350496746757,3925.0,132.0,5.600314726969907,3.0,5.0,3.0,3.0,16.0
4937.0,add,6.378277976683452,3926.0,348.0,5.675762093417531,1.0,6.0,5.0,2.0,18.0
4938.0,add,5.646118170768845,3927.0,384.0,5.872951815987711,1.0,6.0,3.0,2.0,16.0
4939.0,delete,6.848519178414988,3928.0,399.0,6.8672278066355075,1.0,3.0,2.0,3.0,16.0
4940.0,add,6.402863932560511,3929.0,394.0,6.56960819036575,1.0,6.0,2.0,3.0,18.0
4941.0,delete,5.4412908146165755,3930.0,192.0,5.586478271539095,1.0,6.0,2.0,2.0,19.0
4942.0,delete,6.84692705836322,3931.0,401.0,6.916855519048302,1.0,4.0,2.0,2.0,16.0
4943.0,delete,7.20889894559137,3932.0,403.0,7.208898945591369,1.0,3.0,1.0,2.0,17.0
4944.0,delete,7.164862084408393,3932.0,403.0,7.208898945591369,1.0,3.0,1.0,2.0,16.0
4945.0,swap,7.223402245163816,3932.0,403.0,7.208898945591369,1.0,3.0,1.0,3.0,16.0
4946.0,add,5.726411783910103,3933.0,243.0,5.545274353417838,1.0,4.0,7.0,5.0,18.0
4947.0,add,5.21358550665543,3934.0,370.0,5.792836420155764,1.0,6.0,4.0,2.0,15.0
4948.0,delete,5.248375648894585,3935.0,286.0,5.623138521461991,1.0,6.0,7.0,4.0,18.0
4949.0,add,5.149078177587563,3936.0,321.0,5.781084851810768,1.0,5.0,9.0,3.0,19.0
4950.0,add,6.112785216884304,3937.0,349.0,5.684972768602149,1.0,6.0,5.0,2.0,19.0
4951.0,add,5.267083505071237,3938.0,64.0,5.690603203297865,8.0,7.0,5.0,4.0,16.0
4952.0,add,5.643978950505963,3939.0,133.0,5.6027641374261545,3.0,5.0,3.0,3.0,17.0
4953.0,add,5.185665149440706,3940.0,385.0,5.986642739517665,1.0,6.0,2.0,2.0,18.0
4954.0,add,6.846927058363221,3941.0,400.0,6.968159012443395,1.0,4.0,2.0,3.0,16.0
4955.0,delete,6.252462786397121,3942.0,395.0,6.691780346485072,1.0,5.0,2.0,3.0,18.0
4956.0,delete,6.864248501780353,3943.0,402.0,7.201515555188737,1.0,3.0,2.0,2.0,16.0
4957.0,add,5.365372298715663,3944.0,193.0,5.592178302026511,1.0,6.0,2.0,2.0,20.0
4958.0,delete,7.1747651014554155,3945.0,404.0,7.164862084408393,1.0,3.0,1.0,2.0,16.0
4959.0,add,7.164862084408393,3945.0,404.0,7.164862084408393,1.0,3.0,1.0,2.0,17.0
4960.0,delete,7.1647034690986295,3945.0,404.0,7.164862084408393,1.0,3.0,1.0,1.0,16.0
4961.0,swap,7.1648620844083935,3945.0,404.0,7.164862084408393,1.0,3.0,1.0,3.0,15.0
4962.0,delete,5.74866730744609,3946.0,244.0,5.551043532448164,1.0,5.0,6.0,5.0,17.0
4963.0,delete,5.443412406065294,3947.0,287.0,5.633121952551141,1.0,6.0,7.0,4.0,17.0
4964.0,delete,6.2659842965574395,3948.0,350.0,5.696250396570189,1.0,5.0,5.0,2.0,19.0
4965.0,add,5.341677265044904,3949.0,322.0,5.801447405243585,1.0,4.0,9.0,3.0,21.0
4966.0,delete,4.999738210121669,3950.0,371.0,5.850888126997875,1.0,6.0,3.0,2.0,15.0
4967.0,add,5.810984363252925,3951.0,65.0,5.69370960832142,8.0,6.0,5.0,4.0,18.0
4968.0,add,5.330933864915099,3952.0,134.0,5.606203215858443,3.0,6.0,3.0,3.0,17.0
4969.0,add,5.070265286976861,3953.0,386.0,6.155630406822664,1.0,7.0,2.0,2.0,18.0
4970.0,delete,5.997513385427417,3954.0,396.0,6.836865382147887,1.0,5.0,2.0,2.0,18.0
4971.0,delete,7.246347902716589,3955.0,401.0,7.049611819297785,1.0,4.0,2.0,2.0,16.0
4972.0,delete,7.208898945591369,3956.0,403.0,7.166810964755845,1.0,3.0,1.0,2.0,16.0
4973.0,add,5.308298339247497,3957.0,194.0,5.597788049176313,1.0,6.0,2.0,2.0,21.0
4974.0,delete,5.584948545595396,3958.0,245.0,5.5525440682882685,1.0,5.0,7.0,4.0,16.0
4975.0,delete,5.172430581506143,3959.0,372.0,5.887911868037432,1.0,5.0,3.0,2.0,15.0
4976.0,add,7.164886145471989,3960.0,405.0,7.164862084408393,1.0,3.0,1.0,2.0,17.0
4977.0,add,7.0838675040627,3960.0,405.0,7.164862084408393,1.0,3.0,2.0,2.0,17.0
4978.0,delete,6.987804410573873,3960.0,405.0,7.164862084408393,1.0,2.0,1.0,2.0,17.0
4979.0,swap,7.1648620844083935,3960.0,405.0,7.164862084408393,1.0,3.0,1.0,2.0,17.0
4980.0,delete,5.461266350946302,3961.0,288.0,5.642606612318073,1.0,5.0,7.0,3.0,18.0
4981.0,delete,5.39039424220556,3962.0,323.0,5.81695996829832,1.0,4.0,8.0,3.0,21.0
4982.0,delete,5.656017385712909,3963.0,66.0,5.695370534210335,8.0,6.0,5.0,3.0,18.0
4983.0,add,5.936197494779578,3964.0,351.0,5.700185178985296,1.0,6.0,5.0,2.0,19.0
4984.0,add,4.584058528540251,3965.0,135.0,5.613336048831639,3.0,6.0,3.0,3.0,18.0
4985.0,add,4.836268097105882,3966.0,387.0,6.285660453323579,1.0,6.0,2.0,4.0,18.0
4986.0,delete,6.761747953198662,3967.0,397.0,6.953049015676487,1.0,5.0,2.0,3.0,16.0
4987.0,delete,6.791060973482548,3968.0,402.0,7.139273039429604,1.0,2.0,2.0,2.0,17.0
4988.0,delete,5.5509662597423794,3969.0,246.0,5.557850345781395,1.0,4.0,6.0,4.0,17.0
4989.0,add,5.2234876024283174,3970.0,195.0,5.60252124444016,1.0,6.0,2.0,2.0,22.0
4990.0,add,6.7210985563313725,3971.0,404.0,7.113256445785069,1.0,3.0,1.0,2.0,17.0
4991.0,add,5.2086625019288695,3972.0,373.0,5.942973997226155,1.0,6.0,3.0,2.0,15.0
4992.0,delete,7.208898945591369,3973.0,403.0,7.105952042747176,1.0,3.0,1.0,2.0,16.0
4993.0,add,7.079314247428923,3974.0,406.0,7.0838675040627,1.0,3.0,2.0,2.0,17.0
4994.0,add,7.0838287535397155,3974.0,406.0,7.0838675040627,1.0,3.0,3.0,2.0,17.0
4995.0,delete,7.083753556349763,3974.0,406.0,7.0838675040627,1.0,3.0,2.0,1.0,17.0
4996.0,swap,7.083867504062699,3974.0,406.0,7.0838675040627,1.0,3.0,2.0,2.0,17.0
4997.0,delete,5.464868721804138,3975.0,67.0,5.697627779879288,8.0,6.0,5.0,4.0,16.0
4998.0,add,5.361669460559423,3976.0,289.0,5.654511626578645,1.0,5.0,7.0,4.0,18.0
4999.0,delete,6.282420137045764,3977.0,136.0,5.618276795591594,2.0,6.0,3.0,3.0,18.0
5000.0,delete,5.3828753447964885,3978.0,324.0,5.83534571213272,1.0,4.0,8.0,3.0,20.0
