budget,expandedBy,objectiveValue,epoch,treeDepth,parentValue,H,Rx,Ry,Rz,Cx
0.0,,0.9346645654712499,0.0,0.0,0.0,4.0,0.0,0.0,0.0,0.0
1.0,add,0.9318978893120227,1.0,1.0,0.9346645654712499,4.0,0.0,0.0,1.0,0.0
2.0,delete,0.2865047968601896,1.0,1.0,0.9346645654712499,3.0,0.0,0.0,0.0,0.0
3.0,swap,0.2865047968601901,1.0,1.0,0.9346645654712499,3.0,1.0,0.0,0.0,0.0
4.0,add,0.9318978893120227,2.0,2.0,0.9318978893120227,4.0,0.0,0.0,1.0,0.0
5.0,add,0.44914859687323216,2.0,2.0,0.9318978893120227,4.0,0.0,1.0,1.0,0.0
6.0,delete,0.26699321547178084,2.0,2.0,0.9318978893120227,3.0,0.0,0.0,1.0,0.0
7.0,swap,0.9291595560712466,2.0,2.0,0.9318978893120227,4.0,0.0,0.0,1.0,0.0
8.0,add,0.9346645654712504,3.0,1.0,0.701819429408061,4.0,1.0,0.0,0.0,0.0
9.0,add,0.5378810922930235,4.0,3.0,0.44914859687323216,4.0,0.0,1.0,1.0,0.0
10.0,add,0.44914859687323216,4.0,3.0,0.44914859687323216,4.0,0.0,1.0,1.0,1.0
11.0,delete,0.1286832275072047,4.0,3.0,0.44914859687323216,3.0,0.0,1.0,1.0,0.0
12.0,swap,0.1990122678486126,4.0,3.0,0.44914859687323216,3.0,1.0,1.0,1.0,0.0
13.0,add,0.9318978893120227,5.0,2.0,0.352774756279061,4.0,0.0,0.0,1.0,1.0
14.0,add,0.9346645654712499,6.0,1.0,0.6082167987586955,4.0,0.0,0.0,0.0,1.0
15.0,add,0.44914859687323216,7.0,4.0,0.44914859687323216,4.0,0.0,1.0,1.0,1.0
16.0,add,0.44914859687323166,7.0,4.0,0.44914859687323216,4.0,1.0,1.0,1.0,1.0
17.0,delete,0.20345675527889412,7.0,4.0,0.44914859687323216,3.0,0.0,1.0,1.0,1.0
18.0,swap,0.023572632568703174,7.0,4.0,0.44914859687323216,3.0,0.0,1.0,1.0,2.0
19.0,add,0.44914859687323216,8.0,3.0,0.31489503569345867,4.0,0.0,1.0,1.0,1.0
20.0,add,0.9712503651151604,9.0,2.0,0.3882042590158747,4.0,0.0,1.0,1.0,0.0
21.0,add,0.44914859687323144,10.0,5.0,0.44914859687323166,4.0,1.0,1.0,1.0,1.0
22.0,add,0.44426163020360626,10.0,5.0,0.44914859687323166,4.0,1.0,1.0,2.0,1.0
23.0,delete,0.04034650731855329,10.0,5.0,0.44914859687323166,3.0,1.0,1.0,1.0,1.0
24.0,swap,0.039981838055874366,10.0,5.0,0.44914859687323166,3.0,1.0,1.0,1.0,2.0
25.0,add,0.44914859687323216,11.0,4.0,0.2845774338648994,4.0,0.0,1.0,1.0,2.0
26.0,add,0.446553569695492,12.0,3.0,0.31331917678772936,4.0,0.0,1.0,2.0,0.0
27.0,add,0.6031894864160936,13.0,6.0,0.44426163020360626,4.0,1.0,1.0,2.0,1.0
28.0,add,0.44426163020360626,13.0,6.0,0.44426163020360626,4.0,1.0,1.0,2.0,2.0
29.0,delete,0.9236299142412192,13.0,6.0,0.44426163020360626,4.0,1.0,0.0,2.0,1.0
30.0,swap,0.44914859687323166,13.0,6.0,0.44426163020360626,4.0,2.0,1.0,1.0,1.0
31.0,add,0.44635249630067936,14.0,5.0,0.5728982515875514,4.0,1.0,1.0,2.0,1.0
32.0,add,0.44914859687323166,15.0,4.0,0.4307834445665963,4.0,1.0,1.0,1.0,1.0
33.0,add,0.44426163020360626,16.0,7.0,0.44426163020360626,4.0,1.0,1.0,2.0,2.0
34.0,add,0.44426163020360626,16.0,7.0,0.44426163020360626,4.0,1.0,1.0,2.0,3.0
35.0,delete,0.44426163020360626,16.0,7.0,0.44426163020360626,4.0,1.0,1.0,2.0,1.0
36.0,swap,0.039131829251387876,16.0,7.0,0.44426163020360626,3.0,1.0,2.0,2.0,2.0
37.0,add,0.644068672074408,17.0,6.0,0.3632356700131626,4.0,1.0,2.0,2.0,1.0
38.0,add,0.44914859687323166,18.0,5.0,0.4842571951068228,4.0,1.0,1.0,1.0,2.0
39.0,add,0.44426163020360626,19.0,8.0,0.44426163020360626,4.0,1.0,1.0,2.0,3.0
40.0,add,0.06464518148426988,19.0,8.0,0.44426163020360626,4.0,1.0,2.0,2.0,3.0
41.0,delete,0.44426163020360626,19.0,8.0,0.44426163020360626,4.0,1.0,1.0,2.0,2.0
42.0,swap,0.07239779626057681,19.0,8.0,0.44426163020360626,3.0,1.0,1.0,2.0,4.0
43.0,add,0.10444383262676488,20.0,1.0,0.47116616455723276,4.0,0.0,1.0,0.0,0.0
44.0,add,0.08644600962898798,21.0,7.0,0.29396557367113313,4.0,1.0,2.0,2.0,2.0
45.0,add,0.44426163020360626,22.0,6.0,0.3247508427201153,4.0,1.0,1.0,2.0,2.0
46.0,add,0.06464518148426988,23.0,9.0,0.06464518148426988,4.0,1.0,2.0,2.0,3.0
47.0,add,0.06389360813463182,23.0,9.0,0.06464518148426988,4.0,1.0,2.0,3.0,3.0
48.0,delete,0.06464518148426988,23.0,9.0,0.06464518148426988,4.0,0.0,2.0,2.0,3.0
49.0,swap,0.441695582191635,23.0,9.0,0.06464518148426988,4.0,1.0,1.0,3.0,3.0
50.0,add,0.9260965125738887,24.0,2.0,0.3770739023576784,4.0,0.0,0.0,2.0,0.0
51.0,add,0.44149595263671026,25.0,8.0,0.1399049469558153,4.0,1.0,1.0,3.0,3.0
52.0,add,0.44426163020360626,26.0,7.0,0.2393317621741973,4.0,1.0,1.0,2.0,3.0
53.0,add,0.07634045658492793,27.0,10.0,0.06389360813463182,4.0,1.0,2.0,3.0,3.0
54.0,add,0.06352467405317301,27.0,10.0,0.06389360813463182,4.0,1.0,2.0,4.0,3.0
55.0,delete,0.06464518148426994,27.0,10.0,0.06389360813463182,4.0,1.0,2.0,2.0,3.0
56.0,swap,0.06528061902294788,27.0,10.0,0.06389360813463182,4.0,1.0,2.0,2.0,4.0
57.0,add,0.44635249630067936,28.0,3.0,0.325515779233588,4.0,0.0,1.0,2.0,0.0
58.0,add,0.010815132191179863,29.0,9.0,0.06673690785599011,4.0,1.0,2.0,2.0,4.0
59.0,add,0.44426163020360626,30.0,8.0,0.12923879552293502,4.0,1.0,1.0,2.0,4.0
60.0,add,0.06352467405317301,31.0,11.0,0.06352467405317301,4.0,1.0,2.0,4.0,3.0
61.0,add,0.06442685488316817,31.0,11.0,0.06352467405317301,4.0,2.0,2.0,4.0,3.0
62.0,delete,0.06352467405317301,31.0,11.0,0.06352467405317301,4.0,1.0,2.0,4.0,2.0
63.0,swap,0.09520532970371333,31.0,11.0,0.06352467405317301,4.0,1.0,2.0,3.0,4.0
64.0,add,0.44635249630067936,32.0,4.0,0.2935340179067187,4.0,0.0,1.0,2.0,1.0
65.0,add,0.06389360813463182,33.0,10.0,0.07004124134928011,4.0,1.0,2.0,3.0,4.0
66.0,add,0.06464518148426988,34.0,9.0,0.06318861929990817,4.0,1.0,2.0,2.0,4.0
67.0,add,0.06442685488316817,35.0,12.0,0.06442685488316817,4.0,2.0,2.0,4.0,3.0
68.0,add,0.06366093567217056,35.0,12.0,0.06442685488316817,4.0,2.0,2.0,5.0,3.0
69.0,delete,0.06516051735472837,35.0,12.0,0.06442685488316817,4.0,2.0,2.0,3.0,3.0
70.0,swap,0.1296804480818891,35.0,12.0,0.06442685488316817,4.0,3.0,1.0,4.0,3.0
71.0,add,0.446553569695492,36.0,5.0,0.2578976382253063,4.0,1.0,1.0,2.0,1.0
72.0,add,0.014068125152509563,37.0,11.0,0.07747112217502487,4.0,1.0,3.0,4.0,3.0
73.0,add,0.06349584900651398,38.0,10.0,0.06828151782049982,4.0,1.0,2.0,4.0,3.0
74.0,add,0.06380234677958145,39.0,13.0,0.06366093567217056,4.0,2.0,2.0,5.0,3.0
75.0,add,0.06366093567217061,39.0,13.0,0.06366093567217056,4.0,3.0,2.0,5.0,3.0
76.0,delete,0.3583622170589304,39.0,13.0,0.06366093567217056,3.0,2.0,2.0,5.0,3.0
77.0,swap,0.011862566575714703,39.0,13.0,0.06366093567217056,3.0,2.0,3.0,5.0,3.0
78.0,add,0.444261630203607,40.0,6.0,0.18938567120874025,4.0,2.0,1.0,2.0,1.0
79.0,add,0.017030588646844622,41.0,12.0,0.11226980035171355,4.0,2.0,3.0,4.0,3.0
80.0,add,0.41684758564146285,42.0,11.0,0.08328567188735234,4.0,1.0,3.0,4.0,3.0
81.0,add,0.06366093567217058,43.0,14.0,0.06366093567217061,4.0,3.0,2.0,5.0,3.0
82.0,add,0.06259102832628159,43.0,14.0,0.06366093567217061,4.0,4.0,2.0,5.0,3.0
83.0,delete,0.02757259205719962,43.0,14.0,0.06366093567217061,3.0,3.0,2.0,5.0,3.0
84.0,swap,0.12698144085697993,43.0,14.0,0.06366093567217061,4.0,3.0,1.0,5.0,4.0
85.0,add,0.04528657590934404,44.0,7.0,0.14574659993525815,4.0,1.0,2.0,2.0,2.0
86.0,add,0.06366093567217058,45.0,13.0,0.06889338651696046,4.0,3.0,2.0,5.0,3.0
87.0,add,0.06442685488316817,46.0,12.0,0.08389513845365587,4.0,2.0,2.0,4.0,4.0
88.0,add,0.06259102832628159,47.0,15.0,0.06259102832628159,4.0,4.0,2.0,5.0,3.0
89.0,add,0.06227489191051636,47.0,15.0,0.06259102832628159,4.0,4.0,3.0,5.0,3.0
90.0,delete,0.06259102832628162,47.0,15.0,0.06259102832628159,4.0,3.0,2.0,5.0,3.0
91.0,swap,0.06311366488187511,47.0,15.0,0.06259102832628159,4.0,4.0,2.0,5.0,3.0
92.0,add,0.441695582191635,48.0,8.0,0.10681580186766575,4.0,1.0,1.0,3.0,3.0
93.0,add,0.06366093567217058,49.0,14.0,0.06263232835424726,4.0,4.0,2.0,5.0,3.0
94.0,add,0.06366093567217064,50.0,13.0,0.06566903794309983,4.0,3.0,2.0,5.0,3.0
95.0,add,0.06227489191051636,51.0,16.0,0.06227489191051636,4.0,4.0,3.0,5.0,3.0
96.0,add,0.06436534299702071,51.0,16.0,0.06227489191051636,4.0,5.0,3.0,5.0,3.0
97.0,delete,0.06227489191051642,51.0,16.0,0.06227489191051636,4.0,3.0,3.0,5.0,3.0
98.0,swap,0.0643042667770995,51.0,16.0,0.06227489191051636,4.0,5.0,3.0,4.0,3.0
99.0,add,0.0594553802393832,52.0,9.0,0.0782946157540341,4.0,1.0,3.0,2.0,3.0
100.0,add,0.010564536458487492,53.0,15.0,0.06309885710113387,4.0,4.0,2.0,5.0,4.0
101.0,add,0.06366093567217061,54.0,14.0,0.05823695522700431,4.0,4.0,2.0,5.0,3.0
102.0,add,0.06469056534386904,55.0,17.0,0.06436534299702071,4.0,5.0,3.0,5.0,3.0
103.0,add,0.06436515760217694,55.0,17.0,0.06436534299702071,4.0,5.0,3.0,5.0,4.0
104.0,delete,0.06436534299702071,55.0,17.0,0.06436534299702071,4.0,4.0,3.0,5.0,3.0
105.0,swap,0.012911677029711075,55.0,17.0,0.06436534299702071,3.0,5.0,4.0,5.0,3.0
106.0,add,0.9288459652466221,56.0,1.0,0.27234175050128423,4.0,0.0,0.0,1.0,0.0
107.0,add,0.06389360813463185,57.0,10.0,0.0766680666590643,4.0,2.0,2.0,3.0,3.0
108.0,add,0.062446039165481394,58.0,16.0,0.054139617193959697,4.0,4.0,3.0,5.0,4.0
109.0,add,0.06259102832628151,59.0,15.0,0.054076145827492365,4.0,5.0,2.0,5.0,3.0
110.0,add,0.06436515760217697,60.0,18.0,0.06436515760217694,4.0,5.0,3.0,5.0,4.0
111.0,add,0.06407719301807077,60.0,18.0,0.06436515760217694,4.0,5.0,3.0,5.0,5.0
112.0,delete,0.06081032985472502,60.0,18.0,0.06436515760217694,4.0,4.0,3.0,5.0,4.0
113.0,swap,0.021764346860117974,60.0,18.0,0.06436515760217694,4.0,4.0,4.0,5.0,4.0
114.0,add,0.9264095979537544,61.0,2.0,0.2273536552510429,4.0,0.0,0.0,2.0,0.0
115.0,add,0.04771531259367318,62.0,11.0,0.07474019880462618,4.0,1.0,3.0,4.0,3.0
116.0,add,0.2495027363257034,63.0,17.0,0.055076436987453535,4.0,5.0,4.0,5.0,3.0
117.0,add,0.018278768887878927,64.0,16.0,0.07215126261782491,4.0,4.0,4.0,5.0,3.0
118.0,add,0.06407719301807077,65.0,19.0,0.06407719301807077,4.0,5.0,3.0,5.0,5.0
119.0,delete,0.06199185460581428,65.0,19.0,0.06407719301807077,4.0,4.0,3.0,5.0,5.0
120.0,swap,0.08176520847016244,65.0,19.0,0.06407719301807077,4.0,5.0,4.0,4.0,5.0
121.0,add,0.4442616302036065,66.0,3.0,0.19408615307093713,4.0,0.0,1.0,2.0,0.0
122.0,add,0.06442685488316821,67.0,12.0,0.06950290583322437,4.0,3.0,2.0,4.0,3.0
123.0,add,0.07083238514456573,68.0,18.0,0.06797786227802957,4.0,5.0,3.0,6.0,4.0
124.0,delete,0.06199185460581428,69.0,20.0,0.06199185460581428,4.0,4.0,3.0,5.0,5.0
125.0,add,0.06835173988023112,69.0,20.0,0.06199185460581428,4.0,4.0,4.0,5.0,5.0
126.0,delete,0.009911642295884234,69.0,20.0,0.06199185460581428,3.0,4.0,3.0,5.0,5.0
127.0,swap,0.0128587851264883,69.0,20.0,0.06199185460581428,3.0,4.0,3.0,6.0,5.0
128.0,add,0.011043430388874351,70.0,17.0,0.06833325602928587,4.0,5.0,3.0,5.0,4.0
129.0,add,0.44635249630068013,71.0,4.0,0.17283159863820735,4.0,0.0,1.0,2.0,1.0
130.0,add,0.06326462500812464,72.0,13.0,0.060678401418492296,4.0,2.0,2.0,6.0,3.0
131.0,delete,0.012228966862648424,73.0,19.0,0.043021175302846444,3.0,5.0,3.0,5.0,5.0
132.0,add,0.06828772616726735,74.0,21.0,0.06835173988023112,4.0,4.0,4.0,5.0,5.0
133.0,add,0.06687059825761382,74.0,21.0,0.06835173988023112,4.0,5.0,4.0,5.0,5.0
134.0,delete,0.06835173988023112,74.0,21.0,0.06835173988023112,4.0,4.0,4.0,5.0,4.0
135.0,swap,0.06985890399873776,74.0,21.0,0.06835173988023112,4.0,4.0,3.0,6.0,5.0
136.0,add,0.06359474326804256,75.0,18.0,0.05581827080940003,4.0,5.0,3.0,6.0,4.0
137.0,add,0.44914859687323166,76.0,5.0,0.15409808956246845,4.0,1.0,1.0,1.0,2.0
138.0,add,0.06038518216384837,77.0,14.0,0.059139809183407145,4.0,3.0,2.0,5.0,4.0
139.0,add,0.06390145956952921,78.0,20.0,0.06834414163681624,4.0,5.0,3.0,5.0,5.0
140.0,delete,0.017469135633435957,79.0,19.0,0.05132775193184181,3.0,5.0,3.0,5.0,5.0
141.0,add,0.06687059825761382,80.0,22.0,0.06687059825761382,4.0,5.0,4.0,5.0,5.0
142.0,delete,0.06687059825761382,80.0,22.0,0.06687059825761382,4.0,5.0,4.0,5.0,4.0
143.0,swap,0.06687059825761382,80.0,22.0,0.06687059825761382,4.0,5.0,4.0,5.0,5.0
144.0,add,0.06792734338776235,81.0,21.0,0.06687059825761382,4.0,4.0,4.0,5.0,6.0
145.0,add,0.44426163020360626,82.0,6.0,0.12123544863034942,4.0,1.0,1.0,2.0,2.0
146.0,add,0.061785363525919776,83.0,15.0,0.05841419667465095,4.0,4.0,2.0,6.0,3.0
147.0,delete,0.05657019752890747,84.0,23.0,0.06687059825761382,4.0,5.0,4.0,5.0,4.0
148.0,delete,0.06891677549762582,84.0,23.0,0.06687059825761382,4.0,5.0,4.0,4.0,4.0
149.0,swap,0.008796577623686862,84.0,23.0,0.06687059825761382,4.0,5.0,4.0,5.0,4.0
150.0,add,0.06160694669121793,85.0,20.0,0.06218806588957188,4.0,4.0,3.0,5.0,6.0
151.0,delete,0.06687059825761382,86.0,22.0,0.05028853722695849,4.0,5.0,4.0,5.0,4.0
152.0,delete,0.06891677549762591,87.0,24.0,0.06891677549762582,4.0,5.0,4.0,4.0,4.0
153.0,add,0.0685205246673538,87.0,24.0,0.06891677549762582,4.0,5.0,4.0,5.0,4.0
154.0,delete,0.06891677549762582,87.0,24.0,0.06891677549762582,4.0,5.0,4.0,4.0,3.0
155.0,swap,0.10232700944023386,87.0,24.0,0.06891677549762582,3.0,5.0,4.0,4.0,5.0
156.0,add,0.44426163020360626,88.0,7.0,0.09614033002075827,4.0,1.0,1.0,2.0,3.0
157.0,add,0.25899742953675997,89.0,16.0,0.0601264605647586,4.0,4.0,4.0,5.0,3.0
158.0,add,0.012709212464173088,90.0,21.0,0.06501884387914546,4.0,4.0,4.0,5.0,6.0
159.0,delete,0.06687059825761382,91.0,23.0,0.07551957212009305,4.0,5.0,4.0,5.0,3.0
160.0,add,0.06486559882717617,92.0,25.0,0.0685205246673538,4.0,5.0,4.0,5.0,4.0
161.0,delete,0.06918244804870043,92.0,25.0,0.0685205246673538,4.0,5.0,3.0,5.0,4.0
162.0,swap,0.0234542422541447,92.0,25.0,0.0685205246673538,4.0,5.0,5.0,4.0,4.0
163.0,add,0.4414959526367105,93.0,8.0,0.08278497383610438,4.0,1.0,1.0,3.0,3.0
164.0,add,0.06436534299702074,94.0,17.0,0.060374041637821625,4.0,6.0,3.0,5.0,3.0
165.0,delete,0.0695117399145403,95.0,22.0,0.06162143997353249,4.0,4.0,4.0,5.0,5.0
166.0,add,0.06855387533959735,96.0,24.0,0.05650570344934377,4.0,5.0,4.0,5.0,4.0
167.0,delete,0.06918244804870043,97.0,26.0,0.06918244804870043,4.0,5.0,3.0,5.0,4.0
168.0,delete,0.10272147765853826,97.0,26.0,0.06918244804870043,3.0,5.0,3.0,5.0,4.0
169.0,swap,0.3212550717010903,97.0,26.0,0.06918244804870043,4.0,4.0,3.0,5.0,5.0
170.0,add,0.06427179195847335,98.0,9.0,0.07128294119357233,4.0,1.0,2.0,3.0,3.0
171.0,add,0.0643734391000154,99.0,18.0,0.06586772902948446,4.0,5.0,4.0,5.0,4.0
172.0,delete,0.06687059825761377,100.0,23.0,0.08951412467200205,4.0,4.0,4.0,5.0,4.0
173.0,delete,0.062144934571317985,101.0,25.0,0.14058536136425737,4.0,5.0,3.0,5.0,4.0
174.0,delete,0.10272147765853834,102.0,27.0,0.10272147765853826,3.0,5.0,3.0,5.0,4.0
175.0,delete,0.019099161528909052,102.0,27.0,0.10272147765853826,2.0,5.0,3.0,5.0,4.0
176.0,swap,0.02530020561131769,102.0,27.0,0.10272147765853826,3.0,5.0,4.0,5.0,3.0
177.0,add,0.03626266132231508,103.0,10.0,0.07134879608356913,4.0,1.0,3.0,3.0,3.0
178.0,delete,0.06407719301807077,104.0,19.0,0.06416247039720407,4.0,5.0,3.0,5.0,4.0
179.0,add,0.010377692510845705,105.0,24.0,0.0830834554929487,4.0,5.0,5.0,4.0,4.0
180.0,delete,0.02702555845876965,106.0,26.0,0.062460580614325835,3.0,5.0,3.0,5.0,4.0
181.0,delete,0.021188546667731775,107.0,28.0,0.019099161528909052,2.0,5.0,3.0,5.0,4.0
182.0,add,0.01929610401446434,107.0,28.0,0.019099161528909052,2.0,5.0,3.0,5.0,5.0
183.0,delete,0.05141623010313015,107.0,28.0,0.019099161528909052,2.0,4.0,3.0,5.0,4.0
184.0,swap,0.00829676867625311,107.0,28.0,0.019099161528909052,1.0,6.0,3.0,5.0,4.0
185.0,add,0.06243421686306714,108.0,11.0,0.06864894977288538,4.0,1.0,2.0,5.0,3.0
186.0,add,0.06234838928726024,109.0,20.0,0.0631911869297318,4.0,4.0,3.0,6.0,5.0
187.0,delete,0.06937395866042669,110.0,25.0,0.0691408025190355,4.0,5.0,4.0,4.0,4.0
188.0,delete,0.04012730653124345,111.0,27.0,0.023859362198097686,2.0,5.0,3.0,5.0,4.0
189.0,add,0.01929610401446434,112.0,29.0,0.01929610401446434,2.0,5.0,3.0,5.0,5.0
190.0,delete,0.01929610401446434,112.0,29.0,0.01929610401446434,2.0,5.0,3.0,5.0,4.0
191.0,swap,0.15771112952448374,112.0,29.0,0.01929610401446434,2.0,4.0,4.0,5.0,5.0
192.0,add,0.017973026899040588,113.0,21.0,0.06238701445505487,4.0,4.0,5.0,5.0,5.0
193.0,add,0.06442685488316817,114.0,12.0,0.06456856075661851,4.0,2.0,2.0,4.0,4.0
194.0,delete,0.06274526834612083,115.0,26.0,0.047192013420177564,4.0,5.0,2.0,5.0,4.0
195.0,add,0.019099161528909052,116.0,28.0,0.05389986039196919,2.0,5.0,3.0,5.0,5.0
196.0,delete,0.01933055031610978,117.0,30.0,0.01929610401446434,2.0,5.0,3.0,5.0,4.0
197.0,add,0.01012349648481765,117.0,30.0,0.01929610401446434,2.0,5.0,4.0,5.0,4.0
198.0,delete,0.09827615382855073,117.0,30.0,0.01929610401446434,2.0,5.0,2.0,5.0,4.0
199.0,swap,0.009102428109389125,117.0,30.0,0.01929610401446434,2.0,5.0,4.0,4.0,4.0
200.0,delete,0.06774660377651935,118.0,22.0,0.05926305679340652,4.0,5.0,4.0,4.0,5.0
201.0,add,0.036325999854703306,119.0,13.0,0.061067102892803225,4.0,2.0,3.0,5.0,3.0
202.0,delete,0.10605091387223227,120.0,27.0,0.03654708895306576,3.0,5.0,3.0,4.0,4.0
203.0,delete,0.04175334566512731,121.0,29.0,0.031225746550666327,2.0,5.0,2.0,5.0,5.0
204.0,add,0.010123496484817642,122.0,31.0,0.01012349648481765,2.0,5.0,4.0,5.0,4.0
205.0,add,0.01184010478305982,122.0,31.0,0.01012349648481765,2.0,5.0,5.0,5.0,4.0
206.0,delete,0.009470420640740789,122.0,31.0,0.01012349648481765,2.0,5.0,4.0,4.0,4.0
207.0,swap,0.018085774120446506,122.0,31.0,0.01012349648481765,2.0,4.0,5.0,5.0,4.0
208.0,delete,0.06687059825761382,123.0,23.0,0.05607869794439811,4.0,5.0,4.0,5.0,3.0
209.0,add,0.06366093567217056,124.0,14.0,0.059025262238029216,4.0,4.0,2.0,5.0,3.0
210.0,add,0.06799822360091046,125.0,28.0,0.033057455252131794,2.0,5.0,4.0,5.0,4.0
211.0,add,0.01916792360364168,126.0,30.0,0.011928658502776482,2.0,5.0,3.0,6.0,4.0
212.0,delete,0.01929610401446434,127.0,29.0,0.024233618004651403,2.0,4.0,3.0,5.0,5.0
213.0,add,0.01198632067717877,128.0,32.0,0.01184010478305982,2.0,5.0,5.0,5.0,4.0
214.0,delete,0.03187436008902887,128.0,32.0,0.01184010478305982,2.0,4.0,5.0,5.0,4.0
215.0,swap,0.011840104783059833,128.0,32.0,0.01184010478305982,2.0,6.0,5.0,5.0,3.0
216.0,add,0.06891677549762579,129.0,24.0,0.04923344195220166,4.0,6.0,4.0,4.0,4.0
217.0,add,0.9346645654712499,130.0,1.0,0.1798316683964041,4.0,0.0,0.0,0.0,1.0
218.0,add,0.0629524325530588,131.0,15.0,0.05699081134486256,4.0,4.0,2.0,6.0,3.0
219.0,add,0.010123496484817642,132.0,31.0,0.016885222583081824,2.0,6.0,4.0,5.0,4.0
220.0,delete,0.03187436008902887,133.0,33.0,0.03187436008902887,2.0,4.0,5.0,5.0,4.0
221.0,delete,0.011015250309141411,133.0,33.0,0.03187436008902887,2.0,4.0,4.0,5.0,4.0
222.0,swap,0.0407121901221506,133.0,33.0,0.03187436008902887,2.0,5.0,4.0,5.0,4.0
223.0,delete,0.01967227919230817,134.0,25.0,0.04691311208615721,3.0,5.0,4.0,5.0,4.0
224.0,add,0.019296104014464358,135.0,30.0,0.017556715282456163,2.0,6.0,3.0,5.0,4.0
225.0,delete,0.011840104783059843,136.0,32.0,0.02886904015233744,2.0,4.0,5.0,5.0,4.0
226.0,add,0.9318978893120227,137.0,2.0,0.1529387653055866,4.0,0.0,0.0,1.0,1.0
227.0,add,0.0626344707472984,138.0,16.0,0.0546228105034472,4.0,4.0,3.0,6.0,3.0
228.0,delete,0.011015250309141411,139.0,34.0,0.011015250309141411,2.0,4.0,4.0,5.0,4.0
229.0,delete,0.011015250309141422,139.0,34.0,0.011015250309141411,2.0,3.0,4.0,5.0,4.0
230.0,swap,0.012779886327063493,139.0,34.0,0.011015250309141411,1.0,4.0,4.0,6.0,4.0
231.0,delete,0.07004181475886508,140.0,26.0,0.03378330545397307,4.0,5.0,3.0,4.0,4.0
232.0,add,0.04035195542789279,141.0,31.0,0.017326389922156,2.0,5.0,4.0,5.0,5.0
233.0,delete,0.03187436008902886,142.0,33.0,0.011456409313621935,2.0,3.0,5.0,5.0,4.0
234.0,delete,0.011015250309141422,143.0,35.0,0.011015250309141422,2.0,3.0,4.0,5.0,4.0
235.0,delete,0.011863839712416686,143.0,35.0,0.011015250309141422,2.0,3.0,4.0,4.0,4.0
236.0,swap,0.0110152503091414,143.0,35.0,0.011015250309141422,2.0,3.0,4.0,6.0,3.0
237.0,add,0.775412741828608,144.0,3.0,0.12931538682508223,4.0,0.0,2.0,1.0,0.0
238.0,add,0.06413705493608643,145.0,17.0,0.05035042656678563,4.0,5.0,3.0,6.0,3.0
239.0,delete,0.1039974576333512,146.0,27.0,0.02842347215683148,3.0,5.0,3.0,4.0,4.0
240.0,delete,0.04071219012215058,147.0,32.0,0.018991279396457023,2.0,5.0,4.0,5.0,4.0
241.0,delete,0.011015250309141411,148.0,34.0,0.011227397659960232,2.0,4.0,4.0,5.0,3.0
242.0,delete,0.011863839712416675,149.0,36.0,0.011863839712416686,2.0,3.0,4.0,4.0,4.0
243.0,add,0.00881296809442126,149.0,36.0,0.011863839712416686,2.0,3.0,5.0,4.0,4.0
244.0,delete,0.0069651501814640936,149.0,36.0,0.011863839712416686,1.0,3.0,4.0,4.0,4.0
245.0,swap,0.0069651501814640936,149.0,36.0,0.011863839712416686,1.0,4.0,4.0,4.0,4.0
246.0,add,0.0887671104530315,150.0,4.0,0.11701365620704254,4.0,0.0,2.0,1.0,1.0
247.0,add,0.06436534299702071,151.0,18.0,0.047024614111051126,4.0,5.0,3.0,5.0,5.0
248.0,add,0.008413801416168935,152.0,28.0,0.024427362687370432,2.0,5.0,3.0,5.0,5.0
249.0,delete,0.03187436008902887,153.0,33.0,0.012093592011778741,2.0,4.0,5.0,5.0,3.0
250.0,delete,0.007855971615426192,154.0,35.0,0.009294189576436563,2.0,3.0,3.0,5.0,4.0
251.0,add,0.008622950862309395,155.0,37.0,0.00881296809442126,2.0,3.0,5.0,4.0,4.0
252.0,add,0.008378570459038817,155.0,37.0,0.00881296809442126,2.0,3.0,5.0,4.0,5.0
253.0,delete,0.00881296809442126,155.0,37.0,0.00881296809442126,2.0,3.0,5.0,4.0,3.0
254.0,swap,0.009757981691096278,155.0,37.0,0.00881296809442126,2.0,3.0,4.0,5.0,4.0
255.0,add,0.44914859687323266,156.0,5.0,0.10487687019665273,4.0,2.0,1.0,1.0,1.0
256.0,delete,0.06402861056393655,157.0,19.0,0.043481488664360766,4.0,4.0,3.0,5.0,5.0
257.0,delete,0.01805129502623183,158.0,29.0,0.018756014332266004,2.0,5.0,3.0,4.0,5.0
258.0,delete,0.0110152503091414,159.0,34.0,0.009568599417217173,2.0,3.0,4.0,5.0,4.0
259.0,add,0.013604597319161867,160.0,36.0,0.0088770878402574,2.0,3.0,4.0,4.0,5.0
260.0,delete,0.011863839712416686,161.0,35.0,0.00940945344760333,2.0,3.0,4.0,4.0,4.0
261.0,add,0.06822061942898824,162.0,20.0,0.042936880980163496,4.0,4.0,3.0,6.0,5.0
262.0,add,0.441695582191635,163.0,6.0,0.08705025835214997,4.0,1.0,1.0,3.0,1.0
263.0,add,0.008378570459038817,164.0,38.0,0.008378570459038817,2.0,3.0,5.0,4.0,5.0
264.0,add,0.013171947981435598,164.0,38.0,0.008378570459038817,2.0,3.0,6.0,4.0,5.0
265.0,delete,0.00881296809442126,164.0,38.0,0.008378570459038817,2.0,3.0,5.0,4.0,4.0
266.0,swap,0.06499097329874141,164.0,38.0,0.008378570459038817,2.0,3.0,6.0,3.0,5.0
267.0,add,0.011347073747592704,165.0,30.0,0.016518572591646605,2.0,5.0,4.0,5.0,4.0
268.0,add,0.008182599552902464,166.0,37.0,0.020746606058535184,2.0,3.0,5.0,5.0,4.0
269.0,add,0.011894341775835909,167.0,36.0,0.014684281446089858,2.0,4.0,4.0,4.0,4.0
270.0,add,0.06850778072834131,168.0,21.0,0.039643464994236946,4.0,4.0,4.0,5.0,6.0
271.0,add,0.44426163020360626,169.0,7.0,0.07231435168435027,4.0,1.0,1.0,2.0,3.0
272.0,add,0.013171947981435598,170.0,39.0,0.013171947981435598,2.0,3.0,6.0,4.0,5.0
273.0,add,0.007303709254394797,170.0,39.0,0.013171947981435598,2.0,3.0,6.0,4.0,6.0
274.0,delete,0.015436618067077492,170.0,39.0,0.013171947981435598,2.0,3.0,5.0,4.0,5.0
275.0,swap,0.013162160308643419,170.0,39.0,0.013171947981435598,2.0,2.0,6.0,5.0,5.0
276.0,add,0.011053835620835896,171.0,31.0,0.016111052629536163,2.0,5.0,4.0,6.0,4.0
277.0,add,0.008378570459038817,172.0,38.0,0.012449276718597382,2.0,4.0,5.0,4.0,5.0
278.0,delete,0.0677466037765193,173.0,22.0,0.0373815577801939,4.0,5.0,4.0,4.0,5.0
279.0,add,0.07238684051885555,174.0,37.0,0.015397148719651681,2.0,3.0,5.0,4.0,5.0
280.0,add,0.44426163020360626,175.0,8.0,0.06195548137205992,4.0,1.0,1.0,2.0,4.0
281.0,delete,0.01099321307715976,176.0,32.0,0.017212503570830883,2.0,5.0,5.0,4.0,4.0
282.0,add,0.007303709254394797,177.0,40.0,0.007303709254394797,2.0,3.0,6.0,4.0,6.0
283.0,delete,0.007303709254394797,177.0,40.0,0.007303709254394797,2.0,3.0,6.0,4.0,5.0
284.0,swap,0.007662580631457086,177.0,40.0,0.007303709254394797,2.0,2.0,6.0,5.0,6.0
285.0,add,0.008098658082605166,178.0,39.0,0.00739342709866037,2.0,3.0,6.0,4.0,6.0
286.0,delete,0.06915874719114859,179.0,23.0,0.03519903224548787,4.0,5.0,4.0,4.0,4.0
287.0,delete,0.0074173989910304335,180.0,41.0,0.007303709254394797,2.0,3.0,6.0,4.0,5.0
288.0,delete,0.007303709254394797,180.0,41.0,0.007303709254394797,2.0,3.0,6.0,4.0,4.0
289.0,swap,0.01006792522769726,180.0,41.0,0.007303709254394797,2.0,4.0,5.0,4.0,5.0
290.0,add,0.06424274356011911,181.0,9.0,0.051112569396613974,4.0,1.0,2.0,3.0,3.0
291.0,delete,0.04071219012215063,182.0,33.0,0.01388858840860878,2.0,4.0,4.0,5.0,4.0
292.0,add,0.04428970438103075,183.0,38.0,0.009675588057538468,2.0,3.0,5.0,4.0,6.0
293.0,delete,0.01006792522769727,184.0,40.0,0.008023185681879322,2.0,3.0,5.0,4.0,6.0
294.0,delete,0.007601991394959984,185.0,42.0,0.007303709254394797,2.0,3.0,6.0,4.0,4.0
295.0,add,0.007320372759483311,185.0,42.0,0.007303709254394797,2.0,3.0,6.0,5.0,4.0
296.0,delete,0.016128293170493285,185.0,42.0,0.007303709254394797,2.0,3.0,5.0,4.0,4.0
297.0,swap,0.007409757329254658,185.0,42.0,0.007303709254394797,2.0,2.0,6.0,5.0,4.0
298.0,add,0.03891299335644687,186.0,10.0,0.04978217431568685,4.0,1.0,3.0,3.0,3.0
299.0,add,0.2127800056816675,187.0,24.0,0.03084696596373336,4.0,5.0,5.0,4.0,4.0
300.0,delete,0.014239994226236747,188.0,34.0,0.013421215759344643,2.0,4.0,3.0,5.0,4.0
301.0,add,0.013171947981435585,189.0,39.0,0.008537672294789049,2.0,4.0,6.0,4.0,5.0
302.0,delete,0.010782960070020924,190.0,41.0,0.009152824781717205,1.0,3.0,6.0,4.0,5.0
303.0,delete,0.012731831925525638,191.0,25.0,0.029141545287970114,3.0,5.0,4.0,5.0,4.0
304.0,delete,0.012821733336189085,192.0,35.0,0.01365563380508268,1.0,3.0,4.0,5.0,4.0
305.0,add,0.007491308682099921,193.0,43.0,0.007320372759483311,2.0,3.0,6.0,5.0,4.0
306.0,add,0.010062447394177557,193.0,43.0,0.007320372759483311,2.0,3.0,6.0,5.0,5.0
307.0,delete,0.0073023761637467976,193.0,43.0,0.007320372759483311,2.0,3.0,6.0,4.0,4.0
308.0,swap,0.007320372759483304,193.0,43.0,0.007320372759483311,2.0,2.0,6.0,5.0,5.0
309.0,add,0.06389259435867199,194.0,11.0,0.04837391297831597,4.0,1.0,2.0,4.0,4.0
310.0,delete,0.010782960070020924,195.0,40.0,0.008827181977066735,1.0,3.0,6.0,4.0,6.0
311.0,delete,0.06918244804870043,196.0,26.0,0.02370007527015809,4.0,5.0,3.0,5.0,3.0
312.0,add,0.03126494410007888,197.0,42.0,0.007899375551798178,2.0,3.0,6.0,4.0,5.0
313.0,add,0.011899749553794678,198.0,36.0,0.014087598370569934,2.0,3.0,4.0,5.0,4.0
314.0,delete,0.007303709254394797,199.0,41.0,0.010908048461653946,2.0,2.0,6.0,4.0,5.0
315.0,add,0.010367669692646311,200.0,44.0,0.010062447394177557,2.0,3.0,6.0,5.0,5.0
316.0,add,0.018760617992122572,200.0,44.0,0.010062447394177557,2.0,3.0,6.0,5.0,6.0
317.0,delete,0.010369463373318781,200.0,44.0,0.010062447394177557,2.0,3.0,6.0,4.0,5.0
318.0,swap,0.007840186799509517,200.0,44.0,0.010062447394177557,2.0,3.0,7.0,4.0,5.0
319.0,add,0.06566543510224333,201.0,12.0,0.04498514763477958,4.0,2.0,3.0,4.0,3.0
320.0,delete,0.2765331411973568,202.0,27.0,0.02062774966825088,3.0,4.0,3.0,5.0,4.0
321.0,add,0.008420056519120681,203.0,43.0,0.011480077050354948,2.0,4.0,6.0,5.0,4.0
322.0,add,0.04178168042306623,204.0,37.0,0.014127493134515237,2.0,3.0,6.0,4.0,4.0
323.0,add,0.0077454273484064175,205.0,42.0,0.011501801475980693,2.0,3.0,6.0,5.0,4.0
324.0,add,0.01904105202738138,206.0,45.0,0.018760617992122572,2.0,3.0,6.0,5.0,6.0
325.0,add,0.01873998156502065,206.0,45.0,0.018760617992122572,2.0,3.0,6.0,6.0,6.0
326.0,delete,0.017977463321428657,206.0,45.0,0.018760617992122572,2.0,3.0,5.0,5.0,6.0
327.0,swap,0.036070717757606036,206.0,45.0,0.018760617992122572,2.0,3.0,7.0,5.0,5.0
328.0,add,0.06265492875228117,207.0,13.0,0.04368703842176872,4.0,2.0,2.0,6.0,3.0
329.0,add,0.019099161528909052,208.0,28.0,0.018682118541543877,2.0,6.0,3.0,5.0,4.0
330.0,add,0.010074054624570875,209.0,44.0,0.022117966532711857,2.0,3.0,6.0,6.0,5.0
331.0,add,0.020959632537089108,210.0,38.0,0.012551036064295128,2.0,3.0,5.0,4.0,6.0
332.0,add,0.015173630411206361,211.0,43.0,0.015247610096991182,2.0,3.0,7.0,5.0,4.0
333.0,add,0.018562509095607357,212.0,46.0,0.01873998156502065,2.0,3.0,6.0,6.0,6.0
334.0,delete,0.03113100926897621,212.0,46.0,0.01873998156502065,2.0,3.0,6.0,6.0,5.0
335.0,swap,0.0070806491781967296,212.0,46.0,0.01873998156502065,1.0,3.0,6.0,7.0,6.0
336.0,add,0.06287075345899448,213.0,14.0,0.04209897955417908,4.0,3.0,2.0,6.0,3.0
337.0,delete,0.019099161528909052,214.0,29.0,0.016848788065973442,2.0,5.0,3.0,5.0,4.0
338.0,add,0.00798297225068494,215.0,45.0,0.018878537276950234,2.0,3.0,6.0,5.0,7.0
339.0,delete,0.03113100926897621,216.0,47.0,0.03113100926897621,2.0,3.0,6.0,6.0,5.0
340.0,delete,0.03113100926897624,216.0,47.0,0.03113100926897621,2.0,2.0,6.0,6.0,5.0
341.0,swap,0.04386232350964224,216.0,47.0,0.03113100926897621,2.0,4.0,6.0,6.0,4.0
342.0,add,0.013140608358984063,217.0,39.0,0.013852062672710113,2.0,3.0,6.0,5.0,5.0
343.0,add,0.059187074966544385,218.0,15.0,0.04082930807872792,4.0,4.0,2.0,5.0,4.0
344.0,add,0.026491249736176243,219.0,44.0,0.022426566856091547,2.0,3.0,6.0,5.0,6.0
345.0,add,0.019296104014464358,220.0,30.0,0.016314297668768303,2.0,6.0,3.0,5.0,4.0
346.0,delete,0.01873998156502066,221.0,46.0,0.034313837829142727,2.0,3.0,6.0,5.0,6.0
347.0,delete,0.03113100926897624,222.0,48.0,0.03113100926897624,2.0,2.0,6.0,6.0,5.0
348.0,delete,0.03085424812906998,222.0,48.0,0.03113100926897624,2.0,2.0,6.0,6.0,4.0
349.0,swap,0.011367075312866636,222.0,48.0,0.03113100926897624,2.0,2.0,5.0,6.0,6.0
350.0,delete,0.015436618067077492,223.0,40.0,0.015682378741193582,2.0,3.0,5.0,4.0,6.0
351.0,add,0.025896641037921882,224.0,45.0,0.023476148140167838,2.0,3.0,6.0,5.0,7.0
352.0,add,0.06227489191051642,225.0,16.0,0.039568516600967094,4.0,5.0,3.0,5.0,3.0
353.0,delete,0.03188936458297158,226.0,47.0,0.026120835494972273,2.0,3.0,5.0,6.0,5.0
354.0,add,0.010056247990644251,227.0,31.0,0.01697802952040932,2.0,5.0,4.0,6.0,4.0
355.0,delete,0.03085424812906998,228.0,49.0,0.03085424812906998,2.0,2.0,6.0,6.0,4.0
356.0,add,0.030595021215245818,228.0,49.0,0.03085424812906998,2.0,2.0,6.0,7.0,4.0
357.0,delete,0.030854248129069995,228.0,49.0,0.03085424812906998,2.0,2.0,6.0,5.0,4.0
358.0,swap,0.029294062745955973,228.0,49.0,0.03085424812906998,2.0,2.0,5.0,7.0,4.0
359.0,delete,0.007087463208927249,229.0,41.0,0.01849336179662694,2.0,3.0,6.0,3.0,5.0
360.0,delete,0.01786674888552159,230.0,46.0,0.029448816184216756,2.0,3.0,5.0,6.0,6.0
361.0,add,0.06406796954052321,231.0,17.0,0.037605001499015495,4.0,5.0,3.0,5.0,4.0
362.0,delete,0.02028741265673734,232.0,32.0,0.017461911623712703,1.0,5.0,5.0,5.0,4.0
363.0,delete,0.04373135393956196,233.0,48.0,0.03049036566968235,2.0,2.0,6.0,6.0,4.0
364.0,add,0.03135898269590236,234.0,50.0,0.030595021215245818,2.0,2.0,6.0,7.0,4.0
365.0,delete,0.021567882248072334,234.0,50.0,0.030595021215245818,1.0,2.0,6.0,7.0,4.0
366.0,swap,0.04736216830391542,234.0,50.0,0.030595021215245818,2.0,2.0,5.0,7.0,5.0
367.0,add,0.01010994161465812,235.0,42.0,0.021514095391653328,2.0,3.0,6.0,4.0,5.0
368.0,delete,0.017491007896206476,236.0,47.0,0.03092235953612727,2.0,3.0,5.0,6.0,5.0
369.0,delete,0.03187436008902887,237.0,33.0,0.017497352000337595,2.0,4.0,5.0,5.0,3.0
370.0,add,0.06413687006347651,238.0,18.0,0.03584532651246035,4.0,5.0,3.0,6.0,4.0
371.0,add,0.03077023214100564,239.0,49.0,0.032721013615783986,2.0,2.0,7.0,6.0,4.0
372.0,delete,0.01866567527951467,240.0,51.0,0.021567882248072334,1.0,2.0,6.0,7.0,4.0
373.0,delete,0.02352623364418351,240.0,51.0,0.021567882248072334,1.0,2.0,5.0,7.0,4.0
374.0,swap,0.021435240572973902,240.0,51.0,0.021567882248072334,1.0,2.0,6.0,7.0,4.0
375.0,add,0.0075505032387772845,241.0,43.0,0.023138037469459298,2.0,3.0,6.0,5.0,5.0
376.0,delete,0.01873998156502066,242.0,48.0,0.03006689209027243,2.0,2.0,6.0,6.0,4.0
377.0,delete,0.011863839712416686,243.0,34.0,0.017315161502258383,2.0,4.0,4.0,4.0,4.0
378.0,delete,0.0640771930180708,244.0,19.0,0.03425404707852551,4.0,4.0,3.0,5.0,5.0
379.0,delete,0.01813699603464139,245.0,50.0,0.021298757936186102,2.0,2.0,5.0,7.0,4.0
380.0,delete,0.02352623364418351,246.0,52.0,0.02352623364418351,1.0,2.0,5.0,7.0,4.0
381.0,delete,0.010882257551632475,246.0,52.0,0.02352623364418351,1.0,2.0,5.0,7.0,3.0
382.0,swap,0.04847710999697071,246.0,52.0,0.02352623364418351,1.0,2.0,5.0,8.0,3.0
383.0,add,0.010471206140817032,247.0,44.0,0.0252064262405344,2.0,3.0,6.0,5.0,6.0
384.0,add,0.03632545902323123,248.0,49.0,0.02719200277735348,2.0,2.0,7.0,6.0,4.0
385.0,delete,0.0110152503091414,249.0,35.0,0.018084798920096935,2.0,3.0,4.0,4.0,4.0
386.0,delete,0.008546023679185543,250.0,51.0,0.02660295870924255,1.0,2.0,5.0,7.0,4.0
387.0,add,0.06198450928112573,251.0,20.0,0.03361303069379518,4.0,4.0,3.0,5.0,6.0
388.0,delete,0.010882257551632475,252.0,53.0,0.010882257551632475,1.0,2.0,5.0,7.0,3.0
389.0,add,0.00730821927876106,252.0,53.0,0.010882257551632475,1.0,2.0,5.0,7.0,4.0
390.0,delete,0.010882257551632465,252.0,53.0,0.010882257551632475,1.0,1.0,5.0,7.0,3.0
391.0,swap,0.008198743886988893,252.0,53.0,0.010882257551632475,1.0,2.0,4.0,8.0,3.0
392.0,add,0.03328797212638088,253.0,45.0,0.02401995971520481,2.0,3.0,6.0,5.0,7.0
393.0,delete,0.03085424812906998,254.0,50.0,0.01784885622464407,2.0,2.0,6.0,6.0,4.0
394.0,add,0.0110152503091414,255.0,36.0,0.018474604780409264,2.0,3.0,4.0,5.0,4.0
395.0,delete,0.009179819628889863,256.0,52.0,0.009630747164129474,1.0,2.0,5.0,7.0,3.0
396.0,add,0.19646102209488592,257.0,1.0,0.12128625538134225,4.0,0.0,1.0,0.0,0.0
397.0,add,0.068351739880231,258.0,21.0,0.03170032622444487,4.0,5.0,4.0,5.0,5.0
398.0,add,0.00730821927876106,259.0,54.0,0.00730821927876106,1.0,2.0,5.0,7.0,4.0
399.0,add,0.007308219278761067,259.0,54.0,0.00730821927876106,1.0,3.0,5.0,7.0,4.0
400.0,delete,0.00730821927876106,259.0,54.0,0.00730821927876106,1.0,1.0,5.0,7.0,4.0
401.0,swap,0.007256043054572073,259.0,54.0,0.00730821927876106,1.0,2.0,4.0,8.0,4.0
402.0,delete,0.01873998156502067,260.0,46.0,0.023193261110359277,2.0,2.0,6.0,6.0,6.0
403.0,delete,0.048169526846221986,261.0,51.0,0.01361356123606541,1.0,2.0,5.0,7.0,4.0
404.0,add,0.00877156676237424,262.0,37.0,0.018787001560212666,2.0,3.0,5.0,5.0,4.0
405.0,delete,0.14001711605930076,263.0,22.0,0.030471973971231393,4.0,5.0,3.0,5.0,5.0
406.0,add,0.9260965125738887,264.0,2.0,0.1045330711257437,4.0,0.0,0.0,2.0,0.0
407.0,add,0.010882257551632484,265.0,53.0,0.007297784033923263,1.0,3.0,5.0,7.0,3.0
408.0,delete,0.023308261907225222,266.0,52.0,0.008854228535638635,1.0,2.0,4.0,7.0,4.0
409.0,add,0.007308219278761067,267.0,55.0,0.007308219278761067,1.0,3.0,5.0,7.0,4.0
410.0,delete,0.00730821927876106,267.0,55.0,0.007308219278761067,1.0,2.0,5.0,7.0,4.0
411.0,swap,0.007432297291314571,267.0,55.0,0.007308219278761067,1.0,3.0,5.0,7.0,4.0
412.0,delete,0.03085424812906998,268.0,47.0,0.02169288180658904,2.0,3.0,6.0,6.0,4.0
413.0,add,0.007214575558649738,269.0,54.0,0.007339238781899441,1.0,2.0,5.0,8.0,4.0
414.0,delete,0.0122073236578726,270.0,23.0,0.029024287802352947,3.0,5.0,4.0,5.0,4.0
415.0,add,0.009024036145845321,271.0,38.0,0.01762421603265727,2.0,3.0,5.0,5.0,5.0
416.0,add,0.06096364852876108,272.0,3.0,0.08955409402653318,4.0,0.0,2.0,1.0,0.0
417.0,delete,0.006953810994568882,273.0,56.0,0.00730821927876106,1.0,2.0,5.0,7.0,4.0
418.0,add,0.007424046147839523,273.0,56.0,0.00730821927876106,1.0,2.0,5.0,8.0,4.0
419.0,delete,0.041649979614392395,273.0,56.0,0.00730821927876106,1.0,2.0,4.0,7.0,4.0
420.0,swap,0.009496376976697647,273.0,56.0,0.00730821927876106,1.0,2.0,6.0,6.0,4.0
421.0,delete,0.031131009268976224,274.0,48.0,0.020466767732495162,2.0,2.0,6.0,5.0,5.0
422.0,add,0.027794623247849502,275.0,53.0,0.010154193061588119,1.0,2.0,5.0,7.0,4.0
423.0,delete,0.00736533328889332,276.0,55.0,0.014566486602451901,1.0,3.0,4.0,7.0,4.0
424.0,add,0.012721233057996034,277.0,24.0,0.026977518352763987,4.0,5.0,4.0,4.0,5.0
425.0,add,0.013848016605804645,278.0,39.0,0.017656025815240273,2.0,3.0,6.0,5.0,5.0
426.0,add,0.44914859687323216,279.0,4.0,0.08057528693418542,4.0,0.0,1.0,1.0,2.0
427.0,add,0.007433633422317984,280.0,57.0,0.007424046147839523,1.0,2.0,5.0,8.0,4.0
428.0,delete,0.008500823750081894,280.0,57.0,0.007424046147839523,1.0,2.0,4.0,8.0,4.0
429.0,swap,0.00742404614783953,280.0,57.0,0.007424046147839523,1.0,3.0,5.0,7.0,4.0
430.0,add,0.030557057821114796,281.0,49.0,0.01783319485628839,2.0,3.0,6.0,6.0,4.0
431.0,add,0.0081511428199792,282.0,54.0,0.010216890848375283,1.0,2.0,6.0,7.0,4.0
432.0,add,0.007368941243295217,283.0,56.0,0.007695637367019732,1.0,2.0,5.0,8.0,4.0
433.0,delete,0.06852052466735375,284.0,25.0,0.02494861623609119,4.0,4.0,4.0,5.0,4.0
434.0,delete,0.007087463208927249,285.0,40.0,0.017781069262704556,2.0,3.0,6.0,3.0,6.0
435.0,delete,0.008500823750081894,286.0,58.0,0.008500823750081894,1.0,2.0,4.0,8.0,4.0
436.0,delete,0.008500823750081894,286.0,58.0,0.008500823750081894,1.0,2.0,4.0,7.0,4.0
437.0,swap,0.008353224923281052,286.0,58.0,0.008500823750081894,1.0,2.0,3.0,8.0,5.0
438.0,add,0.44914859687323166,287.0,5.0,0.07336225679675312,4.0,1.0,1.0,1.0,2.0
439.0,delete,0.030698834486099776,288.0,50.0,0.014444772183973853,2.0,2.0,6.0,6.0,4.0
440.0,delete,0.043785052711346695,289.0,55.0,0.01048308332985633,1.0,3.0,5.0,7.0,3.0
441.0,delete,0.044603868492676065,290.0,57.0,0.008463924043381683,1.0,2.0,5.0,8.0,3.0
442.0,delete,0.07004181475886508,291.0,26.0,0.02274294856868197,4.0,5.0,3.0,4.0,4.0
443.0,delete,0.01010994161465812,292.0,41.0,0.01859838388305406,2.0,3.0,6.0,4.0,4.0
444.0,delete,0.008500823750081894,293.0,59.0,0.008500823750081894,1.0,2.0,4.0,7.0,4.0
445.0,delete,0.008177448009894941,293.0,59.0,0.008500823750081894,1.0,2.0,3.0,7.0,4.0
446.0,swap,0.007286210152792196,293.0,59.0,0.008500823750081894,1.0,2.0,4.0,6.0,5.0
447.0,add,0.44426163020360626,294.0,6.0,0.06228607600087281,4.0,1.0,1.0,2.0,2.0
448.0,delete,0.021567882248072306,295.0,51.0,0.014487106205286837,1.0,1.0,6.0,7.0,4.0
449.0,add,0.0868121498410521,296.0,56.0,0.01100622612835534,1.0,2.0,6.0,7.0,4.0
450.0,delete,0.008500823750081887,297.0,58.0,0.008116326415712732,1.0,1.0,4.0,8.0,4.0
451.0,delete,0.10331785974953848,298.0,27.0,0.02130003748842862,3.0,5.0,3.0,4.0,4.0
452.0,delete,0.008177448009894941,299.0,60.0,0.008177448009894941,1.0,2.0,3.0,7.0,4.0
453.0,delete,0.007103482425403721,299.0,60.0,0.008177448009894941,1.0,2.0,2.0,7.0,4.0
454.0,swap,0.00847139121607734,299.0,60.0,0.008177448009894941,1.0,3.0,3.0,6.0,4.0
455.0,add,0.008990650826815572,300.0,42.0,0.019211682036465567,2.0,3.0,7.0,4.0,4.0
456.0,add,0.441695582191635,301.0,7.0,0.05344323096099679,4.0,1.0,1.0,3.0,2.0
457.0,delete,0.018838369789528502,302.0,52.0,0.013657610391080956,1.0,2.0,4.0,7.0,4.0
458.0,delete,0.00742404614783953,303.0,57.0,0.011223099331702477,1.0,1.0,5.0,8.0,4.0
459.0,delete,0.008335410915623375,304.0,59.0,0.007982442415317736,1.0,2.0,3.0,7.0,4.0
460.0,delete,0.007103482425403721,305.0,61.0,0.007103482425403721,1.0,2.0,2.0,7.0,4.0
461.0,add,0.007103482425403721,305.0,61.0,0.007103482425403721,1.0,3.0,2.0,7.0,4.0
462.0,delete,0.006947681785673174,305.0,61.0,0.007103482425403721,1.0,2.0,2.0,6.0,4.0
463.0,swap,0.007208026654919677,305.0,61.0,0.007103482425403721,1.0,2.0,3.0,6.0,4.0
464.0,add,0.019099161528909052,306.0,28.0,0.01855853441906036,2.0,5.0,3.0,5.0,5.0
465.0,add,0.04087085585642518,307.0,43.0,0.01906173738950821,2.0,3.0,7.0,5.0,4.0
466.0,add,0.44426163020360626,308.0,8.0,0.04645399522183444,4.0,1.0,1.0,2.0,4.0
467.0,add,0.010533451565159207,309.0,53.0,0.012927323698002504,1.0,2.0,5.0,8.0,3.0
468.0,delete,0.008386046713565565,310.0,58.0,0.007801271943948653,1.0,2.0,4.0,7.0,4.0
469.0,delete,0.01289106623052427,311.0,60.0,0.0070932311433608035,1.0,2.0,2.0,7.0,4.0
470.0,delete,0.019296104014464358,312.0,29.0,0.017705465905016184,2.0,5.0,3.0,4.0,5.0
471.0,add,0.007103482425403721,313.0,62.0,0.007103482425403721,1.0,3.0,2.0,7.0,4.0
472.0,delete,0.007103482425403727,313.0,62.0,0.007103482425403721,1.0,3.0,2.0,6.0,4.0
473.0,swap,0.00694768178567318,313.0,62.0,0.007103482425403721,1.0,3.0,2.0,7.0,4.0
474.0,add,0.012268398932447555,314.0,44.0,0.019083514002192492,2.0,3.0,6.0,5.0,6.0
475.0,add,0.043785052711346736,315.0,54.0,0.012606849379752136,1.0,2.0,5.0,7.0,5.0
476.0,add,0.06464518148426994,316.0,9.0,0.03953153438795982,4.0,2.0,2.0,2.0,3.0
477.0,delete,0.059478019397969435,317.0,59.0,0.007897966671946116,1.0,2.0,4.0,7.0,3.0
478.0,add,0.007103482425403721,318.0,61.0,0.007064532265471087,1.0,2.0,2.0,8.0,4.0
479.0,delete,0.007103482425403721,319.0,63.0,0.007103482425403727,1.0,3.0,2.0,6.0,4.0
480.0,add,0.010391272214306996,319.0,63.0,0.007103482425403727,1.0,3.0,3.0,6.0,4.0
481.0,delete,0.007103482425403721,319.0,63.0,0.007103482425403727,1.0,2.0,2.0,6.0,4.0
482.0,swap,0.006799668911880241,319.0,63.0,0.007103482425403727,0.0,3.0,2.0,7.0,4.0
483.0,add,0.07691369580573075,320.0,30.0,0.01714263625461226,2.0,5.0,3.0,5.0,5.0
484.0,add,0.01876061799212258,321.0,45.0,0.019111456710072222,2.0,4.0,6.0,5.0,6.0
485.0,delete,0.0073107277663274845,322.0,55.0,0.013805801984580887,1.0,3.0,5.0,6.0,4.0
486.0,add,0.010695335813588157,323.0,10.0,0.03868515870018461,4.0,1.0,2.0,3.0,4.0
487.0,delete,0.008177448009894941,324.0,60.0,0.007715232641871952,1.0,2.0,3.0,6.0,4.0
488.0,delete,0.007103482425403727,325.0,62.0,0.007700277680479681,1.0,2.0,2.0,7.0,4.0
489.0,add,0.010391272214306996,326.0,64.0,0.010391272214306996,1.0,3.0,3.0,6.0,4.0
490.0,delete,0.01062429481213838,326.0,64.0,0.010391272214306996,1.0,3.0,3.0,5.0,4.0
491.0,swap,0.0104763316918981,326.0,64.0,0.010391272214306996,1.0,4.0,3.0,5.0,4.0
492.0,add,0.010754754962373535,327.0,31.0,0.017017990041907256,2.0,5.0,4.0,6.0,4.0
493.0,delete,0.017874291575263653,328.0,46.0,0.018553523036928116,2.0,3.0,5.0,6.0,6.0
494.0,add,0.0073015545989250415,329.0,56.0,0.012370413735185066,1.0,2.0,5.0,8.0,4.0
495.0,add,0.007103482425403721,330.0,61.0,0.008104222969848458,1.0,3.0,2.0,7.0,4.0
496.0,add,0.06352467405317301,331.0,11.0,0.037508489084148576,4.0,1.0,2.0,4.0,4.0
497.0,add,0.010856812155384593,332.0,63.0,0.010470792733162617,1.0,3.0,2.0,6.0,5.0
498.0,delete,0.01062429481213838,333.0,65.0,0.01062429481213838,1.0,3.0,3.0,5.0,4.0
499.0,add,0.012759444241555621,333.0,65.0,0.01062429481213838,1.0,3.0,3.0,5.0,5.0
500.0,delete,0.010795661331224202,333.0,65.0,0.01062429481213838,1.0,3.0,3.0,4.0,4.0
501.0,swap,0.007928736562983185,333.0,65.0,0.01062429481213838,1.0,4.0,2.0,5.0,4.0
502.0,delete,0.01184010478305982,334.0,32.0,0.016838147746485514,2.0,5.0,5.0,5.0,3.0
503.0,delete,0.04373135393956201,335.0,47.0,0.017470305816038985,2.0,3.0,6.0,6.0,4.0
504.0,delete,0.007479556813228564,336.0,57.0,0.010651293759964079,1.0,2.0,5.0,7.0,4.0
505.0,delete,0.01289106623052427,337.0,62.0,0.009290122760673685,1.0,3.0,2.0,7.0,3.0
506.0,add,0.06442685488316821,338.0,12.0,0.03547351331075754,4.0,3.0,2.0,4.0,3.0
507.0,delete,0.01062429481213837,339.0,64.0,0.010546486352007955,1.0,3.0,3.0,5.0,4.0
508.0,delete,0.02747317510022292,340.0,33.0,0.01654350701796025,1.0,4.0,5.0,5.0,4.0
509.0,add,0.012648368913289893,341.0,66.0,0.012759444241555621,1.0,3.0,3.0,5.0,5.0
510.0,delete,0.012759444241555621,341.0,66.0,0.012759444241555621,1.0,2.0,3.0,5.0,5.0
511.0,swap,0.012759444241555621,341.0,66.0,0.012759444241555621,1.0,4.0,3.0,4.0,5.0
512.0,delete,0.007763098638916123,342.0,48.0,0.016655867939050772,2.0,2.0,6.0,6.0,4.0
513.0,delete,0.011157536399155529,343.0,58.0,0.010258789544341663,1.0,2.0,3.0,8.0,4.0
514.0,add,0.007103482425403721,344.0,63.0,0.011049205557267381,1.0,3.0,2.0,7.0,4.0
515.0,add,0.009326477711386316,345.0,65.0,0.012731675409489187,1.0,3.0,4.0,5.0,4.0
516.0,add,0.010835852727155504,346.0,13.0,0.03378890941253525,4.0,2.0,2.0,5.0,4.0
517.0,delete,0.007062068532047014,347.0,34.0,0.016087302322804538,1.0,4.0,4.0,5.0,4.0
518.0,delete,0.013371836027477409,348.0,67.0,0.012759444241555621,1.0,2.0,3.0,5.0,5.0
519.0,delete,0.009772494971011108,348.0,67.0,0.012759444241555621,1.0,2.0,3.0,5.0,4.0
520.0,swap,0.009772494971011108,348.0,67.0,0.012759444241555621,1.0,2.0,3.0,5.0,5.0
521.0,add,0.04339762999861793,349.0,49.0,0.01531315957533982,2.0,2.0,6.0,6.0,5.0
522.0,delete,0.01294806704240716,350.0,59.0,0.01046309099408382,1.0,2.0,4.0,7.0,3.0
523.0,delete,0.018439478295460787,351.0,64.0,0.011059022126881939,1.0,3.0,3.0,6.0,3.0
524.0,delete,0.00977249497101109,352.0,66.0,0.011419067552763812,1.0,3.0,3.0,5.0,4.0
525.0,delete,0.011015250309141422,353.0,35.0,0.01625690237323742,2.0,3.0,4.0,5.0,3.0
526.0,add,0.27869546300513554,354.0,14.0,0.032679770699813156,4.0,3.0,3.0,5.0,3.0
527.0,delete,0.008992248301312742,355.0,68.0,0.009772494971011108,1.0,2.0,3.0,5.0,4.0
528.0,add,0.010000433820062476,355.0,68.0,0.009772494971011108,1.0,2.0,4.0,5.0,4.0
529.0,delete,0.008965031669457538,355.0,68.0,0.009772494971011108,1.0,2.0,2.0,5.0,4.0
530.0,swap,0.012419067543039066,355.0,68.0,0.009772494971011108,1.0,2.0,4.0,5.0,3.0
531.0,delete,0.03084870858490708,356.0,50.0,0.013959839775984017,2.0,2.0,6.0,6.0,4.0
532.0,delete,0.02229363607798086,357.0,60.0,0.009621284800347229,1.0,2.0,3.0,7.0,3.0
533.0,add,0.01062429481213837,358.0,65.0,0.01102456012490197,1.0,4.0,3.0,5.0,4.0
534.0,delete,0.015552209927357863,359.0,67.0,0.010029855260976587,0.0,2.0,3.0,5.0,5.0
535.0,add,0.007634559979718843,360.0,36.0,0.016436719457234242,2.0,3.0,4.0,4.0,5.0
536.0,add,0.06887999641675181,361.0,15.0,0.031565787743619525,4.0,4.0,2.0,6.0,3.0
537.0,add,0.010000433820062476,362.0,69.0,0.010000433820062476,1.0,2.0,4.0,5.0,4.0
538.0,add,0.008696399928449883,362.0,69.0,0.010000433820062476,1.0,2.0,5.0,5.0,4.0
539.0,delete,0.010686304587394155,362.0,69.0,0.010000433820062476,1.0,1.0,4.0,5.0,4.0
540.0,swap,0.00824701264456631,362.0,69.0,0.010000433820062476,1.0,3.0,3.0,5.0,4.0
541.0,delete,0.020585063258640807,363.0,51.0,0.01330061668333253,1.0,2.0,5.0,7.0,4.0
542.0,add,0.008700051249061265,364.0,61.0,0.009971905975667947,1.0,2.0,3.0,7.0,4.0
543.0,delete,0.00977249497101109,365.0,66.0,0.010643421958840634,1.0,3.0,3.0,5.0,4.0
544.0,add,0.011777242103989088,366.0,68.0,0.009526116960107061,1.0,2.0,4.0,5.0,4.0
545.0,add,0.00769073233106127,367.0,37.0,0.016455617564070657,2.0,3.0,6.0,4.0,4.0
546.0,add,0.061888775416092605,368.0,16.0,0.030517305190325115,4.0,4.0,3.0,6.0,3.0
547.0,delete,0.02352623364418349,369.0,52.0,0.012284328725638817,1.0,1.0,5.0,7.0,4.0
548.0,delete,0.012753699151457899,370.0,67.0,0.010464443574245702,1.0,2.0,3.0,4.0,5.0
549.0,delete,0.017500973262624165,371.0,62.0,0.010456153070296305,1.0,3.0,2.0,7.0,3.0
550.0,add,0.008696399928449883,372.0,70.0,0.008696399928449883,1.0,2.0,5.0,5.0,4.0
551.0,delete,0.007811094864997968,372.0,70.0,0.008696399928449883,1.0,2.0,4.0,5.0,4.0
552.0,swap,0.011126516851823896,372.0,70.0,0.008696399928449883,1.0,2.0,5.0,4.0,5.0
553.0,add,0.010009070273001483,373.0,69.0,0.009082602893430408,1.0,2.0,4.0,6.0,4.0
554.0,delete,0.007333514483503285,374.0,71.0,0.007811094864997968,1.0,2.0,4.0,5.0,4.0
555.0,delete,0.009773095179791942,374.0,71.0,0.007811094864997968,0.0,2.0,4.0,5.0,4.0
556.0,swap,0.010296276725817273,374.0,71.0,0.007811094864997968,1.0,3.0,3.0,5.0,4.0
557.0,add,0.007380173276679617,375.0,17.0,0.029038485496314357,4.0,5.0,4.0,5.0,3.0
558.0,add,0.008636304731973434,376.0,38.0,0.015827061405131168,2.0,3.0,6.0,4.0,5.0
559.0,add,0.007827416512741976,377.0,53.0,0.012078175027587467,1.0,3.0,5.0,7.0,3.0
560.0,add,0.01921979136367248,378.0,63.0,0.010618281830123056,1.0,3.0,2.0,6.0,5.0
561.0,add,0.00853341483946038,379.0,68.0,0.009573368862454624,1.0,3.0,3.0,5.0,4.0
562.0,delete,0.013492726518518282,380.0,70.0,0.008803495313527617,1.0,1.0,5.0,5.0,4.0
563.0,delete,0.009414173736174607,381.0,72.0,0.009773095179791942,0.0,2.0,4.0,5.0,4.0
564.0,delete,0.00708314590241036,381.0,72.0,0.009773095179791942,0.0,1.0,4.0,5.0,4.0
565.0,swap,0.008128771051249147,381.0,72.0,0.009773095179791942,0.0,3.0,3.0,5.0,4.0
566.0,add,0.06436515760217697,382.0,18.0,0.027631240468439313,4.0,6.0,3.0,5.0,4.0
567.0,add,0.013171947981435585,383.0,39.0,0.015603488770097504,2.0,4.0,6.0,4.0,5.0
568.0,add,0.015138253911788005,384.0,54.0,0.012073895077913448,1.0,2.0,6.0,7.0,4.0
569.0,delete,0.007103482425403727,385.0,64.0,0.010554108363785864,1.0,3.0,2.0,6.0,4.0
570.0,add,0.010009070273001483,386.0,69.0,0.009321765453682334,1.0,2.0,4.0,6.0,4.0
571.0,delete,0.007563072121929725,387.0,71.0,0.008599796467406514,1.0,2.0,4.0,4.0,4.0
572.0,delete,0.00708314590241036,388.0,73.0,0.00708314590241036,0.0,1.0,4.0,5.0,4.0
573.0,delete,0.017327690459381772,388.0,73.0,0.00708314590241036,0.0,0.0,4.0,5.0,4.0
574.0,swap,0.011066318500985979,388.0,73.0,0.00708314590241036,0.0,1.0,3.0,6.0,4.0
575.0,delete,0.06250431567706156,389.0,19.0,0.026489359060034502,4.0,5.0,3.0,4.0,5.0
576.0,delete,0.01110715026315059,390.0,40.0,0.01562563669300832,2.0,3.0,5.0,4.0,6.0
577.0,delete,0.007263829740383424,391.0,55.0,0.011869557920091119,1.0,3.0,4.0,7.0,4.0
578.0,add,0.01582341709537903,392.0,65.0,0.010414791568796428,1.0,3.0,4.0,5.0,4.0
579.0,delete,0.010000433820062476,393.0,70.0,0.009697752120597558,1.0,2.0,4.0,5.0,4.0
580.0,delete,0.009290337843703925,394.0,72.0,0.010640075191297118,0.0,2.0,4.0,5.0,3.0
581.0,delete,0.01819983324037161,395.0,74.0,0.017327690459381772,0.0,0.0,4.0,5.0,4.0
582.0,add,0.019114712838107808,395.0,74.0,0.017327690459381772,0.0,0.0,5.0,5.0,4.0
583.0,delete,0.007704361809896672,395.0,74.0,0.017327690459381772,0.0,0.0,4.0,5.0,3.0
584.0,swap,0.01865958644650179,395.0,74.0,0.017327690459381772,0.0,0.0,3.0,6.0,4.0
585.0,add,0.12685202133975818,396.0,20.0,0.02584948228488793,4.0,4.0,4.0,5.0,5.0
586.0,delete,0.007285753624654769,397.0,41.0,0.01572872408233495,2.0,3.0,6.0,3.0,5.0
587.0,add,0.0069492834609611075,398.0,56.0,0.011626093672159428,1.0,2.0,5.0,7.0,5.0
588.0,delete,0.012917562709998,399.0,66.0,0.010775702681544479,1.0,3.0,3.0,4.0,5.0
589.0,delete,0.009772494971011108,400.0,71.0,0.011569865002531977,1.0,2.0,3.0,5.0,4.0
590.0,delete,0.007083145902410354,401.0,73.0,0.01620123695885193,0.0,1.0,4.0,4.0,4.0
591.0,add,0.01802555324300307,402.0,75.0,0.019114712838107808,0.0,0.0,5.0,5.0,4.0
592.0,add,0.019114712838107808,402.0,75.0,0.019114712838107808,0.0,1.0,5.0,5.0,4.0
593.0,delete,0.019114712838107818,402.0,75.0,0.019114712838107808,0.0,0.0,5.0,4.0,4.0
594.0,swap,0.012948032942660071,402.0,75.0,0.019114712838107808,0.0,0.0,4.0,6.0,4.0
595.0,add,0.06834364098198636,403.0,21.0,0.024628869608924405,4.0,4.0,4.0,5.0,6.0
596.0,add,0.006961486233921726,404.0,42.0,0.015877787386081036,2.0,3.0,7.0,4.0,4.0
597.0,delete,0.007418582058018928,405.0,57.0,0.011275956656504325,1.0,2.0,5.0,7.0,4.0
598.0,delete,0.013998632922536969,406.0,67.0,0.01125946328817105,1.0,2.0,2.0,5.0,5.0
599.0,delete,0.009773095179791934,407.0,72.0,0.013701092193432813,0.0,2.0,4.0,4.0,4.0
600.0,add,0.006761738817393395,408.0,74.0,0.017663544939997312,0.0,0.0,4.0,5.0,5.0
601.0,delete,0.03604831933507317,409.0,73.0,0.014914007397812923,0.0,1.0,4.0,5.0,3.0
602.0,delete,0.008438806723701819,410.0,58.0,0.01131783269268683,1.0,2.0,4.0,7.0,4.0
603.0,add,0.018582267293544223,411.0,43.0,0.016002317084931064,2.0,3.0,7.0,5.0,4.0
604.0,delete,0.06915874719114859,412.0,22.0,0.02379401472452642,4.0,5.0,4.0,4.0,5.0
605.0,add,0.019114712838107818,413.0,76.0,0.019114712838107808,0.0,1.0,5.0,5.0,4.0
606.0,delete,0.01893105237877058,413.0,76.0,0.019114712838107808,0.0,1.0,5.0,4.0,4.0
607.0,swap,0.019114712838107808,413.0,76.0,0.019114712838107808,0.0,2.0,5.0,4.0,4.0
608.0,add,0.009673823744369509,414.0,68.0,0.01226650913752735,1.0,2.0,3.0,5.0,5.0
609.0,add,0.012873720399135428,415.0,75.0,0.019068797723273502,0.0,0.0,5.0,5.0,5.0
610.0,delete,0.019854312065659734,416.0,77.0,0.01893105237877058,0.0,1.0,5.0,4.0,4.0
611.0,add,0.012663391438016721,416.0,77.0,0.01893105237877058,0.0,1.0,5.0,4.0,5.0
612.0,delete,0.012948032942660071,416.0,77.0,0.01893105237877058,0.0,1.0,4.0,4.0,4.0
613.0,swap,0.012058700447814819,416.0,77.0,0.01893105237877058,0.0,2.0,4.0,4.0,4.0
614.0,delete,0.06774660377651935,417.0,23.0,0.022700888859484302,4.0,5.0,4.0,4.0,4.0
615.0,add,0.007320372759483311,418.0,44.0,0.016051504660384682,2.0,3.0,6.0,5.0,6.0
616.0,delete,0.008386046713565572,419.0,59.0,0.01180303932600895,1.0,2.0,4.0,6.0,4.0
617.0,add,0.014794802280446029,420.0,69.0,0.012852004752909329,1.0,2.0,4.0,5.0,5.0
618.0,add,0.01719077811683898,421.0,74.0,0.01590272134754664,0.0,0.0,5.0,5.0,4.0
619.0,delete,0.008833167941251344,422.0,76.0,0.015291097854584384,0.0,1.0,5.0,5.0,3.0
620.0,delete,0.01289106623052427,423.0,60.0,0.011515196989976563,1.0,2.0,3.0,7.0,3.0
621.0,add,0.012098558426885474,424.0,78.0,0.012663391438016721,0.0,1.0,5.0,4.0,5.0
622.0,delete,0.011719844608328272,424.0,78.0,0.012663391438016721,0.0,1.0,5.0,4.0,4.0
623.0,swap,0.01684358668332014,424.0,78.0,0.012663391438016721,0.0,1.0,5.0,4.0,5.0
624.0,add,0.06891677549762573,425.0,24.0,0.02148013510873726,4.0,6.0,4.0,4.0,4.0
625.0,add,0.018760617992122572,426.0,45.0,0.01582640275558752,2.0,4.0,6.0,5.0,6.0
626.0,delete,0.007935419171015777,427.0,70.0,0.01330571671595677,0.0,2.0,5.0,5.0,4.0
627.0,add,0.017612896276135603,428.0,75.0,0.015089885065089693,0.0,0.0,6.0,5.0,4.0
628.0,add,0.019114712838107808,429.0,77.0,0.013331345289137653,0.0,1.0,5.0,5.0,4.0
629.0,delete,0.011719844608328272,430.0,79.0,0.011719844608328272,0.0,1.0,5.0,4.0,4.0
630.0,add,0.011647669685945205,430.0,79.0,0.011719844608328272,0.0,1.0,5.0,5.0,4.0
631.0,delete,0.015073579530143372,430.0,79.0,0.011719844608328272,0.0,1.0,4.0,4.0,4.0
632.0,swap,0.01682403463753099,430.0,79.0,0.011719844608328272,0.0,1.0,4.0,4.0,5.0
633.0,delete,0.06937395866042675,431.0,25.0,0.020435715887678684,4.0,5.0,4.0,4.0,4.0
634.0,delete,0.03113100926897621,432.0,46.0,0.015685085609081814,2.0,3.0,6.0,6.0,5.0
635.0,add,0.01289106623052427,433.0,61.0,0.011842051579367142,1.0,2.0,2.0,7.0,5.0
636.0,delete,0.007811094864997968,434.0,71.0,0.014031399019550314,1.0,2.0,4.0,4.0,4.0
637.0,delete,0.019114712838107808,435.0,76.0,0.014309320588054486,0.0,1.0,5.0,4.0,4.0
638.0,delete,0.012578099924236178,436.0,78.0,0.013396994614055222,0.0,1.0,4.0,4.0,5.0
639.0,delete,0.006799668911880241,437.0,62.0,0.012145663340436689,0.0,3.0,2.0,7.0,4.0
640.0,add,0.01245956705210429,438.0,80.0,0.011647669685945205,0.0,1.0,5.0,5.0,4.0
641.0,add,0.00687253267342709,438.0,80.0,0.011647669685945205,0.0,1.0,6.0,5.0,4.0
642.0,delete,0.011732148166438033,438.0,80.0,0.011647669685945205,0.0,1.0,5.0,4.0,4.0
643.0,swap,0.010412670147553009,438.0,80.0,0.011647669685945205,0.0,1.0,6.0,4.0,4.0
644.0,delete,0.06918244804870037,439.0,26.0,0.018917704881333892,4.0,4.0,3.0,5.0,4.0
645.0,delete,0.007763098638916123,440.0,47.0,0.015177970604255481,2.0,3.0,6.0,6.0,4.0
646.0,delete,0.009497924395787777,441.0,72.0,0.014376321036744591,0.0,2.0,3.0,5.0,4.0
647.0,add,0.017843437603003803,442.0,77.0,0.012982874315740345,0.0,1.0,6.0,4.0,4.0
648.0,add,0.01143027852814625,443.0,79.0,0.010624917545093525,0.0,1.0,5.0,5.0,4.0
649.0,add,0.01750097326262412,444.0,63.0,0.012289221384160384,1.0,3.0,2.0,6.0,5.0
650.0,delete,0.10399745763335129,445.0,27.0,0.017877014707727693,3.0,5.0,3.0,4.0,4.0
651.0,delete,0.03113100926897624,446.0,48.0,0.014730360591188653,2.0,2.0,6.0,6.0,4.0
652.0,delete,0.006924688443409744,447.0,73.0,0.015097004008849236,0.0,1.0,3.0,5.0,4.0
653.0,delete,0.011719844608328272,448.0,78.0,0.012042751778380085,0.0,1.0,5.0,4.0,4.0
654.0,add,0.00687253267342709,449.0,81.0,0.00687253267342709,0.0,1.0,6.0,5.0,4.0
655.0,add,0.00820205580746886,449.0,81.0,0.00687253267342709,0.0,2.0,6.0,5.0,4.0
656.0,delete,0.006895383326878341,449.0,81.0,0.00687253267342709,0.0,1.0,6.0,4.0,4.0
657.0,swap,0.015323154775280203,449.0,81.0,0.00687253267342709,0.0,2.0,5.0,5.0,4.0
658.0,delete,0.012438730281647813,450.0,64.0,0.012166659595629209,1.0,3.0,3.0,6.0,3.0
659.0,add,0.011651901393752483,451.0,80.0,0.008833131851296316,0.0,1.0,5.0,6.0,4.0
660.0,add,0.9346645654712499,452.0,1.0,0.08547215362467842,4.0,0.0,0.0,0.0,1.0
661.0,add,0.020878561967954436,453.0,28.0,0.016302286755105352,2.0,5.0,3.0,6.0,4.0
662.0,add,0.031237554436074778,454.0,49.0,0.014061229940555723,2.0,2.0,6.0,7.0,4.0
663.0,add,0.023116783158311824,455.0,74.0,0.013959617736836414,0.0,0.0,5.0,5.0,4.0
664.0,add,0.011719844608328272,456.0,79.0,0.01031817220276553,0.0,2.0,5.0,4.0,4.0
665.0,add,0.00818564199524988,457.0,82.0,0.00820205580746886,0.0,2.0,6.0,5.0,4.0
666.0,add,0.008202055807468868,457.0,82.0,0.00820205580746886,0.0,3.0,6.0,5.0,4.0
667.0,delete,0.007863858550339832,457.0,82.0,0.00820205580746886,0.0,2.0,5.0,5.0,4.0
668.0,swap,0.008305310143544206,457.0,82.0,0.00820205580746886,0.0,2.0,7.0,4.0,4.0
669.0,add,0.010901590563113064,458.0,65.0,0.01219514148391851,1.0,3.0,3.0,6.0,4.0
670.0,delete,0.06634963707226992,459.0,29.0,0.01574126841440615,2.0,5.0,2.0,5.0,5.0
671.0,add,0.9318978893120242,460.0,2.0,0.07497453988305518,4.0,1.0,0.0,1.0,0.0
672.0,delete,0.018453253251580874,461.0,50.0,0.013257157667786205,2.0,2.0,6.0,7.0,3.0
673.0,add,0.01594695284157837,462.0,81.0,0.00815178446081433,0.0,1.0,6.0,5.0,5.0
674.0,add,0.01927552892908337,463.0,75.0,0.013115210945820981,0.0,0.0,5.0,5.0,5.0
675.0,add,0.008814057746192412,464.0,80.0,0.009483761817128655,0.0,1.0,5.0,5.0,5.0
676.0,add,0.008202055807468868,465.0,83.0,0.008202055807468868,0.0,3.0,6.0,5.0,4.0
677.0,add,0.00675435153707044,465.0,83.0,0.008202055807468868,0.0,3.0,6.0,5.0,5.0
678.0,delete,0.006872532673427084,465.0,83.0,0.008202055807468868,0.0,2.0,6.0,5.0,4.0
679.0,swap,0.00707049536651607,465.0,83.0,0.008202055807468868,0.0,3.0,5.0,5.0,5.0
680.0,delete,0.01722803879314684,466.0,51.0,0.012793271637721055,0.0,2.0,6.0,7.0,4.0
681.0,add,0.01929610401446434,467.0,30.0,0.015347161596157689,2.0,5.0,3.0,5.0,5.0
682.0,add,0.44914859687323216,468.0,3.0,0.06462376274393457,4.0,0.0,1.0,1.0,1.0
683.0,delete,0.012753699151457899,469.0,66.0,0.012066980186851648,1.0,3.0,3.0,4.0,5.0
684.0,delete,0.020754151334268504,470.0,76.0,0.011830152944310222,0.0,1.0,4.0,5.0,4.0
685.0,add,0.008280338426681383,471.0,82.0,0.007420298238390266,0.0,2.0,6.0,5.0,5.0
686.0,add,0.008862696814008494,472.0,81.0,0.008535058996073985,0.0,1.0,7.0,5.0,4.0
687.0,add,0.00675435153707044,473.0,84.0,0.00675435153707044,0.0,3.0,6.0,5.0,5.0
688.0,add,0.006754351537070445,473.0,84.0,0.00675435153707044,0.0,4.0,6.0,5.0,5.0
689.0,delete,0.006857500009707668,473.0,84.0,0.00675435153707044,0.0,3.0,6.0,5.0,4.0
690.0,swap,0.007250236298755387,473.0,84.0,0.00675435153707044,0.0,3.0,6.0,4.0,6.0
691.0,delete,0.02352623364418351,474.0,52.0,0.012193625033785429,1.0,1.0,5.0,7.0,4.0
692.0,add,0.01002969470733399,475.0,31.0,0.015112987219151301,2.0,6.0,4.0,5.0,4.0
693.0,add,0.446553569695492,476.0,4.0,0.05908921782526802,4.0,0.0,1.0,2.0,1.0
694.0,delete,0.012759444241555621,477.0,67.0,0.01192352170491556,1.0,1.0,3.0,5.0,5.0
695.0,add,0.01893105237877059,478.0,77.0,0.01062552463684944,0.0,2.0,5.0,4.0,4.0
696.0,add,0.00820205580746886,479.0,83.0,0.006874158183934875,0.0,4.0,6.0,5.0,4.0
697.0,add,0.010840126217567168,480.0,82.0,0.007381847709882319,0.0,3.0,6.0,5.0,4.0
698.0,add,0.0071065068283949605,481.0,85.0,0.006754351537070445,0.0,4.0,6.0,5.0,5.0
699.0,add,0.00675435153707044,481.0,85.0,0.006754351537070445,0.0,5.0,6.0,5.0,5.0
700.0,delete,0.00675435153707044,481.0,85.0,0.006754351537070445,0.0,3.0,6.0,5.0,5.0
701.0,swap,0.03109749922286821,481.0,85.0,0.006754351537070445,0.0,5.0,5.0,5.0,5.0
702.0,delete,0.022568081470538976,482.0,32.0,0.01507339069762688,2.0,5.0,4.0,5.0,4.0
703.0,add,0.009506335564107191,483.0,53.0,0.012131984039641476,1.0,2.0,6.0,7.0,3.0
704.0,add,0.44914859687323144,484.0,5.0,0.05425965370351822,4.0,2.0,1.0,1.0,1.0
705.0,add,0.0161735663310638,485.0,68.0,0.011993065541867845,1.0,2.0,3.0,5.0,5.0
706.0,delete,0.0215058838650207,486.0,78.0,0.010164666624955857,0.0,1.0,4.0,4.0,5.0
707.0,add,0.012402500003245822,487.0,84.0,0.011693412132494899,0.0,3.0,6.0,5.0,6.0
708.0,add,0.00820205580746886,488.0,83.0,0.009698914168708465,0.0,4.0,6.0,5.0,4.0
709.0,add,0.00680204226974492,489.0,86.0,0.00675435153707044,0.0,5.0,6.0,5.0,5.0
710.0,add,0.00820205580746886,489.0,86.0,0.00675435153707044,0.0,5.0,6.0,5.0,6.0
711.0,delete,0.006789215497640989,489.0,86.0,0.00675435153707044,0.0,5.0,6.0,4.0,5.0
712.0,swap,0.007209858535492947,489.0,86.0,0.00675435153707044,0.0,4.0,7.0,5.0,5.0
713.0,delete,0.029594470536962385,490.0,33.0,0.014772848025701123,2.0,4.0,5.0,4.0,4.0
714.0,add,0.029266254594031614,491.0,54.0,0.01213695486917128,1.0,2.0,6.0,7.0,4.0
715.0,add,0.3988503997509869,492.0,6.0,0.04670473410233851,4.0,1.0,2.0,2.0,1.0
716.0,add,0.007219498532324506,493.0,69.0,0.012014170794042638,1.0,2.0,4.0,5.0,5.0
717.0,add,0.010504790218736374,494.0,79.0,0.009413978625060035,0.0,1.0,5.0,4.0,5.0
718.0,add,0.00820205580746886,495.0,85.0,0.007151504729483631,0.0,4.0,6.0,5.0,6.0
719.0,add,0.007159989477559406,496.0,84.0,0.009824980780321534,0.0,4.0,6.0,5.0,5.0
720.0,add,0.008398442675019302,497.0,87.0,0.00820205580746886,0.0,5.0,6.0,5.0,6.0
721.0,delete,0.0464787583036549,497.0,87.0,0.00820205580746886,0.0,5.0,5.0,5.0,6.0
722.0,swap,0.008159936633262591,497.0,87.0,0.00820205580746886,0.0,5.0,6.0,5.0,6.0
723.0,delete,0.0078559716154262,498.0,34.0,0.014586987350085009,2.0,4.0,3.0,5.0,4.0
724.0,delete,0.007374866905799987,499.0,55.0,0.012135958175205817,1.0,3.0,5.0,6.0,4.0
725.0,delete,0.013671183825376075,500.0,70.0,0.012260052655393873,1.0,2.0,5.0,5.0,3.0
726.0,add,0.4414959526367105,501.0,7.0,0.04044947991520295,4.0,1.0,1.0,3.0,2.0
727.0,add,0.011647669685945215,502.0,80.0,0.00988605512079106,0.0,2.0,5.0,5.0,4.0
728.0,add,0.00850777920533507,503.0,86.0,0.017809798354851414,0.0,5.0,6.0,5.0,6.0
729.0,delete,0.05405371755006756,504.0,88.0,0.0464787583036549,0.0,5.0,5.0,5.0,6.0
730.0,add,0.04466381046100957,504.0,88.0,0.0464787583036549,0.0,5.0,5.0,5.0,7.0
731.0,delete,0.0464787583036549,504.0,88.0,0.0464787583036549,0.0,4.0,5.0,5.0,6.0
732.0,swap,0.04653964429867519,504.0,88.0,0.0464787583036549,0.0,5.0,5.0,5.0,6.0
733.0,delete,0.010898115469663513,505.0,35.0,0.014954234244043014,2.0,3.0,4.0,4.0,4.0
734.0,add,0.010882257551632475,506.0,56.0,0.012633926358074503,1.0,2.0,5.0,7.0,5.0
735.0,delete,0.007807113161129414,507.0,71.0,0.013750647981555144,1.0,2.0,4.0,4.0,4.0
736.0,add,0.008043168780503504,508.0,85.0,0.021945744777540438,0.0,4.0,7.0,5.0,5.0
737.0,add,0.44426163020360626,509.0,8.0,0.03578909374968614,4.0,1.0,1.0,2.0,4.0
738.0,add,0.010086266237497433,510.0,81.0,0.013779832454388194,0.0,1.0,6.0,5.0,5.0
739.0,delete,0.00820205580746886,511.0,87.0,0.04764293778341242,0.0,4.0,6.0,5.0,6.0
740.0,add,0.044933328743756565,512.0,89.0,0.04466381046100957,0.0,5.0,5.0,5.0,7.0
741.0,delete,0.044663810461009555,512.0,89.0,0.04466381046100957,0.0,4.0,5.0,5.0,7.0
742.0,swap,0.052705445079076214,512.0,89.0,0.04466381046100957,0.0,6.0,5.0,5.0,6.0
743.0,add,0.011863839712416665,513.0,36.0,0.01523425372240444,2.0,4.0,4.0,4.0,4.0
744.0,delete,0.0177849355352088,514.0,57.0,0.012847606420729697,1.0,2.0,5.0,8.0,3.0
745.0,delete,0.01002771202233807,515.0,72.0,0.014867680416018198,0.0,2.0,3.0,5.0,4.0
746.0,add,0.0069202485252995,516.0,86.0,0.03246058025611224,0.0,5.0,6.0,6.0,5.0
747.0,add,0.0464787583036549,517.0,88.0,0.04674159868621298,0.0,6.0,5.0,5.0,6.0
748.0,add,0.06464518148426988,518.0,9.0,0.031162857670093157,4.0,1.0,2.0,2.0,4.0
749.0,add,0.007029700984011805,519.0,82.0,0.01753719478177476,0.0,2.0,7.0,5.0,4.0
750.0,delete,0.035972448193335095,520.0,90.0,0.044663810461009555,0.0,4.0,5.0,5.0,7.0
751.0,delete,0.013718170978784252,520.0,90.0,0.044663810461009555,0.0,4.0,4.0,5.0,7.0
752.0,swap,0.04202584282899777,520.0,90.0,0.044663810461009555,0.0,4.0,5.0,5.0,7.0
753.0,delete,0.059478019397969435,521.0,58.0,0.013174204345501732,1.0,2.0,4.0,8.0,3.0
754.0,add,0.008005237888145472,522.0,37.0,0.015609267638663212,2.0,3.0,5.0,4.0,5.0
755.0,delete,0.00679940350305814,523.0,73.0,0.015813365051489288,0.0,1.0,4.0,4.0,4.0
756.0,delete,0.00820205580746886,524.0,87.0,0.04053188840870348,0.0,4.0,6.0,5.0,6.0
757.0,delete,0.040956537115227155,525.0,89.0,0.03409506811553167,0.0,5.0,5.0,5.0,6.0
758.0,delete,0.013718170978784252,526.0,91.0,0.013718170978784252,0.0,4.0,4.0,5.0,7.0
759.0,delete,0.017894890599633607,526.0,91.0,0.013718170978784252,0.0,3.0,4.0,5.0,7.0
760.0,swap,0.013811503314866174,526.0,91.0,0.013718170978784252,0.0,5.0,4.0,4.0,7.0
761.0,add,0.05890631201737795,527.0,10.0,0.0305665769267026,4.0,1.0,3.0,3.0,3.0
762.0,add,0.017327690459381772,528.0,74.0,0.015953191152292365,0.0,1.0,4.0,5.0,4.0
763.0,delete,0.008374299943833586,529.0,59.0,0.013444948179795935,1.0,2.0,4.0,6.0,4.0
764.0,add,0.009905139983607373,530.0,83.0,0.020019088097736178,0.0,3.0,6.0,5.0,5.0
765.0,add,0.008314812072841309,531.0,38.0,0.015374191785753182,2.0,3.0,5.0,5.0,5.0
766.0,add,0.03569852261543486,532.0,88.0,0.03429522642151126,0.0,5.0,5.0,5.0,7.0
767.0,delete,0.04466381046100961,533.0,90.0,0.01478568396801707,0.0,4.0,5.0,4.0,7.0
768.0,delete,0.017894890599633607,534.0,92.0,0.017894890599633607,0.0,3.0,4.0,5.0,7.0
769.0,delete,0.01789489059963362,534.0,92.0,0.017894890599633607,0.0,3.0,4.0,4.0,7.0
770.0,swap,0.017528269383002115,534.0,92.0,0.017894890599633607,0.0,3.0,5.0,5.0,6.0
771.0,add,0.06352467405317301,535.0,11.0,0.0300274211446566,4.0,1.0,2.0,4.0,4.0
772.0,add,0.00675389794727848,536.0,84.0,0.022761061116708885,0.0,3.0,6.0,6.0,5.0
773.0,delete,0.008177448009894941,537.0,60.0,0.013614880844675227,1.0,1.0,3.0,7.0,4.0
774.0,add,0.019114712838107818,538.0,75.0,0.016287182423225473,0.0,0.0,5.0,5.0,5.0
775.0,delete,0.040956537115227155,539.0,89.0,0.02672860295949307,0.0,5.0,5.0,5.0,6.0
776.0,add,0.01639892358106097,540.0,39.0,0.015533102872205216,2.0,3.0,6.0,4.0,6.0
777.0,delete,0.015129372375973811,541.0,91.0,0.017803235295475738,0.0,4.0,3.0,5.0,7.0
778.0,delete,0.018798955770178576,542.0,93.0,0.01789489059963362,0.0,3.0,4.0,4.0,7.0
779.0,add,0.01789489059963362,542.0,93.0,0.01789489059963362,0.0,4.0,4.0,4.0,7.0
780.0,delete,0.02025437809104374,542.0,93.0,0.01789489059963362,0.0,3.0,3.0,4.0,7.0
781.0,swap,0.020088258819958734,542.0,93.0,0.01789489059963362,0.0,4.0,3.0,4.0,7.0
782.0,add,0.06442685488316817,543.0,12.0,0.028798530857852427,4.0,2.0,2.0,4.0,4.0
783.0,delete,0.01893105237877058,544.0,76.0,0.016542242311983684,0.0,1.0,5.0,4.0,4.0
784.0,add,0.007103482425403721,545.0,61.0,0.014019330695836767,1.0,3.0,2.0,7.0,4.0
785.0,add,0.008159889249066183,546.0,85.0,0.024307240970854044,0.0,5.0,6.0,5.0,5.0
786.0,delete,0.007303709254394804,547.0,40.0,0.01564165020441773,2.0,3.0,6.0,3.0,6.0
787.0,delete,0.04655214486437972,548.0,90.0,0.019176188659395056,0.0,4.0,5.0,5.0,6.0
788.0,delete,0.020244718223988174,549.0,92.0,0.018986274776089655,0.0,3.0,3.0,5.0,7.0
789.0,add,0.01789489059963362,550.0,94.0,0.01789489059963362,0.0,4.0,4.0,4.0,7.0
790.0,add,0.007216106336526826,550.0,94.0,0.01789489059963362,0.0,4.0,4.0,4.0,8.0
791.0,delete,0.011905279898965079,550.0,94.0,0.01789489059963362,0.0,4.0,4.0,4.0,6.0
792.0,swap,0.02910276710067205,550.0,94.0,0.01789489059963362,0.0,3.0,5.0,4.0,7.0
793.0,add,0.06387677252942973,551.0,13.0,0.027789902485456763,4.0,2.0,2.0,6.0,3.0
794.0,delete,0.019219791363672505,552.0,62.0,0.014412429141193573,1.0,3.0,2.0,7.0,3.0
795.0,add,0.019861053135716778,553.0,77.0,0.016822454726931713,0.0,1.0,5.0,4.0,5.0
796.0,delete,0.007303709254394791,554.0,41.0,0.01587759321005019,2.0,2.0,6.0,4.0,5.0
797.0,add,0.007405146819937989,555.0,86.0,0.026535121335760144,0.0,5.0,6.0,5.0,6.0
798.0,delete,0.009829004282753902,556.0,91.0,0.017838754214176945,0.0,4.0,4.0,5.0,6.0
799.0,add,0.017955623933563633,557.0,93.0,0.01680278690708624,0.0,3.0,4.0,5.0,7.0
800.0,delete,0.02025437809104373,558.0,92.0,0.01811370545216343,0.0,3.0,3.0,5.0,7.0
801.0,add,0.00721610633652682,559.0,95.0,0.007216106336526826,0.0,4.0,4.0,4.0,8.0
802.0,delete,0.007305081708746333,559.0,95.0,0.007216106336526826,0.0,4.0,4.0,4.0,7.0
803.0,swap,0.009905258092734754,559.0,95.0,0.007216106336526826,0.0,3.0,5.0,4.0,8.0
804.0,add,0.06366093567217061,560.0,14.0,0.027096856848791075,4.0,3.0,2.0,5.0,4.0
805.0,add,0.007103482425403721,561.0,63.0,0.014540122343915536,1.0,3.0,2.0,6.0,5.0
806.0,delete,0.01253801581204917,562.0,78.0,0.01648802176741978,0.0,1.0,5.0,3.0,5.0
807.0,add,0.025581776262984194,563.0,42.0,0.015924663231884795,2.0,3.0,6.0,4.0,5.0
808.0,delete,0.009252817559592359,564.0,87.0,0.02667516690315584,0.0,5.0,5.0,5.0,6.0
809.0,add,0.01789489059963362,565.0,94.0,0.007910638118633684,0.0,5.0,4.0,4.0,7.0
810.0,delete,0.007082043571128953,566.0,96.0,0.007305081708746333,0.0,4.0,4.0,4.0,7.0
811.0,delete,0.0070564734687887255,566.0,96.0,0.007305081708746333,0.0,4.0,3.0,4.0,7.0
812.0,swap,0.015709027737866553,566.0,96.0,0.007305081708746333,0.0,4.0,3.0,5.0,7.0
813.0,add,0.046936249507224706,567.0,88.0,0.023883827906046592,0.0,5.0,5.0,6.0,6.0
814.0,add,0.28512892013142016,568.0,15.0,0.0260807696011324,4.0,4.0,3.0,5.0,3.0
815.0,delete,0.007928736562983178,569.0,64.0,0.014682783946386039,1.0,3.0,2.0,6.0,4.0
816.0,add,0.011724126854366496,570.0,79.0,0.016677025614770156,0.0,1.0,5.0,5.0,4.0
817.0,add,0.01789489059963362,571.0,93.0,0.0133952646141862,0.0,4.0,4.0,4.0,7.0
818.0,add,0.007311938295272925,572.0,43.0,0.01604418581705661,2.0,3.0,6.0,6.0,4.0
819.0,delete,0.00721610633652682,573.0,95.0,0.009288156621632642,0.0,3.0,4.0,4.0,8.0
820.0,delete,0.0070564734687887255,574.0,97.0,0.0070564734687887255,0.0,4.0,3.0,4.0,7.0
821.0,add,0.006980240258038593,574.0,97.0,0.0070564734687887255,0.0,4.0,3.0,5.0,7.0
822.0,delete,0.007056473468788732,574.0,97.0,0.0070564734687887255,0.0,3.0,3.0,4.0,7.0
823.0,swap,0.007056473468788732,574.0,97.0,0.0070564734687887255,0.0,4.0,3.0,3.0,8.0
824.0,delete,0.02025001363564489,575.0,89.0,0.019006252018336254,0.0,5.0,5.0,5.0,6.0
825.0,add,0.023864386507849628,576.0,16.0,0.025355329872354847,4.0,4.0,4.0,5.0,3.0
826.0,add,0.01062429481213837,577.0,65.0,0.014667156959271281,1.0,3.0,3.0,6.0,4.0
827.0,add,0.00788386456982571,578.0,80.0,0.016614316818975634,0.0,1.0,5.0,5.0,5.0
828.0,add,0.012964254481032552,579.0,94.0,0.008826981142529554,0.0,4.0,5.0,4.0,7.0
829.0,add,0.010062447394177557,580.0,44.0,0.015936936743063852,2.0,4.0,6.0,5.0,5.0
830.0,delete,0.007703295068839741,581.0,96.0,0.007041226826638701,0.0,4.0,3.0,4.0,7.0
831.0,add,0.0069802402580385866,582.0,98.0,0.006980240258038593,0.0,4.0,3.0,5.0,7.0
832.0,delete,0.0069802402580385866,582.0,98.0,0.006980240258038593,0.0,3.0,3.0,5.0,7.0
833.0,swap,0.011202424707574687,582.0,98.0,0.006980240258038593,0.0,4.0,4.0,4.0,7.0
834.0,delete,0.04042474228839869,583.0,90.0,0.015037633994829432,0.0,4.0,4.0,5.0,7.0
835.0,delete,0.01667706338520593,584.0,66.0,0.01471059632400647,0.0,3.0,3.0,5.0,5.0
836.0,add,0.06436534299702068,585.0,17.0,0.02444003240384889,4.0,6.0,3.0,5.0,3.0
837.0,delete,0.007204150589956114,586.0,95.0,0.008106507213842599,0.0,4.0,4.0,3.0,8.0
838.0,add,0.007232114435804056,587.0,81.0,0.01686316108737736,0.0,1.0,6.0,5.0,5.0
839.0,add,0.011842553495682789,588.0,97.0,0.008035786370422612,0.0,4.0,3.0,4.0,8.0
840.0,add,0.010062447394177557,589.0,45.0,0.015829485575622398,2.0,3.0,6.0,5.0,7.0
841.0,delete,0.00705656111648239,590.0,99.0,0.0069802402580385866,0.0,3.0,3.0,5.0,7.0
842.0,delete,0.0069802402580385866,590.0,99.0,0.0069802402580385866,0.0,3.0,3.0,4.0,7.0
843.0,swap,0.0069802402580385866,590.0,99.0,0.0069802402580385866,0.0,3.0,3.0,5.0,7.0
844.0,delete,0.013718170978784252,591.0,91.0,0.012727632622838802,0.0,3.0,4.0,5.0,7.0
845.0,delete,0.012917562709998,592.0,67.0,0.01461664307208715,1.0,2.0,3.0,4.0,5.0
846.0,delete,0.007305081708746333,593.0,96.0,0.0077639945810713444,0.0,4.0,4.0,3.0,7.0
847.0,add,0.007703599401982469,594.0,18.0,0.023556466838493672,4.0,5.0,4.0,5.0,4.0
848.0,delete,0.006980240258038593,595.0,98.0,0.006999320472649537,0.0,4.0,3.0,5.0,6.0
849.0,add,0.00820205580746886,596.0,82.0,0.01679855624114328,0.0,3.0,6.0,5.0,4.0
850.0,delete,0.01876714306440699,597.0,46.0,0.015628641280094502,2.0,3.0,6.0,5.0,6.0
851.0,delete,0.007137843867379306,598.0,100.0,0.0069802402580385866,0.0,3.0,3.0,4.0,7.0
852.0,delete,0.0069802402580385866,598.0,100.0,0.0069802402580385866,0.0,3.0,3.0,3.0,7.0
853.0,swap,0.009021262430551123,598.0,100.0,0.0069802402580385866,0.0,4.0,2.0,4.0,7.0
854.0,delete,0.011905279898965069,599.0,92.0,0.011706338654882725,0.0,3.0,4.0,5.0,6.0
855.0,add,0.008177157503674972,600.0,97.0,0.0079268606186617,0.0,4.0,3.0,4.0,8.0
856.0,add,0.012438730281647813,601.0,68.0,0.014478775469307403,1.0,2.0,3.0,5.0,5.0
857.0,delete,0.06053393542031944,602.0,19.0,0.022777201116558465,4.0,4.0,3.0,5.0,5.0
858.0,delete,0.014774023519390868,603.0,99.0,0.0075298967035019,0.0,3.0,2.0,5.0,7.0
859.0,delete,0.0069802402580385866,604.0,101.0,0.0069802402580385866,0.0,3.0,3.0,3.0,7.0
860.0,add,0.0069802402580385866,604.0,101.0,0.0069802402580385866,0.0,4.0,3.0,3.0,7.0
861.0,delete,0.009021262430551123,604.0,101.0,0.0069802402580385866,0.0,3.0,2.0,3.0,7.0
862.0,swap,0.008077726793006045,604.0,101.0,0.0069802402580385866,0.0,3.0,3.0,4.0,6.0
863.0,delete,0.03122156418442008,605.0,47.0,0.015235034534517748,2.0,3.0,6.0,5.0,5.0
864.0,add,0.00820205580746886,606.0,83.0,0.016628673414581976,0.0,4.0,6.0,5.0,4.0
865.0,add,0.017698166045847098,607.0,93.0,0.010118215434054063,0.0,3.0,4.0,5.0,7.0
866.0,delete,0.0070564734687887255,608.0,98.0,0.007996181689510076,0.0,4.0,3.0,4.0,7.0
867.0,add,0.010437575060512357,609.0,69.0,0.01444932666879414,1.0,2.0,5.0,5.0,4.0
868.0,add,0.010536773850322076,610.0,20.0,0.02230430884322336,4.0,4.0,3.0,5.0,6.0
869.0,delete,0.0069802402580385866,611.0,100.0,0.007607941999534585,0.0,2.0,3.0,4.0,7.0
870.0,delete,0.03117144347344833,612.0,48.0,0.014956972059216641,2.0,2.0,6.0,5.0,5.0
871.0,add,0.006959296749843254,613.0,102.0,0.0069802402580385866,0.0,4.0,3.0,3.0,7.0
872.0,delete,0.0069802402580385866,613.0,102.0,0.0069802402580385866,0.0,4.0,3.0,2.0,7.0
873.0,swap,0.006738510346306898,613.0,102.0,0.0069802402580385866,0.0,4.0,4.0,3.0,6.0
874.0,add,0.01198230034930065,614.0,84.0,0.016774018698815594,0.0,3.0,6.0,5.0,6.0
875.0,add,0.012999630076362038,615.0,94.0,0.008379359890027614,0.0,4.0,5.0,4.0,7.0
876.0,delete,0.0069802402580385866,616.0,99.0,0.007970105206558472,0.0,3.0,3.0,5.0,6.0
877.0,delete,0.010448258958223931,617.0,70.0,0.014398245828740082,1.0,2.0,5.0,5.0,3.0
878.0,add,0.011870454704745927,618.0,101.0,0.00691457190305683,0.0,3.0,3.0,3.0,8.0
879.0,add,0.06866177337391943,619.0,21.0,0.021380939832428846,4.0,4.0,4.0,5.0,6.0
880.0,delete,0.0069802402580385866,620.0,103.0,0.0069802402580385866,0.0,4.0,3.0,2.0,7.0
881.0,add,0.02285777502795909,620.0,103.0,0.0069802402580385866,0.0,4.0,3.0,2.0,8.0
882.0,delete,0.0069802402580385866,620.0,103.0,0.0069802402580385866,0.0,3.0,3.0,2.0,7.0
883.0,swap,0.008505098579442677,620.0,103.0,0.0069802402580385866,0.0,5.0,3.0,1.0,7.0
884.0,add,0.032927424195227574,621.0,49.0,0.01450509859919663,2.0,2.0,6.0,6.0,5.0
885.0,add,0.00850777920533507,622.0,85.0,0.01676579353159576,0.0,4.0,6.0,5.0,6.0
886.0,delete,0.00721610633652682,623.0,95.0,0.008394311723772144,0.0,4.0,4.0,3.0,8.0
887.0,delete,0.023874699688300013,624.0,71.0,0.014409353515472775,1.0,2.0,4.0,5.0,3.0
888.0,delete,0.0069802402580385866,625.0,100.0,0.008777986174151795,0.0,3.0,3.0,4.0,6.0
889.0,delete,0.14482911539951002,626.0,22.0,0.020803169763467702,4.0,5.0,3.0,5.0,5.0
890.0,delete,0.0069802402580385866,627.0,102.0,0.010460718876303506,0.0,4.0,3.0,3.0,6.0
891.0,delete,0.03085424812906998,628.0,50.0,0.014035557265631039,2.0,2.0,6.0,6.0,4.0
892.0,add,0.02236363828462408,629.0,104.0,0.02285777502795909,0.0,4.0,3.0,2.0,8.0
893.0,add,0.017449891251290477,629.0,104.0,0.02285777502795909,0.0,5.0,3.0,2.0,8.0
894.0,delete,0.023146220806239924,629.0,104.0,0.02285777502795909,0.0,4.0,3.0,1.0,8.0
895.0,swap,0.009153448286565193,629.0,104.0,0.02285777502795909,0.0,5.0,3.0,2.0,7.0
896.0,add,0.010581860673832044,630.0,86.0,0.017163189722022062,0.0,5.0,6.0,5.0,6.0
897.0,delete,0.009651379987464508,631.0,72.0,0.014579380266558502,0.0,2.0,4.0,4.0,4.0
898.0,delete,0.007305081708746326,632.0,96.0,0.009203164345157508,0.0,3.0,4.0,4.0,7.0
899.0,delete,0.0695117399145403,633.0,23.0,0.020078964629525565,4.0,4.0,4.0,5.0,4.0
900.0,add,0.006919809587943702,634.0,101.0,0.011710395380515033,0.0,3.0,3.0,4.0,7.0
901.0,delete,0.02174913949965313,635.0,51.0,0.013821589051890194,1.0,2.0,6.0,6.0,4.0
902.0,add,0.01626552291281926,636.0,103.0,0.018994194731335755,0.0,4.0,3.0,2.0,8.0
903.0,delete,0.0069802402580385866,637.0,102.0,0.013423868743735917,0.0,3.0,3.0,3.0,7.0
904.0,delete,0.015461082246991085,638.0,87.0,0.01740047819501489,0.0,5.0,6.0,5.0,5.0
905.0,add,0.017449891251290477,639.0,105.0,0.017449891251290477,0.0,5.0,3.0,2.0,8.0
906.0,add,0.01887674998899939,639.0,105.0,0.017449891251290477,0.0,5.0,4.0,2.0,8.0
907.0,delete,0.007044904729589533,639.0,105.0,0.017449891251290477,0.0,5.0,3.0,2.0,7.0
908.0,swap,0.00859718044430964,639.0,105.0,0.017449891251290477,0.0,5.0,3.0,2.0,8.0
909.0,delete,0.00708314590241036,640.0,73.0,0.014634565557522313,0.0,1.0,4.0,4.0,4.0
910.0,add,0.07580434165950925,641.0,24.0,0.01926865391642137,4.0,5.0,4.0,5.0,4.0
911.0,delete,0.023565843706567613,642.0,52.0,0.013531850134902521,1.0,2.0,5.0,6.0,4.0
912.0,add,0.00701595263925626,643.0,97.0,0.009910232539802558,0.0,5.0,3.0,4.0,7.0
913.0,add,0.015057268833354518,644.0,104.0,0.013883723533095905,0.0,4.0,3.0,2.0,9.0
914.0,add,0.023261402778734903,645.0,103.0,0.016205681074276505,0.0,4.0,4.0,2.0,7.0
915.0,add,0.04608722876784191,646.0,88.0,0.016205336460063443,0.0,5.0,5.0,5.0,7.0
916.0,delete,0.00814378575977713,647.0,98.0,0.010496559540020186,0.0,4.0,3.0,5.0,6.0
917.0,add,0.015430699683380246,648.0,106.0,0.01887674998899939,0.0,5.0,4.0,2.0,8.0
918.0,delete,0.012146798296799962,648.0,106.0,0.01887674998899939,0.0,5.0,4.0,2.0,7.0
919.0,swap,0.01632529252104515,648.0,106.0,0.01887674998899939,0.0,4.0,5.0,2.0,8.0
920.0,delete,0.0685205246673538,649.0,25.0,0.018611009395344845,4.0,5.0,4.0,5.0,3.0
921.0,add,0.017577459445767645,650.0,74.0,0.014749016484096792,0.0,0.0,4.0,6.0,4.0
922.0,add,0.010247924123853058,651.0,53.0,0.013587375462052796,1.0,2.0,6.0,7.0,3.0
923.0,add,0.017549384156446877,652.0,105.0,0.015694885122556186,0.0,5.0,3.0,3.0,8.0
924.0,delete,0.012146798296799962,653.0,107.0,0.012146798296799962,0.0,5.0,4.0,2.0,7.0
925.0,add,0.012146798296799962,653.0,107.0,0.012146798296799962,0.0,6.0,4.0,2.0,7.0
926.0,delete,0.012146798296799962,653.0,107.0,0.012146798296799962,0.0,5.0,4.0,2.0,6.0
927.0,swap,0.012056618021503525,653.0,107.0,0.012146798296799962,0.0,5.0,5.0,1.0,7.0
928.0,delete,0.04466381046100961,654.0,89.0,0.014282106452815876,0.0,5.0,5.0,4.0,7.0
929.0,add,0.01938597476191359,655.0,75.0,0.014779896101310575,0.0,0.0,5.0,6.0,4.0
930.0,delete,0.14211745708326268,656.0,26.0,0.01769241595605267,4.0,5.0,2.0,5.0,4.0
931.0,delete,0.00814378575977713,657.0,99.0,0.011530029863594669,0.0,3.0,3.0,5.0,6.0
932.0,add,0.017305872687276642,658.0,104.0,0.01388750529060069,0.0,4.0,3.0,2.0,9.0
933.0,add,0.00730821927876106,659.0,54.0,0.013739591888022214,1.0,3.0,5.0,7.0,4.0
934.0,delete,0.018899977149169658,660.0,106.0,0.012128762241740674,0.0,5.0,4.0,1.0,8.0
935.0,delete,0.04497142397075682,661.0,90.0,0.012932800233259299,0.0,4.0,5.0,4.0,7.0
936.0,delete,0.007056473468788732,662.0,100.0,0.012194192148051897,0.0,3.0,3.0,3.0,7.0
937.0,add,0.012092699675825876,663.0,108.0,0.012146798296799962,0.0,6.0,4.0,2.0,7.0
938.0,delete,0.011569976957466336,663.0,108.0,0.012146798296799962,0.0,6.0,3.0,2.0,7.0
939.0,swap,0.012835222236594057,663.0,108.0,0.012146798296799962,0.0,5.0,5.0,2.0,7.0
940.0,delete,0.35320771265859474,664.0,27.0,0.016994122406335768,3.0,5.0,2.0,5.0,4.0
941.0,delete,0.019114712838107818,665.0,76.0,0.014742103258741078,0.0,1.0,5.0,4.0,4.0
942.0,add,0.02163271621198105,666.0,105.0,0.014171062582894689,0.0,5.0,3.0,2.0,9.0
943.0,delete,0.008438806723701819,667.0,55.0,0.013797019844928218,1.0,3.0,4.0,7.0,4.0
944.0,add,0.01931548396413094,668.0,107.0,0.012161174291671559,0.0,5.0,4.0,2.0,8.0
945.0,delete,0.013718170978784252,669.0,91.0,0.01206627111197072,0.0,3.0,4.0,5.0,7.0
946.0,delete,0.011569976957466336,670.0,109.0,0.011569976957466336,0.0,6.0,3.0,2.0,7.0
947.0,delete,0.011153203229061336,670.0,109.0,0.011569976957466336,0.0,6.0,2.0,2.0,7.0
948.0,swap,0.013427343853306462,670.0,109.0,0.011569976957466336,0.0,5.0,4.0,2.0,7.0
949.0,add,0.008195508120817346,671.0,101.0,0.01327195528302792,0.0,4.0,3.0,3.0,7.0
950.0,add,0.01893105237877058,672.0,77.0,0.014659530007558763,0.0,2.0,5.0,4.0,4.0
951.0,add,0.018776664029711933,673.0,28.0,0.015946134783296234,2.0,5.0,4.0,5.0,4.0
952.0,delete,0.01895158027628878,674.0,106.0,0.013192899633209567,0.0,5.0,4.0,2.0,7.0
953.0,delete,0.01568349129494422,675.0,108.0,0.011930125249325118,0.0,5.0,4.0,2.0,7.0
954.0,add,0.007369512515745336,676.0,56.0,0.013777777131891072,1.0,2.0,6.0,7.0,4.0
955.0,delete,0.01789489059963359,677.0,92.0,0.011938687832677616,0.0,2.0,4.0,5.0,7.0
956.0,delete,0.011153203229061347,678.0,110.0,0.011153203229061336,0.0,6.0,2.0,2.0,7.0
957.0,delete,0.013398135873014513,678.0,110.0,0.011153203229061336,0.0,5.0,2.0,2.0,7.0
958.0,swap,0.014848587812589189,678.0,110.0,0.011153203229061336,0.0,6.0,2.0,1.0,8.0
959.0,delete,0.014774023519390868,679.0,102.0,0.014115045205930841,0.0,4.0,2.0,3.0,7.0
960.0,delete,0.007073580550265921,680.0,78.0,0.014609754867844283,0.0,1.0,5.0,4.0,4.0
961.0,delete,0.019296104014464365,681.0,29.0,0.015596447715633765,2.0,4.0,3.0,5.0,5.0
962.0,add,0.012349645513701282,682.0,107.0,0.013266176948355047,0.0,5.0,5.0,2.0,7.0
963.0,delete,0.01102410220584717,683.0,109.0,0.012638282535931595,0.0,6.0,2.0,2.0,7.0
964.0,delete,0.044603868492676065,684.0,57.0,0.013678337581991936,1.0,2.0,5.0,8.0,3.0
965.0,delete,0.011764466439734061,685.0,111.0,0.013398135873014513,0.0,5.0,2.0,2.0,7.0
966.0,add,0.0071247019444670755,685.0,111.0,0.013398135873014513,0.0,5.0,3.0,2.0,7.0
967.0,delete,0.01102951146700402,685.0,111.0,0.013398135873014513,0.0,5.0,1.0,2.0,7.0
968.0,swap,0.013398135873014513,685.0,111.0,0.013398135873014513,0.0,5.0,2.0,2.0,7.0
969.0,add,0.01789489059963362,686.0,93.0,0.011515902983963135,0.0,4.0,4.0,4.0,7.0
970.0,add,0.008029622252295397,687.0,103.0,0.014682954073592614,0.0,4.0,3.0,2.0,8.0
971.0,add,0.008978441889189597,688.0,79.0,0.014511324628132746,0.0,1.0,5.0,4.0,5.0
972.0,add,0.019099161528909052,689.0,30.0,0.015316914234792943,2.0,5.0,3.0,5.0,5.0
973.0,delete,0.012146798296799962,690.0,108.0,0.012088064395152044,0.0,6.0,4.0,2.0,6.0
974.0,delete,0.00757713259826403,691.0,58.0,0.013628212155253316,0.0,2.0,4.0,8.0,4.0
975.0,delete,0.011153203229061336,692.0,110.0,0.011342990319446838,0.0,6.0,2.0,2.0,6.0
976.0,add,0.007837593184013706,693.0,112.0,0.0071247019444670755,0.0,5.0,3.0,2.0,7.0
977.0,add,0.0071247019444670755,693.0,112.0,0.0071247019444670755,0.0,6.0,3.0,2.0,7.0
978.0,delete,0.0071247019444670755,693.0,112.0,0.0071247019444670755,0.0,5.0,3.0,2.0,6.0
979.0,swap,0.006767874079307316,693.0,112.0,0.0071247019444670755,0.0,5.0,3.0,2.0,7.0
980.0,add,0.007312495240232718,694.0,94.0,0.010847693328272307,0.0,5.0,4.0,4.0,7.0
981.0,add,0.012524240785255835,695.0,104.0,0.013100194673133444,0.0,4.0,3.0,2.0,9.0
982.0,add,0.011532768619011246,696.0,80.0,0.014419551326459787,0.0,1.0,5.0,6.0,4.0
983.0,add,0.010123496484817642,697.0,31.0,0.015131193256086252,2.0,6.0,4.0,5.0,4.0
984.0,delete,0.06483688261650783,698.0,59.0,0.013503857163875164,1.0,2.0,3.0,7.0,4.0
985.0,delete,0.01619823954536172,699.0,109.0,0.010350151603936408,0.0,5.0,3.0,2.0,7.0
986.0,add,0.013324460243733155,700.0,111.0,0.00719591461934445,0.0,5.0,2.0,2.0,8.0
987.0,delete,0.007225865897433621,701.0,95.0,0.010910377393334576,0.0,3.0,4.0,4.0,8.0
988.0,delete,0.011235420683114323,702.0,110.0,0.010004316929298531,0.0,6.0,2.0,1.0,7.0
989.0,add,0.007124701944467082,703.0,113.0,0.0071247019444670755,0.0,6.0,3.0,2.0,7.0
990.0,delete,0.00787552635499819,703.0,113.0,0.0071247019444670755,0.0,5.0,3.0,2.0,7.0
991.0,swap,0.006759510073102245,703.0,113.0,0.0071247019444670755,0.0,6.0,3.0,2.0,7.0
992.0,add,0.01898880367581714,704.0,105.0,0.012602947103564306,0.0,5.0,3.0,3.0,8.0
993.0,delete,0.011840104783059833,705.0,32.0,0.01517005611087673,2.0,4.0,5.0,5.0,4.0
994.0,delete,0.006879357192753369,706.0,60.0,0.013418321278808395,0.0,2.0,3.0,7.0,4.0
995.0,add,0.006797684502475729,707.0,81.0,0.014479230913250898,0.0,1.0,6.0,6.0,4.0
996.0,add,0.007164096928548897,708.0,112.0,0.007221110079258648,0.0,5.0,3.0,2.0,8.0
997.0,delete,0.01587555510389514,709.0,96.0,0.01098307879901395,0.0,4.0,3.0,4.0,7.0
998.0,delete,0.0071948160983917485,710.0,114.0,0.00787552635499819,0.0,5.0,3.0,2.0,7.0
999.0,delete,0.007634216184510911,710.0,114.0,0.00787552635499819,0.0,5.0,3.0,2.0,6.0
1000.0,swap,0.007806142719805223,710.0,114.0,0.00787552635499819,0.0,5.0,3.0,3.0,6.0
1001.0,delete,0.01887674998899939,711.0,106.0,0.011417631515388514,0.0,5.0,4.0,2.0,7.0
1002.0,add,0.013398135873014513,712.0,111.0,0.007758695664944591,0.0,6.0,2.0,2.0,7.0
1003.0,delete,0.0318743600890289,713.0,33.0,0.014970550383935305,2.0,4.0,5.0,4.0,4.0
1004.0,delete,0.0072903849490834035,714.0,113.0,0.007627675339426519,0.0,6.0,3.0,2.0,6.0
1005.0,add,0.007103482425403721,715.0,61.0,0.013416398745725713,1.0,2.0,2.0,8.0,4.0
1006.0,add,0.013524022109557257,716.0,82.0,0.014528554282506772,0.0,2.0,7.0,5.0,4.0
1007.0,delete,0.0069993105189139196,717.0,115.0,0.007634216184510911,0.0,5.0,3.0,2.0,6.0
1008.0,add,0.007634216184510911,717.0,115.0,0.007634216184510911,0.0,6.0,3.0,2.0,6.0
1009.0,delete,0.007634216184510911,717.0,115.0,0.007634216184510911,0.0,4.0,3.0,2.0,6.0
1010.0,swap,0.007722175728609472,717.0,115.0,0.007634216184510911,0.0,5.0,4.0,2.0,5.0
1011.0,add,0.007056473468788732,718.0,97.0,0.011065952853031292,0.0,5.0,3.0,4.0,7.0
1012.0,add,0.01214679829679995,719.0,107.0,0.010525878242920544,0.0,6.0,4.0,2.0,7.0
1013.0,delete,0.011863839712416665,720.0,34.0,0.01474056222091311,2.0,4.0,4.0,4.0,4.0
1014.0,add,0.00776488703173889,721.0,112.0,0.007381847370301537,0.0,5.0,3.0,2.0,8.0
1015.0,delete,0.007103482425403721,722.0,62.0,0.013432749606110322,1.0,2.0,2.0,7.0,4.0
1016.0,delete,0.008468724278330425,723.0,114.0,0.007524826960211224,0.0,4.0,3.0,2.0,7.0
1017.0,add,0.006972122537340288,724.0,83.0,0.014531953537654407,0.0,3.0,6.0,5.0,5.0
1018.0,delete,0.014056396516759254,725.0,98.0,0.011157910689342049,0.0,4.0,3.0,5.0,6.0
1019.0,add,0.008915258496217092,726.0,116.0,0.007634216184510911,0.0,6.0,3.0,2.0,6.0
1020.0,delete,0.022012231766691696,726.0,116.0,0.007634216184510911,0.0,6.0,2.0,2.0,6.0
1021.0,swap,0.007634216184510911,726.0,116.0,0.007634216184510911,0.0,6.0,3.0,2.0,6.0
1022.0,delete,0.01887674998899939,727.0,108.0,0.010177264944681469,0.0,6.0,4.0,2.0,6.0
1023.0,delete,0.018486138517983197,728.0,35.0,0.014749247066566318,2.0,3.0,3.0,5.0,4.0
1024.0,delete,0.0071247019444670755,729.0,113.0,0.008832418126852678,0.0,6.0,3.0,2.0,6.0
1025.0,add,0.007512198660817605,730.0,115.0,0.011548980657982653,0.0,5.0,3.0,2.0,7.0
1026.0,add,0.007103482425403721,731.0,63.0,0.013458061316013467,1.0,4.0,2.0,6.0,4.0
1027.0,delete,0.014056396516759266,732.0,99.0,0.01144102653171989,0.0,3.0,3.0,5.0,6.0
1028.0,add,0.9288459652466221,733.0,1.0,0.06578983239951328,4.0,0.0,0.0,1.0,0.0
1029.0,add,0.00675435153707044,734.0,84.0,0.014709805889460964,0.0,4.0,6.0,5.0,5.0
1030.0,delete,0.021310973506444633,735.0,117.0,0.022012231766691696,0.0,6.0,2.0,2.0,6.0
1031.0,add,0.02275388597603371,735.0,117.0,0.022012231766691696,0.0,6.0,3.0,2.0,6.0
1032.0,delete,0.03411008066204206,735.0,117.0,0.022012231766691696,0.0,6.0,2.0,2.0,5.0
1033.0,swap,0.007850630108754421,735.0,117.0,0.022012231766691696,0.0,5.0,3.0,2.0,6.0
1034.0,delete,0.013463128662080602,736.0,109.0,0.010813548324044754,0.0,5.0,3.0,2.0,7.0
1035.0,add,0.011863839712416686,737.0,36.0,0.014808473382335164,2.0,4.0,4.0,4.0,4.0
1036.0,delete,0.008514758179722786,738.0,114.0,0.012728023888635618,0.0,5.0,2.0,2.0,7.0
1037.0,delete,0.01062429481213837,739.0,64.0,0.013549081131270235,1.0,3.0,3.0,5.0,4.0
1038.0,delete,0.0069802402580385866,740.0,100.0,0.011979909482718936,0.0,3.0,3.0,4.0,6.0
1039.0,delete,0.007634216184510911,741.0,116.0,0.021607560403993302,0.0,6.0,3.0,2.0,5.0
1040.0,add,0.9236299142412197,742.0,2.0,0.05810544485568768,4.0,0.0,0.0,2.0,0.0
1041.0,add,0.014899388195531332,743.0,85.0,0.014862172789623767,0.0,4.0,7.0,5.0,5.0
1042.0,add,0.02275388597603371,744.0,118.0,0.02275388597603371,0.0,6.0,3.0,2.0,6.0
1043.0,delete,0.023168758638393773,744.0,118.0,0.02275388597603371,0.0,6.0,3.0,1.0,6.0
1044.0,swap,0.01339787598286787,744.0,118.0,0.02275388597603371,0.0,5.0,4.0,2.0,6.0
1045.0,delete,0.011153203229061336,745.0,110.0,0.011084088785986419,0.0,6.0,2.0,2.0,6.0
1046.0,add,0.007634216184510911,746.0,115.0,0.015899109871371483,0.0,5.0,3.0,2.0,7.0
1047.0,add,0.03149089756385627,747.0,37.0,0.014843239942835155,2.0,3.0,5.0,4.0,5.0
1048.0,add,0.022012231766691707,748.0,117.0,0.020518601643332267,0.0,6.0,2.0,2.0,7.0
1049.0,add,0.007026722278309857,749.0,65.0,0.013633371987554009,1.0,3.0,3.0,5.0,5.0
1050.0,add,0.008266123915074784,750.0,101.0,0.012525771877204916,0.0,3.0,3.0,3.0,8.0
1051.0,delete,0.02062031090959077,751.0,119.0,0.023168758638393773,0.0,6.0,3.0,1.0,6.0
1052.0,add,0.022748849866839255,751.0,119.0,0.023168758638393773,0.0,6.0,3.0,2.0,6.0
1053.0,delete,0.023184859142923186,751.0,119.0,0.023168758638393773,0.0,6.0,3.0,0.0,6.0
1054.0,swap,0.013512863113236174,751.0,119.0,0.023168758638393773,0.0,6.0,3.0,2.0,5.0
1055.0,add,0.2003329313420537,752.0,3.0,0.0505249798863502,4.0,0.0,2.0,1.0,0.0
1056.0,add,0.012402500003245822,753.0,86.0,0.015246496750333578,0.0,5.0,6.0,5.0,6.0
1057.0,add,0.013398135873014526,754.0,111.0,0.012004441405958353,0.0,5.0,2.0,2.0,8.0
1058.0,delete,0.00880510634087532,755.0,116.0,0.019790832400075276,0.0,5.0,3.0,2.0,6.0
1059.0,add,0.01006792522769727,756.0,38.0,0.01471325206372123,2.0,3.0,5.0,4.0,6.0
1060.0,delete,0.012759444241555621,757.0,66.0,0.013703273811407046,1.0,3.0,3.0,4.0,5.0
1061.0,delete,0.010720192993975133,758.0,102.0,0.01306112781327142,0.0,4.0,3.0,3.0,6.0
1062.0,delete,0.02275388597603371,759.0,118.0,0.020647128334196633,0.0,6.0,3.0,2.0,5.0
1063.0,delete,0.00687253267342709,760.0,87.0,0.015448559091897802,0.0,4.0,6.0,5.0,6.0
1064.0,add,0.44914859687323166,761.0,4.0,0.046673454814244036,4.0,1.0,1.0,1.0,1.0
1065.0,add,0.032023181712165304,762.0,120.0,0.022748849866839255,0.0,6.0,3.0,2.0,6.0
1066.0,add,0.012933182823803478,762.0,120.0,0.022748849866839255,0.0,7.0,3.0,2.0,6.0
1067.0,delete,0.032139187305187965,762.0,120.0,0.022748849866839255,0.0,5.0,3.0,2.0,6.0
1068.0,swap,0.022172129798709146,762.0,120.0,0.022748849866839255,0.0,5.0,3.0,2.0,7.0
1069.0,add,0.007750773918462447,763.0,112.0,0.01383978791053816,0.0,5.0,4.0,2.0,7.0
1070.0,delete,0.009772494971011108,764.0,67.0,0.013829400978768464,1.0,2.0,3.0,5.0,4.0
1071.0,add,0.013132199030374549,765.0,39.0,0.014736617774144239,2.0,3.0,6.0,5.0,5.0
1072.0,add,0.02201223176669168,766.0,117.0,0.02186964921346498,0.0,7.0,2.0,2.0,6.0
1073.0,add,0.012603341737532948,767.0,103.0,0.013978816537899142,0.0,4.0,4.0,2.0,7.0
1074.0,add,0.022785618881931927,768.0,119.0,0.024403306301341028,0.0,6.0,3.0,1.0,7.0
1075.0,add,0.025954864972726713,769.0,88.0,0.015120291606229165,0.0,5.0,5.0,5.0,7.0
1076.0,add,0.44914859687323144,770.0,5.0,0.04321899842832023,4.0,2.0,1.0,1.0,1.0
1077.0,delete,0.022012231766691696,771.0,118.0,0.02254934801534679,0.0,6.0,2.0,2.0,6.0
1078.0,delete,0.0071247019444670755,772.0,113.0,0.015341115098078348,0.0,6.0,3.0,2.0,6.0
1079.0,add,0.013145252373882055,773.0,121.0,0.012933182823803478,0.0,7.0,3.0,2.0,6.0
1080.0,add,0.01261272708733143,773.0,121.0,0.012933182823803478,0.0,7.0,3.0,3.0,6.0
1081.0,delete,0.012933182823803478,773.0,121.0,0.012933182823803478,0.0,7.0,3.0,2.0,5.0
1082.0,swap,0.022748849866839255,773.0,121.0,0.012933182823803478,0.0,7.0,3.0,2.0,6.0
1083.0,delete,0.007303709254394797,774.0,40.0,0.014826429755475816,2.0,3.0,6.0,4.0,5.0
1084.0,add,0.010117331012359728,775.0,68.0,0.013961312681320245,1.0,2.0,3.0,6.0,4.0
1085.0,add,0.022861282976633646,776.0,104.0,0.013863962953543349,0.0,4.0,3.0,3.0,8.0
1086.0,delete,0.046552144864379696,777.0,89.0,0.0141667163041808,0.0,5.0,5.0,5.0,6.0
1087.0,add,0.022748849866839255,778.0,120.0,0.01487463899513194,0.0,6.0,3.0,2.0,7.0
1088.0,add,0.4414959526367105,779.0,6.0,0.037990980463189675,4.0,1.0,1.0,3.0,1.0
1089.0,delete,0.013398135873014538,780.0,114.0,0.016543609712230907,0.0,5.0,2.0,2.0,7.0
1090.0,add,0.019908540478239787,781.0,119.0,0.02081736476430296,0.0,6.0,3.0,1.0,7.0
1091.0,add,0.01261272708733143,782.0,122.0,0.01261272708733143,0.0,7.0,3.0,3.0,6.0
1092.0,delete,0.0129759622950382,782.0,122.0,0.01261272708733143,0.0,6.0,3.0,3.0,6.0
1093.0,swap,0.018542278005989538,782.0,122.0,0.01261272708733143,0.0,8.0,3.0,3.0,5.0
1094.0,delete,0.015436618067077492,783.0,41.0,0.014967983544070702,2.0,3.0,5.0,4.0,5.0
1095.0,add,0.010000433820062476,784.0,69.0,0.014180219225737981,1.0,3.0,4.0,5.0,4.0
1096.0,add,0.013096045538894329,785.0,121.0,0.014185923618922649,0.0,7.0,3.0,2.0,7.0
1097.0,delete,0.020250013635644926,786.0,90.0,0.013436779572100873,0.0,4.0,5.0,5.0,6.0
1098.0,add,0.01026534483796422,787.0,105.0,0.014038995200239235,0.0,5.0,4.0,2.0,8.0
1099.0,delete,0.013536743824488988,788.0,123.0,0.0129759622950382,0.0,6.0,3.0,3.0,6.0
1100.0,add,0.013857535642224071,788.0,123.0,0.0129759622950382,0.0,6.0,3.0,4.0,6.0
1101.0,delete,0.013008023945400373,788.0,123.0,0.0129759622950382,0.0,6.0,3.0,2.0,6.0
1102.0,swap,0.013397473826162572,788.0,123.0,0.0129759622950382,0.0,7.0,2.0,3.0,6.0
1103.0,add,0.444261630203607,789.0,7.0,0.033567570969798906,4.0,2.0,1.0,2.0,2.0
1104.0,add,0.007634216184510911,790.0,115.0,0.017361016865385142,0.0,6.0,3.0,2.0,6.0
1105.0,add,0.007295293989717277,791.0,42.0,0.015031448576982829,2.0,3.0,6.0,5.0,4.0
1106.0,delete,0.0073081146084328545,792.0,70.0,0.014241430585298488,1.0,2.0,4.0,5.0,4.0
1107.0,add,0.0226506778725336,793.0,120.0,0.01486777392914489,0.0,6.0,4.0,2.0,6.0
1108.0,delete,0.014041869456981035,794.0,91.0,0.012859630269653704,0.0,4.0,4.0,5.0,6.0
1109.0,delete,0.01887674998899938,795.0,106.0,0.013796652308647574,0.0,4.0,4.0,2.0,8.0
1110.0,delete,0.012933182823803478,796.0,122.0,0.013355147906662843,0.0,7.0,3.0,2.0,6.0
1111.0,delete,0.007647240351842312,797.0,116.0,0.018600422136716557,0.0,6.0,3.0,1.0,6.0
1112.0,add,0.37270780348391747,798.0,8.0,0.030100447418908483,4.0,1.0,2.0,2.0,3.0
1113.0,add,0.013337319656753608,799.0,124.0,0.013857535642224071,0.0,6.0,3.0,4.0,6.0
1114.0,add,0.017437755249081956,799.0,124.0,0.013857535642224071,0.0,6.0,3.0,4.0,7.0
1115.0,delete,0.025484100152228795,799.0,124.0,0.013857535642224071,0.0,5.0,3.0,4.0,6.0
1116.0,swap,0.02154227308180081,799.0,124.0,0.013857535642224071,0.0,5.0,3.0,5.0,6.0
1117.0,add,0.010231997980322585,800.0,43.0,0.015094113153072297,2.0,3.0,6.0,5.0,5.0
1118.0,delete,0.007811094864997968,801.0,71.0,0.014390468224083285,1.0,1.0,4.0,5.0,4.0
1119.0,delete,0.018302552673253068,802.0,92.0,0.012913582849588023,0.0,3.0,4.0,5.0,6.0
1120.0,add,0.012900651585709905,803.0,121.0,0.015312439158323542,0.0,7.0,3.0,3.0,6.0
1121.0,add,0.00819204200815002,804.0,107.0,0.013856036647616787,0.0,5.0,5.0,2.0,7.0
1122.0,add,0.015906587110713813,805.0,123.0,0.01833179675641785,0.0,6.0,4.0,3.0,6.0
1123.0,add,0.02255373708434443,806.0,117.0,0.018725690040997833,0.0,6.0,3.0,2.0,6.0
1124.0,add,0.06464518148426988,807.0,9.0,0.026623701054541104,4.0,2.0,2.0,2.0,3.0
1125.0,delete,0.013983942160594936,808.0,122.0,0.01576517796433606,0.0,6.0,3.0,3.0,6.0
1126.0,add,0.01847934468224694,809.0,125.0,0.017437755249081956,0.0,6.0,3.0,4.0,7.0
1127.0,delete,0.017437755249081956,809.0,125.0,0.017437755249081956,0.0,6.0,3.0,4.0,6.0
1128.0,swap,0.012811185775650442,809.0,125.0,0.017437755249081956,0.0,6.0,3.0,3.0,8.0
1129.0,add,0.009921766047937824,810.0,44.0,0.01511211905005973,2.0,3.0,6.0,6.0,5.0
1130.0,delete,0.009867408568529726,811.0,72.0,0.01449688041479488,0.0,2.0,4.0,4.0,4.0
1131.0,add,0.02273740947416838,812.0,93.0,0.01279643095969105,0.0,3.0,4.0,4.0,8.0
1132.0,delete,0.012006697558824114,813.0,108.0,0.014054918060153852,0.0,6.0,4.0,1.0,7.0
1133.0,add,0.0068038702527314105,814.0,124.0,0.016541510239015324,0.0,6.0,4.0,4.0,6.0
1134.0,delete,0.02275388597603371,815.0,118.0,0.017868920467971863,0.0,6.0,3.0,2.0,5.0
1135.0,delete,0.017437755249081956,816.0,126.0,0.017437755249081956,0.0,6.0,3.0,4.0,6.0
1136.0,delete,0.01771783681331203,816.0,126.0,0.017437755249081956,0.0,6.0,2.0,4.0,6.0
1137.0,swap,0.01762755552592575,816.0,126.0,0.017437755249081956,0.0,5.0,3.0,4.0,7.0
1138.0,add,0.135472423900934,817.0,10.0,0.0261207395682668,4.0,1.0,3.0,3.0,3.0
1139.0,delete,0.00679940350305814,818.0,73.0,0.014644364758779603,0.0,1.0,4.0,4.0,4.0
1140.0,add,0.030181395030886776,819.0,123.0,0.01660622111083335,0.0,7.0,3.0,3.0,6.0
1141.0,add,0.01869779491701097,820.0,45.0,0.01510511088760363,2.0,3.0,6.0,6.0,6.0
1142.0,delete,0.011569976957466336,821.0,109.0,0.014341662780732171,0.0,6.0,3.0,2.0,6.0
1143.0,add,0.0073321214306802706,822.0,94.0,0.012739690651217588,0.0,4.0,5.0,4.0,7.0
1144.0,delete,0.016257818775147984,823.0,125.0,0.017555225709350423,0.0,6.0,3.0,3.0,7.0
1145.0,delete,0.01771783681331203,824.0,127.0,0.01771783681331203,0.0,6.0,2.0,4.0,6.0
1146.0,add,0.01771783681331203,824.0,127.0,0.01771783681331203,0.0,7.0,2.0,4.0,6.0
1147.0,delete,0.01771783681331203,824.0,127.0,0.01771783681331203,0.0,6.0,2.0,4.0,5.0
1148.0,swap,0.016443557489514347,824.0,127.0,0.01771783681331203,0.0,5.0,2.0,4.0,7.0
1149.0,add,0.06312921166338097,825.0,11.0,0.025696486740258255,4.0,1.0,2.0,5.0,3.0
1150.0,add,0.012050229491921735,826.0,74.0,0.014704803867786982,0.0,0.0,5.0,5.0,4.0
1151.0,add,0.023168758638393763,827.0,119.0,0.017629867095900923,0.0,7.0,3.0,1.0,6.0
1152.0,delete,0.019381443142923938,828.0,46.0,0.015075950407528774,2.0,3.0,5.0,6.0,6.0
1153.0,delete,0.011153203229061336,829.0,110.0,0.014647380238173252,0.0,5.0,2.0,2.0,7.0
1154.0,delete,0.01789489059963362,830.0,95.0,0.012948420125091445,0.0,4.0,4.0,4.0,7.0
1155.0,add,0.013857535642224071,831.0,124.0,0.016277534269362372,0.0,7.0,3.0,4.0,6.0
1156.0,delete,0.017241875091207077,832.0,126.0,0.017462980948552493,0.0,5.0,3.0,4.0,6.0
1157.0,add,0.01771783681331203,833.0,128.0,0.01771783681331203,0.0,7.0,2.0,4.0,6.0
1158.0,add,0.01844299780761408,833.0,128.0,0.01771783681331203,0.0,7.0,2.0,5.0,6.0
1159.0,delete,0.0175680888839079,833.0,128.0,0.01771783681331203,0.0,6.0,2.0,4.0,6.0
1160.0,swap,0.007750215267961139,833.0,128.0,0.01771783681331203,0.0,7.0,3.0,4.0,5.0
1161.0,add,0.06442685488316817,834.0,12.0,0.02483929884229479,4.0,3.0,2.0,4.0,3.0
1162.0,add,0.019114712838107808,835.0,75.0,0.014688564529654016,0.0,1.0,5.0,5.0,4.0
1163.0,delete,0.03117144347344837,836.0,47.0,0.01494124395121405,2.0,3.0,6.0,5.0,5.0
1164.0,add,0.025405916503882253,837.0,120.0,0.016220368083118848,0.0,6.0,3.0,3.0,6.0
1165.0,delete,0.0072643243139533615,838.0,96.0,0.013224242946735947,0.0,4.0,4.0,3.0,7.0
1166.0,add,0.015146945828887972,839.0,111.0,0.014989070328527213,0.0,5.0,2.0,2.0,8.0
1167.0,delete,0.017437755249081956,840.0,125.0,0.01677120024328588,0.0,6.0,3.0,4.0,6.0
1168.0,add,0.01844299780761408,841.0,127.0,0.015839395117221437,0.0,6.0,2.0,5.0,6.0
1169.0,delete,0.027361878430109052,842.0,126.0,0.01677081058312534,0.0,5.0,3.0,4.0,6.0
1170.0,add,0.01290179964833878,843.0,121.0,0.016342002444874243,0.0,7.0,3.0,3.0,6.0
1171.0,add,0.01844299780761408,844.0,129.0,0.01844299780761408,0.0,7.0,2.0,5.0,6.0
1172.0,delete,0.01844299780761408,844.0,129.0,0.01844299780761408,0.0,7.0,2.0,5.0,5.0
1173.0,swap,0.014590498936214669,844.0,129.0,0.01844299780761408,0.0,7.0,2.0,4.0,7.0
1174.0,add,0.007859278727805652,845.0,13.0,0.02415611150592795,4.0,2.0,3.0,5.0,3.0
1175.0,delete,0.017491007896206476,846.0,48.0,0.014825616500089633,2.0,2.0,5.0,6.0,5.0
1176.0,delete,0.008431270665733466,847.0,76.0,0.014689713925996556,0.0,1.0,5.0,5.0,3.0
1177.0,add,0.013269220361966955,848.0,97.0,0.013581032498371894,0.0,4.0,4.0,4.0,7.0
1178.0,add,0.017315929281921685,849.0,112.0,0.01556402447112103,0.0,5.0,3.0,2.0,8.0
1179.0,add,0.014309070492822415,850.0,128.0,0.017479873089764227,0.0,7.0,2.0,4.0,7.0
1180.0,delete,0.01852329261165986,851.0,130.0,0.01844299780761408,0.0,7.0,2.0,5.0,5.0
1181.0,delete,0.029229581802143644,851.0,130.0,0.01844299780761408,0.0,6.0,2.0,5.0,5.0
1182.0,swap,0.01844299780761409,851.0,130.0,0.01844299780761408,0.0,7.0,2.0,6.0,4.0
1183.0,delete,0.013067795656212943,852.0,122.0,0.017062319592939544,0.0,7.0,2.0,3.0,6.0
1184.0,add,0.007554984429016454,853.0,14.0,0.02371926900359975,4.0,3.0,3.0,5.0,3.0
1185.0,add,0.01893105237877059,854.0,77.0,0.014697340950680838,0.0,1.0,5.0,4.0,5.0
1186.0,add,0.030854248129069995,855.0,49.0,0.01464421790689461,2.0,3.0,6.0,6.0,4.0
1187.0,add,0.01771783681331203,856.0,127.0,0.017663185435338777,0.0,7.0,2.0,4.0,6.0
1188.0,delete,0.010720192993975133,857.0,98.0,0.013905104751337468,0.0,4.0,3.0,5.0,6.0
1189.0,delete,0.0070608087816109045,858.0,113.0,0.01622678822938552,0.0,6.0,3.0,1.0,7.0
1190.0,delete,0.018135043060089867,859.0,129.0,0.021159717507257918,0.0,6.0,2.0,5.0,6.0
1191.0,delete,0.029229581802143644,860.0,131.0,0.029229581802143644,0.0,6.0,2.0,5.0,5.0
1192.0,delete,0.029229581802143644,860.0,131.0,0.029229581802143644,0.0,6.0,2.0,5.0,4.0
1193.0,swap,0.03179885990310801,860.0,131.0,0.029229581802143644,0.0,6.0,2.0,5.0,5.0
1194.0,add,0.01177753507022567,861.0,123.0,0.018645766945395752,0.0,6.0,3.0,3.0,7.0
1195.0,delete,0.014332012003943628,862.0,78.0,0.014746660531708873,0.0,1.0,4.0,4.0,5.0
1196.0,add,0.06259102832628159,863.0,15.0,0.023048346917317816,4.0,4.0,2.0,5.0,4.0
1197.0,delete,0.02934684391480009,864.0,50.0,0.01442423300948246,2.0,2.0,5.0,7.0,4.0
1198.0,add,0.017333135050397092,865.0,128.0,0.021568125136731838,0.0,7.0,2.0,5.0,6.0
1199.0,delete,0.007656188748836421,866.0,99.0,0.014313098245887914,0.0,3.0,2.0,5.0,7.0
1200.0,delete,0.00787552635499819,867.0,114.0,0.017139410412492336,0.0,5.0,3.0,2.0,6.0
1201.0,delete,0.018450606687118846,868.0,130.0,0.029871901327384737,0.0,7.0,2.0,4.0,5.0
1202.0,delete,0.029229581802143644,869.0,132.0,0.029229581802143644,0.0,6.0,2.0,5.0,4.0
1203.0,add,0.03232046108686366,869.0,132.0,0.029229581802143644,0.0,7.0,2.0,5.0,4.0
1204.0,delete,0.029624324891961647,869.0,132.0,0.029229581802143644,0.0,6.0,2.0,4.0,4.0
1205.0,swap,0.016210140462323795,869.0,132.0,0.029229581802143644,0.0,5.0,3.0,5.0,4.0
1206.0,add,0.014789285987427113,870.0,124.0,0.019217242928050778,0.0,6.0,3.0,5.0,6.0
1207.0,delete,0.01163805670262919,871.0,51.0,0.014351134325093032,1.0,2.0,6.0,7.0,3.0
1208.0,add,0.010511176819262568,872.0,16.0,0.022416401411759164,4.0,4.0,3.0,5.0,4.0
1209.0,add,0.012748930872065795,873.0,79.0,0.014880850157479449,0.0,1.0,6.0,4.0,4.0
1210.0,delete,0.00814378575977714,874.0,100.0,0.014693500744312686,0.0,3.0,3.0,4.0,6.0
1211.0,delete,0.01844299780761408,875.0,129.0,0.024528234732840645,0.0,6.0,2.0,5.0,6.0
1212.0,add,0.007098820321454562,876.0,115.0,0.01810701690051038,0.0,5.0,4.0,2.0,6.0
1213.0,delete,0.02931694569943806,877.0,131.0,0.027322818009087278,0.0,6.0,2.0,4.0,5.0
1214.0,add,0.03232046108686366,878.0,133.0,0.03232046108686366,0.0,7.0,2.0,5.0,4.0
1215.0,add,0.03232046108686366,878.0,133.0,0.03232046108686366,0.0,8.0,2.0,5.0,4.0
1216.0,delete,0.03179049390467618,878.0,133.0,0.03232046108686366,0.0,6.0,2.0,5.0,4.0
1217.0,swap,0.02667656892782464,878.0,133.0,0.03232046108686366,0.0,6.0,2.0,5.0,5.0
1218.0,delete,0.04847710999697071,879.0,52.0,0.014298598881951969,1.0,2.0,5.0,7.0,3.0
1219.0,delete,0.009809769331556683,880.0,125.0,0.021223608634960405,0.0,6.0,2.0,4.0,7.0
1220.0,add,0.06436534299702068,881.0,17.0,0.02192901473298412,4.0,6.0,3.0,5.0,3.0
1221.0,add,0.011359102488047536,882.0,80.0,0.015123371192531,0.0,1.0,5.0,6.0,4.0
1222.0,add,0.00707422057216665,883.0,101.0,0.015294995390031157,0.0,3.0,4.0,3.0,7.0
1223.0,delete,0.009090350014695076,884.0,116.0,0.019237118647001995,0.0,5.0,3.0,2.0,6.0
1224.0,delete,0.01844299780761408,885.0,130.0,0.028410546496115484,0.0,6.0,2.0,5.0,5.0
1225.0,add,0.029229581802143672,886.0,132.0,0.031085689218618356,0.0,7.0,2.0,5.0,4.0
1226.0,delete,0.03166620935694848,887.0,131.0,0.02893350932302239,0.0,5.0,2.0,5.0,5.0
1227.0,delete,0.016257818775147984,888.0,126.0,0.022136105203891362,0.0,6.0,3.0,3.0,6.0
1228.0,add,0.0321619519694246,889.0,134.0,0.03232046108686366,0.0,8.0,2.0,5.0,4.0
1229.0,add,0.03232046108686367,889.0,134.0,0.03232046108686366,0.0,9.0,2.0,5.0,4.0
1230.0,delete,0.030432905635719074,889.0,134.0,0.03232046108686366,0.0,8.0,2.0,4.0,4.0
1231.0,swap,0.024418436948775657,889.0,134.0,0.03232046108686366,0.0,7.0,2.0,6.0,4.0
1232.0,add,0.2077143706854713,890.0,18.0,0.021447343507692857,4.0,5.0,4.0,5.0,4.0
1233.0,add,0.007005414354285005,891.0,53.0,0.01439097570920953,1.0,2.0,5.0,7.0,4.0
1234.0,add,0.01411303807690571,892.0,81.0,0.0154494567187067,0.0,1.0,6.0,5.0,5.0
1235.0,delete,0.014056396516759254,893.0,102.0,0.01593157307028347,0.0,4.0,3.0,3.0,6.0
1236.0,add,0.022012231766691707,894.0,117.0,0.02007520375199689,0.0,7.0,2.0,2.0,6.0
1237.0,add,0.03321114839861065,895.0,133.0,0.03033084334552933,0.0,7.0,2.0,5.0,5.0
1238.0,add,0.03243055222062415,896.0,132.0,0.030654811994057195,0.0,6.0,2.0,6.0,4.0
1239.0,add,0.01342927115226412,897.0,127.0,0.0239508394297696,0.0,6.0,3.0,4.0,6.0
1240.0,add,0.03232046108686367,898.0,135.0,0.03232046108686367,0.0,9.0,2.0,5.0,4.0
1241.0,add,0.03481582829388939,898.0,135.0,0.03232046108686367,0.0,9.0,2.0,6.0,4.0
1242.0,delete,0.032874536812174865,898.0,135.0,0.03232046108686367,0.0,9.0,2.0,4.0,4.0
1243.0,swap,0.028535761157251507,898.0,135.0,0.03232046108686367,0.0,8.0,3.0,5.0,4.0
1244.0,delete,0.00947771570113878,899.0,19.0,0.02109068284906231,3.0,5.0,3.0,5.0,5.0
1245.0,add,0.02352623364418351,900.0,54.0,0.014621364959628102,1.0,2.0,5.0,7.0,5.0
1246.0,add,0.007492288935683827,901.0,82.0,0.015861140998090353,0.0,2.0,6.0,6.0,4.0
1247.0,add,0.02009131501173292,902.0,103.0,0.016675690081882404,0.0,4.0,4.0,2.0,7.0
1248.0,delete,0.021578170278692674,903.0,118.0,0.020671920163698995,0.0,5.0,3.0,2.0,6.0
1249.0,add,0.02040357925965615,904.0,134.0,0.03217340968740862,0.0,8.0,3.0,5.0,4.0
1250.0,add,0.03134955014879594,905.0,133.0,0.03034686652146298,0.0,7.0,2.0,6.0,4.0
1251.0,add,0.016720303867756296,906.0,128.0,0.026088913900518634,0.0,7.0,2.0,4.0,7.0
1252.0,add,0.03519307109200243,907.0,136.0,0.03481582829388939,0.0,9.0,2.0,6.0,4.0
1253.0,add,0.012624958843882683,907.0,136.0,0.03481582829388939,0.0,9.0,3.0,6.0,4.0
1254.0,delete,0.03386338840604553,907.0,136.0,0.03481582829388939,0.0,9.0,1.0,6.0,4.0
1255.0,swap,0.06728723945907193,907.0,136.0,0.03481582829388939,0.0,8.0,3.0,6.0,4.0
1256.0,add,0.06119186327106513,908.0,20.0,0.020894246798496975,4.0,4.0,3.0,6.0,5.0
1257.0,delete,0.041649979614392395,909.0,55.0,0.0148017744529922,1.0,3.0,4.0,7.0,4.0
1258.0,add,0.013206955905915412,910.0,83.0,0.01632024808734789,0.0,3.0,7.0,5.0,4.0
1259.0,add,0.0228577750279591,911.0,104.0,0.017144853458128387,0.0,5.0,3.0,2.0,8.0
1260.0,add,0.023168758638393752,912.0,119.0,0.02133956723633657,0.0,6.0,3.0,1.0,7.0
1261.0,add,0.010047793900670645,913.0,135.0,0.03675689721897839,0.0,9.0,3.0,5.0,4.0
1262.0,delete,0.01844299780761408,914.0,129.0,0.0280350100955702,0.0,7.0,2.0,5.0,5.0
1263.0,add,0.02997708062671934,915.0,134.0,0.03093518903621568,0.0,8.0,2.0,5.0,5.0
1264.0,add,0.012559180200185753,916.0,137.0,0.012624958843882683,0.0,9.0,3.0,6.0,4.0
1265.0,delete,0.012009862965269862,916.0,137.0,0.012624958843882683,0.0,8.0,3.0,6.0,4.0
1266.0,swap,0.012825166614563099,916.0,137.0,0.012624958843882683,0.0,9.0,2.0,6.0,5.0
1267.0,add,0.067469675616032,917.0,21.0,0.020394089694814543,4.0,4.0,4.0,6.0,5.0
1268.0,add,0.007814746776948926,918.0,56.0,0.01483660046534335,1.0,2.0,6.0,7.0,4.0
1269.0,add,0.006835680866334898,919.0,84.0,0.01654698853147706,0.0,3.0,6.0,6.0,5.0
1270.0,add,0.0074231233709136785,920.0,105.0,0.017228040254651845,0.0,5.0,4.0,2.0,8.0
1271.0,add,0.022748849866839265,921.0,120.0,0.02077893988361707,0.0,7.0,3.0,2.0,6.0
1272.0,add,0.03684217675415762,922.0,136.0,0.01250479215597535,0.0,9.0,2.0,7.0,4.0
1273.0,delete,0.014927986241511539,923.0,130.0,0.02834850081521901,0.0,6.0,2.0,5.0,5.0
1274.0,delete,0.012009862965269862,924.0,138.0,0.012009862965269862,0.0,8.0,3.0,6.0,4.0
1275.0,delete,0.011304926418370958,924.0,138.0,0.012009862965269862,0.0,7.0,3.0,6.0,4.0
1276.0,swap,0.009521802394073802,924.0,138.0,0.012009862965269862,0.0,8.0,3.0,7.0,3.0
1277.0,delete,0.04128463621302734,925.0,57.0,0.014817581596670413,1.0,2.0,4.0,8.0,4.0
1278.0,delete,0.06687059825761382,926.0,22.0,0.020001531138111275,4.0,5.0,4.0,5.0,4.0
1279.0,delete,0.017449891251290477,927.0,106.0,0.01725380966502213,0.0,5.0,3.0,2.0,8.0
1280.0,add,0.03194735330770525,928.0,135.0,0.02314655833134258,0.0,9.0,2.0,5.0,5.0
1281.0,add,0.006835680866334892,929.0,85.0,0.01671851581934036,0.0,4.0,6.0,6.0,5.0
1282.0,add,0.034779023302903875,930.0,121.0,0.020825676509431998,0.0,7.0,4.0,2.0,6.0
1283.0,delete,0.010052939676904089,931.0,137.0,0.011211613685746122,0.0,9.0,3.0,6.0,3.0
1284.0,delete,0.027601993269207786,932.0,131.0,0.02700709714240351,0.0,6.0,2.0,4.0,5.0
1285.0,delete,0.011304926418370958,933.0,139.0,0.011304926418370958,0.0,7.0,3.0,6.0,4.0
1286.0,delete,0.011053114971517407,933.0,139.0,0.011304926418370958,0.0,7.0,3.0,5.0,4.0
1287.0,swap,0.010974784028015324,933.0,139.0,0.011304926418370958,0.0,8.0,3.0,5.0,4.0
1288.0,delete,0.008500823750081887,934.0,58.0,0.014828721379541474,1.0,2.0,4.0,7.0,4.0
1289.0,delete,0.060648527921214945,935.0,23.0,0.019428245902069294,4.0,5.0,3.0,5.0,4.0
1290.0,add,0.034815828293889454,936.0,136.0,0.013590308520881784,0.0,10.0,2.0,6.0,4.0
1291.0,add,0.015240795392526539,937.0,107.0,0.01748010823022378,0.0,6.0,4.0,2.0,7.0
1292.0,delete,0.012891970839302373,938.0,122.0,0.021052513349670333,0.0,6.0,3.0,3.0,6.0
1293.0,add,0.009755716526061517,939.0,86.0,0.01695604158808026,0.0,5.0,7.0,5.0,5.0
1294.0,delete,0.00978168680001545,940.0,138.0,0.011159437959068663,0.0,8.0,3.0,6.0,3.0
1295.0,delete,0.010958081750902862,941.0,140.0,0.011053114971517407,0.0,7.0,3.0,5.0,4.0
1296.0,add,0.023406994214625047,941.0,140.0,0.011053114971517407,0.0,7.0,4.0,5.0,4.0
1297.0,delete,0.011053114971517407,941.0,140.0,0.011053114971517407,0.0,7.0,3.0,5.0,3.0
1298.0,swap,0.011019769309586001,941.0,140.0,0.011053114971517407,0.0,7.0,4.0,5.0,3.0
1299.0,delete,0.008500823750081887,942.0,59.0,0.014845587237995476,1.0,1.0,4.0,7.0,4.0
1300.0,add,0.03819592944551462,943.0,132.0,0.024342102507076607,0.0,6.0,3.0,5.0,4.0
1301.0,add,0.06923072903466213,944.0,24.0,0.018898789478701473,4.0,5.0,4.0,4.0,5.0
1302.0,delete,0.013319397707181982,945.0,108.0,0.01761201877853902,0.0,6.0,4.0,2.0,6.0
1303.0,delete,0.011720085691845546,946.0,137.0,0.011880912837264541,0.0,9.0,3.0,5.0,4.0
1304.0,delete,0.013289169647279782,947.0,87.0,0.017105856065301094,0.0,5.0,6.0,5.0,5.0
1305.0,add,0.012944298838552698,948.0,123.0,0.021280283326653715,0.0,6.0,3.0,4.0,6.0
1306.0,delete,0.011304926418370958,949.0,139.0,0.013498215043629747,0.0,7.0,3.0,5.0,4.0
1307.0,add,0.02357741449069165,950.0,141.0,0.023406994214625047,0.0,7.0,4.0,5.0,4.0
1308.0,delete,0.023406994214625026,950.0,141.0,0.023406994214625047,0.0,6.0,4.0,5.0,4.0
1309.0,swap,0.052163744735155636,950.0,141.0,0.023406994214625047,0.0,7.0,5.0,5.0,3.0
1310.0,delete,0.00801433021438067,951.0,60.0,0.014864944300797054,1.0,2.0,3.0,6.0,4.0
1311.0,add,0.02997708062671938,952.0,133.0,0.02340910614192464,0.0,7.0,2.0,5.0,5.0
1312.0,delete,0.0685205246673536,953.0,25.0,0.018435185944644168,4.0,4.0,4.0,5.0,4.0
1313.0,delete,0.011569976957466336,954.0,109.0,0.017938250134184597,0.0,6.0,3.0,2.0,6.0
1314.0,delete,0.011682549362231346,955.0,138.0,0.017023882980135747,0.0,8.0,3.0,5.0,4.0
1315.0,add,0.011618843419620281,956.0,140.0,0.030638786913774342,0.0,7.0,3.0,5.0,5.0
1316.0,add,0.024692050021404285,957.0,88.0,0.016970243868131715,0.0,5.0,6.0,5.0,6.0
1317.0,add,0.013857535642224071,958.0,124.0,0.0215905265376594,0.0,7.0,3.0,4.0,6.0
1318.0,delete,0.023406994214625026,959.0,142.0,0.023406994214625026,0.0,6.0,4.0,5.0,4.0
1319.0,delete,0.011315594015791202,959.0,142.0,0.023406994214625026,0.0,5.0,4.0,5.0,4.0
1320.0,swap,0.017581867571549333,959.0,142.0,0.023406994214625026,0.0,6.0,4.0,5.0,4.0
1321.0,add,0.01375224651554945,960.0,61.0,0.014972851060446147,1.0,2.0,3.0,7.0,4.0
1322.0,add,0.010617881221655677,961.0,134.0,0.021287118655363448,0.0,8.0,3.0,5.0,4.0
1323.0,delete,0.3212550717010903,962.0,26.0,0.017771905514204055,4.0,4.0,3.0,5.0,4.0
1324.0,delete,0.011205317566749123,963.0,110.0,0.01798811379683052,0.0,6.0,2.0,1.0,7.0
1325.0,delete,0.007997281260498456,964.0,139.0,0.018605188792198295,0.0,6.0,3.0,6.0,4.0
1326.0,delete,0.02345487385974516,965.0,141.0,0.018927862504147647,0.0,7.0,4.0,4.0,4.0
1327.0,delete,0.013718170978784252,966.0,89.0,0.01640021622666126,0.0,5.0,4.0,5.0,7.0
1328.0,delete,0.01771783681331203,967.0,125.0,0.021690482562703544,0.0,6.0,2.0,4.0,7.0
1329.0,delete,0.011198389745029493,968.0,143.0,0.011315594015791202,0.0,5.0,4.0,5.0,4.0
1330.0,add,0.011315594015791202,968.0,143.0,0.011315594015791202,0.0,6.0,4.0,5.0,4.0
1331.0,delete,0.013860238349819993,968.0,143.0,0.011315594015791202,0.0,5.0,3.0,5.0,4.0
1332.0,swap,0.009861350594321354,968.0,143.0,0.011315594015791202,0.0,4.0,5.0,5.0,4.0
1333.0,delete,0.00694768178567318,969.0,62.0,0.015040958035412062,1.0,3.0,2.0,6.0,4.0
1334.0,delete,0.10272147765853826,970.0,27.0,0.017173073089363097,3.0,4.0,3.0,5.0,4.0
1335.0,add,0.033211148398610696,971.0,135.0,0.018818514850255357,0.0,9.0,2.0,5.0,5.0
1336.0,add,0.013826508337915723,972.0,111.0,0.018148541053905586,0.0,5.0,2.0,3.0,7.0
1337.0,add,0.02350077604977315,973.0,140.0,0.01970529949549157,0.0,7.0,4.0,5.0,4.0
1338.0,delete,0.018572745239978008,974.0,90.0,0.015938258714268752,0.0,4.0,4.0,5.0,7.0
1339.0,delete,0.01743985933329954,975.0,126.0,0.02175851283499247,0.0,6.0,3.0,3.0,6.0
1340.0,delete,0.023406994214625047,976.0,142.0,0.011510233344150649,0.0,5.0,4.0,5.0,4.0
1341.0,add,0.011077025354136363,977.0,144.0,0.011315594015791202,0.0,6.0,4.0,5.0,4.0
1342.0,add,0.011315594015791202,977.0,144.0,0.011315594015791202,0.0,7.0,4.0,5.0,4.0
1343.0,delete,0.011315594015791202,977.0,144.0,0.011315594015791202,0.0,6.0,4.0,5.0,3.0
1344.0,swap,0.01808102237268024,977.0,144.0,0.011315594015791202,0.0,6.0,4.0,5.0,4.0
1345.0,add,0.01289106623052427,978.0,63.0,0.015167126252015408,1.0,3.0,2.0,6.0,5.0
1346.0,add,0.019099161528909045,979.0,28.0,0.016204688481862045,2.0,6.0,3.0,5.0,4.0
1347.0,add,0.009749137531625731,980.0,136.0,0.01595707313934066,0.0,9.0,3.0,6.0,4.0
1348.0,add,0.00779732927618067,981.0,112.0,0.018343697380619688,0.0,5.0,3.0,3.0,7.0
1349.0,delete,0.01371817097878424,982.0,91.0,0.015612743639514313,0.0,4.0,4.0,4.0,7.0
1350.0,delete,0.02917615520053008,983.0,141.0,0.01575700903959442,0.0,6.0,4.0,5.0,4.0
1351.0,add,0.01771437904353402,984.0,127.0,0.02159834501616175,0.0,6.0,2.0,5.0,6.0
1352.0,add,0.006843735789406577,985.0,143.0,0.01262096595483804,0.0,6.0,4.0,5.0,4.0
1353.0,delete,0.017581867571549333,986.0,142.0,0.012690102953016718,0.0,6.0,4.0,5.0,3.0
1354.0,add,0.011521599966817835,987.0,145.0,0.011315594015791202,0.0,7.0,4.0,5.0,4.0
1355.0,delete,0.008574394975194835,987.0,145.0,0.011315594015791202,0.0,7.0,4.0,5.0,3.0
1356.0,swap,0.009681748320736401,987.0,145.0,0.011315594015791202,0.0,6.0,4.0,6.0,4.0
1357.0,delete,0.09827615382855073,988.0,29.0,0.01597316696527617,2.0,5.0,2.0,5.0,5.0
1358.0,delete,0.010391272214306996,989.0,64.0,0.015192990428379502,1.0,2.0,3.0,6.0,4.0
1359.0,delete,0.008283688953516551,990.0,113.0,0.018531030463540533,0.0,5.0,3.0,2.0,7.0
1360.0,delete,0.007308092701732665,991.0,92.0,0.015586338884210854,0.0,3.0,3.0,5.0,7.0
1361.0,delete,0.023686201853933473,992.0,137.0,0.014926710163199585,0.0,8.0,3.0,6.0,4.0
1362.0,add,0.014872258267407507,993.0,144.0,0.010273334319635067,0.0,6.0,5.0,5.0,4.0
1363.0,add,0.017717836813312012,994.0,128.0,0.021425969753351575,0.0,8.0,2.0,4.0,6.0
1364.0,delete,0.008574394975194835,995.0,146.0,0.008574394975194835,0.0,7.0,4.0,5.0,3.0
1365.0,delete,0.018092432750198593,995.0,146.0,0.008574394975194835,0.0,7.0,3.0,5.0,3.0
1366.0,swap,0.03165502175537314,995.0,146.0,0.008574394975194835,0.0,8.0,3.0,5.0,3.0
1367.0,add,0.01429948246807039,996.0,65.0,0.015274335792487834,1.0,3.0,4.0,5.0,4.0
1368.0,delete,0.026660084770156117,997.0,138.0,0.015746866768649843,0.0,7.0,3.0,6.0,4.0
1369.0,add,0.02106939654874417,998.0,30.0,0.015809648701782274,2.0,5.0,3.0,6.0,4.0
1370.0,delete,0.007044038070069389,999.0,114.0,0.018950568540142175,0.0,4.0,3.0,2.0,7.0
1371.0,add,0.009942751451995347,1000.0,143.0,0.013301570505732302,0.0,5.0,5.0,5.0,4.0
1372.0,add,0.02073795993052736,1001.0,93.0,0.01556752646166618,0.0,3.0,5.0,4.0,7.0
1373.0,delete,0.016075154142269787,1002.0,145.0,0.01672406111399035,0.0,6.0,4.0,5.0,4.0
1374.0,delete,0.014927986241511539,1003.0,129.0,0.02153538971298656,0.0,6.0,2.0,5.0,6.0
1375.0,delete,0.01812799260287,1004.0,147.0,0.018092432750198593,0.0,7.0,3.0,5.0,3.0
1376.0,delete,0.017954277045734744,1004.0,147.0,0.018092432750198593,0.0,7.0,3.0,4.0,3.0
1377.0,swap,0.015001129475641972,1004.0,147.0,0.018092432750198593,0.0,7.0,3.0,5.0,3.0
1378.0,delete,0.012917562709998,1005.0,66.0,0.015341272351181769,1.0,3.0,3.0,4.0,5.0
1379.0,delete,0.010376939914600118,1006.0,139.0,0.016298177560937537,0.0,7.0,3.0,6.0,3.0
1380.0,add,0.01131559401579121,1007.0,144.0,0.015120499857769238,0.0,7.0,4.0,5.0,4.0
1381.0,add,0.011135070382925931,1008.0,31.0,0.015733748244358785,2.0,5.0,4.0,5.0,5.0
1382.0,add,0.007634216184510904,1009.0,115.0,0.019163067426066493,0.0,5.0,3.0,2.0,7.0
1383.0,delete,0.00675201255334173,1010.0,146.0,0.017293957968611325,0.0,6.0,4.0,5.0,3.0
1384.0,add,0.018665903060237844,1011.0,94.0,0.015433140948497022,0.0,4.0,4.0,4.0,8.0
1385.0,delete,0.01717995839634138,1012.0,130.0,0.02123242519049415,0.0,7.0,2.0,4.0,5.0
1386.0,delete,0.017946491748203154,1013.0,148.0,0.017954277045734744,0.0,7.0,3.0,4.0,3.0
1387.0,add,0.017954277045734744,1013.0,148.0,0.017954277045734744,0.0,7.0,3.0,4.0,4.0
1388.0,delete,0.017954277045734726,1013.0,148.0,0.017954277045734744,0.0,7.0,3.0,3.0,3.0
1389.0,swap,0.019629179113099002,1013.0,148.0,0.017954277045734744,0.0,6.0,3.0,4.0,4.0
1390.0,delete,0.012917562709998,1014.0,67.0,0.015370924390780758,1.0,2.0,3.0,4.0,5.0
1391.0,add,0.011053114971517407,1015.0,140.0,0.017002316131925325,0.0,8.0,3.0,5.0,4.0
1392.0,delete,0.011840104783059833,1016.0,32.0,0.015743042859877522,2.0,5.0,5.0,4.0,4.0
1393.0,delete,0.007634216184510911,1017.0,116.0,0.019417301859045177,0.0,5.0,3.0,2.0,6.0
1394.0,delete,0.010872642733954548,1018.0,145.0,0.01648392578681471,0.0,7.0,4.0,5.0,3.0
1395.0,delete,0.007204150589956114,1019.0,95.0,0.01552826383563536,0.0,4.0,4.0,3.0,8.0
1396.0,delete,0.029229581802143644,1020.0,131.0,0.02077487978279419,0.0,6.0,2.0,5.0,4.0
1397.0,delete,0.0351795248758012,1021.0,147.0,0.018287700399701273,0.0,6.0,3.0,5.0,3.0
1398.0,add,0.017954277045734744,1022.0,149.0,0.017954277045734744,0.0,7.0,3.0,4.0,4.0
1399.0,add,0.013291027371567022,1022.0,149.0,0.017954277045734744,0.0,7.0,4.0,4.0,4.0
1400.0,delete,0.032254028842305715,1022.0,149.0,0.017954277045734744,0.0,7.0,3.0,4.0,3.0
1401.0,swap,0.009205224057293585,1022.0,149.0,0.017954277045734744,0.0,6.0,4.0,4.0,4.0
1402.0,add,0.010117331012359728,1023.0,68.0,0.015455992631002715,1.0,2.0,3.0,6.0,4.0
1403.0,delete,0.031874360089028914,1024.0,33.0,0.015682945184306463,2.0,3.0,5.0,5.0,4.0
1404.0,delete,0.017581867571549333,1025.0,141.0,0.0162093072510684,0.0,7.0,4.0,5.0,3.0
1405.0,add,0.019086084747455666,1026.0,117.0,0.01963742964112225,0.0,6.0,2.0,2.0,7.0
1406.0,delete,0.017506747572222734,1027.0,96.0,0.015774900842088366,0.0,4.0,4.0,4.0,6.0
1407.0,delete,0.007460994103796036,1028.0,146.0,0.01837829654094721,0.0,7.0,4.0,5.0,2.0
1408.0,add,0.028334202581483413,1029.0,132.0,0.020187116710087133,0.0,6.0,2.0,6.0,4.0
1409.0,add,0.018668389286496966,1030.0,148.0,0.018131766872527162,0.0,7.0,3.0,5.0,3.0
1410.0,delete,0.011396283936225491,1031.0,147.0,0.019817361225245963,0.0,6.0,3.0,5.0,3.0
1411.0,delete,0.023406994214625047,1032.0,142.0,0.015002061014339697,0.0,6.0,4.0,4.0,4.0
1412.0,add,0.013291027371567022,1033.0,150.0,0.013291027371567022,0.0,7.0,4.0,4.0,4.0
1413.0,add,0.0161900741952802,1033.0,150.0,0.013291027371567022,0.0,7.0,5.0,4.0,4.0
1414.0,delete,0.023043842836801453,1033.0,150.0,0.013291027371567022,0.0,6.0,4.0,4.0,4.0
1415.0,swap,0.008392057027338433,1033.0,150.0,0.013291027371567022,0.0,8.0,4.0,3.0,4.0
1416.0,delete,0.018486138517983197,1034.0,34.0,0.015598139937972903,2.0,4.0,3.0,5.0,4.0
1417.0,add,0.009778533392071614,1035.0,69.0,0.01555568700524189,1.0,2.0,4.0,6.0,4.0
1418.0,add,0.007056473468788732,1036.0,97.0,0.015969569121412227,0.0,5.0,3.0,4.0,7.0
1419.0,delete,0.02279664606643301,1037.0,118.0,0.01946804503904825,0.0,6.0,3.0,1.0,6.0
1420.0,add,0.03232046108686366,1038.0,133.0,0.019122652204144223,0.0,8.0,2.0,5.0,4.0
1421.0,add,0.017954277045734726,1039.0,149.0,0.014841605760510825,0.0,8.0,3.0,4.0,4.0
1422.0,add,0.017954277045734744,1040.0,148.0,0.017108954738714054,0.0,8.0,3.0,4.0,3.0
1423.0,add,0.012794604196999017,1041.0,143.0,0.015248243604886365,0.0,5.0,5.0,5.0,4.0
1424.0,delete,0.008702806702112794,1042.0,70.0,0.01565698690323003,1.0,2.0,5.0,4.0,4.0
1425.0,delete,0.011863839712416686,1043.0,35.0,0.01564944959020357,2.0,3.0,4.0,4.0,4.0
1426.0,add,0.01625249699833461,1044.0,151.0,0.0161900741952802,0.0,7.0,5.0,4.0,4.0
1427.0,add,0.010728769666095645,1044.0,151.0,0.0161900741952802,0.0,7.0,6.0,4.0,4.0
1428.0,delete,0.009975936818493113,1044.0,151.0,0.0161900741952802,0.0,6.0,5.0,4.0,4.0
1429.0,swap,0.0113507011921192,1044.0,151.0,0.0161900741952802,0.0,7.0,5.0,4.0,4.0
1430.0,delete,0.006969053629087511,1045.0,98.0,0.016131077594260884,0.0,4.0,3.0,4.0,7.0
1431.0,add,0.025874870637906944,1046.0,119.0,0.01928168651242222,0.0,6.0,3.0,2.0,6.0
1432.0,add,0.03420243649568551,1047.0,134.0,0.017976961303640324,0.0,8.0,2.0,6.0,4.0
1433.0,add,0.012054644776703522,1048.0,150.0,0.012899595774064554,0.0,7.0,4.0,4.0,5.0
1434.0,add,0.017954277045734744,1049.0,149.0,0.013865895936366814,0.0,7.0,3.0,4.0,5.0
1435.0,delete,0.007563072121929732,1050.0,71.0,0.015743845600770693,1.0,2.0,4.0,4.0,4.0
1436.0,add,0.010394077159943782,1051.0,144.0,0.015498015489442253,0.0,6.0,5.0,5.0,4.0
1437.0,add,0.022043471858271373,1052.0,36.0,0.015690138426773633,2.0,3.0,4.0,4.0,5.0
1438.0,add,0.011404496844393108,1053.0,152.0,0.010728769666095645,0.0,7.0,6.0,4.0,4.0
1439.0,add,0.011928083982837885,1053.0,152.0,0.010728769666095645,0.0,7.0,6.0,5.0,4.0
1440.0,delete,0.008596221561989607,1053.0,152.0,0.010728769666095645,0.0,6.0,6.0,4.0,4.0
1441.0,swap,0.018053993440091162,1053.0,152.0,0.010728769666095645,0.0,7.0,5.0,4.0,5.0
1442.0,delete,0.006980240258038593,1054.0,99.0,0.016299072261909305,0.0,2.0,3.0,5.0,7.0
1443.0,add,0.022748849866839255,1055.0,120.0,0.018941284688290372,0.0,6.0,3.0,2.0,7.0
1444.0,add,0.022677584560047183,1056.0,135.0,0.017029275358155124,0.0,9.0,3.0,5.0,4.0
1445.0,add,0.011395094140625285,1057.0,151.0,0.012142313099081483,0.0,7.0,5.0,4.0,5.0
1446.0,delete,0.009651379987464508,1058.0,72.0,0.01579289131184409,0.0,2.0,4.0,4.0,4.0
1447.0,delete,0.010872642733954548,1059.0,145.0,0.01556650511465746,0.0,7.0,4.0,5.0,3.0
1448.0,add,0.007349404552857188,1060.0,150.0,0.012539137601542122,0.0,8.0,4.0,4.0,4.0
1449.0,add,0.00888054636538973,1061.0,37.0,0.015715382275382803,2.0,3.0,5.0,5.0,4.0
1450.0,add,0.011928083982837885,1062.0,153.0,0.011928083982837885,0.0,7.0,6.0,5.0,4.0
1451.0,add,0.011928083982837897,1062.0,153.0,0.011928083982837885,0.0,7.0,6.0,6.0,4.0
1452.0,delete,0.03579298954785081,1062.0,153.0,0.011928083982837885,0.0,7.0,5.0,5.0,4.0
1453.0,swap,0.01210141174981482,1062.0,153.0,0.011928083982837885,0.0,7.0,6.0,5.0,4.0
1454.0,delete,0.014056396516759254,1063.0,100.0,0.0164398426949825,0.0,3.0,3.0,4.0,6.0
1455.0,add,0.007285692289603941,1064.0,121.0,0.018796518638532978,0.0,7.0,4.0,2.0,6.0
1456.0,add,0.02034965063403666,1065.0,136.0,0.015607725238868674,0.0,10.0,2.0,6.0,4.0
1457.0,delete,0.012557499888591736,1066.0,73.0,0.015866443652311563,0.0,1.0,3.0,5.0,4.0
1458.0,delete,0.008574394975194835,1067.0,146.0,0.015652360633483395,0.0,6.0,4.0,5.0,3.0
1459.0,add,0.010728769666095645,1068.0,152.0,0.016735730649235857,0.0,8.0,6.0,4.0,4.0
1460.0,add,0.016190074195280183,1069.0,151.0,0.01405327259686089,0.0,8.0,5.0,4.0,4.0
1461.0,add,0.027896121528769337,1070.0,38.0,0.015610623651068072,2.0,3.0,5.0,4.0,6.0
1462.0,add,0.011010044358161254,1071.0,154.0,0.011928083982837897,0.0,7.0,6.0,6.0,4.0
1463.0,add,0.012841179940984618,1071.0,154.0,0.011928083982837897,0.0,7.0,6.0,6.0,5.0
1464.0,delete,0.011928083982837885,1071.0,154.0,0.011928083982837897,0.0,7.0,6.0,5.0,4.0
1465.0,swap,0.03579298954785081,1071.0,154.0,0.011928083982837897,0.0,7.0,5.0,7.0,4.0
1466.0,add,0.0069802402580385866,1072.0,101.0,0.016610298325911113,0.0,4.0,3.0,3.0,7.0
1467.0,delete,0.01261272708733143,1073.0,122.0,0.01875584313809707,0.0,7.0,3.0,3.0,5.0
1468.0,delete,0.011071722544742337,1074.0,137.0,0.015336282163035984,0.0,9.0,3.0,6.0,3.0
1469.0,add,0.011523473060365264,1075.0,74.0,0.015874207195707223,0.0,1.0,4.0,5.0,4.0
1470.0,delete,0.033483932273323615,1076.0,147.0,0.016087466122780364,0.0,7.0,3.0,5.0,2.0
1471.0,add,0.012841179940984618,1077.0,153.0,0.016700076362534493,0.0,7.0,6.0,5.0,5.0
1472.0,add,0.010728769666095645,1078.0,152.0,0.016256445516644923,0.0,8.0,6.0,4.0,4.0
1473.0,add,0.024066586454431563,1079.0,39.0,0.015616673097669636,2.0,3.0,6.0,4.0,6.0
1474.0,delete,0.006980240258038593,1080.0,102.0,0.016782219603863464,0.0,3.0,3.0,3.0,7.0
1475.0,add,0.012841179940984618,1081.0,155.0,0.012841179940984618,0.0,7.0,6.0,6.0,5.0
1476.0,add,0.012841179940984618,1081.0,155.0,0.012841179940984618,0.0,8.0,6.0,6.0,5.0
1477.0,delete,0.016696010125413364,1081.0,155.0,0.012841179940984618,0.0,7.0,5.0,6.0,5.0
1478.0,swap,0.01857362173436861,1081.0,155.0,0.012841179940984618,0.0,7.0,6.0,6.0,5.0
1479.0,add,0.0129759622950382,1082.0,123.0,0.01886313576849289,0.0,6.0,3.0,3.0,7.0
1480.0,delete,0.012363688074912697,1083.0,138.0,0.015563867123726587,0.0,8.0,3.0,5.0,4.0
1481.0,add,0.032400553053006306,1084.0,75.0,0.015854569559327698,0.0,0.0,6.0,5.0,4.0
1482.0,add,0.017954277045734744,1085.0,148.0,0.015199013812381196,0.0,7.0,3.0,4.0,4.0
1483.0,add,0.007523062769530369,1086.0,154.0,0.014758634336547167,0.0,7.0,6.0,6.0,5.0
1484.0,delete,0.007303709254394797,1087.0,40.0,0.015653665755695063,2.0,2.0,6.0,4.0,6.0
1485.0,add,0.011610216297325704,1088.0,153.0,0.014983328751358061,0.0,8.0,6.0,5.0,4.0
1486.0,add,0.011870454704745917,1089.0,103.0,0.016885075291712147,0.0,4.0,3.0,2.0,8.0
1487.0,add,0.012841179940984618,1090.0,156.0,0.012841179940984618,0.0,8.0,6.0,6.0,5.0
1488.0,add,0.012152025052747708,1090.0,156.0,0.012841179940984618,0.0,8.0,7.0,6.0,5.0
1489.0,delete,0.011655792418380261,1090.0,156.0,0.012841179940984618,0.0,8.0,6.0,5.0,5.0
1490.0,swap,0.021952555248608813,1090.0,156.0,0.012841179940984618,0.0,7.0,6.0,6.0,6.0
1491.0,add,0.026363754628724857,1091.0,124.0,0.018692729096902286,0.0,6.0,3.0,4.0,7.0
1492.0,delete,0.012336338372764499,1092.0,76.0,0.015807692289236345,0.0,1.0,5.0,5.0,3.0
1493.0,delete,0.022071914507329635,1093.0,139.0,0.01554878411279731,0.0,6.0,3.0,6.0,4.0
1494.0,add,0.010309262592926006,1094.0,149.0,0.014292622772488116,0.0,8.0,3.0,4.0,4.0
1495.0,delete,0.007177827820682898,1095.0,41.0,0.01571150470686166,2.0,3.0,5.0,4.0,5.0
1496.0,add,0.00796117598509084,1096.0,155.0,0.014288546520341203,0.0,7.0,6.0,6.0,6.0
1497.0,add,0.012302578415054966,1097.0,154.0,0.01344354209982531,0.0,7.0,6.0,7.0,4.0
1498.0,add,0.022810716497840267,1098.0,104.0,0.01683377236980716,0.0,4.0,3.0,3.0,8.0
1499.0,delete,0.017241875091207077,1099.0,125.0,0.018742666506058936,0.0,5.0,3.0,4.0,7.0
1500.0,add,0.012152025052747708,1100.0,157.0,0.012152025052747708,0.0,8.0,7.0,6.0,5.0
1501.0,delete,0.02065229902091567,1100.0,157.0,0.012152025052747708,0.0,7.0,7.0,6.0,5.0
1502.0,swap,0.03240284409102511,1100.0,157.0,0.012152025052747708,0.0,8.0,7.0,7.0,4.0
1503.0,add,0.009596678398945777,1101.0,140.0,0.01590999315773543,0.0,7.0,4.0,5.0,4.0
1504.0,add,0.038693403908813,1102.0,77.0,0.015820675856697438,0.0,1.0,6.0,4.0,4.0
1505.0,add,0.013291027371567022,1103.0,150.0,0.014442290378605529,0.0,7.0,4.0,4.0,5.0
1506.0,add,0.012841179940984618,1104.0,156.0,0.01933979830435905,0.0,9.0,6.0,6.0,5.0
1507.0,add,0.019889901807331967,1105.0,42.0,0.0158053504605504,2.0,3.0,7.0,4.0,4.0
1508.0,delete,0.017065293206475967,1106.0,158.0,0.02065229902091567,0.0,7.0,7.0,6.0,5.0
1509.0,add,0.017848325936747945,1106.0,158.0,0.02065229902091567,0.0,7.0,7.0,6.0,6.0
1510.0,delete,0.015193803031224265,1106.0,158.0,0.02065229902091567,0.0,7.0,7.0,6.0,4.0
1511.0,swap,0.013633745405790352,1106.0,158.0,0.02065229902091567,0.0,7.0,7.0,6.0,5.0
1512.0,add,0.017449891251290494,1107.0,105.0,0.01685175526555667,0.0,6.0,3.0,2.0,8.0
1513.0,delete,0.016697047567475972,1108.0,126.0,0.018718348421934785,0.0,6.0,3.0,3.0,6.0
1514.0,delete,0.023677311280449625,1109.0,141.0,0.015376843994383573,0.0,6.0,4.0,5.0,4.0
1515.0,delete,0.012663391438016732,1110.0,78.0,0.015809229475769966,0.0,0.0,5.0,4.0,5.0
1516.0,add,0.013001088157601313,1111.0,155.0,0.015799530305193467,0.0,7.0,7.0,6.0,5.0
1517.0,add,0.016190074195280183,1112.0,151.0,0.014863064151555184,0.0,8.0,5.0,4.0,4.0
1518.0,delete,0.008189596241630723,1113.0,157.0,0.01687869332023084,0.0,7.0,7.0,6.0,5.0
1519.0,add,0.013201999947439338,1114.0,43.0,0.015848497403936335,2.0,3.0,6.0,5.0,5.0
1520.0,add,0.8952099394019173,1115.0,1.0,0.05347607908818988,4.0,0.0,1.0,0.0,0.0
1521.0,add,0.017933666360416285,1116.0,159.0,0.017848325936747945,0.0,7.0,7.0,6.0,6.0
1522.0,delete,0.017848325936747945,1116.0,159.0,0.017848325936747945,0.0,7.0,7.0,5.0,6.0
1523.0,swap,0.012247205946028687,1116.0,159.0,0.017848325936747945,0.0,7.0,8.0,6.0,5.0
1524.0,delete,0.02299244150045654,1117.0,106.0,0.016849963369959416,0.0,4.0,4.0,2.0,8.0
1525.0,add,0.014562400641575199,1118.0,127.0,0.01862532581536477,0.0,6.0,3.0,4.0,6.0
1526.0,delete,0.02299009935485472,1119.0,142.0,0.014903778650201658,0.0,6.0,4.0,4.0,4.0
1527.0,add,0.011928083982837885,1120.0,156.0,0.016166179632575616,0.0,8.0,6.0,6.0,6.0
1528.0,add,0.011719844608328272,1121.0,79.0,0.015843929996575527,0.0,2.0,5.0,4.0,4.0
1529.0,add,0.015400148091088127,1122.0,158.0,0.016469381044985215,0.0,7.0,7.0,6.0,6.0
1530.0,add,0.01847484526172342,1123.0,152.0,0.015047125092844275,0.0,7.0,6.0,4.0,5.0
1531.0,delete,0.021959881085588554,1124.0,160.0,0.017848325936747945,0.0,7.0,7.0,5.0,6.0
1532.0,delete,0.02273293311130042,1124.0,160.0,0.017848325936747945,0.0,7.0,6.0,5.0,6.0
1533.0,swap,0.02439435714650567,1124.0,160.0,0.017848325936747945,0.0,6.0,7.0,6.0,6.0
1534.0,add,0.9318978893120227,1125.0,2.0,0.04769512029811879,4.0,0.0,0.0,1.0,1.0
1535.0,add,0.033888198903144096,1126.0,44.0,0.015903712809355285,2.0,3.0,7.0,5.0,5.0
1536.0,add,0.011174472117984172,1127.0,107.0,0.016920371366098454,0.0,5.0,4.0,2.0,8.0
1537.0,add,0.011053473431706259,1128.0,128.0,0.0187576384258487,0.0,7.0,3.0,4.0,6.0
1538.0,add,0.02822594065352234,1129.0,143.0,0.015089823297031598,0.0,5.0,5.0,5.0,4.0
1539.0,delete,0.017886593769276763,1130.0,157.0,0.017315352347727738,0.0,7.0,7.0,6.0,5.0
1540.0,delete,0.01724467267163253,1131.0,159.0,0.021733874320035648,0.0,7.0,6.0,6.0,6.0
1541.0,add,0.011575162012480406,1132.0,80.0,0.015958372689600566,0.0,1.0,5.0,6.0,4.0
1542.0,delete,0.024462575097898294,1133.0,161.0,0.02273293311130042,0.0,7.0,6.0,5.0,6.0
1543.0,delete,0.010576934849827933,1133.0,161.0,0.02273293311130042,0.0,6.0,6.0,5.0,6.0
1544.0,swap,0.014009414737160643,1133.0,161.0,0.02273293311130042,0.0,7.0,6.0,5.0,6.0
1545.0,add,0.018759567383785123,1134.0,45.0,0.01590328092469778,2.0,4.0,6.0,5.0,6.0
1546.0,add,0.44914859687323216,1135.0,3.0,0.04206733544051199,4.0,0.0,1.0,1.0,1.0
1547.0,delete,0.013055794363058126,1136.0,108.0,0.017012128341143223,0.0,5.0,4.0,2.0,7.0
1548.0,delete,0.01597608603154487,1137.0,129.0,0.018821222208229238,0.0,6.0,2.0,5.0,6.0
1549.0,add,0.012489137503144525,1138.0,153.0,0.015777978841331346,0.0,7.0,6.0,6.0,4.0
1550.0,add,0.010562734576849888,1139.0,144.0,0.015387752951239167,0.0,6.0,5.0,5.0,4.0
1551.0,add,0.020652299020915664,1140.0,158.0,0.018054870080911917,0.0,8.0,7.0,6.0,5.0
1552.0,delete,0.026251930009551935,1141.0,160.0,0.017945464449046822,0.0,7.0,6.0,5.0,6.0
1553.0,delete,0.01049749618545629,1142.0,162.0,0.010576934849827933,0.0,6.0,6.0,5.0,6.0
1554.0,add,0.009819942923917377,1142.0,162.0,0.010576934849827933,0.0,6.0,7.0,5.0,6.0
1555.0,delete,0.010576934849827933,1142.0,162.0,0.010576934849827933,0.0,5.0,6.0,5.0,6.0
1556.0,swap,0.012420633562295285,1142.0,162.0,0.010576934849827933,0.0,7.0,6.0,5.0,5.0
1557.0,delete,0.018760617992122572,1143.0,46.0,0.015868618276382963,2.0,3.0,6.0,5.0,6.0
1558.0,add,0.011089906715025926,1144.0,81.0,0.016025984549738234,0.0,1.0,7.0,5.0,4.0
1559.0,add,0.16776926333549175,1145.0,4.0,0.039282004339980664,4.0,0.0,2.0,1.0,1.0
1560.0,delete,0.011504757618526772,1146.0,109.0,0.017021353299791372,0.0,6.0,3.0,2.0,6.0
1561.0,delete,0.018135043060089867,1147.0,130.0,0.018677462083950228,0.0,6.0,2.0,5.0,5.0
1562.0,delete,0.011315594015791202,1148.0,145.0,0.01559479574344972,0.0,6.0,4.0,5.0,4.0
1563.0,add,0.01320750970495336,1149.0,154.0,0.015658677339915886,0.0,7.0,6.0,7.0,4.0
1564.0,delete,0.020216019556323468,1150.0,159.0,0.017138156320593137,0.0,6.0,7.0,6.0,6.0
1565.0,delete,0.01532037193483668,1151.0,161.0,0.010778388474264964,0.0,6.0,6.0,5.0,6.0
1566.0,add,0.015209293889819474,1152.0,163.0,0.009819942923917377,0.0,6.0,7.0,5.0,6.0
1567.0,add,0.009819942923917385,1152.0,163.0,0.009819942923917377,0.0,7.0,7.0,5.0,6.0
1568.0,delete,0.010053077787074153,1152.0,163.0,0.009819942923917377,0.0,5.0,7.0,5.0,6.0
1569.0,swap,0.009819942923917385,1152.0,163.0,0.009819942923917377,0.0,6.0,7.0,6.0,5.0
1570.0,delete,0.029423041091800557,1153.0,47.0,0.015752826756635557,2.0,3.0,5.0,6.0,5.0
1571.0,add,0.00819131578178382,1154.0,82.0,0.016085084449753945,0.0,2.0,6.0,6.0,4.0
1572.0,add,0.44635249630067936,1155.0,5.0,0.036624766575264193,4.0,1.0,1.0,2.0,1.0
1573.0,delete,0.011452460533171595,1156.0,110.0,0.017034252094469845,0.0,6.0,2.0,2.0,6.0
1574.0,delete,0.022171900017073424,1157.0,131.0,0.018339613556231257,0.0,5.0,2.0,5.0,5.0
1575.0,delete,0.008477680900123626,1158.0,146.0,0.015511563817832735,0.0,7.0,3.0,5.0,3.0
1576.0,add,0.00796117598509084,1159.0,155.0,0.01565040943966106,0.0,7.0,6.0,6.0,6.0
1577.0,delete,0.011355644927333548,1160.0,160.0,0.014397958913342942,0.0,6.0,7.0,5.0,6.0
1578.0,add,0.006779910293903429,1161.0,162.0,0.010944440089729154,0.0,6.0,6.0,5.0,7.0
1579.0,delete,0.019487746833163833,1162.0,161.0,0.010990407465890304,0.0,7.0,6.0,5.0,5.0
1580.0,add,0.008397914359551688,1163.0,83.0,0.01616153209161585,0.0,3.0,6.0,6.0,4.0
1581.0,delete,0.031225283853572972,1164.0,48.0,0.015608707148530592,2.0,2.0,6.0,5.0,5.0
1582.0,add,0.009819942923917385,1165.0,164.0,0.009819942923917385,0.0,7.0,7.0,5.0,6.0
1583.0,delete,0.010818625587169227,1165.0,164.0,0.009819942923917385,0.0,7.0,7.0,4.0,6.0
1584.0,swap,0.016866539083883303,1165.0,164.0,0.009819942923917385,0.0,8.0,7.0,4.0,6.0
1585.0,add,0.43909658628445464,1166.0,6.0,0.03277294558009497,4.0,1.0,1.0,3.0,1.0
1586.0,add,0.013568608553016065,1167.0,111.0,0.017055134547537806,0.0,5.0,2.0,3.0,7.0
1587.0,add,0.02719758953199237,1168.0,132.0,0.017735256646269557,0.0,6.0,2.0,5.0,5.0
1588.0,delete,0.01809243275019858,1169.0,147.0,0.015449727907790294,0.0,7.0,3.0,4.0,3.0
1589.0,add,0.012861202394908577,1170.0,156.0,0.015525420121556676,0.0,8.0,6.0,7.0,5.0
1590.0,add,0.0088779344469134,1171.0,163.0,0.011831262629721825,0.0,6.0,7.0,6.0,6.0
1591.0,delete,0.010102708827692385,1172.0,165.0,0.010818625587169227,0.0,7.0,7.0,4.0,6.0
1592.0,delete,0.017057996006598308,1172.0,165.0,0.010818625587169227,0.0,6.0,7.0,4.0,6.0
1593.0,swap,0.009210521496923824,1172.0,165.0,0.010818625587169227,0.0,8.0,6.0,4.0,6.0
1594.0,add,0.02548667988926114,1173.0,49.0,0.015463788505036878,2.0,2.0,6.0,6.0,5.0
1595.0,add,0.006771033705759493,1174.0,84.0,0.016246647204502963,0.0,3.0,7.0,5.0,5.0
1596.0,add,0.007652242903835687,1175.0,112.0,0.017155800189373644,0.0,5.0,3.0,2.0,8.0
1597.0,add,0.011958158504525012,1176.0,133.0,0.017082803647016188,0.0,7.0,3.0,5.0,4.0
1598.0,add,0.44426163020360626,1177.0,7.0,0.02953877502088684,4.0,1.0,1.0,2.0,3.0
1599.0,add,0.017954277045734726,1178.0,148.0,0.014817040191618676,0.0,8.0,3.0,4.0,3.0
1600.0,delete,0.009647006303541188,1179.0,157.0,0.015007880691040207,0.0,8.0,6.0,6.0,5.0
1601.0,add,0.007589582909147549,1180.0,162.0,0.011096644547357464,0.0,6.0,6.0,5.0,7.0
1602.0,delete,0.010394612724945596,1181.0,164.0,0.011797462979595934,0.0,7.0,6.0,5.0,6.0
1603.0,delete,0.017210639439363757,1182.0,166.0,0.017057996006598308,0.0,6.0,7.0,4.0,6.0
1604.0,delete,0.017057996006598308,1182.0,166.0,0.017057996006598308,0.0,6.0,7.0,4.0,5.0
1605.0,swap,0.012198002797973093,1182.0,166.0,0.017057996006598308,0.0,5.0,7.0,4.0,7.0
1606.0,delete,0.031224500825253187,1183.0,50.0,0.015242371699555925,2.0,2.0,5.0,7.0,4.0
1607.0,add,0.0069202485252995,1184.0,85.0,0.016283645281419214,0.0,4.0,6.0,6.0,5.0
1608.0,delete,0.0071167940039138546,1185.0,113.0,0.017245388854342954,0.0,6.0,3.0,1.0,7.0
1609.0,add,0.02068450086743371,1186.0,158.0,0.014670377713956996,0.0,7.0,7.0,7.0,5.0
1610.0,add,0.03126063552237811,1187.0,134.0,0.016459180386235655,0.0,8.0,2.0,6.0,4.0
1611.0,add,0.44426163020360626,1188.0,8.0,0.02689678785471614,4.0,2.0,1.0,2.0,3.0
1612.0,add,0.020230869047288005,1189.0,149.0,0.014452702845343854,0.0,7.0,4.0,4.0,4.0
1613.0,add,0.008020792041260721,1190.0,163.0,0.012452955188824664,0.0,6.0,7.0,5.0,7.0
1614.0,delete,0.008193117877919525,1191.0,165.0,0.015881158562633366,0.0,7.0,7.0,4.0,5.0
1615.0,delete,0.017782860412745363,1192.0,167.0,0.017057996006598308,0.0,6.0,7.0,4.0,5.0
1616.0,add,0.016303007296234764,1192.0,167.0,0.017057996006598308,0.0,6.0,8.0,4.0,5.0
1617.0,delete,0.017057996006598308,1192.0,167.0,0.017057996006598308,0.0,6.0,7.0,3.0,5.0
1618.0,swap,0.008349974724006295,1192.0,167.0,0.017057996006598308,0.0,6.0,7.0,4.0,5.0
1619.0,delete,0.018989271200135768,1193.0,51.0,0.015140828321383207,1.0,2.0,5.0,7.0,4.0
1620.0,add,0.006843844003585036,1194.0,86.0,0.016394447591701684,0.0,5.0,6.0,6.0,5.0
1621.0,delete,0.008670092093039494,1195.0,114.0,0.017425281222858642,0.0,4.0,3.0,2.0,7.0
1622.0,delete,0.015580380713996356,1196.0,159.0,0.014094270846197281,0.0,7.0,6.0,6.0,6.0
1623.0,add,0.03420243649568552,1197.0,135.0,0.015946408425362667,0.0,9.0,2.0,6.0,4.0
1624.0,add,0.06464518148426988,1198.0,9.0,0.02430624843711874,4.0,2.0,2.0,2.0,3.0
1625.0,add,0.013869944157344128,1199.0,150.0,0.014325765176531032,0.0,7.0,4.0,5.0,4.0
1626.0,delete,0.015434574003318588,1200.0,164.0,0.013210619938828366,0.0,6.0,7.0,5.0,6.0
1627.0,delete,0.017057996006598308,1201.0,166.0,0.01531036688923661,0.0,5.0,7.0,4.0,6.0
1628.0,add,0.016303007296234764,1202.0,168.0,0.016303007296234764,0.0,6.0,8.0,4.0,5.0
1629.0,delete,0.01344151740291291,1202.0,168.0,0.016303007296234764,0.0,6.0,7.0,4.0,5.0
1630.0,swap,0.017380588526756457,1202.0,168.0,0.016303007296234764,0.0,6.0,8.0,5.0,4.0
1631.0,delete,0.014469446077356765,1203.0,52.0,0.015056784532286316,1.0,2.0,4.0,7.0,4.0
1632.0,delete,0.013021030885231596,1204.0,87.0,0.0165034382307069,0.0,5.0,5.0,5.0,6.0
1633.0,add,0.00679036193341348,1205.0,115.0,0.017642595788896875,0.0,5.0,3.0,3.0,6.0
1634.0,delete,0.020216019556323468,1206.0,160.0,0.013543131517172851,0.0,6.0,7.0,5.0,6.0
1635.0,delete,0.022376500405801896,1207.0,165.0,0.015030361523118473,0.0,7.0,6.0,4.0,6.0
1636.0,add,0.03584271440807944,1208.0,136.0,0.015325084780209615,0.0,9.0,2.0,6.0,5.0
1637.0,add,0.06411023384760825,1209.0,10.0,0.0239625952146707,4.0,1.0,2.0,4.0,3.0
1638.0,add,0.01609639158194887,1210.0,151.0,0.01467621534606624,0.0,7.0,5.0,5.0,4.0
1639.0,add,0.011755870081559294,1211.0,167.0,0.015857030130534723,0.0,7.0,7.0,4.0,5.0
1640.0,delete,0.017617278996019316,1212.0,169.0,0.01344151740291291,0.0,6.0,7.0,4.0,5.0
1641.0,add,0.015741541138641957,1212.0,169.0,0.01344151740291291,0.0,6.0,7.0,4.0,6.0
1642.0,delete,0.020021790206615715,1212.0,169.0,0.01344151740291291,0.0,5.0,7.0,4.0,5.0
1643.0,swap,0.016409200154810694,1212.0,169.0,0.01344151740291291,0.0,6.0,8.0,4.0,4.0
1644.0,add,0.009299540897005389,1213.0,53.0,0.01504179555615475,1.0,2.0,5.0,7.0,4.0
1645.0,add,0.04614633837863565,1214.0,88.0,0.016393905622282146,0.0,5.0,6.0,5.0,6.0
1646.0,delete,0.01581209185497346,1215.0,116.0,0.01788812206387114,0.0,6.0,2.0,2.0,6.0
1647.0,delete,0.020447240607696825,1216.0,161.0,0.013337437653344346,0.0,7.0,6.0,4.0,6.0
1648.0,delete,0.013019895361884476,1217.0,137.0,0.015223791387195372,0.0,9.0,3.0,5.0,4.0
1649.0,delete,0.0074561458820217134,1218.0,166.0,0.01587718744688089,0.0,6.0,6.0,4.0,6.0
1650.0,add,0.010728957828404335,1219.0,11.0,0.023601692895351085,4.0,1.0,2.0,4.0,4.0
1651.0,add,0.014938167768037625,1220.0,152.0,0.01484180694433693,0.0,7.0,7.0,4.0,4.0
1652.0,delete,0.008535987590560283,1221.0,168.0,0.016646265579800118,0.0,5.0,8.0,4.0,5.0
1653.0,add,0.015741541138641957,1222.0,170.0,0.015741541138641957,0.0,6.0,7.0,4.0,6.0
1654.0,add,0.015802525392524157,1222.0,170.0,0.015741541138641957,0.0,6.0,7.0,5.0,6.0
1655.0,delete,0.015741541138641957,1222.0,170.0,0.015741541138641957,0.0,6.0,7.0,4.0,5.0
1656.0,swap,0.013217648729919186,1222.0,170.0,0.015741541138641957,0.0,7.0,7.0,3.0,6.0
1657.0,add,0.0073015545989250415,1223.0,54.0,0.015113804328116796,1.0,2.0,5.0,8.0,4.0
1658.0,delete,0.046552144864379696,1224.0,89.0,0.01602334121707012,0.0,5.0,5.0,5.0,6.0
1659.0,add,0.0256029723053375,1225.0,117.0,0.017885090714859875,0.0,7.0,2.0,2.0,6.0
1660.0,delete,0.012045759080435653,1226.0,138.0,0.015230151572000552,0.0,8.0,3.0,5.0,4.0
1661.0,add,0.013527943582722572,1227.0,162.0,0.013279273547415107,0.0,6.0,7.0,5.0,6.0
1662.0,add,0.01705799600659832,1228.0,167.0,0.015286646077862386,0.0,7.0,7.0,4.0,5.0
1663.0,add,0.010963251561950835,1229.0,12.0,0.023000001868729268,4.0,2.0,2.0,4.0,4.0
1664.0,add,0.007523062769530376,1230.0,153.0,0.014723593510242345,0.0,7.0,6.0,5.0,5.0
1665.0,add,0.007889689270308977,1231.0,169.0,0.015248959507673843,0.0,6.0,7.0,4.0,6.0
1666.0,delete,0.018465356224956046,1232.0,168.0,0.014560023741781556,0.0,6.0,8.0,3.0,5.0
1667.0,add,0.012481276301144999,1233.0,171.0,0.015802525392524157,0.0,6.0,7.0,5.0,6.0
1668.0,add,0.015865179350842112,1233.0,171.0,0.015802525392524157,0.0,6.0,7.0,6.0,6.0
1669.0,delete,0.010962451020523659,1233.0,171.0,0.015802525392524157,0.0,6.0,6.0,5.0,6.0
1670.0,swap,0.010962451020523659,1233.0,171.0,0.015802525392524157,0.0,7.0,6.0,5.0,6.0
1671.0,delete,0.00730821927876106,1234.0,55.0,0.015125740324978175,1.0,2.0,5.0,7.0,4.0
1672.0,delete,0.04655214486437972,1235.0,90.0,0.01570603536683553,0.0,4.0,5.0,5.0,6.0
1673.0,delete,0.032643118242737204,1236.0,118.0,0.017694254397009012,0.0,5.0,3.0,2.0,6.0
1674.0,delete,0.011351375762000926,1237.0,139.0,0.015184792574459241,0.0,7.0,3.0,5.0,4.0
1675.0,add,0.007829701527395403,1238.0,163.0,0.013782449140741374,0.0,6.0,7.0,5.0,7.0
1676.0,add,0.06366093567217056,1239.0,13.0,0.02248773344849106,4.0,2.0,2.0,5.0,4.0
1677.0,add,0.012589272678584378,1240.0,154.0,0.014496695168110502,0.0,7.0,7.0,6.0,4.0
1678.0,add,0.01573739049978827,1241.0,170.0,0.013214776617111717,0.0,6.0,7.0,4.0,7.0
1679.0,add,0.01344151740291291,1242.0,169.0,0.013649385000136445,0.0,7.0,7.0,4.0,5.0
1680.0,delete,0.013811503314866186,1243.0,91.0,0.015529517492377876,0.0,4.0,4.0,4.0,7.0
1681.0,add,0.017416258162105357,1244.0,56.0,0.015136214726590208,1.0,2.0,5.0,7.0,5.0
1682.0,delete,0.01091766414496881,1245.0,164.0,0.014221451804972994,0.0,7.0,7.0,4.0,6.0
1683.0,add,0.022684432555361844,1246.0,119.0,0.017522671886420333,0.0,6.0,3.0,2.0,6.0
1684.0,add,0.015865179350842112,1247.0,172.0,0.015865179350842112,0.0,6.0,7.0,6.0,6.0
1685.0,add,0.01429777013632062,1247.0,172.0,0.015865179350842112,0.0,6.0,8.0,6.0,6.0
1686.0,delete,0.013580515791622044,1247.0,172.0,0.015865179350842112,0.0,6.0,6.0,6.0,6.0
1687.0,swap,0.012633697191954958,1247.0,172.0,0.015865179350842112,0.0,6.0,7.0,6.0,6.0
1688.0,add,0.016462934081160428,1248.0,140.0,0.015211856044715494,0.0,7.0,3.0,5.0,5.0
1689.0,add,0.06366093567217061,1249.0,14.0,0.022174894227731768,4.0,3.0,2.0,5.0,4.0
1690.0,add,0.012271442219984578,1250.0,155.0,0.014521093127788149,0.0,7.0,6.0,6.0,6.0
1691.0,add,0.00808291379580829,1251.0,171.0,0.01444846836431637,0.0,6.0,7.0,5.0,7.0
1692.0,delete,0.018053917766143162,1252.0,92.0,0.015519355756660514,0.0,3.0,4.0,4.0,7.0
1693.0,delete,0.007670406942611441,1253.0,57.0,0.015124575990324459,1.0,2.0,4.0,8.0,4.0
1694.0,delete,0.03342879112736651,1254.0,165.0,0.014439375744113976,0.0,6.0,7.0,4.0,6.0
1695.0,add,0.015927476433167914,1255.0,170.0,0.01329739544108135,0.0,6.0,7.0,5.0,6.0
1696.0,add,0.023377380024261478,1256.0,120.0,0.017315447520441868,0.0,6.0,3.0,2.0,7.0
1697.0,delete,0.023406994214625026,1257.0,141.0,0.0150269430794358,0.0,7.0,4.0,4.0,4.0
1698.0,add,0.013778803435775847,1258.0,173.0,0.01429777013632062,0.0,6.0,8.0,6.0,6.0
1699.0,delete,0.007133544713006557,1258.0,173.0,0.01429777013632062,0.0,5.0,8.0,6.0,6.0
1700.0,swap,0.011302249739543472,1258.0,173.0,0.01429777013632062,0.0,6.0,8.0,7.0,5.0
1701.0,add,0.007744654854003319,1259.0,172.0,0.011628092006161623,0.0,6.0,7.0,6.0,7.0
1702.0,add,0.06220855014223927,1260.0,15.0,0.021691797127969016,4.0,4.0,2.0,5.0,4.0
1703.0,add,0.012861202394908577,1261.0,156.0,0.014611135151532567,0.0,8.0,6.0,7.0,5.0
1704.0,delete,0.01746296919183355,1262.0,166.0,0.013897080170981688,0.0,5.0,7.0,4.0,6.0
1705.0,delete,0.008386046713565565,1263.0,58.0,0.015095765941497507,1.0,2.0,4.0,7.0,4.0
1706.0,add,0.01790105259084046,1264.0,93.0,0.015509428314741277,0.0,3.0,4.0,5.0,7.0
1707.0,delete,0.007189119176679186,1265.0,174.0,0.007133544713006557,0.0,5.0,8.0,6.0,6.0
1708.0,delete,0.008394839155893827,1265.0,174.0,0.007133544713006557,0.0,5.0,8.0,6.0,5.0
1709.0,swap,0.02352925151490299,1265.0,174.0,0.007133544713006557,0.0,6.0,7.0,6.0,6.0
1710.0,add,0.03184290441995192,1266.0,121.0,0.017156626629592806,0.0,8.0,3.0,2.0,6.0
1711.0,delete,0.017581867571549333,1267.0,142.0,0.014661464765105247,0.0,6.0,4.0,5.0,3.0
1712.0,add,0.015727885637468072,1268.0,171.0,0.012261362939015027,0.0,6.0,7.0,6.0,6.0
1713.0,delete,0.021339976439218478,1269.0,173.0,0.01156168864012064,0.0,6.0,7.0,6.0,6.0
1714.0,delete,0.010930194485144403,1270.0,157.0,0.014604337902520257,0.0,8.0,7.0,5.0,5.0
1715.0,add,0.06227489191051642,1271.0,16.0,0.021209488615166475,4.0,5.0,3.0,5.0,3.0
1716.0,delete,0.008684586615296933,1272.0,175.0,0.008394839155893827,0.0,5.0,8.0,6.0,5.0
1717.0,delete,0.008394839155893827,1272.0,175.0,0.008394839155893827,0.0,4.0,8.0,6.0,5.0
1718.0,swap,0.008791244792531655,1272.0,175.0,0.008394839155893827,0.0,5.0,9.0,5.0,5.0
1719.0,delete,0.008500823750081887,1273.0,59.0,0.015109192604288744,1.0,1.0,4.0,7.0,4.0
1720.0,add,0.018115426081429308,1274.0,94.0,0.015441313591135668,0.0,4.0,4.0,5.0,7.0
1721.0,delete,0.013266692041121284,1275.0,122.0,0.01711559934404724,0.0,6.0,3.0,3.0,6.0
1722.0,add,0.01131559401579122,1276.0,143.0,0.01451926910433491,0.0,6.0,4.0,5.0,4.0
1723.0,add,0.016961038871924187,1277.0,167.0,0.013640851222380547,0.0,6.0,8.0,4.0,5.0
1724.0,add,0.014598896173600303,1278.0,172.0,0.011715073310755558,0.0,6.0,8.0,6.0,6.0
1725.0,delete,0.02282697838912316,1279.0,174.0,0.00856637742990406,0.0,5.0,7.0,6.0,6.0
1726.0,delete,0.008593295787338072,1280.0,176.0,0.008394839155893827,0.0,4.0,8.0,6.0,5.0
1727.0,delete,0.019610786647265854,1280.0,176.0,0.008394839155893827,0.0,4.0,7.0,6.0,5.0
1728.0,swap,0.008394839155893827,1280.0,176.0,0.008394839155893827,0.0,4.0,8.0,6.0,5.0
1729.0,add,0.009400680228167315,1281.0,17.0,0.020800803954760236,4.0,5.0,4.0,5.0,3.0
1730.0,delete,0.00801433021438067,1282.0,60.0,0.01506348783055767,1.0,2.0,3.0,6.0,4.0
1731.0,delete,0.007218155344812437,1283.0,95.0,0.015486218719018818,0.0,4.0,4.0,4.0,7.0
1732.0,add,0.02065229902091567,1284.0,158.0,0.014463756102568066,0.0,8.0,7.0,6.0,5.0
1733.0,delete,0.03019697493522577,1285.0,168.0,0.01352437139179122,0.0,6.0,7.0,4.0,5.0
1734.0,add,0.008434630699348954,1286.0,123.0,0.017204003620227244,0.0,6.0,4.0,3.0,6.0
1735.0,add,0.02155850793444021,1287.0,144.0,0.014669917894666517,0.0,6.0,4.0,5.0,5.0
1736.0,delete,0.014252851731213729,1288.0,173.0,0.01274027512858703,0.0,5.0,8.0,6.0,6.0
1737.0,delete,0.025360901827074192,1289.0,175.0,0.011248440186597895,0.0,5.0,7.0,6.0,5.0
1738.0,delete,0.020516414415145318,1290.0,177.0,0.019610786647265854,0.0,4.0,7.0,6.0,5.0
1739.0,delete,0.01961078664726586,1290.0,177.0,0.019610786647265854,0.0,4.0,7.0,5.0,5.0
1740.0,swap,0.02478732821756903,1290.0,177.0,0.019610786647265854,0.0,4.0,7.0,5.0,6.0
1741.0,add,0.06393267727883138,1291.0,18.0,0.020419044956450437,4.0,5.0,3.0,6.0,4.0
1742.0,add,0.011202293299835298,1292.0,61.0,0.015161014965529586,1.0,2.0,3.0,7.0,4.0
1743.0,delete,0.007216106336526826,1293.0,96.0,0.015640424612565887,0.0,4.0,4.0,4.0,6.0
1744.0,delete,0.01242978792086327,1294.0,159.0,0.014751824482864828,0.0,6.0,7.0,6.0,6.0
1745.0,add,0.012627814299927518,1295.0,169.0,0.014113409483145833,0.0,6.0,8.0,4.0,5.0
1746.0,delete,0.011278019530284502,1296.0,145.0,0.014903199571001665,0.0,7.0,4.0,4.0,4.0
1747.0,add,0.012558333237394137,1297.0,124.0,0.01721523874909585,0.0,6.0,3.0,4.0,7.0
1748.0,delete,0.026547930022002026,1298.0,174.0,0.015330570067190963,0.0,5.0,7.0,6.0,6.0
1749.0,delete,0.010149660498569303,1299.0,176.0,0.021131328981811515,0.0,4.0,7.0,6.0,5.0
1750.0,delete,0.021594994902275025,1300.0,178.0,0.01961078664726586,0.0,4.0,7.0,5.0,5.0
1751.0,delete,0.013094068528506947,1300.0,178.0,0.01961078664726586,0.0,4.0,6.0,5.0,5.0
1752.0,swap,0.012932588152860202,1300.0,178.0,0.01961078664726586,0.0,4.0,6.0,6.0,5.0
1753.0,delete,0.44035823823939896,1301.0,19.0,0.019980433284703565,4.0,5.0,2.0,5.0,5.0
1754.0,delete,0.01289106623052427,1302.0,62.0,0.01521517824659883,1.0,3.0,1.0,7.0,4.0
1755.0,delete,0.01106822865416157,1303.0,160.0,0.014556665052993155,0.0,6.0,7.0,5.0,6.0
1756.0,add,0.008340146025828448,1304.0,97.0,0.01572123959946891,0.0,4.0,4.0,4.0,7.0
1757.0,add,0.017875247548814522,1305.0,170.0,0.014540567759255895,0.0,6.0,7.0,4.0,7.0
1758.0,delete,0.007721741987279361,1306.0,146.0,0.014974801781167352,0.0,7.0,4.0,4.0,3.0
1759.0,delete,0.01743985933329954,1307.0,125.0,0.017206547126790907,0.0,6.0,3.0,3.0,7.0
1760.0,delete,0.008394839155893827,1308.0,175.0,0.016086708661304787,0.0,5.0,8.0,6.0,4.0
1761.0,delete,0.029211215093406656,1309.0,177.0,0.01680810955772701,0.0,3.0,7.0,6.0,5.0
1762.0,delete,0.013094068528506947,1310.0,179.0,0.013094068528506947,0.0,4.0,6.0,5.0,5.0
1763.0,delete,0.019504248305477864,1310.0,179.0,0.013094068528506947,0.0,3.0,6.0,5.0,5.0
1764.0,swap,0.0073499910594644665,1310.0,179.0,0.013094068528506947,0.0,3.0,7.0,5.0,5.0
1765.0,delete,0.01868070584771059,1311.0,161.0,0.014329752478493125,0.0,7.0,5.0,5.0,6.0
1766.0,add,0.06227304059021412,1312.0,20.0,0.0197631756414878,4.0,4.0,3.0,5.0,6.0
1767.0,add,0.01289106623052427,1313.0,63.0,0.015266889494351581,1.0,3.0,2.0,6.0,5.0
1768.0,delete,0.006980240258038593,1314.0,98.0,0.015812093755782523,0.0,4.0,3.0,4.0,7.0
1769.0,delete,0.008394839155893834,1315.0,176.0,0.017621345916359454,0.0,4.0,8.0,5.0,5.0
1770.0,delete,0.033483932273323615,1316.0,147.0,0.015078275004462622,0.0,7.0,3.0,5.0,2.0
1771.0,delete,0.017437755249081956,1317.0,126.0,0.017224729615684758,0.0,6.0,3.0,4.0,5.0
1772.0,add,0.01598918101837645,1318.0,171.0,0.01464507110876796,0.0,6.0,7.0,6.0,6.0
1773.0,delete,0.020206122213326006,1319.0,178.0,0.013260594105489057,0.0,3.0,7.0,5.0,5.0
1774.0,delete,0.019504248305477864,1320.0,180.0,0.019504248305477864,0.0,3.0,6.0,5.0,5.0
1775.0,delete,0.014816743103316234,1320.0,180.0,0.019504248305477864,0.0,3.0,6.0,5.0,4.0
1776.0,swap,0.01418281935672137,1320.0,180.0,0.019504248305477864,0.0,3.0,5.0,6.0,5.0
1777.0,add,0.010066274900415926,1321.0,162.0,0.014408357787313513,0.0,6.0,6.0,5.0,7.0
1778.0,delete,0.013860595600622071,1322.0,64.0,0.015313742362083327,0.0,3.0,3.0,6.0,4.0
1779.0,add,0.007248995274796285,1323.0,21.0,0.01936523307393301,4.0,4.0,5.0,5.0,5.0
1780.0,delete,0.007056473468788732,1324.0,99.0,0.01593254844576265,0.0,3.0,3.0,4.0,7.0
1781.0,delete,0.019762634516682687,1325.0,177.0,0.017091824516383785,0.0,4.0,7.0,5.0,5.0
1782.0,delete,0.013491572455282685,1326.0,179.0,0.017002014767748333,0.0,3.0,6.0,5.0,5.0
1783.0,add,0.019980979924563633,1327.0,148.0,0.01487445816839383,0.0,7.0,3.0,5.0,3.0
1784.0,add,0.01899537601187032,1328.0,127.0,0.01718250322552566,0.0,6.0,2.0,5.0,6.0
1785.0,add,0.013547090622607,1329.0,172.0,0.01516324466856974,0.0,6.0,7.0,6.0,7.0
1786.0,delete,0.014816743103316234,1330.0,181.0,0.014816743103316234,0.0,3.0,6.0,5.0,4.0
1787.0,delete,0.01449122792049441,1330.0,181.0,0.014816743103316234,0.0,3.0,5.0,5.0,4.0
1788.0,swap,0.021730866754234038,1330.0,181.0,0.014816743103316234,0.0,3.0,7.0,4.0,4.0
1789.0,add,0.007966723654333012,1331.0,163.0,0.014795110717209872,0.0,6.0,8.0,5.0,6.0
1790.0,delete,0.009021262430551123,1332.0,100.0,0.01602851951630539,0.0,3.0,2.0,4.0,7.0
1791.0,delete,0.008993909321903503,1333.0,22.0,0.019049020129146194,3.0,5.0,4.0,5.0,5.0
1792.0,add,0.012759444241555621,1334.0,65.0,0.015356023019585925,1.0,3.0,3.0,5.0,5.0
1793.0,delete,0.01947177154930102,1335.0,178.0,0.015523559969510423,0.0,4.0,7.0,4.0,5.0
1794.0,delete,0.017315456180164893,1336.0,180.0,0.01646389522034023,0.0,3.0,5.0,5.0,5.0
1795.0,delete,0.014368450410462716,1337.0,173.0,0.015832570083140693,0.0,6.0,8.0,5.0,6.0
1796.0,add,0.017954277045734726,1338.0,149.0,0.014752071732787026,0.0,7.0,3.0,5.0,4.0
1797.0,add,0.009134294406488386,1339.0,128.0,0.017180064915102898,0.0,7.0,3.0,4.0,6.0
1798.0,delete,0.012732903652771015,1340.0,182.0,0.01449122792049441,0.0,3.0,5.0,5.0,4.0
1799.0,add,0.014353331860651712,1340.0,182.0,0.01449122792049441,0.0,3.0,5.0,6.0,4.0
1800.0,delete,0.007662737412542109,1340.0,182.0,0.01449122792049441,0.0,3.0,4.0,5.0,4.0
1801.0,swap,0.0070357717115196615,1340.0,182.0,0.01449122792049441,0.0,3.0,5.0,5.0,4.0
1802.0,delete,0.011950089438058361,1341.0,164.0,0.014959289931898373,0.0,7.0,6.0,5.0,6.0
1803.0,delete,0.14482911539951002,1342.0,23.0,0.018600602220027063,4.0,5.0,3.0,5.0,4.0
1804.0,delete,0.021445839923986142,1343.0,66.0,0.015370838186933007,1.0,3.0,3.0,5.0,4.0
1805.0,add,0.02285777502795909,1344.0,101.0,0.016105722312969948,0.0,3.0,3.0,3.0,8.0
1806.0,delete,0.015817438244111973,1345.0,179.0,0.01474143616322847,0.0,4.0,5.0,5.0,5.0
1807.0,delete,0.0070063646512023335,1346.0,174.0,0.015426350578181095,0.0,5.0,7.0,6.0,6.0
1808.0,delete,0.014816743103316234,1347.0,181.0,0.011255194511595781,0.0,3.0,6.0,5.0,3.0
1809.0,delete,0.00969215647789498,1348.0,129.0,0.017085319535628946,0.0,7.0,1.0,5.0,6.0
1810.0,add,0.013291027371567022,1349.0,150.0,0.014597439675474954,0.0,7.0,4.0,4.0,5.0
1811.0,add,0.015344549190331519,1350.0,183.0,0.014353331860651712,0.0,3.0,5.0,6.0,4.0
1812.0,delete,0.014353331860651712,1350.0,183.0,0.014353331860651712,0.0,3.0,5.0,5.0,4.0
1813.0,swap,0.014274130017525574,1350.0,183.0,0.014353331860651712,0.0,3.0,5.0,5.0,5.0
1814.0,delete,0.010818625587169218,1351.0,165.0,0.01510233702201605,0.0,6.0,7.0,4.0,6.0
1815.0,delete,0.007928736562983178,1352.0,67.0,0.015385275303178325,1.0,2.0,2.0,5.0,5.0
1816.0,add,0.06551063811992992,1353.0,24.0,0.018191033759151286,4.0,5.0,4.0,4.0,5.0
1817.0,delete,0.007056473468788732,1354.0,102.0,0.016174869895908755,0.0,4.0,3.0,2.0,7.0
1818.0,delete,0.010109367762665368,1355.0,180.0,0.014134195066987333,0.0,2.0,6.0,5.0,5.0
1819.0,delete,0.008412831690131376,1356.0,175.0,0.015263595269453983,0.0,4.0,8.0,6.0,5.0
1820.0,add,0.012392346415060438,1357.0,182.0,0.014581335732290129,0.0,3.0,6.0,5.0,4.0
1821.0,delete,0.01597608603154487,1358.0,130.0,0.016977588774101823,0.0,6.0,2.0,5.0,5.0
1822.0,delete,0.014353331860651712,1359.0,184.0,0.014353331860651712,0.0,3.0,5.0,5.0,4.0
1823.0,delete,0.014580115171599989,1359.0,184.0,0.014353331860651712,0.0,2.0,5.0,5.0,4.0
1824.0,swap,0.00763506985880783,1359.0,184.0,0.014353331860651712,0.0,4.0,4.0,5.0,4.0
1825.0,add,0.0161900741952802,1360.0,151.0,0.014563849814368217,0.0,7.0,5.0,4.0,5.0
1826.0,delete,0.01672787585992143,1361.0,166.0,0.014685036197782013,0.0,6.0,6.0,4.0,6.0
1827.0,delete,0.017220939869125162,1362.0,181.0,0.012617353079686453,0.0,3.0,5.0,5.0,4.0
1828.0,delete,0.06852052466735373,1363.0,25.0,0.01779321748898344,4.0,4.0,4.0,5.0,4.0
1829.0,add,0.0097724949710111,1364.0,68.0,0.015394869511046462,1.0,2.0,3.0,6.0,4.0
1830.0,add,0.007642951360177989,1365.0,103.0,0.016241324820653033,0.0,5.0,3.0,2.0,7.0
1831.0,delete,0.008394839155893827,1366.0,176.0,0.015444187271842477,0.0,4.0,8.0,5.0,5.0
1832.0,delete,0.008274557692240645,1367.0,183.0,0.012730462187927812,0.0,3.0,4.0,6.0,4.0
1833.0,delete,0.009423541361462943,1368.0,131.0,0.016789248285459205,0.0,6.0,1.0,5.0,5.0
1834.0,delete,0.012991422370628006,1369.0,185.0,0.014580115171599989,0.0,2.0,5.0,5.0,4.0
1835.0,add,0.014580115171599977,1369.0,185.0,0.014580115171599989,0.0,3.0,5.0,5.0,4.0
1836.0,delete,0.02786890074883669,1369.0,185.0,0.014580115171599989,0.0,2.0,5.0,5.0,3.0
1837.0,swap,0.01454292712741934,1369.0,185.0,0.014580115171599989,0.0,2.0,5.0,6.0,3.0
1838.0,add,0.010728769666095645,1370.0,152.0,0.014619157510525446,0.0,7.0,6.0,4.0,5.0
1839.0,add,0.00721374079641422,1371.0,167.0,0.014701033905600862,0.0,6.0,7.0,4.0,6.0
1840.0,delete,0.06918244804870045,1372.0,26.0,0.017287585159129253,4.0,4.0,3.0,5.0,4.0
1841.0,delete,0.021510867319545678,1373.0,177.0,0.015310825584054815,0.0,4.0,7.0,6.0,4.0
1842.0,add,0.009759981870609755,1374.0,69.0,0.015419656836483516,1.0,2.0,5.0,5.0,4.0
1843.0,add,0.0069802402580385866,1375.0,104.0,0.016189402354301264,0.0,4.0,3.0,2.0,9.0
1844.0,add,0.010769553320810817,1376.0,182.0,0.014272625334308089,0.0,3.0,5.0,5.0,5.0
1845.0,delete,0.024372296109946564,1377.0,184.0,0.016912696118016803,0.0,3.0,4.0,5.0,4.0
1846.0,add,0.01586945105064631,1378.0,132.0,0.016535554477642187,0.0,6.0,3.0,5.0,4.0
1847.0,add,0.014580115171599977,1379.0,186.0,0.014580115171599977,0.0,3.0,5.0,5.0,4.0
1848.0,add,0.044089362543401275,1379.0,186.0,0.014580115171599977,0.0,3.0,6.0,5.0,4.0
1849.0,delete,0.014580115171599977,1379.0,186.0,0.014580115171599977,0.0,3.0,5.0,5.0,3.0
1850.0,swap,0.012284843484127322,1379.0,186.0,0.014580115171599977,0.0,3.0,4.0,5.0,5.0
1851.0,add,0.019385044619860008,1380.0,153.0,0.014724619419285405,0.0,7.0,6.0,5.0,5.0
1852.0,delete,0.10399745763335111,1381.0,27.0,0.01671530225127651,3.0,5.0,3.0,4.0,4.0
1853.0,delete,0.016303007296234764,1382.0,168.0,0.0150060782434482,0.0,6.0,8.0,3.0,5.0
1854.0,delete,0.008702806702112794,1383.0,70.0,0.01549618925471388,1.0,2.0,5.0,4.0,4.0
1855.0,delete,0.019610786647265854,1384.0,178.0,0.015367156606678334,0.0,4.0,7.0,4.0,5.0
1856.0,add,0.018929917602179862,1385.0,105.0,0.016231846115230784,0.0,5.0,3.0,3.0,8.0
1857.0,delete,0.010348635042579206,1386.0,183.0,0.017077607453079357,0.0,3.0,4.0,6.0,4.0
1858.0,add,0.014580115171600003,1387.0,185.0,0.020022910308465706,0.0,3.0,5.0,5.0,4.0
1859.0,add,0.031260635522378066,1388.0,133.0,0.016248699985429157,0.0,7.0,2.0,6.0,4.0
1860.0,delete,0.014491227920494423,1389.0,184.0,0.01900457529475992,0.0,3.0,5.0,4.0,4.0
1861.0,add,0.042723563553982,1390.0,187.0,0.044089362543401275,0.0,3.0,6.0,5.0,4.0
1862.0,add,0.044089362543401275,1390.0,187.0,0.044089362543401275,0.0,4.0,6.0,5.0,4.0
1863.0,delete,0.044045330186884134,1390.0,187.0,0.044089362543401275,0.0,3.0,6.0,4.0,4.0
1864.0,swap,0.022748271090638008,1390.0,187.0,0.044089362543401275,0.0,4.0,5.0,5.0,4.0
1865.0,add,0.018980262846250325,1391.0,28.0,0.016054708728118643,2.0,5.0,3.0,6.0,4.0
1866.0,delete,0.023874699688300013,1392.0,71.0,0.0156579726845708,1.0,2.0,4.0,5.0,3.0
1867.0,add,0.011505062832948243,1393.0,154.0,0.015181268643484118,0.0,7.0,7.0,6.0,4.0
1868.0,delete,0.018940527735476748,1394.0,106.0,0.016371648547752957,0.0,5.0,4.0,1.0,8.0
1869.0,add,0.017453893931765316,1395.0,169.0,0.01570077451394626,0.0,6.0,8.0,4.0,5.0
1870.0,delete,0.013094068528506947,1396.0,179.0,0.017488017807085882,0.0,4.0,6.0,5.0,4.0
1871.0,add,0.01462720074280401,1397.0,186.0,0.03953917798366134,0.0,3.0,5.0,6.0,4.0
1872.0,add,0.03421145372085734,1398.0,134.0,0.016163783514500728,0.0,8.0,2.0,6.0,4.0
1873.0,add,0.01130117558102005,1399.0,185.0,0.02572076316651254,0.0,2.0,5.0,5.0,5.0
1874.0,delete,0.007149347018057475,1400.0,180.0,0.01738268711677845,0.0,3.0,5.0,5.0,5.0
1875.0,add,0.014218545823254316,1401.0,155.0,0.015193395168823984,0.0,7.0,6.0,7.0,5.0
1876.0,add,0.0168296088497799,1402.0,170.0,0.01568972375211521,0.0,6.0,8.0,4.0,6.0
1877.0,delete,0.01929610401446434,1403.0,29.0,0.015919203355520738,2.0,5.0,3.0,5.0,4.0
1878.0,delete,0.008128771051249147,1404.0,72.0,0.015716326053354178,0.0,2.0,3.0,5.0,4.0
1879.0,add,0.06063837158334545,1405.0,188.0,0.044089362543401275,0.0,4.0,6.0,5.0,4.0
1880.0,add,0.04280146945194123,1405.0,188.0,0.044089362543401275,0.0,4.0,6.0,5.0,5.0
1881.0,delete,0.04417240288980781,1405.0,188.0,0.044089362543401275,0.0,4.0,6.0,4.0,4.0
1882.0,swap,0.01076772331539853,1405.0,188.0,0.044089362543401275,0.0,3.0,7.0,5.0,4.0
1883.0,add,0.010848005146153743,1406.0,107.0,0.016508185059549495,0.0,5.0,4.0,2.0,8.0
1884.0,add,0.03256729983456058,1407.0,187.0,0.040493865956778854,0.0,3.0,6.0,5.0,5.0
1885.0,add,0.03252790516637901,1408.0,135.0,0.01613307896253615,0.0,9.0,2.0,6.0,4.0
1886.0,delete,0.014816743103316207,1409.0,181.0,0.02025853558271068,0.0,3.0,6.0,4.0,4.0
1887.0,add,0.014242934572429379,1410.0,186.0,0.036660941612378574,0.0,3.0,6.0,5.0,4.0
1888.0,add,0.014203715385628115,1411.0,156.0,0.0158305492048233,0.0,8.0,6.0,7.0,5.0
1889.0,delete,0.010590621596370944,1412.0,73.0,0.015896418465215712,0.0,1.0,3.0,5.0,4.0
1890.0,add,0.03779119958883431,1413.0,30.0,0.015819587549102534,2.0,5.0,4.0,5.0,4.0
1891.0,add,0.01430846154843405,1414.0,171.0,0.016868724992647674,0.0,7.0,7.0,5.0,6.0
1892.0,add,0.04280146945194123,1415.0,189.0,0.04280146945194123,0.0,4.0,6.0,5.0,5.0
1893.0,add,0.04138244610683253,1415.0,189.0,0.04280146945194123,0.0,4.0,6.0,5.0,6.0
1894.0,delete,0.07134369484400568,1415.0,189.0,0.04280146945194123,0.0,4.0,5.0,5.0,5.0
1895.0,swap,0.05831991614699697,1415.0,189.0,0.04280146945194123,0.0,4.0,6.0,4.0,6.0
1896.0,delete,0.012146798296799962,1416.0,108.0,0.016818052398335042,0.0,5.0,4.0,2.0,7.0
1897.0,add,0.045206675928510714,1417.0,188.0,0.05132979920034353,0.0,4.0,6.0,6.0,4.0
1898.0,add,0.03743882819187318,1418.0,136.0,0.016167125306491278,0.0,9.0,2.0,7.0,4.0
1899.0,add,0.022821894543194287,1419.0,182.0,0.025369735925811907,0.0,3.0,5.0,5.0,5.0
1900.0,delete,0.012152025052747708,1420.0,157.0,0.01671366133407449,0.0,7.0,7.0,6.0,5.0
1901.0,add,0.020350167953340076,1421.0,187.0,0.04491734837243109,0.0,3.0,7.0,5.0,4.0
1902.0,add,0.019368349900658516,1422.0,74.0,0.01612381875753817,0.0,0.0,4.0,5.0,5.0
1903.0,add,0.007817595941234443,1423.0,31.0,0.01591474376331249,2.0,5.0,4.0,5.0,5.0
1904.0,add,0.0368112061978767,1424.0,172.0,0.01887344766752912,0.0,6.0,8.0,6.0,6.0
1905.0,delete,0.012159068492424666,1425.0,109.0,0.01697570647456716,0.0,6.0,3.0,2.0,6.0
1906.0,add,0.04125668806196563,1426.0,190.0,0.04138244610683253,0.0,4.0,6.0,5.0,6.0
1907.0,add,0.06189098406093793,1426.0,190.0,0.04138244610683253,0.0,4.0,6.0,5.0,7.0
1908.0,delete,0.042627640889421635,1426.0,190.0,0.04138244610683253,0.0,4.0,6.0,5.0,5.0
1909.0,swap,0.04219696215730403,1426.0,190.0,0.04138244610683253,0.0,4.0,6.0,5.0,6.0
1910.0,delete,0.012825166614563099,1427.0,137.0,0.01643302544805964,0.0,9.0,2.0,6.0,4.0
1911.0,delete,0.02437229610994654,1428.0,183.0,0.028989954703211626,0.0,3.0,4.0,6.0,4.0
1912.0,add,0.04255899578640819,1429.0,189.0,0.045870944255292354,0.0,4.0,6.0,6.0,5.0
1913.0,add,0.03393748985264045,1430.0,158.0,0.017642943622640853,0.0,7.0,7.0,6.0,6.0
1914.0,delete,0.01429777013632062,1431.0,173.0,0.02063456631560886,0.0,6.0,8.0,5.0,6.0
1915.0,delete,0.01099321307715976,1432.0,32.0,0.016056892205009835,2.0,5.0,5.0,4.0,4.0
1916.0,add,0.008071144611974232,1433.0,75.0,0.016309363249194707,0.0,0.0,6.0,5.0,4.0
1917.0,delete,0.01102951146700402,1434.0,110.0,0.017285415481343488,0.0,6.0,1.0,2.0,7.0
1918.0,add,0.044089362543401296,1435.0,188.0,0.04839881298966051,0.0,5.0,6.0,5.0,4.0
1919.0,add,0.06199378358036573,1436.0,191.0,0.06189098406093793,0.0,4.0,6.0,5.0,7.0
1920.0,delete,0.03705415968028002,1436.0,191.0,0.06189098406093793,0.0,4.0,5.0,5.0,7.0
1921.0,swap,0.05767657828002441,1436.0,191.0,0.06189098406093793,0.0,5.0,6.0,4.0,7.0
1922.0,delete,0.010824461747914547,1437.0,138.0,0.016974725352679142,0.0,8.0,3.0,5.0,4.0
1923.0,delete,0.015463253870002901,1438.0,184.0,0.033820927871302614,0.0,3.0,5.0,4.0,4.0
1924.0,add,0.031615977382956684,1439.0,190.0,0.05465387640040202,0.0,4.0,6.0,5.0,7.0
1925.0,delete,0.014014765470386837,1440.0,159.0,0.018282067175116573,0.0,7.0,7.0,6.0,5.0
1926.0,delete,0.006779942792513074,1441.0,174.0,0.02220397730925148,0.0,5.0,7.0,6.0,6.0
1927.0,delete,0.029594470536962413,1442.0,33.0,0.016091322471765142,2.0,4.0,5.0,4.0,4.0
1928.0,delete,0.01893105237877059,1443.0,76.0,0.01640050428256547,0.0,1.0,5.0,4.0,4.0
1929.0,delete,0.04232294453120564,1444.0,192.0,0.03705415968028002,0.0,4.0,5.0,5.0,7.0
1930.0,add,0.03788346711413763,1444.0,192.0,0.03705415968028002,0.0,4.0,5.0,6.0,7.0
1931.0,delete,0.03705415968028002,1444.0,192.0,0.03705415968028002,0.0,4.0,5.0,5.0,6.0
1932.0,swap,0.09253485493163095,1444.0,192.0,0.03705415968028002,0.0,4.0,6.0,5.0,6.0
1933.0,add,0.0077013767835700225,1445.0,111.0,0.017771034279886036,0.0,5.0,2.0,2.0,8.0
1934.0,delete,0.011304926418370958,1446.0,139.0,0.017411241792426226,0.0,7.0,3.0,5.0,4.0
1935.0,add,0.034378024439267865,1447.0,189.0,0.04786068873169651,0.0,4.0,6.0,5.0,6.0
1936.0,add,0.007344438992298831,1448.0,185.0,0.038101505784906564,0.0,2.0,6.0,5.0,4.0
1937.0,delete,0.01700772334505528,1449.0,160.0,0.018883115808058987,0.0,7.0,6.0,5.0,6.0
1938.0,delete,0.008394839155893827,1450.0,175.0,0.023863447368690404,0.0,5.0,8.0,6.0,4.0
1939.0,delete,0.011015250309141422,1451.0,34.0,0.016106415276393133,2.0,4.0,4.0,4.0,4.0
1940.0,delete,0.06610427260365885,1452.0,191.0,0.04936991718750685,0.0,4.0,6.0,4.0,7.0
1941.0,add,0.01912178123712992,1453.0,77.0,0.016586576013093726,0.0,1.0,5.0,5.0,4.0
1942.0,add,0.022062378646462242,1454.0,193.0,0.03788346711413763,0.0,4.0,5.0,6.0,7.0
1943.0,add,0.03788346711413772,1454.0,193.0,0.03788346711413763,0.0,5.0,5.0,6.0,7.0
1944.0,delete,0.021656702050828727,1454.0,193.0,0.03788346711413763,0.0,3.0,5.0,6.0,7.0
1945.0,swap,0.03954942484277817,1454.0,193.0,0.03788346711413763,0.0,4.0,5.0,7.0,6.0
1946.0,add,0.008294665124074611,1455.0,112.0,0.018004622964351062,0.0,6.0,3.0,2.0,7.0
1947.0,add,0.011053114971517399,1456.0,140.0,0.017785783146940373,0.0,8.0,3.0,5.0,4.0
1948.0,add,0.041103696464068945,1457.0,190.0,0.04623451103569176,0.0,4.0,7.0,5.0,6.0
1949.0,delete,0.019087526022649414,1458.0,161.0,0.019381517839760387,0.0,7.0,6.0,5.0,5.0
1950.0,delete,0.008351279611428833,1459.0,176.0,0.02544000026035422,0.0,4.0,8.0,5.0,5.0
1951.0,delete,0.011015250309141422,1460.0,35.0,0.016217041647405988,2.0,3.0,4.0,5.0,3.0
1952.0,add,0.010769830975634938,1461.0,186.0,0.04185672275850624,0.0,3.0,5.0,5.0,5.0
1953.0,delete,0.012663391438016744,1462.0,78.0,0.01661184507129218,0.0,1.0,5.0,3.0,5.0
1954.0,add,0.007792492654367154,1463.0,192.0,0.0318070879536689,0.0,4.0,6.0,5.0,7.0
1955.0,delete,0.0071247019444670755,1464.0,113.0,0.018119870508171446,0.0,6.0,3.0,2.0,6.0
1956.0,delete,0.06189098406093793,1465.0,191.0,0.040172574895433376,0.0,4.0,6.0,5.0,6.0
1957.0,add,0.037524811256972206,1466.0,194.0,0.03788346711413772,0.0,5.0,5.0,6.0,7.0
1958.0,add,0.009399073456427582,1466.0,194.0,0.03788346711413772,0.0,5.0,6.0,6.0,7.0
1959.0,delete,0.027195473258884908,1466.0,194.0,0.03788346711413772,0.0,5.0,4.0,6.0,7.0
1960.0,swap,0.0704447658229582,1466.0,194.0,0.03788346711413772,0.0,5.0,6.0,5.0,7.0
1961.0,delete,0.023614966928422815,1467.0,141.0,0.018005043569545333,0.0,7.0,4.0,4.0,4.0
1962.0,add,0.013329175161321948,1468.0,162.0,0.0199205862810071,0.0,6.0,7.0,5.0,6.0
1963.0,delete,0.019610786647265854,1469.0,177.0,0.026485860096621128,0.0,4.0,7.0,6.0,4.0
1964.0,add,0.011453299340807287,1470.0,36.0,0.016327708974258687,2.0,3.0,5.0,4.0,4.0
1965.0,add,0.06974327166771838,1471.0,187.0,0.04267136218979877,0.0,3.0,6.0,5.0,5.0
1966.0,add,0.007911039007729909,1472.0,79.0,0.016806891287168824,0.0,1.0,5.0,4.0,5.0
1967.0,delete,0.00787552635499819,1473.0,114.0,0.018524552003621457,0.0,5.0,3.0,2.0,6.0
1968.0,add,0.07178586638811307,1474.0,193.0,0.036489518181876124,0.0,4.0,5.0,6.0,8.0
1969.0,add,0.03688512002409028,1475.0,192.0,0.0348343566005516,0.0,4.0,5.0,5.0,8.0
1970.0,add,0.00939484252735172,1476.0,195.0,0.009399073456427582,0.0,5.0,6.0,6.0,7.0
1971.0,add,0.015828467260851953,1476.0,195.0,0.009399073456427582,0.0,5.0,6.0,6.0,8.0
1972.0,delete,0.013004405855234198,1476.0,195.0,0.009399073456427582,0.0,5.0,5.0,6.0,7.0
1973.0,swap,0.01197624143964604,1476.0,195.0,0.009399073456427582,0.0,5.0,6.0,5.0,8.0
1974.0,delete,0.023406994214625047,1477.0,142.0,0.01816125588084419,0.0,6.0,4.0,4.0,4.0
1975.0,add,0.008762256850304607,1478.0,163.0,0.02069331073240595,0.0,6.0,8.0,5.0,6.0
1976.0,delete,0.019790798188669412,1479.0,178.0,0.02723114152387448,0.0,3.0,7.0,5.0,5.0
1977.0,add,0.01637483469823834,1480.0,37.0,0.016432216759898984,2.0,3.0,5.0,4.0,5.0
1978.0,add,0.04408936254340132,1481.0,188.0,0.04129417284045091,0.0,5.0,6.0,5.0,4.0
1979.0,add,0.011247660466341156,1482.0,80.0,0.016941253793525977,0.0,2.0,5.0,5.0,4.0
1980.0,add,0.010491372987844631,1483.0,115.0,0.018784769905945003,0.0,5.0,4.0,2.0,6.0
1981.0,add,0.03966426682014196,1484.0,194.0,0.011920606107902298,0.0,5.0,5.0,6.0,8.0
1982.0,add,0.037710644189221675,1485.0,193.0,0.031281971018247236,0.0,4.0,5.0,6.0,8.0
1983.0,add,0.015032111434818834,1486.0,196.0,0.015828467260851953,0.0,5.0,6.0,6.0,8.0
1984.0,delete,0.015733281171810415,1486.0,196.0,0.015828467260851953,0.0,4.0,6.0,6.0,8.0
1985.0,swap,0.008343491016413457,1486.0,196.0,0.015828467260851953,0.0,5.0,6.0,7.0,7.0
1986.0,add,0.011315594015791202,1487.0,143.0,0.018303240874422574,0.0,5.0,4.0,6.0,4.0
1987.0,delete,0.009782988346914602,1488.0,164.0,0.02121276110045668,0.0,7.0,7.0,4.0,6.0
1988.0,delete,0.013094068528506947,1489.0,179.0,0.027882548722426754,0.0,4.0,6.0,4.0,5.0
1989.0,add,0.00941558719704477,1490.0,195.0,0.013734337720973664,0.0,5.0,6.0,7.0,7.0
1990.0,add,0.00881296809442126,1491.0,38.0,0.01639805014487022,2.0,3.0,5.0,4.0,6.0
1991.0,delete,0.007634216184510911,1492.0,116.0,0.018924198083092952,0.0,6.0,3.0,2.0,5.0
1992.0,add,0.0068700367245525555,1493.0,81.0,0.017007389883212563,0.0,1.0,6.0,6.0,4.0
1993.0,add,0.04280146945194127,1494.0,189.0,0.03671306498051896,0.0,5.0,6.0,5.0,5.0
1994.0,delete,0.013731010862623183,1495.0,197.0,0.015733281171810415,0.0,4.0,6.0,6.0,8.0
1995.0,add,0.015719818174690002,1495.0,197.0,0.015733281171810415,0.0,4.0,6.0,7.0,8.0
1996.0,delete,0.014580320916445707,1495.0,197.0,0.015733281171810415,0.0,3.0,6.0,6.0,8.0
1997.0,swap,0.010943719532297141,1495.0,197.0,0.015733281171810415,0.0,4.0,5.0,6.0,9.0
1998.0,add,0.011315594015791202,1496.0,144.0,0.018372937224724026,0.0,6.0,4.0,5.0,5.0
1999.0,delete,0.010818625587169227,1497.0,165.0,0.021406486326814026,0.0,7.0,7.0,4.0,5.0
2000.0,delete,0.019867398774113258,1498.0,180.0,0.02799406344299852,0.0,3.0,6.0,5.0,4.0
2001.0,add,0.03742990121316332,1499.0,194.0,0.014483331261842642,0.0,5.0,5.0,7.0,7.0
2002.0,delete,0.015648062385622472,1500.0,196.0,0.014141630131573291,0.0,5.0,6.0,5.0,8.0
2003.0,add,0.007602412199224676,1501.0,39.0,0.016407839460888706,2.0,4.0,6.0,4.0,5.0
2004.0,add,0.02151300169586166,1502.0,117.0,0.01900174569943773,0.0,6.0,2.0,3.0,6.0
2005.0,add,0.0069721225373402754,1503.0,82.0,0.017112446855397753,0.0,2.0,6.0,5.0,5.0
2006.0,add,0.0413824461068325,1504.0,190.0,0.03321696435599698,0.0,5.0,6.0,5.0,6.0
2007.0,add,0.015867647475441206,1505.0,198.0,0.015719818174690002,0.0,4.0,6.0,7.0,8.0
2008.0,add,0.03485845049770287,1505.0,198.0,0.015719818174690002,0.0,4.0,6.0,7.0,9.0
2009.0,delete,0.011363261910498239,1505.0,198.0,0.015719818174690002,0.0,4.0,5.0,7.0,8.0
2010.0,swap,0.014290148784922414,1505.0,198.0,0.015719818174690002,0.0,5.0,6.0,6.0,8.0
2011.0,delete,0.01131559401579121,1506.0,145.0,0.018580357202579622,0.0,6.0,4.0,5.0,4.0
2012.0,delete,0.014191759673754724,1507.0,166.0,0.021629821943461882,0.0,6.0,6.0,4.0,6.0
2013.0,delete,0.014816743103316234,1508.0,181.0,0.02853603802404072,0.0,3.0,6.0,5.0,3.0
2014.0,add,0.012420949942735616,1509.0,195.0,0.015096812758655903,0.0,5.0,6.0,6.0,8.0
2015.0,delete,0.01010994161465812,1510.0,40.0,0.016448507383451542,2.0,3.0,6.0,4.0,5.0
2016.0,delete,0.02275388597603371,1511.0,118.0,0.018968750058857592,0.0,6.0,3.0,2.0,5.0
2017.0,delete,0.04634574194490108,1512.0,191.0,0.02897387304427765,0.0,4.0,5.0,5.0,7.0
2018.0,add,0.011800446662848666,1513.0,83.0,0.017254592847119016,0.0,3.0,6.0,5.0,5.0
2019.0,add,0.009591252251772977,1514.0,197.0,0.018419865368650944,0.0,4.0,7.0,6.0,8.0
2020.0,delete,0.011439174548040582,1515.0,196.0,0.015666088542166057,0.0,5.0,5.0,6.0,8.0
2021.0,delete,0.008574394975194835,1516.0,146.0,0.018673864762395558,0.0,6.0,4.0,5.0,3.0
2022.0,add,0.019920268163450806,1517.0,182.0,0.02928729455332001,0.0,4.0,5.0,5.0,4.0
2023.0,add,0.031180294368079065,1518.0,199.0,0.03485845049770287,0.0,4.0,6.0,7.0,9.0
2024.0,delete,0.032798606093460636,1518.0,199.0,0.03485845049770287,0.0,4.0,6.0,7.0,8.0
2025.0,swap,0.03741286414406203,1518.0,199.0,0.03485845049770287,0.0,4.0,6.0,6.0,10.0
2026.0,add,0.00933896735021078,1519.0,167.0,0.02197862869589722,0.0,6.0,8.0,4.0,5.0
2027.0,delete,0.016128293170493285,1520.0,41.0,0.01654077740217592,2.0,3.0,5.0,4.0,5.0
2028.0,add,0.015755552872739297,1521.0,198.0,0.03406255377582615,0.0,4.0,6.0,8.0,8.0
2029.0,add,0.023168758638393773,1522.0,119.0,0.018964689764491005,0.0,7.0,3.0,1.0,6.0
2030.0,add,0.009260422679270677,1523.0,192.0,0.023876856859409986,0.0,4.0,6.0,5.0,7.0
2031.0,add,0.008202055807468868,1524.0,84.0,0.017369457058331945,0.0,3.0,6.0,5.0,6.0
2032.0,delete,0.032798606093460636,1525.0,200.0,0.032798606093460636,0.0,4.0,6.0,7.0,8.0
2033.0,delete,0.032758640741401245,1525.0,200.0,0.032798606093460636,0.0,4.0,6.0,6.0,8.0
2034.0,swap,0.032798606093460636,1525.0,200.0,0.032798606093460636,0.0,4.0,6.0,7.0,8.0
2035.0,delete,0.008681577431847935,1526.0,147.0,0.01899403367309519,0.0,7.0,2.0,5.0,3.0
2036.0,delete,0.014979580662358336,1527.0,168.0,0.022279347560366397,0.0,6.0,7.0,4.0,5.0
2037.0,delete,0.007635069858807823,1528.0,183.0,0.030020306078625006,0.0,3.0,4.0,6.0,4.0
2038.0,add,0.017396063330253952,1529.0,197.0,0.024399519192437786,0.0,4.0,6.0,6.0,9.0
2039.0,delete,0.0337114196541226,1530.0,199.0,0.03278861475544579,0.0,3.0,6.0,7.0,9.0
2040.0,add,0.00730370925439481,1531.0,42.0,0.01662397754706694,2.0,4.0,6.0,4.0,4.0
2041.0,delete,0.03646757325351574,1532.0,201.0,0.032758640741401245,0.0,4.0,6.0,6.0,8.0
2042.0,delete,0.03281671978490514,1532.0,201.0,0.032758640741401245,0.0,4.0,6.0,5.0,8.0
2043.0,swap,0.03941715404863476,1532.0,201.0,0.032758640741401245,0.0,4.0,7.0,6.0,7.0
2044.0,add,0.01198230034930065,1533.0,85.0,0.01754417759290835,0.0,4.0,6.0,5.0,6.0
2045.0,add,0.022340633852383825,1534.0,120.0,0.018986112716827777,0.0,6.0,3.0,3.0,6.0
2046.0,add,0.017682658569435204,1535.0,148.0,0.019032942876344924,0.0,7.0,3.0,5.0,3.0
2047.0,delete,0.00743956435163703,1536.0,184.0,0.031093044075956835,0.0,2.0,5.0,5.0,4.0
2048.0,add,0.03742990121316336,1537.0,193.0,0.02496421012644098,0.0,4.0,5.0,7.0,7.0
2049.0,add,0.013479111904320933,1538.0,169.0,0.02261262958227156,0.0,6.0,7.0,5.0,5.0
2050.0,add,0.015825943909255753,1539.0,198.0,0.03273120730379539,0.0,4.0,6.0,8.0,8.0
2051.0,delete,0.032798606093460636,1540.0,200.0,0.03536502195711422,0.0,4.0,6.0,6.0,8.0
2052.0,delete,0.03281671978490514,1541.0,202.0,0.03281671978490514,0.0,4.0,6.0,5.0,8.0
2053.0,add,0.03281671978490511,1541.0,202.0,0.03281671978490514,0.0,5.0,6.0,5.0,8.0
2054.0,delete,0.02440125156659329,1541.0,202.0,0.03281671978490514,0.0,4.0,6.0,5.0,7.0
2055.0,swap,0.03281671978490513,1541.0,202.0,0.03281671978490514,0.0,4.0,6.0,6.0,7.0
2056.0,add,0.007605100903041234,1542.0,43.0,0.01675120504250206,2.0,3.0,7.0,5.0,4.0
2057.0,add,0.009320601326880073,1543.0,86.0,0.017720493839099044,0.0,5.0,7.0,5.0,5.0
2058.0,add,0.012933182823803478,1544.0,121.0,0.019056015911172338,0.0,8.0,3.0,2.0,6.0
2059.0,add,0.019980979924563633,1545.0,149.0,0.019185473489713403,0.0,7.0,3.0,5.0,4.0
2060.0,add,0.020442216247803985,1546.0,185.0,0.03191436173438654,0.0,2.0,6.0,5.0,4.0
2061.0,add,0.038293111031207014,1547.0,194.0,0.022255208489702867,0.0,5.0,5.0,7.0,7.0
2062.0,add,0.007759947764991507,1548.0,170.0,0.023165695475506495,0.0,6.0,7.0,4.0,7.0
2063.0,delete,0.03485845049770286,1549.0,199.0,0.033016718675210055,0.0,4.0,6.0,6.0,9.0
2064.0,delete,0.02922816844716625,1550.0,201.0,0.031133626141242758,0.0,3.0,6.0,6.0,8.0
2065.0,add,0.03146017138004304,1551.0,203.0,0.03281671978490511,0.0,5.0,6.0,5.0,8.0
2066.0,add,0.010855631797142795,1551.0,203.0,0.03281671978490511,0.0,5.0,6.0,5.0,9.0
2067.0,delete,0.0126973508464473,1551.0,203.0,0.03281671978490511,0.0,5.0,5.0,5.0,8.0
2068.0,swap,0.008129832122242941,1551.0,203.0,0.03281671978490511,0.0,5.0,7.0,4.0,8.0
2069.0,add,0.021625836139017487,1552.0,44.0,0.01680118966579695,2.0,3.0,7.0,5.0,5.0
2070.0,delete,0.008159936633262591,1553.0,87.0,0.017839149802228643,0.0,5.0,6.0,4.0,6.0
2071.0,delete,0.02177055728044499,1554.0,122.0,0.01911370681296337,0.0,7.0,3.0,3.0,5.0
2072.0,add,0.010908515803778577,1555.0,150.0,0.019316017924191915,0.0,7.0,4.0,4.0,5.0
2073.0,add,0.014580115171599989,1556.0,186.0,0.03265486462155262,0.0,4.0,5.0,5.0,4.0
2074.0,add,0.009399073456427574,1557.0,195.0,0.022410351752599946,0.0,6.0,6.0,6.0,7.0
2075.0,add,0.01583066191560741,1558.0,171.0,0.0233275196187425,0.0,6.0,7.0,6.0,6.0
2076.0,delete,0.02539746002753339,1559.0,200.0,0.027820089959733462,0.0,4.0,5.0,7.0,8.0
2077.0,add,0.03265870352916508,1560.0,202.0,0.019191941186156237,0.0,4.0,6.0,6.0,8.0
2078.0,delete,0.032758640741401245,1561.0,201.0,0.025517998984401925,0.0,4.0,6.0,6.0,7.0
2079.0,add,0.021001999626748705,1562.0,45.0,0.016807465003911205,2.0,3.0,6.0,5.0,7.0
2080.0,add,0.014000621190811816,1563.0,123.0,0.01921598957793285,0.0,6.0,3.0,4.0,6.0
2081.0,delete,0.01494082308896023,1564.0,196.0,0.02432304152058546,0.0,5.0,6.0,6.0,7.0
2082.0,add,0.04591832654961302,1565.0,88.0,0.017782791459715907,0.0,5.0,5.0,6.0,6.0
2083.0,add,0.010855631797142795,1566.0,204.0,0.010855631797142795,0.0,5.0,6.0,5.0,9.0
2084.0,delete,0.010855631797142795,1566.0,204.0,0.010855631797142795,0.0,5.0,6.0,5.0,8.0
2085.0,swap,0.010541887347505434,1566.0,204.0,0.010855631797142795,0.0,5.0,5.0,5.0,10.0
2086.0,add,0.01303856059443147,1567.0,151.0,0.019429919836664065,0.0,7.0,5.0,4.0,5.0
2087.0,add,0.042801469451941306,1568.0,187.0,0.031900119366725245,0.0,3.0,6.0,5.0,5.0
2088.0,add,0.015880303130828846,1569.0,172.0,0.02364881510516981,0.0,6.0,7.0,7.0,6.0
2089.0,add,0.03280773399402782,1570.0,203.0,0.010777195684733456,0.0,5.0,6.0,6.0,8.0
2090.0,delete,0.010774772268368543,1571.0,205.0,0.010855631797142795,0.0,5.0,6.0,5.0,8.0
2091.0,delete,0.07624857713967356,1571.0,205.0,0.010855631797142795,0.0,5.0,5.0,5.0,8.0
2092.0,swap,0.037403225968518715,1571.0,205.0,0.010855631797142795,0.0,5.0,5.0,5.0,9.0
2093.0,delete,0.05832676999771384,1572.0,46.0,0.016877156158208832,2.0,3.0,5.0,6.0,6.0
2094.0,delete,0.018572745239978008,1573.0,89.0,0.017633436529607423,0.0,5.0,4.0,5.0,7.0
2095.0,add,0.02115428536428232,1574.0,124.0,0.01935351387796755,0.0,6.0,4.0,4.0,6.0
2096.0,add,0.015733281171810446,1575.0,197.0,0.026400262754959318,0.0,5.0,6.0,6.0,8.0
2097.0,add,0.04374691021001083,1576.0,188.0,0.03145344514602208,0.0,4.0,6.0,6.0,4.0
2098.0,add,0.01856197706107407,1577.0,152.0,0.019862441473689155,0.0,7.0,7.0,4.0,4.0
2099.0,add,0.013399868998762077,1578.0,202.0,0.024469682290178915,0.0,5.0,6.0,5.0,8.0
2100.0,delete,0.01429777013632062,1579.0,173.0,0.024200374444382184,0.0,6.0,8.0,6.0,5.0
2101.0,delete,0.011443206142318,1580.0,204.0,0.033820551793425906,0.0,5.0,6.0,4.0,9.0
2102.0,delete,0.07624857713967356,1581.0,206.0,0.07624857713967356,0.0,5.0,5.0,5.0,8.0
2103.0,delete,0.08184094580036694,1581.0,206.0,0.07624857713967356,0.0,5.0,5.0,5.0,7.0
2104.0,swap,0.07624857713967356,1581.0,206.0,0.07624857713967356,0.0,5.0,5.0,5.0,8.0
2105.0,delete,0.03113100926897621,1582.0,47.0,0.01695869834734472,2.0,3.0,6.0,6.0,4.0
2106.0,delete,0.044663810461009555,1583.0,90.0,0.01762988915267698,0.0,3.0,5.0,5.0,7.0
2107.0,delete,0.02716312237018342,1584.0,125.0,0.019679596724019685,0.0,5.0,3.0,4.0,7.0
2108.0,add,0.01576803428982316,1585.0,198.0,0.03156316649978432,0.0,4.0,6.0,8.0,8.0
2109.0,add,0.03281671978490514,1586.0,203.0,0.037177033194296216,0.0,6.0,6.0,5.0,8.0
2110.0,add,0.0677274247331541,1587.0,189.0,0.031052601796858592,0.0,4.0,6.0,5.0,6.0
2111.0,add,0.036192452477173995,1588.0,153.0,0.02050478557769325,0.0,7.0,7.0,5.0,4.0
2112.0,delete,0.007133544713006557,1589.0,174.0,0.025415246037410733,0.0,5.0,8.0,6.0,5.0
2113.0,delete,0.011443206142318,1590.0,205.0,0.0776466693048469,0.0,5.0,6.0,4.0,8.0
2114.0,delete,0.08213843124425411,1591.0,207.0,0.08184094580036694,0.0,5.0,5.0,5.0,7.0
2115.0,delete,0.06898441672537763,1591.0,207.0,0.08184094580036694,0.0,5.0,4.0,5.0,7.0
2116.0,swap,0.08184094580036694,1591.0,207.0,0.08184094580036694,0.0,5.0,5.0,5.0,7.0
2117.0,delete,0.03122156418442008,1592.0,48.0,0.01707634014652467,2.0,2.0,6.0,5.0,5.0
2118.0,delete,0.013808579158517598,1593.0,91.0,0.01775474127724632,0.0,4.0,4.0,4.0,7.0
2119.0,delete,0.017450827262090355,1594.0,126.0,0.020068103099844435,0.0,6.0,3.0,3.0,6.0
2120.0,delete,0.02519327672124691,1595.0,199.0,0.03520907967684542,0.0,4.0,5.0,7.0,9.0
2121.0,delete,0.009974166653450078,1596.0,204.0,0.05212254277567103,0.0,4.0,6.0,5.0,9.0
2122.0,delete,0.08139883139689423,1597.0,206.0,0.07870118489259141,0.0,5.0,5.0,4.0,8.0
2123.0,delete,0.010149660498569303,1598.0,175.0,0.026686000188183373,0.0,5.0,7.0,6.0,5.0
2124.0,add,0.011928083982837897,1599.0,154.0,0.02112501111686106,0.0,8.0,6.0,6.0,4.0
2125.0,add,0.020913683362829887,1600.0,190.0,0.03177584736343476,0.0,4.0,7.0,5.0,6.0
2126.0,delete,0.06898441672537763,1601.0,208.0,0.06898441672537763,0.0,5.0,4.0,5.0,7.0
2127.0,delete,0.06898441672537772,1601.0,208.0,0.06898441672537763,0.0,5.0,4.0,4.0,7.0
2128.0,swap,0.05084412143489973,1601.0,208.0,0.06898441672537763,0.0,5.0,5.0,4.0,7.0
2129.0,add,0.030854248129069995,1602.0,49.0,0.017117489954845338,2.0,3.0,6.0,6.0,4.0
2130.0,delete,0.01334690996044777,1603.0,92.0,0.017967948274138397,0.0,3.0,3.0,5.0,7.0
2131.0,add,0.01744732863709594,1604.0,127.0,0.020351825258483034,0.0,6.0,3.0,4.0,6.0
2132.0,delete,0.030211919269549043,1605.0,200.0,0.03811216338207086,0.0,4.0,6.0,7.0,7.0
2133.0,delete,0.009005430393185968,1606.0,205.0,0.0687671219511878,0.0,5.0,5.0,5.0,8.0
2134.0,delete,0.08876887903391659,1607.0,207.0,0.06444934290275818,0.0,5.0,4.0,5.0,7.0
2135.0,delete,0.007411778161327095,1608.0,176.0,0.027909208043403078,0.0,4.0,8.0,5.0,5.0
2136.0,delete,0.06189098406093793,1609.0,191.0,0.03198306028213201,0.0,4.0,6.0,5.0,6.0
2137.0,add,0.012271442219984578,1610.0,155.0,0.02186021760801775,0.0,7.0,6.0,6.0,6.0
2138.0,delete,0.06896321206258853,1611.0,209.0,0.06898441672537772,0.0,5.0,4.0,4.0,7.0
2139.0,delete,0.09645039107592687,1611.0,209.0,0.06898441672537772,0.0,5.0,3.0,4.0,7.0
2140.0,swap,0.022778138681409967,1611.0,209.0,0.06898441672537772,0.0,5.0,4.0,4.0,7.0
2141.0,delete,0.030595021215245818,1612.0,50.0,0.017155483338051992,2.0,1.0,6.0,7.0,4.0
2142.0,delete,0.013875460701008261,1613.0,201.0,0.04116669202521142,0.0,4.0,5.0,6.0,8.0
2143.0,add,0.007225865897433621,1614.0,93.0,0.018200216226393378,0.0,3.0,4.0,4.0,8.0
2144.0,add,0.025538600920818364,1615.0,128.0,0.02073236010842393,0.0,7.0,3.0,4.0,6.0
2145.0,delete,0.06898441672537763,1616.0,206.0,0.07183142889222975,0.0,5.0,4.0,5.0,8.0
2146.0,delete,0.06898441672537772,1617.0,208.0,0.06429403963632577,0.0,4.0,4.0,5.0,7.0
2147.0,delete,0.015341955328414205,1618.0,177.0,0.029319123334668788,0.0,4.0,6.0,6.0,5.0
2148.0,delete,0.0931630805918662,1619.0,210.0,0.09645039107592687,0.0,5.0,3.0,4.0,7.0
2149.0,delete,0.09645039107592691,1619.0,210.0,0.09645039107592687,0.0,5.0,3.0,3.0,7.0
2150.0,swap,0.07411863405818941,1619.0,210.0,0.09645039107592687,0.0,6.0,3.0,4.0,6.0
2151.0,add,0.012841179940984618,1620.0,156.0,0.023084952998114413,0.0,9.0,6.0,6.0,5.0
2152.0,delete,0.021567882248072323,1621.0,51.0,0.01729496458646826,1.0,2.0,6.0,6.0,4.0
2153.0,add,0.027825963604816893,1622.0,192.0,0.033487818971560016,0.0,4.0,5.0,5.0,8.0
2154.0,delete,0.08184094580036694,1623.0,207.0,0.07228954290968624,0.0,5.0,5.0,4.0,7.0
2155.0,delete,0.018450606687118846,1624.0,129.0,0.021343937544097292,0.0,7.0,2.0,4.0,6.0
2156.0,add,0.019281211717405513,1625.0,94.0,0.018565018538672543,0.0,4.0,4.0,4.0,8.0
2157.0,add,0.03273735712724261,1626.0,202.0,0.04882576035514035,0.0,4.0,6.0,6.0,8.0
2158.0,add,0.9346645654712509,1627.0,1.0,0.046192712958034315,4.0,1.0,0.0,0.0,0.0
2159.0,delete,0.02825613262858902,1628.0,209.0,0.09004562420047735,0.0,5.0,4.0,4.0,6.0
2160.0,delete,0.01947177154930102,1629.0,178.0,0.03067500479077952,0.0,4.0,7.0,4.0,5.0
2161.0,delete,0.09645039107592691,1630.0,211.0,0.09645039107592691,0.0,5.0,3.0,3.0,7.0
2162.0,delete,0.09645039107592691,1630.0,211.0,0.09645039107592691,0.0,4.0,3.0,3.0,7.0
2163.0,swap,0.08628074676717026,1630.0,211.0,0.09645039107592691,0.0,5.0,3.0,3.0,7.0
2164.0,delete,0.009948956585080894,1631.0,157.0,0.023967976910128506,0.0,8.0,6.0,6.0,5.0
2165.0,delete,0.04523429529716487,1632.0,52.0,0.017461735776386465,1.0,2.0,4.0,7.0,4.0
2166.0,add,0.03829311103120705,1633.0,193.0,0.0362102828107333,0.0,4.0,5.0,7.0,7.0
2167.0,delete,0.05097467765534786,1634.0,208.0,0.07477752854535637,0.0,5.0,3.0,5.0,7.0
2168.0,delete,0.03345304065083192,1635.0,130.0,0.021812486980691864,0.0,7.0,2.0,5.0,4.0
2169.0,delete,0.009410469498012516,1636.0,95.0,0.018928622816146913,0.0,4.0,3.0,4.0,8.0
2170.0,delete,0.06997184795883296,1637.0,210.0,0.09390797999873776,0.0,5.0,2.0,4.0,7.0
2171.0,add,0.014533350297867186,1638.0,203.0,0.05644682549617185,0.0,5.0,7.0,5.0,8.0
2172.0,add,0.9318978893120227,1639.0,2.0,0.04189865989325572,4.0,0.0,0.0,1.0,1.0
2173.0,delete,0.008217831508413154,1640.0,179.0,0.03226536417931802,0.0,4.0,5.0,5.0,5.0
2174.0,delete,0.09645039107592691,1641.0,212.0,0.09645039107592691,0.0,4.0,3.0,3.0,7.0
2175.0,add,0.08862382101203674,1641.0,212.0,0.09645039107592691,0.0,4.0,3.0,3.0,8.0
2176.0,delete,0.1033770682264787,1641.0,212.0,0.09645039107592691,0.0,4.0,3.0,2.0,7.0
2177.0,swap,0.09725917744494686,1641.0,212.0,0.09645039107592691,0.0,5.0,3.0,3.0,6.0
2178.0,add,0.020456923393240053,1642.0,158.0,0.02509069447280441,0.0,7.0,7.0,7.0,5.0
2179.0,add,0.010615655213697246,1643.0,53.0,0.017728897856028093,1.0,2.0,5.0,8.0,3.0
2180.0,add,0.037710644189221765,1644.0,194.0,0.038163830426538994,0.0,5.0,5.0,6.0,8.0
2181.0,delete,0.029229581802143644,1645.0,131.0,0.022334907609878087,0.0,6.0,2.0,5.0,4.0
2182.0,delete,0.018302552673253102,1646.0,96.0,0.019391603360728885,0.0,4.0,4.0,4.0,6.0
2183.0,delete,0.06898441672537772,1647.0,209.0,0.08640788185136497,0.0,5.0,4.0,4.0,6.0
2184.0,delete,0.01068504136501518,1648.0,204.0,0.06559598625935245,0.0,5.0,5.0,5.0,9.0
2185.0,delete,0.019504248305477864,1649.0,180.0,0.03410836462938774,0.0,3.0,6.0,5.0,4.0
2186.0,add,0.44914859687323117,1650.0,3.0,0.03767296045414072,4.0,1.0,1.0,1.0,0.0
2187.0,delete,0.09658702803647508,1651.0,211.0,0.09643216976706322,0.0,5.0,3.0,2.0,7.0
2188.0,add,0.0874138890308192,1652.0,213.0,0.08862382101203674,0.0,4.0,3.0,3.0,8.0
2189.0,delete,0.06580257159896791,1652.0,213.0,0.08862382101203674,0.0,4.0,2.0,3.0,8.0
2190.0,swap,0.05016743662455623,1652.0,213.0,0.08862382101203674,0.0,3.0,3.0,4.0,8.0
2191.0,delete,0.012028495857810963,1653.0,159.0,0.025795007520468687,0.0,6.0,7.0,6.0,6.0
2192.0,add,0.008343491016413457,1654.0,195.0,0.040699539950701524,0.0,5.0,6.0,7.0,7.0
2193.0,add,0.00730821927876106,1655.0,54.0,0.017981028200469783,1.0,3.0,5.0,7.0,4.0
2194.0,delete,0.09725917744494686,1656.0,210.0,0.08702193469261472,0.0,5.0,3.0,4.0,6.0
2195.0,add,0.028347125917656125,1657.0,132.0,0.02273532160613534,0.0,6.0,2.0,6.0,4.0
2196.0,add,0.008071488461948908,1658.0,97.0,0.019827428566812237,0.0,4.0,3.0,4.0,8.0
2197.0,delete,0.010855631797142795,1659.0,205.0,0.07371852728258237,0.0,5.0,6.0,5.0,7.0
2198.0,delete,0.014744254701226051,1660.0,181.0,0.03555987539038519,0.0,3.0,6.0,4.0,4.0
2199.0,add,0.08823617406612752,1661.0,212.0,0.07300192956659503,0.0,4.0,3.0,4.0,7.0
2200.0,add,0.38244133680395015,1662.0,4.0,0.03569083311944001,4.0,0.0,2.0,1.0,1.0
2201.0,delete,0.06634212872988521,1663.0,214.0,0.06580257159896791,0.0,4.0,2.0,3.0,8.0
2202.0,add,0.05729260930366975,1663.0,214.0,0.06580257159896791,0.0,4.0,2.0,3.0,9.0
2203.0,delete,0.06580257159896791,1663.0,214.0,0.06580257159896791,0.0,4.0,2.0,3.0,7.0
2204.0,swap,0.010367213484987533,1663.0,214.0,0.06580257159896791,0.0,3.0,2.0,3.0,9.0
2205.0,delete,0.033937489852640466,1664.0,160.0,0.026427311454951866,0.0,7.0,7.0,5.0,5.0
2206.0,delete,0.007804786854007932,1665.0,55.0,0.01819033330422239,1.0,3.0,4.0,7.0,4.0
2207.0,delete,0.010515508181426379,1666.0,196.0,0.043466688360087304,0.0,5.0,5.0,6.0,8.0
2208.0,delete,0.08904865055231659,1667.0,206.0,0.07471458700640578,0.0,5.0,4.0,5.0,8.0
2209.0,delete,0.0069802402580385866,1668.0,98.0,0.020177888420549562,0.0,4.0,3.0,4.0,7.0
2210.0,add,0.03232046108686366,1669.0,133.0,0.022967858806485043,0.0,8.0,2.0,5.0,4.0
2211.0,delete,0.08628074676717026,1670.0,211.0,0.07644089080784089,0.0,4.0,3.0,3.0,7.0
2212.0,add,0.030334784557555273,1671.0,182.0,0.03729021087079711,0.0,3.0,6.0,5.0,4.0
2213.0,delete,0.05016743662455616,1672.0,213.0,0.05312141894329566,0.0,3.0,3.0,3.0,8.0
2214.0,add,0.138293414439758,1673.0,5.0,0.033916438578907665,4.0,1.0,2.0,1.0,1.0
2215.0,add,0.05729260930366975,1674.0,215.0,0.05729260930366975,0.0,4.0,2.0,3.0,9.0
2216.0,delete,0.05620340116514439,1674.0,215.0,0.05729260930366975,0.0,4.0,2.0,2.0,9.0
2217.0,swap,0.019483001807247356,1674.0,215.0,0.05729260930366975,0.0,4.0,1.0,4.0,9.0
2218.0,delete,0.019487746833163833,1675.0,161.0,0.027065847327155154,0.0,7.0,6.0,5.0,5.0
2219.0,add,0.008399049456032917,1676.0,197.0,0.04645616034120879,0.0,4.0,6.0,6.0,9.0
2220.0,add,0.007129738287151923,1677.0,56.0,0.018368717242059678,1.0,3.0,5.0,7.0,4.0
2221.0,delete,0.07993239561691413,1678.0,207.0,0.07146391071667572,0.0,5.0,5.0,4.0,7.0
2222.0,delete,0.0069802402580385866,1679.0,99.0,0.02052713545342888,0.0,3.0,3.0,4.0,7.0
2223.0,add,0.09645039107592687,1680.0,212.0,0.058707297257741216,0.0,5.0,3.0,3.0,7.0
2224.0,add,0.023762760894045963,1681.0,134.0,0.023294526650136045,0.0,9.0,2.0,5.0,4.0
2225.0,delete,0.015463253870002875,1682.0,183.0,0.03849606232658433,0.0,3.0,5.0,5.0,4.0
2226.0,add,0.017354708915576722,1683.0,214.0,0.04756790539493281,0.0,4.0,3.0,3.0,8.0
2227.0,delete,0.05620340116514439,1684.0,216.0,0.05620340116514439,0.0,4.0,2.0,2.0,9.0
2228.0,add,0.06455157784265975,1684.0,216.0,0.05620340116514439,0.0,4.0,2.0,2.0,10.0
2229.0,delete,0.06455157784265975,1684.0,216.0,0.05620340116514439,0.0,4.0,2.0,2.0,8.0
2230.0,swap,0.04020031490463187,1684.0,216.0,0.05620340116514439,0.0,5.0,2.0,2.0,8.0
2231.0,add,0.4442616302036065,1685.0,6.0,0.031171914520627283,4.0,2.0,1.0,2.0,1.0
2232.0,add,0.010513009737541577,1686.0,162.0,0.027840558922081957,0.0,6.0,6.0,6.0,6.0
2233.0,delete,0.007424046147839523,1687.0,57.0,0.01856764090867436,1.0,1.0,5.0,8.0,4.0
2234.0,add,0.025346220655974007,1688.0,198.0,0.04958638479477864,0.0,4.0,6.0,7.0,9.0
2235.0,delete,0.0069802402580385866,1689.0,100.0,0.02084480425520309,0.0,2.0,3.0,4.0,7.0
2236.0,delete,0.06901269241350003,1690.0,208.0,0.06917454274942533,0.0,5.0,4.0,4.0,7.0
2237.0,delete,0.014353331860651712,1691.0,184.0,0.039665446445539744,0.0,3.0,5.0,5.0,3.0
2238.0,add,0.022813527458836302,1692.0,135.0,0.0234327698803008,0.0,10.0,2.0,5.0,4.0
2239.0,delete,0.08862382101203674,1693.0,213.0,0.04940108030626917,0.0,4.0,3.0,3.0,7.0
2240.0,delete,0.051647227438300226,1694.0,215.0,0.05634205458404803,0.0,3.0,2.0,3.0,9.0
2241.0,add,0.057634234573327316,1695.0,217.0,0.06455157784265975,0.0,4.0,2.0,2.0,10.0
2242.0,delete,0.06455157784265975,1695.0,217.0,0.06455157784265975,0.0,4.0,2.0,2.0,9.0
2243.0,swap,0.05620340116514442,1695.0,217.0,0.06455157784265975,0.0,5.0,2.0,2.0,9.0
2244.0,add,0.44426163020360626,1696.0,7.0,0.028850219950144942,4.0,1.0,1.0,2.0,3.0
2245.0,add,0.009493869997163241,1697.0,163.0,0.028751771920841954,0.0,6.0,7.0,5.0,7.0
2246.0,delete,0.01294806704240716,1698.0,58.0,0.01874103271589711,1.0,2.0,4.0,8.0,3.0
2247.0,delete,0.0348160866774329,1699.0,199.0,0.05190865748461498,0.0,4.0,6.0,6.0,9.0
2248.0,delete,0.06027833173607637,1700.0,209.0,0.0701239277539595,0.0,4.0,4.0,4.0,7.0
2249.0,add,0.006996189553202983,1701.0,101.0,0.021273243273237732,0.0,3.0,3.0,4.0,7.0
2250.0,add,0.06269934503412598,1702.0,214.0,0.05101304948229504,0.0,5.0,2.0,3.0,8.0
2251.0,add,0.011073924799927526,1703.0,185.0,0.04127621428576656,0.0,2.0,5.0,5.0,5.0
2252.0,add,0.026948737642960713,1704.0,136.0,0.02367820073448053,0.0,9.0,3.0,6.0,4.0
2253.0,add,0.054241825839847886,1705.0,216.0,0.0607351978559478,0.0,4.0,2.0,2.0,10.0
2254.0,delete,0.06455157784265966,1706.0,218.0,0.06455157784265975,0.0,4.0,2.0,2.0,9.0
2255.0,delete,0.06455157784265975,1706.0,218.0,0.06455157784265975,0.0,4.0,2.0,2.0,8.0
2256.0,swap,0.0223769110355757,1706.0,218.0,0.06455157784265975,0.0,4.0,1.0,3.0,9.0
2257.0,add,0.44426163020360626,1707.0,8.0,0.02691070775475443,4.0,1.0,1.0,2.0,4.0
2258.0,delete,0.009819942923917385,1708.0,164.0,0.029504629147634794,0.0,7.0,7.0,5.0,5.0
2259.0,delete,0.008438806723701812,1709.0,59.0,0.018921415944129837,1.0,2.0,4.0,6.0,4.0
2260.0,delete,0.032798606093460636,1710.0,200.0,0.0532472908589041,0.0,4.0,6.0,7.0,7.0
2261.0,delete,0.03713819857444583,1711.0,210.0,0.06781014231683251,0.0,5.0,2.0,4.0,7.0
2262.0,delete,0.00814378575977714,1712.0,102.0,0.02155944665673886,0.0,4.0,3.0,3.0,6.0
2263.0,delete,0.056998208636619634,1713.0,215.0,0.055189892807724225,0.0,4.0,2.0,3.0,8.0
2264.0,delete,0.05620340116514439,1714.0,217.0,0.054007911140888716,0.0,4.0,2.0,2.0,9.0
2265.0,delete,0.011071722544742337,1715.0,137.0,0.02396074656169824,0.0,9.0,3.0,6.0,3.0
2266.0,add,0.01449751768102736,1716.0,186.0,0.0425807337812748,0.0,3.0,5.0,6.0,4.0
2267.0,delete,0.06593952621929022,1717.0,219.0,0.06455157784265975,0.0,4.0,2.0,2.0,8.0
2268.0,delete,0.06892519752286032,1717.0,219.0,0.06455157784265975,0.0,3.0,2.0,2.0,8.0
2269.0,swap,0.008326919806622052,1717.0,219.0,0.06455157784265975,0.0,4.0,2.0,2.0,8.0
2270.0,add,0.008555275404587994,1718.0,9.0,0.024985361106399442,4.0,1.0,3.0,2.0,3.0
2271.0,delete,0.011451738983219087,1719.0,165.0,0.030144770749486266,0.0,7.0,6.0,4.0,6.0
2272.0,delete,0.01289106623052427,1720.0,60.0,0.01903170477842203,1.0,2.0,3.0,7.0,3.0
2273.0,delete,0.02440125156659329,1721.0,201.0,0.054193174177442203,0.0,4.0,6.0,6.0,7.0
2274.0,delete,0.0371381985744459,1722.0,211.0,0.06305965979252584,0.0,5.0,2.0,3.0,7.0
2275.0,add,0.05620340116514439,1723.0,216.0,0.054004810724870934,0.0,5.0,2.0,2.0,9.0
2276.0,add,0.008266123915074784,1724.0,103.0,0.021865947590630687,0.0,4.0,3.0,2.0,8.0
2277.0,delete,0.05620340116514439,1725.0,218.0,0.051935805347858084,0.0,4.0,2.0,2.0,8.0
2278.0,delete,0.012009862965269862,1726.0,138.0,0.02430651461743014,0.0,7.0,3.0,6.0,4.0
2279.0,delete,0.06892519752286039,1727.0,220.0,0.06892519752286032,0.0,3.0,2.0,2.0,8.0
2280.0,add,0.07778148758142572,1727.0,220.0,0.06892519752286032,0.0,3.0,2.0,3.0,8.0
2281.0,delete,0.0223769110355757,1727.0,220.0,0.06892519752286032,0.0,3.0,1.0,2.0,8.0
2282.0,swap,0.06970747572070828,1727.0,220.0,0.06892519752286032,0.0,3.0,3.0,2.0,7.0
2283.0,delete,0.017057996006598308,1728.0,166.0,0.030857042387817567,0.0,6.0,7.0,4.0,5.0
2284.0,add,0.06389360813463182,1729.0,10.0,0.02483791019773832,4.0,1.0,2.0,3.0,4.0
2285.0,add,0.03554231046767384,1730.0,187.0,0.043596218378968224,0.0,3.0,6.0,5.0,5.0
2286.0,add,0.007306152298611504,1731.0,61.0,0.019275549381068558,1.0,2.0,2.0,8.0,4.0
2287.0,add,0.031030423549755937,1732.0,202.0,0.05605221723581889,0.0,4.0,6.0,5.0,9.0
2288.0,add,0.04584937692265344,1733.0,212.0,0.05742948658162421,0.0,4.0,4.0,3.0,7.0
2289.0,delete,0.04602842476378154,1734.0,217.0,0.05464778171562971,0.0,4.0,1.0,2.0,10.0
2290.0,add,0.023043257150047812,1735.0,104.0,0.022163730199936067,0.0,4.0,4.0,2.0,8.0
2291.0,delete,0.011304926418370958,1736.0,139.0,0.02475911239044477,0.0,7.0,3.0,6.0,3.0
2292.0,delete,0.06455157784265966,1737.0,219.0,0.06154325387668609,0.0,3.0,2.0,2.0,8.0
2293.0,add,0.07763946844802977,1738.0,221.0,0.07778148758142572,0.0,3.0,2.0,3.0,8.0
2294.0,add,0.055343609682777274,1738.0,221.0,0.07778148758142572,0.0,3.0,3.0,3.0,8.0
2295.0,delete,0.07778148758142572,1738.0,221.0,0.07778148758142572,0.0,3.0,2.0,3.0,7.0
2296.0,swap,0.033837566048740615,1738.0,221.0,0.07778148758142572,0.0,3.0,3.0,3.0,7.0
2297.0,add,0.014020375260479624,1739.0,167.0,0.03170592226483132,0.0,6.0,8.0,4.0,5.0
2298.0,add,0.029133713559452133,1740.0,11.0,0.024699560582442603,4.0,1.0,3.0,4.0,3.0
2299.0,delete,0.01289106623052427,1741.0,62.0,0.019528889038310255,1.0,3.0,2.0,7.0,3.0
2300.0,add,0.023787282262179417,1742.0,188.0,0.0440889919531632,0.0,4.0,7.0,5.0,4.0
2301.0,add,0.014781488184388703,1743.0,203.0,0.05837703593681161,0.0,5.0,6.0,5.0,9.0
2302.0,delete,0.08862382101203674,1744.0,213.0,0.05466999721519307,0.0,4.0,3.0,3.0,7.0
2303.0,delete,0.06455157784265975,1745.0,218.0,0.057992243144341434,0.0,4.0,2.0,2.0,8.0
2304.0,add,0.012910947362945874,1746.0,105.0,0.02251034865441501,0.0,6.0,3.0,2.0,8.0
2305.0,add,0.011053114971517407,1747.0,140.0,0.025362501749471675,0.0,7.0,3.0,5.0,5.0
2306.0,add,0.06001139950763624,1748.0,220.0,0.06447672386847982,0.0,3.0,2.0,2.0,9.0
2307.0,delete,0.06455157784265969,1749.0,219.0,0.061534670772245434,0.0,3.0,2.0,2.0,8.0
2308.0,add,0.04280146945194123,1750.0,189.0,0.04424033765002613,0.0,5.0,6.0,5.0,5.0
2309.0,delete,0.01630300729623475,1751.0,168.0,0.032414574484023184,0.0,6.0,8.0,3.0,5.0
2310.0,add,0.054824064819322504,1752.0,222.0,0.055343609682777274,0.0,3.0,3.0,3.0,8.0
2311.0,add,0.07822156728737334,1752.0,222.0,0.055343609682777274,0.0,3.0,4.0,3.0,8.0
2312.0,delete,0.0566856215312321,1752.0,222.0,0.055343609682777274,0.0,3.0,3.0,2.0,8.0
2313.0,swap,0.008457880519111567,1752.0,222.0,0.055343609682777274,0.0,3.0,3.0,3.0,8.0
2314.0,add,0.3511555387459646,1753.0,12.0,0.024435998569251334,4.0,2.0,3.0,4.0,3.0
2315.0,add,0.006881068313058897,1754.0,63.0,0.019818513602491178,1.0,4.0,2.0,6.0,4.0
2316.0,delete,0.009005430393185968,1755.0,204.0,0.0607497521240214,0.0,5.0,5.0,5.0,9.0
2317.0,delete,0.01887674998899939,1756.0,106.0,0.02274356154253227,0.0,5.0,4.0,2.0,7.0
2318.0,delete,0.023406994214625047,1757.0,141.0,0.025679744372478806,0.0,6.0,4.0,5.0,4.0
2319.0,add,0.06580257159896791,1758.0,214.0,0.05432542457436928,0.0,4.0,2.0,3.0,9.0
2320.0,add,0.07778148758142572,1759.0,221.0,0.05070654876796336,0.0,3.0,2.0,3.0,9.0
2321.0,add,0.05747657055308973,1760.0,220.0,0.05985142187168187,0.0,3.0,3.0,2.0,8.0
2322.0,add,0.04138244610683259,1761.0,190.0,0.04448952242879909,0.0,5.0,6.0,5.0,6.0
2323.0,add,0.03508518397598361,1762.0,169.0,0.03316181862377089,0.0,6.0,8.0,4.0,5.0
2324.0,delete,0.05027575941499593,1763.0,215.0,0.05648214399727528,0.0,3.0,2.0,3.0,9.0
2325.0,delete,0.00734340973056495,1764.0,64.0,0.02001152691059509,1.0,3.0,3.0,6.0,3.0
2326.0,add,0.062033603931361855,1765.0,13.0,0.024187405157796025,4.0,3.0,2.0,5.0,3.0
2327.0,delete,0.010855631797142795,1766.0,205.0,0.06351151535148912,0.0,4.0,6.0,5.0,8.0
2328.0,add,0.07805688742040004,1767.0,223.0,0.07822156728737334,0.0,3.0,4.0,3.0,8.0
2329.0,add,0.02805751789917868,1767.0,223.0,0.07822156728737334,0.0,3.0,5.0,3.0,8.0
2330.0,delete,0.07822156728737334,1767.0,223.0,0.07822156728737334,0.0,3.0,4.0,2.0,8.0
2331.0,swap,0.007574091310214136,1767.0,223.0,0.07822156728737334,0.0,2.0,5.0,3.0,8.0
2332.0,add,0.012220507251830479,1768.0,107.0,0.023082497426367664,0.0,5.0,4.0,3.0,7.0
2333.0,delete,0.02345487385974516,1769.0,142.0,0.02609537745464045,0.0,6.0,4.0,4.0,4.0
2334.0,add,0.016375496251953392,1770.0,222.0,0.054026326240907904,0.0,3.0,4.0,3.0,8.0
2335.0,delete,0.0677274247331541,1771.0,191.0,0.04426914767245911,0.0,4.0,6.0,5.0,6.0
2336.0,add,0.07778148758142572,1772.0,221.0,0.049054526508214735,0.0,4.0,2.0,3.0,8.0
2337.0,add,0.015741541138641957,1773.0,170.0,0.03389869283430718,0.0,7.0,7.0,4.0,6.0
2338.0,delete,0.08184094580036694,1774.0,206.0,0.06376658444951736,0.0,5.0,5.0,5.0,7.0
2339.0,add,0.01062429481213837,1775.0,65.0,0.020253138050877372,1.0,3.0,3.0,5.0,5.0
2340.0,add,0.06405659393837697,1776.0,14.0,0.024090354623350116,4.0,3.0,2.0,5.0,4.0
2341.0,add,0.05123976859231722,1777.0,216.0,0.05546324442286618,0.0,4.0,2.0,3.0,9.0
2342.0,add,0.028505403980064115,1778.0,224.0,0.02805751789917868,0.0,3.0,5.0,3.0,8.0
2343.0,delete,0.02637524450511433,1778.0,224.0,0.02805751789917868,0.0,3.0,5.0,3.0,7.0
2344.0,swap,0.02387484542094108,1778.0,224.0,0.02805751789917868,0.0,2.0,5.0,4.0,8.0
2345.0,delete,0.011986706553783527,1779.0,108.0,0.023361810359325805,0.0,6.0,4.0,1.0,7.0
2346.0,add,0.010963082018612538,1780.0,143.0,0.026461558526998854,0.0,5.0,4.0,6.0,4.0
2347.0,add,0.08816332338146052,1781.0,223.0,0.02670325295132455,0.0,3.0,4.0,4.0,8.0
2348.0,delete,0.026426651825494835,1782.0,225.0,0.02637524450511433,0.0,3.0,5.0,3.0,7.0
2349.0,add,0.016741279733904088,1782.0,225.0,0.02637524450511433,0.0,3.0,6.0,3.0,7.0
2350.0,delete,0.017232222220233046,1782.0,225.0,0.02637524450511433,0.0,3.0,5.0,3.0,6.0
2351.0,swap,0.00931958315834726,1782.0,225.0,0.02637524450511433,0.0,3.0,6.0,3.0,6.0
2352.0,delete,0.007928736562983171,1783.0,66.0,0.020372633851808014,1.0,3.0,2.0,5.0,5.0
2353.0,add,0.015802525392524157,1784.0,171.0,0.034435449689517034,0.0,7.0,7.0,5.0,6.0
2354.0,add,0.07872054351060273,1785.0,15.0,0.0237914504758175,4.0,4.0,3.0,5.0,3.0
2355.0,add,0.03815917071525277,1786.0,192.0,0.043667743118028055,0.0,4.0,5.0,5.0,8.0
2356.0,delete,0.08184094580036694,1787.0,207.0,0.060064930620467354,0.0,5.0,5.0,5.0,6.0
2357.0,delete,0.013441105320240922,1788.0,109.0,0.023551281158672808,0.0,6.0,2.0,2.0,7.0
2358.0,delete,0.05620340116514439,1789.0,217.0,0.050258824907886114,0.0,4.0,2.0,2.0,9.0
2359.0,add,0.008039367534613677,1790.0,144.0,0.026833131138928566,0.0,6.0,4.0,5.0,5.0
2360.0,add,0.05534360968277732,1791.0,222.0,0.03736754869157516,0.0,4.0,3.0,3.0,8.0
2361.0,delete,0.028104009428205966,1792.0,224.0,0.01921899628861871,0.0,3.0,5.0,3.0,7.0
2362.0,delete,0.06898441672537772,1793.0,208.0,0.05889327019694457,0.0,5.0,4.0,4.0,7.0
2363.0,add,0.036238261913022526,1794.0,193.0,0.04468906854110846,0.0,4.0,5.0,6.0,8.0
2364.0,delete,0.04602842476378154,1795.0,218.0,0.04975913775877893,0.0,4.0,1.0,2.0,9.0
2365.0,delete,0.012759444241555621,1796.0,67.0,0.02057254505888583,1.0,2.0,3.0,4.0,5.0
2366.0,add,0.017050855946285047,1797.0,172.0,0.03524322071822566,0.0,6.0,8.0,6.0,6.0
2367.0,add,0.018549229689107653,1798.0,226.0,0.016741279733904088,0.0,3.0,6.0,3.0,7.0
2368.0,add,0.03170247234436184,1798.0,226.0,0.016741279733904088,0.0,4.0,6.0,3.0,7.0
2369.0,delete,0.01735435837657381,1798.0,226.0,0.016741279733904088,0.0,3.0,5.0,3.0,7.0
2370.0,swap,0.0071731035439472094,1798.0,226.0,0.016741279733904088,0.0,3.0,5.0,3.0,8.0
2371.0,add,0.05486667055492256,1799.0,16.0,0.02354982858165972,4.0,4.0,4.0,5.0,3.0
2372.0,delete,0.011153203229061336,1800.0,110.0,0.023764547667033044,0.0,6.0,2.0,2.0,6.0
2373.0,delete,0.007721741987279361,1801.0,145.0,0.027117565641969498,0.0,6.0,4.0,5.0,4.0
2374.0,add,0.07822156728737334,1802.0,223.0,0.026255660393352455,0.0,3.0,4.0,3.0,9.0
2375.0,delete,0.06898441672537772,1803.0,209.0,0.05741612903754795,0.0,5.0,4.0,4.0,6.0
2376.0,delete,0.05620340116514439,1804.0,219.0,0.04702651540916323,0.0,4.0,2.0,2.0,7.0
2377.0,add,0.01685483260495977,1805.0,194.0,0.04452995140849634,0.0,5.0,6.0,6.0,7.0
2378.0,delete,0.014268401413053144,1806.0,173.0,0.03566836679315261,0.0,6.0,7.0,6.0,6.0
2379.0,add,0.013099510265081127,1807.0,68.0,0.020708661340119058,1.0,2.0,3.0,5.0,5.0
2380.0,add,0.0275668289387508,1808.0,225.0,0.01830408873757892,0.0,3.0,5.0,3.0,8.0
2381.0,delete,0.024864080199496482,1809.0,224.0,0.020594998524003708,0.0,3.0,5.0,2.0,8.0
2382.0,add,0.09915869211128031,1810.0,17.0,0.02334569109223571,4.0,5.0,4.0,5.0,3.0
2383.0,add,0.0315063985653766,1811.0,227.0,0.03170247234436184,0.0,4.0,6.0,3.0,7.0
2384.0,add,0.06671297649047614,1811.0,227.0,0.03170247234436184,0.0,4.0,7.0,3.0,7.0
2385.0,delete,0.04827664685855199,1811.0,227.0,0.03170247234436184,0.0,4.0,5.0,3.0,7.0
2386.0,swap,0.04401914685849057,1811.0,227.0,0.03170247234436184,0.0,4.0,6.0,4.0,6.0
2387.0,add,0.013398135873014526,1812.0,111.0,0.024088928330298902,0.0,6.0,2.0,2.0,7.0
2388.0,delete,0.03165502175537311,1813.0,146.0,0.02757621731915935,0.0,7.0,3.0,5.0,3.0
2389.0,delete,0.09645039107592687,1814.0,210.0,0.05567323936009857,0.0,4.0,3.0,4.0,7.0
2390.0,add,0.018788951121240727,1815.0,220.0,0.04404980106105601,0.0,3.0,3.0,2.0,8.0
2391.0,delete,0.007133544713006557,1816.0,174.0,0.0362835746451887,0.0,5.0,8.0,5.0,6.0
2392.0,add,0.009399073456427582,1817.0,195.0,0.04528375016352398,0.0,6.0,6.0,6.0,7.0
2393.0,add,0.010000433820062476,1818.0,69.0,0.020901300151416214,1.0,3.0,4.0,5.0,4.0
2394.0,add,0.016680198222692247,1819.0,226.0,0.04444352822345142,0.0,3.0,6.0,4.0,7.0
2395.0,add,0.03639268998843575,1820.0,225.0,0.02966205814747572,0.0,4.0,5.0,3.0,7.0
2396.0,add,0.06453638114140718,1821.0,18.0,0.02316957997538782,4.0,5.0,3.0,5.0,5.0
2397.0,delete,0.02149809634550115,1822.0,147.0,0.0278331286223733,0.0,6.0,3.0,5.0,3.0
2398.0,add,0.007111709047047008,1823.0,112.0,0.024275314387883384,0.0,5.0,3.0,3.0,7.0
2399.0,add,0.05895947784025389,1824.0,228.0,0.06671297649047614,0.0,4.0,7.0,3.0,7.0
2400.0,delete,0.03313102167549118,1824.0,228.0,0.06671297649047614,0.0,4.0,7.0,3.0,6.0
2401.0,swap,0.04389998170438979,1824.0,228.0,0.06671297649047614,0.0,4.0,6.0,3.0,8.0
2402.0,delete,0.09645039107592691,1825.0,211.0,0.052996555550926285,0.0,5.0,3.0,3.0,6.0
2403.0,add,0.03580183518619193,1826.0,227.0,0.05067586442765275,0.0,4.0,6.0,4.0,7.0
2404.0,delete,0.008351279611428833,1827.0,175.0,0.0368803920447262,0.0,5.0,8.0,5.0,5.0
2405.0,delete,0.015454150409337902,1828.0,196.0,0.046417079249358915,0.0,5.0,6.0,5.0,8.0
2406.0,delete,0.013671183825376075,1829.0,70.0,0.02107480216123555,1.0,2.0,5.0,5.0,3.0
2407.0,add,0.06380797147987827,1830.0,221.0,0.03995588375072542,0.0,4.0,2.0,3.0,8.0
2408.0,delete,0.03270515304951889,1831.0,229.0,0.03313102167549118,0.0,4.0,7.0,3.0,6.0
2409.0,delete,0.03313102167549118,1831.0,229.0,0.03313102167549118,0.0,4.0,7.0,3.0,5.0
2410.0,swap,0.04316548818719654,1831.0,229.0,0.03313102167549118,0.0,3.0,7.0,3.0,7.0
2411.0,delete,0.06482267899500044,1832.0,19.0,0.022974800847485363,4.0,5.0,3.0,4.0,5.0
2412.0,delete,0.0086700920930395,1833.0,113.0,0.02462213078074929,0.0,6.0,3.0,2.0,6.0
2413.0,add,0.007530444074913957,1834.0,148.0,0.02817237290015329,0.0,7.0,4.0,4.0,3.0
2414.0,add,0.01634614778530619,1835.0,226.0,0.03997629374296022,0.0,3.0,7.0,3.0,7.0
2415.0,add,0.06856318935808846,1836.0,212.0,0.049706468999094276,0.0,5.0,3.0,3.0,7.0
2416.0,delete,0.06932999611288414,1837.0,228.0,0.03553317114692445,0.0,4.0,6.0,3.0,7.0
2417.0,delete,0.025360901827074192,1838.0,176.0,0.03753282734149723,0.0,4.0,7.0,6.0,5.0
2418.0,delete,0.027546023322875646,1839.0,230.0,0.03313102167549118,0.0,4.0,7.0,3.0,5.0
2419.0,add,0.032977510881048964,1839.0,230.0,0.03313102167549118,0.0,4.0,7.0,4.0,5.0
2420.0,delete,0.04635890790507579,1839.0,230.0,0.03313102167549118,0.0,4.0,7.0,3.0,4.0
2421.0,swap,0.019994112534230096,1839.0,230.0,0.03313102167549118,0.0,5.0,6.0,3.0,5.0
2422.0,delete,0.01638667933845919,1840.0,71.0,0.02128964421217156,1.0,2.0,4.0,5.0,3.0
2423.0,add,0.058607209186987794,1841.0,20.0,0.0227165661218055,4.0,4.0,3.0,5.0,6.0
2424.0,delete,0.00787552635499819,1842.0,114.0,0.02488030355820054,0.0,5.0,3.0,2.0,6.0
2425.0,add,0.015759799332530633,1843.0,197.0,0.04737165244685333,0.0,4.0,6.0,7.0,8.0
2426.0,add,0.017682658569435204,1844.0,149.0,0.028420236364461518,0.0,7.0,3.0,5.0,4.0
2427.0,add,0.054575960362506094,1845.0,222.0,0.0368799922861101,0.0,4.0,3.0,3.0,8.0
2428.0,delete,0.08872064143232807,1846.0,213.0,0.04768726725778543,0.0,4.0,3.0,2.0,8.0
2429.0,add,0.039165592815417705,1847.0,227.0,0.04182411588962494,0.0,4.0,6.0,3.0,8.0
2430.0,delete,0.007796469090481059,1848.0,177.0,0.03808621569448175,0.0,4.0,6.0,6.0,5.0
2431.0,delete,0.02845881674097963,1849.0,229.0,0.03200151526374433,0.0,4.0,7.0,3.0,5.0
2432.0,delete,0.007514733480497188,1850.0,72.0,0.0214218202279167,0.0,1.0,4.0,5.0,4.0
2433.0,add,0.033960494026860195,1851.0,231.0,0.032977510881048964,0.0,4.0,7.0,4.0,5.0
2434.0,add,0.008204410698271195,1851.0,231.0,0.032977510881048964,0.0,4.0,8.0,4.0,5.0
2435.0,delete,0.03153632139160901,1851.0,231.0,0.032977510881048964,0.0,3.0,7.0,4.0,5.0
2436.0,swap,0.03304400249259347,1851.0,231.0,0.032977510881048964,0.0,4.0,7.0,4.0,5.0
2437.0,add,0.07518283618886733,1852.0,21.0,0.022494074100252174,4.0,4.0,4.0,6.0,5.0
2438.0,add,0.012844954363365345,1853.0,115.0,0.02514085814076864,0.0,5.0,3.0,2.0,7.0
2439.0,add,0.008996412035441692,1854.0,198.0,0.04833619492337472,0.0,4.0,7.0,7.0,8.0
2440.0,add,0.008388831208516988,1855.0,150.0,0.028682119505674973,0.0,7.0,5.0,4.0,4.0
2441.0,add,0.07822156728737334,1856.0,223.0,0.03356038321291105,0.0,3.0,4.0,3.0,9.0
2442.0,add,0.06580257159896791,1857.0,214.0,0.04589179315378217,0.0,5.0,2.0,3.0,8.0
2443.0,delete,0.019997800265650935,1858.0,178.0,0.03841356624833514,0.0,4.0,6.0,5.0,5.0
2444.0,delete,0.0648308297433708,1859.0,228.0,0.03382452004958043,0.0,4.0,7.0,3.0,6.0
2445.0,delete,0.016880638820086658,1860.0,73.0,0.02159631434510185,0.0,1.0,3.0,5.0,4.0
2446.0,add,0.04126667071300043,1861.0,230.0,0.027944547898076565,0.0,4.0,8.0,3.0,5.0
2447.0,delete,0.025932627957021864,1862.0,199.0,0.04935947933167006,0.0,4.0,6.0,7.0,8.0
2448.0,delete,0.019851357792089925,1863.0,224.0,0.032533613780246606,0.0,3.0,4.0,3.0,8.0
2449.0,delete,0.06671297649047614,1864.0,229.0,0.03058893567109415,0.0,4.0,7.0,3.0,5.0
2450.0,delete,0.029369045772305598,1865.0,22.0,0.022392877930830477,3.0,5.0,4.0,5.0,5.0
2451.0,delete,0.007634216184510911,1866.0,116.0,0.02545405087420239,0.0,5.0,3.0,2.0,6.0
2452.0,add,0.008204410698271195,1867.0,232.0,0.008204410698271195,0.0,4.0,8.0,4.0,5.0
2453.0,add,0.014919161569397368,1867.0,232.0,0.008204410698271195,0.0,4.0,8.0,4.0,6.0
2454.0,delete,0.032977510881048964,1867.0,232.0,0.008204410698271195,0.0,4.0,7.0,4.0,5.0
2455.0,swap,0.016081313299564675,1867.0,232.0,0.008204410698271195,0.0,5.0,7.0,4.0,5.0
2456.0,add,0.012216988100607498,1868.0,151.0,0.029096232989812818,0.0,7.0,5.0,4.0,5.0
2457.0,delete,0.013094068528506947,1869.0,179.0,0.038718829991054846,0.0,4.0,6.0,5.0,4.0
2458.0,delete,0.06580257159896791,1870.0,215.0,0.04486425275874754,0.0,4.0,2.0,3.0,8.0
2459.0,add,0.017327690459381786,1871.0,74.0,0.021707663174227055,0.0,1.0,4.0,5.0,4.0
2460.0,delete,0.01998854740825682,1872.0,200.0,0.04934814405362767,0.0,4.0,6.0,7.0,7.0
2461.0,add,0.03097341664185776,1873.0,231.0,0.01607736142931068,0.0,4.0,7.0,4.0,6.0
2462.0,add,0.05596664187138891,1874.0,225.0,0.03349635732495748,0.0,3.0,5.0,3.0,8.0
2463.0,delete,0.06687059825761382,1875.0,23.0,0.022142856646318588,4.0,5.0,4.0,5.0,3.0
2464.0,add,0.033131021675491194,1876.0,230.0,0.025831383935774842,0.0,5.0,7.0,3.0,5.0
2465.0,add,0.007802275686573551,1877.0,117.0,0.025604113605044845,0.0,6.0,3.0,2.0,6.0
2466.0,add,0.01487740757172936,1878.0,233.0,0.014919161569397368,0.0,4.0,8.0,4.0,6.0
2467.0,add,0.012430695380538098,1878.0,233.0,0.014919161569397368,0.0,4.0,8.0,4.0,7.0
2468.0,delete,0.009863589617074337,1878.0,233.0,0.014919161569397368,0.0,4.0,7.0,4.0,6.0
2469.0,swap,0.01712475291033496,1878.0,233.0,0.014919161569397368,0.0,4.0,8.0,4.0,6.0
2470.0,add,0.011065610395107381,1879.0,152.0,0.02930164871483365,0.0,7.0,6.0,5.0,4.0
2471.0,delete,0.021012483095857588,1880.0,180.0,0.03898347181245254,0.0,3.0,6.0,4.0,5.0
2472.0,delete,0.032758640741401245,1881.0,201.0,0.04908888034400551,0.0,4.0,6.0,6.0,7.0
2473.0,add,0.019114712838107808,1882.0,75.0,0.021755702441651637,0.0,1.0,5.0,5.0,4.0
2474.0,add,0.055888408604143215,1883.0,216.0,0.042924710788564066,0.0,4.0,2.0,3.0,9.0
2475.0,add,0.010314312068411123,1884.0,232.0,0.013843121409814824,0.0,4.0,8.0,4.0,6.0
2476.0,add,0.015826278125367427,1885.0,226.0,0.032828774990415414,0.0,3.0,6.0,3.0,8.0
2477.0,add,0.06907407220218542,1886.0,24.0,0.021830754094180945,4.0,5.0,4.0,4.0,5.0
2478.0,delete,0.021458587655466786,1887.0,118.0,0.025591883399622362,0.0,5.0,3.0,2.0,6.0
2479.0,add,0.011875425923169194,1888.0,231.0,0.015997361939681733,0.0,4.0,8.0,4.0,5.0
2480.0,add,0.012929281505527274,1889.0,234.0,0.012430695380538098,0.0,4.0,8.0,4.0,7.0
2481.0,add,0.007724013007468838,1889.0,234.0,0.012430695380538098,0.0,5.0,8.0,4.0,7.0
2482.0,delete,0.00916350098193147,1889.0,234.0,0.012430695380538098,0.0,4.0,7.0,4.0,7.0
2483.0,swap,0.012595553432826935,1889.0,234.0,0.012430695380538098,0.0,4.0,8.0,3.0,8.0
2484.0,add,0.011928083982837897,1890.0,153.0,0.02935350915357969,0.0,8.0,6.0,5.0,4.0
2485.0,delete,0.007679757903527647,1891.0,181.0,0.038995546993201145,0.0,2.0,6.0,5.0,4.0
2486.0,delete,0.008833167941251344,1892.0,76.0,0.021737370088961393,0.0,1.0,5.0,5.0,3.0
2487.0,add,0.010855631797142795,1893.0,202.0,0.04868328147144181,0.0,4.0,6.0,5.0,9.0
2488.0,delete,0.06455157784265966,1894.0,217.0,0.040043086455970704,0.0,3.0,2.0,2.0,10.0
2489.0,add,0.013851686694209579,1895.0,233.0,0.010968608861658524,0.0,4.0,9.0,4.0,6.0
2490.0,delete,0.0685205246673538,1896.0,25.0,0.021544811558923366,4.0,5.0,4.0,5.0,3.0
2491.0,add,0.034056768239766784,1897.0,227.0,0.029741812193244996,0.0,4.0,6.0,3.0,8.0
2492.0,add,0.023168758638393752,1898.0,119.0,0.02554254941447532,0.0,6.0,3.0,1.0,7.0
2493.0,add,0.007275101841530948,1899.0,232.0,0.012344904976313575,0.0,4.0,8.0,5.0,5.0
2494.0,delete,0.05620340116514439,1900.0,218.0,0.038723454321935934,0.0,4.0,2.0,2.0,8.0
2495.0,add,0.014458611784071181,1901.0,182.0,0.03946741148170605,0.0,3.0,5.0,6.0,4.0
2496.0,add,0.011514443262567961,1902.0,154.0,0.029501057494668744,0.0,8.0,6.0,6.0,4.0
2497.0,add,0.007724013007468838,1903.0,235.0,0.007724013007468838,0.0,5.0,8.0,4.0,7.0
2498.0,delete,0.007327192432714746,1903.0,235.0,0.007724013007468838,0.0,4.0,8.0,4.0,7.0
2499.0,swap,0.00920932439415146,1903.0,235.0,0.007724013007468838,0.0,5.0,8.0,4.0,7.0
2500.0,add,0.019352603437372776,1904.0,77.0,0.021783486077436753,0.0,1.0,5.0,4.0,5.0
2501.0,add,0.03103042354975591,1905.0,203.0,0.04870790127648424,0.0,5.0,6.0,5.0,9.0
2502.0,add,0.011963763100029143,1906.0,234.0,0.00799613571045097,0.0,4.0,8.0,4.0,8.0
2503.0,delete,0.06918244804870043,1907.0,26.0,0.021204340735431502,4.0,4.0,3.0,5.0,4.0
2504.0,delete,0.07603188945954491,1908.0,228.0,0.024586928366044113,0.0,3.0,7.0,3.0,7.0
2505.0,delete,0.0076481300132850314,1909.0,236.0,0.007327192432714746,0.0,4.0,8.0,4.0,7.0
2506.0,add,0.00698270684803229,1909.0,236.0,0.007327192432714746,0.0,4.0,8.0,5.0,7.0
2507.0,delete,0.007887743792497742,1909.0,236.0,0.007327192432714746,0.0,4.0,7.0,4.0,7.0
2508.0,swap,0.009606999420073186,1909.0,236.0,0.007327192432714746,0.0,4.0,8.0,4.0,7.0
2509.0,add,0.022275766843261293,1910.0,120.0,0.0254631651816698,0.0,6.0,3.0,3.0,6.0
2510.0,add,0.012861202394908577,1911.0,155.0,0.02957016651124697,0.0,7.0,6.0,7.0,5.0
2511.0,delete,0.01439606726541129,1912.0,183.0,0.03935669377280873,0.0,3.0,5.0,5.0,4.0
2512.0,delete,0.06853903193710412,1913.0,219.0,0.03608164453014386,0.0,4.0,2.0,2.0,7.0
2513.0,delete,0.008874293550649379,1914.0,78.0,0.021820526711725876,0.0,1.0,5.0,4.0,4.0
2514.0,delete,0.010849190813318501,1915.0,204.0,0.04899513408661316,0.0,5.0,6.0,4.0,9.0
2515.0,add,0.014805684304667855,1916.0,233.0,0.009788900286482475,0.0,4.0,8.0,5.0,6.0
2516.0,delete,0.10272147765853826,1917.0,27.0,0.02080027633471746,3.0,4.0,3.0,5.0,4.0
2517.0,delete,0.02022363304070176,1918.0,229.0,0.0195553585098927,0.0,4.0,6.0,3.0,6.0
2518.0,delete,0.008782354599711838,1919.0,235.0,0.007890554501320599,0.0,5.0,7.0,4.0,7.0
2519.0,add,0.00698270684803229,1920.0,237.0,0.00698270684803229,0.0,4.0,8.0,5.0,7.0
2520.0,delete,0.007653008790496482,1920.0,237.0,0.00698270684803229,0.0,4.0,8.0,5.0,6.0
2521.0,swap,0.009795334966585991,1920.0,237.0,0.00698270684803229,0.0,4.0,9.0,5.0,6.0
2522.0,add,0.012933182823803468,1921.0,121.0,0.025440350921105727,0.0,7.0,3.0,2.0,7.0
2523.0,delete,0.010348635042579215,1922.0,184.0,0.03947111250482628,0.0,3.0,4.0,5.0,4.0
2524.0,add,0.00796117598509084,1923.0,156.0,0.02963926859597854,0.0,8.0,6.0,6.0,6.0
2525.0,add,0.06892519752286032,1924.0,220.0,0.033092058265027244,0.0,3.0,2.0,2.0,9.0
2526.0,delete,0.009293035806521004,1925.0,205.0,0.04916815485990781,0.0,5.0,5.0,5.0,8.0
2527.0,add,0.01244697904466671,1926.0,79.0,0.02183907754726983,0.0,1.0,6.0,4.0,4.0
2528.0,add,0.012430695380538098,1927.0,234.0,0.008406714709272912,0.0,5.0,8.0,4.0,7.0
2529.0,add,0.006792480175243917,1928.0,236.0,0.007853439363286762,0.0,4.0,8.0,5.0,7.0
2530.0,add,0.019099161528909052,1929.0,28.0,0.020243718064872105,2.0,5.0,3.0,5.0,5.0
2531.0,add,0.02874931466849583,1930.0,230.0,0.015202402666084499,0.0,4.0,8.0,3.0,5.0
2532.0,delete,0.007653008790496482,1931.0,238.0,0.007653008790496482,0.0,4.0,8.0,5.0,6.0
2533.0,add,0.007913995954357003,1931.0,238.0,0.007653008790496482,0.0,4.0,8.0,6.0,6.0
2534.0,delete,0.061981689305849075,1931.0,238.0,0.007653008790496482,0.0,4.0,7.0,5.0,6.0
2535.0,swap,0.008770153710474704,1931.0,238.0,0.007653008790496482,0.0,3.0,8.0,6.0,6.0
2536.0,delete,0.012615388607771396,1932.0,122.0,0.02547524586238154,0.0,7.0,3.0,2.0,6.0
2537.0,delete,0.033493083447804835,1933.0,157.0,0.029758395099902527,0.0,8.0,7.0,6.0,4.0
2538.0,add,0.01462720074280401,1934.0,185.0,0.039639230306810116,0.0,2.0,5.0,6.0,4.0
2539.0,delete,0.0666283927637925,1935.0,206.0,0.04852977031054633,0.0,4.0,5.0,5.0,8.0
2540.0,add,0.024179034302285213,1936.0,221.0,0.030505273718333663,0.0,3.0,3.0,3.0,8.0
2541.0,add,0.012362257575957498,1937.0,80.0,0.021939832383269135,0.0,1.0,6.0,5.0,4.0
2542.0,delete,0.009892066375939175,1938.0,235.0,0.011841250403417913,0.0,5.0,7.0,4.0,7.0
2543.0,delete,0.01805129502623183,1939.0,29.0,0.020188552444786702,2.0,5.0,3.0,4.0,5.0
2544.0,delete,0.007628403344216476,1940.0,237.0,0.01879437131033475,0.0,4.0,8.0,5.0,6.0
2545.0,add,0.032977510881048964,1941.0,231.0,0.01258505128918013,0.0,5.0,7.0,4.0,5.0
2546.0,add,0.00792423324237094,1942.0,239.0,0.007913995954357003,0.0,4.0,8.0,6.0,6.0
2547.0,add,0.007699995926135933,1942.0,239.0,0.007913995954357003,0.0,4.0,9.0,6.0,6.0
2548.0,delete,0.008479913499992088,1942.0,239.0,0.007913995954357003,0.0,3.0,8.0,6.0,6.0
2549.0,swap,0.007792876037386496,1942.0,239.0,0.007913995954357003,0.0,5.0,8.0,5.0,6.0
2550.0,add,0.024520411047670596,1943.0,123.0,0.025541274693883367,0.0,6.0,3.0,3.0,7.0
2551.0,add,0.019735997416883654,1944.0,158.0,0.029838349611339583,0.0,7.0,7.0,6.0,6.0
2552.0,add,0.01130117558102005,1945.0,186.0,0.03977197807030782,0.0,3.0,5.0,5.0,5.0
2553.0,delete,0.02460238973036584,1946.0,207.0,0.0461621009895179,0.0,5.0,4.0,5.0,7.0
2554.0,add,0.055343609682777274,1947.0,222.0,0.02750251291171749,0.0,3.0,3.0,4.0,8.0
2555.0,add,0.007047122831242623,1948.0,81.0,0.022003262042026676,0.0,1.0,6.0,6.0,4.0
2556.0,add,0.010249190704366756,1949.0,236.0,0.011717893388547868,0.0,5.0,8.0,4.0,7.0
2557.0,add,0.01929610401446434,1950.0,30.0,0.020076526265890186,2.0,5.0,3.0,5.0,5.0
2558.0,add,0.008642269701839917,1951.0,238.0,0.007962202932048492,0.0,4.0,8.0,5.0,7.0
2559.0,add,0.008223855306514406,1952.0,232.0,0.011109974134562415,0.0,4.0,8.0,5.0,5.0
2560.0,delete,0.01259790751984117,1953.0,237.0,0.01292177711851051,0.0,4.0,7.0,5.0,7.0
2561.0,add,0.01497195405708619,1954.0,124.0,0.025587009289938654,0.0,6.0,3.0,5.0,6.0
2562.0,add,0.009187983611075003,1955.0,240.0,0.007699995926135933,0.0,4.0,9.0,6.0,6.0
2563.0,delete,0.008030724446409595,1955.0,240.0,0.007699995926135933,0.0,4.0,9.0,6.0,5.0
2564.0,swap,0.00746028844593184,1955.0,240.0,0.007699995926135933,0.0,4.0,9.0,6.0,6.0
2565.0,delete,0.017848325936747945,1956.0,159.0,0.029756264788587873,0.0,7.0,7.0,5.0,6.0
2566.0,add,0.05125102070825497,1957.0,187.0,0.03957454539342357,0.0,4.0,6.0,5.0,4.0
2567.0,delete,0.06742348010114044,1958.0,208.0,0.04408977509735132,0.0,5.0,4.0,4.0,7.0
2568.0,add,0.06810550993399889,1959.0,223.0,0.024579657528384626,0.0,3.0,4.0,3.0,9.0
2569.0,add,0.00820205580746886,1960.0,82.0,0.02211561335885512,0.0,3.0,6.0,5.0,4.0
2570.0,add,0.008319509444412641,1961.0,239.0,0.008094748107388094,0.0,4.0,9.0,6.0,6.0
2571.0,add,0.02130449325857901,1962.0,31.0,0.020076148045204825,2.0,5.0,5.0,5.0,4.0
2572.0,delete,0.008173783802495704,1963.0,241.0,0.008030724446409595,0.0,4.0,9.0,6.0,5.0
2573.0,add,0.006858528836049095,1963.0,241.0,0.008030724446409595,0.0,5.0,9.0,6.0,5.0
2574.0,delete,0.007419883564979407,1963.0,241.0,0.008030724446409595,0.0,3.0,9.0,6.0,5.0
2575.0,swap,0.008359229629127288,1963.0,241.0,0.008030724446409595,0.0,4.0,9.0,6.0,5.0
2576.0,delete,0.017437755249081956,1964.0,125.0,0.025644605554221763,0.0,6.0,3.0,4.0,6.0
2577.0,delete,0.017848325936747945,1965.0,160.0,0.029908396484857575,0.0,7.0,7.0,5.0,5.0
2578.0,add,0.04337479507838475,1966.0,188.0,0.03930262843767768,0.0,4.0,7.0,5.0,4.0
2579.0,delete,0.02825613262858902,1967.0,209.0,0.04284625997790683,0.0,5.0,4.0,4.0,6.0
2580.0,delete,0.02637524450511433,1968.0,224.0,0.022042437795851196,0.0,3.0,5.0,3.0,7.0
2581.0,add,0.014919161569397354,1969.0,233.0,0.010364821546899475,0.0,5.0,8.0,4.0,6.0
2582.0,add,0.007086629881111262,1970.0,238.0,0.00801880115304021,0.0,4.0,8.0,6.0,6.0
2583.0,add,0.007492549259508188,1971.0,83.0,0.022177281038268777,0.0,3.0,6.0,5.0,5.0
2584.0,delete,0.01184010478305982,1972.0,32.0,0.020093080454343763,2.0,5.0,5.0,5.0,3.0
2585.0,delete,0.00746028844593184,1973.0,240.0,0.0077684300558122175,0.0,4.0,9.0,5.0,6.0
2586.0,add,0.006858528836049095,1974.0,242.0,0.006858528836049095,0.0,5.0,9.0,6.0,5.0
2587.0,delete,0.006993791719814648,1974.0,242.0,0.006858528836049095,0.0,5.0,9.0,5.0,5.0
2588.0,swap,0.006858528836049095,1974.0,242.0,0.006858528836049095,0.0,5.0,9.0,5.0,6.0
2589.0,delete,0.026556366583250765,1975.0,126.0,0.02563531667832041,0.0,5.0,3.0,4.0,6.0
2590.0,delete,0.015616022429772272,1976.0,161.0,0.02985838300267951,0.0,7.0,5.0,5.0,6.0
2591.0,delete,0.09645039107592687,1977.0,210.0,0.04092215193256761,0.0,5.0,3.0,4.0,6.0
2592.0,add,0.042473268714966476,1978.0,189.0,0.0387557392623993,0.0,4.0,6.0,6.0,5.0
2593.0,add,0.014813294371496004,1979.0,225.0,0.02125857718756906,0.0,3.0,5.0,3.0,8.0
2594.0,add,0.02691245141670067,1980.0,234.0,0.009629362692415428,0.0,4.0,9.0,4.0,7.0
2595.0,add,0.007913995954357003,1981.0,239.0,0.0076677742726508616,0.0,5.0,8.0,6.0,6.0
2596.0,add,0.009269910130059608,1982.0,241.0,0.006892344556990483,0.0,4.0,9.0,6.0,6.0
2597.0,delete,0.06075479638826286,1983.0,33.0,0.02009809270431043,2.0,4.0,4.0,5.0,4.0
2598.0,add,0.007391206471564731,1984.0,84.0,0.02228649109249429,0.0,3.0,7.0,5.0,5.0
2599.0,delete,0.006930296551700513,1985.0,243.0,0.006993791719814648,0.0,5.0,9.0,5.0,5.0
2600.0,add,0.0258680640284739,1985.0,243.0,0.006993791719814648,0.0,5.0,9.0,5.0,6.0
2601.0,delete,0.00791545972722399,1985.0,243.0,0.006993791719814648,0.0,5.0,9.0,4.0,5.0
2602.0,swap,0.033130578782593366,1985.0,243.0,0.006993791719814648,0.0,5.0,8.0,5.0,6.0
2603.0,add,0.014309070492822429,1986.0,127.0,0.025720817752853425,0.0,6.0,2.0,4.0,7.0
2604.0,add,0.010576934849827933,1987.0,162.0,0.03003356469708875,0.0,7.0,6.0,5.0,6.0
2605.0,delete,0.07446940919575633,1988.0,211.0,0.03866210913190496,0.0,5.0,3.0,3.0,6.0
2606.0,add,0.04230753957649953,1989.0,190.0,0.03827098694453703,0.0,4.0,6.0,6.0,6.0
2607.0,add,0.008308237097022133,1990.0,226.0,0.020652661740990636,0.0,3.0,7.0,3.0,7.0
2608.0,delete,0.0112913254662938,1991.0,235.0,0.010399532539852013,0.0,5.0,8.0,4.0,6.0
2609.0,delete,0.007363714540480298,1992.0,240.0,0.010723399809782652,0.0,4.0,9.0,5.0,6.0
2610.0,delete,0.011863839712416686,1993.0,34.0,0.020064823721987222,2.0,4.0,4.0,4.0,4.0
2611.0,delete,0.008532608519676271,1994.0,242.0,0.016167638161961283,0.0,5.0,8.0,6.0,5.0
2612.0,add,0.007405146819937989,1995.0,85.0,0.022373787546026883,0.0,4.0,6.0,5.0,6.0
2613.0,add,0.025856091598981248,1996.0,244.0,0.0258680640284739,0.0,5.0,9.0,5.0,6.0
2614.0,delete,0.013777695230665576,1996.0,244.0,0.0258680640284739,0.0,5.0,8.0,5.0,6.0
2615.0,swap,0.008928986540424788,1996.0,244.0,0.0258680640284739,0.0,4.0,10.0,5.0,6.0
2616.0,add,0.01717130901635584,1997.0,128.0,0.025777415991140678,0.0,7.0,2.0,5.0,6.0
2617.0,add,0.03365666163511702,1998.0,212.0,0.035930608554454464,0.0,4.0,4.0,3.0,7.0
2618.0,add,0.009838063304245425,1999.0,163.0,0.0302280610673949,0.0,6.0,7.0,6.0,6.0
2619.0,delete,0.06279737768201499,2000.0,191.0,0.03765967835747295,0.0,4.0,6.0,4.0,7.0
2620.0,add,0.007327192432714746,2001.0,236.0,0.010977926255360756,0.0,5.0,8.0,4.0,7.0
2621.0,add,0.031523645043090666,2002.0,227.0,0.019463645325001312,0.0,4.0,6.0,4.0,7.0
2622.0,add,0.02424974564542926,2003.0,241.0,0.012906082256750863,0.0,4.0,9.0,6.0,6.0
2623.0,delete,0.011015250309141422,2004.0,35.0,0.020117538881753938,2.0,2.0,4.0,5.0,4.0
2624.0,add,0.006986944016935433,2005.0,243.0,0.01860770934963638,0.0,5.0,9.0,6.0,5.0
2625.0,delete,0.013366023306606524,2006.0,245.0,0.013777695230665576,0.0,5.0,8.0,5.0,6.0
2626.0,delete,0.010172792570101301,2006.0,245.0,0.013777695230665576,0.0,5.0,7.0,5.0,6.0
2627.0,swap,0.022655689785493458,2006.0,245.0,0.013777695230665576,0.0,5.0,8.0,5.0,6.0
2628.0,add,0.00675389794727848,2007.0,86.0,0.022467569418243693,0.0,5.0,6.0,6.0,5.0
2629.0,delete,0.018433069442776576,2008.0,129.0,0.025835204417931135,0.0,7.0,2.0,4.0,6.0
2630.0,delete,0.08665001850451891,2009.0,213.0,0.034028179506594744,0.0,4.0,3.0,2.0,8.0
2631.0,delete,0.009819942923917385,2010.0,164.0,0.030499403115397665,0.0,7.0,7.0,5.0,5.0
2632.0,delete,0.010616578417706033,2011.0,237.0,0.011871311030538921,0.0,4.0,7.0,5.0,7.0
2633.0,add,0.037054159680280044,2012.0,192.0,0.036897905083924876,0.0,5.0,5.0,5.0,7.0
2634.0,delete,0.05911255137848482,2013.0,228.0,0.017595519260940294,0.0,4.0,7.0,2.0,7.0
2635.0,delete,0.021981444466891945,2014.0,242.0,0.014701155567591617,0.0,5.0,9.0,6.0,4.0
2636.0,delete,0.02696761683484625,2015.0,244.0,0.014993050223216713,0.0,4.0,9.0,5.0,6.0
2637.0,add,0.01195481221637023,2016.0,36.0,0.02020388568462937,2.0,3.0,4.0,5.0,4.0
2638.0,delete,0.010172792570101301,2017.0,246.0,0.010172792570101301,0.0,5.0,7.0,5.0,6.0
2639.0,delete,0.03127111987587007,2017.0,246.0,0.010172792570101301,0.0,4.0,7.0,5.0,6.0
2640.0,swap,0.01917715351799139,2017.0,246.0,0.010172792570101301,0.0,6.0,6.0,5.0,6.0
2641.0,delete,0.008202055807468868,2018.0,87.0,0.022622117354658078,0.0,4.0,6.0,5.0,6.0
2642.0,delete,0.01844299780761408,2019.0,130.0,0.025974918078584475,0.0,7.0,2.0,5.0,4.0
2643.0,add,0.06580257159896793,2020.0,214.0,0.032574334791990636,0.0,5.0,2.0,3.0,8.0
2644.0,delete,0.01473911077139111,2021.0,165.0,0.030779044303901826,0.0,7.0,7.0,4.0,5.0
2645.0,add,0.018323701901468672,2022.0,238.0,0.01225024270141056,0.0,4.0,9.0,5.0,6.0
2646.0,delete,0.029343321107224353,2023.0,229.0,0.01572002368191248,0.0,4.0,7.0,2.0,6.0
2647.0,add,0.028687024074856706,2024.0,193.0,0.037002427045552976,0.0,4.0,5.0,6.0,8.0
2648.0,add,0.006993791719814648,2025.0,243.0,0.017933414156374273,0.0,6.0,9.0,5.0,5.0
2649.0,delete,0.013765874500463042,2026.0,245.0,0.017698464633516015,0.0,5.0,8.0,4.0,6.0
2650.0,delete,0.030657289210472394,2027.0,247.0,0.03127111987587007,0.0,4.0,7.0,5.0,6.0
2651.0,delete,0.033791419528782105,2027.0,247.0,0.03127111987587007,0.0,4.0,6.0,5.0,6.0
2652.0,swap,0.05259045700021855,2027.0,247.0,0.03127111987587007,0.0,4.0,7.0,6.0,5.0
2653.0,add,0.013578100550956144,2028.0,37.0,0.020293024809024195,2.0,4.0,5.0,4.0,4.0
2654.0,add,0.05127815138677743,2029.0,88.0,0.02266147711543487,0.0,5.0,5.0,5.0,7.0
2655.0,delete,0.024681737434908656,2030.0,131.0,0.0260410689743264,0.0,5.0,2.0,5.0,5.0
2656.0,delete,0.0630275670034681,2031.0,215.0,0.03182544898547764,0.0,3.0,2.0,3.0,9.0
2657.0,delete,0.013600793652463309,2032.0,166.0,0.030982433053116723,0.0,6.0,7.0,4.0,5.0
2658.0,add,0.007578713625240022,2033.0,239.0,0.014870990299977316,0.0,4.0,8.0,7.0,6.0
2659.0,delete,0.02368548195138884,2034.0,244.0,0.02319716032763433,0.0,4.0,9.0,5.0,6.0
2660.0,add,0.020548901501056014,2035.0,230.0,0.015000783837074724,0.0,4.0,7.0,3.0,6.0
2661.0,add,0.03788346711413765,2036.0,194.0,0.03664144280599375,0.0,6.0,5.0,6.0,7.0
2662.0,delete,0.012966866975568626,2037.0,246.0,0.03707757140383578,0.0,5.0,6.0,5.0,6.0
2663.0,delete,0.033791419528782105,2038.0,248.0,0.033791419528782105,0.0,4.0,6.0,5.0,6.0
2664.0,delete,0.033094924504156575,2038.0,248.0,0.033791419528782105,0.0,4.0,5.0,5.0,6.0
2665.0,swap,0.04671844418228829,2038.0,248.0,0.033791419528782105,0.0,4.0,6.0,5.0,6.0
2666.0,add,0.008353286470094482,2039.0,38.0,0.020337098777138362,2.0,3.0,5.0,5.0,5.0
2667.0,delete,0.04466381046100957,2040.0,89.0,0.022567513606919127,0.0,4.0,5.0,5.0,7.0
2668.0,add,0.033666465433310346,2041.0,132.0,0.02607619508822482,0.0,6.0,3.0,5.0,4.0
2669.0,delete,0.008283779314205974,2042.0,240.0,0.017683179114343268,0.0,4.0,8.0,6.0,6.0
2670.0,add,0.05579546678683603,2043.0,216.0,0.03063286052480579,0.0,4.0,2.0,2.0,10.0
2671.0,add,0.016987575004713137,2044.0,167.0,0.03118052117444546,0.0,6.0,7.0,5.0,5.0
2672.0,delete,0.01769606683336979,2045.0,245.0,0.027347546163732982,0.0,4.0,8.0,5.0,6.0
2673.0,delete,0.05245828183906604,2046.0,247.0,0.03684905193600227,0.0,4.0,7.0,5.0,5.0
2674.0,add,0.03281933454113208,2047.0,231.0,0.01471004312460745,0.0,4.0,7.0,5.0,5.0
2675.0,add,0.010482963247172539,2048.0,195.0,0.03684474373568345,0.0,5.0,7.0,6.0,7.0
2676.0,delete,0.033094924504156575,2049.0,249.0,0.033094924504156575,0.0,4.0,5.0,5.0,6.0
2677.0,add,0.055560853302039595,2049.0,249.0,0.033094924504156575,0.0,4.0,5.0,5.0,7.0
2678.0,delete,0.02483852417623673,2049.0,249.0,0.033094924504156575,0.0,4.0,5.0,5.0,5.0
2679.0,swap,0.02583174388029384,2049.0,249.0,0.033094924504156575,0.0,3.0,6.0,5.0,6.0
2680.0,add,0.013031411791573896,2050.0,39.0,0.020434898888365746,2.0,3.0,7.0,4.0,5.0
2681.0,delete,0.044663810461009555,2051.0,90.0,0.022534639518372465,0.0,4.0,5.0,4.0,7.0
2682.0,add,0.012248481790859031,2052.0,133.0,0.026087060547613044,0.0,7.0,3.0,5.0,4.0
2683.0,delete,0.06892519752286032,2053.0,217.0,0.029914809643000705,0.0,4.0,2.0,1.0,10.0
2684.0,delete,0.01748758839396174,2054.0,168.0,0.031477893013653835,0.0,6.0,8.0,4.0,4.0
2685.0,add,0.007305958579174757,2055.0,241.0,0.021854275783721178,0.0,4.0,9.0,6.0,6.0
2686.0,delete,0.010164064707105038,2056.0,246.0,0.03589740526984088,0.0,5.0,7.0,4.0,6.0
2687.0,delete,0.009079397523275846,2057.0,248.0,0.03448419407337666,0.0,4.0,5.0,5.0,6.0
2688.0,delete,0.014793203821995997,2058.0,196.0,0.03721781859424328,0.0,5.0,6.0,6.0,7.0
2689.0,add,0.009601961035199273,2059.0,232.0,0.014951037905480495,0.0,4.0,9.0,4.0,5.0
2690.0,add,0.055560853302039595,2060.0,250.0,0.055560853302039595,0.0,4.0,5.0,5.0,7.0
2691.0,delete,0.023261316412984352,2060.0,250.0,0.055560853302039595,0.0,4.0,4.0,5.0,7.0
2692.0,swap,0.04677278656254506,2060.0,250.0,0.055560853302039595,0.0,4.0,6.0,4.0,7.0
2693.0,delete,0.007177827820682898,2061.0,40.0,0.020516050706871035,2.0,3.0,5.0,4.0,6.0
2694.0,delete,0.009829004282753902,2062.0,91.0,0.0224867804851888,0.0,4.0,4.0,5.0,6.0
2695.0,delete,0.06455157784265975,2063.0,218.0,0.0289207884582563,0.0,4.0,2.0,2.0,8.0
2696.0,add,0.01538410759924743,2064.0,134.0,0.026092692405845497,0.0,8.0,2.0,5.0,5.0
2697.0,delete,0.007316951787798842,2065.0,242.0,0.024181023892036916,0.0,5.0,9.0,6.0,4.0
2698.0,add,0.012376779481997396,2066.0,169.0,0.03159377485658968,0.0,6.0,7.0,5.0,5.0
2699.0,delete,0.03127111987587006,2067.0,247.0,0.0364503760958959,0.0,4.0,7.0,4.0,6.0
2700.0,add,0.034115291128112846,2068.0,249.0,0.045288952394902146,0.0,4.0,5.0,5.0,7.0
2701.0,delete,0.02303918797492744,2069.0,251.0,0.023261316412984352,0.0,4.0,4.0,5.0,7.0
2702.0,delete,0.011413926398256453,2069.0,251.0,0.023261316412984352,0.0,4.0,4.0,5.0,6.0
2703.0,swap,0.018122365669274144,2069.0,251.0,0.023261316412984352,0.0,4.0,4.0,5.0,7.0
2704.0,delete,0.018053917766143145,2070.0,92.0,0.022553670384081872,0.0,3.0,4.0,4.0,7.0
2705.0,delete,0.01110715026315059,2071.0,41.0,0.020587836349945782,2.0,3.0,5.0,4.0,5.0
2706.0,add,0.04015283326484141,2072.0,197.0,0.037540870871976495,0.0,4.0,7.0,6.0,8.0
2707.0,add,0.024642712021133505,2073.0,233.0,0.01628155273640218,0.0,4.0,9.0,4.0,6.0
2708.0,delete,0.05620340116514439,2074.0,219.0,0.027930679701480936,0.0,4.0,2.0,2.0,7.0
2709.0,delete,0.026037154615759926,2075.0,248.0,0.03029123810294608,0.0,3.0,6.0,5.0,6.0
2710.0,add,0.029273212786857197,2076.0,135.0,0.026067526235600585,0.0,9.0,2.0,5.0,5.0
2711.0,add,0.006993791719814648,2077.0,243.0,0.025681405068813844,0.0,6.0,9.0,5.0,5.0
2712.0,add,0.008024557246607928,2078.0,170.0,0.031763595710321904,0.0,6.0,7.0,4.0,7.0
2713.0,delete,0.018790560845892954,2079.0,250.0,0.018959199113860598,0.0,3.0,5.0,5.0,7.0
2714.0,delete,0.010560713070242525,2080.0,252.0,0.011413926398256453,0.0,4.0,4.0,5.0,6.0
2715.0,add,0.011413926398256464,2080.0,252.0,0.011413926398256453,0.0,5.0,4.0,5.0,6.0
2716.0,delete,0.008135365486672829,2080.0,252.0,0.011413926398256453,0.0,4.0,4.0,5.0,5.0
2717.0,swap,0.011295549613851114,2080.0,252.0,0.011413926398256453,0.0,4.0,4.0,4.0,7.0
2718.0,add,0.007933376197239831,2081.0,93.0,0.022584768970132656,0.0,3.0,5.0,4.0,7.0
2719.0,add,0.007281668871140465,2082.0,42.0,0.020649273531940158,2.0,3.0,6.0,5.0,4.0
2720.0,add,0.015719818174690002,2083.0,198.0,0.03766733379108742,0.0,5.0,6.0,7.0,8.0
2721.0,add,0.012430695380538098,2084.0,234.0,0.016305894062184797,0.0,5.0,8.0,4.0,7.0
2722.0,add,0.06892519752286044,2085.0,220.0,0.026163751601207368,0.0,4.0,2.0,2.0,8.0
2723.0,delete,0.025961385761233666,2086.0,244.0,0.025311206030616044,0.0,5.0,9.0,4.0,6.0
2724.0,add,0.03684310545775066,2087.0,136.0,0.02591110114748518,0.0,9.0,2.0,7.0,4.0
2725.0,add,0.03589169479534293,2088.0,249.0,0.025234053551161182,0.0,4.0,5.0,5.0,7.0
2726.0,add,0.015802525392524157,2089.0,171.0,0.03188390772109768,0.0,7.0,7.0,5.0,6.0
2727.0,delete,0.024384020571521333,2090.0,251.0,0.010563896193455876,0.0,3.0,4.0,5.0,7.0
2728.0,add,0.011080095933597227,2091.0,253.0,0.011413926398256464,0.0,5.0,4.0,5.0,6.0
2729.0,add,0.010269132944998009,2091.0,253.0,0.011413926398256464,0.0,5.0,4.0,5.0,7.0
2730.0,delete,0.023261316412984383,2091.0,253.0,0.011413926398256464,0.0,5.0,4.0,5.0,5.0
2731.0,swap,0.008135365486672829,2091.0,253.0,0.011413926398256464,0.0,6.0,4.0,5.0,5.0
2732.0,add,0.018302552673253102,2092.0,94.0,0.02263213921836217,0.0,4.0,4.0,4.0,8.0
2733.0,add,0.03122156418442008,2093.0,43.0,0.020720006406513173,2.0,3.0,6.0,5.0,5.0
2734.0,delete,0.03485845049770287,2094.0,199.0,0.037661090857364146,0.0,4.0,6.0,7.0,8.0
2735.0,delete,0.00750032082943737,2095.0,235.0,0.016750778419687737,0.0,5.0,8.0,4.0,6.0
2736.0,add,0.0677223438351269,2096.0,221.0,0.024641514238456612,0.0,3.0,2.0,3.0,9.0
2737.0,delete,0.028902649291606918,2097.0,137.0,0.025910036647567768,0.0,8.0,3.0,6.0,4.0
2738.0,delete,0.00822984016820926,2098.0,245.0,0.02499265385575354,0.0,5.0,7.0,5.0,6.0
2739.0,delete,0.02726275155518776,2099.0,250.0,0.015225917372866575,0.0,4.0,5.0,5.0,6.0
2740.0,add,0.015790243663586192,2100.0,172.0,0.03200417779300324,0.0,6.0,7.0,7.0,6.0
2741.0,add,0.011413926398256464,2101.0,252.0,0.012831967435301784,0.0,5.0,4.0,5.0,6.0
2742.0,delete,0.022731903891421212,2102.0,200.0,0.03761581038807763,0.0,4.0,5.0,7.0,8.0
2743.0,delete,0.02356012645007221,2103.0,251.0,0.012851212610482695,0.0,4.0,4.0,4.0,7.0
2744.0,add,0.014995538208212658,2104.0,236.0,0.017322182024886494,0.0,4.0,9.0,4.0,7.0
2745.0,delete,0.007305081708746333,2105.0,95.0,0.022713922139480182,0.0,4.0,4.0,4.0,7.0
2746.0,add,0.010545467831759562,2106.0,254.0,0.010269132944998009,0.0,5.0,4.0,5.0,7.0
2747.0,delete,0.021978910897512298,2106.0,254.0,0.010269132944998009,0.0,5.0,4.0,5.0,6.0
2748.0,swap,0.021564924286726326,2106.0,254.0,0.010269132944998009,0.0,5.0,4.0,6.0,6.0
2749.0,add,0.009488590732161004,2107.0,44.0,0.02077347620206057,2.0,3.0,6.0,6.0,5.0
2750.0,delete,0.015114814924195351,2108.0,138.0,0.02595987505804358,0.0,8.0,2.0,6.0,4.0
2751.0,add,0.062485549082468866,2109.0,222.0,0.023336328856673805,0.0,3.0,3.0,4.0,8.0
2752.0,delete,0.013718113559802531,2110.0,246.0,0.025488965406283644,0.0,5.0,6.0,5.0,6.0
2753.0,delete,0.012775296443404185,2111.0,173.0,0.03209243141609212,0.0,6.0,7.0,6.0,6.0
2754.0,add,0.007199706227458613,2112.0,253.0,0.016089608990249048,0.0,5.0,4.0,5.0,7.0
2755.0,delete,0.02741713718540995,2113.0,201.0,0.03742804914026135,0.0,4.0,5.0,6.0,8.0
2756.0,delete,0.02242712776050943,2114.0,255.0,0.021978910897512298,0.0,5.0,4.0,5.0,6.0
2757.0,add,0.022008268275435488,2114.0,255.0,0.021978910897512298,0.0,5.0,4.0,6.0,6.0
2758.0,delete,0.02227273108887708,2114.0,255.0,0.021978910897512298,0.0,5.0,4.0,4.0,6.0
2759.0,swap,0.010121852097759542,2114.0,255.0,0.021978910897512298,0.0,5.0,5.0,5.0,5.0
2760.0,delete,0.007315038633084657,2115.0,96.0,0.022795236166584697,0.0,3.0,4.0,4.0,7.0
2761.0,add,0.01876061799212258,2116.0,45.0,0.020787596483223546,2.0,4.0,6.0,5.0,6.0
2762.0,delete,0.006971859501706679,2117.0,237.0,0.01781495291989798,0.0,4.0,8.0,5.0,6.0
2763.0,delete,0.03166620935694845,2118.0,139.0,0.026036406679074933,0.0,7.0,2.0,6.0,4.0
2764.0,delete,0.03136463555800027,2119.0,247.0,0.02418115778874231,0.0,4.0,7.0,4.0,6.0
2765.0,add,0.07822156728737324,2120.0,223.0,0.021992270467814802,0.0,4.0,4.0,3.0,8.0
2766.0,delete,0.018744569176515954,2121.0,174.0,0.032240571064967825,0.0,5.0,7.0,6.0,6.0
2767.0,add,0.014141059442863431,2122.0,252.0,0.015263768002914551,0.0,4.0,5.0,5.0,6.0
2768.0,delete,0.02574298680996763,2123.0,254.0,0.019761778024018767,0.0,5.0,4.0,5.0,6.0
2769.0,add,0.01999954380812779,2124.0,202.0,0.037370538999558084,0.0,4.0,6.0,5.0,9.0
2770.0,add,0.022008268275435488,2125.0,256.0,0.022008268275435488,0.0,5.0,4.0,6.0,6.0
2771.0,delete,0.014016079104258387,2125.0,256.0,0.022008268275435488,0.0,4.0,4.0,6.0,6.0
2772.0,swap,0.022315762429029606,2125.0,256.0,0.022008268275435488,0.0,5.0,4.0,6.0,6.0
2773.0,add,0.023146220806239903,2126.0,97.0,0.022921246139282644,0.0,4.0,3.0,4.0,8.0
2774.0,delete,0.01873998156502065,2127.0,46.0,0.02082970552776957,2.0,2.0,6.0,6.0,6.0
2775.0,add,0.006904997865960454,2128.0,238.0,0.01810825094547848,0.0,4.0,8.0,5.0,7.0
2776.0,delete,0.009416961170917908,2129.0,248.0,0.021746852205980504,0.0,4.0,6.0,5.0,5.0
2777.0,add,0.011053114971517399,2130.0,140.0,0.02616624088319725,0.0,7.0,3.0,6.0,4.0
2778.0,delete,0.008974298512541895,2131.0,224.0,0.02069038439261872,0.0,3.0,4.0,3.0,8.0
2779.0,delete,0.008055591021674148,2132.0,175.0,0.032301790215005156,0.0,4.0,8.0,6.0,5.0
2780.0,add,0.011143273171801107,2133.0,253.0,0.01788240138690211,0.0,6.0,4.0,5.0,6.0
2781.0,add,0.021978910897512298,2134.0,255.0,0.020087094521039742,0.0,6.0,4.0,5.0,6.0
2782.0,delete,0.014016079104258387,2135.0,257.0,0.014016079104258387,0.0,4.0,4.0,6.0,6.0
2783.0,delete,0.009746776731270163,2135.0,257.0,0.014016079104258387,0.0,4.0,4.0,6.0,5.0
2784.0,swap,0.00749024917583829,2135.0,257.0,0.014016079104258387,0.0,4.0,5.0,6.0,5.0
2785.0,delete,0.007656188748836421,2136.0,98.0,0.02294478544588316,0.0,4.0,2.0,5.0,7.0
2786.0,add,0.012365575635309968,2137.0,203.0,0.03703505676994796,0.0,5.0,7.0,5.0,8.0
2787.0,delete,0.03251078374832364,2138.0,47.0,0.02073833183306093,2.0,3.0,5.0,6.0,5.0
2788.0,add,0.007913995954357003,2139.0,239.0,0.01835812357633819,0.0,5.0,8.0,6.0,6.0
2789.0,add,0.033192570249927396,2140.0,249.0,0.020100489008050032,0.0,4.0,5.0,6.0,6.0
2790.0,delete,0.01131559401579121,2141.0,141.0,0.026109060971148432,0.0,6.0,4.0,5.0,4.0
2791.0,delete,0.010566600725153752,2142.0,254.0,0.018163384819051085,0.0,5.0,4.0,4.0,7.0
2792.0,delete,0.008394839155893827,2143.0,176.0,0.032353489919125886,0.0,4.0,8.0,6.0,4.0
2793.0,add,0.02664847380841345,2144.0,225.0,0.02039832860932911,0.0,3.0,6.0,3.0,7.0
2794.0,delete,0.022195141667179872,2145.0,256.0,0.011317296028906307,0.0,4.0,4.0,6.0,6.0
2795.0,delete,0.009746776731270163,2146.0,258.0,0.009746776731270163,0.0,4.0,4.0,6.0,5.0
2796.0,delete,0.007560872496075679,2146.0,258.0,0.009746776731270163,0.0,4.0,3.0,6.0,5.0
2797.0,swap,0.0102181654818188,2146.0,258.0,0.009746776731270163,0.0,3.0,4.0,6.0,6.0
2798.0,delete,0.0069802402580385866,2147.0,99.0,0.022991730034641323,0.0,2.0,3.0,5.0,7.0
2799.0,delete,0.008505895089473173,2148.0,204.0,0.0369586510240276,0.0,5.0,5.0,5.0,9.0
2800.0,delete,0.058326769997713766,2149.0,48.0,0.020661735053746404,2.0,2.0,5.0,6.0,5.0
2801.0,delete,0.007768752118967531,2150.0,240.0,0.018798120084535016,0.0,4.0,9.0,5.0,6.0
2802.0,delete,0.01660008365529755,2151.0,250.0,0.01591014095833549,0.0,4.0,4.0,5.0,7.0
2803.0,delete,0.023677311280449625,2152.0,142.0,0.02601100300203506,0.0,5.0,4.0,5.0,4.0
2804.0,add,0.022807659692504555,2153.0,255.0,0.015275112530781886,0.0,5.0,5.0,5.0,6.0
2805.0,delete,0.01961078664726586,2154.0,177.0,0.032352080471714666,0.0,4.0,7.0,5.0,5.0
2806.0,delete,0.012369950389319356,2155.0,257.0,0.009318147860108702,0.0,4.0,4.0,6.0,5.0
2807.0,add,0.011994904920637981,2156.0,226.0,0.019999777093996543,0.0,3.0,7.0,3.0,7.0
2808.0,delete,0.007563051095282809,2157.0,259.0,0.007560872496075679,0.0,4.0,3.0,6.0,5.0
2809.0,add,0.008098904235219697,2157.0,259.0,0.007560872496075679,0.0,4.0,3.0,7.0,5.0
2810.0,delete,0.01489340433419358,2157.0,259.0,0.007560872496075679,0.0,4.0,3.0,6.0,4.0
2811.0,swap,0.008796078541432845,2157.0,259.0,0.007560872496075679,0.0,4.0,2.0,6.0,6.0
2812.0,delete,0.010720192993975142,2158.0,100.0,0.023020668187883588,0.0,3.0,3.0,4.0,6.0
2813.0,delete,0.01068504136501518,2159.0,205.0,0.036865073934526364,0.0,5.0,5.0,5.0,8.0
2814.0,add,0.007554328803560916,2160.0,49.0,0.020573625337759065,2.0,2.0,6.0,6.0,5.0
2815.0,add,0.007248817507695099,2161.0,241.0,0.01914800094084201,0.0,4.0,9.0,6.0,6.0
2816.0,delete,0.023586115766689092,2162.0,251.0,0.014645329369831856,0.0,4.0,4.0,4.0,7.0
2817.0,add,0.010956748851840446,2163.0,143.0,0.025961821978414307,0.0,5.0,4.0,6.0,4.0
2818.0,delete,0.007796469090481059,2164.0,178.0,0.03225750508428284,0.0,4.0,6.0,5.0,5.0
2819.0,delete,0.017932526408775355,2165.0,256.0,0.011285502237493696,0.0,5.0,3.0,6.0,6.0
2820.0,delete,0.009043891645283542,2166.0,258.0,0.009382462140440922,0.0,3.0,4.0,6.0,5.0
2821.0,add,0.015569049673890709,2167.0,227.0,0.019460044681274137,0.0,4.0,7.0,3.0,7.0
2822.0,delete,0.07622921986512486,2168.0,206.0,0.03662023158198332,0.0,5.0,5.0,4.0,8.0
2823.0,add,0.008098904235219697,2169.0,260.0,0.008098904235219697,0.0,4.0,3.0,7.0,5.0
2824.0,add,0.008329441328499332,2169.0,260.0,0.008098904235219697,0.0,5.0,3.0,7.0,5.0
2825.0,delete,0.008098904235219697,2169.0,260.0,0.008098904235219697,0.0,4.0,3.0,6.0,5.0
2826.0,swap,0.026099601783024038,2169.0,260.0,0.008098904235219697,0.0,4.0,4.0,7.0,4.0
2827.0,delete,0.03059502121524586,2170.0,50.0,0.020488828578786446,2.0,1.0,6.0,7.0,4.0
2828.0,add,0.01626552291281926,2171.0,101.0,0.023092686433190505,0.0,3.0,3.0,3.0,8.0
2829.0,delete,0.021981444466891945,2172.0,242.0,0.019346464244679104,0.0,5.0,9.0,6.0,4.0
2830.0,delete,0.012983102193567415,2173.0,179.0,0.03231731605096765,0.0,4.0,6.0,4.0,5.0
2831.0,add,0.018156116390424536,2174.0,144.0,0.026029111751122064,0.0,6.0,5.0,5.0,4.0
2832.0,add,0.010258076065048504,2175.0,252.0,0.014358831029475891,0.0,4.0,4.0,5.0,7.0
2833.0,delete,0.014016079104258361,2176.0,257.0,0.010618908804509244,0.0,4.0,4.0,5.0,6.0
2834.0,delete,0.06671297649047622,2177.0,228.0,0.018463606241547848,0.0,4.0,7.0,2.0,7.0
2835.0,delete,0.07344107469150506,2178.0,207.0,0.03542398188128333,0.0,4.0,5.0,5.0,7.0
2836.0,add,0.008460569150146513,2179.0,259.0,0.011745151163436492,0.0,4.0,3.0,6.0,6.0
2837.0,delete,0.009892554573071559,2180.0,258.0,0.01045851118905431,0.0,4.0,4.0,6.0,4.0
2838.0,delete,0.0069802402580385866,2181.0,102.0,0.023212824203063698,0.0,4.0,3.0,3.0,6.0
2839.0,add,0.00824846586993829,2182.0,261.0,0.008329441328499332,0.0,5.0,3.0,7.0,5.0
2840.0,add,0.014119898660079946,2182.0,261.0,0.008329441328499332,0.0,5.0,3.0,7.0,6.0
2841.0,delete,0.007503806625931425,2182.0,261.0,0.008329441328499332,0.0,4.0,3.0,7.0,5.0
2842.0,swap,0.010949700170091694,2182.0,261.0,0.008329441328499332,0.0,5.0,3.0,6.0,6.0
2843.0,delete,0.02174913949965313,2183.0,51.0,0.02045445494079512,1.0,2.0,6.0,6.0,4.0
2844.0,delete,0.01131559401579121,2184.0,145.0,0.0261296250443829,0.0,7.0,4.0,4.0,4.0
2845.0,delete,0.019629444354643644,2185.0,180.0,0.0324104551415278,0.0,3.0,6.0,4.0,5.0
2846.0,add,0.0089527661592005,2186.0,243.0,0.019073145715328508,0.0,5.0,9.0,5.0,6.0
2847.0,delete,0.03523568627754146,2187.0,229.0,0.017014170875201906,0.0,3.0,7.0,3.0,6.0
2848.0,delete,0.07065102793084606,2188.0,208.0,0.03429819291593579,0.0,5.0,4.0,5.0,6.0
2849.0,add,0.011413926398256453,2189.0,253.0,0.013868034673557102,0.0,6.0,4.0,5.0,6.0
2850.0,add,0.0074912901885048665,2190.0,260.0,0.009830262530908138,0.0,4.0,3.0,7.0,6.0
2851.0,add,0.015972584929782572,2191.0,259.0,0.010499953316534107,0.0,4.0,3.0,6.0,6.0
2852.0,add,0.007274244475457145,2192.0,103.0,0.02328951950905858,0.0,4.0,4.0,2.0,7.0
2853.0,delete,0.021249025454045892,2193.0,52.0,0.020437624067380412,0.0,2.0,5.0,7.0,4.0
2854.0,delete,0.022946347868887933,2194.0,244.0,0.01917578854903522,0.0,4.0,9.0,5.0,6.0
2855.0,delete,0.02574298680996763,2195.0,254.0,0.01397945710115236,0.0,5.0,4.0,5.0,6.0
2856.0,delete,0.019867398774113258,2196.0,181.0,0.03253906156102143,0.0,3.0,6.0,5.0,3.0
2857.0,delete,0.008574394975194835,2197.0,146.0,0.0262365989554333,0.0,6.0,4.0,5.0,3.0
2858.0,add,0.01437484305292162,2198.0,262.0,0.014119898660079946,0.0,5.0,3.0,7.0,6.0
2859.0,add,0.008329441328499332,2198.0,262.0,0.014119898660079946,0.0,5.0,3.0,7.0,7.0
2860.0,delete,0.013143488408520334,2198.0,262.0,0.014119898660079946,0.0,4.0,3.0,7.0,6.0
2861.0,swap,0.014119898660079946,2198.0,262.0,0.014119898660079946,0.0,5.0,3.0,6.0,7.0
2862.0,delete,0.03869280277998519,2199.0,209.0,0.0333162923160357,0.0,4.0,4.0,4.0,7.0
2863.0,add,0.03736312076448592,2200.0,230.0,0.016292086335449176,0.0,4.0,7.0,4.0,5.0
2864.0,add,0.008322695753996943,2201.0,261.0,0.012817514022020235,0.0,6.0,3.0,7.0,5.0
2865.0,delete,0.017561897586612047,2202.0,245.0,0.01876029307005239,0.0,5.0,7.0,5.0,6.0
2866.0,add,0.015478085331682209,2203.0,104.0,0.023318186285383402,0.0,4.0,4.0,2.0,8.0
2867.0,add,0.010958012943383678,2204.0,53.0,0.020425348555482954,1.0,2.0,5.0,8.0,3.0
2868.0,add,0.00809890423521969,2205.0,260.0,0.010448451822460339,0.0,5.0,3.0,7.0,5.0
2869.0,add,0.007918126966469662,2206.0,255.0,0.012781484333446159,0.0,5.0,5.0,5.0,6.0
2870.0,delete,0.01729357772115863,2207.0,147.0,0.02627317205148966,0.0,7.0,3.0,4.0,3.0
2871.0,add,0.014340653702487643,2208.0,182.0,0.03260284755349576,0.0,3.0,5.0,6.0,4.0
2872.0,add,0.008329441328499332,2209.0,263.0,0.008329441328499332,0.0,5.0,3.0,7.0,7.0
2873.0,add,0.008329441328499332,2209.0,263.0,0.008329441328499332,0.0,6.0,3.0,7.0,7.0
2874.0,delete,0.007438325277141018,2209.0,263.0,0.008329441328499332,0.0,4.0,3.0,7.0,7.0
2875.0,swap,0.014344428090494037,2209.0,263.0,0.008329441328499332,0.0,6.0,3.0,7.0,6.0
2876.0,delete,0.0522304961880173,2210.0,210.0,0.032217301310580995,0.0,4.0,3.0,4.0,7.0
2877.0,add,0.032736380253167385,2211.0,231.0,0.015478732955062094,0.0,4.0,7.0,4.0,6.0
2878.0,delete,0.02055414525748,2212.0,246.0,0.01851758862952383,0.0,5.0,7.0,5.0,5.0
2879.0,add,0.013920970760193439,2213.0,262.0,0.00935421547062661,0.0,5.0,3.0,8.0,6.0
2880.0,add,0.01334442504951755,2214.0,105.0,0.023325801558432818,0.0,5.0,3.0,2.0,9.0
2881.0,add,0.0069492834609611075,2215.0,54.0,0.02046524924979255,1.0,2.0,5.0,7.0,5.0
2882.0,delete,0.022315762429029606,2216.0,256.0,0.011274913492802819,0.0,5.0,4.0,5.0,6.0
2883.0,delete,0.014580115171599989,2217.0,183.0,0.032641705880831935,0.0,2.0,5.0,6.0,4.0
2884.0,add,0.017940475604070548,2218.0,148.0,0.02624763073924343,0.0,8.0,3.0,4.0,3.0
2885.0,add,0.008329441328499332,2219.0,261.0,0.01134298842262957,0.0,6.0,3.0,7.0,5.0
2886.0,add,0.008329441328499332,2220.0,264.0,0.008329441328499332,0.0,6.0,3.0,7.0,7.0
2887.0,delete,0.007503806625931425,2220.0,264.0,0.008329441328499332,0.0,5.0,3.0,7.0,7.0
2888.0,swap,0.014090410209453823,2220.0,264.0,0.008329441328499332,0.0,6.0,3.0,8.0,6.0
2889.0,delete,0.07446940919575633,2221.0,211.0,0.030828260356513024,0.0,5.0,3.0,3.0,6.0
2890.0,add,0.008602040454432988,2222.0,232.0,0.015181580512677914,0.0,4.0,8.0,4.0,6.0
2891.0,delete,0.03175289076472334,2223.0,247.0,0.01776388197611765,0.0,4.0,7.0,4.0,6.0
2892.0,add,0.00840477663027146,2224.0,263.0,0.009563274873095978,0.0,5.0,3.0,8.0,7.0
2893.0,delete,0.012146798296799962,2225.0,106.0,0.023352522520251735,0.0,5.0,4.0,2.0,7.0
2894.0,delete,0.00734931139851177,2226.0,55.0,0.020491892927655103,1.0,3.0,5.0,6.0,4.0
2895.0,delete,0.012369950389319356,2227.0,257.0,0.010531523766196283,0.0,4.0,4.0,6.0,5.0
2896.0,delete,0.00763506985880783,2228.0,184.0,0.032728495155577436,0.0,3.0,4.0,5.0,4.0
2897.0,delete,0.007503806625931425,2229.0,265.0,0.007503806625931425,0.0,5.0,3.0,7.0,7.0
2898.0,delete,0.007503806625931425,2229.0,265.0,0.007503806625931425,0.0,4.0,3.0,7.0,7.0
2899.0,swap,0.012879488762390312,2229.0,265.0,0.007503806625931425,0.0,5.0,3.0,7.0,7.0
2900.0,add,0.01561957845747435,2230.0,149.0,0.026210421359825497,0.0,7.0,3.0,4.0,5.0
2901.0,add,0.09605262476363793,2231.0,212.0,0.029215564375579095,0.0,4.0,3.0,4.0,7.0
2902.0,add,0.009458257690899934,2232.0,262.0,0.00976212191705659,0.0,5.0,3.0,7.0,7.0
2903.0,delete,0.053140315679421915,2233.0,248.0,0.01608471301741133,0.0,4.0,6.0,5.0,5.0
2904.0,add,0.01858927004377689,2234.0,233.0,0.015419025144681178,0.0,4.0,8.0,4.0,7.0
2905.0,delete,0.007793271980741662,2235.0,264.0,0.008847727160046146,0.0,5.0,3.0,7.0,7.0
2906.0,delete,0.009587475539328797,2236.0,258.0,0.010250520772554176,0.0,3.0,4.0,6.0,5.0
2907.0,add,0.012267293680784077,2237.0,107.0,0.023389286683485812,0.0,5.0,4.0,2.0,8.0
2908.0,add,0.007214575558649738,2238.0,56.0,0.02052283966563673,1.0,2.0,5.0,8.0,4.0
2909.0,delete,0.007503806625931425,2239.0,266.0,0.007503806625931425,0.0,4.0,3.0,7.0,7.0
2910.0,add,0.007678113794250714,2239.0,266.0,0.007503806625931425,0.0,4.0,3.0,8.0,7.0
2911.0,delete,0.00946403727157096,2239.0,266.0,0.007503806625931425,0.0,4.0,3.0,7.0,6.0
2912.0,swap,0.0068917417152649174,2239.0,266.0,0.007503806625931425,0.0,3.0,3.0,8.0,7.0
2913.0,add,0.014791336371363121,2240.0,150.0,0.026280874362345923,0.0,7.0,4.0,5.0,4.0
2914.0,add,0.02307705751788274,2241.0,185.0,0.03272759948448431,0.0,2.0,5.0,5.0,5.0
2915.0,delete,0.0223769110355757,2242.0,213.0,0.02805294961984375,0.0,4.0,2.0,3.0,8.0
2916.0,add,0.014119898660079946,2243.0,263.0,0.008759688424974477,0.0,5.0,3.0,7.0,8.0
2917.0,add,0.033094924504156575,2244.0,249.0,0.015120445519493396,0.0,5.0,5.0,5.0,6.0
2918.0,add,0.007723169593079674,2245.0,234.0,0.01532928212692928,0.0,4.0,9.0,4.0,7.0
2919.0,delete,0.006896625488318603,2246.0,265.0,0.007808301206589888,0.0,4.0,3.0,7.0,7.0
2920.0,delete,0.012146798296799962,2247.0,108.0,0.023399210976614997,0.0,5.0,4.0,2.0,7.0
2921.0,delete,0.007328828109304806,2248.0,57.0,0.020515618437199814,1.0,2.0,4.0,8.0,4.0
2922.0,add,0.00762202801318555,2249.0,259.0,0.01011729951281255,0.0,4.0,3.0,7.0,5.0
2923.0,add,0.007678113794250714,2250.0,267.0,0.007678113794250714,0.0,4.0,3.0,8.0,7.0
2924.0,delete,0.013372163403727714,2250.0,267.0,0.007678113794250714,0.0,4.0,3.0,8.0,6.0
2925.0,swap,0.007275502400759816,2250.0,267.0,0.007678113794250714,0.0,3.0,3.0,8.0,8.0
2926.0,add,0.0161900741952802,2251.0,151.0,0.026316576473884263,0.0,7.0,5.0,4.0,5.0
2927.0,add,0.0133274883938686,2252.0,186.0,0.03275414375738755,0.0,3.0,5.0,6.0,4.0
2928.0,add,0.03673376560265484,2253.0,214.0,0.026818179012920378,0.0,4.0,3.0,3.0,8.0
2929.0,delete,0.008307869328432313,2254.0,264.0,0.008457252701153932,0.0,6.0,3.0,6.0,7.0
2930.0,delete,0.046793463538025305,2255.0,250.0,0.013062193098794066,0.0,4.0,4.0,5.0,7.0
2931.0,delete,0.010833856850011188,2256.0,235.0,0.015373912081507807,0.0,5.0,8.0,4.0,6.0
2932.0,add,0.007219404158954759,2257.0,266.0,0.009000973348247239,0.0,4.0,3.0,8.0,7.0
2933.0,delete,0.011569976957466326,2258.0,109.0,0.02341869943927191,0.0,5.0,3.0,2.0,7.0
2934.0,delete,0.008335410915623375,2259.0,58.0,0.02050442348934369,1.0,2.0,3.0,8.0,4.0
2935.0,delete,0.013395998112623042,2260.0,268.0,0.013372163403727714,0.0,4.0,3.0,8.0,6.0
2936.0,add,0.010196386817127766,2260.0,268.0,0.013372163403727714,0.0,4.0,3.0,8.0,7.0
2937.0,delete,0.011000389494925855,2260.0,268.0,0.013372163403727714,0.0,4.0,3.0,8.0,5.0
2938.0,swap,0.014817278163846283,2260.0,268.0,0.013372163403727714,0.0,3.0,3.0,9.0,6.0
2939.0,add,0.044089362543401275,2261.0,187.0,0.032690963291923385,0.0,4.0,6.0,5.0,4.0
2940.0,add,0.010728769666095645,2262.0,152.0,0.02638156625387242,0.0,7.0,6.0,4.0,5.0
2941.0,delete,0.046920444353644085,2263.0,215.0,0.026082898242698382,0.0,4.0,1.0,3.0,9.0
2942.0,add,0.013660597735488797,2264.0,260.0,0.009833531383469655,0.0,4.0,3.0,7.0,6.0
2943.0,delete,0.014970782150632479,2265.0,251.0,0.012505465533788207,0.0,3.0,4.0,5.0,7.0
2944.0,delete,0.007503806625931425,2266.0,265.0,0.009349526276248856,0.0,5.0,3.0,6.0,7.0
2945.0,add,0.00823600559490089,2267.0,236.0,0.015480587363421722,0.0,4.0,8.0,4.0,8.0
2946.0,delete,0.016222486316207575,2268.0,110.0,0.023456560000398145,0.0,5.0,2.0,2.0,7.0
2947.0,delete,0.059478019397969435,2269.0,59.0,0.020529519149127026,1.0,2.0,4.0,7.0,3.0
2948.0,delete,0.007665733739611009,2270.0,267.0,0.012556443198450132,0.0,4.0,3.0,7.0,7.0
2949.0,add,0.010196386817127766,2271.0,269.0,0.010196386817127766,0.0,4.0,3.0,8.0,7.0
2950.0,delete,0.008428814460838485,2271.0,269.0,0.010196386817127766,0.0,4.0,3.0,8.0,6.0
2951.0,swap,0.01008476271708656,2271.0,269.0,0.010196386817127766,0.0,5.0,3.0,7.0,7.0
2952.0,add,0.03554231046767376,2272.0,188.0,0.03230806359188039,0.0,4.0,6.0,5.0,5.0
2953.0,add,0.008329441328499332,2273.0,261.0,0.009908932049954522,0.0,6.0,3.0,7.0,5.0
2954.0,add,0.01320750970495336,2274.0,153.0,0.026386016602403015,0.0,7.0,6.0,6.0,4.0
2955.0,add,0.04552058195519715,2275.0,216.0,0.025024797229976203,0.0,5.0,2.0,2.0,9.0
2956.0,add,0.013143488408520334,2276.0,266.0,0.009923772913471575,0.0,4.0,3.0,7.0,8.0
2957.0,add,0.011288565181008068,2277.0,252.0,0.012038961776340257,0.0,4.0,4.0,6.0,6.0
2958.0,delete,0.006971859501706679,2278.0,237.0,0.015508681019821268,0.0,4.0,8.0,5.0,6.0
2959.0,add,0.00886583897743587,2279.0,268.0,0.009726587703045145,0.0,4.0,3.0,8.0,7.0
2960.0,delete,0.008114530628274032,2280.0,60.0,0.020514029508834686,1.0,2.0,3.0,6.0,4.0
2961.0,add,0.007046208396179576,2281.0,111.0,0.023483006619014226,0.0,5.0,2.0,2.0,8.0
2962.0,delete,0.008428814460838485,2282.0,270.0,0.008428814460838485,0.0,4.0,3.0,8.0,6.0
2963.0,add,0.00877959370656077,2282.0,270.0,0.008428814460838485,0.0,4.0,3.0,9.0,6.0
2964.0,delete,0.014122357900276354,2282.0,270.0,0.008428814460838485,0.0,4.0,3.0,8.0,5.0
2965.0,swap,0.0172699188266543,2282.0,270.0,0.008428814460838485,0.0,5.0,3.0,8.0,5.0
2966.0,add,0.9346645654712509,2283.0,1.0,0.0423417791862405,4.0,1.0,0.0,0.0,0.0
2967.0,add,0.042055602566745266,2284.0,189.0,0.03182581020038255,0.0,4.0,6.0,5.0,6.0
2968.0,delete,0.06455157784265975,2285.0,217.0,0.024101418991791926,0.0,4.0,2.0,2.0,9.0
2969.0,add,0.011928083982837897,2286.0,154.0,0.02644296276812502,0.0,8.0,6.0,6.0,4.0
2970.0,add,0.014119898660079946,2287.0,262.0,0.009865023425959107,0.0,6.0,3.0,7.0,6.0
2971.0,delete,0.007665733739611009,2288.0,267.0,0.01118745982847716,0.0,4.0,3.0,7.0,7.0
2972.0,add,0.010258076065048504,2289.0,253.0,0.011936495012945914,0.0,5.0,4.0,5.0,7.0
2973.0,add,0.014835418751559425,2290.0,238.0,0.015348109164474153,0.0,4.0,9.0,5.0,6.0
2974.0,delete,0.010227273793227425,2291.0,269.0,0.011405899871033678,0.0,4.0,3.0,7.0,7.0
2975.0,add,0.017500973262624165,2292.0,61.0,0.020561684328783653,1.0,2.0,2.0,7.0,5.0
2976.0,add,0.009814209692151413,2293.0,112.0,0.023543405545696942,0.0,5.0,3.0,2.0,8.0
2977.0,add,0.008506695000602204,2294.0,271.0,0.00877959370656077,0.0,4.0,3.0,9.0,6.0
2978.0,add,0.007763870254113197,2294.0,271.0,0.00877959370656077,0.0,4.0,3.0,9.0,7.0
2979.0,delete,0.008609655002926703,2294.0,271.0,0.00877959370656077,0.0,4.0,3.0,8.0,6.0
2980.0,swap,0.008256104472920047,2294.0,271.0,0.00877959370656077,0.0,5.0,3.0,8.0,6.0
2981.0,add,0.9318978893120227,2295.0,2.0,0.0387808662840963,4.0,0.0,0.0,1.0,1.0
2982.0,add,0.04101448425615243,2296.0,190.0,0.03139139606612006,0.0,4.0,6.0,6.0,6.0
2983.0,delete,0.06455157784265966,2297.0,218.0,0.023143929747040166,0.0,3.0,2.0,2.0,9.0
2984.0,add,0.013068582401209578,2298.0,155.0,0.026495925482711048,0.0,7.0,6.0,7.0,5.0
2985.0,add,0.013306281622243456,2299.0,263.0,0.009601815323219435,0.0,5.0,4.0,7.0,7.0
2986.0,delete,0.010269132944998009,2300.0,254.0,0.011784862162799179,0.0,4.0,4.0,5.0,7.0
2987.0,add,0.010236286666036916,2301.0,268.0,0.009981176657695424,0.0,4.0,4.0,8.0,6.0
2988.0,add,0.008433499417126107,2302.0,239.0,0.0153672992657479,0.0,4.0,8.0,6.0,7.0
2989.0,delete,0.007103482425403727,2303.0,62.0,0.020608278293350456,1.0,2.0,2.0,7.0,4.0
2990.0,delete,0.0071247019444670755,2304.0,113.0,0.02361074610100817,0.0,6.0,3.0,2.0,6.0
2991.0,add,0.008200881101792318,2305.0,270.0,0.008383183687424583,0.0,4.0,3.0,9.0,6.0
2992.0,delete,0.00787583019706573,2306.0,269.0,0.009872179907340935,0.0,4.0,2.0,8.0,7.0
2993.0,delete,0.013285271966800993,2307.0,264.0,0.009402909181027895,0.0,6.0,2.0,7.0,7.0
2994.0,add,0.20803447597069177,2308.0,3.0,0.03528013484600582,4.0,0.0,2.0,1.0,0.0
2995.0,delete,0.06462209963720468,2309.0,219.0,0.02230015037557743,0.0,4.0,2.0,1.0,8.0
2996.0,delete,0.06279737768201499,2310.0,191.0,0.03108776399073892,0.0,4.0,6.0,4.0,7.0
2997.0,add,0.00761772407150002,2311.0,272.0,0.007763870254113197,0.0,4.0,3.0,9.0,7.0
2998.0,add,0.007763870254113197,2311.0,272.0,0.007763870254113197,0.0,5.0,3.0,9.0,7.0
2999.0,delete,0.007855140185643178,2311.0,272.0,0.007763870254113197,0.0,4.0,3.0,8.0,7.0
3000.0,swap,0.0076860142026278005,2311.0,272.0,0.007763870254113197,0.0,4.0,3.0,9.0,7.0
3001.0,add,0.015825790869458657,2312.0,156.0,0.02653207034994461,0.0,8.0,7.0,6.0,5.0
3002.0,delete,0.014455812633826219,2313.0,240.0,0.015386973326579833,0.0,4.0,9.0,6.0,5.0
3003.0,delete,0.007875526354998183,2314.0,114.0,0.02369994415836763,0.0,4.0,3.0,2.0,7.0
3004.0,add,0.007306152298611504,2315.0,63.0,0.020655390890124095,1.0,3.0,2.0,7.0,4.0
3005.0,add,0.021864261719832006,2316.0,255.0,0.011007026825838345,0.0,6.0,4.0,5.0,6.0
3006.0,add,0.008024579642451643,2317.0,271.0,0.007737323793599478,0.0,4.0,4.0,9.0,6.0
3007.0,delete,0.007489477712489403,2318.0,265.0,0.009273654951102479,0.0,5.0,3.0,6.0,7.0
3008.0,add,0.007107758788141245,2319.0,270.0,0.008096738899568278,0.0,4.0,3.0,8.0,7.0
3009.0,add,0.44914859687323216,2320.0,4.0,0.03357547209661938,4.0,0.0,1.0,1.0,2.0
3010.0,add,0.0980366017257868,2321.0,220.0,0.021154809071393985,0.0,3.0,2.0,2.0,9.0
3011.0,add,0.03745484811310044,2322.0,192.0,0.03049747226627532,0.0,4.0,5.0,6.0,7.0
3012.0,add,0.007463690852096852,2323.0,273.0,0.007763870254113197,0.0,5.0,3.0,9.0,7.0
3013.0,delete,0.00877959370656077,2323.0,273.0,0.007763870254113197,0.0,5.0,3.0,9.0,6.0
3014.0,swap,0.02514326877884071,2323.0,273.0,0.007763870254113197,0.0,5.0,4.0,8.0,7.0
3015.0,delete,0.014287468834274359,2324.0,157.0,0.026623224448728697,0.0,8.0,7.0,6.0,4.0
3016.0,delete,0.007015322197163218,2325.0,256.0,0.010472768310733417,0.0,5.0,3.0,6.0,6.0
3017.0,add,0.008138614767894306,2326.0,241.0,0.015527290137490947,0.0,4.0,9.0,7.0,5.0
3018.0,delete,0.010411469800474384,2327.0,64.0,0.02071014512951441,1.0,3.0,3.0,5.0,4.0
3019.0,add,0.006874650645117131,2328.0,115.0,0.023799544185172456,0.0,5.0,3.0,3.0,6.0
3020.0,add,0.007652469314156332,2329.0,272.0,0.012287605897902882,0.0,4.0,3.0,10.0,7.0
3021.0,delete,0.008822400228971697,2330.0,274.0,0.00877959370656077,0.0,5.0,3.0,9.0,6.0
3022.0,add,0.013618659925111182,2330.0,274.0,0.00877959370656077,0.0,5.0,3.0,9.0,7.0
3023.0,delete,0.00692944374464364,2330.0,274.0,0.00877959370656077,0.0,5.0,2.0,9.0,6.0
3024.0,swap,0.00995204539109954,2330.0,274.0,0.00877959370656077,0.0,4.0,3.0,10.0,6.0
3025.0,add,0.34680871468801944,2331.0,5.0,0.03205067428312356,4.0,1.0,2.0,1.0,1.0
3026.0,add,0.021499586691902304,2332.0,193.0,0.030231697847545102,0.0,4.0,6.0,6.0,7.0
3027.0,add,0.07728080142483741,2333.0,221.0,0.019990325248926563,0.0,3.0,2.0,3.0,9.0
3028.0,add,0.0206505661176252,2334.0,158.0,0.026667481225346845,0.0,7.0,8.0,6.0,5.0
3029.0,delete,0.013962485891879454,2335.0,257.0,0.010075532516864556,0.0,4.0,4.0,5.0,6.0
3030.0,add,0.007558038088633199,2336.0,266.0,0.009794715463563572,0.0,4.0,3.0,8.0,7.0
3031.0,delete,0.015352720703624603,2337.0,242.0,0.015526568288023604,0.0,5.0,8.0,6.0,5.0
3032.0,delete,0.007474840024214871,2338.0,116.0,0.023873014962915908,0.0,6.0,3.0,1.0,6.0
3033.0,add,0.010391272214307004,2339.0,65.0,0.020746758320204926,1.0,3.0,3.0,6.0,4.0
3034.0,add,0.009132243335092442,2340.0,271.0,0.009648055039423554,0.0,4.0,3.0,10.0,6.0
3035.0,delete,0.00939280349527763,2341.0,273.0,0.009620428599277366,0.0,5.0,3.0,9.0,6.0
3036.0,delete,0.007672280544710411,2342.0,267.0,0.009920730095982147,0.0,4.0,3.0,7.0,7.0
3037.0,add,0.013618659925111182,2343.0,275.0,0.013618659925111182,0.0,5.0,3.0,9.0,7.0
3038.0,add,0.010730044589093282,2343.0,275.0,0.013618659925111182,0.0,5.0,4.0,9.0,7.0
3039.0,delete,0.013618659925111206,2343.0,275.0,0.013618659925111182,0.0,5.0,3.0,8.0,7.0
3040.0,swap,0.007275372748654797,2343.0,275.0,0.013618659925111182,0.0,6.0,3.0,9.0,6.0
3041.0,add,0.44426163020360676,2344.0,6.0,0.029897750393729976,4.0,2.0,1.0,2.0,1.0
3042.0,delete,0.01106822865416157,2345.0,159.0,0.026578470935923307,0.0,6.0,7.0,6.0,6.0
3043.0,add,0.037776646379928176,2346.0,194.0,0.029824659985177242,0.0,5.0,5.0,7.0,7.0
3044.0,add,0.055343609682777274,2347.0,222.0,0.018982070774662456,0.0,3.0,3.0,3.0,9.0
3045.0,delete,0.009689092822764122,2348.0,258.0,0.00998302615908281,0.0,3.0,4.0,6.0,5.0
3046.0,add,0.009567282764801182,2349.0,243.0,0.015369309322431189,0.0,5.0,9.0,5.0,6.0
3047.0,delete,0.013039833472225745,2350.0,66.0,0.020772144700101376,1.0,2.0,3.0,5.0,5.0
3048.0,add,0.04092901107924384,2351.0,117.0,0.02389787281098653,0.0,6.0,3.0,2.0,6.0
3049.0,add,0.012891731607015495,2352.0,272.0,0.010768641634203003,0.0,4.0,3.0,9.0,8.0
3050.0,add,0.007763870254113197,2353.0,274.0,0.011772279422616331,0.0,5.0,3.0,9.0,7.0
3051.0,add,0.01590315302595823,2354.0,268.0,0.009868961952257895,0.0,4.0,3.0,8.0,7.0
3052.0,delete,0.008064361292355845,2355.0,273.0,0.01004559581215892,0.0,5.0,3.0,8.0,7.0
3053.0,add,0.010730044589093282,2356.0,276.0,0.010730044589093282,0.0,5.0,4.0,9.0,7.0
3054.0,add,0.01256330119410386,2356.0,276.0,0.010730044589093282,0.0,5.0,4.0,9.0,8.0
3055.0,delete,0.006944827978481964,2356.0,276.0,0.010730044589093282,0.0,5.0,3.0,9.0,7.0
3056.0,swap,0.00850780656526436,2356.0,276.0,0.010730044589093282,0.0,5.0,5.0,9.0,6.0
3057.0,add,0.44149595263671026,2357.0,7.0,0.027965379606668603,4.0,1.0,1.0,3.0,2.0
3058.0,delete,0.024381414326000855,2358.0,160.0,0.02654830908002089,0.0,6.0,7.0,5.0,6.0
3059.0,add,0.009613266098506693,2359.0,195.0,0.029637305866118166,0.0,5.0,7.0,6.0,7.0
3060.0,add,0.07796478445139654,2360.0,223.0,0.017965517903327722,0.0,3.0,4.0,4.0,8.0
3061.0,delete,0.009772494971011108,2361.0,67.0,0.02081084952543516,1.0,2.0,3.0,5.0,4.0
3062.0,delete,0.022400916051737142,2362.0,118.0,0.02388062043565872,0.0,5.0,3.0,2.0,6.0
3063.0,delete,0.0260367993170973,2363.0,244.0,0.015264283049874493,0.0,5.0,8.0,5.0,6.0
3064.0,add,0.007560872496075679,2364.0,259.0,0.010040633226917426,0.0,5.0,3.0,6.0,5.0
3065.0,delete,0.01026450350904554,2365.0,269.0,0.009797953737501086,0.0,4.0,3.0,7.0,7.0
3066.0,add,0.01357386515762165,2366.0,275.0,0.009895204983207348,0.0,5.0,3.0,9.0,8.0
3067.0,add,0.009285298648001213,2367.0,274.0,0.010813192077432724,0.0,5.0,3.0,9.0,7.0
3068.0,delete,0.02805751789917868,2368.0,224.0,0.017073015588722273,0.0,3.0,5.0,3.0,7.0
3069.0,add,0.3846970242670754,2369.0,8.0,0.026356845761104947,4.0,1.0,2.0,2.0,3.0
3070.0,delete,0.0227329331113004,2370.0,161.0,0.026583980534175808,0.0,7.0,6.0,4.0,6.0
3071.0,delete,0.039126201076892936,2371.0,196.0,0.02984027853762859,0.0,5.0,5.0,6.0,8.0
3072.0,add,0.0125361285663635,2372.0,277.0,0.01256330119410386,0.0,5.0,4.0,9.0,8.0
3073.0,add,0.010730044589093282,2372.0,277.0,0.01256330119410386,0.0,5.0,4.0,9.0,9.0
3074.0,delete,0.011826566985249917,2372.0,277.0,0.01256330119410386,0.0,4.0,4.0,9.0,8.0
3075.0,swap,0.01155924947418475,2372.0,277.0,0.01256330119410386,0.0,6.0,4.0,8.0,8.0
3076.0,add,0.007329843501091571,2373.0,68.0,0.020845272851169994,1.0,2.0,3.0,5.0,5.0
3077.0,add,0.023168758638393773,2374.0,119.0,0.02383714830453667,0.0,7.0,3.0,1.0,6.0
3078.0,delete,0.013688406860271113,2375.0,245.0,0.014906468261155228,0.0,5.0,7.0,5.0,6.0
3079.0,add,0.013078872824087437,2376.0,260.0,0.010015149039753255,0.0,4.0,3.0,7.0,6.0
3080.0,add,0.008447122580823013,2377.0,270.0,0.009878931783183482,0.0,4.0,3.0,9.0,6.0
3081.0,add,0.011089171439332501,2378.0,276.0,0.011843058161799062,0.0,5.0,4.0,9.0,8.0
3082.0,add,0.014118163908979114,2379.0,275.0,0.010981004647989304,0.0,6.0,3.0,9.0,7.0
3083.0,add,0.1705901114805215,2380.0,225.0,0.016868310843383208,0.0,3.0,6.0,3.0,7.0
3084.0,add,0.06464518148426988,2381.0,9.0,0.024793666219133148,4.0,1.0,2.0,2.0,4.0
3085.0,add,0.007589582909147549,2382.0,162.0,0.026725044612058154,0.0,6.0,6.0,5.0,7.0
3086.0,add,0.009400025414699358,2383.0,197.0,0.03005319266820751,0.0,5.0,6.0,6.0,8.0
3087.0,add,0.010730044589093282,2384.0,278.0,0.010730044589093282,0.0,5.0,4.0,9.0,9.0
3088.0,delete,0.012360361093429946,2384.0,278.0,0.010730044589093282,0.0,4.0,4.0,9.0,9.0
3089.0,swap,0.01256330119410385,2384.0,278.0,0.010730044589093282,0.0,6.0,4.0,9.0,8.0
3090.0,delete,0.011400814243951516,2385.0,246.0,0.01483985076061357,0.0,4.0,7.0,5.0,6.0
3091.0,add,0.013856399741030579,2386.0,69.0,0.020927679861723773,1.0,2.0,5.0,5.0,4.0
3092.0,add,0.02152342609794101,2387.0,120.0,0.023838495788220605,0.0,6.0,3.0,2.0,7.0
3093.0,add,0.007212919033112014,2388.0,261.0,0.010159775075251728,0.0,5.0,4.0,7.0,5.0
3094.0,add,0.00873304613833825,2389.0,277.0,0.01159593786643009,0.0,5.0,5.0,9.0,8.0
3095.0,add,0.013618659925111194,2390.0,271.0,0.010395172816268963,0.0,4.0,3.0,9.0,7.0
3096.0,delete,0.012360361093429946,2391.0,279.0,0.012360361093429946,0.0,4.0,4.0,9.0,9.0
3097.0,delete,0.012258947051524185,2391.0,279.0,0.012360361093429946,0.0,4.0,4.0,8.0,9.0
3098.0,swap,0.011711555644571773,2391.0,279.0,0.012360361093429946,0.0,4.0,4.0,10.0,8.0
3099.0,add,0.0631095558854903,2392.0,10.0,0.02457907430699792,4.0,1.0,2.0,4.0,3.0
3100.0,add,0.015431068376565112,2393.0,163.0,0.02672998602324035,0.0,6.0,7.0,5.0,7.0
3101.0,add,0.015719818174690002,2394.0,198.0,0.029975075247893758,0.0,5.0,6.0,7.0,8.0
3102.0,add,0.015692324733121706,2395.0,226.0,0.01655073672876713,0.0,3.0,7.0,3.0,7.0
3103.0,delete,0.03431192641845595,2396.0,247.0,0.014415726495777206,0.0,4.0,6.0,5.0,6.0
3104.0,add,0.01376638106620114,2397.0,262.0,0.010142739906730957,0.0,5.0,3.0,7.0,7.0
3105.0,delete,0.008614399779749761,2398.0,70.0,0.020956362793381422,1.0,2.0,4.0,5.0,4.0
3106.0,add,0.015166585243930256,2399.0,276.0,0.011617083004063004,0.0,6.0,4.0,9.0,7.0
3107.0,add,0.05635484511715399,2400.0,121.0,0.023792303435098573,0.0,7.0,4.0,2.0,6.0
3108.0,delete,0.006800023922901345,2401.0,278.0,0.012172806220738963,0.0,5.0,4.0,9.0,8.0
3109.0,delete,0.012258947051524185,2402.0,280.0,0.012258947051524185,0.0,4.0,4.0,8.0,9.0
3110.0,delete,0.012258947051524163,2402.0,280.0,0.012258947051524185,0.0,4.0,4.0,7.0,9.0
3111.0,swap,0.010173696512265282,2402.0,280.0,0.012258947051524185,0.0,5.0,4.0,8.0,8.0
3112.0,delete,0.038036851125776164,2403.0,248.0,0.013591857785808098,0.0,4.0,5.0,5.0,6.0
3113.0,delete,0.007116295018118727,2404.0,164.0,0.026805000398408215,0.0,7.0,6.0,5.0,6.0
3114.0,add,0.06374004892728205,2405.0,11.0,0.02436846509526543,4.0,1.0,2.0,5.0,3.0
3115.0,delete,0.03485845049770287,2406.0,199.0,0.029910542663689692,0.0,4.0,6.0,7.0,8.0
3116.0,add,0.03170247234436184,2407.0,227.0,0.016384486510811765,0.0,5.0,6.0,3.0,7.0
3117.0,add,0.013496727214982239,2408.0,272.0,0.010983444675969088,0.0,4.0,4.0,9.0,7.0
3118.0,add,0.010182385400749715,2409.0,277.0,0.011078272994316624,0.0,5.0,4.0,9.0,9.0
3119.0,delete,0.007563072121929725,2410.0,71.0,0.021016238619968635,1.0,2.0,4.0,4.0,4.0
3120.0,add,0.008329441328499332,2411.0,263.0,0.0101858433308689,0.0,6.0,3.0,7.0,7.0
3121.0,delete,0.01264329431136693,2412.0,122.0,0.02379413205926122,0.0,7.0,3.0,2.0,6.0
3122.0,delete,0.02493007029894783,2413.0,279.0,0.011737634416709454,0.0,3.0,4.0,9.0,9.0
3123.0,delete,0.011503915897783207,2414.0,281.0,0.012258947051524163,0.0,4.0,4.0,7.0,9.0
3124.0,delete,0.012258947051524163,2414.0,281.0,0.012258947051524163,0.0,4.0,4.0,6.0,9.0
3125.0,swap,0.008560509112336202,2414.0,281.0,0.012258947051524163,0.0,4.0,5.0,6.0,9.0
3126.0,delete,0.007775810368544914,2415.0,273.0,0.011142488504142707,0.0,5.0,3.0,8.0,7.0
3127.0,delete,0.009210521496923831,2416.0,165.0,0.02685899752923514,0.0,7.0,6.0,4.0,6.0
3128.0,delete,0.024343971522789845,2417.0,200.0,0.02966849418382991,0.0,4.0,6.0,7.0,7.0
3129.0,add,0.0645249872887394,2418.0,12.0,0.024050554202998797,4.0,3.0,2.0,4.0,3.0
3130.0,delete,0.03313102167549118,2419.0,228.0,0.015802676026536677,0.0,4.0,7.0,3.0,6.0
3131.0,add,0.07242624997868831,2420.0,249.0,0.01304281040552374,0.0,4.0,5.0,5.0,7.0
3132.0,delete,0.009123812412350872,2421.0,278.0,0.012286356815146853,0.0,5.0,4.0,9.0,8.0
3133.0,delete,0.007438767843127853,2422.0,72.0,0.021060070408677207,0.0,2.0,4.0,5.0,3.0
3134.0,delete,0.017140028385658253,2423.0,264.0,0.01026008661873596,0.0,6.0,3.0,7.0,6.0
3135.0,delete,0.007667323166480138,2424.0,280.0,0.011145579778291934,0.0,4.0,4.0,8.0,8.0
3136.0,add,0.012975962295038211,2425.0,123.0,0.023841601881924277,0.0,7.0,3.0,3.0,6.0
3137.0,delete,0.012258947051524163,2426.0,282.0,0.012258947051524163,0.0,4.0,4.0,6.0,9.0
3138.0,delete,0.01227538800635419,2426.0,282.0,0.012258947051524163,0.0,4.0,4.0,5.0,9.0
3139.0,swap,0.008968890061554635,2426.0,282.0,0.012258947051524163,0.0,5.0,4.0,6.0,8.0
3140.0,add,0.00877959370656077,2427.0,274.0,0.011379893537730144,0.0,6.0,3.0,9.0,6.0
3141.0,delete,0.01506045320581828,2428.0,166.0,0.02690565321448732,0.0,6.0,7.0,3.0,6.0
3142.0,delete,0.02440125156659329,2429.0,201.0,0.029530291510492662,0.0,4.0,6.0,6.0,7.0
3143.0,delete,0.023635043242756195,2430.0,229.0,0.015048529275066459,0.0,4.0,6.0,3.0,6.0
3144.0,add,0.06405659393837697,2431.0,13.0,0.023691290009535643,4.0,2.0,2.0,5.0,4.0
3145.0,delete,0.02726275155518776,2432.0,250.0,0.012024235680973832,0.0,4.0,5.0,5.0,6.0
3146.0,delete,0.012360361093429946,2433.0,279.0,0.012114544026111862,0.0,4.0,4.0,8.0,9.0
3147.0,delete,0.010959565641796608,2434.0,73.0,0.02109447905856784,0.0,1.0,4.0,5.0,3.0
3148.0,delete,0.013143488408520322,2435.0,265.0,0.0103094688520269,0.0,5.0,3.0,7.0,6.0
3149.0,delete,0.01387033052177668,2436.0,281.0,0.011440543042739287,0.0,4.0,3.0,7.0,9.0
3150.0,delete,0.01227538800635419,2437.0,283.0,0.01227538800635419,0.0,4.0,4.0,5.0,9.0
3151.0,delete,0.00791526592006198,2437.0,283.0,0.01227538800635419,0.0,4.0,4.0,5.0,8.0
3152.0,swap,0.007838835518778718,2437.0,283.0,0.01227538800635419,0.0,4.0,5.0,5.0,8.0
3153.0,add,0.013120955475454806,2438.0,124.0,0.023806973912395085,0.0,6.0,3.0,4.0,7.0
3154.0,add,0.012454218807117608,2439.0,275.0,0.011391676952397553,0.0,5.0,4.0,9.0,7.0
3155.0,delete,0.02358611576668908,2440.0,251.0,0.011584928010994621,0.0,4.0,4.0,4.0,7.0
3156.0,add,0.017057996006598308,2441.0,167.0,0.026920227543252316,0.0,7.0,7.0,4.0,5.0
3157.0,add,0.03281671978490513,2442.0,202.0,0.029334022238858556,0.0,5.0,6.0,5.0,8.0
3158.0,add,0.03313102167549118,2443.0,230.0,0.014599934507899337,0.0,5.0,7.0,3.0,5.0
3159.0,add,0.02348598863238581,2444.0,14.0,0.023508271853972074,4.0,3.0,3.0,5.0,3.0
3160.0,delete,0.015290905731638339,2445.0,280.0,0.010637723947171036,0.0,4.0,4.0,8.0,8.0
3161.0,delete,0.007667323166480124,2446.0,282.0,0.01007621936288727,0.0,4.0,4.0,6.0,8.0
3162.0,add,0.02125690283967401,2447.0,74.0,0.021111885195894645,0.0,0.0,4.0,5.0,5.0
3163.0,add,0.010624167905061523,2448.0,266.0,0.010545341063857974,0.0,4.0,3.0,7.0,8.0
3164.0,delete,0.00799650781919565,2449.0,284.0,0.00791526592006198,0.0,4.0,4.0,5.0,8.0
3165.0,delete,0.012354272397001582,2449.0,284.0,0.00791526592006198,0.0,4.0,4.0,5.0,7.0
3166.0,swap,0.01240055565386571,2449.0,284.0,0.00791526592006198,0.0,5.0,4.0,5.0,7.0
3167.0,delete,0.014034408203455598,2450.0,125.0,0.02381506802970579,0.0,6.0,2.0,4.0,7.0
3168.0,delete,0.007667323166480138,2451.0,281.0,0.010673387597872648,0.0,4.0,4.0,7.0,8.0
3169.0,add,0.008107948415004125,2452.0,276.0,0.011360193238195704,0.0,5.0,5.0,9.0,7.0
3170.0,delete,0.024284117785050074,2453.0,168.0,0.026924846644934258,0.0,5.0,8.0,4.0,5.0
3171.0,add,0.007199706227458619,2454.0,252.0,0.011370920556540359,0.0,4.0,4.0,5.0,7.0
3172.0,add,0.03265870352916506,2455.0,203.0,0.029176722587738062,0.0,5.0,6.0,6.0,8.0
3173.0,add,0.03259290623304969,2456.0,231.0,0.014082711485933803,0.0,4.0,7.0,5.0,5.0
3174.0,add,0.06259102832628159,2457.0,15.0,0.023228427660745326,4.0,4.0,2.0,5.0,4.0
3175.0,delete,0.010099170342427823,2458.0,283.0,0.010166650447531232,0.0,4.0,4.0,5.0,8.0
3176.0,delete,0.020101190679289675,2459.0,267.0,0.010624489271197243,0.0,4.0,3.0,8.0,6.0
3177.0,add,0.01905608605963205,2460.0,75.0,0.021106629406374745,0.0,0.0,5.0,6.0,4.0
3178.0,delete,0.012354272397001582,2461.0,285.0,0.012354272397001582,0.0,4.0,4.0,5.0,7.0
3179.0,add,0.006968475582774542,2461.0,285.0,0.012354272397001582,0.0,4.0,4.0,5.0,8.0
3180.0,delete,0.00896457344214875,2461.0,285.0,0.012354272397001582,0.0,4.0,4.0,5.0,6.0
3181.0,swap,0.012354272397001582,2461.0,285.0,0.012354272397001582,0.0,4.0,4.0,5.0,7.0
3182.0,delete,0.017437755249081956,2462.0,126.0,0.023793047459923028,0.0,6.0,3.0,4.0,5.0
3183.0,delete,0.008062126331813873,2463.0,282.0,0.010112638511495879,0.0,4.0,3.0,6.0,9.0
3184.0,add,0.012693655033245795,2464.0,277.0,0.010951523689221431,0.0,5.0,4.0,10.0,8.0
3185.0,add,0.013636459986479695,2465.0,169.0,0.026899761535700582,0.0,6.0,7.0,4.0,6.0
3186.0,delete,0.006794273601419449,2466.0,204.0,0.02910610188766304,0.0,5.0,6.0,5.0,8.0
3187.0,add,0.011582364800442049,2467.0,253.0,0.011327020579376885,0.0,5.0,4.0,6.0,6.0
3188.0,add,0.013227982462473033,2468.0,232.0,0.01381892112254606,0.0,4.0,8.0,4.0,6.0
3189.0,add,0.061473296383165475,2469.0,16.0,0.022927041048620683,4.0,4.0,3.0,6.0,3.0
3190.0,delete,0.011186583799417662,2470.0,284.0,0.010599173243185609,0.0,4.0,3.0,5.0,8.0
3191.0,delete,0.017327690459381772,2471.0,76.0,0.021065309081559628,0.0,1.0,4.0,5.0,4.0
3192.0,add,0.02750909367341264,2472.0,268.0,0.010595022425945757,0.0,4.0,4.0,8.0,6.0
3193.0,add,0.007532496595158534,2473.0,286.0,0.006968475582774542,0.0,4.0,4.0,5.0,8.0
3194.0,add,0.006968475582774536,2473.0,286.0,0.006968475582774542,0.0,5.0,4.0,5.0,8.0
3195.0,delete,0.00827577460718889,2473.0,286.0,0.006968475582774542,0.0,4.0,4.0,5.0,7.0
3196.0,swap,0.01104006355620621,2473.0,286.0,0.006968475582774542,0.0,4.0,5.0,5.0,7.0
3197.0,add,0.016720303867756296,2474.0,127.0,0.02373546117953416,0.0,6.0,2.0,4.0,7.0
3198.0,delete,0.012765550317999627,2475.0,278.0,0.010748051182282134,0.0,5.0,4.0,9.0,8.0
3199.0,delete,0.011565648695407965,2476.0,205.0,0.029091781986451907,0.0,5.0,5.0,5.0,8.0
3200.0,add,0.015741541138641957,2477.0,170.0,0.026856495238411646,0.0,7.0,7.0,4.0,6.0
3201.0,delete,0.008072134930174746,2478.0,254.0,0.011340495024265245,0.0,5.0,3.0,5.0,7.0
3202.0,delete,0.025682150525045588,2479.0,283.0,0.009743625720873216,0.0,3.0,4.0,5.0,9.0
3203.0,add,0.00973066596482982,2480.0,233.0,0.01386530825031388,0.0,5.0,8.0,4.0,6.0
3204.0,add,0.06396626529751853,2481.0,17.0,0.022692575578809517,4.0,5.0,3.0,6.0,3.0
3205.0,delete,0.014291668058926555,2482.0,269.0,0.010661509643235955,0.0,3.0,3.0,8.0,7.0
3206.0,add,0.006825069121849331,2483.0,77.0,0.021054554484339023,0.0,1.0,6.0,4.0,4.0
3207.0,add,0.007650019047597612,2484.0,285.0,0.008157057184820541,0.0,4.0,4.0,5.0,8.0
3208.0,delete,0.0076903534544574895,2485.0,284.0,0.009604479945842863,0.0,4.0,4.0,4.0,8.0
3209.0,add,0.017717836813312012,2486.0,128.0,0.023729543893636407,0.0,8.0,2.0,4.0,6.0
3210.0,add,0.006968475582774536,2487.0,287.0,0.006968475582774536,0.0,5.0,4.0,5.0,8.0
3211.0,delete,0.013081479313173583,2487.0,287.0,0.006968475582774536,0.0,5.0,3.0,5.0,8.0
3212.0,swap,0.013325797776585347,2487.0,287.0,0.006968475582774536,0.0,4.0,4.0,6.0,8.0
3213.0,delete,0.07624857713967356,2488.0,206.0,0.02881112602896822,0.0,5.0,5.0,5.0,7.0
3214.0,delete,0.013981998293448244,2489.0,279.0,0.011030403941048835,0.0,4.0,3.0,9.0,9.0
3215.0,add,0.006877125271808823,2490.0,171.0,0.026903928259748407,0.0,6.0,7.0,5.0,7.0
3216.0,add,0.013645592250786372,2491.0,255.0,0.01112343714070106,0.0,5.0,4.0,5.0,7.0
3217.0,add,0.006873771489460993,2492.0,286.0,0.010086057063827,0.0,4.0,4.0,6.0,8.0
3218.0,add,0.012351449272771046,2493.0,234.0,0.01377264058958411,0.0,4.0,8.0,5.0,7.0
3219.0,add,0.06436515760217681,2494.0,18.0,0.022459018488356686,4.0,6.0,3.0,5.0,4.0
3220.0,delete,0.012538015812049181,2495.0,78.0,0.021037861579402208,0.0,1.0,5.0,3.0,5.0
3221.0,add,0.008064361292355845,2496.0,270.0,0.010592434955094302,0.0,4.0,3.0,8.0,7.0
3222.0,delete,0.012815916304322984,2497.0,288.0,0.013081479313173583,0.0,5.0,3.0,5.0,8.0
3223.0,delete,0.01158301048626141,2497.0,288.0,0.013081479313173583,0.0,5.0,2.0,5.0,8.0
3224.0,swap,0.01297162076124165,2497.0,288.0,0.013081479313173583,0.0,4.0,3.0,6.0,8.0
3225.0,delete,0.03345304065083192,2498.0,129.0,0.023716953748077682,0.0,7.0,2.0,5.0,5.0
3226.0,delete,0.0122753880063542,2499.0,280.0,0.010602011658347413,0.0,4.0,4.0,7.0,9.0
3227.0,delete,0.07121402008081626,2500.0,207.0,0.027889683606149563,0.0,4.0,5.0,5.0,7.0
3228.0,add,0.01244399247929211,2501.0,285.0,0.009696567437347757,0.0,4.0,4.0,6.0,7.0
3229.0,delete,0.02061188773385538,2502.0,256.0,0.010824964255481757,0.0,4.0,4.0,6.0,6.0
3230.0,add,0.015865179350842112,2503.0,172.0,0.02693842804879379,0.0,7.0,7.0,6.0,6.0
3231.0,delete,0.006968475582774529,2504.0,287.0,0.012613006716249906,0.0,4.0,4.0,5.0,8.0
3232.0,delete,0.007847350017547437,2505.0,235.0,0.013776753890771088,0.0,5.0,8.0,3.0,7.0
3233.0,delete,0.1241249237671034,2506.0,19.0,0.022220307815397966,4.0,5.0,2.0,5.0,5.0
3234.0,delete,0.01158301048626141,2507.0,289.0,0.01158301048626141,0.0,5.0,2.0,5.0,8.0
3235.0,add,0.012329040614068506,2507.0,289.0,0.01158301048626141,0.0,5.0,2.0,5.0,9.0
3236.0,delete,0.010283038124293976,2507.0,289.0,0.01158301048626141,0.0,5.0,2.0,5.0,7.0
3237.0,swap,0.007426512159955565,2507.0,289.0,0.01158301048626141,0.0,6.0,2.0,5.0,7.0
3238.0,add,0.011638331020450561,2508.0,79.0,0.021054236205360517,0.0,1.0,5.0,5.0,4.0
3239.0,delete,0.01771783681331203,2509.0,130.0,0.023717571037645165,0.0,7.0,2.0,4.0,5.0
3240.0,add,0.007403560087133428,2510.0,271.0,0.010792386283530273,0.0,4.0,3.0,9.0,7.0
3241.0,delete,0.06898441672537763,2511.0,208.0,0.027094641416995986,0.0,5.0,4.0,5.0,6.0
3242.0,delete,0.010153839555541245,2512.0,281.0,0.010480773079060831,0.0,3.0,4.0,7.0,9.0
3243.0,delete,0.013914039141277075,2513.0,257.0,0.010643498444844027,0.0,4.0,4.0,5.0,6.0
3244.0,delete,0.014297770136320607,2514.0,173.0,0.02693461459376336,0.0,5.0,8.0,6.0,6.0
3245.0,add,0.007007450702207329,2515.0,286.0,0.010244509558765309,0.0,4.0,4.0,6.0,8.0
3246.0,delete,0.0126498736904469,2516.0,288.0,0.010640922374168173,0.0,5.0,3.0,4.0,8.0
3247.0,add,0.009597930033778521,2517.0,236.0,0.013807238304972675,0.0,4.0,9.0,4.0,7.0
3248.0,add,0.06199185460581428,2518.0,20.0,0.02195305166191176,4.0,5.0,3.0,5.0,5.0
3249.0,add,0.012329040614068506,2519.0,290.0,0.012329040614068506,0.0,5.0,2.0,5.0,9.0
3250.0,delete,0.014049372397699569,2519.0,290.0,0.012329040614068506,0.0,5.0,2.0,5.0,8.0
3251.0,swap,0.01378536254628849,2519.0,290.0,0.012329040614068506,0.0,6.0,2.0,5.0,8.0
3252.0,add,0.007534456646148594,2520.0,80.0,0.021090169630471875,0.0,1.0,5.0,5.0,5.0
3253.0,delete,0.029229581802143672,2521.0,131.0,0.023677351100476026,0.0,5.0,2.0,5.0,5.0
3254.0,add,0.006760199859749856,2522.0,272.0,0.010975742958273001,0.0,5.0,3.0,9.0,7.0
3255.0,delete,0.07065102793084616,2523.0,209.0,0.026399802192521242,0.0,5.0,4.0,4.0,6.0
3256.0,delete,0.008182434910317008,2524.0,282.0,0.010600689631507105,0.0,4.0,3.0,6.0,9.0
3257.0,delete,0.009892365888570467,2525.0,258.0,0.010607673912141423,0.0,4.0,4.0,5.0,5.0
3258.0,delete,0.007137411057212227,2526.0,174.0,0.026955543985431055,0.0,5.0,8.0,5.0,6.0
3259.0,delete,0.0074715602462764605,2527.0,287.0,0.011681211775450543,0.0,5.0,3.0,5.0,8.0
3260.0,add,0.015178382317855491,2528.0,289.0,0.013123204043031267,0.0,5.0,3.0,5.0,8.0
3261.0,delete,0.006750773217939977,2529.0,237.0,0.013848682485641214,0.0,4.0,8.0,4.0,7.0
3262.0,delete,0.014049372397699569,2530.0,291.0,0.014049372397699569,0.0,5.0,2.0,5.0,8.0
3263.0,delete,0.008224199505573668,2530.0,291.0,0.014049372397699569,0.0,5.0,2.0,5.0,7.0
3264.0,swap,0.019223787828130588,2530.0,291.0,0.014049372397699569,0.0,5.0,1.0,6.0,8.0
3265.0,add,0.06835173988023102,2531.0,21.0,0.021714837110247832,4.0,5.0,4.0,5.0,5.0
3266.0,add,0.024910827442038028,2532.0,81.0,0.021131822329259545,0.0,1.0,7.0,5.0,4.0
3267.0,add,0.027504761299642258,2533.0,132.0,0.023604613120606948,0.0,6.0,2.0,5.0,5.0
3268.0,delete,0.012642597399360099,2534.0,273.0,0.010955723527356152,0.0,5.0,2.0,9.0,7.0
3269.0,delete,0.09645039107592691,2535.0,210.0,0.025706394482873984,0.0,4.0,3.0,4.0,7.0
3270.0,delete,0.010099170342427823,2536.0,283.0,0.011001395663150972,0.0,4.0,4.0,5.0,8.0
3271.0,delete,0.013690396897893599,2537.0,288.0,0.012514923320661817,0.0,4.0,3.0,5.0,8.0
3272.0,delete,0.014494662382461342,2538.0,175.0,0.027035287484170563,0.0,5.0,8.0,6.0,4.0
3273.0,add,0.007846056801649006,2539.0,259.0,0.010717734874233874,0.0,5.0,3.0,6.0,5.0
3274.0,delete,0.012329040614068506,2540.0,290.0,0.013886683032275849,0.0,4.0,2.0,5.0,9.0
3275.0,delete,0.008585677816860619,2541.0,292.0,0.008224199505573668,0.0,5.0,2.0,5.0,7.0
3276.0,delete,0.008863241768323682,2541.0,292.0,0.008224199505573668,0.0,5.0,2.0,4.0,7.0
3277.0,swap,0.010333737332289549,2541.0,292.0,0.008224199505573668,0.0,4.0,2.0,5.0,8.0
3278.0,delete,0.06835173988023112,2542.0,22.0,0.02156172353115101,4.0,4.0,4.0,5.0,5.0
3279.0,add,0.007653008790496489,2543.0,238.0,0.01376601272576906,0.0,5.0,8.0,5.0,6.0
3280.0,add,0.011800446662848655,2544.0,82.0,0.021192621345117995,0.0,2.0,6.0,5.0,5.0
3281.0,add,0.029273212786857187,2545.0,133.0,0.02351905854667996,0.0,7.0,2.0,5.0,5.0
3282.0,add,0.007067795375974299,2546.0,274.0,0.011102718964946112,0.0,5.0,3.0,9.0,7.0
3283.0,delete,0.08358995434826334,2547.0,211.0,0.024728899953959008,0.0,4.0,3.0,3.0,7.0
3284.0,delete,0.010012739935222632,2548.0,284.0,0.010744106767371956,0.0,4.0,4.0,5.0,7.0
3285.0,add,0.018016849135548484,2549.0,289.0,0.012440021312743894,0.0,5.0,2.0,5.0,9.0
3286.0,delete,0.024665991927432847,2550.0,176.0,0.027105331566959746,0.0,4.0,7.0,6.0,5.0
3287.0,delete,0.014176597298701807,2551.0,291.0,0.00900171410576188,0.0,5.0,2.0,4.0,8.0
3288.0,add,0.008098904235219697,2552.0,260.0,0.010714806417220394,0.0,5.0,3.0,7.0,5.0
3289.0,delete,0.008863241768323682,2553.0,293.0,0.008863241768323682,0.0,5.0,2.0,4.0,7.0
3290.0,add,0.008502403154242895,2553.0,293.0,0.008863241768323682,0.0,5.0,2.0,5.0,7.0
3291.0,delete,0.008702484173555755,2553.0,293.0,0.008863241768323682,0.0,5.0,2.0,4.0,6.0
3292.0,swap,0.014649910593153084,2553.0,293.0,0.008863241768323682,0.0,5.0,2.0,3.0,8.0
3293.0,delete,0.01918886002076352,2554.0,23.0,0.021349155311615912,3.0,5.0,4.0,5.0,4.0
3294.0,add,0.01579002044556399,2555.0,239.0,0.013791802317753612,0.0,4.0,8.0,6.0,7.0
3295.0,add,0.008244753558404162,2556.0,83.0,0.021258667256447747,0.0,3.0,7.0,5.0,4.0
3296.0,add,0.03232046108686367,2557.0,134.0,0.023445332218126756,0.0,9.0,2.0,5.0,4.0
3297.0,add,0.010144977074942213,2558.0,275.0,0.011189749168111982,0.0,5.0,4.0,9.0,7.0
3298.0,add,0.11865113758853138,2559.0,212.0,0.023599563450375522,0.0,4.0,3.0,3.0,8.0
3299.0,add,0.009894646283815985,2560.0,285.0,0.010944285723284378,0.0,4.0,5.0,5.0,7.0
3300.0,delete,0.019610786647265854,2561.0,177.0,0.02717957708478412,0.0,4.0,7.0,6.0,4.0
3301.0,delete,0.018922664633157806,2562.0,290.0,0.011581005126817154,0.0,5.0,2.0,5.0,8.0
3302.0,delete,0.008484900913524905,2563.0,292.0,0.009916256291519819,0.0,5.0,2.0,5.0,6.0
3303.0,add,0.007759360142173657,2564.0,261.0,0.010765293097673455,0.0,5.0,4.0,7.0,5.0
3304.0,add,0.008502403154242895,2565.0,294.0,0.008502403154242895,0.0,5.0,2.0,5.0,7.0
3305.0,delete,0.008426563296354469,2565.0,294.0,0.008502403154242895,0.0,5.0,2.0,5.0,6.0
3306.0,swap,0.00821273804664207,2565.0,294.0,0.008502403154242895,0.0,5.0,3.0,5.0,6.0
3307.0,add,0.0689167754976257,2566.0,24.0,0.021111360842121896,4.0,6.0,4.0,4.0,4.0
3308.0,delete,0.007699995926135933,2567.0,240.0,0.013831904270073156,0.0,4.0,9.0,5.0,6.0
3309.0,add,0.009174925624337502,2568.0,276.0,0.011156167735760988,0.0,5.0,4.0,9.0,8.0
3310.0,add,0.00693617693087857,2569.0,84.0,0.02133189594549843,0.0,3.0,7.0,5.0,5.0
3311.0,add,0.01538410759924743,2570.0,135.0,0.023385750111236656,0.0,9.0,2.0,5.0,5.0
3312.0,delete,0.08862382101203674,2571.0,213.0,0.022735126058490315,0.0,3.0,3.0,3.0,8.0
3313.0,add,0.006968475582774542,2572.0,286.0,0.01118999684889947,0.0,5.0,4.0,5.0,8.0
3314.0,delete,0.021510867319545678,2573.0,178.0,0.027165716366721597,0.0,4.0,7.0,5.0,4.0
3315.0,delete,0.007170977030518662,2574.0,291.0,0.009579084524753007,0.0,5.0,2.0,5.0,7.0
3316.0,add,0.006929554970889428,2575.0,293.0,0.008411026912870581,0.0,5.0,2.0,4.0,8.0
3317.0,delete,0.008426563296354469,2576.0,295.0,0.008426563296354469,0.0,5.0,2.0,5.0,6.0
3318.0,add,0.019426439696882375,2576.0,295.0,0.008426563296354469,0.0,5.0,3.0,5.0,6.0
3319.0,delete,0.009095268810609672,2576.0,295.0,0.008426563296354469,0.0,5.0,2.0,4.0,6.0
3320.0,swap,0.008128574056627818,2576.0,295.0,0.008426563296354469,0.0,5.0,2.0,6.0,5.0
3321.0,delete,0.06891677549762582,2577.0,25.0,0.02088744093783646,4.0,5.0,4.0,4.0,4.0
3322.0,add,0.007874346699388734,2578.0,241.0,0.013861946693531642,0.0,4.0,10.0,6.0,5.0
3323.0,add,0.007262365927868995,2579.0,262.0,0.010674113273007574,0.0,5.0,4.0,7.0,6.0
3324.0,add,0.01256330119410386,2580.0,277.0,0.010992411874255974,0.0,6.0,4.0,9.0,8.0
3325.0,add,0.00675389794727848,2581.0,85.0,0.0213752365199327,0.0,4.0,6.0,6.0,5.0
3326.0,add,0.029279440136070454,2582.0,136.0,0.023264537234685436,0.0,9.0,2.0,6.0,5.0
3327.0,add,0.09248542303283737,2583.0,214.0,0.021913769486545342,0.0,4.0,2.0,3.0,9.0
3328.0,delete,0.013337867574130031,2584.0,179.0,0.02718472043218071,0.0,4.0,6.0,5.0,4.0
3329.0,delete,0.00864975286373977,2585.0,287.0,0.011361082095878976,0.0,5.0,4.0,5.0,7.0
3330.0,delete,0.007446341675110487,2586.0,292.0,0.009658163407123372,0.0,5.0,1.0,5.0,7.0
3331.0,delete,0.012110323131041547,2587.0,294.0,0.010700681831365761,0.0,4.0,2.0,5.0,7.0
3332.0,add,0.01983773291711247,2588.0,296.0,0.019426439696882375,0.0,5.0,3.0,5.0,6.0
3333.0,add,0.01412616321806438,2588.0,296.0,0.019426439696882375,0.0,5.0,3.0,5.0,7.0
3334.0,delete,0.012062665243034532,2588.0,296.0,0.019426439696882375,0.0,4.0,3.0,5.0,6.0
3335.0,swap,0.01741634789342481,2588.0,296.0,0.019426439696882375,0.0,6.0,3.0,4.0,6.0
3336.0,delete,0.0700418147588651,2589.0,26.0,0.020619063946398765,4.0,5.0,3.0,4.0,4.0
3337.0,delete,0.009151952829875807,2590.0,242.0,0.013914666729560932,0.0,5.0,8.0,6.0,5.0
3338.0,add,0.010754701545831571,2591.0,263.0,0.010740958821088793,0.0,5.0,4.0,7.0,7.0
3339.0,delete,0.0188132012159055,2592.0,137.0,0.023225341313361233,0.0,9.0,2.0,6.0,4.0
3340.0,add,0.00675435153707044,2593.0,86.0,0.021448072152247064,0.0,6.0,6.0,5.0,5.0
3341.0,delete,0.05729260930366975,2594.0,215.0,0.021401276680690532,0.0,4.0,2.0,3.0,8.0
3342.0,delete,0.019504248305477864,2595.0,180.0,0.027209954700147868,0.0,3.0,6.0,5.0,4.0
3343.0,delete,0.01063324682096668,2596.0,278.0,0.011138280205543813,0.0,5.0,4.0,8.0,9.0
3344.0,delete,0.01313011575738548,2597.0,288.0,0.011808141602564829,0.0,5.0,3.0,4.0,8.0
3345.0,add,0.008702484173555748,2598.0,293.0,0.011514552920394558,0.0,5.0,2.0,4.0,8.0
3346.0,add,0.007024778521884721,2599.0,295.0,0.016573869793703712,0.0,6.0,2.0,5.0,6.0
3347.0,delete,0.008329441328499332,2600.0,264.0,0.010726023356740716,0.0,5.0,3.0,7.0,7.0
3348.0,delete,0.029430196089738084,2601.0,27.0,0.020284929978483437,2.0,5.0,3.0,5.0,4.0
3349.0,delete,0.008426563296354469,2602.0,294.0,0.012371038189217387,0.0,5.0,2.0,5.0,6.0
3350.0,add,0.0073380560687824935,2603.0,243.0,0.01382483306080109,0.0,5.0,9.0,6.0,5.0
3351.0,add,0.013802801712445202,2604.0,297.0,0.01412616321806438,0.0,5.0,3.0,5.0,7.0
3352.0,delete,0.014406854413240359,2604.0,297.0,0.01412616321806438,0.0,4.0,3.0,5.0,7.0
3353.0,swap,0.011918480199523343,2604.0,297.0,0.01412616321806438,0.0,6.0,3.0,4.0,7.0
3354.0,delete,0.013289169647279782,2605.0,87.0,0.02148392256976659,0.0,5.0,6.0,5.0,5.0
3355.0,delete,0.032430552220624166,2606.0,138.0,0.023226258590491402,0.0,8.0,2.0,6.0,4.0
3356.0,delete,0.01477149303297951,2607.0,181.0,0.02714923345511449,0.0,3.0,6.0,4.0,4.0
3357.0,add,0.05590447282249826,2608.0,216.0,0.020719210240460792,0.0,4.0,2.0,3.0,9.0
3358.0,delete,0.010308078356709273,2609.0,279.0,0.011149358411160753,0.0,4.0,4.0,9.0,8.0
3359.0,add,0.011839553561057701,2610.0,289.0,0.011736583565293881,0.0,6.0,2.0,5.0,8.0
3360.0,add,0.007272485720991736,2611.0,296.0,0.013563574885818322,0.0,5.0,3.0,5.0,7.0
3361.0,delete,0.01209847494103611,2612.0,265.0,0.010742664822088549,0.0,5.0,3.0,7.0,6.0
3362.0,delete,0.011654679381744264,2613.0,298.0,0.014406854413240359,0.0,4.0,3.0,5.0,7.0
3363.0,delete,0.010736437472450476,2613.0,298.0,0.014406854413240359,0.0,4.0,3.0,5.0,6.0
3364.0,swap,0.021790894452130005,2613.0,298.0,0.014406854413240359,0.0,4.0,3.0,6.0,6.0
3365.0,add,0.02029010456399722,2614.0,28.0,0.019853187223890376,2.0,5.0,3.0,6.0,4.0
3366.0,delete,0.03578500011406664,2615.0,244.0,0.013819849150779013,0.0,5.0,8.0,5.0,6.0
3367.0,delete,0.008880359945748206,2616.0,139.0,0.02327327262071966,0.0,7.0,3.0,6.0,3.0
3368.0,delete,0.011698810072177475,2617.0,280.0,0.011037507815999544,0.0,4.0,4.0,7.0,9.0
3369.0,add,0.050834878070439675,2618.0,88.0,0.021465805482328067,0.0,5.0,5.0,6.0,6.0
3370.0,delete,0.0640830508989132,2619.0,217.0,0.020165033296089017,0.0,4.0,2.0,2.0,9.0
3371.0,add,0.011735208169443229,2620.0,182.0,0.027253903422469136,0.0,3.0,5.0,5.0,5.0
3372.0,delete,0.012194435775629203,2621.0,290.0,0.011525393699413402,0.0,5.0,2.0,4.0,9.0
3373.0,add,0.008259954954423259,2622.0,295.0,0.013959750834071437,0.0,5.0,2.0,6.0,6.0
3374.0,delete,0.014181598141704742,2623.0,297.0,0.014647216429891276,0.0,5.0,3.0,4.0,7.0
3375.0,delete,0.010736437472450476,2624.0,299.0,0.010736437472450476,0.0,4.0,3.0,5.0,6.0
3376.0,delete,0.009264428311606957,2624.0,299.0,0.010736437472450476,0.0,3.0,3.0,5.0,6.0
3377.0,swap,0.011981461332796468,2624.0,299.0,0.010736437472450476,0.0,5.0,3.0,5.0,5.0
3378.0,delete,0.019205072046478974,2625.0,29.0,0.019800061684195687,2.0,5.0,3.0,4.0,5.0
3379.0,delete,0.013777695230665576,2626.0,245.0,0.013608529189244366,0.0,5.0,8.0,4.0,6.0
3380.0,add,0.007503806625931425,2627.0,266.0,0.01090292879083382,0.0,5.0,3.0,7.0,7.0
3381.0,delete,0.015290905731638353,2628.0,281.0,0.011028394486120856,0.0,4.0,4.0,7.0,8.0
3382.0,add,0.01044380471691406,2629.0,140.0,0.023292550940862942,0.0,8.0,3.0,5.0,4.0
3383.0,delete,0.04466381046100957,2630.0,89.0,0.021316366833870986,0.0,4.0,5.0,5.0,7.0
3384.0,delete,0.06455157784265975,2631.0,218.0,0.01954897100773848,0.0,4.0,2.0,2.0,8.0
3385.0,delete,0.014388140581115346,2632.0,183.0,0.027252666522824615,0.0,3.0,5.0,5.0,4.0
3386.0,delete,0.009613288833888785,2633.0,291.0,0.010921634757969048,0.0,4.0,2.0,5.0,8.0
3387.0,add,0.015566951374762113,2634.0,296.0,0.012656060152429033,0.0,5.0,4.0,5.0,6.0
3388.0,delete,0.01746981721048741,2635.0,298.0,0.010679691147326094,0.0,4.0,3.0,5.0,6.0
3389.0,delete,0.009967286683803589,2636.0,300.0,0.009264428311606957,0.0,3.0,3.0,5.0,6.0
3390.0,delete,0.007279907272258017,2636.0,300.0,0.009264428311606957,0.0,2.0,3.0,5.0,6.0
3391.0,swap,0.02065949198663692,2636.0,300.0,0.009264428311606957,0.0,3.0,3.0,6.0,5.0
3392.0,add,0.01929610401446434,2637.0,30.0,0.019727858376449078,2.0,5.0,3.0,5.0,5.0
3393.0,delete,0.011161995845402053,2638.0,246.0,0.013590474953488746,0.0,5.0,6.0,5.0,6.0
3394.0,delete,0.0075714901692332795,2639.0,267.0,0.011063441848903465,0.0,3.0,3.0,8.0,7.0
3395.0,delete,0.024964074625472565,2640.0,282.0,0.011177699980814408,0.0,3.0,4.0,6.0,9.0
3396.0,delete,0.011053114971517407,2641.0,141.0,0.023291663780117842,0.0,7.0,3.0,5.0,4.0
3397.0,delete,0.040956537115227176,2642.0,90.0,0.021211818862259958,0.0,4.0,5.0,5.0,6.0
3398.0,delete,0.05620340116514439,2643.0,219.0,0.018990898434696358,0.0,4.0,2.0,2.0,7.0
3399.0,delete,0.027861298289067114,2644.0,184.0,0.027300516256069874,0.0,3.0,5.0,5.0,3.0
3400.0,delete,0.01826114152440314,2645.0,292.0,0.01148294139656914,0.0,5.0,1.0,5.0,7.0
3401.0,delete,0.006863631223578495,2646.0,297.0,0.013344107844275808,0.0,5.0,2.0,5.0,7.0
3402.0,delete,0.0073863188321095724,2647.0,299.0,0.01179277856357637,0.0,4.0,3.0,5.0,5.0
3403.0,delete,0.007279907272258017,2648.0,301.0,0.007279907272258017,0.0,2.0,3.0,5.0,6.0
3404.0,delete,0.02447687697488132,2648.0,301.0,0.007279907272258017,0.0,1.0,3.0,5.0,6.0
3405.0,swap,0.00691607992825962,2648.0,301.0,0.007279907272258017,0.0,2.0,3.0,5.0,6.0
3406.0,delete,0.031244290463185626,2649.0,247.0,0.01338843599338653,0.0,4.0,7.0,4.0,6.0
3407.0,add,0.015598509143365509,2650.0,31.0,0.01971834270734661,2.0,5.0,5.0,5.0,4.0
3408.0,add,0.013186364715922343,2651.0,268.0,0.011117026520305884,0.0,4.0,3.0,9.0,6.0
3409.0,delete,0.00806212633181388,2652.0,283.0,0.011322189881934718,0.0,4.0,3.0,5.0,9.0
3410.0,delete,0.023406994214625026,2653.0,142.0,0.02327037889114888,0.0,6.0,4.0,5.0,3.0
3411.0,delete,0.014041869456981035,2654.0,91.0,0.0211369167459798,0.0,4.0,4.0,5.0,6.0
3412.0,add,0.008920224995179409,2655.0,293.0,0.011672573056457974,0.0,5.0,3.0,4.0,7.0
3413.0,add,0.06892519752286032,2656.0,220.0,0.018272467827192045,0.0,3.0,2.0,3.0,8.0
3414.0,add,0.01454706509566519,2657.0,185.0,0.027337038612510696,0.0,2.0,5.0,6.0,4.0
3415.0,delete,0.01746981721048741,2658.0,298.0,0.012012870895833238,0.0,4.0,3.0,5.0,6.0
3416.0,delete,0.01669849154941368,2659.0,300.0,0.011488192861914244,0.0,3.0,2.0,5.0,6.0
3417.0,delete,0.02447687697488132,2660.0,302.0,0.02447687697488132,0.0,1.0,3.0,5.0,6.0
3418.0,delete,0.02447687697488132,2660.0,302.0,0.02447687697488132,0.0,1.0,3.0,5.0,5.0
3419.0,swap,0.007787275702697943,2660.0,302.0,0.02447687697488132,0.0,1.0,2.0,5.0,7.0
3420.0,delete,0.03384669825435633,2661.0,248.0,0.012945841873486292,0.0,4.0,6.0,4.0,6.0
3421.0,delete,0.01099321307715976,2662.0,32.0,0.01975124669501801,2.0,5.0,5.0,4.0,4.0
3422.0,delete,0.013859422956645578,2663.0,269.0,0.011186327827492713,0.0,4.0,3.0,8.0,6.0
3423.0,delete,0.008627497099975626,2664.0,284.0,0.01157109029751255,0.0,4.0,4.0,5.0,7.0
3424.0,delete,0.008381608205025148,2665.0,294.0,0.012956156515760249,0.0,5.0,2.0,4.0,7.0
3425.0,delete,0.041037312560932175,2666.0,92.0,0.021172691760435288,0.0,3.0,4.0,5.0,6.0
3426.0,add,0.008039367534613684,2667.0,143.0,0.02328769891590502,0.0,5.0,4.0,5.0,5.0
3427.0,delete,0.007247494622392888,2668.0,299.0,0.013889151538640688,0.0,4.0,2.0,5.0,6.0
3428.0,add,0.07778148758142579,2669.0,221.0,0.017547457373520304,0.0,4.0,2.0,3.0,8.0
3429.0,add,0.010005090520307309,2670.0,186.0,0.027417216396978906,0.0,3.0,5.0,5.0,5.0
3430.0,delete,0.007179496572286871,2671.0,301.0,0.020304476656835473,0.0,2.0,3.0,4.0,6.0
3431.0,delete,0.02447687697488132,2672.0,303.0,0.02447687697488132,0.0,1.0,3.0,5.0,5.0
3432.0,add,0.022231381842450607,2672.0,303.0,0.02447687697488132,0.0,1.0,3.0,5.0,6.0
3433.0,delete,0.041179837698259676,2672.0,303.0,0.02447687697488132,0.0,0.0,3.0,5.0,5.0
3434.0,swap,0.02447687697488133,2672.0,303.0,0.02447687697488132,0.0,1.0,3.0,4.0,6.0
3435.0,delete,0.054615082226363104,2673.0,33.0,0.01975979387722835,1.0,4.0,5.0,5.0,4.0
3436.0,add,0.030497607401093012,2674.0,249.0,0.012704952776447719,0.0,4.0,6.0,5.0,6.0
3437.0,add,0.007826609554228647,2675.0,270.0,0.011432336612531228,0.0,4.0,4.0,8.0,6.0
3438.0,add,0.012354272397001582,2676.0,285.0,0.012156104909822519,0.0,5.0,4.0,5.0,7.0
3439.0,add,0.008197419080733494,2677.0,295.0,0.014806877254165641,0.0,5.0,2.0,6.0,6.0
3440.0,add,0.018115426081429308,2678.0,93.0,0.021200112956626656,0.0,3.0,4.0,5.0,7.0
3441.0,add,0.01131559401579121,2679.0,144.0,0.023366345695382658,0.0,7.0,4.0,5.0,4.0
3442.0,delete,0.007564652679210441,2680.0,300.0,0.01837975097786854,0.0,2.0,3.0,5.0,6.0
3443.0,add,0.05516192975049823,2681.0,222.0,0.01697229866487131,0.0,3.0,3.0,4.0,8.0
3444.0,add,0.01463449851488622,2682.0,187.0,0.027411552173010358,0.0,3.0,7.0,5.0,4.0
3445.0,delete,0.041179837698259676,2683.0,302.0,0.02736837009307085,0.0,0.0,3.0,5.0,6.0
3446.0,add,0.022231381842450607,2684.0,304.0,0.022231381842450607,0.0,1.0,3.0,5.0,6.0
3447.0,add,0.011903267222827483,2684.0,304.0,0.022231381842450607,0.0,1.0,3.0,5.0,7.0
3448.0,delete,0.02447687697488132,2684.0,304.0,0.022231381842450607,0.0,1.0,3.0,5.0,5.0
3449.0,swap,0.022818788785781433,2684.0,304.0,0.022231381842450607,0.0,1.0,3.0,6.0,5.0
3450.0,delete,0.012779886327063493,2685.0,34.0,0.019721376280350162,1.0,4.0,4.0,5.0,4.0
3451.0,delete,0.056416838050491906,2686.0,250.0,0.012146048800842841,0.0,4.0,5.0,4.0,7.0
3452.0,add,0.014686236338038155,2687.0,271.0,0.011826542774089482,0.0,4.0,4.0,9.0,6.0
3453.0,add,0.007447139876600534,2688.0,286.0,0.012880053998483782,0.0,4.0,4.0,5.0,9.0
3454.0,delete,0.01131559401579121,2689.0,145.0,0.023458493523685436,0.0,7.0,4.0,4.0,4.0
3455.0,add,0.01789489059963362,2690.0,94.0,0.021235554057460866,0.0,5.0,4.0,4.0,7.0
3456.0,add,0.011807718164995176,2691.0,296.0,0.015990130740746383,0.0,5.0,3.0,5.0,7.0
3457.0,delete,0.011642434336908787,2692.0,301.0,0.023098037801021588,0.0,2.0,3.0,5.0,5.0
3458.0,add,0.07822156728737324,2693.0,223.0,0.01648990684027559,0.0,3.0,4.0,4.0,8.0
3459.0,add,0.03256729983456051,2694.0,188.0,0.027262107610688174,0.0,4.0,6.0,5.0,5.0
3460.0,add,0.023144689510065396,2695.0,303.0,0.02073233933367829,0.0,2.0,3.0,5.0,5.0
3461.0,delete,0.02447687697488132,2696.0,302.0,0.025690608409056372,0.0,1.0,3.0,5.0,5.0
3462.0,delete,0.023261316412984352,2697.0,251.0,0.011933236362156829,0.0,4.0,4.0,4.0,7.0
3463.0,delete,0.012883070396424934,2698.0,35.0,0.019783273201592608,2.0,3.0,3.0,5.0,4.0
3464.0,add,0.011903267222827483,2699.0,305.0,0.011903267222827483,0.0,1.0,3.0,5.0,7.0
3465.0,delete,0.011903267222827493,2699.0,305.0,0.011903267222827483,0.0,1.0,3.0,4.0,7.0
3466.0,swap,0.021843138428736215,2699.0,305.0,0.011903267222827483,0.0,1.0,2.0,6.0,7.0
3467.0,add,0.007323287127459862,2700.0,272.0,0.012082667146341439,0.0,4.0,3.0,9.0,8.0
3468.0,delete,0.007460994103796036,2701.0,146.0,0.023536624089039913,0.0,7.0,4.0,5.0,2.0
3469.0,delete,0.007216106336526814,2702.0,95.0,0.02128583243356359,0.0,3.0,4.0,4.0,8.0
3470.0,delete,0.008961780198815246,2703.0,287.0,0.01341590872104321,0.0,5.0,3.0,5.0,8.0
3471.0,delete,0.010523668676042614,2704.0,297.0,0.016646047258989223,0.0,5.0,3.0,5.0,6.0
3472.0,delete,0.016322626567437586,2705.0,224.0,0.015871954336235217,0.0,3.0,5.0,3.0,7.0
3473.0,add,0.022281723700162136,2706.0,304.0,0.014388235024304669,0.0,1.0,3.0,6.0,6.0
3474.0,add,0.048011077198770145,2707.0,189.0,0.02695658799421382,0.0,4.0,7.0,5.0,5.0
3475.0,delete,0.01182728954285494,2708.0,306.0,0.011903267222827493,0.0,1.0,3.0,4.0,7.0
3476.0,delete,0.01189406871368321,2708.0,306.0,0.011903267222827493,0.0,1.0,3.0,3.0,7.0
3477.0,swap,0.01440446137715397,2708.0,306.0,0.011903267222827493,0.0,0.0,4.0,4.0,7.0
3478.0,add,0.030950259671582384,2709.0,36.0,0.019802310059758316,2.0,3.0,4.0,4.0,5.0
3479.0,add,0.011582364800442049,2710.0,252.0,0.011855672911836472,0.0,4.0,4.0,6.0,6.0
3480.0,delete,0.0077638702541132035,2711.0,273.0,0.012133151732669007,0.0,5.0,3.0,8.0,7.0
3481.0,delete,0.011107033563132716,2712.0,288.0,0.013633271008998657,0.0,5.0,3.0,5.0,7.0
3482.0,delete,0.016293289266868904,2713.0,147.0,0.02356013613487934,0.0,7.0,3.0,4.0,3.0
3483.0,delete,0.0072643243139533615,2714.0,96.0,0.0213243392196147,0.0,4.0,4.0,3.0,7.0
3484.0,delete,0.007401155933993861,2715.0,298.0,0.016855173745667314,0.0,4.0,3.0,5.0,6.0
3485.0,add,0.011096091127182841,2716.0,303.0,0.017912584798977102,0.0,1.0,3.0,5.0,6.0
3486.0,delete,0.011903267222827493,2717.0,305.0,0.012507271714129903,0.0,1.0,3.0,5.0,6.0
3487.0,add,0.029735800993735618,2718.0,225.0,0.015728394391318526,0.0,3.0,5.0,4.0,7.0
3488.0,delete,0.011988291573493634,2719.0,307.0,0.01189406871368321,0.0,1.0,3.0,3.0,7.0
3489.0,add,0.01685248707675223,2719.0,307.0,0.01189406871368321,0.0,1.0,4.0,3.0,7.0
3490.0,delete,0.01189406871368321,2719.0,307.0,0.01189406871368321,0.0,1.0,3.0,2.0,7.0
3491.0,swap,0.0304110332889049,2719.0,307.0,0.01189406871368321,0.0,2.0,3.0,2.0,7.0
3492.0,add,0.06465854872137952,2720.0,190.0,0.026603213994057556,0.0,5.0,6.0,5.0,6.0
3493.0,add,0.0312543397285545,2721.0,37.0,0.019832271895736123,2.0,3.0,6.0,4.0,4.0
3494.0,add,0.01133164578703492,2722.0,253.0,0.011886701493582504,0.0,5.0,5.0,5.0,6.0
3495.0,add,0.011533476215265777,2723.0,274.0,0.012321443194693107,0.0,5.0,4.0,9.0,6.0
3496.0,add,0.011660342118518593,2724.0,289.0,0.013839100497681571,0.0,5.0,2.0,6.0,8.0
3497.0,add,0.009841582286201927,2725.0,148.0,0.023545549863430836,0.0,7.0,3.0,4.0,4.0
3498.0,add,0.007067817024661147,2726.0,97.0,0.021378301221500806,0.0,4.0,3.0,5.0,7.0
3499.0,delete,0.011948084449185733,2727.0,299.0,0.017077576109629934,0.0,4.0,3.0,5.0,5.0
3500.0,add,0.022231381842450607,2728.0,304.0,0.015462279331287259,0.0,2.0,3.0,5.0,6.0
3501.0,delete,0.011903267222827493,2729.0,306.0,0.016607989873303437,0.0,1.0,3.0,4.0,6.0
3502.0,add,0.016741279733904074,2730.0,226.0,0.015363033761920632,0.0,4.0,6.0,3.0,7.0
3503.0,delete,0.06189098406093793,2731.0,191.0,0.026345533506422304,0.0,3.0,6.0,5.0,7.0
3504.0,add,0.016144092291127628,2732.0,308.0,0.01685248707675223,0.0,1.0,4.0,3.0,7.0
3505.0,delete,0.009152343281982337,2732.0,308.0,0.01685248707675223,0.0,1.0,4.0,3.0,6.0
3506.0,swap,0.00802004384496291,2732.0,308.0,0.01685248707675223,0.0,1.0,3.0,4.0,7.0
3507.0,delete,0.011413926398256464,2733.0,254.0,0.011908569918810494,0.0,5.0,4.0,5.0,6.0
3508.0,add,0.007549507543168688,2734.0,38.0,0.019802949419407603,2.0,4.0,5.0,4.0,5.0
3509.0,delete,0.009701399888026783,2735.0,290.0,0.013799498401988849,0.0,4.0,2.0,5.0,9.0
3510.0,add,0.010592367970985997,2736.0,275.0,0.01241365368268584,0.0,5.0,3.0,9.0,8.0
3511.0,delete,0.009803662146788104,2737.0,300.0,0.017400728810799963,0.0,3.0,3.0,4.0,6.0
3512.0,delete,0.006980240258038593,2738.0,98.0,0.02141561177448253,0.0,4.0,3.0,5.0,6.0
3513.0,add,0.018668389286496966,2739.0,149.0,0.023536656816327148,0.0,7.0,3.0,5.0,4.0
3514.0,delete,0.01189406871368321,2740.0,305.0,0.013715229336390881,0.0,1.0,3.0,4.0,7.0
3515.0,add,0.011243272387053872,2741.0,307.0,0.012542241623706277,0.0,1.0,3.0,4.0,7.0
3516.0,delete,0.009152343281982328,2742.0,309.0,0.009152343281982337,0.0,1.0,4.0,3.0,6.0
3517.0,add,0.0076323518992667694,2742.0,309.0,0.009152343281982337,0.0,2.0,4.0,3.0,6.0
3518.0,delete,0.025216682784952427,2742.0,309.0,0.009152343281982337,0.0,1.0,4.0,3.0,5.0
3519.0,swap,0.009152343281982328,2742.0,309.0,0.009152343281982337,0.0,2.0,4.0,2.0,6.0
3520.0,add,0.037054159680280106,2743.0,192.0,0.025817692756244306,0.0,5.0,5.0,5.0,7.0
3521.0,add,0.02832361257655334,2744.0,227.0,0.015154968673093912,0.0,5.0,6.0,3.0,7.0
3522.0,add,0.021978910897512298,2745.0,255.0,0.011774544609901367,0.0,6.0,4.0,5.0,6.0
3523.0,add,0.047345256328633296,2746.0,39.0,0.01980555589325637,2.0,3.0,7.0,4.0,5.0
3524.0,delete,0.007170977030518662,2747.0,291.0,0.01360263832936707,0.0,5.0,2.0,5.0,7.0
3525.0,add,0.008983896649464411,2748.0,276.0,0.012432633836216837,0.0,5.0,5.0,9.0,7.0
3526.0,delete,0.007094882278359195,2749.0,99.0,0.02146197425937619,0.0,2.0,3.0,5.0,7.0
3527.0,delete,0.009458381093208333,2750.0,301.0,0.0176727116116956,0.0,2.0,2.0,5.0,6.0
3528.0,add,0.01329102737156701,2751.0,150.0,0.023531091137975326,0.0,8.0,4.0,4.0,4.0
3529.0,delete,0.01189406871368321,2752.0,306.0,0.013618334974475376,0.0,1.0,3.0,3.0,7.0
3530.0,delete,0.009152343281982337,2753.0,308.0,0.012061212906033238,0.0,1.0,4.0,3.0,6.0
3531.0,delete,0.10732651047204123,2754.0,228.0,0.014784666822786171,0.0,3.0,7.0,3.0,7.0
3532.0,add,0.0076323518992667694,2755.0,310.0,0.0076323518992667694,0.0,2.0,4.0,3.0,6.0
3533.0,add,0.008456079904613046,2755.0,310.0,0.0076323518992667694,0.0,2.0,4.0,4.0,6.0
3534.0,delete,0.015369254918691524,2755.0,310.0,0.0076323518992667694,0.0,2.0,4.0,3.0,5.0
3535.0,swap,0.010930672440004459,2755.0,310.0,0.0076323518992667694,0.0,2.0,4.0,3.0,6.0
3536.0,add,0.06781377891036978,2756.0,193.0,0.025725548025695582,0.0,5.0,5.0,6.0,7.0
3537.0,delete,0.007303709254394797,2757.0,40.0,0.01984832573917214,2.0,3.0,6.0,4.0,5.0
3538.0,delete,0.007973394389492836,2758.0,256.0,0.01157891582715333,0.0,5.0,3.0,6.0,6.0
3539.0,delete,0.008224199505573676,2759.0,292.0,0.013613933911312303,0.0,4.0,2.0,5.0,7.0
3540.0,delete,0.007656188748836428,2760.0,100.0,0.02154307629524571,0.0,3.0,2.0,4.0,7.0
3541.0,add,0.01256330119410386,2761.0,277.0,0.012381668765256636,0.0,6.0,4.0,9.0,8.0
3542.0,delete,0.02449790930119374,2762.0,302.0,0.016963166349431066,0.0,1.0,3.0,4.0,6.0
3543.0,add,0.016190074195280214,2763.0,151.0,0.023626094383929905,0.0,8.0,5.0,4.0,4.0
3544.0,add,0.01189406871368321,2764.0,307.0,0.011721904469615784,0.0,2.0,3.0,3.0,7.0
3545.0,delete,0.051197774148452495,2765.0,229.0,0.014220572917906668,0.0,4.0,6.0,3.0,6.0
3546.0,add,0.022332474852898083,2766.0,309.0,0.010004142212368514,0.0,1.0,4.0,3.0,7.0
3547.0,delete,0.007515006805661185,2767.0,308.0,0.012198112893420217,0.0,1.0,3.0,3.0,7.0
3548.0,add,0.037883467114137696,2768.0,194.0,0.025509627889143103,0.0,6.0,5.0,6.0,7.0
3549.0,delete,0.007641857092958133,2769.0,257.0,0.011539709069410488,0.0,4.0,3.0,6.0,6.0
3550.0,add,0.00895892330813889,2770.0,293.0,0.013925796646517972,0.0,5.0,3.0,4.0,7.0
3551.0,delete,0.007255044422368239,2771.0,41.0,0.019884144243684773,2.0,3.0,6.0,4.0,4.0
3552.0,add,0.02447687697488133,2772.0,303.0,0.01471608599364878,0.0,2.0,3.0,5.0,5.0
3553.0,add,0.008409007714898019,2773.0,311.0,0.008456079904613046,0.0,2.0,4.0,4.0,6.0
3554.0,add,0.007412682949772594,2773.0,311.0,0.008456079904613046,0.0,2.0,5.0,4.0,6.0
3555.0,delete,0.010445567844729829,2773.0,311.0,0.008456079904613046,0.0,2.0,4.0,4.0,5.0
3556.0,swap,0.031218653177756694,2773.0,311.0,0.008456079904613046,0.0,2.0,3.0,4.0,7.0
3557.0,add,0.01635645786229339,2774.0,101.0,0.021604074418034955,0.0,3.0,4.0,3.0,7.0
3558.0,add,0.011233411819720877,2775.0,152.0,0.023667686702971865,0.0,7.0,6.0,5.0,4.0
3559.0,delete,0.010601345208623393,2776.0,278.0,0.012574389443639655,0.0,5.0,4.0,8.0,9.0
3560.0,add,0.033095982349197535,2777.0,230.0,0.013928902984258211,0.0,4.0,7.0,4.0,5.0
3561.0,add,0.008408901663198735,2778.0,310.0,0.013188398318354036,0.0,2.0,4.0,4.0,6.0
3562.0,delete,0.02384227361304674,2779.0,258.0,0.011574283458676613,0.0,4.0,4.0,6.0,4.0
3563.0,add,0.01084342474056909,2780.0,195.0,0.025397554366475582,0.0,5.0,7.0,6.0,7.0
3564.0,delete,0.008426563296354469,2781.0,294.0,0.014323854311522721,0.0,5.0,2.0,5.0,6.0
3565.0,add,0.03630419968128932,2782.0,309.0,0.012567999933190594,0.0,1.0,5.0,3.0,6.0
3566.0,add,0.007303709254394797,2783.0,42.0,0.019918898776409785,2.0,4.0,6.0,4.0,4.0
3567.0,add,0.02226310010593369,2784.0,304.0,0.014105824530798339,0.0,1.0,3.0,6.0,6.0
3568.0,delete,0.006851251152855669,2785.0,279.0,0.012749020386499678,0.0,4.0,4.0,9.0,8.0
3569.0,delete,0.010720192993975133,2786.0,102.0,0.021650002357923546,0.0,4.0,3.0,3.0,6.0
3570.0,add,0.009457647689165866,2787.0,312.0,0.007412682949772594,0.0,2.0,5.0,4.0,6.0
3571.0,add,0.01657459624640181,2787.0,312.0,0.007412682949772594,0.0,2.0,5.0,4.0,7.0
3572.0,delete,0.04010284637842153,2787.0,312.0,0.007412682949772594,0.0,2.0,4.0,4.0,6.0
3573.0,swap,0.009453080420145143,2787.0,312.0,0.007412682949772594,0.0,2.0,4.0,4.0,7.0
3574.0,add,0.0078602826067875,2788.0,153.0,0.02369064538375484,0.0,7.0,7.0,5.0,4.0
3575.0,add,0.02627622924880309,2789.0,231.0,0.01370968849484677,0.0,4.0,7.0,4.0,6.0
3576.0,add,0.008456079904613053,2790.0,311.0,0.01660017073678139,0.0,3.0,4.0,4.0,6.0
3577.0,delete,0.014793203821995997,2791.0,196.0,0.025471590581106967,0.0,5.0,6.0,6.0,7.0
3578.0,add,0.007560872496075679,2792.0,259.0,0.011754870170990047,0.0,5.0,3.0,6.0,5.0
3579.0,add,0.008140699598318526,2793.0,295.0,0.015104404177538435,0.0,5.0,2.0,6.0,6.0
3580.0,delete,0.007794115381040307,2794.0,305.0,0.013948939203150736,0.0,1.0,3.0,5.0,6.0
3581.0,add,0.007320372759483311,2795.0,43.0,0.019930531659682414,2.0,4.0,6.0,5.0,4.0
3582.0,delete,0.012258947051524185,2796.0,280.0,0.012766342662014901,0.0,3.0,4.0,8.0,9.0
3583.0,add,0.008196838110625241,2797.0,310.0,0.014399558535792391,0.0,2.0,4.0,4.0,6.0
3584.0,add,0.006919809587943702,2798.0,103.0,0.021680075576628658,0.0,4.0,3.0,3.0,7.0
3585.0,add,0.01571081530844813,2799.0,313.0,0.01657459624640181,0.0,2.0,5.0,4.0,7.0
3586.0,delete,0.0166574432074619,2799.0,313.0,0.01657459624640181,0.0,2.0,5.0,4.0,6.0
3587.0,swap,0.007032707133543589,2799.0,313.0,0.01657459624640181,0.0,2.0,5.0,5.0,6.0
3588.0,add,0.010024146380342732,2800.0,154.0,0.02366476055018773,0.0,7.0,7.0,6.0,4.0
3589.0,add,0.016164457612375397,2801.0,312.0,0.01399389047396386,0.0,2.0,5.0,4.0,7.0
3590.0,add,0.013191599375931853,2802.0,232.0,0.013509582491427367,0.0,4.0,9.0,4.0,5.0
3591.0,delete,0.007794115381040307,2803.0,306.0,0.013995859902973994,0.0,1.0,3.0,4.0,6.0
3592.0,add,0.015839499258991956,2804.0,197.0,0.02541656341492251,0.0,4.0,6.0,7.0,8.0
3593.0,add,0.008098904235219697,2805.0,260.0,0.01175968368983192,0.0,5.0,3.0,7.0,5.0
3594.0,add,0.020490272237180484,2806.0,296.0,0.014978180195450589,0.0,5.0,3.0,6.0,6.0
3595.0,delete,0.007667323166480138,2807.0,281.0,0.012826112988895185,0.0,4.0,4.0,7.0,8.0
3596.0,add,0.008136883321208111,2808.0,44.0,0.01991946688297113,2.0,3.0,6.0,5.0,6.0
3597.0,delete,0.0166574432074619,2809.0,314.0,0.0166574432074619,0.0,2.0,5.0,4.0,6.0
3598.0,add,0.022456322377766354,2809.0,314.0,0.0166574432074619,0.0,3.0,5.0,4.0,6.0
3599.0,delete,0.019213748357908657,2809.0,314.0,0.0166574432074619,0.0,2.0,4.0,4.0,6.0
3600.0,swap,0.014716955517442988,2809.0,314.0,0.0166574432074619,0.0,2.0,4.0,4.0,7.0
3601.0,add,0.016920151164331924,2810.0,104.0,0.021668730903494852,0.0,4.0,3.0,2.0,9.0
3602.0,add,0.01850990304143394,2811.0,311.0,0.015719059022209207,0.0,2.0,4.0,4.0,7.0
3603.0,add,0.013185963014923212,2812.0,155.0,0.02368278985433945,0.0,8.0,6.0,6.0,5.0
3604.0,delete,0.007412682949772594,2813.0,313.0,0.017940382533608357,0.0,2.0,5.0,4.0,6.0
3605.0,add,0.011750041991696622,2814.0,233.0,0.013553703504569845,0.0,4.0,8.0,4.0,7.0
3606.0,delete,0.019426439696882375,2815.0,297.0,0.015218106225460435,0.0,5.0,3.0,5.0,6.0
3607.0,add,0.017354936254791016,2816.0,198.0,0.02540946766488519,0.0,4.0,6.0,7.0,9.0
3608.0,add,0.011496556255123361,2817.0,261.0,0.011915131800110156,0.0,5.0,3.0,7.0,6.0
3609.0,delete,0.013362714987202047,2818.0,282.0,0.013003329400150462,0.0,4.0,4.0,5.0,9.0
3610.0,add,0.00793825990018191,2819.0,307.0,0.014226174190807609,0.0,1.0,3.0,3.0,8.0
3611.0,add,0.011797555958851545,2820.0,45.0,0.019908301785439366,2.0,3.0,7.0,5.0,6.0
3612.0,add,0.022456322377766354,2821.0,315.0,0.022456322377766354,0.0,3.0,5.0,4.0,6.0
3613.0,delete,0.0233418201570938,2821.0,315.0,0.022456322377766354,0.0,3.0,4.0,4.0,6.0
3614.0,swap,0.03710131395298056,2821.0,315.0,0.022456322377766354,0.0,3.0,5.0,4.0,6.0
3615.0,add,0.017449891251290494,2822.0,105.0,0.021675941051110238,0.0,6.0,3.0,2.0,8.0
3616.0,add,0.008204297144368591,2823.0,312.0,0.018115125262032617,0.0,2.0,5.0,5.0,6.0
3617.0,add,0.01667978166046833,2824.0,314.0,0.026338944716401767,0.0,2.0,5.0,5.0,6.0
3618.0,add,0.014293467308252882,2825.0,156.0,0.0237115438455011,0.0,8.0,7.0,6.0,5.0
3619.0,delete,0.014468007439647238,2826.0,298.0,0.01557399317550376,0.0,4.0,3.0,4.0,7.0
3620.0,add,0.013314176066507932,2827.0,234.0,0.013600609595396138,0.0,4.0,8.0,4.0,8.0
3621.0,delete,0.042057688575504244,2828.0,199.0,0.025362423607147508,0.0,4.0,5.0,7.0,9.0
3622.0,delete,0.006942452639012235,2829.0,283.0,0.013231947307005299,0.0,4.0,4.0,5.0,8.0
3623.0,add,0.012226940115544253,2830.0,262.0,0.012054528705684804,0.0,5.0,4.0,7.0,6.0
3624.0,delete,0.01694637076447579,2831.0,308.0,0.015344881138989602,0.0,1.0,4.0,2.0,7.0
3625.0,delete,0.01182944003787152,2832.0,46.0,0.019911384575341768,1.0,3.0,6.0,6.0,6.0
3626.0,delete,0.0233418201570938,2833.0,316.0,0.0233418201570938,0.0,3.0,4.0,4.0,6.0
3627.0,delete,0.02334182015709379,2833.0,316.0,0.0233418201570938,0.0,3.0,4.0,3.0,6.0
3628.0,swap,0.008255802296396742,2833.0,316.0,0.0233418201570938,0.0,4.0,4.0,4.0,5.0
3629.0,delete,0.01887674998899939,2834.0,106.0,0.021681017734139867,0.0,5.0,4.0,2.0,7.0
3630.0,delete,0.007026413521325535,2835.0,313.0,0.019356405875131363,0.0,2.0,5.0,4.0,6.0
3631.0,delete,0.009337129865172666,2836.0,315.0,0.019570315691919533,0.0,3.0,4.0,4.0,6.0
3632.0,delete,0.011030254394747087,2837.0,157.0,0.023724218991517214,0.0,8.0,7.0,5.0,5.0
3633.0,delete,0.010322432903577861,2838.0,299.0,0.01569609347088506,0.0,4.0,3.0,4.0,6.0
3634.0,delete,0.00741231815681176,2839.0,235.0,0.013614721631723304,0.0,5.0,7.0,4.0,7.0
3635.0,delete,0.032798606093460636,2840.0,200.0,0.02516976889475063,0.0,4.0,6.0,7.0,7.0
3636.0,delete,0.007911518616371384,2841.0,284.0,0.013308194235651551,0.0,4.0,4.0,4.0,8.0
3637.0,delete,0.02504377356762601,2842.0,317.0,0.02334182015709379,0.0,3.0,4.0,3.0,6.0
3638.0,delete,0.03536693607234464,2842.0,317.0,0.02334182015709379,0.0,3.0,3.0,3.0,6.0
3639.0,swap,0.023452122610721108,2842.0,317.0,0.02334182015709379,0.0,4.0,4.0,2.0,6.0
3640.0,delete,0.03113100926897621,2843.0,47.0,0.01987058579180254,2.0,2.0,6.0,6.0,5.0
3641.0,add,0.008350635208181563,2844.0,263.0,0.012229889649965697,0.0,6.0,3.0,7.0,7.0
3642.0,add,0.05731673930689018,2845.0,309.0,0.016689637071946973,0.0,1.0,5.0,3.0,6.0
3643.0,add,0.01309357149027768,2846.0,107.0,0.021700758531802512,0.0,5.0,4.0,2.0,8.0
3644.0,add,0.02015843875727268,2847.0,314.0,0.022514580437710346,0.0,2.0,6.0,4.0,6.0
3645.0,delete,0.023608206476046258,2848.0,316.0,0.026801163101946385,0.0,3.0,4.0,3.0,6.0
3646.0,delete,0.020868867191943162,2849.0,300.0,0.016857594567994526,0.0,3.0,3.0,5.0,5.0
3647.0,add,0.02068450086743371,2850.0,158.0,0.023783237138898454,0.0,7.0,7.0,7.0,5.0
3648.0,delete,0.03536693607234464,2851.0,318.0,0.03536693607234464,0.0,3.0,3.0,3.0,6.0
3649.0,delete,0.04315931743529217,2851.0,318.0,0.03536693607234464,0.0,2.0,3.0,3.0,6.0
3650.0,swap,0.015083153210393684,2851.0,318.0,0.03536693607234464,0.0,4.0,2.0,3.0,6.0
3651.0,delete,0.03258735371312691,2852.0,201.0,0.02513903152803778,0.0,4.0,6.0,5.0,8.0
3652.0,add,0.007502390168750896,2853.0,236.0,0.013917968765963771,0.0,4.0,8.0,4.0,8.0
3653.0,delete,0.030959056246667543,2854.0,48.0,0.01985600784073372,2.0,2.0,6.0,5.0,5.0
3654.0,delete,0.007438325277141011,2855.0,264.0,0.012590618470896583,0.0,5.0,3.0,7.0,7.0
3655.0,add,0.012423370614604377,2856.0,285.0,0.014184414315778146,0.0,4.0,4.0,6.0,7.0
3656.0,add,0.0076323518992667694,2857.0,310.0,0.018036246655243962,0.0,3.0,4.0,3.0,6.0
3657.0,delete,0.01522179265801832,2858.0,108.0,0.021745159203775753,0.0,5.0,4.0,2.0,7.0
3658.0,delete,0.0088541526745354,2859.0,315.0,0.024058236506468277,0.0,3.0,5.0,4.0,5.0
3659.0,delete,0.009246993967611035,2860.0,317.0,0.03224408569759379,0.0,3.0,3.0,3.0,6.0
3660.0,delete,0.007179496572286871,2861.0,301.0,0.017483086768104873,0.0,2.0,3.0,4.0,6.0
3661.0,delete,0.014014765470386837,2862.0,159.0,0.023761005378569778,0.0,7.0,7.0,6.0,5.0
3662.0,delete,0.04126923159120124,2863.0,319.0,0.04315931743529217,0.0,2.0,3.0,3.0,6.0
3663.0,delete,0.041896260389594375,2863.0,319.0,0.04315931743529217,0.0,1.0,3.0,3.0,6.0
3664.0,swap,0.01751353769405406,2863.0,319.0,0.04315931743529217,0.0,2.0,3.0,4.0,5.0
3665.0,add,0.014781488184388729,2864.0,202.0,0.02502051610942785,0.0,4.0,6.0,5.0,9.0
3666.0,delete,0.006802598733272142,2865.0,237.0,0.014027975799148027,0.0,4.0,7.0,5.0,7.0
3667.0,delete,0.014070342867602954,2866.0,265.0,0.012751208345005134,0.0,5.0,2.0,7.0,7.0
3668.0,add,0.030812027380570414,2867.0,49.0,0.019786624314686436,2.0,2.0,6.0,7.0,4.0
3669.0,add,0.009704058206876176,2868.0,286.0,0.014517515239291132,0.0,4.0,5.0,5.0,8.0
3670.0,add,0.009052380740849669,2869.0,311.0,0.01961782036181879,0.0,2.0,5.0,4.0,6.0
3671.0,delete,0.011504757618526772,2870.0,109.0,0.021762072789375402,0.0,6.0,3.0,2.0,6.0
3672.0,delete,0.009225589461926873,2871.0,316.0,0.027862357437026915,0.0,3.0,4.0,4.0,5.0
3673.0,delete,0.014232108019027563,2872.0,318.0,0.03595958677753546,0.0,3.0,3.0,3.0,5.0
3674.0,delete,0.02449790930119374,2873.0,302.0,0.01795531977047535,0.0,1.0,3.0,4.0,6.0
3675.0,delete,0.01558038071399637,2874.0,160.0,0.023773142665477656,0.0,7.0,6.0,5.0,6.0
3676.0,delete,0.041896260389594375,2875.0,320.0,0.041896260389594375,0.0,1.0,3.0,3.0,6.0
3677.0,add,0.041988967964432564,2875.0,320.0,0.041896260389594375,0.0,1.0,3.0,3.0,7.0
3678.0,delete,0.017633741109560605,2875.0,320.0,0.041896260389594375,0.0,1.0,3.0,3.0,5.0
3679.0,swap,0.04089487224204497,2875.0,320.0,0.041896260389594375,0.0,1.0,3.0,4.0,5.0
3680.0,add,0.020034919701785805,2876.0,203.0,0.024992637460604886,0.0,5.0,6.0,5.0,9.0
3681.0,add,0.00767997463297075,2877.0,238.0,0.014157871077149057,0.0,4.0,8.0,6.0,6.0
3682.0,delete,0.03084870858490708,2878.0,50.0,0.019737534441441416,2.0,2.0,6.0,6.0,4.0
3683.0,add,0.009216810238588877,2879.0,266.0,0.013082758147087651,0.0,4.0,4.0,7.0,7.0
3684.0,delete,0.006875452109562746,2880.0,287.0,0.015116333421680762,0.0,4.0,4.0,5.0,8.0
3685.0,delete,0.011153203229061336,2881.0,110.0,0.021808523675174524,0.0,5.0,2.0,2.0,7.0
3686.0,add,0.008161880060163149,2882.0,312.0,0.021476263920870965,0.0,3.0,5.0,4.0,6.0
3687.0,delete,0.0182658774642173,2883.0,317.0,0.030426793550576613,0.0,2.0,4.0,3.0,6.0
3688.0,delete,0.017481092741943042,2884.0,319.0,0.036862020419045384,0.0,2.0,3.0,3.0,5.0
3689.0,delete,0.0227329331113004,2885.0,161.0,0.02377766352843131,0.0,6.0,6.0,5.0,6.0
3690.0,add,0.02447687697488133,2886.0,303.0,0.017774511921207877,0.0,2.0,3.0,5.0,5.0
3691.0,add,0.04200451551973515,2887.0,321.0,0.041988967964432564,0.0,1.0,3.0,3.0,7.0
3692.0,delete,0.04167002013941145,2887.0,321.0,0.041988967964432564,0.0,1.0,3.0,3.0,6.0
3693.0,swap,0.016931146421014325,2887.0,321.0,0.041988967964432564,0.0,1.0,3.0,4.0,6.0
3694.0,delete,0.009736852594920438,2888.0,204.0,0.024982419624723085,0.0,4.0,6.0,5.0,9.0
3695.0,add,0.008176737763758487,2889.0,239.0,0.014315446300735873,0.0,4.0,8.0,7.0,6.0
3696.0,delete,0.008156959712212095,2890.0,51.0,0.019701602973856855,1.0,2.0,6.0,7.0,3.0
3697.0,delete,0.00798690922159701,2891.0,267.0,0.013354804406617005,0.0,4.0,3.0,7.0,7.0
3698.0,delete,0.010071600651787518,2892.0,288.0,0.015570365014509572,0.0,4.0,3.0,5.0,8.0
3699.0,delete,0.016779313904915952,2893.0,313.0,0.023339489019362857,0.0,2.0,5.0,3.0,7.0
3700.0,add,0.012242361624807283,2894.0,111.0,0.021849882142661477,0.0,5.0,2.0,3.0,7.0
3701.0,delete,0.03563021326564103,2895.0,318.0,0.03219777474283892,0.0,3.0,3.0,2.0,6.0
3702.0,add,0.04164208600700864,2896.0,320.0,0.03564866251114837,0.0,1.0,3.0,4.0,6.0
3703.0,delete,0.04167002013941145,2897.0,322.0,0.04167002013941145,0.0,1.0,3.0,3.0,6.0
3704.0,add,0.026560449644471087,2897.0,322.0,0.04167002013941145,0.0,2.0,3.0,3.0,6.0
3705.0,delete,0.013056548269548596,2897.0,322.0,0.04167002013941145,0.0,1.0,3.0,3.0,5.0
3706.0,swap,0.014139526963401334,2897.0,322.0,0.04167002013941145,0.0,2.0,3.0,2.0,6.0
3707.0,add,0.006861287744616149,2898.0,162.0,0.023833102695423766,0.0,6.0,7.0,5.0,6.0
3708.0,delete,0.009974166653450078,2899.0,205.0,0.025069576127393002,0.0,4.0,6.0,5.0,8.0
3709.0,delete,0.0067643187387338675,2900.0,240.0,0.014508818132413049,0.0,4.0,9.0,5.0,6.0
3710.0,delete,0.02367070997971364,2901.0,52.0,0.019680008648145488,1.0,2.0,5.0,6.0,4.0
3711.0,add,0.013372163403727714,2902.0,268.0,0.013633792460574317,0.0,5.0,3.0,8.0,6.0
3712.0,add,0.007426512159955559,2903.0,289.0,0.016098716326338768,0.0,5.0,2.0,5.0,9.0
3713.0,add,0.011246010531504766,2904.0,304.0,0.01859626637314351,0.0,1.0,3.0,5.0,7.0
3714.0,add,0.016657443207461885,2905.0,314.0,0.025673185366237437,0.0,3.0,5.0,4.0,6.0
3715.0,add,0.006958621882766311,2906.0,112.0,0.021898762588050957,0.0,5.0,4.0,2.0,7.0
3716.0,delete,0.06295327597733877,2907.0,319.0,0.03139039342436943,0.0,2.0,2.0,3.0,6.0
3717.0,delete,0.016596841928910123,2908.0,321.0,0.027419313031248782,0.0,1.0,3.0,3.0,6.0
3718.0,delete,0.01189406871368321,2909.0,305.0,0.018984212272263153,0.0,1.0,3.0,4.0,7.0
3719.0,add,0.009819942923917385,2910.0,163.0,0.023901335679953943,0.0,7.0,7.0,5.0,6.0
3720.0,add,0.03032580050375342,2911.0,323.0,0.026560449644471087,0.0,2.0,3.0,3.0,6.0
3721.0,add,0.026088808383344,2911.0,323.0,0.026560449644471087,0.0,2.0,3.0,4.0,6.0
3722.0,delete,0.011388802480916798,2911.0,323.0,0.026560449644471087,0.0,2.0,2.0,3.0,6.0
3723.0,swap,0.06814614269862537,2911.0,323.0,0.026560449644471087,0.0,2.0,3.0,3.0,6.0
3724.0,delete,0.020182002738759225,2912.0,206.0,0.025001747021417723,0.0,5.0,4.0,5.0,8.0
3725.0,add,0.019856081997044632,2913.0,53.0,0.01968704555521967,1.0,2.0,5.0,7.0,4.0
3726.0,add,0.009629663944403155,2914.0,241.0,0.01477675604961221,0.0,4.0,9.0,6.0,6.0
3727.0,delete,0.008251832985713652,2915.0,269.0,0.013961078152357198,0.0,4.0,2.0,8.0,7.0
3728.0,delete,0.0113936820714636,2916.0,290.0,0.016688399233552843,0.0,5.0,2.0,5.0,8.0
3729.0,delete,0.02481283282317004,2917.0,113.0,0.021984607649853653,0.0,6.0,2.0,2.0,7.0
3730.0,delete,0.00853414012588179,2918.0,315.0,0.02744754305324736,0.0,3.0,5.0,4.0,5.0
3731.0,add,0.04189626038959443,2919.0,320.0,0.03087211979028459,0.0,2.0,3.0,3.0,6.0
3732.0,delete,0.012264109194111479,2920.0,306.0,0.020127873891103626,0.0,1.0,2.0,4.0,7.0
3733.0,delete,0.009819942923917385,2921.0,164.0,0.023990573920156095,0.0,7.0,7.0,4.0,6.0
3734.0,add,0.01492387598576119,2922.0,322.0,0.032502000742222134,0.0,1.0,4.0,3.0,6.0
3735.0,delete,0.059910493753890626,2923.0,207.0,0.024412185507927626,0.0,5.0,4.0,5.0,7.0
3736.0,delete,0.014488198201015974,2924.0,291.0,0.016815565167485533,0.0,5.0,2.0,4.0,8.0
3737.0,delete,0.006889602677143252,2925.0,242.0,0.014862970100167735,0.0,5.0,9.0,5.0,5.0
3738.0,delete,0.04223372856917834,2926.0,321.0,0.027687894285232252,0.0,1.0,3.0,2.0,7.0
3739.0,add,0.011000389494925855,2927.0,270.0,0.014136364530673236,0.0,4.0,3.0,8.0,7.0
3740.0,add,0.007424046147839523,2928.0,54.0,0.019731691762675124,1.0,2.0,5.0,8.0,4.0
3741.0,add,0.026088808383344,2929.0,324.0,0.026088808383344,0.0,2.0,3.0,4.0,6.0
3742.0,delete,0.026088808383343966,2929.0,324.0,0.026088808383344,0.0,2.0,3.0,3.0,6.0
3743.0,swap,0.026088808383344,2929.0,324.0,0.026088808383344,0.0,2.0,3.0,4.0,6.0
3744.0,delete,0.0086700920930395,2930.0,114.0,0.02207201279692386,0.0,5.0,3.0,2.0,6.0
3745.0,delete,0.023452122610721108,2931.0,316.0,0.0293192996847358,0.0,3.0,4.0,3.0,6.0
3746.0,add,0.01345282779069556,2932.0,323.0,0.02608880838334399,0.0,2.0,3.0,3.0,7.0
3747.0,delete,0.00960056300113441,2933.0,165.0,0.0240889586919408,0.0,7.0,6.0,4.0,6.0
3748.0,add,0.01421738770852277,2934.0,307.0,0.020858756895996488,0.0,1.0,4.0,3.0,7.0
3749.0,delete,0.06898441672537763,2935.0,208.0,0.02393759728993966,0.0,5.0,4.0,5.0,6.0
3750.0,delete,0.008484900913524905,2936.0,292.0,0.01731251393842384,0.0,5.0,2.0,5.0,6.0
3751.0,delete,0.026088808383343966,2937.0,325.0,0.026088808383343966,0.0,2.0,3.0,3.0,6.0
3752.0,delete,0.01258332982736212,2937.0,325.0,0.026088808383343966,0.0,2.0,2.0,3.0,6.0
3753.0,swap,0.007673518959597526,2937.0,325.0,0.026088808383343966,0.0,3.0,3.0,3.0,5.0
3754.0,delete,0.00730458205671675,2938.0,55.0,0.019763261120141224,1.0,3.0,5.0,6.0,4.0
3755.0,add,0.006993791719814648,2939.0,243.0,0.014966824803735979,0.0,6.0,9.0,5.0,5.0
3756.0,add,0.00877959370656077,2940.0,271.0,0.014380740610147288,0.0,5.0,3.0,9.0,6.0
3757.0,delete,0.012223776928511077,2941.0,317.0,0.028930456494043827,0.0,3.0,3.0,3.0,6.0
3758.0,add,0.0075765295382357704,2942.0,115.0,0.0221309544574999,0.0,5.0,4.0,2.0,6.0
3759.0,add,0.04167002013941145,2943.0,322.0,0.024269137677531003,0.0,2.0,3.0,3.0,6.0
3760.0,delete,0.026088808383344,2944.0,324.0,0.018108616388411894,0.0,2.0,3.0,4.0,5.0
3761.0,delete,0.017057996006598308,2945.0,166.0,0.024132653275536358,0.0,5.0,7.0,4.0,6.0
3762.0,delete,0.01825700944182539,2946.0,308.0,0.021390482762739707,0.0,1.0,4.0,3.0,6.0
3763.0,delete,0.06898441672537763,2947.0,209.0,0.023491843790092785,0.0,4.0,4.0,4.0,7.0
3764.0,delete,0.012917652852900363,2948.0,326.0,0.01258332982736212,0.0,2.0,2.0,3.0,6.0
3765.0,add,0.012506989837587358,2948.0,326.0,0.01258332982736212,0.0,2.0,2.0,4.0,6.0
3766.0,delete,0.012197109995544988,2948.0,326.0,0.01258332982736212,0.0,2.0,1.0,3.0,6.0
3767.0,swap,0.05369736047367157,2948.0,326.0,0.01258332982736212,0.0,2.0,1.0,3.0,7.0
3768.0,delete,0.025961385761233642,2949.0,244.0,0.015104689063435716,0.0,5.0,9.0,4.0,6.0
3769.0,add,0.0072058616105308984,2950.0,56.0,0.019801712028741043,1.0,2.0,6.0,7.0,4.0
3770.0,add,0.0077186881482321544,2951.0,272.0,0.014686469466689866,0.0,4.0,3.0,10.0,7.0
3771.0,add,0.010333737332289549,2952.0,293.0,0.017775515696423196,0.0,5.0,2.0,4.0,8.0
3772.0,delete,0.007765173576265683,2953.0,116.0,0.022227795514004414,0.0,5.0,3.0,2.0,6.0
3773.0,delete,0.026626828812154623,2954.0,318.0,0.029340641577007345,0.0,3.0,2.0,3.0,6.0
3774.0,add,0.026406692335104034,2955.0,323.0,0.021658587695186415,0.0,2.0,3.0,4.0,6.0
3775.0,delete,0.007552618255618251,2956.0,325.0,0.02078048859741328,0.0,2.0,3.0,3.0,5.0
3776.0,add,0.006918275975675325,2957.0,167.0,0.024201404543395665,0.0,6.0,7.0,4.0,6.0
3777.0,delete,0.09645039107592687,2958.0,210.0,0.02307046203099377,0.0,5.0,3.0,4.0,6.0
3778.0,add,0.009152343281982337,2959.0,309.0,0.02203379471450013,0.0,2.0,4.0,3.0,6.0
3779.0,delete,0.00917712708067714,2960.0,294.0,0.018076152602830846,0.0,5.0,2.0,4.0,7.0
3780.0,delete,0.012729722590720418,2961.0,245.0,0.014976828139847659,0.0,4.0,8.0,5.0,6.0
3781.0,add,0.012645055873711333,2962.0,327.0,0.012506989837587358,0.0,2.0,2.0,4.0,6.0
3782.0,add,0.012281484174533324,2962.0,327.0,0.012506989837587358,0.0,2.0,2.0,5.0,6.0
3783.0,delete,0.012197109995544988,2962.0,327.0,0.012506989837587358,0.0,2.0,1.0,4.0,6.0
3784.0,swap,0.05337159169817792,2962.0,327.0,0.012506989837587358,0.0,2.0,1.0,5.0,6.0
3785.0,delete,0.007426818447898955,2963.0,57.0,0.01982978582976523,1.0,2.0,5.0,7.0,4.0
3786.0,delete,0.006959052912040408,2964.0,273.0,0.014843118593013913,0.0,4.0,3.0,9.0,7.0
3787.0,add,0.021609692917044888,2965.0,117.0,0.02228710775748158,0.0,6.0,2.0,3.0,6.0
3788.0,delete,0.04226792839570605,2966.0,319.0,0.027990867832970837,0.0,2.0,3.0,3.0,5.0
3789.0,delete,0.007556687302351198,2967.0,324.0,0.020563589078162976,0.0,2.0,3.0,4.0,5.0
3790.0,delete,0.013714526227931853,2968.0,168.0,0.02427682203310143,0.0,6.0,8.0,4.0,4.0
3791.0,delete,0.09645039107592691,2969.0,211.0,0.02243944318318147,0.0,5.0,3.0,3.0,6.0
3792.0,add,0.012426345633675277,2970.0,326.0,0.020600446315910986,0.0,2.0,2.0,4.0,6.0
3793.0,add,0.0076323518992667694,2971.0,310.0,0.021987011950533385,0.0,3.0,4.0,3.0,6.0
3794.0,delete,0.02055414525748,2972.0,246.0,0.015042421881167637,0.0,5.0,7.0,5.0,5.0
3795.0,add,0.008120965500568653,2973.0,295.0,0.01849183731116844,0.0,5.0,2.0,5.0,7.0
3796.0,delete,0.04219162812805688,2974.0,325.0,0.01948878623802977,0.0,1.0,3.0,3.0,6.0
3797.0,delete,0.06483688261650783,2975.0,58.0,0.019863816778611473,1.0,2.0,3.0,8.0,4.0
3798.0,add,0.03571225255267593,2976.0,320.0,0.026026554030738013,0.0,1.0,4.0,3.0,6.0
3799.0,add,0.010563820853937955,2977.0,274.0,0.015111493836569637,0.0,5.0,3.0,9.0,7.0
3800.0,add,0.013045203446324231,2978.0,328.0,0.012281484174533324,0.0,2.0,2.0,5.0,6.0
3801.0,delete,0.012506989837587358,2978.0,328.0,0.012281484174533324,0.0,2.0,2.0,4.0,6.0
3802.0,swap,0.01816940532047175,2978.0,328.0,0.012281484174533324,0.0,2.0,3.0,4.0,6.0
3803.0,delete,0.02121637931560622,2979.0,118.0,0.022302828202582732,0.0,6.0,2.0,2.0,6.0
3804.0,add,0.012506989837587358,2980.0,327.0,0.014000770694729166,0.0,2.0,2.0,5.0,6.0
3805.0,add,0.013441517402912922,2981.0,169.0,0.02432681219948153,0.0,7.0,7.0,4.0,5.0
3806.0,add,0.0960402793373508,2982.0,212.0,0.02170862165464543,0.0,4.0,3.0,4.0,7.0
3807.0,delete,0.012740038770664585,2983.0,329.0,0.012506989837587358,0.0,2.0,2.0,4.0,6.0
3808.0,add,0.024695937056527083,2983.0,329.0,0.012506989837587358,0.0,2.0,2.0,4.0,7.0
3809.0,delete,0.012506989837587358,2983.0,329.0,0.012506989837587358,0.0,2.0,2.0,4.0,5.0
3810.0,swap,0.012506989837587346,2983.0,329.0,0.012506989837587358,0.0,2.0,2.0,3.0,7.0
3811.0,delete,0.011157536399155519,2984.0,59.0,0.019907604762991568,1.0,2.0,3.0,7.0,4.0
3812.0,delete,0.024095199153219397,2985.0,247.0,0.015005535636713405,0.0,3.0,7.0,5.0,6.0
3813.0,add,0.01376478006158631,2986.0,296.0,0.018766062830135658,0.0,6.0,3.0,5.0,6.0
3814.0,add,0.01325974751273082,2987.0,275.0,0.015212974593012438,0.0,5.0,3.0,10.0,7.0
3815.0,add,0.0090814887656429,2988.0,311.0,0.022442764221565593,0.0,2.0,4.0,5.0,6.0
3816.0,add,0.03298029436050323,2989.0,119.0,0.02230171799106746,0.0,7.0,3.0,1.0,6.0
3817.0,delete,0.02672610924922914,2990.0,321.0,0.022601218448603196,0.0,0.0,3.0,3.0,7.0
3818.0,add,0.01258332982736212,2991.0,326.0,0.016721937225540523,0.0,2.0,2.0,3.0,7.0
3819.0,delete,0.07716248512574261,2992.0,213.0,0.021111837174640196,0.0,4.0,3.0,3.0,7.0
3820.0,add,0.01566718942930382,2993.0,170.0,0.024424854817896628,0.0,6.0,7.0,5.0,6.0
3821.0,delete,0.012281484174533324,2994.0,328.0,0.014991389067990746,0.0,2.0,2.0,5.0,5.0
3822.0,delete,0.034029878251538984,2995.0,248.0,0.014710267932515637,0.0,4.0,6.0,4.0,6.0
3823.0,add,0.024695937056527083,2996.0,330.0,0.024695937056527083,0.0,2.0,2.0,4.0,7.0
3824.0,add,0.06382983377078322,2996.0,330.0,0.024695937056527083,0.0,2.0,3.0,4.0,7.0
3825.0,delete,0.024695937056527083,2996.0,330.0,0.024695937056527083,0.0,2.0,2.0,4.0,6.0
3826.0,swap,0.023192939353664857,2996.0,330.0,0.024695937056527083,0.0,2.0,3.0,3.0,7.0
3827.0,delete,0.008177448009894941,2997.0,60.0,0.01994004753590257,1.0,1.0,3.0,7.0,4.0
3828.0,delete,0.019057853083229947,2998.0,297.0,0.019150100266984375,0.0,4.0,3.0,5.0,7.0
3829.0,add,0.010730044589093274,2999.0,276.0,0.015514116057887547,0.0,6.0,4.0,9.0,7.0
3830.0,add,0.007412682949772594,3000.0,312.0,0.023257630405986784,0.0,3.0,5.0,4.0,6.0
3831.0,add,0.024212583567656303,3001.0,120.0,0.022318370009391825,0.0,6.0,4.0,2.0,6.0
3832.0,add,0.04167002013941145,3002.0,322.0,0.02240866547787787,0.0,2.0,3.0,3.0,6.0
3833.0,add,0.024695937056527083,3003.0,327.0,0.019975439966493282,0.0,2.0,2.0,4.0,7.0
3834.0,add,0.06543378038493597,3004.0,214.0,0.020686658239455532,0.0,4.0,2.0,4.0,8.0
3835.0,add,0.01349359114224006,3005.0,171.0,0.024548704727923917,0.0,6.0,7.0,5.0,7.0
3836.0,add,0.012506989837587358,3006.0,329.0,0.03222211685880586,0.0,3.0,2.0,4.0,6.0
3837.0,add,0.033094924504156575,3007.0,249.0,0.01465862513108303,0.0,5.0,5.0,5.0,6.0
3838.0,delete,0.021108060451311764,3008.0,298.0,0.01935985804641862,0.0,4.0,3.0,5.0,6.0
3839.0,delete,0.01657459624640181,3009.0,313.0,0.024010543001537626,0.0,2.0,5.0,3.0,7.0
3840.0,add,0.018912115859734846,3010.0,61.0,0.02000528367460355,1.0,2.0,2.0,7.0,5.0
3841.0,delete,0.012281484174533324,3011.0,328.0,0.021469096962688786,0.0,2.0,2.0,5.0,5.0
3842.0,add,0.009158897773664602,3012.0,323.0,0.02045213512016869,0.0,2.0,4.0,3.0,6.0
3843.0,add,0.06382983377078322,3013.0,331.0,0.06382983377078322,0.0,2.0,3.0,4.0,7.0
3844.0,add,0.062012457321955074,3013.0,331.0,0.06382983377078322,0.0,2.0,3.0,4.0,8.0
3845.0,delete,0.06382983377078325,3013.0,331.0,0.06382983377078322,0.0,2.0,3.0,3.0,7.0
3846.0,swap,0.06421943741807674,3013.0,331.0,0.06382983377078322,0.0,3.0,3.0,3.0,7.0
3847.0,add,0.011752013121895803,3014.0,121.0,0.022417632836525345,0.0,7.0,3.0,2.0,7.0
3848.0,delete,0.06117239511166595,3015.0,215.0,0.020508967836989755,0.0,4.0,2.0,2.0,9.0
3849.0,add,0.008728591829635746,3016.0,277.0,0.016149848656738998,0.0,5.0,5.0,9.0,8.0
3850.0,add,0.01592889119047086,3017.0,172.0,0.02472151398998902,0.0,6.0,7.0,7.0,6.0
3851.0,delete,0.043766931206775696,3018.0,250.0,0.014543907264314676,0.0,4.0,4.0,5.0,7.0
3852.0,delete,0.01032243290357787,3019.0,299.0,0.020302116954847987,0.0,4.0,3.0,4.0,6.0
3853.0,add,0.024695937056527083,3020.0,330.0,0.0635442792104763,0.0,2.0,2.0,4.0,8.0
3854.0,delete,0.00694768178567318,3021.0,62.0,0.020116995183369523,1.0,3.0,2.0,6.0,4.0
3855.0,add,0.00818719217990994,3022.0,314.0,0.02598665947820462,0.0,2.0,5.0,4.0,7.0
3856.0,delete,0.04219162812805688,3023.0,324.0,0.024566533942278788,0.0,1.0,3.0,4.0,6.0
3857.0,add,0.012324568592376132,3024.0,329.0,0.041109552133612906,0.0,2.0,3.0,4.0,6.0
3858.0,delete,0.01259337279900595,3025.0,278.0,0.016290846685995567,0.0,4.0,4.0,9.0,9.0
3859.0,add,0.062012457321955074,3026.0,332.0,0.062012457321955074,0.0,2.0,3.0,4.0,8.0
3860.0,delete,0.062012457321955074,3026.0,332.0,0.062012457321955074,0.0,2.0,3.0,4.0,7.0
3861.0,swap,0.024695937056527083,3026.0,332.0,0.062012457321955074,0.0,2.0,2.0,4.0,9.0
3862.0,delete,0.0071527489695006816,3027.0,122.0,0.022476705669224047,0.0,7.0,2.0,3.0,6.0
3863.0,add,0.05590447282249826,3028.0,216.0,0.020218634591691285,0.0,4.0,2.0,3.0,9.0
3864.0,delete,0.013603629026285317,3029.0,173.0,0.02484151407841216,0.0,5.0,8.0,6.0,6.0
3865.0,delete,0.01319378701654739,3030.0,251.0,0.014546170071167994,0.0,3.0,4.0,5.0,7.0
3866.0,delete,0.008195993241750256,3031.0,300.0,0.021046624617782533,0.0,3.0,2.0,5.0,6.0
3867.0,add,0.0626789582064768,3032.0,331.0,0.05268332725559808,0.0,2.0,3.0,5.0,7.0
3868.0,delete,0.00853414012588179,3033.0,315.0,0.027265153441867678,0.0,3.0,5.0,4.0,5.0
3869.0,add,0.00887705721784021,3034.0,63.0,0.020203019994355337,1.0,3.0,3.0,6.0,4.0
3870.0,delete,0.0070146674686586,3035.0,325.0,0.0279057069445175,0.0,2.0,3.0,3.0,5.0
3871.0,delete,0.06206054288547441,3036.0,333.0,0.062012457321955074,0.0,2.0,3.0,4.0,7.0
3872.0,add,0.06201245732195502,3036.0,333.0,0.062012457321955074,0.0,2.0,3.0,5.0,7.0
3873.0,delete,0.062012457321955074,3036.0,333.0,0.062012457321955074,0.0,2.0,3.0,4.0,6.0
3874.0,swap,0.007349722690539091,3036.0,333.0,0.062012457321955074,0.0,2.0,2.0,4.0,8.0
3875.0,add,0.016257818775147984,3037.0,123.0,0.022582882228280865,0.0,6.0,3.0,3.0,7.0
3876.0,delete,0.014941215257747815,3038.0,279.0,0.017031632025366443,0.0,4.0,4.0,9.0,8.0
3877.0,delete,0.022376911035575712,3039.0,217.0,0.01997942561821799,0.0,4.0,1.0,2.0,10.0
3878.0,delete,0.010988679776229995,3040.0,174.0,0.024955304882843046,0.0,5.0,8.0,6.0,5.0
3879.0,delete,0.012140599072160769,3041.0,301.0,0.021959014234515285,0.0,1.0,3.0,5.0,6.0
3880.0,add,0.010791704240483722,3042.0,252.0,0.01474736751698989,0.0,5.0,4.0,5.0,6.0
3881.0,add,0.024695937056527083,3043.0,330.0,0.053375165945410454,0.0,2.0,2.0,5.0,7.0
3882.0,delete,0.012223776928511088,3044.0,316.0,0.028671829122935668,0.0,3.0,3.0,4.0,6.0
3883.0,delete,0.010391272214307004,3045.0,64.0,0.0202654145355846,1.0,3.0,3.0,5.0,4.0
3884.0,delete,0.06201245732195502,3046.0,332.0,0.05108952750837573,0.0,2.0,3.0,3.0,8.0
3885.0,add,0.01258332982736212,3047.0,326.0,0.03146990886926754,0.0,2.0,2.0,3.0,7.0
3886.0,delete,0.00821304230664893,3048.0,280.0,0.017213890667788608,0.0,4.0,3.0,8.0,9.0
3887.0,add,0.057465910938381104,3049.0,334.0,0.06201245732195502,0.0,2.0,3.0,5.0,7.0
3888.0,add,0.062012457321955074,3049.0,334.0,0.06201245732195502,0.0,2.0,3.0,6.0,7.0
3889.0,delete,0.06201245732195502,3049.0,334.0,0.06201245732195502,0.0,2.0,3.0,4.0,7.0
3890.0,swap,0.024250660156730157,3049.0,334.0,0.06201245732195502,0.0,2.0,2.0,6.0,7.0
3891.0,add,0.013857535642224071,3050.0,124.0,0.022655325467716238,0.0,7.0,3.0,4.0,6.0
3892.0,delete,0.00839483915589382,3051.0,175.0,0.02509981468931265,0.0,5.0,8.0,5.0,5.0
3893.0,delete,0.06455157784265966,3052.0,218.0,0.019741995022655036,0.0,3.0,2.0,2.0,9.0
3894.0,delete,0.02447687697488133,3053.0,302.0,0.022903652068988353,0.0,1.0,3.0,4.0,6.0
3895.0,add,0.008135365486672822,3054.0,253.0,0.015097706183364807,0.0,5.0,4.0,5.0,7.0
3896.0,delete,0.00864664160252087,3055.0,317.0,0.030164119691604336,0.0,3.0,4.0,3.0,5.0
3897.0,add,0.05177681112718062,3056.0,331.0,0.052471527893554935,0.0,2.0,3.0,4.0,8.0
3898.0,add,0.01062429481213837,3057.0,65.0,0.020373233249185673,1.0,4.0,3.0,5.0,4.0
3899.0,add,0.06201245732195502,3058.0,333.0,0.05355078861219527,0.0,3.0,3.0,4.0,7.0
3900.0,delete,0.0068348662697442115,3059.0,281.0,0.017878367834902452,0.0,4.0,4.0,7.0,8.0
3901.0,add,0.012506989837587346,3060.0,327.0,0.036695558390346966,0.0,3.0,2.0,4.0,6.0
3902.0,delete,0.062012457321955074,3061.0,332.0,0.053201276174982735,0.0,2.0,3.0,4.0,7.0
3903.0,add,0.05940765943726663,3062.0,335.0,0.062012457321955074,0.0,2.0,3.0,6.0,7.0
3904.0,add,0.062012457321955074,3062.0,335.0,0.062012457321955074,0.0,2.0,3.0,7.0,7.0
3905.0,delete,0.021860671913810675,3062.0,335.0,0.062012457321955074,0.0,1.0,3.0,6.0,7.0
3906.0,swap,0.03933358698918434,3062.0,335.0,0.062012457321955074,0.0,3.0,3.0,5.0,7.0
3907.0,delete,0.026556366583250765,3063.0,125.0,0.022776014444395244,0.0,5.0,3.0,4.0,7.0
3908.0,delete,0.025149596773685202,3064.0,176.0,0.025308090667341947,0.0,4.0,7.0,6.0,5.0
3909.0,delete,0.06455157784265966,3065.0,219.0,0.019570860089995614,0.0,3.0,2.0,2.0,8.0
3910.0,delete,0.007838646712557122,3066.0,254.0,0.01550195903358709,0.0,5.0,3.0,5.0,7.0
3911.0,add,0.037196064510842446,3067.0,303.0,0.02349348113799759,0.0,1.0,4.0,5.0,5.0
3912.0,delete,0.012917562709998,3068.0,66.0,0.02048694647121591,1.0,3.0,3.0,4.0,5.0
3913.0,delete,0.047817323110645654,3069.0,318.0,0.031943361789414565,0.0,3.0,3.0,3.0,5.0
3914.0,delete,0.007667323166480124,3070.0,282.0,0.018524705504461555,0.0,4.0,4.0,6.0,8.0
3915.0,delete,0.012197109995545,3071.0,328.0,0.040898835650570765,0.0,2.0,1.0,5.0,6.0
3916.0,add,0.06201245732195502,3072.0,334.0,0.04892536659683436,0.0,2.0,3.0,6.0,7.0
3917.0,add,0.06382983377078322,3073.0,333.0,0.05221756666973665,0.0,2.0,3.0,4.0,8.0
3918.0,delete,0.017437755249081956,3074.0,126.0,0.022863970226343233,0.0,6.0,3.0,4.0,5.0
3919.0,add,0.062012457321955074,3075.0,336.0,0.062012457321955074,0.0,2.0,3.0,7.0,7.0
3920.0,add,0.061822158335913945,3075.0,336.0,0.062012457321955074,0.0,2.0,3.0,8.0,7.0
3921.0,delete,0.06268005312473125,3075.0,336.0,0.062012457321955074,0.0,2.0,3.0,6.0,7.0
3922.0,swap,0.014046044972415943,3075.0,336.0,0.062012457321955074,0.0,2.0,4.0,7.0,6.0
3923.0,delete,0.019471771549301044,3076.0,177.0,0.025513567180990404,0.0,4.0,7.0,5.0,5.0
3924.0,add,0.01050510832736109,3077.0,220.0,0.01935520853336795,0.0,3.0,3.0,2.0,8.0
3925.0,add,0.02243857890731656,3078.0,255.0,0.015901157263325832,0.0,5.0,5.0,5.0,6.0
3926.0,delete,0.01289106623052427,3079.0,67.0,0.020587604852780928,1.0,2.0,2.0,5.0,5.0
3927.0,add,0.022231381842450586,3080.0,304.0,0.02447248333207801,0.0,2.0,3.0,5.0,6.0
3928.0,delete,0.013381538250053022,3081.0,283.0,0.019202067364850802,0.0,4.0,4.0,4.0,9.0
3929.0,delete,0.04315931743529217,3082.0,319.0,0.03316455718214328,0.0,2.0,3.0,3.0,5.0
3930.0,add,0.012350958028675063,3083.0,329.0,0.04734957996378259,0.0,2.0,2.0,5.0,6.0
3931.0,add,0.062012457321955074,3084.0,335.0,0.05251463421539426,0.0,2.0,3.0,6.0,8.0
3932.0,add,0.062012457321955074,3085.0,334.0,0.05174658739846345,0.0,2.0,3.0,5.0,8.0
3933.0,add,0.024176390280572436,3086.0,127.0,0.022968214324379975,0.0,6.0,2.0,4.0,7.0
3934.0,delete,0.026208621028605612,3087.0,178.0,0.025591377746570682,0.0,4.0,6.0,5.0,5.0
3935.0,add,0.061822158335913945,3088.0,337.0,0.061822158335913945,0.0,2.0,3.0,8.0,7.0
3936.0,add,0.06182215833591397,3088.0,337.0,0.061822158335913945,0.0,2.0,3.0,9.0,7.0
3937.0,delete,0.061822158335913945,3088.0,337.0,0.061822158335913945,0.0,2.0,3.0,7.0,7.0
3938.0,swap,0.05484944434113757,3088.0,337.0,0.061822158335913945,0.0,2.0,4.0,8.0,6.0
3939.0,add,0.07778148758142572,3089.0,221.0,0.019131252777843267,0.0,4.0,2.0,3.0,8.0
3940.0,delete,0.015710980074843464,3090.0,256.0,0.016300303106848466,0.0,5.0,4.0,6.0,5.0
3941.0,add,0.00977249497101109,3091.0,68.0,0.02073554824475,1.0,3.0,3.0,5.0,4.0
3942.0,delete,0.007304792889226756,3092.0,284.0,0.020043425405265318,0.0,4.0,4.0,5.0,7.0
3943.0,delete,0.011903267222827483,3093.0,305.0,0.02572458811120351,0.0,1.0,3.0,5.0,6.0
3944.0,add,0.04491293760631381,3094.0,320.0,0.034228065380006924,0.0,1.0,3.0,4.0,6.0
3945.0,add,0.018221890639469884,3095.0,330.0,0.0535605677853103,0.0,2.0,3.0,4.0,7.0
3946.0,add,0.029186766351872298,3096.0,336.0,0.060427615536958676,0.0,2.0,4.0,7.0,7.0
3947.0,delete,0.009947138004268347,3097.0,179.0,0.02576536820588172,0.0,4.0,6.0,5.0,4.0
3948.0,add,0.01310091932822812,3098.0,128.0,0.02309415439793051,0.0,7.0,2.0,4.0,7.0
3949.0,add,0.06201245732195502,3099.0,335.0,0.0540080285545162,0.0,2.0,3.0,7.0,7.0
3950.0,delete,0.011903267222827493,3100.0,306.0,0.026424995952694874,0.0,1.0,3.0,3.0,7.0
3951.0,add,0.055343609682777274,3101.0,222.0,0.018757500902061835,0.0,4.0,3.0,3.0,8.0
3952.0,delete,0.014661285889403988,3102.0,257.0,0.016428886886541524,0.0,4.0,4.0,5.0,6.0
3953.0,delete,0.01693114642101431,3103.0,321.0,0.034148948532936894,0.0,1.0,3.0,3.0,6.0
3954.0,add,0.06182215833591397,3104.0,338.0,0.06182215833591397,0.0,2.0,3.0,9.0,7.0
3955.0,add,0.06182215833591397,3104.0,338.0,0.06182215833591397,0.0,2.0,3.0,9.0,8.0
3956.0,delete,0.061822158335913945,3104.0,338.0,0.06182215833591397,0.0,2.0,3.0,8.0,7.0
3957.0,swap,0.04756352025759591,3104.0,338.0,0.06182215833591397,0.0,3.0,3.0,9.0,6.0
3958.0,add,0.009930805488569068,3105.0,69.0,0.020849966369765698,1.0,2.0,4.0,5.0,5.0
3959.0,add,0.00791526592006198,3106.0,285.0,0.02079420716147415,0.0,4.0,4.0,5.0,8.0
3960.0,add,0.9346645654712499,3107.0,1.0,0.03799214910634376,4.0,0.0,0.0,0.0,1.0
3961.0,add,0.06382983377078322,3108.0,331.0,0.05405103973648169,0.0,2.0,3.0,4.0,8.0
3962.0,delete,0.010130235462066609,3109.0,180.0,0.025969261105002008,0.0,3.0,5.0,5.0,5.0
3963.0,delete,0.01771783681331203,3110.0,129.0,0.023222964022799105,0.0,7.0,2.0,4.0,6.0
3964.0,add,0.1718352763050273,3111.0,337.0,0.05897043072025036,0.0,2.0,4.0,8.0,7.0
3965.0,add,0.062012457321955074,3112.0,336.0,0.0669263741460937,0.0,2.0,3.0,7.0,8.0
3966.0,delete,0.0102181654818188,3113.0,258.0,0.017116204837912617,0.0,3.0,4.0,6.0,5.0
3967.0,add,0.07822156728737331,3114.0,223.0,0.018741627290914817,0.0,4.0,4.0,3.0,8.0
3968.0,add,0.0074635433432195305,3115.0,307.0,0.02846983560822145,0.0,1.0,3.0,3.0,8.0
3969.0,add,0.040296529699701336,3116.0,322.0,0.03742948546827035,0.0,1.0,3.0,3.0,7.0
3970.0,add,0.06154152690318961,3117.0,339.0,0.06182215833591397,0.0,2.0,3.0,9.0,8.0
3971.0,add,0.06089246580880137,3117.0,339.0,0.06182215833591397,0.0,2.0,3.0,10.0,8.0
3972.0,delete,0.023128891507837517,3117.0,339.0,0.06182215833591397,0.0,1.0,3.0,9.0,8.0
3973.0,swap,0.0626789582064768,3117.0,339.0,0.06182215833591397,0.0,2.0,3.0,8.0,9.0
3974.0,delete,0.0086339449662893,3118.0,70.0,0.02102629817532912,1.0,2.0,5.0,4.0,4.0
3975.0,add,0.011080819999559767,3119.0,286.0,0.021971666330343392,0.0,4.0,5.0,5.0,8.0
3976.0,add,0.9318978893120221,3120.0,2.0,0.03520416310312567,4.0,1.0,0.0,1.0,0.0
3977.0,delete,0.01489266394460683,3121.0,181.0,0.026235519414235787,0.0,2.0,6.0,5.0,4.0
3978.0,delete,0.028555924998323216,3122.0,130.0,0.02340064364849548,0.0,6.0,2.0,5.0,5.0
3979.0,delete,0.062012457321955074,3123.0,332.0,0.057172587618549486,0.0,2.0,3.0,4.0,7.0
3980.0,add,0.061822158335913945,3124.0,338.0,0.05401280015244385,0.0,2.0,3.0,10.0,7.0
3981.0,delete,0.01509524505240376,3125.0,308.0,0.02980658035523823,0.0,1.0,4.0,3.0,6.0
3982.0,delete,0.07822156728737334,3126.0,224.0,0.01852548577087825,0.0,3.0,4.0,3.0,8.0
3983.0,add,0.007560872496075679,3127.0,259.0,0.017565598347242924,0.0,5.0,3.0,6.0,5.0
3984.0,add,0.03759165802954184,3128.0,337.0,0.0669774027880453,0.0,2.0,4.0,8.0,7.0
3985.0,add,0.026560449644471112,3129.0,323.0,0.038752848257695496,0.0,3.0,3.0,3.0,6.0
3986.0,delete,0.010601783983764447,3130.0,71.0,0.021120348999932603,1.0,2.0,4.0,5.0,3.0
3987.0,add,0.052611749299849256,3131.0,340.0,0.06089246580880137,0.0,2.0,3.0,10.0,8.0
3988.0,delete,0.06089246580880137,3131.0,340.0,0.06089246580880137,0.0,2.0,3.0,10.0,7.0
3989.0,swap,0.01827506279809661,3131.0,340.0,0.06089246580880137,0.0,2.0,4.0,9.0,8.0
3990.0,delete,0.00691596808333973,3132.0,287.0,0.02265419190373827,0.0,5.0,4.0,4.0,8.0
3991.0,add,0.06201245732195502,3133.0,333.0,0.0564265770294961,0.0,2.0,3.0,4.0,8.0
3992.0,add,0.44914859687323216,3134.0,3.0,0.03241518839035202,4.0,0.0,1.0,1.0,1.0
3993.0,delete,0.04367035429235554,3135.0,131.0,0.023505788676094735,0.0,5.0,2.0,5.0,5.0
3994.0,add,0.011232315396866087,3136.0,182.0,0.026452339056418733,0.0,3.0,5.0,5.0,5.0
3995.0,add,0.10542319903648609,3137.0,339.0,0.04816793592888716,0.0,2.0,4.0,9.0,8.0
3996.0,delete,0.05914486783661552,3138.0,341.0,0.06089246580880137,0.0,2.0,3.0,10.0,7.0
3997.0,add,0.060892465808801345,3138.0,341.0,0.06089246580880137,0.0,3.0,3.0,10.0,7.0
3998.0,delete,0.06089246580880137,3138.0,341.0,0.06089246580880137,0.0,2.0,3.0,10.0,6.0
3999.0,swap,0.06089246580880132,3138.0,341.0,0.06089246580880137,0.0,2.0,3.0,9.0,8.0
4000.0,add,0.026219404975923875,3139.0,225.0,0.01886697782504246,0.0,3.0,5.0,4.0,7.0
4001.0,delete,0.01057045696264433,3140.0,72.0,0.02128304137053932,0.0,2.0,3.0,5.0,4.0
4002.0,add,0.014911483650053285,3141.0,260.0,0.0182811594704834,0.0,4.0,3.0,7.0,6.0
4003.0,delete,0.011542660924480657,3142.0,288.0,0.02361289487587322,0.0,5.0,3.0,5.0,7.0
4004.0,add,0.01825700944182539,3143.0,309.0,0.03170162700598322,0.0,1.0,4.0,3.0,7.0
4005.0,delete,0.04126021985749244,3144.0,324.0,0.04158612265489192,0.0,1.0,3.0,4.0,6.0
4006.0,add,0.061822158335913945,3145.0,338.0,0.05792220723602758,0.0,3.0,3.0,9.0,7.0
4007.0,delete,0.01439606726541129,3146.0,183.0,0.02667680383543034,0.0,3.0,5.0,5.0,4.0
4008.0,add,0.44914859687323216,3147.0,4.0,0.03117619297272393,4.0,1.0,1.0,1.0,1.0
4009.0,add,0.026324840633369196,3148.0,132.0,0.02360325599982718,0.0,6.0,2.0,5.0,5.0
4010.0,add,0.12801890579617067,3149.0,334.0,0.05841334230651302,0.0,3.0,3.0,5.0,7.0
4011.0,delete,0.02457593507595104,3150.0,340.0,0.06054294621436418,0.0,2.0,2.0,10.0,8.0
4012.0,delete,0.0265604496444711,3151.0,325.0,0.043581094298349506,0.0,2.0,3.0,2.0,6.0
4013.0,add,0.013486350130340321,3152.0,310.0,0.03268607635854237,0.0,2.0,4.0,3.0,7.0
4014.0,add,0.035523962902200515,3153.0,226.0,0.01882467276719906,0.0,3.0,6.0,3.0,8.0
4015.0,add,0.008522927302222991,3154.0,261.0,0.018689876549173524,0.0,5.0,3.0,8.0,5.0
4016.0,delete,0.00679940350305814,3155.0,73.0,0.02138744152261434,0.0,1.0,4.0,4.0,4.0
4017.0,add,0.060892465808801345,3156.0,342.0,0.060892465808801345,0.0,3.0,3.0,10.0,7.0
4018.0,delete,0.06089246580880132,3156.0,342.0,0.060892465808801345,0.0,3.0,3.0,9.0,7.0
4019.0,swap,0.060892465808801345,3156.0,342.0,0.060892465808801345,0.0,3.0,3.0,10.0,7.0
4020.0,add,0.011507422236553847,3157.0,289.0,0.02455584142159728,0.0,5.0,2.0,6.0,8.0
4021.0,add,0.06182215833591397,3158.0,339.0,0.05747465696287765,0.0,2.0,3.0,9.0,9.0
4022.0,delete,0.01439606726541129,3159.0,184.0,0.026905475977604638,0.0,3.0,5.0,4.0,4.0
4023.0,add,0.06089246580880137,3160.0,341.0,0.06089246580880134,0.0,3.0,3.0,10.0,7.0
4024.0,add,0.44914859687323166,3161.0,5.0,0.030013317938527413,4.0,1.0,1.0,1.0,2.0
4025.0,add,0.015384107599247417,3162.0,133.0,0.02368868541868342,0.0,7.0,2.0,5.0,5.0
4026.0,add,0.1344429172734832,3163.0,335.0,0.0590115132383321,0.0,2.0,4.0,6.0,7.0
4027.0,delete,0.06089246580880132,3164.0,343.0,0.06089246580880132,0.0,3.0,3.0,9.0,7.0
4028.0,delete,0.007349722690539091,3164.0,343.0,0.06089246580880132,0.0,3.0,2.0,9.0,7.0
4029.0,swap,0.05934268837846115,3164.0,343.0,0.06089246580880132,0.0,3.0,3.0,9.0,7.0
4030.0,add,0.03151979895580112,3165.0,227.0,0.019146971430629652,0.0,4.0,6.0,4.0,7.0
4031.0,add,0.014090410209453823,3166.0,262.0,0.019407865430963407,0.0,5.0,3.0,8.0,6.0
4032.0,add,0.017327690459381772,3167.0,74.0,0.021546407992555732,0.0,0.0,4.0,5.0,5.0
4033.0,add,0.00837490278689089,3168.0,311.0,0.034752746066214486,0.0,2.0,4.0,5.0,6.0
4034.0,delete,0.011452787875151254,3169.0,290.0,0.025357643150444937,0.0,5.0,2.0,5.0,8.0
4035.0,add,0.012583329827362133,3170.0,326.0,0.046774394876463836,0.0,3.0,2.0,3.0,6.0
4036.0,delete,0.061822158335913945,3171.0,340.0,0.053726569712367604,0.0,2.0,3.0,9.0,8.0
4037.0,delete,0.06089246580880132,3172.0,342.0,0.04711933567165072,0.0,3.0,3.0,9.0,7.0
4038.0,add,0.006974225248754172,3173.0,185.0,0.02712413653860515,0.0,2.0,6.0,5.0,4.0
4039.0,delete,0.007369914666133356,3174.0,344.0,0.007349722690539091,0.0,3.0,2.0,9.0,7.0
4040.0,delete,0.007349722690539091,3174.0,344.0,0.007349722690539091,0.0,3.0,2.0,9.0,6.0
4041.0,swap,0.007349722690539091,3174.0,344.0,0.007349722690539091,0.0,3.0,2.0,9.0,7.0
4042.0,add,0.44149595263671026,3175.0,6.0,0.028377806570765364,4.0,1.0,1.0,3.0,1.0
4043.0,add,0.030513099774083712,3176.0,134.0,0.023726319594305115,0.0,8.0,2.0,5.0,5.0
4044.0,add,0.012506989837587346,3177.0,327.0,0.047853012731870044,0.0,3.0,2.0,4.0,6.0
4045.0,delete,0.07267489670026406,3178.0,228.0,0.01896948556996036,0.0,3.0,7.0,3.0,7.0
4046.0,add,0.00689753559138438,3179.0,312.0,0.03518779718786424,0.0,2.0,6.0,4.0,6.0
4047.0,add,0.008870212212384909,3180.0,263.0,0.01954089903806369,0.0,5.0,3.0,8.0,7.0
4048.0,add,0.013904574247719776,3181.0,75.0,0.021574414698545003,0.0,0.0,5.0,5.0,5.0
4049.0,delete,0.01119648444411225,3182.0,291.0,0.025522803669127868,0.0,4.0,2.0,5.0,8.0
4050.0,add,0.05037030171342448,3183.0,336.0,0.05485468170682225,0.0,2.0,3.0,7.0,8.0
4051.0,add,0.06089246580880132,3184.0,341.0,0.042917419314818434,0.0,2.0,3.0,11.0,7.0
4052.0,delete,0.01652131156623806,3185.0,343.0,0.007354770684437657,0.0,3.0,2.0,9.0,7.0
4053.0,delete,0.007349722690539091,3186.0,345.0,0.007349722690539091,0.0,3.0,2.0,9.0,6.0
4054.0,add,0.007349722690539098,3186.0,345.0,0.007349722690539091,0.0,3.0,2.0,10.0,6.0
4055.0,delete,0.007349722690539091,3186.0,345.0,0.007349722690539091,0.0,3.0,2.0,8.0,6.0
4056.0,swap,0.013402082094293392,3186.0,345.0,0.007349722690539091,0.0,4.0,2.0,9.0,5.0
4057.0,add,0.43909658628445464,3187.0,7.0,0.02684811562448203,4.0,1.0,1.0,3.0,2.0
4058.0,add,0.02997708062671934,3188.0,135.0,0.023698915211681805,0.0,9.0,2.0,5.0,5.0
4059.0,add,0.014580115171599989,3189.0,186.0,0.02715246549605487,0.0,4.0,5.0,5.0,4.0
4060.0,delete,0.04635890790507579,3190.0,229.0,0.018583848617041106,0.0,4.0,7.0,3.0,5.0
4061.0,delete,0.006742957137384481,3191.0,313.0,0.03558019855608527,0.0,2.0,4.0,4.0,7.0
4062.0,delete,0.00830786932843232,3192.0,264.0,0.019673562269379233,0.0,6.0,3.0,6.0,7.0
4063.0,delete,0.020996894441961022,3193.0,76.0,0.021586922149658877,0.0,1.0,4.0,5.0,4.0
4064.0,delete,0.010333737332289549,3194.0,292.0,0.025752357443536,0.0,5.0,2.0,5.0,6.0
4065.0,delete,0.012281484174533324,3195.0,328.0,0.048068316681864925,0.0,2.0,2.0,5.0,5.0
4066.0,add,0.061822158335913945,3196.0,337.0,0.049521752060925746,0.0,2.0,3.0,9.0,7.0
4067.0,delete,0.06081904805726061,3197.0,342.0,0.024877825405751102,0.0,3.0,3.0,10.0,6.0
4068.0,delete,0.007349722690539091,3198.0,344.0,0.008560194571289953,0.0,3.0,2.0,8.0,7.0
4069.0,add,0.007349722690539098,3199.0,346.0,0.007349722690539098,0.0,3.0,2.0,10.0,6.0
4070.0,add,0.007349722690539098,3199.0,346.0,0.007349722690539098,0.0,3.0,2.0,10.0,7.0
4071.0,delete,0.007349722690539091,3199.0,346.0,0.007349722690539098,0.0,3.0,1.0,10.0,6.0
4072.0,swap,0.007349722690539098,3199.0,346.0,0.007349722690539098,0.0,3.0,2.0,10.0,6.0
4073.0,add,0.09585468447022716,3200.0,8.0,0.025529721568106956,4.0,1.0,2.0,2.0,3.0
4074.0,add,0.017334048511598456,3201.0,136.0,0.023631545218161465,0.0,9.0,2.0,6.0,5.0
4075.0,add,0.04262764088942171,3202.0,187.0,0.027143555558364084,0.0,3.0,6.0,5.0,5.0
4076.0,add,0.05016660406947848,3203.0,230.0,0.01840357403297544,0.0,4.0,8.0,3.0,5.0
4077.0,delete,0.010691921553157286,3204.0,265.0,0.01981332441712835,0.0,5.0,2.0,7.0,7.0
4078.0,add,0.016657443207461885,3205.0,314.0,0.0358448373743456,0.0,3.0,5.0,4.0,6.0
4079.0,add,0.00820111196883503,3206.0,77.0,0.021621735822269655,0.0,1.0,6.0,4.0,4.0
4080.0,add,0.006933780078804314,3207.0,293.0,0.02599751872697716,0.0,5.0,3.0,4.0,7.0
4081.0,add,0.012506989837587358,3208.0,329.0,0.04877092574223222,0.0,2.0,2.0,5.0,6.0
4082.0,add,0.061538451158221534,3209.0,338.0,0.04110981869287816,0.0,2.0,3.0,10.0,7.0
4083.0,delete,0.06089246580880132,3210.0,343.0,0.008438589851613916,0.0,3.0,3.0,8.0,7.0
4084.0,add,0.007349722690539091,3211.0,345.0,0.007349722690539096,0.0,3.0,2.0,9.0,7.0
4085.0,delete,0.007349722690539085,3212.0,344.0,0.007899937181789484,0.0,3.0,2.0,8.0,7.0
4086.0,add,0.04408936254340124,3213.0,188.0,0.027041294850582927,0.0,5.0,6.0,5.0,4.0
4087.0,delete,0.009053257591154181,3214.0,137.0,0.02364932560100903,0.0,8.0,3.0,6.0,4.0
4088.0,add,0.064864355341223,3215.0,9.0,0.02426553885925807,4.0,1.0,2.0,3.0,3.0
4089.0,add,0.007349722690539091,3216.0,347.0,0.007349722690539098,0.0,3.0,2.0,10.0,7.0
4090.0,add,0.007349722690539091,3216.0,347.0,0.007349722690539098,0.0,3.0,2.0,11.0,7.0
4091.0,delete,0.007349722690539091,3216.0,347.0,0.007349722690539098,0.0,3.0,2.0,9.0,7.0
4092.0,swap,0.015883843469329344,3216.0,347.0,0.007349722690539098,0.0,3.0,1.0,10.0,8.0
4093.0,add,0.046720892295031576,3217.0,231.0,0.018252156462209106,0.0,4.0,7.0,4.0,6.0
4094.0,delete,0.011719844608328272,3218.0,78.0,0.02164036361736202,0.0,1.0,5.0,4.0,4.0
4095.0,add,0.010166852965647313,3219.0,266.0,0.019963450031586064,0.0,4.0,3.0,7.0,8.0
4096.0,delete,0.009864047953472482,3220.0,294.0,0.026232316635262643,0.0,5.0,2.0,5.0,6.0
4097.0,delete,0.029115866552146676,3221.0,315.0,0.03571605901538411,0.0,3.0,5.0,4.0,5.0
4098.0,add,0.016934906805105322,3222.0,330.0,0.048692360176510394,0.0,2.0,3.0,4.0,7.0
4099.0,add,0.06182215833591397,3223.0,339.0,0.03490980089318058,0.0,2.0,3.0,9.0,9.0
4100.0,add,0.007349722690539098,3224.0,346.0,0.009056546846297142,0.0,3.0,2.0,10.0,7.0
4101.0,add,0.007349722690539091,3225.0,345.0,0.008125551852247297,0.0,3.0,2.0,9.0,7.0
4102.0,delete,0.012009862965269862,3226.0,138.0,0.02367371171177869,0.0,8.0,3.0,6.0,3.0
4103.0,add,0.018136983804599473,3227.0,189.0,0.026843263626500104,0.0,4.0,7.0,5.0,5.0
4104.0,add,0.06389360813463185,3228.0,10.0,0.024114857180137866,4.0,2.0,2.0,3.0,3.0
4105.0,delete,0.06182215833591397,3229.0,340.0,0.030304780708090142,0.0,2.0,3.0,9.0,8.0
4106.0,delete,0.0182658774642173,3230.0,316.0,0.03635396453635011,0.0,2.0,4.0,4.0,6.0
4107.0,delete,0.012352120354234653,3231.0,267.0,0.02019874754367813,0.0,4.0,3.0,8.0,6.0
4108.0,add,0.008204410698271195,3232.0,232.0,0.018240036209829155,0.0,5.0,8.0,4.0,5.0
4109.0,add,0.007349722690539091,3233.0,348.0,0.007349722690539091,0.0,3.0,2.0,11.0,7.0
4110.0,add,0.009083391906833738,3233.0,348.0,0.007349722690539091,0.0,3.0,3.0,11.0,7.0
4111.0,delete,0.01890640182052005,3233.0,348.0,0.007349722690539091,0.0,3.0,2.0,11.0,6.0
4112.0,swap,0.015145779232061831,3233.0,348.0,0.007349722690539091,0.0,2.0,3.0,11.0,7.0
4113.0,add,0.007481092175295444,3234.0,79.0,0.021666387593079577,0.0,1.0,5.0,4.0,5.0
4114.0,add,0.006889827193003657,3235.0,295.0,0.026535553808960645,0.0,5.0,2.0,5.0,7.0
4115.0,add,0.022859235688757203,3236.0,331.0,0.0469477315483523,0.0,2.0,4.0,4.0,7.0
4116.0,add,0.007349722690539091,3237.0,347.0,0.01156700366809876,0.0,4.0,2.0,10.0,7.0
4117.0,delete,0.011806063195441916,3238.0,139.0,0.023687571356822305,0.0,7.0,2.0,6.0,4.0
4118.0,add,0.014702325047605191,3239.0,346.0,0.010042497751138054,0.0,4.0,2.0,10.0,6.0
4119.0,add,0.04138244610683253,3240.0,190.0,0.0266274824159291,0.0,5.0,6.0,5.0,6.0
4120.0,add,0.0635246740531731,3241.0,11.0,0.02394179047131367,4.0,2.0,2.0,4.0,3.0
4121.0,delete,0.023608206476046247,3242.0,317.0,0.03614391391608941,0.0,3.0,4.0,2.0,6.0
4122.0,add,0.06061302506971431,3243.0,341.0,0.023748805957146957,0.0,2.0,3.0,11.0,7.0
4123.0,add,0.0076498268326106,3244.0,268.0,0.02031329620508824,0.0,4.0,3.0,8.0,7.0
4124.0,add,0.025733466836943587,3245.0,233.0,0.01830533933220496,0.0,4.0,9.0,4.0,6.0
4125.0,delete,0.062012457321955074,3246.0,332.0,0.045933043437058556,0.0,2.0,3.0,4.0,7.0
4126.0,add,0.011647669685945215,3247.0,80.0,0.02173140991781265,0.0,2.0,5.0,5.0,4.0
4127.0,add,0.006939459289224846,3248.0,296.0,0.026948440908999116,0.0,5.0,3.0,5.0,7.0
4128.0,add,0.009083391906833738,3249.0,349.0,0.009083391906833738,0.0,3.0,3.0,11.0,7.0
4129.0,delete,0.009083391906833745,3249.0,349.0,0.009083391906833738,0.0,2.0,3.0,11.0,7.0
4130.0,swap,0.008809972464543432,3249.0,349.0,0.009083391906833738,0.0,3.0,3.0,12.0,6.0
4131.0,add,0.007349722690539091,3250.0,348.0,0.009015037046261163,0.0,3.0,2.0,12.0,7.0
4132.0,delete,0.009083391906833745,3251.0,350.0,0.009083391906833745,0.0,2.0,3.0,11.0,7.0
4133.0,delete,0.009083391906833745,3251.0,350.0,0.009083391906833745,0.0,2.0,3.0,10.0,7.0
4134.0,swap,0.008053591642907264,3251.0,350.0,0.009083391906833745,0.0,2.0,3.0,10.0,8.0
4135.0,add,0.011173072834462209,3252.0,140.0,0.023727195827701702,0.0,7.0,3.0,6.0,4.0
4136.0,add,0.0640257761152935,3253.0,12.0,0.02370107534593458,4.0,2.0,2.0,5.0,3.0
4137.0,delete,0.0604224035953469,3254.0,191.0,0.026422023669070028,0.0,4.0,6.0,4.0,7.0
4138.0,delete,0.008276611771914303,3255.0,269.0,0.020328438266309964,0.0,4.0,2.0,8.0,7.0
4139.0,delete,0.014232108019027563,3256.0,318.0,0.036035970368250854,0.0,3.0,3.0,3.0,5.0
4140.0,add,0.023637883218150503,3257.0,234.0,0.018302021514582427,0.0,4.0,9.0,4.0,7.0
4141.0,delete,0.014468007439647238,3258.0,297.0,0.02686200149361695,0.0,5.0,3.0,4.0,7.0
4142.0,add,0.007211844654618181,3259.0,81.0,0.021751039737448054,0.0,1.0,7.0,5.0,4.0
4143.0,add,0.062012457321955074,3260.0,333.0,0.042806320909995185,0.0,2.0,3.0,4.0,8.0
4144.0,delete,0.060892465808801345,3261.0,342.0,0.016641169700245085,0.0,3.0,3.0,10.0,6.0
4145.0,add,0.007349722690539085,3262.0,347.0,0.009671661188950588,0.0,4.0,2.0,10.0,7.0
4146.0,delete,0.009083391906833745,3263.0,349.0,0.008825941840852124,0.0,3.0,3.0,10.0,7.0
4147.0,delete,0.009083391906833745,3264.0,351.0,0.009083391906833745,0.0,2.0,3.0,10.0,7.0
4148.0,add,0.014355272778681146,3264.0,351.0,0.009083391906833745,0.0,2.0,3.0,10.0,8.0
4149.0,delete,0.009083391906833745,3264.0,351.0,0.009083391906833745,0.0,2.0,3.0,9.0,7.0
4150.0,swap,0.012179883511999867,3264.0,351.0,0.009083391906833745,0.0,2.0,4.0,9.0,7.0
4151.0,delete,0.010630450805607919,3265.0,141.0,0.023757949370823067,0.0,6.0,4.0,5.0,4.0
4152.0,add,0.06287075345899443,3266.0,13.0,0.02343049922528906,4.0,2.0,2.0,6.0,3.0
4153.0,add,0.11023816884447375,3267.0,192.0,0.026121986356778554,0.0,4.0,6.0,5.0,7.0
4154.0,add,0.008589071604294743,3268.0,270.0,0.020480218564851705,0.0,4.0,3.0,9.0,6.0
4155.0,delete,0.007982447177613759,3269.0,235.0,0.018385254008491853,0.0,4.0,8.0,4.0,7.0
4156.0,delete,0.009868183269056141,3270.0,298.0,0.02703028230472109,0.0,3.0,3.0,5.0,7.0
4157.0,delete,0.026112463653797036,3271.0,319.0,0.03567539639376336,0.0,2.0,2.0,3.0,6.0
4158.0,add,0.008374889068866131,3272.0,82.0,0.021822619355843727,0.0,2.0,7.0,5.0,4.0
4159.0,add,0.05043467006781423,3273.0,334.0,0.04014388254094429,0.0,2.0,3.0,5.0,8.0
4160.0,delete,0.06081904805726058,3274.0,343.0,0.010490092346420104,0.0,3.0,3.0,9.0,6.0
4161.0,add,0.01950842985234748,3275.0,348.0,0.009493506026410827,0.0,3.0,3.0,11.0,7.0
4162.0,delete,0.009083391906833745,3276.0,350.0,0.01075706640223645,0.0,2.0,3.0,10.0,7.0
4163.0,delete,0.023614966928422836,3277.0,142.0,0.023814945191838337,0.0,6.0,4.0,4.0,4.0
4164.0,delete,0.007349722690539091,3278.0,344.0,0.009479296484271146,0.0,3.0,2.0,9.0,6.0
4165.0,add,0.041896260389594375,3279.0,320.0,0.035423240800655946,0.0,2.0,3.0,3.0,6.0
4166.0,add,0.03966426682014203,3280.0,193.0,0.026083258177198487,0.0,4.0,5.0,6.0,8.0
4167.0,add,0.014558475966493007,3281.0,352.0,0.014355272778681146,0.0,2.0,3.0,10.0,8.0
4168.0,delete,0.014355272778681146,3281.0,352.0,0.014355272778681146,0.0,2.0,3.0,9.0,8.0
4169.0,swap,0.010539675163095492,3281.0,352.0,0.014355272778681146,0.0,2.0,4.0,10.0,7.0
4170.0,add,0.0626549287522812,3282.0,14.0,0.023322482564274778,4.0,3.0,2.0,6.0,3.0
4171.0,add,0.007327192432714746,3283.0,236.0,0.018549640287361308,0.0,5.0,8.0,4.0,7.0
4172.0,add,0.008952087130353491,3284.0,271.0,0.02072223407280822,0.0,4.0,3.0,10.0,6.0
4173.0,delete,0.02243099456567497,3285.0,299.0,0.02725617002976765,0.0,3.0,3.0,5.0,6.0
4174.0,add,0.008149332523728995,3286.0,83.0,0.021893424098101317,0.0,3.0,7.0,5.0,4.0
4175.0,add,0.062012457321955074,3287.0,335.0,0.037217959210679115,0.0,3.0,3.0,6.0,7.0
4176.0,delete,0.009904942836954833,3288.0,349.0,0.010586608860745701,0.0,3.0,3.0,11.0,6.0
4177.0,add,0.009083391906833738,3289.0,351.0,0.013452174171737698,0.0,2.0,3.0,11.0,7.0
4178.0,delete,0.015216160105331507,3290.0,353.0,0.014355272778681146,0.0,2.0,3.0,9.0,8.0
4179.0,add,0.010502766226613256,3290.0,353.0,0.014355272778681146,0.0,2.0,3.0,9.0,9.0
4180.0,delete,0.014355272778681146,3290.0,353.0,0.014355272778681146,0.0,2.0,3.0,9.0,7.0
4181.0,swap,0.014355272778681146,3290.0,353.0,0.014355272778681146,0.0,2.0,3.0,9.0,8.0
4182.0,add,0.01136301430072046,3291.0,143.0,0.02380841590875919,0.0,5.0,4.0,6.0,4.0
4183.0,add,0.028687024074856682,3292.0,194.0,0.025869163323410643,0.0,5.0,5.0,6.0,8.0
4184.0,add,0.06259102832628165,3293.0,15.0,0.023121002776623094,4.0,5.0,2.0,5.0,3.0
4185.0,delete,0.009358478914643243,3294.0,300.0,0.02744796815995021,0.0,3.0,3.0,4.0,6.0
4186.0,delete,0.009318076587283997,3295.0,237.0,0.018635211359151648,0.0,4.0,7.0,5.0,7.0
4187.0,add,0.007966235955417079,3296.0,272.0,0.020867400510798943,0.0,4.0,4.0,9.0,7.0
4188.0,delete,0.041988967964432564,3297.0,321.0,0.03451782973614248,0.0,1.0,3.0,3.0,6.0
4189.0,add,0.007349722690539091,3298.0,345.0,0.010295549949546453,0.0,3.0,2.0,9.0,7.0
4190.0,add,0.00850777920533507,3299.0,84.0,0.021938415417037737,0.0,3.0,6.0,5.0,6.0
4191.0,add,0.06201245732195502,3300.0,336.0,0.03350765219759268,0.0,3.0,3.0,7.0,7.0
4192.0,delete,0.009083391906833745,3301.0,350.0,0.01184535797303046,0.0,2.0,3.0,10.0,7.0
4193.0,delete,0.014367988660075173,3302.0,352.0,0.01375694893359764,0.0,2.0,3.0,9.0,8.0
4194.0,add,0.010502766226613256,3303.0,354.0,0.010502766226613256,0.0,2.0,3.0,9.0,9.0
4195.0,delete,0.0128941159084219,3303.0,354.0,0.010502766226613256,0.0,2.0,3.0,9.0,8.0
4196.0,swap,0.010611919530599622,3303.0,354.0,0.010502766226613256,0.0,3.0,3.0,8.0,9.0
4197.0,add,0.021499818038155618,3304.0,144.0,0.023848176181064915,0.0,6.0,4.0,5.0,5.0
4198.0,add,0.009399073456427574,3305.0,195.0,0.025799323102741342,0.0,6.0,6.0,6.0,7.0
4199.0,delete,0.009843081916492046,3306.0,301.0,0.027661683309512616,0.0,2.0,3.0,5.0,5.0
4200.0,add,0.06227489191051636,3307.0,16.0,0.0228976958342654,4.0,5.0,3.0,5.0,3.0
4201.0,delete,0.013261446964078107,3308.0,273.0,0.020992880691878577,0.0,4.0,3.0,9.0,7.0
4202.0,add,0.007329144084282336,3309.0,238.0,0.018689342338870433,0.0,4.0,8.0,6.0,6.0
4203.0,add,0.047924766440331355,3310.0,322.0,0.03427855311716598,0.0,1.0,4.0,3.0,6.0
4204.0,add,0.018207486867528266,3311.0,346.0,0.010872559609030734,0.0,3.0,2.0,10.0,7.0
4205.0,add,0.009083391906833745,3312.0,351.0,0.012746026985292426,0.0,2.0,3.0,10.0,8.0
4206.0,add,0.00675435153707044,3313.0,85.0,0.021979995608529368,0.0,5.0,6.0,5.0,5.0
4207.0,add,0.061538451158221534,3314.0,337.0,0.03059457000416889,0.0,2.0,3.0,9.0,7.0
4208.0,add,0.014355272778681146,3315.0,353.0,0.011127891973062009,0.0,2.0,3.0,10.0,8.0
4209.0,delete,0.0128941159084219,3316.0,355.0,0.0128941159084219,0.0,2.0,3.0,9.0,8.0
4210.0,delete,0.008053591642907264,3316.0,355.0,0.0128941159084219,0.0,2.0,3.0,9.0,7.0
4211.0,swap,0.014833807123201705,3316.0,355.0,0.0128941159084219,0.0,2.0,4.0,9.0,7.0
4212.0,delete,0.011017913418341047,3317.0,145.0,0.023883723164853977,0.0,7.0,3.0,5.0,4.0
4213.0,delete,0.017690297059545383,3318.0,196.0,0.025864057880542007,0.0,5.0,6.0,6.0,7.0
4214.0,delete,0.024497909301193718,3319.0,302.0,0.027871199671255804,0.0,1.0,3.0,4.0,6.0
4215.0,add,0.02696736998124861,3320.0,323.0,0.033805357904193464,0.0,2.0,3.0,3.0,7.0
4216.0,add,0.064542235343693,3321.0,17.0,0.022733067476915,4.0,5.0,3.0,5.0,4.0
4217.0,add,0.008952087130353491,3322.0,274.0,0.021223130591902322,0.0,5.0,3.0,10.0,6.0
4218.0,add,0.008736498485135857,3323.0,239.0,0.01882989963641132,0.0,4.0,8.0,6.0,7.0
4219.0,add,0.007349722690539091,3324.0,347.0,0.011125251601280374,0.0,3.0,2.0,10.0,8.0
4220.0,delete,0.014367988660075173,3325.0,352.0,0.012869101726685397,0.0,2.0,3.0,9.0,8.0
4221.0,delete,0.010611919530599622,3326.0,354.0,0.012168907645738192,0.0,2.0,3.0,8.0,9.0
4222.0,add,0.01198230034930064,3327.0,86.0,0.022022752083126616,0.0,5.0,6.0,5.0,6.0
4223.0,add,0.06459384526040664,3328.0,338.0,0.026459151674743452,0.0,3.0,3.0,9.0,7.0
4224.0,delete,0.008053591642907264,3329.0,356.0,0.008053591642907264,0.0,2.0,3.0,9.0,7.0
4225.0,add,0.008053591642907264,3329.0,356.0,0.008053591642907264,0.0,2.0,3.0,9.0,8.0
4226.0,delete,0.008053591642907264,3329.0,356.0,0.008053591642907264,0.0,2.0,3.0,9.0,6.0
4227.0,swap,0.017424298671635845,3329.0,356.0,0.008053591642907264,0.0,2.0,3.0,8.0,8.0
4228.0,delete,0.008574394975194844,3330.0,146.0,0.023907162738365528,0.0,7.0,4.0,4.0,3.0
4229.0,add,0.01573328117181043,3331.0,197.0,0.02587458112037224,0.0,5.0,6.0,6.0,8.0
4230.0,add,0.02420803271148982,3332.0,303.0,0.027647179470367253,0.0,1.0,4.0,5.0,5.0
4231.0,delete,0.007556687302351198,3333.0,324.0,0.03357784817800744,0.0,2.0,3.0,4.0,5.0
4232.0,add,0.06123173540830772,3334.0,18.0,0.022543831643923488,4.0,5.0,3.0,5.0,5.0
4233.0,delete,0.014455812633826219,3335.0,240.0,0.018909703079501912,0.0,4.0,9.0,6.0,5.0
4234.0,add,0.013618659925111194,3336.0,275.0,0.0213253346439236,0.0,6.0,3.0,9.0,7.0
4235.0,add,0.007349722690539091,3337.0,348.0,0.011203099350687728,0.0,3.0,2.0,12.0,7.0
4236.0,add,0.02799925251996334,3338.0,353.0,0.011295796036647486,0.0,3.0,3.0,9.0,8.0
4237.0,delete,0.013289169647279782,3339.0,87.0,0.022061816041622655,0.0,5.0,6.0,5.0,5.0
4238.0,delete,0.0128941159084219,3340.0,355.0,0.009927733048652982,0.0,2.0,3.0,9.0,7.0
4239.0,add,0.06333279607439962,3341.0,339.0,0.023473601301565186,0.0,2.0,3.0,9.0,9.0
4240.0,delete,0.01809243275019861,3342.0,147.0,0.023959318962957186,0.0,7.0,3.0,4.0,3.0
4241.0,add,0.008053591642907264,3343.0,357.0,0.008053591642907264,0.0,2.0,3.0,9.0,8.0
4242.0,add,0.008053591642907264,3343.0,357.0,0.008053591642907264,0.0,2.0,3.0,9.0,9.0
4243.0,delete,0.008053591642907264,3343.0,357.0,0.008053591642907264,0.0,2.0,3.0,8.0,8.0
4244.0,swap,0.00918873821308382,3343.0,357.0,0.008053591642907264,0.0,2.0,3.0,8.0,9.0
4245.0,add,0.03213228893121386,3344.0,198.0,0.025884635117129934,0.0,4.0,7.0,7.0,8.0
4246.0,add,0.022231381842450586,3345.0,304.0,0.02749574053405777,0.0,2.0,3.0,5.0,6.0
4247.0,delete,0.06469209151813927,3346.0,19.0,0.022354017498680556,4.0,5.0,2.0,5.0,5.0
4248.0,delete,0.011408524344788751,3347.0,325.0,0.033275539757544735,0.0,2.0,2.0,3.0,6.0
4249.0,add,0.013492151309771683,3348.0,241.0,0.01900765789246403,0.0,4.0,10.0,6.0,5.0
4250.0,add,0.010789833004647198,3349.0,276.0,0.021428088437482284,0.0,5.0,4.0,10.0,7.0
4251.0,delete,0.011369786113014804,3350.0,349.0,0.011427608457965912,0.0,2.0,3.0,11.0,7.0
4252.0,delete,0.014355272778681146,3351.0,354.0,0.010508303768866968,0.0,2.0,3.0,9.0,8.0
4253.0,add,0.04647875830365486,3352.0,88.0,0.02204356048979148,0.0,6.0,5.0,5.0,6.0
4254.0,delete,0.022667289739567074,3353.0,340.0,0.020515050109589126,0.0,1.0,3.0,10.0,8.0
4255.0,add,0.0128941159084219,3354.0,356.0,0.008280620956942574,0.0,2.0,3.0,9.0,8.0
4256.0,add,0.01122504207803761,3355.0,148.0,0.023920248561698408,0.0,7.0,3.0,4.0,4.0
4257.0,delete,0.012894115908421912,3356.0,355.0,0.009888764563810394,0.0,2.0,3.0,8.0,8.0
4258.0,add,0.012583329827362133,3357.0,326.0,0.03327223313639733,0.0,2.0,2.0,4.0,6.0
4259.0,delete,0.012204327257315484,3358.0,305.0,0.02744425174081966,0.0,0.0,3.0,5.0,7.0
4260.0,delete,0.016865958604283124,3359.0,199.0,0.025833845257312648,0.0,4.0,5.0,7.0,9.0
4261.0,delete,0.009083391906833745,3360.0,350.0,0.011883762594147794,0.0,2.0,3.0,10.0,7.0
4262.0,add,0.008053591642907264,3361.0,358.0,0.008053591642907264,0.0,2.0,3.0,9.0,9.0
4263.0,delete,0.008053591642907264,3361.0,358.0,0.008053591642907264,0.0,2.0,3.0,9.0,8.0
4264.0,swap,0.014177875128723622,3361.0,358.0,0.008053591642907264,0.0,2.0,4.0,9.0,8.0
4265.0,add,0.062157245244394636,3362.0,20.0,0.022119976548180886,4.0,4.0,3.0,5.0,6.0
4266.0,delete,0.021981444466891945,3363.0,242.0,0.019024034290995365,0.0,5.0,9.0,6.0,4.0
4267.0,add,0.006860774680165752,3364.0,277.0,0.021435946767627594,0.0,5.0,5.0,9.0,8.0
4268.0,delete,0.06356491459108239,3365.0,89.0,0.02191090831010026,0.0,4.0,5.0,5.0,7.0
4269.0,add,0.016172386495275384,3366.0,357.0,0.009584662514361353,0.0,2.0,3.0,9.0,9.0
4270.0,add,0.059265627347278645,3367.0,341.0,0.01748844767451749,0.0,2.0,3.0,11.0,7.0
4271.0,delete,0.008053591642907264,3368.0,359.0,0.008053591642907264,0.0,2.0,3.0,9.0,8.0
4272.0,add,0.008053591642907264,3368.0,359.0,0.008053591642907264,0.0,2.0,3.0,9.0,9.0
4273.0,delete,0.008053591642907264,3368.0,359.0,0.008053591642907264,0.0,2.0,3.0,9.0,7.0
4274.0,swap,0.01218288715081341,3368.0,359.0,0.008053591642907264,0.0,2.0,2.0,9.0,9.0
4275.0,add,0.017954277045734726,3369.0,149.0,0.023892400630015766,0.0,8.0,3.0,4.0,4.0
4276.0,delete,0.03273735712724261,3370.0,200.0,0.025695160297348477,0.0,4.0,6.0,6.0,8.0
4277.0,delete,0.012204327257315484,3371.0,306.0,0.027451182924022002,0.0,0.0,3.0,4.0,7.0
4278.0,add,0.012506989837587358,3372.0,327.0,0.03301162469866531,0.0,2.0,2.0,4.0,7.0
4279.0,add,0.0649459791001534,3373.0,21.0,0.021955575971227576,4.0,4.0,4.0,5.0,6.0
4280.0,add,0.012644970168858263,3374.0,243.0,0.01905840012908893,0.0,5.0,9.0,5.0,6.0
4281.0,delete,0.010730044589093274,3375.0,278.0,0.021524898470248827,0.0,5.0,4.0,8.0,9.0
4282.0,add,0.009083391906833738,3376.0,351.0,0.011918805002803515,0.0,3.0,3.0,10.0,7.0
4283.0,delete,0.04497142397075682,3377.0,90.0,0.021821557147376436,0.0,4.0,5.0,4.0,7.0
4284.0,add,0.008053591642907264,3378.0,356.0,0.009792737691605966,0.0,2.0,3.0,9.0,8.0
4285.0,delete,0.02457593507595104,3379.0,342.0,0.014433597591336644,0.0,3.0,2.0,10.0,7.0
4286.0,delete,0.008053591642907264,3380.0,358.0,0.008879450744488492,0.0,2.0,3.0,8.0,9.0
4287.0,add,0.008791491284066344,3381.0,360.0,0.008053591642907264,0.0,2.0,3.0,9.0,9.0
4288.0,delete,0.008053591642907264,3381.0,360.0,0.008053591642907264,0.0,2.0,3.0,9.0,8.0
4289.0,swap,0.007673099088496049,3381.0,360.0,0.008053591642907264,0.0,2.0,3.0,9.0,9.0
4290.0,add,0.0132315544864294,3382.0,150.0,0.023876002047851428,0.0,7.0,4.0,4.0,5.0
4291.0,delete,0.025366475784279596,3383.0,201.0,0.025558571388055614,0.0,4.0,5.0,6.0,8.0
4292.0,add,0.03320869664103446,3384.0,307.0,0.02743163108397485,0.0,1.0,4.0,3.0,7.0
4293.0,delete,0.023484329352065597,3385.0,328.0,0.03286612327632018,0.0,1.0,2.0,5.0,6.0
4294.0,delete,0.0675152189432786,3386.0,22.0,0.02181571815667825,4.0,5.0,3.0,5.0,5.0
4295.0,delete,0.00804509491143689,3387.0,244.0,0.01908496422326377,0.0,5.0,8.0,5.0,6.0
4296.0,delete,0.012128173686173837,3388.0,279.0,0.02157364746410559,0.0,4.0,4.0,8.0,9.0
4297.0,delete,0.014355272778681146,3389.0,352.0,0.01150429665108027,0.0,2.0,3.0,9.0,8.0
4298.0,delete,0.015360727004801813,3390.0,91.0,0.021741010666249498,0.0,4.0,3.0,5.0,7.0
4299.0,add,0.014346699740240807,3391.0,357.0,0.009494344022356379,0.0,2.0,4.0,9.0,8.0
4300.0,delete,0.02123677565280492,3392.0,343.0,0.011468324517869714,0.0,2.0,3.0,9.0,7.0
4301.0,add,0.009832647034146071,3393.0,359.0,0.00814294341459423,0.0,2.0,4.0,9.0,8.0
4302.0,delete,0.008053591642907264,3394.0,361.0,0.008053591642907264,0.0,2.0,3.0,9.0,8.0
4303.0,delete,0.007349722690539091,3394.0,361.0,0.008053591642907264,0.0,2.0,2.0,9.0,8.0
4304.0,swap,0.01590208472042883,3394.0,361.0,0.008053591642907264,0.0,2.0,3.0,8.0,9.0
4305.0,add,0.01689526465592699,3395.0,151.0,0.023902059839360286,0.0,7.0,5.0,5.0,4.0
4306.0,add,0.03281671978490509,3396.0,202.0,0.02546181617688522,0.0,5.0,6.0,5.0,8.0
4307.0,delete,0.016946370764475804,3397.0,308.0,0.02748439242495533,0.0,1.0,4.0,2.0,7.0
4308.0,add,0.012506989837587358,3398.0,329.0,0.03298072954019691,0.0,2.0,2.0,4.0,7.0
4309.0,delete,0.06835173988023112,3399.0,23.0,0.021632264263296317,4.0,4.0,4.0,5.0,4.0
4310.0,delete,0.015117439568747022,3400.0,245.0,0.018983027542889594,0.0,5.0,7.0,5.0,6.0
4311.0,delete,0.010277413675697475,3401.0,280.0,0.021577400264399898,0.0,4.0,4.0,8.0,8.0
4312.0,add,0.035635995773814724,3402.0,353.0,0.011003573819025699,0.0,2.0,4.0,9.0,8.0
4313.0,delete,0.01789489059963362,3403.0,92.0,0.021751802273711422,0.0,2.0,4.0,5.0,7.0
4314.0,delete,0.016172386495275384,3404.0,358.0,0.009085159497603126,0.0,2.0,3.0,9.0,8.0
4315.0,delete,0.007349722690539091,3405.0,344.0,0.010807973957846188,0.0,3.0,2.0,8.0,7.0
4316.0,delete,0.008053591642907264,3406.0,360.0,0.009839747674195612,0.0,2.0,3.0,8.0,9.0
4317.0,delete,0.007349722690539091,3407.0,362.0,0.007349722690539091,0.0,2.0,2.0,9.0,8.0
4318.0,delete,0.007349722690539091,3407.0,362.0,0.007349722690539091,0.0,2.0,2.0,8.0,8.0
4319.0,swap,0.007349722690539091,3407.0,362.0,0.007349722690539091,0.0,2.0,2.0,9.0,8.0
4320.0,add,0.056966951157278636,3408.0,152.0,0.023910573515108943,0.0,7.0,7.0,4.0,4.0
4321.0,add,0.009113482618486934,3409.0,309.0,0.027508851862511185,0.0,1.0,4.0,4.0,6.0
4322.0,add,0.03273735712724261,3410.0,203.0,0.025382606387976868,0.0,5.0,6.0,6.0,8.0
4323.0,add,0.024695937056527083,3411.0,330.0,0.03286517504204214,0.0,2.0,2.0,4.0,8.0
4324.0,delete,0.013065931143682553,3412.0,246.0,0.018979491402007994,0.0,4.0,7.0,5.0,6.0
4325.0,add,0.0712453281386782,3413.0,24.0,0.021442544683002218,4.0,5.0,5.0,4.0,4.0
4326.0,delete,0.010277413675697475,3414.0,281.0,0.021612929177569917,0.0,4.0,4.0,7.0,8.0
4327.0,delete,0.010502766226613256,3415.0,354.0,0.01031115304220893,0.0,2.0,3.0,8.0,9.0
4328.0,add,0.007546220660494066,3416.0,359.0,0.008651048288410226,0.0,2.0,4.0,9.0,8.0
4329.0,add,0.02862333274286532,3417.0,93.0,0.021736635936339996,0.0,3.0,5.0,4.0,7.0
4330.0,delete,0.008053591642907264,3418.0,361.0,0.007349722690539091,0.0,2.0,3.0,8.0,8.0
4331.0,add,0.022760858829738242,3419.0,345.0,0.010795277095169828,0.0,3.0,3.0,9.0,6.0
4332.0,delete,0.007437987600220488,3420.0,363.0,0.007349722690539091,0.0,2.0,2.0,8.0,8.0
4333.0,add,0.012404199274043699,3420.0,363.0,0.007349722690539091,0.0,2.0,2.0,8.0,9.0
4334.0,delete,0.007349722690539091,3420.0,363.0,0.007349722690539091,0.0,2.0,2.0,8.0,7.0
4335.0,swap,0.020292295771392844,3420.0,363.0,0.007349722690539091,0.0,2.0,2.0,8.0,8.0
4336.0,add,0.02804436954716327,3421.0,153.0,0.023909319735101613,0.0,7.0,7.0,5.0,4.0
4337.0,delete,0.010855631797142795,3422.0,204.0,0.0253305990438456,0.0,4.0,6.0,5.0,9.0
4338.0,add,0.008847718169915622,3423.0,310.0,0.027346297618313625,0.0,2.0,4.0,3.0,7.0
4339.0,delete,0.020264319031892877,3424.0,247.0,0.01888235360943064,0.0,4.0,7.0,5.0,5.0
4340.0,delete,0.31818136949290127,3425.0,25.0,0.021254426701655924,4.0,4.0,4.0,5.0,4.0
4341.0,delete,0.011698810072177475,3426.0,282.0,0.021628490803581486,0.0,4.0,4.0,5.0,9.0
4342.0,add,0.06382983377078319,3427.0,331.0,0.031725408838340706,0.0,2.0,3.0,4.0,8.0
4343.0,delete,0.0128941159084219,3428.0,355.0,0.00999855873362508,0.0,2.0,3.0,9.0,7.0
4344.0,delete,0.013335074596383271,3429.0,360.0,0.009615349799262336,0.0,2.0,3.0,9.0,8.0
4345.0,add,0.017135417597673716,3430.0,94.0,0.02173838400765157,0.0,4.0,4.0,4.0,8.0
4346.0,delete,0.007349722690539091,3431.0,362.0,0.010966785605347043,0.0,2.0,2.0,9.0,7.0
4347.0,add,0.008836420207856114,3432.0,346.0,0.011085620817696953,0.0,3.0,3.0,10.0,6.0
4348.0,add,0.01240419927404371,3433.0,364.0,0.012404199274043699,0.0,2.0,2.0,8.0,9.0
4349.0,delete,0.012404199274043699,3433.0,364.0,0.012404199274043699,0.0,2.0,2.0,7.0,9.0
4350.0,swap,0.01230148795466404,3433.0,364.0,0.012404199274043699,0.0,2.0,2.0,9.0,8.0
4351.0,delete,0.009558533814486611,3434.0,205.0,0.02536233155160012,0.0,5.0,6.0,5.0,7.0
4352.0,add,0.011928083982837897,3435.0,154.0,0.02390972989509607,0.0,8.0,6.0,6.0,4.0
4353.0,delete,0.06201245732195502,3436.0,332.0,0.030462135611295453,0.0,2.0,3.0,3.0,8.0
4354.0,delete,0.009416961170917908,3437.0,248.0,0.01875188209114626,0.0,4.0,6.0,5.0,5.0
4355.0,delete,0.07142480819709139,3438.0,26.0,0.021042313734254817,4.0,5.0,3.0,4.0,4.0
4356.0,delete,0.01227538800635418,3439.0,283.0,0.021785373455452773,0.0,3.0,4.0,5.0,9.0
4357.0,add,0.008456079904613046,3440.0,311.0,0.027604520032191465,0.0,3.0,4.0,4.0,6.0
4358.0,add,0.008053591642907264,3441.0,356.0,0.01000905716127752,0.0,2.0,3.0,9.0,8.0
4359.0,delete,0.008053591642907271,3442.0,361.0,0.009953561302657713,0.0,2.0,3.0,8.0,8.0
4360.0,delete,0.010626574342042752,3443.0,95.0,0.021741068867551075,0.0,4.0,3.0,4.0,8.0
4361.0,add,0.007349722690539091,3444.0,363.0,0.012378521444198789,0.0,2.0,2.0,9.0,8.0
4362.0,delete,0.012404199274043699,3445.0,365.0,0.012404199274043699,0.0,2.0,2.0,7.0,9.0
4363.0,delete,0.012404199274043699,3445.0,365.0,0.012404199274043699,0.0,2.0,2.0,7.0,8.0
4364.0,swap,0.007188797887619849,3445.0,365.0,0.012404199274043699,0.0,1.0,2.0,8.0,9.0
4365.0,add,0.007349722690539098,3446.0,347.0,0.01101062275166618,0.0,3.0,2.0,10.0,8.0
4366.0,delete,0.07620209727696124,3447.0,206.0,0.02525853536665434,0.0,5.0,5.0,4.0,8.0
4367.0,add,0.008053591642907264,3448.0,357.0,0.010088860936592814,0.0,3.0,3.0,9.0,8.0
4368.0,add,0.013087802485875655,3449.0,155.0,0.02394487892742781,0.0,7.0,7.0,6.0,5.0
4369.0,delete,0.012354272397001582,3450.0,284.0,0.021749961825051282,0.0,4.0,4.0,5.0,7.0
4370.0,delete,0.21101472417382752,3451.0,27.0,0.020772694800256637,3.0,5.0,2.0,5.0,4.0
4371.0,add,0.0330771317266715,3452.0,249.0,0.018540658465163423,0.0,4.0,5.0,6.0,6.0
4372.0,add,0.061822158335913945,3453.0,333.0,0.028730230972219585,0.0,2.0,3.0,5.0,7.0
4373.0,add,0.007457171316947722,3454.0,312.0,0.027637035458157093,0.0,2.0,5.0,4.0,7.0
4374.0,delete,0.007349722690539091,3455.0,362.0,0.010664650488174776,0.0,2.0,2.0,9.0,7.0
4375.0,delete,0.007305081708746326,3456.0,96.0,0.02179202913551248,0.0,3.0,4.0,4.0,7.0
4376.0,delete,0.012404199274043699,3457.0,364.0,0.011100348927437737,0.0,2.0,2.0,8.0,8.0
4377.0,delete,0.012404199274043699,3458.0,366.0,0.012404199274043699,0.0,2.0,2.0,7.0,8.0
4378.0,delete,0.007349722690539091,3458.0,366.0,0.012404199274043699,0.0,2.0,2.0,7.0,7.0
4379.0,swap,0.012404199274043699,3458.0,366.0,0.012404199274043699,0.0,2.0,2.0,7.0,8.0
4380.0,add,0.007349722690539091,3459.0,348.0,0.011012326276836133,0.0,3.0,2.0,11.0,8.0
4381.0,delete,0.08754780804445948,3460.0,207.0,0.02484696300771295,0.0,5.0,5.0,4.0,7.0
4382.0,delete,0.008053591642907264,3461.0,358.0,0.009860858335391656,0.0,2.0,3.0,9.0,8.0
4383.0,add,0.014221176606803805,3462.0,363.0,0.011118610451309305,0.0,2.0,2.0,8.0,9.0
4384.0,add,0.012271442219984578,3463.0,156.0,0.02399949783703962,0.0,8.0,6.0,6.0,6.0
4385.0,delete,0.032722721088718904,3464.0,250.0,0.018268081009620223,0.0,4.0,5.0,5.0,6.0
4386.0,add,0.019099161528909052,3465.0,28.0,0.020468837555700906,2.0,6.0,3.0,5.0,4.0
4387.0,add,0.012354272397001572,3466.0,285.0,0.02182919316046757,0.0,5.0,4.0,5.0,7.0
4388.0,delete,0.04070649575168233,3467.0,313.0,0.027625273529650742,0.0,2.0,4.0,4.0,7.0
4389.0,add,0.06382983377078319,3468.0,334.0,0.026982230237022342,0.0,2.0,3.0,5.0,8.0
4390.0,delete,0.01240419927404371,3469.0,365.0,0.011140580128167547,0.0,2.0,2.0,6.0,9.0
4391.0,add,0.007035304089989036,3470.0,97.0,0.021861174553510197,0.0,4.0,3.0,5.0,7.0
4392.0,delete,0.007349722690539091,3471.0,367.0,0.007349722690539091,0.0,2.0,2.0,7.0,7.0
4393.0,add,0.007349722690539091,3471.0,367.0,0.007349722690539091,0.0,2.0,2.0,8.0,7.0
4394.0,delete,0.007349722690539091,3471.0,367.0,0.007349722690539091,0.0,2.0,2.0,6.0,7.0
4395.0,swap,0.015883843469329344,3471.0,367.0,0.007349722690539091,0.0,2.0,1.0,7.0,8.0
4396.0,delete,0.018092472409586995,3472.0,208.0,0.024498816140658974,0.0,5.0,3.0,5.0,7.0
4397.0,delete,0.009083391906833738,3473.0,349.0,0.011016316866030638,0.0,3.0,3.0,10.0,7.0
4398.0,add,0.017090199193111166,3474.0,359.0,0.009963133904726947,0.0,2.0,3.0,9.0,9.0
4399.0,delete,0.012152025052747708,3475.0,157.0,0.024032858720999313,0.0,8.0,7.0,5.0,5.0
4400.0,delete,0.016728507069441453,3476.0,251.0,0.018162798232420573,0.0,4.0,4.0,5.0,6.0
4401.0,delete,0.020791097259088037,3477.0,29.0,0.020418363193515705,1.0,5.0,3.0,5.0,5.0
4402.0,delete,0.01240419927404371,3478.0,364.0,0.010715455925954725,0.0,2.0,2.0,7.0,9.0
4403.0,add,0.006968475582774529,3479.0,286.0,0.021976762344071445,0.0,5.0,4.0,5.0,8.0
4404.0,add,0.016657443207461868,3480.0,314.0,0.02770406050397564,0.0,2.0,5.0,5.0,6.0
4405.0,add,0.062012457321955074,3481.0,335.0,0.025130931802531054,0.0,2.0,3.0,6.0,8.0
4406.0,delete,0.006980240258038593,3482.0,98.0,0.021889177179001042,0.0,4.0,3.0,5.0,6.0
4407.0,delete,0.01240419927404371,3483.0,366.0,0.009056546846297142,0.0,2.0,2.0,6.0,8.0
4408.0,add,0.007349722690539091,3484.0,368.0,0.007349722690539091,0.0,2.0,2.0,8.0,7.0
4409.0,add,0.007349722690539091,3484.0,368.0,0.007349722690539091,0.0,3.0,2.0,8.0,7.0
4410.0,delete,0.007349722690539091,3484.0,368.0,0.007349722690539091,0.0,2.0,2.0,7.0,7.0
4411.0,swap,0.009469873470721937,3484.0,368.0,0.007349722690539091,0.0,2.0,3.0,7.0,7.0
4412.0,delete,0.018092472409587012,3485.0,209.0,0.024146802824295092,0.0,5.0,3.0,4.0,7.0
4413.0,delete,0.009904942836954825,3486.0,350.0,0.011071772352736629,0.0,2.0,3.0,11.0,6.0
4414.0,delete,0.008053591642907264,3487.0,360.0,0.010074815316616696,0.0,2.0,3.0,8.0,9.0
4415.0,add,0.022843646666435555,3488.0,158.0,0.024033153389390438,0.0,7.0,7.0,7.0,5.0
4416.0,add,0.010269132944998009,3489.0,252.0,0.018135458263618925,0.0,4.0,4.0,5.0,7.0
4417.0,add,0.19865163758026105,3490.0,30.0,0.020346120138282294,2.0,5.0,4.0,5.0,4.0
4418.0,delete,0.00827577460718889,3491.0,287.0,0.02207449021473514,0.0,5.0,4.0,5.0,7.0
4419.0,delete,0.023659601892299424,3492.0,315.0,0.02761128690320494,0.0,3.0,4.0,4.0,6.0
4420.0,delete,0.012404199274043699,3493.0,365.0,0.009915912296003101,0.0,2.0,2.0,7.0,8.0
4421.0,delete,0.0069802402580385866,3494.0,99.0,0.021907375932567016,0.0,3.0,3.0,5.0,6.0
4422.0,add,0.06201245732195502,3495.0,336.0,0.023042402235194052,0.0,2.0,3.0,8.0,7.0
4423.0,add,0.007349722690539091,3496.0,367.0,0.00777375284657566,0.0,3.0,2.0,7.0,7.0
4424.0,delete,0.012404199274043699,3497.0,366.0,0.00877779070349161,0.0,2.0,2.0,7.0,7.0
4425.0,add,0.009083391906833738,3498.0,351.0,0.011137917401626249,0.0,2.0,3.0,11.0,7.0
4426.0,delete,0.07446940919575633,3499.0,210.0,0.023811103439726738,0.0,5.0,3.0,4.0,6.0
4427.0,add,0.007521519121283276,3500.0,369.0,0.007349722690539091,0.0,3.0,2.0,8.0,7.0
4428.0,delete,0.007349722690539091,3500.0,369.0,0.007349722690539091,0.0,3.0,2.0,7.0,7.0
4429.0,swap,0.012089217825927515,3500.0,369.0,0.007349722690539091,0.0,2.0,3.0,8.0,7.0
4430.0,delete,0.02273293311130042,3501.0,159.0,0.02403593966588883,0.0,7.0,6.0,6.0,6.0
4431.0,delete,0.010869016297964548,3502.0,288.0,0.022179759661514784,0.0,4.0,3.0,5.0,8.0
4432.0,add,0.008747261881097222,3503.0,253.0,0.018176875547829215,0.0,5.0,5.0,5.0,6.0
4433.0,add,0.015433977555364754,3504.0,31.0,0.02033507048165409,2.0,5.0,4.0,5.0,5.0
4434.0,delete,0.00864664160252087,3505.0,316.0,0.027639021147863888,0.0,3.0,4.0,4.0,5.0
4435.0,delete,0.008053591642907264,3506.0,361.0,0.0099686160803783,0.0,2.0,3.0,9.0,7.0
4436.0,delete,0.007094882278359201,3507.0,100.0,0.021955159460659766,0.0,2.0,3.0,4.0,7.0
4437.0,add,0.007349722690539091,3508.0,368.0,0.008577545582072243,0.0,2.0,2.0,8.0,8.0
4438.0,add,0.061822158335913945,3509.0,337.0,0.021300828336990905,0.0,2.0,3.0,8.0,8.0
4439.0,delete,0.007319952110891547,3510.0,370.0,0.007349722690539091,0.0,3.0,2.0,7.0,7.0
4440.0,add,0.007349722690539091,3510.0,370.0,0.007349722690539091,0.0,3.0,2.0,8.0,7.0
4441.0,delete,0.007349722690539091,3510.0,370.0,0.007349722690539091,0.0,3.0,2.0,6.0,7.0
4442.0,swap,0.013694154349571934,3510.0,370.0,0.007349722690539091,0.0,2.0,2.0,8.0,7.0
4443.0,delete,0.06319310873661659,3511.0,211.0,0.02328375477854291,0.0,5.0,2.0,3.0,7.0
4444.0,delete,0.014355272778681146,3512.0,352.0,0.010928012391903273,0.0,2.0,3.0,10.0,7.0
4445.0,delete,0.014666797507652499,3513.0,160.0,0.024045267888342034,0.0,7.0,6.0,5.0,6.0
4446.0,delete,0.009225589461926873,3514.0,317.0,0.0275593290562932,0.0,3.0,4.0,3.0,5.0
4447.0,delete,0.01721632566386125,3515.0,254.0,0.018207824470125627,0.0,5.0,3.0,5.0,7.0
4448.0,delete,0.01012349648481765,3516.0,32.0,0.020348545832144967,2.0,5.0,4.0,5.0,4.0
4449.0,add,0.02338213304405992,3517.0,289.0,0.02222861700643432,0.0,5.0,2.0,5.0,9.0
4450.0,delete,0.02029229577139285,3518.0,362.0,0.010088297133418519,0.0,2.0,2.0,9.0,7.0
4451.0,add,0.007349722690539091,3519.0,367.0,0.008303015792374859,0.0,2.0,2.0,8.0,7.0
4452.0,add,0.008029622252295397,3520.0,101.0,0.022008834552801695,0.0,3.0,3.0,3.0,8.0
4453.0,delete,0.013694154349571934,3521.0,369.0,0.008612654906416151,0.0,2.0,2.0,8.0,7.0
4454.0,add,0.016070176124956235,3522.0,338.0,0.0190839473011857,0.0,2.0,4.0,9.0,7.0
4455.0,add,0.007349722690539091,3523.0,371.0,0.007349722690539091,0.0,3.0,2.0,8.0,7.0
4456.0,add,0.007349722690539091,3523.0,371.0,0.007349722690539091,0.0,3.0,2.0,9.0,7.0
4457.0,delete,0.007349722690539091,3523.0,371.0,0.007349722690539091,0.0,3.0,2.0,8.0,6.0
4458.0,swap,0.007228135585126725,3523.0,371.0,0.007349722690539091,0.0,4.0,2.0,8.0,6.0
4459.0,add,0.09645039107592691,3524.0,212.0,0.0226990875089239,0.0,4.0,3.0,3.0,8.0
4460.0,delete,0.020374079443326195,3525.0,161.0,0.024042532858908536,0.0,7.0,5.0,5.0,6.0
4461.0,delete,0.03151016365673429,3526.0,318.0,0.027378349745349723,0.0,2.0,3.0,3.0,6.0
4462.0,delete,0.011452787875151254,3527.0,290.0,0.022234889930248667,0.0,5.0,2.0,5.0,8.0
4463.0,delete,0.031962893845590534,3528.0,33.0,0.020347958031347466,2.0,4.0,5.0,5.0,3.0
4464.0,add,0.012932381586890588,3529.0,255.0,0.01818497734816798,0.0,5.0,4.0,5.0,7.0
4465.0,add,0.014355272778681146,3530.0,353.0,0.010635062372170335,0.0,3.0,3.0,9.0,8.0
4466.0,add,0.007349722690539091,3531.0,363.0,0.009922248513005964,0.0,3.0,2.0,8.0,8.0
4467.0,delete,0.007656188748836414,3532.0,102.0,0.0220497011800794,0.0,4.0,2.0,3.0,7.0
4468.0,add,0.023275805198445323,3533.0,368.0,0.008596065347620403,0.0,2.0,3.0,8.0,7.0
4469.0,add,0.012938415887391717,3534.0,370.0,0.007325405269456617,0.0,3.0,3.0,7.0,7.0
4470.0,add,0.050215729265297104,3535.0,339.0,0.01734679016178349,0.0,2.0,3.0,9.0,9.0
4471.0,delete,0.010502766226613247,3536.0,354.0,0.010300367841156632,0.0,2.0,3.0,8.0,9.0
4472.0,delete,0.09451351168717596,3537.0,213.0,0.02227075938682024,0.0,4.0,3.0,2.0,8.0
4473.0,delete,0.007349722690539091,3538.0,369.0,0.008997558947798944,0.0,2.0,2.0,8.0,7.0
4474.0,delete,0.012404199274043699,3539.0,364.0,0.010043470436141698,0.0,2.0,2.0,7.0,9.0
4475.0,delete,0.04339713175054171,3540.0,319.0,0.02711858121116273,0.0,2.0,3.0,2.0,6.0
4476.0,add,0.010576934849827933,3541.0,162.0,0.024095680137047312,0.0,7.0,6.0,5.0,6.0
4477.0,delete,0.013023555022892392,3542.0,291.0,0.022323888746506003,0.0,5.0,2.0,4.0,8.0
4478.0,delete,0.011015250309141411,3543.0,34.0,0.020318532953095325,2.0,3.0,4.0,5.0,4.0
4479.0,delete,0.012957230877094087,3544.0,256.0,0.01818092659741007,0.0,5.0,4.0,6.0,5.0
4480.0,add,0.007349722690539091,3545.0,372.0,0.007349722690539091,0.0,3.0,2.0,9.0,7.0
4481.0,add,0.007349722690539091,3545.0,372.0,0.007349722690539091,0.0,3.0,2.0,10.0,7.0
4482.0,delete,0.013694154349571934,3545.0,372.0,0.007349722690539091,0.0,2.0,2.0,9.0,7.0
4483.0,swap,0.00903160034439843,3545.0,372.0,0.007349722690539091,0.0,3.0,3.0,8.0,7.0
4484.0,add,0.0069802402580385866,3546.0,103.0,0.022111717606813516,0.0,5.0,3.0,2.0,7.0
4485.0,delete,0.06089246580880132,3547.0,340.0,0.01568091305232921,0.0,2.0,3.0,9.0,8.0
4486.0,delete,0.0128941159084219,3548.0,355.0,0.010114947493741842,0.0,2.0,3.0,9.0,7.0
4487.0,add,0.007349722690539091,3549.0,371.0,0.008954984553117527,0.0,4.0,2.0,8.0,7.0
4488.0,add,0.06000367601031407,3550.0,214.0,0.02188079887457649,0.0,4.0,2.0,4.0,8.0
4489.0,delete,0.04074888132432548,3551.0,365.0,0.009734991661315879,0.0,2.0,2.0,7.0,8.0
4490.0,add,0.007349722690539091,3552.0,370.0,0.008576396818205675,0.0,4.0,2.0,7.0,7.0
4491.0,delete,0.008484900913524905,3553.0,292.0,0.022439109402524575,0.0,5.0,2.0,5.0,6.0
4492.0,add,0.01058765689905785,3554.0,163.0,0.02415572352995132,0.0,6.0,7.0,6.0,6.0
4493.0,delete,0.011015250309141392,3555.0,35.0,0.020344705996624468,2.0,2.0,4.0,5.0,4.0
4494.0,delete,0.014321735417452514,3556.0,257.0,0.018206163267777402,0.0,3.0,4.0,6.0,6.0
4495.0,add,0.0414949454229575,3557.0,320.0,0.026692028784096086,0.0,1.0,3.0,4.0,6.0
4496.0,add,0.0074095160873459765,3558.0,373.0,0.007349722690539091,0.0,3.0,2.0,10.0,7.0
4497.0,add,0.007349722690539091,3558.0,373.0,0.007349722690539091,0.0,3.0,2.0,11.0,7.0
4498.0,delete,0.007349722690539091,3558.0,373.0,0.007349722690539091,0.0,3.0,2.0,10.0,6.0
4499.0,swap,0.015883843469329344,3558.0,373.0,0.007349722690539091,0.0,3.0,1.0,11.0,7.0
4500.0,add,0.0299944309753689,3559.0,104.0,0.022146280320142955,0.0,4.0,3.0,2.0,9.0
4501.0,add,0.061678210370776664,3560.0,341.0,0.014249256233643292,0.0,2.0,3.0,10.0,8.0
4502.0,add,0.008042925721870464,3561.0,356.0,0.010244101516462763,0.0,2.0,3.0,10.0,7.0
4503.0,delete,0.06580257159896791,3562.0,215.0,0.021626303929696826,0.0,4.0,2.0,3.0,8.0
4504.0,delete,0.01240419927404371,3563.0,366.0,0.009307338616651112,0.0,2.0,1.0,7.0,8.0
4505.0,add,0.026595338757566075,3564.0,372.0,0.009068505525658518,0.0,3.0,3.0,9.0,7.0
4506.0,delete,0.06433307776020031,3565.0,321.0,0.026284214667586278,0.0,1.0,2.0,3.0,7.0
4507.0,delete,0.009819942923917368,3566.0,164.0,0.024253226560674187,0.0,6.0,7.0,5.0,6.0
4508.0,delete,0.009703664219796319,3567.0,258.0,0.018336791692560223,0.0,4.0,4.0,5.0,5.0
4509.0,add,0.12964551492567455,3568.0,36.0,0.020398734846155876,2.0,3.0,4.0,4.0,5.0
4510.0,add,0.008301448766982307,3569.0,293.0,0.022667766026691072,0.0,5.0,3.0,4.0,7.0
4511.0,add,0.007539530927316049,3570.0,371.0,0.01061025355922239,0.0,3.0,3.0,8.0,7.0
4512.0,add,0.007349722690539091,3571.0,374.0,0.007349722690539091,0.0,3.0,2.0,11.0,7.0
4513.0,add,0.007265321315377162,3571.0,374.0,0.007349722690539091,0.0,3.0,2.0,12.0,7.0
4514.0,delete,0.007349722690539091,3571.0,374.0,0.007349722690539091,0.0,2.0,2.0,11.0,7.0
4515.0,swap,0.013694154349571934,3571.0,374.0,0.007349722690539091,0.0,2.0,2.0,11.0,8.0
4516.0,add,0.013238969010220283,3572.0,105.0,0.02217447041905536,0.0,5.0,3.0,2.0,9.0
4517.0,delete,0.02123677565280492,3573.0,342.0,0.0126290268291418,0.0,2.0,3.0,10.0,7.0
4518.0,add,0.008053591642907264,3574.0,357.0,0.010438681689687384,0.0,2.0,3.0,9.0,9.0
4519.0,add,0.05985721699643598,3575.0,216.0,0.021312217621264874,0.0,4.0,3.0,2.0,9.0
4520.0,add,0.020172076224028706,3576.0,367.0,0.009488168889519713,0.0,2.0,2.0,7.0,8.0
4521.0,add,0.007349722690539091,3577.0,373.0,0.008601728747313273,0.0,3.0,2.0,11.0,7.0
4522.0,delete,0.011075470134571446,3578.0,165.0,0.02427767437496977,0.0,6.0,7.0,4.0,6.0
4523.0,delete,0.007741126762302813,3579.0,294.0,0.022704317577634206,0.0,4.0,2.0,5.0,7.0
4524.0,add,0.008751988608272329,3580.0,259.0,0.018331985807371977,0.0,4.0,4.0,6.0,5.0
4525.0,add,0.010106077376090877,3581.0,37.0,0.020402978451986204,2.0,3.0,5.0,4.0,5.0
4526.0,add,0.041988967964432564,3582.0,322.0,0.02588980680127351,0.0,1.0,3.0,3.0,7.0
4527.0,add,0.012342711838338901,3583.0,372.0,0.010449682738402275,0.0,3.0,2.0,9.0,8.0
4528.0,add,0.007265321315377162,3584.0,375.0,0.007265321315377162,0.0,3.0,2.0,12.0,7.0
4529.0,delete,0.007265321315377168,3584.0,375.0,0.007265321315377162,0.0,3.0,2.0,11.0,7.0
4530.0,swap,0.008204472877901615,3584.0,375.0,0.007265321315377162,0.0,4.0,2.0,11.0,7.0
4531.0,delete,0.01271661451400076,3585.0,106.0,0.022179442592269245,0.0,5.0,3.0,2.0,8.0
4532.0,delete,0.06089246580880132,3586.0,343.0,0.011151564890339912,0.0,3.0,3.0,9.0,6.0
4533.0,delete,0.008053591642907264,3587.0,358.0,0.010377327669771707,0.0,2.0,3.0,9.0,8.0
4534.0,delete,0.06892519752286032,3588.0,217.0,0.021035975139312754,0.0,3.0,2.0,2.0,10.0
4535.0,add,0.012214972427587008,3589.0,374.0,0.007500109206008276,0.0,3.0,2.0,11.0,8.0
4536.0,add,0.013752371698007809,3590.0,368.0,0.009704169800845446,0.0,3.0,2.0,8.0,7.0
4537.0,delete,0.016555414086068167,3591.0,166.0,0.02431493390012064,0.0,5.0,7.0,4.0,6.0
4538.0,delete,0.007265321315377168,3592.0,376.0,0.007265321315377168,0.0,3.0,2.0,11.0,7.0
4539.0,add,0.007265321315377168,3592.0,376.0,0.007265321315377168,0.0,3.0,2.0,11.0,8.0
4540.0,delete,0.007265321315377168,3592.0,376.0,0.007265321315377168,0.0,3.0,2.0,11.0,6.0
4541.0,swap,0.007279089171072016,3592.0,376.0,0.007265321315377168,0.0,3.0,3.0,10.0,7.0
4542.0,add,0.012892848685550502,3593.0,38.0,0.02038779175137536,2.0,3.0,6.0,4.0,5.0
4543.0,add,0.008525316759911795,3594.0,260.0,0.018382045308364684,0.0,4.0,3.0,8.0,5.0
4544.0,add,0.008426563296354469,3595.0,295.0,0.022768679842558686,0.0,6.0,2.0,5.0,6.0
4545.0,add,0.06179759066416198,3596.0,323.0,0.02527993421012526,0.0,2.0,3.0,3.0,7.0
4546.0,add,0.0121609746813987,3597.0,107.0,0.0222054516265613,0.0,5.0,4.0,3.0,7.0
4547.0,delete,0.018996306012793042,3598.0,344.0,0.010600667345006845,0.0,3.0,2.0,9.0,6.0
4548.0,add,0.01234271183833889,3599.0,373.0,0.00817025053432514,0.0,3.0,2.0,10.0,8.0
4549.0,delete,0.06892519752286032,3600.0,218.0,0.02075300037125523,0.0,3.0,2.0,2.0,9.0
4550.0,add,0.008053591642907264,3601.0,359.0,0.01036518921114928,0.0,2.0,3.0,9.0,9.0
4551.0,delete,0.007349722690539091,3602.0,369.0,0.009289599991327703,0.0,3.0,2.0,8.0,6.0
4552.0,delete,0.007265321315377162,3603.0,375.0,0.007268074886516138,0.0,3.0,2.0,12.0,6.0
4553.0,add,0.01684833137813058,3604.0,167.0,0.024331098430155396,0.0,6.0,7.0,5.0,5.0
4554.0,delete,0.026560449644471087,3605.0,324.0,0.025150251750723506,0.0,2.0,3.0,3.0,6.0
4555.0,add,0.01684995665723169,3606.0,296.0,0.022913725356617863,0.0,5.0,3.0,5.0,7.0
4556.0,add,0.009240040172782836,3607.0,261.0,0.01847564134083361,0.0,5.0,4.0,7.0,5.0
4557.0,add,0.013201999947439338,3608.0,39.0,0.020409652838688494,2.0,3.0,6.0,5.0,5.0
4558.0,add,0.007265321315377168,3609.0,377.0,0.007265321315377168,0.0,3.0,2.0,11.0,8.0
4559.0,add,0.007265321315377162,3609.0,377.0,0.007265321315377168,0.0,3.0,2.0,12.0,8.0
4560.0,delete,0.007265321315377168,3609.0,377.0,0.007265321315377168,0.0,3.0,2.0,11.0,7.0
4561.0,swap,0.007349722690539091,3609.0,377.0,0.007265321315377168,0.0,4.0,2.0,10.0,8.0
4562.0,delete,0.012146798296799962,3610.0,108.0,0.022217419394560622,0.0,5.0,4.0,2.0,7.0
4563.0,add,0.007349722690539085,3611.0,345.0,0.010597443592429017,0.0,3.0,2.0,9.0,7.0
4564.0,delete,0.04602842476378154,3612.0,219.0,0.020417999284422377,0.0,4.0,1.0,2.0,8.0
4565.0,delete,0.016172386495275384,3613.0,360.0,0.010215909620358747,0.0,2.0,3.0,9.0,8.0
4566.0,add,0.007349722690539091,3614.0,374.0,0.007692962165776528,0.0,3.0,2.0,11.0,8.0
4567.0,add,0.007349722690539091,3615.0,370.0,0.008956351318531142,0.0,3.0,2.0,8.0,7.0
4568.0,delete,0.01913200436575778,3616.0,168.0,0.024330517304386692,0.0,6.0,7.0,4.0,5.0
4569.0,delete,0.04126021985749238,3617.0,325.0,0.024852190871598012,0.0,1.0,3.0,3.0,6.0
4570.0,delete,0.013787283463820988,3618.0,297.0,0.02290297702949805,0.0,5.0,3.0,4.0,7.0
4571.0,add,0.013811737409111818,3619.0,376.0,0.007282201590409551,0.0,3.0,2.0,11.0,8.0
4572.0,delete,0.007087463208927249,3620.0,40.0,0.0204117392025562,2.0,3.0,6.0,3.0,6.0
4573.0,add,0.014119898660079932,3621.0,262.0,0.018495636474500685,0.0,6.0,3.0,7.0,6.0
4574.0,delete,0.007265321315377162,3622.0,375.0,0.007869374526703658,0.0,3.0,2.0,12.0,6.0
4575.0,add,0.007198240032783036,3623.0,378.0,0.007265321315377162,0.0,3.0,2.0,12.0,8.0
4576.0,add,0.007265321315377162,3623.0,378.0,0.007265321315377162,0.0,3.0,2.0,13.0,8.0
4577.0,delete,0.007265321315377162,3623.0,378.0,0.007265321315377162,0.0,3.0,2.0,11.0,8.0
4578.0,swap,0.008977705239064313,3623.0,378.0,0.007265321315377162,0.0,3.0,3.0,12.0,7.0
4579.0,delete,0.011617716754898536,3624.0,109.0,0.0222196933050641,0.0,6.0,3.0,1.0,7.0
4580.0,add,0.06892519752286039,3625.0,220.0,0.020039925474326866,0.0,3.0,2.0,2.0,9.0
4581.0,add,0.007128488475430107,3626.0,346.0,0.010587485801908205,0.0,3.0,2.0,11.0,6.0
4582.0,delete,0.008053591642907264,3627.0,361.0,0.010067830263426154,0.0,2.0,3.0,8.0,8.0
4583.0,add,0.007803668712681057,3628.0,371.0,0.009013228354234114,0.0,3.0,3.0,8.0,7.0
4584.0,add,0.00895190376113182,3629.0,169.0,0.0243236041080013,0.0,6.0,8.0,4.0,5.0
4585.0,delete,0.007401155933993861,3630.0,298.0,0.02281529935666686,0.0,4.0,3.0,5.0,6.0
4586.0,add,0.010923760086763665,3631.0,326.0,0.024568847498740578,0.0,2.0,3.0,3.0,6.0
4587.0,delete,0.007415586472588064,3632.0,41.0,0.02042617527382378,2.0,3.0,5.0,4.0,5.0
4588.0,add,0.007265321315377162,3633.0,377.0,0.007594381843595767,0.0,3.0,2.0,12.0,8.0
4589.0,add,0.008522927302222991,3634.0,263.0,0.01845979358174972,0.0,5.0,3.0,8.0,7.0
4590.0,add,0.00959337451479634,3635.0,376.0,0.008017695870830763,0.0,3.0,3.0,11.0,7.0
4591.0,delete,0.011153203229061336,3636.0,110.0,0.022236602587258368,0.0,5.0,2.0,2.0,7.0
4592.0,add,0.007265321315377162,3637.0,379.0,0.007265321315377162,0.0,3.0,2.0,13.0,8.0
4593.0,delete,0.007265321315377162,3637.0,379.0,0.007265321315377162,0.0,3.0,2.0,12.0,8.0
4594.0,swap,0.020943908165879592,3637.0,379.0,0.007265321315377162,0.0,3.0,2.0,13.0,8.0
4595.0,add,0.009959581225241834,3638.0,347.0,0.010549109180651595,0.0,3.0,3.0,10.0,7.0
4596.0,add,0.08766978174724827,3639.0,221.0,0.019640118082463142,0.0,3.0,2.0,4.0,8.0
4597.0,delete,0.007349722690539091,3640.0,362.0,0.010201743458994899,0.0,2.0,2.0,9.0,7.0
4598.0,add,0.006753151983894451,3641.0,378.0,0.01068496802800277,0.0,3.0,3.0,12.0,8.0
4599.0,delete,0.011948084449185733,3642.0,299.0,0.02276367087085341,0.0,4.0,3.0,5.0,5.0
4600.0,add,0.015741541138641957,3643.0,170.0,0.024324990266814967,0.0,7.0,7.0,4.0,6.0
4601.0,add,0.007349722690539091,3644.0,372.0,0.009186867967510991,0.0,4.0,2.0,9.0,7.0
4602.0,add,0.012506989837587358,3645.0,327.0,0.024391404783394195,0.0,2.0,2.0,4.0,7.0
4603.0,add,0.010878425133491581,3646.0,42.0,0.020447874978398208,2.0,3.0,7.0,4.0,4.0
4604.0,delete,0.013738411445758044,3647.0,264.0,0.0184578910823492,0.0,6.0,3.0,7.0,6.0
4605.0,delete,0.007349080300503594,3648.0,380.0,0.007265321315377162,0.0,3.0,2.0,12.0,8.0
4606.0,delete,0.007265321315377162,3648.0,380.0,0.007265321315377162,0.0,3.0,2.0,12.0,7.0
4607.0,swap,0.012046884109201343,3648.0,380.0,0.007265321315377162,0.0,3.0,2.0,11.0,9.0
4608.0,add,0.018893220244676035,3649.0,111.0,0.022252272661120204,0.0,5.0,3.0,2.0,7.0
4609.0,add,0.007267577516260141,3650.0,363.0,0.010042392257155119,0.0,2.0,3.0,8.0,8.0
4610.0,add,0.007349722690539091,3651.0,348.0,0.010492006622666318,0.0,4.0,2.0,11.0,7.0
4611.0,add,0.008207708796066662,3652.0,377.0,0.008778939926074342,0.0,3.0,3.0,11.0,8.0
4612.0,add,0.060926448458883106,3653.0,222.0,0.019237814259065115,0.0,3.0,3.0,3.0,9.0
4613.0,delete,0.007265321315377162,3654.0,379.0,0.008481651760114815,0.0,3.0,2.0,12.0,8.0
4614.0,delete,0.009358478914643243,3655.0,300.0,0.022713532915469674,0.0,3.0,3.0,4.0,6.0
4615.0,delete,0.007265321315377162,3656.0,381.0,0.007265321315377162,0.0,3.0,2.0,12.0,7.0
4616.0,add,0.007265321315377162,3656.0,381.0,0.007265321315377162,0.0,3.0,2.0,13.0,7.0
4617.0,delete,0.0209439081658796,3656.0,381.0,0.007265321315377162,0.0,3.0,2.0,12.0,6.0
4618.0,swap,0.0209439081658796,3656.0,381.0,0.007265321315377162,0.0,3.0,2.0,13.0,6.0
4619.0,add,0.007298282090815667,3657.0,43.0,0.020459733379747998,2.0,3.0,6.0,6.0,4.0
4620.0,add,0.017703731641089227,3658.0,171.0,0.024308568557717822,0.0,6.0,7.0,5.0,7.0
4621.0,delete,0.013143488408520322,3659.0,265.0,0.018445353197388954,0.0,5.0,3.0,7.0,6.0
4622.0,delete,0.012281484174533334,3660.0,328.0,0.02419386910487764,0.0,2.0,2.0,4.0,6.0
4623.0,add,0.007124701944467082,3661.0,112.0,0.022276004152170573,0.0,6.0,3.0,2.0,7.0
4624.0,delete,0.012404199274043699,3662.0,364.0,0.010099852851109273,0.0,2.0,2.0,7.0,9.0
4625.0,delete,0.009083391906833738,3663.0,349.0,0.010565657716805692,0.0,3.0,3.0,11.0,6.0
4626.0,add,0.00756668364371158,3664.0,373.0,0.009045470714245468,0.0,3.0,3.0,10.0,7.0
4627.0,add,0.008054483302346026,3665.0,378.0,0.010756776161452179,0.0,3.0,3.0,12.0,8.0
4628.0,add,0.08063705284354379,3666.0,223.0,0.01889735842677681,0.0,3.0,5.0,3.0,8.0
4629.0,delete,0.011642434336908787,3667.0,301.0,0.022731558274780867,0.0,2.0,3.0,5.0,5.0
4630.0,delete,0.007265321315377162,3668.0,380.0,0.012736756055578136,0.0,3.0,2.0,11.0,8.0
4631.0,add,0.007265321315377162,3669.0,382.0,0.007265321315377162,0.0,3.0,2.0,13.0,7.0
4632.0,add,0.01437374526093412,3669.0,382.0,0.007265321315377162,0.0,3.0,3.0,13.0,7.0
4633.0,delete,0.007265321315377162,3669.0,382.0,0.007265321315377162,0.0,3.0,2.0,12.0,7.0
4634.0,swap,0.007364448666599472,3669.0,382.0,0.007265321315377162,0.0,3.0,2.0,12.0,8.0
4635.0,add,0.019278524495283,3670.0,44.0,0.020464041126703005,2.0,3.0,7.0,5.0,5.0
4636.0,add,0.01577433488062894,3671.0,172.0,0.02431713571849821,0.0,6.0,7.0,6.0,7.0
4637.0,add,0.007529924263997289,3672.0,266.0,0.01844662808022857,0.0,4.0,3.0,8.0,7.0
4638.0,delete,0.0071247019444670755,3673.0,113.0,0.02230558648357107,0.0,6.0,3.0,2.0,6.0
4639.0,add,0.012506989837587358,3674.0,329.0,0.02408744490246844,0.0,2.0,2.0,4.0,7.0
4640.0,delete,0.009083391906833745,3675.0,350.0,0.010535253214934244,0.0,2.0,3.0,11.0,6.0
4641.0,delete,0.007188797887619849,3676.0,365.0,0.009904179819175053,0.0,1.0,2.0,7.0,9.0
4642.0,add,0.007349722690539091,3677.0,374.0,0.008953872719625083,0.0,4.0,2.0,11.0,7.0
4643.0,delete,0.029215409946891036,3678.0,224.0,0.01849726363263919,0.0,3.0,4.0,3.0,8.0
4644.0,delete,0.034486166327609806,3679.0,302.0,0.02267901419712553,0.0,1.0,3.0,5.0,5.0
4645.0,delete,0.007265321315377162,3680.0,379.0,0.010081753228001072,0.0,3.0,2.0,13.0,7.0
4646.0,add,0.008979243262364179,3681.0,381.0,0.008706831574733015,0.0,3.0,3.0,12.0,7.0
4647.0,delete,0.00745054178416861,3682.0,173.0,0.024318973412304518,0.0,6.0,7.0,6.0,6.0
4648.0,delete,0.007349722690539091,3683.0,375.0,0.00897454892756956,0.0,3.0,2.0,11.0,7.0
4649.0,delete,0.008294568854850108,3684.0,267.0,0.01848861667895864,0.0,4.0,2.0,8.0,7.0
4650.0,add,0.024695937056527083,3685.0,330.0,0.023985667008838963,0.0,2.0,2.0,4.0,8.0
4651.0,add,0.016678083143995156,3686.0,45.0,0.020449559428148616,2.0,3.0,7.0,5.0,6.0
4652.0,delete,0.007265321315377162,3687.0,380.0,0.010563380128538176,0.0,3.0,2.0,11.0,8.0
4653.0,delete,0.007884377190247446,3688.0,114.0,0.022324675048353535,0.0,5.0,3.0,1.0,7.0
4654.0,delete,0.012404199274043699,3689.0,366.0,0.00936833308779101,0.0,2.0,2.0,7.0,7.0
4655.0,add,0.014365290089258027,3690.0,383.0,0.01437374526093412,0.0,3.0,3.0,13.0,7.0
4656.0,delete,0.014000863024455747,3690.0,383.0,0.01437374526093412,0.0,3.0,2.0,13.0,7.0
4657.0,swap,0.01437374526093412,3690.0,383.0,0.01437374526093412,0.0,3.0,3.0,14.0,6.0
4658.0,add,0.018267579223563403,3691.0,351.0,0.010548616838039251,0.0,3.0,3.0,10.0,7.0
4659.0,add,0.02805751789917868,3692.0,225.0,0.018406046463090273,0.0,3.0,5.0,3.0,8.0
4660.0,add,0.008657963269699302,3693.0,303.0,0.02245181394497626,0.0,1.0,3.0,5.0,6.0
4661.0,add,0.013341724099064055,3694.0,382.0,0.014278410908895504,0.0,3.0,2.0,13.0,8.0
4662.0,delete,0.008227367926063876,3695.0,174.0,0.024318843760694445,0.0,5.0,8.0,6.0,5.0
4663.0,delete,0.014000863024455747,3696.0,384.0,0.014000863024455747,0.0,3.0,2.0,13.0,7.0
4664.0,delete,0.014000863024455747,3696.0,384.0,0.014000863024455747,0.0,3.0,2.0,13.0,6.0
4665.0,swap,0.014000863024455747,3696.0,384.0,0.014000863024455747,0.0,3.0,2.0,13.0,7.0
4666.0,delete,0.01876714306440699,3697.0,46.0,0.020434572466595545,2.0,3.0,6.0,5.0,6.0
4667.0,add,0.0118734477514568,3698.0,268.0,0.018515210545804572,0.0,4.0,3.0,8.0,7.0
4668.0,add,0.09250182068449726,3699.0,331.0,0.023343743397180677,0.0,3.0,3.0,4.0,7.0
4669.0,add,0.0076651003815440405,3700.0,115.0,0.022379324235436218,0.0,5.0,3.0,3.0,6.0
4670.0,add,0.012404199274043699,3701.0,367.0,0.00959322134449691,0.0,2.0,2.0,7.0,8.0
4671.0,delete,0.007349722690539091,3702.0,352.0,0.01060963905573527,0.0,2.0,2.0,10.0,8.0
4672.0,add,0.007265321315377162,3703.0,376.0,0.010042713299749055,0.0,3.0,2.0,12.0,7.0
4673.0,add,0.011631744638826694,3704.0,381.0,0.011584431744854493,0.0,4.0,2.0,12.0,7.0
4674.0,delete,0.008420454834864022,3705.0,383.0,0.014000863024455747,0.0,2.0,3.0,13.0,7.0
4675.0,add,0.016741279733904088,3706.0,226.0,0.018252913813030642,0.0,4.0,6.0,3.0,7.0
4676.0,add,0.022155887111235055,3707.0,304.0,0.022388740147952935,0.0,1.0,3.0,6.0,6.0
4677.0,delete,0.008829600844158127,3708.0,175.0,0.02436161723227384,0.0,5.0,7.0,6.0,5.0
4678.0,delete,0.014000863024455747,3709.0,385.0,0.014000863024455747,0.0,3.0,2.0,13.0,6.0
4679.0,delete,0.014567842028615965,3709.0,385.0,0.014000863024455747,0.0,2.0,2.0,13.0,6.0
4680.0,swap,0.014000863024455747,3709.0,385.0,0.014000863024455747,0.0,3.0,2.0,13.0,6.0
4681.0,delete,0.031225283853572972,3710.0,47.0,0.020407563721746038,2.0,3.0,6.0,5.0,5.0
4682.0,delete,0.008843432008710598,3711.0,269.0,0.018590355238767998,0.0,4.0,3.0,8.0,6.0
4683.0,delete,0.011501022655432451,3712.0,332.0,0.022521270012832346,0.0,2.0,3.0,4.0,7.0
4684.0,delete,0.007634216184510911,3713.0,116.0,0.022396695733347606,0.0,6.0,3.0,2.0,5.0
4685.0,add,0.007265321315377162,3714.0,377.0,0.010545555357008768,0.0,3.0,2.0,12.0,8.0
4686.0,add,0.007757294634670213,3715.0,368.0,0.00969872964875697,0.0,2.0,3.0,8.0,7.0
4687.0,add,0.008261033606464935,3716.0,353.0,0.010465625987967775,0.0,2.0,4.0,9.0,8.0
4688.0,add,0.007265321315377155,3717.0,382.0,0.013620664976700399,0.0,3.0,2.0,14.0,7.0
4689.0,delete,0.008589933436668713,3718.0,384.0,0.014142607775495801,0.0,2.0,2.0,13.0,7.0
4690.0,delete,0.011514797970150986,3719.0,305.0,0.022274698812035386,0.0,1.0,2.0,5.0,7.0
4691.0,add,0.012111497326459702,3720.0,227.0,0.01814948969568363,0.0,4.0,6.0,3.0,8.0
4692.0,delete,0.008420542962780692,3721.0,176.0,0.024361750319860247,0.0,4.0,8.0,5.0,5.0
4693.0,delete,0.014567842028615965,3722.0,386.0,0.014567842028615965,0.0,2.0,2.0,13.0,6.0
4694.0,delete,0.014567842028615977,3722.0,386.0,0.014567842028615965,0.0,2.0,2.0,12.0,6.0
4695.0,swap,0.014568685730874938,3722.0,386.0,0.014567842028615965,0.0,2.0,2.0,12.0,7.0
4696.0,delete,0.03251078374832363,3723.0,48.0,0.020344617491048846,2.0,2.0,5.0,6.0,5.0
4697.0,add,0.006889266982235847,3724.0,270.0,0.01859343075197763,0.0,4.0,3.0,8.0,7.0
4698.0,add,0.11378458997794265,3725.0,333.0,0.021508209140770763,0.0,2.0,4.0,4.0,7.0
4699.0,add,0.007265321315377162,3726.0,378.0,0.011159031302729692,0.0,3.0,2.0,12.0,9.0
4700.0,add,0.022012231766691696,3727.0,117.0,0.0224204761141942,0.0,6.0,2.0,2.0,7.0
4701.0,delete,0.007349722690539091,3728.0,369.0,0.009654480498078419,0.0,3.0,2.0,7.0,7.0
4702.0,delete,0.010563667162909896,3729.0,354.0,0.010232969084748631,0.0,2.0,3.0,8.0,9.0
4703.0,delete,0.014550666444544936,3730.0,383.0,0.013273981519582504,0.0,3.0,3.0,12.0,7.0
4704.0,delete,0.014001310235942848,3731.0,385.0,0.014568052954180712,0.0,3.0,2.0,12.0,6.0
4705.0,delete,0.007794115381040307,3732.0,306.0,0.022435264283817955,0.0,1.0,3.0,4.0,6.0
4706.0,delete,0.06654823844145377,3733.0,228.0,0.018023364329242262,0.0,4.0,6.0,3.0,7.0
4707.0,delete,0.01692111680831973,3734.0,177.0,0.024408740117017054,0.0,4.0,6.0,6.0,5.0
4708.0,delete,0.014615963948771977,3735.0,387.0,0.014567842028615977,0.0,2.0,2.0,12.0,6.0
4709.0,delete,0.014567842028615977,3735.0,387.0,0.014567842028615977,0.0,2.0,2.0,12.0,5.0
4710.0,swap,0.014567842028615977,3735.0,387.0,0.014567842028615977,0.0,2.0,2.0,12.0,6.0
4711.0,delete,0.007265321315377162,3736.0,379.0,0.011723683574617318,0.0,3.0,2.0,12.0,8.0
4712.0,add,0.03002112924331235,3737.0,49.0,0.020315289422072783,2.0,2.0,6.0,6.0,5.0
4713.0,add,0.009735476473433403,3738.0,271.0,0.018723126478738705,0.0,4.0,4.0,9.0,6.0
4714.0,add,0.06201245732195502,3739.0,334.0,0.020458124681124724,0.0,2.0,3.0,5.0,8.0
4715.0,delete,0.009648990494045552,3740.0,118.0,0.02241252428087123,0.0,6.0,2.0,2.0,6.0
4716.0,delete,0.014000863024455747,3741.0,384.0,0.013884807714058797,0.0,3.0,2.0,13.0,6.0
4717.0,delete,0.012905861656986964,3742.0,355.0,0.010265562754485882,0.0,2.0,3.0,8.0,8.0
4718.0,add,0.020243852450717158,3743.0,370.0,0.009943330080962074,0.0,3.0,2.0,7.0,8.0
4719.0,delete,0.014567842028615977,3744.0,386.0,0.014579872508654976,0.0,2.0,2.0,12.0,6.0
4720.0,delete,0.014567842028615977,3745.0,388.0,0.014567842028615977,0.0,2.0,2.0,12.0,5.0
4721.0,delete,0.026031490158797382,3745.0,388.0,0.014567842028615977,0.0,2.0,2.0,12.0,4.0
4722.0,swap,0.009589840858638937,3745.0,388.0,0.014567842028615977,0.0,3.0,1.0,12.0,5.0
4723.0,delete,0.02221186280012329,3746.0,178.0,0.024401410855729742,0.0,4.0,7.0,4.0,5.0
4724.0,delete,0.03318120312176093,3747.0,229.0,0.017720845192784294,0.0,4.0,7.0,2.0,6.0
4725.0,add,0.011853678083583742,3748.0,307.0,0.022504939356657035,0.0,1.0,3.0,4.0,7.0
4726.0,delete,0.007265321315377162,3749.0,380.0,0.012686913055214438,0.0,3.0,2.0,12.0,7.0
4727.0,delete,0.0328635422977269,3750.0,50.0,0.020271752277684414,2.0,2.0,5.0,7.0,4.0
4728.0,delete,0.014000863024455747,3751.0,385.0,0.015065182094444823,0.0,3.0,2.0,13.0,5.0
4729.0,add,0.008090685962606455,3752.0,272.0,0.018826073018322682,0.0,4.0,3.0,9.0,8.0
4730.0,add,0.06201245732195502,3753.0,335.0,0.019400239379867134,0.0,2.0,3.0,6.0,8.0
4731.0,add,0.019893330075489737,3754.0,119.0,0.02239822815278177,0.0,6.0,3.0,1.0,7.0
4732.0,delete,0.0083711770469226,3755.0,387.0,0.016189253768667068,0.0,1.0,2.0,12.0,6.0
4733.0,add,0.008350382153946479,3756.0,356.0,0.010365921126813435,0.0,2.0,4.0,9.0,7.0
4734.0,add,0.007349722690539091,3757.0,371.0,0.010310773331317075,0.0,3.0,2.0,8.0,8.0
4735.0,delete,0.026031490158797382,3758.0,389.0,0.026031490158797382,0.0,2.0,2.0,12.0,4.0
4736.0,add,0.02603149015879736,3758.0,389.0,0.026031490158797382,0.0,3.0,2.0,12.0,4.0
4737.0,delete,0.026031490158797382,3758.0,389.0,0.026031490158797382,0.0,2.0,2.0,12.0,3.0
4738.0,swap,0.026545485243980968,3758.0,389.0,0.026031490158797382,0.0,2.0,2.0,12.0,4.0
4739.0,delete,0.011624635119199143,3759.0,179.0,0.024416761295978785,0.0,4.0,5.0,5.0,5.0
4740.0,add,0.03298831460360765,3760.0,230.0,0.017591640465285198,0.0,4.0,7.0,4.0,5.0
4741.0,delete,0.017458062385860566,3761.0,308.0,0.0225996410051576,0.0,0.0,4.0,3.0,7.0
4742.0,delete,0.021567882248072306,3762.0,51.0,0.020251700320048225,1.0,1.0,6.0,7.0,4.0
4743.0,add,0.012280295788618155,3763.0,381.0,0.01412442316286786,0.0,3.0,2.0,12.0,8.0
4744.0,delete,0.0076883013884683216,3764.0,273.0,0.01893951875880673,0.0,5.0,3.0,9.0,6.0
4745.0,delete,0.014568685730874938,3765.0,386.0,0.01816058752896799,0.0,2.0,2.0,12.0,6.0
4746.0,add,0.06201245732195502,3766.0,336.0,0.01831198609698905,0.0,2.0,3.0,7.0,8.0
4747.0,add,0.023930210167908396,3767.0,120.0,0.022377347062326393,0.0,6.0,4.0,2.0,6.0
4748.0,delete,0.014568685730874938,3768.0,388.0,0.026134289175834092,0.0,2.0,2.0,11.0,5.0
4749.0,add,0.008053591642907264,3769.0,357.0,0.010753835181034777,0.0,2.0,3.0,10.0,8.0
4750.0,add,0.007349722690539091,3770.0,372.0,0.011153317454504883,0.0,3.0,2.0,10.0,7.0
4751.0,add,0.02603149015879736,3771.0,390.0,0.02603149015879736,0.0,3.0,2.0,12.0,4.0
4752.0,add,0.02603149015879736,3771.0,390.0,0.02603149015879736,0.0,3.0,2.0,12.0,5.0
4753.0,delete,0.026031490158797382,3771.0,390.0,0.02603149015879736,0.0,3.0,2.0,11.0,4.0
4754.0,swap,0.020452162156104833,3771.0,390.0,0.02603149015879736,0.0,3.0,3.0,12.0,3.0
4755.0,delete,0.012240857448066678,3772.0,180.0,0.02445607061807669,0.0,3.0,5.0,5.0,5.0
4756.0,add,0.03297751088104895,3773.0,231.0,0.017482065395570765,0.0,5.0,7.0,4.0,5.0
4757.0,delete,0.023752385310932062,3774.0,52.0,0.02024632766158242,1.0,2.0,5.0,6.0,4.0
4758.0,add,0.007895132201260606,3775.0,309.0,0.022722056176061448,0.0,1.0,4.0,3.0,7.0
4759.0,add,0.00973750267292299,3776.0,382.0,0.016122182229030033,0.0,3.0,3.0,13.0,7.0
4760.0,add,0.012157152779566811,3777.0,274.0,0.01905892264648165,0.0,5.0,4.0,9.0,6.0
4761.0,delete,0.014567842028615977,3778.0,387.0,0.020777390443238276,0.0,2.0,2.0,12.0,5.0
4762.0,add,0.061822158335913945,3779.0,337.0,0.01741354746599241,0.0,3.0,3.0,8.0,7.0
4763.0,add,0.01617095535064456,3780.0,121.0,0.022373336048072248,0.0,7.0,3.0,2.0,7.0
4764.0,delete,0.008053591642907264,3781.0,358.0,0.01100285561135583,0.0,2.0,3.0,8.0,9.0
4765.0,add,0.02603149015879736,3782.0,389.0,0.02491562455825886,0.0,2.0,2.0,13.0,4.0
4766.0,add,0.007349722690539091,3783.0,373.0,0.011786679114001308,0.0,3.0,2.0,10.0,8.0
4767.0,delete,0.010682750763689934,3784.0,181.0,0.024483158197207283,0.0,3.0,5.0,5.0,4.0
4768.0,delete,0.014567842028615977,3785.0,388.0,0.024528932218303604,0.0,2.0,2.0,11.0,5.0
4769.0,add,0.009101438679354942,3786.0,310.0,0.022746798090438756,0.0,2.0,5.0,3.0,6.0
4770.0,add,0.008204410698271195,3787.0,232.0,0.017412064250162205,0.0,5.0,8.0,4.0,5.0
4771.0,add,0.02603149015879736,3788.0,391.0,0.02603149015879736,0.0,3.0,2.0,12.0,5.0
4772.0,add,0.026031490158797372,3788.0,391.0,0.02603149015879736,0.0,3.0,2.0,12.0,6.0
4773.0,delete,0.021733773353401327,3788.0,391.0,0.02603149015879736,0.0,2.0,2.0,12.0,5.0
4774.0,swap,0.02603149015879736,3788.0,391.0,0.02603149015879736,0.0,3.0,2.0,12.0,5.0
4775.0,add,0.010882257551632465,3789.0,53.0,0.020233644335709726,1.0,3.0,5.0,7.0,3.0
4776.0,add,0.00877959370656077,3790.0,275.0,0.019185015363248813,0.0,5.0,3.0,9.0,8.0
4777.0,delete,0.01437374526093412,3791.0,383.0,0.017561968267132355,0.0,3.0,3.0,13.0,6.0
4778.0,delete,0.01261272708733143,3792.0,122.0,0.022358619991539593,0.0,7.0,3.0,3.0,5.0
4779.0,add,0.037165538131642056,3793.0,338.0,0.01624959056569122,0.0,2.0,4.0,9.0,7.0
4780.0,add,0.007148338756107026,3794.0,359.0,0.011402267856520073,0.0,2.0,4.0,9.0,8.0
4781.0,add,0.026031490158797372,3795.0,390.0,0.025171946797718153,0.0,4.0,2.0,12.0,4.0
4782.0,add,0.007349722690539091,3796.0,374.0,0.012686668140318583,0.0,3.0,2.0,11.0,8.0
4783.0,add,0.008029258043595935,3797.0,182.0,0.024509608770621562,0.0,3.0,6.0,5.0,4.0
4784.0,add,0.020489706993719155,3798.0,389.0,0.02513357699442568,0.0,2.0,3.0,12.0,4.0
4785.0,add,0.009243254786491854,3799.0,311.0,0.022898476880860243,0.0,2.0,4.0,4.0,7.0
4786.0,add,0.030131475862856888,3800.0,233.0,0.017474676945879595,0.0,4.0,8.0,4.0,7.0
4787.0,add,0.026031490158797372,3801.0,392.0,0.026031490158797372,0.0,3.0,2.0,12.0,6.0
4788.0,add,0.026031490158797382,3801.0,392.0,0.026031490158797372,0.0,4.0,2.0,12.0,6.0
4789.0,delete,0.026031490158797372,3801.0,392.0,0.026031490158797372,0.0,3.0,2.0,11.0,6.0
4790.0,swap,0.01956471024424789,3801.0,392.0,0.026031490158797372,0.0,3.0,3.0,11.0,6.0
4791.0,add,0.007368941243295217,3802.0,54.0,0.02026276952321607,1.0,2.0,5.0,8.0,4.0
4792.0,add,0.011361230706330456,3803.0,276.0,0.01927748975682876,0.0,5.0,5.0,9.0,7.0
4793.0,delete,0.008053591642907264,3804.0,360.0,0.011797077482770384,0.0,2.0,3.0,9.0,8.0
4794.0,add,0.022440532699475775,3805.0,123.0,0.022384559297458258,0.0,6.0,4.0,3.0,6.0
4795.0,add,0.026383233347582077,3806.0,339.0,0.015465147071528067,0.0,2.0,4.0,9.0,8.0
4796.0,delete,0.027285029203629043,3807.0,384.0,0.019029699201733495,0.0,3.0,2.0,13.0,6.0
4797.0,delete,0.007265321315377162,3808.0,375.0,0.01362573072463885,0.0,3.0,2.0,11.0,7.0
4798.0,delete,0.014353331860651712,3809.0,183.0,0.02453090546549771,0.0,3.0,5.0,6.0,3.0
4799.0,add,0.02603149015879736,3810.0,391.0,0.024738134175887473,0.0,3.0,2.0,12.0,6.0
4800.0,add,0.02001758266132945,3811.0,390.0,0.025052899547893234,0.0,4.0,2.0,12.0,4.0
4801.0,add,0.010230671810043102,3812.0,312.0,0.023026845733932867,0.0,2.0,6.0,4.0,6.0
4802.0,add,0.009024116350666134,3813.0,234.0,0.017509710308331237,0.0,4.0,8.0,4.0,8.0
4803.0,delete,0.014000863024455747,3814.0,385.0,0.020018027019447236,0.0,3.0,2.0,12.0,6.0
4804.0,delete,0.00730821927876106,3815.0,55.0,0.02027579731244367,1.0,2.0,5.0,7.0,4.0
4805.0,add,0.026031490158797382,3816.0,393.0,0.026031490158797382,0.0,4.0,2.0,12.0,6.0
4806.0,add,0.010461220295250429,3816.0,393.0,0.026031490158797382,0.0,4.0,3.0,12.0,6.0
4807.0,delete,0.02603149015879736,3816.0,393.0,0.026031490158797382,0.0,4.0,2.0,11.0,6.0
4808.0,swap,0.011853147548886514,3816.0,393.0,0.026031490158797382,0.0,5.0,1.0,12.0,6.0
4809.0,add,0.00993897920845408,3817.0,277.0,0.019347509240633158,0.0,5.0,4.0,9.0,9.0
4810.0,add,0.008313945203511842,3818.0,124.0,0.022386150488345222,0.0,6.0,4.0,4.0,6.0
4811.0,delete,0.06089246580880132,3819.0,340.0,0.014650723641322576,0.0,2.0,3.0,9.0,8.0
4812.0,delete,0.016172386495275384,3820.0,361.0,0.012110779182659561,0.0,2.0,3.0,9.0,7.0
4813.0,delete,0.014388140581115346,3821.0,184.0,0.024568255798324782,0.0,3.0,5.0,4.0,4.0
4814.0,add,0.0073550999740059604,3822.0,376.0,0.014444082347852747,0.0,3.0,3.0,11.0,7.0
4815.0,add,0.02603149015879736,3823.0,392.0,0.020081767664105812,0.0,4.0,2.0,12.0,6.0
4816.0,delete,0.010814932026878643,3824.0,313.0,0.023186988063095212,0.0,2.0,5.0,4.0,6.0
4817.0,delete,0.00750032082943737,3825.0,235.0,0.017558597540381988,0.0,5.0,8.0,4.0,6.0
4818.0,delete,0.014567842028615977,3826.0,386.0,0.020753983308473483,0.0,2.0,2.0,12.0,6.0
4819.0,add,0.02603149015879736,3827.0,391.0,0.022739181759887615,0.0,3.0,2.0,13.0,5.0
4820.0,add,0.02352623364418351,3828.0,56.0,0.020290460076515478,1.0,2.0,5.0,7.0,5.0
4821.0,add,0.011871317078686746,3829.0,394.0,0.010461220295250429,0.0,4.0,3.0,12.0,6.0
4822.0,add,0.01051283631425841,3829.0,394.0,0.010461220295250429,0.0,5.0,3.0,12.0,6.0
4823.0,delete,0.01046122029525042,3829.0,394.0,0.010461220295250429,0.0,4.0,3.0,11.0,6.0
4824.0,swap,0.060357454253867134,3829.0,394.0,0.010461220295250429,0.0,5.0,3.0,11.0,6.0
4825.0,delete,0.030383241671311116,3830.0,125.0,0.022412119304409738,0.0,6.0,3.0,4.0,6.0
4826.0,delete,0.010730044589093274,3831.0,278.0,0.019473480593612685,0.0,5.0,4.0,8.0,9.0
4827.0,add,0.05027469904654073,3832.0,341.0,0.013914071012384479,0.0,2.0,4.0,10.0,7.0
4828.0,delete,0.007349722690539091,3833.0,362.0,0.01257536183904838,0.0,2.0,2.0,9.0,7.0
4829.0,add,0.01449751768102736,3834.0,185.0,0.024590304224987276,0.0,2.0,5.0,6.0,4.0
4830.0,add,0.01958597996985597,3835.0,377.0,0.01542464637150292,0.0,3.0,2.0,11.0,9.0
4831.0,delete,0.014568685730874938,3836.0,387.0,0.021942345932457204,0.0,2.0,2.0,11.0,6.0
4832.0,add,0.018856590228434646,3837.0,314.0,0.023283020327578507,0.0,2.0,5.0,4.0,7.0
4833.0,add,0.04652296791350187,3838.0,236.0,0.01765823879104308,0.0,4.0,9.0,4.0,7.0
4834.0,add,0.02302102988558352,3839.0,393.0,0.020732809647462627,0.0,4.0,3.0,12.0,6.0
4835.0,delete,0.00742404614783953,3840.0,57.0,0.020324133743946322,1.0,2.0,5.0,7.0,4.0
4836.0,add,0.02603149015879736,3841.0,392.0,0.02206038057336115,0.0,4.0,2.0,12.0,6.0
4837.0,add,0.01053494493966107,3842.0,395.0,0.01051283631425841,0.0,5.0,3.0,12.0,6.0
4838.0,delete,0.010645167105100897,3842.0,395.0,0.01051283631425841,0.0,5.0,3.0,11.0,6.0
4839.0,swap,0.030797880214492663,3842.0,395.0,0.01051283631425841,0.0,5.0,4.0,12.0,5.0
4840.0,delete,0.02716312237018342,3843.0,126.0,0.02242894371748974,0.0,5.0,3.0,4.0,6.0
4841.0,delete,0.008110161994885068,3844.0,279.0,0.019572785867290887,0.0,4.0,3.0,9.0,9.0
4842.0,delete,0.022667289739567095,3845.0,342.0,0.013042283471427954,0.0,2.0,3.0,10.0,7.0
4843.0,add,0.020172076224028716,3846.0,363.0,0.012866979187417424,0.0,2.0,2.0,8.0,9.0
4844.0,delete,0.014567842028615965,3847.0,388.0,0.022951729735334794,0.0,2.0,2.0,11.0,5.0
4845.0,add,0.023072326546403777,3848.0,186.0,0.024630252947834944,0.0,4.0,5.0,5.0,4.0
4846.0,add,0.011514535609957988,3849.0,378.0,0.016176823829676484,0.0,3.0,3.0,12.0,8.0
4847.0,delete,0.022693341296934406,3850.0,315.0,0.023272275357985282,0.0,3.0,5.0,3.0,6.0
4848.0,delete,0.006853057353585503,3851.0,237.0,0.01772743265444736,0.0,4.0,8.0,5.0,6.0
4849.0,add,0.01123663582714907,3852.0,394.0,0.01562270714337826,0.0,4.0,3.0,12.0,7.0
4850.0,delete,0.008504695398216888,3853.0,58.0,0.020329252623295716,1.0,2.0,4.0,7.0,4.0
4851.0,delete,0.012019317358605144,3854.0,396.0,0.010645167105100897,0.0,5.0,3.0,11.0,6.0
4852.0,add,0.010406552471075194,3854.0,396.0,0.010645167105100897,0.0,5.0,3.0,12.0,6.0
4853.0,delete,0.010712861654617888,3854.0,396.0,0.010645167105100897,0.0,5.0,3.0,10.0,6.0
4854.0,swap,0.008849165539251915,3854.0,396.0,0.010645167105100897,0.0,5.0,3.0,11.0,6.0
4855.0,delete,0.008062126331813873,3855.0,280.0,0.01958704767741277,0.0,4.0,3.0,8.0,9.0
4856.0,add,0.017333135050397092,3856.0,127.0,0.02240531024341246,0.0,6.0,2.0,5.0,6.0
4857.0,delete,0.061822158335913945,3857.0,343.0,0.012255315644812765,0.0,3.0,3.0,8.0,7.0
4858.0,delete,0.012404199274043699,3858.0,364.0,0.012894797819280289,0.0,2.0,2.0,8.0,8.0
4859.0,add,0.028830322316967503,3859.0,393.0,0.01656340023091789,0.0,4.0,3.0,12.0,6.0
4860.0,delete,0.00707886824010057,3860.0,379.0,0.016417091945062908,0.0,3.0,1.0,13.0,8.0
4861.0,add,0.044089362543401275,3861.0,187.0,0.024602849303020476,0.0,4.0,6.0,5.0,4.0
4862.0,delete,0.009246993967611035,3862.0,316.0,0.02330330367940267,0.0,3.0,3.0,4.0,6.0
4863.0,add,0.026031490158797382,3863.0,389.0,0.021625534137586153,0.0,2.0,2.0,12.0,5.0
4864.0,add,0.010635658794164898,3864.0,238.0,0.017762359993969416,0.0,5.0,8.0,5.0,6.0
4865.0,delete,0.00757713259826403,3865.0,59.0,0.020338524485252477,0.0,2.0,4.0,7.0,4.0
4866.0,delete,0.01051283631425841,3866.0,395.0,0.010526612825730208,0.0,5.0,3.0,12.0,5.0
4867.0,add,0.010368758828166085,3867.0,397.0,0.010406552471075194,0.0,5.0,3.0,12.0,6.0
4868.0,delete,0.010406552471075203,3867.0,397.0,0.010406552471075194,0.0,5.0,3.0,11.0,6.0
4869.0,swap,0.010413370570395597,3867.0,397.0,0.010406552471075194,0.0,5.0,3.0,11.0,7.0
4870.0,delete,0.02496407462547261,3868.0,281.0,0.019662130781994237,0.0,3.0,4.0,7.0,9.0
4871.0,delete,0.007349722690539091,3869.0,344.0,0.01193454146012415,0.0,3.0,2.0,8.0,7.0
4872.0,add,0.016923444952572145,3870.0,128.0,0.022418780367223355,0.0,8.0,2.0,4.0,6.0
4873.0,delete,0.009110823292102867,3871.0,365.0,0.012996780251538989,0.0,1.0,2.0,7.0,9.0
4874.0,add,0.010461220295250429,3872.0,394.0,0.012108990739085196,0.0,4.0,3.0,12.0,7.0
4875.0,delete,0.013822610309550967,3873.0,380.0,0.01670863095454065,0.0,2.0,2.0,12.0,8.0
4876.0,delete,0.009561203048776154,3874.0,317.0,0.02321383252879498,0.0,3.0,4.0,3.0,5.0
4877.0,add,0.043839592862971975,3875.0,188.0,0.024440255527151816,0.0,4.0,6.0,6.0,4.0
4878.0,add,0.010645167105100897,3876.0,396.0,0.01039880858517802,0.0,5.0,3.0,11.0,7.0
4879.0,add,0.015016900312479951,3877.0,390.0,0.01951630531192547,0.0,3.0,2.0,12.0,5.0
4880.0,delete,0.008179825811368726,3878.0,60.0,0.020318341329779117,1.0,2.0,3.0,6.0,4.0
4881.0,add,0.00732595323812029,3879.0,239.0,0.01778349847486551,0.0,4.0,8.0,7.0,6.0
4882.0,delete,0.010164517927348512,3880.0,398.0,0.010406552471075203,0.0,5.0,3.0,11.0,6.0
4883.0,delete,0.010406552471075203,3880.0,398.0,0.010406552471075203,0.0,5.0,3.0,10.0,6.0
4884.0,swap,0.017735014106226722,3880.0,398.0,0.010406552471075203,0.0,5.0,4.0,11.0,5.0
4885.0,delete,0.015290905731638339,3881.0,282.0,0.019670918459994715,0.0,4.0,4.0,6.0,8.0
4886.0,add,0.01864011766748387,3882.0,345.0,0.011999302020781654,0.0,3.0,2.0,9.0,7.0
4887.0,delete,0.01489212662656456,3883.0,129.0,0.022412278274577452,0.0,7.0,1.0,5.0,6.0
4888.0,delete,0.01240419927404371,3884.0,366.0,0.012896286302209682,0.0,2.0,2.0,6.0,8.0
4889.0,delete,0.008666750480607676,3885.0,395.0,0.011021987224792128,0.0,4.0,3.0,12.0,6.0
4890.0,delete,0.010406552471075203,3886.0,397.0,0.01217815924393141,0.0,5.0,3.0,11.0,6.0
4891.0,delete,0.01580009717409537,3887.0,318.0,0.0231332414489769,0.0,3.0,3.0,3.0,5.0
4892.0,add,0.007265321315377155,3888.0,381.0,0.016755954797337404,0.0,4.0,2.0,12.0,7.0
4893.0,add,0.044089362543401275,3889.0,189.0,0.02424907600880763,0.0,4.0,6.0,5.0,6.0
4894.0,delete,0.00994114900987185,3890.0,399.0,0.010406552471075203,0.0,5.0,3.0,10.0,6.0
4895.0,delete,0.010406552471075203,3890.0,399.0,0.010406552471075203,0.0,5.0,3.0,10.0,5.0
4896.0,swap,0.0774692247796832,3890.0,399.0,0.010406552471075203,0.0,5.0,3.0,10.0,6.0
4897.0,add,0.007157842779552455,3891.0,61.0,0.020350100211946245,1.0,3.0,2.0,7.0,4.0
4898.0,delete,0.017124669638814958,3892.0,240.0,0.01784394529438939,0.0,4.0,8.0,6.0,6.0
4899.0,delete,0.010099170342427823,3893.0,283.0,0.019745651856010193,0.0,4.0,4.0,5.0,8.0
4900.0,add,0.026036096563426977,3894.0,367.0,0.013187867211064772,0.0,2.0,3.0,7.0,7.0
4901.0,add,0.02603149015879736,3895.0,391.0,0.01879158303005211,0.0,3.0,2.0,12.0,6.0
4902.0,delete,0.017717836813312012,3896.0,130.0,0.02242465906720681,0.0,7.0,2.0,4.0,5.0
4903.0,add,0.007216729243948144,3897.0,346.0,0.012271741451239432,0.0,3.0,3.0,10.0,6.0
4904.0,add,0.009929974434067903,3898.0,396.0,0.01656416372351407,0.0,5.0,4.0,11.0,6.0
4905.0,delete,0.008650808822468234,3899.0,398.0,0.027055869682926365,0.0,4.0,3.0,11.0,6.0
4906.0,delete,0.04315931743529215,3900.0,319.0,0.022997711030704356,0.0,2.0,3.0,2.0,6.0
4907.0,delete,0.010911100314285126,3901.0,400.0,0.010406552471075203,0.0,5.0,3.0,10.0,5.0
4908.0,delete,0.008650808822468234,3901.0,400.0,0.010406552471075203,0.0,4.0,3.0,10.0,5.0
4909.0,swap,0.015570672464179538,3901.0,400.0,0.010406552471075203,0.0,5.0,2.0,11.0,5.0
4910.0,add,0.04280146945194123,3902.0,190.0,0.024113890774637253,0.0,4.0,6.0,5.0,7.0
4911.0,delete,0.006947681785673174,3903.0,62.0,0.020381542407969334,1.0,3.0,2.0,6.0,4.0
4912.0,add,0.010914572252121306,3904.0,241.0,0.01790703558008156,0.0,4.0,9.0,6.0,6.0
4913.0,delete,0.010012739935222632,3905.0,284.0,0.01980521119677574,0.0,4.0,4.0,5.0,7.0
4914.0,add,0.007265321315377162,3906.0,382.0,0.017544398791372807,0.0,4.0,2.0,13.0,7.0
4915.0,add,0.01364433424068019,3907.0,392.0,0.016861152701284268,0.0,3.0,3.0,12.0,6.0
4916.0,add,0.012342711838338901,3908.0,368.0,0.013290015566909792,0.0,2.0,2.0,8.0,8.0
4917.0,delete,0.029624324891961647,3909.0,131.0,0.02239410522005001,0.0,6.0,2.0,4.0,5.0
4918.0,delete,0.02589545584474449,3910.0,397.0,0.016726625510902687,0.0,5.0,2.0,12.0,6.0
4919.0,add,0.007587086091093801,3911.0,347.0,0.012319333647846816,0.0,3.0,3.0,10.0,7.0
4920.0,delete,0.0258954558447445,3912.0,399.0,0.011384783518002024,0.0,5.0,2.0,10.0,6.0
4921.0,delete,0.008897224534151007,3913.0,401.0,0.008650808822468234,0.0,4.0,3.0,10.0,5.0
4922.0,delete,0.032062546293935124,3913.0,401.0,0.008650808822468234,0.0,4.0,2.0,10.0,5.0
4923.0,swap,0.04820870277063677,3913.0,401.0,0.008650808822468234,0.0,4.0,4.0,9.0,5.0
4924.0,delete,0.07252301033971588,3914.0,191.0,0.023965174963839084,0.0,4.0,5.0,5.0,7.0
4925.0,add,0.07296157560593292,3915.0,320.0,0.022683968472628203,0.0,1.0,3.0,3.0,7.0
4926.0,delete,0.006858528836049095,3916.0,242.0,0.018010521644170482,0.0,5.0,9.0,5.0,5.0
4927.0,add,0.007306152298611504,3917.0,63.0,0.020441988208163748,1.0,3.0,2.0,7.0,4.0
4928.0,delete,0.014373730128125733,3918.0,383.0,0.018324652549357435,0.0,3.0,3.0,12.0,7.0
4929.0,add,0.012354272397001572,3919.0,285.0,0.01995937607061275,0.0,5.0,4.0,5.0,7.0
4930.0,add,0.02603149015879736,3920.0,393.0,0.017266535769146385,0.0,4.0,2.0,12.0,7.0
4931.0,delete,0.007349722690539091,3921.0,369.0,0.013767907864646815,0.0,3.0,2.0,7.0,7.0
4932.0,delete,0.010413370570395597,3922.0,398.0,0.022255899883214497,0.0,5.0,3.0,10.0,6.0
4933.0,add,0.02857827117150184,3923.0,132.0,0.022391030960107243,0.0,6.0,2.0,5.0,5.0
4934.0,delete,0.010413370570395597,3924.0,400.0,0.024454820605297783,0.0,5.0,3.0,9.0,5.0
4935.0,add,0.02117582822801304,3925.0,348.0,0.012562426561690746,0.0,3.0,3.0,11.0,7.0
4936.0,delete,0.032062546293935124,3926.0,402.0,0.032062546293935124,0.0,4.0,2.0,10.0,5.0
4937.0,add,0.032062546293935124,3926.0,402.0,0.032062546293935124,0.0,4.0,2.0,10.0,6.0
4938.0,delete,0.03311771848238526,3926.0,402.0,0.032062546293935124,0.0,4.0,2.0,9.0,5.0
4939.0,swap,0.028043345912765173,3926.0,402.0,0.032062546293935124,0.0,5.0,2.0,9.0,5.0
4940.0,add,0.02540500036897611,3927.0,192.0,0.023754680475171323,0.0,4.0,6.0,5.0,7.0
4941.0,delete,0.04223372856917834,3928.0,321.0,0.02244742351593628,0.0,1.0,3.0,2.0,7.0
4942.0,delete,0.010391272214306996,3929.0,64.0,0.020486118011390168,1.0,2.0,3.0,6.0,4.0
4943.0,add,0.012457608990677932,3930.0,243.0,0.018077412463943284,0.0,6.0,9.0,5.0,5.0
4944.0,delete,0.007357076496959467,3931.0,384.0,0.019033912360019733,0.0,3.0,1.0,13.0,7.0
4945.0,add,0.0067886873594507026,3932.0,286.0,0.02009733518747773,0.0,4.0,4.0,6.0,8.0
4946.0,add,0.010461220295250429,3933.0,394.0,0.017295005871664493,0.0,4.0,3.0,12.0,7.0
4947.0,add,0.014221176606803805,3934.0,370.0,0.014200030858353781,0.0,3.0,2.0,7.0,8.0
4948.0,delete,0.010406552471075203,3935.0,399.0,0.02279250700529937,0.0,5.0,3.0,10.0,5.0
4949.0,add,0.034211453720857314,3936.0,133.0,0.022349152514317704,0.0,7.0,2.0,6.0,4.0
4950.0,delete,0.009083391906833738,3937.0,349.0,0.012796136754974194,0.0,3.0,3.0,11.0,6.0
4951.0,delete,0.008656476604754174,3938.0,401.0,0.03146974065539116,0.0,4.0,3.0,9.0,5.0
4952.0,delete,0.014000863024455747,3939.0,385.0,0.018982417965049323,0.0,3.0,2.0,12.0,6.0
4953.0,add,0.16426572024274327,3940.0,322.0,0.022176773653758503,0.0,1.0,4.0,3.0,6.0
4954.0,add,0.03195423101886235,3941.0,403.0,0.032062546293935124,0.0,4.0,2.0,10.0,6.0
4955.0,add,0.032062546293935124,3941.0,403.0,0.032062546293935124,0.0,5.0,2.0,10.0,6.0
4956.0,delete,0.03311771848238526,3941.0,403.0,0.032062546293935124,0.0,4.0,2.0,9.0,6.0
4957.0,swap,0.0067387910111890124,3941.0,403.0,0.032062546293935124,0.0,5.0,2.0,9.0,6.0
4958.0,add,0.006795726385344861,3942.0,65.0,0.02054582321489223,1.0,3.0,3.0,5.0,5.0
4959.0,add,0.037883467114137696,3943.0,193.0,0.023705269232600197,0.0,5.0,5.0,6.0,7.0
4960.0,delete,0.01080229961757197,3944.0,244.0,0.018199752878940587,0.0,5.0,8.0,5.0,6.0
4961.0,delete,0.007059666734233719,3945.0,287.0,0.02032302564789529,0.0,5.0,4.0,4.0,8.0
4962.0,delete,0.01687970737221309,3946.0,395.0,0.018097450682157616,0.0,5.0,2.0,12.0,6.0
4963.0,add,0.007349722690539091,3947.0,371.0,0.014558245199021722,0.0,4.0,2.0,8.0,7.0
4964.0,delete,0.014631299984332685,3948.0,350.0,0.012989558577801895,0.0,2.0,2.0,11.0,7.0
4965.0,add,0.03232046108686366,3949.0,134.0,0.02235450504687618,0.0,9.0,2.0,5.0,4.0
4966.0,delete,0.010406552471075203,3950.0,400.0,0.024717755241838096,0.0,4.0,3.0,10.0,5.0
4967.0,delete,0.014567842028615965,3951.0,386.0,0.019428027186389505,0.0,2.0,2.0,13.0,5.0
4968.0,add,0.032062546293935124,3952.0,402.0,0.027187166620061376,0.0,5.0,2.0,10.0,5.0
4969.0,add,0.026202056373930898,3953.0,323.0,0.02192544272826423,0.0,2.0,4.0,3.0,6.0
4970.0,delete,0.008650808822468234,3954.0,401.0,0.02744918299836517,0.0,4.0,3.0,9.0,5.0
4971.0,delete,0.013765874500463042,3955.0,245.0,0.01815296394531255,0.0,5.0,8.0,4.0,6.0
4972.0,add,0.03788346711413765,3956.0,194.0,0.023546391254256636,0.0,6.0,5.0,6.0,7.0
4973.0,delete,0.007615963793715306,3957.0,66.0,0.02057343830940511,1.0,3.0,3.0,5.0,4.0
4974.0,add,0.03463055879397838,3958.0,404.0,0.032062546293935124,0.0,5.0,2.0,10.0,6.0
4975.0,delete,0.035481382755359066,3958.0,404.0,0.032062546293935124,0.0,4.0,2.0,10.0,6.0
4976.0,swap,0.032425799557976615,3958.0,404.0,0.032062546293935124,0.0,6.0,2.0,9.0,6.0
4977.0,delete,0.01308147931317357,3959.0,288.0,0.02043984889173765,0.0,4.0,3.0,5.0,8.0
4978.0,add,0.010645167105100897,3960.0,396.0,0.020403739438216387,0.0,5.0,3.0,12.0,6.0
4979.0,add,0.007265321315377162,3961.0,372.0,0.015078819090294559,0.0,3.0,2.0,10.0,7.0
4980.0,add,0.009083391906833738,3962.0,351.0,0.013245200841026051,0.0,3.0,3.0,10.0,7.0
4981.0,add,0.03232046108686367,3963.0,135.0,0.02231987064363676,0.0,10.0,2.0,5.0,4.0
4982.0,delete,0.014567842028615965,3964.0,387.0,0.020079402142612127,0.0,2.0,2.0,11.0,6.0
4983.0,add,0.014987617292175027,3965.0,403.0,0.033650071850312296,0.0,4.0,3.0,10.0,6.0
4984.0,delete,0.026560449644471077,3966.0,324.0,0.021811481748414154,0.0,2.0,3.0,3.0,6.0
4985.0,delete,0.035481382755359066,3967.0,405.0,0.035481382755359066,0.0,4.0,2.0,10.0,6.0
4986.0,delete,0.023620846278158334,3967.0,405.0,0.035481382755359066,0.0,3.0,2.0,10.0,6.0
4987.0,swap,0.035481382755359066,3967.0,405.0,0.035481382755359066,0.0,4.0,2.0,10.0,6.0
4988.0,delete,0.021445839923986142,3968.0,67.0,0.02061054394815652,1.0,2.0,3.0,5.0,4.0
4989.0,add,0.009298162735845595,3969.0,195.0,0.023517321508401197,0.0,5.0,6.0,7.0,7.0
4990.0,delete,0.04120896958509298,3970.0,246.0,0.018222033735710224,0.0,4.0,7.0,5.0,6.0
4991.0,add,0.012350372421257047,3971.0,289.0,0.020532177506201135,0.0,5.0,2.0,6.0,8.0
4992.0,delete,0.010406552471075194,3972.0,397.0,0.022409153415407727,0.0,5.0,3.0,12.0,5.0
4993.0,add,0.012850555361889632,3973.0,402.0,0.029239026890969813,0.0,4.0,3.0,10.0,5.0
4994.0,delete,0.014567842028615977,3974.0,388.0,0.02063425613468793,0.0,2.0,2.0,12.0,4.0
4995.0,delete,0.006945985037388893,3975.0,352.0,0.013417998424262894,0.0,2.0,3.0,10.0,7.0
4996.0,add,0.007349722690539091,3976.0,373.0,0.015407481333549286,0.0,3.0,2.0,10.0,8.0
4997.0,add,0.029004916142725844,3977.0,136.0,0.022263287058879616,0.0,9.0,3.0,6.0,4.0
4998.0,delete,0.032062546293935124,3978.0,404.0,0.032516248636058884,0.0,4.0,2.0,10.0,6.0
4999.0,delete,0.0070146674686586,3979.0,325.0,0.021762320712383657,0.0,2.0,3.0,3.0,5.0
5000.0,delete,0.023620846278158334,3980.0,406.0,0.023620846278158334,0.0,3.0,2.0,10.0,6.0
5001.0,delete,0.023620846278158334,3980.0,406.0,0.023620846278158334,0.0,2.0,2.0,10.0,6.0
5002.0,swap,0.02308999874548777,3980.0,406.0,0.023620846278158334,0.0,3.0,2.0,10.0,6.0
