budget,expandedBy,objectiveValue,epoch,treeDepth,parentValue,H,Rx,Ry,Rz,Cx
0.0,,0.873597849947558,0.0,0.0,0.0,4.0,0.0,0.0,0.0,0.0
1.0,add,0.8696825154081719,1.0,1.0,0.873597849947558,4.0,0.0,0.0,1.0,0.0
2.0,delete,0.2677858814627575,1.0,1.0,0.873597849947558,3.0,0.0,0.0,0.0,0.0
3.0,swap,0.2677858814627575,1.0,1.0,0.873597849947558,3.0,1.0,0.0,0.0,0.0
4.0,add,0.8696825154081719,2.0,2.0,0.8696825154081719,4.0,0.0,0.0,1.0,0.0
5.0,add,0.858045746934309,2.0,2.0,0.8696825154081719,4.0,0.0,0.0,2.0,0.0
6.0,delete,0.873597849947558,2.0,2.0,0.8696825154081719,4.0,0.0,0.0,0.0,0.0
7.0,swap,0.21510156985998308,2.0,2.0,0.8696825154081719,3.0,1.0,0.0,1.0,0.0
8.0,add,0.873597849947558,3.0,1.0,0.7372220395116387,4.0,1.0,0.0,0.0,0.0
9.0,add,0.873597849947558,4.0,2.0,0.873597849947558,4.0,1.0,0.0,0.0,0.0
10.0,add,0.503534460531836,4.0,2.0,0.873597849947558,4.0,1.0,1.0,0.0,0.0
11.0,delete,0.30407643128483264,4.0,2.0,0.873597849947558,3.0,1.0,0.0,0.0,0.0
12.0,swap,0.22916916139556642,4.0,2.0,0.873597849947558,3.0,1.0,1.0,0.0,0.0
13.0,add,0.8696825154081719,5.0,3.0,0.873597849947558,4.0,0.0,0.0,1.0,0.0
14.0,delete,0.2677858814627575,5.0,3.0,0.873597849947558,3.0,0.0,0.0,0.0,0.0
15.0,swap,0.02925383837489729,5.0,3.0,0.873597849947558,3.0,1.0,0.0,0.0,0.0
16.0,add,0.873597849947558,6.0,1.0,0.587446783531644,4.0,1.0,0.0,0.0,0.0
17.0,add,0.873597849947558,7.0,2.0,0.873597849947558,4.0,1.0,0.0,0.0,0.0
18.0,add,0.8684525127287878,7.0,2.0,0.873597849947558,4.0,1.0,0.0,1.0,0.0
19.0,delete,0.873597849947558,7.0,2.0,0.873597849947558,4.0,0.0,0.0,0.0,0.0
20.0,swap,0.30407643128483264,7.0,2.0,0.873597849947558,3.0,1.0,0.0,0.0,1.0
21.0,add,0.873597849947558,8.0,3.0,0.873597849947558,4.0,0.0,0.0,0.0,1.0
22.0,delete,0.2677858814627575,8.0,3.0,0.873597849947558,3.0,0.0,0.0,0.0,0.0
23.0,swap,0.21834285406620113,8.0,3.0,0.873597849947558,3.0,0.0,1.0,0.0,0.0
24.0,add,0.873597849947558,9.0,3.0,0.873597849947558,4.0,1.0,0.0,0.0,0.0
25.0,add,0.873597849947558,9.0,3.0,0.873597849947558,4.0,1.0,0.0,0.0,1.0
26.0,delete,0.2677858814627581,9.0,3.0,0.873597849947558,3.0,1.0,0.0,0.0,0.0
27.0,swap,0.3040764312848323,9.0,3.0,0.873597849947558,3.0,1.0,0.0,1.0,0.0
28.0,change,0.873597849947558,10.0,2.0,0.6385311725180529,4.0,1.0,0.0,0.0,0.0
29.0,change,0.873597849947558,11.0,3.0,0.873597849947558,4.0,1.0,0.0,0.0,0.0
30.0,add,0.8735978499475604,11.0,3.0,0.873597849947558,4.0,2.0,0.0,0.0,0.0
31.0,delete,0.873597849947558,11.0,3.0,0.873597849947558,4.0,0.0,0.0,0.0,0.0
32.0,swap,0.3040764312848323,11.0,3.0,0.873597849947558,3.0,1.0,0.0,1.0,0.0
33.0,add,0.8696825154081719,12.0,4.0,0.873597849947558,4.0,0.0,0.0,1.0,0.0
34.0,delete,0.3040764312848323,12.0,4.0,0.873597849947558,3.0,0.0,0.0,0.0,0.0
35.0,swap,0.3040764312848323,12.0,4.0,0.873597849947558,3.0,0.0,0.0,0.0,1.0
36.0,add,0.8684525127287892,13.0,3.0,0.8684525127287878,4.0,1.0,0.0,1.0,0.0
37.0,add,0.8684525127287878,13.0,3.0,0.8684525127287878,4.0,1.0,0.0,1.0,1.0
38.0,delete,0.2662086698628966,13.0,3.0,0.8684525127287878,3.0,1.0,0.0,1.0,0.0
39.0,swap,0.30230329150181545,13.0,3.0,0.8684525127287878,3.0,2.0,0.0,1.0,0.0
40.0,change,0.873597849947558,14.0,2.0,0.6514583901263975,4.0,1.0,0.0,0.0,0.0
41.0,change,0.873597849947558,15.0,3.0,0.873597849947558,4.0,1.0,0.0,0.0,0.0
42.0,add,0.07142701119674509,15.0,3.0,0.873597849947558,4.0,1.0,1.0,0.0,0.0
43.0,delete,0.3040764312848323,15.0,3.0,0.873597849947558,3.0,1.0,0.0,0.0,0.0
44.0,swap,0.873597849947558,15.0,3.0,0.873597849947558,4.0,1.0,0.0,0.0,0.0
45.0,add,0.8684525127287878,16.0,1.0,0.611593630144913,4.0,0.0,0.0,1.0,0.0
46.0,add,0.8684525127287878,17.0,2.0,0.8684525127287878,4.0,0.0,0.0,1.0,0.0
47.0,add,0.06931630060605765,17.0,2.0,0.8684525127287878,4.0,0.0,1.0,1.0,0.0
48.0,delete,0.30230329150181523,17.0,2.0,0.8684525127287878,3.0,0.0,0.0,1.0,0.0
49.0,swap,0.30230329150181523,17.0,2.0,0.8684525127287878,3.0,1.0,0.0,1.0,0.0
50.0,add,0.873597849947558,18.0,4.0,0.8735978499475604,4.0,2.0,0.0,0.0,0.0
51.0,add,0.8735978499475604,18.0,4.0,0.8735978499475604,4.0,2.0,0.0,0.0,1.0
52.0,delete,0.30407643128483264,18.0,4.0,0.8735978499475604,3.0,2.0,0.0,0.0,0.0
53.0,swap,0.817271900899856,18.0,4.0,0.8735978499475604,4.0,1.0,1.0,0.0,0.0
54.0,add,0.11526474658715928,19.0,3.0,0.7484283764054734,4.0,1.0,1.0,0.0,0.0
55.0,add,0.873597849947558,20.0,4.0,0.873597849947558,4.0,1.0,0.0,0.0,1.0
56.0,add,0.873597849947558,20.0,4.0,0.873597849947558,4.0,2.0,0.0,0.0,1.0
57.0,delete,0.2677858814627581,20.0,4.0,0.873597849947558,3.0,1.0,0.0,0.0,1.0
58.0,swap,0.2677858814627581,20.0,4.0,0.873597849947558,3.0,1.0,0.0,0.0,2.0
59.0,add,0.8696825154081719,21.0,3.0,0.8696825154081719,4.0,0.0,0.0,1.0,0.0
60.0,add,0.8645604557060138,21.0,3.0,0.8696825154081719,4.0,0.0,0.0,2.0,0.0
61.0,delete,0.873597849947558,21.0,3.0,0.8696825154081719,4.0,0.0,0.0,0.0,0.0
62.0,swap,0.047686718845238375,21.0,3.0,0.8696825154081719,3.0,1.0,0.0,1.0,0.0
63.0,change,0.8696825154081719,22.0,2.0,0.7050420110630309,4.0,0.0,0.0,1.0,0.0
64.0,change,0.8696825154081719,23.0,3.0,0.8696825154081719,4.0,0.0,0.0,1.0,0.0
65.0,add,0.8696825154081719,23.0,3.0,0.8696825154081719,4.0,0.0,0.0,1.0,1.0
66.0,delete,0.26659909213401567,23.0,3.0,0.8696825154081719,3.0,0.0,0.0,1.0,0.0
67.0,swap,0.8684525127287878,23.0,3.0,0.8696825154081719,4.0,0.0,0.0,1.0,0.0
68.0,swap,0.8684525127287878,24.0,4.0,0.8684525127287878,4.0,0.0,0.0,1.0,0.0
69.0,add,0.8532479788325797,24.0,4.0,0.8684525127287878,4.0,0.0,0.0,2.0,0.0
70.0,delete,0.2677858814627575,24.0,4.0,0.8684525127287878,3.0,0.0,0.0,1.0,0.0
71.0,swap,0.11719131559423906,24.0,4.0,0.8684525127287878,3.0,0.0,0.0,1.0,1.0
72.0,change,0.8696825154081719,25.0,2.0,0.6697133496443454,4.0,0.0,0.0,1.0,0.0
73.0,change,0.8696825154081719,26.0,3.0,0.8696825154081719,4.0,0.0,0.0,1.0,0.0
74.0,add,0.8696825154081719,26.0,3.0,0.8696825154081719,4.0,0.0,0.0,1.0,1.0
75.0,delete,0.26659909213401567,26.0,3.0,0.8696825154081719,3.0,0.0,0.0,1.0,0.0
76.0,swap,0.2665990921340155,26.0,3.0,0.8696825154081719,3.0,1.0,0.0,1.0,0.0
77.0,add,0.858045746934309,27.0,3.0,0.858045746934309,4.0,0.0,0.0,2.0,0.0
78.0,add,0.07210228280098882,27.0,3.0,0.858045746934309,4.0,0.0,1.0,2.0,0.0
79.0,delete,0.2988705665448435,27.0,3.0,0.858045746934309,3.0,0.0,0.0,2.0,0.0
80.0,swap,0.26307148112248957,27.0,3.0,0.858045746934309,3.0,0.0,0.0,2.0,1.0
81.0,change,0.873597849947558,28.0,4.0,0.873597849947558,4.0,1.0,0.0,0.0,0.0
82.0,add,0.873597849947558,28.0,4.0,0.873597849947558,4.0,1.0,0.0,0.0,1.0
83.0,delete,0.873597849947558,28.0,4.0,0.873597849947558,4.0,0.0,0.0,0.0,0.0
84.0,swap,0.22232718371519872,28.0,4.0,0.873597849947558,3.0,2.0,0.0,0.0,0.0
85.0,change,0.873597849947558,29.0,3.0,0.7433437167010861,4.0,1.0,0.0,0.0,0.0
86.0,change,0.873597849947558,30.0,4.0,0.873597849947558,4.0,1.0,0.0,0.0,0.0
87.0,add,0.873597849947558,30.0,4.0,0.873597849947558,4.0,2.0,0.0,0.0,0.0
88.0,delete,0.3040764312848323,30.0,4.0,0.873597849947558,3.0,1.0,0.0,0.0,0.0
89.0,swap,0.08609944864729811,30.0,4.0,0.873597849947558,3.0,1.0,1.0,0.0,0.0
90.0,add,0.7196289479966916,31.0,5.0,0.873597849947558,4.0,0.0,1.0,0.0,0.0
91.0,delete,0.3040764312848323,31.0,5.0,0.873597849947558,3.0,0.0,0.0,0.0,0.0
92.0,swap,0.2677858814627575,31.0,5.0,0.873597849947558,3.0,0.0,0.0,0.0,1.0
93.0,add,0.873597849947558,32.0,3.0,0.873597849947558,4.0,1.0,0.0,0.0,0.0
94.0,add,0.873597849947558,32.0,3.0,0.873597849947558,4.0,1.0,0.0,0.0,1.0
95.0,delete,0.2677858814627575,32.0,3.0,0.873597849947558,3.0,1.0,0.0,0.0,0.0
96.0,swap,0.07746348644838975,32.0,3.0,0.873597849947558,3.0,1.0,1.0,0.0,0.0
97.0,add,0.873597849947558,33.0,2.0,0.6347738999102154,4.0,1.0,0.0,0.0,1.0
98.0,add,0.873597849947558,34.0,3.0,0.873597849947558,4.0,1.0,0.0,0.0,1.0
99.0,add,0.873597849947558,34.0,3.0,0.873597849947558,4.0,1.0,0.0,0.0,2.0
100.0,delete,0.873597849947558,34.0,3.0,0.873597849947558,4.0,0.0,0.0,0.0,1.0
101.0,swap,0.11731916609425042,34.0,3.0,0.873597849947558,3.0,1.0,0.0,1.0,1.0
102.0,add,0.06849503526670322,35.0,4.0,0.873597849947558,4.0,0.0,1.0,0.0,1.0
103.0,delete,0.3040764312848323,35.0,4.0,0.873597849947558,3.0,0.0,0.0,0.0,1.0
104.0,swap,0.3040764312848323,35.0,4.0,0.873597849947558,3.0,1.0,0.0,0.0,1.0
105.0,add,0.873597849947558,36.0,1.0,0.5885427623505207,4.0,0.0,0.0,0.0,1.0
106.0,add,0.8684525127287878,37.0,2.0,0.873597849947558,4.0,0.0,0.0,1.0,1.0
107.0,delete,0.3040764312848323,37.0,2.0,0.873597849947558,3.0,0.0,0.0,0.0,1.0
108.0,swap,0.08105450001105463,37.0,2.0,0.873597849947558,3.0,0.0,1.0,0.0,1.0
109.0,add,0.8684525127287878,38.0,4.0,0.873597849947558,4.0,0.0,0.0,1.0,0.0
110.0,delete,0.3040764312848323,38.0,4.0,0.873597849947558,3.0,0.0,0.0,0.0,0.0
111.0,swap,0.26659909213401567,38.0,4.0,0.873597849947558,3.0,0.0,0.0,1.0,0.0
112.0,change,0.873597849947558,39.0,2.0,0.6122413776803071,4.0,1.0,0.0,0.0,0.0
113.0,change,0.873597849947558,40.0,3.0,0.873597849947558,4.0,1.0,0.0,0.0,0.0
114.0,add,0.873597849947558,40.0,3.0,0.873597849947558,4.0,2.0,0.0,0.0,0.0
115.0,delete,0.2677858814627575,40.0,3.0,0.873597849947558,3.0,1.0,0.0,0.0,0.0
116.0,swap,0.040618085969499035,40.0,3.0,0.873597849947558,3.0,2.0,0.0,0.0,0.0
117.0,add,0.8696825154081719,41.0,4.0,0.8696825154081719,4.0,0.0,0.0,1.0,0.0
118.0,add,0.10891419891107416,41.0,4.0,0.8696825154081719,4.0,0.0,1.0,1.0,0.0
119.0,delete,0.26659909213401567,41.0,4.0,0.8696825154081719,3.0,0.0,0.0,1.0,0.0
120.0,swap,0.26307148112248957,41.0,4.0,0.8696825154081719,3.0,0.0,0.0,2.0,0.0
121.0,add,0.873597849947558,42.0,4.0,0.873597849947558,4.0,1.0,0.0,0.0,0.0
122.0,add,0.8684525127287878,42.0,4.0,0.873597849947558,4.0,1.0,0.0,1.0,0.0
123.0,delete,0.2677858814627575,42.0,4.0,0.873597849947558,3.0,1.0,0.0,0.0,0.0
124.0,swap,0.14012130282550514,42.0,4.0,0.873597849947558,3.0,1.0,1.0,0.0,0.0
125.0,change,0.873597849947558,43.0,2.0,0.5932085835507642,4.0,1.0,0.0,0.0,0.0
126.0,change,0.873597849947558,44.0,3.0,0.873597849947558,4.0,1.0,0.0,0.0,0.0
127.0,add,0.8696825154081719,44.0,3.0,0.873597849947558,4.0,1.0,0.0,1.0,0.0
128.0,delete,0.2677858814627575,44.0,3.0,0.873597849947558,3.0,1.0,0.0,0.0,0.0
129.0,swap,0.3040764312848323,44.0,3.0,0.873597849947558,3.0,1.0,0.0,1.0,0.0
130.0,change,0.873597849947558,45.0,4.0,0.873597849947558,4.0,1.0,0.0,0.0,0.0
131.0,add,0.873597849947558,45.0,4.0,0.873597849947558,4.0,1.0,0.0,0.0,1.0
132.0,delete,0.3040764312848323,45.0,4.0,0.873597849947558,3.0,1.0,0.0,0.0,0.0
133.0,swap,0.031976043295261915,45.0,4.0,0.873597849947558,3.0,2.0,0.0,0.0,0.0
134.0,swap,0.8172719008998551,46.0,5.0,0.817271900899856,4.0,1.0,1.0,0.0,0.0
135.0,add,0.7927135899342939,46.0,5.0,0.817271900899856,4.0,1.0,1.0,0.0,1.0
136.0,delete,0.2846600780686716,46.0,5.0,0.817271900899856,3.0,1.0,1.0,0.0,0.0
137.0,swap,0.8735978499475604,46.0,5.0,0.817271900899856,4.0,2.0,0.0,0.0,0.0
138.0,add,0.873597849947558,47.0,5.0,0.8735978499475604,4.0,2.0,0.0,0.0,1.0
139.0,add,0.8735978499475604,47.0,5.0,0.8735978499475604,4.0,3.0,0.0,0.0,1.0
140.0,delete,0.873597849947558,47.0,5.0,0.8735978499475604,4.0,1.0,0.0,0.0,1.0
141.0,swap,0.8735978499475604,47.0,5.0,0.8735978499475604,4.0,2.0,0.0,0.0,1.0
142.0,add,0.873597849947558,48.0,4.0,0.873597849947558,4.0,2.0,0.0,0.0,0.0
143.0,add,0.32320129480692394,48.0,4.0,0.873597849947558,4.0,2.0,1.0,0.0,0.0
144.0,delete,0.3040764312848323,48.0,4.0,0.873597849947558,3.0,2.0,0.0,0.0,0.0
145.0,swap,0.3040764312848323,48.0,4.0,0.873597849947558,3.0,2.0,0.0,0.0,1.0
146.0,add,0.08315390199107574,49.0,3.0,0.7228601033753673,4.0,1.0,1.0,0.0,0.0
147.0,add,0.5143618751090393,50.0,4.0,0.8735978499475594,4.0,2.0,1.0,0.0,0.0
148.0,add,0.8735978499475604,51.0,6.0,0.8735978499475604,4.0,3.0,0.0,0.0,1.0
149.0,add,0.46394062095644245,51.0,6.0,0.8735978499475604,4.0,3.0,1.0,0.0,1.0
150.0,delete,0.30407643128483264,51.0,6.0,0.8735978499475604,3.0,3.0,0.0,0.0,1.0
151.0,swap,0.8735978499475604,51.0,6.0,0.8735978499475604,4.0,2.0,0.0,0.0,2.0
152.0,swap,0.07119525611337468,52.0,4.0,0.7171030639500475,3.0,2.0,1.0,0.0,0.0
153.0,change,0.873597849947558,53.0,2.0,0.5884308300199936,4.0,1.0,0.0,0.0,0.0
154.0,change,0.8735978499475604,54.0,3.0,0.873597849947558,4.0,1.0,0.0,0.0,0.0
155.0,add,0.8696825154081753,54.0,3.0,0.873597849947558,4.0,1.0,0.0,1.0,0.0
156.0,delete,0.2677858814627581,54.0,3.0,0.873597849947558,3.0,1.0,0.0,0.0,0.0
157.0,swap,0.2665990921340152,54.0,3.0,0.873597849947558,3.0,1.0,0.0,1.0,0.0
158.0,change,0.8735978499475575,55.0,4.0,0.8735978499475604,4.0,1.0,0.0,0.0,0.0
159.0,add,0.8735978499475604,55.0,4.0,0.8735978499475604,4.0,1.0,0.0,0.0,1.0
160.0,delete,0.3040764312848323,55.0,4.0,0.8735978499475604,3.0,1.0,0.0,0.0,0.0
161.0,swap,0.11731916609425042,55.0,4.0,0.8735978499475604,3.0,1.0,0.0,0.0,1.0
162.0,add,0.8684525127287878,56.0,3.0,0.8684525127287878,4.0,0.0,0.0,1.0,0.0
163.0,add,0.8532479788325797,56.0,3.0,0.8684525127287878,4.0,0.0,0.0,2.0,0.0
164.0,delete,0.30230329150181523,56.0,3.0,0.8684525127287878,3.0,0.0,0.0,1.0,0.0
165.0,swap,0.2662086698628965,56.0,3.0,0.8684525127287878,3.0,1.0,0.0,1.0,0.0
166.0,add,0.873597849947558,57.0,5.0,0.873597849947558,4.0,2.0,0.0,0.0,0.0
167.0,add,0.873597849947558,57.0,5.0,0.873597849947558,4.0,2.0,0.0,0.0,1.0
168.0,delete,0.873597849947558,57.0,5.0,0.873597849947558,4.0,1.0,0.0,0.0,0.0
169.0,swap,0.05325120083475052,57.0,5.0,0.873597849947558,3.0,3.0,0.0,0.0,0.0
170.0,swap,0.873597849947558,58.0,6.0,0.8735978499475604,4.0,2.0,0.0,0.0,1.0
171.0,add,0.873597849947558,58.0,6.0,0.8735978499475604,4.0,3.0,0.0,0.0,1.0
172.0,delete,0.11731916609425057,58.0,6.0,0.8735978499475604,3.0,2.0,0.0,0.0,1.0
173.0,swap,0.12154767637247862,58.0,6.0,0.8735978499475604,4.0,2.0,1.0,0.0,0.0
174.0,add,0.8735978499475604,59.0,4.0,0.873597849947558,4.0,1.0,0.0,0.0,1.0
175.0,add,0.8696825154081719,59.0,4.0,0.873597849947558,4.0,1.0,0.0,1.0,1.0
176.0,delete,0.11731916609425042,59.0,4.0,0.873597849947558,3.0,1.0,0.0,0.0,1.0
177.0,swap,0.11731916609425042,59.0,4.0,0.873597849947558,3.0,2.0,0.0,0.0,1.0
178.0,change,0.873597849947558,60.0,3.0,0.616859944155732,4.0,1.0,0.0,0.0,0.0
179.0,change,0.873597849947558,61.0,4.0,0.873597849947558,4.0,1.0,0.0,0.0,0.0
180.0,add,0.8684525127287878,61.0,4.0,0.873597849947558,4.0,1.0,0.0,1.0,0.0
181.0,delete,0.873597849947558,61.0,4.0,0.873597849947558,4.0,0.0,0.0,0.0,0.0
182.0,swap,0.3040764312848323,61.0,4.0,0.873597849947558,3.0,1.0,0.0,1.0,0.0
183.0,swap,0.873597849947558,62.0,4.0,0.873597849947558,4.0,1.0,0.0,0.0,0.0
184.0,add,0.8696825154081719,62.0,4.0,0.873597849947558,4.0,1.0,0.0,1.0,0.0
185.0,delete,0.30407643128483264,62.0,4.0,0.873597849947558,3.0,1.0,0.0,0.0,0.0
186.0,swap,0.30407643128483264,62.0,4.0,0.873597849947558,3.0,2.0,0.0,0.0,0.0
187.0,add,0.8684525127287878,63.0,3.0,0.8684525127287878,4.0,0.0,0.0,1.0,1.0
188.0,add,0.866164230387068,63.0,3.0,0.8684525127287878,4.0,0.0,0.0,1.0,2.0
189.0,delete,0.30230329150181523,63.0,3.0,0.8684525127287878,3.0,0.0,0.0,1.0,1.0
190.0,swap,0.11680987203125236,63.0,3.0,0.8684525127287878,3.0,0.0,0.0,2.0,1.0
191.0,add,0.08484892756962666,64.0,5.0,0.873597849947558,4.0,0.0,1.0,0.0,0.0
192.0,delete,0.2677858814627575,64.0,5.0,0.873597849947558,3.0,0.0,0.0,0.0,0.0
193.0,swap,0.03298907456507269,64.0,5.0,0.873597849947558,3.0,0.0,1.0,0.0,0.0
194.0,change,0.8684525127287878,65.0,2.0,0.6317329931309734,4.0,0.0,0.0,1.0,0.0
195.0,change,0.8684525127287878,66.0,3.0,0.8684525127287878,4.0,0.0,0.0,1.0,0.0
196.0,add,0.8684525127287878,66.0,3.0,0.8684525127287878,4.0,0.0,0.0,1.0,1.0
197.0,delete,0.2677858814627575,66.0,3.0,0.8684525127287878,3.0,0.0,0.0,1.0,0.0
198.0,swap,0.07486549178959612,66.0,3.0,0.8684525127287878,3.0,0.0,1.0,1.0,0.0
199.0,add,0.8696825154081719,67.0,4.0,0.8696825154081719,4.0,0.0,0.0,1.0,1.0
200.0,add,0.6256241766565928,67.0,4.0,0.8696825154081719,4.0,0.0,1.0,1.0,1.0
201.0,delete,0.30276636134333024,67.0,4.0,0.8696825154081719,3.0,0.0,0.0,1.0,1.0
202.0,swap,0.30276636134333057,67.0,4.0,0.8696825154081719,3.0,1.0,0.0,1.0,1.0
203.0,add,0.8684525127287878,68.0,4.0,0.8684525127287878,4.0,0.0,0.0,1.0,0.0
204.0,add,0.08353884386920027,68.0,4.0,0.8684525127287878,4.0,0.0,1.0,1.0,0.0
205.0,delete,0.30230329150181523,68.0,4.0,0.8684525127287878,3.0,0.0,0.0,1.0,0.0
206.0,swap,0.025627621586663787,68.0,4.0,0.8684525127287878,3.0,1.0,0.0,1.0,0.0
207.0,add,0.873597849947558,69.0,2.0,0.574017535636302,4.0,2.0,0.0,0.0,0.0
208.0,add,0.873597849947558,70.0,3.0,0.873597849947558,4.0,2.0,0.0,0.0,0.0
209.0,add,0.873597849947558,70.0,3.0,0.873597849947558,4.0,3.0,0.0,0.0,0.0
210.0,delete,0.2677858814627581,70.0,3.0,0.873597849947558,3.0,2.0,0.0,0.0,0.0
211.0,swap,0.30407643128483264,70.0,3.0,0.873597849947558,3.0,2.0,0.0,0.0,1.0
212.0,add,0.873597849947558,71.0,4.0,0.873597849947558,4.0,2.0,0.0,0.0,0.0
213.0,add,0.873597849947558,71.0,4.0,0.873597849947558,4.0,2.0,0.0,0.0,1.0
214.0,delete,0.8735978499475604,71.0,4.0,0.873597849947558,4.0,1.0,0.0,0.0,0.0
215.0,swap,0.8696825154081719,71.0,4.0,0.873597849947558,4.0,1.0,0.0,1.0,0.0
216.0,change,0.873597849947558,72.0,3.0,0.8728147830396813,4.0,2.0,0.0,0.0,0.0
217.0,add,0.873597849947558,73.0,1.0,0.5772256802378792,4.0,0.0,0.0,0.0,1.0
218.0,add,0.873597849947558,74.0,2.0,0.873597849947558,4.0,0.0,0.0,0.0,2.0
219.0,delete,0.873597849947558,74.0,2.0,0.873597849947558,4.0,0.0,0.0,0.0,0.0
220.0,swap,0.3040764312848323,74.0,2.0,0.873597849947558,3.0,0.0,0.0,1.0,1.0
221.0,add,0.08763751505801878,75.0,3.0,0.873597849947558,4.0,0.0,1.0,0.0,0.0
222.0,delete,0.3040764312848323,75.0,3.0,0.873597849947558,3.0,0.0,0.0,0.0,0.0
223.0,swap,0.036992286819131505,75.0,3.0,0.873597849947558,3.0,1.0,0.0,0.0,0.0
224.0,add,0.873597849947558,76.0,5.0,0.873597849947558,4.0,2.0,0.0,0.0,1.0
225.0,add,0.873597849947558,76.0,5.0,0.873597849947558,4.0,2.0,0.0,0.0,2.0
226.0,delete,0.30407643128483275,76.0,5.0,0.873597849947558,3.0,2.0,0.0,0.0,1.0
227.0,swap,0.2983862719516401,76.0,5.0,0.873597849947558,4.0,2.0,1.0,0.0,0.0
228.0,add,0.873597849947558,77.0,5.0,0.873597849947558,4.0,2.0,0.0,0.0,0.0
229.0,add,0.8684525127287896,77.0,5.0,0.873597849947558,4.0,2.0,0.0,1.0,0.0
230.0,delete,0.8735978499475604,77.0,5.0,0.873597849947558,4.0,1.0,0.0,0.0,0.0
231.0,swap,0.30407643128483264,77.0,5.0,0.873597849947558,3.0,2.0,0.0,0.0,1.0
232.0,change,0.873597849947558,78.0,3.0,0.7505039151561638,4.0,2.0,0.0,0.0,0.0
233.0,change,0.873597849947558,79.0,4.0,0.873597849947558,4.0,2.0,0.0,0.0,0.0
234.0,add,0.06816921593686923,79.0,4.0,0.873597849947558,4.0,2.0,1.0,0.0,0.0
235.0,delete,0.8735978499475604,79.0,4.0,0.873597849947558,4.0,1.0,0.0,0.0,0.0
236.0,swap,0.029908774268636862,79.0,4.0,0.873597849947558,3.0,3.0,0.0,0.0,0.0
237.0,add,0.873597849947558,80.0,4.0,0.873597849947558,4.0,3.0,0.0,0.0,0.0
238.0,add,0.8684525127287878,80.0,4.0,0.873597849947558,4.0,3.0,0.0,1.0,0.0
239.0,delete,0.873597849947558,80.0,4.0,0.873597849947558,4.0,2.0,0.0,0.0,0.0
240.0,swap,0.035590077846505884,80.0,4.0,0.873597849947558,3.0,3.0,1.0,0.0,0.0
241.0,add,0.873597849947558,81.0,2.0,0.6414612654654881,4.0,2.0,0.0,0.0,0.0
242.0,add,0.873597849947558,82.0,3.0,0.873597849947558,4.0,2.0,0.0,0.0,0.0
243.0,add,0.873597849947558,82.0,3.0,0.873597849947558,4.0,3.0,0.0,0.0,0.0
244.0,delete,0.3040764312848323,82.0,3.0,0.873597849947558,3.0,2.0,0.0,0.0,0.0
245.0,swap,0.873597849947558,82.0,3.0,0.873597849947558,4.0,1.0,0.0,0.0,1.0
246.0,add,0.873597849947558,83.0,2.0,0.6044364838755423,4.0,1.0,0.0,0.0,1.0
247.0,add,0.873597849947558,84.0,3.0,0.873597849947558,4.0,1.0,0.0,0.0,1.0
248.0,add,0.6764367354058819,84.0,3.0,0.873597849947558,4.0,1.0,1.0,0.0,1.0
249.0,delete,0.11731916609425042,84.0,3.0,0.873597849947558,3.0,1.0,0.0,0.0,1.0
250.0,swap,0.08470609750067198,84.0,3.0,0.873597849947558,3.0,2.0,0.0,0.0,1.0
251.0,swap,0.873597849947558,85.0,4.0,0.873597849947558,4.0,1.0,0.0,0.0,1.0
252.0,add,0.8684525127287896,85.0,4.0,0.873597849947558,4.0,1.0,0.0,1.0,1.0
253.0,delete,0.11731916609425042,85.0,4.0,0.873597849947558,3.0,1.0,0.0,0.0,1.0
254.0,swap,0.30407643128483264,85.0,4.0,0.873597849947558,3.0,1.0,0.0,0.0,2.0
255.0,change,0.873597849947558,86.0,4.0,0.7586644987712596,4.0,2.0,0.0,0.0,0.0
256.0,change,0.873597849947558,87.0,5.0,0.873597849947558,4.0,2.0,0.0,0.0,0.0
257.0,add,0.873597849947558,87.0,5.0,0.873597849947558,4.0,2.0,0.0,0.0,1.0
258.0,delete,0.873597849947558,87.0,5.0,0.873597849947558,4.0,1.0,0.0,0.0,0.0
259.0,swap,0.03080896327893618,87.0,5.0,0.873597849947558,3.0,3.0,0.0,0.0,0.0
260.0,delete,0.8735978499475604,88.0,5.0,0.8735978499475604,4.0,1.0,0.0,0.0,0.0
261.0,add,0.8684525127287878,88.0,5.0,0.8735978499475604,4.0,1.0,0.0,1.0,0.0
262.0,delete,0.2677858814627581,88.0,5.0,0.8735978499475604,3.0,1.0,0.0,0.0,0.0
263.0,swap,0.1721723516748124,88.0,5.0,0.8735978499475604,3.0,1.0,0.0,0.0,1.0
264.0,delete,0.873597849947558,89.0,6.0,0.8735978499475604,4.0,1.0,0.0,0.0,0.0
265.0,add,0.873597849947558,89.0,6.0,0.8735978499475604,4.0,2.0,0.0,0.0,0.0
266.0,delete,0.873597849947558,89.0,6.0,0.8735978499475604,4.0,0.0,0.0,0.0,0.0
267.0,swap,0.30407643128483275,89.0,6.0,0.8735978499475604,3.0,1.0,0.0,0.0,1.0
268.0,change,0.873597849947558,90.0,4.0,0.7316709170037837,4.0,2.0,0.0,0.0,0.0
269.0,change,0.873597849947558,91.0,5.0,0.873597849947558,4.0,2.0,0.0,0.0,0.0
270.0,add,0.8696825154081768,91.0,5.0,0.873597849947558,4.0,2.0,0.0,1.0,0.0
271.0,delete,0.2677858814627581,91.0,5.0,0.873597849947558,3.0,2.0,0.0,0.0,0.0
272.0,swap,0.021378840484162782,91.0,5.0,0.873597849947558,3.0,2.0,1.0,0.0,0.0
273.0,add,0.8684525127287896,92.0,4.0,0.8684525127287892,4.0,1.0,0.0,1.0,0.0
274.0,add,0.8645604557060105,92.0,4.0,0.8684525127287892,4.0,1.0,0.0,2.0,0.0
275.0,delete,0.3023032915018151,92.0,4.0,0.8684525127287892,3.0,1.0,0.0,1.0,0.0
276.0,swap,0.1088814211219891,92.0,4.0,0.8684525127287892,3.0,1.0,1.0,1.0,0.0
277.0,add,0.873597849947558,93.0,3.0,0.7049672280835935,4.0,2.0,0.0,0.0,1.0
278.0,add,0.8735978499475604,94.0,4.0,0.873597849947558,4.0,2.0,0.0,0.0,1.0
279.0,add,0.873597849947558,94.0,4.0,0.873597849947558,4.0,2.0,0.0,0.0,2.0
280.0,delete,0.2677858814627581,94.0,4.0,0.873597849947558,3.0,2.0,0.0,0.0,1.0
281.0,swap,0.11719131559423906,94.0,4.0,0.873597849947558,3.0,2.0,0.0,1.0,1.0
282.0,change,0.873597849947558,95.0,4.0,0.873597849947558,4.0,2.0,0.0,0.0,0.0
283.0,add,0.873597849947558,95.0,4.0,0.873597849947558,4.0,2.0,0.0,0.0,1.0
284.0,delete,0.8735978499475604,95.0,4.0,0.873597849947558,4.0,1.0,0.0,0.0,0.0
285.0,swap,0.8684525127287882,95.0,4.0,0.873597849947558,4.0,1.0,0.0,1.0,0.0
286.0,change,0.8735978499475604,96.0,3.0,0.6891047388308963,4.0,2.0,0.0,0.0,0.0
287.0,add,0.873597849947558,97.0,3.0,0.873597849947558,4.0,1.0,0.0,0.0,2.0
288.0,delete,0.11731916609425042,97.0,3.0,0.873597849947558,3.0,0.0,0.0,0.0,2.0
289.0,swap,0.0342989166645149,97.0,3.0,0.873597849947558,3.0,0.0,0.0,0.0,3.0
290.0,change,0.873597849947558,98.0,4.0,0.8735978499475604,4.0,2.0,0.0,0.0,0.0
291.0,add,0.8735978499475604,98.0,4.0,0.8735978499475604,4.0,2.0,0.0,0.0,1.0
292.0,delete,0.30407643128483275,98.0,4.0,0.8735978499475604,3.0,2.0,0.0,0.0,0.0
293.0,swap,0.09372110651819818,98.0,4.0,0.8735978499475604,3.0,2.0,1.0,0.0,0.0
294.0,add,0.873597849947558,99.0,5.0,0.873597849947558,4.0,2.0,0.0,0.0,1.0
295.0,add,0.873597849947558,99.0,5.0,0.873597849947558,4.0,2.0,0.0,0.0,2.0
296.0,delete,0.8735978499475604,99.0,5.0,0.873597849947558,4.0,1.0,0.0,0.0,1.0
297.0,swap,0.2511065415742753,99.0,5.0,0.873597849947558,4.0,1.0,1.0,0.0,1.0
298.0,delete,0.8735978499475604,100.0,5.0,0.8735978499475604,4.0,1.0,0.0,0.0,0.0
299.0,add,0.8735978499475604,100.0,5.0,0.8735978499475604,4.0,1.0,0.0,0.0,1.0
300.0,delete,0.2677858814627581,100.0,5.0,0.8735978499475604,3.0,1.0,0.0,0.0,0.0
301.0,swap,0.3040764312848323,100.0,5.0,0.8735978499475604,3.0,1.0,0.0,1.0,0.0
302.0,change,0.8735978499475604,101.0,5.0,0.873597849947558,4.0,2.0,0.0,0.0,0.0
303.0,add,0.10597115203982321,101.0,5.0,0.873597849947558,4.0,2.0,1.0,0.0,0.0
304.0,delete,0.3040764312848323,101.0,5.0,0.873597849947558,3.0,2.0,0.0,0.0,0.0
305.0,swap,0.8696825154081753,101.0,5.0,0.873597849947558,4.0,1.0,0.0,1.0,0.0
306.0,delete,0.2677858814627581,102.0,5.0,0.7596935662150134,3.0,2.0,0.0,0.0,0.0
307.0,add,0.8684525127287878,103.0,4.0,0.8684525127287878,4.0,0.0,0.0,1.0,1.0
308.0,add,0.8684525127287878,103.0,4.0,0.8684525127287878,4.0,0.0,0.0,1.0,2.0
309.0,delete,0.873597849947558,103.0,4.0,0.8684525127287878,4.0,0.0,0.0,0.0,1.0
310.0,swap,0.30230329150181523,103.0,4.0,0.8684525127287878,3.0,0.0,0.0,1.0,2.0
311.0,add,0.06890921586348274,104.0,2.0,0.6114747346557559,4.0,0.0,1.0,0.0,1.0
312.0,add,0.8735978499475604,105.0,6.0,0.873597849947558,4.0,2.0,0.0,0.0,0.0
313.0,add,0.08856938818986193,105.0,6.0,0.873597849947558,4.0,2.0,1.0,0.0,0.0
314.0,delete,0.2677858814627581,105.0,6.0,0.873597849947558,3.0,2.0,0.0,0.0,0.0
315.0,swap,0.873597849947558,105.0,6.0,0.873597849947558,4.0,2.0,0.0,0.0,0.0
316.0,add,0.873597849947558,106.0,2.0,0.6326658310680079,4.0,2.0,0.0,0.0,0.0
317.0,add,0.873597849947558,107.0,3.0,0.873597849947558,4.0,2.0,0.0,0.0,0.0
318.0,add,0.873597849947558,107.0,3.0,0.873597849947558,4.0,2.0,0.0,0.0,1.0
319.0,delete,0.30407643128483264,107.0,3.0,0.873597849947558,3.0,2.0,0.0,0.0,0.0
320.0,swap,0.12967569163540457,107.0,3.0,0.873597849947558,3.0,2.0,1.0,0.0,0.0
321.0,add,0.8696825154081753,108.0,4.0,0.8696825154081719,4.0,1.0,0.0,1.0,0.0
322.0,add,0.8645604557060138,108.0,4.0,0.8696825154081719,4.0,1.0,0.0,2.0,0.0
323.0,delete,0.30276636134333057,108.0,4.0,0.8696825154081719,3.0,1.0,0.0,1.0,0.0
324.0,swap,0.2665990921340155,108.0,4.0,0.8696825154081719,3.0,2.0,0.0,1.0,0.0
325.0,change,0.8684525127287878,109.0,3.0,0.7562517359271472,4.0,0.0,0.0,1.0,1.0
326.0,change,0.8684525127287878,110.0,4.0,0.8684525127287878,4.0,0.0,0.0,1.0,1.0
327.0,add,0.8633374806385117,110.0,4.0,0.8684525127287878,4.0,0.0,0.0,2.0,1.0
328.0,delete,0.873597849947558,110.0,4.0,0.8684525127287878,4.0,0.0,0.0,0.0,1.0
329.0,swap,0.3023032915018151,110.0,4.0,0.8684525127287878,3.0,0.0,0.0,2.0,1.0
330.0,add,0.3313396769948816,111.0,5.0,0.873597849947558,4.0,0.0,1.0,0.0,1.0
331.0,delete,0.3040764312848323,111.0,5.0,0.873597849947558,3.0,0.0,0.0,0.0,1.0
332.0,swap,0.2677858814627581,111.0,5.0,0.873597849947558,3.0,1.0,0.0,0.0,1.0
333.0,change,0.8684525127287878,112.0,3.0,0.6025300387574786,4.0,1.0,0.0,1.0,0.0
334.0,change,0.8684525127287892,113.0,4.0,0.8684525127287878,4.0,1.0,0.0,1.0,0.0
335.0,add,0.7579477561234295,113.0,4.0,0.8684525127287878,4.0,1.0,1.0,1.0,0.0
336.0,delete,0.2662086698628966,113.0,4.0,0.8684525127287878,3.0,1.0,0.0,1.0,0.0
337.0,swap,0.8645604557060138,113.0,4.0,0.8684525127287878,4.0,0.0,0.0,2.0,0.0
338.0,swap,0.8645604557060138,114.0,5.0,0.8645604557060138,4.0,0.0,0.0,2.0,0.0
339.0,add,0.8606866739320944,114.0,5.0,0.8645604557060138,4.0,0.0,0.0,3.0,0.0
340.0,delete,0.30100095559490514,114.0,5.0,0.8645604557060138,3.0,0.0,0.0,2.0,0.0
341.0,swap,0.2650289370000909,114.0,5.0,0.8645604557060138,3.0,1.0,0.0,2.0,0.0
342.0,add,0.873597849947558,115.0,4.0,0.873597849947558,4.0,2.0,0.0,0.0,0.0
343.0,add,0.873597849947558,115.0,4.0,0.873597849947558,4.0,2.0,0.0,0.0,1.0
344.0,delete,0.2677858814627575,115.0,4.0,0.873597849947558,3.0,2.0,0.0,0.0,0.0
345.0,swap,0.30407643128483264,115.0,4.0,0.873597849947558,3.0,2.0,0.0,1.0,0.0
346.0,add,0.8684525127287878,116.0,4.0,0.8684525127287878,4.0,1.0,0.0,1.0,1.0
347.0,add,0.8684525127287911,116.0,4.0,0.8684525127287878,4.0,2.0,0.0,1.0,1.0
348.0,delete,0.873597849947558,116.0,4.0,0.8684525127287878,4.0,1.0,0.0,0.0,1.0
349.0,swap,0.17079590100649894,116.0,4.0,0.8684525127287878,3.0,1.0,0.0,2.0,1.0
350.0,add,0.866164230387068,117.0,3.0,0.7299502578280846,4.0,1.0,0.0,1.0,1.0
351.0,add,0.866164230387068,118.0,4.0,0.866164230387068,4.0,1.0,0.0,1.0,1.0
352.0,add,0.8661642303870699,118.0,4.0,0.866164230387068,4.0,2.0,0.0,1.0,1.0
353.0,delete,0.26552057028739123,118.0,4.0,0.866164230387068,3.0,1.0,0.0,1.0,1.0
354.0,swap,0.8509051100905217,118.0,4.0,0.866164230387068,4.0,1.0,1.0,0.0,1.0
355.0,add,0.866164230387068,119.0,5.0,0.866164230387068,4.0,1.0,0.0,1.0,1.0
356.0,add,0.866164230387068,119.0,5.0,0.866164230387068,4.0,2.0,0.0,1.0,1.0
357.0,delete,0.265520570287391,119.0,5.0,0.866164230387068,3.0,1.0,0.0,1.0,1.0
358.0,swap,0.8610628918855857,119.0,5.0,0.866164230387068,4.0,0.0,0.0,2.0,1.0
359.0,add,0.8684525127287878,120.0,3.0,0.7302558274019039,4.0,2.0,0.0,1.0,0.0
360.0,add,0.873597849947558,121.0,4.0,0.873597849947558,4.0,2.0,0.0,0.0,0.0
361.0,add,0.873597849947558,121.0,4.0,0.873597849947558,4.0,3.0,0.0,0.0,0.0
362.0,delete,0.2677858814627575,121.0,4.0,0.873597849947558,3.0,2.0,0.0,0.0,0.0
363.0,swap,0.2677858814627575,121.0,4.0,0.873597849947558,3.0,2.0,0.0,0.0,1.0
364.0,add,0.8684525127287878,122.0,4.0,0.8684525127287878,4.0,2.0,0.0,1.0,0.0
365.0,add,0.8661642303870695,122.0,4.0,0.8684525127287878,4.0,2.0,0.0,1.0,1.0
366.0,delete,0.8684525127287892,122.0,4.0,0.8684525127287878,4.0,1.0,0.0,1.0,0.0
367.0,swap,0.05480632914424899,122.0,4.0,0.8684525127287878,3.0,2.0,1.0,1.0,0.0
368.0,delete,0.873597849947558,123.0,5.0,0.873597849947558,4.0,1.0,0.0,0.0,1.0
369.0,add,0.873597849947558,123.0,5.0,0.873597849947558,4.0,1.0,0.0,0.0,2.0
370.0,delete,0.17217235167481248,123.0,5.0,0.873597849947558,3.0,1.0,0.0,0.0,1.0
371.0,swap,0.7234413853671555,123.0,5.0,0.873597849947558,3.0,1.0,1.0,0.0,1.0
372.0,swap,0.8581753180107198,124.0,5.0,0.8509051100905217,4.0,1.0,1.0,0.0,1.0
373.0,add,0.8509051100905232,124.0,5.0,0.8509051100905217,4.0,2.0,1.0,0.0,1.0
374.0,delete,0.29647840945563386,124.0,5.0,0.8509051100905217,3.0,1.0,1.0,0.0,1.0
375.0,swap,0.25870219236576714,124.0,5.0,0.8509051100905217,3.0,1.0,1.0,1.0,1.0
376.0,change,0.8684525127287911,125.0,3.0,0.6378249373693151,4.0,1.0,0.0,1.0,0.0
377.0,change,0.8684525127287901,126.0,4.0,0.8684525127287911,4.0,1.0,0.0,1.0,0.0
378.0,add,0.8684525127287911,126.0,4.0,0.8684525127287911,4.0,1.0,0.0,1.0,1.0
379.0,delete,0.2662086698628963,126.0,4.0,0.8684525127287911,3.0,1.0,0.0,1.0,0.0
380.0,swap,0.06985557096129595,126.0,4.0,0.8684525127287911,4.0,1.0,1.0,0.0,0.0
381.0,change,0.8684525127287878,127.0,3.0,0.6508157166864361,4.0,0.0,0.0,1.0,1.0
382.0,change,0.8684525127287878,128.0,4.0,0.8684525127287878,4.0,0.0,0.0,1.0,1.0
383.0,add,0.8684525127287878,128.0,4.0,0.8684525127287878,4.0,0.0,0.0,1.0,2.0
384.0,delete,0.30230329150181523,128.0,4.0,0.8684525127287878,3.0,0.0,0.0,1.0,1.0
385.0,swap,0.07089936588133518,128.0,4.0,0.8684525127287878,4.0,0.0,1.0,1.0,0.0
386.0,add,0.4915469302788152,129.0,3.0,0.503534460531836,4.0,1.0,1.0,0.0,0.0
387.0,add,0.503534460531836,129.0,3.0,0.503534460531836,4.0,1.0,1.0,0.0,1.0
388.0,delete,0.16131037851654778,129.0,3.0,0.503534460531836,3.0,1.0,1.0,0.0,0.0
389.0,swap,0.5012894236673641,129.0,3.0,0.503534460531836,4.0,0.0,1.0,1.0,0.0
390.0,change,0.873597849947558,130.0,3.0,0.6385311725180528,4.0,2.0,0.0,0.0,0.0
391.0,change,0.873597849947558,131.0,4.0,0.873597849947558,4.0,2.0,0.0,0.0,0.0
392.0,add,0.873597849947558,131.0,4.0,0.873597849947558,4.0,3.0,0.0,0.0,0.0
393.0,delete,0.2677858814627575,131.0,4.0,0.873597849947558,3.0,2.0,0.0,0.0,0.0
394.0,swap,0.11731916609425042,131.0,4.0,0.873597849947558,3.0,2.0,0.0,0.0,1.0
395.0,add,0.873597849947558,132.0,4.0,0.873597849947558,4.0,1.0,0.0,0.0,1.0
396.0,add,0.873597849947558,132.0,4.0,0.873597849947558,4.0,1.0,0.0,0.0,2.0
397.0,delete,0.3040764312848323,132.0,4.0,0.873597849947558,3.0,1.0,0.0,0.0,1.0
398.0,swap,0.11598067787416816,132.0,4.0,0.873597849947558,3.0,1.0,1.0,0.0,1.0
399.0,add,0.873597849947558,133.0,1.0,0.5912146065061571,4.0,0.0,0.0,0.0,1.0
400.0,add,0.873597849947558,134.0,2.0,0.873597849947558,4.0,0.0,0.0,0.0,2.0
401.0,delete,0.873597849947558,134.0,2.0,0.873597849947558,4.0,0.0,0.0,0.0,0.0
402.0,swap,0.3040764312848323,134.0,2.0,0.873597849947558,3.0,0.0,0.0,0.0,2.0
403.0,add,0.8696825154081719,135.0,3.0,0.873597849947558,4.0,0.0,0.0,1.0,0.0
404.0,delete,0.3040764312848323,135.0,3.0,0.873597849947558,3.0,0.0,0.0,0.0,0.0
405.0,swap,0.3040764312848323,135.0,3.0,0.873597849947558,3.0,0.0,0.0,1.0,0.0
406.0,add,0.8684525127287878,136.0,3.0,0.873597849947558,4.0,0.0,0.0,1.0,2.0
407.0,delete,0.2677858814627575,136.0,3.0,0.873597849947558,3.0,0.0,0.0,0.0,2.0
408.0,swap,0.2662086698628963,136.0,3.0,0.873597849947558,3.0,0.0,0.0,1.0,2.0
409.0,add,0.866164230387068,137.0,4.0,0.866164230387068,4.0,0.0,0.0,1.0,2.0
410.0,add,0.866164230387068,137.0,4.0,0.866164230387068,4.0,0.0,0.0,1.0,3.0
411.0,delete,0.866164230387068,137.0,4.0,0.866164230387068,4.0,0.0,0.0,1.0,1.0
412.0,swap,0.2630714811224897,137.0,4.0,0.866164230387068,3.0,0.0,0.0,2.0,2.0
413.0,add,0.8614498338441896,138.0,3.0,0.7455456805341523,4.0,0.0,1.0,1.0,1.0
414.0,add,0.8614498338441896,139.0,4.0,0.8614498338441896,4.0,0.0,1.0,1.0,1.0
415.0,add,0.8463690444589902,139.0,4.0,0.8614498338441896,4.0,0.0,1.0,2.0,1.0
416.0,delete,0.11631142471193506,139.0,4.0,0.8614498338441896,3.0,0.0,1.0,1.0,1.0
417.0,swap,0.2712425769955732,139.0,4.0,0.8614498338441896,3.0,1.0,1.0,1.0,1.0
418.0,add,0.8684525127287878,140.0,5.0,0.873597849947558,4.0,0.0,0.0,1.0,1.0
419.0,delete,0.11731916609425042,140.0,5.0,0.873597849947558,3.0,0.0,0.0,0.0,1.0
420.0,swap,0.013671350636166412,140.0,5.0,0.873597849947558,3.0,0.0,0.0,0.0,2.0
421.0,add,0.8684525127287892,141.0,5.0,0.8684525127287878,4.0,1.0,0.0,1.0,1.0
422.0,add,0.8681305373065258,141.0,5.0,0.8684525127287878,4.0,1.0,1.0,1.0,1.0
423.0,delete,0.2662086698628966,141.0,5.0,0.8684525127287878,3.0,1.0,0.0,1.0,1.0
424.0,swap,0.8684336761041985,141.0,5.0,0.8684525127287878,4.0,1.0,0.0,1.0,1.0
425.0,change,0.8684525127287878,142.0,4.0,0.7479355817462395,4.0,1.0,0.0,1.0,1.0
426.0,change,0.8684525127287878,143.0,5.0,0.8684525127287878,4.0,1.0,0.0,1.0,1.0
427.0,add,0.8684525127287901,143.0,5.0,0.8684525127287878,4.0,2.0,0.0,1.0,1.0
428.0,delete,0.8684525127287878,143.0,5.0,0.8684525127287878,4.0,0.0,0.0,1.0,1.0
429.0,swap,0.8696825154081719,143.0,5.0,0.8684525127287878,4.0,1.0,0.0,1.0,1.0
430.0,add,0.08209088041831795,144.0,2.0,0.5690112285004999,4.0,0.0,1.0,0.0,1.0
431.0,add,0.8684525127287901,145.0,6.0,0.8684525127287901,4.0,2.0,0.0,1.0,1.0
432.0,add,0.8684525127287901,145.0,6.0,0.8684525127287901,4.0,2.0,0.0,1.0,2.0
433.0,delete,0.8735978499475604,145.0,6.0,0.8684525127287901,4.0,2.0,0.0,0.0,1.0
434.0,swap,0.3023032915018151,145.0,6.0,0.8684525127287901,3.0,2.0,0.0,1.0,2.0
435.0,add,0.8532479788325797,146.0,3.0,0.7196126069359189,4.0,1.0,0.0,2.0,0.0
436.0,add,0.8532479788325797,147.0,4.0,0.8532479788325797,4.0,1.0,0.0,2.0,0.0
437.0,add,0.8442487255782668,147.0,4.0,0.8532479788325797,4.0,1.0,0.0,2.0,1.0
438.0,delete,0.8684525127287878,147.0,4.0,0.8532479788325797,4.0,1.0,0.0,1.0,0.0
439.0,swap,0.8532479788325797,147.0,4.0,0.8532479788325797,4.0,1.0,0.0,2.0,0.0
440.0,delete,0.2677858814627575,148.0,2.0,0.5878583069813486,3.0,0.0,0.0,0.0,1.0
441.0,delete,0.8684525127287878,149.0,5.0,0.8684525127287878,4.0,1.0,0.0,1.0,0.0
442.0,add,0.8633374806385117,149.0,5.0,0.8684525127287878,4.0,1.0,0.0,2.0,0.0
443.0,delete,0.2677858814627581,149.0,5.0,0.8684525127287878,3.0,1.0,0.0,1.0,0.0
444.0,swap,0.11310318128746336,149.0,5.0,0.8684525127287878,3.0,2.0,0.0,1.0,0.0
445.0,change,0.8684525127287878,150.0,4.0,0.7854269029972485,4.0,1.0,0.0,1.0,1.0
446.0,change,0.8684525127287878,151.0,5.0,0.8684525127287878,4.0,1.0,0.0,1.0,1.0
447.0,add,0.8549750210683552,151.0,5.0,0.8684525127287878,4.0,1.0,1.0,1.0,1.0
448.0,delete,0.17117968659641372,151.0,5.0,0.8684525127287878,3.0,1.0,0.0,1.0,1.0
449.0,swap,0.8298200332591527,151.0,5.0,0.8684525127287878,3.0,1.0,1.0,1.0,1.0
450.0,delete,0.8684525127287878,152.0,6.0,0.8684525127287878,4.0,0.0,0.0,1.0,1.0
451.0,add,0.6245029236615218,152.0,6.0,0.8684525127287878,4.0,0.0,1.0,1.0,1.0
452.0,delete,0.2677858814627575,152.0,6.0,0.8684525127287878,3.0,0.0,0.0,1.0,1.0
453.0,swap,0.8684525127287878,152.0,6.0,0.8684525127287878,4.0,0.0,0.0,1.0,1.0
454.0,add,0.8684525127287911,153.0,5.0,0.8684525127287911,4.0,2.0,0.0,1.0,1.0
455.0,add,0.8633374806385159,153.0,5.0,0.8684525127287911,4.0,2.0,0.0,2.0,1.0
456.0,delete,0.1711796865964138,153.0,5.0,0.8684525127287911,3.0,2.0,0.0,1.0,1.0
457.0,swap,0.873597849947558,153.0,5.0,0.8684525127287911,4.0,3.0,0.0,0.0,1.0
458.0,change,0.873597849947558,154.0,3.0,0.6312730625536378,4.0,2.0,0.0,0.0,0.0
459.0,add,0.8696825154081719,155.0,4.0,0.8696825154081719,4.0,0.0,0.0,1.0,0.0
460.0,add,0.858045746934309,155.0,4.0,0.8696825154081719,4.0,0.0,0.0,2.0,0.0
461.0,delete,0.3040764312848323,155.0,4.0,0.8696825154081719,3.0,0.0,0.0,1.0,0.0
462.0,swap,0.873597849947558,155.0,4.0,0.8696825154081719,4.0,1.0,0.0,0.0,0.0
463.0,add,0.873597849947558,156.0,3.0,0.7550170117966086,4.0,0.0,0.0,0.0,1.0
464.0,add,0.873597849947558,157.0,4.0,0.873597849947558,4.0,0.0,0.0,0.0,2.0
465.0,delete,0.873597849947558,157.0,4.0,0.873597849947558,4.0,0.0,0.0,0.0,0.0
466.0,swap,0.3040764312848323,157.0,4.0,0.873597849947558,3.0,0.0,0.0,1.0,1.0
467.0,delete,0.11731916609425042,158.0,2.0,0.6499608949300406,3.0,0.0,0.0,0.0,1.0
468.0,swap,0.873597849947558,159.0,5.0,0.873597849947558,4.0,1.0,0.0,0.0,0.0
469.0,add,0.873597849947558,159.0,5.0,0.873597849947558,4.0,1.0,0.0,0.0,1.0
470.0,delete,0.30407643128483275,159.0,5.0,0.873597849947558,3.0,1.0,0.0,0.0,0.0
471.0,swap,0.3008943202525919,159.0,5.0,0.873597849947558,3.0,1.0,1.0,0.0,0.0
472.0,add,0.873597849947558,160.0,3.0,0.6963170378110068,4.0,1.0,0.0,0.0,0.0
473.0,add,0.873597849947558,161.0,4.0,0.873597849947558,4.0,1.0,0.0,0.0,0.0
474.0,add,0.8684525127287892,161.0,4.0,0.873597849947558,4.0,1.0,0.0,1.0,0.0
475.0,delete,0.873597849947558,161.0,4.0,0.873597849947558,4.0,0.0,0.0,0.0,0.0
476.0,swap,0.2073800847047135,161.0,4.0,0.873597849947558,3.0,1.0,1.0,0.0,0.0
477.0,add,0.873597849947558,162.0,5.0,0.873597849947558,4.0,1.0,0.0,0.0,0.0
478.0,add,0.873597849947558,162.0,5.0,0.873597849947558,4.0,1.0,0.0,0.0,1.0
479.0,delete,0.3040764312848323,162.0,5.0,0.873597849947558,3.0,1.0,0.0,0.0,0.0
480.0,swap,0.3040764312848323,162.0,5.0,0.873597849947558,3.0,1.0,0.0,1.0,0.0
481.0,add,0.8696825154081719,163.0,5.0,0.8696825154081719,4.0,0.0,0.0,1.0,0.0
482.0,add,0.8560392564202159,163.0,5.0,0.8696825154081719,4.0,0.0,1.0,1.0,0.0
483.0,delete,0.26659909213401567,163.0,5.0,0.8696825154081719,3.0,0.0,0.0,1.0,0.0
484.0,swap,0.26541783293582805,163.0,5.0,0.8696825154081719,3.0,0.0,0.0,2.0,0.0
485.0,add,0.06585497223288822,164.0,2.0,0.2677858814627575,3.0,0.0,1.0,0.0,0.0
486.0,delete,0.09431537009970281,164.0,2.0,0.2677858814627575,2.0,0.0,0.0,0.0,0.0
487.0,swap,0.09431537009970281,164.0,2.0,0.2677858814627575,2.0,0.0,0.0,0.0,1.0
488.0,add,0.8696825154081719,165.0,5.0,0.873597849947558,4.0,0.0,0.0,1.0,2.0
489.0,delete,0.2677858814627575,165.0,5.0,0.873597849947558,3.0,0.0,0.0,0.0,2.0
490.0,swap,0.07485575822122315,165.0,5.0,0.873597849947558,3.0,0.0,1.0,0.0,2.0
491.0,add,0.8684525127287878,166.0,2.0,0.4747034456634703,4.0,0.0,0.0,1.0,1.0
492.0,add,0.8684525127287878,167.0,3.0,0.8684525127287878,4.0,0.0,0.0,1.0,1.0
493.0,add,0.8684525127287878,167.0,3.0,0.8684525127287878,4.0,1.0,0.0,1.0,1.0
494.0,delete,0.873597849947558,167.0,3.0,0.8684525127287878,4.0,0.0,0.0,0.0,1.0
495.0,swap,0.8696825154081719,167.0,3.0,0.8684525127287878,4.0,0.0,0.0,1.0,1.0
496.0,add,0.873597849947558,168.0,4.0,0.873597849947558,4.0,1.0,0.0,0.0,1.0
497.0,delete,0.2677858814627575,168.0,4.0,0.873597849947558,3.0,0.0,0.0,0.0,1.0
498.0,swap,0.21148761794573803,168.0,4.0,0.873597849947558,3.0,0.0,1.0,0.0,1.0
499.0,add,0.873597849947558,169.0,2.0,0.6333602529626691,4.0,0.0,0.0,0.0,2.0
500.0,add,0.873597849947558,170.0,3.0,0.873597849947558,4.0,1.0,0.0,0.0,2.0
501.0,delete,0.1721723516748124,170.0,3.0,0.873597849947558,3.0,0.0,0.0,0.0,2.0
502.0,swap,0.873597849947558,170.0,3.0,0.873597849947558,4.0,1.0,0.0,0.0,1.0
503.0,add,0.8684525127287878,171.0,4.0,0.8684525127287878,4.0,0.0,0.0,1.0,1.0
504.0,add,0.8684525127287911,171.0,4.0,0.8684525127287878,4.0,1.0,0.0,1.0,1.0
505.0,delete,0.30230329150181523,171.0,4.0,0.8684525127287878,3.0,0.0,0.0,1.0,1.0
506.0,swap,0.08865266879848939,171.0,4.0,0.8684525127287878,3.0,0.0,1.0,1.0,1.0
507.0,add,0.8684525127287878,172.0,4.0,0.8684525127287878,4.0,1.0,0.0,1.0,1.0
508.0,add,0.8684525127287872,172.0,4.0,0.8684525127287878,4.0,2.0,0.0,1.0,1.0
509.0,delete,0.3023032915018151,172.0,4.0,0.8684525127287878,3.0,1.0,0.0,1.0,1.0
510.0,swap,0.26732433960919144,172.0,4.0,0.8684525127287878,3.0,1.0,0.0,2.0,1.0
511.0,add,0.8633374806385117,173.0,3.0,0.6349970338594738,4.0,0.0,0.0,2.0,1.0
512.0,add,0.8633374806385117,174.0,4.0,0.8633374806385117,4.0,0.0,0.0,2.0,1.0
513.0,add,0.8610628918855857,174.0,4.0,0.8633374806385117,4.0,0.0,0.0,2.0,2.0
514.0,delete,0.3005404913057133,174.0,4.0,0.8633374806385117,3.0,0.0,0.0,2.0,1.0
515.0,swap,0.039427541747915414,174.0,4.0,0.8633374806385117,3.0,0.0,1.0,2.0,1.0
516.0,change,0.8684525127287878,175.0,3.0,0.5992626996973343,4.0,0.0,0.0,1.0,1.0
517.0,change,0.8684525127287878,176.0,4.0,0.8684525127287878,4.0,0.0,0.0,1.0,1.0
518.0,add,0.8633374806385117,176.0,4.0,0.8684525127287878,4.0,0.0,0.0,2.0,1.0
519.0,delete,0.30230329150181523,176.0,4.0,0.8684525127287878,3.0,0.0,0.0,1.0,1.0
520.0,swap,0.13494177995119996,176.0,4.0,0.8684525127287878,3.0,0.0,1.0,1.0,1.0
521.0,change,0.8684525127287878,177.0,5.0,0.8684525127287878,4.0,0.0,0.0,1.0,1.0
522.0,add,0.805229107264226,177.0,5.0,0.8684525127287878,4.0,0.0,1.0,1.0,1.0
523.0,delete,0.8684525127287878,177.0,5.0,0.8684525127287878,4.0,0.0,0.0,1.0,0.0
524.0,swap,0.3023032915018151,177.0,5.0,0.8684525127287878,3.0,0.0,0.0,2.0,1.0
525.0,change,0.8684525127287878,178.0,3.0,0.6341598928756706,4.0,0.0,0.0,1.0,1.0
526.0,add,0.873597849947558,179.0,2.0,0.6283529738490696,4.0,1.0,0.0,0.0,1.0
527.0,add,0.873597849947558,180.0,3.0,0.873597849947558,4.0,1.0,0.0,0.0,1.0
528.0,add,0.873597849947558,180.0,3.0,0.873597849947558,4.0,1.0,0.0,0.0,2.0
529.0,delete,0.3040764312848323,180.0,3.0,0.873597849947558,3.0,1.0,0.0,0.0,1.0
530.0,swap,0.873597849947558,180.0,3.0,0.873597849947558,4.0,1.0,0.0,0.0,1.0
531.0,swap,0.873597849947558,181.0,4.0,0.873597849947558,4.0,1.0,0.0,0.0,1.0
532.0,add,0.873597849947558,181.0,4.0,0.873597849947558,4.0,2.0,0.0,0.0,1.0
533.0,delete,0.2677858814627575,181.0,4.0,0.873597849947558,3.0,1.0,0.0,0.0,1.0
534.0,swap,0.0136713506361664,181.0,4.0,0.873597849947558,3.0,1.0,0.0,0.0,2.0
535.0,swap,0.873597849947558,182.0,4.0,0.873597849947558,4.0,1.0,0.0,0.0,1.0
536.0,add,0.8684525127287878,182.0,4.0,0.873597849947558,4.0,1.0,0.0,1.0,1.0
537.0,delete,0.873597849947558,182.0,4.0,0.873597849947558,4.0,1.0,0.0,0.0,0.0
538.0,swap,0.2677858814627575,182.0,4.0,0.873597849947558,3.0,2.0,0.0,0.0,1.0
539.0,swap,0.07675262996545097,183.0,3.0,0.7514063888068437,4.0,0.0,1.0,0.0,1.0
540.0,change,0.8684525127287878,184.0,4.0,0.8684525127287878,4.0,0.0,0.0,1.0,1.0
541.0,add,0.8532479788325797,184.0,4.0,0.8684525127287878,4.0,0.0,0.0,2.0,1.0
542.0,delete,0.30230329150181523,184.0,4.0,0.8684525127287878,3.0,0.0,0.0,1.0,1.0
543.0,swap,0.014095085656119584,184.0,4.0,0.8684525127287878,3.0,1.0,0.0,1.0,1.0
544.0,change,0.8684525127287878,185.0,4.0,0.7425779873904809,4.0,0.0,0.0,1.0,1.0
545.0,change,0.8684525127287878,186.0,5.0,0.8684525127287878,4.0,0.0,0.0,1.0,1.0
546.0,add,0.8532479788325797,186.0,5.0,0.8684525127287878,4.0,0.0,0.0,2.0,1.0
547.0,delete,0.2662086698628963,186.0,5.0,0.8684525127287878,3.0,0.0,0.0,1.0,1.0
548.0,swap,0.13634351858943458,186.0,5.0,0.8684525127287878,4.0,0.0,1.0,0.0,1.0
549.0,add,0.873597849947558,187.0,4.0,0.873597849947558,4.0,1.0,0.0,0.0,2.0
550.0,add,0.08413681857962316,187.0,4.0,0.873597849947558,4.0,1.0,1.0,0.0,2.0
551.0,delete,0.17217235167481248,187.0,4.0,0.873597849947558,3.0,1.0,0.0,0.0,2.0
552.0,swap,0.11731916609425042,187.0,4.0,0.873597849947558,3.0,1.0,0.0,1.0,2.0
553.0,change,0.873597849947558,188.0,4.0,0.873597849947558,4.0,2.0,0.0,0.0,0.0
554.0,add,0.08974457933961273,188.0,4.0,0.873597849947558,4.0,2.0,1.0,0.0,0.0
555.0,delete,0.3040764312848323,188.0,4.0,0.873597849947558,3.0,2.0,0.0,0.0,0.0
556.0,swap,0.07495042283100956,188.0,4.0,0.873597849947558,4.0,1.0,1.0,0.0,0.0
557.0,change,0.8684525127287878,189.0,2.0,0.5276140104842894,4.0,0.0,0.0,1.0,0.0
558.0,change,0.8684525127287878,190.0,3.0,0.8684525127287878,4.0,0.0,0.0,1.0,0.0
559.0,add,0.08441363718975002,190.0,3.0,0.8684525127287878,4.0,0.0,1.0,1.0,0.0
560.0,delete,0.2677858814627575,190.0,3.0,0.8684525127287878,3.0,0.0,0.0,1.0,0.0
561.0,swap,0.30230329150181523,190.0,3.0,0.8684525127287878,3.0,0.0,0.0,1.0,1.0
562.0,change,0.8696825154081719,191.0,4.0,0.8696825154081719,4.0,0.0,0.0,1.0,0.0
563.0,add,0.8696825154081719,191.0,4.0,0.8696825154081719,4.0,1.0,0.0,1.0,0.0
564.0,delete,0.3040764312848323,191.0,4.0,0.8696825154081719,3.0,0.0,0.0,1.0,0.0
565.0,swap,0.26659909213401567,191.0,4.0,0.8696825154081719,3.0,0.0,0.0,2.0,0.0
566.0,change,0.8684525127287878,192.0,6.0,0.8684525127287878,4.0,1.0,0.0,1.0,1.0
567.0,add,0.8684525127287878,192.0,6.0,0.8684525127287878,4.0,1.0,0.0,1.0,2.0
568.0,delete,0.2677858814627575,192.0,6.0,0.8684525127287878,3.0,1.0,0.0,1.0,1.0
569.0,swap,0.3023032915018158,192.0,6.0,0.8684525127287878,3.0,1.0,0.0,1.0,2.0
570.0,delete,0.8684525127287901,193.0,5.0,0.8684525127287892,4.0,1.0,0.0,1.0,0.0
571.0,add,0.8684525127287896,193.0,5.0,0.8684525127287892,4.0,2.0,0.0,1.0,0.0
572.0,delete,0.26620866986289676,193.0,5.0,0.8684525127287892,3.0,1.0,0.0,1.0,0.0
573.0,swap,0.2677858814627581,193.0,5.0,0.8684525127287892,3.0,2.0,0.0,1.0,0.0
574.0,swap,0.8684336761042029,194.0,6.0,0.8684336761041985,4.0,1.0,0.0,1.0,1.0
575.0,add,0.8684336761041985,194.0,6.0,0.8684336761041985,4.0,1.0,0.0,1.0,2.0
576.0,delete,0.30276636134333057,194.0,6.0,0.8684336761041985,3.0,1.0,0.0,1.0,1.0
577.0,swap,0.2615959678324457,194.0,6.0,0.8684336761041985,3.0,1.0,0.0,2.0,1.0
578.0,add,0.873597849947558,195.0,2.0,0.6417345636317393,4.0,1.0,0.0,0.0,1.0
579.0,add,0.873597849947558,196.0,3.0,0.873597849947558,4.0,1.0,0.0,0.0,1.0
580.0,add,0.8696825154081719,196.0,3.0,0.873597849947558,4.0,1.0,0.0,1.0,1.0
581.0,delete,0.08208499862389865,196.0,3.0,0.873597849947558,3.0,1.0,0.0,0.0,1.0
582.0,swap,0.2677858814627581,196.0,3.0,0.873597849947558,3.0,2.0,0.0,0.0,1.0
583.0,change,0.8696825154081719,197.0,3.0,0.6359446139286727,4.0,0.0,0.0,1.0,0.0
584.0,change,0.8696825154081719,198.0,4.0,0.8696825154081719,4.0,0.0,0.0,1.0,0.0
585.0,add,0.810346782196994,198.0,4.0,0.8696825154081719,4.0,0.0,1.0,1.0,0.0
586.0,delete,0.26659909213401567,198.0,4.0,0.8696825154081719,3.0,0.0,0.0,1.0,0.0
587.0,swap,0.26659909213401567,198.0,4.0,0.8696825154081719,3.0,0.0,0.0,1.0,1.0
588.0,add,0.873597849947558,199.0,2.0,0.577632281237482,4.0,1.0,0.0,0.0,1.0
589.0,add,0.873597849947558,200.0,3.0,0.873597849947558,4.0,1.0,0.0,0.0,1.0
590.0,add,0.13026716067728947,200.0,3.0,0.873597849947558,4.0,1.0,1.0,0.0,1.0
591.0,delete,0.873597849947558,200.0,3.0,0.873597849947558,4.0,1.0,0.0,0.0,0.0
592.0,swap,0.868452512728793,200.0,3.0,0.873597849947558,4.0,1.0,0.0,1.0,0.0
593.0,delete,0.873597849947558,201.0,4.0,0.873597849947558,4.0,1.0,0.0,0.0,0.0
594.0,add,0.873597849947558,201.0,4.0,0.873597849947558,4.0,1.0,0.0,0.0,1.0
595.0,delete,0.2677858814627581,201.0,4.0,0.873597849947558,3.0,1.0,0.0,0.0,0.0
596.0,swap,0.3027663613433308,201.0,4.0,0.873597849947558,3.0,1.0,0.0,1.0,0.0
597.0,add,0.873597849947558,202.0,4.0,0.873597849947558,4.0,1.0,0.0,0.0,1.0
598.0,add,0.6402881992388808,202.0,4.0,0.873597849947558,4.0,1.0,1.0,0.0,1.0
599.0,delete,0.3040764312848323,202.0,4.0,0.873597849947558,3.0,1.0,0.0,0.0,1.0
600.0,swap,0.11731916609425042,202.0,4.0,0.873597849947558,3.0,1.0,0.0,1.0,1.0
601.0,change,0.8696825154081719,203.0,2.0,0.588703023474481,4.0,0.0,0.0,1.0,0.0
602.0,change,0.8696825154081719,204.0,3.0,0.8696825154081719,4.0,0.0,0.0,1.0,0.0
603.0,add,0.8696825154081719,204.0,3.0,0.8696825154081719,4.0,0.0,0.0,1.0,1.0
604.0,delete,0.873597849947558,204.0,3.0,0.8696825154081719,4.0,0.0,0.0,0.0,0.0
605.0,swap,0.030208214495746708,204.0,3.0,0.8696825154081719,3.0,0.0,1.0,1.0,0.0
606.0,add,0.69265106486074,205.0,4.0,0.873597849947558,4.0,0.0,1.0,0.0,0.0
607.0,delete,0.3040764312848323,205.0,4.0,0.873597849947558,3.0,0.0,0.0,0.0,0.0
608.0,swap,0.04436144177290667,205.0,4.0,0.873597849947558,3.0,0.0,0.0,0.0,1.0
609.0,add,0.8645604557060099,206.0,4.0,0.729004008528014,4.0,1.0,0.0,2.0,1.0
610.0,add,0.8645604557060099,207.0,5.0,0.8645604557060099,4.0,1.0,0.0,2.0,1.0
611.0,add,0.8645604557060114,207.0,5.0,0.8645604557060099,4.0,2.0,0.0,2.0,1.0
612.0,delete,0.26659909213401584,207.0,5.0,0.8645604557060099,3.0,1.0,0.0,2.0,1.0
613.0,swap,0.23646503485969345,207.0,5.0,0.8645604557060099,4.0,1.0,1.0,2.0,0.0
614.0,add,0.873597849947558,208.0,4.0,0.873597849947558,4.0,3.0,0.0,0.0,0.0
615.0,add,0.873597849947558,208.0,4.0,0.873597849947558,4.0,3.0,0.0,0.0,1.0
616.0,delete,0.30407643128483275,208.0,4.0,0.873597849947558,3.0,3.0,0.0,0.0,0.0
617.0,swap,0.2677858814627581,208.0,4.0,0.873597849947558,3.0,3.0,0.0,0.0,1.0
618.0,change,0.8684525127287878,209.0,5.0,0.8684525127287892,4.0,1.0,0.0,1.0,0.0
619.0,add,0.8645604557060138,209.0,5.0,0.8684525127287892,4.0,1.0,0.0,2.0,0.0
620.0,delete,0.2662086698628963,209.0,5.0,0.8684525127287892,3.0,1.0,0.0,1.0,0.0
621.0,swap,0.6322575694943331,209.0,5.0,0.8684525127287892,4.0,0.0,1.0,1.0,0.0
622.0,change,0.8684525127287892,210.0,4.0,0.699986344104164,4.0,1.0,0.0,1.0,0.0
623.0,change,0.8684525127287892,211.0,5.0,0.8684525127287892,4.0,1.0,0.0,1.0,0.0
624.0,add,0.8684525127287915,211.0,5.0,0.8684525127287892,4.0,2.0,0.0,1.0,0.0
625.0,delete,0.30230329150181545,211.0,5.0,0.8684525127287892,3.0,1.0,0.0,1.0,0.0
626.0,swap,0.2662086698628966,211.0,5.0,0.8684525127287892,3.0,2.0,0.0,1.0,0.0
627.0,change,0.866164230387068,212.0,4.0,0.7450152306668362,4.0,1.0,0.0,1.0,1.0
628.0,change,0.866164230387068,213.0,5.0,0.866164230387068,4.0,1.0,0.0,1.0,1.0
629.0,add,0.8661642303870724,213.0,5.0,0.866164230387068,4.0,2.0,0.0,1.0,1.0
630.0,delete,0.8684525127287878,213.0,5.0,0.866164230387068,4.0,1.0,0.0,1.0,0.0
631.0,swap,0.3015972538789051,213.0,5.0,0.866164230387068,3.0,1.0,0.0,1.0,2.0
632.0,delete,0.8684525127287878,214.0,6.0,0.8684525127287878,4.0,1.0,0.0,1.0,0.0
633.0,add,0.0690538951674941,214.0,6.0,0.8684525127287878,4.0,1.0,1.0,1.0,0.0
634.0,delete,0.2662086698628966,214.0,6.0,0.8684525127287878,3.0,1.0,0.0,1.0,0.0
635.0,swap,0.16183561625881032,214.0,6.0,0.8684525127287878,3.0,2.0,0.0,1.0,0.0
636.0,add,0.1436358181074338,215.0,3.0,0.6346581879999413,4.0,1.0,1.0,0.0,0.0
637.0,add,0.873597849947558,216.0,5.0,0.873597849947558,4.0,2.0,0.0,0.0,1.0
638.0,add,0.873597849947558,216.0,5.0,0.873597849947558,4.0,2.0,0.0,0.0,2.0
639.0,delete,0.11731916609425042,216.0,5.0,0.873597849947558,3.0,2.0,0.0,0.0,1.0
640.0,swap,0.8735978499475604,216.0,5.0,0.873597849947558,4.0,2.0,0.0,0.0,1.0
641.0,change,0.873597849947558,217.0,3.0,0.6383333697090622,4.0,2.0,0.0,0.0,0.0
642.0,change,0.873597849947558,218.0,4.0,0.873597849947558,4.0,2.0,0.0,0.0,0.0
643.0,add,0.873597849947558,218.0,4.0,0.873597849947558,4.0,3.0,0.0,0.0,0.0
644.0,delete,0.2677858814627581,218.0,4.0,0.873597849947558,3.0,2.0,0.0,0.0,0.0
645.0,swap,0.8684525127287901,218.0,4.0,0.873597849947558,4.0,1.0,0.0,1.0,0.0
646.0,swap,0.8684525127287901,219.0,5.0,0.8684525127287901,4.0,1.0,0.0,1.0,0.0
647.0,add,0.8661642303870728,219.0,5.0,0.8684525127287901,4.0,1.0,0.0,1.0,1.0
648.0,delete,0.30230329150181523,219.0,5.0,0.8684525127287901,3.0,1.0,0.0,1.0,0.0
649.0,swap,0.30230329150181545,219.0,5.0,0.8684525127287901,3.0,2.0,0.0,1.0,0.0
650.0,change,0.873597849947558,220.0,3.0,0.608170131800335,4.0,1.0,0.0,0.0,1.0
651.0,change,0.873597849947558,221.0,4.0,0.873597849947558,4.0,1.0,0.0,0.0,1.0
652.0,add,0.873597849947558,221.0,4.0,0.873597849947558,4.0,1.0,0.0,0.0,2.0
653.0,delete,0.873597849947558,221.0,4.0,0.873597849947558,4.0,0.0,0.0,0.0,1.0
654.0,swap,0.8696825154081753,221.0,4.0,0.873597849947558,4.0,1.0,0.0,1.0,0.0
655.0,add,0.858045746934309,222.0,5.0,0.858045746934309,4.0,0.0,0.0,2.0,0.0
656.0,add,0.8542034082486691,222.0,5.0,0.858045746934309,4.0,0.0,0.0,3.0,0.0
657.0,delete,0.8696825154081719,222.0,5.0,0.858045746934309,4.0,0.0,0.0,1.0,0.0
658.0,swap,0.23825733422689846,222.0,5.0,0.858045746934309,3.0,0.0,1.0,2.0,0.0
659.0,add,0.8696825154081719,223.0,4.0,0.7356469503504715,4.0,1.0,0.0,1.0,0.0
660.0,delete,0.3040764312848323,224.0,2.0,0.6187406752198688,3.0,0.0,0.0,0.0,1.0
661.0,add,0.8696825154081719,225.0,5.0,0.8696825154081719,4.0,1.0,0.0,1.0,0.0
662.0,add,0.8696825154081719,225.0,5.0,0.8696825154081719,4.0,1.0,0.0,1.0,1.0
663.0,delete,0.873597849947558,225.0,5.0,0.8696825154081719,4.0,1.0,0.0,0.0,0.0
664.0,swap,0.8684525127287901,225.0,5.0,0.8696825154081719,4.0,1.0,0.0,1.0,0.0
665.0,add,0.873597849947558,226.0,1.0,0.6032543069260237,4.0,0.0,0.0,0.0,1.0
666.0,add,0.8684525127287878,227.0,2.0,0.873597849947558,4.0,0.0,0.0,1.0,1.0
667.0,delete,0.873597849947558,227.0,2.0,0.873597849947558,4.0,0.0,0.0,0.0,0.0
668.0,swap,0.0919673341999432,227.0,2.0,0.873597849947558,3.0,0.0,1.0,0.0,1.0
669.0,add,0.873597849947558,228.0,3.0,0.873597849947558,4.0,0.0,0.0,0.0,1.0
670.0,delete,0.3040764312848323,228.0,3.0,0.873597849947558,3.0,0.0,0.0,0.0,0.0
671.0,swap,0.3040764312848323,228.0,3.0,0.873597849947558,3.0,0.0,0.0,1.0,0.0
672.0,add,0.3040764312848323,229.0,3.0,0.3040764312848323,3.0,0.0,0.0,1.0,1.0
673.0,delete,0.10893748078630526,229.0,3.0,0.3040764312848323,2.0,0.0,0.0,0.0,1.0
674.0,swap,0.6932447492402009,229.0,3.0,0.3040764312848323,3.0,0.0,1.0,0.0,0.0
675.0,delete,0.873597849947558,230.0,6.0,0.873597849947558,4.0,1.0,0.0,0.0,0.0
676.0,add,0.6041694882406626,230.0,6.0,0.873597849947558,4.0,1.0,1.0,0.0,0.0
677.0,delete,0.2677858814627581,230.0,6.0,0.873597849947558,3.0,1.0,0.0,0.0,0.0
678.0,swap,0.30407643128483275,230.0,6.0,0.873597849947558,3.0,2.0,0.0,0.0,0.0
679.0,add,0.873597849947558,231.0,5.0,0.873597849947558,4.0,1.0,0.0,0.0,2.0
680.0,add,0.873597849947558,231.0,5.0,0.873597849947558,4.0,1.0,0.0,0.0,3.0
681.0,delete,0.873597849947558,231.0,5.0,0.873597849947558,4.0,1.0,0.0,0.0,1.0
682.0,swap,0.873597849947558,231.0,5.0,0.873597849947558,4.0,0.0,0.0,0.0,3.0
683.0,add,0.873597849947558,232.0,3.0,0.6617875147125988,4.0,1.0,0.0,0.0,0.0
684.0,add,0.873597849947558,233.0,4.0,0.873597849947558,4.0,1.0,0.0,0.0,0.0
685.0,add,0.873597849947558,233.0,4.0,0.873597849947558,4.0,1.0,0.0,0.0,1.0
686.0,delete,0.873597849947558,233.0,4.0,0.873597849947558,4.0,0.0,0.0,0.0,0.0
687.0,swap,0.09137463921599477,233.0,4.0,0.873597849947558,4.0,0.0,1.0,0.0,0.0
688.0,add,0.30407643128483247,234.0,4.0,0.3040764312848323,3.0,1.0,0.0,0.0,0.0
689.0,delete,0.10893748078630526,234.0,4.0,0.3040764312848323,2.0,0.0,0.0,0.0,0.0
690.0,swap,0.09376539542995567,234.0,4.0,0.3040764312848323,2.0,0.0,0.0,1.0,0.0
691.0,change,0.873597849947558,235.0,3.0,0.7785225695707367,4.0,1.0,0.0,0.0,1.0
692.0,change,0.873597849947558,236.0,5.0,0.873597849947558,4.0,1.0,0.0,0.0,1.0
693.0,add,0.873597849947558,236.0,5.0,0.873597849947558,4.0,2.0,0.0,0.0,1.0
694.0,delete,0.873597849947558,236.0,5.0,0.873597849947558,4.0,1.0,0.0,0.0,0.0
695.0,swap,0.8684525127287878,236.0,5.0,0.873597849947558,4.0,0.0,0.0,1.0,1.0
696.0,add,0.8696825154081763,237.0,4.0,0.8735978499475581,4.0,1.0,0.0,1.0,1.0
697.0,change,0.873597849947558,238.0,4.0,0.8725687825038039,4.0,1.0,0.0,0.0,1.0
698.0,change,0.873597849947558,239.0,4.0,0.873597849947558,4.0,1.0,0.0,0.0,1.0
699.0,add,0.873597849947558,239.0,4.0,0.873597849947558,4.0,2.0,0.0,0.0,1.0
700.0,delete,0.2677858814627575,239.0,4.0,0.873597849947558,3.0,1.0,0.0,0.0,1.0
701.0,swap,0.11731916609425042,239.0,4.0,0.873597849947558,3.0,2.0,0.0,0.0,1.0
702.0,add,0.873597849947558,240.0,6.0,0.873597849947558,4.0,1.0,0.0,0.0,3.0
703.0,add,0.873597849947558,240.0,6.0,0.873597849947558,4.0,2.0,0.0,0.0,3.0
704.0,delete,0.873597849947558,240.0,6.0,0.873597849947558,4.0,1.0,0.0,0.0,2.0
705.0,swap,0.04526423397858692,240.0,6.0,0.873597849947558,3.0,1.0,0.0,0.0,4.0
706.0,add,0.08814630136145972,241.0,5.0,0.873597849947558,4.0,0.0,1.0,0.0,1.0
707.0,delete,0.3040764312848323,241.0,5.0,0.873597849947558,3.0,0.0,0.0,0.0,1.0
708.0,swap,0.8684525127287878,241.0,5.0,0.873597849947558,4.0,0.0,0.0,1.0,0.0
709.0,add,0.873597849947558,242.0,6.0,0.873597849947558,4.0,2.0,0.0,0.0,1.0
710.0,add,0.18018343281014718,242.0,6.0,0.873597849947558,4.0,2.0,1.0,0.0,1.0
711.0,delete,0.30407643128483275,242.0,6.0,0.873597849947558,3.0,2.0,0.0,0.0,1.0
712.0,swap,0.873597849947558,242.0,6.0,0.873597849947558,4.0,1.0,0.0,0.0,2.0
713.0,add,0.873597849947558,243.0,4.0,0.873597849947558,4.0,1.0,0.0,0.0,2.0
714.0,add,0.873597849947558,243.0,4.0,0.873597849947558,4.0,1.0,0.0,0.0,3.0
715.0,delete,0.873597849947558,243.0,4.0,0.873597849947558,4.0,1.0,0.0,0.0,1.0
716.0,swap,0.11731916609425053,243.0,4.0,0.873597849947558,3.0,2.0,0.0,0.0,2.0
717.0,add,0.873597849947558,244.0,4.0,0.873597849947558,4.0,1.0,0.0,0.0,1.0
718.0,add,0.16034512324730812,244.0,4.0,0.873597849947558,4.0,1.0,1.0,0.0,1.0
719.0,delete,0.08208499862389862,244.0,4.0,0.873597849947558,3.0,1.0,0.0,0.0,1.0
720.0,swap,0.30407643128483275,244.0,4.0,0.873597849947558,3.0,1.0,0.0,1.0,1.0
721.0,delete,0.2677858814627581,245.0,3.0,0.6382691585297526,3.0,1.0,0.0,0.0,1.0
722.0,delete,0.873597849947558,246.0,6.0,0.873597849947558,4.0,1.0,0.0,0.0,1.0
723.0,add,0.873597849947558,246.0,6.0,0.873597849947558,4.0,2.0,0.0,0.0,1.0
724.0,delete,0.3040764312848323,246.0,6.0,0.873597849947558,3.0,1.0,0.0,0.0,1.0
725.0,swap,0.08208499862389865,246.0,6.0,0.873597849947558,3.0,1.0,0.0,1.0,1.0
726.0,change,0.873597849947558,247.0,3.0,0.6857321680576869,4.0,1.0,0.0,0.0,1.0
727.0,change,0.873597849947558,248.0,4.0,0.873597849947558,4.0,1.0,0.0,0.0,1.0
728.0,add,0.8696825154081753,248.0,4.0,0.873597849947558,4.0,1.0,0.0,1.0,1.0
729.0,delete,0.11731916609425042,248.0,4.0,0.873597849947558,3.0,1.0,0.0,0.0,1.0
730.0,swap,0.873597849947558,248.0,4.0,0.873597849947558,4.0,2.0,0.0,0.0,0.0
731.0,swap,0.873597849947558,249.0,5.0,0.873597849947558,4.0,2.0,0.0,0.0,0.0
732.0,add,0.1796386296607755,249.0,5.0,0.873597849947558,4.0,2.0,1.0,0.0,0.0
733.0,delete,0.30407643128483247,249.0,5.0,0.873597849947558,3.0,2.0,0.0,0.0,0.0
734.0,swap,0.2677858814627581,249.0,5.0,0.873597849947558,3.0,2.0,0.0,0.0,1.0
735.0,add,0.873597849947558,250.0,5.0,0.873597849947558,4.0,3.0,0.0,0.0,0.0
736.0,add,0.8696825154081768,250.0,5.0,0.873597849947558,4.0,3.0,0.0,1.0,0.0
737.0,delete,0.873597849947558,250.0,5.0,0.873597849947558,4.0,2.0,0.0,0.0,0.0
738.0,swap,0.3040764312848323,250.0,5.0,0.873597849947558,3.0,3.0,0.0,1.0,0.0
739.0,add,0.09221665082257638,251.0,4.0,0.7589104993071366,4.0,2.0,1.0,0.0,0.0
740.0,add,0.8633374806385117,252.0,5.0,0.8633374806385117,4.0,0.0,0.0,2.0,1.0
741.0,add,0.5330484467401374,252.0,5.0,0.8633374806385117,4.0,0.0,1.0,2.0,1.0
742.0,delete,0.2662086698628963,252.0,5.0,0.8633374806385117,3.0,0.0,0.0,2.0,1.0
743.0,swap,0.3852568948898811,252.0,5.0,0.8633374806385117,4.0,0.0,1.0,2.0,0.0
744.0,add,0.8696825154081719,253.0,3.0,0.7223421131768964,4.0,1.0,0.0,1.0,1.0
745.0,add,0.8696825154081768,254.0,4.0,0.8696825154081719,4.0,1.0,0.0,1.0,1.0
746.0,add,0.0718150089886988,254.0,4.0,0.8696825154081719,4.0,1.0,1.0,1.0,1.0
747.0,delete,0.30407643128483264,254.0,4.0,0.8696825154081719,3.0,1.0,0.0,1.0,1.0
748.0,swap,0.0069687286637301425,254.0,4.0,0.8696825154081719,3.0,1.0,1.0,1.0,1.0
749.0,add,0.8696825154081719,255.0,5.0,0.8696825154081719,4.0,1.0,0.0,1.0,0.0
750.0,add,0.8685629250631272,255.0,5.0,0.8696825154081719,4.0,1.0,1.0,1.0,0.0
751.0,delete,0.2665990921340152,255.0,5.0,0.8696825154081719,3.0,1.0,0.0,1.0,0.0
752.0,swap,0.8696825154081719,255.0,5.0,0.8696825154081719,4.0,0.0,0.0,1.0,1.0
753.0,change,0.8696825154081719,256.0,3.0,0.6526542939241585,4.0,0.0,0.0,1.0,0.0
754.0,change,0.8696825154081719,257.0,4.0,0.8696825154081719,4.0,0.0,0.0,1.0,0.0
755.0,add,0.8696825154081719,257.0,4.0,0.8696825154081719,4.0,0.0,0.0,1.0,1.0
756.0,delete,0.873597849947558,257.0,4.0,0.8696825154081719,4.0,0.0,0.0,0.0,0.0
757.0,swap,0.3379415128378966,257.0,4.0,0.8696825154081719,3.0,1.0,0.0,1.0,0.0
758.0,add,0.8696825154081719,258.0,4.0,0.8696825154081719,4.0,0.0,0.0,1.0,1.0
759.0,add,0.8687128477047756,258.0,4.0,0.8696825154081719,4.0,0.0,1.0,1.0,1.0
760.0,delete,0.873597849947558,258.0,4.0,0.8696825154081719,4.0,0.0,0.0,0.0,1.0
761.0,swap,0.11682971704228423,258.0,4.0,0.8696825154081719,3.0,1.0,0.0,1.0,1.0
762.0,add,0.1066987409602407,259.0,3.0,0.7197010891021923,4.0,0.0,1.0,1.0,0.0
763.0,add,0.8696825154081719,260.0,5.0,0.873597849947558,4.0,0.0,0.0,1.0,0.0
764.0,delete,0.2677858814627575,260.0,5.0,0.873597849947558,3.0,0.0,0.0,0.0,0.0
765.0,swap,0.0342989166645149,260.0,5.0,0.873597849947558,3.0,0.0,0.0,0.0,1.0
766.0,add,0.08795118475658902,261.0,4.0,0.7488419126843315,4.0,0.0,1.0,1.0,0.0
767.0,delete,0.866164230387068,262.0,5.0,0.866164230387068,4.0,0.0,0.0,1.0,1.0
768.0,add,0.3396481851001182,262.0,5.0,0.866164230387068,4.0,0.0,1.0,1.0,1.0
769.0,delete,0.8684525127287878,262.0,5.0,0.866164230387068,4.0,0.0,0.0,1.0,0.0
770.0,swap,0.8684525127287901,262.0,5.0,0.866164230387068,4.0,1.0,0.0,1.0,0.0
771.0,add,0.8684525127287911,263.0,3.0,0.6876620398193145,4.0,1.0,0.0,1.0,1.0
772.0,add,0.8684525127287896,264.0,4.0,0.8684525127287911,4.0,1.0,0.0,1.0,1.0
773.0,add,0.8645604557060105,264.0,4.0,0.8684525127287911,4.0,1.0,0.0,2.0,1.0
774.0,delete,0.30230329150181545,264.0,4.0,0.8684525127287911,3.0,1.0,0.0,1.0,1.0
775.0,swap,0.28988826252551164,264.0,4.0,0.8684525127287911,3.0,2.0,0.0,1.0,1.0
776.0,add,0.866164230387068,265.0,5.0,0.866164230387068,4.0,0.0,0.0,1.0,2.0
777.0,add,0.0867807757810742,265.0,5.0,0.866164230387068,4.0,0.0,1.0,1.0,2.0
778.0,delete,0.26552057028739123,265.0,5.0,0.866164230387068,3.0,0.0,0.0,1.0,2.0
779.0,swap,0.021397264189257127,265.0,5.0,0.866164230387068,3.0,0.0,1.0,1.0,2.0
780.0,add,0.8532479788325797,266.0,4.0,0.8532479788325797,4.0,0.0,0.0,2.0,0.0
781.0,add,0.8532479788325797,266.0,4.0,0.8532479788325797,4.0,1.0,0.0,2.0,0.0
782.0,delete,0.2970630270086261,266.0,4.0,0.8532479788325797,3.0,0.0,0.0,2.0,0.0
783.0,swap,0.05709171314521282,266.0,4.0,0.8532479788325797,3.0,1.0,0.0,2.0,0.0
784.0,add,0.21937969434364102,267.0,4.0,0.722342113176897,4.0,2.0,1.0,0.0,0.0
785.0,add,0.873597849947558,268.0,4.0,0.873597849947558,4.0,1.0,0.0,0.0,0.0
786.0,add,0.873597849947558,268.0,4.0,0.873597849947558,4.0,2.0,0.0,0.0,0.0
787.0,delete,0.2677858814627581,268.0,4.0,0.873597849947558,3.0,1.0,0.0,0.0,0.0
788.0,swap,0.873597849947558,268.0,4.0,0.873597849947558,4.0,0.0,0.0,0.0,1.0
789.0,change,0.8735978499475575,269.0,3.0,0.752435456250598,4.0,1.0,0.0,0.0,0.0
790.0,change,0.873597849947558,270.0,4.0,0.8735978499475575,4.0,1.0,0.0,0.0,0.0
791.0,add,0.8696825154081763,270.0,4.0,0.8735978499475575,4.0,1.0,0.0,1.0,0.0
792.0,delete,0.2677858814627574,270.0,4.0,0.8735978499475575,3.0,1.0,0.0,0.0,0.0
793.0,swap,0.2665990921340155,270.0,4.0,0.8735978499475575,3.0,1.0,0.0,1.0,0.0
794.0,change,0.873597849947558,271.0,2.0,0.5859241869976309,4.0,1.0,0.0,0.0,0.0
795.0,change,0.873597849947558,272.0,3.0,0.873597849947558,4.0,1.0,0.0,0.0,0.0
796.0,add,0.525390458503212,272.0,3.0,0.873597849947558,4.0,1.0,1.0,0.0,0.0
797.0,delete,0.2677858814627581,272.0,3.0,0.873597849947558,3.0,1.0,0.0,0.0,0.0
798.0,swap,0.30407643128483275,272.0,3.0,0.873597849947558,3.0,1.0,0.0,0.0,1.0
799.0,add,0.8735978499475604,273.0,5.0,0.873597849947558,4.0,1.0,0.0,0.0,1.0
800.0,delete,0.3040764312848323,273.0,5.0,0.873597849947558,3.0,0.0,0.0,0.0,1.0
801.0,swap,0.11731916609425042,273.0,5.0,0.873597849947558,3.0,0.0,0.0,1.0,1.0
802.0,add,0.8684525127287878,274.0,3.0,0.8684525127287878,4.0,0.0,0.0,1.0,1.0
803.0,add,0.8633374806385117,274.0,3.0,0.8684525127287878,4.0,0.0,0.0,2.0,1.0
804.0,delete,0.30230329150181523,274.0,3.0,0.8684525127287878,3.0,0.0,0.0,1.0,1.0
805.0,swap,0.26659909213401567,274.0,3.0,0.8684525127287878,3.0,0.0,0.0,2.0,1.0
806.0,add,0.7579477561234303,275.0,5.0,0.7579477561234295,4.0,1.0,1.0,1.0,0.0
807.0,add,0.09611676419219937,275.0,5.0,0.7579477561234295,4.0,1.0,2.0,1.0,0.0
808.0,delete,0.8684525127287878,275.0,5.0,0.7579477561234295,4.0,1.0,0.0,1.0,0.0
809.0,swap,0.5480041960523745,275.0,5.0,0.7579477561234295,3.0,1.0,1.0,2.0,0.0
810.0,add,0.8684525127287878,276.0,5.0,0.7562517359271492,4.0,1.0,0.0,1.0,2.0
811.0,add,0.8684525127287878,277.0,6.0,0.8684525127287878,4.0,1.0,0.0,1.0,2.0
812.0,add,0.8684525127287901,277.0,6.0,0.8684525127287878,4.0,2.0,0.0,1.0,2.0
813.0,delete,0.17117968659641367,277.0,6.0,0.8684525127287878,3.0,1.0,0.0,1.0,2.0
814.0,swap,0.8684525127287896,277.0,6.0,0.8684525127287878,4.0,2.0,0.0,1.0,1.0
815.0,delete,0.873597849947558,278.0,7.0,0.8735978499475604,4.0,2.0,0.0,0.0,1.0
816.0,add,0.8459649774687832,278.0,7.0,0.8735978499475604,4.0,2.0,1.0,0.0,1.0
817.0,delete,0.2677858814627581,278.0,7.0,0.8735978499475604,3.0,2.0,0.0,0.0,1.0
818.0,swap,0.8684336761041994,278.0,7.0,0.8735978499475604,4.0,1.0,0.0,1.0,1.0
819.0,change,0.8684525127287878,279.0,4.0,0.7081761560306504,4.0,1.0,0.0,1.0,1.0
820.0,change,0.8684525127287878,280.0,5.0,0.8684525127287878,4.0,1.0,0.0,1.0,1.0
821.0,add,0.09724544509169826,280.0,5.0,0.8684525127287878,4.0,1.0,1.0,1.0,1.0
822.0,delete,0.2677858814627581,280.0,5.0,0.8684525127287878,3.0,1.0,0.0,1.0,1.0
823.0,swap,0.24300170302542984,280.0,5.0,0.8684525127287878,3.0,2.0,0.0,1.0,1.0
824.0,add,0.8684525127287896,281.0,5.0,0.8684525127287878,4.0,1.0,0.0,1.0,1.0
825.0,add,0.8684525127287878,281.0,5.0,0.8684525127287878,4.0,2.0,0.0,1.0,1.0
826.0,delete,0.3023032915018151,281.0,5.0,0.8684525127287878,3.0,1.0,0.0,1.0,1.0
827.0,swap,0.8684525127287896,281.0,5.0,0.8684525127287878,4.0,2.0,0.0,1.0,0.0
828.0,add,0.8476971921031005,282.0,3.0,0.6435965632286992,4.0,0.0,1.0,1.0,1.0
829.0,add,0.8476971921031005,283.0,4.0,0.8476971921031005,4.0,0.0,1.0,1.0,1.0
830.0,add,0.8439025293851237,283.0,4.0,0.8476971921031005,4.0,0.0,1.0,2.0,1.0
831.0,delete,0.2599167740816195,283.0,4.0,0.8476971921031005,3.0,0.0,1.0,1.0,1.0
832.0,swap,0.4408047406351641,283.0,4.0,0.8476971921031005,4.0,0.0,2.0,0.0,1.0
833.0,change,0.8684525127287878,284.0,4.0,0.755222668483394,4.0,1.0,0.0,1.0,1.0
834.0,change,0.8684525127287896,285.0,5.0,0.8684525127287878,4.0,1.0,0.0,1.0,1.0
835.0,add,0.863383765619879,285.0,5.0,0.8684525127287878,4.0,1.0,1.0,1.0,1.0
836.0,delete,0.3023032915018151,285.0,5.0,0.8684525127287878,3.0,1.0,0.0,1.0,1.0
837.0,swap,0.09104924927740723,285.0,5.0,0.8684525127287878,3.0,1.0,1.0,1.0,1.0
838.0,add,0.873597849947558,286.0,2.0,0.6338289779463837,4.0,1.0,0.0,0.0,1.0
839.0,add,0.873597849947558,287.0,3.0,0.873597849947558,4.0,1.0,0.0,0.0,1.0
840.0,add,0.873597849947558,287.0,3.0,0.873597849947558,4.0,2.0,0.0,0.0,1.0
841.0,delete,0.2677858814627575,287.0,3.0,0.873597849947558,3.0,1.0,0.0,0.0,1.0
842.0,swap,0.873597849947558,287.0,3.0,0.873597849947558,4.0,0.0,0.0,0.0,2.0
843.0,add,0.873597849947558,288.0,4.0,0.873597849947558,4.0,1.0,0.0,0.0,2.0
844.0,delete,0.2677858814627575,288.0,4.0,0.873597849947558,3.0,0.0,0.0,0.0,2.0
845.0,swap,0.873597849947558,288.0,4.0,0.873597849947558,4.0,0.0,0.0,0.0,2.0
846.0,add,0.873597849947558,289.0,2.0,0.6881772117186754,4.0,1.0,0.0,0.0,1.0
847.0,add,0.873597849947558,290.0,3.0,0.873597849947558,4.0,1.0,0.0,0.0,1.0
848.0,add,0.8684525127287878,290.0,3.0,0.873597849947558,4.0,1.0,0.0,1.0,1.0
849.0,delete,0.873597849947558,290.0,3.0,0.873597849947558,4.0,0.0,0.0,0.0,1.0
850.0,swap,0.30407643128483247,290.0,3.0,0.873597849947558,3.0,2.0,0.0,0.0,1.0
851.0,add,0.873597849947558,291.0,4.0,0.873597849947558,4.0,0.0,0.0,0.0,2.0
852.0,delete,0.08208499862389862,291.0,4.0,0.873597849947558,3.0,0.0,0.0,0.0,1.0
853.0,swap,0.5602986528110132,291.0,4.0,0.873597849947558,3.0,0.0,1.0,0.0,1.0
854.0,add,0.873597849947558,292.0,4.0,0.873597849947558,4.0,1.0,0.0,0.0,1.0
855.0,add,0.07310213452468801,292.0,4.0,0.873597849947558,4.0,1.0,1.0,0.0,1.0
856.0,delete,0.2677858814627575,292.0,4.0,0.873597849947558,3.0,1.0,0.0,0.0,1.0
857.0,swap,0.2677858814627575,292.0,4.0,0.873597849947558,3.0,2.0,0.0,0.0,1.0
858.0,swap,0.8684525127287901,293.0,6.0,0.8684525127287896,4.0,2.0,0.0,1.0,0.0
859.0,add,0.08477581246251743,293.0,6.0,0.8684525127287896,4.0,2.0,1.0,1.0,0.0
860.0,delete,0.30230329150181523,293.0,6.0,0.8684525127287896,3.0,2.0,0.0,1.0,0.0
861.0,swap,0.8684525127287878,293.0,6.0,0.8684525127287896,4.0,1.0,0.0,1.0,1.0
862.0,swap,0.2677858814627581,294.0,2.0,0.2677858814627575,3.0,1.0,0.0,0.0,0.0
863.0,add,0.2662086698628966,294.0,2.0,0.2677858814627575,3.0,1.0,0.0,1.0,0.0
864.0,delete,0.0943153700997029,294.0,2.0,0.2677858814627575,2.0,1.0,0.0,0.0,0.0
865.0,swap,0.08670623333741702,294.0,2.0,0.2677858814627575,2.0,1.0,1.0,0.0,0.0
866.0,add,0.873597849947558,295.0,5.0,0.873597849947558,4.0,1.0,0.0,0.0,0.0
867.0,add,0.873597849947558,295.0,5.0,0.873597849947558,4.0,1.0,0.0,0.0,1.0
868.0,delete,0.2677858814627575,295.0,5.0,0.873597849947558,3.0,1.0,0.0,0.0,0.0
869.0,swap,0.3774920469084969,295.0,5.0,0.873597849947558,4.0,0.0,1.0,0.0,0.0
870.0,add,0.873597849947558,296.0,4.0,0.873597849947558,4.0,1.0,0.0,0.0,2.0
871.0,add,0.873597849947558,296.0,4.0,0.873597849947558,4.0,1.0,0.0,0.0,3.0
872.0,delete,0.30407643128483264,296.0,4.0,0.873597849947558,3.0,1.0,0.0,0.0,2.0
873.0,swap,0.873597849947558,296.0,4.0,0.873597849947558,4.0,2.0,0.0,0.0,1.0
874.0,add,0.12098860994102663,297.0,3.0,0.7596935662150128,4.0,0.0,1.0,0.0,2.0
875.0,change,0.8696825154081719,298.0,5.0,0.8696825154081719,4.0,0.0,0.0,1.0,0.0
876.0,add,0.8645604557060138,298.0,5.0,0.8696825154081719,4.0,0.0,0.0,2.0,0.0
877.0,delete,0.30276636134333024,298.0,5.0,0.8696825154081719,3.0,0.0,0.0,1.0,0.0
878.0,swap,0.2650289370000912,298.0,5.0,0.8696825154081719,3.0,0.0,0.0,2.0,0.0
879.0,add,0.2677858814627575,299.0,3.0,0.2677858814627575,3.0,0.0,0.0,0.0,2.0
880.0,delete,0.03638887934593994,299.0,3.0,0.2677858814627575,2.0,0.0,0.0,0.0,1.0
881.0,swap,0.09431537009970281,299.0,3.0,0.2677858814627575,2.0,0.0,0.0,0.0,2.0
882.0,delete,0.8735978499475604,300.0,5.0,0.873597849947558,4.0,2.0,0.0,0.0,0.0
883.0,add,0.873597849947558,300.0,5.0,0.873597849947558,4.0,3.0,0.0,0.0,0.0
884.0,delete,0.873597849947558,300.0,5.0,0.873597849947558,4.0,1.0,0.0,0.0,0.0
885.0,swap,0.14321148208501472,300.0,5.0,0.873597849947558,3.0,2.0,1.0,0.0,0.0
886.0,add,0.873597849947558,301.0,3.0,0.6639008513746666,4.0,3.0,0.0,0.0,0.0
887.0,add,0.873597849947558,302.0,4.0,0.873597849947558,4.0,3.0,0.0,0.0,0.0
888.0,add,0.873597849947558,302.0,4.0,0.873597849947558,4.0,4.0,0.0,0.0,0.0
889.0,delete,0.873597849947558,302.0,4.0,0.873597849947558,4.0,2.0,0.0,0.0,0.0
890.0,swap,0.30407643128483275,302.0,4.0,0.873597849947558,3.0,3.0,0.0,0.0,1.0
891.0,delete,0.873597849947558,303.0,5.0,0.873597849947558,4.0,2.0,0.0,0.0,0.0
892.0,add,0.873597849947558,303.0,5.0,0.873597849947558,4.0,2.0,0.0,0.0,1.0
893.0,delete,0.2677858814627575,303.0,5.0,0.873597849947558,3.0,2.0,0.0,0.0,0.0
894.0,swap,0.30407643128483275,303.0,5.0,0.873597849947558,3.0,2.0,0.0,0.0,1.0
895.0,add,0.8735978499475604,304.0,5.0,0.873597849947558,4.0,3.0,0.0,0.0,0.0
896.0,add,0.873597849947558,304.0,5.0,0.873597849947558,4.0,4.0,0.0,0.0,0.0
897.0,delete,0.873597849947558,304.0,5.0,0.873597849947558,4.0,2.0,0.0,0.0,0.0
898.0,swap,0.30407643128483247,304.0,5.0,0.873597849947558,3.0,3.0,0.0,1.0,0.0
899.0,add,0.8684525127287878,305.0,4.0,0.8684525127287878,4.0,0.0,0.0,1.0,1.0
900.0,add,0.08332317578165846,305.0,4.0,0.8684525127287878,4.0,0.0,1.0,1.0,1.0
901.0,delete,0.30230329150181523,305.0,4.0,0.8684525127287878,3.0,0.0,0.0,1.0,1.0
902.0,swap,0.8532479788325797,305.0,4.0,0.8684525127287878,4.0,0.0,0.0,2.0,0.0
903.0,change,0.8735978499475604,306.0,4.0,0.7596935662150133,4.0,3.0,0.0,0.0,0.0
904.0,change,0.873597849947558,307.0,5.0,0.8735978499475604,4.0,3.0,0.0,0.0,0.0
905.0,add,0.5609828256944116,307.0,5.0,0.8735978499475604,4.0,3.0,1.0,0.0,0.0
906.0,delete,0.3040764312848323,307.0,5.0,0.8735978499475604,3.0,3.0,0.0,0.0,0.0
907.0,swap,0.2677858814627581,307.0,5.0,0.8735978499475604,3.0,4.0,0.0,0.0,0.0
908.0,change,0.873597849947558,308.0,5.0,0.873597849947558,4.0,2.0,0.0,0.0,0.0
909.0,add,0.873597849947558,308.0,5.0,0.873597849947558,4.0,2.0,0.0,0.0,1.0
910.0,delete,0.2677858814627575,308.0,5.0,0.873597849947558,3.0,2.0,0.0,0.0,0.0
911.0,swap,0.11731916609425042,308.0,5.0,0.873597849947558,3.0,2.0,0.0,0.0,1.0
912.0,add,0.8684525127287901,309.0,5.0,0.8684525127287872,4.0,2.0,0.0,1.0,1.0
913.0,add,0.8684525127287896,309.0,5.0,0.8684525127287872,4.0,3.0,0.0,1.0,1.0
914.0,delete,0.30230329150181523,309.0,5.0,0.8684525127287872,3.0,2.0,0.0,1.0,1.0
915.0,swap,0.8619141335529001,309.0,5.0,0.8684525127287872,4.0,2.0,0.0,2.0,0.0
916.0,add,0.866164230387068,310.0,4.0,0.7539149926482166,4.0,1.0,0.0,1.0,2.0
917.0,add,0.8661642303870689,311.0,5.0,0.866164230387068,4.0,1.0,0.0,1.0,2.0
918.0,add,0.862289252941201,311.0,5.0,0.866164230387068,4.0,1.0,0.0,2.0,2.0
919.0,delete,0.26659909213401567,311.0,5.0,0.866164230387068,3.0,1.0,0.0,1.0,2.0
920.0,swap,0.2299243980068519,311.0,5.0,0.866164230387068,3.0,1.0,1.0,1.0,2.0
921.0,add,0.8684525127287878,312.0,2.0,0.6070821781552576,4.0,0.0,0.0,1.0,1.0
922.0,add,0.8684525127287878,313.0,3.0,0.8684525127287878,4.0,0.0,0.0,1.0,1.0
923.0,add,0.8684525127287878,313.0,3.0,0.8684525127287878,4.0,0.0,0.0,1.0,2.0
924.0,delete,0.873597849947558,313.0,3.0,0.8684525127287878,4.0,0.0,0.0,0.0,1.0
925.0,swap,0.30230329150181523,313.0,3.0,0.8684525127287878,3.0,1.0,0.0,1.0,1.0
926.0,add,0.873597849947558,314.0,4.0,0.873597849947558,4.0,0.0,0.0,0.0,2.0
927.0,delete,0.3040764312848323,314.0,4.0,0.873597849947558,3.0,0.0,0.0,0.0,1.0
928.0,swap,0.3040764312848323,314.0,4.0,0.873597849947558,3.0,0.0,0.0,0.0,2.0
929.0,add,0.8684525127287878,315.0,4.0,0.8684525127287878,4.0,0.0,0.0,1.0,1.0
930.0,add,0.8145298210979753,315.0,4.0,0.8684525127287878,4.0,0.0,1.0,1.0,1.0
931.0,delete,0.11663505098597605,315.0,4.0,0.8684525127287878,3.0,0.0,0.0,1.0,1.0
932.0,swap,0.8718008219178409,315.0,4.0,0.8684525127287878,4.0,0.0,1.0,0.0,1.0
933.0,change,0.8684525127287878,316.0,3.0,0.7079741438918735,4.0,0.0,0.0,1.0,1.0
934.0,change,0.8684525127287878,317.0,4.0,0.8684525127287878,4.0,0.0,0.0,1.0,1.0
935.0,add,0.8684525127287878,317.0,4.0,0.8684525127287878,4.0,0.0,0.0,1.0,2.0
936.0,delete,0.2677858814627575,317.0,4.0,0.8684525127287878,3.0,0.0,0.0,1.0,1.0
937.0,swap,0.6947428077962412,317.0,4.0,0.8684525127287878,4.0,0.0,1.0,0.0,1.0
938.0,add,0.8684525127287878,318.0,5.0,0.8684525127287878,4.0,0.0,0.0,1.0,2.0
939.0,add,0.8684525127287878,318.0,5.0,0.8684525127287878,4.0,1.0,0.0,1.0,2.0
940.0,delete,0.8684525127287878,318.0,5.0,0.8684525127287878,4.0,0.0,0.0,1.0,1.0
941.0,swap,0.873597849947558,318.0,5.0,0.8684525127287878,4.0,1.0,0.0,0.0,2.0
942.0,change,0.8684525127287878,319.0,3.0,0.7561937382170464,4.0,0.0,0.0,1.0,1.0
943.0,change,0.8684525127287878,320.0,4.0,0.8684525127287878,4.0,0.0,0.0,1.0,1.0
944.0,add,0.8633374806385117,320.0,4.0,0.8684525127287878,4.0,0.0,0.0,2.0,1.0
945.0,delete,0.873597849947558,320.0,4.0,0.8684525127287878,4.0,0.0,0.0,0.0,1.0
946.0,swap,0.8696825154081719,320.0,4.0,0.8684525127287878,4.0,0.0,0.0,1.0,1.0
947.0,add,0.873597849947558,321.0,5.0,0.873597849947558,4.0,1.0,0.0,0.0,1.0
948.0,delete,0.3040764312848323,321.0,5.0,0.873597849947558,3.0,0.0,0.0,0.0,1.0
949.0,swap,0.40739161431636095,321.0,5.0,0.873597849947558,3.0,0.0,1.0,0.0,1.0
950.0,add,0.8684525127287878,322.0,4.0,0.8694815801725418,4.0,1.0,0.0,1.0,1.0
951.0,swap,0.873597849947558,323.0,6.0,0.873597849947558,4.0,1.0,0.0,0.0,2.0
952.0,add,0.873597849947558,323.0,6.0,0.873597849947558,4.0,1.0,0.0,0.0,3.0
953.0,delete,0.873597849947558,323.0,6.0,0.873597849947558,4.0,1.0,0.0,0.0,1.0
954.0,swap,0.2677858814627575,323.0,6.0,0.873597849947558,3.0,2.0,0.0,0.0,2.0
955.0,add,0.8684525127287878,324.0,4.0,0.8684525127287878,4.0,0.0,0.0,1.0,2.0
956.0,add,0.14315289521758667,324.0,4.0,0.8684525127287878,4.0,0.0,1.0,1.0,2.0
957.0,delete,0.873597849947558,324.0,4.0,0.8684525127287878,4.0,0.0,0.0,0.0,2.0
958.0,swap,0.17117968659641367,324.0,4.0,0.8684525127287878,3.0,0.0,0.0,1.0,3.0
959.0,delete,0.8684525127287878,325.0,6.0,0.8684525127287878,4.0,0.0,0.0,1.0,1.0
960.0,add,0.8684525127287892,325.0,6.0,0.8684525127287878,4.0,1.0,0.0,1.0,1.0
961.0,delete,0.30230329150181523,325.0,6.0,0.8684525127287878,3.0,0.0,0.0,1.0,1.0
962.0,swap,0.28802567438822774,325.0,6.0,0.8684525127287878,3.0,1.0,0.0,1.0,1.0
963.0,change,0.8684525127287878,326.0,5.0,0.8684525127287878,4.0,0.0,0.0,1.0,1.0
964.0,add,0.8684525127287878,326.0,5.0,0.8684525127287878,4.0,0.0,0.0,1.0,2.0
965.0,delete,0.2677858814627575,326.0,5.0,0.8684525127287878,3.0,0.0,0.0,1.0,1.0
966.0,swap,0.30230329150181523,326.0,5.0,0.8684525127287878,3.0,0.0,0.0,2.0,1.0
967.0,swap,0.8721060582327667,327.0,5.0,0.8718008219178409,4.0,0.0,1.0,0.0,1.0
968.0,add,0.8718008219178409,327.0,5.0,0.8718008219178409,4.0,0.0,1.0,0.0,2.0
969.0,delete,0.2613784857032762,327.0,5.0,0.8718008219178409,3.0,0.0,1.0,0.0,1.0
970.0,swap,0.03152106763071176,327.0,5.0,0.8718008219178409,3.0,1.0,1.0,0.0,1.0
971.0,change,0.8684525127287878,328.0,3.0,0.5951558943147258,4.0,0.0,0.0,1.0,1.0
972.0,change,0.8684525127287878,329.0,4.0,0.8684525127287878,4.0,0.0,0.0,1.0,1.0
973.0,add,0.7266552720276804,329.0,4.0,0.8684525127287878,4.0,0.0,1.0,1.0,1.0
974.0,delete,0.30230329150181523,329.0,4.0,0.8684525127287878,3.0,0.0,0.0,1.0,1.0
975.0,swap,0.3023032915018157,329.0,4.0,0.8684525127287878,3.0,1.0,0.0,1.0,1.0
976.0,change,0.8684525127287878,330.0,3.0,0.6908555812648153,4.0,0.0,0.0,1.0,1.0
977.0,change,0.8684525127287878,331.0,4.0,0.8684525127287878,4.0,0.0,0.0,1.0,1.0
978.0,add,0.8633374806385117,331.0,4.0,0.8684525127287878,4.0,0.0,0.0,2.0,1.0
979.0,delete,0.873597849947558,331.0,4.0,0.8684525127287878,4.0,0.0,0.0,0.0,1.0
980.0,swap,0.8684525127287896,331.0,4.0,0.8684525127287878,4.0,1.0,0.0,1.0,0.0
981.0,add,0.873597849947558,332.0,5.0,0.873597849947558,4.0,1.0,0.0,0.0,1.0
982.0,delete,0.11731916609425042,332.0,5.0,0.873597849947558,3.0,0.0,0.0,0.0,1.0
983.0,swap,0.2677858814627575,332.0,5.0,0.873597849947558,3.0,0.0,0.0,0.0,2.0
984.0,add,0.836114711703122,333.0,4.0,0.7451195597317534,4.0,0.0,1.0,1.0,1.0
985.0,change,0.8684525127287878,334.0,5.0,0.8684525127287878,4.0,0.0,0.0,1.0,1.0
986.0,add,0.10101851597326005,334.0,5.0,0.8684525127287878,4.0,0.0,1.0,1.0,1.0
987.0,delete,0.30230329150181523,334.0,5.0,0.8684525127287878,3.0,0.0,0.0,1.0,1.0
988.0,swap,0.8684525127287896,334.0,5.0,0.8684525127287878,4.0,1.0,0.0,1.0,0.0
989.0,swap,0.2677858814627575,335.0,3.0,0.7221448578263578,3.0,1.0,0.0,1.0,1.0
990.0,add,0.7902369998598565,336.0,5.0,0.836114711703122,4.0,0.0,1.0,1.0,1.0
991.0,add,0.3665737670212781,336.0,5.0,0.836114711703122,4.0,0.0,2.0,1.0,1.0
992.0,delete,0.25792342351045633,336.0,5.0,0.836114711703122,3.0,0.0,1.0,1.0,1.0
993.0,swap,0.8684525127287896,336.0,5.0,0.836114711703122,4.0,1.0,0.0,1.0,1.0
994.0,add,0.873597849947558,337.0,4.0,0.873597849947558,4.0,1.0,0.0,0.0,1.0
995.0,add,0.8684525127287878,337.0,4.0,0.873597849947558,4.0,1.0,0.0,1.0,1.0
996.0,delete,0.873597849947558,337.0,4.0,0.873597849947558,4.0,0.0,0.0,0.0,1.0
997.0,swap,0.873597849947558,337.0,4.0,0.873597849947558,4.0,1.0,0.0,0.0,1.0
998.0,change,0.873597849947558,338.0,3.0,0.8725687825038039,4.0,1.0,0.0,0.0,1.0
999.0,add,0.873597849947558,339.0,5.0,0.873597849947558,4.0,1.0,0.0,0.0,1.0
1000.0,add,0.873597849947558,339.0,5.0,0.873597849947558,4.0,1.0,0.0,0.0,2.0
1001.0,delete,0.3040764312848323,339.0,5.0,0.873597849947558,3.0,1.0,0.0,0.0,1.0
1002.0,swap,0.1499443123569247,339.0,5.0,0.873597849947558,3.0,1.0,1.0,0.0,1.0
1003.0,add,0.8684525127287896,340.0,5.0,0.8684525127287878,4.0,1.0,0.0,1.0,1.0
1004.0,add,0.41432424809192075,340.0,5.0,0.8684525127287878,4.0,1.0,1.0,1.0,1.0
1005.0,delete,0.8684525127287878,340.0,5.0,0.8684525127287878,4.0,1.0,0.0,1.0,0.0
1006.0,swap,0.8645604557060099,340.0,5.0,0.8684525127287878,4.0,1.0,0.0,2.0,0.0
1007.0,change,0.873597849947558,341.0,3.0,0.746674852518497,4.0,1.0,0.0,0.0,1.0
1008.0,change,0.873597849947558,342.0,4.0,0.873597849947558,4.0,1.0,0.0,0.0,1.0
1009.0,add,0.08657106528110335,342.0,4.0,0.873597849947558,4.0,1.0,1.0,0.0,1.0
1010.0,delete,0.11731916609425042,342.0,4.0,0.873597849947558,3.0,1.0,0.0,0.0,1.0
1011.0,swap,0.2677858814627581,342.0,4.0,0.873597849947558,3.0,2.0,0.0,0.0,1.0
1012.0,add,0.8684525127287878,343.0,6.0,0.8684525127287878,4.0,1.0,0.0,1.0,2.0
1013.0,add,0.8684525127287882,343.0,6.0,0.8684525127287878,4.0,2.0,0.0,1.0,2.0
1014.0,delete,0.8684525127287878,343.0,6.0,0.8684525127287878,4.0,1.0,0.0,1.0,1.0
1015.0,swap,0.14125675485822692,343.0,6.0,0.8684525127287878,4.0,1.0,1.0,0.0,2.0
1016.0,add,0.8684525127287878,344.0,6.0,0.8684525127287878,4.0,0.0,0.0,1.0,2.0
1017.0,add,0.8645604557060138,344.0,6.0,0.8684525127287878,4.0,0.0,0.0,2.0,2.0
1018.0,delete,0.2677858814627575,344.0,6.0,0.8684525127287878,3.0,0.0,0.0,1.0,2.0
1019.0,swap,0.8645604557060138,344.0,6.0,0.8684525127287878,4.0,0.0,0.0,2.0,1.0
1020.0,change,0.8684525127287878,345.0,5.0,0.7467623636664721,4.0,0.0,0.0,1.0,2.0
1021.0,change,0.8684525127287878,346.0,6.0,0.8684525127287878,4.0,0.0,0.0,1.0,2.0
1022.0,add,0.866164230387068,346.0,6.0,0.8684525127287878,4.0,0.0,0.0,1.0,3.0
1023.0,delete,0.17117968659641367,346.0,6.0,0.8684525127287878,3.0,0.0,0.0,1.0,2.0
1024.0,swap,0.023072834309712513,346.0,6.0,0.8684525127287878,3.0,0.0,1.0,1.0,2.0
1025.0,add,0.8633374806385117,347.0,4.0,0.8633374806385117,4.0,0.0,0.0,2.0,1.0
1026.0,add,0.6423939363186427,347.0,4.0,0.8633374806385117,4.0,0.0,1.0,2.0,1.0
1027.0,delete,0.2662086698628963,347.0,4.0,0.8633374806385117,3.0,0.0,0.0,2.0,1.0
1028.0,swap,0.27710860692575573,347.0,4.0,0.8633374806385117,4.0,0.0,1.0,1.0,1.0
1029.0,change,0.8684525127287878,348.0,5.0,0.8684525127287878,4.0,0.0,0.0,1.0,1.0
1030.0,add,0.7921120804824634,348.0,5.0,0.8684525127287878,4.0,0.0,1.0,1.0,1.0
1031.0,delete,0.11663505098597605,348.0,5.0,0.8684525127287878,3.0,0.0,0.0,1.0,1.0
1032.0,swap,0.30230329150181523,348.0,5.0,0.8684525127287878,3.0,0.0,0.0,2.0,1.0
1033.0,swap,0.873597849947558,349.0,5.0,0.873597849947558,4.0,2.0,0.0,0.0,1.0
1034.0,add,0.873597849947558,349.0,5.0,0.873597849947558,4.0,2.0,0.0,0.0,2.0
1035.0,delete,0.11731916609425053,349.0,5.0,0.873597849947558,3.0,2.0,0.0,0.0,1.0
1036.0,swap,0.10767471422446039,349.0,5.0,0.873597849947558,3.0,3.0,0.0,0.0,1.0
1037.0,add,0.8696825154081719,350.0,1.0,0.6043646555539569,4.0,0.0,0.0,1.0,0.0
1038.0,add,0.8696825154081719,351.0,2.0,0.8696825154081719,4.0,0.0,0.0,1.0,0.0
1039.0,add,0.17448213209011199,351.0,2.0,0.8696825154081719,4.0,0.0,1.0,1.0,0.0
1040.0,delete,0.873597849947558,351.0,2.0,0.8696825154081719,4.0,0.0,0.0,0.0,0.0
1041.0,swap,0.05499562599667078,351.0,2.0,0.8696825154081719,3.0,0.0,1.0,1.0,0.0
1042.0,add,0.873597849947558,352.0,4.0,0.873597849947558,4.0,1.0,0.0,0.0,2.0
1043.0,add,0.873597849947558,352.0,4.0,0.873597849947558,4.0,2.0,0.0,0.0,2.0
1044.0,delete,0.3040764312848323,352.0,4.0,0.873597849947558,3.0,1.0,0.0,0.0,2.0
1045.0,swap,0.3040764312848323,352.0,4.0,0.873597849947558,3.0,1.0,0.0,1.0,2.0
1046.0,add,0.8645604557060138,353.0,3.0,0.5849670914438267,4.0,0.0,0.0,2.0,1.0
1047.0,add,0.8645604557060138,354.0,4.0,0.8645604557060138,4.0,0.0,0.0,2.0,1.0
1048.0,add,0.862289252941201,354.0,4.0,0.8645604557060138,4.0,0.0,0.0,2.0,2.0
1049.0,delete,0.1165079460117093,354.0,4.0,0.8645604557060138,3.0,0.0,0.0,2.0,1.0
1050.0,swap,0.8696825154081719,354.0,4.0,0.8645604557060138,4.0,1.0,0.0,1.0,1.0
1051.0,add,0.8696825154081719,355.0,2.0,0.6284325928880476,4.0,0.0,0.0,1.0,1.0
1052.0,add,0.8696825154081719,356.0,3.0,0.8696825154081719,4.0,0.0,0.0,1.0,1.0
1053.0,add,0.11867746648350659,356.0,3.0,0.8696825154081719,4.0,0.0,1.0,1.0,1.0
1054.0,delete,0.11719131559423906,356.0,3.0,0.8696825154081719,3.0,0.0,0.0,1.0,1.0
1055.0,swap,0.2758029346613898,356.0,3.0,0.8696825154081719,3.0,1.0,0.0,1.0,1.0
1056.0,add,0.8684525127287878,357.0,2.0,0.5956463566543998,4.0,0.0,0.0,1.0,1.0
1057.0,add,0.8684525127287878,358.0,3.0,0.8684525127287878,4.0,0.0,0.0,1.0,1.0
1058.0,add,0.8633374806385117,358.0,3.0,0.8684525127287878,4.0,0.0,0.0,1.0,2.0
1059.0,delete,0.2662086698628963,358.0,3.0,0.8684525127287878,3.0,0.0,0.0,1.0,1.0
1060.0,swap,0.873597849947558,358.0,3.0,0.8684525127287878,4.0,0.0,0.0,0.0,2.0
1061.0,add,0.8696825154081719,359.0,4.0,0.873597849947558,4.0,0.0,0.0,1.0,2.0
1062.0,delete,0.873597849947558,359.0,4.0,0.873597849947558,4.0,0.0,0.0,0.0,1.0
1063.0,swap,0.16342704850182785,359.0,4.0,0.873597849947558,3.0,0.0,1.0,0.0,2.0
1064.0,add,0.8684525127287878,360.0,4.0,0.8684525127287878,4.0,0.0,0.0,1.0,1.0
1065.0,add,0.8684525127287896,360.0,4.0,0.8684525127287878,4.0,1.0,0.0,1.0,1.0
1066.0,delete,0.873597849947558,360.0,4.0,0.8684525127287878,4.0,0.0,0.0,0.0,1.0
1067.0,swap,0.08208499862389872,360.0,4.0,0.8684525127287878,3.0,1.0,0.0,1.0,1.0
1068.0,change,0.8684525127287878,361.0,3.0,0.7122080773515644,4.0,0.0,0.0,1.0,1.0
1069.0,change,0.8684525127287878,362.0,4.0,0.8684525127287878,4.0,0.0,0.0,1.0,1.0
1070.0,add,0.8684525127287878,362.0,4.0,0.8684525127287878,4.0,0.0,0.0,1.0,2.0
1071.0,delete,0.873597849947558,362.0,4.0,0.8684525127287878,4.0,0.0,0.0,0.0,1.0
1072.0,swap,0.08170900572249233,362.0,4.0,0.8684525127287878,3.0,0.0,0.0,2.0,1.0
1073.0,add,0.8633374806385117,363.0,4.0,0.8633374806385117,4.0,0.0,0.0,1.0,2.0
1074.0,add,0.8626601785249273,363.0,4.0,0.8633374806385117,4.0,0.0,0.0,1.0,3.0
1075.0,delete,0.3005404913057133,363.0,4.0,0.8633374806385117,3.0,0.0,0.0,1.0,2.0
1076.0,swap,0.3005404913057133,363.0,4.0,0.8633374806385117,3.0,0.0,0.0,1.0,3.0
1077.0,add,0.873597849947558,364.0,5.0,0.873597849947558,4.0,0.0,0.0,0.0,2.0
1078.0,delete,0.873597849947558,364.0,5.0,0.873597849947558,4.0,0.0,0.0,0.0,0.0
1079.0,swap,0.08208499862389865,364.0,5.0,0.873597849947558,3.0,1.0,0.0,0.0,1.0
1080.0,change,0.8684525127287878,365.0,3.0,0.6885373445487115,4.0,0.0,0.0,1.0,1.0
1081.0,change,0.8684525127287878,366.0,4.0,0.8684525127287878,4.0,0.0,0.0,1.0,1.0
1082.0,add,0.8684525127287901,366.0,4.0,0.8684525127287878,4.0,1.0,0.0,1.0,1.0
1083.0,delete,0.2662086698628963,366.0,4.0,0.8684525127287878,3.0,0.0,0.0,1.0,1.0
1084.0,swap,0.11345930888460914,366.0,4.0,0.8684525127287878,3.0,0.0,1.0,1.0,1.0
1085.0,add,0.8684525127287878,367.0,5.0,0.8684525127287896,4.0,1.0,0.0,1.0,1.0
1086.0,add,0.8661642303870724,367.0,5.0,0.8684525127287896,4.0,1.0,0.0,1.0,2.0
1087.0,delete,0.30230329150181545,367.0,5.0,0.8684525127287896,3.0,1.0,0.0,1.0,1.0
1088.0,swap,0.8696825154081768,367.0,5.0,0.8684525127287896,4.0,1.0,0.0,1.0,1.0
1089.0,add,0.873597849947558,368.0,3.0,0.873597849947558,4.0,0.0,0.0,0.0,1.0
1090.0,delete,0.3040764312848323,368.0,3.0,0.873597849947558,3.0,0.0,0.0,0.0,0.0
1091.0,swap,0.26659909213401584,368.0,3.0,0.873597849947558,3.0,0.0,0.0,1.0,0.0
1092.0,add,0.6262720533363937,369.0,4.0,0.7550110125509284,4.0,0.0,1.0,1.0,1.0
1093.0,add,0.8684525127287878,370.0,5.0,0.8684525127287878,4.0,0.0,0.0,1.0,1.0
1094.0,add,0.8645604557060148,370.0,5.0,0.8684525127287878,4.0,0.0,0.0,2.0,1.0
1095.0,delete,0.30230329150181523,370.0,5.0,0.8684525127287878,3.0,0.0,0.0,1.0,1.0
1096.0,swap,0.34791002138853755,370.0,5.0,0.8684525127287878,3.0,0.0,1.0,1.0,1.0
1097.0,add,0.8684525127287878,371.0,5.0,0.873597849947558,4.0,0.0,0.0,1.0,1.0
1098.0,delete,0.3040764312848323,371.0,5.0,0.873597849947558,3.0,0.0,0.0,0.0,1.0
1099.0,swap,0.08208499862389862,371.0,5.0,0.873597849947558,3.0,1.0,0.0,0.0,1.0
1100.0,add,0.8645604557060138,372.0,3.0,0.6380832244826754,4.0,0.0,0.0,2.0,1.0
1101.0,add,0.8645604557060138,373.0,4.0,0.8645604557060138,4.0,0.0,0.0,2.0,1.0
1102.0,add,0.8645604557060095,373.0,4.0,0.8645604557060138,4.0,1.0,0.0,2.0,1.0
1103.0,delete,0.8684525127287878,373.0,4.0,0.8645604557060138,4.0,0.0,0.0,1.0,1.0
1104.0,swap,0.11614849257224,373.0,4.0,0.8645604557060138,3.0,0.0,0.0,2.0,2.0
1105.0,delete,0.8684525127287878,374.0,5.0,0.8684525127287878,4.0,0.0,0.0,1.0,1.0
1106.0,add,0.8645604557060148,374.0,5.0,0.8684525127287878,4.0,0.0,0.0,2.0,1.0
1107.0,delete,0.30230329150181523,374.0,5.0,0.8684525127287878,3.0,0.0,0.0,1.0,1.0
1108.0,swap,0.012557049570069962,374.0,5.0,0.8684525127287878,3.0,1.0,0.0,1.0,1.0
1109.0,swap,0.8696825154081719,375.0,5.0,0.8696825154081719,4.0,1.0,0.0,1.0,1.0
1110.0,add,0.8657855661243126,375.0,5.0,0.8696825154081719,4.0,1.0,0.0,2.0,1.0
1111.0,delete,0.30276636134333035,375.0,5.0,0.8696825154081719,3.0,1.0,0.0,1.0,1.0
1112.0,swap,0.8696825154081719,375.0,5.0,0.8696825154081719,4.0,2.0,0.0,1.0,0.0
1113.0,add,0.8684525127287878,376.0,3.0,0.6721680743768736,4.0,1.0,0.0,1.0,1.0
1114.0,add,0.8684525127287896,377.0,4.0,0.8684525127287878,4.0,1.0,0.0,1.0,1.0
1115.0,add,0.8684525127287878,377.0,4.0,0.8684525127287878,4.0,1.0,0.0,1.0,2.0
1116.0,delete,0.11663505098597615,377.0,4.0,0.8684525127287878,3.0,1.0,0.0,1.0,1.0
1117.0,swap,0.30230329150181523,377.0,4.0,0.8684525127287878,3.0,1.0,0.0,2.0,1.0
1118.0,swap,0.8696825154081768,378.0,6.0,0.8696825154081768,4.0,1.0,0.0,1.0,1.0
1119.0,add,0.8696825154081768,378.0,6.0,0.8696825154081768,4.0,1.0,0.0,1.0,2.0
1120.0,delete,0.2665990921340152,378.0,6.0,0.8696825154081768,3.0,1.0,0.0,1.0,1.0
1121.0,swap,0.3040764312848323,378.0,6.0,0.8696825154081768,3.0,1.0,0.0,1.0,2.0
1122.0,add,0.8609795710869068,379.0,5.0,0.7230133611546756,4.0,0.0,1.0,1.0,2.0
1123.0,add,0.793606731290703,380.0,6.0,0.8609795710869068,4.0,0.0,1.0,1.0,2.0
1124.0,add,0.2399264141472208,380.0,6.0,0.8609795710869068,4.0,0.0,2.0,1.0,2.0
1125.0,delete,0.1697377461434069,380.0,6.0,0.8609795710869068,3.0,0.0,1.0,1.0,2.0
1126.0,swap,0.1697377461434069,380.0,6.0,0.8609795710869068,3.0,0.0,1.0,1.0,3.0
1127.0,add,0.8683734068029071,381.0,3.0,0.5827797353303156,4.0,0.0,1.0,1.0,0.0
1128.0,add,0.8683734068029071,382.0,4.0,0.8683734068029071,4.0,0.0,1.0,1.0,0.0
1129.0,add,0.8683734068029066,382.0,4.0,0.8683734068029071,4.0,1.0,1.0,1.0,0.0
1130.0,delete,0.30227602991337754,382.0,4.0,0.8683734068029071,3.0,0.0,1.0,1.0,0.0
1131.0,swap,0.3022760299133773,382.0,4.0,0.8683734068029071,3.0,0.0,1.0,2.0,0.0
1132.0,add,0.8683734068029071,383.0,5.0,0.8683734068029071,4.0,0.0,1.0,1.0,0.0
1133.0,add,0.8601214249206708,383.0,5.0,0.8683734068029071,4.0,0.0,1.0,1.0,1.0
1134.0,delete,0.30227602991337754,383.0,5.0,0.8683734068029071,3.0,0.0,1.0,1.0,0.0
1135.0,swap,0.26233006807894743,383.0,5.0,0.8683734068029071,3.0,1.0,1.0,1.0,0.0
1136.0,add,0.8684525127287878,384.0,3.0,0.6011908490430684,4.0,0.0,0.0,1.0,1.0
1137.0,add,0.8684525127287878,385.0,4.0,0.8684525127287878,4.0,0.0,0.0,1.0,1.0
1138.0,add,0.8645604557060148,385.0,4.0,0.8684525127287878,4.0,0.0,0.0,2.0,1.0
1139.0,delete,0.30230329150181523,385.0,4.0,0.8684525127287878,3.0,0.0,0.0,1.0,1.0
1140.0,swap,0.873597849947558,385.0,4.0,0.8684525127287878,4.0,1.0,0.0,0.0,1.0
1141.0,swap,0.873597849947558,386.0,5.0,0.873597849947558,4.0,1.0,0.0,0.0,1.0
1142.0,add,0.8696825154081753,386.0,5.0,0.873597849947558,4.0,1.0,0.0,1.0,1.0
1143.0,delete,0.3040764312848323,386.0,5.0,0.873597849947558,3.0,1.0,0.0,0.0,1.0
1144.0,swap,0.026584495256173443,386.0,5.0,0.873597849947558,3.0,2.0,0.0,0.0,1.0
1145.0,change,0.8684525127287878,387.0,2.0,0.5656764830407812,4.0,0.0,0.0,1.0,0.0
1146.0,change,0.8684525127287878,388.0,3.0,0.8684525127287878,4.0,0.0,0.0,1.0,0.0
1147.0,add,0.8684525127287878,388.0,3.0,0.8684525127287878,4.0,0.0,0.0,1.0,1.0
1148.0,delete,0.2677858814627575,388.0,3.0,0.8684525127287878,3.0,0.0,0.0,1.0,0.0
1149.0,swap,0.30230329150181523,388.0,3.0,0.8684525127287878,3.0,0.0,0.0,1.0,1.0
1150.0,add,0.8684525127287878,389.0,4.0,0.8684525127287878,4.0,0.0,0.0,1.0,1.0
1151.0,add,0.8645604557060138,389.0,4.0,0.8684525127287878,4.0,0.0,0.0,2.0,1.0
1152.0,delete,0.8684525127287878,389.0,4.0,0.8684525127287878,4.0,0.0,0.0,1.0,0.0
1153.0,swap,0.873597849947558,389.0,4.0,0.8684525127287878,4.0,0.0,0.0,0.0,2.0
1154.0,add,0.5442887972926892,390.0,3.0,0.8687031687679869,4.0,0.0,1.0,1.0,0.0
1155.0,add,0.873597849947558,391.0,5.0,0.873597849947558,4.0,0.0,0.0,0.0,3.0
1156.0,delete,0.08208499862389862,391.0,5.0,0.873597849947558,3.0,0.0,0.0,0.0,2.0
1157.0,swap,0.018919183189322848,391.0,5.0,0.873597849947558,3.0,0.0,1.0,0.0,2.0
1158.0,change,0.8684525127287878,392.0,4.0,0.8684525127287878,4.0,0.0,0.0,1.0,0.0
1159.0,add,0.8645604557060138,392.0,4.0,0.8684525127287878,4.0,0.0,0.0,2.0,0.0
1160.0,delete,0.30230329150181523,392.0,4.0,0.8684525127287878,3.0,0.0,0.0,1.0,0.0
1161.0,swap,0.06075033483364299,392.0,4.0,0.8684525127287878,3.0,0.0,1.0,1.0,0.0
1162.0,add,0.8684525127287878,393.0,5.0,0.8684525127287878,4.0,0.0,0.0,1.0,1.0
1163.0,add,0.8684525127287892,393.0,5.0,0.8684525127287878,4.0,1.0,0.0,1.0,1.0
1164.0,delete,0.873597849947558,393.0,5.0,0.8684525127287878,4.0,0.0,0.0,0.0,1.0
1165.0,swap,0.2677858814627575,393.0,5.0,0.8684525127287878,3.0,1.0,0.0,1.0,1.0
1166.0,add,0.8696825154081719,394.0,3.0,0.8696825154081719,4.0,0.0,0.0,1.0,0.0
1167.0,add,0.0678025737664708,394.0,3.0,0.8696825154081719,4.0,0.0,1.0,1.0,0.0
1168.0,delete,0.26659909213401584,394.0,3.0,0.8696825154081719,3.0,0.0,0.0,1.0,0.0
1169.0,swap,0.09923404280673445,394.0,3.0,0.8696825154081719,4.0,0.0,1.0,0.0,0.0
1170.0,add,0.26886944233221677,395.0,3.0,0.672361186904715,4.0,0.0,1.0,1.0,0.0
1171.0,change,0.8684525127287878,396.0,4.0,0.7493482539193359,4.0,0.0,0.0,1.0,1.0
1172.0,change,0.8684525127287878,397.0,5.0,0.8684525127287878,4.0,0.0,0.0,1.0,1.0
1173.0,add,0.8684525127287878,397.0,5.0,0.8684525127287878,4.0,0.0,0.0,1.0,2.0
1174.0,delete,0.30230329150181523,397.0,5.0,0.8684525127287878,3.0,0.0,0.0,1.0,1.0
1175.0,swap,0.30230329150181523,397.0,5.0,0.8684525127287878,3.0,0.0,0.0,1.0,2.0
1176.0,add,0.8645604557060138,398.0,5.0,0.8645604557060138,4.0,0.0,0.0,2.0,1.0
1177.0,add,0.8645604557060138,398.0,5.0,0.8645604557060138,4.0,0.0,0.0,2.0,2.0
1178.0,delete,0.8684525127287878,398.0,5.0,0.8645604557060138,4.0,0.0,0.0,1.0,1.0
1179.0,swap,0.30100095559490514,398.0,5.0,0.8645604557060138,3.0,0.0,0.0,2.0,2.0
1180.0,add,0.8684525127287878,399.0,4.0,0.7526269670883469,4.0,1.0,0.0,1.0,1.0
1181.0,add,0.8684525127287911,400.0,5.0,0.8684525127287878,4.0,1.0,0.0,1.0,1.0
1182.0,add,0.1593165906413015,400.0,5.0,0.8684525127287878,4.0,1.0,1.0,1.0,1.0
1183.0,delete,0.30230329150181523,400.0,5.0,0.8684525127287878,3.0,1.0,0.0,1.0,1.0
1184.0,swap,0.8684525127287896,400.0,5.0,0.8684525127287878,4.0,2.0,0.0,1.0,0.0
1185.0,add,0.873597849947558,401.0,6.0,0.873597849947558,4.0,1.0,0.0,0.0,1.0
1186.0,delete,0.2677858814627575,401.0,6.0,0.873597849947558,3.0,0.0,0.0,0.0,1.0
1187.0,swap,0.08208499862389865,401.0,6.0,0.873597849947558,3.0,0.0,0.0,1.0,1.0
1188.0,change,0.873597849947558,402.0,3.0,0.6314179936522846,4.0,1.0,0.0,0.0,0.0
1189.0,change,0.873597849947558,403.0,4.0,0.873597849947558,4.0,1.0,0.0,0.0,0.0
1190.0,add,0.8684525127287892,403.0,4.0,0.873597849947558,4.0,1.0,0.0,1.0,0.0
1191.0,delete,0.873597849947558,403.0,4.0,0.873597849947558,4.0,0.0,0.0,0.0,0.0
1192.0,swap,0.873597849947558,403.0,4.0,0.873597849947558,4.0,0.0,0.0,0.0,1.0
1193.0,change,0.873597849947558,404.0,4.0,0.873597849947558,4.0,1.0,0.0,0.0,0.0
1194.0,add,0.8684525127287878,404.0,4.0,0.873597849947558,4.0,1.0,0.0,1.0,0.0
1195.0,delete,0.873597849947558,404.0,4.0,0.873597849947558,4.0,0.0,0.0,0.0,0.0
1196.0,swap,0.3040764312848323,404.0,4.0,0.873597849947558,3.0,1.0,0.0,1.0,0.0
1197.0,change,0.873597849947558,405.0,3.0,0.7586644987712587,4.0,1.0,0.0,0.0,0.0
1198.0,change,0.873597849947558,406.0,4.0,0.873597849947558,4.0,1.0,0.0,0.0,0.0
1199.0,add,0.873597849947558,406.0,4.0,0.873597849947558,4.0,1.0,0.0,0.0,1.0
1200.0,delete,0.2677858814627581,406.0,4.0,0.873597849947558,3.0,1.0,0.0,0.0,0.0
1201.0,swap,0.2677858814627574,406.0,4.0,0.873597849947558,3.0,2.0,0.0,0.0,0.0
1202.0,add,0.8696825154081719,407.0,5.0,0.873597849947558,4.0,0.0,0.0,1.0,0.0
1203.0,delete,0.3040764312848323,407.0,5.0,0.873597849947558,3.0,0.0,0.0,0.0,0.0
1204.0,swap,0.2677858814627581,407.0,5.0,0.873597849947558,3.0,1.0,0.0,0.0,0.0
1205.0,change,0.873597849947558,408.0,3.0,0.6454794334446342,4.0,1.0,0.0,0.0,0.0
1206.0,change,0.873597849947558,409.0,4.0,0.873597849947558,4.0,1.0,0.0,0.0,0.0
1207.0,add,0.873597849947558,409.0,4.0,0.873597849947558,4.0,1.0,0.0,0.0,1.0
1208.0,delete,0.2677858814627581,409.0,4.0,0.873597849947558,3.0,1.0,0.0,0.0,0.0
1209.0,swap,0.2665990921340155,409.0,4.0,0.873597849947558,3.0,1.0,0.0,1.0,0.0
1210.0,change,0.8735978499475604,410.0,5.0,0.873597849947558,4.0,1.0,0.0,0.0,0.0
1211.0,add,0.8696825154081739,410.0,5.0,0.873597849947558,4.0,1.0,0.0,1.0,0.0
1212.0,delete,0.2677858814627575,410.0,5.0,0.873597849947558,3.0,1.0,0.0,0.0,0.0
1213.0,swap,0.0342989166645149,410.0,5.0,0.873597849947558,3.0,1.0,0.0,0.0,1.0
1214.0,change,0.8735978499475604,411.0,5.0,0.873597849947558,4.0,1.0,0.0,0.0,0.0
1215.0,add,0.873597849947558,411.0,5.0,0.873597849947558,4.0,2.0,0.0,0.0,0.0
1216.0,delete,0.2677858814627575,411.0,5.0,0.873597849947558,3.0,1.0,0.0,0.0,0.0
1217.0,swap,0.2677858814627577,411.0,5.0,0.873597849947558,3.0,1.0,0.0,1.0,0.0
1218.0,add,0.8684525127287892,412.0,5.0,0.8684525127287892,4.0,1.0,0.0,1.0,0.0
1219.0,add,0.8645604557060138,412.0,5.0,0.8684525127287892,4.0,1.0,0.0,2.0,0.0
1220.0,delete,0.30230329150181545,412.0,5.0,0.8684525127287892,3.0,1.0,0.0,1.0,0.0
1221.0,swap,0.23821497599363994,412.0,5.0,0.8684525127287892,3.0,1.0,0.0,1.0,1.0
1222.0,change,0.8735978499475604,413.0,4.0,0.6312730625536382,4.0,1.0,0.0,0.0,0.0
1223.0,change,0.8735978499475604,414.0,5.0,0.8735978499475604,4.0,1.0,0.0,0.0,0.0
1224.0,add,0.8735978499475604,414.0,5.0,0.8735978499475604,4.0,1.0,0.0,0.0,1.0
1225.0,delete,0.873597849947558,414.0,5.0,0.8735978499475604,4.0,0.0,0.0,0.0,0.0
1226.0,swap,0.2677858814627581,414.0,5.0,0.8735978499475604,3.0,2.0,0.0,0.0,0.0
1227.0,add,0.873597849947558,415.0,6.0,0.873597849947558,4.0,0.0,0.0,0.0,1.0
1228.0,delete,0.3040764312848323,415.0,6.0,0.873597849947558,3.0,0.0,0.0,0.0,0.0
1229.0,swap,0.3040764312848323,415.0,6.0,0.873597849947558,3.0,1.0,0.0,0.0,0.0
1230.0,add,0.873597849947558,416.0,4.0,0.6283967497318095,4.0,2.0,0.0,0.0,0.0
1231.0,add,0.873597849947558,417.0,5.0,0.873597849947558,4.0,2.0,0.0,0.0,0.0
1232.0,add,0.873597849947558,417.0,5.0,0.873597849947558,4.0,3.0,0.0,0.0,0.0
1233.0,delete,0.2677858814627575,417.0,5.0,0.873597849947558,3.0,2.0,0.0,0.0,0.0
1234.0,swap,0.030832569455662685,417.0,5.0,0.873597849947558,3.0,2.0,1.0,0.0,0.0
1235.0,add,0.873597849947558,418.0,4.0,0.873597849947558,4.0,1.0,0.0,0.0,1.0
1236.0,add,0.873597849947558,418.0,4.0,0.873597849947558,4.0,1.0,0.0,0.0,2.0
1237.0,delete,0.873597849947558,418.0,4.0,0.873597849947558,4.0,0.0,0.0,0.0,1.0
1238.0,swap,0.8576862972023301,418.0,4.0,0.873597849947558,3.0,1.0,1.0,0.0,1.0
1239.0,change,0.873597849947558,419.0,3.0,0.8704155393985124,4.0,1.0,0.0,0.0,1.0
1240.0,change,0.8735978499475604,420.0,4.0,0.873597849947558,4.0,1.0,0.0,0.0,1.0
1241.0,add,0.873597849947558,420.0,4.0,0.873597849947558,4.0,2.0,0.0,0.0,1.0
1242.0,delete,0.873597849947558,420.0,4.0,0.873597849947558,4.0,0.0,0.0,0.0,1.0
1243.0,swap,0.03661109422275176,420.0,4.0,0.873597849947558,3.0,1.0,1.0,0.0,1.0
1244.0,add,0.873597849947558,421.0,2.0,0.6312548517543405,4.0,1.0,0.0,0.0,1.0
1245.0,add,0.873597849947558,422.0,3.0,0.873597849947558,4.0,1.0,0.0,0.0,1.0
1246.0,add,0.873597849947558,422.0,3.0,0.873597849947558,4.0,2.0,0.0,0.0,1.0
1247.0,delete,0.873597849947558,422.0,3.0,0.873597849947558,4.0,0.0,0.0,0.0,1.0
1248.0,swap,0.30276636134333057,422.0,3.0,0.873597849947558,3.0,1.0,0.0,1.0,1.0
1249.0,add,0.873597849947558,423.0,4.0,0.873597849947558,4.0,0.0,0.0,0.0,2.0
1250.0,delete,0.3040764312848323,423.0,4.0,0.873597849947558,3.0,0.0,0.0,0.0,1.0
1251.0,swap,0.873597849947558,423.0,4.0,0.873597849947558,4.0,1.0,0.0,0.0,0.0
1252.0,add,0.873597849947558,424.0,4.0,0.873597849947558,4.0,1.0,0.0,0.0,1.0
1253.0,add,0.873597849947558,424.0,4.0,0.873597849947558,4.0,1.0,0.0,0.0,2.0
1254.0,delete,0.873597849947558,424.0,4.0,0.873597849947558,4.0,1.0,0.0,0.0,0.0
1255.0,swap,0.47569415988018277,424.0,4.0,0.873597849947558,4.0,0.0,1.0,0.0,1.0
1256.0,change,0.873597849947558,425.0,3.0,0.7940171119340829,4.0,1.0,0.0,0.0,1.0
1257.0,change,0.8735978499475604,426.0,4.0,0.873597849947558,4.0,1.0,0.0,0.0,1.0
1258.0,add,0.588237733959043,426.0,4.0,0.873597849947558,4.0,1.0,1.0,0.0,1.0
1259.0,delete,0.873597849947558,426.0,4.0,0.873597849947558,4.0,1.0,0.0,0.0,0.0
1260.0,swap,0.03794907043404774,426.0,4.0,0.873597849947558,3.0,1.0,1.0,0.0,1.0
1261.0,delete,0.30407643128483275,427.0,3.0,0.7312174952818765,3.0,1.0,0.0,0.0,1.0
1262.0,delete,0.873597849947558,428.0,5.0,0.873597849947558,4.0,1.0,0.0,0.0,0.0
1263.0,add,0.8696825154081753,428.0,5.0,0.873597849947558,4.0,1.0,0.0,1.0,0.0
1264.0,delete,0.3040764312848323,428.0,5.0,0.873597849947558,3.0,1.0,0.0,0.0,0.0
1265.0,swap,0.873597849947558,428.0,5.0,0.873597849947558,4.0,0.0,0.0,0.0,1.0
1266.0,change,0.873597849947558,429.0,3.0,0.7241443257495933,4.0,1.0,0.0,0.0,1.0
1267.0,change,0.873597849947558,430.0,4.0,0.873597849947558,4.0,1.0,0.0,0.0,1.0
1268.0,add,0.873597849947558,430.0,4.0,0.873597849947558,4.0,1.0,0.0,0.0,2.0
1269.0,delete,0.873597849947558,430.0,4.0,0.873597849947558,4.0,1.0,0.0,0.0,0.0
1270.0,swap,0.2113456752303779,430.0,4.0,0.873597849947558,3.0,1.0,1.0,0.0,1.0
1271.0,add,0.873597849947558,431.0,4.0,0.873597849947558,4.0,2.0,0.0,0.0,1.0
1272.0,add,0.8684525127287878,431.0,4.0,0.873597849947558,4.0,2.0,0.0,1.0,1.0
1273.0,delete,0.2677858814627575,431.0,4.0,0.873597849947558,3.0,2.0,0.0,0.0,1.0
1274.0,swap,0.08174498567171527,431.0,4.0,0.873597849947558,3.0,2.0,0.0,1.0,1.0
1275.0,add,0.873597849947558,432.0,5.0,0.873597849947558,4.0,1.0,0.0,0.0,2.0
1276.0,add,0.12753069835720676,432.0,5.0,0.873597849947558,4.0,1.0,1.0,0.0,2.0
1277.0,delete,0.873597849947558,432.0,5.0,0.873597849947558,4.0,1.0,0.0,0.0,1.0
1278.0,swap,0.30276636134333035,432.0,5.0,0.873597849947558,3.0,1.0,0.0,1.0,2.0
1279.0,add,0.873597849947558,433.0,5.0,0.873597849947558,4.0,0.0,0.0,0.0,2.0
1280.0,delete,0.873597849947558,433.0,5.0,0.873597849947558,4.0,0.0,0.0,0.0,0.0
1281.0,swap,0.08208499862389862,433.0,5.0,0.873597849947558,3.0,1.0,0.0,0.0,1.0
1282.0,change,0.873597849947558,434.0,3.0,0.7471046838095817,4.0,1.0,0.0,0.0,1.0
1283.0,change,0.873597849947558,435.0,4.0,0.873597849947558,4.0,1.0,0.0,0.0,1.0
1284.0,add,0.8696825154081763,435.0,4.0,0.873597849947558,4.0,1.0,0.0,1.0,1.0
1285.0,delete,0.2677858814627581,435.0,4.0,0.873597849947558,3.0,1.0,0.0,0.0,1.0
1286.0,swap,0.2677858814627575,435.0,4.0,0.873597849947558,3.0,1.0,0.0,1.0,1.0
1287.0,add,0.8684525127287878,436.0,4.0,0.8684525127287878,4.0,1.0,0.0,1.0,1.0
1288.0,add,0.6470655024919676,436.0,4.0,0.8684525127287878,4.0,1.0,1.0,1.0,1.0
1289.0,delete,0.2662086698628966,436.0,4.0,0.8684525127287878,3.0,1.0,0.0,1.0,1.0
1290.0,swap,0.08208499862389872,436.0,4.0,0.8684525127287878,3.0,1.0,1.0,1.0,1.0
1291.0,delete,0.3040764312848323,437.0,4.0,0.7589104993071363,3.0,1.0,0.0,0.0,1.0
1292.0,add,0.873597849947558,438.0,5.0,0.873597849947558,4.0,1.0,0.0,0.0,2.0
1293.0,add,0.873597849947558,438.0,5.0,0.873597849947558,4.0,1.0,0.0,0.0,3.0
1294.0,delete,0.873597849947558,438.0,5.0,0.873597849947558,4.0,0.0,0.0,0.0,2.0
1295.0,swap,0.3040764312848323,438.0,5.0,0.873597849947558,3.0,1.0,0.0,1.0,2.0
1296.0,add,0.873597849947558,439.0,5.0,0.873597849947558,4.0,1.0,0.0,0.0,1.0
1297.0,add,0.8684525127287878,439.0,5.0,0.873597849947558,4.0,1.0,0.0,1.0,1.0
1298.0,delete,0.873597849947558,439.0,5.0,0.873597849947558,4.0,0.0,0.0,0.0,1.0
1299.0,swap,0.873597849947558,439.0,5.0,0.873597849947558,4.0,0.0,0.0,0.0,2.0
1300.0,change,0.873597849947558,440.0,4.0,0.8725687825038039,4.0,1.0,0.0,0.0,1.0
1301.0,add,0.873597849947558,441.0,6.0,0.873597849947558,4.0,1.0,0.0,0.0,1.0
1302.0,add,0.873597849947558,441.0,6.0,0.873597849947558,4.0,1.0,0.0,0.0,2.0
1303.0,delete,0.873597849947558,441.0,6.0,0.873597849947558,4.0,1.0,0.0,0.0,0.0
1304.0,swap,0.8684525127287878,441.0,6.0,0.873597849947558,4.0,0.0,0.0,1.0,1.0
1305.0,change,0.873597849947558,442.0,5.0,0.873597849947558,4.0,1.0,0.0,0.0,1.0
1306.0,add,0.2607720406268031,442.0,5.0,0.873597849947558,4.0,1.0,1.0,0.0,1.0
1307.0,delete,0.08208499862389865,442.0,5.0,0.873597849947558,3.0,1.0,0.0,0.0,1.0
1308.0,swap,0.08208499862389862,442.0,5.0,0.873597849947558,3.0,2.0,0.0,0.0,1.0
1309.0,add,0.8684525127287878,443.0,4.0,0.7596935662150128,4.0,1.0,0.0,1.0,1.0
1310.0,add,0.8684525127287892,444.0,5.0,0.8684525127287878,4.0,1.0,0.0,1.0,1.0
1311.0,add,0.8661642303870699,444.0,5.0,0.8684525127287878,4.0,1.0,0.0,1.0,2.0
1312.0,delete,0.30230329150181523,444.0,5.0,0.8684525127287878,3.0,1.0,0.0,1.0,1.0
1313.0,swap,0.12298505179193198,444.0,5.0,0.8684525127287878,4.0,1.0,1.0,1.0,0.0
1314.0,change,0.873597849947558,445.0,3.0,0.6992167077732978,4.0,1.0,0.0,0.0,1.0
1315.0,change,0.873597849947558,446.0,4.0,0.873597849947558,4.0,1.0,0.0,0.0,1.0
1316.0,add,0.873597849947558,446.0,4.0,0.873597849947558,4.0,1.0,0.0,0.0,2.0
1317.0,delete,0.2677858814627575,446.0,4.0,0.873597849947558,3.0,1.0,0.0,0.0,1.0
1318.0,swap,0.873597849947558,446.0,4.0,0.873597849947558,4.0,1.0,0.0,0.0,1.0
1319.0,swap,0.8735978499475604,447.0,5.0,0.873597849947558,4.0,1.0,0.0,0.0,1.0
1320.0,add,0.873597849947558,447.0,5.0,0.873597849947558,4.0,1.0,0.0,0.0,2.0
1321.0,delete,0.3040764312848323,447.0,5.0,0.873597849947558,3.0,1.0,0.0,0.0,1.0
1322.0,swap,0.2501306898611474,447.0,5.0,0.873597849947558,3.0,1.0,1.0,0.0,1.0
1323.0,change,0.873597849947558,448.0,4.0,0.7160162652042997,4.0,1.0,0.0,0.0,1.0
1324.0,change,0.873597849947558,449.0,5.0,0.873597849947558,4.0,1.0,0.0,0.0,1.0
1325.0,add,0.873597849947558,449.0,5.0,0.873597849947558,4.0,1.0,0.0,0.0,2.0
1326.0,delete,0.873597849947558,449.0,5.0,0.873597849947558,4.0,0.0,0.0,0.0,1.0
1327.0,swap,0.3040764312848323,449.0,5.0,0.873597849947558,3.0,1.0,0.0,1.0,1.0
1328.0,add,0.8684525127287878,450.0,6.0,0.8684525127287878,4.0,1.0,0.0,1.0,1.0
1329.0,add,0.8684525127287882,450.0,6.0,0.8684525127287878,4.0,2.0,0.0,1.0,1.0
1330.0,delete,0.3023032915018157,450.0,6.0,0.8684525127287878,3.0,1.0,0.0,1.0,1.0
1331.0,swap,0.29767139950754734,450.0,6.0,0.8684525127287878,3.0,1.0,1.0,1.0,1.0
1332.0,change,0.873597849947558,451.0,5.0,0.8725687825038039,4.0,1.0,0.0,0.0,1.0
1333.0,add,0.873597849947558,452.0,7.0,0.873597849947558,4.0,1.0,0.0,0.0,2.0
1334.0,add,0.8684525127287896,452.0,7.0,0.873597849947558,4.0,1.0,0.0,1.0,2.0
1335.0,delete,0.04526423397858692,452.0,7.0,0.873597849947558,3.0,1.0,0.0,0.0,2.0
1336.0,swap,0.022396195501355094,452.0,7.0,0.873597849947558,3.0,1.0,1.0,0.0,2.0
1337.0,delete,0.30276636134333024,453.0,2.0,0.579467805828491,3.0,0.0,0.0,1.0,0.0
1338.0,add,0.873597849947558,454.0,5.0,0.873597849947558,4.0,1.0,0.0,0.0,2.0
1339.0,add,0.7396381585873972,454.0,5.0,0.873597849947558,4.0,1.0,1.0,0.0,2.0
1340.0,delete,0.3040764312848323,454.0,5.0,0.873597849947558,3.0,1.0,0.0,0.0,2.0
1341.0,swap,0.5378613333056848,454.0,5.0,0.873597849947558,4.0,1.0,1.0,0.0,1.0
1342.0,add,0.873597849947558,455.0,6.0,0.873597849947558,4.0,0.0,0.0,0.0,2.0
1343.0,delete,0.873597849947558,455.0,6.0,0.873597849947558,4.0,0.0,0.0,0.0,0.0
1344.0,swap,0.042209596836723644,455.0,6.0,0.873597849947558,3.0,0.0,1.0,0.0,1.0
1345.0,add,0.873597849947558,456.0,5.0,0.873597849947558,4.0,0.0,0.0,0.0,2.0
1346.0,delete,0.08208499862389862,456.0,5.0,0.873597849947558,3.0,0.0,0.0,0.0,1.0
1347.0,swap,0.30980470399578397,456.0,5.0,0.873597849947558,3.0,0.0,1.0,0.0,1.0
1348.0,add,0.873597849947558,457.0,5.0,0.873597849947558,4.0,1.0,0.0,0.0,2.0
1349.0,delete,0.873597849947558,457.0,5.0,0.873597849947558,4.0,0.0,0.0,0.0,1.0
1350.0,swap,0.3040764312848323,457.0,5.0,0.873597849947558,3.0,0.0,0.0,0.0,3.0
1351.0,swap,0.08208499862389872,458.0,3.0,0.6385676014228007,3.0,1.0,1.0,0.0,1.0
1352.0,add,0.8684525127287878,459.0,6.0,0.873597849947558,4.0,0.0,0.0,1.0,2.0
1353.0,delete,0.3040764312848323,459.0,6.0,0.873597849947558,3.0,0.0,0.0,0.0,2.0
1354.0,swap,0.02248540347379892,459.0,6.0,0.873597849947558,3.0,0.0,1.0,0.0,2.0
1355.0,add,0.8696825154081719,460.0,4.0,0.8696825154081753,4.0,1.0,0.0,1.0,0.0
1356.0,add,0.8696825154081753,460.0,4.0,0.8696825154081753,4.0,1.0,0.0,1.0,1.0
1357.0,delete,0.3040764312848323,460.0,4.0,0.8696825154081753,3.0,1.0,0.0,1.0,0.0
1358.0,swap,0.26659909213401567,460.0,4.0,0.8696825154081753,3.0,2.0,0.0,1.0,0.0
1359.0,change,0.8684525127287878,461.0,5.0,0.8684525127287878,4.0,0.0,0.0,1.0,1.0
1360.0,add,0.402303554511182,461.0,5.0,0.8684525127287878,4.0,0.0,1.0,1.0,1.0
1361.0,delete,0.30230329150181523,461.0,5.0,0.8684525127287878,3.0,0.0,0.0,1.0,1.0
1362.0,swap,0.30230329150181523,461.0,5.0,0.8684525127287878,3.0,0.0,0.0,1.0,2.0
1363.0,delete,0.26552057028739123,462.0,4.0,0.7617763342663665,3.0,0.0,0.0,1.0,2.0
1364.0,add,0.8696825154081719,463.0,3.0,0.5941043860319194,4.0,0.0,0.0,1.0,1.0
1365.0,add,0.8696825154081719,464.0,4.0,0.8696825154081719,4.0,0.0,0.0,1.0,1.0
1366.0,add,0.8696825154081719,464.0,4.0,0.8696825154081719,4.0,0.0,0.0,1.0,2.0
1367.0,delete,0.8696825154081719,464.0,4.0,0.8696825154081719,4.0,0.0,0.0,1.0,0.0
1368.0,swap,0.26659909213401567,464.0,4.0,0.8696825154081719,3.0,1.0,0.0,1.0,1.0
1369.0,delete,0.8696825154081719,465.0,5.0,0.8696825154081719,4.0,0.0,0.0,1.0,0.0
1370.0,add,0.8696825154081719,465.0,5.0,0.8696825154081719,4.0,0.0,0.0,1.0,1.0
1371.0,delete,0.873597849947558,465.0,5.0,0.8696825154081719,4.0,0.0,0.0,0.0,0.0
1372.0,swap,0.10582470602917604,465.0,5.0,0.8696825154081719,3.0,0.0,1.0,1.0,0.0
1373.0,add,0.8696825154081719,466.0,4.0,0.8696825154081719,4.0,0.0,0.0,1.0,1.0
1374.0,add,0.8696825154081749,466.0,4.0,0.8696825154081719,4.0,1.0,0.0,1.0,1.0
1375.0,delete,0.3040764312848323,466.0,4.0,0.8696825154081719,3.0,0.0,0.0,1.0,1.0
1376.0,swap,0.873597849947558,466.0,4.0,0.8696825154081719,4.0,0.0,0.0,0.0,2.0
1377.0,add,0.7004331430067275,467.0,3.0,0.7573443654913816,4.0,0.0,1.0,1.0,0.0
1378.0,add,0.8696825154081719,468.0,5.0,0.873597849947558,4.0,0.0,0.0,1.0,2.0
1379.0,delete,0.3040764312848323,468.0,5.0,0.873597849947558,3.0,0.0,0.0,0.0,2.0
1380.0,swap,0.030888358980127466,468.0,5.0,0.873597849947558,3.0,0.0,1.0,0.0,2.0
1381.0,add,0.8696825154081719,469.0,3.0,0.6739027621942413,4.0,1.0,0.0,1.0,0.0
1382.0,add,0.8696825154081719,470.0,4.0,0.8696825154081719,4.0,1.0,0.0,1.0,0.0
1383.0,add,0.8696825154081719,470.0,4.0,0.8696825154081719,4.0,1.0,0.0,1.0,1.0
1384.0,delete,0.2665990921340155,470.0,4.0,0.8696825154081719,3.0,1.0,0.0,1.0,0.0
1385.0,swap,0.19333978279912348,470.0,4.0,0.8696825154081719,3.0,1.0,1.0,1.0,0.0
1386.0,add,0.8696825154081719,471.0,5.0,0.8696825154081719,4.0,0.0,0.0,1.0,2.0
1387.0,add,0.8645604557060138,471.0,5.0,0.8696825154081719,4.0,0.0,0.0,2.0,2.0
1388.0,delete,0.3040764312848323,471.0,5.0,0.8696825154081719,3.0,0.0,0.0,1.0,2.0
1389.0,swap,0.07697698592864127,471.0,5.0,0.8696825154081719,3.0,0.0,1.0,1.0,2.0
1390.0,delete,0.873597849947558,472.0,4.0,0.71769402044025,4.0,0.0,0.0,0.0,1.0
1391.0,add,0.873597849947558,473.0,5.0,0.873597849947558,4.0,1.0,0.0,0.0,1.0
1392.0,delete,0.08208499862389862,473.0,5.0,0.873597849947558,3.0,0.0,0.0,0.0,1.0
1393.0,swap,0.3040764312848323,473.0,5.0,0.873597849947558,3.0,0.0,0.0,0.0,2.0
1394.0,change,0.873597849947558,474.0,3.0,0.6484850390584852,4.0,1.0,0.0,0.0,0.0
1395.0,change,0.8735978499475604,475.0,4.0,0.873597849947558,4.0,1.0,0.0,0.0,0.0
1396.0,add,0.8735978499475604,475.0,4.0,0.873597849947558,4.0,2.0,0.0,0.0,0.0
1397.0,delete,0.873597849947558,475.0,4.0,0.873597849947558,4.0,0.0,0.0,0.0,0.0
1398.0,swap,0.3040764312848323,475.0,4.0,0.873597849947558,3.0,1.0,0.0,0.0,1.0
1399.0,change,0.873597849947558,476.0,2.0,0.6102047909356384,4.0,1.0,0.0,0.0,0.0
1400.0,change,0.873597849947558,477.0,3.0,0.873597849947558,4.0,1.0,0.0,0.0,0.0
1401.0,add,0.8684525127287882,477.0,3.0,0.873597849947558,4.0,1.0,0.0,1.0,0.0
1402.0,delete,0.873597849947558,477.0,3.0,0.873597849947558,4.0,0.0,0.0,0.0,0.0
1403.0,swap,0.20830793952249851,477.0,3.0,0.873597849947558,3.0,2.0,0.0,0.0,0.0
1404.0,add,0.2386652105014543,478.0,4.0,0.873597849947558,4.0,0.0,1.0,0.0,0.0
1405.0,delete,0.3040764312848323,478.0,4.0,0.873597849947558,3.0,0.0,0.0,0.0,0.0
1406.0,swap,0.11731916609425042,478.0,4.0,0.873597849947558,3.0,0.0,0.0,0.0,1.0
1407.0,add,0.873597849947558,479.0,4.0,0.873597849947558,4.0,0.0,0.0,0.0,2.0
1408.0,delete,0.3040764312848323,479.0,4.0,0.873597849947558,3.0,0.0,0.0,0.0,1.0
1409.0,swap,0.3040764312848323,479.0,4.0,0.873597849947558,3.0,0.0,0.0,0.0,2.0
1410.0,add,0.06931630060605765,480.0,3.0,0.06931630060605765,4.0,0.0,1.0,1.0,0.0
1411.0,add,0.06931630060605765,480.0,3.0,0.06931630060605765,4.0,0.0,1.0,1.0,1.0
1412.0,delete,0.02185674942132114,480.0,3.0,0.06931630060605765,3.0,0.0,1.0,1.0,0.0
1413.0,swap,0.03610481052510631,480.0,3.0,0.06931630060605765,4.0,0.0,2.0,0.0,0.0
1414.0,add,0.873597849947558,481.0,5.0,0.873597849947558,4.0,0.0,0.0,0.0,1.0
1415.0,delete,0.2677858814627575,481.0,5.0,0.873597849947558,3.0,0.0,0.0,0.0,0.0
1416.0,swap,0.2662086698628963,481.0,5.0,0.873597849947558,3.0,0.0,0.0,1.0,0.0
1417.0,add,0.8696825154081719,482.0,2.0,0.6279131863626536,4.0,0.0,0.0,1.0,1.0
1418.0,add,0.8696825154081719,483.0,3.0,0.8696825154081719,4.0,0.0,0.0,1.0,1.0
1419.0,add,0.5949724507290687,483.0,3.0,0.8696825154081719,4.0,0.0,1.0,1.0,1.0
1420.0,delete,0.26659909213401584,483.0,3.0,0.8696825154081719,3.0,0.0,0.0,1.0,1.0
1421.0,swap,0.02124430038403302,483.0,3.0,0.8696825154081719,3.0,1.0,0.0,1.0,1.0
1422.0,add,0.873597849947558,484.0,4.0,0.873597849947558,4.0,1.0,0.0,0.0,1.0
1423.0,add,0.8684525127287878,484.0,4.0,0.873597849947558,4.0,1.0,0.0,1.0,1.0
1424.0,delete,0.30407643128483264,484.0,4.0,0.873597849947558,3.0,1.0,0.0,0.0,1.0
1425.0,swap,0.31069147707610384,484.0,4.0,0.873597849947558,4.0,1.0,1.0,0.0,0.0
1426.0,add,0.2541478251770647,485.0,2.0,0.470027164867388,4.0,0.0,1.0,1.0,0.0
1427.0,add,0.873597849947558,486.0,4.0,0.7768484483968592,4.0,2.0,0.0,0.0,1.0
1428.0,add,0.873597849947558,487.0,5.0,0.873597849947558,4.0,2.0,0.0,0.0,1.0
1429.0,add,0.873597849947558,487.0,5.0,0.873597849947558,4.0,2.0,0.0,0.0,2.0
1430.0,delete,0.3040764312848323,487.0,5.0,0.873597849947558,3.0,2.0,0.0,0.0,1.0
1431.0,swap,0.11731916609425042,487.0,5.0,0.873597849947558,3.0,2.0,0.0,1.0,1.0
1432.0,delete,0.8684525127287878,488.0,6.0,0.8684525127287878,4.0,1.0,0.0,1.0,0.0
1433.0,add,0.8684525127287896,488.0,6.0,0.8684525127287878,4.0,2.0,0.0,1.0,0.0
1434.0,delete,0.8684525127287878,488.0,6.0,0.8684525127287878,4.0,0.0,0.0,1.0,0.0
1435.0,swap,0.021259435431245664,488.0,6.0,0.8684525127287878,3.0,1.0,1.0,1.0,0.0
1436.0,add,0.873597849947558,489.0,4.0,0.6823605973445472,4.0,1.0,0.0,0.0,2.0
1437.0,add,0.873597849947558,490.0,5.0,0.873597849947558,4.0,1.0,0.0,0.0,2.0
1438.0,add,0.8436074155828293,490.0,5.0,0.873597849947558,4.0,1.0,1.0,0.0,2.0
1439.0,delete,0.873597849947558,490.0,5.0,0.873597849947558,4.0,1.0,0.0,0.0,1.0
1440.0,swap,0.873597849947558,490.0,5.0,0.873597849947558,4.0,1.0,0.0,0.0,2.0
1441.0,delete,0.873597849947558,491.0,6.0,0.873597849947558,4.0,1.0,0.0,0.0,1.0
1442.0,add,0.8696825154081714,491.0,6.0,0.873597849947558,4.0,1.0,0.0,1.0,1.0
1443.0,delete,0.30407643128483264,491.0,6.0,0.873597849947558,3.0,1.0,0.0,0.0,1.0
1444.0,swap,0.3040764312848323,491.0,6.0,0.873597849947558,3.0,1.0,0.0,0.0,2.0
1445.0,add,0.873597849947558,492.0,6.0,0.873597849947558,4.0,1.0,0.0,0.0,2.0
1446.0,add,0.873597849947558,492.0,6.0,0.873597849947558,4.0,1.0,0.0,0.0,3.0
1447.0,delete,0.873597849947558,492.0,6.0,0.873597849947558,4.0,0.0,0.0,0.0,2.0
1448.0,swap,0.873597849947558,492.0,6.0,0.873597849947558,4.0,1.0,0.0,0.0,2.0
1449.0,change,0.873597849947558,493.0,3.0,0.6957304710224449,4.0,1.0,0.0,0.0,1.0
1450.0,change,0.873597849947558,494.0,4.0,0.873597849947558,4.0,1.0,0.0,0.0,1.0
1451.0,add,0.8684525127287892,494.0,4.0,0.873597849947558,4.0,1.0,0.0,1.0,1.0
1452.0,delete,0.873597849947558,494.0,4.0,0.873597849947558,4.0,1.0,0.0,0.0,0.0
1453.0,swap,0.11731916609425042,494.0,4.0,0.873597849947558,3.0,1.0,0.0,0.0,2.0
1454.0,change,0.873597849947558,495.0,4.0,0.873597849947558,4.0,1.0,0.0,0.0,1.0
1455.0,add,0.873597849947558,495.0,4.0,0.873597849947558,4.0,1.0,0.0,0.0,2.0
1456.0,delete,0.873597849947558,495.0,4.0,0.873597849947558,4.0,1.0,0.0,0.0,0.0
1457.0,swap,0.11731916609425042,495.0,4.0,0.873597849947558,3.0,1.0,0.0,0.0,2.0
1458.0,change,0.873597849947558,496.0,5.0,0.8735978499475581,4.0,1.0,0.0,0.0,2.0
1459.0,add,0.873597849947558,497.0,7.0,0.873597849947558,4.0,1.0,0.0,0.0,3.0
1460.0,add,0.873597849947558,497.0,7.0,0.873597849947558,4.0,2.0,0.0,0.0,3.0
1461.0,delete,0.873597849947558,497.0,7.0,0.873597849947558,4.0,0.0,0.0,0.0,3.0
1462.0,swap,0.06865128135496641,497.0,7.0,0.873597849947558,4.0,1.0,1.0,0.0,2.0
1463.0,add,0.843607415582832,498.0,6.0,0.8436074155828293,4.0,1.0,1.0,0.0,2.0
1464.0,add,0.07537024198272001,498.0,6.0,0.8436074155828293,4.0,1.0,2.0,0.0,2.0
1465.0,delete,0.873597849947558,498.0,6.0,0.8436074155828293,4.0,1.0,0.0,0.0,2.0
1466.0,swap,0.8053980967875819,498.0,6.0,0.8436074155828293,3.0,1.0,2.0,0.0,2.0
1467.0,add,0.873597849947558,499.0,7.0,0.873597849947558,4.0,0.0,0.0,0.0,3.0
1468.0,delete,0.3040764312848323,499.0,7.0,0.873597849947558,3.0,0.0,0.0,0.0,2.0
1469.0,swap,0.2677858814627575,499.0,7.0,0.873597849947558,3.0,1.0,0.0,0.0,2.0
1470.0,add,0.873597849947558,500.0,4.0,0.7011114936936765,4.0,1.0,0.0,0.0,2.0
1471.0,add,0.873597849947558,501.0,5.0,0.873597849947558,4.0,1.0,0.0,0.0,2.0
1472.0,add,0.873597849947558,501.0,5.0,0.873597849947558,4.0,1.0,0.0,0.0,3.0
1473.0,delete,0.11731916609425042,501.0,5.0,0.873597849947558,3.0,1.0,0.0,0.0,2.0
1474.0,swap,0.3040764312848323,501.0,5.0,0.873597849947558,3.0,1.0,0.0,1.0,2.0
1475.0,add,0.873597849947558,502.0,3.0,0.6457892824824677,4.0,2.0,0.0,0.0,1.0
1476.0,add,0.8735978499475575,503.0,4.0,0.873597849947558,4.0,2.0,0.0,0.0,1.0
1477.0,add,0.873597849947558,503.0,4.0,0.873597849947558,4.0,2.0,0.0,0.0,2.0
1478.0,delete,0.873597849947558,503.0,4.0,0.873597849947558,4.0,1.0,0.0,0.0,1.0
1479.0,swap,0.24705647084355783,503.0,4.0,0.873597849947558,3.0,3.0,0.0,0.0,1.0
1480.0,delete,0.873597849947558,504.0,5.0,0.873597849947558,4.0,1.0,0.0,0.0,1.0
1481.0,add,0.8651596335504921,504.0,5.0,0.873597849947558,4.0,1.0,1.0,0.0,1.0
1482.0,delete,0.873597849947558,504.0,5.0,0.873597849947558,4.0,1.0,0.0,0.0,0.0
1483.0,swap,0.5529493186145634,504.0,5.0,0.873597849947558,3.0,1.0,1.0,0.0,1.0
1484.0,add,0.873597849947558,505.0,3.0,0.7239784953647357,4.0,1.0,0.0,0.0,2.0
1485.0,add,0.873597849947558,506.0,4.0,0.873597849947558,4.0,1.0,0.0,0.0,2.0
1486.0,add,0.8696825154081763,506.0,4.0,0.873597849947558,4.0,1.0,0.0,1.0,2.0
1487.0,delete,0.2677858814627575,506.0,4.0,0.873597849947558,3.0,1.0,0.0,0.0,2.0
1488.0,swap,0.873597849947558,506.0,4.0,0.873597849947558,4.0,1.0,0.0,0.0,2.0
1489.0,add,0.873597849947558,507.0,5.0,0.8735978499475575,4.0,2.0,0.0,0.0,1.0
1490.0,add,0.8735978499475575,507.0,5.0,0.8735978499475575,4.0,3.0,0.0,0.0,1.0
1491.0,delete,0.873597849947558,507.0,5.0,0.8735978499475575,4.0,1.0,0.0,0.0,1.0
1492.0,swap,0.0962945802402347,507.0,5.0,0.8735978499475575,3.0,2.0,1.0,0.0,1.0
1493.0,delete,0.30407643128483264,508.0,4.0,0.8077805004015458,3.0,2.0,0.0,0.0,1.0
1494.0,delete,0.873597849947558,509.0,6.0,0.873597849947558,4.0,1.0,0.0,0.0,1.0
1495.0,add,0.8735802636381265,509.0,6.0,0.873597849947558,4.0,1.0,1.0,0.0,1.0
1496.0,delete,0.30407643128483264,509.0,6.0,0.873597849947558,3.0,1.0,0.0,0.0,1.0
1497.0,swap,0.07682020087379669,509.0,6.0,0.873597849947558,3.0,1.0,1.0,0.0,1.0
1498.0,delete,0.873597849947558,510.0,5.0,0.873597849947558,4.0,1.0,0.0,0.0,0.0
1499.0,add,0.8696825154081753,510.0,5.0,0.873597849947558,4.0,1.0,0.0,1.0,0.0
1500.0,delete,0.3040764312848323,510.0,5.0,0.873597849947558,3.0,1.0,0.0,0.0,0.0
1501.0,swap,0.13516483030730342,510.0,5.0,0.873597849947558,4.0,0.0,1.0,0.0,0.0
1502.0,add,0.873597849947558,511.0,5.0,0.873597849947558,4.0,2.0,0.0,0.0,2.0
1503.0,add,0.8735978499475575,511.0,5.0,0.873597849947558,4.0,3.0,0.0,0.0,2.0
1504.0,delete,0.2677858814627581,511.0,5.0,0.873597849947558,3.0,2.0,0.0,0.0,2.0
1505.0,swap,0.11731916609425042,511.0,5.0,0.873597849947558,3.0,2.0,0.0,0.0,3.0
1506.0,delete,0.873597849947558,512.0,5.0,0.873597849947558,4.0,1.0,0.0,0.0,0.0
1507.0,add,0.873597849947558,512.0,5.0,0.873597849947558,4.0,2.0,0.0,0.0,0.0
1508.0,delete,0.3040764312848323,512.0,5.0,0.873597849947558,3.0,1.0,0.0,0.0,0.0
1509.0,swap,0.11731916609425042,512.0,5.0,0.873597849947558,3.0,1.0,0.0,0.0,1.0
1510.0,add,0.873597849947558,513.0,5.0,0.873597849947558,4.0,1.0,0.0,0.0,2.0
1511.0,add,0.8696825154081753,513.0,5.0,0.873597849947558,4.0,1.0,0.0,1.0,2.0
1512.0,delete,0.3040764312848323,513.0,5.0,0.873597849947558,3.0,1.0,0.0,0.0,2.0
1513.0,swap,0.873597849947558,513.0,5.0,0.873597849947558,4.0,2.0,0.0,0.0,1.0
1514.0,add,0.873597849947558,514.0,3.0,0.6294714762727172,4.0,0.0,0.0,0.0,3.0
1515.0,add,0.873597849947558,515.0,4.0,0.873597849947558,4.0,0.0,0.0,0.0,4.0
1516.0,delete,0.3040764312848323,515.0,4.0,0.873597849947558,3.0,0.0,0.0,0.0,3.0
1517.0,swap,0.1660739598874194,515.0,4.0,0.873597849947558,4.0,0.0,1.0,0.0,2.0
1518.0,change,0.873597849947558,516.0,4.0,0.6149628586968863,4.0,1.0,0.0,0.0,1.0
1519.0,change,0.8735978499475604,517.0,5.0,0.873597849947558,4.0,1.0,0.0,0.0,1.0
1520.0,add,0.09309618348005198,517.0,5.0,0.873597849947558,4.0,1.0,1.0,0.0,1.0
1521.0,delete,0.873597849947558,517.0,5.0,0.873597849947558,4.0,0.0,0.0,0.0,1.0
1522.0,swap,0.873597849947558,517.0,5.0,0.873597849947558,4.0,1.0,0.0,0.0,1.0
1523.0,add,0.873597849947558,518.0,6.0,0.873597849947558,4.0,0.0,0.0,0.0,2.0
1524.0,delete,0.873597849947558,518.0,6.0,0.873597849947558,4.0,0.0,0.0,0.0,0.0
1525.0,swap,0.3040764312848323,518.0,6.0,0.873597849947558,3.0,0.0,0.0,0.0,2.0
1526.0,change,0.873597849947558,519.0,4.0,0.670274923687282,4.0,1.0,0.0,0.0,1.0
1527.0,add,0.873597849947558,520.0,1.0,0.6095845636150832,4.0,0.0,0.0,0.0,1.0
1528.0,add,0.8063861558439437,521.0,2.0,0.873597849947558,4.0,0.0,1.0,0.0,1.0
1529.0,delete,0.873597849947558,521.0,2.0,0.873597849947558,4.0,0.0,0.0,0.0,0.0
1530.0,swap,0.26622721585628073,521.0,2.0,0.873597849947558,3.0,0.0,0.0,1.0,1.0
1531.0,add,0.2162841042380406,522.0,3.0,0.873597849947558,4.0,0.0,1.0,0.0,0.0
1532.0,delete,0.2677858814627575,522.0,3.0,0.873597849947558,3.0,0.0,0.0,0.0,0.0
1533.0,swap,0.3040764312848323,522.0,3.0,0.873597849947558,3.0,0.0,0.0,0.0,1.0
1534.0,change,0.873597849947558,523.0,5.0,0.873597849947558,4.0,1.0,0.0,0.0,1.0
1535.0,add,0.8684525127287878,523.0,5.0,0.873597849947558,4.0,1.0,0.0,1.0,1.0
1536.0,delete,0.873597849947558,523.0,5.0,0.873597849947558,4.0,1.0,0.0,0.0,0.0
1537.0,swap,0.8735978499475604,523.0,5.0,0.873597849947558,4.0,2.0,0.0,0.0,0.0
1538.0,change,0.8735978499475604,524.0,6.0,0.873597849947558,4.0,1.0,0.0,0.0,1.0
1539.0,add,0.873597849947558,524.0,6.0,0.873597849947558,4.0,1.0,0.0,0.0,2.0
1540.0,delete,0.11731916609425042,524.0,6.0,0.873597849947558,3.0,1.0,0.0,0.0,1.0
1541.0,swap,0.3040764312848323,524.0,6.0,0.873597849947558,3.0,1.0,0.0,1.0,1.0
1542.0,add,0.8684525127287878,525.0,6.0,0.8684525127287878,4.0,1.0,0.0,1.0,1.0
1543.0,add,0.09422973829659992,525.0,6.0,0.8684525127287878,4.0,1.0,1.0,1.0,1.0
1544.0,delete,0.3023032915018157,525.0,6.0,0.8684525127287878,3.0,1.0,0.0,1.0,1.0
1545.0,swap,0.873597849947558,525.0,6.0,0.8684525127287878,4.0,1.0,0.0,0.0,2.0
1546.0,add,0.8684525127287878,526.0,6.0,0.8684525127287896,4.0,1.0,0.0,1.0,1.0
1547.0,add,0.8684525127287896,526.0,6.0,0.8684525127287896,4.0,2.0,0.0,1.0,1.0
1548.0,delete,0.2677858814627575,526.0,6.0,0.8684525127287896,3.0,1.0,0.0,1.0,1.0
1549.0,swap,0.2677858814627581,526.0,6.0,0.8684525127287896,3.0,2.0,0.0,1.0,1.0
1550.0,change,0.873597849947558,527.0,4.0,0.7589104993071363,4.0,1.0,0.0,0.0,2.0
1551.0,change,0.873597849947558,528.0,5.0,0.873597849947558,4.0,1.0,0.0,0.0,2.0
1552.0,add,0.4122571343888741,528.0,5.0,0.873597849947558,4.0,1.0,1.0,0.0,2.0
1553.0,delete,0.3040764312848323,528.0,5.0,0.873597849947558,3.0,1.0,0.0,0.0,2.0
1554.0,swap,0.873597849947558,528.0,5.0,0.873597849947558,4.0,1.0,0.0,0.0,2.0
1555.0,add,0.8696825154081719,529.0,4.0,0.8696825154081719,4.0,0.0,0.0,1.0,1.0
1556.0,add,0.8696825154081729,529.0,4.0,0.8696825154081719,4.0,1.0,0.0,1.0,1.0
1557.0,delete,0.11719131559423906,529.0,4.0,0.8696825154081719,3.0,0.0,0.0,1.0,1.0
1558.0,swap,0.26541783293582805,529.0,4.0,0.8696825154081719,3.0,0.0,0.0,2.0,1.0
1559.0,swap,0.873597849947558,530.0,6.0,0.873597849947558,4.0,2.0,0.0,0.0,1.0
1560.0,add,0.873597849947558,530.0,6.0,0.873597849947558,4.0,2.0,0.0,0.0,2.0
1561.0,delete,0.3040764312848323,530.0,6.0,0.873597849947558,3.0,2.0,0.0,0.0,1.0
1562.0,swap,0.25579066950549706,530.0,6.0,0.873597849947558,3.0,3.0,0.0,0.0,1.0
1563.0,add,0.873597849947558,531.0,3.0,0.5888371406161952,4.0,1.0,0.0,0.0,0.0
1564.0,add,0.873597849947558,532.0,4.0,0.873597849947558,4.0,1.0,0.0,0.0,0.0
1565.0,add,0.8696825154081753,532.0,4.0,0.873597849947558,4.0,1.0,0.0,1.0,0.0
1566.0,delete,0.2677858814627575,532.0,4.0,0.873597849947558,3.0,1.0,0.0,0.0,0.0
1567.0,swap,0.2662086698628965,532.0,4.0,0.873597849947558,3.0,1.0,0.0,1.0,0.0
1568.0,delete,0.3040764312848323,533.0,2.0,0.5579431587541124,3.0,0.0,0.0,1.0,0.0
1569.0,change,0.873597849947558,534.0,5.0,0.7212686225829334,4.0,1.0,0.0,0.0,2.0
1570.0,change,0.873597849947558,535.0,6.0,0.873597849947558,4.0,1.0,0.0,0.0,2.0
1571.0,add,0.873597849947558,535.0,6.0,0.873597849947558,4.0,1.0,0.0,0.0,3.0
1572.0,delete,0.873597849947558,535.0,6.0,0.873597849947558,4.0,0.0,0.0,0.0,2.0
1573.0,swap,0.2665990921340155,535.0,6.0,0.873597849947558,3.0,1.0,0.0,1.0,2.0
1574.0,delete,0.873597849947558,536.0,5.0,0.873597849947558,4.0,1.0,0.0,0.0,0.0
1575.0,add,0.873597849947558,536.0,5.0,0.873597849947558,4.0,2.0,0.0,0.0,0.0
1576.0,delete,0.2677858814627575,536.0,5.0,0.873597849947558,3.0,1.0,0.0,0.0,0.0
1577.0,swap,0.13930151781696426,536.0,5.0,0.873597849947558,3.0,1.0,1.0,0.0,0.0
1578.0,add,0.873597849947558,537.0,5.0,0.873597849947558,4.0,1.0,0.0,0.0,2.0
1579.0,add,0.10354934393462534,537.0,5.0,0.873597849947558,4.0,1.0,1.0,0.0,2.0
1580.0,delete,0.873597849947558,537.0,5.0,0.873597849947558,4.0,1.0,0.0,0.0,1.0
1581.0,swap,0.873597849947558,537.0,5.0,0.873597849947558,4.0,1.0,0.0,0.0,2.0
1582.0,change,0.873597849947558,538.0,4.0,0.7195881487449715,4.0,1.0,0.0,0.0,2.0
1583.0,change,0.873597849947558,539.0,5.0,0.873597849947558,4.0,1.0,0.0,0.0,2.0
1584.0,add,0.873597849947558,539.0,5.0,0.873597849947558,4.0,2.0,0.0,0.0,2.0
1585.0,delete,0.11731916609425042,539.0,5.0,0.873597849947558,3.0,1.0,0.0,0.0,2.0
1586.0,swap,0.873597849947558,539.0,5.0,0.873597849947558,4.0,2.0,0.0,0.0,1.0
1587.0,add,0.8684525127287892,540.0,3.0,0.6710135218547773,4.0,1.0,0.0,1.0,1.0
1588.0,add,0.8684525127287892,541.0,4.0,0.8684525127287892,4.0,1.0,0.0,1.0,1.0
1589.0,add,0.8684525127287878,541.0,4.0,0.8684525127287892,4.0,2.0,0.0,1.0,1.0
1590.0,delete,0.2662086698628965,541.0,4.0,0.8684525127287892,3.0,1.0,0.0,1.0,1.0
1591.0,swap,0.2662086698628965,541.0,4.0,0.8684525127287892,3.0,1.0,0.0,1.0,2.0
1592.0,change,0.873597849947558,542.0,3.0,0.6685461254765134,4.0,1.0,0.0,0.0,1.0
1593.0,change,0.873597849947558,543.0,4.0,0.873597849947558,4.0,1.0,0.0,0.0,1.0
1594.0,add,0.08358535362900031,543.0,4.0,0.873597849947558,4.0,1.0,1.0,0.0,1.0
1595.0,delete,0.30407643128483264,543.0,4.0,0.873597849947558,3.0,1.0,0.0,0.0,1.0
1596.0,swap,0.2881264782851903,543.0,4.0,0.873597849947558,3.0,1.0,1.0,0.0,1.0
1597.0,add,0.873597849947558,544.0,2.0,0.6341693558121945,4.0,1.0,0.0,0.0,1.0
1598.0,add,0.873597849947558,545.0,3.0,0.873597849947558,4.0,1.0,0.0,0.0,1.0
1599.0,add,0.873597849947558,545.0,3.0,0.873597849947558,4.0,1.0,0.0,0.0,2.0
1600.0,delete,0.873597849947558,545.0,3.0,0.873597849947558,4.0,0.0,0.0,0.0,1.0
1601.0,swap,0.873597849947558,545.0,3.0,0.873597849947558,4.0,1.0,0.0,0.0,1.0
1602.0,add,0.873597849947558,546.0,4.0,0.873597849947558,4.0,1.0,0.0,0.0,2.0
1603.0,add,0.873597849947558,546.0,4.0,0.873597849947558,4.0,1.0,0.0,0.0,3.0
1604.0,delete,0.2677858814627575,546.0,4.0,0.873597849947558,3.0,1.0,0.0,0.0,2.0
1605.0,swap,0.2677858814627575,546.0,4.0,0.873597849947558,3.0,2.0,0.0,0.0,2.0
1606.0,add,0.873597849947558,547.0,4.0,0.873597849947558,4.0,1.0,0.0,0.0,1.0
1607.0,add,0.873597849947558,547.0,4.0,0.873597849947558,4.0,1.0,0.0,0.0,2.0
1608.0,delete,0.873597849947558,547.0,4.0,0.873597849947558,4.0,0.0,0.0,0.0,1.0
1609.0,swap,0.0342989166645149,547.0,4.0,0.873597849947558,3.0,1.0,0.0,0.0,2.0
1610.0,add,0.873597849947558,548.0,4.0,0.873597849947558,4.0,0.0,0.0,0.0,2.0
1611.0,delete,0.3040764312848323,548.0,4.0,0.873597849947558,3.0,0.0,0.0,0.0,1.0
1612.0,swap,0.02681346149499719,548.0,4.0,0.873597849947558,3.0,0.0,1.0,0.0,1.0
1613.0,add,0.873597849947558,549.0,5.0,0.873597849947558,4.0,1.0,0.0,0.0,0.0
1614.0,add,0.8660275246488138,549.0,5.0,0.873597849947558,4.0,1.0,1.0,0.0,0.0
1615.0,delete,0.3040764312848323,549.0,5.0,0.873597849947558,3.0,1.0,0.0,0.0,0.0
1616.0,swap,0.2677858814627575,549.0,5.0,0.873597849947558,3.0,1.0,0.0,1.0,0.0
1617.0,swap,0.873597849947558,550.0,5.0,0.873597849947558,4.0,1.0,0.0,0.0,1.0
1618.0,add,0.15168852509827538,550.0,5.0,0.873597849947558,4.0,1.0,1.0,0.0,1.0
1619.0,delete,0.2677858814627581,550.0,5.0,0.873597849947558,3.0,1.0,0.0,0.0,1.0
1620.0,swap,0.13157464290182722,550.0,5.0,0.873597849947558,3.0,1.0,1.0,0.0,1.0
1621.0,add,0.8684525127287892,551.0,6.0,0.8684525127287878,4.0,1.0,0.0,1.0,1.0
1622.0,add,0.866164230387068,551.0,6.0,0.8684525127287878,4.0,1.0,0.0,1.0,2.0
1623.0,delete,0.30230329150181545,551.0,6.0,0.8684525127287878,3.0,1.0,0.0,1.0,1.0
1624.0,swap,0.04952132899764423,551.0,6.0,0.8684525127287878,3.0,1.0,1.0,1.0,1.0
1625.0,change,0.8696825154081719,552.0,4.0,0.6254842424612808,4.0,0.0,0.0,1.0,0.0
1626.0,change,0.8696825154081719,553.0,5.0,0.8696825154081719,4.0,0.0,0.0,1.0,0.0
1627.0,add,0.8696825154081719,553.0,5.0,0.8696825154081719,4.0,0.0,0.0,1.0,1.0
1628.0,delete,0.26659909213401567,553.0,5.0,0.8696825154081719,3.0,0.0,0.0,1.0,0.0
1629.0,swap,0.1911161697791036,553.0,5.0,0.8696825154081719,3.0,0.0,1.0,1.0,0.0
1630.0,add,0.8684525127287878,554.0,5.0,0.8684525127287878,4.0,0.0,0.0,1.0,2.0
1631.0,add,0.8684525127287878,554.0,5.0,0.8684525127287878,4.0,0.0,0.0,1.0,3.0
1632.0,delete,0.8684525127287878,554.0,5.0,0.8684525127287878,4.0,0.0,0.0,1.0,1.0
1633.0,swap,0.08208499862389862,554.0,5.0,0.8684525127287878,3.0,0.0,0.0,2.0,2.0
1634.0,add,0.8633374806385117,555.0,4.0,0.7111790099078099,4.0,0.0,0.0,2.0,1.0
1635.0,add,0.8633374806385117,556.0,5.0,0.8633374806385117,4.0,0.0,0.0,2.0,1.0
1636.0,add,0.8482224987646151,556.0,5.0,0.8633374806385117,4.0,0.0,0.0,3.0,1.0
1637.0,delete,0.8633374806385117,556.0,5.0,0.8633374806385117,4.0,0.0,0.0,2.0,0.0
1638.0,swap,0.2650289370000912,556.0,5.0,0.8633374806385117,3.0,0.0,0.0,3.0,1.0
1639.0,delete,0.8633374806385117,557.0,6.0,0.8633374806385117,4.0,0.0,0.0,2.0,0.0
1640.0,add,0.19697618365696712,557.0,6.0,0.8633374806385117,4.0,0.0,1.0,2.0,0.0
1641.0,delete,0.3005404913057133,557.0,6.0,0.8633374806385117,3.0,0.0,0.0,2.0,0.0
1642.0,swap,0.2662086698628963,557.0,6.0,0.8633374806385117,3.0,0.0,0.0,2.0,1.0
1643.0,add,0.8696825154081719,558.0,4.0,0.7199258793992166,4.0,1.0,0.0,1.0,0.0
1644.0,add,0.8696825154081719,559.0,5.0,0.8696825154081719,4.0,1.0,0.0,1.0,0.0
1645.0,add,0.8696825154081719,559.0,5.0,0.8696825154081719,4.0,1.0,0.0,1.0,1.0
1646.0,delete,0.2665990921340155,559.0,5.0,0.8696825154081719,3.0,1.0,0.0,1.0,0.0
1647.0,swap,0.26659909213401595,559.0,5.0,0.8696825154081719,3.0,2.0,0.0,1.0,0.0
1648.0,add,0.8684525127287878,560.0,4.0,0.8684525127287878,4.0,0.0,0.0,1.0,2.0
1649.0,add,0.866164230387068,560.0,4.0,0.8684525127287878,4.0,0.0,0.0,1.0,3.0
1650.0,delete,0.30230329150181523,560.0,4.0,0.8684525127287878,3.0,0.0,0.0,1.0,2.0
1651.0,swap,0.8696825154081719,560.0,4.0,0.8684525127287878,4.0,0.0,0.0,1.0,2.0
1652.0,add,0.22534282807155237,561.0,3.0,0.7550110125509262,4.0,0.0,1.0,0.0,2.0
1653.0,swap,0.8696825154081719,562.0,5.0,0.8696825154081719,4.0,0.0,0.0,1.0,2.0
1654.0,add,0.8696825154081729,562.0,5.0,0.8696825154081719,4.0,1.0,0.0,1.0,2.0
1655.0,delete,0.30276636134333024,562.0,5.0,0.8696825154081719,3.0,0.0,0.0,1.0,2.0
1656.0,swap,0.030938478166772834,562.0,5.0,0.8696825154081719,3.0,1.0,0.0,1.0,2.0
1657.0,add,0.873597849947558,563.0,7.0,0.873597849947558,4.0,1.0,0.0,0.0,1.0
1658.0,add,0.873597849947558,563.0,7.0,0.873597849947558,4.0,1.0,0.0,0.0,2.0
1659.0,delete,0.30407643128483247,563.0,7.0,0.873597849947558,3.0,1.0,0.0,0.0,1.0
1660.0,swap,0.873597849947558,563.0,7.0,0.873597849947558,4.0,1.0,0.0,0.0,1.0
1661.0,change,0.873597849947558,564.0,5.0,0.7122158954107409,4.0,1.0,0.0,0.0,1.0
1662.0,change,0.873597849947558,565.0,6.0,0.873597849947558,4.0,1.0,0.0,0.0,1.0
1663.0,add,0.873597849947558,565.0,6.0,0.873597849947558,4.0,2.0,0.0,0.0,1.0
1664.0,delete,0.08208499862389862,565.0,6.0,0.873597849947558,3.0,1.0,0.0,0.0,1.0
1665.0,swap,0.2677858814627575,565.0,6.0,0.873597849947558,3.0,2.0,0.0,0.0,1.0
1666.0,add,0.14639516186465773,566.0,3.0,0.6013622320336682,4.0,0.0,1.0,0.0,0.0
1667.0,change,0.873597849947558,567.0,6.0,0.7596935662150128,4.0,1.0,0.0,0.0,1.0
1668.0,change,0.873597849947558,568.0,7.0,0.873597849947558,4.0,1.0,0.0,0.0,1.0
1669.0,add,0.873597849947558,568.0,7.0,0.873597849947558,4.0,2.0,0.0,0.0,1.0
1670.0,delete,0.873597849947558,568.0,7.0,0.873597849947558,4.0,0.0,0.0,0.0,1.0
1671.0,swap,0.04649052622768067,568.0,7.0,0.873597849947558,3.0,1.0,1.0,0.0,1.0
1672.0,add,0.7746511637319807,569.0,3.0,0.8063861558439437,4.0,0.0,1.0,0.0,1.0
1673.0,add,0.8063861558439437,569.0,3.0,0.8063861558439437,4.0,0.0,1.0,0.0,2.0
1674.0,delete,0.4886398972453572,569.0,3.0,0.8063861558439437,3.0,0.0,1.0,0.0,1.0
1675.0,swap,0.24740464812035684,569.0,3.0,0.8063861558439437,3.0,0.0,1.0,0.0,2.0
1676.0,change,0.873597849947558,570.0,4.0,0.6733166723709713,4.0,1.0,0.0,0.0,1.0
1677.0,change,0.873597849947558,571.0,5.0,0.873597849947558,4.0,1.0,0.0,0.0,1.0
1678.0,add,0.873597849947558,571.0,5.0,0.873597849947558,4.0,1.0,0.0,0.0,2.0
1679.0,delete,0.3040764312848323,571.0,5.0,0.873597849947558,3.0,1.0,0.0,0.0,1.0
1680.0,swap,0.09499505352731957,571.0,5.0,0.873597849947558,4.0,0.0,1.0,0.0,1.0
1681.0,add,0.873597849947558,572.0,5.0,0.873597849947558,4.0,1.0,0.0,0.0,1.0
1682.0,add,0.10836073235947072,572.0,5.0,0.873597849947558,4.0,1.0,1.0,0.0,1.0
1683.0,delete,0.873597849947558,572.0,5.0,0.873597849947558,4.0,0.0,0.0,0.0,1.0
1684.0,swap,0.8664154592709372,572.0,5.0,0.873597849947558,4.0,1.0,1.0,0.0,0.0
1685.0,delete,0.873597849947558,573.0,6.0,0.873597849947558,4.0,1.0,0.0,0.0,0.0
1686.0,add,0.873597849947558,573.0,6.0,0.873597849947558,4.0,1.0,0.0,0.0,1.0
1687.0,delete,0.3040764312848323,573.0,6.0,0.873597849947558,3.0,1.0,0.0,0.0,0.0
1688.0,swap,0.17731070443445593,573.0,6.0,0.873597849947558,4.0,0.0,1.0,0.0,0.0
1689.0,change,0.873597849947558,574.0,4.0,0.6461764081952623,4.0,1.0,0.0,0.0,0.0
1690.0,change,0.873597849947558,575.0,5.0,0.873597849947558,4.0,1.0,0.0,0.0,0.0
1691.0,add,0.8632598178095128,575.0,5.0,0.873597849947558,4.0,1.0,1.0,0.0,0.0
1692.0,delete,0.2677858814627581,575.0,5.0,0.873597849947558,3.0,1.0,0.0,0.0,0.0
1693.0,swap,0.3040685102810091,575.0,5.0,0.873597849947558,3.0,1.0,1.0,0.0,0.0
1694.0,add,0.873597849947558,576.0,2.0,0.4322431307052798,4.0,1.0,0.0,0.0,1.0
1695.0,add,0.8735978499475604,577.0,3.0,0.873597849947558,4.0,1.0,0.0,0.0,1.0
1696.0,add,0.873597849947558,577.0,3.0,0.873597849947558,4.0,2.0,0.0,0.0,1.0
1697.0,delete,0.873597849947558,577.0,3.0,0.873597849947558,4.0,0.0,0.0,0.0,1.0
1698.0,swap,0.873597849947558,577.0,3.0,0.873597849947558,4.0,2.0,0.0,0.0,0.0
1699.0,add,0.873597849947558,578.0,4.0,0.873597849947558,4.0,2.0,0.0,0.0,1.0
1700.0,add,0.8684525127287878,578.0,4.0,0.873597849947558,4.0,2.0,0.0,1.0,1.0
1701.0,delete,0.1721723516748124,578.0,4.0,0.873597849947558,3.0,2.0,0.0,0.0,1.0
1702.0,swap,0.2662086698628966,578.0,4.0,0.873597849947558,3.0,2.0,0.0,1.0,1.0
1703.0,add,0.873597849947558,579.0,2.0,0.6221168776770175,4.0,1.0,0.0,0.0,1.0
1704.0,add,0.873597849947558,580.0,3.0,0.873597849947558,4.0,1.0,0.0,0.0,1.0
1705.0,add,0.873597849947558,580.0,3.0,0.873597849947558,4.0,1.0,0.0,0.0,2.0
1706.0,delete,0.08208499862389865,580.0,3.0,0.873597849947558,3.0,1.0,0.0,0.0,1.0
1707.0,swap,0.24040317009848094,580.0,3.0,0.873597849947558,3.0,2.0,0.0,0.0,1.0
1708.0,add,0.873597849947558,581.0,2.0,0.6246936041571164,4.0,0.0,0.0,0.0,2.0
1709.0,add,0.873597849947558,582.0,3.0,0.873597849947558,4.0,1.0,0.0,0.0,2.0
1710.0,delete,0.873597849947558,582.0,3.0,0.873597849947558,4.0,0.0,0.0,0.0,1.0
1711.0,swap,0.10244079228596936,582.0,3.0,0.873597849947558,3.0,0.0,1.0,0.0,2.0
1712.0,add,0.873597849947558,583.0,4.0,0.873597849947558,4.0,0.0,0.0,0.0,2.0
1713.0,delete,0.3040764312848323,583.0,4.0,0.873597849947558,3.0,0.0,0.0,0.0,1.0
1714.0,swap,0.6324015651609233,583.0,4.0,0.873597849947558,3.0,0.0,1.0,0.0,1.0
1715.0,add,0.873597849947558,584.0,4.0,0.8735978499475604,4.0,1.0,0.0,0.0,1.0
1716.0,add,0.37076374817284485,584.0,4.0,0.8735978499475604,4.0,1.0,1.0,0.0,1.0
1717.0,delete,0.2677858814627581,584.0,4.0,0.8735978499475604,3.0,1.0,0.0,0.0,1.0
1718.0,swap,0.2662272158562806,584.0,4.0,0.8735978499475604,3.0,1.0,0.0,1.0,1.0
1719.0,add,0.873597849947558,585.0,2.0,0.6380648507756282,4.0,0.0,0.0,0.0,2.0
1720.0,add,0.873597849947558,586.0,3.0,0.873597849947558,4.0,1.0,0.0,0.0,2.0
1721.0,delete,0.3040764312848323,586.0,3.0,0.873597849947558,3.0,0.0,0.0,0.0,2.0
1722.0,swap,0.8696825154081719,586.0,3.0,0.873597849947558,4.0,0.0,0.0,1.0,1.0
1723.0,swap,0.8696825154081719,587.0,4.0,0.8696825154081719,4.0,0.0,0.0,1.0,1.0
1724.0,add,0.8696825154081739,587.0,4.0,0.8696825154081719,4.0,1.0,0.0,1.0,1.0
1725.0,delete,0.8696825154081719,587.0,4.0,0.8696825154081719,4.0,0.0,0.0,1.0,0.0
1726.0,swap,0.26659909213401584,587.0,4.0,0.8696825154081719,3.0,1.0,0.0,1.0,1.0
1727.0,swap,0.7046677463256186,588.0,3.0,0.749065830753341,4.0,0.0,1.0,0.0,1.0
1728.0,delete,0.8696825154081719,589.0,5.0,0.8696825154081719,4.0,0.0,0.0,1.0,0.0
1729.0,add,0.8696825154081719,589.0,5.0,0.8696825154081719,4.0,0.0,0.0,1.0,1.0
1730.0,delete,0.3040764312848323,589.0,5.0,0.8696825154081719,3.0,0.0,0.0,1.0,0.0
1731.0,swap,0.26541783293582805,589.0,5.0,0.8696825154081719,3.0,0.0,0.0,2.0,0.0
1732.0,add,0.873597849947558,590.0,4.0,0.873597849947558,4.0,1.0,0.0,0.0,2.0
1733.0,add,0.873597849947558,590.0,4.0,0.873597849947558,4.0,1.0,0.0,0.0,3.0
1734.0,delete,0.873597849947558,590.0,4.0,0.873597849947558,4.0,1.0,0.0,0.0,1.0
1735.0,swap,0.8728389419353565,590.0,4.0,0.873597849947558,3.0,1.0,1.0,0.0,2.0
1736.0,add,0.873597849947558,591.0,3.0,0.8734460683451177,4.0,0.0,0.0,0.0,3.0
1737.0,add,0.873597849947558,592.0,5.0,0.873597849947558,4.0,1.0,0.0,0.0,3.0
1738.0,add,0.8696825154081719,592.0,5.0,0.873597849947558,4.0,1.0,0.0,1.0,3.0
1739.0,delete,0.3040764312848323,592.0,5.0,0.873597849947558,3.0,1.0,0.0,0.0,3.0
1740.0,swap,0.873597849947558,592.0,5.0,0.873597849947558,4.0,1.0,0.0,0.0,3.0
1741.0,add,0.873597849947558,593.0,5.0,0.873597849947558,4.0,1.0,0.0,0.0,2.0
1742.0,add,0.873597849947558,593.0,5.0,0.873597849947558,4.0,2.0,0.0,0.0,2.0
1743.0,delete,0.873597849947558,593.0,5.0,0.873597849947558,4.0,1.0,0.0,0.0,1.0
1744.0,swap,0.8735978499475604,593.0,5.0,0.873597849947558,4.0,1.0,0.0,0.0,2.0
1745.0,add,0.8696825154081719,594.0,3.0,0.8325838741465358,4.0,0.0,0.0,1.0,2.0
1746.0,add,0.873597849947558,595.0,2.0,0.7210042420289471,4.0,0.0,0.0,0.0,2.0
1747.0,add,0.873597849947558,596.0,3.0,0.873597849947558,4.0,0.0,0.0,0.0,3.0
1748.0,delete,0.873597849947558,596.0,3.0,0.873597849947558,4.0,0.0,0.0,0.0,1.0
1749.0,swap,0.13946710394371314,596.0,3.0,0.873597849947558,3.0,0.0,1.0,0.0,2.0
1750.0,add,0.8696825154081719,597.0,4.0,0.8696825154081719,4.0,0.0,0.0,1.0,2.0
1751.0,add,0.8696825154081753,597.0,4.0,0.8696825154081719,4.0,1.0,0.0,1.0,2.0
1752.0,delete,0.26659909213401567,597.0,4.0,0.8696825154081719,3.0,0.0,0.0,1.0,2.0
1753.0,swap,0.8696825154081768,597.0,4.0,0.8696825154081719,4.0,1.0,0.0,1.0,1.0
1754.0,change,0.873597849947558,598.0,4.0,0.8735978499475584,4.0,1.0,0.0,0.0,2.0
1755.0,add,0.873597849947558,599.0,6.0,0.873597849947558,4.0,2.0,0.0,0.0,2.0
1756.0,add,0.873597849947558,599.0,6.0,0.873597849947558,4.0,2.0,0.0,0.0,3.0
1757.0,delete,0.2677858814627575,599.0,6.0,0.873597849947558,3.0,2.0,0.0,0.0,2.0
1758.0,swap,0.08208499862389872,599.0,6.0,0.873597849947558,3.0,3.0,0.0,0.0,2.0
1759.0,add,0.8735978499475604,600.0,4.0,0.7589104993071356,4.0,2.0,0.0,0.0,2.0
1760.0,add,0.873597849947558,601.0,5.0,0.8735978499475604,4.0,2.0,0.0,0.0,2.0
1761.0,add,0.8735978499475604,601.0,5.0,0.8735978499475604,4.0,2.0,0.0,0.0,3.0
1762.0,delete,0.873597849947558,601.0,5.0,0.8735978499475604,4.0,1.0,0.0,0.0,2.0
1763.0,swap,0.2677858814627581,601.0,5.0,0.8735978499475604,3.0,2.0,0.0,0.0,3.0
1764.0,add,0.873597849947558,602.0,4.0,0.873597849947558,4.0,0.0,0.0,0.0,4.0
1765.0,delete,0.2677858814627575,602.0,4.0,0.873597849947558,3.0,0.0,0.0,0.0,3.0
1766.0,swap,0.011519516092507745,602.0,4.0,0.873597849947558,3.0,1.0,0.0,0.0,3.0
1767.0,swap,0.873597849947558,603.0,6.0,0.873597849947558,4.0,1.0,0.0,0.0,3.0
1768.0,add,0.873597849947558,603.0,6.0,0.873597849947558,4.0,1.0,0.0,0.0,4.0
1769.0,delete,0.873597849947558,603.0,6.0,0.873597849947558,4.0,1.0,0.0,0.0,2.0
1770.0,swap,0.02617461831594485,603.0,6.0,0.873597849947558,3.0,1.0,1.0,0.0,3.0
1771.0,add,0.873597849947558,604.0,6.0,0.873597849947558,4.0,1.0,0.0,0.0,2.0
1772.0,add,0.873597849947558,604.0,6.0,0.873597849947558,4.0,1.0,0.0,0.0,3.0
1773.0,delete,0.873597849947558,604.0,6.0,0.873597849947558,4.0,1.0,0.0,0.0,1.0
1774.0,swap,0.08208499862389865,604.0,6.0,0.873597849947558,3.0,1.0,1.0,0.0,2.0
1775.0,add,0.873597849947558,605.0,3.0,0.7159273766782138,4.0,0.0,0.0,0.0,3.0
1776.0,add,0.873597849947558,606.0,4.0,0.873597849947558,4.0,0.0,0.0,0.0,4.0
1777.0,delete,0.2677858814627575,606.0,4.0,0.873597849947558,3.0,0.0,0.0,0.0,3.0
1778.0,swap,0.17217235167481232,606.0,4.0,0.873597849947558,3.0,0.0,0.0,1.0,3.0
1779.0,add,0.847596391412019,607.0,4.0,0.7746511637319807,4.0,0.0,1.0,0.0,1.0
1780.0,add,0.7746511637319807,607.0,4.0,0.7746511637319807,4.0,0.0,1.0,0.0,2.0
1781.0,delete,0.16229557781827697,607.0,4.0,0.7746511637319807,3.0,0.0,1.0,0.0,1.0
1782.0,swap,0.873597849947558,607.0,4.0,0.7746511637319807,4.0,1.0,0.0,0.0,1.0
1783.0,delete,0.3040764312848323,608.0,3.0,0.6709184240852178,3.0,0.0,0.0,0.0,2.0
1784.0,add,0.2210405079570958,609.0,4.0,0.7288355675676638,4.0,1.0,1.0,0.0,2.0
1785.0,change,0.873597849947558,610.0,4.0,0.7172523020095495,4.0,1.0,0.0,0.0,2.0
1786.0,change,0.873597849947558,611.0,5.0,0.873597849947558,4.0,1.0,0.0,0.0,2.0
1787.0,add,0.18859689211297934,611.0,5.0,0.873597849947558,4.0,1.0,1.0,0.0,2.0
1788.0,delete,0.873597849947558,611.0,5.0,0.873597849947558,4.0,1.0,0.0,0.0,1.0
1789.0,swap,0.17217235167481232,611.0,5.0,0.873597849947558,3.0,1.0,0.0,1.0,2.0
1790.0,change,0.7421496401834917,612.0,3.0,0.6865584293283631,4.0,0.0,1.0,0.0,1.0
1791.0,change,0.655821261043264,613.0,4.0,0.7421496401834917,4.0,0.0,1.0,0.0,1.0
1792.0,add,0.7377852287469285,613.0,4.0,0.7421496401834917,4.0,0.0,1.0,1.0,1.0
1793.0,delete,0.873597849947558,613.0,4.0,0.7421496401834917,4.0,0.0,0.0,0.0,1.0
1794.0,swap,0.6285423864962689,613.0,4.0,0.7421496401834917,4.0,0.0,2.0,0.0,0.0
1795.0,add,0.8696825154081719,614.0,5.0,0.873597849947558,4.0,0.0,0.0,1.0,1.0
1796.0,delete,0.873597849947558,614.0,5.0,0.873597849947558,4.0,0.0,0.0,0.0,0.0
1797.0,swap,0.07810777460014691,614.0,5.0,0.873597849947558,3.0,0.0,1.0,0.0,1.0
1798.0,change,0.8199959782590699,615.0,3.0,0.6840058963857849,4.0,0.0,1.0,0.0,1.0
1799.0,change,0.8712995987250541,616.0,4.0,0.8199959782590699,4.0,0.0,1.0,0.0,1.0
1800.0,add,0.8163318630414605,616.0,4.0,0.8199959782590699,4.0,0.0,1.0,1.0,1.0
1801.0,delete,0.25153316677670234,616.0,4.0,0.8199959782590699,3.0,0.0,1.0,0.0,1.0
1802.0,swap,0.23280091403976183,616.0,4.0,0.8199959782590699,3.0,0.0,2.0,0.0,1.0
1803.0,add,0.873597849947558,617.0,4.0,0.873597849947558,4.0,1.0,0.0,0.0,2.0
1804.0,add,0.873597849947558,617.0,4.0,0.873597849947558,4.0,2.0,0.0,0.0,2.0
1805.0,delete,0.873597849947558,617.0,4.0,0.873597849947558,4.0,1.0,0.0,0.0,1.0
1806.0,swap,0.841540384797715,617.0,4.0,0.873597849947558,4.0,0.0,1.0,0.0,2.0
1807.0,add,0.8696825154081719,618.0,3.0,0.8671863569175894,4.0,0.0,0.0,1.0,2.0
1808.0,add,0.8696825154081719,619.0,4.0,0.8696825154081719,4.0,0.0,0.0,1.0,2.0
1809.0,add,0.30385477820434237,619.0,4.0,0.8696825154081719,4.0,0.0,1.0,1.0,2.0
1810.0,delete,0.26659909213401567,619.0,4.0,0.8696825154081719,3.0,0.0,0.0,1.0,2.0
1811.0,swap,0.8696825154081772,619.0,4.0,0.8696825154081719,4.0,1.0,0.0,1.0,1.0
1812.0,add,0.8684525127287878,620.0,2.0,0.6708163850839791,4.0,0.0,0.0,1.0,1.0
1813.0,add,0.8684525127287878,621.0,3.0,0.8684525127287878,4.0,0.0,0.0,1.0,1.0
1814.0,add,0.866164230387068,621.0,3.0,0.8684525127287878,4.0,0.0,0.0,1.0,2.0
1815.0,delete,0.8684525127287878,621.0,3.0,0.8684525127287878,4.0,0.0,0.0,1.0,0.0
1816.0,swap,0.30230329150181523,621.0,3.0,0.8684525127287878,3.0,0.0,0.0,1.0,2.0
1817.0,delete,0.8684525127287878,622.0,4.0,0.8684525127287878,4.0,0.0,0.0,1.0,0.0
1818.0,add,0.8684525127287901,622.0,4.0,0.8684525127287878,4.0,1.0,0.0,1.0,0.0
1819.0,delete,0.873597849947558,622.0,4.0,0.8684525127287878,4.0,0.0,0.0,0.0,0.0
1820.0,swap,0.08849777949454003,622.0,4.0,0.8684525127287878,3.0,1.0,0.0,1.0,0.0
1821.0,add,0.8684525127287878,623.0,4.0,0.8684525127287878,4.0,0.0,0.0,1.0,1.0
1822.0,add,0.09838423089902734,623.0,4.0,0.8684525127287878,4.0,0.0,1.0,1.0,1.0
1823.0,delete,0.873597849947558,623.0,4.0,0.8684525127287878,4.0,0.0,0.0,0.0,1.0
1824.0,swap,0.266208669862896,623.0,4.0,0.8684525127287878,3.0,1.0,0.0,1.0,1.0
1825.0,delete,0.8735978499475604,624.0,5.0,0.873597849947558,4.0,1.0,0.0,0.0,1.0
1826.0,add,0.873597849947558,624.0,5.0,0.873597849947558,4.0,2.0,0.0,0.0,1.0
1827.0,delete,0.11731916609425053,624.0,5.0,0.873597849947558,3.0,1.0,0.0,0.0,1.0
1828.0,swap,0.30407643128483275,624.0,5.0,0.873597849947558,3.0,1.0,0.0,0.0,2.0
1829.0,add,0.8684525127287878,625.0,4.0,0.873597849947558,4.0,0.0,0.0,1.0,1.0
1830.0,delete,0.3040764312848323,625.0,4.0,0.873597849947558,3.0,0.0,0.0,0.0,1.0
1831.0,swap,0.8696825154081719,625.0,4.0,0.873597849947558,4.0,0.0,0.0,1.0,0.0
1832.0,delete,0.873597849947558,626.0,5.0,0.873597849947558,4.0,1.0,0.0,0.0,1.0
1833.0,add,0.873597849947558,626.0,5.0,0.873597849947558,4.0,1.0,0.0,0.0,2.0
1834.0,delete,0.3040764312848323,626.0,5.0,0.873597849947558,3.0,1.0,0.0,0.0,1.0
1835.0,swap,0.04436144177290667,626.0,5.0,0.873597849947558,3.0,1.0,0.0,0.0,2.0
1836.0,add,0.873597849947558,627.0,3.0,0.6917160356017876,4.0,0.0,0.0,0.0,3.0
1837.0,add,0.873597849947558,628.0,4.0,0.873597849947558,4.0,0.0,0.0,0.0,4.0
1838.0,delete,0.11731916609425042,628.0,4.0,0.873597849947558,3.0,0.0,0.0,0.0,3.0
1839.0,swap,0.02830686436492119,628.0,4.0,0.873597849947558,3.0,1.0,0.0,0.0,3.0
1840.0,add,0.818825000313576,629.0,4.0,0.8063861558439437,4.0,0.0,1.0,0.0,2.0
1841.0,add,0.8063861558439437,629.0,4.0,0.8063861558439437,4.0,0.0,1.0,0.0,3.0
1842.0,delete,0.11508890687976697,629.0,4.0,0.8063861558439437,3.0,0.0,1.0,0.0,2.0
1843.0,swap,0.866164230387068,629.0,4.0,0.8063861558439437,4.0,0.0,0.0,1.0,2.0
1844.0,swap,0.8735978499475604,630.0,5.0,0.873597849947558,4.0,1.0,0.0,0.0,1.0
1845.0,add,0.873597849947558,630.0,5.0,0.873597849947558,4.0,1.0,0.0,0.0,2.0
1846.0,delete,0.873597849947558,630.0,5.0,0.873597849947558,4.0,0.0,0.0,0.0,1.0
1847.0,swap,0.8696825154081719,630.0,5.0,0.873597849947558,4.0,0.0,0.0,1.0,1.0
1848.0,swap,0.23637597261425888,631.0,4.0,0.8728147830396813,3.0,0.0,1.0,1.0,1.0
1849.0,swap,0.8735978499475604,632.0,6.0,0.8735978499475604,4.0,1.0,0.0,0.0,1.0
1850.0,add,0.8735978499475604,632.0,6.0,0.8735978499475604,4.0,1.0,0.0,0.0,2.0
1851.0,delete,0.1721723516748124,632.0,6.0,0.8735978499475604,3.0,1.0,0.0,0.0,1.0
1852.0,swap,0.2677858814627575,632.0,6.0,0.8735978499475604,3.0,1.0,0.0,0.0,2.0
1853.0,delete,0.1721723516748124,633.0,3.0,0.7289523273423374,3.0,0.0,0.0,0.0,2.0
1854.0,delete,0.873597849947558,634.0,6.0,0.873597849947558,4.0,1.0,0.0,0.0,1.0
1855.0,add,0.8696825154081719,634.0,6.0,0.873597849947558,4.0,1.0,0.0,1.0,1.0
1856.0,delete,0.873597849947558,634.0,6.0,0.873597849947558,4.0,1.0,0.0,0.0,0.0
1857.0,swap,0.8010745465176075,634.0,6.0,0.873597849947558,3.0,1.0,1.0,0.0,1.0
1858.0,delete,0.873597849947558,635.0,5.0,0.8583101223536908,4.0,1.0,0.0,0.0,1.0
1859.0,delete,0.873597849947558,636.0,6.0,0.873597849947558,4.0,1.0,0.0,0.0,1.0
1860.0,add,0.21475104585535415,636.0,6.0,0.873597849947558,4.0,1.0,1.0,0.0,1.0
1861.0,delete,0.2677858814627575,636.0,6.0,0.873597849947558,3.0,1.0,0.0,0.0,1.0
1862.0,swap,0.8684525127287878,636.0,6.0,0.873597849947558,4.0,0.0,0.0,1.0,1.0
1863.0,delete,0.873597849947558,637.0,7.0,0.873597849947558,4.0,1.0,0.0,0.0,0.0
1864.0,add,0.11751394233669962,637.0,7.0,0.873597849947558,4.0,1.0,1.0,0.0,0.0
1865.0,delete,0.3040764312848323,637.0,7.0,0.873597849947558,3.0,1.0,0.0,0.0,0.0
1866.0,swap,0.2677858814627575,637.0,7.0,0.873597849947558,3.0,2.0,0.0,0.0,0.0
1867.0,add,0.8734001926707423,638.0,5.0,0.847596391412019,4.0,0.0,1.0,0.0,1.0
1868.0,add,0.8438030494821503,638.0,5.0,0.847596391412019,4.0,0.0,1.0,1.0,1.0
1869.0,delete,0.4122537894426505,638.0,5.0,0.847596391412019,3.0,0.0,1.0,0.0,1.0
1870.0,swap,0.11646545740931998,638.0,5.0,0.847596391412019,3.0,0.0,1.0,0.0,2.0
1871.0,add,0.873597849947558,639.0,6.0,0.873597849947558,4.0,1.0,0.0,0.0,3.0
1872.0,add,0.873597849947558,639.0,6.0,0.873597849947558,4.0,1.0,0.0,0.0,4.0
1873.0,delete,0.3040764312848323,639.0,6.0,0.873597849947558,3.0,1.0,0.0,0.0,3.0
1874.0,swap,0.8684525127287892,639.0,6.0,0.873597849947558,4.0,1.0,0.0,1.0,2.0
1875.0,change,0.873597849947558,640.0,5.0,0.7586644987712592,4.0,1.0,0.0,0.0,3.0
1876.0,change,0.873597849947558,641.0,6.0,0.873597849947558,4.0,1.0,0.0,0.0,3.0
1877.0,add,0.873597849947558,641.0,6.0,0.873597849947558,4.0,2.0,0.0,0.0,3.0
1878.0,delete,0.1721723516748124,641.0,6.0,0.873597849947558,3.0,1.0,0.0,0.0,3.0
1879.0,swap,0.2677858814627575,641.0,6.0,0.873597849947558,3.0,1.0,0.0,0.0,4.0
1880.0,add,0.8696825154081719,642.0,6.0,0.8696825154081719,4.0,1.0,0.0,1.0,3.0
1881.0,add,0.8696825154081719,642.0,6.0,0.8696825154081719,4.0,1.0,0.0,1.0,4.0
1882.0,delete,0.8696825154081719,642.0,6.0,0.8696825154081719,4.0,1.0,0.0,1.0,2.0
1883.0,swap,0.1179304199355874,642.0,6.0,0.8696825154081719,3.0,2.0,0.0,1.0,3.0
1884.0,add,0.8735978499475604,643.0,4.0,0.873597849947558,4.0,1.0,0.0,0.0,3.0
1885.0,delete,0.873597849947558,643.0,4.0,0.873597849947558,4.0,0.0,0.0,0.0,2.0
1886.0,swap,0.11731916609425042,643.0,4.0,0.873597849947558,3.0,0.0,0.0,1.0,3.0
1887.0,delete,0.873597849947558,644.0,6.0,0.873597849947558,4.0,1.0,0.0,0.0,2.0
1888.0,add,0.873597849947558,644.0,6.0,0.873597849947558,4.0,1.0,0.0,0.0,3.0
1889.0,delete,0.873597849947558,644.0,6.0,0.873597849947558,4.0,1.0,0.0,0.0,1.0
1890.0,swap,0.31509442797840903,644.0,6.0,0.873597849947558,4.0,1.0,1.0,0.0,1.0
1891.0,add,0.8735978499475604,645.0,6.0,0.873597849947558,4.0,2.0,0.0,0.0,2.0
1892.0,add,0.5514749229792967,645.0,6.0,0.873597849947558,4.0,2.0,1.0,0.0,2.0
1893.0,delete,0.873597849947558,645.0,6.0,0.873597849947558,4.0,2.0,0.0,0.0,1.0
1894.0,swap,0.26554708090251533,645.0,6.0,0.873597849947558,3.0,2.0,1.0,0.0,2.0
1895.0,swap,0.8696825154081768,646.0,5.0,0.8696825154081768,4.0,1.0,0.0,1.0,1.0
1896.0,add,0.8696825154081739,646.0,5.0,0.8696825154081768,4.0,2.0,0.0,1.0,1.0
1897.0,delete,0.873597849947558,646.0,5.0,0.8696825154081768,4.0,1.0,0.0,0.0,1.0
1898.0,swap,0.2665990921340155,646.0,5.0,0.8696825154081768,3.0,1.0,0.0,2.0,1.0
1899.0,swap,0.8684525127287878,647.0,7.0,0.8684525127287892,4.0,1.0,0.0,1.0,2.0
1900.0,add,0.0711415128810534,647.0,7.0,0.8684525127287892,4.0,1.0,1.0,1.0,2.0
1901.0,delete,0.3023032915018151,647.0,7.0,0.8684525127287892,3.0,1.0,0.0,1.0,2.0
1902.0,swap,0.8633374806385169,647.0,7.0,0.8684525127287892,4.0,1.0,0.0,1.0,2.0
1903.0,add,0.873597849947558,648.0,5.0,0.873597849947558,4.0,1.0,0.0,0.0,2.0
1904.0,add,0.873597849947558,648.0,5.0,0.873597849947558,4.0,1.0,0.0,0.0,3.0
1905.0,delete,0.873597849947558,648.0,5.0,0.873597849947558,4.0,1.0,0.0,0.0,1.0
1906.0,swap,0.11731916609425042,648.0,5.0,0.873597849947558,3.0,1.0,0.0,1.0,2.0
1907.0,change,0.873597849947558,649.0,4.0,0.7223421131768964,4.0,1.0,0.0,0.0,2.0
1908.0,change,0.8735978499475604,650.0,5.0,0.873597849947558,4.0,1.0,0.0,0.0,2.0
1909.0,add,0.8394133715190812,650.0,5.0,0.873597849947558,4.0,1.0,1.0,0.0,2.0
1910.0,delete,0.2677858814627581,650.0,5.0,0.873597849947558,3.0,1.0,0.0,0.0,2.0
1911.0,swap,0.1721723516748124,650.0,5.0,0.873597849947558,3.0,2.0,0.0,0.0,2.0
1912.0,swap,0.8696825154081719,651.0,5.0,0.8696825154081719,4.0,0.0,0.0,1.0,0.0
1913.0,add,0.8457183862422665,651.0,5.0,0.8696825154081719,4.0,0.0,1.0,1.0,0.0
1914.0,delete,0.26659909213401584,651.0,5.0,0.8696825154081719,3.0,0.0,0.0,1.0,0.0
1915.0,swap,0.265028937000091,651.0,5.0,0.8696825154081719,3.0,0.0,0.0,2.0,0.0
1916.0,add,0.8063861558439441,652.0,3.0,0.6825700898536596,4.0,1.0,1.0,0.0,1.0
1917.0,add,0.806386155843945,653.0,4.0,0.8063861558439441,4.0,1.0,1.0,0.0,1.0
1918.0,add,0.806386155843945,653.0,4.0,0.8063861558439441,4.0,2.0,1.0,0.0,1.0
1919.0,delete,0.24740464812035684,653.0,4.0,0.8063861558439441,3.0,1.0,1.0,0.0,1.0
1920.0,swap,0.8735978499475604,653.0,4.0,0.8063861558439441,4.0,2.0,0.0,0.0,1.0
1921.0,add,0.873597849947558,654.0,2.0,0.6487890944494782,4.0,1.0,0.0,0.0,1.0
1922.0,add,0.873597849947558,655.0,3.0,0.873597849947558,4.0,1.0,0.0,0.0,1.0
1923.0,add,0.873597849947558,655.0,3.0,0.873597849947558,4.0,2.0,0.0,0.0,1.0
1924.0,delete,0.873597849947558,655.0,3.0,0.873597849947558,4.0,0.0,0.0,0.0,1.0
1925.0,swap,0.03821812302657215,655.0,3.0,0.873597849947558,3.0,2.0,0.0,0.0,1.0
1926.0,add,0.873597849947558,656.0,4.0,0.873597849947558,4.0,0.0,0.0,0.0,2.0
1927.0,delete,0.2677858814627575,656.0,4.0,0.873597849947558,3.0,0.0,0.0,0.0,1.0
1928.0,swap,0.26659909213401567,656.0,4.0,0.873597849947558,3.0,0.0,0.0,1.0,1.0
1929.0,swap,0.873597849947558,657.0,5.0,0.8735978499475604,4.0,2.0,0.0,0.0,1.0
1930.0,add,0.873597849947558,657.0,5.0,0.8735978499475604,4.0,3.0,0.0,0.0,1.0
1931.0,delete,0.873597849947558,657.0,5.0,0.8735978499475604,4.0,1.0,0.0,0.0,1.0
1932.0,swap,0.30407643128483275,657.0,5.0,0.8735978499475604,3.0,2.0,0.0,0.0,2.0
1933.0,add,0.8016402677927486,658.0,3.0,0.7055629568568254,4.0,0.0,1.0,1.0,1.0
1934.0,add,0.8335041225267883,659.0,4.0,0.8016402677927486,4.0,0.0,1.0,1.0,1.0
1935.0,add,0.7995492119804213,659.0,4.0,0.8016402677927486,4.0,0.0,1.0,1.0,2.0
1936.0,delete,0.8063861558439437,659.0,4.0,0.8016402677927486,4.0,0.0,1.0,0.0,1.0
1937.0,swap,0.8684525127287901,659.0,4.0,0.8016402677927486,4.0,1.0,0.0,1.0,1.0
1938.0,swap,0.8684525127287901,660.0,5.0,0.8684525127287901,4.0,1.0,0.0,1.0,1.0
1939.0,add,0.8661642303870699,660.0,5.0,0.8684525127287901,4.0,1.0,0.0,1.0,2.0
1940.0,delete,0.8684525127287878,660.0,5.0,0.8684525127287901,4.0,0.0,0.0,1.0,1.0
1941.0,swap,0.8684525127287911,660.0,5.0,0.8684525127287901,4.0,2.0,0.0,1.0,0.0
1942.0,add,0.873597849947558,661.0,4.0,0.873597849947558,4.0,1.0,0.0,0.0,1.0
1943.0,add,0.873597849947558,661.0,4.0,0.873597849947558,4.0,1.0,0.0,0.0,2.0
1944.0,delete,0.17217235167481232,661.0,4.0,0.873597849947558,3.0,1.0,0.0,0.0,1.0
1945.0,swap,0.26659909213401584,661.0,4.0,0.873597849947558,3.0,1.0,0.0,1.0,1.0
1946.0,swap,0.10612809221538247,662.0,4.0,0.8679948562604458,3.0,0.0,2.0,1.0,1.0
1947.0,add,0.8673647916955548,663.0,5.0,0.8335041225267883,4.0,0.0,1.0,1.0,1.0
1948.0,add,0.8335041225267883,663.0,5.0,0.8335041225267883,4.0,0.0,1.0,1.0,2.0
1949.0,delete,0.8684525127287878,663.0,5.0,0.8335041225267883,4.0,0.0,0.0,1.0,1.0
1950.0,swap,0.8384404769372176,663.0,5.0,0.8335041225267883,4.0,1.0,1.0,0.0,1.0
1951.0,change,0.8087453687635091,664.0,4.0,0.8482532052830273,4.0,0.0,1.0,1.0,1.0
1952.0,delete,0.8684525127287878,665.0,6.0,0.8684525127287878,4.0,0.0,0.0,1.0,1.0
1953.0,add,0.8633374806385117,665.0,6.0,0.8684525127287878,4.0,0.0,0.0,2.0,1.0
1954.0,delete,0.17117968659641367,665.0,6.0,0.8684525127287878,3.0,0.0,0.0,1.0,1.0
1955.0,swap,0.013168492142775991,665.0,6.0,0.8684525127287878,3.0,0.0,1.0,1.0,1.0
1956.0,add,0.7995492119804213,666.0,5.0,0.7995492119804213,4.0,0.0,1.0,1.0,2.0
1957.0,add,0.7995735193641523,666.0,5.0,0.7995492119804213,4.0,0.0,1.0,1.0,3.0
1958.0,delete,0.866164230387068,666.0,5.0,0.7995492119804213,4.0,0.0,0.0,1.0,2.0
1959.0,swap,0.13445746624130714,666.0,5.0,0.7995492119804213,3.0,1.0,1.0,1.0,2.0
1960.0,add,0.7896453210410778,667.0,5.0,0.806386155843945,4.0,1.0,1.0,0.0,1.0
1961.0,add,0.8016402677927472,667.0,5.0,0.806386155843945,4.0,1.0,1.0,1.0,1.0
1962.0,delete,0.4886398972453564,667.0,5.0,0.806386155843945,3.0,1.0,1.0,0.0,1.0
1963.0,swap,0.8063861558439441,667.0,5.0,0.806386155843945,4.0,2.0,1.0,0.0,0.0
1964.0,add,0.8030016859818248,668.0,3.0,0.7117991473734511,4.0,0.0,1.0,1.0,1.0
1965.0,add,0.8030016859818248,669.0,4.0,0.8030016859818248,4.0,0.0,1.0,1.0,1.0
1966.0,add,0.8030016859818243,669.0,4.0,0.8030016859818248,4.0,1.0,1.0,1.0,1.0
1967.0,delete,0.1651528129120826,669.0,4.0,0.8030016859818248,3.0,0.0,1.0,1.0,1.0
1968.0,swap,0.8649799913270858,669.0,4.0,0.8030016859818248,4.0,0.0,1.0,1.0,1.0
1969.0,delete,0.873597849947558,670.0,3.0,0.7134906335256926,4.0,0.0,0.0,0.0,1.0
1970.0,add,0.873597849947558,671.0,4.0,0.873597849947558,4.0,0.0,0.0,0.0,2.0
1971.0,delete,0.873597849947558,671.0,4.0,0.873597849947558,4.0,0.0,0.0,0.0,0.0
1972.0,swap,0.2677858814627575,671.0,4.0,0.873597849947558,3.0,1.0,0.0,0.0,1.0
1973.0,add,0.873597849947558,672.0,5.0,0.873597849947558,4.0,0.0,0.0,0.0,3.0
1974.0,delete,0.2677858814627575,672.0,5.0,0.873597849947558,3.0,0.0,0.0,0.0,2.0
1975.0,swap,0.1041304834029314,672.0,5.0,0.873597849947558,3.0,1.0,0.0,0.0,2.0
1976.0,swap,0.24740464812035684,673.0,4.0,0.7596935662150134,3.0,1.0,1.0,0.0,2.0
1977.0,swap,0.866164230387068,674.0,5.0,0.866164230387068,4.0,0.0,0.0,1.0,2.0
1978.0,add,0.866164230387068,674.0,5.0,0.866164230387068,4.0,0.0,0.0,1.0,3.0
1979.0,delete,0.17083531367589733,674.0,5.0,0.866164230387068,3.0,0.0,0.0,1.0,2.0
1980.0,swap,0.02083932210921462,674.0,5.0,0.866164230387068,3.0,0.0,1.0,1.0,2.0
1981.0,add,0.13917662966207003,675.0,3.0,0.6845281789842317,4.0,0.0,1.0,0.0,2.0
1982.0,add,0.8583617632477853,676.0,6.0,0.8673647916955548,4.0,0.0,1.0,1.0,1.0
1983.0,add,0.8673647916955548,676.0,6.0,0.8673647916955548,4.0,0.0,1.0,1.0,2.0
1984.0,delete,0.17107246580692573,676.0,6.0,0.8673647916955548,3.0,0.0,1.0,1.0,1.0
1985.0,swap,0.8684525127287892,676.0,6.0,0.8673647916955548,4.0,1.0,0.0,1.0,1.0
1986.0,add,0.7980611653120052,677.0,4.0,0.679858727990674,4.0,0.0,1.0,2.0,1.0
1987.0,add,0.7980611653120052,678.0,5.0,0.7980611653120052,4.0,0.0,1.0,2.0,1.0
1988.0,add,0.7969663807559367,678.0,5.0,0.7980611653120052,4.0,0.0,1.0,2.0,2.0
1989.0,delete,0.8016402677927486,678.0,5.0,0.7980611653120052,4.0,0.0,1.0,1.0,1.0
1990.0,swap,0.48365337277250264,678.0,5.0,0.7980611653120052,3.0,0.0,1.0,3.0,1.0
1991.0,delete,0.7739175609172056,679.0,6.0,0.8016402677927486,4.0,0.0,1.0,1.0,1.0
1992.0,add,0.5737639743842066,679.0,6.0,0.8016402677927486,4.0,0.0,2.0,1.0,1.0
1993.0,delete,0.8684525127287878,679.0,6.0,0.8016402677927486,4.0,0.0,0.0,1.0,1.0
1994.0,swap,0.0580166780196376,679.0,6.0,0.8016402677927486,3.0,1.0,1.0,1.0,1.0
1995.0,add,0.873597849947558,680.0,5.0,0.873597849947558,4.0,2.0,0.0,0.0,2.0
1996.0,add,0.873597849947558,680.0,5.0,0.873597849947558,4.0,2.0,0.0,0.0,3.0
1997.0,delete,0.1721723516748124,680.0,5.0,0.873597849947558,3.0,2.0,0.0,0.0,2.0
1998.0,swap,0.265520570287391,680.0,5.0,0.873597849947558,3.0,2.0,0.0,1.0,2.0
1999.0,change,0.7737945032921367,681.0,4.0,0.7385395595534141,4.0,1.0,1.0,0.0,1.0
2000.0,change,0.7737945032921384,682.0,5.0,0.7737945032921367,4.0,1.0,1.0,0.0,1.0
2001.0,add,0.7737945032921367,682.0,5.0,0.7737945032921367,4.0,1.0,1.0,0.0,2.0
2002.0,delete,0.7737945032921367,682.0,5.0,0.7737945032921367,4.0,1.0,1.0,0.0,0.0
2003.0,swap,0.873597849947558,682.0,5.0,0.7737945032921367,4.0,2.0,0.0,0.0,1.0
2004.0,swap,0.873597849947558,683.0,6.0,0.873597849947558,4.0,2.0,0.0,0.0,1.0
2005.0,add,0.7682172501414763,683.0,6.0,0.873597849947558,4.0,2.0,1.0,0.0,1.0
2006.0,delete,0.3040764312848323,683.0,6.0,0.873597849947558,3.0,2.0,0.0,0.0,1.0
2007.0,swap,0.2677858814627574,683.0,6.0,0.873597849947558,3.0,2.0,0.0,0.0,2.0
2008.0,change,0.8063861558439392,684.0,4.0,0.7053679338371286,4.0,1.0,1.0,0.0,1.0
2009.0,change,0.8063861558439437,685.0,5.0,0.8063861558439392,4.0,1.0,1.0,0.0,1.0
2010.0,add,0.8027856591753004,685.0,5.0,0.8063861558439392,4.0,1.0,1.0,1.0,1.0
2011.0,delete,0.8063861558439392,685.0,5.0,0.8063861558439392,4.0,1.0,1.0,0.0,0.0
2012.0,swap,0.2821204581375327,685.0,5.0,0.8063861558439392,3.0,2.0,1.0,0.0,1.0
2013.0,add,0.806386155843945,686.0,5.0,0.806386155843945,4.0,2.0,1.0,0.0,1.0
2014.0,add,0.8030016859818243,686.0,5.0,0.806386155843945,4.0,2.0,1.0,1.0,1.0
2015.0,delete,0.8063861558439441,686.0,5.0,0.806386155843945,4.0,1.0,1.0,0.0,1.0
2016.0,swap,0.24740464812035695,686.0,5.0,0.806386155843945,3.0,2.0,1.0,0.0,2.0
2017.0,add,0.7377852287469285,687.0,5.0,0.7377852287469285,4.0,0.0,1.0,1.0,1.0
2018.0,add,0.7334464834107791,687.0,5.0,0.7377852287469285,4.0,0.0,1.0,2.0,1.0
2019.0,delete,0.7377852287469285,687.0,5.0,0.7377852287469285,4.0,0.0,1.0,1.0,0.0
2020.0,swap,0.5734114698197038,687.0,5.0,0.7377852287469285,3.0,0.0,1.0,2.0,1.0
2021.0,add,0.7421496401834917,688.0,4.0,0.7040427278942537,4.0,0.0,1.0,0.0,2.0
2022.0,add,0.7968059877490793,689.0,5.0,0.7421496401834917,4.0,0.0,1.0,0.0,2.0
2023.0,add,0.7421496401834917,689.0,5.0,0.7421496401834917,4.0,0.0,1.0,0.0,3.0
2024.0,delete,0.7421496401834917,689.0,5.0,0.7421496401834917,4.0,0.0,1.0,0.0,1.0
2025.0,swap,0.873597849947558,689.0,5.0,0.7421496401834917,4.0,0.0,0.0,0.0,3.0
2026.0,change,0.8522906664888535,690.0,3.0,0.6680811950682843,4.0,0.0,1.0,0.0,1.0
2027.0,change,0.8662599247447064,691.0,4.0,0.8522906664888535,4.0,0.0,1.0,0.0,1.0
2028.0,add,0.8522906664888535,691.0,4.0,0.8522906664888535,4.0,1.0,1.0,0.0,1.0
2029.0,delete,0.873597849947558,691.0,4.0,0.8522906664888535,4.0,0.0,0.0,0.0,1.0
2030.0,swap,0.4010510741720292,691.0,4.0,0.8522906664888535,3.0,0.0,1.0,1.0,1.0
2031.0,add,0.8473119964675757,692.0,5.0,0.873597849947558,4.0,0.0,1.0,0.0,1.0
2032.0,delete,0.2677858814627575,692.0,5.0,0.873597849947558,3.0,0.0,0.0,0.0,1.0
2033.0,swap,0.7775803549739333,692.0,5.0,0.873597849947558,3.0,0.0,1.0,0.0,1.0
2034.0,change,0.8654859465153852,693.0,5.0,0.8662599247447064,4.0,0.0,1.0,0.0,1.0
2035.0,add,0.8662599247447064,693.0,5.0,0.8662599247447064,4.0,0.0,1.0,0.0,2.0
2036.0,delete,0.8662599247447064,693.0,5.0,0.8662599247447064,4.0,0.0,1.0,0.0,0.0
2037.0,swap,0.24418716638743115,693.0,5.0,0.8662599247447064,3.0,0.0,2.0,0.0,1.0
2038.0,add,0.8522906664888512,694.0,5.0,0.8522906664888535,4.0,1.0,1.0,0.0,1.0
2039.0,add,0.8522906664888535,694.0,5.0,0.8522906664888535,4.0,1.0,1.0,0.0,2.0
2040.0,delete,0.4010510741720292,694.0,5.0,0.8522906664888535,3.0,1.0,1.0,0.0,1.0
2041.0,swap,0.21369248660204807,694.0,5.0,0.8522906664888535,3.0,1.0,2.0,0.0,1.0
2042.0,add,0.866164230387068,695.0,4.0,0.866164230387068,4.0,0.0,0.0,1.0,2.0
2043.0,add,0.8684525127287878,695.0,4.0,0.866164230387068,4.0,0.0,0.0,1.0,3.0
2044.0,delete,0.3015972538789046,695.0,4.0,0.866164230387068,3.0,0.0,0.0,1.0,2.0
2045.0,swap,0.866164230387068,695.0,4.0,0.866164230387068,4.0,0.0,0.0,1.0,2.0
2046.0,add,0.8684525127287878,696.0,3.0,0.7537084915537793,4.0,0.0,0.0,1.0,2.0
2047.0,add,0.8684525127287878,697.0,4.0,0.8684525127287878,4.0,0.0,0.0,1.0,2.0
2048.0,add,0.09027272996195572,697.0,4.0,0.8684525127287878,4.0,0.0,1.0,1.0,2.0
2049.0,delete,0.11663505098597605,697.0,4.0,0.8684525127287878,3.0,0.0,0.0,1.0,2.0
2050.0,swap,0.8684525127287878,697.0,4.0,0.8684525127287878,4.0,0.0,0.0,1.0,2.0
2051.0,add,0.8696825154081719,698.0,6.0,0.873597849947558,4.0,0.0,0.0,1.0,3.0
2052.0,delete,0.3040764312848323,698.0,6.0,0.873597849947558,3.0,0.0,0.0,0.0,3.0
2053.0,swap,0.873597849947558,698.0,6.0,0.873597849947558,4.0,0.0,0.0,0.0,3.0
2054.0,add,0.7421496401834917,699.0,4.0,0.7280325534122263,4.0,0.0,1.0,0.0,2.0
2055.0,add,0.7310997630971082,700.0,6.0,0.7968059877490793,4.0,0.0,1.0,0.0,2.0
2056.0,add,0.11651801079879073,700.0,6.0,0.7968059877490793,4.0,0.0,2.0,0.0,2.0
2057.0,delete,0.873597849947558,700.0,6.0,0.7968059877490793,4.0,0.0,0.0,0.0,2.0
2058.0,swap,0.7968059877490802,700.0,6.0,0.7968059877490793,4.0,1.0,1.0,0.0,1.0
2059.0,change,0.5667648697872726,701.0,5.0,0.655821261043264,4.0,0.0,1.0,0.0,1.0
2060.0,add,0.28360512706287305,701.0,5.0,0.655821261043264,4.0,0.0,2.0,0.0,1.0
2061.0,delete,0.20167574548765535,701.0,5.0,0.655821261043264,3.0,0.0,1.0,0.0,1.0
2062.0,swap,0.1500311150085916,701.0,5.0,0.655821261043264,3.0,0.0,1.0,0.0,2.0
2063.0,add,0.8684525127287878,702.0,5.0,0.8684525127287878,4.0,0.0,0.0,1.0,1.0
2064.0,add,0.8532479788325797,702.0,5.0,0.8684525127287878,4.0,0.0,0.0,2.0,1.0
2065.0,delete,0.8684525127287878,702.0,5.0,0.8684525127287878,4.0,0.0,0.0,1.0,0.0
2066.0,swap,0.2677858814627575,702.0,5.0,0.8684525127287878,3.0,0.0,0.0,1.0,2.0
2067.0,delete,0.873597849947558,703.0,3.0,0.6302268828908939,4.0,0.0,0.0,0.0,1.0
2068.0,add,0.873597849947558,704.0,4.0,0.873597849947558,4.0,0.0,0.0,0.0,2.0
2069.0,delete,0.873597849947558,704.0,4.0,0.873597849947558,4.0,0.0,0.0,0.0,0.0
2070.0,swap,0.3040764312848323,704.0,4.0,0.873597849947558,3.0,0.0,0.0,0.0,2.0
2071.0,add,0.09201860614943426,705.0,5.0,0.873597849947558,4.0,0.0,1.0,0.0,2.0
2072.0,delete,0.2677858814627575,705.0,5.0,0.873597849947558,3.0,0.0,0.0,0.0,2.0
2073.0,swap,0.8328209852066851,705.0,5.0,0.873597849947558,4.0,0.0,1.0,0.0,1.0
2074.0,delete,0.873597849947558,706.0,6.0,0.873597849947558,4.0,1.0,0.0,0.0,1.0
2075.0,add,0.873597849947558,706.0,6.0,0.873597849947558,4.0,1.0,0.0,0.0,2.0
2076.0,delete,0.2677858814627581,706.0,6.0,0.873597849947558,3.0,1.0,0.0,0.0,1.0
2077.0,swap,0.26659909213401584,706.0,6.0,0.873597849947558,3.0,1.0,0.0,1.0,1.0
2078.0,add,0.8696825154081719,707.0,5.0,0.8696825154081719,4.0,0.0,0.0,1.0,2.0
2079.0,add,0.8696825154081749,707.0,5.0,0.8696825154081719,4.0,1.0,0.0,1.0,2.0
2080.0,delete,0.8696825154081719,707.0,5.0,0.8696825154081719,4.0,0.0,0.0,1.0,1.0
2081.0,swap,0.663791788988277,707.0,5.0,0.8696825154081719,4.0,0.0,1.0,0.0,2.0
2082.0,change,0.8696825154081719,708.0,4.0,0.8285043701241934,4.0,0.0,0.0,1.0,2.0
2083.0,change,0.8696825154081719,709.0,5.0,0.8696825154081719,4.0,0.0,0.0,1.0,2.0
2084.0,add,0.8645604557060138,709.0,5.0,0.8696825154081719,4.0,0.0,0.0,2.0,2.0
2085.0,delete,0.3040764312848323,709.0,5.0,0.8696825154081719,3.0,0.0,0.0,1.0,2.0
2086.0,swap,0.4628581547407914,709.0,5.0,0.8696825154081719,4.0,0.0,1.0,1.0,1.0
2087.0,change,0.873597849947558,710.0,3.0,0.6119129987303004,4.0,1.0,0.0,0.0,1.0
2088.0,change,0.873597849947558,711.0,4.0,0.873597849947558,4.0,1.0,0.0,0.0,1.0
2089.0,add,0.8696825154081719,711.0,4.0,0.873597849947558,4.0,1.0,0.0,1.0,1.0
2090.0,delete,0.873597849947558,711.0,4.0,0.873597849947558,4.0,1.0,0.0,0.0,0.0
2091.0,swap,0.2677858814627575,711.0,4.0,0.873597849947558,3.0,2.0,0.0,0.0,1.0
2092.0,delete,0.873597849947558,712.0,5.0,0.873597849947558,4.0,1.0,0.0,0.0,0.0
2093.0,add,0.8684525127287878,712.0,5.0,0.873597849947558,4.0,1.0,0.0,1.0,0.0
2094.0,delete,0.873597849947558,712.0,5.0,0.873597849947558,4.0,0.0,0.0,0.0,0.0
2095.0,swap,0.30407643128483264,712.0,5.0,0.873597849947558,3.0,2.0,0.0,0.0,0.0
2096.0,change,0.873597849947558,713.0,3.0,0.695539398876703,4.0,1.0,0.0,0.0,1.0
2097.0,change,0.873597849947558,714.0,4.0,0.873597849947558,4.0,1.0,0.0,0.0,1.0
2098.0,add,0.0926635900079986,714.0,4.0,0.873597849947558,4.0,1.0,1.0,0.0,1.0
2099.0,delete,0.873597849947558,714.0,4.0,0.873597849947558,4.0,1.0,0.0,0.0,0.0
2100.0,swap,0.873597849947558,714.0,4.0,0.873597849947558,4.0,1.0,0.0,0.0,1.0
2101.0,add,0.8684525127287878,715.0,2.0,0.6530541544308999,4.0,0.0,0.0,1.0,1.0
2102.0,add,0.8684525127287878,716.0,3.0,0.8684525127287878,4.0,0.0,0.0,1.0,1.0
2103.0,add,0.790094169001039,716.0,3.0,0.8684525127287878,4.0,0.0,1.0,1.0,1.0
2104.0,delete,0.2677858814627575,716.0,3.0,0.8684525127287878,3.0,0.0,0.0,1.0,1.0
2105.0,swap,0.02836877175581534,716.0,3.0,0.8684525127287878,3.0,0.0,1.0,1.0,1.0
2106.0,delete,0.2677858814627575,717.0,4.0,0.7586644987712587,3.0,1.0,0.0,0.0,1.0
2107.0,add,0.873597849947558,718.0,4.0,0.873597849947558,4.0,2.0,0.0,0.0,1.0
2108.0,add,0.8696825154081763,718.0,4.0,0.873597849947558,4.0,2.0,0.0,1.0,1.0
2109.0,delete,0.2677858814627575,718.0,4.0,0.873597849947558,3.0,2.0,0.0,0.0,1.0
2110.0,swap,0.30407643128483264,718.0,4.0,0.873597849947558,3.0,2.0,0.0,0.0,2.0
2111.0,change,0.8684525127287878,719.0,3.0,0.5950191552334114,4.0,0.0,0.0,1.0,1.0
2112.0,change,0.8684525127287878,720.0,4.0,0.8684525127287878,4.0,0.0,0.0,1.0,1.0
2113.0,add,0.8684525127287878,720.0,4.0,0.8684525127287878,4.0,0.0,0.0,1.0,2.0
2114.0,delete,0.17117968659641367,720.0,4.0,0.8684525127287878,3.0,0.0,0.0,1.0,1.0
2115.0,swap,0.17117968659641342,720.0,4.0,0.8684525127287878,3.0,0.0,0.0,2.0,1.0
2116.0,add,0.873597849947558,721.0,3.0,0.6670252774719272,4.0,1.0,0.0,0.0,2.0
2117.0,add,0.873597849947558,722.0,4.0,0.873597849947558,4.0,1.0,0.0,0.0,2.0
2118.0,add,0.6445555718075047,722.0,4.0,0.873597849947558,4.0,1.0,1.0,0.0,2.0
2119.0,delete,0.1721723516748124,722.0,4.0,0.873597849947558,3.0,1.0,0.0,0.0,2.0
2120.0,swap,0.2677858814627575,722.0,4.0,0.873597849947558,3.0,1.0,0.0,1.0,2.0
2121.0,delete,0.8696825154081719,723.0,6.0,0.8696825154081719,4.0,0.0,0.0,1.0,1.0
2122.0,add,0.8696825154081719,723.0,6.0,0.8696825154081719,4.0,0.0,0.0,1.0,2.0
2123.0,delete,0.3040764312848323,723.0,6.0,0.8696825154081719,3.0,0.0,0.0,1.0,1.0
2124.0,swap,0.8645604557060138,723.0,6.0,0.8696825154081719,4.0,0.0,0.0,2.0,0.0
2125.0,add,0.8696825154081719,724.0,5.0,0.8696825154081753,4.0,1.0,0.0,1.0,2.0
2126.0,add,0.8645604557060138,724.0,5.0,0.8696825154081753,4.0,1.0,0.0,2.0,2.0
2127.0,delete,0.873597849947558,724.0,5.0,0.8696825154081753,4.0,1.0,0.0,0.0,2.0
2128.0,swap,0.26659909213401595,724.0,5.0,0.8696825154081753,3.0,2.0,0.0,1.0,2.0
2129.0,change,0.8696825154081719,725.0,4.0,0.7443845600697242,4.0,0.0,0.0,1.0,2.0
2130.0,change,0.8696825154081719,726.0,5.0,0.8696825154081719,4.0,0.0,0.0,1.0,2.0
2131.0,add,0.2901734103221781,726.0,5.0,0.8696825154081719,4.0,0.0,1.0,1.0,2.0
2132.0,delete,0.3040764312848323,726.0,5.0,0.8696825154081719,3.0,0.0,0.0,1.0,2.0
2133.0,swap,0.49594183819998633,726.0,5.0,0.8696825154081719,4.0,0.0,1.0,1.0,1.0
2134.0,change,0.873597849947558,727.0,5.0,0.873597849947558,4.0,1.0,0.0,0.0,1.0
2135.0,add,0.873597849947558,727.0,5.0,0.873597849947558,4.0,2.0,0.0,0.0,1.0
2136.0,delete,0.1721723516748124,727.0,5.0,0.873597849947558,3.0,1.0,0.0,0.0,1.0
2137.0,swap,0.19324970860240537,727.0,5.0,0.873597849947558,4.0,1.0,1.0,0.0,0.0
2138.0,add,0.25266542172779327,728.0,4.0,0.7452782796963401,4.0,0.0,1.0,0.0,1.0
2139.0,add,0.873597849947558,729.0,5.0,0.873597849947558,4.0,0.0,0.0,0.0,5.0
2140.0,delete,0.04526423397858692,729.0,5.0,0.873597849947558,3.0,0.0,0.0,0.0,4.0
2141.0,swap,0.873597849947558,729.0,5.0,0.873597849947558,4.0,1.0,0.0,0.0,3.0
2142.0,change,0.8655154876069231,730.0,4.0,0.6951000786260135,4.0,0.0,1.0,1.0,1.0
2143.0,change,0.8428875518677714,731.0,5.0,0.8655154876069231,4.0,0.0,1.0,1.0,1.0
2144.0,add,0.10676365830499404,731.0,5.0,0.8655154876069231,4.0,0.0,2.0,1.0,1.0
2145.0,delete,0.33607623120610264,731.0,5.0,0.8655154876069231,3.0,0.0,1.0,1.0,1.0
2146.0,swap,0.2644645079471731,731.0,5.0,0.8655154876069231,3.0,0.0,2.0,1.0,1.0
2147.0,change,0.873597849947558,732.0,4.0,0.6370171074583039,4.0,1.0,0.0,0.0,0.0
2148.0,change,0.873597849947558,733.0,5.0,0.873597849947558,4.0,1.0,0.0,0.0,0.0
2149.0,add,0.8696825154081753,733.0,5.0,0.873597849947558,4.0,1.0,0.0,1.0,0.0
2150.0,delete,0.2677858814627581,733.0,5.0,0.873597849947558,3.0,1.0,0.0,0.0,0.0
2151.0,swap,0.8684525127287878,733.0,5.0,0.873597849947558,4.0,0.0,0.0,1.0,0.0
2152.0,swap,0.8684525127287878,734.0,6.0,0.8684525127287878,4.0,0.0,0.0,1.0,0.0
2153.0,add,0.8633374806385117,734.0,6.0,0.8684525127287878,4.0,0.0,0.0,2.0,0.0
2154.0,delete,0.30230329150181523,734.0,6.0,0.8684525127287878,3.0,0.0,0.0,1.0,0.0
2155.0,swap,0.26659909213401595,734.0,6.0,0.8684525127287878,3.0,0.0,0.0,2.0,0.0
2156.0,change,0.8735978499475604,735.0,4.0,0.6599210374135348,4.0,1.0,0.0,0.0,0.0
2157.0,change,0.873597849947558,736.0,5.0,0.8735978499475604,4.0,1.0,0.0,0.0,0.0
2158.0,add,0.8735978499475604,736.0,5.0,0.8735978499475604,4.0,1.0,0.0,0.0,1.0
2159.0,delete,0.2677858814627581,736.0,5.0,0.8735978499475604,3.0,1.0,0.0,0.0,0.0
2160.0,swap,0.05594554636287351,736.0,5.0,0.8735978499475604,3.0,1.0,1.0,0.0,0.0
2161.0,add,0.8696825154081753,737.0,5.0,0.8696825154081753,4.0,1.0,0.0,1.0,0.0
2162.0,add,0.12747378484557817,737.0,5.0,0.8696825154081753,4.0,1.0,1.0,1.0,0.0
2163.0,delete,0.30276636134333035,737.0,5.0,0.8696825154081753,3.0,1.0,0.0,1.0,0.0
2164.0,swap,0.5501963945934691,737.0,5.0,0.8696825154081753,4.0,0.0,1.0,1.0,0.0
2165.0,add,0.873597849947558,738.0,1.0,0.6166758797976755,4.0,0.0,0.0,0.0,1.0
2166.0,add,0.873597849947558,739.0,2.0,0.873597849947558,4.0,0.0,0.0,0.0,2.0
2167.0,delete,0.2677858814627575,739.0,2.0,0.873597849947558,3.0,0.0,0.0,0.0,1.0
2168.0,swap,0.11731916609425042,739.0,2.0,0.873597849947558,3.0,1.0,0.0,0.0,1.0
2169.0,change,0.873597849947558,740.0,4.0,0.6371327531377246,4.0,1.0,0.0,0.0,2.0
2170.0,change,0.8735978499475604,741.0,5.0,0.873597849947558,4.0,1.0,0.0,0.0,2.0
2171.0,add,0.8696825154081714,741.0,5.0,0.873597849947558,4.0,1.0,0.0,1.0,2.0
2172.0,delete,0.873597849947558,741.0,5.0,0.873597849947558,4.0,1.0,0.0,0.0,1.0
2173.0,swap,0.26552057028739046,741.0,5.0,0.873597849947558,3.0,1.0,0.0,1.0,2.0
2174.0,add,0.8684525127287878,742.0,3.0,0.6390998045038863,4.0,0.0,0.0,1.0,2.0
2175.0,add,0.8684525127287878,743.0,4.0,0.8684525127287878,4.0,0.0,0.0,1.0,2.0
2176.0,add,0.8633374806385117,743.0,4.0,0.8684525127287878,4.0,0.0,0.0,2.0,2.0
2177.0,delete,0.2662086698628963,743.0,4.0,0.8684525127287878,3.0,0.0,0.0,1.0,2.0
2178.0,swap,0.8684525127287878,743.0,4.0,0.8684525127287878,4.0,0.0,0.0,1.0,2.0
2179.0,swap,0.8684525127287878,744.0,5.0,0.8684525127287878,4.0,0.0,0.0,1.0,2.0
2180.0,add,0.8532479788325797,744.0,5.0,0.8684525127287878,4.0,0.0,0.0,2.0,2.0
2181.0,delete,0.11719131559423906,744.0,5.0,0.8684525127287878,3.0,0.0,0.0,1.0,2.0
2182.0,swap,0.015029605389996384,744.0,5.0,0.8684525127287878,3.0,0.0,1.0,1.0,2.0
2183.0,swap,0.866164230387068,745.0,5.0,0.866164230387068,4.0,0.0,0.0,1.0,2.0
2184.0,add,0.2503397720929988,745.0,5.0,0.866164230387068,4.0,0.0,1.0,1.0,2.0
2185.0,delete,0.11731916609425042,745.0,5.0,0.866164230387068,3.0,0.0,0.0,1.0,2.0
2186.0,swap,0.4721356708053343,745.0,5.0,0.866164230387068,4.0,0.0,1.0,0.0,2.0
2187.0,add,0.8645604557060138,746.0,4.0,0.7488244857207869,4.0,0.0,0.0,2.0,2.0
2188.0,add,0.8645604557060138,747.0,5.0,0.8645604557060138,4.0,0.0,0.0,2.0,2.0
2189.0,add,0.8645604557060105,747.0,5.0,0.8645604557060138,4.0,1.0,0.0,2.0,2.0
2190.0,delete,0.8645604557060138,747.0,5.0,0.8645604557060138,4.0,0.0,0.0,2.0,1.0
2191.0,swap,0.3023032915018151,747.0,5.0,0.8645604557060138,3.0,0.0,0.0,2.0,3.0
2192.0,delete,0.8645604557060138,748.0,6.0,0.8645604557060138,4.0,0.0,0.0,2.0,1.0
2193.0,add,0.8645604557060138,748.0,6.0,0.8645604557060138,4.0,0.0,0.0,2.0,2.0
2194.0,delete,0.8645604557060138,748.0,6.0,0.8645604557060138,4.0,0.0,0.0,2.0,0.0
2195.0,swap,0.17079590100649877,748.0,6.0,0.8645604557060138,3.0,1.0,0.0,2.0,1.0
2196.0,add,0.8645604557060138,749.0,4.0,0.7335103436467387,4.0,0.0,0.0,2.0,2.0
2197.0,add,0.8645604557060138,750.0,5.0,0.8645604557060138,4.0,0.0,0.0,2.0,2.0
2198.0,add,0.8594685627545062,750.0,5.0,0.8645604557060138,4.0,0.0,0.0,2.0,3.0
2199.0,delete,0.8645604557060138,750.0,5.0,0.8645604557060138,4.0,0.0,0.0,2.0,1.0
2200.0,swap,0.8529928645617515,750.0,5.0,0.8645604557060138,4.0,0.0,0.0,3.0,1.0
2201.0,add,0.873597849947558,751.0,3.0,0.873597849947558,4.0,0.0,0.0,0.0,3.0
2202.0,delete,0.2677858814627575,751.0,3.0,0.873597849947558,3.0,0.0,0.0,0.0,2.0
2203.0,swap,0.3040764312848323,751.0,3.0,0.873597849947558,3.0,0.0,0.0,0.0,3.0
2204.0,delete,0.8645604557060138,752.0,6.0,0.8645604557060138,4.0,0.0,0.0,2.0,1.0
2205.0,add,0.8645604557060138,752.0,6.0,0.8645604557060138,4.0,0.0,0.0,2.0,2.0
2206.0,delete,0.30230329150181523,752.0,6.0,0.8645604557060138,3.0,0.0,0.0,2.0,1.0
2207.0,swap,0.7098636107567105,752.0,6.0,0.8645604557060138,4.0,0.0,1.0,1.0,1.0
2208.0,add,0.8645604557060138,753.0,6.0,0.8645604557060138,4.0,0.0,0.0,2.0,2.0
2209.0,add,0.8645604557060128,753.0,6.0,0.8645604557060138,4.0,1.0,0.0,2.0,2.0
2210.0,delete,0.08170900572249233,753.0,6.0,0.8645604557060138,3.0,0.0,0.0,2.0,2.0
2211.0,swap,0.034101462819712276,753.0,6.0,0.8645604557060138,3.0,0.0,0.0,2.0,3.0
2212.0,delete,0.873597849947558,754.0,6.0,0.873597849947558,4.0,1.0,0.0,0.0,2.0
2213.0,add,0.873597849947558,754.0,6.0,0.873597849947558,4.0,1.0,0.0,0.0,3.0
2214.0,delete,0.873597849947558,754.0,6.0,0.873597849947558,4.0,0.0,0.0,0.0,2.0
2215.0,swap,0.8735978499475604,754.0,6.0,0.873597849947558,4.0,1.0,0.0,0.0,2.0
2216.0,delete,0.8696825154081753,755.0,5.0,0.8735978499475584,4.0,1.0,0.0,1.0,1.0
2217.0,add,0.873597849947558,756.0,7.0,0.873597849947558,4.0,1.0,0.0,0.0,3.0
2218.0,add,0.8735876747204823,756.0,7.0,0.873597849947558,4.0,1.0,1.0,0.0,3.0
2219.0,delete,0.873597849947558,756.0,7.0,0.873597849947558,4.0,1.0,0.0,0.0,2.0
2220.0,swap,0.15474986387584347,756.0,7.0,0.873597849947558,3.0,1.0,1.0,0.0,3.0
2221.0,add,0.8735978499475604,757.0,2.0,0.5797645031606764,4.0,1.0,0.0,0.0,1.0
2222.0,add,0.873597849947558,758.0,3.0,0.8735978499475604,4.0,1.0,0.0,0.0,1.0
2223.0,add,0.8684525127287872,758.0,3.0,0.8735978499475604,4.0,1.0,0.0,1.0,1.0
2224.0,delete,0.8735978499475604,758.0,3.0,0.8735978499475604,4.0,1.0,0.0,0.0,0.0
2225.0,swap,0.873597849947558,758.0,3.0,0.8735978499475604,4.0,2.0,0.0,0.0,0.0
2226.0,add,0.8684525127287872,759.0,4.0,0.8684525127287872,4.0,1.0,0.0,1.0,1.0
2227.0,add,0.8684525127287878,759.0,4.0,0.8684525127287872,4.0,2.0,0.0,1.0,1.0
2228.0,delete,0.26620866986289676,759.0,4.0,0.8684525127287872,3.0,1.0,0.0,1.0,1.0
2229.0,swap,0.26502893700009034,759.0,4.0,0.8684525127287872,3.0,1.0,0.0,2.0,1.0
2230.0,add,0.873597849947558,760.0,2.0,0.6884649659601763,4.0,0.0,0.0,0.0,2.0
2231.0,add,0.873597849947558,761.0,3.0,0.873597849947558,4.0,0.0,0.0,0.0,3.0
2232.0,delete,0.873597849947558,761.0,3.0,0.873597849947558,4.0,0.0,0.0,0.0,1.0
2233.0,swap,0.873597849947558,761.0,3.0,0.873597849947558,4.0,1.0,0.0,0.0,1.0
2234.0,add,0.8684525127287878,762.0,4.0,0.873597849947558,4.0,0.0,0.0,1.0,3.0
2235.0,delete,0.3040764312848323,762.0,4.0,0.873597849947558,3.0,0.0,0.0,0.0,3.0
2236.0,swap,0.1721723516748124,762.0,4.0,0.873597849947558,3.0,0.0,0.0,0.0,4.0
2237.0,add,0.873597849947558,763.0,4.0,0.873597849947558,4.0,1.0,0.0,0.0,1.0
2238.0,add,0.873597849947558,763.0,4.0,0.873597849947558,4.0,2.0,0.0,0.0,1.0
2239.0,delete,0.3040764312848323,763.0,4.0,0.873597849947558,3.0,1.0,0.0,0.0,1.0
2240.0,swap,0.873597849947558,763.0,4.0,0.873597849947558,4.0,0.0,0.0,0.0,2.0
2241.0,change,0.873597849947558,764.0,3.0,0.7596935662150128,4.0,1.0,0.0,0.0,1.0
2242.0,change,0.873597849947558,765.0,4.0,0.873597849947558,4.0,1.0,0.0,0.0,1.0
2243.0,add,0.873597849947558,765.0,4.0,0.873597849947558,4.0,1.0,0.0,0.0,2.0
2244.0,delete,0.30407643128483264,765.0,4.0,0.873597849947558,3.0,1.0,0.0,0.0,1.0
2245.0,swap,0.30407643128483264,765.0,4.0,0.873597849947558,3.0,1.0,0.0,0.0,2.0
2246.0,add,0.873597849947558,766.0,5.0,0.873597849947558,4.0,0.0,0.0,0.0,3.0
2247.0,delete,0.11731916609425042,766.0,5.0,0.873597849947558,3.0,0.0,0.0,0.0,2.0
2248.0,swap,0.11731916609425042,766.0,5.0,0.873597849947558,3.0,0.0,0.0,1.0,2.0
2249.0,add,0.8729462671347582,767.0,3.0,0.6273190290098699,4.0,1.0,1.0,0.0,1.0
2250.0,add,0.8729462671347572,768.0,4.0,0.8729462671347582,4.0,1.0,1.0,0.0,1.0
2251.0,add,0.8729462671347582,768.0,4.0,0.8729462671347582,4.0,1.0,1.0,0.0,2.0
2252.0,delete,0.8729462671347582,768.0,4.0,0.8729462671347582,4.0,1.0,1.0,0.0,0.0
2253.0,swap,0.011881326786409244,768.0,4.0,0.8729462671347582,3.0,1.0,2.0,0.0,1.0
2254.0,delete,0.8529407963472968,769.0,5.0,0.8729462671347582,4.0,1.0,1.0,0.0,0.0
2255.0,add,0.17644638513026378,769.0,5.0,0.8729462671347582,4.0,1.0,2.0,0.0,0.0
2256.0,delete,0.8735978499475604,769.0,5.0,0.8729462671347582,4.0,1.0,0.0,0.0,0.0
2257.0,swap,0.04717108303251901,769.0,5.0,0.8729462671347582,3.0,1.0,2.0,0.0,0.0
2258.0,add,0.873597849947558,770.0,2.0,0.6464637155712181,4.0,0.0,0.0,0.0,2.0
2259.0,add,0.8696825154081719,771.0,3.0,0.873597849947558,4.0,0.0,0.0,1.0,2.0
2260.0,delete,0.3040764312848323,771.0,3.0,0.873597849947558,3.0,0.0,0.0,0.0,2.0
2261.0,swap,0.11719131559423906,771.0,3.0,0.873597849947558,3.0,0.0,0.0,1.0,2.0
2262.0,add,0.8696825154081753,772.0,6.0,0.8696825154081719,4.0,1.0,0.0,1.0,2.0
2263.0,add,0.6951478563991942,772.0,6.0,0.8696825154081719,4.0,1.0,1.0,1.0,2.0
2264.0,delete,0.8696825154081719,772.0,6.0,0.8696825154081719,4.0,0.0,0.0,1.0,2.0
2265.0,swap,0.8657855661243111,772.0,6.0,0.8696825154081719,4.0,1.0,0.0,2.0,1.0
2266.0,change,0.873597849947558,773.0,3.0,0.625819263509497,4.0,1.0,0.0,0.0,1.0
2267.0,change,0.873597849947558,774.0,4.0,0.873597849947558,4.0,1.0,0.0,0.0,1.0
2268.0,add,0.873597849947558,774.0,4.0,0.873597849947558,4.0,1.0,0.0,0.0,2.0
2269.0,delete,0.873597849947558,774.0,4.0,0.873597849947558,4.0,1.0,0.0,0.0,0.0
2270.0,swap,0.2677858814627575,774.0,4.0,0.873597849947558,3.0,1.0,0.0,1.0,1.0
2271.0,delete,0.873597849947558,775.0,5.0,0.873597849947558,4.0,1.0,0.0,0.0,0.0
2272.0,add,0.873597849947558,775.0,5.0,0.873597849947558,4.0,1.0,0.0,0.0,1.0
2273.0,delete,0.2677858814627575,775.0,5.0,0.873597849947558,3.0,1.0,0.0,0.0,0.0
2274.0,swap,0.30407643128483275,775.0,5.0,0.873597849947558,3.0,1.0,0.0,1.0,0.0
2275.0,add,0.873597849947558,776.0,4.0,0.873597849947558,4.0,0.0,0.0,0.0,4.0
2276.0,delete,0.3040764312848323,776.0,4.0,0.873597849947558,3.0,0.0,0.0,0.0,3.0
2277.0,swap,0.3040764312848323,776.0,4.0,0.873597849947558,3.0,0.0,0.0,0.0,4.0
2278.0,add,0.8696825154081719,777.0,4.0,0.7400353101535784,4.0,0.0,0.0,1.0,3.0
2279.0,add,0.8696825154081719,778.0,5.0,0.8696825154081719,4.0,0.0,0.0,1.0,3.0
2280.0,add,0.8696825154081719,778.0,5.0,0.8696825154081719,4.0,0.0,0.0,1.0,4.0
2281.0,delete,0.3040764312848323,778.0,5.0,0.8696825154081719,3.0,0.0,0.0,1.0,3.0
2282.0,swap,0.8657855661243155,778.0,5.0,0.8696825154081719,4.0,0.0,0.0,2.0,2.0
2283.0,change,0.8696825154081753,779.0,5.0,0.8339961937496048,4.0,1.0,0.0,1.0,2.0
2284.0,add,0.873597849947558,780.0,5.0,0.873597849947558,4.0,1.0,0.0,0.0,2.0
2285.0,add,0.08310680119708881,780.0,5.0,0.873597849947558,4.0,1.0,1.0,0.0,2.0
2286.0,delete,0.3040764312848323,780.0,5.0,0.873597849947558,3.0,1.0,0.0,0.0,2.0
2287.0,swap,0.30407643128483275,780.0,5.0,0.873597849947558,3.0,1.0,0.0,1.0,2.0
2288.0,change,0.8696825154081753,781.0,6.0,0.8696825154081753,4.0,1.0,0.0,1.0,2.0
2289.0,add,0.858045746934309,781.0,6.0,0.8696825154081753,4.0,1.0,0.0,2.0,2.0
2290.0,delete,0.26659909213401584,781.0,6.0,0.8696825154081753,3.0,1.0,0.0,1.0,2.0
2291.0,swap,0.26659909213401584,781.0,6.0,0.8696825154081753,3.0,1.0,0.0,1.0,3.0
2292.0,add,0.873597849947558,782.0,5.0,0.873597849947558,4.0,1.0,0.0,0.0,4.0
2293.0,delete,0.2677858814627575,782.0,5.0,0.873597849947558,3.0,0.0,0.0,0.0,4.0
2294.0,swap,0.12239367514811156,782.0,5.0,0.873597849947558,4.0,0.0,1.0,0.0,3.0
2295.0,delete,0.873597849947558,783.0,7.0,0.873597849947558,4.0,1.0,0.0,0.0,2.0
2296.0,add,0.11266863159649154,783.0,7.0,0.873597849947558,4.0,1.0,1.0,0.0,2.0
2297.0,delete,0.08208499862389872,783.0,7.0,0.873597849947558,3.0,1.0,0.0,0.0,2.0
2298.0,swap,0.04526423397858692,783.0,7.0,0.873597849947558,3.0,1.0,0.0,0.0,3.0
2299.0,delete,0.873597849947558,784.0,6.0,0.873597849947558,4.0,1.0,0.0,0.0,1.0
2300.0,add,0.873597849947558,784.0,6.0,0.873597849947558,4.0,1.0,0.0,0.0,2.0
2301.0,delete,0.11731916609425053,784.0,6.0,0.873597849947558,3.0,1.0,0.0,0.0,1.0
2302.0,swap,0.8686050791114127,784.0,6.0,0.873597849947558,4.0,0.0,1.0,0.0,1.0
2303.0,change,0.873597849947558,785.0,6.0,0.8735978499475604,4.0,1.0,0.0,0.0,2.0
2304.0,add,0.6200896613267458,785.0,6.0,0.8735978499475604,4.0,1.0,1.0,0.0,2.0
2305.0,delete,0.8735978499475604,785.0,6.0,0.8735978499475604,4.0,1.0,0.0,0.0,1.0
2306.0,swap,0.8112759538772469,785.0,6.0,0.8735978499475604,4.0,0.0,1.0,0.0,2.0
2307.0,change,0.873597849947558,786.0,5.0,0.8104318330093344,4.0,1.0,0.0,0.0,2.0
2308.0,change,0.873597849947558,787.0,6.0,0.873597849947558,4.0,1.0,0.0,0.0,2.0
2309.0,add,0.873597849947558,787.0,6.0,0.873597849947558,4.0,2.0,0.0,0.0,2.0
2310.0,delete,0.11731916609425042,787.0,6.0,0.873597849947558,3.0,1.0,0.0,0.0,2.0
2311.0,swap,0.873597849947558,787.0,6.0,0.873597849947558,4.0,2.0,0.0,0.0,1.0
2312.0,add,0.8696825154081719,788.0,6.0,0.8696825154081714,4.0,1.0,0.0,1.0,2.0
2313.0,add,0.8696825154081714,788.0,6.0,0.8696825154081714,4.0,1.0,0.0,1.0,3.0
2314.0,delete,0.8696825154081714,788.0,6.0,0.8696825154081714,4.0,1.0,0.0,1.0,1.0
2315.0,swap,0.8696825154081714,788.0,6.0,0.8696825154081714,4.0,1.0,0.0,1.0,2.0
2316.0,add,0.8684525127287878,789.0,5.0,0.8684525127287878,4.0,0.0,0.0,1.0,2.0
2317.0,add,0.8684525127287878,789.0,5.0,0.8684525127287878,4.0,1.0,0.0,1.0,2.0
2318.0,delete,0.8684525127287878,789.0,5.0,0.8684525127287878,4.0,0.0,0.0,1.0,1.0
2319.0,swap,0.11719131559423902,789.0,5.0,0.8684525127287878,3.0,0.0,0.0,2.0,2.0
2320.0,add,0.8684525127287878,790.0,4.0,0.8684525127287878,4.0,0.0,0.0,1.0,1.0
2321.0,add,0.8633374806385117,790.0,4.0,0.8684525127287878,4.0,0.0,0.0,2.0,1.0
2322.0,delete,0.17117968659641367,790.0,4.0,0.8684525127287878,3.0,0.0,0.0,1.0,1.0
2323.0,swap,0.1634044637026838,790.0,4.0,0.8684525127287878,3.0,0.0,1.0,1.0,1.0
2324.0,add,0.18471786961648445,791.0,5.0,0.8696825154081715,4.0,1.0,1.0,0.0,2.0
2325.0,delete,0.8735978499475604,792.0,7.0,0.8735978499475604,4.0,1.0,0.0,0.0,1.0
2326.0,add,0.8696825154081739,792.0,7.0,0.8735978499475604,4.0,1.0,0.0,1.0,1.0
2327.0,delete,0.30407643128483247,792.0,7.0,0.8735978499475604,3.0,1.0,0.0,0.0,1.0
2328.0,swap,0.873597849947558,792.0,7.0,0.8735978499475604,4.0,0.0,0.0,0.0,2.0
2329.0,change,0.8735978499475604,793.0,4.0,0.7020402337411721,4.0,1.0,0.0,0.0,2.0
2330.0,change,0.8735978499475604,794.0,5.0,0.8735978499475604,4.0,1.0,0.0,0.0,2.0
2331.0,add,0.8735978499475604,794.0,5.0,0.8735978499475604,4.0,1.0,0.0,0.0,3.0
2332.0,delete,0.8735978499475604,794.0,5.0,0.8735978499475604,4.0,1.0,0.0,0.0,1.0
2333.0,swap,0.8684525127287901,794.0,5.0,0.8735978499475604,4.0,1.0,0.0,1.0,1.0
2334.0,change,0.8684525127287878,795.0,4.0,0.7182002733018781,4.0,0.0,0.0,1.0,2.0
2335.0,change,0.8684525127287878,796.0,5.0,0.8684525127287878,4.0,0.0,0.0,1.0,2.0
2336.0,add,0.18819512876927005,796.0,5.0,0.8684525127287878,4.0,0.0,1.0,1.0,2.0
2337.0,delete,0.2662086698628963,796.0,5.0,0.8684525127287878,3.0,0.0,0.0,1.0,2.0
2338.0,swap,0.8696825154081719,796.0,5.0,0.8684525127287878,4.0,0.0,0.0,1.0,2.0
2339.0,add,0.8735978499475604,797.0,6.0,0.8735978499475604,4.0,1.0,0.0,0.0,3.0
2340.0,add,0.873597849947558,797.0,6.0,0.8735978499475604,4.0,2.0,0.0,0.0,3.0
2341.0,delete,0.8735978499475604,797.0,6.0,0.8735978499475604,4.0,1.0,0.0,0.0,2.0
2342.0,swap,0.01089200221150773,797.0,6.0,0.8735978499475604,3.0,1.0,1.0,0.0,3.0
2343.0,delete,0.873597849947558,798.0,6.0,0.8735978499475604,4.0,1.0,0.0,0.0,1.0
2344.0,add,0.8615631427493664,798.0,6.0,0.8735978499475604,4.0,1.0,1.0,0.0,1.0
2345.0,delete,0.11731916609425057,798.0,6.0,0.8735978499475604,3.0,1.0,0.0,0.0,1.0
2346.0,swap,0.26659909213401506,798.0,6.0,0.8735978499475604,3.0,1.0,0.0,1.0,1.0
2347.0,change,0.8735978499475604,799.0,5.0,0.7560588841085198,4.0,1.0,0.0,0.0,2.0
2348.0,change,0.8735978499475604,800.0,6.0,0.8735978499475604,4.0,1.0,0.0,0.0,2.0
2349.0,add,0.8735978499475604,800.0,6.0,0.8735978499475604,4.0,1.0,0.0,0.0,3.0
2350.0,delete,0.8735978499475604,800.0,6.0,0.8735978499475604,4.0,1.0,0.0,0.0,1.0
2351.0,swap,0.19798042225432458,800.0,6.0,0.8735978499475604,4.0,1.0,1.0,0.0,1.0
2352.0,swap,0.8696825154081768,801.0,5.0,0.8696825154081772,4.0,1.0,0.0,1.0,1.0
2353.0,add,0.5693036961641897,801.0,5.0,0.8696825154081772,4.0,1.0,1.0,1.0,1.0
2354.0,delete,0.3040764312848323,801.0,5.0,0.8696825154081772,3.0,1.0,0.0,1.0,1.0
2355.0,swap,0.3040764312848323,801.0,5.0,0.8696825154081772,3.0,1.0,0.0,2.0,1.0
2356.0,add,0.8696825154081763,802.0,5.0,0.8696825154081719,4.0,1.0,0.0,1.0,1.0
2357.0,add,0.8696825154081719,802.0,5.0,0.8696825154081719,4.0,1.0,0.0,1.0,2.0
2358.0,delete,0.17178633317317293,802.0,5.0,0.8696825154081719,3.0,1.0,0.0,1.0,1.0
2359.0,swap,0.873597849947558,802.0,5.0,0.8696825154081719,4.0,2.0,0.0,0.0,1.0
2360.0,add,0.873597849947558,803.0,4.0,0.7308863458690502,4.0,1.0,0.0,0.0,2.0
2361.0,add,0.873597849947558,804.0,5.0,0.873597849947558,4.0,1.0,0.0,0.0,2.0
2362.0,add,0.873597849947558,804.0,5.0,0.873597849947558,4.0,1.0,0.0,0.0,3.0
2363.0,delete,0.1721723516748124,804.0,5.0,0.873597849947558,3.0,1.0,0.0,0.0,2.0
2364.0,swap,0.17217235167481248,804.0,5.0,0.873597849947558,3.0,2.0,0.0,0.0,2.0
2365.0,add,0.18186187449761815,805.0,3.0,0.6656595244144505,4.0,0.0,1.0,0.0,2.0
2366.0,add,0.8684525127287878,806.0,6.0,0.8684525127287878,4.0,0.0,0.0,1.0,1.0
2367.0,add,0.8633374806385117,806.0,6.0,0.8684525127287878,4.0,0.0,0.0,1.0,2.0
2368.0,delete,0.2662086698628963,806.0,6.0,0.8684525127287878,3.0,0.0,0.0,1.0,1.0
2369.0,swap,0.03637356962851705,806.0,6.0,0.8684525127287878,3.0,1.0,0.0,1.0,1.0
2370.0,add,0.8696825154081719,807.0,7.0,0.8696825154081719,4.0,1.0,0.0,1.0,2.0
2371.0,add,0.8696825154081719,807.0,7.0,0.8696825154081719,4.0,1.0,0.0,1.0,3.0
2372.0,delete,0.11682971704228423,807.0,7.0,0.8696825154081719,3.0,1.0,0.0,1.0,2.0
2373.0,swap,0.8696825154081719,807.0,7.0,0.8696825154081719,4.0,1.0,0.0,1.0,2.0
2374.0,swap,0.6966412768998897,808.0,7.0,0.8112759538772469,4.0,0.0,1.0,0.0,2.0
2375.0,add,0.09342280396250494,808.0,7.0,0.8112759538772469,4.0,0.0,2.0,0.0,2.0
2376.0,delete,0.10950397722493015,808.0,7.0,0.8112759538772469,3.0,0.0,1.0,0.0,2.0
2377.0,swap,0.048082715994064135,808.0,7.0,0.8112759538772469,3.0,1.0,1.0,0.0,2.0
2378.0,change,0.8696825154081719,809.0,2.0,0.434600147904713,4.0,0.0,0.0,1.0,0.0
2379.0,change,0.8696825154081719,810.0,3.0,0.8696825154081719,4.0,0.0,0.0,1.0,0.0
2380.0,add,0.8696825154081719,810.0,3.0,0.8696825154081719,4.0,0.0,0.0,1.0,1.0
2381.0,delete,0.873597849947558,810.0,3.0,0.8696825154081719,4.0,0.0,0.0,0.0,0.0
2382.0,swap,0.5937011934777489,810.0,3.0,0.8696825154081719,3.0,0.0,1.0,1.0,0.0
2383.0,add,0.19565915549228938,811.0,4.0,0.873597849947558,4.0,0.0,1.0,0.0,0.0
2384.0,delete,0.3040764312848323,811.0,4.0,0.873597849947558,3.0,0.0,0.0,0.0,0.0
2385.0,swap,0.2677858814627575,811.0,4.0,0.873597849947558,3.0,0.0,0.0,1.0,0.0
2386.0,change,0.8696825154081719,812.0,2.0,0.539759138262559,4.0,0.0,0.0,1.0,0.0
2387.0,change,0.8696825154081719,813.0,3.0,0.8696825154081719,4.0,0.0,0.0,1.0,0.0
2388.0,add,0.8696825154081768,813.0,3.0,0.8696825154081719,4.0,1.0,0.0,1.0,0.0
2389.0,delete,0.30276636134333024,813.0,3.0,0.8696825154081719,3.0,0.0,0.0,1.0,0.0
2390.0,swap,0.26541783293582805,813.0,3.0,0.8696825154081719,3.0,0.0,0.0,2.0,0.0
2391.0,add,0.8696825154081763,814.0,4.0,0.8696825154081768,4.0,1.0,0.0,1.0,0.0
2392.0,add,0.8645604557060119,814.0,4.0,0.8696825154081768,4.0,1.0,0.0,2.0,0.0
2393.0,delete,0.3040764312848323,814.0,4.0,0.8696825154081768,3.0,1.0,0.0,1.0,0.0
2394.0,swap,0.30276636134333035,814.0,4.0,0.8696825154081768,3.0,1.0,0.0,2.0,0.0
2395.0,swap,0.873597849947558,815.0,6.0,0.873597849947558,4.0,2.0,0.0,0.0,1.0
2396.0,add,0.873597849947558,815.0,6.0,0.873597849947558,4.0,3.0,0.0,0.0,1.0
2397.0,delete,0.2677858814627575,815.0,6.0,0.873597849947558,3.0,2.0,0.0,0.0,1.0
2398.0,swap,0.17178633317317307,815.0,6.0,0.873597849947558,3.0,2.0,0.0,1.0,1.0
2399.0,add,0.873597849947558,816.0,4.0,0.873597849947558,4.0,2.0,0.0,0.0,1.0
2400.0,add,0.8684525127287892,816.0,4.0,0.873597849947558,4.0,2.0,0.0,1.0,1.0
2401.0,delete,0.3040764312848323,816.0,4.0,0.873597849947558,3.0,2.0,0.0,0.0,1.0
2402.0,swap,0.09885265288493632,816.0,4.0,0.873597849947558,3.0,2.0,1.0,0.0,1.0
2403.0,add,0.8696825154081719,817.0,4.0,0.6665144459553152,4.0,0.0,0.0,1.0,3.0
2404.0,add,0.8696825154081719,818.0,5.0,0.8696825154081719,4.0,0.0,0.0,1.0,3.0
2405.0,add,0.8645604557060138,818.0,5.0,0.8696825154081719,4.0,0.0,0.0,2.0,3.0
2406.0,delete,0.8696825154081719,818.0,5.0,0.8696825154081719,4.0,0.0,0.0,1.0,2.0
2407.0,swap,0.873597849947558,818.0,5.0,0.8696825154081719,4.0,0.0,0.0,0.0,4.0
2408.0,add,0.873597849947558,819.0,6.0,0.873597849947558,4.0,0.0,0.0,0.0,5.0
2409.0,delete,0.873597849947558,819.0,6.0,0.873597849947558,4.0,0.0,0.0,0.0,3.0
2410.0,swap,0.873597849947558,819.0,6.0,0.873597849947558,4.0,1.0,0.0,0.0,3.0
2411.0,add,0.873597849947558,820.0,4.0,0.8028380987951684,4.0,1.0,0.0,0.0,3.0
2412.0,add,0.8645604557060138,821.0,6.0,0.8645604557060138,4.0,0.0,0.0,2.0,3.0
2413.0,add,0.8645604557060138,821.0,6.0,0.8645604557060138,4.0,0.0,0.0,2.0,4.0
2414.0,delete,0.30100095559490514,821.0,6.0,0.8645604557060138,3.0,0.0,0.0,2.0,3.0
2415.0,swap,0.849424699593529,821.0,6.0,0.8645604557060138,4.0,0.0,0.0,3.0,2.0
2416.0,swap,0.26622721585628073,822.0,3.0,0.26622721585628073,3.0,0.0,0.0,1.0,1.0
2417.0,add,0.2662272158562809,822.0,3.0,0.26622721585628073,3.0,1.0,0.0,1.0,1.0
2418.0,delete,0.09391494088310233,822.0,3.0,0.26622721585628073,2.0,0.0,0.0,1.0,1.0
2419.0,swap,0.05411376622282158,822.0,3.0,0.26622721585628073,2.0,1.0,0.0,1.0,1.0
2420.0,swap,0.26541783293582805,823.0,5.0,0.873597849947558,3.0,0.0,0.0,2.0,3.0
2421.0,change,0.873597849947558,824.0,3.0,0.646083224196968,4.0,1.0,0.0,0.0,1.0
2422.0,change,0.873597849947558,825.0,4.0,0.873597849947558,4.0,1.0,0.0,0.0,1.0
2423.0,add,0.873597849947558,825.0,4.0,0.873597849947558,4.0,1.0,0.0,0.0,2.0
2424.0,delete,0.873597849947558,825.0,4.0,0.873597849947558,4.0,1.0,0.0,0.0,0.0
2425.0,swap,0.8722319157111049,825.0,4.0,0.873597849947558,4.0,1.0,1.0,0.0,0.0
2426.0,add,0.873597849947558,826.0,5.0,0.873597849947558,4.0,1.0,0.0,0.0,2.0
2427.0,add,0.873597849947558,826.0,5.0,0.873597849947558,4.0,2.0,0.0,0.0,2.0
2428.0,delete,0.873597849947558,826.0,5.0,0.873597849947558,4.0,1.0,0.0,0.0,1.0
2429.0,swap,0.11731916609425062,826.0,5.0,0.873597849947558,3.0,1.0,0.0,1.0,2.0
2430.0,change,0.873597849947558,827.0,3.0,0.7382251537445071,4.0,1.0,0.0,0.0,1.0
2431.0,change,0.873597849947558,828.0,4.0,0.873597849947558,4.0,1.0,0.0,0.0,1.0
2432.0,add,0.873597849947558,828.0,4.0,0.873597849947558,4.0,1.0,0.0,0.0,2.0
2433.0,delete,0.873597849947558,828.0,4.0,0.873597849947558,4.0,0.0,0.0,0.0,1.0
2434.0,swap,0.873597849947558,828.0,4.0,0.873597849947558,4.0,0.0,0.0,0.0,2.0
2435.0,add,0.873597849947558,829.0,5.0,0.873597849947558,4.0,1.0,0.0,0.0,2.0
2436.0,add,0.22150980504956339,829.0,5.0,0.873597849947558,4.0,1.0,1.0,0.0,2.0
2437.0,delete,0.30407643128483247,829.0,5.0,0.873597849947558,3.0,1.0,0.0,0.0,2.0
2438.0,swap,0.30407643128483264,829.0,5.0,0.873597849947558,3.0,1.0,0.0,0.0,3.0
2439.0,add,0.873597849947558,830.0,2.0,0.6061937003910689,4.0,0.0,0.0,0.0,2.0
2440.0,add,0.8696825154081719,831.0,3.0,0.873597849947558,4.0,0.0,0.0,1.0,2.0
2441.0,delete,0.873597849947558,831.0,3.0,0.873597849947558,4.0,0.0,0.0,0.0,1.0
2442.0,swap,0.8684525127287878,831.0,3.0,0.873597849947558,4.0,0.0,0.0,1.0,1.0
2443.0,add,0.873597849947558,832.0,4.0,0.873597849947558,4.0,1.0,0.0,0.0,1.0
2444.0,delete,0.873597849947558,832.0,4.0,0.873597849947558,4.0,0.0,0.0,0.0,0.0
2445.0,swap,0.08221545414590284,832.0,4.0,0.873597849947558,3.0,0.0,1.0,0.0,1.0
2446.0,add,0.8696825154081719,833.0,4.0,0.8696825154081719,4.0,0.0,0.0,1.0,2.0
2447.0,add,0.8645604557060138,833.0,4.0,0.8696825154081719,4.0,0.0,0.0,2.0,2.0
2448.0,delete,0.8696825154081719,833.0,4.0,0.8696825154081719,4.0,0.0,0.0,1.0,1.0
2449.0,swap,0.11719131559423902,833.0,4.0,0.8696825154081719,3.0,1.0,0.0,1.0,2.0
2450.0,add,0.17137778137370585,834.0,3.0,0.7181598635049538,4.0,0.0,1.0,0.0,2.0
2451.0,delete,0.3040764312848323,835.0,3.0,0.6757522509971442,3.0,0.0,0.0,0.0,2.0
2452.0,delete,0.8696825154081719,836.0,5.0,0.8696825154081719,4.0,0.0,0.0,1.0,1.0
2453.0,add,0.8645604557060138,836.0,5.0,0.8696825154081719,4.0,0.0,0.0,2.0,1.0
2454.0,delete,0.11719131559423906,836.0,5.0,0.8696825154081719,3.0,0.0,0.0,1.0,1.0
2455.0,swap,0.873597849947558,836.0,5.0,0.8696825154081719,4.0,0.0,0.0,0.0,2.0
2456.0,add,0.8696825154081719,837.0,5.0,0.8696825154081719,4.0,0.0,0.0,1.0,2.0
2457.0,add,0.8657855661243155,837.0,5.0,0.8696825154081719,4.0,0.0,0.0,2.0,2.0
2458.0,delete,0.3040764312848323,837.0,5.0,0.8696825154081719,3.0,0.0,0.0,1.0,2.0
2459.0,swap,0.08221791818552746,837.0,5.0,0.8696825154081719,4.0,0.0,1.0,0.0,2.0
2460.0,delete,0.873597849947558,838.0,5.0,0.873597849947558,4.0,1.0,0.0,0.0,0.0
2461.0,add,0.12905012364122317,838.0,5.0,0.873597849947558,4.0,1.0,1.0,0.0,0.0
2462.0,delete,0.30407643128483264,838.0,5.0,0.873597849947558,3.0,1.0,0.0,0.0,0.0
2463.0,swap,0.051999310123989284,838.0,5.0,0.873597849947558,3.0,2.0,0.0,0.0,0.0
2464.0,add,0.07141783552966452,839.0,3.0,0.06890921586348274,4.0,0.0,1.0,0.0,1.0
2465.0,add,0.06890921586348256,839.0,3.0,0.06890921586348274,4.0,1.0,1.0,0.0,1.0
2466.0,delete,0.01029683030126499,839.0,3.0,0.06890921586348274,3.0,0.0,1.0,0.0,1.0
2467.0,swap,0.873597849947558,839.0,3.0,0.06890921586348274,4.0,0.0,0.0,0.0,2.0
2468.0,change,0.8696825154081719,840.0,4.0,0.8696825154081719,4.0,0.0,0.0,1.0,0.0
2469.0,add,0.8696825154081739,840.0,4.0,0.8696825154081719,4.0,1.0,0.0,1.0,0.0
2470.0,delete,0.26659909213401584,840.0,4.0,0.8696825154081719,3.0,0.0,0.0,1.0,0.0
2471.0,swap,0.08411346709692406,840.0,4.0,0.8696825154081719,3.0,0.0,1.0,1.0,0.0
2472.0,add,0.8696825154081719,841.0,6.0,0.8696825154081719,4.0,0.0,0.0,1.0,3.0
2473.0,add,0.8696825154081733,841.0,6.0,0.8696825154081719,4.0,1.0,0.0,1.0,3.0
2474.0,delete,0.08170900572249233,841.0,6.0,0.8696825154081719,3.0,0.0,0.0,1.0,3.0
2475.0,swap,0.873597849947558,841.0,6.0,0.8696825154081719,4.0,0.0,0.0,0.0,4.0
2476.0,add,0.8684525127287878,842.0,7.0,0.873597849947558,4.0,0.0,0.0,1.0,5.0
2477.0,delete,0.873597849947558,842.0,7.0,0.873597849947558,4.0,0.0,0.0,0.0,4.0
2478.0,swap,0.031597358907012055,842.0,7.0,0.873597849947558,3.0,0.0,1.0,0.0,5.0
2479.0,add,0.8696825154081743,843.0,5.0,0.7488214044612951,4.0,1.0,0.0,1.0,3.0
2480.0,add,0.8696825154081743,844.0,6.0,0.8696825154081743,4.0,1.0,0.0,1.0,3.0
2481.0,add,0.8696825154081743,844.0,6.0,0.8696825154081743,4.0,1.0,0.0,1.0,4.0
2482.0,delete,0.2665990921340155,844.0,6.0,0.8696825154081743,3.0,1.0,0.0,1.0,3.0
2483.0,swap,0.8526377536357226,844.0,6.0,0.8696825154081743,4.0,0.0,1.0,1.0,3.0
2484.0,add,0.8645604557060138,845.0,7.0,0.8645604557060138,4.0,0.0,0.0,2.0,3.0
2485.0,add,0.7789918401509723,845.0,7.0,0.8645604557060138,4.0,0.0,1.0,2.0,3.0
2486.0,delete,0.08170900572249233,845.0,7.0,0.8645604557060138,3.0,0.0,0.0,2.0,3.0
2487.0,swap,0.8645604557060138,845.0,7.0,0.8645604557060138,4.0,1.0,0.0,2.0,2.0
2488.0,add,0.873597849947558,846.0,5.0,0.873597849947558,4.0,1.0,0.0,0.0,2.0
2489.0,add,0.1099140240394295,846.0,5.0,0.873597849947558,4.0,1.0,1.0,0.0,2.0
2490.0,delete,0.873597849947558,846.0,5.0,0.873597849947558,4.0,1.0,0.0,0.0,1.0
2491.0,swap,0.8684525127287892,846.0,5.0,0.873597849947558,4.0,1.0,0.0,1.0,1.0
2492.0,change,0.8684525127287878,847.0,3.0,0.5869653312790369,4.0,0.0,0.0,1.0,1.0
2493.0,add,0.873597849947558,848.0,4.0,0.873597849947558,4.0,1.0,0.0,0.0,1.0
2494.0,delete,0.3040764312848323,848.0,4.0,0.873597849947558,3.0,0.0,0.0,0.0,1.0
2495.0,swap,0.3040764312848323,848.0,4.0,0.873597849947558,3.0,0.0,0.0,0.0,2.0
2496.0,change,0.8684525127287878,849.0,4.0,0.8684525127287878,4.0,0.0,0.0,1.0,1.0
2497.0,add,0.8633374806385117,849.0,4.0,0.8684525127287878,4.0,0.0,0.0,1.0,2.0
2498.0,delete,0.2677858814627575,849.0,4.0,0.8684525127287878,3.0,0.0,0.0,1.0,1.0
2499.0,swap,0.13691895356996012,849.0,4.0,0.8684525127287878,3.0,0.0,1.0,1.0,1.0
2500.0,add,0.873597849947558,850.0,7.0,0.873597849947558,4.0,0.0,0.0,0.0,4.0
2501.0,delete,0.2677858814627575,850.0,7.0,0.873597849947558,3.0,0.0,0.0,0.0,3.0
2502.0,swap,0.08568706349467925,850.0,7.0,0.873597849947558,3.0,0.0,0.0,1.0,3.0
2503.0,add,0.873597849947558,851.0,3.0,0.5464528392872677,4.0,2.0,0.0,0.0,1.0
2504.0,add,0.873597849947558,852.0,4.0,0.873597849947558,4.0,2.0,0.0,0.0,1.0
2505.0,add,0.873597849947558,852.0,4.0,0.873597849947558,4.0,2.0,0.0,0.0,2.0
2506.0,delete,0.30407643128483264,852.0,4.0,0.873597849947558,3.0,2.0,0.0,0.0,1.0
2507.0,swap,0.08208499862389862,852.0,4.0,0.873597849947558,3.0,3.0,0.0,0.0,1.0
2508.0,add,0.8696825154081719,853.0,5.0,0.8696825154081719,4.0,0.0,0.0,1.0,1.0
2509.0,add,0.25053288270708735,853.0,5.0,0.8696825154081719,4.0,0.0,1.0,1.0,1.0
2510.0,delete,0.3040764312848323,853.0,5.0,0.8696825154081719,3.0,0.0,0.0,1.0,1.0
2511.0,swap,0.7720755743023476,853.0,5.0,0.8696825154081719,4.0,0.0,1.0,1.0,0.0
2512.0,add,0.858045746934309,854.0,6.0,0.858045746934309,4.0,0.0,0.0,2.0,0.0
2513.0,add,0.858045746934309,854.0,6.0,0.858045746934309,4.0,0.0,0.0,2.0,1.0
2514.0,delete,0.8696825154081719,854.0,6.0,0.858045746934309,4.0,0.0,0.0,1.0,0.0
2515.0,swap,0.8696825154081753,854.0,6.0,0.858045746934309,4.0,1.0,0.0,1.0,0.0
2516.0,change,0.858045746934309,855.0,5.0,0.8627004543238549,4.0,0.0,0.0,2.0,0.0
2517.0,swap,0.8696825154081753,856.0,7.0,0.8696825154081753,4.0,1.0,0.0,1.0,0.0
2518.0,add,0.8696825154081753,856.0,7.0,0.8696825154081753,4.0,1.0,0.0,1.0,1.0
2519.0,delete,0.26659909213401567,856.0,7.0,0.8696825154081753,3.0,1.0,0.0,1.0,0.0
2520.0,swap,0.8696825154081753,856.0,7.0,0.8696825154081753,4.0,1.0,0.0,1.0,0.0
2521.0,add,0.873597849947558,857.0,5.0,0.873597849947558,4.0,1.0,0.0,0.0,1.0
2522.0,add,0.7763195386654822,857.0,5.0,0.873597849947558,4.0,1.0,1.0,0.0,1.0
2523.0,delete,0.3040764312848323,857.0,5.0,0.873597849947558,3.0,1.0,0.0,0.0,1.0
2524.0,swap,0.3040764312848323,857.0,5.0,0.873597849947558,3.0,1.0,0.0,1.0,1.0
2525.0,delete,0.8696825154081719,858.0,7.0,0.8696825154081719,4.0,0.0,0.0,1.0,0.0
2526.0,add,0.8696825154081719,858.0,7.0,0.8696825154081719,4.0,0.0,0.0,1.0,1.0
2527.0,delete,0.30276636134333024,858.0,7.0,0.8696825154081719,3.0,0.0,0.0,1.0,0.0
2528.0,swap,0.26659909213401567,858.0,7.0,0.8696825154081719,3.0,0.0,0.0,2.0,0.0
2529.0,delete,0.8696825154081719,859.0,6.0,0.8696825154081719,4.0,0.0,0.0,1.0,0.0
2530.0,add,0.8696825154081719,859.0,6.0,0.8696825154081719,4.0,0.0,0.0,1.0,1.0
2531.0,delete,0.26659909213401567,859.0,6.0,0.8696825154081719,3.0,0.0,0.0,1.0,0.0
2532.0,swap,0.30276636134333024,859.0,6.0,0.8696825154081719,3.0,0.0,0.0,1.0,1.0
2533.0,add,0.873597849947558,860.0,5.0,0.873597849947558,4.0,1.0,0.0,0.0,0.0
2534.0,delete,0.3040764312848323,860.0,5.0,0.873597849947558,3.0,0.0,0.0,0.0,0.0
2535.0,swap,0.20094716035359753,860.0,5.0,0.873597849947558,3.0,0.0,1.0,0.0,0.0
2536.0,add,0.8696825154081719,861.0,6.0,0.8696825154081719,4.0,0.0,0.0,1.0,0.0
2537.0,add,0.8645604557060138,861.0,6.0,0.8696825154081719,4.0,0.0,0.0,2.0,0.0
2538.0,delete,0.26659909213401567,861.0,6.0,0.8696825154081719,3.0,0.0,0.0,1.0,0.0
2539.0,swap,0.26307148112248957,861.0,6.0,0.8696825154081719,3.0,0.0,0.0,2.0,0.0
2540.0,swap,0.873597849947558,862.0,8.0,0.873597849947558,4.0,1.0,0.0,0.0,1.0
2541.0,add,0.8630761223131062,862.0,8.0,0.873597849947558,4.0,1.0,1.0,0.0,1.0
2542.0,delete,0.873597849947558,862.0,8.0,0.873597849947558,4.0,0.0,0.0,0.0,1.0
2543.0,swap,0.873597849947558,862.0,8.0,0.873597849947558,4.0,1.0,0.0,0.0,1.0
2544.0,change,0.873597849947558,863.0,5.0,0.873597849947558,4.0,1.0,0.0,0.0,1.0
2545.0,add,0.8696825154081719,863.0,5.0,0.873597849947558,4.0,1.0,0.0,1.0,1.0
2546.0,delete,0.873597849947558,863.0,5.0,0.873597849947558,4.0,1.0,0.0,0.0,0.0
2547.0,swap,0.08170900572249236,863.0,5.0,0.873597849947558,3.0,1.0,0.0,1.0,1.0
2548.0,change,0.873597849947558,864.0,6.0,0.773087102089197,4.0,1.0,0.0,0.0,1.0
2549.0,change,0.873597849947558,865.0,7.0,0.873597849947558,4.0,1.0,0.0,0.0,1.0
2550.0,add,0.07759228161710734,865.0,7.0,0.873597849947558,4.0,1.0,1.0,0.0,1.0
2551.0,delete,0.08208499862389862,865.0,7.0,0.873597849947558,3.0,1.0,0.0,0.0,1.0
2552.0,swap,0.2677858814627577,865.0,7.0,0.873597849947558,3.0,2.0,0.0,0.0,1.0
2553.0,add,0.8684525127287878,866.0,3.0,0.6704355542274959,4.0,0.0,0.0,1.0,2.0
2554.0,add,0.8684525127287878,867.0,4.0,0.8684525127287878,4.0,0.0,0.0,1.0,2.0
2555.0,add,0.8532479788325797,867.0,4.0,0.8684525127287878,4.0,0.0,0.0,2.0,2.0
2556.0,delete,0.8684525127287878,867.0,4.0,0.8684525127287878,4.0,0.0,0.0,1.0,1.0
2557.0,swap,0.8684525127287878,867.0,4.0,0.8684525127287878,4.0,1.0,0.0,1.0,1.0
2558.0,delete,0.8684525127287878,868.0,5.0,0.8684525127287878,4.0,0.0,0.0,1.0,1.0
2559.0,add,0.866164230387068,868.0,5.0,0.8684525127287878,4.0,0.0,0.0,1.0,2.0
2560.0,delete,0.2677858814627575,868.0,5.0,0.8684525127287878,3.0,0.0,0.0,1.0,1.0
2561.0,swap,0.35752360173867037,868.0,5.0,0.8684525127287878,4.0,0.0,1.0,1.0,0.0
2562.0,add,0.648942642499085,869.0,3.0,0.6136012610594593,4.0,1.0,1.0,0.0,1.0
2563.0,add,0.648942642499085,870.0,4.0,0.648942642499085,4.0,1.0,1.0,0.0,1.0
2564.0,add,0.648942642499085,870.0,4.0,0.648942642499085,4.0,1.0,1.0,0.0,2.0
2565.0,delete,0.10798557882955545,870.0,4.0,0.648942642499085,3.0,1.0,1.0,0.0,1.0
2566.0,swap,0.22761378142535982,870.0,4.0,0.648942642499085,3.0,2.0,1.0,0.0,1.0
2567.0,add,0.8684525127287878,871.0,5.0,0.8684525127287878,4.0,0.0,0.0,1.0,2.0
2568.0,add,0.8684525127287878,871.0,5.0,0.8684525127287878,4.0,0.0,0.0,1.0,3.0
2569.0,delete,0.873597849947558,871.0,5.0,0.8684525127287878,4.0,0.0,0.0,0.0,2.0
2570.0,swap,0.8582779039479138,871.0,5.0,0.8684525127287878,4.0,0.0,0.0,2.0,1.0
2571.0,change,0.8684525127287878,872.0,4.0,0.8674466584163669,4.0,0.0,0.0,1.0,2.0
2572.0,add,0.30271470181856314,873.0,6.0,0.873597849947558,4.0,0.0,1.0,0.0,2.0
2573.0,delete,0.873597849947558,873.0,6.0,0.873597849947558,4.0,0.0,0.0,0.0,1.0
2574.0,swap,0.873597849947558,873.0,6.0,0.873597849947558,4.0,1.0,0.0,0.0,1.0
2575.0,swap,0.8582779039479138,874.0,6.0,0.8582779039479138,4.0,0.0,0.0,2.0,1.0
2576.0,add,0.8582779039479133,874.0,6.0,0.8582779039479138,4.0,1.0,0.0,2.0,1.0
2577.0,delete,0.2662086698628963,874.0,6.0,0.8582779039479138,3.0,0.0,0.0,2.0,1.0
2578.0,swap,0.8633374806385117,874.0,6.0,0.8582779039479138,4.0,0.0,0.0,2.0,1.0
2579.0,change,0.8684525127287878,875.0,4.0,0.7770537049939643,4.0,0.0,0.0,1.0,2.0
2580.0,add,0.8696825154081719,876.0,2.0,0.6514851948626639,4.0,0.0,0.0,1.0,1.0
2581.0,add,0.8696825154081719,877.0,3.0,0.8696825154081719,4.0,0.0,0.0,1.0,1.0
2582.0,add,0.8645604557060138,877.0,3.0,0.8696825154081719,4.0,0.0,0.0,2.0,1.0
2583.0,delete,0.17178633317317293,877.0,3.0,0.8696825154081719,3.0,0.0,0.0,1.0,1.0
2584.0,swap,0.873597849947558,877.0,3.0,0.8696825154081719,4.0,0.0,0.0,0.0,2.0
2585.0,add,0.09085308158304799,878.0,4.0,0.873597849947558,4.0,0.0,1.0,0.0,2.0
2586.0,delete,0.1721723516748124,878.0,4.0,0.873597849947558,3.0,0.0,0.0,0.0,2.0
2587.0,swap,0.873597849947558,878.0,4.0,0.873597849947558,4.0,0.0,0.0,0.0,2.0
2588.0,change,0.8684525127287878,879.0,5.0,0.8684525127287878,4.0,0.0,0.0,1.0,2.0
2589.0,add,0.8684525127287896,879.0,5.0,0.8684525127287878,4.0,1.0,0.0,1.0,2.0
2590.0,delete,0.8684525127287878,879.0,5.0,0.8684525127287878,4.0,0.0,0.0,1.0,1.0
2591.0,swap,0.174947390067136,879.0,5.0,0.8684525127287878,4.0,0.0,1.0,1.0,1.0
2592.0,add,0.8532479788325797,880.0,5.0,0.8532479788325797,4.0,0.0,0.0,2.0,2.0
2593.0,add,0.8494246995935281,880.0,5.0,0.8532479788325797,4.0,0.0,0.0,3.0,2.0
2594.0,delete,0.2970630270086261,880.0,5.0,0.8532479788325797,3.0,0.0,0.0,2.0,2.0
2595.0,swap,0.2677858814627575,880.0,5.0,0.8532479788325797,3.0,1.0,0.0,2.0,2.0
2596.0,add,0.8684525127287878,881.0,6.0,0.8684525127287878,4.0,0.0,0.0,1.0,3.0
2597.0,add,0.8684525127287901,881.0,6.0,0.8684525127287878,4.0,1.0,0.0,1.0,3.0
2598.0,delete,0.873597849947558,881.0,6.0,0.8684525127287878,4.0,0.0,0.0,0.0,3.0
2599.0,swap,0.26622721585628106,881.0,6.0,0.8684525127287878,3.0,0.0,0.0,2.0,3.0
2600.0,add,0.8684525127287878,882.0,6.0,0.8684525127287878,4.0,0.0,0.0,1.0,2.0
2601.0,add,0.8684525127287892,882.0,6.0,0.8684525127287878,4.0,1.0,0.0,1.0,2.0
2602.0,delete,0.30230329150181523,882.0,6.0,0.8684525127287878,3.0,0.0,0.0,1.0,2.0
2603.0,swap,0.28747772728868265,882.0,6.0,0.8684525127287878,3.0,1.0,0.0,1.0,2.0
2604.0,add,0.8684525127287878,883.0,5.0,0.7490365207980408,4.0,1.0,0.0,1.0,2.0
2605.0,add,0.8684525127287878,884.0,6.0,0.8684525127287878,4.0,1.0,0.0,1.0,2.0
2606.0,add,0.8661642303870699,884.0,6.0,0.8684525127287878,4.0,1.0,0.0,1.0,3.0
2607.0,delete,0.08208499862389862,884.0,6.0,0.8684525127287878,3.0,1.0,0.0,1.0,2.0
2608.0,swap,0.08208499862389862,884.0,6.0,0.8684525127287878,3.0,1.0,0.0,1.0,3.0
2609.0,add,0.873597849947558,885.0,5.0,0.873597849947558,4.0,0.0,0.0,0.0,2.0
2610.0,delete,0.2677858814627575,885.0,5.0,0.873597849947558,3.0,0.0,0.0,0.0,1.0
2611.0,swap,0.3040764312848323,885.0,5.0,0.873597849947558,3.0,0.0,0.0,0.0,2.0
2612.0,change,0.8684525127287878,886.0,5.0,0.8684525127287878,4.0,0.0,0.0,1.0,1.0
2613.0,add,0.8532479788325797,886.0,5.0,0.8684525127287878,4.0,0.0,0.0,2.0,1.0
2614.0,delete,0.8684525127287878,886.0,5.0,0.8684525127287878,4.0,0.0,0.0,1.0,0.0
2615.0,swap,0.17117968659641367,886.0,5.0,0.8684525127287878,3.0,1.0,0.0,1.0,1.0
2616.0,change,0.8684525127287878,887.0,3.0,0.6215076206007543,4.0,0.0,0.0,1.0,1.0
2617.0,change,0.8684525127287878,888.0,4.0,0.8684525127287878,4.0,0.0,0.0,1.0,1.0
2618.0,add,0.3051004814713579,888.0,4.0,0.8684525127287878,4.0,0.0,1.0,1.0,1.0
2619.0,delete,0.873597849947558,888.0,4.0,0.8684525127287878,4.0,0.0,0.0,0.0,1.0
2620.0,swap,0.8696825154081719,888.0,4.0,0.8684525127287878,4.0,0.0,0.0,1.0,1.0
2621.0,add,0.873597849947558,889.0,5.0,0.873597849947558,4.0,1.0,0.0,0.0,1.0
2622.0,delete,0.3040764312848323,889.0,5.0,0.873597849947558,3.0,0.0,0.0,0.0,1.0
2623.0,swap,0.3040764312848323,889.0,5.0,0.873597849947558,3.0,0.0,0.0,1.0,1.0
2624.0,change,0.873597849947558,890.0,4.0,0.7198320173221785,4.0,1.0,0.0,0.0,2.0
2625.0,change,0.873597849947558,891.0,5.0,0.873597849947558,4.0,1.0,0.0,0.0,2.0
2626.0,add,0.8696825154081714,891.0,5.0,0.873597849947558,4.0,1.0,0.0,1.0,2.0
2627.0,delete,0.873597849947558,891.0,5.0,0.873597849947558,4.0,1.0,0.0,0.0,1.0
2628.0,swap,0.08208499862389862,891.0,5.0,0.873597849947558,3.0,1.0,0.0,0.0,3.0
2629.0,delete,0.873597849947558,892.0,6.0,0.873597849947558,4.0,1.0,0.0,0.0,1.0
2630.0,add,0.873597849947558,892.0,6.0,0.873597849947558,4.0,1.0,0.0,0.0,2.0
2631.0,delete,0.1721723516748124,892.0,6.0,0.873597849947558,3.0,1.0,0.0,0.0,1.0
2632.0,swap,0.02956081092017189,892.0,6.0,0.873597849947558,3.0,2.0,0.0,0.0,1.0
2633.0,add,0.873597849947558,893.0,5.0,0.873597849947558,4.0,1.0,0.0,0.0,2.0
2634.0,add,0.8735978499475604,893.0,5.0,0.873597849947558,4.0,2.0,0.0,0.0,2.0
2635.0,delete,0.3040764312848323,893.0,5.0,0.873597849947558,3.0,1.0,0.0,0.0,2.0
2636.0,swap,0.17217235167481232,893.0,5.0,0.873597849947558,3.0,1.0,0.0,1.0,2.0
2637.0,swap,0.873597849947558,894.0,6.0,0.873597849947558,4.0,1.0,0.0,0.0,3.0
2638.0,add,0.873597849947558,894.0,6.0,0.873597849947558,4.0,2.0,0.0,0.0,3.0
2639.0,delete,0.873597849947558,894.0,6.0,0.873597849947558,4.0,1.0,0.0,0.0,2.0
2640.0,swap,0.11731916609425042,894.0,6.0,0.873597849947558,3.0,1.0,0.0,0.0,4.0
2641.0,add,0.8645604557060138,895.0,6.0,0.8645604557060138,4.0,0.0,0.0,2.0,2.0
2642.0,add,0.8645604557060105,895.0,6.0,0.8645604557060138,4.0,1.0,0.0,2.0,2.0
2643.0,delete,0.8645604557060138,895.0,6.0,0.8645604557060138,4.0,0.0,0.0,2.0,1.0
2644.0,swap,0.8645604557060153,895.0,6.0,0.8645604557060138,4.0,1.0,0.0,2.0,1.0
2645.0,change,0.8645604557060138,896.0,5.0,0.8645604557060136,4.0,0.0,0.0,2.0,2.0
2646.0,add,0.8645604557060138,897.0,7.0,0.8645604557060138,4.0,0.0,0.0,2.0,2.0
2647.0,add,0.8645604557060105,897.0,7.0,0.8645604557060138,4.0,1.0,0.0,2.0,2.0
2648.0,delete,0.3023032915018151,897.0,7.0,0.8645604557060138,3.0,0.0,0.0,2.0,2.0
2649.0,swap,0.8684525127287878,897.0,7.0,0.8645604557060138,4.0,0.0,0.0,1.0,3.0
2650.0,swap,0.8645604557060153,898.0,7.0,0.8645604557060153,4.0,1.0,0.0,2.0,1.0
2651.0,add,0.8645604557060085,898.0,7.0,0.8645604557060153,4.0,2.0,0.0,2.0,1.0
2652.0,delete,0.26659909213401567,898.0,7.0,0.8645604557060153,3.0,1.0,0.0,2.0,1.0
2653.0,swap,0.286918141324778,898.0,7.0,0.8645604557060153,3.0,1.0,1.0,2.0,1.0
2654.0,swap,0.8696825154081719,899.0,5.0,0.8696825154081719,4.0,0.0,0.0,1.0,1.0
2655.0,add,0.12632125565209726,899.0,5.0,0.8696825154081719,4.0,0.0,1.0,1.0,1.0
2656.0,delete,0.873597849947558,899.0,5.0,0.8696825154081719,4.0,0.0,0.0,0.0,1.0
2657.0,swap,0.170960214033346,899.0,5.0,0.8696825154081719,4.0,0.0,1.0,1.0,0.0
2658.0,add,0.8645604557060099,900.0,6.0,0.8645604557060105,4.0,1.0,0.0,2.0,2.0
2659.0,add,0.8622892529412014,900.0,6.0,0.8645604557060105,4.0,1.0,0.0,2.0,3.0
2660.0,delete,0.8696825154081739,900.0,6.0,0.8645604557060105,4.0,1.0,0.0,1.0,2.0
2661.0,swap,0.15403799429239065,900.0,6.0,0.8645604557060105,3.0,1.0,1.0,2.0,2.0
2662.0,change,0.8645604557060138,901.0,5.0,0.7407055424821091,4.0,0.0,0.0,2.0,2.0
2663.0,change,0.8645604557060138,902.0,6.0,0.8645604557060138,4.0,0.0,0.0,2.0,2.0
2664.0,add,0.8645604557060138,902.0,6.0,0.8645604557060138,4.0,1.0,0.0,2.0,2.0
2665.0,delete,0.8645604557060138,902.0,6.0,0.8645604557060138,4.0,0.0,0.0,2.0,1.0
2666.0,swap,0.30230329150181545,902.0,6.0,0.8645604557060138,3.0,0.0,0.0,3.0,2.0
2667.0,delete,0.8645604557060138,903.0,7.0,0.8645604557060138,4.0,0.0,0.0,2.0,1.0
2668.0,add,0.8594685627545035,903.0,7.0,0.8645604557060138,4.0,0.0,0.0,3.0,1.0
2669.0,delete,0.8696825154081719,903.0,7.0,0.8645604557060138,4.0,0.0,0.0,1.0,1.0
2670.0,swap,0.17079590100649894,903.0,7.0,0.8645604557060138,3.0,1.0,0.0,2.0,1.0
2671.0,add,0.8645604557060105,904.0,7.0,0.8645604557060105,4.0,1.0,0.0,2.0,2.0
2672.0,add,0.8645604557060105,904.0,7.0,0.8645604557060105,4.0,2.0,0.0,2.0,2.0
2673.0,delete,0.8645604557060138,904.0,7.0,0.8645604557060105,4.0,0.0,0.0,2.0,2.0
2674.0,swap,0.08175348393348497,904.0,7.0,0.8645604557060105,3.0,1.0,0.0,3.0,2.0
2675.0,change,0.8645604557060138,905.0,6.0,0.7528874342697283,4.0,0.0,0.0,2.0,2.0
2676.0,change,0.8645604557060138,906.0,7.0,0.8645604557060138,4.0,0.0,0.0,2.0,2.0
2677.0,add,0.6180336086202547,906.0,7.0,0.8645604557060138,4.0,0.0,1.0,2.0,2.0
2678.0,delete,0.8696825154081719,906.0,7.0,0.8645604557060138,4.0,0.0,0.0,1.0,2.0
2679.0,swap,0.12013005638971683,906.0,7.0,0.8645604557060138,4.0,0.0,1.0,2.0,1.0
2680.0,add,0.873597849947558,907.0,5.0,0.873597849947558,4.0,2.0,0.0,0.0,1.0
2681.0,add,0.873597849947558,907.0,5.0,0.873597849947558,4.0,3.0,0.0,0.0,1.0
2682.0,delete,0.873597849947558,907.0,5.0,0.873597849947558,4.0,1.0,0.0,0.0,1.0
2683.0,swap,0.873597849947558,907.0,5.0,0.873597849947558,4.0,1.0,0.0,0.0,2.0
2684.0,add,0.873597849947558,908.0,4.0,0.8735978499475581,4.0,2.0,0.0,0.0,1.0
2685.0,add,0.8735978499475575,909.0,6.0,0.873597849947558,4.0,3.0,0.0,0.0,1.0
2686.0,add,0.873597849947558,909.0,6.0,0.873597849947558,4.0,3.0,0.0,0.0,2.0
2687.0,delete,0.873597849947558,909.0,6.0,0.873597849947558,4.0,2.0,0.0,0.0,1.0
2688.0,swap,0.11719131559423906,909.0,6.0,0.873597849947558,3.0,3.0,0.0,1.0,1.0
2689.0,delete,0.873597849947558,910.0,6.0,0.873597849947558,4.0,1.0,0.0,0.0,1.0
2690.0,add,0.873597849947558,910.0,6.0,0.873597849947558,4.0,2.0,0.0,0.0,1.0
2691.0,delete,0.3040764312848323,910.0,6.0,0.873597849947558,3.0,1.0,0.0,0.0,1.0
2692.0,swap,0.03673370728710072,910.0,6.0,0.873597849947558,3.0,2.0,0.0,0.0,1.0
2693.0,change,0.873597849947558,911.0,3.0,0.6404031586378262,4.0,1.0,0.0,0.0,1.0
2694.0,change,0.873597849947558,912.0,4.0,0.873597849947558,4.0,1.0,0.0,0.0,1.0
2695.0,add,0.873597849947558,912.0,4.0,0.873597849947558,4.0,2.0,0.0,0.0,1.0
2696.0,delete,0.30407643128483264,912.0,4.0,0.873597849947558,3.0,1.0,0.0,0.0,1.0
2697.0,swap,0.11731916609425042,912.0,4.0,0.873597849947558,3.0,1.0,0.0,0.0,2.0
2698.0,add,0.8735978499475604,913.0,5.0,0.873597849947558,4.0,1.0,0.0,0.0,1.0
2699.0,add,0.8684525127287878,913.0,5.0,0.873597849947558,4.0,1.0,0.0,1.0,1.0
2700.0,delete,0.30407643128483264,913.0,5.0,0.873597849947558,3.0,1.0,0.0,0.0,1.0
2701.0,swap,0.7938128819324256,913.0,5.0,0.873597849947558,4.0,0.0,1.0,0.0,1.0
2702.0,add,0.873597849947558,914.0,4.0,0.7191127002563792,4.0,1.0,0.0,0.0,2.0
2703.0,add,0.8735978499475604,915.0,5.0,0.873597849947558,4.0,1.0,0.0,0.0,2.0
2704.0,add,0.873597849947558,915.0,5.0,0.873597849947558,4.0,1.0,0.0,0.0,3.0
2705.0,delete,0.3040764312848323,915.0,5.0,0.873597849947558,3.0,1.0,0.0,0.0,2.0
2706.0,swap,0.873597849947558,915.0,5.0,0.873597849947558,4.0,1.0,0.0,0.0,2.0
2707.0,swap,0.8735978499475604,916.0,6.0,0.873597849947558,4.0,1.0,0.0,0.0,2.0
2708.0,add,0.873597849947558,916.0,6.0,0.873597849947558,4.0,1.0,0.0,0.0,3.0
2709.0,delete,0.1721723516748124,916.0,6.0,0.873597849947558,3.0,1.0,0.0,0.0,2.0
2710.0,swap,0.873597849947558,916.0,6.0,0.873597849947558,4.0,1.0,0.0,0.0,2.0
2711.0,add,0.8735978499475604,917.0,6.0,0.8735978499475604,4.0,1.0,0.0,0.0,2.0
2712.0,add,0.858649757913355,917.0,6.0,0.8735978499475604,4.0,1.0,1.0,0.0,2.0
2713.0,delete,0.2677858814627581,917.0,6.0,0.8735978499475604,3.0,1.0,0.0,0.0,2.0
2714.0,swap,0.11731916609425053,917.0,6.0,0.8735978499475604,3.0,1.0,0.0,0.0,3.0
2715.0,add,0.873597849947558,918.0,2.0,0.6283315109213363,4.0,0.0,0.0,0.0,2.0
2716.0,add,0.873597849947558,919.0,3.0,0.873597849947558,4.0,0.0,0.0,0.0,3.0
2717.0,delete,0.3040764312848323,919.0,3.0,0.873597849947558,3.0,0.0,0.0,0.0,2.0
2718.0,swap,0.025765543576274443,919.0,3.0,0.873597849947558,3.0,0.0,1.0,0.0,2.0
2719.0,add,0.8684525127287878,920.0,3.0,0.5545747864089976,4.0,0.0,0.0,1.0,2.0
2720.0,add,0.8684525127287878,921.0,4.0,0.8684525127287878,4.0,0.0,0.0,1.0,2.0
2721.0,add,0.8633374806385117,921.0,4.0,0.8684525127287878,4.0,0.0,0.0,2.0,2.0
2722.0,delete,0.873597849947558,921.0,4.0,0.8684525127287878,4.0,0.0,0.0,0.0,2.0
2723.0,swap,0.11719131559423906,921.0,4.0,0.8684525127287878,3.0,0.0,0.0,1.0,3.0
2724.0,add,0.873597849947558,922.0,5.0,0.873597849947558,4.0,0.0,0.0,0.0,3.0
2725.0,delete,0.2677858814627575,922.0,5.0,0.873597849947558,3.0,0.0,0.0,0.0,2.0
2726.0,swap,0.01673192961374153,922.0,5.0,0.873597849947558,3.0,1.0,0.0,0.0,2.0
2727.0,add,0.8684525127287878,923.0,3.0,0.5888371406161952,4.0,0.0,0.0,1.0,2.0
2728.0,add,0.8684525127287878,924.0,4.0,0.8684525127287878,4.0,0.0,0.0,1.0,2.0
2729.0,add,0.866164230387068,924.0,4.0,0.8684525127287878,4.0,0.0,0.0,1.0,3.0
2730.0,delete,0.2662086698628963,924.0,4.0,0.8684525127287878,3.0,0.0,0.0,1.0,2.0
2731.0,swap,0.2662086698628963,924.0,4.0,0.8684525127287878,3.0,0.0,0.0,1.0,3.0
2732.0,change,0.8735978499475604,925.0,4.0,0.7427075051682329,4.0,1.0,0.0,0.0,1.0
2733.0,change,0.873597849947558,926.0,5.0,0.8735978499475604,4.0,1.0,0.0,0.0,1.0
2734.0,add,0.8253370292318676,926.0,5.0,0.8735978499475604,4.0,1.0,1.0,0.0,1.0
2735.0,delete,0.873597849947558,926.0,5.0,0.8735978499475604,4.0,0.0,0.0,0.0,1.0
2736.0,swap,0.8684525127287878,926.0,5.0,0.8735978499475604,4.0,1.0,0.0,1.0,0.0
2737.0,add,0.873597849947558,927.0,5.0,0.873597849947558,4.0,2.0,0.0,0.0,1.0
2738.0,add,0.27537451048354517,927.0,5.0,0.873597849947558,4.0,2.0,1.0,0.0,1.0
2739.0,delete,0.3040764312848323,927.0,5.0,0.873597849947558,3.0,2.0,0.0,0.0,1.0
2740.0,swap,0.873597849947558,927.0,5.0,0.873597849947558,4.0,2.0,0.0,0.0,1.0
2741.0,add,0.25291577823570754,928.0,6.0,0.873597849947558,4.0,0.0,1.0,0.0,1.0
2742.0,delete,0.873597849947558,928.0,6.0,0.873597849947558,4.0,0.0,0.0,0.0,0.0
2743.0,swap,0.11663505098597605,928.0,6.0,0.873597849947558,3.0,0.0,0.0,1.0,1.0
2744.0,add,0.8696825154081719,929.0,4.0,0.8696825154081719,4.0,0.0,0.0,1.0,2.0
2745.0,add,0.8696825154081719,929.0,4.0,0.8696825154081719,4.0,0.0,0.0,1.0,3.0
2746.0,delete,0.873597849947558,929.0,4.0,0.8696825154081719,4.0,0.0,0.0,0.0,2.0
2747.0,swap,0.36194112599797057,929.0,4.0,0.8696825154081719,4.0,0.0,1.0,0.0,2.0
2748.0,add,0.8696825154081719,930.0,3.0,0.7689173044340089,4.0,0.0,0.0,1.0,2.0
2749.0,add,0.8696825154081719,931.0,4.0,0.8696825154081719,4.0,0.0,0.0,1.0,2.0
2750.0,add,0.8696825154081719,931.0,4.0,0.8696825154081719,4.0,0.0,0.0,1.0,3.0
2751.0,delete,0.30276636134333024,931.0,4.0,0.8696825154081719,3.0,0.0,0.0,1.0,2.0
2752.0,swap,0.2551743682541722,931.0,4.0,0.8696825154081719,3.0,0.0,1.0,1.0,2.0
2753.0,add,0.8684525127287878,932.0,5.0,0.8684525127287878,4.0,0.0,0.0,1.0,2.0
2754.0,add,0.8684525127287878,932.0,5.0,0.8684525127287878,4.0,0.0,0.0,1.0,3.0
2755.0,delete,0.2677858814627575,932.0,5.0,0.8684525127287878,3.0,0.0,0.0,1.0,2.0
2756.0,swap,0.05055420805514297,932.0,5.0,0.8684525127287878,3.0,1.0,0.0,1.0,2.0
2757.0,add,0.873597849947558,933.0,5.0,0.873597849947558,4.0,0.0,0.0,0.0,3.0
2758.0,delete,0.11731916609425042,933.0,5.0,0.873597849947558,3.0,0.0,0.0,0.0,2.0
2759.0,swap,0.8684525127287878,933.0,5.0,0.873597849947558,4.0,0.0,0.0,1.0,1.0
2760.0,add,0.8696825154081719,934.0,4.0,0.6927860659321291,4.0,0.0,0.0,1.0,3.0
2761.0,add,0.8696825154081719,935.0,5.0,0.8696825154081719,4.0,0.0,0.0,1.0,3.0
2762.0,add,0.8696825154081719,935.0,5.0,0.8696825154081719,4.0,1.0,0.0,1.0,3.0
2763.0,delete,0.8696825154081719,935.0,5.0,0.8696825154081719,4.0,0.0,0.0,1.0,2.0
2764.0,swap,0.8696825154081719,935.0,5.0,0.8696825154081719,4.0,0.0,0.0,1.0,3.0
2765.0,add,0.8696825154081719,936.0,6.0,0.8696825154081719,4.0,1.0,0.0,1.0,3.0
2766.0,add,0.0901416790207665,936.0,6.0,0.8696825154081719,4.0,1.0,1.0,1.0,3.0
2767.0,delete,0.8696825154081719,936.0,6.0,0.8696825154081719,4.0,1.0,0.0,1.0,2.0
2768.0,swap,0.029302576010312897,936.0,6.0,0.8696825154081719,3.0,2.0,0.0,1.0,3.0
2769.0,add,0.3040764312848323,937.0,4.0,0.3040764312848323,3.0,1.0,0.0,0.0,2.0
2770.0,delete,0.3040764312848323,937.0,4.0,0.3040764312848323,3.0,0.0,0.0,0.0,1.0
2771.0,swap,0.028472301843592535,937.0,4.0,0.3040764312848323,2.0,1.0,0.0,0.0,2.0
2772.0,change,0.873597849947558,938.0,4.0,0.7131745612933643,4.0,1.0,0.0,0.0,1.0
2773.0,change,0.873597849947558,939.0,5.0,0.873597849947558,4.0,1.0,0.0,0.0,1.0
2774.0,add,0.8684525127287892,939.0,5.0,0.873597849947558,4.0,1.0,0.0,1.0,1.0
2775.0,delete,0.873597849947558,939.0,5.0,0.873597849947558,4.0,0.0,0.0,0.0,1.0
2776.0,swap,0.30407643128483264,939.0,5.0,0.873597849947558,3.0,1.0,0.0,1.0,1.0
2777.0,add,0.873597849947558,940.0,6.0,0.873597849947558,4.0,1.0,0.0,0.0,1.0
2778.0,delete,0.3040764312848323,940.0,6.0,0.873597849947558,3.0,0.0,0.0,0.0,1.0
2779.0,swap,0.873597849947558,940.0,6.0,0.873597849947558,4.0,1.0,0.0,0.0,0.0
2780.0,swap,0.7206725895568681,941.0,6.0,0.7938128819324256,4.0,0.0,1.0,0.0,1.0
2781.0,add,0.790258345773334,941.0,6.0,0.7938128819324256,4.0,0.0,1.0,1.0,1.0
2782.0,delete,0.42681888180663413,941.0,6.0,0.7938128819324256,3.0,0.0,1.0,0.0,1.0
2783.0,swap,0.11526345523297733,941.0,6.0,0.7938128819324256,3.0,0.0,1.0,0.0,2.0
2784.0,add,0.09431737446409764,942.0,3.0,0.6823803328278968,4.0,0.0,1.0,0.0,2.0
2785.0,delete,0.8684525127287878,943.0,6.0,0.8684525127287878,4.0,0.0,0.0,1.0,0.0
2786.0,add,0.866164230387068,943.0,6.0,0.8684525127287878,4.0,0.0,0.0,1.0,1.0
2787.0,delete,0.30230329150181523,943.0,6.0,0.8684525127287878,3.0,0.0,0.0,1.0,0.0
2788.0,swap,0.029970635540268603,943.0,6.0,0.8684525127287878,3.0,0.0,1.0,1.0,0.0
2789.0,add,0.8735978499475604,944.0,2.0,0.5402250744888686,4.0,1.0,0.0,0.0,1.0
2790.0,add,0.873597849947558,945.0,3.0,0.8735978499475604,4.0,1.0,0.0,0.0,1.0
2791.0,add,0.8696825154081743,945.0,3.0,0.8735978499475604,4.0,1.0,0.0,1.0,1.0
2792.0,delete,0.11731916609425053,945.0,3.0,0.8735978499475604,3.0,1.0,0.0,0.0,1.0
2793.0,swap,0.01993010866724018,945.0,3.0,0.8735978499475604,3.0,1.0,1.0,0.0,1.0
2794.0,change,0.873597849947558,946.0,4.0,0.7191139482946164,4.0,1.0,0.0,0.0,1.0
2795.0,change,0.873597849947558,947.0,5.0,0.873597849947558,4.0,1.0,0.0,0.0,1.0
2796.0,add,0.873597849947558,947.0,5.0,0.873597849947558,4.0,1.0,0.0,0.0,2.0
2797.0,delete,0.2677858814627575,947.0,5.0,0.873597849947558,3.0,1.0,0.0,0.0,1.0
2798.0,swap,0.08175663482231346,947.0,5.0,0.873597849947558,3.0,1.0,0.0,1.0,1.0
2799.0,add,0.873597849947558,948.0,3.0,0.6108058468323225,4.0,2.0,0.0,0.0,1.0
2800.0,add,0.873597849947558,949.0,4.0,0.873597849947558,4.0,2.0,0.0,0.0,1.0
2801.0,add,0.873597849947558,949.0,4.0,0.873597849947558,4.0,3.0,0.0,0.0,1.0
2802.0,delete,0.873597849947558,949.0,4.0,0.873597849947558,4.0,2.0,0.0,0.0,0.0
2803.0,swap,0.2677858814627581,949.0,4.0,0.873597849947558,3.0,2.0,0.0,0.0,2.0
2804.0,delete,0.873597849947558,950.0,5.0,0.873597849947558,4.0,2.0,0.0,0.0,0.0
2805.0,add,0.09210744029636486,950.0,5.0,0.873597849947558,4.0,2.0,1.0,0.0,0.0
2806.0,delete,0.3040764312848323,950.0,5.0,0.873597849947558,3.0,2.0,0.0,0.0,0.0
2807.0,swap,0.873597849947558,950.0,5.0,0.873597849947558,4.0,1.0,0.0,0.0,1.0
2808.0,add,0.873597849947558,951.0,3.0,0.6399704347779226,4.0,1.0,0.0,0.0,2.0
2809.0,add,0.873597849947558,952.0,4.0,0.873597849947558,4.0,1.0,0.0,0.0,2.0
2810.0,add,0.8601275537767452,952.0,4.0,0.873597849947558,4.0,1.0,1.0,0.0,2.0
2811.0,delete,0.873597849947558,952.0,4.0,0.873597849947558,4.0,1.0,0.0,0.0,1.0
2812.0,swap,0.8684525127287896,952.0,4.0,0.873597849947558,4.0,1.0,0.0,1.0,1.0
2813.0,delete,0.873597849947558,953.0,5.0,0.873597849947558,4.0,1.0,0.0,0.0,1.0
2814.0,add,0.873597849947558,953.0,5.0,0.873597849947558,4.0,2.0,0.0,0.0,1.0
2815.0,delete,0.17217235167481248,953.0,5.0,0.873597849947558,3.0,1.0,0.0,0.0,1.0
2816.0,swap,0.2677858814627575,953.0,5.0,0.873597849947558,3.0,2.0,0.0,0.0,1.0
2817.0,add,0.873597849947558,954.0,2.0,0.6310579781364132,4.0,1.0,0.0,0.0,1.0
2818.0,add,0.873597849947558,955.0,3.0,0.873597849947558,4.0,1.0,0.0,0.0,1.0
2819.0,add,0.873597849947558,955.0,3.0,0.873597849947558,4.0,1.0,0.0,0.0,2.0
2820.0,delete,0.873597849947558,955.0,3.0,0.873597849947558,4.0,0.0,0.0,0.0,1.0
2821.0,swap,0.16333437018610045,955.0,3.0,0.873597849947558,3.0,1.0,1.0,0.0,1.0
2822.0,add,0.873597849947558,956.0,4.0,0.873597849947558,4.0,1.0,0.0,0.0,1.0
2823.0,delete,0.873597849947558,956.0,4.0,0.873597849947558,4.0,0.0,0.0,0.0,0.0
2824.0,swap,0.2677858814627575,956.0,4.0,0.873597849947558,3.0,1.0,0.0,0.0,1.0
2825.0,add,0.873597849947558,957.0,4.0,0.873597849947558,4.0,1.0,0.0,0.0,1.0
2826.0,add,0.08642862941074808,957.0,4.0,0.873597849947558,4.0,1.0,1.0,0.0,1.0
2827.0,delete,0.873597849947558,957.0,4.0,0.873597849947558,4.0,1.0,0.0,0.0,0.0
2828.0,swap,0.11719131559423906,957.0,4.0,0.873597849947558,3.0,1.0,0.0,1.0,1.0
2829.0,add,0.873597849947558,958.0,5.0,0.873597849947558,4.0,1.0,0.0,0.0,2.0
2830.0,add,0.1788935010225183,958.0,5.0,0.873597849947558,4.0,1.0,1.0,0.0,2.0
2831.0,delete,0.2677858814627581,958.0,5.0,0.873597849947558,3.0,1.0,0.0,0.0,2.0
2832.0,swap,0.11731916609425042,958.0,5.0,0.873597849947558,3.0,1.0,0.0,0.0,3.0
2833.0,swap,0.8135703416216874,959.0,6.0,0.8063861558439441,4.0,2.0,1.0,0.0,0.0
2834.0,add,0.8027856591753004,959.0,6.0,0.8063861558439441,4.0,2.0,1.0,1.0,0.0
2835.0,delete,0.24740464812035673,959.0,6.0,0.8063861558439441,3.0,2.0,1.0,0.0,0.0
2836.0,swap,0.7501819628630134,959.0,6.0,0.8063861558439441,4.0,1.0,1.0,0.0,1.0
2837.0,change,0.873597849947558,960.0,3.0,0.6308563434200575,4.0,1.0,0.0,0.0,1.0
2838.0,change,0.873597849947558,961.0,4.0,0.873597849947558,4.0,1.0,0.0,0.0,1.0
2839.0,add,0.8735978499475604,961.0,4.0,0.873597849947558,4.0,2.0,0.0,0.0,1.0
2840.0,delete,0.2677858814627575,961.0,4.0,0.873597849947558,3.0,1.0,0.0,0.0,1.0
2841.0,swap,0.02953612612318379,961.0,4.0,0.873597849947558,3.0,1.0,1.0,0.0,1.0
2842.0,change,0.873597849947558,962.0,4.0,0.7144370141946677,4.0,1.0,0.0,0.0,1.0
2843.0,change,0.873597849947558,963.0,3.0,0.6568470733272949,4.0,1.0,0.0,0.0,1.0
2844.0,change,0.873597849947558,964.0,4.0,0.873597849947558,4.0,1.0,0.0,0.0,1.0
2845.0,add,0.8696825154081719,964.0,4.0,0.873597849947558,4.0,1.0,0.0,1.0,1.0
2846.0,delete,0.873597849947558,964.0,4.0,0.873597849947558,4.0,0.0,0.0,0.0,1.0
2847.0,swap,0.025224873050426675,964.0,4.0,0.873597849947558,3.0,1.0,1.0,0.0,1.0
2848.0,add,0.873597849947558,965.0,5.0,0.873597849947558,4.0,1.0,0.0,0.0,1.0
2849.0,delete,0.08208499862389862,965.0,5.0,0.873597849947558,3.0,0.0,0.0,0.0,1.0
2850.0,swap,0.30276636134333024,965.0,5.0,0.873597849947558,3.0,0.0,0.0,1.0,1.0
2851.0,add,0.8696825154081719,966.0,4.0,0.8696825154081719,4.0,0.0,0.0,1.0,1.0
2852.0,add,0.8696825154081768,966.0,4.0,0.8696825154081719,4.0,1.0,0.0,1.0,1.0
2853.0,delete,0.26659909213401584,966.0,4.0,0.8696825154081719,3.0,0.0,0.0,1.0,1.0
2854.0,swap,0.1103320432510635,966.0,4.0,0.8696825154081719,3.0,0.0,1.0,1.0,1.0
2855.0,add,0.873597849947558,967.0,5.0,0.873597849947558,4.0,1.0,0.0,0.0,2.0
2856.0,add,0.0820880885554602,967.0,5.0,0.873597849947558,4.0,1.0,1.0,0.0,2.0
2857.0,delete,0.11731916609425042,967.0,5.0,0.873597849947558,3.0,1.0,0.0,0.0,2.0
2858.0,swap,0.873597849947558,967.0,5.0,0.873597849947558,4.0,1.0,0.0,0.0,2.0
2859.0,add,0.873597849947558,968.0,4.0,0.5343438141264962,4.0,0.0,0.0,0.0,4.0
2860.0,add,0.8565468756747633,969.0,5.0,0.873597849947558,4.0,0.0,1.0,0.0,4.0
2861.0,delete,0.1721723516748124,969.0,5.0,0.873597849947558,3.0,0.0,0.0,0.0,4.0
2862.0,swap,0.08208499862389862,969.0,5.0,0.873597849947558,3.0,1.0,0.0,0.0,4.0
2863.0,add,0.8684525127287878,970.0,3.0,0.6297551288813664,4.0,1.0,0.0,1.0,1.0
2864.0,add,0.8684525127287901,971.0,4.0,0.8684525127287878,4.0,1.0,0.0,1.0,1.0
2865.0,add,0.8684525127287872,971.0,4.0,0.8684525127287878,4.0,2.0,0.0,1.0,1.0
2866.0,delete,0.873597849947558,971.0,4.0,0.8684525127287878,4.0,1.0,0.0,0.0,1.0
2867.0,swap,0.8645604557060148,971.0,4.0,0.8684525127287878,4.0,0.0,0.0,2.0,1.0
2868.0,delete,0.873597849947558,972.0,5.0,0.873597849947558,4.0,1.0,0.0,0.0,1.0
2869.0,add,0.873597849947558,972.0,5.0,0.873597849947558,4.0,1.0,0.0,0.0,2.0
2870.0,delete,0.08208499862389865,972.0,5.0,0.873597849947558,3.0,1.0,0.0,0.0,1.0
2871.0,swap,0.09405431661748313,972.0,5.0,0.873597849947558,3.0,1.0,1.0,0.0,1.0
2872.0,add,0.8684525127287906,973.0,5.0,0.8684525127287901,4.0,1.0,0.0,1.0,1.0
2873.0,add,0.08423520007127634,973.0,5.0,0.8684525127287901,4.0,1.0,1.0,1.0,1.0
2874.0,delete,0.30230329150181545,973.0,5.0,0.8684525127287901,3.0,1.0,0.0,1.0,1.0
2875.0,swap,0.08208499862389847,973.0,5.0,0.8684525127287901,3.0,2.0,0.0,1.0,1.0
2876.0,change,0.8696825154081719,974.0,2.0,0.5961747252835647,4.0,0.0,0.0,1.0,0.0
2877.0,change,0.8696825154081719,975.0,3.0,0.8696825154081719,4.0,0.0,0.0,1.0,0.0
2878.0,add,0.8645604557060138,975.0,3.0,0.8696825154081719,4.0,0.0,0.0,2.0,0.0
2879.0,delete,0.30276636134333024,975.0,3.0,0.8696825154081719,3.0,0.0,0.0,1.0,0.0
2880.0,swap,0.03625225217406584,975.0,3.0,0.8696825154081719,3.0,0.0,1.0,1.0,0.0
2881.0,add,0.8016402677927472,976.0,6.0,0.8016402677927472,4.0,1.0,1.0,1.0,1.0
2882.0,add,0.8016402677927472,976.0,6.0,0.8016402677927472,4.0,1.0,1.0,1.0,2.0
2883.0,delete,0.1645383325839068,976.0,6.0,0.8016402677927472,3.0,1.0,1.0,1.0,1.0
2884.0,swap,0.048741851097356285,976.0,6.0,0.8016402677927472,3.0,1.0,2.0,1.0,1.0
2885.0,add,0.873597849947558,977.0,5.0,0.873597849947558,4.0,2.0,0.0,0.0,1.0
2886.0,add,0.873597849947558,977.0,5.0,0.873597849947558,4.0,2.0,0.0,0.0,2.0
2887.0,delete,0.2677858814627575,977.0,5.0,0.873597849947558,3.0,2.0,0.0,0.0,1.0
2888.0,swap,0.26659909213401567,977.0,5.0,0.873597849947558,3.0,2.0,0.0,1.0,1.0
2889.0,delete,0.3040764312848323,978.0,2.0,0.5949230695251576,3.0,0.0,0.0,0.0,1.0
2890.0,change,0.873597849947558,979.0,4.0,0.6741958866241076,4.0,1.0,0.0,0.0,2.0
2891.0,change,0.873597849947558,980.0,5.0,0.873597849947558,4.0,1.0,0.0,0.0,2.0
2892.0,add,0.8735978499475604,980.0,5.0,0.873597849947558,4.0,2.0,0.0,0.0,2.0
2893.0,delete,0.11731916609425042,980.0,5.0,0.873597849947558,3.0,1.0,0.0,0.0,2.0
2894.0,swap,0.30407643128483247,980.0,5.0,0.873597849947558,3.0,2.0,0.0,0.0,2.0
2895.0,change,0.8684525127287878,981.0,3.0,0.566790219249338,4.0,0.0,0.0,1.0,1.0
2896.0,change,0.8684525127287878,982.0,4.0,0.8684525127287878,4.0,0.0,0.0,1.0,1.0
2897.0,add,0.19163810122619768,982.0,4.0,0.8684525127287878,4.0,0.0,1.0,1.0,1.0
2898.0,delete,0.2677858814627575,982.0,4.0,0.8684525127287878,3.0,0.0,0.0,1.0,1.0
2899.0,swap,0.15535162657822602,982.0,4.0,0.8684525127287878,3.0,0.0,1.0,1.0,1.0
2900.0,change,0.8696825154081719,983.0,4.0,0.8696825154081719,4.0,0.0,0.0,1.0,0.0
2901.0,add,0.8696825154081719,983.0,4.0,0.8696825154081719,4.0,0.0,0.0,1.0,1.0
2902.0,delete,0.26659909213401567,983.0,4.0,0.8696825154081719,3.0,0.0,0.0,1.0,0.0
2903.0,swap,0.0722675996476994,983.0,4.0,0.8696825154081719,3.0,0.0,1.0,1.0,0.0
2904.0,change,0.873597849947558,984.0,4.0,0.6310357046878894,4.0,2.0,0.0,0.0,1.0
2905.0,change,0.873597849947558,985.0,5.0,0.873597849947558,4.0,2.0,0.0,0.0,1.0
2906.0,add,0.873597849947558,985.0,5.0,0.873597849947558,4.0,3.0,0.0,0.0,1.0
2907.0,delete,0.873597849947558,985.0,5.0,0.873597849947558,4.0,1.0,0.0,0.0,1.0
2908.0,swap,0.2665990921340155,985.0,5.0,0.873597849947558,3.0,2.0,0.0,1.0,1.0
2909.0,delete,0.8735978499475604,986.0,6.0,0.873597849947558,4.0,1.0,0.0,0.0,1.0
2910.0,add,0.873597849947558,986.0,6.0,0.873597849947558,4.0,2.0,0.0,0.0,1.0
2911.0,delete,0.3040764312848323,986.0,6.0,0.873597849947558,3.0,1.0,0.0,0.0,1.0
2912.0,swap,0.031356760718125584,986.0,6.0,0.873597849947558,3.0,2.0,0.0,0.0,1.0
2913.0,add,0.873597849947558,987.0,3.0,0.6264727523028277,4.0,2.0,0.0,0.0,1.0
2914.0,add,0.873597849947558,988.0,4.0,0.873597849947558,4.0,2.0,0.0,0.0,1.0
2915.0,add,0.873597849947558,988.0,4.0,0.873597849947558,4.0,2.0,0.0,0.0,2.0
2916.0,delete,0.1721723516748124,988.0,4.0,0.873597849947558,3.0,2.0,0.0,0.0,1.0
2917.0,swap,0.873597849947558,988.0,4.0,0.873597849947558,4.0,1.0,0.0,0.0,2.0
2918.0,swap,0.873597849947558,989.0,5.0,0.873597849947558,4.0,1.0,0.0,0.0,2.0
2919.0,add,0.873597849947558,989.0,5.0,0.873597849947558,4.0,1.0,0.0,0.0,3.0
2920.0,delete,0.873597849947558,989.0,5.0,0.873597849947558,4.0,1.0,0.0,0.0,1.0
2921.0,swap,0.873597849947558,989.0,5.0,0.873597849947558,4.0,2.0,0.0,0.0,1.0
2922.0,swap,0.1721723516748122,990.0,4.0,0.8735978499475581,3.0,2.0,0.0,1.0,1.0
2923.0,add,0.873597849947558,991.0,5.0,0.873597849947558,4.0,2.0,0.0,0.0,1.0
2924.0,add,0.873597849947558,991.0,5.0,0.873597849947558,4.0,2.0,0.0,0.0,2.0
2925.0,delete,0.873597849947558,991.0,5.0,0.873597849947558,4.0,2.0,0.0,0.0,0.0
2926.0,swap,0.2665990921340155,991.0,5.0,0.873597849947558,3.0,2.0,0.0,1.0,1.0
2927.0,change,0.873597849947558,992.0,4.0,0.7521980983848494,4.0,2.0,0.0,0.0,1.0
2928.0,change,0.873597849947558,993.0,5.0,0.873597849947558,4.0,2.0,0.0,0.0,1.0
2929.0,add,0.8439777088192261,993.0,5.0,0.873597849947558,4.0,2.0,1.0,0.0,1.0
2930.0,delete,0.873597849947558,993.0,5.0,0.873597849947558,4.0,1.0,0.0,0.0,1.0
2931.0,swap,0.873597849947558,993.0,5.0,0.873597849947558,4.0,2.0,0.0,0.0,1.0
2932.0,delete,0.873597849947558,994.0,6.0,0.873597849947558,4.0,1.0,0.0,0.0,1.0
2933.0,add,0.873597849947558,994.0,6.0,0.873597849947558,4.0,2.0,0.0,0.0,1.0
2934.0,delete,0.17217235167481248,994.0,6.0,0.873597849947558,3.0,1.0,0.0,0.0,1.0
2935.0,swap,0.8684525127287878,994.0,6.0,0.873597849947558,4.0,0.0,0.0,1.0,1.0
2936.0,change,0.873597849947558,995.0,4.0,0.7776557260594587,4.0,2.0,0.0,0.0,1.0
2937.0,change,0.873597849947558,996.0,5.0,0.873597849947558,4.0,2.0,0.0,0.0,1.0
2938.0,add,0.8684525127287896,996.0,5.0,0.873597849947558,4.0,2.0,0.0,1.0,1.0
2939.0,delete,0.2677858814627581,996.0,5.0,0.873597849947558,3.0,2.0,0.0,0.0,1.0
2940.0,swap,0.07056172911712455,996.0,5.0,0.873597849947558,3.0,2.0,1.0,0.0,1.0
2941.0,add,0.873597849947558,997.0,4.0,0.873597849947558,4.0,1.0,0.0,0.0,1.0
2942.0,add,0.873597849947558,997.0,4.0,0.873597849947558,4.0,1.0,0.0,0.0,2.0
2943.0,delete,0.30407643128483247,997.0,4.0,0.873597849947558,3.0,1.0,0.0,0.0,1.0
2944.0,swap,0.08208499862389858,997.0,4.0,0.873597849947558,3.0,1.0,1.0,0.0,1.0
2945.0,add,0.26678295762531884,998.0,2.0,0.6420956796714815,4.0,1.0,1.0,0.0,0.0
2946.0,add,0.873597849947558,999.0,5.0,0.873597849947558,4.0,2.0,0.0,0.0,2.0
2947.0,add,0.873597849947558,999.0,5.0,0.873597849947558,4.0,3.0,0.0,0.0,2.0
2948.0,delete,0.873597849947558,999.0,5.0,0.873597849947558,4.0,2.0,0.0,0.0,1.0
2949.0,swap,0.8735978499475604,999.0,5.0,0.873597849947558,4.0,3.0,0.0,0.0,1.0
2950.0,add,0.41615546967561506,1000.0,4.0,0.8735978499475584,4.0,2.0,1.0,0.0,1.0
2951.0,add,0.873597849947558,1001.0,6.0,0.873597849947558,4.0,3.0,0.0,0.0,2.0
2952.0,add,0.8684525127287896,1001.0,6.0,0.873597849947558,4.0,3.0,0.0,1.0,2.0
2953.0,delete,0.11731916609425053,1001.0,6.0,0.873597849947558,3.0,3.0,0.0,0.0,2.0
2954.0,swap,0.011056719004176874,1001.0,6.0,0.873597849947558,3.0,3.0,0.0,0.0,3.0
2955.0,swap,0.873597849947558,1002.0,6.0,0.873597849947558,4.0,2.0,0.0,0.0,1.0
2956.0,add,0.873597849947558,1002.0,6.0,0.873597849947558,4.0,2.0,0.0,0.0,2.0
2957.0,delete,0.8735978499475604,1002.0,6.0,0.873597849947558,4.0,1.0,0.0,0.0,1.0
2958.0,swap,0.16232201979860425,1002.0,6.0,0.873597849947558,3.0,3.0,0.0,0.0,1.0
2959.0,change,0.873597849947558,1003.0,3.0,0.5303945090774004,4.0,1.0,0.0,0.0,1.0
2960.0,change,0.873597849947558,1004.0,4.0,0.873597849947558,4.0,1.0,0.0,0.0,1.0
2961.0,add,0.8696825154081763,1004.0,4.0,0.873597849947558,4.0,1.0,0.0,1.0,1.0
2962.0,delete,0.873597849947558,1004.0,4.0,0.873597849947558,4.0,1.0,0.0,0.0,0.0
2963.0,swap,0.3040764312848323,1004.0,4.0,0.873597849947558,3.0,1.0,0.0,1.0,1.0
2964.0,delete,0.8735978499475604,1005.0,5.0,0.873597849947558,4.0,1.0,0.0,0.0,0.0
2965.0,add,0.873597849947558,1005.0,5.0,0.873597849947558,4.0,2.0,0.0,0.0,0.0
2966.0,delete,0.873597849947558,1005.0,5.0,0.873597849947558,4.0,0.0,0.0,0.0,0.0
2967.0,swap,0.035589272884110935,1005.0,5.0,0.873597849947558,3.0,1.0,1.0,0.0,0.0
2968.0,change,0.873597849947558,1006.0,3.0,0.6502077046178194,4.0,1.0,0.0,0.0,1.0
2969.0,change,0.873597849947558,1007.0,4.0,0.873597849947558,4.0,1.0,0.0,0.0,1.0
2970.0,add,0.8735978499475604,1007.0,4.0,0.873597849947558,4.0,2.0,0.0,0.0,1.0
2971.0,delete,0.17217235167481248,1007.0,4.0,0.873597849947558,3.0,1.0,0.0,0.0,1.0
2972.0,swap,0.1945242993934282,1007.0,4.0,0.873597849947558,4.0,0.0,1.0,0.0,1.0
2973.0,add,0.12713627446129588,1008.0,1.0,0.6203776430317554,4.0,0.0,1.0,0.0,0.0
2974.0,change,0.873597849947558,1009.0,5.0,0.873597849947558,4.0,1.0,0.0,0.0,1.0
2975.0,add,0.7844187339192816,1009.0,5.0,0.873597849947558,4.0,1.0,1.0,0.0,1.0
2976.0,delete,0.873597849947558,1009.0,5.0,0.873597849947558,4.0,1.0,0.0,0.0,0.0
2977.0,swap,0.05498095563495659,1009.0,5.0,0.873597849947558,3.0,2.0,0.0,0.0,1.0
2978.0,change,0.873597849947558,1010.0,6.0,0.873597849947558,4.0,2.0,0.0,0.0,1.0
2979.0,add,0.873597849947558,1010.0,6.0,0.873597849947558,4.0,3.0,0.0,0.0,1.0
2980.0,delete,0.873597849947558,1010.0,6.0,0.873597849947558,4.0,1.0,0.0,0.0,1.0
2981.0,swap,0.8696825154081768,1010.0,6.0,0.873597849947558,4.0,2.0,0.0,1.0,0.0
2982.0,add,0.2144293245775798,1011.0,3.0,0.26678295762531884,4.0,1.0,1.0,0.0,0.0
2983.0,add,0.26678295762531906,1011.0,3.0,0.26678295762531884,4.0,2.0,1.0,0.0,0.0
2984.0,delete,0.35486863531631735,1011.0,3.0,0.26678295762531884,3.0,1.0,1.0,0.0,0.0
2985.0,swap,0.08147785109015308,1011.0,3.0,0.26678295762531884,3.0,1.0,1.0,1.0,0.0
2986.0,change,0.873597849947558,1012.0,5.0,0.8728147830396817,4.0,2.0,0.0,0.0,1.0
2987.0,add,0.873597849947558,1013.0,7.0,0.873597849947558,4.0,3.0,0.0,0.0,1.0
2988.0,add,0.873597849947558,1013.0,7.0,0.873597849947558,4.0,4.0,0.0,0.0,1.0
2989.0,delete,0.2677858814627575,1013.0,7.0,0.873597849947558,3.0,3.0,0.0,0.0,1.0
2990.0,swap,0.8684525127287892,1013.0,7.0,0.873597849947558,4.0,2.0,0.0,1.0,1.0
2991.0,add,0.8439777088192266,1014.0,6.0,0.8439777088192261,4.0,2.0,1.0,0.0,1.0
2992.0,add,0.8439777088192261,1014.0,6.0,0.8439777088192261,4.0,2.0,1.0,0.0,2.0
2993.0,delete,0.16924277934416967,1014.0,6.0,0.8439777088192261,3.0,2.0,1.0,0.0,1.0
2994.0,swap,0.041487898699894575,1014.0,6.0,0.8439777088192261,3.0,2.0,2.0,0.0,1.0
2995.0,delete,0.2677858814627575,1015.0,4.0,0.705996134534869,3.0,1.0,0.0,0.0,1.0
2996.0,delete,0.873597849947558,1016.0,6.0,0.873597849947558,4.0,2.0,0.0,0.0,0.0
2997.0,add,0.873597849947558,1016.0,6.0,0.873597849947558,4.0,2.0,0.0,0.0,1.0
2998.0,delete,0.8735978499475604,1016.0,6.0,0.873597849947558,4.0,1.0,0.0,0.0,0.0
2999.0,swap,0.8735978499475604,1016.0,6.0,0.873597849947558,4.0,1.0,0.0,0.0,1.0
3000.0,change,0.873597849947558,1017.0,4.0,0.731621926560883,4.0,2.0,0.0,0.0,1.0
3001.0,change,0.873597849947558,1018.0,5.0,0.873597849947558,4.0,2.0,0.0,0.0,1.0
3002.0,add,0.873597849947558,1018.0,5.0,0.873597849947558,4.0,3.0,0.0,0.0,1.0
3003.0,delete,0.2677858814627575,1018.0,5.0,0.873597849947558,3.0,2.0,0.0,0.0,1.0
3004.0,swap,0.8735978499475575,1018.0,5.0,0.873597849947558,4.0,3.0,0.0,0.0,0.0
3005.0,add,0.8684525127287892,1019.0,3.0,0.6827812350099469,4.0,1.0,0.0,1.0,1.0
3006.0,add,0.8684525127287906,1020.0,4.0,0.8684525127287892,4.0,1.0,0.0,1.0,1.0
3007.0,add,0.8645604557060095,1020.0,4.0,0.8684525127287892,4.0,1.0,0.0,2.0,1.0
3008.0,delete,0.23877864929794299,1020.0,4.0,0.8684525127287892,3.0,1.0,0.0,1.0,1.0
3009.0,swap,0.8597297348131818,1020.0,4.0,0.8684525127287892,4.0,1.0,1.0,0.0,1.0
3010.0,delete,0.11731916609425057,1021.0,3.0,0.7221448578263578,3.0,1.0,0.0,0.0,1.0
3011.0,add,0.8684525127287896,1022.0,5.0,0.8684525127287906,4.0,1.0,0.0,1.0,1.0
3012.0,add,0.8684525127287906,1022.0,5.0,0.8684525127287906,4.0,1.0,0.0,1.0,2.0
3013.0,delete,0.30230329150181545,1022.0,5.0,0.8684525127287906,3.0,1.0,0.0,1.0,1.0
3014.0,swap,0.23656794124086006,1022.0,5.0,0.8684525127287906,3.0,1.0,0.0,2.0,1.0
3015.0,delete,0.8735978499475604,1023.0,5.0,0.873597849947559,4.0,1.0,0.0,0.0,1.0
3016.0,delete,0.8735978499475604,1024.0,7.0,0.8735978499475604,4.0,1.0,0.0,0.0,0.0
3017.0,add,0.07794664431416841,1024.0,7.0,0.8735978499475604,4.0,1.0,1.0,0.0,0.0
3018.0,delete,0.873597849947558,1024.0,7.0,0.8735978499475604,4.0,0.0,0.0,0.0,0.0
3019.0,swap,0.08242482863937162,1024.0,7.0,0.8735978499475604,4.0,0.0,1.0,0.0,0.0
3020.0,swap,0.8696825154081768,1025.0,7.0,0.8696825154081768,4.0,2.0,0.0,1.0,0.0
3021.0,add,0.5961071123243553,1025.0,7.0,0.8696825154081768,4.0,2.0,1.0,1.0,0.0
3022.0,delete,0.8696825154081749,1025.0,7.0,0.8696825154081768,4.0,1.0,0.0,1.0,0.0
3023.0,swap,0.2665990921340154,1025.0,7.0,0.8696825154081768,3.0,3.0,0.0,1.0,0.0
3024.0,add,0.873597849947558,1026.0,5.0,0.873597849947558,4.0,2.0,0.0,0.0,1.0
3025.0,add,0.8696825154081739,1026.0,5.0,0.873597849947558,4.0,2.0,0.0,1.0,1.0
3026.0,delete,0.2677858814627577,1026.0,5.0,0.873597849947558,3.0,2.0,0.0,0.0,1.0
3027.0,swap,0.8684525127287896,1026.0,5.0,0.873597849947558,4.0,2.0,0.0,1.0,0.0
3028.0,add,0.873597849947558,1027.0,6.0,0.873597849947558,4.0,2.0,0.0,0.0,2.0
3029.0,add,0.7636498483855524,1027.0,6.0,0.873597849947558,4.0,2.0,1.0,0.0,2.0
3030.0,delete,0.2677858814627581,1027.0,6.0,0.873597849947558,3.0,2.0,0.0,0.0,2.0
3031.0,swap,0.8735978499475604,1027.0,6.0,0.873597849947558,4.0,1.0,0.0,0.0,3.0
3032.0,add,0.1462150557646422,1028.0,2.0,0.12713627446129588,4.0,0.0,1.0,0.0,0.0
3033.0,add,0.12640106915397312,1028.0,2.0,0.12713627446129588,4.0,0.0,1.0,1.0,0.0
3034.0,delete,0.7117382189099146,1028.0,2.0,0.12713627446129588,3.0,0.0,1.0,0.0,0.0
3035.0,swap,0.03771997634061319,1028.0,2.0,0.12713627446129588,3.0,0.0,2.0,0.0,0.0
3036.0,change,0.873597849947558,1029.0,3.0,0.601390995950281,4.0,1.0,0.0,0.0,1.0
3037.0,change,0.873597849947558,1030.0,4.0,0.873597849947558,4.0,1.0,0.0,0.0,1.0
3038.0,add,0.8731657159580695,1030.0,4.0,0.873597849947558,4.0,1.0,1.0,0.0,1.0
3039.0,delete,0.08208499862389836,1030.0,4.0,0.873597849947558,3.0,1.0,0.0,0.0,1.0
3040.0,swap,0.8696825154081719,1030.0,4.0,0.873597849947558,4.0,0.0,0.0,1.0,1.0
3041.0,swap,0.8696825154081719,1031.0,5.0,0.8696825154081719,4.0,0.0,0.0,1.0,1.0
3042.0,add,0.8696825154081719,1031.0,5.0,0.8696825154081719,4.0,0.0,0.0,1.0,2.0
3043.0,delete,0.873597849947558,1031.0,5.0,0.8696825154081719,4.0,0.0,0.0,0.0,1.0
3044.0,swap,0.08170900572249233,1031.0,5.0,0.8696825154081719,3.0,0.0,0.0,2.0,1.0
3045.0,change,0.873597849947558,1032.0,3.0,0.6624111282945041,4.0,1.0,0.0,0.0,1.0
3046.0,change,0.873597849947558,1033.0,4.0,0.873597849947558,4.0,1.0,0.0,0.0,1.0
3047.0,add,0.873597849947558,1033.0,4.0,0.873597849947558,4.0,1.0,0.0,0.0,2.0
3048.0,delete,0.873597849947558,1033.0,4.0,0.873597849947558,4.0,1.0,0.0,0.0,0.0
3049.0,swap,0.873597849947558,1033.0,4.0,0.873597849947558,4.0,2.0,0.0,0.0,0.0
3050.0,add,0.873597849947558,1034.0,5.0,0.873597849947558,4.0,1.0,0.0,0.0,2.0
3051.0,add,0.873597849947558,1034.0,5.0,0.873597849947558,4.0,1.0,0.0,0.0,3.0
3052.0,delete,0.873597849947558,1034.0,5.0,0.873597849947558,4.0,0.0,0.0,0.0,2.0
3053.0,swap,0.0962191797016183,1034.0,5.0,0.873597849947558,4.0,1.0,1.0,0.0,1.0
3054.0,delete,0.873597849947558,1035.0,5.0,0.873597849947558,4.0,1.0,0.0,0.0,0.0
3055.0,add,0.873597849947558,1035.0,5.0,0.873597849947558,4.0,2.0,0.0,0.0,0.0
3056.0,delete,0.3040764312848323,1035.0,5.0,0.873597849947558,3.0,1.0,0.0,0.0,0.0
3057.0,swap,0.8696825154081719,1035.0,5.0,0.873597849947558,4.0,0.0,0.0,1.0,0.0
3058.0,add,0.873597849947558,1036.0,4.0,0.873597849947558,4.0,1.0,0.0,0.0,2.0
3059.0,add,0.8684525127287896,1036.0,4.0,0.873597849947558,4.0,1.0,0.0,1.0,2.0
3060.0,delete,0.873597849947558,1036.0,4.0,0.873597849947558,4.0,1.0,0.0,0.0,1.0
3061.0,swap,0.0855278136393602,1036.0,4.0,0.873597849947558,3.0,1.0,1.0,0.0,2.0
3062.0,add,0.873597849947558,1037.0,2.0,0.654421254776356,4.0,1.0,0.0,0.0,1.0
3063.0,add,0.873597849947558,1038.0,3.0,0.873597849947558,4.0,1.0,0.0,0.0,1.0
3064.0,add,0.873597849947558,1038.0,3.0,0.873597849947558,4.0,1.0,0.0,0.0,2.0
3065.0,delete,0.30407643128483264,1038.0,3.0,0.873597849947558,3.0,1.0,0.0,0.0,1.0
3066.0,swap,0.0452642339785869,1038.0,3.0,0.873597849947558,3.0,1.0,0.0,0.0,2.0
3067.0,change,0.8735978499475604,1039.0,5.0,0.873597849947558,4.0,1.0,0.0,0.0,1.0
3068.0,add,0.7355895635092276,1039.0,5.0,0.873597849947558,4.0,1.0,1.0,0.0,1.0
3069.0,delete,0.873597849947558,1039.0,5.0,0.873597849947558,4.0,1.0,0.0,0.0,0.0
3070.0,swap,0.04526423397858696,1039.0,5.0,0.873597849947558,3.0,1.0,0.0,0.0,2.0
3071.0,delete,0.3040764312848323,1040.0,4.0,0.7589104993071356,3.0,1.0,0.0,0.0,1.0
3072.0,add,0.873597849947558,1041.0,4.0,0.7181221158983699,4.0,1.0,0.0,0.0,2.0
3073.0,add,0.873597849947558,1042.0,5.0,0.873597849947558,4.0,1.0,0.0,0.0,2.0
3074.0,add,0.873597849947558,1042.0,5.0,0.873597849947558,4.0,2.0,0.0,0.0,2.0
3075.0,delete,0.3040764312848323,1042.0,5.0,0.873597849947558,3.0,1.0,0.0,0.0,2.0
3076.0,swap,0.3040764312848323,1042.0,5.0,0.873597849947558,3.0,1.0,0.0,0.0,3.0
3077.0,add,0.873597849947558,1043.0,5.0,0.873597849947558,4.0,1.0,0.0,0.0,1.0
3078.0,add,0.8696825154081763,1043.0,5.0,0.873597849947558,4.0,1.0,0.0,1.0,1.0
3079.0,delete,0.3040764312848323,1043.0,5.0,0.873597849947558,3.0,1.0,0.0,0.0,1.0
3080.0,swap,0.8696825154081719,1043.0,5.0,0.873597849947558,4.0,0.0,0.0,1.0,1.0
3081.0,add,0.8696825154081719,1044.0,5.0,0.873597849947558,4.0,0.0,0.0,1.0,0.0
3082.0,delete,0.3040764312848323,1044.0,5.0,0.873597849947558,3.0,0.0,0.0,0.0,0.0
3083.0,swap,0.3040764312848323,1044.0,5.0,0.873597849947558,3.0,0.0,0.0,0.0,1.0
3084.0,swap,0.5012894236673641,1045.0,4.0,0.5012894236673641,4.0,0.0,1.0,1.0,0.0
3085.0,add,0.5012894236673641,1045.0,4.0,0.5012894236673641,4.0,1.0,1.0,1.0,0.0
3086.0,delete,0.8696825154081719,1045.0,4.0,0.5012894236673641,4.0,0.0,0.0,1.0,0.0
3087.0,swap,0.8696825154081719,1045.0,4.0,0.5012894236673641,4.0,0.0,0.0,1.0,1.0
3088.0,swap,0.16131037851654786,1046.0,3.0,0.6486466603636871,3.0,2.0,1.0,0.0,0.0
3089.0,swap,0.08208499862389836,1047.0,4.0,0.7128708803789132,3.0,1.0,0.0,0.0,2.0
3090.0,add,0.873597849947558,1048.0,6.0,0.873597849947558,4.0,2.0,0.0,0.0,1.0
3091.0,add,0.873597849947558,1048.0,6.0,0.873597849947558,4.0,2.0,0.0,0.0,2.0
3092.0,delete,0.3040764312848323,1048.0,6.0,0.873597849947558,3.0,2.0,0.0,0.0,1.0
3093.0,swap,0.0075225679936048485,1048.0,6.0,0.873597849947558,3.0,2.0,1.0,0.0,1.0
3094.0,add,0.4341573200259588,1049.0,3.0,0.7149547752421647,4.0,1.0,1.0,0.0,1.0
3095.0,change,0.873597849947558,1050.0,4.0,0.7506233218989674,4.0,2.0,0.0,0.0,1.0
3096.0,change,0.873597849947558,1051.0,5.0,0.873597849947558,4.0,2.0,0.0,0.0,1.0
3097.0,add,0.5365112390184237,1051.0,5.0,0.873597849947558,4.0,2.0,1.0,0.0,1.0
3098.0,delete,0.873597849947558,1051.0,5.0,0.873597849947558,4.0,1.0,0.0,0.0,1.0
3099.0,swap,0.2677858814627581,1051.0,5.0,0.873597849947558,3.0,2.0,0.0,0.0,2.0
3100.0,swap,0.8684525127287915,1052.0,6.0,0.8684525127287896,4.0,2.0,0.0,1.0,0.0
3101.0,add,0.863337480638514,1052.0,6.0,0.8684525127287896,4.0,2.0,0.0,2.0,0.0
3102.0,delete,0.873597849947558,1052.0,6.0,0.8684525127287896,4.0,2.0,0.0,0.0,0.0
3103.0,swap,0.8684525127287896,1052.0,6.0,0.8684525127287896,4.0,2.0,0.0,1.0,0.0
3104.0,change,0.873597849947558,1053.0,4.0,0.7608605454187389,4.0,2.0,0.0,0.0,1.0
3105.0,change,0.873597849947558,1054.0,5.0,0.873597849947558,4.0,2.0,0.0,0.0,1.0
3106.0,add,0.873597849947558,1054.0,5.0,0.873597849947558,4.0,2.0,0.0,0.0,2.0
3107.0,delete,0.30407643128483275,1054.0,5.0,0.873597849947558,3.0,2.0,0.0,0.0,1.0
3108.0,swap,0.26659909213401606,1054.0,5.0,0.873597849947558,3.0,2.0,0.0,1.0,1.0
3109.0,swap,0.30407643128483275,1055.0,5.0,0.8684585737544885,3.0,2.0,0.0,0.0,2.0
3110.0,change,0.873597849947558,1056.0,5.0,0.7659412210362395,4.0,2.0,0.0,0.0,1.0
3111.0,change,0.873597849947558,1057.0,6.0,0.873597849947558,4.0,2.0,0.0,0.0,1.0
3112.0,add,0.5032658660981758,1057.0,6.0,0.873597849947558,4.0,2.0,1.0,0.0,1.0
3113.0,delete,0.8735978499475604,1057.0,6.0,0.873597849947558,4.0,1.0,0.0,0.0,1.0
3114.0,swap,0.8702977707721106,1057.0,6.0,0.873597849947558,4.0,2.0,1.0,0.0,0.0
3115.0,delete,0.873597849947558,1058.0,7.0,0.8735978499475604,4.0,1.0,0.0,0.0,1.0
3116.0,add,0.8099623251616146,1058.0,7.0,0.8735978499475604,4.0,1.0,1.0,0.0,1.0
3117.0,delete,0.17217235167481248,1058.0,7.0,0.8735978499475604,3.0,1.0,0.0,0.0,1.0
3118.0,swap,0.29142323245220886,1058.0,7.0,0.8735978499475604,3.0,1.0,1.0,0.0,1.0
3119.0,add,0.873597849947558,1059.0,4.0,0.873597849947558,4.0,1.0,0.0,0.0,2.0
3120.0,add,0.8684525127287892,1059.0,4.0,0.873597849947558,4.0,1.0,0.0,1.0,2.0
3121.0,delete,0.11731916609425057,1059.0,4.0,0.873597849947558,3.0,1.0,0.0,0.0,2.0
3122.0,swap,0.873597849947558,1059.0,4.0,0.873597849947558,4.0,0.0,0.0,0.0,3.0
3123.0,add,0.1515279107823049,1060.0,3.0,0.7213130457331427,4.0,1.0,1.0,0.0,1.0
3124.0,change,0.873597849947558,1061.0,4.0,0.6803294694660982,4.0,1.0,0.0,0.0,1.0
3125.0,change,0.8735978499475604,1062.0,3.0,0.6742684002985851,4.0,1.0,0.0,0.0,1.0
3126.0,change,0.873597849947558,1063.0,4.0,0.8735978499475604,4.0,1.0,0.0,0.0,1.0
3127.0,add,0.8660044350811061,1063.0,4.0,0.8735978499475604,4.0,1.0,1.0,0.0,1.0
3128.0,delete,0.873597849947558,1063.0,4.0,0.8735978499475604,4.0,0.0,0.0,0.0,1.0
3129.0,swap,0.873597849947558,1063.0,4.0,0.8735978499475604,4.0,2.0,0.0,0.0,0.0
3130.0,change,0.873597849947558,1064.0,5.0,0.873597849947558,4.0,1.0,0.0,0.0,1.0
3131.0,add,0.873597849947558,1064.0,5.0,0.873597849947558,4.0,1.0,0.0,0.0,2.0
3132.0,delete,0.08208499862389851,1064.0,5.0,0.873597849947558,3.0,1.0,0.0,0.0,1.0
3133.0,swap,0.30407643128483247,1064.0,5.0,0.873597849947558,3.0,1.0,0.0,1.0,1.0
3134.0,add,0.8735191501437118,1065.0,5.0,0.8660044350811061,4.0,1.0,1.0,0.0,1.0
3135.0,add,0.8660044350811061,1065.0,5.0,0.8660044350811061,4.0,1.0,1.0,0.0,2.0
3136.0,delete,0.08140195727398342,1065.0,5.0,0.8660044350811061,3.0,1.0,1.0,0.0,1.0
3137.0,swap,0.3015353478311007,1065.0,5.0,0.8660044350811061,3.0,1.0,1.0,1.0,1.0
3138.0,change,0.873597849947558,1066.0,5.0,0.873597849947558,4.0,1.0,0.0,0.0,1.0
3139.0,add,0.873597849947558,1066.0,5.0,0.873597849947558,4.0,2.0,0.0,0.0,1.0
3140.0,delete,0.3040764312848323,1066.0,5.0,0.873597849947558,3.0,1.0,0.0,0.0,1.0
3141.0,swap,0.08208499862389862,1066.0,5.0,0.873597849947558,3.0,1.0,0.0,0.0,2.0
3142.0,add,0.873597849947558,1067.0,3.0,0.580620539858161,4.0,0.0,0.0,0.0,3.0
3143.0,add,0.873597849947558,1068.0,4.0,0.873597849947558,4.0,0.0,0.0,0.0,4.0
3144.0,delete,0.873597849947558,1068.0,4.0,0.873597849947558,4.0,0.0,0.0,0.0,2.0
3145.0,swap,0.8684525127287878,1068.0,4.0,0.873597849947558,4.0,0.0,0.0,1.0,2.0
3146.0,add,0.873597849947558,1069.0,5.0,0.873597849947558,4.0,0.0,0.0,0.0,5.0
3147.0,delete,0.3040764312848323,1069.0,5.0,0.873597849947558,3.0,0.0,0.0,0.0,4.0
3148.0,swap,0.873597849947558,1069.0,5.0,0.873597849947558,4.0,0.0,0.0,0.0,4.0
3149.0,swap,0.8684525127287878,1070.0,5.0,0.8684525127287878,4.0,0.0,0.0,1.0,2.0
3150.0,add,0.8633374806385117,1070.0,5.0,0.8684525127287878,4.0,0.0,0.0,1.0,3.0
3151.0,delete,0.8684525127287878,1070.0,5.0,0.8684525127287878,4.0,0.0,0.0,1.0,1.0
3152.0,swap,0.873597849947558,1070.0,5.0,0.8684525127287878,4.0,0.0,0.0,0.0,3.0
3153.0,swap,0.3040764312848323,1071.0,4.0,0.8684585737544867,3.0,0.0,0.0,0.0,4.0
3154.0,add,0.873597849947558,1072.0,6.0,0.873597849947558,4.0,0.0,0.0,0.0,4.0
3155.0,delete,0.11731916609425042,1072.0,6.0,0.873597849947558,3.0,0.0,0.0,0.0,3.0
3156.0,swap,0.8684525127287878,1072.0,6.0,0.873597849947558,4.0,0.0,0.0,1.0,2.0
3157.0,add,0.13181140590116422,1073.0,4.0,0.7312174952818765,4.0,0.0,1.0,0.0,3.0
3158.0,swap,0.8684525127287878,1074.0,6.0,0.8684525127287878,4.0,0.0,0.0,1.0,2.0
3159.0,add,0.866164230387068,1074.0,6.0,0.8684525127287878,4.0,0.0,0.0,1.0,3.0
3160.0,delete,0.08577595211538057,1074.0,6.0,0.8684525127287878,3.0,0.0,0.0,1.0,2.0
3161.0,swap,0.8684525127287878,1074.0,6.0,0.8684525127287878,4.0,0.0,0.0,1.0,2.0
3162.0,swap,0.873597849947558,1075.0,4.0,0.7072756951375295,4.0,1.0,0.0,0.0,2.0
3163.0,swap,0.873597849947558,1076.0,5.0,0.873597849947558,4.0,1.0,0.0,0.0,2.0
3164.0,add,0.873597849947558,1076.0,5.0,0.873597849947558,4.0,1.0,0.0,0.0,3.0
3165.0,delete,0.873597849947558,1076.0,5.0,0.873597849947558,4.0,1.0,0.0,0.0,1.0
3166.0,swap,0.3040764312848323,1076.0,5.0,0.873597849947558,3.0,1.0,0.0,1.0,2.0
3167.0,swap,0.873597849947558,1077.0,4.0,0.873597849947558,4.0,1.0,0.0,0.0,1.0
3168.0,add,0.8696825154081768,1077.0,4.0,0.873597849947558,4.0,1.0,0.0,1.0,1.0
3169.0,delete,0.11731916609425042,1077.0,4.0,0.873597849947558,3.0,1.0,0.0,0.0,1.0
3170.0,swap,0.26659909213401595,1077.0,4.0,0.873597849947558,3.0,1.0,0.0,1.0,1.0
3171.0,add,0.30686803822516295,1078.0,4.0,0.873597849947558,4.0,0.0,1.0,0.0,3.0
3172.0,delete,0.3040764312848323,1078.0,4.0,0.873597849947558,3.0,0.0,0.0,0.0,3.0
3173.0,swap,0.11731916609425057,1078.0,4.0,0.873597849947558,3.0,1.0,0.0,0.0,3.0
3174.0,add,0.873597849947558,1079.0,6.0,0.873597849947558,4.0,2.0,0.0,0.0,2.0
3175.0,add,0.8696825154081768,1079.0,6.0,0.873597849947558,4.0,2.0,0.0,1.0,2.0
3176.0,delete,0.873597849947558,1079.0,6.0,0.873597849947558,4.0,2.0,0.0,0.0,1.0
3177.0,swap,0.2677858814627575,1079.0,6.0,0.873597849947558,3.0,2.0,0.0,0.0,3.0
3178.0,delete,0.8735978499475604,1080.0,7.0,0.873597849947558,4.0,2.0,0.0,0.0,0.0
3179.0,add,0.36731543724936144,1080.0,7.0,0.873597849947558,4.0,2.0,1.0,0.0,0.0
3180.0,delete,0.30407643128483275,1080.0,7.0,0.873597849947558,3.0,2.0,0.0,0.0,0.0
3181.0,swap,0.301817413633061,1080.0,7.0,0.873597849947558,3.0,3.0,0.0,0.0,0.0
3182.0,delete,0.873597849947558,1081.0,6.0,0.873597849947558,4.0,1.0,0.0,0.0,1.0
3183.0,add,0.29018725894931774,1081.0,6.0,0.873597849947558,4.0,1.0,1.0,0.0,1.0
3184.0,delete,0.11731916609425042,1081.0,6.0,0.873597849947558,3.0,1.0,0.0,0.0,1.0
3185.0,swap,0.30407643128483275,1081.0,6.0,0.873597849947558,3.0,2.0,0.0,0.0,1.0
3186.0,delete,0.8696825154081719,1082.0,5.0,0.8696825154081719,4.0,0.0,0.0,1.0,0.0
3187.0,add,0.8696825154081719,1082.0,5.0,0.8696825154081719,4.0,0.0,0.0,1.0,1.0
3188.0,delete,0.873597849947558,1082.0,5.0,0.8696825154081719,4.0,0.0,0.0,0.0,0.0
3189.0,swap,0.2665990921340154,1082.0,5.0,0.8696825154081719,3.0,1.0,0.0,1.0,0.0
3190.0,delete,0.17547910334018696,1083.0,4.0,0.7498488976612178,3.0,0.0,1.0,1.0,0.0
3191.0,add,0.150439701173909,1084.0,4.0,0.873597849947558,4.0,0.0,1.0,0.0,1.0
3192.0,delete,0.3040764312848323,1084.0,4.0,0.873597849947558,3.0,0.0,0.0,0.0,1.0
3193.0,swap,0.26045955993828324,1084.0,4.0,0.873597849947558,3.0,0.0,1.0,0.0,1.0
3194.0,change,0.873597849947558,1085.0,5.0,0.873597849947558,4.0,1.0,0.0,0.0,1.0
3195.0,add,0.873597849947558,1085.0,5.0,0.873597849947558,4.0,1.0,0.0,0.0,2.0
3196.0,delete,0.08208499862389862,1085.0,5.0,0.873597849947558,3.0,1.0,0.0,0.0,1.0
3197.0,swap,0.8696825154081768,1085.0,5.0,0.873597849947558,4.0,1.0,0.0,1.0,0.0
3198.0,delete,0.873597849947558,1086.0,6.0,0.873597849947558,4.0,1.0,0.0,0.0,0.0
3199.0,add,0.873597849947558,1086.0,6.0,0.873597849947558,4.0,1.0,0.0,0.0,1.0
3200.0,delete,0.2677858814627575,1086.0,6.0,0.873597849947558,3.0,1.0,0.0,0.0,0.0
3201.0,swap,0.03429891666451488,1086.0,6.0,0.873597849947558,3.0,1.0,0.0,0.0,1.0
3202.0,delete,0.873597849947558,1087.0,6.0,0.873597849947558,4.0,1.0,0.0,0.0,1.0
3203.0,add,0.873597849947558,1087.0,6.0,0.873597849947558,4.0,1.0,0.0,0.0,2.0
3204.0,delete,0.11731916609425057,1087.0,6.0,0.873597849947558,3.0,1.0,0.0,0.0,1.0
3205.0,swap,0.8684525127287892,1087.0,6.0,0.873597849947558,4.0,1.0,0.0,1.0,0.0
3206.0,change,0.8735978499475604,1088.0,4.0,0.7101870491662498,4.0,1.0,0.0,0.0,2.0
3207.0,change,0.873597849947558,1089.0,5.0,0.8735978499475604,4.0,1.0,0.0,0.0,2.0
3208.0,add,0.8735978499475604,1089.0,5.0,0.8735978499475604,4.0,2.0,0.0,0.0,2.0
3209.0,delete,0.8735978499475604,1089.0,5.0,0.8735978499475604,4.0,1.0,0.0,0.0,1.0
3210.0,swap,0.873597849947558,1089.0,5.0,0.8735978499475604,4.0,2.0,0.0,0.0,1.0
3211.0,add,0.873597849947558,1090.0,6.0,0.8735978499475604,4.0,2.0,0.0,0.0,2.0
3212.0,add,0.873597849947558,1090.0,6.0,0.8735978499475604,4.0,3.0,0.0,0.0,2.0
3213.0,delete,0.11731916609425057,1090.0,6.0,0.8735978499475604,3.0,2.0,0.0,0.0,2.0
3214.0,swap,0.8735978499475604,1090.0,6.0,0.8735978499475604,4.0,2.0,0.0,0.0,2.0
3215.0,add,0.873597849947558,1091.0,5.0,0.873597849947558,4.0,2.0,0.0,0.0,2.0
3216.0,add,0.873597849947558,1091.0,5.0,0.873597849947558,4.0,2.0,0.0,0.0,3.0
3217.0,delete,0.873597849947558,1091.0,5.0,0.873597849947558,4.0,2.0,0.0,0.0,1.0
3218.0,swap,0.11731916609425042,1091.0,5.0,0.873597849947558,3.0,3.0,0.0,0.0,2.0
3219.0,swap,0.8735978499475604,1092.0,6.0,0.873597849947558,4.0,2.0,0.0,0.0,1.0
3220.0,add,0.5022509312207836,1092.0,6.0,0.873597849947558,4.0,2.0,1.0,0.0,1.0
3221.0,delete,0.30407643128483275,1092.0,6.0,0.873597849947558,3.0,2.0,0.0,0.0,1.0
3222.0,swap,0.8670192591366926,1092.0,6.0,0.873597849947558,4.0,1.0,1.0,0.0,1.0
3223.0,swap,0.873597849947558,1093.0,5.0,0.873597849947558,4.0,1.0,0.0,0.0,2.0
3224.0,add,0.6985680691686688,1093.0,5.0,0.873597849947558,4.0,1.0,1.0,0.0,2.0
3225.0,delete,0.30407643128483247,1093.0,5.0,0.873597849947558,3.0,1.0,0.0,0.0,2.0
3226.0,swap,0.8696825154081749,1093.0,5.0,0.873597849947558,4.0,1.0,0.0,1.0,1.0
3227.0,change,0.873597849947558,1094.0,6.0,0.873597849947558,4.0,1.0,0.0,0.0,2.0
3228.0,add,0.7591929554310761,1094.0,6.0,0.873597849947558,4.0,1.0,1.0,0.0,2.0
3229.0,delete,0.3040764312848323,1094.0,6.0,0.873597849947558,3.0,1.0,0.0,0.0,2.0
3230.0,swap,0.11731916609425057,1094.0,6.0,0.873597849947558,3.0,2.0,0.0,0.0,2.0
3231.0,add,0.873597849947558,1095.0,5.0,0.873597849947558,4.0,1.0,0.0,0.0,2.0
3232.0,add,0.873597849947558,1095.0,5.0,0.873597849947558,4.0,2.0,0.0,0.0,2.0
3233.0,delete,0.08597457175616137,1095.0,5.0,0.873597849947558,3.0,1.0,0.0,0.0,2.0
3234.0,swap,0.2115669231573657,1095.0,5.0,0.873597849947558,3.0,2.0,0.0,0.0,2.0
3235.0,swap,0.8735978499475575,1096.0,6.0,0.873597849947558,4.0,2.0,0.0,0.0,1.0
3236.0,add,0.873597849947558,1096.0,6.0,0.873597849947558,4.0,3.0,0.0,0.0,1.0
3237.0,delete,0.2677858814627581,1096.0,6.0,0.873597849947558,3.0,2.0,0.0,0.0,1.0
3238.0,swap,0.11731916609425042,1096.0,6.0,0.873597849947558,3.0,2.0,0.0,0.0,2.0
3239.0,change,0.8696825154081719,1097.0,4.0,0.8696825154081719,4.0,0.0,0.0,1.0,0.0
3240.0,add,0.8696825154081719,1097.0,4.0,0.8696825154081719,4.0,0.0,0.0,1.0,1.0
3241.0,delete,0.30276636134333024,1097.0,4.0,0.8696825154081719,3.0,0.0,0.0,1.0,0.0
3242.0,swap,0.028222333548028222,1097.0,4.0,0.8696825154081719,3.0,1.0,0.0,1.0,0.0
3243.0,add,0.873597849947558,1098.0,5.0,0.873597849947558,4.0,1.0,0.0,0.0,3.0
3244.0,add,0.873597849947558,1098.0,5.0,0.873597849947558,4.0,1.0,0.0,0.0,4.0
3245.0,delete,0.3040764312848323,1098.0,5.0,0.873597849947558,3.0,1.0,0.0,0.0,3.0
3246.0,swap,0.8684525127287878,1098.0,5.0,0.873597849947558,4.0,1.0,0.0,1.0,2.0
3247.0,add,0.8696825154081719,1099.0,4.0,0.7586644987712589,4.0,1.0,0.0,1.0,2.0
3248.0,add,0.8696825154081763,1100.0,5.0,0.8696825154081719,4.0,1.0,0.0,1.0,2.0
3249.0,add,0.8696825154081729,1100.0,5.0,0.8696825154081719,4.0,2.0,0.0,1.0,2.0
3250.0,delete,0.3040764312848323,1100.0,5.0,0.8696825154081719,3.0,1.0,0.0,1.0,2.0
3251.0,swap,0.8734998892328016,1100.0,5.0,0.8696825154081719,4.0,1.0,1.0,0.0,2.0
3252.0,add,0.873597849947558,1101.0,3.0,0.6444554715356071,4.0,0.0,0.0,0.0,3.0
3253.0,add,0.873597849947558,1102.0,4.0,0.873597849947558,4.0,1.0,0.0,0.0,3.0
3254.0,delete,0.873597849947558,1102.0,4.0,0.873597849947558,4.0,0.0,0.0,0.0,2.0
3255.0,swap,0.873597849947558,1102.0,4.0,0.873597849947558,4.0,0.0,0.0,0.0,3.0
3256.0,add,0.873597849947558,1103.0,5.0,0.873597849947558,4.0,1.0,0.0,0.0,3.0
3257.0,add,0.8684525127287878,1103.0,5.0,0.873597849947558,4.0,1.0,0.0,1.0,3.0
3258.0,delete,0.3040764312848323,1103.0,5.0,0.873597849947558,3.0,1.0,0.0,0.0,3.0
3259.0,swap,0.30407643128483247,1103.0,5.0,0.873597849947558,3.0,1.0,0.0,1.0,3.0
3260.0,add,0.873597849947558,1104.0,5.0,0.873597849947558,4.0,0.0,0.0,0.0,3.0
3261.0,delete,0.873597849947558,1104.0,5.0,0.873597849947558,4.0,0.0,0.0,0.0,1.0
3262.0,swap,0.2997295642113953,1104.0,5.0,0.873597849947558,3.0,0.0,1.0,0.0,2.0
3263.0,add,0.8684525127287878,1105.0,4.0,0.6447602150387136,4.0,0.0,0.0,1.0,3.0
3264.0,add,0.8684525127287878,1106.0,5.0,0.8684525127287878,4.0,0.0,0.0,1.0,3.0
3265.0,add,0.8684525127287878,1106.0,5.0,0.8684525127287878,4.0,0.0,0.0,1.0,4.0
3266.0,delete,0.30230329150181523,1106.0,5.0,0.8684525127287878,3.0,0.0,0.0,1.0,3.0
3267.0,swap,0.30230329150181523,1106.0,5.0,0.8684525127287878,3.0,1.0,0.0,1.0,3.0
3268.0,add,0.873597849947558,1107.0,6.0,0.873597849947558,4.0,1.0,0.0,0.0,3.0
3269.0,add,0.873597849947558,1107.0,6.0,0.873597849947558,4.0,1.0,0.0,0.0,4.0
3270.0,delete,0.873597849947558,1107.0,6.0,0.873597849947558,4.0,1.0,0.0,0.0,2.0
3271.0,swap,0.873597849947558,1107.0,6.0,0.873597849947558,4.0,0.0,0.0,0.0,4.0
3272.0,add,0.873597849947558,1108.0,4.0,0.7091540425838423,4.0,0.0,0.0,0.0,4.0
3273.0,add,0.873597849947558,1109.0,5.0,0.873597849947558,4.0,0.0,0.0,0.0,5.0
3274.0,delete,0.873597849947558,1109.0,5.0,0.873597849947558,4.0,0.0,0.0,0.0,3.0
3275.0,swap,0.11682971704228412,1109.0,5.0,0.873597849947558,3.0,0.0,0.0,1.0,4.0
3276.0,change,0.873597849947558,1110.0,3.0,0.7057380632909493,4.0,1.0,0.0,0.0,1.0
3277.0,change,0.873597849947558,1111.0,4.0,0.873597849947558,4.0,1.0,0.0,0.0,1.0
3278.0,add,0.873597849947558,1111.0,4.0,0.873597849947558,4.0,1.0,0.0,0.0,2.0
3279.0,delete,0.2677858814627575,1111.0,4.0,0.873597849947558,3.0,1.0,0.0,0.0,1.0
3280.0,swap,0.07461165239539327,1111.0,4.0,0.873597849947558,3.0,1.0,1.0,0.0,1.0
3281.0,change,0.873597849947558,1112.0,5.0,0.8735978499475581,4.0,1.0,0.0,0.0,3.0
3282.0,add,0.873597849947558,1113.0,7.0,0.873597849947558,4.0,1.0,0.0,0.0,4.0
3283.0,add,0.873597849947558,1113.0,7.0,0.873597849947558,4.0,2.0,0.0,0.0,4.0
3284.0,delete,0.873597849947558,1113.0,7.0,0.873597849947558,4.0,1.0,0.0,0.0,3.0
3285.0,swap,0.873597849947558,1113.0,7.0,0.873597849947558,4.0,1.0,0.0,0.0,4.0
3286.0,add,0.873597849947558,1114.0,7.0,0.873597849947558,4.0,1.0,0.0,0.0,3.0
3287.0,add,0.873597849947558,1114.0,7.0,0.873597849947558,4.0,1.0,0.0,0.0,4.0
3288.0,delete,0.3040764312848323,1114.0,7.0,0.873597849947558,3.0,1.0,0.0,0.0,3.0
3289.0,swap,0.08597457175616137,1114.0,7.0,0.873597849947558,3.0,1.0,0.0,0.0,4.0
3290.0,change,0.873597849947558,1115.0,5.0,0.7766589430294063,4.0,1.0,0.0,0.0,3.0
3291.0,change,0.873597849947558,1116.0,6.0,0.873597849947558,4.0,1.0,0.0,0.0,3.0
3292.0,add,0.8696825154081749,1116.0,6.0,0.873597849947558,4.0,1.0,0.0,1.0,3.0
3293.0,delete,0.30407643128483264,1116.0,6.0,0.873597849947558,3.0,1.0,0.0,0.0,3.0
3294.0,swap,0.873597849947558,1116.0,6.0,0.873597849947558,4.0,1.0,0.0,0.0,3.0
3295.0,add,0.873597849947558,1117.0,6.0,0.8735978499475581,4.0,1.0,0.0,0.0,4.0
3296.0,add,0.873597849947558,1118.0,8.0,0.873597849947558,4.0,2.0,0.0,0.0,4.0
3297.0,add,0.873597849947558,1118.0,8.0,0.873597849947558,4.0,3.0,0.0,0.0,4.0
3298.0,delete,0.11731916609425053,1118.0,8.0,0.873597849947558,3.0,2.0,0.0,0.0,4.0
3299.0,swap,0.873597849947558,1118.0,8.0,0.873597849947558,4.0,2.0,0.0,0.0,4.0
3300.0,swap,0.873597849947558,1119.0,8.0,0.873597849947558,4.0,1.0,0.0,0.0,4.0
3301.0,add,0.873597849947558,1119.0,8.0,0.873597849947558,4.0,2.0,0.0,0.0,4.0
3302.0,delete,0.873597849947558,1119.0,8.0,0.873597849947558,4.0,0.0,0.0,0.0,4.0
3303.0,swap,0.873597849947558,1119.0,8.0,0.873597849947558,4.0,1.0,0.0,0.0,4.0
3304.0,add,0.873597849947558,1120.0,4.0,0.7334553726327573,4.0,0.0,0.0,0.0,4.0
3305.0,add,0.07026116112241312,1121.0,5.0,0.873597849947558,4.0,0.0,1.0,0.0,4.0
3306.0,delete,0.08597457175616141,1121.0,5.0,0.873597849947558,3.0,0.0,0.0,0.0,4.0
3307.0,swap,0.873597849947558,1121.0,5.0,0.873597849947558,4.0,0.0,0.0,0.0,4.0
3308.0,add,0.8684525127287878,1122.0,6.0,0.8684525127287878,4.0,1.0,0.0,1.0,3.0
3309.0,add,0.8684525127287878,1122.0,6.0,0.8684525127287878,4.0,1.0,0.0,1.0,4.0
3310.0,delete,0.8684525127287878,1122.0,6.0,0.8684525127287878,4.0,1.0,0.0,1.0,2.0
3311.0,swap,0.8532479788325797,1122.0,6.0,0.8684525127287878,4.0,1.0,0.0,2.0,2.0
3312.0,add,0.873597849947558,1123.0,5.0,0.873597849947558,4.0,1.0,0.0,0.0,1.0
3313.0,delete,0.3040764312848323,1123.0,5.0,0.873597849947558,3.0,0.0,0.0,0.0,1.0
3314.0,swap,0.873597849947558,1123.0,5.0,0.873597849947558,4.0,1.0,0.0,0.0,0.0
3315.0,add,0.8696825154081753,1124.0,5.0,0.8654116059495461,4.0,1.0,0.0,1.0,3.0
3316.0,add,0.8696825154081719,1125.0,6.0,0.8696825154081753,4.0,1.0,0.0,1.0,3.0
3317.0,add,0.8696825154081753,1125.0,6.0,0.8696825154081753,4.0,1.0,0.0,1.0,4.0
3318.0,delete,0.8696825154081753,1125.0,6.0,0.8696825154081753,4.0,1.0,0.0,1.0,2.0
3319.0,swap,0.3027663613433308,1125.0,6.0,0.8696825154081753,3.0,1.0,0.0,1.0,4.0
3320.0,change,0.873597849947558,1126.0,3.0,0.6571656562565784,4.0,1.0,0.0,0.0,1.0
3321.0,change,0.873597849947558,1127.0,4.0,0.873597849947558,4.0,1.0,0.0,0.0,1.0
3322.0,add,0.8735978499475604,1127.0,4.0,0.873597849947558,4.0,2.0,0.0,0.0,1.0
3323.0,delete,0.30407643128483247,1127.0,4.0,0.873597849947558,3.0,1.0,0.0,0.0,1.0
3324.0,swap,0.873597849947558,1127.0,4.0,0.873597849947558,4.0,0.0,0.0,0.0,2.0
3325.0,add,0.873597849947558,1128.0,5.0,0.873597849947558,4.0,0.0,0.0,0.0,3.0
3326.0,delete,0.11731916609425042,1128.0,5.0,0.873597849947558,3.0,0.0,0.0,0.0,2.0
3327.0,swap,0.11703872798968884,1128.0,5.0,0.873597849947558,3.0,0.0,1.0,0.0,2.0
3328.0,change,0.873597849947558,1129.0,6.0,0.873597849947558,4.0,1.0,0.0,0.0,3.0
3329.0,add,0.873597849947558,1129.0,6.0,0.873597849947558,4.0,2.0,0.0,0.0,3.0
3330.0,delete,0.3040764312848323,1129.0,6.0,0.873597849947558,3.0,1.0,0.0,0.0,3.0
3331.0,swap,0.873597849947558,1129.0,6.0,0.873597849947558,4.0,1.0,0.0,0.0,3.0
3332.0,add,0.873597849947558,1130.0,3.0,0.6974330169404598,4.0,1.0,0.0,0.0,2.0
3333.0,add,0.8735978499475604,1131.0,4.0,0.873597849947558,4.0,1.0,0.0,0.0,2.0
3334.0,add,0.7584211556726652,1131.0,4.0,0.873597849947558,4.0,1.0,1.0,0.0,2.0
3335.0,delete,0.30407643128483275,1131.0,4.0,0.873597849947558,3.0,1.0,0.0,0.0,2.0
3336.0,swap,0.30276636134333035,1131.0,4.0,0.873597849947558,3.0,1.0,0.0,1.0,2.0
3337.0,delete,0.8684525127287878,1132.0,7.0,0.8684525127287878,4.0,1.0,0.0,1.0,2.0
3338.0,add,0.8638246553287372,1132.0,7.0,0.8684525127287878,4.0,1.0,1.0,1.0,2.0
3339.0,delete,0.8684525127287878,1132.0,7.0,0.8684525127287878,4.0,1.0,0.0,1.0,1.0
3340.0,swap,0.8645604557060148,1132.0,7.0,0.8684525127287878,4.0,0.0,0.0,2.0,2.0
3341.0,add,0.4933097340314704,1133.0,5.0,0.8267031849440061,4.0,1.0,1.0,0.0,3.0
3342.0,add,0.8684525127287896,1134.0,7.0,0.8684525127287878,4.0,1.0,0.0,1.0,4.0
3343.0,add,0.8684525127287915,1134.0,7.0,0.8684525127287878,4.0,2.0,0.0,1.0,4.0
3344.0,delete,0.8684525127287878,1134.0,7.0,0.8684525127287878,4.0,1.0,0.0,1.0,3.0
3345.0,swap,0.8684525127287878,1134.0,7.0,0.8684525127287878,4.0,1.0,0.0,1.0,4.0
3346.0,add,0.8661642303870689,1135.0,6.0,0.868452512728789,4.0,1.0,0.0,1.0,4.0
3347.0,add,0.8684525127287896,1136.0,8.0,0.8684525127287915,4.0,2.0,0.0,1.0,4.0
3348.0,add,0.8684525127287915,1136.0,8.0,0.8684525127287915,4.0,2.0,0.0,1.0,5.0
3349.0,delete,0.8684525127287915,1136.0,8.0,0.8684525127287915,4.0,2.0,0.0,1.0,3.0
3350.0,swap,0.42062553444533946,1136.0,8.0,0.8684525127287915,4.0,1.0,1.0,1.0,4.0
3351.0,add,0.8684525127287896,1137.0,7.0,0.8684525127287878,4.0,1.0,0.0,1.0,3.0
3352.0,add,0.866164230387067,1137.0,7.0,0.8684525127287878,4.0,1.0,0.0,1.0,4.0
3353.0,delete,0.8684525127287878,1137.0,7.0,0.8684525127287878,4.0,1.0,0.0,1.0,2.0
3354.0,swap,0.8684525127287892,1137.0,7.0,0.8684525127287878,4.0,2.0,0.0,1.0,2.0
3355.0,delete,0.6756664775831416,1138.0,3.0,0.7117382189099146,3.0,0.0,1.0,0.0,0.0
3356.0,add,0.7117382189099154,1138.0,3.0,0.7117382189099146,3.0,1.0,1.0,0.0,0.0
3357.0,delete,0.3040764312848323,1138.0,3.0,0.7117382189099146,3.0,0.0,0.0,0.0,0.0
3358.0,swap,0.19083124379781657,1138.0,3.0,0.7117382189099146,2.0,0.0,2.0,0.0,0.0
3359.0,add,0.873597849947558,1139.0,6.0,0.873597849947558,4.0,0.0,0.0,0.0,4.0
3360.0,delete,0.3040764312848323,1139.0,6.0,0.873597849947558,3.0,0.0,0.0,0.0,3.0
3361.0,swap,0.873597849947558,1139.0,6.0,0.873597849947558,4.0,0.0,0.0,0.0,3.0
3362.0,change,0.8684525127287896,1140.0,6.0,0.8679948562604445,4.0,1.0,0.0,1.0,3.0
3363.0,add,0.8684525127287892,1141.0,8.0,0.8684525127287896,4.0,1.0,0.0,1.0,3.0
3364.0,add,0.8661642303870699,1141.0,8.0,0.8684525127287896,4.0,1.0,0.0,1.0,4.0
3365.0,delete,0.8684525127287878,1141.0,8.0,0.8684525127287896,4.0,0.0,0.0,1.0,3.0
3366.0,swap,0.2335267952306297,1141.0,8.0,0.8684525127287896,3.0,1.0,1.0,1.0,3.0
3367.0,delete,0.30230329150181523,1142.0,6.0,0.8667485298442232,3.0,1.0,0.0,1.0,3.0
3368.0,add,0.8684525127287896,1143.0,8.0,0.8684525127287896,4.0,1.0,0.0,1.0,4.0
3369.0,add,0.8684525127287896,1143.0,8.0,0.8684525127287896,4.0,1.0,0.0,1.0,5.0
3370.0,delete,0.8684525127287896,1143.0,8.0,0.8684525127287896,4.0,1.0,0.0,1.0,3.0
3371.0,swap,0.861080329921315,1143.0,8.0,0.8684525127287896,4.0,1.0,0.0,2.0,3.0
3372.0,add,0.8684525127287878,1144.0,6.0,0.8357748381978863,4.0,1.0,0.0,1.0,4.0
3373.0,add,0.8696825154081714,1145.0,5.0,0.8012019405614688,4.0,1.0,0.0,1.0,3.0
3374.0,add,0.8696825154081714,1146.0,6.0,0.8696825154081714,4.0,1.0,0.0,1.0,3.0
3375.0,add,0.8645604557060119,1146.0,6.0,0.8696825154081714,4.0,1.0,0.0,2.0,3.0
3376.0,delete,0.08568706349467928,1146.0,6.0,0.8696825154081714,3.0,1.0,0.0,1.0,3.0
3377.0,swap,0.2583679938354363,1146.0,6.0,0.8696825154081714,4.0,1.0,1.0,0.0,3.0
3378.0,add,0.8696825154081719,1147.0,5.0,0.873597849947558,4.0,0.0,0.0,1.0,4.0
3379.0,delete,0.3040764312848323,1147.0,5.0,0.873597849947558,3.0,0.0,0.0,0.0,4.0
3380.0,swap,0.8696825154081719,1147.0,5.0,0.873597849947558,4.0,0.0,0.0,1.0,3.0
3381.0,add,0.8684525127287878,1148.0,6.0,0.8684525127287878,4.0,0.0,0.0,1.0,3.0
3382.0,add,0.8684525127287892,1148.0,6.0,0.8684525127287878,4.0,1.0,0.0,1.0,3.0
3383.0,delete,0.8684525127287878,1148.0,6.0,0.8684525127287878,4.0,0.0,0.0,1.0,2.0
3384.0,swap,0.3023032915018151,1148.0,6.0,0.8684525127287878,3.0,0.0,0.0,2.0,3.0
3385.0,add,0.166178776882578,1149.0,4.0,0.12098860994102663,4.0,0.0,1.0,0.0,2.0
3386.0,add,0.12045646956515602,1149.0,4.0,0.12098860994102663,4.0,0.0,1.0,1.0,2.0
3387.0,delete,0.08145058903031634,1149.0,4.0,0.12098860994102663,3.0,0.0,1.0,0.0,2.0
3388.0,swap,0.007480539504250967,1149.0,4.0,0.12098860994102663,3.0,0.0,2.0,0.0,2.0
3389.0,change,0.8696825154081719,1150.0,3.0,0.5983313389509168,4.0,0.0,0.0,1.0,1.0
3390.0,change,0.8696825154081719,1151.0,4.0,0.8696825154081719,4.0,0.0,0.0,1.0,1.0
3391.0,add,0.8696825154081739,1151.0,4.0,0.8696825154081719,4.0,1.0,0.0,1.0,1.0
3392.0,delete,0.8696825154081719,1151.0,4.0,0.8696825154081719,4.0,0.0,0.0,1.0,0.0
3393.0,swap,0.8684525127287878,1151.0,4.0,0.8696825154081719,4.0,0.0,0.0,1.0,1.0
3394.0,add,0.8696825154081772,1152.0,5.0,0.8696825154081739,4.0,1.0,0.0,1.0,1.0
3395.0,add,0.0803281595621397,1152.0,5.0,0.8696825154081739,4.0,1.0,1.0,1.0,1.0
3396.0,delete,0.11719131559423906,1152.0,5.0,0.8696825154081739,3.0,1.0,0.0,1.0,1.0
3397.0,swap,0.8696825154081739,1152.0,5.0,0.8696825154081739,4.0,1.0,0.0,1.0,1.0
3398.0,change,0.8696825154081719,1153.0,3.0,0.6625516982206279,4.0,0.0,0.0,1.0,1.0
3399.0,change,0.8696825154081719,1154.0,4.0,0.8696825154081719,4.0,0.0,0.0,1.0,1.0
3400.0,add,0.39330764108766086,1154.0,4.0,0.8696825154081719,4.0,0.0,1.0,1.0,1.0
3401.0,delete,0.11719131559423906,1154.0,4.0,0.8696825154081719,3.0,0.0,0.0,1.0,1.0
3402.0,swap,0.2635389405360296,1154.0,4.0,0.8696825154081719,3.0,0.0,0.0,2.0,1.0
3403.0,swap,0.3040764312848323,1155.0,3.0,0.3040764312848323,3.0,0.0,0.0,1.0,1.0
3404.0,add,0.30230329150181523,1155.0,3.0,0.3040764312848323,3.0,0.0,0.0,2.0,1.0
3405.0,delete,0.09431537009970281,1155.0,3.0,0.3040764312848323,2.0,0.0,0.0,1.0,1.0
3406.0,swap,0.10893748078630526,1155.0,3.0,0.3040764312848323,2.0,0.0,0.0,1.0,2.0
3407.0,delete,0.3040764312848323,1156.0,4.0,0.7312174952818765,3.0,1.0,0.0,0.0,1.0
3408.0,add,0.8684525127287892,1157.0,6.0,0.819577943958036,4.0,1.0,0.0,1.0,3.0
3409.0,add,0.8684525127287901,1158.0,7.0,0.8684525127287892,4.0,1.0,0.0,1.0,3.0
3410.0,add,0.8684525127287892,1158.0,7.0,0.8684525127287892,4.0,1.0,0.0,1.0,4.0
3411.0,delete,0.08577595211538057,1158.0,7.0,0.8684525127287892,3.0,1.0,0.0,1.0,3.0
3412.0,swap,0.8696825154081753,1158.0,7.0,0.8684525127287892,4.0,1.0,0.0,1.0,3.0
3413.0,add,0.08976741086924081,1159.0,4.0,0.73794350357157,4.0,0.0,1.0,0.0,3.0
3414.0,add,0.873597849947558,1160.0,7.0,0.873597849947558,4.0,0.0,0.0,0.0,5.0
3415.0,delete,0.3040764312848323,1160.0,7.0,0.873597849947558,3.0,0.0,0.0,0.0,4.0
3416.0,swap,0.11731916609425042,1160.0,7.0,0.873597849947558,3.0,0.0,0.0,1.0,4.0
3417.0,delete,0.11731916609425042,1161.0,5.0,0.7312174952818765,3.0,0.0,0.0,0.0,4.0
3418.0,add,0.8684525127287878,1162.0,4.0,0.7292598280121835,4.0,0.0,0.0,1.0,3.0
3419.0,add,0.8684525127287878,1163.0,5.0,0.8684525127287878,4.0,0.0,0.0,1.0,3.0
3420.0,add,0.8684525127287896,1163.0,5.0,0.8684525127287878,4.0,1.0,0.0,1.0,3.0
3421.0,delete,0.8684525127287878,1163.0,5.0,0.8684525127287878,4.0,0.0,0.0,1.0,2.0
3422.0,swap,0.873597849947558,1163.0,5.0,0.8684525127287878,4.0,0.0,0.0,0.0,4.0
3423.0,add,0.8684525127287878,1164.0,6.0,0.873597849947558,4.0,0.0,0.0,1.0,4.0
3424.0,delete,0.3040764312848323,1164.0,6.0,0.873597849947558,3.0,0.0,0.0,0.0,4.0
3425.0,swap,0.26659909213401584,1164.0,6.0,0.873597849947558,3.0,0.0,0.0,1.0,4.0
3426.0,add,0.873597849947558,1165.0,5.0,0.873597849947558,4.0,1.0,0.0,0.0,2.0
3427.0,add,0.873597849947558,1165.0,5.0,0.873597849947558,4.0,2.0,0.0,0.0,2.0
3428.0,delete,0.873597849947558,1165.0,5.0,0.873597849947558,4.0,1.0,0.0,0.0,1.0
3429.0,swap,0.016639034101414388,1165.0,5.0,0.873597849947558,4.0,0.0,1.0,0.0,2.0
3430.0,add,0.8684525127287878,1166.0,7.0,0.8684525127287878,4.0,1.0,0.0,1.0,4.0
3431.0,add,0.8661642303870689,1166.0,7.0,0.8684525127287878,4.0,1.0,0.0,1.0,5.0
3432.0,delete,0.08577595211538057,1166.0,7.0,0.8684525127287878,3.0,1.0,0.0,1.0,4.0
3433.0,swap,0.8684525127287892,1166.0,7.0,0.8684525127287878,4.0,2.0,0.0,1.0,3.0
3434.0,delete,0.8684525127287911,1167.0,8.0,0.8684525127287878,4.0,1.0,0.0,1.0,2.0
3435.0,add,0.7177350170189553,1167.0,8.0,0.8684525127287878,4.0,1.0,1.0,1.0,2.0
3436.0,delete,0.8684525127287878,1167.0,8.0,0.8684525127287878,4.0,1.0,0.0,1.0,1.0
3437.0,swap,0.8684525127287896,1167.0,8.0,0.8684525127287878,4.0,2.0,0.0,1.0,1.0
3438.0,change,0.8684525127287878,1168.0,6.0,0.8120082428794007,4.0,1.0,0.0,1.0,3.0
3439.0,change,0.8684525127287878,1169.0,7.0,0.8684525127287878,4.0,1.0,0.0,1.0,3.0
3440.0,add,0.494781088459186,1169.0,7.0,0.8684525127287878,4.0,1.0,1.0,1.0,3.0
3441.0,delete,0.11663505098597615,1169.0,7.0,0.8684525127287878,3.0,1.0,0.0,1.0,3.0
3442.0,swap,0.3023032915018151,1169.0,7.0,0.8684525127287878,3.0,1.0,0.0,2.0,3.0
3443.0,add,0.873597849947558,1170.0,5.0,0.873597849947558,4.0,1.0,0.0,0.0,1.0
3444.0,add,0.2969883407127708,1170.0,5.0,0.873597849947558,4.0,1.0,1.0,0.0,1.0
3445.0,delete,0.873597849947558,1170.0,5.0,0.873597849947558,4.0,1.0,0.0,0.0,0.0
3446.0,swap,0.11731916609425036,1170.0,5.0,0.873597849947558,3.0,2.0,0.0,0.0,1.0
3447.0,add,0.8696825154081719,1171.0,4.0,0.72529793742159,4.0,0.0,0.0,1.0,3.0
3448.0,add,0.8696825154081719,1172.0,5.0,0.8696825154081719,4.0,0.0,0.0,1.0,3.0
3449.0,add,0.8657855661243155,1172.0,5.0,0.8696825154081719,4.0,0.0,0.0,2.0,3.0
3450.0,delete,0.8696825154081719,1172.0,5.0,0.8696825154081719,4.0,0.0,0.0,1.0,2.0
3451.0,swap,0.8696825154081719,1172.0,5.0,0.8696825154081719,4.0,0.0,0.0,1.0,3.0
3452.0,add,0.8657855661243155,1173.0,6.0,0.8657855661243155,4.0,0.0,0.0,2.0,3.0
3453.0,add,0.8542034082486696,1173.0,6.0,0.8657855661243155,4.0,0.0,0.0,3.0,3.0
3454.0,delete,0.8657855661243155,1173.0,6.0,0.8657855661243155,4.0,0.0,0.0,2.0,2.0
3455.0,swap,0.018120713095393023,1173.0,6.0,0.8657855661243155,3.0,0.0,1.0,2.0,3.0
3456.0,add,0.8559289501142108,1174.0,2.0,0.6495145800139281,4.0,0.0,1.0,0.0,1.0
3457.0,add,0.8362112248095397,1175.0,3.0,0.8559289501142108,4.0,0.0,1.0,0.0,1.0
3458.0,add,0.6164456779267045,1175.0,3.0,0.8559289501142108,4.0,0.0,2.0,0.0,1.0
3459.0,delete,0.29798709480915575,1175.0,3.0,0.8559289501142108,3.0,0.0,1.0,0.0,1.0
3460.0,swap,0.02203770763878608,1175.0,3.0,0.8559289501142108,3.0,0.0,2.0,0.0,1.0
3461.0,delete,0.8696825154081719,1176.0,6.0,0.8696825154081719,4.0,0.0,0.0,1.0,2.0
3462.0,add,0.8696825154081719,1176.0,6.0,0.8696825154081719,4.0,0.0,0.0,1.0,3.0
3463.0,delete,0.3040764312848323,1176.0,6.0,0.8696825154081719,3.0,0.0,0.0,1.0,2.0
3464.0,swap,0.8657855661243155,1176.0,6.0,0.8696825154081719,4.0,0.0,0.0,2.0,1.0
3465.0,add,0.8696825154081719,1177.0,6.0,0.8696825154081719,4.0,0.0,0.0,1.0,3.0
3466.0,add,0.8696825154081719,1177.0,6.0,0.8696825154081719,4.0,0.0,0.0,1.0,4.0
3467.0,delete,0.30276636134333024,1177.0,6.0,0.8696825154081719,3.0,0.0,0.0,1.0,3.0
3468.0,swap,0.05003176714569831,1177.0,6.0,0.8696825154081719,3.0,1.0,0.0,1.0,3.0
3469.0,change,0.8684525127287878,1178.0,5.0,0.7552226684833935,4.0,0.0,0.0,1.0,3.0
3470.0,change,0.8684525127287878,1179.0,6.0,0.8684525127287878,4.0,0.0,0.0,1.0,3.0
3471.0,add,0.7990672107062375,1179.0,6.0,0.8684525127287878,4.0,0.0,1.0,1.0,3.0
3472.0,delete,0.8684525127287878,1179.0,6.0,0.8684525127287878,4.0,0.0,0.0,1.0,2.0
3473.0,swap,0.8684525127287878,1179.0,6.0,0.8684525127287878,4.0,0.0,0.0,1.0,3.0
3474.0,delete,0.8684525127287878,1180.0,7.0,0.8684525127287878,4.0,0.0,0.0,1.0,2.0
3475.0,add,0.866164230387068,1180.0,7.0,0.8684525127287878,4.0,0.0,0.0,1.0,3.0
3476.0,delete,0.2662086698628963,1180.0,7.0,0.8684525127287878,3.0,0.0,0.0,1.0,2.0
3477.0,swap,0.8684525127287878,1180.0,7.0,0.8684525127287878,4.0,0.0,0.0,1.0,2.0
3478.0,add,0.873597849947558,1181.0,3.0,0.6902842764684264,4.0,1.0,0.0,0.0,2.0
3479.0,add,0.873597849947558,1182.0,4.0,0.873597849947558,4.0,1.0,0.0,0.0,2.0
3480.0,add,0.873597849947558,1182.0,4.0,0.873597849947558,4.0,1.0,0.0,0.0,3.0
3481.0,delete,0.11731916609425036,1182.0,4.0,0.873597849947558,3.0,1.0,0.0,0.0,2.0
3482.0,swap,0.17828169174630387,1182.0,4.0,0.873597849947558,4.0,1.0,1.0,0.0,1.0
3483.0,change,0.8684525127287878,1183.0,5.0,0.7798763235532781,4.0,0.0,0.0,1.0,3.0
3484.0,change,0.8684525127287878,1184.0,6.0,0.8684525127287878,4.0,0.0,0.0,1.0,3.0
3485.0,add,0.2524364031262914,1184.0,6.0,0.8684525127287878,4.0,0.0,1.0,1.0,3.0
3486.0,delete,0.8684525127287878,1184.0,6.0,0.8684525127287878,4.0,0.0,0.0,1.0,2.0
3487.0,swap,0.8684525127287896,1184.0,6.0,0.8684525127287878,4.0,1.0,0.0,1.0,2.0
3488.0,swap,0.8684525127287878,1185.0,7.0,0.8684525127287878,4.0,0.0,0.0,1.0,3.0
3489.0,add,0.8684525127287878,1185.0,7.0,0.8684525127287878,4.0,0.0,0.0,1.0,4.0
3490.0,delete,0.30230329150181523,1185.0,7.0,0.8684525127287878,3.0,0.0,0.0,1.0,3.0
3491.0,swap,0.873597849947558,1185.0,7.0,0.8684525127287878,4.0,0.0,0.0,0.0,4.0
3492.0,change,0.8684525127287878,1186.0,7.0,0.8684525127287878,4.0,0.0,0.0,1.0,3.0
3493.0,add,0.8684525127287901,1186.0,7.0,0.8684525127287878,4.0,1.0,0.0,1.0,3.0
3494.0,delete,0.8684525127287878,1186.0,7.0,0.8684525127287878,4.0,0.0,0.0,1.0,2.0
3495.0,swap,0.08577595211538068,1186.0,7.0,0.8684525127287878,3.0,1.0,0.0,1.0,3.0
3496.0,swap,0.8684525127287878,1187.0,5.0,0.8684525127287878,4.0,0.0,0.0,1.0,1.0
3497.0,add,0.08916971081645694,1187.0,5.0,0.8684525127287878,4.0,0.0,1.0,1.0,1.0
3498.0,delete,0.8684525127287878,1187.0,5.0,0.8684525127287878,4.0,0.0,0.0,1.0,0.0
3499.0,swap,0.11719131559423906,1187.0,5.0,0.8684525127287878,3.0,1.0,0.0,1.0,1.0
3500.0,add,0.873597849947558,1188.0,5.0,0.8735978499475604,4.0,1.0,0.0,0.0,2.0
3501.0,add,0.8735978499475604,1188.0,5.0,0.8735978499475604,4.0,1.0,0.0,0.0,3.0
3502.0,delete,0.8735978499475604,1188.0,5.0,0.8735978499475604,4.0,1.0,0.0,0.0,1.0
3503.0,swap,0.06767585955345762,1188.0,5.0,0.8735978499475604,3.0,1.0,1.0,0.0,2.0
3504.0,add,0.8684525127287878,1189.0,6.0,0.8684525127287878,4.0,0.0,0.0,1.0,4.0
3505.0,add,0.8645604557060138,1189.0,6.0,0.8684525127287878,4.0,0.0,0.0,2.0,4.0
3506.0,delete,0.8684525127287878,1189.0,6.0,0.8684525127287878,4.0,0.0,0.0,1.0,3.0
3507.0,swap,0.3023032915018151,1189.0,6.0,0.8684525127287878,3.0,0.0,0.0,2.0,4.0
3508.0,delete,0.8684525127287878,1190.0,7.0,0.8684525127287878,4.0,0.0,0.0,1.0,2.0
3509.0,add,0.8683499177748368,1190.0,7.0,0.8684525127287878,4.0,0.0,1.0,1.0,2.0
3510.0,delete,0.30230329150181523,1190.0,7.0,0.8684525127287878,3.0,0.0,0.0,1.0,2.0
3511.0,swap,0.3023032915018151,1190.0,7.0,0.8684525127287878,3.0,0.0,0.0,2.0,2.0
3512.0,change,0.873597849947558,1191.0,5.0,0.7388639774696542,4.0,1.0,0.0,0.0,3.0
3513.0,change,0.8735978499475604,1192.0,6.0,0.873597849947558,4.0,1.0,0.0,0.0,3.0
3514.0,add,0.873597849947558,1192.0,6.0,0.873597849947558,4.0,1.0,0.0,0.0,4.0
3515.0,delete,0.873597849947558,1192.0,6.0,0.873597849947558,4.0,1.0,0.0,0.0,2.0
3516.0,swap,0.8695634537028907,1192.0,6.0,0.873597849947558,3.0,1.0,1.0,0.0,3.0
3517.0,change,0.8735978499475604,1193.0,7.0,0.8735978499475604,4.0,1.0,0.0,0.0,3.0
3518.0,add,0.8735978499475604,1193.0,7.0,0.8735978499475604,4.0,1.0,0.0,0.0,4.0
3519.0,delete,0.30407643128483264,1193.0,7.0,0.8735978499475604,3.0,1.0,0.0,0.0,3.0
3520.0,swap,0.8684525127287878,1193.0,7.0,0.8735978499475604,4.0,0.0,0.0,1.0,3.0
3521.0,swap,0.8663058040145271,1194.0,7.0,0.8695634537028907,3.0,1.0,1.0,0.0,3.0
3522.0,add,0.8656670634123712,1194.0,7.0,0.8695634537028907,3.0,1.0,1.0,1.0,3.0
3523.0,delete,0.8695634537028916,1194.0,7.0,0.8695634537028907,3.0,0.0,1.0,0.0,3.0
3524.0,swap,0.11080182508736079,1194.0,7.0,0.8695634537028907,2.0,1.0,2.0,0.0,3.0
3525.0,add,0.873597849947558,1195.0,7.0,0.873597849947558,4.0,1.0,0.0,0.0,4.0
3526.0,add,0.873597849947558,1195.0,7.0,0.873597849947558,4.0,1.0,0.0,0.0,5.0
3527.0,delete,0.873597849947558,1195.0,7.0,0.873597849947558,4.0,1.0,0.0,0.0,3.0
3528.0,swap,0.8696825154081739,1195.0,7.0,0.873597849947558,4.0,1.0,0.0,1.0,3.0
3529.0,add,0.8310204066360791,1196.0,4.0,0.8362112248095397,4.0,0.0,1.0,0.0,1.0
3530.0,add,0.8564632768413083,1196.0,4.0,0.8362112248095397,4.0,0.0,2.0,0.0,1.0
3531.0,delete,0.11234737477919499,1196.0,4.0,0.8362112248095397,3.0,0.0,1.0,0.0,1.0
3532.0,swap,0.831467754318345,1196.0,4.0,0.8362112248095397,4.0,0.0,1.0,1.0,0.0
3533.0,add,0.873597849947558,1197.0,6.0,0.8728147830396811,4.0,2.0,0.0,0.0,3.0
3534.0,change,0.8735978499475604,1198.0,4.0,0.7124134518687394,4.0,1.0,0.0,0.0,2.0
3535.0,change,0.873597849947558,1199.0,5.0,0.8735978499475604,4.0,1.0,0.0,0.0,2.0
3536.0,add,0.8735978499475604,1199.0,5.0,0.8735978499475604,4.0,1.0,0.0,0.0,3.0
3537.0,delete,0.30407643128483275,1199.0,5.0,0.8735978499475604,3.0,1.0,0.0,0.0,2.0
3538.0,swap,0.8696825154081719,1199.0,5.0,0.8735978499475604,4.0,1.0,0.0,1.0,1.0
3539.0,delete,0.0457793309656297,1200.0,2.0,0.5188101180971241,3.0,0.0,1.0,0.0,0.0
3540.0,change,0.8732569443122444,1201.0,3.0,0.6935020074768935,4.0,0.0,1.0,0.0,1.0
3541.0,change,0.8326906215944394,1202.0,4.0,0.8732569443122444,4.0,0.0,1.0,0.0,1.0
3542.0,add,0.873256944312244,1202.0,4.0,0.8732569443122444,4.0,1.0,1.0,0.0,1.0
3543.0,delete,0.8732569443122444,1202.0,4.0,0.8732569443122444,4.0,0.0,1.0,0.0,0.0
3544.0,swap,0.2748219792750996,1202.0,4.0,0.8732569443122444,3.0,0.0,1.0,1.0,1.0
3545.0,delete,0.8685615778755182,1203.0,5.0,0.8732569443122444,4.0,0.0,1.0,0.0,0.0
3546.0,add,0.8732569443122444,1203.0,5.0,0.8732569443122444,4.0,1.0,1.0,0.0,0.0
3547.0,delete,0.30395895468422107,1203.0,5.0,0.8732569443122444,3.0,0.0,1.0,0.0,0.0
3548.0,swap,0.2760457296372461,1203.0,5.0,0.8732569443122444,3.0,0.0,1.0,0.0,1.0
3549.0,swap,0.8696825154081768,1204.0,6.0,0.8696825154081719,4.0,1.0,0.0,1.0,1.0
3550.0,add,0.17955135240413198,1204.0,6.0,0.8696825154081719,4.0,1.0,1.0,1.0,1.0
3551.0,delete,0.8735978499475604,1204.0,6.0,0.8696825154081719,4.0,1.0,0.0,0.0,1.0
3552.0,swap,0.280553406285442,1204.0,6.0,0.8696825154081719,3.0,1.0,1.0,1.0,1.0
3553.0,add,0.873597849947558,1205.0,8.0,0.873597849947558,4.0,1.0,0.0,0.0,5.0
3554.0,add,0.873597849947558,1205.0,8.0,0.873597849947558,4.0,1.0,0.0,0.0,6.0
3555.0,delete,0.873597849947558,1205.0,8.0,0.873597849947558,4.0,1.0,0.0,0.0,4.0
3556.0,swap,0.873597849947558,1205.0,8.0,0.873597849947558,4.0,1.0,0.0,0.0,5.0
3557.0,add,0.873597849947558,1206.0,7.0,0.873597849947558,4.0,2.0,0.0,0.0,3.0
3558.0,add,0.873597849947558,1206.0,7.0,0.873597849947558,4.0,2.0,0.0,0.0,4.0
3559.0,delete,0.11731916609425042,1206.0,7.0,0.873597849947558,3.0,2.0,0.0,0.0,3.0
3560.0,swap,0.06969696032836484,1206.0,7.0,0.873597849947558,4.0,2.0,1.0,0.0,2.0
3561.0,swap,0.8696825154081719,1207.0,6.0,0.8696825154081719,4.0,0.0,0.0,1.0,3.0
3562.0,add,0.7141050533093625,1207.0,6.0,0.8696825154081719,4.0,0.0,1.0,1.0,3.0
3563.0,delete,0.8696825154081719,1207.0,6.0,0.8696825154081719,4.0,0.0,0.0,1.0,2.0
3564.0,swap,0.646027526156458,1207.0,6.0,0.8696825154081719,4.0,0.0,1.0,1.0,2.0
3565.0,swap,0.873597849947558,1208.0,5.0,0.7938360251380672,4.0,1.0,0.0,0.0,3.0
3566.0,change,0.8629875594183689,1209.0,3.0,0.6797583341214263,4.0,0.0,1.0,0.0,1.0
3567.0,change,0.8626749350945456,1210.0,4.0,0.8629875594183689,4.0,0.0,1.0,0.0,1.0
3568.0,add,0.9555953602919034,1210.0,4.0,0.8629875594183689,4.0,0.0,1.0,0.0,2.0
3569.0,delete,0.11590839598362405,1210.0,4.0,0.8629875594183689,3.0,0.0,1.0,0.0,1.0
3570.0,swap,0.8629875594183714,1210.0,4.0,0.8629875594183689,4.0,1.0,1.0,0.0,0.0
3571.0,swap,0.8629875594183708,1211.0,5.0,0.8629875594183714,4.0,1.0,1.0,0.0,0.0
3572.0,add,0.857957090284531,1211.0,5.0,0.8629875594183714,4.0,1.0,1.0,1.0,0.0
3573.0,delete,0.873597849947558,1211.0,5.0,0.8629875594183714,4.0,1.0,0.0,0.0,0.0
3574.0,swap,0.030377419797133168,1211.0,5.0,0.8629875594183714,3.0,1.0,2.0,0.0,0.0
3575.0,add,0.8766767447389513,1212.0,5.0,0.9555953602919034,4.0,0.0,1.0,0.0,2.0
3576.0,add,0.9555953602919055,1212.0,5.0,0.9555953602919034,4.0,1.0,1.0,0.0,2.0
3577.0,delete,0.873597849947558,1212.0,5.0,0.9555953602919034,4.0,0.0,0.0,0.0,2.0
3578.0,swap,0.8591202244445935,1212.0,5.0,0.9555953602919034,4.0,0.0,1.0,1.0,1.0
3579.0,add,0.8335264733879426,1213.0,4.0,0.9041171079429823,4.0,0.0,2.0,0.0,1.0
3580.0,add,0.9555953602919044,1214.0,6.0,0.9555953602919055,4.0,1.0,1.0,0.0,2.0
3581.0,add,0.8633772040924983,1214.0,6.0,0.9555953602919055,4.0,1.0,2.0,0.0,2.0
3582.0,delete,0.1061091366658567,1214.0,6.0,0.9555953602919055,3.0,1.0,1.0,0.0,2.0
3583.0,swap,0.006754405004339252,1214.0,6.0,0.9555953602919055,3.0,1.0,2.0,0.0,2.0
3584.0,change,0.8672511341955693,1215.0,5.0,0.8626749350945456,4.0,0.0,1.0,0.0,1.0
3585.0,add,0.8578274884619292,1215.0,5.0,0.8626749350945456,4.0,0.0,1.0,0.0,2.0
3586.0,delete,0.1158668260766175,1215.0,5.0,0.8626749350945456,3.0,0.0,1.0,0.0,1.0
3587.0,swap,0.31805525579164934,1215.0,5.0,0.8626749350945456,3.0,1.0,1.0,0.0,1.0
3588.0,swap,0.873597849947558,1216.0,6.0,0.873597849947558,4.0,1.0,0.0,0.0,3.0
3589.0,add,0.873597849947558,1216.0,6.0,0.873597849947558,4.0,1.0,0.0,0.0,4.0
3590.0,delete,0.3040764312848323,1216.0,6.0,0.873597849947558,3.0,1.0,0.0,0.0,3.0
3591.0,swap,0.01996967213622398,1216.0,6.0,0.873597849947558,3.0,1.0,1.0,0.0,3.0
3592.0,add,0.5951044390559658,1217.0,3.0,0.6312730625536378,4.0,1.0,1.0,0.0,1.0
3593.0,add,0.873597849947558,1218.0,5.0,0.873597849947558,4.0,1.0,0.0,0.0,2.0
3594.0,add,0.8684525127287872,1218.0,5.0,0.873597849947558,4.0,1.0,0.0,1.0,2.0
3595.0,delete,0.08597457175616133,1218.0,5.0,0.873597849947558,3.0,1.0,0.0,0.0,2.0
3596.0,swap,0.30407643128483264,1218.0,5.0,0.873597849947558,3.0,2.0,0.0,0.0,2.0
3597.0,add,0.8684525127287878,1219.0,6.0,0.873597849947558,4.0,0.0,0.0,1.0,5.0
3598.0,delete,0.873597849947558,1219.0,6.0,0.873597849947558,4.0,0.0,0.0,0.0,4.0
3599.0,swap,0.2677858814627581,1219.0,6.0,0.873597849947558,3.0,1.0,0.0,0.0,5.0
3600.0,swap,0.873597849947558,1220.0,7.0,0.873597849947558,4.0,1.0,0.0,0.0,3.0
3601.0,add,0.873597849947558,1220.0,7.0,0.873597849947558,4.0,2.0,0.0,0.0,3.0
3602.0,delete,0.3040764312848323,1220.0,7.0,0.873597849947558,3.0,1.0,0.0,0.0,3.0
3603.0,swap,0.8684525127287878,1220.0,7.0,0.873597849947558,4.0,1.0,0.0,1.0,2.0
3604.0,swap,0.8735978499475604,1221.0,7.0,0.873597849947558,4.0,1.0,0.0,0.0,3.0
3605.0,add,0.8696825154081763,1221.0,7.0,0.873597849947558,4.0,1.0,0.0,1.0,3.0
3606.0,delete,0.873597849947558,1221.0,7.0,0.873597849947558,4.0,0.0,0.0,0.0,3.0
3607.0,swap,0.873597849947558,1221.0,7.0,0.873597849947558,4.0,2.0,0.0,0.0,2.0
3608.0,add,0.10785060252808382,1222.0,5.0,0.873597849947558,4.0,0.0,1.0,0.0,3.0
3609.0,delete,0.3040764312848323,1222.0,5.0,0.873597849947558,3.0,0.0,0.0,0.0,3.0
3610.0,swap,0.8633374806385117,1222.0,5.0,0.873597849947558,4.0,0.0,0.0,1.0,2.0
3611.0,swap,0.873597849947558,1223.0,6.0,0.8728147830396822,4.0,1.0,0.0,0.0,3.0
3612.0,swap,0.873597849947558,1224.0,8.0,0.8735978499475604,4.0,1.0,0.0,0.0,3.0
3613.0,add,0.8735978499475604,1224.0,8.0,0.8735978499475604,4.0,1.0,0.0,0.0,4.0
3614.0,delete,0.8735978499475604,1224.0,8.0,0.8735978499475604,4.0,1.0,0.0,0.0,2.0
3615.0,swap,0.0342989166645149,1224.0,8.0,0.8735978499475604,3.0,1.0,0.0,0.0,4.0
3616.0,change,0.873597849947558,1225.0,6.0,0.7586644987712603,4.0,1.0,0.0,0.0,3.0
3617.0,change,0.873597849947558,1226.0,7.0,0.873597849947558,4.0,1.0,0.0,0.0,3.0
3618.0,add,0.8696825154081768,1226.0,7.0,0.873597849947558,4.0,1.0,0.0,1.0,3.0
3619.0,delete,0.11731916609425053,1226.0,7.0,0.873597849947558,3.0,1.0,0.0,0.0,3.0
3620.0,swap,0.3040764312848323,1226.0,7.0,0.873597849947558,3.0,2.0,0.0,0.0,3.0
3621.0,add,0.8684525127287878,1227.0,6.0,0.8684525127287878,4.0,0.0,0.0,1.0,3.0
3622.0,add,0.0826380410651466,1227.0,6.0,0.8684525127287878,4.0,0.0,1.0,1.0,3.0
3623.0,delete,0.11663505098597605,1227.0,6.0,0.8684525127287878,3.0,0.0,0.0,1.0,3.0
3624.0,swap,0.30230329150181523,1227.0,6.0,0.8684525127287878,3.0,0.0,0.0,2.0,3.0
3625.0,add,0.8684525127287878,1228.0,5.0,0.7208585235216655,4.0,0.0,0.0,1.0,4.0
3626.0,add,0.8684525127287878,1229.0,6.0,0.8684525127287878,4.0,0.0,0.0,1.0,4.0
3627.0,add,0.8684525127287896,1229.0,6.0,0.8684525127287878,4.0,1.0,0.0,1.0,4.0
3628.0,delete,0.30230329150181523,1229.0,6.0,0.8684525127287878,3.0,0.0,0.0,1.0,4.0
3629.0,swap,0.8610803299213164,1229.0,6.0,0.8684525127287878,4.0,0.0,0.0,2.0,3.0
3630.0,add,0.8684525127287878,1230.0,7.0,0.8684525127287878,4.0,0.0,0.0,1.0,4.0
3631.0,add,0.8684525127287892,1230.0,7.0,0.8684525127287878,4.0,1.0,0.0,1.0,4.0
3632.0,delete,0.873597849947558,1230.0,7.0,0.8684525127287878,4.0,0.0,0.0,0.0,4.0
3633.0,swap,0.5377090950690933,1230.0,7.0,0.8684525127287878,4.0,0.0,1.0,1.0,3.0
3634.0,add,0.873597849947558,1231.0,5.0,0.753875940320799,4.0,1.0,0.0,0.0,4.0
3635.0,add,0.8735978499475604,1232.0,6.0,0.873597849947558,4.0,1.0,0.0,0.0,4.0
3636.0,add,0.873597849947558,1232.0,6.0,0.873597849947558,4.0,1.0,0.0,0.0,5.0
3637.0,delete,0.873597849947558,1232.0,6.0,0.873597849947558,4.0,0.0,0.0,0.0,4.0
3638.0,swap,0.873597849947558,1232.0,6.0,0.873597849947558,4.0,1.0,0.0,0.0,4.0
3639.0,add,0.873597849947558,1233.0,7.0,0.873597849947558,4.0,1.0,0.0,0.0,5.0
3640.0,add,0.8696825154081719,1233.0,7.0,0.873597849947558,4.0,1.0,0.0,1.0,5.0
3641.0,delete,0.873597849947558,1233.0,7.0,0.873597849947558,4.0,1.0,0.0,0.0,4.0
3642.0,swap,0.873597849947558,1233.0,7.0,0.873597849947558,4.0,1.0,0.0,0.0,5.0
3643.0,add,0.873597849947558,1234.0,5.0,0.873597849947558,4.0,1.0,0.0,0.0,2.0
3644.0,add,0.8696825154081763,1234.0,5.0,0.873597849947558,4.0,1.0,0.0,1.0,2.0
3645.0,delete,0.873597849947558,1234.0,5.0,0.873597849947558,4.0,1.0,0.0,0.0,1.0
3646.0,swap,0.11731916609425036,1234.0,5.0,0.873597849947558,3.0,1.0,0.0,1.0,2.0
3647.0,add,0.6495481540649929,1235.0,4.0,0.6164456779267045,4.0,0.0,2.0,0.0,1.0
3648.0,add,0.715751179053805,1235.0,4.0,0.6164456779267045,4.0,0.0,2.0,0.0,2.0
3649.0,delete,0.8559289501142108,1235.0,4.0,0.6164456779267045,4.0,0.0,1.0,0.0,1.0
3650.0,swap,0.08307358579225031,1235.0,4.0,0.6164456779267045,3.0,1.0,2.0,0.0,1.0
3651.0,add,0.7950347335658074,1236.0,4.0,0.728937327246494,4.0,0.0,1.0,0.0,3.0
3652.0,add,0.8529489473044494,1237.0,5.0,0.7950347335658074,4.0,0.0,1.0,0.0,3.0
3653.0,add,0.7950347335658074,1237.0,5.0,0.7950347335658074,4.0,0.0,1.0,0.0,4.0
3654.0,delete,0.7950347335658074,1237.0,5.0,0.7950347335658074,4.0,0.0,1.0,0.0,2.0
3655.0,swap,0.873597849947558,1237.0,5.0,0.7950347335658074,4.0,0.0,0.0,0.0,4.0
3656.0,add,0.22283931303499468,1238.0,6.0,0.873597849947558,4.0,0.0,1.0,0.0,4.0
3657.0,delete,0.873597849947558,1238.0,6.0,0.873597849947558,4.0,0.0,0.0,0.0,3.0
3658.0,swap,0.04526423397858692,1238.0,6.0,0.873597849947558,3.0,0.0,0.0,1.0,4.0
3659.0,add,0.8684525127287878,1239.0,6.0,0.8728147830396807,4.0,1.0,0.0,1.0,4.0
3660.0,add,0.8696825154081719,1240.0,8.0,0.8696825154081719,4.0,1.0,0.0,1.0,5.0
3661.0,add,0.6252329922576056,1240.0,8.0,0.8696825154081719,4.0,1.0,1.0,1.0,5.0
3662.0,delete,0.8696825154081719,1240.0,8.0,0.8696825154081719,4.0,1.0,0.0,1.0,4.0
3663.0,swap,0.3040764312848323,1240.0,8.0,0.8696825154081719,3.0,2.0,0.0,1.0,5.0
3664.0,add,0.873597849947558,1241.0,7.0,0.8735978499475604,4.0,1.0,0.0,0.0,4.0
3665.0,add,0.1759235502802175,1241.0,7.0,0.8735978499475604,4.0,1.0,1.0,0.0,4.0
3666.0,delete,0.8735978499475604,1241.0,7.0,0.8735978499475604,4.0,1.0,0.0,0.0,3.0
3667.0,swap,0.040566439024008444,1241.0,7.0,0.8735978499475604,3.0,2.0,0.0,0.0,4.0
3668.0,change,0.873597849947558,1242.0,4.0,0.6828574914231923,4.0,1.0,0.0,0.0,2.0
3669.0,change,0.8735978499475604,1243.0,5.0,0.873597849947558,4.0,1.0,0.0,0.0,2.0
3670.0,add,0.873597849947558,1243.0,5.0,0.873597849947558,4.0,1.0,0.0,0.0,3.0
3671.0,delete,0.3040764312848323,1243.0,5.0,0.873597849947558,3.0,1.0,0.0,0.0,2.0
3672.0,swap,0.2340605842259888,1243.0,5.0,0.873597849947558,3.0,1.0,1.0,0.0,2.0
3673.0,add,0.8684525127287878,1244.0,6.0,0.873597849947558,4.0,0.0,0.0,1.0,4.0
3674.0,delete,0.873597849947558,1244.0,6.0,0.873597849947558,4.0,0.0,0.0,0.0,3.0
3675.0,swap,0.11643943677948428,1244.0,6.0,0.873597849947558,3.0,0.0,1.0,0.0,4.0
3676.0,add,0.7990672107062375,1245.0,7.0,0.7990672107062375,4.0,0.0,1.0,1.0,3.0
3677.0,add,0.7771426428179619,1245.0,7.0,0.7990672107062375,4.0,0.0,1.0,1.0,4.0
3678.0,delete,0.7990672107062375,1245.0,7.0,0.7990672107062375,4.0,0.0,1.0,1.0,2.0
3679.0,swap,0.8684525127287901,1245.0,7.0,0.7990672107062375,4.0,1.0,0.0,1.0,3.0
3680.0,change,0.873597849947558,1246.0,4.0,0.7215590462690201,4.0,1.0,0.0,0.0,2.0
3681.0,change,0.873597849947558,1247.0,5.0,0.873597849947558,4.0,1.0,0.0,0.0,2.0
3682.0,add,0.873597849947558,1247.0,5.0,0.873597849947558,4.0,1.0,0.0,0.0,3.0
3683.0,delete,0.873597849947558,1247.0,5.0,0.873597849947558,4.0,0.0,0.0,0.0,2.0
3684.0,swap,0.7408979752999175,1247.0,5.0,0.873597849947558,4.0,0.0,1.0,0.0,2.0
3685.0,add,0.873597849947558,1248.0,6.0,0.873597849947558,4.0,1.0,0.0,0.0,2.0
3686.0,delete,0.11731916609425042,1248.0,6.0,0.873597849947558,3.0,0.0,0.0,0.0,2.0
3687.0,swap,0.873597849947558,1248.0,6.0,0.873597849947558,4.0,1.0,0.0,0.0,1.0
3688.0,change,0.873597849947558,1249.0,4.0,0.7467384209557396,4.0,1.0,0.0,0.0,2.0
3689.0,change,0.873597849947558,1250.0,5.0,0.873597849947558,4.0,1.0,0.0,0.0,2.0
3690.0,add,0.09158976591159272,1250.0,5.0,0.873597849947558,4.0,1.0,1.0,0.0,2.0
3691.0,delete,0.11731916609425053,1250.0,5.0,0.873597849947558,3.0,1.0,0.0,0.0,2.0
3692.0,swap,0.873597849947558,1250.0,5.0,0.873597849947558,4.0,0.0,0.0,0.0,3.0
3693.0,swap,0.873597849947558,1251.0,6.0,0.873597849947558,4.0,1.0,0.0,0.0,0.0
3694.0,add,0.873597849947558,1251.0,6.0,0.873597849947558,4.0,2.0,0.0,0.0,0.0
3695.0,delete,0.30407643128483275,1251.0,6.0,0.873597849947558,3.0,1.0,0.0,0.0,0.0
3696.0,swap,0.2732618373297498,1251.0,6.0,0.873597849947558,4.0,0.0,1.0,0.0,0.0
3697.0,add,0.873597849947558,1252.0,6.0,0.873597849947558,4.0,1.0,0.0,0.0,3.0
3698.0,add,0.873597849947558,1252.0,6.0,0.873597849947558,4.0,1.0,0.0,0.0,4.0
3699.0,delete,0.11731916609425042,1252.0,6.0,0.873597849947558,3.0,1.0,0.0,0.0,3.0
3700.0,swap,0.7370768207591649,1252.0,6.0,0.873597849947558,4.0,0.0,1.0,0.0,3.0
3701.0,add,0.8684525127287878,1253.0,6.0,0.8085593575330929,4.0,0.0,0.0,1.0,4.0
3702.0,add,0.8684525127287878,1254.0,7.0,0.8684525127287878,4.0,0.0,0.0,1.0,4.0
3703.0,add,0.30932423149434,1254.0,7.0,0.8684525127287878,4.0,0.0,1.0,1.0,4.0
3704.0,delete,0.08577595211538057,1254.0,7.0,0.8684525127287878,3.0,0.0,0.0,1.0,4.0
3705.0,swap,0.08318060205468178,1254.0,7.0,0.8684525127287878,4.0,0.0,1.0,0.0,4.0
3706.0,add,0.8684525127287878,1255.0,4.0,0.7272527176676415,4.0,1.0,0.0,1.0,2.0
3707.0,add,0.8684525127287896,1256.0,5.0,0.8684525127287878,4.0,1.0,0.0,1.0,2.0
3708.0,add,0.8532479788325797,1256.0,5.0,0.8684525127287878,4.0,1.0,0.0,2.0,2.0
3709.0,delete,0.8684525127287878,1256.0,5.0,0.8684525127287878,4.0,1.0,0.0,1.0,1.0
3710.0,swap,0.04283237510762118,1256.0,5.0,0.8684525127287878,3.0,1.0,0.0,1.0,3.0
3711.0,swap,0.8518609092367035,1257.0,5.0,0.831467754318345,4.0,0.0,1.0,1.0,0.0
3712.0,add,0.8265705559303714,1257.0,5.0,0.831467754318345,4.0,0.0,1.0,2.0,0.0
3713.0,delete,0.19471952433019565,1257.0,5.0,0.831467754318345,3.0,0.0,1.0,1.0,0.0
3714.0,swap,0.24410861079421445,1257.0,5.0,0.831467754318345,3.0,0.0,2.0,1.0,0.0
3715.0,add,0.873597849947558,1258.0,3.0,0.6881702892399922,4.0,0.0,0.0,0.0,3.0
3716.0,add,0.873597849947558,1259.0,4.0,0.873597849947558,4.0,1.0,0.0,0.0,3.0
3717.0,delete,0.11731916609425042,1259.0,4.0,0.873597849947558,3.0,0.0,0.0,0.0,3.0
3718.0,swap,0.11558636104644587,1259.0,4.0,0.873597849947558,3.0,1.0,0.0,0.0,3.0
3719.0,delete,0.8696825154081719,1260.0,5.0,0.8696825154081719,4.0,0.0,0.0,1.0,0.0
3720.0,add,0.858045746934309,1260.0,5.0,0.8696825154081719,4.0,0.0,0.0,2.0,0.0
3721.0,delete,0.30276636134333024,1260.0,5.0,0.8696825154081719,3.0,0.0,0.0,1.0,0.0
3722.0,swap,0.830693109898709,1260.0,5.0,0.8696825154081719,3.0,0.0,1.0,1.0,0.0
3723.0,delete,0.3040764312848323,1261.0,4.0,0.7461740497985383,3.0,0.0,0.0,1.0,1.0
3724.0,change,0.8684525127287878,1262.0,6.0,0.8033328966406031,4.0,0.0,0.0,1.0,4.0
3725.0,change,0.8684525127287878,1263.0,7.0,0.8684525127287878,4.0,0.0,0.0,1.0,4.0
3726.0,add,0.8684525127287878,1263.0,7.0,0.8684525127287878,4.0,1.0,0.0,1.0,4.0
3727.0,delete,0.8684525127287878,1263.0,7.0,0.8684525127287878,4.0,0.0,0.0,1.0,3.0
3728.0,swap,0.8684525127287878,1263.0,7.0,0.8684525127287878,4.0,0.0,0.0,1.0,4.0
3729.0,add,0.8684525127287878,1264.0,8.0,0.8684525127287878,4.0,1.0,0.0,1.0,4.0
3730.0,add,0.8532479788325797,1264.0,8.0,0.8684525127287878,4.0,1.0,0.0,2.0,4.0
3731.0,delete,0.30230329150181523,1264.0,8.0,0.8684525127287878,3.0,1.0,0.0,1.0,4.0
3732.0,swap,0.11719131559423906,1264.0,8.0,0.8684525127287878,3.0,1.0,0.0,1.0,5.0
3733.0,delete,0.8684525127287878,1265.0,8.0,0.8684525127287878,4.0,1.0,0.0,1.0,3.0
3734.0,add,0.8532479788325797,1265.0,8.0,0.8684525127287878,4.0,1.0,0.0,2.0,3.0
3735.0,delete,0.873597849947558,1265.0,8.0,0.8684525127287878,4.0,1.0,0.0,0.0,3.0
3736.0,swap,0.266208669862896,1265.0,8.0,0.8684525127287878,3.0,2.0,0.0,1.0,3.0
3737.0,delete,0.873597849947558,1266.0,6.0,0.8735978499475604,4.0,1.0,0.0,0.0,1.0
3738.0,add,0.8684525127287878,1266.0,6.0,0.8735978499475604,4.0,1.0,0.0,1.0,1.0
3739.0,delete,0.30407643128483264,1266.0,6.0,0.8735978499475604,3.0,1.0,0.0,0.0,1.0
3740.0,swap,0.8684525127287878,1266.0,6.0,0.8735978499475604,4.0,0.0,0.0,1.0,1.0
3741.0,add,0.7584211556726657,1267.0,5.0,0.7584211556726652,4.0,1.0,1.0,0.0,2.0
3742.0,add,0.7584211556726652,1267.0,5.0,0.7584211556726652,4.0,1.0,1.0,0.0,3.0
3743.0,delete,0.11344736647420595,1267.0,5.0,0.7584211556726652,3.0,1.0,1.0,0.0,2.0
3744.0,swap,0.7584211556726657,1267.0,5.0,0.7584211556726652,4.0,2.0,1.0,0.0,1.0
3745.0,swap,0.8734998892328002,1268.0,6.0,0.8734998892328016,4.0,1.0,1.0,0.0,2.0
3746.0,add,0.8683551344237164,1268.0,6.0,0.8734998892328016,4.0,1.0,1.0,1.0,2.0
3747.0,delete,0.8734998892328016,1268.0,6.0,0.8734998892328016,4.0,1.0,1.0,0.0,1.0
3748.0,swap,0.04292677875066936,1268.0,6.0,0.8734998892328016,3.0,1.0,1.0,0.0,3.0
3749.0,add,0.873597849947558,1269.0,6.0,0.873597849947558,4.0,1.0,0.0,0.0,1.0
3750.0,add,0.873597849947558,1269.0,6.0,0.873597849947558,4.0,1.0,0.0,0.0,2.0
3751.0,delete,0.3040764312848323,1269.0,6.0,0.873597849947558,3.0,1.0,0.0,0.0,1.0
3752.0,swap,0.3040764312848323,1269.0,6.0,0.873597849947558,3.0,1.0,0.0,1.0,1.0
3753.0,add,0.09807469918250628,1270.0,5.0,0.08976741086924081,4.0,0.0,1.0,0.0,3.0
3754.0,add,0.08925003746013957,1270.0,5.0,0.08976741086924081,4.0,0.0,1.0,1.0,3.0
3755.0,delete,0.08976741086924081,1270.0,5.0,0.08976741086924081,4.0,0.0,1.0,0.0,2.0
3756.0,swap,0.023974804464195178,1270.0,5.0,0.08976741086924081,3.0,0.0,1.0,1.0,3.0
3757.0,add,0.873597849947558,1271.0,3.0,0.6426721009600151,4.0,1.0,0.0,0.0,2.0
3758.0,add,0.8735978499475604,1272.0,4.0,0.873597849947558,4.0,1.0,0.0,0.0,2.0
3759.0,add,0.873597849947558,1272.0,4.0,0.873597849947558,4.0,1.0,0.0,0.0,3.0
3760.0,delete,0.873597849947558,1272.0,4.0,0.873597849947558,4.0,1.0,0.0,0.0,1.0
3761.0,swap,0.2677858814627575,1272.0,4.0,0.873597849947558,3.0,1.0,0.0,0.0,3.0
3762.0,add,0.873597849947558,1273.0,5.0,0.8735978499475604,4.0,1.0,0.0,0.0,2.0
3763.0,add,0.873597849947558,1273.0,5.0,0.8735978499475604,4.0,2.0,0.0,0.0,2.0
3764.0,delete,0.30407643128483247,1273.0,5.0,0.8735978499475604,3.0,1.0,0.0,0.0,2.0
3765.0,swap,0.8684525127287878,1273.0,5.0,0.8735978499475604,4.0,0.0,0.0,1.0,2.0
3766.0,change,0.873597849947558,1274.0,4.0,0.7586644987712593,4.0,1.0,0.0,0.0,2.0
3767.0,change,0.873597849947558,1275.0,5.0,0.873597849947558,4.0,1.0,0.0,0.0,2.0
3768.0,add,0.08343948659952126,1275.0,5.0,0.873597849947558,4.0,1.0,1.0,0.0,2.0
3769.0,delete,0.3040764312848323,1275.0,5.0,0.873597849947558,3.0,1.0,0.0,0.0,2.0
3770.0,swap,0.3040764312848323,1275.0,5.0,0.873597849947558,3.0,1.0,0.0,1.0,2.0
3771.0,add,0.8684525127287878,1276.0,2.0,0.6228973342530819,4.0,0.0,0.0,1.0,1.0
3772.0,add,0.8684525127287878,1277.0,3.0,0.8684525127287878,4.0,0.0,0.0,1.0,1.0
3773.0,add,0.8684525127287878,1277.0,3.0,0.8684525127287878,4.0,0.0,0.0,1.0,2.0
3774.0,delete,0.8684525127287878,1277.0,3.0,0.8684525127287878,4.0,0.0,0.0,1.0,0.0
3775.0,swap,0.873597849947558,1277.0,3.0,0.8684525127287878,4.0,1.0,0.0,0.0,1.0
3776.0,swap,0.873597849947558,1278.0,4.0,0.873597849947558,4.0,1.0,0.0,0.0,1.0
3777.0,add,0.873597849947558,1278.0,4.0,0.873597849947558,4.0,2.0,0.0,0.0,1.0
3778.0,delete,0.11731916609425042,1278.0,4.0,0.873597849947558,3.0,1.0,0.0,0.0,1.0
3779.0,swap,0.3040764312848323,1278.0,4.0,0.873597849947558,3.0,1.0,0.0,1.0,1.0
3780.0,add,0.8684525127287878,1279.0,4.0,0.8684525127287878,4.0,0.0,0.0,1.0,1.0
3781.0,add,0.8645604557060148,1279.0,4.0,0.8684525127287878,4.0,0.0,0.0,2.0,1.0
3782.0,delete,0.8684525127287878,1279.0,4.0,0.8684525127287878,4.0,0.0,0.0,1.0,0.0
3783.0,swap,0.19678141192776558,1279.0,4.0,0.8684525127287878,3.0,1.0,0.0,1.0,1.0
3784.0,change,0.8684525127287878,1280.0,3.0,0.7333398811640288,4.0,0.0,0.0,1.0,1.0
3785.0,change,0.8684525127287878,1281.0,4.0,0.8684525127287878,4.0,0.0,0.0,1.0,1.0
3786.0,add,0.8684525127287878,1281.0,4.0,0.8684525127287878,4.0,0.0,0.0,1.0,2.0
3787.0,delete,0.11663505098597605,1281.0,4.0,0.8684525127287878,3.0,0.0,0.0,1.0,1.0
3788.0,swap,0.30230329150181523,1281.0,4.0,0.8684525127287878,3.0,0.0,0.0,1.0,2.0
3789.0,add,0.8684525127287878,1282.0,4.0,0.8684525127287878,4.0,0.0,0.0,1.0,2.0
3790.0,add,0.866164230387068,1282.0,4.0,0.8684525127287878,4.0,0.0,0.0,1.0,3.0
3791.0,delete,0.17117968659641367,1282.0,4.0,0.8684525127287878,3.0,0.0,0.0,1.0,2.0
3792.0,swap,0.5003894025415353,1282.0,4.0,0.8684525127287878,4.0,0.0,1.0,1.0,1.0
3793.0,delete,0.8684525127287878,1283.0,5.0,0.8684525127287878,4.0,0.0,0.0,1.0,0.0
3794.0,add,0.8684525127287896,1283.0,5.0,0.8684525127287878,4.0,1.0,0.0,1.0,0.0
3795.0,delete,0.2677858814627575,1283.0,5.0,0.8684525127287878,3.0,0.0,0.0,1.0,0.0
3796.0,swap,0.20884977441512903,1283.0,5.0,0.8684525127287878,3.0,1.0,0.0,1.0,0.0
3797.0,add,0.8696825154081719,1284.0,5.0,0.8696825154081719,4.0,0.0,0.0,1.0,2.0
3798.0,add,0.858045746934309,1284.0,5.0,0.8696825154081719,4.0,0.0,0.0,2.0,2.0
3799.0,delete,0.11719131559423906,1284.0,5.0,0.8696825154081719,3.0,0.0,0.0,1.0,2.0
3800.0,swap,0.873597849947558,1284.0,5.0,0.8696825154081719,4.0,0.0,0.0,0.0,3.0
3801.0,change,0.8696825154081719,1285.0,4.0,0.71763998865849,4.0,0.0,0.0,1.0,2.0
3802.0,change,0.8696825154081719,1286.0,5.0,0.8696825154081719,4.0,0.0,0.0,1.0,2.0
3803.0,add,0.8696825154081729,1286.0,5.0,0.8696825154081719,4.0,1.0,0.0,1.0,2.0
3804.0,delete,0.8696825154081719,1286.0,5.0,0.8696825154081719,4.0,0.0,0.0,1.0,1.0
3805.0,swap,0.8696825154081719,1286.0,5.0,0.8696825154081719,4.0,0.0,0.0,1.0,2.0
3806.0,add,0.8645604557060148,1287.0,3.0,0.6549276689965186,4.0,0.0,0.0,2.0,1.0
3807.0,add,0.8645604557060148,1288.0,4.0,0.8645604557060148,4.0,0.0,0.0,2.0,1.0
3808.0,add,0.8645604557060095,1288.0,4.0,0.8645604557060148,4.0,1.0,0.0,2.0,1.0
3809.0,delete,0.8684525127287878,1288.0,4.0,0.8645604557060148,4.0,0.0,0.0,1.0,1.0
3810.0,swap,0.11721803466667706,1288.0,4.0,0.8645604557060148,3.0,0.0,1.0,2.0,1.0
3811.0,delete,0.8684525127287878,1289.0,5.0,0.8684525127287878,4.0,0.0,0.0,1.0,1.0
3812.0,add,0.8684525127287878,1289.0,5.0,0.8684525127287878,4.0,1.0,0.0,1.0,1.0
3813.0,delete,0.30230329150181523,1289.0,5.0,0.8684525127287878,3.0,0.0,0.0,1.0,1.0
3814.0,swap,0.873597849947558,1289.0,5.0,0.8684525127287878,4.0,0.0,0.0,0.0,2.0
3815.0,add,0.6220196268489977,1290.0,3.0,0.6976283161716461,4.0,0.0,1.0,1.0,1.0
3816.0,add,0.8645604557060148,1291.0,5.0,0.8645604557060148,4.0,0.0,0.0,2.0,1.0
3817.0,add,0.8494246995935253,1291.0,5.0,0.8645604557060148,4.0,0.0,0.0,3.0,1.0
3818.0,delete,0.8696825154081719,1291.0,5.0,0.8645604557060148,4.0,0.0,0.0,1.0,1.0
3819.0,swap,0.8645604557060138,1291.0,5.0,0.8645604557060148,4.0,1.0,0.0,2.0,0.0
3820.0,add,0.6968114564389107,1292.0,4.0,0.6220196268489977,4.0,0.0,1.0,1.0,1.0
3821.0,add,0.6220196268489974,1292.0,4.0,0.6220196268489977,4.0,1.0,1.0,1.0,1.0
3822.0,delete,0.19251207273823398,1292.0,4.0,0.6220196268489977,3.0,0.0,1.0,1.0,1.0
3823.0,swap,0.29370848134914873,1292.0,4.0,0.6220196268489977,4.0,0.0,1.0,1.0,1.0
3824.0,change,0.8684525127287878,1293.0,3.0,0.6360382834164116,4.0,0.0,0.0,1.0,1.0
3825.0,change,0.8684525127287878,1294.0,4.0,0.8684525127287878,4.0,0.0,0.0,1.0,1.0
3826.0,add,0.866164230387068,1294.0,4.0,0.8684525127287878,4.0,0.0,0.0,1.0,2.0
3827.0,delete,0.30230329150181523,1294.0,4.0,0.8684525127287878,3.0,0.0,0.0,1.0,1.0
3828.0,swap,0.11663505098597605,1294.0,4.0,0.8684525127287878,3.0,0.0,0.0,2.0,1.0
3829.0,add,0.8696825154081729,1295.0,6.0,0.8696825154081729,4.0,1.0,0.0,1.0,2.0
3830.0,add,0.8645604557060114,1295.0,6.0,0.8696825154081729,4.0,1.0,0.0,2.0,2.0
3831.0,delete,0.8696825154081719,1295.0,6.0,0.8696825154081729,4.0,0.0,0.0,1.0,2.0
3832.0,swap,0.23076617576288105,1295.0,6.0,0.8696825154081729,4.0,1.0,1.0,1.0,1.0
3833.0,change,0.8696825154081719,1296.0,4.0,0.7693788701870392,4.0,0.0,0.0,1.0,2.0
3834.0,change,0.8696825154081719,1297.0,5.0,0.8696825154081719,4.0,0.0,0.0,1.0,2.0
3835.0,add,0.858045746934309,1297.0,5.0,0.8696825154081719,4.0,0.0,0.0,2.0,2.0
3836.0,delete,0.8696825154081719,1297.0,5.0,0.8696825154081719,4.0,0.0,0.0,1.0,1.0
3837.0,swap,0.30276636134333024,1297.0,5.0,0.8696825154081719,3.0,0.0,0.0,2.0,2.0
3838.0,add,0.8696825154081719,1298.0,5.0,0.8696825154081719,4.0,0.0,0.0,1.0,3.0
3839.0,add,0.8696825154081719,1298.0,5.0,0.8696825154081719,4.0,0.0,0.0,1.0,4.0
3840.0,delete,0.045165632840001094,1298.0,5.0,0.8696825154081719,3.0,0.0,0.0,1.0,3.0
3841.0,swap,0.8696825154081719,1298.0,5.0,0.8696825154081719,4.0,1.0,0.0,1.0,2.0
3842.0,delete,0.8696825154081719,1299.0,6.0,0.8696825154081719,4.0,0.0,0.0,1.0,1.0
3843.0,add,0.8696825154081719,1299.0,6.0,0.8696825154081719,4.0,0.0,0.0,1.0,2.0
3844.0,delete,0.8696825154081719,1299.0,6.0,0.8696825154081719,4.0,0.0,0.0,1.0,0.0
3845.0,swap,0.11109893417700407,1299.0,6.0,0.8696825154081719,3.0,0.0,1.0,1.0,1.0
3846.0,add,0.8684525127287878,1300.0,3.0,0.7002775670601331,4.0,0.0,0.0,1.0,2.0
3847.0,add,0.8684525127287878,1301.0,4.0,0.8684525127287878,4.0,0.0,0.0,1.0,2.0
3848.0,add,0.07778621547785422,1301.0,4.0,0.8684525127287878,4.0,0.0,1.0,1.0,2.0
3849.0,delete,0.873597849947558,1301.0,4.0,0.8684525127287878,4.0,0.0,0.0,0.0,2.0
3850.0,swap,0.873597849947558,1301.0,4.0,0.8684525127287878,4.0,0.0,0.0,0.0,3.0
3851.0,change,0.8696825154081719,1302.0,6.0,0.8696825154081719,4.0,0.0,0.0,1.0,2.0
3852.0,add,0.10742442415944857,1302.0,6.0,0.8696825154081719,4.0,0.0,1.0,1.0,2.0
3853.0,delete,0.30276636134333024,1302.0,6.0,0.8696825154081719,3.0,0.0,0.0,1.0,2.0
3854.0,swap,0.858045746934309,1302.0,6.0,0.8696825154081719,4.0,0.0,0.0,2.0,1.0
3855.0,change,0.8645604557060148,1303.0,4.0,0.8625577164239481,4.0,0.0,0.0,2.0,1.0
3856.0,delete,0.8696825154081719,1304.0,6.0,0.8696825154081719,4.0,0.0,0.0,1.0,1.0
3857.0,add,0.8645604557060148,1304.0,6.0,0.8696825154081719,4.0,0.0,0.0,2.0,1.0
3858.0,delete,0.30276636134333024,1304.0,6.0,0.8696825154081719,3.0,0.0,0.0,1.0,1.0
3859.0,swap,0.11682971704228412,1304.0,6.0,0.8696825154081719,3.0,0.0,0.0,1.0,2.0
3860.0,add,0.07733830310860422,1305.0,6.0,0.873597849947558,4.0,0.0,1.0,0.0,3.0
3861.0,delete,0.3040764312848323,1305.0,6.0,0.873597849947558,3.0,0.0,0.0,0.0,3.0
3862.0,swap,0.3988605726126876,1305.0,6.0,0.873597849947558,4.0,0.0,1.0,0.0,2.0
3863.0,add,0.8684525127287878,1306.0,5.0,0.8684525127287878,4.0,0.0,0.0,1.0,1.0
3864.0,add,0.8684525127287878,1306.0,5.0,0.8684525127287878,4.0,0.0,0.0,1.0,2.0
3865.0,delete,0.11663505098597605,1306.0,5.0,0.8684525127287878,3.0,0.0,0.0,1.0,1.0
3866.0,swap,0.0946640748851206,1306.0,5.0,0.8684525127287878,4.0,0.0,1.0,0.0,1.0
3867.0,add,0.0822684625664814,1307.0,3.0,0.5804677133085149,4.0,0.0,1.0,0.0,2.0
3868.0,add,0.8696825154081719,1308.0,4.0,0.7047791388945377,4.0,0.0,0.0,1.0,3.0
3869.0,add,0.8696825154081719,1309.0,5.0,0.8696825154081719,4.0,0.0,0.0,1.0,3.0
3870.0,add,0.3140394927011816,1309.0,5.0,0.8696825154081719,4.0,0.0,1.0,1.0,3.0
3871.0,delete,0.17178633317317293,1309.0,5.0,0.8696825154081719,3.0,0.0,0.0,1.0,3.0
3872.0,swap,0.17178633317317288,1309.0,5.0,0.8696825154081719,3.0,0.0,0.0,2.0,3.0
3873.0,add,0.8645604557060138,1310.0,5.0,0.8645604557060138,4.0,0.0,0.0,2.0,1.0
3874.0,add,0.06826242047611543,1310.0,5.0,0.8645604557060138,4.0,0.0,1.0,2.0,1.0
3875.0,delete,0.8684525127287878,1310.0,5.0,0.8645604557060138,4.0,0.0,0.0,1.0,1.0
3876.0,swap,0.8645604557060119,1310.0,5.0,0.8645604557060138,4.0,1.0,0.0,2.0,0.0
3877.0,swap,0.1165079460117093,1311.0,4.0,0.7555198947384316,3.0,0.0,0.0,2.0,2.0
3878.0,change,0.8696825154081719,1312.0,5.0,0.8696825154081719,4.0,0.0,0.0,1.0,1.0
3879.0,add,0.858045746934309,1312.0,5.0,0.8696825154081719,4.0,0.0,0.0,2.0,1.0
3880.0,delete,0.30276636134333024,1312.0,5.0,0.8696825154081719,3.0,0.0,0.0,1.0,1.0
3881.0,swap,0.23161990561685616,1312.0,5.0,0.8696825154081719,3.0,0.0,1.0,1.0,1.0
3882.0,change,0.8684525127287896,1313.0,4.0,0.6352670574068257,4.0,1.0,0.0,1.0,1.0
3883.0,change,0.8684525127287896,1314.0,5.0,0.8684525127287896,4.0,1.0,0.0,1.0,1.0
3884.0,add,0.863337480638514,1314.0,5.0,0.8684525127287896,4.0,1.0,0.0,2.0,1.0
3885.0,delete,0.11719131559423906,1314.0,5.0,0.8684525127287896,3.0,1.0,0.0,1.0,1.0
3886.0,swap,0.26653430685335944,1314.0,5.0,0.8684525127287896,3.0,1.0,0.0,2.0,1.0
3887.0,swap,0.8684525127287878,1315.0,6.0,0.8684525127287878,4.0,1.0,0.0,1.0,2.0
3888.0,add,0.8633374806385117,1315.0,6.0,0.8684525127287878,4.0,1.0,0.0,2.0,2.0
3889.0,delete,0.8684525127287878,1315.0,6.0,0.8684525127287878,4.0,0.0,0.0,1.0,2.0
3890.0,swap,0.08371312637206035,1315.0,6.0,0.8684525127287878,4.0,1.0,1.0,1.0,1.0
3891.0,swap,0.30407643128483247,1316.0,5.0,0.7104816290393872,3.0,1.0,0.0,1.0,3.0
3892.0,add,0.8684525127287878,1317.0,5.0,0.8684525127287878,4.0,0.0,0.0,1.0,1.0
3893.0,add,0.8532479788325797,1317.0,5.0,0.8684525127287878,4.0,0.0,0.0,2.0,1.0
3894.0,delete,0.873597849947558,1317.0,5.0,0.8684525127287878,4.0,0.0,0.0,0.0,1.0
3895.0,swap,0.8696825154081719,1317.0,5.0,0.8684525127287878,4.0,0.0,0.0,1.0,1.0
3896.0,change,0.8684525127287878,1318.0,4.0,0.866686673929177,4.0,0.0,0.0,1.0,1.0
3897.0,add,0.8684525127287878,1319.0,6.0,0.873597849947558,4.0,0.0,0.0,1.0,1.0
3898.0,delete,0.3040764312848323,1319.0,6.0,0.873597849947558,3.0,0.0,0.0,0.0,1.0
3899.0,swap,0.013942342414599716,1319.0,6.0,0.873597849947558,3.0,0.0,1.0,0.0,1.0
3900.0,add,0.8684525127287878,1320.0,6.0,0.8684525127287878,4.0,0.0,0.0,1.0,1.0
3901.0,add,0.8633374806385117,1320.0,6.0,0.8684525127287878,4.0,0.0,0.0,2.0,1.0
3902.0,delete,0.8684525127287878,1320.0,6.0,0.8684525127287878,4.0,0.0,0.0,1.0,0.0
3903.0,swap,0.02138815077465328,1320.0,6.0,0.8684525127287878,3.0,0.0,1.0,1.0,1.0
3904.0,add,0.8170899100359831,1321.0,5.0,0.8145298210979753,4.0,0.0,1.0,1.0,1.0
3905.0,add,0.8002779116886127,1321.0,5.0,0.8145298210979753,4.0,0.0,1.0,2.0,1.0
3906.0,delete,0.11485160121263781,1321.0,5.0,0.8145298210979753,3.0,0.0,1.0,1.0,1.0
3907.0,swap,0.4646195781590327,1321.0,5.0,0.8145298210979753,3.0,0.0,1.0,1.0,2.0
3908.0,change,0.8684525127287878,1322.0,7.0,0.8669780761672946,4.0,1.0,0.0,1.0,4.0
3909.0,add,0.8684525127287896,1323.0,9.0,0.8684525127287896,4.0,1.0,0.0,1.0,5.0
3910.0,add,0.349671043032287,1323.0,9.0,0.8684525127287896,4.0,1.0,1.0,1.0,5.0
3911.0,delete,0.8684525127287896,1323.0,9.0,0.8684525127287896,4.0,1.0,0.0,1.0,4.0
3912.0,swap,0.30100095559490514,1323.0,9.0,0.8684525127287896,3.0,1.0,0.0,2.0,5.0
3913.0,add,0.873597849947558,1324.0,4.0,0.7022060867783292,4.0,1.0,0.0,0.0,2.0
3914.0,change,0.873597849947558,1325.0,3.0,0.6181043515203892,4.0,1.0,0.0,0.0,1.0
3915.0,change,0.873597849947558,1326.0,4.0,0.873597849947558,4.0,1.0,0.0,0.0,1.0
3916.0,add,0.873597849947558,1326.0,4.0,0.873597849947558,4.0,1.0,0.0,0.0,2.0
3917.0,delete,0.2677858814627581,1326.0,4.0,0.873597849947558,3.0,1.0,0.0,0.0,1.0
3918.0,swap,0.3040764312848323,1326.0,4.0,0.873597849947558,3.0,1.0,0.0,1.0,1.0
3919.0,add,0.873597849947558,1327.0,5.0,0.873597849947558,4.0,1.0,0.0,0.0,2.0
3920.0,add,0.4737700223277016,1327.0,5.0,0.873597849947558,4.0,1.0,1.0,0.0,2.0
3921.0,delete,0.08597457175616141,1327.0,5.0,0.873597849947558,3.0,1.0,0.0,0.0,2.0
3922.0,swap,0.26659909213401595,1327.0,5.0,0.873597849947558,3.0,1.0,0.0,1.0,2.0
3923.0,add,0.8633374806385117,1328.0,6.0,0.8633374806385117,4.0,0.0,0.0,1.0,3.0
3924.0,add,0.10811769785421979,1328.0,6.0,0.8633374806385117,4.0,0.0,1.0,1.0,3.0
3925.0,delete,0.8633374806385117,1328.0,6.0,0.8633374806385117,4.0,0.0,0.0,1.0,2.0
3926.0,swap,0.9123655539918782,1328.0,6.0,0.8633374806385117,4.0,0.0,1.0,0.0,3.0
3927.0,change,0.8684525127287878,1329.0,5.0,0.7114595441377625,4.0,0.0,0.0,1.0,2.0
3928.0,change,0.8684525127287878,1330.0,6.0,0.8684525127287878,4.0,0.0,0.0,1.0,2.0
3929.0,add,0.8684525127287892,1330.0,6.0,0.8684525127287878,4.0,1.0,0.0,1.0,2.0
3930.0,delete,0.08577595211538057,1330.0,6.0,0.8684525127287878,3.0,0.0,0.0,1.0,2.0
3931.0,swap,0.08577595211538057,1330.0,6.0,0.8684525127287878,3.0,0.0,0.0,1.0,3.0
3932.0,add,0.8684525127287878,1331.0,8.0,0.873597849947558,4.0,0.0,0.0,1.0,3.0
3933.0,delete,0.873597849947558,1331.0,8.0,0.873597849947558,4.0,0.0,0.0,0.0,2.0
3934.0,swap,0.11731916609425042,1331.0,8.0,0.873597849947558,3.0,1.0,0.0,0.0,3.0
3935.0,add,0.873597849947558,1332.0,4.0,0.6682795828039826,4.0,0.0,0.0,0.0,4.0
3936.0,add,0.873597849947558,1333.0,5.0,0.873597849947558,4.0,1.0,0.0,0.0,4.0
3937.0,delete,0.873597849947558,1333.0,5.0,0.873597849947558,4.0,0.0,0.0,0.0,3.0
3938.0,swap,0.24784485966046688,1333.0,5.0,0.873597849947558,3.0,0.0,1.0,0.0,4.0
3939.0,add,0.873597849947558,1334.0,6.0,0.873597849947558,4.0,0.0,0.0,0.0,4.0
3940.0,delete,0.3040764312848323,1334.0,6.0,0.873597849947558,3.0,0.0,0.0,0.0,3.0
3941.0,swap,0.8684336761041985,1334.0,6.0,0.873597849947558,4.0,0.0,0.0,1.0,2.0
3942.0,delete,0.8735978499475604,1335.0,5.0,0.7576354313275053,4.0,1.0,0.0,0.0,1.0
3943.0,delete,0.873597849947558,1336.0,6.0,0.8735978499475604,4.0,1.0,0.0,0.0,1.0
3944.0,add,0.8735978499475604,1336.0,6.0,0.8735978499475604,4.0,1.0,0.0,0.0,2.0
3945.0,delete,0.873597849947558,1336.0,6.0,0.8735978499475604,4.0,0.0,0.0,0.0,1.0
3946.0,swap,0.11731916609425053,1336.0,6.0,0.8735978499475604,3.0,1.0,0.0,0.0,2.0
3947.0,add,0.8525360673225537,1337.0,2.0,0.6513273415355739,4.0,0.0,1.0,0.0,1.0
3948.0,add,0.8211752309372679,1338.0,3.0,0.8525360673225537,4.0,0.0,1.0,0.0,1.0
3949.0,add,0.8525360673225537,1338.0,3.0,0.8525360673225537,4.0,0.0,1.0,0.0,2.0
3950.0,delete,0.2968176429764498,1338.0,3.0,0.8525360673225537,3.0,0.0,1.0,0.0,1.0
3951.0,swap,0.25733561860512016,1338.0,3.0,0.8525360673225537,3.0,1.0,1.0,0.0,1.0
3952.0,swap,0.8684525127287878,1339.0,7.0,0.8684525127287878,4.0,0.0,0.0,1.0,1.0
3953.0,add,0.8684525127287892,1339.0,7.0,0.8684525127287878,4.0,1.0,0.0,1.0,1.0
3954.0,delete,0.8684525127287878,1339.0,7.0,0.8684525127287878,4.0,0.0,0.0,1.0,0.0
3955.0,swap,0.873597849947558,1339.0,7.0,0.8684525127287878,4.0,0.0,0.0,0.0,2.0
3956.0,delete,0.11731916609425057,1340.0,5.0,0.7770602221897096,3.0,1.0,0.0,0.0,2.0
3957.0,add,0.873597849947558,1341.0,6.0,0.8735978499475604,4.0,1.0,0.0,0.0,3.0
3958.0,add,0.8684525127287911,1341.0,6.0,0.8735978499475604,4.0,1.0,0.0,1.0,3.0
3959.0,delete,0.30407643128483275,1341.0,6.0,0.8735978499475604,3.0,1.0,0.0,0.0,3.0
3960.0,swap,0.0888974004079954,1341.0,6.0,0.8735978499475604,4.0,0.0,1.0,0.0,3.0
3961.0,change,0.8713955843654898,1342.0,3.0,0.6602075867759294,4.0,0.0,1.0,0.0,1.0
3962.0,change,0.8734769634463492,1343.0,4.0,0.8713955843654898,4.0,0.0,1.0,0.0,1.0
3963.0,add,0.08217152733751473,1343.0,4.0,0.8713955843654898,4.0,0.0,2.0,0.0,1.0
3964.0,delete,0.24788593059065275,1343.0,4.0,0.8713955843654898,3.0,0.0,1.0,0.0,1.0
3965.0,swap,0.021305439107054416,1343.0,4.0,0.8713955843654898,3.0,1.0,1.0,0.0,1.0
3966.0,add,0.873597849947558,1344.0,5.0,0.873597849947558,4.0,1.0,0.0,0.0,1.0
3967.0,add,0.873597849947558,1344.0,5.0,0.873597849947558,4.0,1.0,0.0,0.0,2.0
3968.0,delete,0.11731916609425042,1344.0,5.0,0.873597849947558,3.0,1.0,0.0,0.0,1.0
3969.0,swap,0.2677858814627581,1344.0,5.0,0.873597849947558,3.0,2.0,0.0,0.0,1.0
3970.0,add,0.873597849947558,1345.0,1.0,0.6268343334073346,4.0,1.0,0.0,0.0,0.0
3971.0,add,0.873597849947558,1346.0,2.0,0.873597849947558,4.0,1.0,0.0,0.0,0.0
3972.0,add,0.873597849947558,1346.0,2.0,0.873597849947558,4.0,1.0,0.0,0.0,1.0
3973.0,delete,0.873597849947558,1346.0,2.0,0.873597849947558,4.0,0.0,0.0,0.0,0.0
3974.0,swap,0.2622108050191593,1346.0,2.0,0.873597849947558,3.0,1.0,1.0,0.0,0.0
3975.0,add,0.08318815245614242,1347.0,3.0,0.873597849947558,4.0,0.0,1.0,0.0,0.0
3976.0,delete,0.2677858814627575,1347.0,3.0,0.873597849947558,3.0,0.0,0.0,0.0,0.0
3977.0,swap,0.02455762222538581,1347.0,3.0,0.873597849947558,3.0,0.0,1.0,0.0,0.0
3978.0,change,0.858045746934309,1348.0,5.0,0.7397089386575583,4.0,0.0,0.0,2.0,0.0
3979.0,change,0.858045746934309,1349.0,6.0,0.858045746934309,4.0,0.0,0.0,2.0,0.0
3980.0,add,0.858045746934309,1349.0,6.0,0.858045746934309,4.0,0.0,0.0,2.0,1.0
3981.0,delete,0.2988705665448435,1349.0,6.0,0.858045746934309,3.0,0.0,0.0,2.0,0.0
3982.0,swap,0.16840999251927577,1349.0,6.0,0.858045746934309,3.0,1.0,0.0,2.0,0.0
3983.0,add,0.8696825154081719,1350.0,5.0,0.7408748355386819,4.0,0.0,0.0,1.0,3.0
3984.0,add,0.8696825154081719,1351.0,6.0,0.8696825154081719,4.0,0.0,0.0,1.0,3.0
3985.0,add,0.8696825154081719,1351.0,6.0,0.8696825154081719,4.0,0.0,0.0,1.0,4.0
3986.0,delete,0.873597849947558,1351.0,6.0,0.8696825154081719,4.0,0.0,0.0,0.0,3.0
3987.0,swap,0.11680987203125236,1351.0,6.0,0.8696825154081719,3.0,0.0,0.0,2.0,3.0
3988.0,delete,0.8696825154081719,1352.0,7.0,0.8696825154081719,4.0,0.0,0.0,1.0,2.0
3989.0,add,0.40158231351820867,1352.0,7.0,0.8696825154081719,4.0,0.0,1.0,1.0,2.0
3990.0,delete,0.8696825154081719,1352.0,7.0,0.8696825154081719,4.0,0.0,0.0,1.0,1.0
3991.0,swap,0.8696825154081719,1352.0,7.0,0.8696825154081719,4.0,0.0,0.0,1.0,2.0
3992.0,add,0.8696825154081719,1353.0,5.0,0.8696825154081719,4.0,0.0,0.0,1.0,2.0
3993.0,add,0.1947023914629436,1353.0,5.0,0.8696825154081719,4.0,0.0,1.0,1.0,2.0
3994.0,delete,0.30276636134333024,1353.0,5.0,0.8696825154081719,3.0,0.0,0.0,1.0,2.0
3995.0,swap,0.1167023567788237,1353.0,5.0,0.8696825154081719,3.0,0.0,0.0,2.0,2.0
3996.0,add,0.873597849947558,1354.0,6.0,0.873597849947558,4.0,1.0,0.0,0.0,2.0
3997.0,add,0.5502887972684225,1354.0,6.0,0.873597849947558,4.0,1.0,1.0,0.0,2.0
3998.0,delete,0.3040764312848323,1354.0,6.0,0.873597849947558,3.0,1.0,0.0,0.0,2.0
3999.0,swap,0.08379237720756878,1354.0,6.0,0.873597849947558,3.0,2.0,0.0,0.0,2.0
4000.0,delete,0.3040764312848323,1355.0,5.0,0.3040764312848323,3.0,0.0,0.0,1.0,0.0
4001.0,add,0.3040764312848323,1355.0,5.0,0.3040764312848323,3.0,1.0,0.0,1.0,0.0
4002.0,delete,0.09431537009970281,1355.0,5.0,0.3040764312848323,2.0,0.0,0.0,1.0,0.0
4003.0,swap,0.3040764312848323,1355.0,5.0,0.3040764312848323,3.0,0.0,0.0,0.0,1.0
4004.0,change,0.873597849947558,1356.0,3.0,0.6508905729098727,4.0,1.0,0.0,0.0,1.0
4005.0,change,0.873597849947558,1357.0,4.0,0.873597849947558,4.0,1.0,0.0,0.0,1.0
4006.0,add,0.873597849947558,1357.0,4.0,0.873597849947558,4.0,2.0,0.0,0.0,1.0
4007.0,delete,0.3040764312848323,1357.0,4.0,0.873597849947558,3.0,1.0,0.0,0.0,1.0
4008.0,swap,0.8696825154081719,1357.0,4.0,0.873597849947558,4.0,0.0,0.0,1.0,1.0
4009.0,swap,0.8696825154081719,1358.0,5.0,0.8696825154081719,4.0,0.0,0.0,1.0,1.0
4010.0,add,0.8657855661243155,1358.0,5.0,0.8696825154081719,4.0,0.0,0.0,2.0,1.0
4011.0,delete,0.26659909213401584,1358.0,5.0,0.8696825154081719,3.0,0.0,0.0,1.0,1.0
4012.0,swap,0.873597849947558,1358.0,5.0,0.8696825154081719,4.0,1.0,0.0,0.0,1.0
4013.0,swap,0.08174610926997744,1359.0,4.0,0.7490695078044466,3.0,1.0,0.0,1.0,1.0
4014.0,add,0.873597849947558,1360.0,5.0,0.873597849947558,4.0,2.0,0.0,0.0,1.0
4015.0,add,0.873597849947558,1360.0,5.0,0.873597849947558,4.0,3.0,0.0,0.0,1.0
4016.0,delete,0.873597849947558,1360.0,5.0,0.873597849947558,4.0,1.0,0.0,0.0,1.0
4017.0,swap,0.09128857436341976,1360.0,5.0,0.873597849947558,3.0,2.0,1.0,0.0,1.0
4018.0,change,0.873597849947558,1361.0,5.0,0.873597849947558,4.0,1.0,0.0,0.0,1.0
4019.0,add,0.8684525127287911,1361.0,5.0,0.873597849947558,4.0,1.0,0.0,1.0,1.0
4020.0,delete,0.873597849947558,1361.0,5.0,0.873597849947558,4.0,0.0,0.0,0.0,1.0
4021.0,swap,0.873597849947558,1361.0,5.0,0.873597849947558,4.0,1.0,0.0,0.0,1.0
4022.0,change,0.873597849947558,1362.0,4.0,0.8725687825038045,4.0,1.0,0.0,0.0,1.0
4023.0,change,0.873597849947558,1363.0,6.0,0.873597849947558,4.0,1.0,0.0,0.0,1.0
4024.0,add,0.8684525127287892,1363.0,6.0,0.873597849947558,4.0,1.0,0.0,1.0,1.0
4025.0,delete,0.08208499862389851,1363.0,6.0,0.873597849947558,3.0,1.0,0.0,0.0,1.0
4026.0,swap,0.017918971137996904,1363.0,6.0,0.873597849947558,3.0,1.0,1.0,0.0,1.0
4027.0,add,0.873597849947558,1364.0,3.0,0.5930358159516753,4.0,1.0,0.0,0.0,2.0
4028.0,add,0.873597849947558,1365.0,4.0,0.873597849947558,4.0,1.0,0.0,0.0,2.0
4029.0,add,0.2802571191234079,1365.0,4.0,0.873597849947558,4.0,1.0,1.0,0.0,2.0
4030.0,delete,0.2677858814627581,1365.0,4.0,0.873597849947558,3.0,1.0,0.0,0.0,2.0
4031.0,swap,0.08734557052888654,1365.0,4.0,0.873597849947558,3.0,2.0,0.0,0.0,2.0
4032.0,add,0.8684525127287896,1366.0,3.0,0.6272435132785875,4.0,1.0,0.0,1.0,1.0
4033.0,add,0.8684525127287896,1367.0,4.0,0.8684525127287896,4.0,1.0,0.0,1.0,1.0
4034.0,add,0.8684525127287892,1367.0,4.0,0.8684525127287896,4.0,2.0,0.0,1.0,1.0
4035.0,delete,0.2662086698628963,1367.0,4.0,0.8684525127287896,3.0,1.0,0.0,1.0,1.0
4036.0,swap,0.1506165801306955,1367.0,4.0,0.8684525127287896,3.0,1.0,1.0,1.0,1.0
4037.0,add,0.8696825154081719,1368.0,4.0,0.8696825154081719,4.0,0.0,0.0,1.0,1.0
4038.0,add,0.8696825154081719,1368.0,4.0,0.8696825154081719,4.0,1.0,0.0,1.0,1.0
4039.0,delete,0.30276636134333024,1368.0,4.0,0.8696825154081719,3.0,0.0,0.0,1.0,1.0
4040.0,swap,0.8645604557060148,1368.0,4.0,0.8696825154081719,4.0,0.0,0.0,2.0,0.0
4041.0,change,0.8696825154081719,1369.0,3.0,0.7552748726547722,4.0,0.0,0.0,1.0,1.0
4042.0,change,0.8696825154081719,1370.0,4.0,0.8696825154081719,4.0,0.0,0.0,1.0,1.0
4043.0,add,0.7821566811772697,1370.0,4.0,0.8696825154081719,4.0,0.0,1.0,1.0,1.0
4044.0,delete,0.08170900572249233,1370.0,4.0,0.8696825154081719,3.0,0.0,0.0,1.0,1.0
4045.0,swap,0.007977456910501855,1370.0,4.0,0.8696825154081719,3.0,0.0,1.0,1.0,1.0
4046.0,add,0.8684525127287896,1371.0,5.0,0.7220991387523267,4.0,1.0,0.0,1.0,2.0
4047.0,add,0.8684525127287896,1372.0,6.0,0.8684525127287896,4.0,1.0,0.0,1.0,2.0
4048.0,add,0.8684525127287896,1372.0,6.0,0.8684525127287896,4.0,1.0,0.0,1.0,3.0
4049.0,delete,0.08577595211538053,1372.0,6.0,0.8684525127287896,3.0,1.0,0.0,1.0,2.0
4050.0,swap,0.866164230387068,1372.0,6.0,0.8684525127287896,4.0,0.0,0.0,1.0,3.0
4051.0,delete,0.8633374806385117,1373.0,7.0,0.8633374806385117,4.0,0.0,0.0,1.0,2.0
4052.0,add,0.9228882875160124,1373.0,7.0,0.8633374806385117,4.0,1.0,0.0,1.0,2.0
4053.0,delete,0.8633374806385117,1373.0,7.0,0.8633374806385117,4.0,0.0,0.0,1.0,1.0
4054.0,swap,0.012045215680725113,1373.0,7.0,0.8633374806385117,4.0,0.0,1.0,1.0,1.0
4055.0,add,0.873597849947558,1374.0,6.0,0.873597849947558,4.0,0.0,0.0,0.0,5.0
4056.0,delete,0.2677858814627575,1374.0,6.0,0.873597849947558,3.0,0.0,0.0,0.0,4.0
4057.0,swap,0.2677858814627577,1374.0,6.0,0.873597849947558,3.0,1.0,0.0,0.0,4.0
4058.0,swap,0.830693109898709,1375.0,6.0,0.830693109898709,3.0,0.0,1.0,1.0,0.0
4059.0,add,0.830693109898709,1375.0,6.0,0.830693109898709,3.0,0.0,1.0,1.0,1.0
4060.0,delete,0.30276636134333024,1375.0,6.0,0.830693109898709,3.0,0.0,0.0,1.0,0.0
4061.0,swap,0.11554420182168296,1375.0,6.0,0.830693109898709,2.0,0.0,1.0,1.0,1.0
4062.0,change,0.8696825154081719,1376.0,5.0,0.8696825154081719,4.0,0.0,0.0,1.0,0.0
4063.0,add,0.14200440501968595,1376.0,5.0,0.8696825154081719,4.0,0.0,1.0,1.0,0.0
4064.0,delete,0.26659909213401567,1376.0,5.0,0.8696825154081719,3.0,0.0,0.0,1.0,0.0
4065.0,swap,0.873597849947558,1376.0,5.0,0.8696825154081719,4.0,0.0,0.0,0.0,1.0
4066.0,delete,0.873597849947558,1377.0,5.0,0.873597849947558,4.0,1.0,0.0,0.0,1.0
4067.0,add,0.371752820513244,1377.0,5.0,0.873597849947558,4.0,1.0,1.0,0.0,1.0
4068.0,delete,0.08208499862389865,1377.0,5.0,0.873597849947558,3.0,1.0,0.0,0.0,1.0
4069.0,swap,0.7642907142230342,1377.0,5.0,0.873597849947558,4.0,1.0,1.0,0.0,0.0
4070.0,add,0.8645604557060119,1378.0,5.0,0.7230261348107574,4.0,1.0,0.0,2.0,2.0
4071.0,add,0.8645604557060119,1379.0,6.0,0.8645604557060119,4.0,1.0,0.0,2.0,2.0
4072.0,add,0.8494246995935266,1379.0,6.0,0.8645604557060119,4.0,1.0,0.0,3.0,2.0
4073.0,delete,0.8696825154081719,1379.0,6.0,0.8645604557060119,4.0,1.0,0.0,1.0,2.0
4074.0,swap,0.7870056737648397,1379.0,6.0,0.8645604557060119,4.0,1.0,1.0,1.0,2.0
4075.0,delete,0.8696825154081719,1380.0,7.0,0.8696825154081719,4.0,1.0,0.0,1.0,2.0
4076.0,add,0.8645604557060095,1380.0,7.0,0.8696825154081719,4.0,1.0,0.0,2.0,2.0
4077.0,delete,0.2665990921340155,1380.0,7.0,0.8696825154081719,3.0,1.0,0.0,1.0,2.0
4078.0,swap,0.008554657320407054,1380.0,7.0,0.8696825154081719,3.0,1.0,1.0,1.0,2.0
4079.0,add,0.873597849947558,1381.0,5.0,0.873597849947558,4.0,1.0,0.0,0.0,3.0
4080.0,add,0.873597849947558,1381.0,5.0,0.873597849947558,4.0,1.0,0.0,0.0,4.0
4081.0,delete,0.08208499862389862,1381.0,5.0,0.873597849947558,3.0,1.0,0.0,0.0,3.0
4082.0,swap,0.873597849947558,1381.0,5.0,0.873597849947558,4.0,1.0,0.0,0.0,3.0
4083.0,add,0.8696825154081753,1382.0,6.0,0.8696825154081749,4.0,1.0,0.0,1.0,2.0
4084.0,add,0.858045746934309,1382.0,6.0,0.8696825154081749,4.0,1.0,0.0,2.0,2.0
4085.0,delete,0.8696825154081749,1382.0,6.0,0.8696825154081749,4.0,1.0,0.0,1.0,1.0
4086.0,swap,0.09719895119485522,1382.0,6.0,0.8696825154081749,3.0,1.0,1.0,1.0,2.0
4087.0,change,0.873597849947558,1383.0,4.0,0.6514750009268383,4.0,1.0,0.0,0.0,2.0
4088.0,change,0.873597849947558,1384.0,5.0,0.873597849947558,4.0,1.0,0.0,0.0,2.0
4089.0,add,0.873597849947558,1384.0,5.0,0.873597849947558,4.0,2.0,0.0,0.0,2.0
4090.0,delete,0.3040764312848323,1384.0,5.0,0.873597849947558,3.0,1.0,0.0,0.0,2.0
4091.0,swap,0.11894354642036975,1384.0,5.0,0.873597849947558,3.0,1.0,1.0,0.0,2.0
4092.0,change,0.8645604557060138,1385.0,6.0,0.8645604557060138,4.0,0.0,0.0,2.0,2.0
4093.0,add,0.8594685627545035,1385.0,6.0,0.8645604557060138,4.0,0.0,0.0,3.0,2.0
4094.0,delete,0.8645604557060138,1385.0,6.0,0.8645604557060138,4.0,0.0,0.0,2.0,1.0
4095.0,swap,0.8645604557060138,1385.0,6.0,0.8645604557060138,4.0,0.0,0.0,2.0,2.0
4096.0,add,0.540372860284203,1386.0,4.0,0.7070163620199581,4.0,0.0,1.0,1.0,2.0
4097.0,delete,0.873597849947558,1387.0,5.0,0.7555368866430723,4.0,0.0,0.0,0.0,2.0
4098.0,add,0.873597849947558,1388.0,6.0,0.873597849947558,4.0,1.0,0.0,0.0,2.0
4099.0,delete,0.2677858814627575,1388.0,6.0,0.873597849947558,3.0,0.0,0.0,0.0,2.0
4100.0,swap,0.29499155491788637,1388.0,6.0,0.873597849947558,3.0,1.0,0.0,0.0,2.0
4101.0,add,0.8696825154081719,1389.0,4.0,0.8696825154081719,4.0,0.0,0.0,1.0,1.0
4102.0,add,0.08236441476283979,1389.0,4.0,0.8696825154081719,4.0,0.0,1.0,1.0,1.0
4103.0,delete,0.3040764312848323,1389.0,4.0,0.8696825154081719,3.0,0.0,0.0,1.0,1.0
4104.0,swap,0.8696825154081768,1389.0,4.0,0.8696825154081719,4.0,1.0,0.0,1.0,0.0
4105.0,swap,0.04508156957602811,1390.0,5.0,0.7223421131768964,3.0,0.0,0.0,1.0,4.0
4106.0,add,0.873597849947558,1391.0,5.0,0.873597849947558,4.0,0.0,0.0,0.0,5.0
4107.0,delete,0.873597849947558,1391.0,5.0,0.873597849947558,4.0,0.0,0.0,0.0,3.0
4108.0,swap,0.1721723516748124,1391.0,5.0,0.873597849947558,3.0,0.0,0.0,0.0,5.0
4109.0,add,0.873597849947558,1392.0,4.0,0.6982414753793716,4.0,1.0,0.0,0.0,3.0
4110.0,add,0.873597849947558,1393.0,5.0,0.873597849947558,4.0,1.0,0.0,0.0,3.0
4111.0,add,0.873597849947558,1393.0,5.0,0.873597849947558,4.0,1.0,0.0,0.0,4.0
4112.0,delete,0.2677858814627581,1393.0,5.0,0.873597849947558,3.0,1.0,0.0,0.0,3.0
4113.0,swap,0.8696825154081719,1393.0,5.0,0.873597849947558,4.0,1.0,0.0,1.0,2.0
4114.0,add,0.873597849947558,1394.0,6.0,0.873597849947558,4.0,1.0,0.0,0.0,3.0
4115.0,add,0.8696825154081768,1394.0,6.0,0.873597849947558,4.0,1.0,0.0,1.0,3.0
4116.0,delete,0.3040764312848323,1394.0,6.0,0.873597849947558,3.0,1.0,0.0,0.0,3.0
4117.0,swap,0.8684525127287911,1394.0,6.0,0.873597849947558,4.0,1.0,0.0,1.0,2.0
4118.0,add,0.873597849947558,1395.0,4.0,0.7282336275077268,4.0,0.0,0.0,0.0,4.0
4119.0,add,0.873597849947558,1396.0,5.0,0.873597849947558,4.0,1.0,0.0,0.0,4.0
4120.0,delete,0.873597849947558,1396.0,5.0,0.873597849947558,4.0,0.0,0.0,0.0,3.0
4121.0,swap,0.3040764312848323,1396.0,5.0,0.873597849947558,3.0,0.0,0.0,0.0,5.0
4122.0,swap,0.8696825154081719,1397.0,6.0,0.8696825154081719,4.0,1.0,0.0,1.0,2.0
4123.0,add,0.8696825154081786,1397.0,6.0,0.8696825154081719,4.0,2.0,0.0,1.0,2.0
4124.0,delete,0.8696825154081719,1397.0,6.0,0.8696825154081719,4.0,1.0,0.0,1.0,1.0
4125.0,swap,0.8645604557060119,1397.0,6.0,0.8696825154081719,4.0,1.0,0.0,2.0,1.0
4126.0,swap,0.11731916609425053,1398.0,5.0,0.8686581034677412,3.0,2.0,0.0,0.0,3.0
4127.0,change,0.8735978499475604,1399.0,5.0,0.7578814318633833,4.0,1.0,0.0,0.0,3.0
4128.0,change,0.873597849947558,1400.0,6.0,0.8735978499475604,4.0,1.0,0.0,0.0,3.0
4129.0,add,0.873597849947558,1400.0,6.0,0.8735978499475604,4.0,2.0,0.0,0.0,3.0
4130.0,delete,0.8735978499475604,1400.0,6.0,0.8735978499475604,4.0,1.0,0.0,0.0,2.0
4131.0,swap,0.7663933556306425,1400.0,6.0,0.8735978499475604,3.0,1.0,1.0,0.0,3.0
4132.0,add,0.873597849947558,1401.0,3.0,0.873597849947558,4.0,1.0,0.0,0.0,0.0
4133.0,add,0.873597849947558,1401.0,3.0,0.873597849947558,4.0,2.0,0.0,0.0,0.0
4134.0,delete,0.3040764312848323,1401.0,3.0,0.873597849947558,3.0,1.0,0.0,0.0,0.0
4135.0,swap,0.44490234568233905,1401.0,3.0,0.873597849947558,3.0,1.0,1.0,0.0,0.0
4136.0,add,0.873597849947558,1402.0,3.0,0.6749592486950811,4.0,0.0,0.0,0.0,3.0
4137.0,add,0.8696825154081719,1403.0,4.0,0.873597849947558,4.0,0.0,0.0,1.0,3.0
4138.0,delete,0.3040764312848323,1403.0,4.0,0.873597849947558,3.0,0.0,0.0,0.0,3.0
4139.0,swap,0.04526423397858692,1403.0,4.0,0.873597849947558,3.0,0.0,0.0,0.0,4.0
4140.0,delete,0.873597849947558,1404.0,7.0,0.8735978499475604,4.0,1.0,0.0,0.0,2.0
4141.0,add,0.8696825154081749,1404.0,7.0,0.8735978499475604,4.0,1.0,0.0,1.0,2.0
4142.0,delete,0.08597457175616126,1404.0,7.0,0.8735978499475604,3.0,1.0,0.0,0.0,2.0
4143.0,swap,0.8735978499475604,1404.0,7.0,0.8735978499475604,4.0,2.0,0.0,0.0,1.0
4144.0,change,0.873597849947558,1405.0,5.0,0.7680746215569464,4.0,1.0,0.0,0.0,3.0
4145.0,change,0.873597849947558,1406.0,6.0,0.873597849947558,4.0,1.0,0.0,0.0,3.0
4146.0,add,0.873597849947558,1406.0,6.0,0.873597849947558,4.0,2.0,0.0,0.0,3.0
4147.0,delete,0.11731916609425053,1406.0,6.0,0.873597849947558,3.0,1.0,0.0,0.0,3.0
4148.0,swap,0.873597849947558,1406.0,6.0,0.873597849947558,4.0,0.0,0.0,0.0,4.0
4149.0,change,0.873597849947558,1407.0,2.0,0.6739544653619691,4.0,1.0,0.0,0.0,0.0
4150.0,change,0.873597849947558,1408.0,3.0,0.873597849947558,4.0,1.0,0.0,0.0,0.0
4151.0,add,0.873597849947558,1408.0,3.0,0.873597849947558,4.0,2.0,0.0,0.0,0.0
4152.0,delete,0.2677858814627575,1408.0,3.0,0.873597849947558,3.0,1.0,0.0,0.0,0.0
4153.0,swap,0.3040764312848323,1408.0,3.0,0.873597849947558,3.0,1.0,0.0,0.0,1.0
4154.0,add,0.873597849947558,1409.0,6.0,0.873597849947558,4.0,1.0,0.0,0.0,3.0
4155.0,delete,0.2677858814627575,1409.0,6.0,0.873597849947558,3.0,0.0,0.0,0.0,3.0
4156.0,swap,0.2677858814627575,1409.0,6.0,0.873597849947558,3.0,0.0,0.0,1.0,3.0
4157.0,add,0.16454579448320678,1410.0,2.0,0.635273570445562,4.0,0.0,1.0,0.0,1.0
4158.0,add,0.873597849947558,1411.0,4.0,0.7171115904612982,4.0,0.0,0.0,0.0,4.0
4159.0,add,0.07973577106283192,1412.0,5.0,0.873597849947558,4.0,0.0,1.0,0.0,4.0
4160.0,delete,0.873597849947558,1412.0,5.0,0.873597849947558,4.0,0.0,0.0,0.0,3.0
4161.0,swap,0.3040764312848323,1412.0,5.0,0.873597849947558,3.0,1.0,0.0,0.0,4.0
4162.0,add,0.873597849947558,1413.0,6.0,0.873597849947558,4.0,1.0,0.0,0.0,4.0
4163.0,add,0.8684525127287882,1413.0,6.0,0.873597849947558,4.0,1.0,0.0,1.0,4.0
4164.0,delete,0.30407643128483264,1413.0,6.0,0.873597849947558,3.0,1.0,0.0,0.0,4.0
4165.0,swap,0.03557931271902865,1413.0,6.0,0.873597849947558,3.0,1.0,1.0,0.0,4.0
4166.0,add,0.873597849947558,1414.0,6.0,0.873597849947558,4.0,0.0,0.0,0.0,4.0
4167.0,delete,0.1721723516748124,1414.0,6.0,0.873597849947558,3.0,0.0,0.0,0.0,3.0
4168.0,swap,0.11731916609425042,1414.0,6.0,0.873597849947558,3.0,1.0,0.0,0.0,3.0
4169.0,add,0.8696825154081763,1415.0,4.0,0.7223421131768964,4.0,1.0,0.0,1.0,1.0
4170.0,add,0.7787845216292983,1416.0,4.0,0.6764367354058819,4.0,1.0,1.0,0.0,1.0
4171.0,add,0.6182964509391466,1416.0,4.0,0.6764367354058819,4.0,1.0,2.0,0.0,1.0
4172.0,delete,0.23605147190618406,1416.0,4.0,0.6764367354058819,3.0,1.0,1.0,0.0,1.0
4173.0,swap,0.873597849947558,1416.0,4.0,0.6764367354058819,4.0,2.0,0.0,0.0,1.0
4174.0,add,0.8696825154081763,1417.0,5.0,0.8696825154081763,4.0,1.0,0.0,1.0,1.0
4175.0,add,0.8696825154081763,1417.0,5.0,0.8696825154081763,4.0,1.0,0.0,1.0,2.0
4176.0,delete,0.873597849947558,1417.0,5.0,0.8696825154081763,4.0,1.0,0.0,0.0,1.0
4177.0,swap,0.30276636134333057,1417.0,5.0,0.8696825154081763,3.0,2.0,0.0,1.0,1.0
4178.0,delete,0.873597849947558,1418.0,6.0,0.873597849947558,4.0,1.0,0.0,0.0,1.0
4179.0,add,0.873597849947558,1418.0,6.0,0.873597849947558,4.0,2.0,0.0,0.0,1.0
4180.0,delete,0.30407643128483247,1418.0,6.0,0.873597849947558,3.0,1.0,0.0,0.0,1.0
4181.0,swap,0.3040764312848323,1418.0,6.0,0.873597849947558,3.0,1.0,0.0,1.0,1.0
4182.0,change,0.873597849947558,1419.0,3.0,0.6509546675539402,4.0,1.0,0.0,0.0,1.0
4183.0,change,0.873597849947558,1420.0,4.0,0.873597849947558,4.0,1.0,0.0,0.0,1.0
4184.0,add,0.8628124295428635,1420.0,4.0,0.873597849947558,4.0,1.0,1.0,0.0,1.0
4185.0,delete,0.2677858814627575,1420.0,4.0,0.873597849947558,3.0,1.0,0.0,0.0,1.0
4186.0,swap,0.11731916609425053,1420.0,4.0,0.873597849947558,3.0,1.0,0.0,0.0,2.0
4187.0,add,0.873597849947558,1421.0,4.0,0.873597849947558,4.0,2.0,0.0,0.0,0.0
4188.0,add,0.873597849947558,1421.0,4.0,0.873597849947558,4.0,2.0,0.0,0.0,1.0
4189.0,delete,0.2677858814627575,1421.0,4.0,0.873597849947558,3.0,2.0,0.0,0.0,0.0
4190.0,swap,0.2677858814627583,1421.0,4.0,0.873597849947558,3.0,3.0,0.0,0.0,0.0
4191.0,change,0.873597849947558,1422.0,5.0,0.873597849947558,4.0,1.0,0.0,0.0,1.0
4192.0,add,0.8696825154081763,1422.0,5.0,0.873597849947558,4.0,1.0,0.0,1.0,1.0
4193.0,delete,0.2677858814627575,1422.0,5.0,0.873597849947558,3.0,1.0,0.0,0.0,1.0
4194.0,swap,0.873597849947558,1422.0,5.0,0.873597849947558,4.0,0.0,0.0,0.0,2.0
4195.0,change,0.873597849947558,1423.0,4.0,0.7516523893427215,4.0,1.0,0.0,0.0,1.0
4196.0,change,0.8735978499475604,1424.0,5.0,0.873597849947558,4.0,1.0,0.0,0.0,1.0
4197.0,add,0.5416161107648637,1424.0,5.0,0.873597849947558,4.0,1.0,1.0,0.0,1.0
4198.0,delete,0.873597849947558,1424.0,5.0,0.873597849947558,4.0,1.0,0.0,0.0,0.0
4199.0,swap,0.15551446445280082,1424.0,5.0,0.873597849947558,3.0,2.0,0.0,0.0,1.0
4200.0,add,0.873597849947558,1425.0,6.0,0.873597849947558,4.0,0.0,0.0,0.0,3.0
4201.0,delete,0.873597849947558,1425.0,6.0,0.873597849947558,4.0,0.0,0.0,0.0,1.0
4202.0,swap,0.0496027061385035,1425.0,6.0,0.873597849947558,3.0,1.0,0.0,0.0,2.0
4203.0,add,0.6618690986415241,1426.0,4.0,0.6966050632760485,4.0,1.0,1.0,0.0,1.0
4204.0,add,0.4367653695231056,1427.0,3.0,0.6366334059656138,4.0,1.0,1.0,0.0,1.0
4205.0,change,0.873597849947558,1428.0,3.0,0.561775899302616,4.0,1.0,0.0,0.0,1.0
4206.0,change,0.873597849947558,1429.0,4.0,0.873597849947558,4.0,1.0,0.0,0.0,1.0
4207.0,add,0.873597849947558,1429.0,4.0,0.873597849947558,4.0,1.0,0.0,0.0,2.0
4208.0,delete,0.873597849947558,1429.0,4.0,0.873597849947558,4.0,1.0,0.0,0.0,0.0
4209.0,swap,0.30407643128483275,1429.0,4.0,0.873597849947558,3.0,1.0,0.0,1.0,1.0
4210.0,delete,0.8735978499475604,1430.0,5.0,0.873597849947558,4.0,1.0,0.0,0.0,0.0
4211.0,add,0.873597849947558,1430.0,5.0,0.873597849947558,4.0,1.0,0.0,0.0,1.0
4212.0,delete,0.873597849947558,1430.0,5.0,0.873597849947558,4.0,0.0,0.0,0.0,0.0
4213.0,swap,0.30407643128483275,1430.0,5.0,0.873597849947558,3.0,1.0,0.0,0.0,1.0
4214.0,change,0.873597849947558,1431.0,3.0,0.6808726649082609,4.0,1.0,0.0,0.0,1.0
4215.0,change,0.873597849947558,1432.0,4.0,0.873597849947558,4.0,1.0,0.0,0.0,1.0
4216.0,add,0.873597849947558,1432.0,4.0,0.873597849947558,4.0,1.0,0.0,0.0,2.0
4217.0,delete,0.873597849947558,1432.0,4.0,0.873597849947558,4.0,1.0,0.0,0.0,0.0
4218.0,swap,0.08854882334297884,1432.0,4.0,0.873597849947558,3.0,1.0,1.0,0.0,1.0
4219.0,delete,0.11731916609425053,1433.0,4.0,0.7596935662150134,3.0,1.0,0.0,0.0,1.0
4220.0,add,0.8735978499475604,1434.0,5.0,0.873597849947558,4.0,1.0,0.0,0.0,2.0
4221.0,add,0.873597849947558,1434.0,5.0,0.873597849947558,4.0,2.0,0.0,0.0,2.0
4222.0,delete,0.873597849947558,1434.0,5.0,0.873597849947558,4.0,0.0,0.0,0.0,2.0
4223.0,swap,0.08404390523401248,1434.0,5.0,0.873597849947558,3.0,1.0,1.0,0.0,2.0
4224.0,change,0.873597849947558,1435.0,2.0,0.6317996894443387,4.0,1.0,0.0,0.0,0.0
4225.0,change,0.873597849947558,1436.0,3.0,0.873597849947558,4.0,1.0,0.0,0.0,0.0
4226.0,add,0.873597849947558,1436.0,3.0,0.873597849947558,4.0,1.0,0.0,0.0,1.0
4227.0,delete,0.3040764312848323,1436.0,3.0,0.873597849947558,3.0,1.0,0.0,0.0,0.0
4228.0,swap,0.08525646884592346,1436.0,3.0,0.873597849947558,3.0,1.0,1.0,0.0,0.0
4229.0,change,0.873597849947558,1437.0,5.0,0.873597849947558,4.0,1.0,0.0,0.0,1.0
4230.0,add,0.873597849947558,1437.0,5.0,0.873597849947558,4.0,1.0,0.0,0.0,2.0
4231.0,delete,0.11731916609425053,1437.0,5.0,0.873597849947558,3.0,1.0,0.0,0.0,1.0
4232.0,swap,0.8684525127287878,1437.0,5.0,0.873597849947558,4.0,0.0,0.0,1.0,1.0
4233.0,change,0.8735978499475604,1438.0,4.0,0.7213130457331425,4.0,1.0,0.0,0.0,1.0
4234.0,change,0.873597849947558,1439.0,5.0,0.8735978499475604,4.0,1.0,0.0,0.0,1.0
4235.0,add,0.8735978499475604,1439.0,5.0,0.8735978499475604,4.0,1.0,0.0,0.0,2.0
4236.0,delete,0.873597849947558,1439.0,5.0,0.8735978499475604,4.0,0.0,0.0,0.0,1.0
4237.0,swap,0.873597849947558,1439.0,5.0,0.8735978499475604,4.0,2.0,0.0,0.0,0.0
4238.0,add,0.8735978499475604,1440.0,6.0,0.8735978499475604,4.0,1.0,0.0,0.0,2.0
4239.0,add,0.8684525127287901,1440.0,6.0,0.8735978499475604,4.0,1.0,0.0,1.0,2.0
4240.0,delete,0.1721723516748124,1440.0,6.0,0.8735978499475604,3.0,1.0,0.0,0.0,2.0
4241.0,swap,0.10501119737693675,1440.0,6.0,0.8735978499475604,3.0,2.0,0.0,0.0,2.0
4242.0,change,0.8735978499475604,1441.0,4.0,0.7138420278665433,4.0,1.0,0.0,0.0,1.0
4243.0,change,0.873597849947558,1442.0,5.0,0.8735978499475604,4.0,1.0,0.0,0.0,1.0
4244.0,add,0.6658560588659526,1442.0,5.0,0.8735978499475604,4.0,1.0,1.0,0.0,1.0
4245.0,delete,0.11731916609425053,1442.0,5.0,0.8735978499475604,3.0,1.0,0.0,0.0,1.0
4246.0,swap,0.30407643128483264,1442.0,5.0,0.8735978499475604,3.0,1.0,0.0,0.0,2.0
4247.0,change,0.873597849947558,1443.0,3.0,0.6640940964129526,4.0,1.0,0.0,0.0,1.0
4248.0,change,0.8735978499475604,1444.0,4.0,0.873597849947558,4.0,1.0,0.0,0.0,1.0
4249.0,add,0.873597849947558,1444.0,4.0,0.873597849947558,4.0,1.0,0.0,0.0,2.0
4250.0,delete,0.873597849947558,1444.0,4.0,0.873597849947558,4.0,1.0,0.0,0.0,0.0
4251.0,swap,0.30276636134333057,1444.0,4.0,0.873597849947558,3.0,1.0,0.0,1.0,1.0
4252.0,delete,0.8735978499475604,1445.0,5.0,0.873597849947558,4.0,1.0,0.0,0.0,0.0
4253.0,add,0.873597849947558,1445.0,5.0,0.873597849947558,4.0,1.0,0.0,0.0,1.0
4254.0,delete,0.873597849947558,1445.0,5.0,0.873597849947558,4.0,0.0,0.0,0.0,0.0
4255.0,swap,0.873597849947558,1445.0,5.0,0.873597849947558,4.0,0.0,0.0,0.0,1.0
4256.0,add,0.8696825154081719,1446.0,2.0,0.623488557944185,4.0,0.0,0.0,1.0,1.0
4257.0,add,0.8696825154081719,1447.0,3.0,0.8696825154081719,4.0,0.0,0.0,1.0,1.0
4258.0,add,0.8696825154081719,1447.0,3.0,0.8696825154081719,4.0,0.0,0.0,1.0,2.0
4259.0,delete,0.8696825154081719,1447.0,3.0,0.8696825154081719,4.0,0.0,0.0,1.0,0.0
4260.0,swap,0.30276636134333024,1447.0,3.0,0.8696825154081719,3.0,0.0,0.0,1.0,2.0
4261.0,delete,0.8696825154081719,1448.0,4.0,0.8696825154081719,4.0,0.0,0.0,1.0,0.0
4262.0,add,0.8696825154081719,1448.0,4.0,0.8696825154081719,4.0,0.0,0.0,1.0,1.0
4263.0,delete,0.873597849947558,1448.0,4.0,0.8696825154081719,4.0,0.0,0.0,0.0,0.0
4264.0,swap,0.26659909213401584,1448.0,4.0,0.8696825154081719,3.0,0.0,0.0,1.0,1.0
4265.0,add,0.8696825154081719,1449.0,4.0,0.8696825154081719,4.0,0.0,0.0,1.0,1.0
4266.0,add,0.8657855661243155,1449.0,4.0,0.8696825154081719,4.0,0.0,0.0,2.0,1.0
4267.0,delete,0.30276636134333024,1449.0,4.0,0.8696825154081719,3.0,0.0,0.0,1.0,1.0
4268.0,swap,0.030108284301064554,1449.0,4.0,0.8696825154081719,3.0,0.0,1.0,1.0,1.0
4269.0,add,0.873597849947558,1450.0,4.0,0.873597849947558,4.0,1.0,0.0,0.0,0.0
4270.0,add,0.873597849947558,1450.0,4.0,0.873597849947558,4.0,2.0,0.0,0.0,0.0
4271.0,delete,0.2677858814627575,1450.0,4.0,0.873597849947558,3.0,1.0,0.0,0.0,0.0
4272.0,swap,0.8696825154081719,1450.0,4.0,0.873597849947558,4.0,0.0,0.0,1.0,0.0
4273.0,change,0.873597849947558,1451.0,3.0,0.7516523893427206,4.0,1.0,0.0,0.0,0.0
4274.0,change,0.873597849947558,1452.0,4.0,0.873597849947558,4.0,1.0,0.0,0.0,0.0
4275.0,add,0.873597849947558,1452.0,4.0,0.873597849947558,4.0,1.0,0.0,0.0,1.0
4276.0,delete,0.2677858814627575,1452.0,4.0,0.873597849947558,3.0,1.0,0.0,0.0,0.0
4277.0,swap,0.12373265744733164,1452.0,4.0,0.873597849947558,3.0,1.0,1.0,0.0,0.0
4278.0,delete,0.2677858814627581,1453.0,4.0,0.8735978499475584,3.0,1.0,0.0,0.0,1.0
4279.0,delete,0.873597849947558,1454.0,6.0,0.8735978499475604,4.0,1.0,0.0,0.0,0.0
4280.0,add,0.8735978499475604,1454.0,6.0,0.8735978499475604,4.0,2.0,0.0,0.0,0.0
4281.0,delete,0.30407643128483275,1454.0,6.0,0.8735978499475604,3.0,1.0,0.0,0.0,0.0
4282.0,swap,0.0616832148150083,1454.0,6.0,0.8735978499475604,3.0,1.0,1.0,0.0,0.0
4283.0,add,0.873597849947558,1455.0,3.0,0.873597849947558,4.0,1.0,0.0,0.0,1.0
4284.0,add,0.8684525127287896,1455.0,3.0,0.873597849947558,4.0,1.0,0.0,1.0,1.0
4285.0,delete,0.873597849947558,1455.0,3.0,0.873597849947558,4.0,0.0,0.0,0.0,1.0
4286.0,swap,0.873597849947558,1455.0,3.0,0.873597849947558,4.0,1.0,0.0,0.0,1.0
4287.0,add,0.8684525127287896,1456.0,2.0,0.8725687825038042,4.0,1.0,0.0,1.0,0.0
4288.0,add,0.8684525127287896,1457.0,4.0,0.8684525127287896,4.0,1.0,0.0,1.0,1.0
4289.0,add,0.8661642303870724,1457.0,4.0,0.8684525127287896,4.0,1.0,0.0,1.0,2.0
4290.0,delete,0.8684525127287878,1457.0,4.0,0.8684525127287896,4.0,0.0,0.0,1.0,1.0
4291.0,swap,0.8633374806385117,1457.0,4.0,0.8684525127287896,4.0,1.0,0.0,2.0,0.0
4292.0,add,0.873597849947558,1458.0,4.0,0.873597849947558,4.0,1.0,0.0,0.0,1.0
4293.0,add,0.8696825154081719,1458.0,4.0,0.873597849947558,4.0,1.0,0.0,1.0,1.0
4294.0,delete,0.873597849947558,1458.0,4.0,0.873597849947558,4.0,0.0,0.0,0.0,1.0
4295.0,swap,0.17178633317317293,1458.0,4.0,0.873597849947558,3.0,1.0,0.0,1.0,1.0
4296.0,add,0.6858264795914427,1459.0,2.0,0.8204548364433881,4.0,1.0,1.0,0.0,0.0
4297.0,add,0.8734746613734987,1460.0,4.0,0.873597849947558,4.0,0.0,1.0,0.0,1.0
4298.0,delete,0.1721723516748124,1460.0,4.0,0.873597849947558,3.0,0.0,0.0,0.0,1.0
4299.0,swap,0.26659909213401567,1460.0,4.0,0.873597849947558,3.0,0.0,0.0,1.0,1.0
4300.0,add,0.873597849947558,1461.0,3.0,0.8669718498423903,4.0,2.0,0.0,0.0,1.0
4301.0,add,0.8735978499475604,1462.0,4.0,0.873597849947558,4.0,2.0,0.0,0.0,1.0
4302.0,add,0.873597849947558,1462.0,4.0,0.873597849947558,4.0,3.0,0.0,0.0,1.0
4303.0,delete,0.8735978499475604,1462.0,4.0,0.873597849947558,4.0,1.0,0.0,0.0,1.0
4304.0,swap,0.8414251093955017,1462.0,4.0,0.873597849947558,4.0,2.0,1.0,0.0,0.0
4305.0,add,0.8661642303870724,1463.0,5.0,0.8661642303870724,4.0,1.0,0.0,1.0,2.0
4306.0,add,0.8610628918855828,1463.0,5.0,0.8661642303870724,4.0,1.0,0.0,2.0,2.0
4307.0,delete,0.866164230387068,1463.0,5.0,0.8661642303870724,4.0,0.0,0.0,1.0,2.0
4308.0,swap,0.3023032915018157,1463.0,5.0,0.8661642303870724,3.0,1.0,0.0,2.0,2.0
4309.0,add,0.10948596219170294,1464.0,3.0,0.8261693144685164,4.0,1.0,1.0,0.0,1.0
4310.0,change,0.873597849947558,1465.0,3.0,0.7324524796848038,4.0,1.0,0.0,0.0,1.0
4311.0,add,0.8684525127287878,1466.0,3.0,0.8684525127287896,4.0,1.0,0.0,1.0,0.0
4312.0,add,0.8684525127287896,1466.0,3.0,0.8684525127287896,4.0,1.0,0.0,1.0,1.0
4313.0,delete,0.873597849947558,1466.0,3.0,0.8684525127287896,4.0,1.0,0.0,0.0,0.0
4314.0,swap,0.034101462819712276,1466.0,3.0,0.8684525127287896,3.0,1.0,0.0,1.0,1.0
4315.0,change,0.873597849947558,1467.0,4.0,0.873597849947558,4.0,1.0,0.0,0.0,1.0
4316.0,add,0.07067811378866347,1467.0,4.0,0.873597849947558,4.0,1.0,1.0,0.0,1.0
4317.0,delete,0.1721723516748124,1467.0,4.0,0.873597849947558,3.0,1.0,0.0,0.0,1.0
4318.0,swap,0.873597849947558,1467.0,4.0,0.873597849947558,4.0,1.0,0.0,0.0,1.0
4319.0,add,0.8684525127287878,1468.0,5.0,0.8684525127287896,4.0,1.0,0.0,1.0,1.0
4320.0,add,0.8684525127287896,1468.0,5.0,0.8684525127287896,4.0,1.0,0.0,1.0,2.0
4321.0,delete,0.8684525127287878,1468.0,5.0,0.8684525127287896,4.0,0.0,0.0,1.0,1.0
4322.0,swap,0.873597849947558,1468.0,5.0,0.8684525127287896,4.0,1.0,0.0,0.0,2.0
4323.0,add,0.8696825154081753,1469.0,2.0,0.7271375890776854,4.0,1.0,0.0,1.0,0.0
4324.0,add,0.8696825154081753,1470.0,3.0,0.8696825154081753,4.0,1.0,0.0,1.0,0.0
4325.0,add,0.8696825154081753,1470.0,3.0,0.8696825154081753,4.0,1.0,0.0,1.0,1.0
4326.0,delete,0.3027663613433308,1470.0,3.0,0.8696825154081753,3.0,1.0,0.0,1.0,0.0
4327.0,swap,0.3027663613433308,1470.0,3.0,0.8696825154081753,3.0,1.0,0.0,1.0,1.0
4328.0,change,0.8684525127287896,1471.0,4.0,0.8694815801725426,4.0,1.0,0.0,1.0,1.0
4329.0,swap,0.873597849947558,1472.0,6.0,0.873597849947558,4.0,1.0,0.0,0.0,2.0
4330.0,add,0.873597849947558,1472.0,6.0,0.873597849947558,4.0,1.0,0.0,0.0,3.0
4331.0,delete,0.873597849947558,1472.0,6.0,0.873597849947558,4.0,0.0,0.0,0.0,2.0
4332.0,swap,0.8262613997311096,1472.0,6.0,0.873597849947558,4.0,1.0,1.0,0.0,1.0
4333.0,delete,0.8684525127287878,1473.0,5.0,0.8684525127287878,4.0,0.0,0.0,1.0,1.0
4334.0,add,0.8684525127287878,1473.0,5.0,0.8684525127287878,4.0,1.0,0.0,1.0,1.0
4335.0,delete,0.2662086698628963,1473.0,5.0,0.8684525127287878,3.0,0.0,0.0,1.0,1.0
4336.0,swap,0.6013230121888116,1473.0,5.0,0.8684525127287878,4.0,0.0,1.0,1.0,0.0
4337.0,add,0.8684525127287896,1474.0,6.0,0.8684525127287896,4.0,1.0,0.0,1.0,2.0
4338.0,add,0.8684525127287896,1474.0,6.0,0.8684525127287896,4.0,1.0,0.0,1.0,3.0
4339.0,delete,0.2677858814627575,1474.0,6.0,0.8684525127287896,3.0,1.0,0.0,1.0,2.0
4340.0,swap,0.8645604557060114,1474.0,6.0,0.8684525127287896,4.0,1.0,0.0,2.0,1.0
4341.0,delete,0.8735978499475604,1475.0,5.0,0.8735978499475604,4.0,1.0,0.0,0.0,1.0
4342.0,add,0.8684525127287911,1475.0,5.0,0.8735978499475604,4.0,1.0,0.0,1.0,1.0
4343.0,delete,0.8735978499475604,1475.0,5.0,0.8735978499475604,4.0,1.0,0.0,0.0,0.0
4344.0,swap,0.8655602690275702,1475.0,5.0,0.8735978499475604,4.0,0.0,1.0,0.0,1.0
4345.0,add,0.6904007141605838,1476.0,3.0,0.6858264795914427,4.0,1.0,1.0,0.0,0.0
4346.0,add,0.6858264795914443,1476.0,3.0,0.6858264795914427,4.0,2.0,1.0,0.0,0.0
4347.0,delete,0.210797393600913,1476.0,3.0,0.6858264795914427,3.0,1.0,1.0,0.0,0.0
4348.0,swap,0.05121722521163539,1476.0,3.0,0.6858264795914427,3.0,1.0,2.0,0.0,0.0
4349.0,add,0.873597849947558,1477.0,5.0,0.873597849947558,4.0,3.0,0.0,0.0,1.0
4350.0,add,0.873597849947558,1477.0,5.0,0.873597849947558,4.0,4.0,0.0,0.0,1.0
4351.0,delete,0.873597849947558,1477.0,5.0,0.873597849947558,4.0,2.0,0.0,0.0,1.0
4352.0,swap,0.873597849947558,1477.0,5.0,0.873597849947558,4.0,3.0,0.0,0.0,1.0
4353.0,add,0.873597849947558,1478.0,3.0,0.7979901791691193,4.0,1.0,0.0,0.0,2.0
4354.0,add,0.873597849947558,1479.0,4.0,0.873597849947558,4.0,1.0,0.0,0.0,2.0
4355.0,add,0.6300754408704169,1479.0,4.0,0.873597849947558,4.0,1.0,1.0,0.0,2.0
4356.0,delete,0.11731916609425042,1479.0,4.0,0.873597849947558,3.0,1.0,0.0,0.0,2.0
4357.0,swap,0.11731916609425036,1479.0,4.0,0.873597849947558,3.0,2.0,0.0,0.0,2.0
4358.0,add,0.8735978499475604,1480.0,4.0,0.8735978499475581,4.0,3.0,0.0,0.0,1.0
4359.0,add,0.873597849947558,1481.0,6.0,0.873597849947558,4.0,4.0,0.0,0.0,1.0
4360.0,add,0.8684525127287892,1481.0,6.0,0.873597849947558,4.0,4.0,0.0,1.0,1.0
4361.0,delete,0.1721723516748124,1481.0,6.0,0.873597849947558,3.0,4.0,0.0,0.0,1.0
4362.0,swap,0.8684525127287911,1481.0,6.0,0.873597849947558,4.0,3.0,0.0,1.0,1.0
4363.0,add,0.8735978499475604,1482.0,5.0,0.8735978499475604,4.0,2.0,0.0,0.0,1.0
4364.0,add,0.4062806736230887,1482.0,5.0,0.8735978499475604,4.0,2.0,1.0,0.0,1.0
4365.0,delete,0.8735978499475604,1482.0,5.0,0.8735978499475604,4.0,2.0,0.0,0.0,0.0
4366.0,swap,0.10830953362628788,1482.0,5.0,0.8735978499475604,3.0,3.0,0.0,0.0,1.0
4367.0,delete,0.873597849947558,1483.0,4.0,0.873597849947558,4.0,1.0,0.0,0.0,0.0
4368.0,add,0.873597849947558,1483.0,4.0,0.873597849947558,4.0,1.0,0.0,0.0,1.0
4369.0,delete,0.873597849947558,1483.0,4.0,0.873597849947558,4.0,0.0,0.0,0.0,0.0
4370.0,swap,0.30407643128483264,1483.0,4.0,0.873597849947558,3.0,1.0,0.0,1.0,0.0
4371.0,change,0.8684525127287896,1484.0,4.0,0.8237261946994024,4.0,1.0,0.0,1.0,1.0
4372.0,change,0.8684525127287896,1485.0,5.0,0.8684525127287896,4.0,1.0,0.0,1.0,1.0
4373.0,add,0.8684525127287896,1485.0,5.0,0.8684525127287896,4.0,2.0,0.0,1.0,1.0
4374.0,delete,0.8684525127287896,1485.0,5.0,0.8684525127287896,4.0,1.0,0.0,1.0,0.0
4375.0,swap,0.3460593418780479,1485.0,5.0,0.8684525127287896,4.0,1.0,1.0,1.0,0.0
4376.0,swap,0.17117968659641372,1486.0,5.0,0.8641305599042683,3.0,1.0,0.0,1.0,2.0
4377.0,add,0.8684525127287878,1487.0,4.0,0.8684525127287878,4.0,1.0,0.0,1.0,0.0
4378.0,add,0.8684525127287878,1487.0,4.0,0.8684525127287878,4.0,1.0,0.0,1.0,1.0
4379.0,delete,0.8684525127287878,1487.0,4.0,0.8684525127287878,4.0,0.0,0.0,1.0,0.0
4380.0,swap,0.8633374806385117,1487.0,4.0,0.8684525127287878,4.0,0.0,0.0,2.0,0.0
4381.0,change,0.8684525127287896,1488.0,3.0,0.8674295063107327,4.0,1.0,0.0,1.0,0.0
4382.0,add,0.8684525127287892,1489.0,5.0,0.8684525127287878,4.0,1.0,0.0,1.0,1.0
4383.0,add,0.8684525127287878,1489.0,5.0,0.8684525127287878,4.0,2.0,0.0,1.0,1.0
4384.0,delete,0.2677858814627575,1489.0,5.0,0.8684525127287878,3.0,1.0,0.0,1.0,1.0
4385.0,swap,0.3014132275291783,1489.0,5.0,0.8684525127287878,3.0,2.0,0.0,1.0,1.0
4386.0,add,0.873597849947558,1490.0,2.0,0.7069172868383379,4.0,1.0,0.0,0.0,1.0
4387.0,add,0.873597849947558,1491.0,3.0,0.873597849947558,4.0,1.0,0.0,0.0,1.0
4388.0,add,0.7622688015418224,1491.0,3.0,0.873597849947558,4.0,1.0,1.0,0.0,1.0
4389.0,delete,0.08208499862389862,1491.0,3.0,0.873597849947558,3.0,1.0,0.0,0.0,1.0
4390.0,swap,0.28353549358992675,1491.0,3.0,0.873597849947558,3.0,1.0,1.0,0.0,1.0
4391.0,add,0.8684525127287878,1492.0,6.0,0.8684525127287878,4.0,1.0,0.0,1.0,1.0
4392.0,add,0.8684525127287878,1492.0,6.0,0.8684525127287878,4.0,1.0,0.0,1.0,2.0
4393.0,delete,0.8684525127287878,1492.0,6.0,0.8684525127287878,4.0,1.0,0.0,1.0,0.0
4394.0,swap,0.08577595211538057,1492.0,6.0,0.8684525127287878,3.0,1.0,0.0,1.0,2.0
4395.0,add,0.8684525127287878,1493.0,5.0,0.8684525127287878,4.0,1.0,0.0,1.0,0.0
4396.0,add,0.8684525127287878,1493.0,5.0,0.8684525127287878,4.0,1.0,0.0,1.0,1.0
4397.0,delete,0.2662086698628965,1493.0,5.0,0.8684525127287878,3.0,1.0,0.0,1.0,0.0
4398.0,swap,0.2662086698628966,1493.0,5.0,0.8684525127287878,3.0,2.0,0.0,1.0,0.0
4399.0,delete,0.2677858814627581,1494.0,4.0,0.8709612663198085,3.0,2.0,0.0,0.0,1.0
4400.0,swap,0.8696825154081719,1495.0,5.0,0.8696825154081719,4.0,0.0,0.0,1.0,0.0
4401.0,add,0.08837518797703672,1495.0,5.0,0.8696825154081719,4.0,0.0,1.0,1.0,0.0
4402.0,delete,0.3040764312848323,1495.0,5.0,0.8696825154081719,3.0,0.0,0.0,1.0,0.0
4403.0,swap,0.08811910043416792,1495.0,5.0,0.8696825154081719,3.0,1.0,0.0,1.0,0.0
4404.0,delete,0.8684525127287878,1496.0,6.0,0.8684525127287878,4.0,0.0,0.0,1.0,1.0
4405.0,add,0.6611271680942532,1496.0,6.0,0.8684525127287878,4.0,0.0,1.0,1.0,1.0
4406.0,delete,0.873597849947558,1496.0,6.0,0.8684525127287878,4.0,0.0,0.0,0.0,1.0
4407.0,swap,0.01420962985997714,1496.0,6.0,0.8684525127287878,3.0,0.0,1.0,1.0,1.0
4408.0,add,0.8684525127287915,1497.0,4.0,0.7523717749097223,4.0,2.0,0.0,1.0,1.0
4409.0,add,0.8684525127287915,1498.0,5.0,0.8684525127287915,4.0,2.0,0.0,1.0,1.0
4410.0,add,0.8684525127287915,1498.0,5.0,0.8684525127287915,4.0,2.0,0.0,1.0,2.0
4411.0,delete,0.8684525127287915,1498.0,5.0,0.8684525127287915,4.0,2.0,0.0,1.0,0.0
4412.0,swap,0.863319148971498,1498.0,5.0,0.8684525127287915,4.0,1.0,0.0,2.0,1.0
4413.0,add,0.8684525127287915,1499.0,6.0,0.8684525127287915,4.0,2.0,0.0,1.0,2.0
4414.0,add,0.8684525127287896,1499.0,6.0,0.8684525127287915,4.0,3.0,0.0,1.0,2.0
4415.0,delete,0.8684525127287915,1499.0,6.0,0.8684525127287915,4.0,2.0,0.0,1.0,1.0
4416.0,swap,0.2677858814627575,1499.0,6.0,0.8684525127287915,3.0,2.0,0.0,1.0,3.0
4417.0,add,0.8633374806385117,1500.0,4.0,0.7837236781488862,4.0,1.0,0.0,2.0,1.0
4418.0,add,0.8633374806385117,1501.0,5.0,0.8633374806385117,4.0,1.0,0.0,2.0,1.0
4419.0,add,0.8633374806385121,1501.0,5.0,0.8633374806385117,4.0,2.0,0.0,2.0,1.0
4420.0,delete,0.8684525127287896,1501.0,5.0,0.8633374806385117,4.0,1.0,0.0,1.0,1.0
4421.0,swap,0.09285485047358319,1501.0,5.0,0.8633374806385117,3.0,1.0,1.0,2.0,1.0
4422.0,delete,0.8684525127287896,1502.0,6.0,0.8684525127287915,4.0,2.0,0.0,1.0,0.0
4423.0,add,0.8661642303870724,1502.0,6.0,0.8684525127287915,4.0,2.0,0.0,1.0,1.0
4424.0,delete,0.30230329150181545,1502.0,6.0,0.8684525127287915,3.0,2.0,0.0,1.0,0.0
4425.0,swap,0.19904635342747318,1502.0,6.0,0.8684525127287915,3.0,3.0,0.0,1.0,0.0
4426.0,add,0.8044188542125016,1503.0,5.0,0.873597849947558,4.0,0.0,1.0,0.0,1.0
4427.0,delete,0.2677858814627575,1503.0,5.0,0.873597849947558,3.0,0.0,0.0,0.0,1.0
4428.0,swap,0.1986557405175842,1503.0,5.0,0.873597849947558,3.0,0.0,1.0,0.0,1.0
4429.0,add,0.8684525127287901,1504.0,4.0,0.8684525127287896,4.0,1.0,0.0,1.0,1.0
4430.0,add,0.8661642303870724,1504.0,4.0,0.8684525127287896,4.0,1.0,0.0,1.0,2.0
4431.0,delete,0.30230329150181595,1504.0,4.0,0.8684525127287896,3.0,1.0,0.0,1.0,1.0
4432.0,swap,0.8684525127287878,1504.0,4.0,0.8684525127287896,4.0,0.0,0.0,1.0,2.0
4433.0,add,0.8696825154081753,1505.0,4.0,0.8696825154081753,4.0,1.0,0.0,1.0,0.0
4434.0,add,0.8215365465739548,1505.0,4.0,0.8696825154081753,4.0,1.0,1.0,1.0,0.0
4435.0,delete,0.8696825154081719,1505.0,4.0,0.8696825154081753,4.0,0.0,0.0,1.0,0.0
4436.0,swap,0.034298916664514914,1505.0,4.0,0.8696825154081753,3.0,1.0,0.0,1.0,1.0
4437.0,add,0.8684525127287901,1506.0,3.0,0.7547650120150512,4.0,2.0,0.0,1.0,0.0
4438.0,add,0.8684525127287911,1507.0,4.0,0.8684525127287901,4.0,2.0,0.0,1.0,0.0
4439.0,add,0.8532479788325797,1507.0,4.0,0.8684525127287901,4.0,2.0,0.0,2.0,0.0
4440.0,delete,0.26620866986289615,1507.0,4.0,0.8684525127287901,3.0,2.0,0.0,1.0,0.0
4441.0,swap,0.26620866986289615,1507.0,4.0,0.8684525127287901,3.0,2.0,0.0,1.0,1.0
4442.0,add,0.873597849947558,1508.0,6.0,0.873597849947558,4.0,3.0,0.0,0.0,1.0
4443.0,add,0.873597849947558,1508.0,6.0,0.873597849947558,4.0,3.0,0.0,0.0,2.0
4444.0,delete,0.2677858814627575,1508.0,6.0,0.873597849947558,3.0,3.0,0.0,0.0,1.0
4445.0,swap,0.873597849947558,1508.0,6.0,0.873597849947558,4.0,3.0,0.0,0.0,1.0
4446.0,add,0.873597849947558,1509.0,4.0,0.7794886970050523,4.0,2.0,0.0,0.0,2.0
4447.0,add,0.873597849947558,1510.0,5.0,0.873597849947558,4.0,2.0,0.0,0.0,2.0
4448.0,add,0.8684525127287896,1510.0,5.0,0.873597849947558,4.0,2.0,0.0,1.0,2.0
4449.0,delete,0.2677858814627581,1510.0,5.0,0.873597849947558,3.0,2.0,0.0,0.0,2.0
4450.0,swap,0.3040764312848323,1510.0,5.0,0.873597849947558,3.0,2.0,0.0,0.0,3.0
4451.0,change,0.8684525127287892,1511.0,5.0,0.8684525127287896,4.0,1.0,0.0,1.0,1.0
4452.0,add,0.37433553680770004,1511.0,5.0,0.8684525127287896,4.0,1.0,1.0,1.0,1.0
4453.0,delete,0.8684525127287896,1511.0,5.0,0.8684525127287896,4.0,1.0,0.0,1.0,0.0
4454.0,swap,0.873597849947558,1511.0,5.0,0.8684525127287896,4.0,1.0,0.0,0.0,2.0
4455.0,add,0.8684525127287878,1512.0,5.0,0.7475407750710275,4.0,2.0,0.0,1.0,1.0
4456.0,add,0.8684525127287911,1513.0,6.0,0.8684525127287878,4.0,2.0,0.0,1.0,1.0
4457.0,add,0.8362365487417112,1513.0,6.0,0.8684525127287878,4.0,2.0,1.0,1.0,1.0
4458.0,delete,0.17117968659641367,1513.0,6.0,0.8684525127287878,3.0,2.0,0.0,1.0,1.0
4459.0,swap,0.2512999155892134,1513.0,6.0,0.8684525127287878,3.0,2.0,1.0,1.0,1.0
4460.0,change,0.8684525127287915,1514.0,3.0,0.6986447531368095,4.0,1.0,0.0,1.0,0.0
4461.0,change,0.8684525127287915,1515.0,4.0,0.8684525127287915,4.0,1.0,0.0,1.0,0.0
4462.0,add,0.8645604557060099,1515.0,4.0,0.8684525127287915,4.0,1.0,0.0,2.0,0.0
4463.0,delete,0.2677858814627575,1515.0,4.0,0.8684525127287915,3.0,1.0,0.0,1.0,0.0
4464.0,swap,0.3023032915018157,1515.0,4.0,0.8684525127287915,3.0,1.0,0.0,1.0,1.0
4465.0,change,0.8696825154081753,1516.0,3.0,0.6929766018925985,4.0,1.0,0.0,1.0,0.0
4466.0,change,0.8696825154081753,1517.0,4.0,0.8696825154081753,4.0,1.0,0.0,1.0,0.0
4467.0,add,0.8696825154081753,1517.0,4.0,0.8696825154081753,4.0,1.0,0.0,1.0,1.0
4468.0,delete,0.8696825154081719,1517.0,4.0,0.8696825154081753,4.0,0.0,0.0,1.0,0.0
4469.0,swap,0.873597849947558,1517.0,4.0,0.8696825154081753,4.0,2.0,0.0,0.0,0.0
4470.0,swap,0.8735978499475604,1518.0,5.0,0.873597849947558,4.0,2.0,0.0,0.0,0.0
4471.0,add,0.26803285813596933,1518.0,5.0,0.873597849947558,4.0,2.0,1.0,0.0,0.0
4472.0,delete,0.2677858814627581,1518.0,5.0,0.873597849947558,3.0,2.0,0.0,0.0,0.0
4473.0,swap,0.35258962567418084,1518.0,5.0,0.873597849947558,4.0,1.0,1.0,0.0,0.0
4474.0,add,0.873597849947558,1519.0,3.0,0.7130575199395148,4.0,1.0,0.0,0.0,2.0
4475.0,add,0.873597849947558,1520.0,4.0,0.873597849947558,4.0,1.0,0.0,0.0,2.0
4476.0,add,0.873597849947558,1520.0,4.0,0.873597849947558,4.0,1.0,0.0,0.0,3.0
4477.0,delete,0.2677858814627575,1520.0,4.0,0.873597849947558,3.0,1.0,0.0,0.0,2.0
4478.0,swap,0.7788300472761956,1520.0,4.0,0.873597849947558,3.0,1.0,1.0,0.0,2.0
4479.0,swap,0.873597849947558,1521.0,6.0,0.873597849947558,4.0,3.0,0.0,0.0,1.0
4480.0,add,0.873597849947558,1521.0,6.0,0.873597849947558,4.0,4.0,0.0,0.0,1.0
4481.0,delete,0.2677858814627581,1521.0,6.0,0.873597849947558,3.0,3.0,0.0,0.0,1.0
4482.0,swap,0.2677858814627581,1521.0,6.0,0.873597849947558,3.0,3.0,0.0,0.0,2.0
4483.0,add,0.8684525127287878,1522.0,4.0,0.6349113294356601,4.0,1.0,0.0,1.0,1.0
4484.0,add,0.8684525127287878,1523.0,5.0,0.8684525127287878,4.0,1.0,0.0,1.0,1.0
4485.0,add,0.14540557124773915,1523.0,5.0,0.8684525127287878,4.0,1.0,1.0,1.0,1.0
4486.0,delete,0.873597849947558,1523.0,5.0,0.8684525127287878,4.0,1.0,0.0,0.0,1.0
4487.0,swap,0.8684525127287878,1523.0,5.0,0.8684525127287878,4.0,0.0,0.0,1.0,2.0
4488.0,delete,0.873597849947558,1524.0,6.0,0.873597849947558,4.0,1.0,0.0,0.0,1.0
4489.0,add,0.873597849947558,1524.0,6.0,0.873597849947558,4.0,2.0,0.0,0.0,1.0
4490.0,delete,0.873597849947558,1524.0,6.0,0.873597849947558,4.0,0.0,0.0,0.0,1.0
4491.0,swap,0.8684525127287878,1524.0,6.0,0.873597849947558,4.0,0.0,0.0,1.0,1.0
4492.0,delete,0.8684525127287878,1525.0,5.0,0.8684525127287878,4.0,0.0,0.0,1.0,0.0
4493.0,add,0.8684525127287878,1525.0,5.0,0.8684525127287878,4.0,0.0,0.0,1.0,1.0
4494.0,delete,0.873597849947558,1525.0,5.0,0.8684525127287878,4.0,0.0,0.0,0.0,0.0
4495.0,swap,0.030439724250736128,1525.0,5.0,0.8684525127287878,3.0,0.0,1.0,1.0,0.0
4496.0,add,0.8684525127287878,1526.0,4.0,0.7348688335093873,4.0,1.0,0.0,1.0,1.0
4497.0,change,0.8684525127287896,1527.0,4.0,0.8684525127287896,4.0,1.0,0.0,1.0,0.0
4498.0,add,0.30770652330263687,1527.0,4.0,0.8684525127287896,4.0,1.0,1.0,1.0,0.0
4499.0,delete,0.873597849947558,1527.0,4.0,0.8684525127287896,4.0,1.0,0.0,0.0,0.0
4500.0,swap,0.8645604557060148,1527.0,4.0,0.8684525127287896,4.0,0.0,0.0,2.0,0.0
4501.0,add,0.873597849947558,1528.0,2.0,0.6872632983272288,4.0,1.0,0.0,0.0,1.0
4502.0,add,0.873597849947558,1529.0,3.0,0.873597849947558,4.0,1.0,0.0,0.0,1.0
4503.0,add,0.873597849947558,1529.0,3.0,0.873597849947558,4.0,1.0,0.0,0.0,2.0
4504.0,delete,0.2677858814627575,1529.0,3.0,0.873597849947558,3.0,1.0,0.0,0.0,1.0
4505.0,swap,0.03429891666451488,1529.0,3.0,0.873597849947558,3.0,1.0,0.0,0.0,2.0
4506.0,add,0.8684525127287896,1530.0,5.0,0.8684525127287878,4.0,1.0,0.0,1.0,1.0
4507.0,add,0.8532479788325825,1530.0,5.0,0.8684525127287878,4.0,1.0,0.0,2.0,1.0
4508.0,delete,0.17117968659641367,1530.0,5.0,0.8684525127287878,3.0,1.0,0.0,1.0,1.0
4509.0,swap,0.30230329150181523,1530.0,5.0,0.8684525127287878,3.0,1.0,0.0,2.0,1.0
4510.0,change,0.8684525127287896,1531.0,3.0,0.6996361986274604,4.0,1.0,0.0,1.0,0.0
4511.0,change,0.8684525127287878,1532.0,4.0,0.8684525127287896,4.0,1.0,0.0,1.0,0.0
4512.0,add,0.8645604557060114,1532.0,4.0,0.8684525127287896,4.0,1.0,0.0,2.0,0.0
4513.0,delete,0.2677858814627575,1532.0,4.0,0.8684525127287896,3.0,1.0,0.0,1.0,0.0
4514.0,swap,0.08859314117301345,1532.0,4.0,0.8684525127287896,4.0,1.0,1.0,0.0,0.0
4515.0,change,0.8696825154081753,1533.0,3.0,0.6842297954474085,4.0,1.0,0.0,1.0,0.0
4516.0,change,0.8696825154081753,1534.0,4.0,0.8696825154081753,4.0,1.0,0.0,1.0,0.0
4517.0,add,0.153681052471221,1534.0,4.0,0.8696825154081753,4.0,1.0,1.0,1.0,0.0
4518.0,delete,0.2665990921340155,1534.0,4.0,0.8696825154081753,3.0,1.0,0.0,1.0,0.0
4519.0,swap,0.8696825154081719,1534.0,4.0,0.8696825154081753,4.0,0.0,0.0,1.0,1.0
4520.0,add,0.6301739739074441,1535.0,4.0,0.6904007141605838,4.0,1.0,1.0,0.0,0.0
4521.0,add,0.6904007141605838,1535.0,4.0,0.6904007141605838,4.0,2.0,1.0,0.0,0.0
4522.0,delete,0.11987977693029951,1535.0,4.0,0.6904007141605838,3.0,1.0,1.0,0.0,0.0
4523.0,swap,0.08335434855996932,1535.0,4.0,0.6904007141605838,4.0,0.0,2.0,0.0,0.0
4524.0,add,0.866164230387068,1536.0,6.0,0.8661642303870724,4.0,1.0,0.0,1.0,2.0
4525.0,add,0.861080329921315,1536.0,6.0,0.8661642303870724,4.0,1.0,0.0,2.0,2.0
4526.0,delete,0.866164230387068,1536.0,6.0,0.8661642303870724,4.0,0.0,0.0,1.0,2.0
4527.0,swap,0.11731916609425042,1536.0,6.0,0.8661642303870724,3.0,1.0,0.0,2.0,2.0
4528.0,swap,0.873597849947558,1537.0,6.0,0.873597849947558,4.0,1.0,0.0,0.0,2.0
4529.0,add,0.8696825154081772,1537.0,6.0,0.873597849947558,4.0,1.0,0.0,1.0,2.0
4530.0,delete,0.2677858814627575,1537.0,6.0,0.873597849947558,3.0,1.0,0.0,0.0,2.0
4531.0,swap,0.873597849947558,1537.0,6.0,0.873597849947558,4.0,2.0,0.0,0.0,1.0
4532.0,change,0.8684525127287896,1538.0,4.0,0.7194356132067653,4.0,1.0,0.0,1.0,1.0
4533.0,change,0.8684525127287896,1539.0,5.0,0.8684525127287896,4.0,1.0,0.0,1.0,1.0
4534.0,add,0.8684525127287911,1539.0,5.0,0.8684525127287896,4.0,2.0,0.0,1.0,1.0
4535.0,delete,0.30230329150181523,1539.0,5.0,0.8684525127287896,3.0,1.0,0.0,1.0,1.0
4536.0,swap,0.8684525127287892,1539.0,5.0,0.8684525127287896,4.0,1.0,0.0,1.0,1.0
4537.0,swap,0.8684525127287892,1540.0,6.0,0.8684525127287892,4.0,1.0,0.0,1.0,1.0
4538.0,add,0.8684525127287896,1540.0,6.0,0.8684525127287892,4.0,2.0,0.0,1.0,1.0
4539.0,delete,0.2862663243010401,1540.0,6.0,0.8684525127287892,3.0,1.0,0.0,1.0,1.0
4540.0,swap,0.17117968659641372,1540.0,6.0,0.8684525127287892,3.0,1.0,0.0,2.0,1.0
4541.0,change,0.873597849947558,1541.0,5.0,0.7524354562505978,4.0,3.0,0.0,0.0,1.0
4542.0,change,0.873597849947558,1542.0,6.0,0.873597849947558,4.0,3.0,0.0,0.0,1.0
4543.0,add,0.873597849947558,1542.0,6.0,0.873597849947558,4.0,3.0,0.0,0.0,2.0
4544.0,delete,0.873597849947558,1542.0,6.0,0.873597849947558,4.0,2.0,0.0,0.0,1.0
4545.0,swap,0.04353439932085364,1542.0,6.0,0.873597849947558,3.0,3.0,1.0,0.0,1.0
4546.0,add,0.873597849947558,1543.0,4.0,0.873597849947558,4.0,1.0,0.0,0.0,1.0
4547.0,add,0.8696825154081772,1543.0,4.0,0.873597849947558,4.0,1.0,0.0,1.0,1.0
4548.0,delete,0.08208499862389862,1543.0,4.0,0.873597849947558,3.0,1.0,0.0,0.0,1.0
4549.0,swap,0.3040764312848323,1543.0,4.0,0.873597849947558,3.0,1.0,0.0,0.0,2.0
4550.0,delete,0.866164230387068,1544.0,6.0,0.866164230387068,4.0,0.0,0.0,1.0,2.0
4551.0,add,0.8661642303870738,1544.0,6.0,0.866164230387068,4.0,1.0,0.0,1.0,2.0
4552.0,delete,0.17083531367589733,1544.0,6.0,0.866164230387068,3.0,0.0,0.0,1.0,2.0
4553.0,swap,0.8622892529412014,1544.0,6.0,0.866164230387068,4.0,0.0,0.0,2.0,1.0
4554.0,add,0.8684525127287896,1545.0,5.0,0.8684525127287901,4.0,1.0,0.0,1.0,1.0
4555.0,add,0.8532479788325802,1545.0,5.0,0.8684525127287901,4.0,1.0,0.0,2.0,1.0
4556.0,delete,0.873597849947558,1545.0,5.0,0.8684525127287901,4.0,1.0,0.0,0.0,1.0
4557.0,swap,0.873597849947558,1545.0,5.0,0.8684525127287901,4.0,1.0,0.0,0.0,2.0
4558.0,add,0.8684525127287896,1546.0,3.0,0.7403779711105497,4.0,2.0,0.0,1.0,0.0
4559.0,add,0.8684525127287878,1547.0,4.0,0.8684525127287896,4.0,2.0,0.0,1.0,0.0
4560.0,add,0.8684525127287896,1547.0,4.0,0.8684525127287896,4.0,2.0,0.0,1.0,1.0
4561.0,delete,0.3023032915018157,1547.0,4.0,0.8684525127287896,3.0,2.0,0.0,1.0,0.0
4562.0,swap,0.30230329150181523,1547.0,4.0,0.8684525127287896,3.0,2.0,0.0,2.0,0.0
4563.0,add,0.8735978499475604,1548.0,4.0,0.873597849947558,4.0,2.0,0.0,0.0,0.0
4564.0,add,0.873597849947558,1548.0,4.0,0.873597849947558,4.0,2.0,0.0,0.0,1.0
4565.0,delete,0.2677858814627575,1548.0,4.0,0.873597849947558,3.0,2.0,0.0,0.0,0.0
4566.0,swap,0.3040764312848323,1548.0,4.0,0.873597849947558,3.0,3.0,0.0,0.0,0.0
4567.0,swap,0.8684525127287878,1549.0,5.0,0.8684525127287878,4.0,0.0,0.0,1.0,2.0
4568.0,add,0.6634396825764695,1549.0,5.0,0.8684525127287878,4.0,0.0,1.0,1.0,2.0
4569.0,delete,0.2677858814627575,1549.0,5.0,0.8684525127287878,3.0,0.0,0.0,1.0,2.0
4570.0,swap,0.05775820202014501,1549.0,5.0,0.8684525127287878,3.0,1.0,0.0,1.0,2.0
4571.0,add,0.08737896925212049,1550.0,4.0,0.10948596219170294,4.0,1.0,1.0,0.0,1.0
4572.0,add,0.10948596219170294,1550.0,4.0,0.10948596219170294,4.0,1.0,1.0,0.0,2.0
4573.0,delete,0.03890708746390996,1550.0,4.0,0.10948596219170294,3.0,1.0,1.0,0.0,1.0
4574.0,swap,0.873597849947558,1550.0,4.0,0.10948596219170294,4.0,1.0,0.0,0.0,2.0
4575.0,change,0.873597849947558,1551.0,4.0,0.873597849947558,4.0,1.0,0.0,0.0,0.0
4576.0,add,0.873597849947558,1551.0,4.0,0.873597849947558,4.0,1.0,0.0,0.0,1.0
4577.0,delete,0.873597849947558,1551.0,4.0,0.873597849947558,4.0,0.0,0.0,0.0,0.0
4578.0,swap,0.873597849947558,1551.0,4.0,0.873597849947558,4.0,1.0,0.0,0.0,0.0
4579.0,change,0.873597849947558,1552.0,2.0,0.6229000233812532,4.0,1.0,0.0,0.0,0.0
4580.0,change,0.873597849947558,1553.0,3.0,0.873597849947558,4.0,1.0,0.0,0.0,0.0
4581.0,add,0.873597849947558,1553.0,3.0,0.873597849947558,4.0,2.0,0.0,0.0,0.0
4582.0,delete,0.3040764312848323,1553.0,3.0,0.873597849947558,3.0,1.0,0.0,0.0,0.0
4583.0,swap,0.3040764312848323,1553.0,3.0,0.873597849947558,3.0,1.0,0.0,0.0,1.0
4584.0,change,0.873597849947558,1554.0,3.0,0.8735978499475581,4.0,1.0,0.0,0.0,0.0
4585.0,add,0.873597849947558,1555.0,4.0,0.873597849947558,4.0,2.0,0.0,0.0,0.0
4586.0,add,0.8735978499475575,1555.0,4.0,0.873597849947558,4.0,3.0,0.0,0.0,0.0
4587.0,delete,0.873597849947558,1555.0,4.0,0.873597849947558,4.0,1.0,0.0,0.0,0.0
4588.0,swap,0.028407959702313815,1555.0,4.0,0.873597849947558,3.0,2.0,1.0,0.0,0.0
4589.0,change,0.873597849947558,1556.0,4.0,0.873597849947558,4.0,1.0,0.0,0.0,0.0
4590.0,add,0.11488028870261259,1556.0,4.0,0.873597849947558,4.0,1.0,1.0,0.0,0.0
4591.0,delete,0.30407643128483264,1556.0,4.0,0.873597849947558,3.0,1.0,0.0,0.0,0.0
4592.0,swap,0.0453133907919284,1556.0,4.0,0.873597849947558,3.0,1.0,1.0,0.0,0.0
4593.0,add,0.8696825154081753,1557.0,4.0,0.8696825154081753,4.0,1.0,0.0,1.0,1.0
4594.0,add,0.8223536975176338,1557.0,4.0,0.8696825154081753,4.0,1.0,1.0,1.0,1.0
4595.0,delete,0.11719131559423906,1557.0,4.0,0.8696825154081753,3.0,1.0,0.0,1.0,1.0
4596.0,swap,0.26900099221921386,1557.0,4.0,0.8696825154081753,3.0,2.0,0.0,1.0,1.0
4597.0,add,0.873597849947558,1558.0,5.0,0.873597849947558,4.0,1.0,0.0,0.0,1.0
4598.0,add,0.873597849947558,1558.0,5.0,0.873597849947558,4.0,1.0,0.0,0.0,2.0
4599.0,delete,0.873597849947558,1558.0,5.0,0.873597849947558,4.0,1.0,0.0,0.0,0.0
4600.0,swap,0.13079354943863658,1558.0,5.0,0.873597849947558,4.0,1.0,1.0,0.0,0.0
4601.0,add,0.873597849947558,1559.0,5.0,0.873597849947558,4.0,1.0,0.0,0.0,0.0
4602.0,delete,0.2677858814627575,1559.0,5.0,0.873597849947558,3.0,0.0,0.0,0.0,0.0
4603.0,swap,0.3040764312848323,1559.0,5.0,0.873597849947558,3.0,0.0,0.0,0.0,1.0
4604.0,delete,0.30230329150181523,1560.0,5.0,0.8725687825038039,3.0,1.0,0.0,1.0,1.0
4605.0,change,0.873597849947558,1561.0,5.0,0.8735978499475604,4.0,1.0,0.0,0.0,1.0
4606.0,add,0.873597849947558,1561.0,5.0,0.8735978499475604,4.0,2.0,0.0,0.0,1.0
4607.0,delete,0.30407643128483264,1561.0,5.0,0.8735978499475604,3.0,1.0,0.0,0.0,1.0
4608.0,swap,0.00837880288844145,1561.0,5.0,0.8735978499475604,3.0,2.0,0.0,0.0,1.0
4609.0,change,0.873597849947558,1562.0,3.0,0.5997512992248472,4.0,1.0,0.0,0.0,1.0
4610.0,change,0.873597849947558,1563.0,4.0,0.873597849947558,4.0,1.0,0.0,0.0,1.0
4611.0,add,0.873597849947558,1563.0,4.0,0.873597849947558,4.0,2.0,0.0,0.0,1.0
4612.0,delete,0.873597849947558,1563.0,4.0,0.873597849947558,4.0,0.0,0.0,0.0,1.0
4613.0,swap,0.873597849947558,1563.0,4.0,0.873597849947558,4.0,0.0,0.0,0.0,2.0
4614.0,add,0.873597849947558,1564.0,5.0,0.873597849947558,4.0,2.0,0.0,0.0,1.0
4615.0,add,0.09708112578587634,1564.0,5.0,0.873597849947558,4.0,2.0,1.0,0.0,1.0
4616.0,delete,0.1721723516748124,1564.0,5.0,0.873597849947558,3.0,2.0,0.0,0.0,1.0
4617.0,swap,0.07582238931801022,1564.0,5.0,0.873597849947558,3.0,3.0,0.0,0.0,1.0
4618.0,swap,0.8684525127287878,1565.0,6.0,0.8684525127287878,4.0,0.0,0.0,1.0,2.0
4619.0,add,0.34479759507875923,1565.0,6.0,0.8684525127287878,4.0,0.0,1.0,1.0,2.0
4620.0,delete,0.11663505098597605,1565.0,6.0,0.8684525127287878,3.0,0.0,0.0,1.0,2.0
4621.0,swap,0.2662086698628963,1565.0,6.0,0.8684525127287878,3.0,0.0,0.0,2.0,2.0
4622.0,add,0.8684525127287878,1566.0,3.0,0.6149265476112361,4.0,0.0,0.0,1.0,2.0
4623.0,add,0.8684525127287878,1567.0,4.0,0.8684525127287878,4.0,0.0,0.0,1.0,2.0
4624.0,add,0.8684525127287878,1567.0,4.0,0.8684525127287878,4.0,1.0,0.0,1.0,2.0
4625.0,delete,0.11719131559423906,1567.0,4.0,0.8684525127287878,3.0,0.0,0.0,1.0,2.0
4626.0,swap,0.873597849947558,1567.0,4.0,0.8684525127287878,4.0,0.0,0.0,0.0,3.0
4627.0,add,0.8684525127287878,1568.0,5.0,0.873597849947558,4.0,0.0,0.0,1.0,3.0
4628.0,delete,0.3040764312848323,1568.0,5.0,0.873597849947558,3.0,0.0,0.0,0.0,3.0
4629.0,swap,0.11731916609425042,1568.0,5.0,0.873597849947558,3.0,0.0,0.0,0.0,4.0
4630.0,delete,0.873597849947558,1569.0,5.0,0.873597849947558,4.0,1.0,0.0,0.0,0.0
4631.0,add,0.29573417791801276,1569.0,5.0,0.873597849947558,4.0,1.0,1.0,0.0,0.0
4632.0,delete,0.873597849947558,1569.0,5.0,0.873597849947558,4.0,0.0,0.0,0.0,0.0
4633.0,swap,0.089609167901429,1569.0,5.0,0.873597849947558,3.0,1.0,1.0,0.0,0.0
4634.0,change,0.873597849947558,1570.0,3.0,0.7260487970509081,4.0,1.0,0.0,0.0,0.0
4635.0,change,0.873597849947558,1571.0,4.0,0.873597849947558,4.0,1.0,0.0,0.0,0.0
4636.0,add,0.873597849947558,1571.0,4.0,0.873597849947558,4.0,1.0,0.0,0.0,1.0
4637.0,delete,0.2677858814627575,1571.0,4.0,0.873597849947558,3.0,1.0,0.0,0.0,0.0
4638.0,swap,0.3040764312848323,1571.0,4.0,0.873597849947558,3.0,1.0,0.0,0.0,1.0
4639.0,add,0.8684525127287896,1572.0,6.0,0.8684525127287915,4.0,2.0,0.0,1.0,1.0
4640.0,add,0.8684525127287896,1572.0,6.0,0.8684525127287915,4.0,3.0,0.0,1.0,1.0
4641.0,delete,0.8735978499475604,1572.0,6.0,0.8684525127287915,4.0,2.0,0.0,0.0,1.0
4642.0,swap,0.22594726707915028,1572.0,6.0,0.8684525127287915,4.0,1.0,1.0,1.0,1.0
4643.0,delete,0.873597849947558,1573.0,5.0,0.7263234515556618,4.0,1.0,0.0,0.0,2.0
4644.0,delete,0.873597849947558,1574.0,6.0,0.873597849947558,4.0,1.0,0.0,0.0,2.0
4645.0,add,0.873597849947558,1574.0,6.0,0.873597849947558,4.0,1.0,0.0,0.0,3.0
4646.0,delete,0.3040764312848323,1574.0,6.0,0.873597849947558,3.0,1.0,0.0,0.0,2.0
4647.0,swap,0.08857360743383348,1574.0,6.0,0.873597849947558,4.0,1.0,1.0,0.0,1.0
4648.0,change,0.873597849947558,1575.0,5.0,0.873597849947558,4.0,1.0,0.0,0.0,0.0
4649.0,add,0.8684525127287892,1575.0,5.0,0.873597849947558,4.0,1.0,0.0,1.0,0.0
4650.0,delete,0.30407643128483247,1575.0,5.0,0.873597849947558,3.0,1.0,0.0,0.0,0.0
4651.0,swap,0.2677858814627575,1575.0,5.0,0.873597849947558,3.0,1.0,0.0,0.0,1.0
4652.0,add,0.873597849947558,1576.0,4.0,0.7156870610048494,4.0,1.0,0.0,0.0,2.0
4653.0,add,0.873597849947558,1577.0,5.0,0.873597849947558,4.0,1.0,0.0,0.0,2.0
4654.0,add,0.8684525127287896,1577.0,5.0,0.873597849947558,4.0,1.0,0.0,1.0,2.0
4655.0,delete,0.873597849947558,1577.0,5.0,0.873597849947558,4.0,1.0,0.0,0.0,1.0
4656.0,swap,0.873597849947558,1577.0,5.0,0.873597849947558,4.0,2.0,0.0,0.0,1.0
4657.0,add,0.873597849947558,1578.0,6.0,0.873597849947558,4.0,1.0,0.0,0.0,2.0
4658.0,add,0.873597849947558,1578.0,6.0,0.873597849947558,4.0,2.0,0.0,0.0,2.0
4659.0,delete,0.873597849947558,1578.0,6.0,0.873597849947558,4.0,1.0,0.0,0.0,1.0
4660.0,swap,0.11731916609425053,1578.0,6.0,0.873597849947558,3.0,2.0,0.0,0.0,2.0
4661.0,add,0.8684525127287878,1579.0,4.0,0.7628137095342995,4.0,1.0,0.0,1.0,1.0
4662.0,add,0.8684525127287878,1580.0,5.0,0.8684525127287878,4.0,1.0,0.0,1.0,1.0
4663.0,add,0.8684525127287878,1580.0,5.0,0.8684525127287878,4.0,1.0,0.0,1.0,2.0
4664.0,delete,0.8684525127287878,1580.0,5.0,0.8684525127287878,4.0,1.0,0.0,1.0,0.0
4665.0,swap,0.8360481210844111,1580.0,5.0,0.8684525127287878,4.0,1.0,1.0,1.0,0.0
4666.0,delete,0.8684525127287878,1581.0,6.0,0.8684525127287878,4.0,1.0,0.0,1.0,0.0
4667.0,add,0.8633374806385117,1581.0,6.0,0.8684525127287878,4.0,1.0,0.0,1.0,1.0
4668.0,delete,0.30230329150181545,1581.0,6.0,0.8684525127287878,3.0,1.0,0.0,1.0,0.0
4669.0,swap,0.8684525127287878,1581.0,6.0,0.8684525127287878,4.0,1.0,0.0,1.0,0.0
4670.0,delete,0.26659909213401584,1582.0,3.0,0.7498488976612179,3.0,0.0,0.0,1.0,1.0
4671.0,add,0.12005269868362352,1583.0,4.0,0.13026716067728947,4.0,1.0,1.0,0.0,1.0
4672.0,add,0.1302671606772894,1583.0,4.0,0.13026716067728947,4.0,2.0,1.0,0.0,1.0
4673.0,delete,0.7201783365949709,1583.0,4.0,0.13026716067728947,3.0,1.0,1.0,0.0,1.0
4674.0,swap,0.13026716067728947,1583.0,4.0,0.13026716067728947,4.0,1.0,1.0,0.0,1.0
4675.0,add,0.3040764312848323,1584.0,3.0,0.3040764312848323,3.0,0.0,0.0,0.0,2.0
4676.0,delete,0.10893748078630526,1584.0,3.0,0.3040764312848323,2.0,0.0,0.0,0.0,1.0
4677.0,swap,0.5801128213773501,1584.0,3.0,0.3040764312848323,3.0,0.0,1.0,0.0,0.0
4678.0,swap,0.873597849947558,1585.0,7.0,0.873597849947558,4.0,3.0,0.0,0.0,1.0
4679.0,add,0.08842049632204789,1585.0,7.0,0.873597849947558,4.0,3.0,1.0,0.0,1.0
4680.0,delete,0.30407643128483247,1585.0,7.0,0.873597849947558,3.0,3.0,0.0,0.0,1.0
4681.0,swap,0.8735978499475604,1585.0,7.0,0.873597849947558,4.0,3.0,0.0,0.0,1.0
4682.0,swap,0.836216474066532,1586.0,6.0,0.8360481210844111,4.0,1.0,1.0,1.0,0.0
4683.0,add,0.8360481210844138,1586.0,6.0,0.8360481210844111,4.0,2.0,1.0,1.0,0.0
4684.0,delete,0.8055203226317291,1586.0,6.0,0.8360481210844111,4.0,1.0,1.0,0.0,0.0
4685.0,swap,0.8055203226317291,1586.0,6.0,0.8360481210844111,4.0,1.0,1.0,0.0,1.0
4686.0,swap,0.873597849947558,1587.0,5.0,0.8238706722997631,4.0,2.0,0.0,0.0,1.0
4687.0,swap,0.873597849947558,1588.0,6.0,0.873597849947558,4.0,2.0,0.0,0.0,1.0
4688.0,add,0.8696825154081753,1588.0,6.0,0.873597849947558,4.0,2.0,0.0,1.0,1.0
4689.0,delete,0.3040764312848323,1588.0,6.0,0.873597849947558,3.0,2.0,0.0,0.0,1.0
4690.0,swap,0.018874682570609973,1588.0,6.0,0.873597849947558,3.0,2.0,1.0,0.0,1.0
4691.0,delete,0.873597849947558,1589.0,6.0,0.873597849947558,4.0,1.0,0.0,0.0,1.0
4692.0,add,0.873597849947558,1589.0,6.0,0.873597849947558,4.0,1.0,0.0,0.0,2.0
4693.0,delete,0.30407643128483275,1589.0,6.0,0.873597849947558,3.0,1.0,0.0,0.0,1.0
4694.0,swap,0.3040764312848323,1589.0,6.0,0.873597849947558,3.0,2.0,0.0,0.0,1.0
4695.0,add,0.8696825154081719,1590.0,6.0,0.873597849947558,4.0,0.0,0.0,1.0,2.0
4696.0,delete,0.08597457175616141,1590.0,6.0,0.873597849947558,3.0,0.0,0.0,0.0,2.0
4697.0,swap,0.1233326433601575,1590.0,6.0,0.873597849947558,3.0,0.0,1.0,0.0,2.0
4698.0,change,0.8684525127287878,1591.0,6.0,0.8684525127287892,4.0,1.0,0.0,1.0,1.0
4699.0,add,0.8532479788325797,1591.0,6.0,0.8684525127287892,4.0,1.0,0.0,2.0,1.0
4700.0,delete,0.2677858814627575,1591.0,6.0,0.8684525127287892,3.0,1.0,0.0,1.0,1.0
4701.0,swap,0.2681883057505707,1591.0,6.0,0.8684525127287892,3.0,2.0,0.0,1.0,1.0
4702.0,change,0.8684525127287892,1592.0,5.0,0.7119172006061063,4.0,1.0,0.0,1.0,1.0
4703.0,change,0.8684525127287892,1593.0,6.0,0.8684525127287892,4.0,1.0,0.0,1.0,1.0
4704.0,add,0.8684525127287901,1593.0,6.0,0.8684525127287892,4.0,2.0,0.0,1.0,1.0
4705.0,delete,0.17117968659641372,1593.0,6.0,0.8684525127287892,3.0,1.0,0.0,1.0,1.0
4706.0,swap,0.2677858814627575,1593.0,6.0,0.8684525127287892,3.0,1.0,0.0,2.0,1.0
4707.0,delete,0.8696825154081719,1594.0,5.0,0.8696825154081719,4.0,0.0,0.0,1.0,0.0
4708.0,add,0.8696825154081772,1594.0,5.0,0.8696825154081719,4.0,1.0,0.0,1.0,0.0
4709.0,delete,0.873597849947558,1594.0,5.0,0.8696825154081719,4.0,0.0,0.0,0.0,0.0
4710.0,swap,0.19727423651184556,1594.0,5.0,0.8696825154081719,3.0,1.0,0.0,1.0,0.0
4711.0,delete,0.873597849947558,1595.0,4.0,0.7359839265367849,4.0,1.0,0.0,0.0,0.0
4712.0,delete,0.873597849947558,1596.0,5.0,0.873597849947558,4.0,1.0,0.0,0.0,0.0
4713.0,add,0.8735978499475604,1596.0,5.0,0.873597849947558,4.0,2.0,0.0,0.0,0.0
4714.0,delete,0.30407643128483264,1596.0,5.0,0.873597849947558,3.0,1.0,0.0,0.0,0.0
4715.0,swap,0.20349650099542038,1596.0,5.0,0.873597849947558,3.0,1.0,1.0,0.0,0.0
4716.0,add,0.873597849947558,1597.0,4.0,0.7250369898457737,4.0,1.0,0.0,0.0,1.0
4717.0,add,0.873597849947558,1598.0,5.0,0.873597849947558,4.0,1.0,0.0,0.0,1.0
4718.0,add,0.873597849947558,1598.0,5.0,0.873597849947558,4.0,1.0,0.0,0.0,2.0
4719.0,delete,0.3040764312848323,1598.0,5.0,0.873597849947558,3.0,1.0,0.0,0.0,1.0
4720.0,swap,0.24403836755561886,1598.0,5.0,0.873597849947558,3.0,2.0,0.0,0.0,1.0
4721.0,delete,0.873597849947558,1599.0,5.0,0.873597849947558,4.0,1.0,0.0,0.0,0.0
4722.0,add,0.873597849947558,1599.0,5.0,0.873597849947558,4.0,1.0,0.0,0.0,1.0
4723.0,delete,0.2677858814627581,1599.0,5.0,0.873597849947558,3.0,1.0,0.0,0.0,0.0
4724.0,swap,0.03349916493092119,1599.0,5.0,0.873597849947558,3.0,1.0,1.0,0.0,0.0
4725.0,delete,0.873597849947558,1600.0,4.0,0.718942930412831,4.0,0.0,0.0,0.0,2.0
4726.0,add,0.873597849947558,1601.0,5.0,0.873597849947558,4.0,0.0,0.0,0.0,3.0
4727.0,delete,0.873597849947558,1601.0,5.0,0.873597849947558,4.0,0.0,0.0,0.0,1.0
4728.0,swap,0.873597849947558,1601.0,5.0,0.873597849947558,4.0,1.0,0.0,0.0,1.0
4729.0,add,0.8629478211847165,1602.0,6.0,0.873597849947558,4.0,0.0,1.0,0.0,3.0
4730.0,delete,0.1721723516748124,1602.0,6.0,0.873597849947558,3.0,0.0,0.0,0.0,3.0
4731.0,swap,0.1325454358816399,1602.0,6.0,0.873597849947558,3.0,0.0,1.0,0.0,3.0
4732.0,add,0.8645604557060138,1603.0,5.0,0.8645604557060138,4.0,0.0,0.0,2.0,2.0
4733.0,add,0.3621773201236033,1603.0,5.0,0.8645604557060138,4.0,0.0,1.0,2.0,2.0
4734.0,delete,0.8645604557060138,1603.0,5.0,0.8645604557060138,4.0,0.0,0.0,2.0,1.0
4735.0,swap,0.30100095559490514,1603.0,5.0,0.8645604557060138,3.0,0.0,0.0,3.0,2.0
4736.0,add,0.873597849947558,1604.0,4.0,0.7063915068112837,4.0,1.0,0.0,0.0,2.0
4737.0,add,0.873597849947558,1605.0,5.0,0.873597849947558,4.0,1.0,0.0,0.0,2.0
4738.0,add,0.873597849947558,1605.0,5.0,0.873597849947558,4.0,2.0,0.0,0.0,2.0
4739.0,delete,0.873597849947558,1605.0,5.0,0.873597849947558,4.0,0.0,0.0,0.0,2.0
4740.0,swap,0.2665990921340155,1605.0,5.0,0.873597849947558,3.0,1.0,0.0,1.0,2.0
4741.0,change,0.8735978499475604,1606.0,3.0,0.6746432657286265,4.0,1.0,0.0,0.0,1.0
4742.0,change,0.873597849947558,1607.0,4.0,0.8735978499475604,4.0,1.0,0.0,0.0,1.0
4743.0,add,0.8735978499475604,1607.0,4.0,0.8735978499475604,4.0,1.0,0.0,0.0,2.0
4744.0,delete,0.2677858814627581,1607.0,4.0,0.8735978499475604,3.0,1.0,0.0,0.0,1.0
4745.0,swap,0.30276636134333035,1607.0,4.0,0.8735978499475604,3.0,1.0,0.0,1.0,1.0
4746.0,add,0.873597849947558,1608.0,5.0,0.873597849947558,4.0,1.0,0.0,0.0,1.0
4747.0,add,0.873597849947558,1608.0,5.0,0.873597849947558,4.0,1.0,0.0,0.0,2.0
4748.0,delete,0.3040764312848323,1608.0,5.0,0.873597849947558,3.0,1.0,0.0,0.0,1.0
4749.0,swap,0.2665990921340155,1608.0,5.0,0.873597849947558,3.0,1.0,0.0,1.0,1.0
4750.0,delete,0.3040764312848323,1609.0,4.0,0.6880643050496297,3.0,0.0,0.0,1.0,2.0
4751.0,add,0.10199161382496942,1610.0,3.0,0.59719573632192,4.0,0.0,1.0,1.0,0.0
4752.0,add,0.873597849947558,1611.0,6.0,0.873597849947558,4.0,0.0,0.0,0.0,3.0
4753.0,delete,0.2677858814627575,1611.0,6.0,0.873597849947558,3.0,0.0,0.0,0.0,2.0
4754.0,swap,0.2695202411247921,1611.0,6.0,0.873597849947558,3.0,1.0,0.0,0.0,2.0
4755.0,delete,0.873597849947558,1612.0,6.0,0.873597849947558,4.0,1.0,0.0,0.0,0.0
4756.0,add,0.8684525127287892,1612.0,6.0,0.873597849947558,4.0,1.0,0.0,1.0,0.0
4757.0,delete,0.3040764312848323,1612.0,6.0,0.873597849947558,3.0,1.0,0.0,0.0,0.0
4758.0,swap,0.04436144177290665,1612.0,6.0,0.873597849947558,3.0,1.0,0.0,0.0,1.0
4759.0,change,0.8684525127287878,1613.0,3.0,0.5656649287361512,4.0,0.0,0.0,1.0,1.0
4760.0,change,0.8684525127287878,1614.0,4.0,0.8684525127287878,4.0,0.0,0.0,1.0,1.0
4761.0,add,0.8684525127287878,1614.0,4.0,0.8684525127287878,4.0,0.0,0.0,1.0,2.0
4762.0,delete,0.2677858814627575,1614.0,4.0,0.8684525127287878,3.0,0.0,0.0,1.0,1.0
4763.0,swap,0.8684525127287878,1614.0,4.0,0.8684525127287878,4.0,0.0,0.0,1.0,1.0
4764.0,swap,0.8684525127287878,1615.0,5.0,0.8684525127287878,4.0,0.0,0.0,1.0,1.0
4765.0,add,0.8645604557060138,1615.0,5.0,0.8684525127287878,4.0,0.0,0.0,2.0,1.0
4766.0,delete,0.2677858814627575,1615.0,5.0,0.8684525127287878,3.0,0.0,0.0,1.0,1.0
4767.0,swap,0.08547888267378284,1615.0,5.0,0.8684525127287878,3.0,0.0,0.0,1.0,2.0
4768.0,add,0.8645604557060148,1616.0,6.0,0.8645604557060148,4.0,0.0,0.0,2.0,1.0
4769.0,add,0.8594685627545082,1616.0,6.0,0.8645604557060148,4.0,0.0,0.0,3.0,1.0
4770.0,delete,0.8645604557060148,1616.0,6.0,0.8645604557060148,4.0,0.0,0.0,2.0,0.0
4771.0,swap,0.11413522848946234,1616.0,6.0,0.8645604557060148,3.0,0.0,0.0,3.0,1.0
4772.0,add,0.8645604557060095,1617.0,5.0,0.8645604557060095,4.0,1.0,0.0,2.0,1.0
4773.0,add,0.18622219973073642,1617.0,5.0,0.8645604557060095,4.0,1.0,1.0,2.0,1.0
4774.0,delete,0.2665990921340154,1617.0,5.0,0.8645604557060095,3.0,1.0,0.0,2.0,1.0
4775.0,swap,0.30230329150181523,1617.0,5.0,0.8645604557060095,3.0,1.0,0.0,3.0,1.0
4776.0,add,0.873597849947558,1618.0,3.0,0.6037154593587347,4.0,1.0,0.0,0.0,2.0
4777.0,add,0.873597849947558,1619.0,4.0,0.873597849947558,4.0,1.0,0.0,0.0,2.0
4778.0,add,0.4625156076382872,1619.0,4.0,0.873597849947558,4.0,1.0,1.0,0.0,2.0
4779.0,delete,0.3040764312848323,1619.0,4.0,0.873597849947558,3.0,1.0,0.0,0.0,2.0
4780.0,swap,0.873597849947558,1619.0,4.0,0.873597849947558,4.0,1.0,0.0,0.0,2.0
4781.0,swap,0.873597849947558,1620.0,5.0,0.873597849947558,4.0,1.0,0.0,0.0,2.0
4782.0,add,0.873597849947558,1620.0,5.0,0.873597849947558,4.0,1.0,0.0,0.0,3.0
4783.0,delete,0.873597849947558,1620.0,5.0,0.873597849947558,4.0,0.0,0.0,0.0,2.0
4784.0,swap,0.11731916609425042,1620.0,5.0,0.873597849947558,3.0,2.0,0.0,0.0,2.0
4785.0,add,0.8684525127287896,1621.0,3.0,0.6531482572497421,4.0,1.0,0.0,1.0,1.0
4786.0,add,0.8684525127287892,1622.0,4.0,0.8684525127287896,4.0,1.0,0.0,1.0,1.0
4787.0,add,0.8684525127287896,1622.0,4.0,0.8684525127287896,4.0,1.0,0.0,1.0,2.0
4788.0,delete,0.3023032915018151,1622.0,4.0,0.8684525127287896,3.0,1.0,0.0,1.0,1.0
4789.0,swap,0.30230329150181523,1622.0,4.0,0.8684525127287896,3.0,1.0,0.0,2.0,1.0
4790.0,add,0.873597849947558,1623.0,5.0,0.873597849947558,4.0,1.0,0.0,0.0,2.0
4791.0,add,0.7802210995688671,1623.0,5.0,0.873597849947558,4.0,1.0,1.0,0.0,2.0
4792.0,delete,0.04526423397858692,1623.0,5.0,0.873597849947558,3.0,1.0,0.0,0.0,2.0
4793.0,swap,0.873597849947558,1623.0,5.0,0.873597849947558,4.0,1.0,0.0,0.0,2.0
4794.0,swap,0.1651841703943354,1624.0,4.0,0.7223421131768964,4.0,0.0,1.0,0.0,2.0
4795.0,delete,0.1721723516748124,1625.0,2.0,0.4154360667332971,3.0,0.0,0.0,0.0,1.0
4796.0,change,0.8735978499475604,1626.0,3.0,0.5648826989695322,4.0,1.0,0.0,0.0,1.0
4797.0,change,0.8735978499475604,1627.0,4.0,0.8735978499475604,4.0,1.0,0.0,0.0,1.0
4798.0,add,0.8696825154081729,1627.0,4.0,0.8735978499475604,4.0,1.0,0.0,1.0,1.0
4799.0,delete,0.30407643128483275,1627.0,4.0,0.8735978499475604,3.0,1.0,0.0,0.0,1.0
4800.0,swap,0.30407643128483275,1627.0,4.0,0.8735978499475604,3.0,1.0,0.0,0.0,2.0
4801.0,add,0.8684525127287911,1628.0,6.0,0.8684525127287896,4.0,1.0,0.0,1.0,2.0
4802.0,add,0.8680244299070061,1628.0,6.0,0.8684525127287896,4.0,1.0,1.0,1.0,2.0
4803.0,delete,0.30230329150181523,1628.0,6.0,0.8684525127287896,3.0,1.0,0.0,1.0,2.0
4804.0,swap,0.24376746485179338,1628.0,6.0,0.8684525127287896,4.0,1.0,1.0,0.0,2.0
4805.0,swap,0.873597849947558,1629.0,3.0,0.5872349778702808,4.0,1.0,0.0,0.0,1.0
4806.0,swap,0.873597849947558,1630.0,4.0,0.873597849947558,4.0,1.0,0.0,0.0,1.0
4807.0,add,0.873597849947558,1630.0,4.0,0.873597849947558,4.0,1.0,0.0,0.0,2.0
4808.0,delete,0.873597849947558,1630.0,4.0,0.873597849947558,4.0,0.0,0.0,0.0,1.0
4809.0,swap,0.8696825154081719,1630.0,4.0,0.873597849947558,4.0,0.0,0.0,1.0,1.0
4810.0,add,0.873597849947558,1631.0,5.0,0.873597849947558,4.0,1.0,0.0,0.0,2.0
4811.0,add,0.6602978651956696,1631.0,5.0,0.873597849947558,4.0,1.0,1.0,0.0,2.0
4812.0,delete,0.2677858814627581,1631.0,5.0,0.873597849947558,3.0,1.0,0.0,0.0,2.0
4813.0,swap,0.007110706554721431,1631.0,5.0,0.873597849947558,4.0,1.0,1.0,0.0,1.0
4814.0,add,0.36674390509831345,1632.0,4.0,0.4915469302788152,4.0,1.0,1.0,0.0,0.0
4815.0,add,0.4915469302788152,1632.0,4.0,0.4915469302788152,4.0,2.0,1.0,0.0,0.0
4816.0,delete,0.09709295921468854,1632.0,4.0,0.4915469302788152,3.0,1.0,1.0,0.0,0.0
4817.0,swap,0.17207904767571028,1632.0,4.0,0.4915469302788152,3.0,1.0,1.0,1.0,0.0
4818.0,change,0.8684525127287878,1633.0,4.0,0.6930759865902794,4.0,0.0,0.0,1.0,1.0
4819.0,change,0.8684525127287878,1634.0,5.0,0.8684525127287878,4.0,0.0,0.0,1.0,1.0
4820.0,add,0.797675355735576,1634.0,5.0,0.8684525127287878,4.0,0.0,1.0,1.0,1.0
4821.0,delete,0.8684525127287878,1634.0,5.0,0.8684525127287878,4.0,0.0,0.0,1.0,0.0
4822.0,swap,0.30230329150181523,1634.0,5.0,0.8684525127287878,3.0,0.0,0.0,2.0,1.0
4823.0,delete,0.8684525127287878,1635.0,6.0,0.8684525127287878,4.0,0.0,0.0,1.0,0.0
4824.0,add,0.866164230387068,1635.0,6.0,0.8684525127287878,4.0,0.0,0.0,1.0,1.0
4825.0,delete,0.2662086698628963,1635.0,6.0,0.8684525127287878,3.0,0.0,0.0,1.0,0.0
4826.0,swap,0.2662086698628963,1635.0,6.0,0.8684525127287878,3.0,0.0,0.0,2.0,0.0
4827.0,delete,0.2677858814627575,1636.0,5.0,0.7299264518210367,3.0,0.0,0.0,0.0,4.0
4828.0,add,0.8684525127287878,1637.0,5.0,0.8684525127287878,4.0,0.0,0.0,1.0,2.0
4829.0,add,0.8684525127287896,1637.0,5.0,0.8684525127287878,4.0,1.0,0.0,1.0,2.0
4830.0,delete,0.8684525127287878,1637.0,5.0,0.8684525127287878,4.0,0.0,0.0,1.0,1.0
4831.0,swap,0.29353310264829086,1637.0,5.0,0.8684525127287878,3.0,1.0,0.0,1.0,2.0
4832.0,add,0.8532479788325797,1638.0,4.0,0.7534686307126888,4.0,0.0,0.0,2.0,1.0
4833.0,add,0.8532479788325797,1639.0,5.0,0.8532479788325797,4.0,0.0,0.0,2.0,1.0
4834.0,add,0.8494246995935285,1639.0,5.0,0.8532479788325797,4.0,0.0,0.0,3.0,1.0
4835.0,delete,0.2677858814627575,1639.0,5.0,0.8532479788325797,3.0,0.0,0.0,2.0,1.0
4836.0,swap,0.1127485933350984,1639.0,5.0,0.8532479788325797,3.0,1.0,0.0,2.0,1.0
4837.0,change,0.8684525127287878,1640.0,5.0,0.8684525127287878,4.0,0.0,0.0,1.0,1.0
4838.0,add,0.1633723539112626,1640.0,5.0,0.8684525127287878,4.0,0.0,1.0,1.0,1.0
4839.0,delete,0.873597849947558,1640.0,5.0,0.8684525127287878,4.0,0.0,0.0,0.0,1.0
4840.0,swap,0.06803233820464415,1640.0,5.0,0.8684525127287878,4.0,0.0,1.0,1.0,0.0
4841.0,delete,0.8696825154081753,1641.0,7.0,0.8696825154081753,4.0,1.0,0.0,1.0,2.0
4842.0,add,0.8696825154081753,1641.0,7.0,0.8696825154081753,4.0,1.0,0.0,1.0,3.0
4843.0,delete,0.8696825154081753,1641.0,7.0,0.8696825154081753,4.0,1.0,0.0,1.0,1.0
4844.0,swap,0.8657855661243106,1641.0,7.0,0.8696825154081753,4.0,1.0,0.0,2.0,1.0
4845.0,delete,0.2772248137772902,1642.0,6.0,0.8689031255514024,3.0,1.0,0.0,1.0,3.0
4846.0,add,0.8684525127287878,1643.0,7.0,0.7788871170721007,4.0,1.0,0.0,1.0,5.0
4847.0,add,0.8684525127287892,1644.0,8.0,0.8684525127287878,4.0,1.0,0.0,1.0,5.0
4848.0,add,0.8532479788325797,1644.0,8.0,0.8684525127287878,4.0,1.0,0.0,2.0,5.0
4849.0,delete,0.08577595211538057,1644.0,8.0,0.8684525127287878,3.0,1.0,0.0,1.0,5.0
4850.0,swap,0.08192877398817902,1644.0,8.0,0.8684525127287878,4.0,1.0,1.0,1.0,4.0
4851.0,add,0.14013481692166557,1645.0,5.0,0.7312546154055017,4.0,3.0,1.0,0.0,1.0
4852.0,change,0.8684525127287878,1646.0,3.0,0.6489070173356997,4.0,0.0,0.0,1.0,1.0
4853.0,change,0.8684525127287878,1647.0,4.0,0.8684525127287878,4.0,0.0,0.0,1.0,1.0
4854.0,add,0.8684525127287878,1647.0,4.0,0.8684525127287878,4.0,0.0,0.0,1.0,2.0
4855.0,delete,0.30230329150181523,1647.0,4.0,0.8684525127287878,3.0,0.0,0.0,1.0,1.0
4856.0,swap,0.8684525127287878,1647.0,4.0,0.8684525127287878,4.0,0.0,0.0,1.0,1.0
4857.0,swap,0.8684525127287878,1648.0,5.0,0.8684525127287878,4.0,0.0,0.0,1.0,1.0
4858.0,add,0.8645604557060138,1648.0,5.0,0.8684525127287878,4.0,0.0,0.0,2.0,1.0
4859.0,delete,0.2662086698628963,1648.0,5.0,0.8684525127287878,3.0,0.0,0.0,1.0,1.0
4860.0,swap,0.05694113834815044,1648.0,5.0,0.8684525127287878,3.0,0.0,1.0,1.0,1.0
4861.0,change,0.8645604557060138,1649.0,7.0,0.8645604557060138,4.0,0.0,0.0,2.0,2.0
4862.0,add,0.8645604557060138,1649.0,7.0,0.8645604557060138,4.0,0.0,0.0,2.0,3.0
4863.0,delete,0.8696825154081719,1649.0,7.0,0.8645604557060138,4.0,0.0,0.0,1.0,2.0
4864.0,swap,0.3023032915018151,1649.0,7.0,0.8645604557060138,3.0,0.0,0.0,2.0,3.0
4865.0,add,0.790094169001039,1650.0,4.0,0.790094169001039,4.0,0.0,1.0,1.0,1.0
4866.0,add,0.78544480189077,1650.0,4.0,0.790094169001039,4.0,0.0,1.0,1.0,2.0
4867.0,delete,0.1633784408450966,1650.0,4.0,0.790094169001039,3.0,0.0,1.0,1.0,1.0
4868.0,swap,0.1633784408450966,1650.0,4.0,0.790094169001039,3.0,1.0,1.0,1.0,1.0
4869.0,add,0.06952822704011523,1651.0,7.0,0.873597849947558,4.0,0.0,1.0,0.0,2.0
4870.0,delete,0.2677858814627575,1651.0,7.0,0.873597849947558,3.0,0.0,0.0,0.0,2.0
4871.0,swap,0.3040764312848323,1651.0,7.0,0.873597849947558,3.0,0.0,0.0,0.0,3.0
4872.0,add,0.8645604557060138,1652.0,4.0,0.8645604557060138,4.0,0.0,0.0,2.0,0.0
4873.0,add,0.8645604557060138,1652.0,4.0,0.8645604557060138,4.0,0.0,0.0,2.0,1.0
4874.0,delete,0.3023032915018151,1652.0,4.0,0.8645604557060138,3.0,0.0,0.0,2.0,0.0
4875.0,swap,0.3102755856452627,1652.0,4.0,0.8645604557060138,4.0,0.0,1.0,1.0,0.0
4876.0,add,0.873597849947558,1653.0,6.0,0.873597849947558,4.0,0.0,0.0,0.0,3.0
4877.0,delete,0.11731916609425042,1653.0,6.0,0.873597849947558,3.0,0.0,0.0,0.0,2.0
4878.0,swap,0.30407643128483264,1653.0,6.0,0.873597849947558,3.0,1.0,0.0,0.0,2.0
4879.0,add,0.8696825154081719,1654.0,6.0,0.8696825154081719,4.0,0.0,0.0,1.0,3.0
4880.0,add,0.8696825154081719,1654.0,6.0,0.8696825154081719,4.0,0.0,0.0,1.0,4.0
4881.0,delete,0.3040764312848323,1654.0,6.0,0.8696825154081719,3.0,0.0,0.0,1.0,3.0
4882.0,swap,0.06035995496828085,1654.0,6.0,0.8696825154081719,4.0,0.0,1.0,0.0,3.0
4883.0,add,0.8684525127287878,1655.0,5.0,0.8684525127287878,4.0,0.0,0.0,1.0,3.0
4884.0,add,0.34208419659663813,1655.0,5.0,0.8684525127287878,4.0,0.0,1.0,1.0,3.0
4885.0,delete,0.11663505098597605,1655.0,5.0,0.8684525127287878,3.0,0.0,0.0,1.0,3.0
4886.0,swap,0.11614849257224,1655.0,5.0,0.8684525127287878,3.0,0.0,0.0,2.0,3.0
4887.0,add,0.8684525127287911,1656.0,6.0,0.8684525127287911,4.0,1.0,0.0,1.0,1.0
4888.0,add,0.3554535427939376,1656.0,6.0,0.8684525127287911,4.0,1.0,1.0,1.0,1.0
4889.0,delete,0.08208499862389872,1656.0,6.0,0.8684525127287911,3.0,1.0,0.0,1.0,1.0
4890.0,swap,0.6135874535833925,1656.0,6.0,0.8684525127287911,4.0,1.0,1.0,1.0,0.0
4891.0,add,0.5948722986984879,1657.0,4.0,0.6116972943609755,4.0,1.0,1.0,0.0,2.0
4892.0,swap,0.7710494757073436,1658.0,6.0,0.7408979752999175,4.0,0.0,1.0,0.0,2.0
4893.0,add,0.7408979752999187,1658.0,6.0,0.7408979752999175,4.0,1.0,1.0,0.0,2.0
4894.0,delete,0.7408979752999175,1658.0,6.0,0.7408979752999175,4.0,0.0,1.0,0.0,1.0
4895.0,swap,0.10061294604501692,1658.0,6.0,0.7408979752999175,3.0,0.0,1.0,0.0,3.0
4896.0,add,0.8183028719088126,1659.0,5.0,0.818825000313576,4.0,0.0,1.0,0.0,2.0
4897.0,add,0.8188250003135777,1659.0,5.0,0.818825000313576,4.0,1.0,1.0,0.0,2.0
4898.0,delete,0.46825808295618243,1659.0,5.0,0.818825000313576,3.0,0.0,1.0,0.0,2.0
4899.0,swap,0.023056910048508256,1659.0,5.0,0.818825000313576,3.0,0.0,2.0,0.0,2.0
4900.0,add,0.8684525127287901,1660.0,6.0,0.8684525127287901,4.0,2.0,0.0,1.0,1.0
4901.0,add,0.0800199479635644,1660.0,6.0,0.8684525127287901,4.0,2.0,1.0,1.0,1.0
4902.0,delete,0.11719131559423906,1660.0,6.0,0.8684525127287901,3.0,2.0,0.0,1.0,1.0
4903.0,swap,0.30230329150181523,1660.0,6.0,0.8684525127287901,3.0,3.0,0.0,1.0,1.0
4904.0,change,0.8696825154081719,1661.0,4.0,0.6132099838221221,4.0,0.0,0.0,1.0,1.0
4905.0,change,0.8696825154081719,1662.0,5.0,0.8696825154081719,4.0,0.0,0.0,1.0,1.0
4906.0,add,0.09333089922701124,1662.0,5.0,0.8696825154081719,4.0,0.0,1.0,1.0,1.0
4907.0,delete,0.08170900572249233,1662.0,5.0,0.8696825154081719,3.0,0.0,0.0,1.0,1.0
4908.0,swap,0.26659909213401567,1662.0,5.0,0.8696825154081719,3.0,1.0,0.0,1.0,1.0
4909.0,add,0.873597849947558,1663.0,6.0,0.873597849947558,4.0,2.0,0.0,0.0,2.0
4910.0,add,0.717382543786747,1663.0,6.0,0.873597849947558,4.0,2.0,1.0,0.0,2.0
4911.0,delete,0.3040764312848323,1663.0,6.0,0.873597849947558,3.0,2.0,0.0,0.0,2.0
4912.0,swap,0.7319831101844665,1663.0,6.0,0.873597849947558,4.0,2.0,1.0,0.0,1.0
4913.0,add,0.873597849947558,1664.0,3.0,0.6377481056101765,4.0,1.0,0.0,0.0,2.0
4914.0,add,0.873597849947558,1665.0,4.0,0.873597849947558,4.0,1.0,0.0,0.0,2.0
4915.0,add,0.873597849947558,1665.0,4.0,0.873597849947558,4.0,2.0,0.0,0.0,2.0
4916.0,delete,0.873597849947558,1665.0,4.0,0.873597849947558,4.0,1.0,0.0,0.0,1.0
4917.0,swap,0.020327861740232565,1665.0,4.0,0.873597849947558,3.0,2.0,0.0,0.0,2.0
4918.0,delete,0.873597849947558,1666.0,5.0,0.873597849947558,4.0,1.0,0.0,0.0,1.0
4919.0,add,0.24840311523860345,1666.0,5.0,0.873597849947558,4.0,1.0,1.0,0.0,1.0
4920.0,delete,0.11731916609425042,1666.0,5.0,0.873597849947558,3.0,1.0,0.0,0.0,1.0
4921.0,swap,0.873597849947558,1666.0,5.0,0.873597849947558,4.0,1.0,0.0,0.0,1.0
4922.0,add,0.8696825154081763,1667.0,5.0,0.8696825154081763,4.0,1.0,0.0,1.0,1.0
4923.0,add,0.8696825154081768,1667.0,5.0,0.8696825154081763,4.0,2.0,0.0,1.0,1.0
4924.0,delete,0.17178633317317307,1667.0,5.0,0.8696825154081763,3.0,1.0,0.0,1.0,1.0
4925.0,swap,0.6643112285485818,1667.0,5.0,0.8696825154081763,4.0,0.0,1.0,1.0,1.0
4926.0,change,0.8735978499475604,1668.0,4.0,0.6920386478793824,4.0,1.0,0.0,0.0,1.0
4927.0,change,0.873597849947558,1669.0,5.0,0.8735978499475604,4.0,1.0,0.0,0.0,1.0
4928.0,add,0.1764114913263857,1669.0,5.0,0.8735978499475604,4.0,1.0,1.0,0.0,1.0
4929.0,delete,0.17217235167481248,1669.0,5.0,0.8735978499475604,3.0,1.0,0.0,0.0,1.0
4930.0,swap,0.30407643128483275,1669.0,5.0,0.8735978499475604,3.0,1.0,0.0,0.0,2.0
4931.0,swap,0.8696825154081719,1670.0,7.0,0.8696825154081714,4.0,1.0,0.0,1.0,2.0
4932.0,add,0.8696825154081714,1670.0,7.0,0.8696825154081714,4.0,1.0,0.0,1.0,3.0
4933.0,delete,0.2665990921340152,1670.0,7.0,0.8696825154081714,3.0,1.0,0.0,1.0,2.0
4934.0,swap,0.858045746934308,1670.0,7.0,0.8696825154081714,4.0,1.0,0.0,2.0,1.0
4935.0,add,0.873597849947558,1671.0,5.0,0.723072684272058,4.0,1.0,0.0,0.0,3.0
4936.0,add,0.873597849947558,1672.0,6.0,0.873597849947558,4.0,1.0,0.0,0.0,3.0
4937.0,add,0.8684525127287878,1672.0,6.0,0.873597849947558,4.0,1.0,0.0,1.0,3.0
4938.0,delete,0.873597849947558,1672.0,6.0,0.873597849947558,4.0,0.0,0.0,0.0,3.0
4939.0,swap,0.49664907615530995,1672.0,6.0,0.873597849947558,4.0,1.0,1.0,0.0,2.0
4940.0,add,0.8696825154081719,1673.0,7.0,0.873597849947558,4.0,0.0,0.0,1.0,3.0
4941.0,delete,0.2677858814627575,1673.0,7.0,0.873597849947558,3.0,0.0,0.0,0.0,3.0
4942.0,swap,0.3040764312848323,1673.0,7.0,0.873597849947558,3.0,0.0,0.0,0.0,4.0
4943.0,add,0.873597849947558,1674.0,6.0,0.873597849947558,4.0,1.0,0.0,0.0,3.0
4944.0,add,0.873597849947558,1674.0,6.0,0.873597849947558,4.0,1.0,0.0,0.0,4.0
4945.0,delete,0.873597849947558,1674.0,6.0,0.873597849947558,4.0,0.0,0.0,0.0,3.0
4946.0,swap,0.3040764312848323,1674.0,6.0,0.873597849947558,3.0,1.0,0.0,1.0,3.0
4947.0,add,0.873597849947558,1675.0,5.0,0.7596935662150128,4.0,2.0,0.0,0.0,2.0
4948.0,add,0.873597849947558,1676.0,6.0,0.873597849947558,4.0,2.0,0.0,0.0,2.0
4949.0,add,0.8684525127287878,1676.0,6.0,0.873597849947558,4.0,2.0,0.0,1.0,2.0
4950.0,delete,0.3040764312848323,1676.0,6.0,0.873597849947558,3.0,2.0,0.0,0.0,2.0
4951.0,swap,0.873597849947558,1676.0,6.0,0.873597849947558,4.0,3.0,0.0,0.0,1.0
4952.0,add,0.7336234927669874,1677.0,5.0,0.5948722986984879,4.0,1.0,1.0,0.0,2.0
4953.0,add,0.5948722986984886,1677.0,5.0,0.5948722986984879,4.0,2.0,1.0,0.0,2.0
4954.0,delete,0.5948722986984879,1677.0,5.0,0.5948722986984879,4.0,1.0,1.0,0.0,1.0
4955.0,swap,0.20983725455551352,1677.0,5.0,0.5948722986984879,3.0,2.0,1.0,0.0,2.0
4956.0,add,0.873597849947558,1678.0,7.0,0.873597849947558,4.0,0.0,0.0,0.0,4.0
4957.0,delete,0.1721723516748124,1678.0,7.0,0.873597849947558,3.0,0.0,0.0,0.0,3.0
4958.0,swap,0.873597849947558,1678.0,7.0,0.873597849947558,4.0,0.0,0.0,0.0,3.0
4959.0,add,0.8696825154081719,1679.0,5.0,0.873597849947558,4.0,0.0,0.0,1.0,4.0
4960.0,delete,0.873597849947558,1679.0,5.0,0.873597849947558,4.0,0.0,0.0,0.0,3.0
4961.0,swap,0.2677858814627575,1679.0,5.0,0.873597849947558,3.0,1.0,0.0,0.0,4.0
4962.0,change,0.873597849947558,1680.0,6.0,0.8735978499475604,4.0,1.0,0.0,0.0,2.0
4963.0,add,0.8696825154081772,1680.0,6.0,0.8735978499475604,4.0,1.0,0.0,1.0,2.0
4964.0,delete,0.873597849947558,1680.0,6.0,0.8735978499475604,4.0,0.0,0.0,0.0,2.0
4965.0,swap,0.8072658093820905,1680.0,6.0,0.8735978499475604,4.0,0.0,1.0,0.0,2.0
4966.0,change,0.873597849947558,1681.0,5.0,0.8595483749265889,4.0,1.0,0.0,0.0,2.0
4967.0,change,0.873597849947558,1682.0,6.0,0.873597849947558,4.0,1.0,0.0,0.0,2.0
4968.0,add,0.8684525127287878,1682.0,6.0,0.873597849947558,4.0,1.0,0.0,1.0,2.0
4969.0,delete,0.873597849947558,1682.0,6.0,0.873597849947558,4.0,1.0,0.0,0.0,1.0
4970.0,swap,0.873597849947558,1682.0,6.0,0.873597849947558,4.0,1.0,0.0,0.0,2.0
4971.0,change,0.873597849947558,1683.0,7.0,0.873597849947558,4.0,1.0,0.0,0.0,2.0
4972.0,add,0.873597849947558,1683.0,7.0,0.873597849947558,4.0,2.0,0.0,0.0,2.0
4973.0,delete,0.11731916609425042,1683.0,7.0,0.873597849947558,3.0,1.0,0.0,0.0,2.0
4974.0,swap,0.2677858814627575,1683.0,7.0,0.873597849947558,3.0,2.0,0.0,0.0,2.0
4975.0,add,0.8684525127287878,1684.0,4.0,0.7211660241915113,4.0,0.0,0.0,1.0,3.0
4976.0,add,0.8684525127287878,1685.0,5.0,0.8684525127287878,4.0,0.0,0.0,1.0,3.0
4977.0,add,0.8684525127287878,1685.0,5.0,0.8684525127287878,4.0,0.0,0.0,1.0,4.0
4978.0,delete,0.8684525127287878,1685.0,5.0,0.8684525127287878,4.0,0.0,0.0,1.0,2.0
4979.0,swap,0.873597849947558,1685.0,5.0,0.8684525127287878,4.0,0.0,0.0,0.0,4.0
4980.0,add,0.07712711496813464,1686.0,6.0,0.873597849947558,4.0,0.0,1.0,0.0,4.0
4981.0,delete,0.11731916609425042,1686.0,6.0,0.873597849947558,3.0,0.0,0.0,0.0,4.0
4982.0,swap,0.045165632840001094,1686.0,6.0,0.873597849947558,3.0,0.0,0.0,1.0,4.0
4983.0,change,0.8696825154081719,1687.0,3.0,0.5990976784544385,4.0,0.0,0.0,1.0,1.0
4984.0,change,0.8696825154081719,1688.0,4.0,0.8696825154081719,4.0,0.0,0.0,1.0,1.0
4985.0,add,0.8696825154081719,1688.0,4.0,0.8696825154081719,4.0,0.0,0.0,1.0,2.0
4986.0,delete,0.873597849947558,1688.0,4.0,0.8696825154081719,4.0,0.0,0.0,0.0,1.0
4987.0,swap,0.8696825154081719,1688.0,4.0,0.8696825154081719,4.0,0.0,0.0,1.0,1.0
4988.0,add,0.873597849947558,1689.0,5.0,0.873597849947558,4.0,0.0,0.0,0.0,2.0
4989.0,delete,0.3040764312848323,1689.0,5.0,0.873597849947558,3.0,0.0,0.0,0.0,1.0
4990.0,swap,0.2677858814627581,1689.0,5.0,0.873597849947558,3.0,1.0,0.0,0.0,1.0
4991.0,change,0.8696825154081719,1690.0,3.0,0.676405882042122,4.0,0.0,0.0,1.0,1.0
4992.0,change,0.8696825154081719,1691.0,4.0,0.8696825154081719,4.0,0.0,0.0,1.0,1.0
4993.0,add,0.858045746934309,1691.0,4.0,0.8696825154081719,4.0,0.0,0.0,2.0,1.0
4994.0,delete,0.8696825154081719,1691.0,4.0,0.8696825154081719,4.0,0.0,0.0,1.0,0.0
4995.0,swap,0.873597849947558,1691.0,4.0,0.8696825154081719,4.0,0.0,0.0,0.0,2.0
4996.0,add,0.8684525127287878,1692.0,5.0,0.873597849947558,4.0,0.0,0.0,1.0,2.0
4997.0,delete,0.873597849947558,1692.0,5.0,0.873597849947558,4.0,0.0,0.0,0.0,1.0
4998.0,swap,0.26835266439930516,1692.0,5.0,0.873597849947558,4.0,0.0,1.0,0.0,1.0
4999.0,delete,0.8696825154081719,1693.0,5.0,0.8696825154081719,4.0,0.0,0.0,1.0,0.0
5000.0,add,0.8696825154081719,1693.0,5.0,0.8696825154081719,4.0,0.0,0.0,1.0,1.0
5001.0,delete,0.873597849947558,1693.0,5.0,0.8696825154081719,4.0,0.0,0.0,0.0,0.0
5002.0,swap,0.873597849947558,1693.0,5.0,0.8696825154081719,4.0,0.0,0.0,0.0,1.0
5003.0,delete,0.3040764312848323,1694.0,4.0,0.8712486492239263,3.0,0.0,0.0,1.0,1.0
5004.0,delete,0.3040764312848323,1695.0,1.0,0.13056789847376282,3.0,0.0,0.0,0.0,0.0
5005.0,change,0.8696825154081719,1696.0,5.0,0.8696825154081719,4.0,0.0,0.0,1.0,1.0
5006.0,add,0.8696825154081719,1696.0,5.0,0.8696825154081719,4.0,0.0,0.0,1.0,2.0
5007.0,delete,0.26659909213401567,1696.0,5.0,0.8696825154081719,3.0,0.0,0.0,1.0,1.0
5008.0,swap,0.8684525127287878,1696.0,5.0,0.8696825154081719,4.0,0.0,0.0,1.0,1.0
5009.0,add,0.8645604557060138,1697.0,4.0,0.8645604557060138,4.0,0.0,0.0,2.0,1.0
5010.0,add,0.12967607909953172,1697.0,4.0,0.8645604557060138,4.0,0.0,1.0,2.0,1.0
5011.0,delete,0.8684525127287878,1697.0,4.0,0.8645604557060138,4.0,0.0,0.0,1.0,1.0
5012.0,swap,0.06189289835676907,1697.0,4.0,0.8645604557060138,3.0,0.0,1.0,2.0,1.0
5013.0,add,0.858045746934309,1698.0,5.0,0.858045746934309,4.0,0.0,0.0,2.0,1.0
5014.0,add,0.858045746934309,1698.0,5.0,0.858045746934309,4.0,0.0,0.0,2.0,2.0
5015.0,delete,0.8696825154081719,1698.0,5.0,0.858045746934309,4.0,0.0,0.0,1.0,1.0
5016.0,swap,0.2572999315291496,1698.0,5.0,0.858045746934309,3.0,0.0,0.0,3.0,1.0
5017.0,add,0.07390504370137561,1699.0,6.0,0.873597849947558,4.0,0.0,1.0,0.0,0.0
5018.0,delete,0.2677858814627575,1699.0,6.0,0.873597849947558,3.0,0.0,0.0,0.0,0.0
5019.0,swap,0.3040764312848323,1699.0,6.0,0.873597849947558,3.0,0.0,0.0,1.0,0.0
5020.0,change,0.873597849947558,1700.0,4.0,0.6933793962140063,4.0,1.0,0.0,0.0,2.0
5021.0,change,0.873597849947558,1701.0,5.0,0.873597849947558,4.0,1.0,0.0,0.0,2.0
5022.0,add,0.873597849947558,1701.0,5.0,0.873597849947558,4.0,2.0,0.0,0.0,2.0
5023.0,delete,0.873597849947558,1701.0,5.0,0.873597849947558,4.0,1.0,0.0,0.0,1.0
5024.0,swap,0.2942212940197624,1701.0,5.0,0.873597849947558,4.0,0.0,1.0,0.0,2.0
5025.0,delete,0.873597849947558,1702.0,6.0,0.873597849947558,4.0,1.0,0.0,0.0,1.0
5026.0,add,0.8684525127287906,1702.0,6.0,0.873597849947558,4.0,1.0,0.0,1.0,1.0
5027.0,delete,0.30407643128483275,1702.0,6.0,0.873597849947558,3.0,1.0,0.0,0.0,1.0
5028.0,swap,0.10198841989368758,1702.0,6.0,0.873597849947558,3.0,1.0,1.0,0.0,1.0
5029.0,add,0.873597849947558,1703.0,4.0,0.5771656945161533,4.0,1.0,0.0,0.0,1.0
5030.0,add,0.873597849947558,1704.0,5.0,0.873597849947558,4.0,1.0,0.0,0.0,1.0
5031.0,add,0.873597849947558,1704.0,5.0,0.873597849947558,4.0,1.0,0.0,0.0,2.0
5032.0,delete,0.11731916609425042,1704.0,5.0,0.873597849947558,3.0,1.0,0.0,0.0,1.0
5033.0,swap,0.17372966613226112,1704.0,5.0,0.873597849947558,3.0,1.0,1.0,0.0,1.0
5034.0,add,0.8696825154081719,1705.0,5.0,0.8696825154081719,4.0,0.0,0.0,1.0,2.0
5035.0,add,0.858045746934309,1705.0,5.0,0.8696825154081719,4.0,0.0,0.0,2.0,2.0
5036.0,delete,0.11682971704228412,1705.0,5.0,0.8696825154081719,3.0,0.0,0.0,1.0,2.0
5037.0,swap,0.8684525127287878,1705.0,5.0,0.8696825154081719,4.0,0.0,0.0,1.0,2.0
5038.0,change,0.873597849947558,1706.0,5.0,0.7709204667574348,4.0,1.0,0.0,0.0,2.0
5039.0,change,0.873597849947558,1707.0,6.0,0.873597849947558,4.0,1.0,0.0,0.0,2.0
5040.0,add,0.873597849947558,1707.0,6.0,0.873597849947558,4.0,2.0,0.0,0.0,2.0
5041.0,delete,0.11731916609425053,1707.0,6.0,0.873597849947558,3.0,1.0,0.0,0.0,2.0
5042.0,swap,0.873597849947558,1707.0,6.0,0.873597849947558,4.0,2.0,0.0,0.0,1.0
5043.0,add,0.23609121821406276,1708.0,4.0,0.18186187449761815,4.0,0.0,1.0,0.0,2.0
5044.0,add,0.18186187449761815,1708.0,4.0,0.18186187449761815,4.0,0.0,1.0,0.0,3.0
5045.0,delete,0.024808432113750944,1708.0,4.0,0.18186187449761815,3.0,0.0,1.0,0.0,2.0
5046.0,swap,0.02419508199693718,1708.0,4.0,0.18186187449761815,4.0,0.0,2.0,0.0,1.0
5047.0,add,0.873597849947558,1709.0,5.0,0.873597849947558,4.0,1.0,0.0,0.0,1.0
5048.0,delete,0.1721723516748124,1709.0,5.0,0.873597849947558,3.0,0.0,0.0,0.0,1.0
5049.0,swap,0.11731916609425042,1709.0,5.0,0.873597849947558,3.0,0.0,0.0,0.0,2.0
5050.0,add,0.873597849947558,1710.0,5.0,0.873597849947558,4.0,1.0,0.0,0.0,2.0
5051.0,add,0.8684525127287878,1710.0,5.0,0.873597849947558,4.0,1.0,0.0,1.0,2.0
5052.0,delete,0.30407643128483275,1710.0,5.0,0.873597849947558,3.0,1.0,0.0,0.0,2.0
5053.0,swap,0.873597849947558,1710.0,5.0,0.873597849947558,4.0,2.0,0.0,0.0,1.0
5054.0,add,0.873597849947558,1711.0,4.0,0.7586644987712589,4.0,1.0,0.0,0.0,2.0
5055.0,add,0.873597849947558,1712.0,5.0,0.873597849947558,4.0,1.0,0.0,0.0,2.0
5056.0,add,0.5935811039455943,1712.0,5.0,0.873597849947558,4.0,1.0,1.0,0.0,2.0
5057.0,delete,0.873597849947558,1712.0,5.0,0.873597849947558,4.0,1.0,0.0,0.0,1.0
5058.0,swap,0.8640240594424,1712.0,5.0,0.873597849947558,4.0,1.0,1.0,0.0,1.0
5059.0,add,0.8696825154081719,1713.0,4.0,0.8696825154081719,4.0,0.0,0.0,1.0,2.0
5060.0,add,0.8684336761041985,1713.0,4.0,0.8696825154081719,4.0,0.0,0.0,1.0,3.0
5061.0,delete,0.30276636134333024,1713.0,4.0,0.8696825154081719,3.0,0.0,0.0,1.0,2.0
5062.0,swap,0.11719131559423906,1713.0,4.0,0.8696825154081719,3.0,1.0,0.0,1.0,2.0
5063.0,delete,0.873597849947558,1714.0,6.0,0.873597849947558,4.0,1.0,0.0,0.0,1.0
5064.0,add,0.8735978499475604,1714.0,6.0,0.873597849947558,4.0,2.0,0.0,0.0,1.0
5065.0,delete,0.2677858814627581,1714.0,6.0,0.873597849947558,3.0,1.0,0.0,0.0,1.0
5066.0,swap,0.6638859496939271,1714.0,6.0,0.873597849947558,4.0,1.0,1.0,0.0,0.0
5067.0,change,0.8735978499475604,1715.0,5.0,0.873597849947558,4.0,1.0,0.0,0.0,1.0
5068.0,add,0.15428347906181603,1715.0,5.0,0.873597849947558,4.0,1.0,1.0,0.0,1.0
5069.0,delete,0.2677858814627575,1715.0,5.0,0.873597849947558,3.0,1.0,0.0,0.0,1.0
5070.0,swap,0.2665990921340152,1715.0,5.0,0.873597849947558,3.0,1.0,0.0,1.0,1.0
5071.0,delete,0.30407643128483247,1716.0,4.0,0.7275205763750497,3.0,3.0,0.0,0.0,0.0
5072.0,add,0.31709329705215966,1717.0,4.0,0.6290241355048998,4.0,1.0,1.0,0.0,1.0
5073.0,change,0.8645604557060138,1718.0,5.0,0.7315397183756707,4.0,0.0,0.0,2.0,2.0
5074.0,change,0.8645604557060138,1719.0,6.0,0.8645604557060138,4.0,0.0,0.0,2.0,2.0
5075.0,add,0.8622892529412014,1719.0,6.0,0.8645604557060138,4.0,0.0,0.0,2.0,3.0
5076.0,delete,0.26659909213401567,1719.0,6.0,0.8645604557060138,3.0,0.0,0.0,2.0,2.0
5077.0,swap,0.8645604557060148,1719.0,6.0,0.8645604557060138,4.0,0.0,0.0,2.0,2.0
5078.0,change,0.8684525127287878,1720.0,5.0,0.8684525127287878,4.0,0.0,0.0,1.0,2.0
5079.0,add,0.8532479788325797,1720.0,5.0,0.8684525127287878,4.0,0.0,0.0,2.0,2.0
5080.0,delete,0.17117968659641367,1720.0,5.0,0.8684525127287878,3.0,0.0,0.0,1.0,2.0
5081.0,swap,0.13246128954461536,1720.0,5.0,0.8684525127287878,4.0,0.0,1.0,1.0,1.0
5082.0,add,0.8696825154081729,1721.0,5.0,0.8696825154081753,4.0,1.0,0.0,1.0,0.0
5083.0,add,0.865785566124312,1721.0,5.0,0.8696825154081753,4.0,1.0,0.0,2.0,0.0
5084.0,delete,0.2665990921340155,1721.0,5.0,0.8696825154081753,3.0,1.0,0.0,1.0,0.0
5085.0,swap,0.8696825154081719,1721.0,5.0,0.8696825154081753,4.0,0.0,0.0,1.0,1.0
5086.0,add,0.8215365465739553,1722.0,5.0,0.8215365465739548,4.0,1.0,1.0,1.0,0.0
5087.0,add,0.8215365465739561,1722.0,5.0,0.8215365465739548,4.0,2.0,1.0,1.0,0.0
5088.0,delete,0.8215365465739553,1722.0,5.0,0.8215365465739548,4.0,0.0,1.0,1.0,0.0
5089.0,swap,0.8645604557060114,1722.0,5.0,0.8215365465739548,4.0,1.0,0.0,2.0,0.0
5090.0,add,0.8696825154081739,1723.0,4.0,0.8301413284003665,4.0,2.0,0.0,1.0,0.0
5091.0,add,0.8696825154081739,1724.0,5.0,0.8696825154081739,4.0,2.0,0.0,1.0,0.0
5092.0,add,0.8696825154081743,1724.0,5.0,0.8696825154081739,4.0,3.0,0.0,1.0,0.0
5093.0,delete,0.30276636134333057,1724.0,5.0,0.8696825154081739,3.0,2.0,0.0,1.0,0.0
5094.0,swap,0.30276636134333057,1724.0,5.0,0.8696825154081739,3.0,2.0,0.0,1.0,1.0
5095.0,change,0.8696825154081753,1725.0,3.0,0.6820158165830706,4.0,1.0,0.0,1.0,0.0
5096.0,change,0.8696825154081739,1726.0,4.0,0.8696825154081753,4.0,1.0,0.0,1.0,0.0
5097.0,add,0.10690712490897018,1726.0,4.0,0.8696825154081753,4.0,1.0,1.0,1.0,0.0
5098.0,delete,0.26659909213401606,1726.0,4.0,0.8696825154081753,3.0,1.0,0.0,1.0,0.0
5099.0,swap,0.11758792337781976,1726.0,4.0,0.8696825154081753,4.0,0.0,1.0,1.0,0.0
5100.0,add,0.873597849947558,1727.0,5.0,0.7410780714436824,4.0,0.0,0.0,0.0,5.0
5101.0,add,0.8696825154081719,1728.0,6.0,0.873597849947558,4.0,0.0,0.0,1.0,5.0
5102.0,delete,0.873597849947558,1728.0,6.0,0.873597849947558,4.0,0.0,0.0,0.0,4.0
5103.0,swap,0.8684525127287878,1728.0,6.0,0.873597849947558,4.0,0.0,0.0,1.0,4.0
5104.0,add,0.873597849947558,1729.0,7.0,0.873597849947558,4.0,1.0,0.0,0.0,4.0
5105.0,delete,0.11731916609425042,1729.0,7.0,0.873597849947558,3.0,0.0,0.0,0.0,4.0
5106.0,swap,0.08597457175616141,1729.0,7.0,0.873597849947558,3.0,0.0,0.0,0.0,5.0
5107.0,change,0.873597849947558,1730.0,3.0,0.6006079290424049,4.0,1.0,0.0,0.0,1.0
5108.0,change,0.873597849947558,1731.0,4.0,0.873597849947558,4.0,1.0,0.0,0.0,1.0
5109.0,add,0.8696825154081772,1731.0,4.0,0.873597849947558,4.0,1.0,0.0,1.0,1.0
5110.0,delete,0.873597849947558,1731.0,4.0,0.873597849947558,4.0,0.0,0.0,0.0,1.0
5111.0,swap,0.11787213736396315,1731.0,4.0,0.873597849947558,3.0,1.0,1.0,0.0,1.0
5112.0,add,0.873597849947558,1732.0,5.0,0.873597849947558,4.0,0.0,0.0,0.0,2.0
5113.0,delete,0.3040764312848323,1732.0,5.0,0.873597849947558,3.0,0.0,0.0,0.0,1.0
5114.0,swap,0.2741452439627443,1732.0,5.0,0.873597849947558,3.0,0.0,1.0,0.0,1.0
5115.0,change,0.873597849947558,1733.0,4.0,0.6892557766780255,4.0,1.0,0.0,0.0,2.0
5116.0,change,0.873597849947558,1734.0,3.0,0.47117391946906373,4.0,1.0,0.0,0.0,1.0
5117.0,add,0.873597849947558,1735.0,2.0,0.6238427888867097,4.0,0.0,0.0,0.0,2.0
5118.0,add,0.873597849947558,1736.0,3.0,0.873597849947558,4.0,0.0,0.0,0.0,3.0
5119.0,delete,0.2677858814627575,1736.0,3.0,0.873597849947558,3.0,0.0,0.0,0.0,2.0
5120.0,swap,0.03517953537835353,1736.0,3.0,0.873597849947558,3.0,0.0,1.0,0.0,2.0
5121.0,add,0.8684525127287878,1737.0,6.0,0.8684525127287878,4.0,1.0,0.0,1.0,2.0
5122.0,add,0.8645604557060095,1737.0,6.0,0.8684525127287878,4.0,1.0,0.0,2.0,2.0
5123.0,delete,0.8684525127287878,1737.0,6.0,0.8684525127287878,4.0,1.0,0.0,1.0,1.0
5124.0,swap,0.3011123892063147,1737.0,6.0,0.8684525127287878,3.0,2.0,0.0,1.0,2.0
5125.0,add,0.8684525127287878,1738.0,6.0,0.8684525127287878,4.0,1.0,0.0,1.0,1.0
5126.0,add,0.8532479788325792,1738.0,6.0,0.8684525127287878,4.0,1.0,0.0,2.0,1.0
5127.0,delete,0.30051254924468174,1738.0,6.0,0.8684525127287878,3.0,1.0,0.0,1.0,1.0
5128.0,swap,0.8244651496728475,1738.0,6.0,0.8684525127287878,4.0,1.0,1.0,1.0,0.0
5129.0,add,0.8633374806385117,1739.0,5.0,0.7542060766197375,4.0,1.0,0.0,2.0,1.0
5130.0,add,0.8633374806385117,1740.0,6.0,0.8633374806385117,4.0,1.0,0.0,2.0,1.0
5131.0,add,0.8594685627545058,1740.0,6.0,0.8633374806385117,4.0,1.0,0.0,3.0,1.0
5132.0,delete,0.30054049130571375,1740.0,6.0,0.8633374806385117,3.0,1.0,0.0,2.0,1.0
5133.0,swap,0.8684525127287896,1740.0,6.0,0.8633374806385117,4.0,1.0,0.0,1.0,2.0
5134.0,delete,0.8684525127287896,1741.0,7.0,0.8684525127287878,4.0,1.0,0.0,1.0,1.0
5135.0,add,0.8684525127287896,1741.0,7.0,0.8684525127287878,4.0,2.0,0.0,1.0,1.0
5136.0,delete,0.30230329150181545,1741.0,7.0,0.8684525127287878,3.0,1.0,0.0,1.0,1.0
5137.0,swap,0.0160212494654329,1741.0,7.0,0.8684525127287878,3.0,2.0,0.0,1.0,1.0
5138.0,change,0.873597849947558,1742.0,4.0,0.6382938146523044,4.0,1.0,0.0,0.0,1.0
5139.0,change,0.873597849947558,1743.0,5.0,0.873597849947558,4.0,1.0,0.0,0.0,1.0
5140.0,add,0.873597849947558,1743.0,5.0,0.873597849947558,4.0,1.0,0.0,0.0,2.0
5141.0,delete,0.30407643128483264,1743.0,5.0,0.873597849947558,3.0,1.0,0.0,0.0,1.0
5142.0,swap,0.8684525127287878,1743.0,5.0,0.873597849947558,4.0,0.0,0.0,1.0,1.0
5143.0,swap,0.8684525127287878,1744.0,6.0,0.8684525127287878,4.0,0.0,0.0,1.0,1.0
5144.0,add,0.8645604557060148,1744.0,6.0,0.8684525127287878,4.0,0.0,0.0,2.0,1.0
5145.0,delete,0.873597849947558,1744.0,6.0,0.8684525127287878,4.0,0.0,0.0,0.0,1.0
5146.0,swap,0.8684525127287878,1744.0,6.0,0.8684525127287878,4.0,0.0,0.0,1.0,1.0
5147.0,change,0.873597849947558,1745.0,4.0,0.7471324927306402,4.0,1.0,0.0,0.0,1.0
5148.0,change,0.873597849947558,1746.0,5.0,0.873597849947558,4.0,1.0,0.0,0.0,1.0
5149.0,add,0.873597849947558,1746.0,5.0,0.873597849947558,4.0,1.0,0.0,0.0,2.0
5150.0,delete,0.873597849947558,1746.0,5.0,0.873597849947558,4.0,1.0,0.0,0.0,0.0
5151.0,swap,0.08252239200648363,1746.0,5.0,0.873597849947558,3.0,1.0,1.0,0.0,1.0
5152.0,change,0.8696825154081719,1747.0,3.0,0.5876050485170108,4.0,0.0,0.0,1.0,1.0
5153.0,change,0.8696825154081719,1748.0,4.0,0.8696825154081719,4.0,0.0,0.0,1.0,1.0
5154.0,add,0.8696825154081719,1748.0,4.0,0.8696825154081719,4.0,0.0,0.0,1.0,2.0
5155.0,delete,0.873597849947558,1748.0,4.0,0.8696825154081719,4.0,0.0,0.0,0.0,1.0
5156.0,swap,0.08299364075489513,1748.0,4.0,0.8696825154081719,3.0,0.0,1.0,1.0,1.0
5157.0,add,0.873597849947558,1749.0,5.0,0.873597849947558,4.0,1.0,0.0,0.0,1.0
5158.0,delete,0.11731916609425042,1749.0,5.0,0.873597849947558,3.0,0.0,0.0,0.0,1.0
5159.0,swap,0.3040764312848323,1749.0,5.0,0.873597849947558,3.0,0.0,0.0,1.0,1.0
5160.0,swap,0.30407643128483275,1750.0,5.0,0.8687031687679871,3.0,1.0,0.0,0.0,2.0
5161.0,add,0.08554697425553086,1751.0,7.0,0.873597849947558,4.0,0.0,1.0,0.0,1.0
5162.0,delete,0.3040764312848323,1751.0,7.0,0.873597849947558,3.0,0.0,0.0,0.0,1.0
5163.0,swap,0.11682971704228412,1751.0,7.0,0.873597849947558,3.0,0.0,0.0,1.0,1.0
5164.0,delete,0.873597849947558,1752.0,6.0,0.873597849947558,4.0,1.0,0.0,0.0,1.0
5165.0,add,0.873597849947558,1752.0,6.0,0.873597849947558,4.0,2.0,0.0,0.0,1.0
5166.0,delete,0.873597849947558,1752.0,6.0,0.873597849947558,4.0,0.0,0.0,0.0,1.0
5167.0,swap,0.2677858814627581,1752.0,6.0,0.873597849947558,3.0,2.0,0.0,0.0,1.0
5168.0,delete,0.30407643128483247,1753.0,5.0,0.752435456250598,3.0,1.0,0.0,0.0,2.0
5169.0,add,0.873597849947558,1754.0,4.0,0.873597849947558,4.0,1.0,0.0,0.0,1.0
5170.0,add,0.873597849947558,1754.0,4.0,0.873597849947558,4.0,2.0,0.0,0.0,1.0
5171.0,delete,0.3040764312848323,1754.0,4.0,0.873597849947558,3.0,1.0,0.0,0.0,1.0
5172.0,swap,0.08350644236781658,1754.0,4.0,0.873597849947558,3.0,2.0,0.0,0.0,1.0
5173.0,swap,0.8684525127287878,1755.0,6.0,0.8684525127287878,4.0,0.0,0.0,1.0,1.0
5174.0,add,0.866164230387068,1755.0,6.0,0.8684525127287878,4.0,0.0,0.0,1.0,2.0
5175.0,delete,0.2662086698628963,1755.0,6.0,0.8684525127287878,3.0,0.0,0.0,1.0,1.0
5176.0,swap,0.3023032915018151,1755.0,6.0,0.8684525127287878,3.0,0.0,0.0,2.0,1.0
5177.0,add,0.8608272787482397,1756.0,1.0,0.626973007474315,4.0,0.0,1.0,0.0,0.0
5178.0,add,0.8633137528460538,1757.0,2.0,0.8608272787482397,4.0,0.0,1.0,0.0,0.0
5179.0,add,0.8608272787482397,1757.0,2.0,0.8608272787482397,4.0,0.0,1.0,0.0,1.0
5180.0,delete,0.29980206831575223,1757.0,2.0,0.8608272787482397,3.0,0.0,1.0,0.0,0.0
5181.0,swap,0.37591923216001066,1757.0,2.0,0.8608272787482397,3.0,0.0,1.0,1.0,0.0
5182.0,swap,0.3040764312848323,1758.0,6.0,0.7586644987712589,3.0,1.0,0.0,1.0,3.0
5183.0,add,0.7903229299923775,1759.0,5.0,0.7746511637319807,4.0,0.0,1.0,0.0,2.0
5184.0,add,0.43937059274481644,1759.0,5.0,0.7746511637319807,4.0,0.0,2.0,0.0,2.0
5185.0,delete,0.10488606835548177,1759.0,5.0,0.7746511637319807,3.0,0.0,1.0,0.0,2.0
5186.0,swap,0.7700937748986987,1759.0,5.0,0.7746511637319807,4.0,0.0,1.0,1.0,1.0
5187.0,add,0.873597849947558,1760.0,4.0,0.6446512506158293,4.0,2.0,0.0,0.0,1.0
5188.0,add,0.873597849947558,1761.0,5.0,0.873597849947558,4.0,2.0,0.0,0.0,1.0
5189.0,add,0.17121027612726536,1761.0,5.0,0.873597849947558,4.0,2.0,1.0,0.0,1.0
5190.0,delete,0.873597849947558,1761.0,5.0,0.873597849947558,4.0,2.0,0.0,0.0,0.0
5191.0,swap,0.24046202895016316,1761.0,5.0,0.873597849947558,4.0,1.0,1.0,0.0,1.0
5192.0,change,0.873597849947558,1762.0,4.0,0.873597849947558,4.0,1.0,0.0,0.0,1.0
5193.0,add,0.8684525127287892,1762.0,4.0,0.873597849947558,4.0,1.0,0.0,1.0,1.0
5194.0,delete,0.2677858814627575,1762.0,4.0,0.873597849947558,3.0,1.0,0.0,0.0,1.0
5195.0,swap,0.3040764312848323,1762.0,4.0,0.873597849947558,3.0,2.0,0.0,0.0,1.0
5196.0,change,0.8645604557060138,1763.0,4.0,0.7060792600645887,4.0,0.0,0.0,2.0,1.0
5197.0,change,0.8645604557060138,1764.0,5.0,0.8645604557060138,4.0,0.0,0.0,2.0,1.0
5198.0,add,0.8607181892235287,1764.0,5.0,0.8645604557060138,4.0,0.0,1.0,2.0,1.0
5199.0,delete,0.8696825154081719,1764.0,5.0,0.8645604557060138,4.0,0.0,0.0,1.0,1.0
5200.0,swap,0.30100095559490514,1764.0,5.0,0.8645604557060138,3.0,1.0,0.0,2.0,1.0
5201.0,delete,0.8696825154081719,1765.0,6.0,0.8696825154081719,4.0,0.0,0.0,1.0,1.0
5202.0,add,0.8696825154081719,1765.0,6.0,0.8696825154081719,4.0,0.0,0.0,1.0,2.0
5203.0,delete,0.8696825154081719,1765.0,6.0,0.8696825154081719,4.0,0.0,0.0,1.0,0.0
5204.0,swap,0.8657855661243155,1765.0,6.0,0.8696825154081719,4.0,0.0,0.0,2.0,0.0
5205.0,add,0.8732191902583285,1766.0,3.0,0.8633137528460538,4.0,0.0,1.0,0.0,0.0
5206.0,add,0.8594466977428705,1766.0,3.0,0.8633137528460538,4.0,0.0,1.0,1.0,0.0
5207.0,delete,0.26466850882441156,1766.0,3.0,0.8633137528460538,3.0,0.0,1.0,0.0,0.0
5208.0,swap,0.26466850882441156,1766.0,3.0,0.8633137528460538,3.0,0.0,1.0,0.0,1.0
5209.0,change,0.8645604557060138,1767.0,4.0,0.7689822845936007,4.0,0.0,0.0,2.0,1.0
5210.0,change,0.8645604557060138,1768.0,5.0,0.8645604557060138,4.0,0.0,0.0,2.0,1.0
5211.0,add,0.8645604557060138,1768.0,5.0,0.8645604557060138,4.0,0.0,0.0,2.0,2.0
5212.0,delete,0.8684525127287878,1768.0,5.0,0.8645604557060138,4.0,0.0,0.0,1.0,1.0
5213.0,swap,0.2971281572966617,1768.0,5.0,0.8645604557060138,3.0,0.0,0.0,3.0,1.0
5214.0,change,0.8720618241589998,1769.0,2.0,0.6250633316992151,4.0,0.0,1.0,0.0,0.0
5215.0,change,0.838245601863755,1770.0,3.0,0.8720618241589998,4.0,0.0,1.0,0.0,0.0
5216.0,add,0.8720618241590004,1770.0,3.0,0.8720618241589998,4.0,1.0,1.0,0.0,0.0
5217.0,delete,0.30356252039660525,1770.0,3.0,0.8720618241589998,3.0,0.0,1.0,0.0,0.0
5218.0,swap,0.26574585568927633,1770.0,3.0,0.8720618241589998,3.0,0.0,1.0,1.0,0.0
5219.0,delete,0.26659909213401567,1771.0,5.0,0.8689031255514006,3.0,0.0,0.0,2.0,1.0
5220.0,add,0.866164230387068,1772.0,3.0,0.6789284493806151,4.0,0.0,0.0,1.0,2.0
5221.0,add,0.866164230387068,1773.0,4.0,0.866164230387068,4.0,0.0,0.0,1.0,2.0
5222.0,add,0.8661642303870724,1773.0,4.0,0.866164230387068,4.0,1.0,0.0,1.0,2.0
5223.0,delete,0.8684525127287878,1773.0,4.0,0.866164230387068,4.0,0.0,0.0,1.0,1.0
5224.0,swap,0.30159725387890496,1773.0,4.0,0.866164230387068,3.0,0.0,0.0,2.0,2.0
5225.0,add,0.8699675681603548,1774.0,3.0,0.8608272787482397,4.0,0.0,1.0,0.0,1.0
5226.0,add,0.8608272787482397,1774.0,3.0,0.8608272787482397,4.0,0.0,1.0,0.0,2.0
5227.0,delete,0.873597849947558,1774.0,3.0,0.8608272787482397,4.0,0.0,0.0,0.0,1.0
5228.0,swap,0.25038968345359636,1774.0,3.0,0.8608272787482397,4.0,0.0,2.0,0.0,0.0
5229.0,add,0.8608272787482397,1775.0,2.0,0.7431219318115977,4.0,0.0,1.0,0.0,1.0
5230.0,add,0.8560829787326856,1776.0,3.0,0.8608272787482397,4.0,0.0,1.0,0.0,1.0
5231.0,add,0.31151151602723226,1776.0,3.0,0.8608272787482397,4.0,0.0,2.0,0.0,1.0
5232.0,delete,0.11690124860323296,1776.0,3.0,0.8608272787482397,3.0,0.0,1.0,0.0,1.0
5233.0,swap,0.11641340221043589,1776.0,3.0,0.8608272787482397,3.0,0.0,1.0,1.0,1.0
5234.0,delete,0.8684525127287878,1777.0,5.0,0.8684525127287878,4.0,0.0,0.0,1.0,1.0
5235.0,add,0.8684525127287901,1777.0,5.0,0.8684525127287878,4.0,1.0,0.0,1.0,1.0
5236.0,delete,0.8684525127287878,1777.0,5.0,0.8684525127287878,4.0,0.0,0.0,1.0,0.0
5237.0,swap,0.30230329150181523,1777.0,5.0,0.8684525127287878,3.0,0.0,0.0,2.0,1.0
5238.0,add,0.866164230387068,1778.0,5.0,0.866164230387068,4.0,0.0,0.0,1.0,2.0
5239.0,add,0.866164230387067,1778.0,5.0,0.866164230387068,4.0,1.0,0.0,1.0,2.0
5240.0,delete,0.866164230387068,1778.0,5.0,0.866164230387068,4.0,0.0,0.0,1.0,1.0
5241.0,swap,0.30230329150181523,1778.0,5.0,0.866164230387068,3.0,0.0,0.0,1.0,3.0
5242.0,delete,0.30230329150181523,1779.0,4.0,0.7552226684833937,3.0,0.0,0.0,1.0,2.0
5243.0,add,0.8696825154081719,1780.0,7.0,0.8696825154081719,4.0,0.0,0.0,1.0,2.0
5244.0,add,0.858045746934309,1780.0,7.0,0.8696825154081719,4.0,0.0,0.0,2.0,2.0
5245.0,delete,0.8696825154081719,1780.0,7.0,0.8696825154081719,4.0,0.0,0.0,1.0,1.0
5246.0,swap,0.17122889496428914,1780.0,7.0,0.8696825154081719,3.0,0.0,1.0,1.0,2.0
5247.0,add,0.862289252941201,1781.0,5.0,0.862289252941201,4.0,0.0,0.0,2.0,2.0
5248.0,add,0.8622892529412005,1781.0,5.0,0.862289252941201,4.0,1.0,0.0,2.0,2.0
5249.0,delete,0.8645604557060138,1781.0,5.0,0.862289252941201,4.0,0.0,0.0,2.0,1.0
5250.0,swap,0.2635389405360296,1781.0,5.0,0.862289252941201,3.0,0.0,0.0,2.0,3.0
5251.0,change,0.8645604557060138,1782.0,6.0,0.8645604557060138,4.0,0.0,0.0,2.0,1.0
5252.0,add,0.8606866739320944,1782.0,6.0,0.8645604557060138,4.0,0.0,0.0,3.0,1.0
5253.0,delete,0.8645604557060138,1782.0,6.0,0.8645604557060138,4.0,0.0,0.0,2.0,0.0
5254.0,swap,0.18449503023873093,1782.0,6.0,0.8645604557060138,3.0,0.0,1.0,2.0,1.0
5255.0,delete,0.8696825154081719,1783.0,7.0,0.8696825154081719,4.0,0.0,0.0,1.0,0.0
5256.0,add,0.8696825154081753,1783.0,7.0,0.8696825154081719,4.0,1.0,0.0,1.0,0.0
5257.0,delete,0.26659909213401567,1783.0,7.0,0.8696825154081719,3.0,0.0,0.0,1.0,0.0
5258.0,swap,0.26659909213401567,1783.0,7.0,0.8696825154081719,3.0,0.0,0.0,1.0,1.0
5259.0,delete,0.8684525127287878,1784.0,6.0,0.8684525127287878,4.0,0.0,0.0,1.0,1.0
5260.0,add,0.8684525127287878,1784.0,6.0,0.8684525127287878,4.0,1.0,0.0,1.0,1.0
5261.0,delete,0.11663505098597605,1784.0,6.0,0.8684525127287878,3.0,0.0,0.0,1.0,1.0
5262.0,swap,0.30230329150181523,1784.0,6.0,0.8684525127287878,3.0,0.0,0.0,2.0,1.0
5263.0,add,0.17544881053854186,1785.0,4.0,0.7429934310131292,4.0,0.0,1.0,2.0,1.0
5264.0,add,0.873597849947558,1786.0,5.0,0.873597849947558,4.0,0.0,0.0,0.0,3.0
5265.0,delete,0.1721723516748124,1786.0,5.0,0.873597849947558,3.0,0.0,0.0,0.0,2.0
5266.0,swap,0.11731916609425042,1786.0,5.0,0.873597849947558,3.0,1.0,0.0,0.0,2.0
5267.0,swap,0.11229364019227296,1787.0,7.0,0.8735978499475581,3.0,2.0,0.0,0.0,4.0
5268.0,change,0.8684525127287892,1788.0,4.0,0.8674697408370552,4.0,1.0,0.0,1.0,1.0
5269.0,delete,0.873597849947558,1789.0,6.0,0.873597849947558,4.0,1.0,0.0,0.0,1.0
5270.0,add,0.8685448412660736,1789.0,6.0,0.873597849947558,4.0,1.0,1.0,0.0,1.0
5271.0,delete,0.3040764312848323,1789.0,6.0,0.873597849947558,3.0,1.0,0.0,0.0,1.0
5272.0,swap,0.319117306553462,1789.0,6.0,0.873597849947558,3.0,1.0,1.0,0.0,1.0
5273.0,add,0.8684525127287896,1790.0,6.0,0.8684525127287896,4.0,1.0,0.0,1.0,1.0
5274.0,add,0.8661642303870724,1790.0,6.0,0.8684525127287896,4.0,1.0,0.0,1.0,2.0
5275.0,delete,0.873597849947558,1790.0,6.0,0.8684525127287896,4.0,1.0,0.0,0.0,1.0
5276.0,swap,0.09826524573273525,1790.0,6.0,0.8684525127287896,4.0,1.0,1.0,1.0,0.0
5277.0,change,0.8684525127287896,1791.0,4.0,0.7341155346258675,4.0,1.0,0.0,1.0,1.0
5278.0,change,0.8684525127287878,1792.0,5.0,0.8684525127287896,4.0,1.0,0.0,1.0,1.0
5279.0,add,0.8633374806385117,1792.0,5.0,0.8684525127287896,4.0,1.0,0.0,2.0,1.0
5280.0,delete,0.2677858814627575,1792.0,5.0,0.8684525127287896,3.0,1.0,0.0,1.0,1.0
5281.0,swap,0.020145070329988506,1792.0,5.0,0.8684525127287896,3.0,1.0,0.0,1.0,2.0
5282.0,add,0.873597849947558,1793.0,2.0,0.6250993968277652,4.0,0.0,0.0,0.0,2.0
5283.0,add,0.3674452908539976,1794.0,3.0,0.873597849947558,4.0,0.0,1.0,0.0,2.0
5284.0,delete,0.2677858814627575,1794.0,3.0,0.873597849947558,3.0,0.0,0.0,0.0,2.0
5285.0,swap,0.3040764312848323,1794.0,3.0,0.873597849947558,3.0,0.0,0.0,1.0,2.0
5286.0,change,0.8696825154081719,1795.0,4.0,0.6869125589825553,4.0,0.0,0.0,1.0,2.0
5287.0,change,0.8696825154081719,1796.0,5.0,0.8696825154081719,4.0,0.0,0.0,1.0,2.0
5288.0,add,0.8645604557060138,1796.0,5.0,0.8696825154081719,4.0,0.0,0.0,2.0,2.0
5289.0,delete,0.3040764312848323,1796.0,5.0,0.8696825154081719,3.0,0.0,0.0,1.0,2.0
5290.0,swap,0.8696825154081719,1796.0,5.0,0.8696825154081719,4.0,0.0,0.0,1.0,2.0
5291.0,swap,0.8696825154081719,1797.0,6.0,0.8696825154081719,4.0,0.0,0.0,1.0,2.0
5292.0,add,0.8696825154081719,1797.0,6.0,0.8696825154081719,4.0,1.0,0.0,1.0,2.0
5293.0,delete,0.17178633317317293,1797.0,6.0,0.8696825154081719,3.0,0.0,0.0,1.0,2.0
5294.0,swap,0.23262910063188008,1797.0,6.0,0.8696825154081719,3.0,1.0,0.0,1.0,2.0
5295.0,add,0.3000484411457785,1798.0,5.0,0.7367470932599616,4.0,0.0,1.0,1.0,2.0
5296.0,swap,0.11731916609425057,1799.0,3.0,0.530501626477449,3.0,1.0,0.0,0.0,2.0
5297.0,add,0.866164230387068,1800.0,3.0,0.6678817834828845,4.0,1.0,0.0,1.0,1.0
5298.0,add,0.8661642303870732,1801.0,4.0,0.866164230387068,4.0,1.0,0.0,1.0,1.0
5299.0,add,0.8622837243407948,1801.0,4.0,0.866164230387068,4.0,1.0,0.0,2.0,1.0
5300.0,delete,0.11731916609425053,1801.0,4.0,0.866164230387068,3.0,1.0,0.0,1.0,1.0
5301.0,swap,0.28858434736690497,1801.0,4.0,0.866164230387068,3.0,1.0,1.0,1.0,1.0
5302.0,add,0.17448213209011199,1802.0,3.0,0.17448213209011199,4.0,0.0,1.0,1.0,0.0
5303.0,add,0.047408656604698785,1802.0,3.0,0.17448213209011199,4.0,0.0,1.0,1.0,1.0
5304.0,delete,0.06172568975439014,1802.0,3.0,0.17448213209011199,3.0,0.0,1.0,1.0,0.0
5305.0,swap,0.0884088675373878,1802.0,3.0,0.17448213209011199,3.0,0.0,1.0,1.0,1.0
5306.0,delete,0.8645604557060138,1803.0,7.0,0.8645604557060138,4.0,0.0,0.0,2.0,1.0
5307.0,add,0.8622837243407987,1803.0,7.0,0.8645604557060138,4.0,0.0,0.0,2.0,2.0
5308.0,delete,0.8696825154081719,1803.0,7.0,0.8645604557060138,4.0,0.0,0.0,1.0,1.0
5309.0,swap,0.09615737512054257,1803.0,7.0,0.8645604557060138,3.0,1.0,0.0,2.0,1.0
5310.0,add,0.8594685627545035,1804.0,7.0,0.8594685627545035,4.0,0.0,0.0,3.0,2.0
5311.0,add,0.855617810770858,1804.0,7.0,0.8594685627545035,4.0,0.0,0.0,4.0,2.0
5312.0,delete,0.3005404913057134,1804.0,7.0,0.8594685627545035,3.0,0.0,0.0,3.0,2.0
5313.0,swap,0.0966192707514738,1804.0,7.0,0.8594685627545035,4.0,0.0,1.0,2.0,2.0
5314.0,change,0.873597849947558,1805.0,5.0,0.873597849947558,4.0,1.0,0.0,0.0,1.0
5315.0,add,0.873597849947558,1805.0,5.0,0.873597849947558,4.0,2.0,0.0,0.0,1.0
5316.0,delete,0.3040764312848323,1805.0,5.0,0.873597849947558,3.0,1.0,0.0,0.0,1.0
5317.0,swap,0.30407643128483247,1805.0,5.0,0.873597849947558,3.0,1.0,0.0,0.0,2.0
5318.0,add,0.8696825154081719,1806.0,6.0,0.8696825154081719,4.0,0.0,0.0,1.0,4.0
5319.0,add,0.858045746934309,1806.0,6.0,0.8696825154081719,4.0,0.0,0.0,2.0,4.0
5320.0,delete,0.8696825154081719,1806.0,6.0,0.8696825154081719,4.0,0.0,0.0,1.0,3.0
5321.0,swap,0.08458968669536641,1806.0,6.0,0.8696825154081719,3.0,0.0,1.0,1.0,4.0
5322.0,swap,0.012048193352453324,1807.0,5.0,0.683021912350847,3.0,1.0,0.0,0.0,4.0
5323.0,change,0.873597849947558,1808.0,5.0,0.8735978499475604,4.0,1.0,0.0,0.0,1.0
5324.0,add,0.8735978499475604,1808.0,5.0,0.8735978499475604,4.0,1.0,0.0,0.0,2.0
5325.0,delete,0.11731916609425057,1808.0,5.0,0.8735978499475604,3.0,1.0,0.0,0.0,1.0
5326.0,swap,0.11731916609425057,1808.0,5.0,0.8735978499475604,3.0,1.0,0.0,1.0,1.0
5327.0,add,0.873597849947558,1809.0,4.0,0.873597849947558,4.0,2.0,0.0,0.0,1.0
5328.0,add,0.873597849947558,1809.0,4.0,0.873597849947558,4.0,2.0,0.0,0.0,2.0
5329.0,delete,0.11731916609425057,1809.0,4.0,0.873597849947558,3.0,2.0,0.0,0.0,1.0
5330.0,swap,0.873597849947558,1809.0,4.0,0.873597849947558,4.0,2.0,0.0,0.0,1.0
5331.0,add,0.8696825154081749,1810.0,3.0,0.7223421131768964,4.0,2.0,0.0,1.0,0.0
5332.0,add,0.8696825154081749,1811.0,4.0,0.8696825154081749,4.0,2.0,0.0,1.0,0.0
5333.0,add,0.8696825154081749,1811.0,4.0,0.8696825154081749,4.0,2.0,0.0,1.0,1.0
5334.0,delete,0.2665990921340154,1811.0,4.0,0.8696825154081749,3.0,2.0,0.0,1.0,0.0
5335.0,swap,0.30407643128483264,1811.0,4.0,0.8696825154081749,3.0,2.0,0.0,2.0,0.0
5336.0,swap,0.873597849947558,1812.0,5.0,0.873597849947558,4.0,2.0,0.0,0.0,1.0
5337.0,add,0.8684525127287896,1812.0,5.0,0.873597849947558,4.0,2.0,0.0,1.0,1.0
5338.0,delete,0.873597849947558,1812.0,5.0,0.873597849947558,4.0,1.0,0.0,0.0,1.0
5339.0,swap,0.30407643128483247,1812.0,5.0,0.873597849947558,3.0,2.0,0.0,1.0,1.0
5340.0,add,0.873597849947558,1813.0,3.0,0.6936541628168994,4.0,2.0,0.0,0.0,1.0
5341.0,add,0.8735770355988184,1814.0,2.0,0.6358487066228662,4.0,1.0,1.0,0.0,0.0
5342.0,add,0.8735113267506883,1815.0,3.0,0.8735770355988184,4.0,1.0,1.0,0.0,0.0
5343.0,add,0.8696618672083992,1815.0,3.0,0.8735770355988184,4.0,1.0,1.0,1.0,0.0
5344.0,delete,0.3065171479072701,1815.0,3.0,0.8735770355988184,3.0,1.0,1.0,0.0,0.0
5345.0,swap,0.8684525127287878,1815.0,3.0,0.8735770355988184,4.0,1.0,0.0,1.0,0.0
5346.0,add,0.8623879218701996,1816.0,4.0,0.8735113267506883,4.0,1.0,1.0,0.0,0.0
5347.0,add,0.8695966828693449,1816.0,4.0,0.8735113267506883,4.0,1.0,1.0,1.0,0.0
5348.0,delete,0.873597849947558,1816.0,4.0,0.8735113267506883,4.0,1.0,0.0,0.0,0.0
5349.0,swap,0.06095084826550413,1816.0,4.0,0.8735113267506883,3.0,1.0,2.0,0.0,0.0
5350.0,add,0.8696618672083992,1817.0,4.0,0.8696618672083992,4.0,1.0,1.0,1.0,0.0
5351.0,add,0.864539930261692,1817.0,4.0,0.8696618672083992,4.0,1.0,1.0,2.0,0.0
5352.0,delete,0.3027594515052041,1817.0,4.0,0.8696618672083992,3.0,1.0,1.0,1.0,0.0
5353.0,swap,0.8696825154081753,1817.0,4.0,0.8696618672083992,4.0,2.0,0.0,1.0,0.0
5354.0,add,0.8735770355988184,1818.0,3.0,0.7552611263183739,4.0,1.0,1.0,0.0,1.0
5355.0,add,0.8729536160234893,1819.0,4.0,0.8735770355988184,4.0,1.0,1.0,0.0,1.0
5356.0,add,0.8696618672083992,1819.0,4.0,0.8735770355988184,4.0,1.0,1.0,1.0,1.0
5357.0,delete,0.08208299954683143,1819.0,4.0,0.8735770355988184,3.0,1.0,1.0,0.0,1.0
5358.0,swap,0.09945559064730433,1819.0,4.0,0.8735770355988184,3.0,1.0,2.0,0.0,1.0
5359.0,change,0.8735770355988227,1820.0,3.0,0.708008925940659,4.0,1.0,1.0,0.0,0.0
5360.0,change,0.8735770355988237,1821.0,4.0,0.8735770355988227,4.0,1.0,1.0,0.0,0.0
5361.0,add,0.8696617988118536,1821.0,4.0,0.8735770355988227,4.0,1.0,1.0,1.0,0.0
5362.0,delete,0.26777957251769313,1821.0,4.0,0.8735770355988227,3.0,1.0,1.0,0.0,0.0
5363.0,swap,0.26777957251769313,1821.0,4.0,0.8735770355988227,3.0,1.0,1.0,1.0,0.0
5364.0,add,0.873597849947558,1822.0,4.0,0.873597849947558,4.0,2.0,0.0,0.0,1.0
5365.0,add,0.8735978499475604,1822.0,4.0,0.873597849947558,4.0,3.0,0.0,0.0,1.0
5366.0,delete,0.30407643128483264,1822.0,4.0,0.873597849947558,3.0,2.0,0.0,0.0,1.0
5367.0,swap,0.873597849947558,1822.0,4.0,0.873597849947558,4.0,1.0,0.0,0.0,2.0
5368.0,swap,0.873597849947558,1823.0,5.0,0.873597849947558,4.0,1.0,0.0,0.0,2.0
5369.0,add,0.8684525127287896,1823.0,5.0,0.873597849947558,4.0,1.0,0.0,1.0,2.0
5370.0,delete,0.2677858814627581,1823.0,5.0,0.873597849947558,3.0,1.0,0.0,0.0,2.0
5371.0,swap,0.04265415505853676,1823.0,5.0,0.873597849947558,3.0,1.0,1.0,0.0,2.0
5372.0,add,0.873597849947558,1824.0,5.0,0.873597849947558,4.0,2.0,0.0,0.0,1.0
5373.0,add,0.873597849947558,1824.0,5.0,0.873597849947558,4.0,2.0,0.0,0.0,2.0
5374.0,delete,0.11731916609425057,1824.0,5.0,0.873597849947558,3.0,2.0,0.0,0.0,1.0
5375.0,swap,0.873597849947558,1824.0,5.0,0.873597849947558,4.0,2.0,0.0,0.0,1.0
5376.0,swap,0.07943406535444265,1825.0,4.0,0.7586644987712592,3.0,2.0,1.0,0.0,1.0
5377.0,add,0.06812265924889323,1826.0,3.0,0.6312730625536381,4.0,1.0,1.0,0.0,0.0
5378.0,add,0.8684525127287901,1827.0,4.0,0.702137310061851,4.0,2.0,0.0,1.0,1.0
5379.0,add,0.8684525127287892,1828.0,5.0,0.8684525127287901,4.0,2.0,0.0,1.0,1.0
5380.0,add,0.24334689095807413,1828.0,5.0,0.8684525127287901,4.0,2.0,1.0,1.0,1.0
5381.0,delete,0.8684525127287882,1828.0,5.0,0.8684525127287901,4.0,1.0,0.0,1.0,1.0
5382.0,swap,0.8735978499475604,1828.0,5.0,0.8684525127287901,4.0,3.0,0.0,0.0,1.0
5383.0,swap,0.873597849947558,1829.0,6.0,0.8735978499475604,4.0,3.0,0.0,0.0,1.0
5384.0,add,0.8735978499475604,1829.0,6.0,0.8735978499475604,4.0,3.0,0.0,0.0,2.0
5385.0,delete,0.2677858814627575,1829.0,6.0,0.8735978499475604,3.0,3.0,0.0,0.0,1.0
5386.0,swap,0.11526743586102271,1829.0,6.0,0.8735978499475604,4.0,2.0,1.0,0.0,1.0
5387.0,swap,0.8645604557060114,1830.0,7.0,0.8645604557060114,4.0,1.0,0.0,2.0,1.0
5388.0,add,0.8622837243407934,1830.0,7.0,0.8645604557060114,4.0,1.0,0.0,2.0,2.0
5389.0,delete,0.17079590100649916,1830.0,7.0,0.8645604557060114,3.0,1.0,0.0,2.0,1.0
5390.0,swap,0.09994938785478072,1830.0,7.0,0.8645604557060114,4.0,1.0,1.0,2.0,0.0
5391.0,swap,0.6493737475085644,1831.0,7.0,0.7663933556306425,3.0,1.0,1.0,0.0,3.0
5392.0,add,0.5494281818196454,1831.0,7.0,0.7663933556306425,3.0,1.0,2.0,0.0,3.0
5393.0,delete,0.30407643128483275,1831.0,7.0,0.7663933556306425,3.0,1.0,0.0,0.0,3.0
5394.0,swap,0.04171341705474388,1831.0,7.0,0.7663933556306425,3.0,1.0,1.0,0.0,3.0
5395.0,change,0.8684525127287878,1832.0,4.0,0.7259570407230713,4.0,0.0,0.0,1.0,1.0
5396.0,change,0.8684525127287878,1833.0,5.0,0.8684525127287878,4.0,0.0,0.0,1.0,1.0
5397.0,add,0.8633374806385117,1833.0,5.0,0.8684525127287878,4.0,0.0,0.0,2.0,1.0
5398.0,delete,0.2677858814627575,1833.0,5.0,0.8684525127287878,3.0,0.0,0.0,1.0,1.0
5399.0,swap,0.873597849947558,1833.0,5.0,0.8684525127287878,4.0,0.0,0.0,0.0,2.0
5400.0,add,0.11969074146540624,1834.0,6.0,0.873597849947558,4.0,0.0,1.0,0.0,2.0
5401.0,delete,0.2677858814627575,1834.0,6.0,0.873597849947558,3.0,0.0,0.0,0.0,2.0
5402.0,swap,0.8684525127287878,1834.0,6.0,0.873597849947558,4.0,0.0,0.0,1.0,1.0
5403.0,add,0.8735978499475604,1835.0,5.0,0.873597849947558,4.0,2.0,0.0,0.0,1.0
5404.0,add,0.8684525127287901,1835.0,5.0,0.873597849947558,4.0,2.0,0.0,1.0,1.0
5405.0,delete,0.08208499862389872,1835.0,5.0,0.873597849947558,3.0,2.0,0.0,0.0,1.0
5406.0,swap,0.30407643128483264,1835.0,5.0,0.873597849947558,3.0,3.0,0.0,0.0,1.0
5407.0,change,0.8696825154081719,1836.0,5.0,0.7128708803789134,4.0,0.0,0.0,1.0,3.0
5408.0,change,0.8696825154081719,1837.0,6.0,0.8696825154081719,4.0,0.0,0.0,1.0,3.0
5409.0,add,0.8696825154081719,1837.0,6.0,0.8696825154081719,4.0,0.0,0.0,1.0,4.0
5410.0,delete,0.08170900572249233,1837.0,6.0,0.8696825154081719,3.0,0.0,0.0,1.0,3.0
5411.0,swap,0.26659909213401567,1837.0,6.0,0.8696825154081719,3.0,0.0,0.0,2.0,3.0
5412.0,add,0.15655099502061023,1838.0,5.0,0.7103365959708382,4.0,0.0,1.0,0.0,4.0
5413.0,add,0.873597849947558,1839.0,3.0,0.6385311725180529,4.0,2.0,0.0,0.0,1.0
5414.0,add,0.873597849947558,1840.0,4.0,0.873597849947558,4.0,2.0,0.0,0.0,1.0
5415.0,add,0.09365800200846848,1840.0,4.0,0.873597849947558,4.0,2.0,1.0,0.0,1.0
5416.0,delete,0.873597849947558,1840.0,4.0,0.873597849947558,4.0,1.0,0.0,0.0,1.0
5417.0,swap,0.8735978499475604,1840.0,4.0,0.873597849947558,4.0,2.0,0.0,0.0,1.0
5418.0,swap,0.873597849947558,1841.0,5.0,0.8735978499475604,4.0,2.0,0.0,0.0,1.0
5419.0,add,0.8735978499475604,1841.0,5.0,0.8735978499475604,4.0,2.0,0.0,0.0,2.0
5420.0,delete,0.873597849947558,1841.0,5.0,0.8735978499475604,4.0,1.0,0.0,0.0,1.0
5421.0,swap,0.3040764312848323,1841.0,5.0,0.8735978499475604,3.0,2.0,0.0,1.0,1.0
5422.0,add,0.3722366291439141,1842.0,3.0,0.6932553746797483,4.0,2.0,1.0,0.0,0.0
5423.0,delete,0.873597849947558,1843.0,5.0,0.873597849947558,4.0,1.0,0.0,0.0,1.0
5424.0,add,0.873597849947558,1843.0,5.0,0.873597849947558,4.0,1.0,0.0,0.0,2.0
5425.0,delete,0.3040764312848323,1843.0,5.0,0.873597849947558,3.0,1.0,0.0,0.0,1.0
5426.0,swap,0.3040764312848323,1843.0,5.0,0.873597849947558,3.0,1.0,0.0,1.0,1.0
5427.0,swap,0.8684525127287878,1844.0,6.0,0.8684525127287878,4.0,0.0,0.0,1.0,1.0
5428.0,add,0.5060733153857215,1844.0,6.0,0.8684525127287878,4.0,0.0,1.0,1.0,1.0
5429.0,delete,0.873597849947558,1844.0,6.0,0.8684525127287878,4.0,0.0,0.0,0.0,1.0
5430.0,swap,0.10040635191959177,1844.0,6.0,0.8684525127287878,3.0,1.0,0.0,1.0,1.0
5431.0,change,0.873597849947558,1845.0,4.0,0.5972431220239784,4.0,1.0,0.0,0.0,1.0
5432.0,add,0.8477438213066736,1846.0,4.0,0.8720618241590004,4.0,1.0,1.0,0.0,0.0
5433.0,add,0.6013964314642699,1846.0,4.0,0.8720618241590004,4.0,1.0,2.0,0.0,0.0
5434.0,delete,0.8720618241589998,1846.0,4.0,0.8720618241590004,4.0,0.0,1.0,0.0,0.0
5435.0,swap,0.8546079439476224,1846.0,4.0,0.8720618241590004,4.0,1.0,1.0,0.0,0.0
5436.0,change,0.8701758955313935,1847.0,2.0,0.6752003075458056,4.0,0.0,1.0,0.0,0.0
5437.0,change,0.8666768262447859,1848.0,3.0,0.8701758955313935,4.0,0.0,1.0,0.0,0.0
5438.0,add,0.8701758955313935,1848.0,3.0,0.8701758955313935,4.0,0.0,1.0,0.0,1.0
5439.0,delete,0.2703346067746115,1848.0,3.0,0.8701758955313935,3.0,0.0,1.0,0.0,0.0
5440.0,swap,0.2703346067746115,1848.0,3.0,0.8701758955313935,3.0,0.0,1.0,1.0,0.0
5441.0,add,0.8720618241589998,1849.0,3.0,0.8095743690073132,4.0,0.0,1.0,0.0,1.0
5442.0,add,0.8480550455707296,1850.0,4.0,0.8720618241589998,4.0,0.0,1.0,0.0,1.0
5443.0,add,0.8669256190644579,1850.0,4.0,0.8720618241589998,4.0,0.0,1.0,1.0,1.0
5444.0,delete,0.1171271742622452,1850.0,4.0,0.8720618241589998,3.0,0.0,1.0,0.0,1.0
5445.0,swap,0.8720618241589998,1850.0,4.0,0.8720618241589998,4.0,1.0,1.0,0.0,0.0
5446.0,delete,0.8723436977755193,1851.0,5.0,0.8720618241589998,4.0,0.0,1.0,0.0,0.0
5447.0,add,0.8669256190644579,1851.0,5.0,0.8720618241589998,4.0,0.0,1.0,1.0,0.0
5448.0,delete,0.30356252039660525,1851.0,5.0,0.8720618241589998,3.0,0.0,1.0,0.0,0.0
5449.0,swap,0.2673202989723311,1851.0,5.0,0.8720618241589998,3.0,1.0,1.0,0.0,0.0
5450.0,change,0.83912350885922,1852.0,4.0,0.838245601863755,4.0,0.0,1.0,0.0,0.0
5451.0,add,0.838245601863755,1852.0,4.0,0.838245601863755,4.0,0.0,1.0,0.0,1.0
5452.0,delete,0.2570679620611783,1852.0,4.0,0.838245601863755,3.0,0.0,1.0,0.0,0.0
5453.0,swap,0.07916738496266479,1852.0,4.0,0.838245601863755,3.0,1.0,1.0,0.0,0.0
5454.0,change,0.873597849947558,1853.0,5.0,0.873597849947558,4.0,1.0,0.0,0.0,1.0
5455.0,add,0.11602124085243763,1853.0,5.0,0.873597849947558,4.0,1.0,1.0,0.0,1.0
5456.0,delete,0.2677858814627581,1853.0,5.0,0.873597849947558,3.0,1.0,0.0,0.0,1.0
5457.0,swap,0.3040764312848323,1853.0,5.0,0.873597849947558,3.0,1.0,0.0,1.0,1.0
5458.0,delete,0.8684525127287878,1854.0,6.0,0.8684525127287878,4.0,0.0,0.0,1.0,1.0
5459.0,add,0.8645604557060148,1854.0,6.0,0.8684525127287878,4.0,0.0,0.0,2.0,1.0
5460.0,delete,0.30230329150181523,1854.0,6.0,0.8684525127287878,3.0,0.0,0.0,1.0,1.0
5461.0,swap,0.22315389907278235,1854.0,6.0,0.8684525127287878,3.0,1.0,0.0,1.0,1.0
5462.0,add,0.873597849947558,1855.0,4.0,0.7490995882729019,4.0,2.0,0.0,0.0,1.0
5463.0,add,0.873597849947558,1856.0,5.0,0.873597849947558,4.0,2.0,0.0,0.0,1.0
5464.0,add,0.873597849947558,1856.0,5.0,0.873597849947558,4.0,3.0,0.0,0.0,1.0
5465.0,delete,0.30407643128483275,1856.0,5.0,0.873597849947558,3.0,2.0,0.0,0.0,1.0
5466.0,swap,0.873597849947558,1856.0,5.0,0.873597849947558,4.0,2.0,0.0,0.0,1.0
5467.0,swap,0.873597849947558,1857.0,6.0,0.873597849947558,4.0,2.0,0.0,0.0,1.0
5468.0,add,0.8696825154081768,1857.0,6.0,0.873597849947558,4.0,2.0,0.0,1.0,1.0
5469.0,delete,0.873597849947558,1857.0,6.0,0.873597849947558,4.0,1.0,0.0,0.0,1.0
5470.0,swap,0.0915807606366563,1857.0,6.0,0.873597849947558,3.0,3.0,0.0,0.0,1.0
5471.0,add,0.873597849947558,1858.0,4.0,0.7323160534556804,4.0,3.0,0.0,0.0,0.0
5472.0,delete,0.873597849947558,1859.0,5.0,0.873597849947558,4.0,1.0,0.0,0.0,0.0
5473.0,add,0.873597849947558,1859.0,5.0,0.873597849947558,4.0,2.0,0.0,0.0,0.0
5474.0,delete,0.30407643128483264,1859.0,5.0,0.873597849947558,3.0,1.0,0.0,0.0,0.0
5475.0,swap,0.3220506542792762,1859.0,5.0,0.873597849947558,3.0,1.0,1.0,0.0,0.0
5476.0,add,0.873597849947558,1860.0,5.0,0.873597849947558,4.0,3.0,0.0,0.0,0.0
5477.0,add,0.873597849947558,1860.0,5.0,0.873597849947558,4.0,3.0,0.0,0.0,1.0
5478.0,delete,0.2677858814627577,1860.0,5.0,0.873597849947558,3.0,3.0,0.0,0.0,0.0
5479.0,swap,0.2677858814627579,1860.0,5.0,0.873597849947558,3.0,4.0,0.0,0.0,0.0
5480.0,delete,0.873597849947558,1861.0,6.0,0.8735978499475604,4.0,1.0,0.0,0.0,1.0
5481.0,add,0.873597849947558,1861.0,6.0,0.8735978499475604,4.0,2.0,0.0,0.0,1.0
5482.0,delete,0.30407643128483264,1861.0,6.0,0.8735978499475604,3.0,1.0,0.0,0.0,1.0
5483.0,swap,0.30407643128483264,1861.0,6.0,0.8735978499475604,3.0,1.0,0.0,1.0,1.0
5484.0,add,0.8669256190644579,1862.0,3.0,0.7095896763186367,4.0,0.0,1.0,1.0,0.0
5485.0,add,0.8217798955784305,1863.0,4.0,0.8669256190644579,4.0,0.0,1.0,1.0,0.0
5486.0,add,0.18997725853975764,1863.0,4.0,0.8669256190644579,4.0,0.0,2.0,1.0,0.0
5487.0,delete,0.26574585568927656,1863.0,4.0,0.8669256190644579,3.0,0.0,1.0,1.0,0.0
5488.0,swap,0.265745855689276,1863.0,4.0,0.8669256190644579,3.0,0.0,1.0,2.0,0.0
5489.0,add,0.873597849947558,1864.0,5.0,0.873597849947558,4.0,2.0,0.0,0.0,1.0
5490.0,add,0.873597849947558,1864.0,5.0,0.873597849947558,4.0,2.0,0.0,0.0,2.0
5491.0,delete,0.2677858814627575,1864.0,5.0,0.873597849947558,3.0,2.0,0.0,0.0,1.0
5492.0,swap,0.2834029436206127,1864.0,5.0,0.873597849947558,3.0,2.0,1.0,0.0,1.0
5493.0,add,0.8633374806385117,1865.0,5.0,0.8633374806385117,4.0,0.0,0.0,2.0,1.0
5494.0,add,0.8610628918855857,1865.0,5.0,0.8633374806385117,4.0,0.0,0.0,2.0,2.0
5495.0,delete,0.8684525127287878,1865.0,5.0,0.8633374806385117,4.0,0.0,0.0,1.0,1.0
5496.0,swap,0.1165079460117093,1865.0,5.0,0.8633374806385117,3.0,1.0,0.0,2.0,1.0
5497.0,add,0.8684525127287896,1866.0,4.0,0.7145396623806213,4.0,1.0,0.0,1.0,1.0
5498.0,add,0.8684525127287896,1867.0,5.0,0.8684525127287896,4.0,1.0,0.0,1.0,1.0
5499.0,add,0.8684525127287872,1867.0,5.0,0.8684525127287896,4.0,2.0,0.0,1.0,1.0
5500.0,delete,0.30230329150181545,1867.0,5.0,0.8684525127287896,3.0,1.0,0.0,1.0,1.0
5501.0,swap,0.799357039016396,1867.0,5.0,0.8684525127287896,4.0,1.0,1.0,0.0,1.0
5502.0,swap,0.6629153431895487,1868.0,6.0,0.799357039016396,4.0,1.0,1.0,0.0,1.0
5503.0,add,0.7672301782296912,1868.0,6.0,0.799357039016396,4.0,1.0,1.0,0.0,2.0
5504.0,delete,0.27848181429507685,1868.0,6.0,0.799357039016396,3.0,1.0,1.0,0.0,1.0
5505.0,swap,0.873597849947558,1868.0,6.0,0.799357039016396,4.0,1.0,0.0,0.0,2.0
5506.0,add,0.8266258106255847,1869.0,4.0,0.7044243833049685,4.0,0.0,1.0,1.0,1.0
5507.0,add,0.8607260264276295,1870.0,4.0,0.8211752309372679,4.0,0.0,1.0,0.0,1.0
5508.0,add,0.8211752309372692,1870.0,4.0,0.8211752309372679,4.0,1.0,1.0,0.0,1.0
5509.0,delete,0.8211752309372679,1870.0,4.0,0.8211752309372679,4.0,0.0,1.0,0.0,0.0
5510.0,swap,0.28600603164621247,1870.0,4.0,0.8211752309372679,3.0,0.0,1.0,1.0,1.0
5511.0,add,0.8684525127287878,1871.0,5.0,0.8684525127287878,4.0,0.0,0.0,1.0,2.0
5512.0,add,0.8684525127287878,1871.0,5.0,0.8684525127287878,4.0,1.0,0.0,1.0,2.0
5513.0,delete,0.2677858814627575,1871.0,5.0,0.8684525127287878,3.0,0.0,0.0,1.0,2.0
5514.0,swap,0.029616050358810493,1871.0,5.0,0.8684525127287878,3.0,0.0,1.0,1.0,2.0
5515.0,add,0.873597849947558,1872.0,4.0,0.7223421131768964,4.0,1.0,0.0,0.0,3.0
5516.0,add,0.873597849947558,1873.0,5.0,0.873597849947558,4.0,1.0,0.0,0.0,3.0
5517.0,add,0.873597849947558,1873.0,5.0,0.873597849947558,4.0,1.0,0.0,0.0,4.0
5518.0,delete,0.3040764312848323,1873.0,5.0,0.873597849947558,3.0,1.0,0.0,0.0,3.0
5519.0,swap,0.11731916609425042,1873.0,5.0,0.873597849947558,3.0,1.0,0.0,1.0,3.0
5520.0,add,0.873597849947558,1874.0,2.0,0.6469997132100186,4.0,1.0,0.0,0.0,1.0
5521.0,add,0.873597849947558,1875.0,3.0,0.873597849947558,4.0,1.0,0.0,0.0,1.0
5522.0,add,0.8048089349449725,1875.0,3.0,0.873597849947558,4.0,1.0,1.0,0.0,1.0
5523.0,delete,0.3040764312848323,1875.0,3.0,0.873597849947558,3.0,1.0,0.0,0.0,1.0
5524.0,swap,0.11731916609425042,1875.0,3.0,0.873597849947558,3.0,1.0,0.0,0.0,2.0
5525.0,add,0.8696825154081719,1876.0,7.0,0.873597849947558,4.0,0.0,0.0,1.0,4.0
5526.0,delete,0.873597849947558,1876.0,7.0,0.873597849947558,4.0,0.0,0.0,0.0,3.0
5527.0,swap,0.11423241790946383,1876.0,7.0,0.873597849947558,3.0,0.0,1.0,0.0,4.0
5528.0,add,0.8696825154081729,1877.0,5.0,0.8696825154081729,4.0,1.0,0.0,1.0,1.0
5529.0,add,0.8696825154081729,1877.0,5.0,0.8696825154081729,4.0,2.0,0.0,1.0,1.0
5530.0,delete,0.30276636134333035,1877.0,5.0,0.8696825154081729,3.0,1.0,0.0,1.0,1.0
5531.0,swap,0.17101438533048607,1877.0,5.0,0.8696825154081729,4.0,1.0,1.0,0.0,1.0
5532.0,add,0.873597849947558,1878.0,6.0,0.873597849947558,4.0,2.0,0.0,0.0,2.0
5533.0,add,0.8735978499475575,1878.0,6.0,0.873597849947558,4.0,3.0,0.0,0.0,2.0
5534.0,delete,0.11731916609425053,1878.0,6.0,0.873597849947558,3.0,2.0,0.0,0.0,2.0
5535.0,swap,0.8696825154081753,1878.0,6.0,0.873597849947558,4.0,2.0,0.0,1.0,1.0
5536.0,add,0.873597849947558,1879.0,6.0,0.873597849947558,4.0,1.0,0.0,0.0,2.0
5537.0,add,0.12931630975741978,1879.0,6.0,0.873597849947558,4.0,1.0,1.0,0.0,2.0
5538.0,delete,0.873597849947558,1879.0,6.0,0.873597849947558,4.0,0.0,0.0,0.0,2.0
5539.0,swap,0.8696825154081719,1879.0,6.0,0.873597849947558,4.0,1.0,0.0,1.0,1.0
5540.0,change,0.873597849947558,1880.0,4.0,0.6825372675236591,4.0,1.0,0.0,0.0,1.0
5541.0,change,0.873597849947558,1881.0,5.0,0.873597849947558,4.0,1.0,0.0,0.0,1.0
5542.0,add,0.873597849947558,1881.0,5.0,0.873597849947558,4.0,1.0,0.0,0.0,2.0
5543.0,delete,0.11731916609425042,1881.0,5.0,0.873597849947558,3.0,1.0,0.0,0.0,1.0
5544.0,swap,0.873597849947558,1881.0,5.0,0.873597849947558,4.0,1.0,0.0,0.0,1.0
5545.0,swap,0.873597849947558,1882.0,6.0,0.873597849947558,4.0,1.0,0.0,0.0,1.0
5546.0,add,0.7735129189655596,1882.0,6.0,0.873597849947558,4.0,1.0,1.0,0.0,1.0
5547.0,delete,0.11731916609425042,1882.0,6.0,0.873597849947558,3.0,1.0,0.0,0.0,1.0
5548.0,swap,0.42113992485672674,1882.0,6.0,0.873597849947558,4.0,0.0,1.0,0.0,1.0
5549.0,swap,0.873597849947558,1883.0,5.0,0.873597849947558,4.0,2.0,0.0,0.0,1.0
5550.0,add,0.873597849947558,1883.0,5.0,0.873597849947558,4.0,2.0,0.0,0.0,2.0
5551.0,delete,0.2677858814627581,1883.0,5.0,0.873597849947558,3.0,2.0,0.0,0.0,1.0
5552.0,swap,0.4690033782479978,1883.0,5.0,0.873597849947558,4.0,1.0,1.0,0.0,1.0
5553.0,change,0.8735978499475604,1884.0,5.0,0.723958475001653,4.0,1.0,0.0,0.0,2.0
5554.0,change,0.873597849947558,1885.0,6.0,0.8735978499475604,4.0,1.0,0.0,0.0,2.0
5555.0,add,0.8696825154081739,1885.0,6.0,0.8735978499475604,4.0,1.0,0.0,1.0,2.0
5556.0,delete,0.30407643128483264,1885.0,6.0,0.8735978499475604,3.0,1.0,0.0,0.0,2.0
5557.0,swap,0.8684525127287896,1885.0,6.0,0.8735978499475604,4.0,1.0,0.0,1.0,1.0
5558.0,add,0.8734881237448202,1886.0,4.0,0.8732191902583285,4.0,0.0,1.0,0.0,0.0
5559.0,add,0.8693068781789559,1886.0,4.0,0.8732191902583285,4.0,0.0,1.0,1.0,0.0
5560.0,delete,0.30394974758247384,1886.0,4.0,0.8732191902583285,3.0,0.0,1.0,0.0,0.0
5561.0,swap,0.035131429908073886,1886.0,4.0,0.8732191902583285,3.0,1.0,1.0,0.0,0.0
5562.0,add,0.7215318881638587,1887.0,5.0,0.6618690986415241,4.0,1.0,1.0,0.0,1.0
5563.0,add,0.6618690986415241,1887.0,5.0,0.6618690986415241,4.0,1.0,1.0,0.0,2.0
5564.0,delete,0.2326823144843751,1887.0,5.0,0.6618690986415241,3.0,1.0,1.0,0.0,1.0
5565.0,swap,0.6621278872658986,1887.0,5.0,0.6618690986415241,3.0,1.0,1.0,1.0,1.0
5566.0,change,0.8696825154081719,1888.0,3.0,0.5998967482183587,4.0,0.0,0.0,1.0,1.0
5567.0,change,0.8696825154081719,1889.0,4.0,0.8696825154081719,4.0,0.0,0.0,1.0,1.0
5568.0,add,0.8696825154081714,1889.0,4.0,0.8696825154081719,4.0,1.0,0.0,1.0,1.0
5569.0,delete,0.26659909213401584,1889.0,4.0,0.8696825154081719,3.0,0.0,0.0,1.0,1.0
5570.0,swap,0.26659909213401584,1889.0,4.0,0.8696825154081719,3.0,0.0,0.0,1.0,2.0
5571.0,swap,0.8684525127287896,1890.0,7.0,0.8684525127287896,4.0,1.0,0.0,1.0,1.0
5572.0,add,0.8661642303870685,1890.0,7.0,0.8684525127287896,4.0,1.0,0.0,1.0,2.0
5573.0,delete,0.30230329150181545,1890.0,7.0,0.8684525127287896,3.0,1.0,0.0,1.0,1.0
5574.0,swap,0.1022949700467839,1890.0,7.0,0.8684525127287896,4.0,1.0,1.0,1.0,0.0
5575.0,add,0.47880151992449,1891.0,6.0,0.873597849947558,4.0,0.0,1.0,0.0,2.0
5576.0,delete,0.873597849947558,1891.0,6.0,0.873597849947558,4.0,0.0,0.0,0.0,1.0
5577.0,swap,0.8684336761041985,1891.0,6.0,0.873597849947558,4.0,0.0,0.0,1.0,1.0
5578.0,delete,0.30407643128483264,1892.0,3.0,0.30407643128483264,3.0,1.0,0.0,0.0,0.0
5579.0,add,0.30407643128483264,1892.0,3.0,0.30407643128483264,3.0,2.0,0.0,0.0,0.0
5580.0,delete,0.09431537009970281,1892.0,3.0,0.30407643128483264,2.0,1.0,0.0,0.0,0.0
5581.0,swap,0.3040764312848323,1892.0,3.0,0.30407643128483264,3.0,0.0,0.0,0.0,1.0
5582.0,add,0.873597849947558,1893.0,6.0,0.873597849947558,4.0,3.0,0.0,0.0,1.0
5583.0,add,0.116701165714843,1893.0,6.0,0.873597849947558,4.0,3.0,1.0,0.0,1.0
5584.0,delete,0.873597849947558,1893.0,6.0,0.873597849947558,4.0,2.0,0.0,0.0,1.0
5585.0,swap,0.3040764312848323,1893.0,6.0,0.873597849947558,3.0,3.0,0.0,0.0,2.0
5586.0,change,0.873597849947558,1894.0,4.0,0.637502105074299,4.0,1.0,0.0,0.0,0.0
5587.0,change,0.873597849947558,1895.0,5.0,0.873597849947558,4.0,1.0,0.0,0.0,0.0
5588.0,add,0.8735978499475604,1895.0,5.0,0.873597849947558,4.0,2.0,0.0,0.0,0.0
5589.0,delete,0.2677858814627575,1895.0,5.0,0.873597849947558,3.0,1.0,0.0,0.0,0.0
5590.0,swap,0.08979269078784029,1895.0,5.0,0.873597849947558,3.0,1.0,1.0,0.0,0.0
5591.0,change,0.873597849947558,1896.0,5.0,0.873597849947558,4.0,1.0,0.0,0.0,2.0
5592.0,add,0.873597849947558,1896.0,5.0,0.873597849947558,4.0,1.0,0.0,0.0,3.0
5593.0,delete,0.3040764312848323,1896.0,5.0,0.873597849947558,3.0,1.0,0.0,0.0,2.0
5594.0,swap,0.873597849947558,1896.0,5.0,0.873597849947558,4.0,2.0,0.0,0.0,1.0
5595.0,swap,0.873597849947558,1897.0,6.0,0.873597849947558,4.0,2.0,0.0,0.0,1.0
5596.0,add,0.873597849947558,1897.0,6.0,0.873597849947558,4.0,2.0,0.0,0.0,2.0
5597.0,delete,0.2677858814627575,1897.0,6.0,0.873597849947558,3.0,2.0,0.0,0.0,1.0
5598.0,swap,0.3040764312848323,1897.0,6.0,0.873597849947558,3.0,2.0,0.0,1.0,1.0
5599.0,swap,0.8645604557060148,1898.0,5.0,0.8645604557060148,4.0,0.0,0.0,2.0,0.0
5600.0,add,0.8435672386092801,1898.0,5.0,0.8645604557060148,4.0,0.0,1.0,2.0,0.0
5601.0,delete,0.3023032915018151,1898.0,5.0,0.8645604557060148,3.0,0.0,0.0,2.0,0.0
5602.0,swap,0.8696825154081719,1898.0,5.0,0.8645604557060148,4.0,1.0,0.0,1.0,0.0
5603.0,change,0.8696825154081719,1899.0,3.0,0.6619782885089823,4.0,0.0,0.0,1.0,1.0
5604.0,change,0.8696825154081719,1900.0,4.0,0.8696825154081719,4.0,0.0,0.0,1.0,1.0
5605.0,add,0.8696825154081719,1900.0,4.0,0.8696825154081719,4.0,0.0,0.0,1.0,2.0
5606.0,delete,0.3040764312848323,1900.0,4.0,0.8696825154081719,3.0,0.0,0.0,1.0,1.0
5607.0,swap,0.873597849947558,1900.0,4.0,0.8696825154081719,4.0,0.0,0.0,0.0,2.0
5608.0,add,0.873597849947558,1901.0,5.0,0.873597849947558,4.0,0.0,0.0,0.0,3.0
5609.0,delete,0.873597849947558,1901.0,5.0,0.873597849947558,4.0,0.0,0.0,0.0,1.0
5610.0,swap,0.7445714102535984,1901.0,5.0,0.873597849947558,4.0,0.0,1.0,0.0,1.0
5611.0,swap,0.15483616985988133,1902.0,4.0,0.8413412400240681,4.0,0.0,1.0,0.0,1.0
5612.0,add,0.8696825154081719,1903.0,5.0,0.8696825154081719,4.0,0.0,0.0,1.0,2.0
5613.0,add,0.8696825154081719,1903.0,5.0,0.8696825154081719,4.0,0.0,0.0,1.0,3.0
5614.0,delete,0.26659909213401584,1903.0,5.0,0.8696825154081719,3.0,0.0,0.0,1.0,2.0
5615.0,swap,0.04419473258264096,1903.0,5.0,0.8696825154081719,3.0,0.0,1.0,1.0,2.0
5616.0,swap,0.08170900572249233,1904.0,4.0,0.7489347913862592,3.0,0.0,0.0,1.0,2.0
5617.0,change,0.873597849947558,1905.0,7.0,0.873597849947558,4.0,1.0,0.0,0.0,3.0
5618.0,add,0.8735978499475604,1905.0,7.0,0.873597849947558,4.0,2.0,0.0,0.0,3.0
5619.0,delete,0.873597849947558,1905.0,7.0,0.873597849947558,4.0,0.0,0.0,0.0,3.0
5620.0,swap,0.08597457175616141,1905.0,7.0,0.873597849947558,3.0,1.0,0.0,0.0,4.0
5621.0,change,0.873597849947558,1906.0,4.0,0.6011398431329794,4.0,1.0,0.0,0.0,2.0
5622.0,add,0.873597849947558,1907.0,3.0,0.6142880879535503,4.0,1.0,0.0,0.0,2.0
5623.0,change,0.8620385056765617,1908.0,2.0,0.6095741678449941,4.0,0.0,1.0,0.0,0.0
5624.0,change,0.8482926876493521,1909.0,3.0,0.8620385056765617,4.0,0.0,1.0,0.0,0.0
5625.0,add,0.8583548978650195,1909.0,3.0,0.8620385056765617,4.0,0.0,1.0,0.0,1.0
5626.0,delete,0.26428191998798284,1909.0,3.0,0.8620385056765617,3.0,0.0,1.0,0.0,0.0
5627.0,swap,0.11306634238209601,1909.0,3.0,0.8620385056765617,3.0,0.0,2.0,0.0,0.0
5628.0,add,0.873597849947558,1910.0,4.0,0.873597849947558,4.0,1.0,0.0,0.0,2.0
5629.0,add,0.873597849947558,1910.0,4.0,0.873597849947558,4.0,2.0,0.0,0.0,2.0
5630.0,delete,0.873597849947558,1910.0,4.0,0.873597849947558,4.0,0.0,0.0,0.0,2.0
5631.0,swap,0.873597849947558,1910.0,4.0,0.873597849947558,4.0,1.0,0.0,0.0,2.0
5632.0,add,0.873597849947558,1911.0,5.0,0.873597849947558,4.0,2.0,0.0,0.0,2.0
5633.0,add,0.873597849947558,1911.0,5.0,0.873597849947558,4.0,2.0,0.0,0.0,3.0
5634.0,delete,0.873597849947558,1911.0,5.0,0.873597849947558,4.0,2.0,0.0,0.0,1.0
5635.0,swap,0.13115666550037205,1911.0,5.0,0.873597849947558,3.0,2.0,1.0,0.0,2.0
5636.0,add,0.8684525127287878,1912.0,5.0,0.873597849947558,4.0,0.0,0.0,1.0,2.0
5637.0,delete,0.873597849947558,1912.0,5.0,0.873597849947558,4.0,0.0,0.0,0.0,1.0
5638.0,swap,0.2677858814627581,1912.0,5.0,0.873597849947558,3.0,1.0,0.0,0.0,2.0
5639.0,change,0.8735931127618067,1913.0,3.0,0.7220515501771293,4.0,0.0,1.0,0.0,1.0
5640.0,change,0.869295875378996,1914.0,4.0,0.8735931127618067,4.0,0.0,1.0,0.0,1.0
5641.0,add,0.8696777996540497,1914.0,4.0,0.8735931127618067,4.0,0.0,1.0,1.0,1.0
5642.0,delete,0.30407479884654864,1914.0,4.0,0.8735931127618067,3.0,0.0,1.0,0.0,1.0
5643.0,swap,0.8735931127618067,1914.0,4.0,0.8735931127618067,4.0,0.0,1.0,0.0,1.0
5644.0,swap,0.8404016736026507,1915.0,5.0,0.8735931127618067,4.0,0.0,1.0,0.0,1.0
5645.0,add,0.8735931127618067,1915.0,5.0,0.8735931127618067,4.0,0.0,1.0,0.0,2.0
5646.0,delete,0.873597849947558,1915.0,5.0,0.8735931127618067,4.0,0.0,0.0,0.0,1.0
5647.0,swap,0.2674739074553658,1915.0,5.0,0.8735931127618067,3.0,1.0,1.0,0.0,1.0
5648.0,add,0.8477438213066736,1916.0,5.0,0.8477438213066736,4.0,1.0,1.0,0.0,0.0
5649.0,add,0.8477438213066726,1916.0,5.0,0.8477438213066736,4.0,2.0,1.0,0.0,0.0
5650.0,delete,0.2954189693851357,1916.0,5.0,0.8477438213066736,3.0,1.0,1.0,0.0,0.0
5651.0,swap,0.041461385754548795,1916.0,5.0,0.8477438213066736,3.0,1.0,1.0,0.0,1.0
5652.0,add,0.873597849947558,1917.0,5.0,0.873597849947558,4.0,1.0,0.0,0.0,2.0
5653.0,add,0.873597849947558,1917.0,5.0,0.873597849947558,4.0,2.0,0.0,0.0,2.0
5654.0,delete,0.3040764312848323,1917.0,5.0,0.873597849947558,3.0,1.0,0.0,0.0,2.0
5655.0,swap,0.2677858814627575,1917.0,5.0,0.873597849947558,3.0,2.0,0.0,0.0,2.0
5656.0,change,0.8724880045952065,1918.0,3.0,0.7325399281468741,4.0,0.0,1.0,0.0,1.0
5657.0,change,0.8719737355492444,1919.0,4.0,0.8724880045952065,4.0,0.0,1.0,0.0,1.0
5658.0,add,0.8724880045952065,1919.0,4.0,0.8724880045952065,4.0,1.0,1.0,0.0,1.0
5659.0,delete,0.8724880045952065,1919.0,4.0,0.8724880045952065,4.0,0.0,1.0,0.0,0.0
5660.0,swap,0.2723114082253488,1919.0,4.0,0.8724880045952065,3.0,0.0,1.0,0.0,2.0
5661.0,delete,0.8732958101376528,1920.0,5.0,0.8724880045952065,4.0,0.0,1.0,0.0,0.0
5662.0,add,0.8724880045952065,1920.0,5.0,0.8724880045952065,4.0,1.0,1.0,0.0,0.0
5663.0,delete,0.2723114082253488,1920.0,5.0,0.8724880045952065,3.0,0.0,1.0,0.0,0.0
5664.0,swap,0.27813674578099623,1920.0,5.0,0.8724880045952065,3.0,1.0,1.0,0.0,0.0
5665.0,add,0.06778306288385505,1921.0,4.0,0.7251096130581207,4.0,1.0,1.0,0.0,2.0
5666.0,delete,0.2677858814627581,1922.0,4.0,0.7208585235216655,3.0,1.0,0.0,0.0,2.0
5667.0,add,0.670744736354949,1923.0,4.0,0.5951044390559658,4.0,1.0,1.0,0.0,1.0
5668.0,add,0.5951044390559658,1923.0,4.0,0.5951044390559658,4.0,2.0,1.0,0.0,1.0
5669.0,delete,0.5951044390559668,1923.0,4.0,0.5951044390559658,4.0,0.0,1.0,0.0,1.0
5670.0,swap,0.015424474297766298,1923.0,4.0,0.5951044390559658,3.0,1.0,2.0,0.0,1.0
5671.0,add,0.8607181892235287,1924.0,6.0,0.8607181892235287,4.0,0.0,1.0,2.0,1.0
5672.0,add,0.8594953901226506,1924.0,6.0,0.8607181892235287,4.0,0.0,1.0,2.0,2.0
5673.0,delete,0.8607181892235287,1924.0,6.0,0.8607181892235287,4.0,0.0,1.0,2.0,0.0
5674.0,swap,0.2654274433512189,1924.0,6.0,0.8607181892235287,3.0,1.0,1.0,2.0,1.0
5675.0,add,0.8735134533016868,1925.0,4.0,0.8525360673225537,4.0,0.0,1.0,0.0,2.0
5676.0,add,0.261184130500524,1925.0,4.0,0.8525360673225537,4.0,0.0,2.0,0.0,2.0
5677.0,delete,0.11679187653218646,1925.0,4.0,0.8525360673225537,3.0,0.0,1.0,0.0,2.0
5678.0,swap,0.09041422973509584,1925.0,4.0,0.8525360673225537,4.0,0.0,2.0,0.0,1.0
5679.0,add,0.873597849947558,1926.0,4.0,0.873597849947558,4.0,1.0,0.0,0.0,1.0
5680.0,add,0.8684525127287882,1926.0,4.0,0.873597849947558,4.0,1.0,0.0,1.0,1.0
5681.0,delete,0.3040764312848323,1926.0,4.0,0.873597849947558,3.0,1.0,0.0,0.0,1.0
5682.0,swap,0.866164230387068,1926.0,4.0,0.873597849947558,4.0,0.0,0.0,1.0,1.0
5683.0,change,0.8684525127287892,1927.0,4.0,0.6275549755824312,4.0,1.0,0.0,1.0,0.0
5684.0,change,0.8684525127287882,1928.0,5.0,0.8684525127287892,4.0,1.0,0.0,1.0,0.0
5685.0,add,0.8684525127287896,1928.0,5.0,0.8684525127287892,4.0,2.0,0.0,1.0,0.0
5686.0,delete,0.2677858814627575,1928.0,5.0,0.8684525127287892,3.0,1.0,0.0,1.0,0.0
5687.0,swap,0.2677858814627581,1928.0,5.0,0.8684525127287892,3.0,2.0,0.0,1.0,0.0
5688.0,swap,0.8645604557060114,1929.0,6.0,0.8645604557060114,4.0,1.0,0.0,2.0,0.0
5689.0,add,0.8529928645617525,1929.0,6.0,0.8645604557060114,4.0,1.0,0.0,3.0,0.0
5690.0,delete,0.8696825154081753,1929.0,6.0,0.8645604557060114,4.0,1.0,0.0,1.0,0.0
5691.0,swap,0.26502893700009034,1929.0,6.0,0.8645604557060114,3.0,1.0,0.0,3.0,0.0
5692.0,change,0.8696825154081753,1930.0,4.0,0.7482864408965695,4.0,1.0,0.0,1.0,0.0
5693.0,change,0.8696825154081719,1931.0,5.0,0.8696825154081753,4.0,1.0,0.0,1.0,0.0
5694.0,add,0.8696825154081753,1931.0,5.0,0.8696825154081753,4.0,1.0,0.0,1.0,1.0
5695.0,delete,0.8696825154081719,1931.0,5.0,0.8696825154081753,4.0,0.0,0.0,1.0,0.0
5696.0,swap,0.2665990921340155,1931.0,5.0,0.8696825154081753,3.0,1.0,0.0,1.0,1.0
5697.0,change,0.873597849947558,1932.0,3.0,0.7571777748591609,4.0,1.0,0.0,0.0,1.0
5698.0,change,0.873597849947558,1933.0,4.0,0.873597849947558,4.0,1.0,0.0,0.0,1.0
5699.0,add,0.8684525127287911,1933.0,4.0,0.873597849947558,4.0,1.0,0.0,1.0,1.0
5700.0,delete,0.873597849947558,1933.0,4.0,0.873597849947558,4.0,1.0,0.0,0.0,0.0
5701.0,swap,0.873597849947558,1933.0,4.0,0.873597849947558,4.0,2.0,0.0,0.0,0.0
5702.0,add,0.873597849947558,1934.0,4.0,0.873597849947558,4.0,1.0,0.0,0.0,1.0
5703.0,add,0.873597849947558,1934.0,4.0,0.873597849947558,4.0,1.0,0.0,0.0,2.0
5704.0,delete,0.2677858814627581,1934.0,4.0,0.873597849947558,3.0,1.0,0.0,0.0,1.0
5705.0,swap,0.873597849947558,1934.0,4.0,0.873597849947558,4.0,1.0,0.0,0.0,1.0
5706.0,change,0.873597849947558,1935.0,3.0,0.752435456250598,4.0,1.0,0.0,0.0,1.0
5707.0,change,0.873597849947558,1936.0,4.0,0.873597849947558,4.0,1.0,0.0,0.0,1.0
5708.0,add,0.873597849947558,1936.0,4.0,0.873597849947558,4.0,2.0,0.0,0.0,1.0
5709.0,delete,0.11731916609425042,1936.0,4.0,0.873597849947558,3.0,1.0,0.0,0.0,1.0
5710.0,swap,0.3040764312848323,1936.0,4.0,0.873597849947558,3.0,1.0,0.0,0.0,2.0
5711.0,change,0.873597849947558,1937.0,5.0,0.873597849947558,4.0,1.0,0.0,0.0,1.0
5712.0,add,0.873597849947558,1937.0,5.0,0.873597849947558,4.0,2.0,0.0,0.0,1.0
5713.0,delete,0.11731916609425042,1937.0,5.0,0.873597849947558,3.0,1.0,0.0,0.0,1.0
5714.0,swap,0.04526423397858692,1937.0,5.0,0.873597849947558,3.0,1.0,0.0,0.0,2.0
5715.0,swap,0.8696825154081719,1938.0,6.0,0.8696825154081719,4.0,0.0,0.0,1.0,1.0
5716.0,add,0.083115571743746,1938.0,6.0,0.8696825154081719,4.0,0.0,1.0,1.0,1.0
5717.0,delete,0.26659909213401567,1938.0,6.0,0.8696825154081719,3.0,0.0,0.0,1.0,1.0
5718.0,swap,0.8696825154081719,1938.0,6.0,0.8696825154081719,4.0,0.0,0.0,1.0,1.0
5719.0,change,0.873597849947558,1939.0,3.0,0.6202467210016902,4.0,1.0,0.0,0.0,1.0
5720.0,change,0.873597849947558,1940.0,4.0,0.873597849947558,4.0,1.0,0.0,0.0,1.0
5721.0,add,0.8684525127287892,1940.0,4.0,0.873597849947558,4.0,1.0,0.0,1.0,1.0
5722.0,delete,0.3040764312848323,1940.0,4.0,0.873597849947558,3.0,1.0,0.0,0.0,1.0
5723.0,swap,0.29661495672293536,1940.0,4.0,0.873597849947558,3.0,2.0,0.0,0.0,1.0
5724.0,change,0.873597849947558,1941.0,3.0,0.7184651347701986,4.0,1.0,0.0,0.0,1.0
5725.0,change,0.873597849947558,1942.0,4.0,0.873597849947558,4.0,1.0,0.0,0.0,1.0
5726.0,add,0.873597849947558,1942.0,4.0,0.873597849947558,4.0,1.0,0.0,0.0,2.0
5727.0,delete,0.3040764312848323,1942.0,4.0,0.873597849947558,3.0,1.0,0.0,0.0,1.0
5728.0,swap,0.2788668771946607,1942.0,4.0,0.873597849947558,3.0,1.0,1.0,0.0,1.0
5729.0,add,0.8682694327207293,1943.0,4.0,0.8594466977428705,4.0,0.0,1.0,1.0,0.0
5730.0,add,0.8594466977428711,1943.0,4.0,0.8594466977428705,4.0,1.0,1.0,1.0,0.0
5731.0,delete,0.2634962419813178,1943.0,4.0,0.8594466977428705,3.0,0.0,1.0,1.0,0.0
5732.0,swap,0.24635164296065576,1943.0,4.0,0.8594466977428705,3.0,0.0,1.0,1.0,1.0
5733.0,change,0.873597849947558,1944.0,5.0,0.873597849947558,4.0,1.0,0.0,0.0,1.0
5734.0,add,0.8696825154081719,1944.0,5.0,0.873597849947558,4.0,1.0,0.0,1.0,1.0
5735.0,delete,0.873597849947558,1944.0,5.0,0.873597849947558,4.0,0.0,0.0,0.0,1.0
5736.0,swap,0.873597849947558,1944.0,5.0,0.873597849947558,4.0,0.0,0.0,0.0,2.0
5737.0,change,0.873597849947558,1945.0,4.0,0.8728147830396807,4.0,1.0,0.0,0.0,1.0
5738.0,change,0.873597849947558,1946.0,6.0,0.873597849947558,4.0,1.0,0.0,0.0,1.0
5739.0,add,0.873597849947558,1946.0,6.0,0.873597849947558,4.0,1.0,0.0,0.0,2.0
5740.0,delete,0.873597849947558,1946.0,6.0,0.873597849947558,4.0,1.0,0.0,0.0,0.0
5741.0,swap,0.2677858814627575,1946.0,6.0,0.873597849947558,3.0,1.0,0.0,0.0,2.0
5742.0,add,0.873597849947558,1947.0,6.0,0.873597849947558,4.0,0.0,0.0,0.0,2.0
5743.0,delete,0.3040764312848323,1947.0,6.0,0.873597849947558,3.0,0.0,0.0,0.0,1.0
5744.0,swap,0.30407643128483264,1947.0,6.0,0.873597849947558,3.0,1.0,0.0,0.0,1.0
5745.0,add,0.7622688015418237,1948.0,4.0,0.7622688015418224,4.0,1.0,1.0,0.0,1.0
5746.0,add,0.7622688015418233,1948.0,4.0,0.7622688015418224,4.0,2.0,1.0,0.0,1.0
5747.0,delete,0.2666808084566291,1948.0,4.0,0.7622688015418224,3.0,1.0,1.0,0.0,1.0
5748.0,swap,0.7622688015418224,1948.0,4.0,0.7622688015418224,4.0,2.0,1.0,0.0,0.0
5749.0,add,0.8684525127287892,1949.0,5.0,0.8684525127287892,4.0,1.0,0.0,1.0,1.0
5750.0,add,0.8645604557060119,1949.0,5.0,0.8684525127287892,4.0,1.0,0.0,2.0,1.0
5751.0,delete,0.873597849947558,1949.0,5.0,0.8684525127287892,4.0,1.0,0.0,0.0,1.0
5752.0,swap,0.04436144177290665,1949.0,5.0,0.8684525127287892,3.0,1.0,0.0,1.0,2.0
5753.0,swap,0.873597849947558,1950.0,5.0,0.873597849947558,4.0,1.0,0.0,0.0,1.0
5754.0,add,0.873597849947558,1950.0,5.0,0.873597849947558,4.0,1.0,0.0,0.0,2.0
5755.0,delete,0.11731916609425053,1950.0,5.0,0.873597849947558,3.0,1.0,0.0,0.0,1.0
5756.0,swap,0.2677858814627575,1950.0,5.0,0.873597849947558,3.0,1.0,0.0,1.0,1.0
5757.0,change,0.873597849947558,1951.0,4.0,0.7390770699206626,4.0,1.0,0.0,0.0,1.0
5758.0,change,0.873597849947558,1952.0,5.0,0.873597849947558,4.0,1.0,0.0,0.0,1.0
5759.0,add,0.873597849947558,1952.0,5.0,0.873597849947558,4.0,1.0,0.0,0.0,2.0
5760.0,delete,0.30407643128483247,1952.0,5.0,0.873597849947558,3.0,1.0,0.0,0.0,1.0
5761.0,swap,0.11731916609425053,1952.0,5.0,0.873597849947558,3.0,1.0,0.0,0.0,2.0
5762.0,add,0.8684525127287878,1953.0,3.0,0.6385311725180532,4.0,1.0,0.0,1.0,0.0
5763.0,add,0.8684525127287878,1954.0,4.0,0.8684525127287878,4.0,1.0,0.0,1.0,0.0
5764.0,add,0.8684525127287878,1954.0,4.0,0.8684525127287878,4.0,1.0,0.0,1.0,1.0
5765.0,delete,0.2662086698628963,1954.0,4.0,0.8684525127287878,3.0,1.0,0.0,1.0,0.0
5766.0,swap,0.21462373750767397,1954.0,4.0,0.8684525127287878,3.0,1.0,1.0,1.0,0.0
5767.0,swap,0.866164230387068,1955.0,5.0,0.866164230387068,4.0,0.0,0.0,1.0,1.0
5768.0,add,0.862289252941201,1955.0,5.0,0.866164230387068,4.0,0.0,0.0,2.0,1.0
5769.0,delete,0.26552057028739123,1955.0,5.0,0.866164230387068,3.0,0.0,0.0,1.0,1.0
5770.0,swap,0.0769572922458831,1955.0,5.0,0.866164230387068,4.0,0.0,1.0,0.0,1.0
5771.0,add,0.873597849947558,1956.0,4.0,0.873597849947558,4.0,0.0,0.0,0.0,2.0
5772.0,delete,0.11731916609425042,1956.0,4.0,0.873597849947558,3.0,0.0,0.0,0.0,1.0
5773.0,swap,0.3040764312848323,1956.0,4.0,0.873597849947558,3.0,0.0,0.0,0.0,2.0
5774.0,add,0.865785566124312,1957.0,4.0,0.7298251202563604,4.0,1.0,0.0,2.0,0.0
5775.0,add,0.8657855661243155,1958.0,5.0,0.865785566124312,4.0,1.0,0.0,2.0,0.0
5776.0,add,0.8542034082486681,1958.0,5.0,0.865785566124312,4.0,1.0,0.0,3.0,0.0
5777.0,delete,0.8696825154081772,1958.0,5.0,0.865785566124312,4.0,1.0,0.0,1.0,0.0
5778.0,swap,0.11670235677882375,1958.0,5.0,0.865785566124312,3.0,1.0,0.0,2.0,1.0
5779.0,delete,0.8215365465739553,1959.0,6.0,0.8215365465739553,4.0,0.0,1.0,1.0,0.0
5780.0,add,0.8169304475535275,1959.0,6.0,0.8215365465739553,4.0,0.0,1.0,2.0,0.0
5781.0,delete,0.8252331306588193,1959.0,6.0,0.8215365465739553,4.0,0.0,1.0,0.0,0.0
5782.0,swap,0.19334700102208194,1959.0,6.0,0.8215365465739553,3.0,0.0,2.0,1.0,0.0
5783.0,add,0.8215365465739534,1960.0,6.0,0.8215365465739561,4.0,2.0,1.0,1.0,0.0
5784.0,add,0.8215365465739557,1960.0,6.0,0.8215365465739561,4.0,3.0,1.0,1.0,0.0
5785.0,delete,0.2861678403556554,1960.0,6.0,0.8215365465739561,3.0,2.0,1.0,1.0,0.0
5786.0,swap,0.7607896497126223,1960.0,6.0,0.8215365465739561,4.0,1.0,2.0,1.0,0.0
5787.0,add,0.7708594639697851,1961.0,6.0,0.8215365465739553,4.0,1.0,1.0,1.0,0.0
5788.0,add,0.8169304475535275,1961.0,6.0,0.8215365465739553,4.0,1.0,1.0,2.0,0.0
5789.0,delete,0.2861678403556556,1961.0,6.0,0.8215365465739553,3.0,1.0,1.0,1.0,0.0
5790.0,swap,0.11844038262623784,1961.0,6.0,0.8215365465739553,4.0,0.0,2.0,1.0,0.0
5791.0,change,0.873597849947558,1962.0,4.0,0.873597849947558,4.0,1.0,0.0,0.0,0.0
5792.0,add,0.7999148793849535,1962.0,4.0,0.873597849947558,4.0,1.0,1.0,0.0,0.0
5793.0,delete,0.2677858814627581,1962.0,4.0,0.873597849947558,3.0,1.0,0.0,0.0,0.0
5794.0,swap,0.30407643128483247,1962.0,4.0,0.873597849947558,3.0,1.0,0.0,0.0,1.0
5795.0,change,0.8696825154081719,1963.0,4.0,0.5982889892822039,4.0,0.0,0.0,1.0,2.0
5796.0,change,0.8696825154081719,1964.0,5.0,0.8696825154081719,4.0,0.0,0.0,1.0,2.0
5797.0,add,0.8696825154081719,1964.0,5.0,0.8696825154081719,4.0,0.0,0.0,1.0,3.0
5798.0,delete,0.11682971704228412,1964.0,5.0,0.8696825154081719,3.0,0.0,0.0,1.0,2.0
5799.0,swap,0.8645604557060138,1964.0,5.0,0.8696825154081719,4.0,0.0,0.0,2.0,1.0
5800.0,add,0.873597849947558,1965.0,3.0,0.6128292922295132,4.0,0.0,0.0,0.0,3.0
5801.0,add,0.873597849947558,1966.0,4.0,0.873597849947558,4.0,0.0,0.0,0.0,4.0
5802.0,delete,0.11731916609425042,1966.0,4.0,0.873597849947558,3.0,0.0,0.0,0.0,3.0
5803.0,swap,0.3040764312848323,1966.0,4.0,0.873597849947558,3.0,0.0,0.0,1.0,3.0
5804.0,add,0.8735978499475604,1967.0,5.0,0.873597849947558,4.0,1.0,0.0,0.0,2.0
5805.0,add,0.873597849947558,1967.0,5.0,0.873597849947558,4.0,2.0,0.0,0.0,2.0
5806.0,delete,0.873597849947558,1967.0,5.0,0.873597849947558,4.0,0.0,0.0,0.0,2.0
5807.0,swap,0.0342989166645149,1967.0,5.0,0.873597849947558,3.0,1.0,0.0,0.0,3.0
5808.0,change,0.873597849947558,1968.0,5.0,0.7223421131768964,4.0,1.0,0.0,0.0,2.0
5809.0,change,0.8735978499475604,1969.0,6.0,0.873597849947558,4.0,1.0,0.0,0.0,2.0
5810.0,add,0.873597849947558,1969.0,6.0,0.873597849947558,4.0,1.0,0.0,0.0,3.0
5811.0,delete,0.3040764312848323,1969.0,6.0,0.873597849947558,3.0,1.0,0.0,0.0,2.0
5812.0,swap,0.3040764312848323,1969.0,6.0,0.873597849947558,3.0,1.0,0.0,1.0,2.0
5813.0,add,0.8696825154081714,1970.0,5.0,0.8696825154081714,4.0,1.0,0.0,1.0,1.0
5814.0,add,0.8696825154081719,1970.0,5.0,0.8696825154081714,4.0,2.0,0.0,1.0,1.0
5815.0,delete,0.8696825154081719,1970.0,5.0,0.8696825154081714,4.0,0.0,0.0,1.0,1.0
5816.0,swap,0.3040764312848323,1970.0,5.0,0.8696825154081714,3.0,2.0,0.0,1.0,1.0
5817.0,add,0.8696825154081719,1971.0,4.0,0.7565612985835038,4.0,0.0,0.0,1.0,2.0
5818.0,add,0.8696825154081719,1972.0,5.0,0.8696825154081719,4.0,0.0,0.0,1.0,2.0
5819.0,add,0.7099569918203519,1972.0,5.0,0.8696825154081719,4.0,0.0,1.0,1.0,2.0
5820.0,delete,0.8696825154081719,1972.0,5.0,0.8696825154081719,4.0,0.0,0.0,1.0,1.0
5821.0,swap,0.3040764312848323,1972.0,5.0,0.8696825154081719,3.0,0.0,0.0,1.0,3.0
5822.0,delete,0.8696825154081719,1973.0,6.0,0.8696825154081719,4.0,0.0,0.0,1.0,1.0
5823.0,add,0.8684336761041985,1973.0,6.0,0.8696825154081719,4.0,0.0,0.0,1.0,2.0
5824.0,delete,0.11719131559423906,1973.0,6.0,0.8696825154081719,3.0,0.0,0.0,1.0,1.0
5825.0,swap,0.18864685353831034,1973.0,6.0,0.8696825154081719,4.0,0.0,1.0,0.0,1.0
5826.0,swap,0.8645604557060138,1974.0,6.0,0.8645604557060138,4.0,0.0,0.0,2.0,1.0
5827.0,add,0.8645604557060138,1974.0,6.0,0.8645604557060138,4.0,0.0,0.0,2.0,2.0
5828.0,delete,0.8696825154081719,1974.0,6.0,0.8645604557060138,4.0,0.0,0.0,1.0,1.0
5829.0,swap,0.09181244133327172,1974.0,6.0,0.8645604557060138,3.0,0.0,1.0,2.0,1.0
5830.0,change,0.8696825154081719,1975.0,4.0,0.6623213238240933,4.0,0.0,0.0,1.0,2.0
5831.0,change,0.8696825154081719,1976.0,5.0,0.8696825154081719,4.0,0.0,0.0,1.0,2.0
5832.0,add,0.2434270604495824,1976.0,5.0,0.8696825154081719,4.0,0.0,1.0,1.0,2.0
5833.0,delete,0.11682971704228412,1976.0,5.0,0.8696825154081719,3.0,0.0,0.0,1.0,2.0
5834.0,swap,0.11719131559423902,1976.0,5.0,0.8696825154081719,3.0,1.0,0.0,1.0,2.0
5835.0,add,0.8684525127287878,1977.0,6.0,0.8684525127287878,4.0,1.0,0.0,1.0,1.0
5836.0,add,0.8684525127287896,1977.0,6.0,0.8684525127287878,4.0,2.0,0.0,1.0,1.0
5837.0,delete,0.873597849947558,1977.0,6.0,0.8684525127287878,4.0,1.0,0.0,0.0,1.0
5838.0,swap,0.11461324529108374,1977.0,6.0,0.8684525127287878,3.0,1.0,0.0,2.0,1.0
5839.0,change,0.873597849947558,1978.0,3.0,0.6591567292320957,4.0,1.0,0.0,0.0,1.0
5840.0,change,0.873597849947558,1979.0,4.0,0.873597849947558,4.0,1.0,0.0,0.0,1.0
5841.0,add,0.8684525127287896,1979.0,4.0,0.873597849947558,4.0,1.0,0.0,1.0,1.0
5842.0,delete,0.08208499862389862,1979.0,4.0,0.873597849947558,3.0,1.0,0.0,0.0,1.0
5843.0,swap,0.1127724075080578,1979.0,4.0,0.873597849947558,4.0,0.0,1.0,0.0,1.0
5844.0,change,0.873597849947558,1980.0,4.0,0.6831289090791355,4.0,1.0,0.0,0.0,2.0
5845.0,change,0.873597849947558,1981.0,5.0,0.873597849947558,4.0,1.0,0.0,0.0,2.0
5846.0,add,0.8684525127287878,1981.0,5.0,0.873597849947558,4.0,1.0,0.0,1.0,2.0
5847.0,delete,0.873597849947558,1981.0,5.0,0.873597849947558,4.0,1.0,0.0,0.0,1.0
5848.0,swap,0.2677858814627575,1981.0,5.0,0.873597849947558,3.0,2.0,0.0,0.0,2.0
5849.0,delete,0.873597849947558,1982.0,6.0,0.873597849947558,4.0,1.0,0.0,0.0,1.0
5850.0,add,0.8735978499475604,1982.0,6.0,0.873597849947558,4.0,2.0,0.0,0.0,1.0
5851.0,delete,0.3040764312848323,1982.0,6.0,0.873597849947558,3.0,1.0,0.0,0.0,1.0
5852.0,swap,0.02122222234712617,1982.0,6.0,0.873597849947558,3.0,1.0,1.0,0.0,1.0
5853.0,change,0.8684525127287878,1983.0,4.0,0.6503357588107888,4.0,0.0,0.0,1.0,1.0
5854.0,change,0.8684525127287878,1984.0,3.0,0.6249143654864447,4.0,0.0,0.0,1.0,1.0
5855.0,change,0.8684525127287878,1985.0,4.0,0.8684525127287878,4.0,0.0,0.0,1.0,1.0
5856.0,add,0.866164230387068,1985.0,4.0,0.8684525127287878,4.0,0.0,0.0,1.0,2.0
5857.0,delete,0.2662086698628963,1985.0,4.0,0.8684525127287878,3.0,0.0,0.0,1.0,1.0
5858.0,swap,0.08208499862389865,1985.0,4.0,0.8684525127287878,3.0,0.0,0.0,1.0,2.0
5859.0,add,0.630241221914061,1986.0,4.0,0.6679876227106004,4.0,0.0,2.0,1.0,1.0
5860.0,add,0.8063861558439441,1987.0,4.0,0.6939129603268032,4.0,1.0,1.0,0.0,2.0
5861.0,add,0.684320963304387,1988.0,5.0,0.8063861558439441,4.0,1.0,1.0,0.0,2.0
5862.0,add,0.8063861558439441,1988.0,5.0,0.8063861558439441,4.0,1.0,1.0,0.0,3.0
5863.0,delete,0.8063861558439441,1988.0,5.0,0.8063861558439441,4.0,1.0,1.0,0.0,1.0
5864.0,swap,0.8044667472767372,1988.0,5.0,0.8063861558439441,3.0,1.0,2.0,0.0,2.0
5865.0,add,0.8063861558439437,1989.0,3.0,0.6607107885759187,4.0,1.0,1.0,0.0,1.0
5866.0,add,0.7870468028110473,1990.0,4.0,0.8063861558439437,4.0,1.0,1.0,0.0,1.0
5867.0,add,0.8063861558439437,1990.0,4.0,0.8063861558439437,4.0,1.0,1.0,0.0,2.0
5868.0,delete,0.8063861558439437,1990.0,4.0,0.8063861558439437,4.0,0.0,1.0,0.0,1.0
5869.0,swap,0.8063861558439441,1990.0,4.0,0.8063861558439437,4.0,1.0,1.0,0.0,1.0
5870.0,add,0.873597849947558,1991.0,2.0,0.6442302768204615,4.0,0.0,0.0,0.0,2.0
5871.0,add,0.873597849947558,1992.0,3.0,0.873597849947558,4.0,1.0,0.0,0.0,2.0
5872.0,delete,0.873597849947558,1992.0,3.0,0.873597849947558,4.0,0.0,0.0,0.0,1.0
5873.0,swap,0.8684525127287878,1992.0,3.0,0.873597849947558,4.0,0.0,0.0,1.0,1.0
5874.0,add,0.7619624920511706,1993.0,5.0,0.6013964314642699,4.0,1.0,2.0,0.0,0.0
5875.0,add,0.6013964314642702,1993.0,5.0,0.6013964314642699,4.0,2.0,2.0,0.0,0.0
5876.0,delete,0.6013964314642702,1993.0,5.0,0.6013964314642699,4.0,0.0,2.0,0.0,0.0
5877.0,swap,0.18573595933230932,1993.0,5.0,0.6013964314642699,3.0,2.0,2.0,0.0,0.0
5878.0,add,0.873597849947558,1994.0,4.0,0.873597849947558,4.0,1.0,0.0,0.0,2.0
5879.0,add,0.10251257321992356,1994.0,4.0,0.873597849947558,4.0,1.0,1.0,0.0,2.0
5880.0,delete,0.2677858814627581,1994.0,4.0,0.873597849947558,3.0,1.0,0.0,0.0,2.0
5881.0,swap,0.8735978499475604,1994.0,4.0,0.873597849947558,4.0,2.0,0.0,0.0,1.0
5882.0,swap,0.8684525127287878,1995.0,4.0,0.8684525127287878,4.0,0.0,0.0,1.0,1.0
5883.0,add,0.6032378794334885,1995.0,4.0,0.8684525127287878,4.0,0.0,1.0,1.0,1.0
5884.0,delete,0.11663505098597605,1995.0,4.0,0.8684525127287878,3.0,0.0,0.0,1.0,1.0
5885.0,swap,0.1150372232262,1995.0,4.0,0.8684525127287878,3.0,0.0,1.0,1.0,1.0
5886.0,swap,0.7090458695289548,1996.0,5.0,0.8063861558439441,4.0,1.0,1.0,0.0,1.0
5887.0,add,0.7559239049320133,1996.0,5.0,0.8063861558439441,4.0,1.0,2.0,0.0,1.0
5888.0,delete,0.8063861558439441,1996.0,5.0,0.8063861558439441,4.0,1.0,1.0,0.0,0.0
5889.0,swap,0.08899718818139553,1996.0,5.0,0.8063861558439441,3.0,2.0,1.0,0.0,1.0
5890.0,delete,0.7650013057651678,1997.0,5.0,0.8063861558439437,4.0,0.0,1.0,0.0,1.0
5891.0,add,0.8063861558439437,1997.0,5.0,0.8063861558439437,4.0,0.0,1.0,0.0,2.0
5892.0,delete,0.8063861558439437,1997.0,5.0,0.8063861558439437,4.0,0.0,1.0,0.0,0.0
5893.0,swap,0.806386155843945,1997.0,5.0,0.8063861558439437,4.0,1.0,1.0,0.0,0.0
5894.0,delete,0.24740464812035656,1998.0,4.0,0.7981091858281888,3.0,1.0,1.0,0.0,1.0
5895.0,add,0.8258197823519544,1999.0,5.0,0.7870468028110473,4.0,1.0,1.0,0.0,1.0
5896.0,add,0.7870468028110478,1999.0,5.0,0.7870468028110473,4.0,2.0,1.0,0.0,1.0
5897.0,delete,0.873597849947558,1999.0,5.0,0.7870468028110473,4.0,1.0,0.0,0.0,1.0
5898.0,swap,0.17258450240338621,1999.0,5.0,0.7870468028110473,3.0,2.0,1.0,0.0,1.0
5899.0,swap,0.8063861558439437,2000.0,6.0,0.806386155843945,4.0,1.0,1.0,0.0,0.0
5900.0,add,0.7978573148142379,2000.0,6.0,0.806386155843945,4.0,1.0,2.0,0.0,0.0
5901.0,delete,0.4886398972453564,2000.0,6.0,0.806386155843945,3.0,1.0,1.0,0.0,0.0
5902.0,swap,0.24740464812035695,2000.0,6.0,0.806386155843945,3.0,1.0,1.0,0.0,1.0
5903.0,add,0.8696825154081719,2001.0,5.0,0.8696825154081719,4.0,0.0,0.0,1.0,2.0
5904.0,add,0.33903307319641646,2001.0,5.0,0.8696825154081719,4.0,0.0,1.0,1.0,2.0
5905.0,delete,0.26659909213401567,2001.0,5.0,0.8696825154081719,3.0,0.0,0.0,1.0,2.0
5906.0,swap,0.8696825154081753,2001.0,5.0,0.8696825154081719,4.0,1.0,0.0,1.0,1.0
5907.0,swap,0.8649799913270858,2002.0,5.0,0.8649799913270858,4.0,0.0,1.0,1.0,1.0
5908.0,add,0.08297449997823104,2002.0,5.0,0.8649799913270858,4.0,0.0,2.0,1.0,1.0
5909.0,delete,0.17132221893509572,2002.0,5.0,0.8649799913270858,3.0,0.0,1.0,1.0,1.0
5910.0,swap,0.17132221893509572,2002.0,5.0,0.8649799913270858,3.0,0.0,1.0,1.0,2.0
5911.0,delete,0.873597849947558,2003.0,5.0,0.873597849947558,4.0,1.0,0.0,0.0,0.0
5912.0,add,0.8735978499475604,2003.0,5.0,0.873597849947558,4.0,2.0,0.0,0.0,0.0
5913.0,delete,0.2677858814627575,2003.0,5.0,0.873597849947558,3.0,1.0,0.0,0.0,0.0
5914.0,swap,0.2677858814627581,2003.0,5.0,0.873597849947558,3.0,2.0,0.0,0.0,0.0
5915.0,change,0.8684525127287911,2004.0,4.0,0.6431300214085899,4.0,1.0,0.0,1.0,0.0
5916.0,change,0.8684525127287878,2005.0,5.0,0.8684525127287911,4.0,1.0,0.0,1.0,0.0
5917.0,add,0.8613679275778423,2005.0,5.0,0.8684525127287911,4.0,1.0,1.0,1.0,0.0
5918.0,delete,0.30230329150181523,2005.0,5.0,0.8684525127287911,3.0,1.0,0.0,1.0,0.0
5919.0,swap,0.2662086698628965,2005.0,5.0,0.8684525127287911,3.0,2.0,0.0,1.0,0.0
5920.0,add,0.8684525127287878,2006.0,5.0,0.7344307715807583,4.0,1.0,0.0,1.0,2.0
5921.0,add,0.8684525127287892,2007.0,6.0,0.8684525127287878,4.0,1.0,0.0,1.0,2.0
5922.0,add,0.8684525127287896,2007.0,6.0,0.8684525127287878,4.0,2.0,0.0,1.0,2.0
5923.0,delete,0.8684525127287878,2007.0,6.0,0.8684525127287878,4.0,1.0,0.0,1.0,1.0
5924.0,swap,0.15216320184410445,2007.0,6.0,0.8684525127287878,4.0,0.0,1.0,1.0,2.0
5925.0,delete,0.8684525127287901,2008.0,6.0,0.7458760469861718,4.0,1.0,0.0,1.0,1.0
5926.0,delete,0.8684525127287911,2009.0,7.0,0.8684525127287901,4.0,1.0,0.0,1.0,1.0
5927.0,add,0.8661642303870695,2009.0,7.0,0.8684525127287901,4.0,1.0,0.0,1.0,2.0
5928.0,delete,0.8684525127287878,2009.0,7.0,0.8684525127287901,4.0,0.0,0.0,1.0,1.0
5929.0,swap,0.26465930531063175,2009.0,7.0,0.8684525127287901,3.0,1.0,0.0,2.0,1.0
5930.0,add,0.8684525127287878,2010.0,7.0,0.8684525127287901,4.0,2.0,0.0,1.0,2.0
5931.0,add,0.10832780927601803,2010.0,7.0,0.8684525127287901,4.0,2.0,1.0,1.0,2.0
5932.0,delete,0.8684525127287878,2010.0,7.0,0.8684525127287901,4.0,1.0,0.0,1.0,2.0
5933.0,swap,0.014750817775631926,2010.0,7.0,0.8684525127287901,3.0,2.0,1.0,1.0,2.0
5934.0,change,0.873597849947558,2011.0,4.0,0.7223421131768964,4.0,2.0,0.0,0.0,1.0
5935.0,change,0.873597849947558,2012.0,5.0,0.873597849947558,4.0,2.0,0.0,0.0,1.0
5936.0,add,0.873597849947558,2012.0,5.0,0.873597849947558,4.0,2.0,0.0,0.0,2.0
5937.0,delete,0.30407643128483264,2012.0,5.0,0.873597849947558,3.0,2.0,0.0,0.0,1.0
5938.0,swap,0.23944270826517394,2012.0,5.0,0.873597849947558,3.0,2.0,1.0,0.0,1.0
5939.0,add,0.8532479788325797,2013.0,6.0,0.8532479788325802,4.0,1.0,0.0,2.0,1.0
5940.0,add,0.8532479788325797,2013.0,6.0,0.8532479788325802,4.0,2.0,0.0,2.0,1.0
5941.0,delete,0.8532479788325802,2013.0,6.0,0.8532479788325802,4.0,1.0,0.0,2.0,0.0
5942.0,swap,0.2615479904531755,2013.0,6.0,0.8532479788325802,3.0,1.0,0.0,2.0,2.0
5943.0,add,0.8645604557060105,2014.0,3.0,0.6605469795351823,4.0,1.0,0.0,2.0,0.0
5944.0,add,0.8645604557060095,2015.0,4.0,0.8645604557060105,4.0,1.0,0.0,2.0,0.0
5945.0,add,0.770680179106984,2015.0,4.0,0.8645604557060105,4.0,1.0,1.0,2.0,0.0
5946.0,delete,0.3227811800821889,2015.0,4.0,0.8645604557060105,3.0,1.0,0.0,2.0,0.0
5947.0,swap,0.8684525127287896,2015.0,4.0,0.8645604557060105,4.0,1.0,0.0,1.0,1.0
5948.0,swap,0.8684525127287878,2016.0,5.0,0.8684525127287896,4.0,1.0,0.0,1.0,1.0
5949.0,add,0.8684525127287896,2016.0,5.0,0.8684525127287896,4.0,1.0,0.0,1.0,2.0
5950.0,delete,0.8684525127287878,2016.0,5.0,0.8684525127287896,4.0,0.0,0.0,1.0,1.0
5951.0,swap,0.2665990921340155,2016.0,5.0,0.8684525127287896,3.0,1.0,0.0,2.0,1.0
5952.0,add,0.8645604557060095,2017.0,5.0,0.8645604557060095,4.0,1.0,0.0,2.0,0.0
5953.0,add,0.8622892529411991,2017.0,5.0,0.8645604557060095,4.0,1.0,0.0,2.0,1.0
5954.0,delete,0.30100095559490486,2017.0,5.0,0.8645604557060095,3.0,1.0,0.0,2.0,0.0
5955.0,swap,0.26659909213401584,2017.0,5.0,0.8645604557060095,3.0,1.0,0.0,3.0,0.0
5956.0,swap,0.8606866739320944,2018.0,4.0,0.7480818286098341,4.0,0.0,0.0,3.0,0.0
5957.0,swap,0.8606866739320944,2019.0,5.0,0.8606866739320944,4.0,0.0,0.0,3.0,0.0
5958.0,add,0.8606866739320944,2019.0,5.0,0.8606866739320944,4.0,0.0,0.0,3.0,1.0
5959.0,delete,0.8645604557060138,2019.0,5.0,0.8606866739320944,4.0,0.0,0.0,2.0,0.0
5960.0,swap,0.5642646912623782,2019.0,5.0,0.8606866739320944,4.0,0.0,1.0,2.0,0.0
5961.0,delete,0.8645604557060138,2020.0,6.0,0.8645604557060138,4.0,0.0,0.0,2.0,0.0
5962.0,add,0.8645604557060105,2020.0,6.0,0.8645604557060138,4.0,1.0,0.0,2.0,0.0
5963.0,delete,0.3023032915018151,2020.0,6.0,0.8645604557060138,3.0,0.0,0.0,2.0,0.0
5964.0,swap,0.3023032915018151,2020.0,6.0,0.8645604557060138,3.0,0.0,0.0,2.0,1.0
5965.0,swap,0.3227811800821887,2021.0,4.0,0.7203587004449643,3.0,1.0,0.0,3.0,0.0
5966.0,add,0.873597849947558,2022.0,4.0,0.873597849947558,4.0,1.0,0.0,0.0,2.0
5967.0,add,0.8655247612289086,2022.0,4.0,0.873597849947558,4.0,1.0,1.0,0.0,2.0
5968.0,delete,0.30407643128483264,2022.0,4.0,0.873597849947558,3.0,1.0,0.0,0.0,2.0
5969.0,swap,0.8607615646314936,2022.0,4.0,0.873597849947558,4.0,0.0,1.0,0.0,2.0
5970.0,add,0.12121334333719423,2023.0,3.0,0.7555116914080702,4.0,1.0,1.0,0.0,1.0
5971.0,add,0.8633137528460538,2024.0,3.0,0.619402142629689,4.0,0.0,1.0,0.0,1.0
5972.0,add,0.8546232741696645,2025.0,4.0,0.8633137528460538,4.0,0.0,1.0,0.0,1.0
5973.0,add,0.8633137528460524,2025.0,4.0,0.8633137528460538,4.0,1.0,1.0,0.0,1.0
5974.0,delete,0.8633137528460538,2025.0,4.0,0.8633137528460538,4.0,0.0,1.0,0.0,0.0
5975.0,swap,0.873597849947558,2025.0,4.0,0.8633137528460538,4.0,1.0,0.0,0.0,1.0
5976.0,swap,0.873597849947558,2026.0,5.0,0.873597849947558,4.0,1.0,0.0,0.0,1.0
5977.0,add,0.873597849947558,2026.0,5.0,0.873597849947558,4.0,2.0,0.0,0.0,1.0
5978.0,delete,0.11731916609425042,2026.0,5.0,0.873597849947558,3.0,1.0,0.0,0.0,1.0
5979.0,swap,0.7372995035172211,2026.0,5.0,0.873597849947558,4.0,0.0,1.0,0.0,1.0
5980.0,add,0.8600360174548092,2027.0,3.0,0.7154991046650295,4.0,0.0,1.0,0.0,1.0
5981.0,add,0.8630829025710655,2028.0,4.0,0.8600360174548092,4.0,0.0,1.0,0.0,1.0
5982.0,add,0.8549715867461819,2028.0,4.0,0.8600360174548092,4.0,0.0,1.0,1.0,1.0
5983.0,delete,0.26369230534424043,2028.0,4.0,0.8600360174548092,3.0,0.0,1.0,0.0,1.0
5984.0,swap,0.2625266343171291,2028.0,4.0,0.8600360174548092,3.0,0.0,1.0,1.0,1.0
5985.0,add,0.7947834749539173,2029.0,5.0,0.8633137528460524,4.0,1.0,1.0,0.0,1.0
5986.0,add,0.8633137528460533,2029.0,5.0,0.8633137528460524,4.0,2.0,1.0,0.0,1.0
5987.0,delete,0.8633137528460524,2029.0,5.0,0.8633137528460524,4.0,1.0,1.0,0.0,0.0
5988.0,swap,0.8633137528460543,2029.0,5.0,0.8633137528460524,4.0,2.0,1.0,0.0,0.0
5989.0,add,0.3771848418799044,2030.0,4.0,0.849607697267626,4.0,0.0,2.0,0.0,1.0
5990.0,add,0.7930802301872218,2031.0,5.0,0.8546232741696645,4.0,0.0,1.0,0.0,1.0
5991.0,add,0.8546232741696645,2031.0,5.0,0.8546232741696645,4.0,0.0,1.0,0.0,2.0
5992.0,delete,0.11494529756533783,2031.0,5.0,0.8546232741696645,3.0,0.0,1.0,0.0,1.0
5993.0,swap,0.8546232741696645,2031.0,5.0,0.8546232741696645,4.0,1.0,1.0,0.0,0.0
5994.0,swap,0.8633137528460533,2032.0,6.0,0.8633137528460543,4.0,2.0,1.0,0.0,0.0
5995.0,add,0.0669700425865949,2032.0,6.0,0.8633137528460543,4.0,2.0,2.0,0.0,0.0
5996.0,delete,0.26466850882441184,2032.0,6.0,0.8633137528460543,3.0,2.0,1.0,0.0,0.0
5997.0,swap,0.24741225544785758,2032.0,6.0,0.8633137528460543,3.0,2.0,1.0,1.0,0.0
5998.0,add,0.8169933576983147,2033.0,4.0,0.8701758955313935,4.0,0.0,1.0,0.0,1.0
5999.0,add,0.8701758955313935,2033.0,4.0,0.8701758955313935,4.0,0.0,1.0,0.0,2.0
6000.0,delete,0.873597849947558,2033.0,4.0,0.8701758955313935,4.0,0.0,0.0,0.0,1.0
6001.0,swap,0.11720743982437612,2033.0,4.0,0.8701758955313935,3.0,0.0,1.0,0.0,2.0
6002.0,add,0.8706209548764603,2034.0,4.0,0.8583548978650195,4.0,0.0,1.0,0.0,1.0
6003.0,add,0.8545190271188382,2034.0,4.0,0.8583548978650195,4.0,0.0,1.0,1.0,1.0
6004.0,delete,0.8620385056765617,2034.0,4.0,0.8583548978650195,4.0,0.0,1.0,0.0,0.0
6005.0,swap,0.26318479823251534,2034.0,4.0,0.8583548978650195,3.0,0.0,1.0,1.0,1.0
6006.0,add,0.8620385056765617,2035.0,3.0,0.741743636753879,4.0,1.0,1.0,0.0,0.0
6007.0,add,0.8680862746625312,2036.0,4.0,0.8620385056765617,4.0,1.0,1.0,0.0,0.0
6008.0,add,0.8620385056765623,2036.0,4.0,0.8620385056765617,4.0,2.0,1.0,0.0,0.0
6009.0,delete,0.26428191998798284,2036.0,4.0,0.8620385056765617,3.0,1.0,1.0,0.0,0.0
6010.0,swap,0.8684525127287892,2036.0,4.0,0.8620385056765617,4.0,1.0,0.0,1.0,0.0
6011.0,swap,0.8684525127287896,2037.0,5.0,0.8684525127287892,4.0,1.0,0.0,1.0,0.0
6012.0,add,0.8684525127287878,2037.0,5.0,0.8684525127287892,4.0,2.0,0.0,1.0,0.0
6013.0,delete,0.873597849947558,2037.0,5.0,0.8684525127287892,4.0,1.0,0.0,0.0,0.0
6014.0,swap,0.2677858814627575,2037.0,5.0,0.8684525127287892,3.0,1.0,0.0,2.0,0.0
6015.0,change,0.7492061831267122,2038.0,2.0,0.6307485811465383,4.0,0.0,1.0,0.0,0.0
6016.0,change,0.7507137452605146,2039.0,3.0,0.7492061831267122,4.0,0.0,1.0,0.0,0.0
6017.0,add,0.749206183126713,2039.0,3.0,0.7492061831267122,4.0,1.0,1.0,0.0,0.0
6018.0,delete,0.873597849947558,2039.0,3.0,0.7492061831267122,4.0,0.0,0.0,0.0,0.0
6019.0,swap,0.873597849947558,2039.0,3.0,0.7492061831267122,4.0,1.0,0.0,0.0,0.0
6020.0,add,0.8684525127287878,2040.0,4.0,0.873597849947558,4.0,0.0,0.0,1.0,0.0
6021.0,delete,0.3040764312848323,2040.0,4.0,0.873597849947558,3.0,0.0,0.0,0.0,0.0
6022.0,swap,0.20363504289360054,2040.0,4.0,0.873597849947558,3.0,0.0,1.0,0.0,0.0
6023.0,add,0.5059680154758951,2041.0,3.0,0.7365646185264081,4.0,0.0,2.0,0.0,0.0
6024.0,delete,0.8414344703339772,2042.0,5.0,0.8620385056765617,4.0,0.0,1.0,0.0,0.0
6025.0,add,0.8581774346862048,2042.0,5.0,0.8620385056765617,4.0,0.0,1.0,1.0,0.0
6026.0,delete,0.26428191998798284,2042.0,5.0,0.8620385056765617,3.0,0.0,1.0,0.0,0.0
6027.0,swap,0.3002076363687827,2042.0,5.0,0.8620385056765617,3.0,0.0,1.0,0.0,1.0
6028.0,change,0.8263775028822575,2043.0,4.0,0.8482926876493521,4.0,0.0,1.0,0.0,0.0
6029.0,add,0.8402428032243615,2043.0,4.0,0.8482926876493521,4.0,0.0,1.0,0.0,1.0
6030.0,delete,0.873597849947558,2043.0,4.0,0.8482926876493521,4.0,0.0,0.0,0.0,0.0
6031.0,swap,0.29560292767578955,2043.0,4.0,0.8482926876493521,3.0,1.0,1.0,0.0,0.0
6032.0,change,0.793851694700718,2044.0,3.0,0.7368227542758637,4.0,0.0,1.0,0.0,0.0
6033.0,change,0.8578490199198142,2045.0,4.0,0.793851694700718,4.0,0.0,1.0,0.0,0.0
6034.0,add,0.7446302619119842,2045.0,4.0,0.793851694700718,4.0,0.0,2.0,0.0,0.0
6035.0,delete,0.873597849947558,2045.0,4.0,0.793851694700718,4.0,0.0,0.0,0.0,0.0
6036.0,swap,0.10344378698487933,2045.0,4.0,0.793851694700718,3.0,0.0,2.0,0.0,0.0
6037.0,add,0.8684525127287878,2046.0,5.0,0.873597849947558,4.0,0.0,0.0,1.0,0.0
6038.0,delete,0.2677858814627575,2046.0,5.0,0.873597849947558,3.0,0.0,0.0,0.0,0.0
6039.0,swap,0.05997554628330459,2046.0,5.0,0.873597849947558,3.0,0.0,1.0,0.0,0.0
6040.0,add,0.8701758955313935,2047.0,3.0,0.7096300877066072,4.0,0.0,1.0,0.0,1.0
6041.0,add,0.8379529286801669,2048.0,4.0,0.8701758955313935,4.0,0.0,1.0,0.0,1.0
6042.0,add,0.8650509026307337,2048.0,4.0,0.8701758955313935,4.0,0.0,1.0,1.0,1.0
6043.0,delete,0.2667486454136586,2048.0,4.0,0.8701758955313935,3.0,0.0,1.0,0.0,1.0
6044.0,swap,0.30293146605868193,2048.0,4.0,0.8701758955313935,3.0,0.0,1.0,0.0,2.0
6045.0,change,0.8465747742566064,2049.0,4.0,0.8666768262447859,4.0,0.0,1.0,0.0,0.0
6046.0,add,0.8666768262447859,2049.0,4.0,0.8666768262447859,4.0,1.0,1.0,0.0,0.0
6047.0,delete,0.26568798775525587,2049.0,4.0,0.8666768262447859,3.0,0.0,1.0,0.0,0.0
6048.0,swap,0.11620439741066686,2049.0,4.0,0.8666768262447859,3.0,0.0,2.0,0.0,0.0
6049.0,add,0.8608272787482407,2050.0,2.0,0.5594107331312658,4.0,1.0,1.0,0.0,0.0
6050.0,add,0.8609449238892563,2051.0,3.0,0.8608272787482407,4.0,1.0,1.0,0.0,0.0
6051.0,add,0.8608272787482407,2051.0,3.0,0.8608272787482407,4.0,1.0,1.0,0.0,1.0
6052.0,delete,0.29980206831575223,2051.0,3.0,0.8608272787482407,3.0,1.0,1.0,0.0,0.0
6053.0,swap,0.02287534263033702,2051.0,3.0,0.8608272787482407,3.0,1.0,2.0,0.0,0.0
6054.0,swap,0.8583548978650195,2052.0,4.0,0.7493482539193363,4.0,0.0,1.0,0.0,1.0
6055.0,swap,0.8530224792710204,2053.0,5.0,0.8583548978650195,4.0,0.0,1.0,0.0,1.0
6056.0,add,0.8583548978650195,2053.0,5.0,0.8583548978650195,4.0,1.0,1.0,0.0,1.0
6057.0,delete,0.2631847982325149,2053.0,5.0,0.8583548978650195,3.0,0.0,1.0,0.0,1.0
6058.0,swap,0.3002076363687829,2053.0,5.0,0.8583548978650195,3.0,1.0,1.0,0.0,1.0
6059.0,add,0.8719026152237509,2054.0,5.0,0.8680862746625312,4.0,1.0,1.0,0.0,0.0
6060.0,add,0.8663286268206624,2054.0,5.0,0.8680862746625312,4.0,1.0,1.0,0.0,1.0
6061.0,delete,0.30223215609082604,2054.0,5.0,0.8680862746625312,3.0,1.0,1.0,0.0,0.0
6062.0,swap,0.8680862746625341,2054.0,5.0,0.8680862746625312,4.0,1.0,1.0,0.0,0.0
6063.0,add,0.8620385056765617,2055.0,5.0,0.8620385056765623,4.0,2.0,1.0,0.0,0.0
6064.0,add,0.8569618884528837,2055.0,5.0,0.8620385056765623,4.0,2.0,1.0,1.0,0.0
6065.0,delete,0.8620385056765617,2055.0,5.0,0.8620385056765623,4.0,1.0,1.0,0.0,0.0
6066.0,swap,0.8684525127287892,2055.0,5.0,0.8620385056765623,4.0,2.0,0.0,1.0,0.0
6067.0,add,0.8583548978650195,2056.0,4.0,0.8623059836422717,4.0,1.0,1.0,0.0,1.0
6068.0,swap,0.8684525127287896,2057.0,6.0,0.8684525127287892,4.0,2.0,0.0,1.0,0.0
6069.0,add,0.8684525127287896,2057.0,6.0,0.8684525127287892,4.0,3.0,0.0,1.0,0.0
6070.0,delete,0.30230329150181523,2057.0,6.0,0.8684525127287892,3.0,2.0,0.0,1.0,0.0
6071.0,swap,0.8684525127287915,2057.0,6.0,0.8684525127287892,4.0,2.0,0.0,1.0,0.0
6072.0,add,0.8620385056765627,2058.0,6.0,0.8620385056765617,4.0,2.0,1.0,0.0,0.0
6073.0,add,0.6196725998956543,2058.0,6.0,0.8620385056765617,4.0,2.0,2.0,0.0,0.0
6074.0,delete,0.8620385056765617,2058.0,6.0,0.8620385056765617,4.0,1.0,1.0,0.0,0.0
6075.0,swap,0.8696825154081753,2058.0,6.0,0.8620385056765617,4.0,2.0,0.0,1.0,0.0
6076.0,change,0.7902856206614146,2059.0,4.0,0.7507137452605146,4.0,0.0,1.0,0.0,0.0
6077.0,add,0.7507137452605146,2059.0,4.0,0.7507137452605146,4.0,0.0,1.0,0.0,1.0
6078.0,delete,0.26278163287446127,2059.0,4.0,0.7507137452605146,3.0,0.0,1.0,0.0,0.0
6079.0,swap,0.186871317869089,2059.0,4.0,0.7507137452605146,3.0,1.0,1.0,0.0,0.0
6080.0,add,0.8569618884528889,2060.0,3.0,0.7207948240333573,4.0,0.0,1.0,1.0,0.0
6081.0,add,0.8569618884528889,2061.0,4.0,0.8569618884528889,4.0,0.0,1.0,1.0,0.0
6082.0,add,0.8519151678547872,2061.0,4.0,0.8569618884528889,4.0,0.0,1.0,2.0,0.0
6083.0,delete,0.29845733493889065,2061.0,4.0,0.8569618884528889,3.0,0.0,1.0,1.0,0.0
6084.0,swap,0.29845733493889065,2061.0,4.0,0.8569618884528889,3.0,0.0,1.0,1.0,1.0
6085.0,add,0.8620385056765617,2062.0,4.0,0.8064984123158228,4.0,1.0,1.0,0.0,1.0
6086.0,add,0.8620385056765617,2063.0,5.0,0.8620385056765617,4.0,1.0,1.0,0.0,1.0
6087.0,add,0.8620385056765675,2063.0,5.0,0.8620385056765617,4.0,2.0,1.0,0.0,1.0
6088.0,delete,0.3002076363687827,2063.0,5.0,0.8620385056765617,3.0,1.0,1.0,0.0,1.0
6089.0,swap,0.37373105527649786,2063.0,5.0,0.8620385056765617,3.0,1.0,1.0,1.0,1.0
6090.0,add,0.8569618884528885,2064.0,6.0,0.8569618884528837,4.0,2.0,1.0,1.0,0.0
6091.0,add,0.8533004951618286,2064.0,6.0,0.8569618884528837,4.0,2.0,1.0,1.0,1.0
6092.0,delete,0.8684525127287896,2064.0,6.0,0.8569618884528837,4.0,2.0,0.0,1.0,0.0
6093.0,swap,0.2627255415453926,2064.0,6.0,0.8569618884528837,3.0,2.0,1.0,2.0,0.0
6094.0,change,0.8327305650892426,2065.0,5.0,0.8150941264667031,4.0,2.0,1.0,0.0,0.0
6095.0,change,0.832730565089244,2066.0,6.0,0.8327305650892426,4.0,2.0,1.0,0.0,0.0
6096.0,add,0.7598458288821746,2066.0,6.0,0.8327305650892426,4.0,2.0,2.0,0.0,0.0
6097.0,delete,0.832730565089244,2066.0,6.0,0.8327305650892426,4.0,1.0,1.0,0.0,0.0
6098.0,swap,0.2542663516544409,2066.0,6.0,0.8327305650892426,3.0,2.0,1.0,1.0,0.0
6099.0,add,0.6447334767295855,2067.0,4.0,0.5059680154758951,4.0,0.0,2.0,0.0,0.0
6100.0,add,0.5059680154758953,2067.0,4.0,0.5059680154758951,4.0,1.0,2.0,0.0,0.0
6101.0,delete,0.1560452957797426,2067.0,4.0,0.5059680154758951,3.0,0.0,2.0,0.0,0.0
6102.0,swap,0.07945667452996505,2067.0,4.0,0.5059680154758951,3.0,1.0,2.0,0.0,0.0
6103.0,change,0.8689884767331684,2068.0,4.0,0.7553271894920609,4.0,1.0,1.0,0.0,0.0
6104.0,change,0.8729109571726426,2069.0,5.0,0.8689884767331684,4.0,1.0,1.0,0.0,0.0
6105.0,add,0.8675183858405638,2069.0,5.0,0.8689884767331684,4.0,1.0,1.0,0.0,1.0
6106.0,delete,0.3025340985516529,2069.0,5.0,0.8689884767331684,3.0,1.0,1.0,0.0,0.0
6107.0,swap,0.2651849667675039,2069.0,5.0,0.8689884767331684,3.0,1.0,1.0,0.0,1.0
6108.0,add,0.8445513771924792,2070.0,4.0,0.8699675681603548,4.0,0.0,1.0,0.0,1.0
6109.0,add,0.8660878576717597,2070.0,4.0,0.8699675681603548,4.0,0.0,2.0,0.0,1.0
6110.0,delete,0.30286175209001387,2070.0,4.0,0.8699675681603548,3.0,0.0,1.0,0.0,1.0
6111.0,swap,0.873597849947558,2070.0,4.0,0.8699675681603548,4.0,0.0,0.0,0.0,2.0
6112.0,change,0.842597025988383,2071.0,3.0,0.7514132810124331,4.0,0.0,1.0,0.0,1.0
6113.0,add,0.8608601631180822,2072.0,4.0,0.8609449238892563,4.0,1.0,1.0,0.0,0.0
6114.0,add,0.8609449238892563,2072.0,4.0,0.8609449238892563,4.0,1.0,1.0,0.0,1.0
6115.0,delete,0.8609449238892573,2072.0,4.0,0.8609449238892563,4.0,0.0,1.0,0.0,0.0
6116.0,swap,0.263950397586798,2072.0,4.0,0.8609449238892563,3.0,1.0,1.0,1.0,0.0
6117.0,change,0.8694088120389954,2073.0,3.0,0.74152906647453,4.0,1.0,1.0,0.0,0.0
6118.0,change,0.8694088120389969,2074.0,4.0,0.8694088120389954,4.0,1.0,1.0,0.0,0.0
6119.0,add,0.8694088120389969,2074.0,4.0,0.8694088120389954,4.0,2.0,1.0,0.0,0.0
6120.0,delete,0.26651612681707476,2074.0,4.0,0.8694088120389954,3.0,1.0,1.0,0.0,0.0
6121.0,swap,0.8694088120389969,2074.0,4.0,0.8694088120389954,4.0,1.0,1.0,0.0,0.0
6122.0,swap,0.8694088120389973,2075.0,5.0,0.8694088120389969,4.0,1.0,1.0,0.0,0.0
6123.0,add,0.8694088120389969,2075.0,5.0,0.8694088120389969,4.0,1.0,1.0,0.0,1.0
6124.0,delete,0.2665161268170746,2075.0,5.0,0.8694088120389969,3.0,1.0,1.0,0.0,0.0
6125.0,swap,0.2665161268170746,2075.0,5.0,0.8694088120389969,3.0,1.0,1.0,0.0,1.0
6126.0,change,0.859740990067034,2076.0,3.0,0.6945461846469898,4.0,1.0,1.0,0.0,0.0
6127.0,change,0.8722186518585301,2077.0,4.0,0.859740990067034,4.0,1.0,1.0,0.0,0.0
6128.0,add,0.8546780304912249,2077.0,4.0,0.859740990067034,4.0,1.0,1.0,1.0,0.0
6129.0,delete,0.2635854162109552,2077.0,4.0,0.859740990067034,3.0,1.0,1.0,0.0,0.0
6130.0,swap,0.38085535258677067,2077.0,4.0,0.859740990067034,3.0,1.0,1.0,1.0,0.0
6131.0,add,0.08158596312673341,2078.0,2.0,0.6341729850807705,4.0,0.0,2.0,0.0,0.0
6132.0,delete,0.7942321181720854,2079.0,5.0,0.8609449238892573,4.0,0.0,1.0,0.0,0.0
6133.0,add,0.8558748075365351,2079.0,5.0,0.8609449238892573,4.0,0.0,1.0,1.0,0.0
6134.0,delete,0.2639503975867985,2079.0,5.0,0.8609449238892573,3.0,0.0,1.0,0.0,0.0
6135.0,swap,0.2998414622203037,2079.0,5.0,0.8609449238892573,3.0,0.0,1.0,1.0,0.0
6136.0,delete,0.8408628442577353,2080.0,6.0,0.8620385056765617,4.0,1.0,1.0,0.0,0.0
6137.0,add,0.862038505676567,2080.0,6.0,0.8620385056765617,4.0,2.0,1.0,0.0,0.0
6138.0,delete,0.8620385056765617,2080.0,6.0,0.8620385056765617,4.0,0.0,1.0,0.0,0.0
6139.0,swap,0.2906995037814979,2080.0,6.0,0.8620385056765617,3.0,1.0,2.0,0.0,0.0
6140.0,swap,0.8696825154081739,2081.0,7.0,0.8696825154081753,4.0,2.0,0.0,1.0,0.0
6141.0,add,0.20799497469949446,2081.0,7.0,0.8696825154081753,4.0,2.0,1.0,1.0,0.0
6142.0,delete,0.873597849947558,2081.0,7.0,0.8696825154081753,4.0,2.0,0.0,0.0,0.0
6143.0,swap,0.044184334442986674,2081.0,7.0,0.8696825154081753,3.0,2.0,1.0,1.0,0.0
6144.0,add,0.8695757998963792,2082.0,4.0,0.8608272787482407,4.0,1.0,1.0,0.0,1.0
6145.0,add,0.8608272787482407,2082.0,4.0,0.8608272787482407,4.0,2.0,1.0,0.0,1.0
6146.0,delete,0.8735978499475604,2082.0,4.0,0.8608272787482407,4.0,1.0,0.0,0.0,1.0
6147.0,swap,0.028903383349124314,2082.0,4.0,0.8608272787482407,3.0,1.0,2.0,0.0,1.0
6148.0,add,0.8707491058972054,2083.0,5.0,0.8609449238892563,4.0,1.0,1.0,0.0,1.0
6149.0,add,0.8558748075365347,2083.0,5.0,0.8609449238892563,4.0,1.0,1.0,1.0,1.0
6150.0,delete,0.8609449238892573,2083.0,5.0,0.8609449238892563,4.0,0.0,1.0,0.0,1.0
6151.0,swap,0.23529398851035022,2083.0,5.0,0.8609449238892563,3.0,1.0,2.0,0.0,1.0
6152.0,add,0.8558748075365347,2084.0,4.0,0.7367615499445208,4.0,1.0,1.0,1.0,0.0
6153.0,add,0.8558748075365332,2085.0,5.0,0.8558748075365347,4.0,1.0,1.0,1.0,0.0
6154.0,add,0.8558748075365347,2085.0,5.0,0.8558748075365347,4.0,2.0,1.0,1.0,0.0
6155.0,delete,0.24033762240969414,2085.0,5.0,0.8558748075365347,3.0,1.0,1.0,1.0,0.0
6156.0,swap,0.2639503975867977,2085.0,5.0,0.8558748075365347,3.0,2.0,1.0,1.0,0.0
6157.0,change,0.7970260029161667,2086.0,4.0,0.842597025988383,4.0,0.0,1.0,0.0,1.0
6158.0,add,0.842597025988383,2086.0,4.0,0.842597025988383,4.0,0.0,1.0,0.0,2.0
6159.0,delete,0.873597849947558,2086.0,4.0,0.842597025988383,4.0,0.0,0.0,0.0,1.0
6160.0,swap,0.423306462934045,2086.0,4.0,0.842597025988383,3.0,0.0,1.0,1.0,1.0
6161.0,add,0.8684525127287878,2087.0,5.0,0.873597849947558,4.0,0.0,0.0,1.0,1.0
6162.0,delete,0.3040764312848323,2087.0,5.0,0.873597849947558,3.0,0.0,0.0,0.0,1.0
6163.0,swap,0.04877463742268077,2087.0,5.0,0.873597849947558,3.0,0.0,1.0,0.0,1.0
6164.0,add,0.8734253631435706,2088.0,5.0,0.8583548978650195,4.0,1.0,1.0,0.0,1.0
6165.0,add,0.8620385056765617,2088.0,5.0,0.8583548978650195,4.0,1.0,1.0,0.0,2.0
6166.0,delete,0.2631847982325149,2088.0,5.0,0.8583548978650195,3.0,1.0,1.0,0.0,1.0
6167.0,swap,0.8569618884528885,2088.0,5.0,0.8583548978650195,4.0,1.0,1.0,1.0,0.0
6168.0,add,0.8620385056765617,2089.0,4.0,0.715287147104646,4.0,1.0,1.0,0.0,1.0
6169.0,add,0.8712267721249759,2090.0,5.0,0.8620385056765617,4.0,1.0,1.0,0.0,1.0
6170.0,add,0.8620385056765617,2090.0,5.0,0.8620385056765617,4.0,2.0,1.0,0.0,1.0
6171.0,delete,0.8620385056765617,2090.0,5.0,0.8620385056765617,4.0,1.0,1.0,0.0,0.0
6172.0,swap,0.8620385056765617,2090.0,5.0,0.8620385056765617,4.0,1.0,1.0,0.0,1.0
6173.0,add,0.857295600872447,2091.0,6.0,0.8712267721249759,4.0,1.0,1.0,0.0,1.0
6174.0,add,0.13319559677495418,2091.0,6.0,0.8712267721249759,4.0,1.0,2.0,0.0,1.0
6175.0,delete,0.3343918881351596,2091.0,6.0,0.8712267721249759,3.0,1.0,1.0,0.0,1.0
6176.0,swap,0.11689523227038447,2091.0,6.0,0.8712267721249759,3.0,1.0,1.0,1.0,1.0
6177.0,add,0.873597849947558,2092.0,5.0,0.873597849947558,4.0,0.0,0.0,0.0,2.0
6178.0,delete,0.3040764312848323,2092.0,5.0,0.873597849947558,3.0,0.0,0.0,0.0,1.0
6179.0,swap,0.30407643128483247,2092.0,5.0,0.873597849947558,3.0,1.0,0.0,0.0,1.0
6180.0,add,0.770680179106984,2093.0,5.0,0.770680179106984,4.0,1.0,1.0,2.0,0.0
6181.0,add,0.5295556923562694,2093.0,5.0,0.770680179106984,4.0,1.0,1.0,2.0,1.0
6182.0,delete,0.7706801791069832,2093.0,5.0,0.770680179106984,4.0,0.0,1.0,2.0,0.0
6183.0,swap,0.026514295405821585,2093.0,5.0,0.770680179106984,3.0,1.0,2.0,2.0,0.0
6184.0,add,0.8122818564894376,2094.0,5.0,0.8608601631180822,4.0,1.0,1.0,0.0,0.0
6185.0,add,0.8608601631180832,2094.0,5.0,0.8608601631180822,4.0,2.0,1.0,0.0,0.0
6186.0,delete,0.8735978499475604,2094.0,5.0,0.8608601631180822,4.0,1.0,0.0,0.0,0.0
6187.0,swap,0.8169402999659998,2094.0,5.0,0.8608601631180822,4.0,0.0,2.0,0.0,0.0
6188.0,change,0.8609449238892568,2095.0,4.0,0.8449080665278327,4.0,1.0,1.0,0.0,0.0
6189.0,change,0.873547774769136,2096.0,5.0,0.8609449238892568,4.0,1.0,1.0,0.0,0.0
6190.0,add,0.6702325116206348,2096.0,5.0,0.8609449238892568,4.0,1.0,2.0,0.0,0.0
6191.0,delete,0.873597849947558,2096.0,5.0,0.8609449238892568,4.0,1.0,0.0,0.0,0.0
6192.0,swap,0.24174420959127413,2096.0,5.0,0.8609449238892568,3.0,1.0,1.0,0.0,1.0
6193.0,change,0.8608272787482388,2097.0,3.0,0.6816377199894261,4.0,1.0,1.0,0.0,0.0
6194.0,change,0.828507816173514,2098.0,4.0,0.8608272787482388,4.0,1.0,1.0,0.0,0.0
6195.0,add,0.8569718909163875,2098.0,4.0,0.8608272787482388,4.0,1.0,1.0,1.0,0.0
6196.0,delete,0.2639147328503612,2098.0,4.0,0.8608272787482388,3.0,1.0,1.0,0.0,0.0
6197.0,swap,0.2639147328503613,2098.0,4.0,0.8608272787482388,3.0,1.0,1.0,1.0,0.0
6198.0,add,0.8570136878508015,2099.0,3.0,0.698746318137909,4.0,1.0,1.0,1.0,0.0
6199.0,add,0.8043394713229038,2100.0,4.0,0.8570136878508015,4.0,1.0,1.0,1.0,0.0
6200.0,add,0.8570136878508015,2100.0,4.0,0.8570136878508015,4.0,1.0,1.0,1.0,1.0
6201.0,delete,0.8570136878508015,2100.0,4.0,0.8570136878508015,4.0,0.0,1.0,1.0,0.0
6202.0,swap,0.37716039661143336,2100.0,4.0,0.8570136878508015,3.0,2.0,1.0,1.0,0.0
6203.0,delete,0.8278386287705036,2101.0,5.0,0.8570136878508015,4.0,0.0,1.0,1.0,0.0
6204.0,add,0.8570136878508023,2101.0,5.0,0.8570136878508015,4.0,1.0,1.0,1.0,0.0
6205.0,delete,0.2627585933796617,2101.0,5.0,0.8570136878508015,3.0,0.0,1.0,1.0,0.0
6206.0,swap,0.033499575321667655,2101.0,5.0,0.8570136878508015,3.0,0.0,2.0,1.0,0.0
6207.0,delete,0.873597849947558,2102.0,6.0,0.8735978499475604,4.0,1.0,0.0,0.0,0.0
6208.0,add,0.13015423365806814,2102.0,6.0,0.8735978499475604,4.0,1.0,1.0,0.0,0.0
6209.0,delete,0.3040764312848323,2102.0,6.0,0.8735978499475604,3.0,1.0,0.0,0.0,0.0
6210.0,swap,0.8696825154081719,2102.0,6.0,0.8735978499475604,4.0,0.0,0.0,1.0,0.0
6211.0,change,0.8722653225515866,2103.0,4.0,0.7087227594825467,4.0,1.0,1.0,0.0,0.0
6212.0,change,0.8722653225515866,2104.0,5.0,0.8722653225515866,4.0,1.0,1.0,0.0,0.0
6213.0,add,0.8671279076079895,2104.0,5.0,0.8722653225515866,4.0,1.0,1.0,1.0,0.0
6214.0,delete,0.28268041728892035,2104.0,5.0,0.8722653225515866,3.0,1.0,1.0,0.0,0.0
6215.0,swap,0.11088875246049287,2104.0,5.0,0.8722653225515866,3.0,1.0,2.0,0.0,0.0
6216.0,swap,0.8289935489242115,2105.0,6.0,0.8169402999659998,4.0,0.0,2.0,0.0,0.0
6217.0,add,0.8123418226228319,2105.0,6.0,0.8169402999659998,4.0,0.0,2.0,1.0,0.0
6218.0,delete,0.8290220988442133,2105.0,6.0,0.8169402999659998,4.0,0.0,1.0,0.0,0.0
6219.0,swap,0.8290220988442133,2105.0,6.0,0.8169402999659998,4.0,1.0,1.0,0.0,0.0
6220.0,add,0.8608272787482397,2106.0,2.0,0.6387817771592068,4.0,0.0,1.0,0.0,1.0
6221.0,add,0.8654095149925959,2107.0,3.0,0.8608272787482397,4.0,0.0,1.0,0.0,1.0
6222.0,add,0.8608272787482407,2107.0,3.0,0.8608272787482397,4.0,1.0,1.0,0.0,1.0
6223.0,delete,0.8608272787482397,2107.0,3.0,0.8608272787482397,4.0,0.0,1.0,0.0,0.0
6224.0,swap,0.8696825154081719,2107.0,3.0,0.8608272787482397,4.0,0.0,0.0,1.0,1.0
6225.0,swap,0.8696825154081719,2108.0,4.0,0.8696825154081719,4.0,0.0,0.0,1.0,1.0
6226.0,add,0.07518100010450886,2108.0,4.0,0.8696825154081719,4.0,0.0,1.0,1.0,1.0
6227.0,delete,0.26659909213401584,2108.0,4.0,0.8696825154081719,3.0,0.0,0.0,1.0,1.0
6228.0,swap,0.03814698202442107,2108.0,4.0,0.8696825154081719,3.0,0.0,1.0,1.0,1.0
6229.0,swap,0.19118504705850783,2109.0,5.0,0.8232639738402939,3.0,1.0,2.0,0.0,0.0
6230.0,change,0.8679635968987746,2110.0,3.0,0.673653411867154,4.0,0.0,1.0,0.0,1.0
6231.0,change,0.8732396173156745,2111.0,4.0,0.8679635968987746,4.0,0.0,1.0,0.0,1.0
6232.0,add,0.8640747174286109,2111.0,4.0,0.8679635968987746,4.0,0.0,1.0,1.0,1.0
6233.0,delete,0.873597849947558,2111.0,4.0,0.8679635968987746,4.0,0.0,0.0,0.0,1.0
6234.0,swap,0.8640931993665917,2111.0,4.0,0.8679635968987746,4.0,0.0,1.0,1.0,0.0
6235.0,add,0.5381313043346737,2112.0,5.0,0.873597849947558,4.0,0.0,1.0,0.0,1.0
6236.0,delete,0.11731916609425042,2112.0,5.0,0.873597849947558,3.0,0.0,0.0,0.0,1.0
6237.0,swap,0.30407643128483264,2112.0,5.0,0.873597849947558,3.0,1.0,0.0,0.0,1.0
6238.0,add,0.8710371869870287,2113.0,4.0,0.8608272787482397,4.0,0.0,1.0,0.0,2.0
6239.0,add,0.8567582954418886,2113.0,4.0,0.8608272787482397,4.0,0.0,1.0,0.0,3.0
6240.0,delete,0.37755605406851295,2113.0,4.0,0.8608272787482397,3.0,0.0,1.0,0.0,2.0
6241.0,swap,0.12603684082462513,2113.0,4.0,0.8608272787482397,3.0,1.0,1.0,0.0,2.0
6242.0,add,0.873597849947558,2114.0,5.0,0.8735978499475604,4.0,2.0,0.0,0.0,0.0
6243.0,add,0.873597849947558,2114.0,5.0,0.8735978499475604,4.0,3.0,0.0,0.0,0.0
6244.0,delete,0.2677858814627575,2114.0,5.0,0.8735978499475604,3.0,2.0,0.0,0.0,0.0
6245.0,swap,0.049184928446333424,2114.0,5.0,0.8735978499475604,3.0,3.0,0.0,0.0,0.0
6246.0,change,0.8461042700475545,2115.0,2.0,0.6349210274717904,4.0,0.0,1.0,0.0,0.0
6247.0,change,0.7864808575339524,2116.0,3.0,0.8461042700475545,4.0,0.0,1.0,0.0,0.0
6248.0,add,0.8461042700475545,2116.0,3.0,0.8461042700475545,4.0,0.0,1.0,0.0,1.0
6249.0,delete,0.4156365791853724,2116.0,3.0,0.8461042700475545,3.0,0.0,1.0,0.0,0.0
6250.0,swap,0.25945094360211834,2116.0,3.0,0.8461042700475545,3.0,0.0,1.0,0.0,1.0
6251.0,change,0.8436586370587078,2117.0,3.0,0.6349000250245479,4.0,0.0,1.0,0.0,0.0
6252.0,change,0.8695846751745109,2118.0,4.0,0.8436586370587078,4.0,0.0,1.0,0.0,0.0
6253.0,add,0.26677375609259474,2118.0,4.0,0.8436586370587078,4.0,0.0,2.0,0.0,0.0
6254.0,delete,0.42102374413882415,2118.0,4.0,0.8436586370587078,3.0,0.0,1.0,0.0,0.0
6255.0,swap,0.29404955002363176,2118.0,4.0,0.8436586370587078,3.0,1.0,1.0,0.0,0.0
6256.0,delete,0.6136550342417182,2119.0,4.0,0.6756664775831416,3.0,0.0,1.0,0.0,0.0
6257.0,add,0.6756664775831416,2119.0,4.0,0.6756664775831416,3.0,0.0,1.0,0.0,1.0
6258.0,delete,0.3040764312848323,2119.0,4.0,0.6756664775831416,3.0,0.0,0.0,0.0,0.0
6259.0,swap,0.2926157267222641,2119.0,4.0,0.6756664775831416,3.0,0.0,1.0,0.0,0.0
6260.0,add,0.8696825154081753,2120.0,3.0,0.5895822072294875,4.0,1.0,0.0,1.0,1.0
6261.0,add,0.8696825154081719,2121.0,4.0,0.8696825154081753,4.0,1.0,0.0,1.0,1.0
6262.0,add,0.8696825154081749,2121.0,4.0,0.8696825154081753,4.0,2.0,0.0,1.0,1.0
6263.0,delete,0.2665990921340155,2121.0,4.0,0.8696825154081753,3.0,1.0,0.0,1.0,1.0
6264.0,swap,0.2524261435025372,2121.0,4.0,0.8696825154081753,3.0,2.0,0.0,1.0,1.0
6265.0,add,0.873597849947558,2122.0,6.0,0.873597849947558,4.0,2.0,0.0,0.0,1.0
6266.0,add,0.8696825154081763,2122.0,6.0,0.873597849947558,4.0,2.0,0.0,1.0,1.0
6267.0,delete,0.8735978499475604,2122.0,6.0,0.873597849947558,4.0,1.0,0.0,0.0,1.0
6268.0,swap,0.873597849947558,2122.0,6.0,0.873597849947558,4.0,1.0,0.0,0.0,2.0
6269.0,change,0.873597849947558,2123.0,5.0,0.8728147830396822,4.0,2.0,0.0,0.0,1.0
6270.0,add,0.873597849947558,2124.0,7.0,0.873597849947558,4.0,2.0,0.0,0.0,1.0
6271.0,add,0.873597849947558,2124.0,7.0,0.873597849947558,4.0,2.0,0.0,0.0,2.0
6272.0,delete,0.3040764312848323,2124.0,7.0,0.873597849947558,3.0,2.0,0.0,0.0,1.0
6273.0,swap,0.873597849947558,2124.0,7.0,0.873597849947558,4.0,3.0,0.0,0.0,0.0
6274.0,swap,0.8735978499475604,2125.0,7.0,0.873597849947558,4.0,1.0,0.0,0.0,2.0
6275.0,add,0.8627090970808212,2125.0,7.0,0.873597849947558,4.0,1.0,1.0,0.0,2.0
6276.0,delete,0.873597849947558,2125.0,7.0,0.873597849947558,4.0,0.0,0.0,0.0,2.0
6277.0,swap,0.11731916609425057,2125.0,7.0,0.873597849947558,3.0,1.0,0.0,1.0,2.0
6278.0,change,0.8735978499475604,2126.0,3.0,0.6599156423723932,4.0,1.0,0.0,0.0,1.0
6279.0,change,0.8735978499475604,2127.0,4.0,0.8735978499475604,4.0,1.0,0.0,0.0,1.0
6280.0,add,0.8684525127287901,2127.0,4.0,0.8735978499475604,4.0,1.0,0.0,1.0,1.0
6281.0,delete,0.30407643128483264,2127.0,4.0,0.8735978499475604,3.0,1.0,0.0,0.0,1.0
6282.0,swap,0.11731916609425057,2127.0,4.0,0.8735978499475604,3.0,2.0,0.0,0.0,1.0
6283.0,add,0.6299713243997566,2128.0,4.0,0.7198133012748974,4.0,1.0,1.0,0.0,1.0
6284.0,add,0.873597849947558,2129.0,5.0,0.873597849947558,4.0,2.0,0.0,0.0,1.0
6285.0,add,0.873597849947558,2129.0,5.0,0.873597849947558,4.0,2.0,0.0,0.0,2.0
6286.0,delete,0.873597849947558,2129.0,5.0,0.873597849947558,4.0,1.0,0.0,0.0,1.0
6287.0,swap,0.30407643128483247,2129.0,5.0,0.873597849947558,3.0,3.0,0.0,0.0,1.0
6288.0,change,0.873597849947558,2130.0,5.0,0.7778404078102616,4.0,2.0,0.0,0.0,1.0
6289.0,change,0.873597849947558,2131.0,6.0,0.873597849947558,4.0,2.0,0.0,0.0,1.0
6290.0,add,0.18126601850284263,2131.0,6.0,0.873597849947558,4.0,2.0,1.0,0.0,1.0
6291.0,delete,0.873597849947558,2131.0,6.0,0.873597849947558,4.0,1.0,0.0,0.0,1.0
6292.0,swap,0.3040764312848323,2131.0,6.0,0.873597849947558,3.0,2.0,0.0,1.0,1.0
6293.0,add,0.8696825154081719,2132.0,7.0,0.8696825154081763,4.0,2.0,0.0,1.0,1.0
6294.0,add,0.8696825154081719,2132.0,7.0,0.8696825154081763,4.0,3.0,0.0,1.0,1.0
6295.0,delete,0.8696825154081719,2132.0,7.0,0.8696825154081763,4.0,1.0,0.0,1.0,1.0
6296.0,swap,0.8657855661243163,2132.0,7.0,0.8696825154081763,4.0,2.0,0.0,2.0,0.0
6297.0,add,0.873597849947558,2133.0,6.0,0.8689031255514017,4.0,2.0,0.0,0.0,2.0
6298.0,add,0.873597849947558,2134.0,7.0,0.873597849947558,4.0,2.0,0.0,0.0,2.0
6299.0,add,0.873597849947558,2134.0,7.0,0.873597849947558,4.0,2.0,0.0,0.0,3.0
6300.0,delete,0.8735978499475604,2134.0,7.0,0.873597849947558,4.0,1.0,0.0,0.0,2.0
6301.0,swap,0.30407643128483264,2134.0,7.0,0.873597849947558,3.0,2.0,0.0,1.0,2.0
6302.0,add,0.6299713243997527,2135.0,5.0,0.6299713243997566,4.0,1.0,1.0,0.0,1.0
6303.0,add,0.6299713243997566,2135.0,5.0,0.6299713243997566,4.0,2.0,1.0,0.0,1.0
6304.0,delete,0.19381357655670495,2135.0,5.0,0.6299713243997566,3.0,1.0,1.0,0.0,1.0
6305.0,swap,0.1929679724438292,2135.0,5.0,0.6299713243997566,3.0,1.0,1.0,1.0,1.0
6306.0,add,0.8696825154081768,2136.0,8.0,0.8696825154081719,4.0,3.0,0.0,1.0,1.0
6307.0,add,0.17684562834021245,2136.0,8.0,0.8696825154081719,4.0,3.0,1.0,1.0,1.0
6308.0,delete,0.8696825154081763,2136.0,8.0,0.8696825154081719,4.0,2.0,0.0,1.0,1.0
6309.0,swap,0.8696825154081763,2136.0,8.0,0.8696825154081719,4.0,3.0,0.0,1.0,1.0
6310.0,delete,0.873597849947558,2137.0,7.0,0.8735978499475604,4.0,1.0,0.0,0.0,1.0
6311.0,add,0.8684525127287872,2137.0,7.0,0.8735978499475604,4.0,1.0,0.0,1.0,1.0
6312.0,delete,0.30407643128483247,2137.0,7.0,0.8735978499475604,3.0,1.0,0.0,0.0,1.0
6313.0,swap,0.30407643128483247,2137.0,7.0,0.8735978499475604,3.0,1.0,0.0,1.0,1.0
6314.0,add,0.2041464739211817,2138.0,3.0,0.2677858814627575,3.0,0.0,1.0,0.0,1.0
6315.0,delete,0.2677858814627575,2138.0,3.0,0.2677858814627575,3.0,0.0,0.0,0.0,0.0
6316.0,swap,0.09431537009970281,2138.0,3.0,0.2677858814627575,2.0,1.0,0.0,0.0,1.0
6317.0,delete,0.8735978499475604,2139.0,6.0,0.873597849947558,4.0,1.0,0.0,0.0,1.0
6318.0,add,0.8696825154081772,2139.0,6.0,0.873597849947558,4.0,1.0,0.0,1.0,1.0
6319.0,delete,0.3040764312848323,2139.0,6.0,0.873597849947558,3.0,1.0,0.0,0.0,1.0
6320.0,swap,0.8684525127287878,2139.0,6.0,0.873597849947558,4.0,0.0,0.0,1.0,1.0
6321.0,add,0.09529994200139288,2140.0,5.0,0.7223165430768941,4.0,2.0,1.0,0.0,1.0
6322.0,change,0.8735978499475604,2141.0,6.0,0.873597849947558,4.0,1.0,0.0,0.0,1.0
6323.0,add,0.873597849947558,2141.0,6.0,0.873597849947558,4.0,1.0,0.0,0.0,2.0
6324.0,delete,0.11731916609425042,2141.0,6.0,0.873597849947558,3.0,1.0,0.0,0.0,1.0
6325.0,swap,0.1721723516748124,2141.0,6.0,0.873597849947558,3.0,1.0,0.0,0.0,2.0
6326.0,change,0.6858264795914435,2142.0,3.0,0.44284190554377617,4.0,1.0,1.0,0.0,0.0
6327.0,change,0.6193867208772424,2143.0,4.0,0.6858264795914435,4.0,1.0,1.0,0.0,0.0
6328.0,add,0.6615154631344954,2143.0,4.0,0.6858264795914435,4.0,1.0,2.0,0.0,0.0
6329.0,delete,0.21079739360091337,2143.0,4.0,0.6858264795914435,3.0,1.0,1.0,0.0,0.0
6330.0,swap,0.049439093085430014,2143.0,4.0,0.6858264795914435,3.0,2.0,1.0,0.0,0.0
6331.0,add,0.8696825154081719,2144.0,4.0,0.8696825154081719,4.0,1.0,0.0,1.0,1.0
6332.0,add,0.8645604557060119,2144.0,4.0,0.8696825154081719,4.0,1.0,0.0,2.0,1.0
6333.0,delete,0.30407643128483264,2144.0,4.0,0.8696825154081719,3.0,1.0,0.0,1.0,1.0
6334.0,swap,0.873597849947558,2144.0,4.0,0.8696825154081719,4.0,2.0,0.0,0.0,1.0
6335.0,add,0.6986828558399438,2145.0,3.0,0.7563199535509492,4.0,1.0,1.0,0.0,1.0
6336.0,swap,0.873597849947558,2146.0,5.0,0.873597849947558,4.0,2.0,0.0,0.0,1.0
6337.0,add,0.8684525127287892,2146.0,5.0,0.873597849947558,4.0,2.0,0.0,1.0,1.0
6338.0,delete,0.08208499862389862,2146.0,5.0,0.873597849947558,3.0,2.0,0.0,0.0,1.0
6339.0,swap,0.009734832786155032,2146.0,5.0,0.873597849947558,3.0,2.0,1.0,0.0,1.0
6340.0,add,0.8684525127287878,2147.0,5.0,0.8684525127287878,4.0,0.0,0.0,1.0,2.0
6341.0,add,0.8532479788325797,2147.0,5.0,0.8684525127287878,4.0,0.0,0.0,2.0,2.0
6342.0,delete,0.8684525127287878,2147.0,5.0,0.8684525127287878,4.0,0.0,0.0,1.0,1.0
6343.0,swap,0.8633374806385117,2147.0,5.0,0.8684525127287878,4.0,0.0,0.0,2.0,1.0
6344.0,add,0.873597849947558,2148.0,4.0,0.873597849947558,4.0,1.0,0.0,0.0,1.0
6345.0,add,0.24341658610318945,2148.0,4.0,0.873597849947558,4.0,1.0,1.0,0.0,1.0
6346.0,delete,0.11731916609425042,2148.0,4.0,0.873597849947558,3.0,1.0,0.0,0.0,1.0
6347.0,swap,0.0071460082939014844,2148.0,4.0,0.873597849947558,3.0,2.0,0.0,0.0,1.0
6348.0,delete,0.8626060539116649,2149.0,7.0,0.8290220988442133,4.0,0.0,1.0,0.0,0.0
6349.0,add,0.8241393049355261,2149.0,7.0,0.8290220988442133,4.0,0.0,1.0,1.0,0.0
6350.0,delete,0.2887116105104326,2149.0,7.0,0.8290220988442133,3.0,0.0,1.0,0.0,0.0
6351.0,swap,0.2850748799153504,2149.0,7.0,0.8290220988442133,3.0,0.0,1.0,1.0,0.0
6352.0,add,0.8684525127287878,2150.0,4.0,0.8684525127287878,4.0,0.0,0.0,1.0,1.0
6353.0,add,0.06744348759978772,2150.0,4.0,0.8684525127287878,4.0,0.0,1.0,1.0,1.0
6354.0,delete,0.8684525127287878,2150.0,4.0,0.8684525127287878,4.0,0.0,0.0,1.0,0.0
6355.0,swap,0.873597849947558,2150.0,4.0,0.8684525127287878,4.0,0.0,0.0,0.0,2.0
6356.0,add,0.8684525127287896,2151.0,3.0,0.7092797751467418,4.0,1.0,0.0,1.0,0.0
6357.0,add,0.8684525127287896,2152.0,4.0,0.8684525127287896,4.0,1.0,0.0,1.0,0.0
6358.0,add,0.8532479788325825,2152.0,4.0,0.8684525127287896,4.0,1.0,0.0,2.0,0.0
6359.0,delete,0.26620866986289615,2152.0,4.0,0.8684525127287896,3.0,1.0,0.0,1.0,0.0
6360.0,swap,0.3023032915018157,2152.0,4.0,0.8684525127287896,3.0,2.0,0.0,1.0,0.0
6361.0,change,0.8684525127287878,2153.0,4.0,0.8684525127287878,4.0,0.0,0.0,1.0,0.0
6362.0,add,0.8684525127287878,2153.0,4.0,0.8684525127287878,4.0,0.0,0.0,1.0,1.0
6363.0,delete,0.30230329150181523,2153.0,4.0,0.8684525127287878,3.0,0.0,0.0,1.0,0.0
6364.0,swap,0.3023032915018151,2153.0,4.0,0.8684525127287878,3.0,0.0,0.0,2.0,0.0
6365.0,change,0.8684525127287878,2154.0,4.0,0.8684525127287878,4.0,0.0,0.0,1.0,0.0
6366.0,add,0.8684525127287892,2154.0,4.0,0.8684525127287878,4.0,1.0,0.0,1.0,0.0
6367.0,delete,0.30230329150181523,2154.0,4.0,0.8684525127287878,3.0,0.0,0.0,1.0,0.0
6368.0,swap,0.3022790470165166,2154.0,4.0,0.8684525127287878,3.0,1.0,0.0,1.0,0.0
6369.0,add,0.873597849947558,2155.0,5.0,0.873597849947558,4.0,0.0,0.0,0.0,3.0
6370.0,delete,0.11731916609425042,2155.0,5.0,0.873597849947558,3.0,0.0,0.0,0.0,2.0
6371.0,swap,0.045615826749604904,2155.0,5.0,0.873597849947558,3.0,1.0,0.0,0.0,2.0
6372.0,add,0.870143008205573,2156.0,3.0,0.40046537138795096,4.0,0.0,1.0,0.0,2.0
6373.0,add,0.8705656024628433,2157.0,4.0,0.870143008205573,4.0,0.0,1.0,0.0,2.0
6374.0,add,0.8686055929318072,2157.0,4.0,0.870143008205573,4.0,0.0,1.0,0.0,3.0
6375.0,delete,0.30288586636274445,2157.0,4.0,0.870143008205573,3.0,0.0,1.0,0.0,2.0
6376.0,swap,0.1168598207801456,2157.0,4.0,0.870143008205573,3.0,1.0,1.0,0.0,2.0
6377.0,change,0.8645604557060138,2158.0,4.0,0.6902330299209096,4.0,0.0,0.0,2.0,1.0
6378.0,change,0.8645604557060138,2159.0,5.0,0.8645604557060138,4.0,0.0,0.0,2.0,1.0
6379.0,add,0.12243300258643801,2159.0,5.0,0.8645604557060138,4.0,0.0,1.0,2.0,1.0
6380.0,delete,0.8684525127287878,2159.0,5.0,0.8645604557060138,4.0,0.0,0.0,1.0,1.0
6381.0,swap,0.11602187493599932,2159.0,5.0,0.8645604557060138,3.0,0.0,0.0,3.0,1.0
6382.0,add,0.8696825154081753,2160.0,3.0,0.6437846920905325,4.0,1.0,0.0,1.0,1.0
6383.0,add,0.8696825154081753,2161.0,4.0,0.8696825154081753,4.0,1.0,0.0,1.0,1.0
6384.0,add,0.8645604557060119,2161.0,4.0,0.8696825154081753,4.0,1.0,0.0,2.0,1.0
6385.0,delete,0.873597849947558,2161.0,4.0,0.8696825154081753,4.0,1.0,0.0,0.0,1.0
6386.0,swap,0.08170900572249229,2161.0,4.0,0.8696825154081753,3.0,1.0,0.0,2.0,1.0
6387.0,delete,0.873597849947558,2162.0,5.0,0.873597849947558,4.0,1.0,0.0,0.0,1.0
6388.0,add,0.873597849947558,2162.0,5.0,0.873597849947558,4.0,1.0,0.0,0.0,2.0
6389.0,delete,0.3040764312848323,2162.0,5.0,0.873597849947558,3.0,1.0,0.0,0.0,1.0
6390.0,swap,0.873597849947558,2162.0,5.0,0.873597849947558,4.0,1.0,0.0,0.0,1.0
6391.0,add,0.8696825154081719,2163.0,5.0,0.8696825154081753,4.0,1.0,0.0,1.0,1.0
6392.0,add,0.13521752762814254,2163.0,5.0,0.8696825154081753,4.0,1.0,1.0,1.0,1.0
6393.0,delete,0.8696825154081753,2163.0,5.0,0.8696825154081753,4.0,1.0,0.0,1.0,0.0
6394.0,swap,0.11188340636254553,2163.0,5.0,0.8696825154081753,3.0,2.0,0.0,1.0,1.0
6395.0,add,0.873597849947558,2164.0,5.0,0.873597849947558,4.0,2.0,0.0,0.0,1.0
6396.0,add,0.873597849947558,2164.0,5.0,0.873597849947558,4.0,2.0,0.0,0.0,2.0
6397.0,delete,0.873597849947558,2164.0,5.0,0.873597849947558,4.0,1.0,0.0,0.0,1.0
6398.0,swap,0.021755592765007388,2164.0,5.0,0.873597849947558,3.0,2.0,1.0,0.0,1.0
6399.0,add,0.8684525127287892,2165.0,5.0,0.8684525127287892,4.0,1.0,0.0,1.0,1.0
6400.0,add,0.8684525127287892,2165.0,5.0,0.8684525127287892,4.0,1.0,0.0,1.0,2.0
6401.0,delete,0.2677858814627574,2165.0,5.0,0.8684525127287892,3.0,1.0,0.0,1.0,1.0
6402.0,swap,0.547291096527126,2165.0,5.0,0.8684525127287892,4.0,1.0,1.0,1.0,0.0
6403.0,change,0.8684525127287878,2166.0,5.0,0.8684525127287878,4.0,0.0,0.0,1.0,1.0
6404.0,add,0.8684525127287878,2166.0,5.0,0.8684525127287878,4.0,1.0,0.0,1.0,1.0
6405.0,delete,0.08208499862389865,2166.0,5.0,0.8684525127287878,3.0,0.0,0.0,1.0,1.0
6406.0,swap,0.8735978499475575,2166.0,5.0,0.8684525127287878,4.0,1.0,0.0,0.0,1.0
6407.0,swap,0.873597849947558,2167.0,6.0,0.8735978499475575,4.0,1.0,0.0,0.0,1.0
6408.0,add,0.19363077243943655,2167.0,6.0,0.8735978499475575,4.0,1.0,1.0,0.0,1.0
6409.0,delete,0.3040764312848323,2167.0,6.0,0.8735978499475575,3.0,1.0,0.0,0.0,1.0
6410.0,swap,0.11404628643315923,2167.0,6.0,0.8735978499475575,3.0,1.0,1.0,0.0,1.0
6411.0,change,0.873597849947558,2168.0,4.0,0.7095285201249965,4.0,2.0,0.0,0.0,0.0
6412.0,change,0.873597849947558,2169.0,5.0,0.873597849947558,4.0,2.0,0.0,0.0,0.0
6413.0,add,0.873597849947558,2169.0,5.0,0.873597849947558,4.0,2.0,0.0,0.0,1.0
6414.0,delete,0.873597849947558,2169.0,5.0,0.873597849947558,4.0,1.0,0.0,0.0,0.0
6415.0,swap,0.873597849947558,2169.0,5.0,0.873597849947558,4.0,1.0,0.0,0.0,1.0
6416.0,add,0.873597849947558,2170.0,6.0,0.873597849947558,4.0,2.0,0.0,0.0,1.0
6417.0,add,0.8696825154081739,2170.0,6.0,0.873597849947558,4.0,2.0,0.0,1.0,1.0
6418.0,delete,0.30407643128483264,2170.0,6.0,0.873597849947558,3.0,2.0,0.0,0.0,1.0
6419.0,swap,0.873597849947558,2170.0,6.0,0.873597849947558,4.0,2.0,0.0,0.0,1.0
6420.0,change,0.873597849947558,2171.0,4.0,0.7740418926393495,4.0,2.0,0.0,0.0,0.0
6421.0,add,0.873597849947558,2172.0,3.0,0.6699131864594299,4.0,1.0,0.0,0.0,1.0
6422.0,add,0.873597849947558,2173.0,4.0,0.873597849947558,4.0,1.0,0.0,0.0,1.0
6423.0,add,0.7309184105567442,2173.0,4.0,0.873597849947558,4.0,1.0,1.0,0.0,1.0
6424.0,delete,0.873597849947558,2173.0,4.0,0.873597849947558,4.0,1.0,0.0,0.0,0.0
6425.0,swap,0.26659909213401567,2173.0,4.0,0.873597849947558,3.0,1.0,0.0,1.0,1.0
6426.0,change,0.873597849947558,2174.0,2.0,0.6140538035102948,4.0,1.0,0.0,0.0,0.0
6427.0,change,0.873597849947558,2175.0,3.0,0.873597849947558,4.0,1.0,0.0,0.0,0.0
6428.0,add,0.873597849947558,2175.0,3.0,0.873597849947558,4.0,2.0,0.0,0.0,0.0
6429.0,delete,0.873597849947558,2175.0,3.0,0.873597849947558,4.0,0.0,0.0,0.0,0.0
6430.0,swap,0.021841818550000495,2175.0,3.0,0.873597849947558,3.0,1.0,1.0,0.0,0.0
6431.0,add,0.7275659903260187,2176.0,4.0,0.873597849947558,4.0,0.0,1.0,0.0,0.0
6432.0,delete,0.2677858814627575,2176.0,4.0,0.873597849947558,3.0,0.0,0.0,0.0,0.0
6433.0,swap,0.3040764312848323,2176.0,4.0,0.873597849947558,3.0,0.0,0.0,1.0,0.0
6434.0,delete,0.873597849947558,2177.0,5.0,0.873597849947558,4.0,1.0,0.0,0.0,0.0
6435.0,add,0.8684525127287896,2177.0,5.0,0.873597849947558,4.0,1.0,0.0,1.0,0.0
6436.0,delete,0.873597849947558,2177.0,5.0,0.873597849947558,4.0,0.0,0.0,0.0,0.0
6437.0,swap,0.30276636134333057,2177.0,5.0,0.873597849947558,3.0,1.0,0.0,1.0,0.0
6438.0,delete,0.3040764312848323,2178.0,4.0,0.7584024847829587,3.0,1.0,0.0,0.0,1.0
6439.0,change,0.873597849947558,2179.0,5.0,0.873597849947558,4.0,2.0,0.0,0.0,0.0
6440.0,add,0.873597849947558,2179.0,5.0,0.873597849947558,4.0,3.0,0.0,0.0,0.0
6441.0,delete,0.873597849947558,2179.0,5.0,0.873597849947558,4.0,1.0,0.0,0.0,0.0
6442.0,swap,0.06558173290164791,2179.0,5.0,0.873597849947558,3.0,3.0,0.0,0.0,0.0
6443.0,swap,0.873597849947558,2180.0,6.0,0.873597849947558,4.0,1.0,0.0,0.0,1.0
6444.0,add,0.873597849947558,2180.0,6.0,0.873597849947558,4.0,1.0,0.0,0.0,2.0
6445.0,delete,0.2677858814627575,2180.0,6.0,0.873597849947558,3.0,1.0,0.0,0.0,1.0
6446.0,swap,0.8684336761041985,2180.0,6.0,0.873597849947558,4.0,0.0,0.0,1.0,1.0
6447.0,change,0.873597849947558,2181.0,6.0,0.873597849947558,4.0,2.0,0.0,0.0,0.0
6448.0,add,0.873597849947558,2181.0,6.0,0.873597849947558,4.0,2.0,0.0,0.0,1.0
6449.0,delete,0.30407643128483247,2181.0,6.0,0.873597849947558,3.0,2.0,0.0,0.0,0.0
6450.0,swap,0.18611940510014865,2181.0,6.0,0.873597849947558,3.0,2.0,1.0,0.0,0.0
6451.0,swap,0.1233305903709496,2182.0,3.0,0.6450062155745906,3.0,1.0,1.0,0.0,0.0
6452.0,add,0.873597849947558,2183.0,5.0,0.758910499307136,4.0,3.0,0.0,0.0,0.0
6453.0,add,0.873597849947558,2184.0,6.0,0.873597849947558,4.0,3.0,0.0,0.0,0.0
6454.0,add,0.11369482189971025,2184.0,6.0,0.873597849947558,4.0,3.0,1.0,0.0,0.0
6455.0,delete,0.2677858814627574,2184.0,6.0,0.873597849947558,3.0,3.0,0.0,0.0,0.0
6456.0,swap,0.032587046300690675,2184.0,6.0,0.873597849947558,3.0,3.0,1.0,0.0,0.0
6457.0,add,0.7828371696722036,2185.0,4.0,0.749206183126713,4.0,1.0,1.0,0.0,0.0
6458.0,add,0.08781677081864045,2185.0,4.0,0.749206183126713,4.0,1.0,2.0,0.0,0.0
6459.0,delete,0.5680895369459307,2185.0,4.0,0.749206183126713,3.0,1.0,1.0,0.0,0.0
6460.0,swap,0.7147438202945591,2185.0,4.0,0.749206183126713,3.0,1.0,2.0,0.0,0.0
6461.0,add,0.8423722195973092,2186.0,5.0,0.8705656024628433,4.0,0.0,1.0,0.0,2.0
6462.0,add,0.8654531579962739,2186.0,5.0,0.8705656024628433,4.0,0.0,1.0,1.0,2.0
6463.0,delete,0.8705656024628433,2186.0,5.0,0.8705656024628433,4.0,0.0,1.0,0.0,1.0
6464.0,swap,0.873597849947558,2186.0,5.0,0.8705656024628433,4.0,1.0,0.0,0.0,2.0
6465.0,add,0.873597849947558,2187.0,3.0,0.621762323561454,4.0,0.0,0.0,0.0,3.0
6466.0,add,0.14594769892697226,2188.0,4.0,0.873597849947558,4.0,0.0,1.0,0.0,3.0
6467.0,delete,0.3040764312848323,2188.0,4.0,0.873597849947558,3.0,0.0,0.0,0.0,3.0
6468.0,swap,0.3040764312848323,2188.0,4.0,0.873597849947558,3.0,0.0,0.0,1.0,3.0
6469.0,add,0.873597849947558,2189.0,7.0,0.873597849947558,4.0,2.0,0.0,0.0,3.0
6470.0,add,0.14285619316964845,2189.0,7.0,0.873597849947558,4.0,2.0,1.0,0.0,3.0
6471.0,delete,0.11731916609425042,2189.0,7.0,0.873597849947558,3.0,2.0,0.0,0.0,3.0
6472.0,swap,0.873597849947558,2189.0,7.0,0.873597849947558,4.0,3.0,0.0,0.0,2.0
6473.0,delete,0.873597849947558,2190.0,6.0,0.873597849947558,4.0,1.0,0.0,0.0,0.0
6474.0,add,0.8684525127287896,2190.0,6.0,0.873597849947558,4.0,1.0,0.0,1.0,0.0
6475.0,delete,0.30407643128483247,2190.0,6.0,0.873597849947558,3.0,1.0,0.0,0.0,0.0
6476.0,swap,0.7735139874963294,2190.0,6.0,0.873597849947558,3.0,1.0,1.0,0.0,0.0
6477.0,delete,0.30407643128483247,2191.0,5.0,0.7386477262810135,3.0,2.0,0.0,0.0,0.0
6478.0,add,0.19920939825302394,2192.0,3.0,0.16454579448320678,4.0,0.0,1.0,0.0,1.0
6479.0,add,0.16454579448320678,2192.0,3.0,0.16454579448320678,4.0,0.0,1.0,0.0,2.0
6480.0,delete,0.7865646317241941,2192.0,3.0,0.16454579448320678,3.0,0.0,1.0,0.0,1.0
6481.0,swap,0.05823603485475634,2192.0,3.0,0.16454579448320678,3.0,0.0,1.0,1.0,1.0
6482.0,add,0.8684525127287896,2193.0,4.0,0.6702590299532201,4.0,2.0,0.0,1.0,0.0
6483.0,add,0.8684525127287896,2194.0,5.0,0.8684525127287896,4.0,2.0,0.0,1.0,0.0
6484.0,add,0.8684525127287896,2194.0,5.0,0.8684525127287896,4.0,2.0,0.0,1.0,1.0
6485.0,delete,0.8684525127287878,2194.0,5.0,0.8684525127287896,4.0,1.0,0.0,1.0,0.0
6486.0,swap,0.3023032915018157,2194.0,5.0,0.8684525127287896,3.0,2.0,0.0,2.0,0.0
6487.0,delete,0.8684525127287878,2195.0,6.0,0.8684525127287878,4.0,1.0,0.0,1.0,0.0
6488.0,add,0.8684525127287896,2195.0,6.0,0.8684525127287878,4.0,2.0,0.0,1.0,0.0
6489.0,delete,0.30230329150181545,2195.0,6.0,0.8684525127287878,3.0,1.0,0.0,1.0,0.0
6490.0,swap,0.2662086698628965,2195.0,6.0,0.8684525127287878,3.0,2.0,0.0,1.0,0.0
6491.0,add,0.873597849947558,2196.0,6.0,0.873597849947558,4.0,2.0,0.0,0.0,1.0
6492.0,add,0.873597849947558,2196.0,6.0,0.873597849947558,4.0,2.0,0.0,0.0,2.0
6493.0,delete,0.30407643128483275,2196.0,6.0,0.873597849947558,3.0,2.0,0.0,0.0,1.0
6494.0,swap,0.17217235167481248,2196.0,6.0,0.873597849947558,3.0,2.0,0.0,0.0,2.0
6495.0,add,0.8684525127287911,2197.0,3.0,0.5919119011630603,4.0,1.0,0.0,1.0,1.0
6496.0,add,0.8684525127287911,2198.0,4.0,0.8684525127287911,4.0,1.0,0.0,1.0,1.0
6497.0,add,0.8684525127287878,2198.0,4.0,0.8684525127287911,4.0,2.0,0.0,1.0,1.0
6498.0,delete,0.2677858814627575,2198.0,4.0,0.8684525127287911,3.0,1.0,0.0,1.0,1.0
6499.0,swap,0.8684525127287911,2198.0,4.0,0.8684525127287911,4.0,1.0,0.0,1.0,1.0
6500.0,swap,0.8684525127287878,2199.0,5.0,0.8684525127287911,4.0,1.0,0.0,1.0,1.0
6501.0,add,0.8684525127287878,2199.0,5.0,0.8684525127287911,4.0,2.0,0.0,1.0,1.0
6502.0,delete,0.873597849947558,2199.0,5.0,0.8684525127287911,4.0,1.0,0.0,0.0,1.0
6503.0,swap,0.8684525127287906,2199.0,5.0,0.8684525127287911,4.0,2.0,0.0,1.0,0.0
6504.0,swap,0.873597849947558,2200.0,4.0,0.8694815801725431,4.0,1.0,0.0,0.0,2.0
6505.0,swap,0.873597849947558,2201.0,5.0,0.873597849947558,4.0,1.0,0.0,0.0,2.0
6506.0,add,0.6514876977544759,2201.0,5.0,0.873597849947558,4.0,1.0,1.0,0.0,2.0
6507.0,delete,0.3040764312848323,2201.0,5.0,0.873597849947558,3.0,1.0,0.0,0.0,2.0
6508.0,swap,0.26659909213401567,2201.0,5.0,0.873597849947558,3.0,1.0,0.0,1.0,2.0
6509.0,add,0.8684525127287911,2202.0,5.0,0.8684525127287911,4.0,1.0,0.0,1.0,1.0
6510.0,add,0.8684525127287901,2202.0,5.0,0.8684525127287911,4.0,2.0,0.0,1.0,1.0
6511.0,delete,0.8684525127287911,2202.0,5.0,0.8684525127287911,4.0,1.0,0.0,1.0,0.0
6512.0,swap,0.03807403044261856,2202.0,5.0,0.8684525127287911,3.0,1.0,1.0,1.0,1.0
6513.0,change,0.8684525127287896,2203.0,4.0,0.7023768162715565,4.0,1.0,0.0,1.0,1.0
6514.0,change,0.8684525127287878,2204.0,5.0,0.8684525127287896,4.0,1.0,0.0,1.0,1.0
6515.0,add,0.8684525127287896,2204.0,5.0,0.8684525127287896,4.0,1.0,0.0,1.0,2.0
6516.0,delete,0.17117968659641367,2204.0,5.0,0.8684525127287896,3.0,1.0,0.0,1.0,1.0
6517.0,swap,0.3023032915018151,2204.0,5.0,0.8684525127287896,3.0,1.0,0.0,1.0,2.0
6518.0,add,0.8684525127287896,2205.0,5.0,0.8684525127287878,4.0,2.0,0.0,1.0,1.0
6519.0,add,0.8684525127287878,2205.0,5.0,0.8684525127287878,4.0,2.0,0.0,1.0,2.0
6520.0,delete,0.873597849947558,2205.0,5.0,0.8684525127287878,4.0,2.0,0.0,0.0,1.0
6521.0,swap,0.8684525127287915,2205.0,5.0,0.8684525127287878,4.0,2.0,0.0,1.0,1.0
6522.0,add,0.5218618724317093,2206.0,3.0,0.6750708373392837,4.0,0.0,1.0,1.0,1.0
6523.0,add,0.8661642303870689,2207.0,4.0,0.869481580172543,4.0,1.0,0.0,1.0,2.0
6524.0,delete,0.8735978499475604,2208.0,6.0,0.873597849947558,4.0,2.0,0.0,0.0,1.0
6525.0,add,0.873597849947558,2208.0,6.0,0.873597849947558,4.0,3.0,0.0,0.0,1.0
6526.0,delete,0.2677858814627581,2208.0,6.0,0.873597849947558,3.0,2.0,0.0,0.0,1.0
6527.0,swap,0.2677858814627575,2208.0,6.0,0.873597849947558,3.0,2.0,0.0,1.0,1.0
6528.0,add,0.8684525127287896,2209.0,6.0,0.8684525127287896,4.0,2.0,0.0,1.0,1.0
6529.0,add,0.8684525127287896,2209.0,6.0,0.8684525127287896,4.0,2.0,0.0,1.0,2.0
6530.0,delete,0.8684525127287896,2209.0,6.0,0.8684525127287896,4.0,2.0,0.0,1.0,0.0
6531.0,swap,0.023173146816189753,2209.0,6.0,0.8684525127287896,3.0,2.0,1.0,1.0,1.0
6532.0,add,0.8684525127287911,2210.0,4.0,0.7232050199337842,4.0,1.0,0.0,1.0,2.0
6533.0,add,0.8684525127287911,2211.0,5.0,0.8684525127287911,4.0,1.0,0.0,1.0,2.0
6534.0,add,0.8532479788325825,2211.0,5.0,0.8684525127287911,4.0,1.0,0.0,2.0,2.0
6535.0,delete,0.873597849947558,2211.0,5.0,0.8684525127287911,4.0,1.0,0.0,0.0,2.0
6536.0,swap,0.30230329150181523,2211.0,5.0,0.8684525127287911,3.0,1.0,0.0,2.0,2.0
6537.0,delete,0.873597849947558,2212.0,6.0,0.873597849947558,4.0,1.0,0.0,0.0,2.0
6538.0,add,0.873597849947558,2212.0,6.0,0.873597849947558,4.0,2.0,0.0,0.0,2.0
6539.0,delete,0.30407643128483264,2212.0,6.0,0.873597849947558,3.0,1.0,0.0,0.0,2.0
6540.0,swap,0.2665990921340154,2212.0,6.0,0.873597849947558,3.0,1.0,0.0,1.0,2.0
6541.0,add,0.8684525127287901,2213.0,6.0,0.8684525127287878,4.0,2.0,0.0,1.0,2.0
6542.0,add,0.07258192016031459,2213.0,6.0,0.8684525127287878,4.0,2.0,1.0,1.0,2.0
6543.0,delete,0.11663505098597615,2213.0,6.0,0.8684525127287878,3.0,2.0,0.0,1.0,2.0
6544.0,swap,0.8645604557060095,2213.0,6.0,0.8684525127287878,4.0,2.0,0.0,2.0,1.0
6545.0,change,0.8696825154081719,2214.0,3.0,0.6742259250684572,4.0,0.0,0.0,1.0,1.0
6546.0,change,0.8696825154081719,2215.0,4.0,0.8696825154081719,4.0,0.0,0.0,1.0,1.0
6547.0,add,0.8645604557060138,2215.0,4.0,0.8696825154081719,4.0,0.0,0.0,2.0,1.0
6548.0,delete,0.3040764312848323,2215.0,4.0,0.8696825154081719,3.0,0.0,0.0,1.0,1.0
6549.0,swap,0.1342124591063571,2215.0,4.0,0.8696825154081719,3.0,0.0,1.0,1.0,1.0
6550.0,delete,0.8684525127287911,2216.0,6.0,0.8684525127287911,4.0,1.0,0.0,1.0,0.0
6551.0,add,0.8684525127287911,2216.0,6.0,0.8684525127287911,4.0,1.0,0.0,1.0,1.0
6552.0,delete,0.873597849947558,2216.0,6.0,0.8684525127287911,4.0,1.0,0.0,0.0,0.0
6553.0,swap,0.3023032915018151,2216.0,6.0,0.8684525127287911,3.0,1.0,0.0,1.0,1.0
6554.0,change,0.8684525127287911,2217.0,4.0,0.6788236260392381,4.0,1.0,0.0,1.0,1.0
6555.0,change,0.8684525127287892,2218.0,5.0,0.8684525127287911,4.0,1.0,0.0,1.0,1.0
6556.0,add,0.8645604557060128,2218.0,5.0,0.8684525127287911,4.0,1.0,0.0,2.0,1.0
6557.0,delete,0.2662086698628963,2218.0,5.0,0.8684525127287911,3.0,1.0,0.0,1.0,1.0
6558.0,swap,0.8645604557060099,2218.0,5.0,0.8684525127287911,4.0,1.0,0.0,2.0,0.0
6559.0,swap,0.8645604557060095,2219.0,6.0,0.8645604557060099,4.0,1.0,0.0,2.0,0.0
6560.0,add,0.8645604557060128,2219.0,6.0,0.8645604557060099,4.0,2.0,0.0,2.0,0.0
6561.0,delete,0.3010009555949053,2219.0,6.0,0.8645604557060099,3.0,1.0,0.0,2.0,0.0
6562.0,swap,0.30100095559490514,2219.0,6.0,0.8645604557060099,3.0,2.0,0.0,2.0,0.0
6563.0,delete,0.873597849947558,2220.0,5.0,0.7562517359271492,4.0,1.0,0.0,0.0,1.0
6564.0,delete,0.873597849947558,2221.0,6.0,0.873597849947558,4.0,1.0,0.0,0.0,1.0
6565.0,add,0.873597849947558,2221.0,6.0,0.873597849947558,4.0,1.0,0.0,0.0,2.0
6566.0,delete,0.2677858814627575,2221.0,6.0,0.873597849947558,3.0,1.0,0.0,0.0,1.0
6567.0,swap,0.3040764312848323,2221.0,6.0,0.873597849947558,3.0,1.0,0.0,0.0,2.0
6568.0,add,0.8684525127287911,2222.0,6.0,0.8684525127287911,4.0,1.0,0.0,1.0,1.0
6569.0,add,0.8684525127287911,2222.0,6.0,0.8684525127287911,4.0,1.0,0.0,1.0,2.0
6570.0,delete,0.2662086698628963,2222.0,6.0,0.8684525127287911,3.0,1.0,0.0,1.0,1.0
6571.0,swap,0.30230329150181523,2222.0,6.0,0.8684525127287911,3.0,1.0,0.0,2.0,1.0
6572.0,add,0.850270696702381,2223.0,5.0,0.8694088120389969,4.0,2.0,1.0,0.0,0.0
6573.0,add,0.8694088120389969,2223.0,5.0,0.8694088120389969,4.0,3.0,1.0,0.0,0.0
6574.0,delete,0.8694088120389954,2223.0,5.0,0.8694088120389969,4.0,1.0,1.0,0.0,0.0
6575.0,swap,0.27851714836533575,2223.0,5.0,0.8694088120389969,3.0,2.0,2.0,0.0,0.0
6576.0,add,0.8694088120389954,2224.0,4.0,0.7474028562369412,4.0,2.0,1.0,0.0,0.0
6577.0,add,0.8694088120389954,2225.0,5.0,0.8694088120389954,4.0,2.0,1.0,0.0,0.0
6578.0,add,0.8642883795264306,2225.0,5.0,0.8694088120389954,4.0,2.0,1.0,1.0,0.0
6579.0,delete,0.2665161268170746,2225.0,5.0,0.8694088120389954,3.0,2.0,1.0,0.0,0.0
6580.0,swap,0.8656457065598187,2225.0,5.0,0.8694088120389954,4.0,1.0,1.0,0.0,1.0
6581.0,add,0.09067513256409089,2226.0,3.0,0.08158596312673341,4.0,0.0,2.0,0.0,0.0
6582.0,add,0.08123256046073161,2226.0,3.0,0.08158596312673341,4.0,0.0,2.0,1.0,0.0
6583.0,delete,0.023869771402734875,2226.0,3.0,0.08158596312673341,3.0,0.0,2.0,0.0,0.0
6584.0,swap,0.03469092772145789,2226.0,3.0,0.08158596312673341,3.0,0.0,3.0,0.0,0.0
6585.0,add,0.8532479788325797,2227.0,6.0,0.8532479788325797,4.0,0.0,0.0,2.0,1.0
6586.0,add,0.8494246995935281,2227.0,6.0,0.8532479788325797,4.0,0.0,0.0,3.0,1.0
6587.0,delete,0.2970630270086261,2227.0,6.0,0.8532479788325797,3.0,0.0,0.0,2.0,1.0
6588.0,swap,0.08213319400255147,2227.0,6.0,0.8532479788325797,4.0,0.0,1.0,2.0,0.0
6589.0,add,0.8633374806385117,2228.0,5.0,0.8633374806385117,4.0,0.0,0.0,1.0,2.0
6590.0,add,0.8594685627545062,2228.0,5.0,0.8633374806385117,4.0,0.0,0.0,2.0,2.0
6591.0,delete,0.2662086698628963,2228.0,5.0,0.8633374806385117,3.0,0.0,0.0,1.0,2.0
6592.0,swap,0.08208499862389862,2228.0,5.0,0.8633374806385117,3.0,1.0,0.0,1.0,2.0
6593.0,change,0.8735978499475604,2229.0,4.0,0.6270767514184116,4.0,2.0,0.0,0.0,1.0
6594.0,change,0.873597849947558,2230.0,5.0,0.8735978499475604,4.0,2.0,0.0,0.0,1.0
6595.0,add,0.8735978499475604,2230.0,5.0,0.8735978499475604,4.0,2.0,0.0,0.0,2.0
6596.0,delete,0.3040764312848323,2230.0,5.0,0.8735978499475604,3.0,2.0,0.0,0.0,1.0
6597.0,swap,0.24959833130129724,2230.0,5.0,0.8735978499475604,4.0,2.0,1.0,0.0,0.0
6598.0,change,0.8684525127287901,2231.0,5.0,0.7409805310426163,4.0,2.0,0.0,1.0,1.0
6599.0,change,0.8684525127287896,2232.0,6.0,0.8684525127287901,4.0,2.0,0.0,1.0,1.0
6600.0,add,0.8661642303870724,2232.0,6.0,0.8684525127287901,4.0,2.0,0.0,1.0,2.0
6601.0,delete,0.2677858814627575,2232.0,6.0,0.8684525127287901,3.0,2.0,0.0,1.0,1.0
6602.0,swap,0.8532479788325802,2232.0,6.0,0.8684525127287901,4.0,1.0,0.0,2.0,1.0
6603.0,swap,0.8532479788325802,2233.0,7.0,0.8532479788325802,4.0,1.0,0.0,2.0,1.0
6604.0,add,0.8532479788325802,2233.0,7.0,0.8532479788325802,4.0,1.0,0.0,2.0,2.0
6605.0,delete,0.8684525127287878,2233.0,7.0,0.8532479788325802,4.0,1.0,0.0,1.0,1.0
6606.0,swap,0.8494246995935285,2233.0,7.0,0.8532479788325802,4.0,1.0,0.0,3.0,0.0
6607.0,change,0.8684525127287915,2234.0,5.0,0.7752413529528963,4.0,2.0,0.0,1.0,1.0
6608.0,change,0.8684525127287896,2235.0,6.0,0.8684525127287915,4.0,2.0,0.0,1.0,1.0
6609.0,add,0.8684525127287896,2235.0,6.0,0.8684525127287915,4.0,3.0,0.0,1.0,1.0
6610.0,delete,0.2677858814627575,2235.0,6.0,0.8684525127287915,3.0,2.0,0.0,1.0,1.0
6611.0,swap,0.8696825154081753,2235.0,6.0,0.8684525127287915,4.0,2.0,0.0,1.0,1.0
6612.0,change,0.873597849947558,2236.0,3.0,0.6383333697090622,4.0,1.0,0.0,0.0,1.0
6613.0,change,0.873597849947558,2237.0,4.0,0.873597849947558,4.0,1.0,0.0,0.0,1.0
6614.0,add,0.6114446263176324,2237.0,4.0,0.873597849947558,4.0,1.0,1.0,0.0,1.0
6615.0,delete,0.3040764312848323,2237.0,4.0,0.873597849947558,3.0,1.0,0.0,0.0,1.0
6616.0,swap,0.2677858814627575,2237.0,4.0,0.873597849947558,3.0,2.0,0.0,0.0,1.0
6617.0,swap,0.8684525127287892,2238.0,6.0,0.8555242297640115,4.0,1.0,0.0,1.0,2.0
6618.0,swap,0.8684525127287892,2239.0,7.0,0.8684525127287892,4.0,1.0,0.0,1.0,2.0
6619.0,add,0.8684525127287911,2239.0,7.0,0.8684525127287892,4.0,2.0,0.0,1.0,2.0
6620.0,delete,0.08208499862389851,2239.0,7.0,0.8684525127287892,3.0,1.0,0.0,1.0,2.0
6621.0,swap,0.17117968659641372,2239.0,7.0,0.8684525127287892,3.0,1.0,0.0,1.0,3.0
6622.0,delete,0.8735978499475604,2240.0,7.0,0.8735978499475604,4.0,2.0,0.0,0.0,1.0
6623.0,add,0.8735978499475604,2240.0,7.0,0.8735978499475604,4.0,2.0,0.0,0.0,2.0
6624.0,delete,0.2677858814627575,2240.0,7.0,0.8735978499475604,3.0,2.0,0.0,0.0,1.0
6625.0,swap,0.1721723516748124,2240.0,7.0,0.8735978499475604,3.0,2.0,0.0,0.0,2.0
6626.0,add,0.8684525127287878,2241.0,1.0,0.626701283296427,4.0,0.0,0.0,1.0,0.0
6627.0,add,0.8684525127287878,2242.0,2.0,0.8684525127287878,4.0,0.0,0.0,1.0,0.0
6628.0,add,0.866164230387068,2242.0,2.0,0.8684525127287878,4.0,0.0,0.0,1.0,1.0
6629.0,delete,0.2677858814627575,2242.0,2.0,0.8684525127287878,3.0,0.0,0.0,1.0,0.0
6630.0,swap,0.8693500610818689,2242.0,2.0,0.8684525127287878,4.0,0.0,1.0,0.0,0.0
6631.0,swap,0.8639513255491547,2243.0,3.0,0.8693500610818689,4.0,0.0,1.0,0.0,0.0
6632.0,add,0.8674603268983215,2243.0,3.0,0.8693500610818689,4.0,0.0,1.0,0.0,1.0
6633.0,delete,0.3026126040634391,2243.0,3.0,0.8693500610818689,3.0,0.0,1.0,0.0,0.0
6634.0,swap,0.24630670143937117,2243.0,3.0,0.8693500610818689,3.0,0.0,2.0,0.0,0.0
6635.0,add,0.8684525127287878,2244.0,3.0,0.8684525127287878,4.0,0.0,0.0,1.0,0.0
6636.0,add,0.8633374806385117,2244.0,3.0,0.8684525127287878,4.0,0.0,0.0,2.0,0.0
6637.0,delete,0.30230329150181523,2244.0,3.0,0.8684525127287878,3.0,0.0,0.0,1.0,0.0
6638.0,swap,0.2677858814627575,2244.0,3.0,0.8684525127287878,3.0,0.0,0.0,1.0,1.0
6639.0,add,0.8684525127287896,2245.0,3.0,0.6631512029247842,4.0,1.0,0.0,1.0,1.0
6640.0,add,0.8684525127287896,2246.0,4.0,0.8684525127287896,4.0,1.0,0.0,1.0,1.0
6641.0,add,0.8684525127287896,2246.0,4.0,0.8684525127287896,4.0,1.0,0.0,1.0,2.0
6642.0,delete,0.2677858814627575,2246.0,4.0,0.8684525127287896,3.0,1.0,0.0,1.0,1.0
6643.0,swap,0.11719131559423906,2246.0,4.0,0.8684525127287896,3.0,1.0,0.0,1.0,2.0
6644.0,change,0.873597849947558,2247.0,3.0,0.6357086662066649,4.0,1.0,0.0,0.0,0.0
6645.0,change,0.873597849947558,2248.0,2.0,0.601481442110977,4.0,1.0,0.0,0.0,0.0
6646.0,change,0.873597849947558,2249.0,3.0,0.873597849947558,4.0,1.0,0.0,0.0,0.0
6647.0,add,0.873597849947558,2249.0,3.0,0.873597849947558,4.0,2.0,0.0,0.0,0.0
6648.0,delete,0.3040764312848323,2249.0,3.0,0.873597849947558,3.0,1.0,0.0,0.0,0.0
6649.0,swap,0.873597849947558,2249.0,3.0,0.873597849947558,4.0,1.0,0.0,0.0,0.0
6650.0,change,0.8684525127287878,2250.0,2.0,0.634066335812132,4.0,0.0,0.0,1.0,0.0
6651.0,change,0.8684525127287878,2251.0,3.0,0.8684525127287878,4.0,0.0,0.0,1.0,0.0
6652.0,add,0.8684525127287878,2251.0,3.0,0.8684525127287878,4.0,1.0,0.0,1.0,0.0
6653.0,delete,0.2662086698628963,2251.0,3.0,0.8684525127287878,3.0,0.0,0.0,1.0,0.0
6654.0,swap,0.1074410020215177,2251.0,3.0,0.8684525127287878,3.0,1.0,0.0,1.0,0.0
6655.0,swap,0.873597849947558,2252.0,4.0,0.873597849947558,4.0,1.0,0.0,0.0,0.0
6656.0,add,0.873597849947558,2252.0,4.0,0.873597849947558,4.0,1.0,0.0,0.0,1.0
6657.0,delete,0.30407643128483247,2252.0,4.0,0.873597849947558,3.0,1.0,0.0,0.0,0.0
6658.0,swap,0.2677858814627581,2252.0,4.0,0.873597849947558,3.0,2.0,0.0,0.0,0.0
6659.0,add,0.873597849947558,2253.0,4.0,0.873597849947558,4.0,2.0,0.0,0.0,0.0
6660.0,add,0.873597849947558,2253.0,4.0,0.873597849947558,4.0,3.0,0.0,0.0,0.0
6661.0,delete,0.873597849947558,2253.0,4.0,0.873597849947558,4.0,1.0,0.0,0.0,0.0
6662.0,swap,0.3040764312848323,2253.0,4.0,0.873597849947558,3.0,2.0,0.0,0.0,1.0
6663.0,add,0.873597849947558,2254.0,3.0,0.7596935662150128,4.0,1.0,0.0,0.0,1.0
6664.0,add,0.866164230387068,2255.0,3.0,0.866164230387068,4.0,0.0,0.0,1.0,1.0
6665.0,add,0.8610628918855857,2255.0,3.0,0.866164230387068,4.0,0.0,0.0,2.0,1.0
6666.0,delete,0.265520570287391,2255.0,3.0,0.866164230387068,3.0,0.0,0.0,1.0,1.0
6667.0,swap,0.015640463133586503,2255.0,3.0,0.866164230387068,3.0,0.0,1.0,1.0,1.0
6668.0,add,0.873597849947558,2256.0,4.0,0.873597849947558,4.0,1.0,0.0,0.0,1.0
6669.0,add,0.873597849947558,2256.0,4.0,0.873597849947558,4.0,1.0,0.0,0.0,2.0
6670.0,delete,0.11731916609425042,2256.0,4.0,0.873597849947558,3.0,1.0,0.0,0.0,1.0
6671.0,swap,0.11731916609425042,2256.0,4.0,0.873597849947558,3.0,1.0,0.0,1.0,1.0
6672.0,change,0.873597849947558,2257.0,4.0,0.873597849947558,4.0,1.0,0.0,0.0,0.0
6673.0,add,0.8684525127287896,2257.0,4.0,0.873597849947558,4.0,1.0,0.0,1.0,0.0
6674.0,delete,0.873597849947558,2257.0,4.0,0.873597849947558,4.0,0.0,0.0,0.0,0.0
6675.0,swap,0.2677858814627575,2257.0,4.0,0.873597849947558,3.0,1.0,0.0,0.0,1.0
6676.0,change,0.873597849947558,2258.0,3.0,0.7514063888068441,4.0,1.0,0.0,0.0,0.0
6677.0,change,0.873597849947558,2259.0,4.0,0.873597849947558,4.0,1.0,0.0,0.0,0.0
6678.0,add,0.873597849947558,2259.0,4.0,0.873597849947558,4.0,2.0,0.0,0.0,0.0
6679.0,delete,0.30407643128483264,2259.0,4.0,0.873597849947558,3.0,1.0,0.0,0.0,0.0
6680.0,swap,0.3040764312848323,2259.0,4.0,0.873597849947558,3.0,1.0,0.0,1.0,0.0
6681.0,add,0.873597849947558,2260.0,5.0,0.873597849947558,4.0,0.0,0.0,0.0,1.0
6682.0,delete,0.2677858814627575,2260.0,5.0,0.873597849947558,3.0,0.0,0.0,0.0,0.0
6683.0,swap,0.2677858814627575,2260.0,5.0,0.873597849947558,3.0,0.0,0.0,0.0,1.0
6684.0,delete,0.873597849947558,2261.0,5.0,0.873597849947558,4.0,1.0,0.0,0.0,0.0
6685.0,add,0.873597849947558,2261.0,5.0,0.873597849947558,4.0,2.0,0.0,0.0,0.0
6686.0,delete,0.3040764312848323,2261.0,5.0,0.873597849947558,3.0,1.0,0.0,0.0,0.0
6687.0,swap,0.2677858814627575,2261.0,5.0,0.873597849947558,3.0,1.0,0.0,1.0,0.0
6688.0,change,0.873597849947558,2262.0,3.0,0.6457806130245871,4.0,1.0,0.0,0.0,0.0
6689.0,change,0.873597849947558,2263.0,4.0,0.873597849947558,4.0,1.0,0.0,0.0,0.0
6690.0,add,0.873597849947558,2263.0,4.0,0.873597849947558,4.0,2.0,0.0,0.0,0.0
6691.0,delete,0.30407643128483275,2263.0,4.0,0.873597849947558,3.0,1.0,0.0,0.0,0.0
6692.0,swap,0.3040764312848323,2263.0,4.0,0.873597849947558,3.0,2.0,0.0,0.0,0.0
6693.0,change,0.873597849947558,2264.0,5.0,0.873597849947558,4.0,1.0,0.0,0.0,0.0
6694.0,add,0.873597849947558,2264.0,5.0,0.873597849947558,4.0,1.0,0.0,0.0,1.0
6695.0,delete,0.3040764312848323,2264.0,5.0,0.873597849947558,3.0,1.0,0.0,0.0,0.0
6696.0,swap,0.15638964456833104,2264.0,5.0,0.873597849947558,3.0,2.0,0.0,0.0,0.0
6697.0,add,0.873597849947558,2265.0,4.0,0.7536134812956261,4.0,1.0,0.0,0.0,2.0
6698.0,add,0.873597849947558,2266.0,5.0,0.873597849947558,4.0,1.0,0.0,0.0,2.0
6699.0,add,0.41417440137156636,2266.0,5.0,0.873597849947558,4.0,1.0,1.0,0.0,2.0
6700.0,delete,0.873597849947558,2266.0,5.0,0.873597849947558,4.0,0.0,0.0,0.0,2.0
6701.0,swap,0.3040764312848323,2266.0,5.0,0.873597849947558,3.0,1.0,0.0,1.0,2.0
6702.0,change,0.8696825154081719,2267.0,5.0,0.8696825154081719,4.0,0.0,0.0,1.0,1.0
6703.0,add,0.8696825154081719,2267.0,5.0,0.8696825154081719,4.0,0.0,0.0,1.0,2.0
6704.0,delete,0.26659909213401584,2267.0,5.0,0.8696825154081719,3.0,0.0,0.0,1.0,1.0
6705.0,swap,0.8684525127287878,2267.0,5.0,0.8696825154081719,4.0,0.0,0.0,1.0,1.0
6706.0,change,0.8696825154081719,2268.0,4.0,0.7488198302174639,4.0,0.0,0.0,1.0,1.0
6707.0,change,0.8696825154081719,2269.0,5.0,0.8696825154081719,4.0,0.0,0.0,1.0,1.0
6708.0,add,0.8696825154081719,2269.0,5.0,0.8696825154081719,4.0,1.0,0.0,1.0,1.0
6709.0,delete,0.30276636134333024,2269.0,5.0,0.8696825154081719,3.0,0.0,0.0,1.0,1.0
6710.0,swap,0.2665990921340154,2269.0,5.0,0.8696825154081719,3.0,1.0,0.0,1.0,1.0
6711.0,change,0.8696825154081719,2270.0,3.0,0.6393473100049047,4.0,0.0,0.0,1.0,1.0
6712.0,change,0.8696825154081719,2271.0,4.0,0.8696825154081719,4.0,0.0,0.0,1.0,1.0
6713.0,add,0.663582161522525,2271.0,4.0,0.8696825154081719,4.0,0.0,1.0,1.0,1.0
6714.0,delete,0.8696825154081719,2271.0,4.0,0.8696825154081719,4.0,0.0,0.0,1.0,0.0
6715.0,swap,0.09537223218886773,2271.0,4.0,0.8696825154081719,4.0,0.0,1.0,0.0,1.0
6716.0,delete,0.8696825154081719,2272.0,5.0,0.8696825154081719,4.0,0.0,0.0,1.0,0.0
6717.0,add,0.8696825154081719,2272.0,5.0,0.8696825154081719,4.0,0.0,0.0,1.0,1.0
6718.0,delete,0.26659909213401584,2272.0,5.0,0.8696825154081719,3.0,0.0,0.0,1.0,0.0
6719.0,swap,0.03417090880541017,2272.0,5.0,0.8696825154081719,3.0,1.0,0.0,1.0,0.0
6720.0,add,0.8657361853767159,2273.0,3.0,0.6412520488530239,4.0,0.0,1.0,1.0,0.0
6721.0,add,0.868925879349042,2274.0,4.0,0.8657361853767159,4.0,0.0,1.0,1.0,0.0
6722.0,add,0.8657361853767159,2274.0,4.0,0.8657361853767159,4.0,0.0,1.0,1.0,1.0
6723.0,delete,0.240360475270255,2274.0,4.0,0.8657361853767159,3.0,0.0,1.0,1.0,0.0
6724.0,swap,0.8696335854613856,2274.0,4.0,0.8657361853767159,4.0,1.0,1.0,0.0,0.0
6725.0,swap,0.8626629166263138,2275.0,5.0,0.8696335854613856,4.0,1.0,1.0,0.0,0.0
6726.0,add,0.8696335854613846,2275.0,5.0,0.8696335854613856,4.0,2.0,1.0,0.0,0.0
6727.0,delete,0.2414293987816073,2275.0,5.0,0.8696335854613856,3.0,1.0,1.0,0.0,0.0
6728.0,swap,0.24142939878160694,2275.0,5.0,0.8696335854613856,3.0,1.0,1.0,1.0,0.0
6729.0,add,0.858045746934309,2276.0,4.0,0.858045746934309,4.0,0.0,0.0,2.0,0.0
6730.0,add,0.858045746934308,2276.0,4.0,0.858045746934309,4.0,1.0,0.0,2.0,0.0
6731.0,delete,0.3040764312848323,2276.0,4.0,0.858045746934309,3.0,0.0,0.0,2.0,0.0
6732.0,swap,0.26298399702181274,2276.0,4.0,0.858045746934309,3.0,0.0,1.0,2.0,0.0
6733.0,add,0.8696825154081719,2277.0,3.0,0.6522719896250104,4.0,0.0,0.0,1.0,1.0
6734.0,add,0.8696825154081719,2278.0,4.0,0.8696825154081719,4.0,0.0,0.0,1.0,1.0
6735.0,add,0.8696825154081719,2278.0,4.0,0.8696825154081719,4.0,0.0,0.0,1.0,2.0
6736.0,delete,0.11682971704228412,2278.0,4.0,0.8696825154081719,3.0,0.0,0.0,1.0,1.0
6737.0,swap,0.13551038196694273,2278.0,4.0,0.8696825154081719,3.0,0.0,1.0,1.0,1.0
6738.0,add,0.8735978499475604,2279.0,6.0,0.873597849947558,4.0,2.0,0.0,0.0,1.0
6739.0,add,0.873597849947558,2279.0,6.0,0.873597849947558,4.0,2.0,0.0,0.0,2.0
6740.0,delete,0.873597849947558,2279.0,6.0,0.873597849947558,4.0,2.0,0.0,0.0,0.0
6741.0,swap,0.8735978499475604,2279.0,6.0,0.873597849947558,4.0,3.0,0.0,0.0,0.0
6742.0,add,0.8684525127287878,2280.0,4.0,0.8684525127287878,4.0,0.0,0.0,1.0,0.0
6743.0,add,0.8684525127287906,2280.0,4.0,0.8684525127287878,4.0,1.0,0.0,1.0,0.0
6744.0,delete,0.873597849947558,2280.0,4.0,0.8684525127287878,4.0,0.0,0.0,0.0,0.0
6745.0,swap,0.30230329150181523,2280.0,4.0,0.8684525127287878,3.0,0.0,0.0,2.0,0.0
6746.0,change,0.8684525127287878,2281.0,2.0,0.6472960754313135,4.0,0.0,0.0,1.0,0.0
6747.0,change,0.8684525127287878,2282.0,3.0,0.8684525127287878,4.0,0.0,0.0,1.0,0.0
6748.0,add,0.8684525127287896,2282.0,3.0,0.8684525127287878,4.0,1.0,0.0,1.0,0.0
6749.0,delete,0.873597849947558,2282.0,3.0,0.8684525127287878,4.0,0.0,0.0,0.0,0.0
6750.0,swap,0.04441153288212315,2282.0,3.0,0.8684525127287878,3.0,1.0,0.0,1.0,0.0
6751.0,add,0.873597849947558,2283.0,4.0,0.873597849947558,4.0,1.0,0.0,0.0,0.0
6752.0,delete,0.3040764312848323,2283.0,4.0,0.873597849947558,3.0,0.0,0.0,0.0,0.0
6753.0,swap,0.14795078976124787,2283.0,4.0,0.873597849947558,3.0,0.0,1.0,0.0,0.0
6754.0,change,0.8684525127287878,2284.0,3.0,0.7562517359271479,4.0,0.0,0.0,1.0,0.0
6755.0,change,0.8684525127287878,2285.0,4.0,0.8684525127287878,4.0,0.0,0.0,1.0,0.0
6756.0,add,0.8645604557060148,2285.0,4.0,0.8684525127287878,4.0,0.0,0.0,2.0,0.0
6757.0,delete,0.30230329150181523,2285.0,4.0,0.8684525127287878,3.0,0.0,0.0,1.0,0.0
6758.0,swap,0.30100095559490514,2285.0,4.0,0.8684525127287878,3.0,0.0,0.0,2.0,0.0
6759.0,add,0.8633374806385117,2286.0,4.0,0.8633374806385117,4.0,0.0,0.0,2.0,0.0
6760.0,add,0.597464827193907,2286.0,4.0,0.8633374806385117,4.0,0.0,1.0,2.0,0.0
6761.0,delete,0.8684525127287878,2286.0,4.0,0.8633374806385117,4.0,0.0,0.0,1.0,0.0
6762.0,swap,0.8684525127287878,2286.0,4.0,0.8633374806385117,4.0,1.0,0.0,1.0,0.0
6763.0,add,0.20953313793948378,2287.0,3.0,0.8122089627857012,4.0,0.0,1.0,1.0,0.0
6764.0,delete,0.8684525127287878,2288.0,5.0,0.8684525127287878,4.0,0.0,0.0,1.0,0.0
6765.0,add,0.8645604557060138,2288.0,5.0,0.8684525127287878,4.0,0.0,0.0,2.0,0.0
6766.0,delete,0.30230329150181523,2288.0,5.0,0.8684525127287878,3.0,0.0,0.0,1.0,0.0
6767.0,swap,0.22343887444728394,2288.0,5.0,0.8684525127287878,3.0,0.0,1.0,1.0,0.0
6768.0,change,0.8735978499475604,2289.0,4.0,0.6901643533042878,4.0,2.0,0.0,0.0,0.0
6769.0,change,0.8735978499475604,2290.0,5.0,0.8735978499475604,4.0,2.0,0.0,0.0,0.0
6770.0,add,0.8735978499475604,2290.0,5.0,0.8735978499475604,4.0,3.0,0.0,0.0,0.0
6771.0,delete,0.873597849947558,2290.0,5.0,0.8735978499475604,4.0,1.0,0.0,0.0,0.0
6772.0,swap,0.30407643128483247,2290.0,5.0,0.8735978499475604,3.0,2.0,0.0,1.0,0.0
6773.0,add,0.8684525127287878,2291.0,5.0,0.873597849947558,4.0,0.0,0.0,1.0,0.0
6774.0,delete,0.2677858814627575,2291.0,5.0,0.873597849947558,3.0,0.0,0.0,0.0,0.0
6775.0,swap,0.2677858814627575,2291.0,5.0,0.873597849947558,3.0,0.0,0.0,1.0,0.0
6776.0,delete,0.873597849947558,2292.0,6.0,0.873597849947558,4.0,1.0,0.0,0.0,0.0
6777.0,add,0.873597849947558,2292.0,6.0,0.873597849947558,4.0,2.0,0.0,0.0,0.0
6778.0,delete,0.2677858814627575,2292.0,6.0,0.873597849947558,3.0,1.0,0.0,0.0,0.0
6779.0,swap,0.30407643128483275,2292.0,6.0,0.873597849947558,3.0,1.0,0.0,0.0,1.0
6780.0,add,0.873597849947558,2293.0,4.0,0.873597849947558,4.0,2.0,0.0,0.0,0.0
6781.0,add,0.8684525127287882,2293.0,4.0,0.873597849947558,4.0,2.0,0.0,1.0,0.0
6782.0,delete,0.873597849947558,2293.0,4.0,0.873597849947558,4.0,1.0,0.0,0.0,0.0
6783.0,swap,0.13283418138329248,2293.0,4.0,0.873597849947558,3.0,2.0,1.0,0.0,0.0
6784.0,add,0.873597849947558,2294.0,3.0,0.7244160487909508,4.0,1.0,0.0,0.0,1.0
6785.0,add,0.873597849947558,2295.0,4.0,0.873597849947558,4.0,1.0,0.0,0.0,1.0
6786.0,add,0.17400692925207759,2295.0,4.0,0.873597849947558,4.0,1.0,1.0,0.0,1.0
6787.0,delete,0.873597849947558,2295.0,4.0,0.873597849947558,4.0,0.0,0.0,0.0,1.0
6788.0,swap,0.07300742648400783,2295.0,4.0,0.873597849947558,3.0,2.0,0.0,0.0,1.0
6789.0,swap,0.873597849947558,2296.0,5.0,0.873597849947558,4.0,1.0,0.0,0.0,0.0
6790.0,add,0.8696825154081768,2296.0,5.0,0.873597849947558,4.0,1.0,0.0,1.0,0.0
6791.0,delete,0.30407643128483275,2296.0,5.0,0.873597849947558,3.0,1.0,0.0,0.0,0.0
6792.0,swap,0.3040764312848323,2296.0,5.0,0.873597849947558,3.0,1.0,0.0,1.0,0.0
6793.0,add,0.13675200972337023,2297.0,4.0,0.11526474658715928,4.0,1.0,1.0,0.0,0.0
6794.0,add,0.017195747043940543,2297.0,4.0,0.11526474658715928,4.0,1.0,1.0,0.0,1.0
6795.0,delete,0.027567519055656367,2297.0,4.0,0.11526474658715928,3.0,1.0,1.0,0.0,0.0
6796.0,swap,0.873597849947558,2297.0,4.0,0.11526474658715928,4.0,1.0,0.0,0.0,1.0
6797.0,add,0.8735978499475604,2298.0,6.0,0.873597849947558,4.0,1.0,0.0,0.0,1.0
6798.0,add,0.873597849947558,2298.0,6.0,0.873597849947558,4.0,2.0,0.0,0.0,1.0
6799.0,delete,0.3040764312848323,2298.0,6.0,0.873597849947558,3.0,1.0,0.0,0.0,1.0
6800.0,swap,0.11731916609425053,2298.0,6.0,0.873597849947558,3.0,2.0,0.0,0.0,1.0
6801.0,add,0.873597849947558,2299.0,5.0,0.873597849947558,4.0,1.0,0.0,0.0,1.0
6802.0,add,0.873597849947558,2299.0,5.0,0.873597849947558,4.0,2.0,0.0,0.0,1.0
6803.0,delete,0.11731916609425042,2299.0,5.0,0.873597849947558,3.0,1.0,0.0,0.0,1.0
6804.0,swap,0.30276636134333024,2299.0,5.0,0.873597849947558,3.0,1.0,0.0,1.0,1.0
6805.0,swap,0.8735978499475604,2300.0,6.0,0.873597849947558,4.0,1.0,0.0,0.0,2.0
6806.0,add,0.873597849947558,2300.0,6.0,0.873597849947558,4.0,1.0,0.0,0.0,3.0
6807.0,delete,0.30407643128483275,2300.0,6.0,0.873597849947558,3.0,1.0,0.0,0.0,2.0
6808.0,swap,0.26659909213401584,2300.0,6.0,0.873597849947558,3.0,1.0,0.0,1.0,2.0
6809.0,swap,0.8696825154081719,2301.0,5.0,0.8696825154081719,4.0,0.0,0.0,1.0,1.0
6810.0,add,0.8696825154081719,2301.0,5.0,0.8696825154081719,4.0,0.0,0.0,1.0,2.0
6811.0,delete,0.8696825154081719,2301.0,5.0,0.8696825154081719,4.0,0.0,0.0,1.0,0.0
6812.0,swap,0.873597849947558,2301.0,5.0,0.8696825154081719,4.0,0.0,0.0,0.0,2.0
6813.0,swap,0.8696825154081719,2302.0,4.0,0.8704655823160492,4.0,0.0,0.0,1.0,1.0
6814.0,add,0.8471173123979698,2303.0,6.0,0.873597849947558,4.0,0.0,1.0,0.0,2.0
6815.0,delete,0.08208499862389862,2303.0,6.0,0.873597849947558,3.0,0.0,0.0,0.0,2.0
6816.0,swap,0.01186737472006666,2303.0,6.0,0.873597849947558,3.0,0.0,0.0,0.0,3.0
6817.0,add,0.8684525127287878,2304.0,6.0,0.8684525127287901,4.0,2.0,0.0,1.0,1.0
6818.0,add,0.8684525127287915,2304.0,6.0,0.8684525127287901,4.0,3.0,0.0,1.0,1.0
6819.0,delete,0.8684525127287878,2304.0,6.0,0.8684525127287901,4.0,1.0,0.0,1.0,1.0
6820.0,swap,0.8661642303870689,2304.0,6.0,0.8684525127287901,4.0,1.0,0.0,1.0,2.0
6821.0,add,0.650311187941952,2305.0,4.0,0.5218618724317093,4.0,0.0,1.0,1.0,1.0
6822.0,add,0.7064214523169312,2305.0,4.0,0.5218618724317093,4.0,0.0,2.0,1.0,1.0
6823.0,delete,0.5249388251440161,2305.0,4.0,0.5218618724317093,4.0,0.0,1.0,0.0,1.0
6824.0,swap,0.017842304732924145,2305.0,4.0,0.5218618724317093,3.0,0.0,2.0,1.0,1.0
6825.0,add,0.8532479788325825,2306.0,5.0,0.8679948562604451,4.0,1.0,0.0,2.0,1.0
6826.0,add,0.8684525127287915,2307.0,7.0,0.8684525127287915,4.0,3.0,0.0,1.0,1.0
6827.0,add,0.8684525127287915,2307.0,7.0,0.8684525127287915,4.0,3.0,0.0,1.0,2.0
6828.0,delete,0.8684525127287896,2307.0,7.0,0.8684525127287915,4.0,2.0,0.0,1.0,1.0
6829.0,swap,0.8661642303870689,2307.0,7.0,0.8684525127287915,4.0,2.0,0.0,1.0,2.0
6830.0,change,0.8684525127287878,2308.0,4.0,0.7039329892506263,4.0,1.0,0.0,1.0,1.0
6831.0,change,0.8684525127287878,2309.0,5.0,0.8684525127287878,4.0,1.0,0.0,1.0,1.0
6832.0,add,0.8684525127287878,2309.0,5.0,0.8684525127287878,4.0,1.0,0.0,1.0,2.0
6833.0,delete,0.3023032915018157,2309.0,5.0,0.8684525127287878,3.0,1.0,0.0,1.0,1.0
6834.0,swap,0.4701535751750954,2309.0,5.0,0.8684525127287878,3.0,1.0,1.0,1.0,1.0
6835.0,add,0.5437666140844819,2310.0,3.0,0.6685696156424967,4.0,0.0,1.0,1.0,1.0
6836.0,add,0.8684525127287878,2311.0,7.0,0.8684525127287878,4.0,2.0,0.0,1.0,1.0
6837.0,add,0.8684525127287892,2311.0,7.0,0.8684525127287878,4.0,3.0,0.0,1.0,1.0
6838.0,delete,0.873597849947558,2311.0,7.0,0.8684525127287878,4.0,2.0,0.0,0.0,1.0
6839.0,swap,0.8684525127287878,2311.0,7.0,0.8684525127287878,4.0,1.0,0.0,1.0,2.0
6840.0,change,0.8684525127287878,2312.0,2.0,0.6201519655788732,4.0,0.0,0.0,1.0,0.0
6841.0,change,0.8684525127287878,2313.0,3.0,0.8684525127287878,4.0,0.0,0.0,1.0,0.0
6842.0,add,0.30693074061745507,2313.0,3.0,0.8684525127287878,4.0,0.0,1.0,1.0,0.0
6843.0,delete,0.873597849947558,2313.0,3.0,0.8684525127287878,4.0,0.0,0.0,0.0,0.0
6844.0,swap,0.2994400301838541,2313.0,3.0,0.8684525127287878,3.0,1.0,0.0,1.0,0.0
6845.0,add,0.5268326315637023,2314.0,4.0,0.873597849947558,4.0,0.0,1.0,0.0,0.0
6846.0,delete,0.3040764312848323,2314.0,4.0,0.873597849947558,3.0,0.0,0.0,0.0,0.0
6847.0,swap,0.3040764312848323,2314.0,4.0,0.873597849947558,3.0,0.0,0.0,0.0,1.0
6848.0,add,0.5437666140844819,2315.0,4.0,0.5437666140844819,4.0,0.0,1.0,1.0,1.0
6849.0,add,0.5437666140844803,2315.0,4.0,0.5437666140844819,4.0,1.0,1.0,1.0,1.0
6850.0,delete,0.8684525127287878,2315.0,4.0,0.5437666140844819,4.0,0.0,0.0,1.0,1.0
6851.0,swap,0.5405639246571406,2315.0,4.0,0.5437666140844819,4.0,0.0,1.0,2.0,0.0
6852.0,add,0.8696825154081719,2316.0,3.0,0.5982184009050716,4.0,0.0,0.0,1.0,2.0
6853.0,add,0.8696825154081719,2317.0,4.0,0.8696825154081719,4.0,0.0,0.0,1.0,2.0
6854.0,add,0.8685280723742753,2317.0,4.0,0.8696825154081719,4.0,0.0,1.0,1.0,2.0
6855.0,delete,0.3040764312848323,2317.0,4.0,0.8696825154081719,3.0,0.0,0.0,1.0,2.0
6856.0,swap,0.17178633317317288,2317.0,4.0,0.8696825154081719,3.0,0.0,0.0,2.0,2.0
6857.0,add,0.8544997387210749,2318.0,5.0,0.8674071012030121,4.0,1.0,1.0,1.0,1.0
6858.0,add,0.8532479788325797,2319.0,6.0,0.8532479788325825,4.0,1.0,0.0,2.0,1.0
6859.0,add,0.8494246995935272,2319.0,6.0,0.8532479788325825,4.0,1.0,0.0,3.0,1.0
6860.0,delete,0.16824561895095788,2319.0,6.0,0.8532479788325825,3.0,1.0,0.0,2.0,1.0
6861.0,swap,0.26154799045317567,2319.0,6.0,0.8532479788325825,3.0,2.0,0.0,2.0,1.0
6862.0,change,0.8684525127287901,2320.0,6.0,0.8694815801725421,4.0,2.0,0.0,1.0,1.0
6863.0,delete,0.8735978499475604,2321.0,8.0,0.873597849947558,4.0,2.0,0.0,0.0,1.0
6864.0,add,0.873597849947558,2321.0,8.0,0.873597849947558,4.0,3.0,0.0,0.0,1.0
6865.0,delete,0.8735978499475604,2321.0,8.0,0.873597849947558,4.0,1.0,0.0,0.0,1.0
6866.0,swap,0.8684525127287878,2321.0,8.0,0.873597849947558,4.0,2.0,0.0,1.0,0.0
6867.0,delete,0.8684525127287878,2322.0,7.0,0.8684525127287878,4.0,1.0,0.0,1.0,1.0
6868.0,add,0.746896656393954,2322.0,7.0,0.8684525127287878,4.0,1.0,1.0,1.0,1.0
6869.0,delete,0.3023032915018158,2322.0,7.0,0.8684525127287878,3.0,1.0,0.0,1.0,1.0
6870.0,swap,0.2999463184017675,2322.0,7.0,0.8684525127287878,3.0,2.0,0.0,1.0,1.0
6871.0,change,0.8684525127287901,2323.0,7.0,0.8684525127287901,4.0,2.0,0.0,1.0,1.0
6872.0,add,0.8532479788325811,2323.0,7.0,0.8684525127287901,4.0,2.0,0.0,2.0,1.0
6873.0,delete,0.2662086698628966,2323.0,7.0,0.8684525127287901,3.0,2.0,0.0,1.0,1.0
6874.0,swap,0.8684525127287901,2323.0,7.0,0.8684525127287901,4.0,2.0,0.0,1.0,1.0
6875.0,add,0.8684525127287901,2324.0,6.0,0.8679948562604466,4.0,2.0,0.0,1.0,2.0
6876.0,add,0.8684525127287892,2325.0,8.0,0.8684525127287915,4.0,3.0,0.0,1.0,2.0
6877.0,add,0.8684525127287915,2325.0,8.0,0.8684525127287915,4.0,3.0,0.0,1.0,3.0
6878.0,delete,0.8684525127287896,2325.0,8.0,0.8684525127287915,4.0,2.0,0.0,1.0,2.0
6879.0,swap,0.2677858814627581,2325.0,8.0,0.8684525127287915,3.0,3.0,0.0,2.0,2.0
6880.0,add,0.8684525127287878,2326.0,2.0,0.5749104772161399,4.0,0.0,0.0,1.0,1.0
6881.0,add,0.8684525127287878,2327.0,3.0,0.8684525127287878,4.0,0.0,0.0,1.0,1.0
6882.0,add,0.5477128074054409,2327.0,3.0,0.8684525127287878,4.0,0.0,1.0,1.0,1.0
6883.0,delete,0.30230329150181523,2327.0,3.0,0.8684525127287878,3.0,0.0,0.0,1.0,1.0
6884.0,swap,0.03761083231299615,2327.0,3.0,0.8684525127287878,3.0,0.0,1.0,1.0,1.0
6885.0,swap,0.8684525127287878,2328.0,5.0,0.8684525127287878,4.0,0.0,0.0,1.0,2.0
6886.0,add,0.8645604557060138,2328.0,5.0,0.8684525127287878,4.0,0.0,0.0,2.0,2.0
6887.0,delete,0.2662086698628963,2328.0,5.0,0.8684525127287878,3.0,0.0,0.0,1.0,2.0
6888.0,swap,0.04448329009668576,2328.0,5.0,0.8684525127287878,3.0,0.0,1.0,1.0,2.0
6889.0,add,0.8696825154081719,2329.0,5.0,0.8696825154081719,4.0,0.0,0.0,1.0,2.0
6890.0,add,0.8696825154081778,2329.0,5.0,0.8696825154081719,4.0,1.0,0.0,1.0,2.0
6891.0,delete,0.11719131559423906,2329.0,5.0,0.8696825154081719,3.0,0.0,0.0,1.0,2.0
6892.0,swap,0.26659909213401567,2329.0,5.0,0.8696825154081719,3.0,0.0,0.0,2.0,2.0
6893.0,change,0.8684525127287915,2330.0,6.0,0.8258191535940017,4.0,2.0,0.0,1.0,1.0
6894.0,change,0.8684525127287911,2331.0,7.0,0.8684525127287915,4.0,2.0,0.0,1.0,1.0
6895.0,add,0.8684525127287911,2331.0,7.0,0.8684525127287915,4.0,3.0,0.0,1.0,1.0
6896.0,delete,0.302303291501815,2331.0,7.0,0.8684525127287915,3.0,2.0,0.0,1.0,1.0
6897.0,swap,0.2677858814627581,2331.0,7.0,0.8684525127287915,3.0,2.0,0.0,1.0,2.0
6898.0,change,0.8696825154081719,2332.0,5.0,0.8696825154081719,4.0,0.0,0.0,1.0,1.0
6899.0,add,0.8657855661243155,2332.0,5.0,0.8696825154081719,4.0,0.0,0.0,2.0,1.0
6900.0,delete,0.3040764312848323,2332.0,5.0,0.8696825154081719,3.0,0.0,0.0,1.0,1.0
6901.0,swap,0.7964655961505216,2332.0,5.0,0.8696825154081719,4.0,0.0,1.0,0.0,1.0
6902.0,change,0.8696825154081719,2333.0,4.0,0.7411385248752026,4.0,0.0,0.0,1.0,1.0
6903.0,change,0.8696825154081719,2334.0,5.0,0.8696825154081719,4.0,0.0,0.0,1.0,1.0
6904.0,add,0.8645604557060138,2334.0,5.0,0.8696825154081719,4.0,0.0,0.0,2.0,1.0
6905.0,delete,0.8696825154081719,2334.0,5.0,0.8696825154081719,4.0,0.0,0.0,1.0,0.0
6906.0,swap,0.8696825154081719,2334.0,5.0,0.8696825154081719,4.0,0.0,0.0,1.0,1.0
6907.0,change,0.8696825154081719,2335.0,6.0,0.8696825154081719,4.0,0.0,0.0,1.0,1.0
6908.0,add,0.8696825154081719,2335.0,6.0,0.8696825154081719,4.0,1.0,0.0,1.0,1.0
6909.0,delete,0.26659909213401567,2335.0,6.0,0.8696825154081719,3.0,0.0,0.0,1.0,1.0
6910.0,swap,0.17178633317317293,2335.0,6.0,0.8696825154081719,3.0,1.0,0.0,1.0,1.0
6911.0,change,0.8696825154081719,2336.0,4.0,0.7304809712741607,4.0,0.0,0.0,1.0,1.0
6912.0,change,0.8696825154081719,2337.0,5.0,0.8696825154081719,4.0,0.0,0.0,1.0,1.0
6913.0,add,0.08363645544263229,2337.0,5.0,0.8696825154081719,4.0,0.0,1.0,1.0,1.0
6914.0,delete,0.26659909213401567,2337.0,5.0,0.8696825154081719,3.0,0.0,0.0,1.0,1.0
6915.0,swap,0.17178633317317288,2337.0,5.0,0.8696825154081719,3.0,0.0,0.0,2.0,1.0
6916.0,add,0.8645604557060114,2338.0,5.0,0.7495087408429045,4.0,1.0,0.0,2.0,1.0
6917.0,add,0.8645604557060114,2339.0,6.0,0.8645604557060114,4.0,1.0,0.0,2.0,1.0
6918.0,add,0.8594685627545048,2339.0,6.0,0.8645604557060114,4.0,1.0,0.0,3.0,1.0
6919.0,delete,0.8684525127287911,2339.0,6.0,0.8645604557060114,4.0,1.0,0.0,1.0,1.0
6920.0,swap,0.8696825154081739,2339.0,6.0,0.8645604557060114,4.0,1.0,0.0,1.0,2.0
6921.0,add,0.8684525127287896,2340.0,6.0,0.8684525127287878,4.0,1.0,0.0,1.0,2.0
6922.0,add,0.8684525127287882,2340.0,6.0,0.8684525127287878,4.0,2.0,0.0,1.0,2.0
6923.0,delete,0.11663505098597615,2340.0,6.0,0.8684525127287878,3.0,1.0,0.0,1.0,2.0
6924.0,swap,0.11663505098597605,2340.0,6.0,0.8684525127287878,3.0,1.0,0.0,1.0,3.0
6925.0,add,0.866164230387068,2341.0,5.0,0.866164230387068,4.0,0.0,0.0,1.0,2.0
6926.0,add,0.8610803299213169,2341.0,5.0,0.866164230387068,4.0,0.0,0.0,2.0,2.0
6927.0,delete,0.17083531367589733,2341.0,5.0,0.866164230387068,3.0,0.0,0.0,1.0,2.0
6928.0,swap,0.866164230387068,2341.0,5.0,0.866164230387068,4.0,0.0,0.0,1.0,2.0
6929.0,swap,0.8696825154081753,2342.0,7.0,0.8696825154081739,4.0,1.0,0.0,1.0,2.0
6930.0,add,0.8696825154081733,2342.0,7.0,0.8696825154081739,4.0,2.0,0.0,1.0,2.0
6931.0,delete,0.8696825154081739,2342.0,7.0,0.8696825154081739,4.0,1.0,0.0,1.0,1.0
6932.0,swap,0.08540139981171935,2342.0,7.0,0.8696825154081739,3.0,1.0,0.0,2.0,2.0
6933.0,delete,0.8684525127287892,2343.0,7.0,0.8684525127287911,4.0,1.0,0.0,1.0,1.0
6934.0,add,0.866164230387068,2343.0,7.0,0.8684525127287911,4.0,1.0,0.0,1.0,2.0
6935.0,delete,0.8684525127287878,2343.0,7.0,0.8684525127287911,4.0,0.0,0.0,1.0,1.0
6936.0,swap,0.8684525127287892,2343.0,7.0,0.8684525127287911,4.0,2.0,0.0,1.0,0.0
6937.0,add,0.8633374806385117,2344.0,5.0,0.8633374806385117,4.0,0.0,0.0,2.0,0.0
6938.0,add,0.13389463879839994,2344.0,5.0,0.8633374806385117,4.0,0.0,1.0,2.0,0.0
6939.0,delete,0.2662086698628963,2344.0,5.0,0.8633374806385117,3.0,0.0,0.0,2.0,0.0
6940.0,swap,0.8532479788325797,2344.0,5.0,0.8633374806385117,4.0,0.0,0.0,2.0,0.0
6941.0,delete,0.8684525127287878,2345.0,5.0,0.8684525127287878,4.0,0.0,0.0,1.0,1.0
6942.0,add,0.8684525127287896,2345.0,5.0,0.8684525127287878,4.0,1.0,0.0,1.0,1.0
6943.0,delete,0.17117968659641367,2345.0,5.0,0.8684525127287878,3.0,0.0,0.0,1.0,1.0
6944.0,swap,0.8633374806385117,2345.0,5.0,0.8684525127287878,4.0,0.0,0.0,2.0,0.0
6945.0,delete,0.26659909213401584,2346.0,6.0,0.8679948562604451,3.0,1.0,0.0,2.0,1.0
6946.0,change,0.866164230387068,2347.0,4.0,0.7260816669516836,4.0,0.0,0.0,1.0,2.0
6947.0,change,0.866164230387068,2348.0,5.0,0.866164230387068,4.0,0.0,0.0,1.0,2.0
6948.0,add,0.866164230387068,2348.0,5.0,0.866164230387068,4.0,0.0,0.0,1.0,3.0
6949.0,delete,0.866164230387068,2348.0,5.0,0.866164230387068,4.0,0.0,0.0,1.0,1.0
6950.0,swap,0.11731916609425042,2348.0,5.0,0.866164230387068,3.0,0.0,0.0,2.0,2.0
6951.0,swap,0.866164230387068,2349.0,6.0,0.866164230387068,4.0,0.0,0.0,1.0,2.0
6952.0,add,0.8610803299213169,2349.0,6.0,0.866164230387068,4.0,0.0,0.0,2.0,2.0
6953.0,delete,0.873597849947558,2349.0,6.0,0.866164230387068,4.0,0.0,0.0,0.0,2.0
6954.0,swap,0.8661642303870724,2349.0,6.0,0.866164230387068,4.0,1.0,0.0,1.0,1.0
6955.0,change,0.866164230387068,2350.0,4.0,0.7628136473602825,4.0,0.0,0.0,1.0,2.0
6956.0,change,0.866164230387068,2351.0,5.0,0.866164230387068,4.0,0.0,0.0,1.0,2.0
6957.0,add,0.8622892529412014,2351.0,5.0,0.866164230387068,4.0,0.0,0.0,2.0,2.0
6958.0,delete,0.8684525127287878,2351.0,5.0,0.866164230387068,4.0,0.0,0.0,1.0,1.0
6959.0,swap,0.17083531367589713,2351.0,5.0,0.866164230387068,3.0,0.0,0.0,2.0,2.0
6960.0,change,0.8684525127287878,2352.0,3.0,0.6453886679654117,4.0,0.0,0.0,1.0,0.0
6961.0,change,0.8684525127287878,2353.0,4.0,0.8684525127287878,4.0,0.0,0.0,1.0,0.0
6962.0,add,0.8684525127287878,2353.0,4.0,0.8684525127287878,4.0,1.0,0.0,1.0,0.0
6963.0,delete,0.2662086698628963,2353.0,4.0,0.8684525127287878,3.0,0.0,0.0,1.0,0.0
6964.0,swap,0.873597849947558,2353.0,4.0,0.8684525127287878,4.0,0.0,0.0,0.0,1.0
6965.0,add,0.873597849947558,2354.0,5.0,0.873597849947558,4.0,0.0,0.0,0.0,2.0
6966.0,delete,0.873597849947558,2354.0,5.0,0.873597849947558,4.0,0.0,0.0,0.0,0.0
6967.0,swap,0.2677858814627575,2354.0,5.0,0.873597849947558,3.0,0.0,0.0,1.0,1.0
6968.0,add,0.8684525127287878,2355.0,5.0,0.8684525127287878,4.0,1.0,0.0,1.0,0.0
6969.0,add,0.8645604557060099,2355.0,5.0,0.8684525127287878,4.0,1.0,0.0,2.0,0.0
6970.0,delete,0.30230329150181545,2355.0,5.0,0.8684525127287878,3.0,1.0,0.0,1.0,0.0
6971.0,swap,0.25697789908330304,2355.0,5.0,0.8684525127287878,4.0,1.0,1.0,0.0,0.0
6972.0,add,0.8684525127287878,2356.0,4.0,0.8684525127287878,4.0,1.0,0.0,1.0,0.0
6973.0,add,0.8633374806385117,2356.0,4.0,0.8684525127287878,4.0,1.0,0.0,1.0,1.0
6974.0,delete,0.30230329150181523,2356.0,4.0,0.8684525127287878,3.0,1.0,0.0,1.0,0.0
6975.0,swap,0.8684525127287882,2356.0,4.0,0.8684525127287878,4.0,1.0,0.0,1.0,0.0
6976.0,add,0.8684525127287878,2357.0,3.0,0.7541996620653382,4.0,1.0,0.0,1.0,0.0
6977.0,add,0.8684525127287906,2358.0,4.0,0.8684525127287878,4.0,1.0,0.0,1.0,0.0
6978.0,add,0.8645604557060099,2358.0,4.0,0.8684525127287878,4.0,1.0,0.0,2.0,0.0
6979.0,delete,0.8684525127287878,2358.0,4.0,0.8684525127287878,4.0,0.0,0.0,1.0,0.0
6980.0,swap,0.2665990921340155,2358.0,4.0,0.8684525127287878,3.0,1.0,0.0,2.0,0.0
6981.0,swap,0.8684525127287882,2359.0,5.0,0.8684525127287882,4.0,1.0,0.0,1.0,0.0
6982.0,add,0.8673277019240214,2359.0,5.0,0.8684525127287882,4.0,1.0,0.0,2.0,0.0
6983.0,delete,0.2677858814627581,2359.0,5.0,0.8684525127287882,3.0,1.0,0.0,1.0,0.0
6984.0,swap,0.30230329150181523,2359.0,5.0,0.8684525127287882,3.0,1.0,0.0,2.0,0.0
6985.0,change,0.8684525127287878,2360.0,4.0,0.8684525127287878,4.0,0.0,0.0,1.0,0.0
6986.0,add,0.5134455145320925,2360.0,4.0,0.8684525127287878,4.0,0.0,1.0,1.0,0.0
6987.0,delete,0.873597849947558,2360.0,4.0,0.8684525127287878,4.0,0.0,0.0,0.0,0.0
6988.0,swap,0.30230329150181523,2360.0,4.0,0.8684525127287878,3.0,0.0,0.0,1.0,1.0
6989.0,add,0.8645604557060148,2361.0,3.0,0.7009560559978903,4.0,0.0,0.0,2.0,0.0
6990.0,add,0.8645604557060148,2362.0,4.0,0.8645604557060148,4.0,0.0,0.0,2.0,0.0
6991.0,add,0.862289252941201,2362.0,4.0,0.8645604557060148,4.0,0.0,0.0,2.0,1.0
6992.0,delete,0.8696825154081719,2362.0,4.0,0.8645604557060148,4.0,0.0,0.0,1.0,0.0
6993.0,swap,0.8684525127287882,2362.0,4.0,0.8645604557060148,4.0,1.0,0.0,1.0,0.0
6994.0,delete,0.8696825154081719,2363.0,5.0,0.8696825154081719,4.0,0.0,0.0,1.0,0.0
6995.0,add,0.09897267519159988,2363.0,5.0,0.8696825154081719,4.0,0.0,1.0,1.0,0.0
6996.0,delete,0.30276636134333024,2363.0,5.0,0.8696825154081719,3.0,0.0,0.0,1.0,0.0
6997.0,swap,0.02429535271281384,2363.0,5.0,0.8696825154081719,3.0,0.0,1.0,1.0,0.0
6998.0,add,0.8684525127287901,2364.0,5.0,0.8684525127287878,4.0,1.0,0.0,1.0,0.0
6999.0,add,0.8633374806385136,2364.0,5.0,0.8684525127287878,4.0,1.0,0.0,2.0,0.0
7000.0,delete,0.8684525127287878,2364.0,5.0,0.8684525127287878,4.0,0.0,0.0,1.0,0.0
7001.0,swap,0.580638352035857,2364.0,5.0,0.8684525127287878,4.0,1.0,1.0,0.0,0.0
7002.0,change,0.8684525127287878,2365.0,4.0,0.8098666741721473,4.0,1.0,0.0,1.0,0.0
7003.0,change,0.8684525127287878,2366.0,5.0,0.8684525127287878,4.0,1.0,0.0,1.0,0.0
7004.0,add,0.8661642303870704,2366.0,5.0,0.8684525127287878,4.0,1.0,0.0,1.0,1.0
7005.0,delete,0.2677858814627575,2366.0,5.0,0.8684525127287878,3.0,1.0,0.0,1.0,0.0
7006.0,swap,0.2650289370000909,2366.0,5.0,0.8684525127287878,3.0,1.0,0.0,2.0,0.0
7007.0,change,0.8684525127287878,2367.0,3.0,0.6852503362878083,4.0,0.0,0.0,1.0,0.0
7008.0,change,0.8684525127287878,2368.0,4.0,0.8684525127287878,4.0,0.0,0.0,1.0,0.0
7009.0,add,0.8684525127287901,2368.0,4.0,0.8684525127287878,4.0,1.0,0.0,1.0,0.0
7010.0,delete,0.2677858814627575,2368.0,4.0,0.8684525127287878,3.0,0.0,0.0,1.0,0.0
7011.0,swap,0.04853392248329328,2368.0,4.0,0.8684525127287878,3.0,1.0,0.0,1.0,0.0
7012.0,change,0.8684525127287878,2369.0,2.0,0.6317800987970168,4.0,0.0,0.0,1.0,0.0
7013.0,change,0.8684525127287878,2370.0,3.0,0.8684525127287878,4.0,0.0,0.0,1.0,0.0
7014.0,add,0.8684525127287878,2370.0,3.0,0.8684525127287878,4.0,0.0,0.0,1.0,1.0
7015.0,delete,0.2677858814627575,2370.0,3.0,0.8684525127287878,3.0,0.0,0.0,1.0,0.0
7016.0,swap,0.15369053997024704,2370.0,3.0,0.8684525127287878,3.0,1.0,0.0,1.0,0.0
7017.0,add,0.8684525127287878,2371.0,4.0,0.8684525127287896,4.0,1.0,0.0,1.0,0.0
7018.0,add,0.8633374806385173,2371.0,4.0,0.8684525127287896,4.0,1.0,0.0,2.0,0.0
7019.0,delete,0.8735978499475604,2371.0,4.0,0.8684525127287896,4.0,1.0,0.0,0.0,0.0
7020.0,swap,0.16143672352854838,2371.0,4.0,0.8684525127287896,4.0,1.0,1.0,0.0,0.0
7021.0,add,0.8684525127287878,2372.0,3.0,0.7270554159144408,4.0,0.0,0.0,1.0,1.0
7022.0,add,0.8684525127287878,2373.0,4.0,0.8684525127287878,4.0,0.0,0.0,1.0,1.0
7023.0,add,0.8532479788325797,2373.0,4.0,0.8684525127287878,4.0,0.0,0.0,2.0,1.0
7024.0,delete,0.30230329150181523,2373.0,4.0,0.8684525127287878,3.0,0.0,0.0,1.0,1.0
7025.0,swap,0.30230329150181523,2373.0,4.0,0.8684525127287878,3.0,0.0,0.0,1.0,2.0
7026.0,delete,0.8684525127287878,2374.0,5.0,0.8684525127287878,4.0,0.0,0.0,1.0,0.0
7027.0,add,0.8532479788325797,2374.0,5.0,0.8684525127287878,4.0,0.0,0.0,2.0,0.0
7028.0,delete,0.30230329150181523,2374.0,5.0,0.8684525127287878,3.0,0.0,0.0,1.0,0.0
7029.0,swap,0.873597849947558,2374.0,5.0,0.8684525127287878,4.0,1.0,0.0,0.0,0.0
7030.0,delete,0.2662086698628966,2375.0,4.0,0.7532108291479057,3.0,1.0,0.0,1.0,0.0
7031.0,add,0.866164230387068,2376.0,4.0,0.866164230387068,4.0,0.0,0.0,1.0,1.0
7032.0,add,0.8622837243407987,2376.0,4.0,0.866164230387068,4.0,0.0,0.0,2.0,1.0
7033.0,delete,0.30230329150181523,2376.0,4.0,0.866164230387068,3.0,0.0,0.0,1.0,1.0
7034.0,swap,0.8684525127287878,2376.0,4.0,0.866164230387068,4.0,0.0,0.0,1.0,1.0
7035.0,add,0.8645604557060148,2377.0,2.0,0.599877721551214,4.0,0.0,0.0,2.0,0.0
7036.0,add,0.8645604557060148,2378.0,3.0,0.8645604557060148,4.0,0.0,0.0,2.0,0.0
7037.0,add,0.09797182680156476,2378.0,3.0,0.8645604557060148,4.0,0.0,1.0,2.0,0.0
7038.0,delete,0.30230329150181523,2378.0,3.0,0.8645604557060148,3.0,0.0,0.0,2.0,0.0
7039.0,swap,0.26307148112248957,2378.0,3.0,0.8645604557060148,3.0,0.0,0.0,3.0,0.0
7040.0,change,0.8684525127287878,2379.0,4.0,0.8684525127287878,4.0,0.0,0.0,1.0,0.0
7041.0,add,0.8684525127287878,2379.0,4.0,0.8684525127287878,4.0,1.0,0.0,1.0,0.0
7042.0,delete,0.873597849947558,2379.0,4.0,0.8684525127287878,4.0,0.0,0.0,0.0,0.0
7043.0,swap,0.2662086698628963,2379.0,4.0,0.8684525127287878,3.0,0.0,0.0,1.0,1.0
7044.0,change,0.8684525127287878,2380.0,3.0,0.7490328115993635,4.0,0.0,0.0,1.0,0.0
7045.0,change,0.8684525127287878,2381.0,4.0,0.8684525127287878,4.0,0.0,0.0,1.0,0.0
7046.0,add,0.8684525127287901,2381.0,4.0,0.8684525127287878,4.0,1.0,0.0,1.0,0.0
7047.0,delete,0.2662086698628963,2381.0,4.0,0.8684525127287878,3.0,0.0,0.0,1.0,0.0
7048.0,swap,0.09367250514645109,2381.0,4.0,0.8684525127287878,4.0,0.0,1.0,0.0,0.0
7049.0,add,0.8633374806385117,2382.0,5.0,0.8633374806385117,4.0,1.0,0.0,1.0,1.0
7050.0,add,0.86266017852493,2382.0,5.0,0.8633374806385117,4.0,1.0,0.0,1.0,2.0
7051.0,delete,0.873597849947558,2382.0,5.0,0.8633374806385117,4.0,1.0,0.0,0.0,1.0
7052.0,swap,0.873597849947558,2382.0,5.0,0.8633374806385117,4.0,1.0,0.0,0.0,2.0
7053.0,add,0.8684525127287878,2383.0,4.0,0.8684525127287878,4.0,0.0,0.0,1.0,1.0
7054.0,add,0.8633374806385117,2383.0,4.0,0.8684525127287878,4.0,0.0,0.0,1.0,2.0
7055.0,delete,0.2677858814627575,2383.0,4.0,0.8684525127287878,3.0,0.0,0.0,1.0,1.0
7056.0,swap,0.30230329150181523,2383.0,4.0,0.8684525127287878,3.0,0.0,0.0,1.0,2.0
7057.0,add,0.8684525127287878,2384.0,3.0,0.6924979384265417,4.0,0.0,0.0,1.0,1.0
7058.0,add,0.8684525127287878,2385.0,4.0,0.8684525127287878,4.0,0.0,0.0,1.0,1.0
7059.0,add,0.8684525127287901,2385.0,4.0,0.8684525127287878,4.0,1.0,0.0,1.0,1.0
7060.0,delete,0.2677858814627575,2385.0,4.0,0.8684525127287878,3.0,0.0,0.0,1.0,1.0
7061.0,swap,0.30230329150181523,2385.0,4.0,0.8684525127287878,3.0,1.0,0.0,1.0,1.0
7062.0,add,0.8494864028093511,2386.0,4.0,0.8673061679394138,4.0,1.0,1.0,1.0,0.0
7063.0,delete,0.873597849947558,2387.0,6.0,0.873597849947558,4.0,1.0,0.0,0.0,1.0
7064.0,add,0.6208183241500339,2387.0,6.0,0.873597849947558,4.0,1.0,1.0,0.0,1.0
7065.0,delete,0.08208499862389862,2387.0,6.0,0.873597849947558,3.0,1.0,0.0,0.0,1.0
7066.0,swap,0.4994103268328315,2387.0,6.0,0.873597849947558,3.0,1.0,1.0,0.0,1.0
7067.0,swap,0.873597849947558,2388.0,6.0,0.873597849947558,4.0,1.0,0.0,0.0,2.0
7068.0,add,0.873597849947558,2388.0,6.0,0.873597849947558,4.0,1.0,0.0,0.0,3.0
7069.0,delete,0.3040764312848323,2388.0,6.0,0.873597849947558,3.0,1.0,0.0,0.0,2.0
7070.0,swap,0.3040764312848323,2388.0,6.0,0.873597849947558,3.0,1.0,0.0,1.0,2.0
7071.0,delete,0.8735978499475604,2389.0,5.0,0.8735978499475604,4.0,1.0,0.0,0.0,0.0
7072.0,add,0.8696825154081739,2389.0,5.0,0.8735978499475604,4.0,1.0,0.0,1.0,0.0
7073.0,delete,0.2677858814627575,2389.0,5.0,0.8735978499475604,3.0,1.0,0.0,0.0,0.0
7074.0,swap,0.05512047576466463,2389.0,5.0,0.8735978499475604,3.0,2.0,0.0,0.0,0.0
7075.0,delete,0.8684525127287878,2390.0,6.0,0.8684525127287878,4.0,0.0,0.0,1.0,0.0
7076.0,add,0.8684525127287878,2390.0,6.0,0.8684525127287878,4.0,0.0,0.0,1.0,1.0
7077.0,delete,0.873597849947558,2390.0,6.0,0.8684525127287878,4.0,0.0,0.0,0.0,0.0
7078.0,swap,0.05075200822471877,2390.0,6.0,0.8684525127287878,3.0,0.0,1.0,1.0,0.0
7079.0,change,0.8684525127287878,2391.0,4.0,0.7033194520570059,4.0,1.0,0.0,1.0,0.0
7080.0,change,0.8684525127287901,2392.0,5.0,0.8684525127287878,4.0,1.0,0.0,1.0,0.0
7081.0,add,0.8633374806385117,2392.0,5.0,0.8684525127287878,4.0,1.0,0.0,1.0,1.0
7082.0,delete,0.30230329150181545,2392.0,5.0,0.8684525127287878,3.0,1.0,0.0,1.0,0.0
7083.0,swap,0.30230329150181523,2392.0,5.0,0.8684525127287878,3.0,2.0,0.0,1.0,0.0
7084.0,change,0.8684525127287878,2393.0,4.0,0.8684525127287878,4.0,0.0,0.0,1.0,0.0
7085.0,add,0.8633374806385117,2393.0,4.0,0.8684525127287878,4.0,0.0,0.0,2.0,0.0
7086.0,delete,0.2662086698628963,2393.0,4.0,0.8684525127287878,3.0,0.0,0.0,1.0,0.0
7087.0,swap,0.2650289370000909,2393.0,4.0,0.8684525127287878,3.0,0.0,0.0,2.0,0.0
7088.0,add,0.873597849947558,2394.0,3.0,0.5855716650513275,4.0,0.0,0.0,0.0,3.0
7089.0,add,0.3238431171868956,2395.0,4.0,0.873597849947558,4.0,0.0,1.0,0.0,3.0
7090.0,delete,0.3040764312848323,2395.0,4.0,0.873597849947558,3.0,0.0,0.0,0.0,3.0
7091.0,swap,0.873597849947558,2395.0,4.0,0.873597849947558,4.0,1.0,0.0,0.0,2.0
7092.0,swap,0.3015972538789046,2396.0,5.0,0.8666341742060165,3.0,0.0,0.0,1.0,3.0
7093.0,delete,0.19016827360172422,2397.0,4.0,0.7279749410842581,3.0,0.0,1.0,1.0,1.0
7094.0,delete,0.2677858814627575,2398.0,4.0,0.5797645031606764,3.0,0.0,0.0,1.0,1.0
7095.0,add,0.873597849947558,2399.0,7.0,0.873597849947558,4.0,0.0,0.0,0.0,3.0
7096.0,delete,0.04526423397858692,2399.0,7.0,0.873597849947558,3.0,0.0,0.0,0.0,2.0
7097.0,swap,0.3040764312848323,2399.0,7.0,0.873597849947558,3.0,0.0,0.0,1.0,2.0
7098.0,add,0.8645604557060148,2400.0,7.0,0.8645604557060114,4.0,1.0,0.0,2.0,1.0
7099.0,add,0.8645604557060095,2400.0,7.0,0.8645604557060114,4.0,2.0,0.0,2.0,1.0
7100.0,delete,0.17079590100649894,2400.0,7.0,0.8645604557060114,3.0,1.0,0.0,2.0,1.0
7101.0,swap,0.8684525127287911,2400.0,7.0,0.8645604557060114,4.0,1.0,0.0,1.0,2.0
7102.0,add,0.8684525127287896,2401.0,6.0,0.8684525127287896,4.0,1.0,0.0,1.0,2.0
7103.0,add,0.3216043446478048,2401.0,6.0,0.8684525127287896,4.0,1.0,1.0,1.0,2.0
7104.0,delete,0.8684525127287896,2401.0,6.0,0.8684525127287896,4.0,1.0,0.0,1.0,1.0
7105.0,swap,0.8645604557060105,2401.0,6.0,0.8684525127287896,4.0,1.0,0.0,2.0,1.0
7106.0,change,0.8684525127287892,2402.0,4.0,0.7064865253679629,4.0,1.0,0.0,1.0,1.0
7107.0,change,0.8684525127287892,2403.0,5.0,0.8684525127287892,4.0,1.0,0.0,1.0,1.0
7108.0,add,0.8645604557060138,2403.0,5.0,0.8684525127287892,4.0,1.0,0.0,2.0,1.0
7109.0,delete,0.873597849947558,2403.0,5.0,0.8684525127287892,4.0,1.0,0.0,0.0,1.0
7110.0,swap,0.30230329150181523,2403.0,5.0,0.8684525127287892,3.0,1.0,0.0,1.0,2.0
7111.0,delete,0.873597849947558,2404.0,6.0,0.873597849947558,4.0,1.0,0.0,0.0,1.0
7112.0,add,0.873597849947558,2404.0,6.0,0.873597849947558,4.0,1.0,0.0,0.0,2.0
7113.0,delete,0.873597849947558,2404.0,6.0,0.873597849947558,4.0,1.0,0.0,0.0,0.0
7114.0,swap,0.1721723516748124,2404.0,6.0,0.873597849947558,3.0,1.0,0.0,0.0,2.0
7115.0,add,0.8684525127287906,2405.0,5.0,0.8684525127287906,4.0,1.0,0.0,1.0,0.0
7116.0,add,0.46341777584494737,2405.0,5.0,0.8684525127287906,4.0,1.0,1.0,1.0,0.0
7117.0,delete,0.30230329150181545,2405.0,5.0,0.8684525127287906,3.0,1.0,0.0,1.0,0.0
7118.0,swap,0.873597849947558,2405.0,5.0,0.8684525127287906,4.0,1.0,0.0,0.0,1.0
7119.0,change,0.8684525127287878,2406.0,6.0,0.8684525127287892,4.0,1.0,0.0,1.0,1.0
7120.0,add,0.8684525127287892,2406.0,6.0,0.8684525127287892,4.0,2.0,0.0,1.0,1.0
7121.0,delete,0.2662086698628965,2406.0,6.0,0.8684525127287892,3.0,1.0,0.0,1.0,1.0
7122.0,swap,0.17117968659641367,2406.0,6.0,0.8684525127287892,3.0,1.0,0.0,1.0,2.0
7123.0,swap,0.873597849947558,2407.0,5.0,0.8735978499475604,4.0,2.0,0.0,0.0,1.0
7124.0,add,0.8735978499475604,2407.0,5.0,0.8735978499475604,4.0,2.0,0.0,0.0,2.0
7125.0,delete,0.8735978499475604,2407.0,5.0,0.8735978499475604,4.0,2.0,0.0,0.0,0.0
7126.0,swap,0.07595231543193703,2407.0,5.0,0.8735978499475604,4.0,1.0,1.0,0.0,1.0
7127.0,add,0.873597849947558,2408.0,5.0,0.873597849947558,4.0,0.0,0.0,0.0,1.0
7128.0,delete,0.2677858814627575,2408.0,5.0,0.873597849947558,3.0,0.0,0.0,0.0,0.0
7129.0,swap,0.023848129194407288,2408.0,5.0,0.873597849947558,3.0,0.0,1.0,0.0,0.0
7130.0,swap,0.8696825154081768,2409.0,5.0,0.8696825154081768,4.0,1.0,0.0,1.0,0.0
7131.0,add,0.8696825154081768,2409.0,5.0,0.8696825154081768,4.0,1.0,0.0,1.0,1.0
7132.0,delete,0.3040764312848323,2409.0,5.0,0.8696825154081768,3.0,1.0,0.0,1.0,0.0
7133.0,swap,0.3040764312848323,2409.0,5.0,0.8696825154081768,3.0,1.0,0.0,2.0,0.0
7134.0,swap,0.873597849947558,2410.0,5.0,0.873597849947558,4.0,1.0,0.0,0.0,2.0
7135.0,add,0.835546644827192,2410.0,5.0,0.873597849947558,4.0,1.0,1.0,0.0,2.0
7136.0,delete,0.30407643128483275,2410.0,5.0,0.873597849947558,3.0,1.0,0.0,0.0,2.0
7137.0,swap,0.2511704867937923,2410.0,5.0,0.873597849947558,4.0,1.0,1.0,0.0,1.0
7138.0,add,0.06802850377314601,2411.0,5.0,0.7583044677080368,4.0,1.0,1.0,1.0,1.0
7139.0,add,0.650311187941952,2412.0,5.0,0.650311187941952,4.0,0.0,1.0,1.0,1.0
7140.0,add,0.6464914140964814,2412.0,5.0,0.650311187941952,4.0,0.0,1.0,2.0,1.0
7141.0,delete,0.6541535307990336,2412.0,5.0,0.650311187941952,4.0,0.0,1.0,0.0,1.0
7142.0,swap,0.6389566529516287,2412.0,5.0,0.650311187941952,4.0,0.0,1.0,2.0,0.0
7143.0,add,0.8691645115874639,2413.0,5.0,0.8706209548764603,4.0,0.0,1.0,0.0,1.0
7144.0,add,0.8706209548764603,2413.0,5.0,0.8706209548764603,4.0,0.0,1.0,0.0,2.0
7145.0,delete,0.871340955497841,2413.0,5.0,0.8706209548764603,4.0,0.0,1.0,0.0,0.0
7146.0,swap,0.583711046805111,2413.0,5.0,0.8706209548764603,4.0,0.0,2.0,0.0,0.0
7147.0,change,0.8295910746494397,2414.0,4.0,0.8130916847286673,4.0,0.0,1.0,0.0,1.0
7148.0,change,0.8464448851390158,2415.0,5.0,0.8295910746494397,4.0,0.0,1.0,0.0,1.0
7149.0,add,0.8295910746494397,2415.0,5.0,0.8295910746494397,4.0,1.0,1.0,0.0,1.0
7150.0,delete,0.8402028325202274,2415.0,5.0,0.8295910746494397,4.0,0.0,1.0,0.0,0.0
7151.0,swap,0.8684525127287878,2415.0,5.0,0.8295910746494397,4.0,0.0,0.0,1.0,1.0
7152.0,swap,0.8684525127287878,2416.0,6.0,0.8684525127287878,4.0,0.0,0.0,1.0,1.0
7153.0,add,0.8532479788325797,2416.0,6.0,0.8684525127287878,4.0,0.0,0.0,2.0,1.0
7154.0,delete,0.30230329150181523,2416.0,6.0,0.8684525127287878,3.0,0.0,0.0,1.0,1.0
7155.0,swap,0.17079590100649877,2416.0,6.0,0.8684525127287878,3.0,0.0,0.0,2.0,1.0
7156.0,add,0.8620385056765617,2417.0,3.0,0.6792647427646472,4.0,0.0,1.0,0.0,1.0
7157.0,add,0.8581253403089941,2418.0,4.0,0.8620385056765617,4.0,0.0,1.0,0.0,1.0
7158.0,add,0.8569618884528889,2418.0,4.0,0.8620385056765617,4.0,0.0,1.0,1.0,1.0
7159.0,delete,0.3002076363687827,2418.0,4.0,0.8620385056765617,3.0,0.0,1.0,0.0,1.0
7160.0,swap,0.26428191998798284,2418.0,4.0,0.8620385056765617,3.0,1.0,1.0,0.0,1.0
7161.0,add,0.8545190271188382,2419.0,5.0,0.8545190271188382,4.0,0.0,1.0,1.0,1.0
7162.0,add,0.8545190271188382,2419.0,5.0,0.8545190271188382,4.0,0.0,1.0,1.0,2.0
7163.0,delete,0.26202174570751186,2419.0,5.0,0.8545190271188382,3.0,0.0,1.0,1.0,1.0
7164.0,swap,0.4638456606596683,2419.0,5.0,0.8545190271188382,4.0,0.0,1.0,1.0,1.0
7165.0,change,0.870542037526611,2420.0,4.0,0.7481814633857091,4.0,0.0,1.0,0.0,1.0
7166.0,change,0.8684054587431498,2421.0,5.0,0.870542037526611,4.0,0.0,1.0,0.0,1.0
7167.0,add,0.870542037526611,2421.0,5.0,0.870542037526611,4.0,0.0,1.0,0.0,2.0
7168.0,delete,0.8712811214419212,2421.0,5.0,0.870542037526611,4.0,0.0,1.0,0.0,0.0
7169.0,swap,0.30330129804937966,2421.0,5.0,0.870542037526611,3.0,0.0,1.0,0.0,2.0
7170.0,add,0.785664342802878,2422.0,4.0,0.8461042700475545,4.0,0.0,1.0,0.0,1.0
7171.0,add,0.8461042700475545,2422.0,4.0,0.8461042700475545,4.0,0.0,1.0,0.0,2.0
7172.0,delete,0.4156365791853724,2422.0,4.0,0.8461042700475545,3.0,0.0,1.0,0.0,1.0
7173.0,swap,0.11641612799620839,2422.0,4.0,0.8461042700475545,3.0,0.0,1.0,1.0,1.0
7174.0,delete,0.8642404888516891,2423.0,6.0,0.871340955497841,4.0,0.0,1.0,0.0,0.0
7175.0,add,0.871340955497841,2423.0,6.0,0.871340955497841,4.0,1.0,1.0,0.0,0.0
7176.0,delete,0.3033213189715515,2423.0,6.0,0.871340955497841,3.0,0.0,1.0,0.0,0.0
7177.0,swap,0.2659181929341872,2423.0,6.0,0.871340955497841,3.0,0.0,1.0,1.0,0.0
7178.0,add,0.8637216427818073,2424.0,6.0,0.8706209548764603,4.0,0.0,1.0,0.0,2.0
7179.0,add,0.8706209548764603,2424.0,6.0,0.8706209548764603,4.0,1.0,1.0,0.0,2.0
7180.0,delete,0.873597849947558,2424.0,6.0,0.8706209548764603,4.0,0.0,0.0,0.0,2.0
7181.0,swap,0.8684525127287878,2424.0,6.0,0.8706209548764603,4.0,0.0,0.0,1.0,2.0
7182.0,add,0.8706209548764599,2425.0,5.0,0.8694027830422147,4.0,1.0,1.0,0.0,1.0
7183.0,add,0.873597849947558,2426.0,7.0,0.873597849947558,4.0,0.0,0.0,0.0,3.0
7184.0,delete,0.2677858814627575,2426.0,7.0,0.873597849947558,3.0,0.0,0.0,0.0,2.0
7185.0,swap,0.1721723516748124,2426.0,7.0,0.873597849947558,3.0,0.0,0.0,0.0,3.0
7186.0,add,0.8476009297462019,2427.0,6.0,0.8691645115874639,4.0,0.0,1.0,0.0,1.0
7187.0,add,0.8691645115874619,2427.0,6.0,0.8691645115874639,4.0,1.0,1.0,0.0,1.0
7188.0,delete,0.873597849947558,2427.0,6.0,0.8691645115874639,4.0,0.0,0.0,0.0,1.0
7189.0,swap,0.873597849947558,2427.0,6.0,0.8691645115874639,4.0,1.0,0.0,0.0,1.0
7190.0,change,0.8732578851521635,2428.0,5.0,0.8666251305632487,4.0,0.0,1.0,0.0,1.0
7191.0,change,0.8646993791774752,2429.0,6.0,0.8732578851521635,4.0,0.0,1.0,0.0,1.0
7192.0,add,0.8733401244102024,2429.0,6.0,0.8732578851521635,4.0,0.0,1.0,0.0,2.0
7193.0,delete,0.2676832766978717,2429.0,6.0,0.8732578851521635,3.0,0.0,1.0,0.0,1.0
7194.0,swap,0.30399020745991123,2429.0,6.0,0.8732578851521635,3.0,0.0,1.0,1.0,1.0
7195.0,change,0.8731974592162814,2430.0,4.0,0.721773385234137,4.0,0.0,1.0,0.0,1.0
7196.0,change,0.8561736613920108,2431.0,5.0,0.8731974592162814,4.0,0.0,1.0,0.0,1.0
7197.0,add,0.8731974592162814,2431.0,5.0,0.8731974592162814,4.0,0.0,1.0,0.0,2.0
7198.0,delete,0.16173468820307688,2431.0,5.0,0.8731974592162814,3.0,0.0,1.0,0.0,1.0
7199.0,swap,0.23642330684864166,2431.0,5.0,0.8731974592162814,3.0,0.0,2.0,0.0,1.0
7200.0,add,0.873597849947558,2432.0,7.0,0.873597849947558,4.0,0.0,0.0,0.0,2.0
7201.0,delete,0.2677858814627575,2432.0,7.0,0.873597849947558,3.0,0.0,0.0,0.0,1.0
7202.0,swap,0.873597849947558,2432.0,7.0,0.873597849947558,4.0,1.0,0.0,0.0,0.0
7203.0,add,0.18944686257685522,2433.0,3.0,0.5805386961716094,4.0,0.0,2.0,0.0,0.0
7204.0,add,0.8569618884528889,2434.0,5.0,0.8569618884528889,4.0,0.0,1.0,1.0,0.0
7205.0,add,0.7211301764032841,2434.0,5.0,0.8569618884528889,4.0,0.0,2.0,1.0,0.0
7206.0,delete,0.37154746343761313,2434.0,5.0,0.8569618884528889,3.0,0.0,1.0,1.0,0.0
7207.0,swap,0.0698316230083785,2434.0,5.0,0.8569618884528889,4.0,0.0,1.0,1.0,0.0
7208.0,add,0.3040764312848323,2435.0,2.0,0.3040764312848323,3.0,0.0,0.0,1.0,0.0
7209.0,delete,0.09431537009970281,2435.0,2.0,0.3040764312848323,2.0,0.0,0.0,0.0,0.0
7210.0,swap,0.09431537009970281,2435.0,2.0,0.3040764312848323,2.0,0.0,0.0,1.0,0.0
7211.0,add,0.42426619680910194,2436.0,3.0,0.6286739222588379,4.0,0.0,2.0,0.0,0.0
7212.0,change,0.8717549929254036,2437.0,4.0,0.6943790700523106,4.0,0.0,1.0,0.0,1.0
7213.0,change,0.8533335717097951,2438.0,5.0,0.8717549929254036,4.0,0.0,1.0,0.0,1.0
7214.0,add,0.8717549929254041,2438.0,5.0,0.8717549929254036,4.0,1.0,1.0,0.0,1.0
7215.0,delete,0.11708881891709662,2438.0,5.0,0.8717549929254036,3.0,0.0,1.0,0.0,1.0
7216.0,swap,0.8717549929254036,2438.0,5.0,0.8717549929254036,4.0,1.0,1.0,0.0,0.0
7217.0,swap,0.8656889526382149,2439.0,6.0,0.8717549929254036,4.0,1.0,1.0,0.0,0.0
7218.0,add,0.8717549929254036,2439.0,6.0,0.8717549929254036,4.0,1.0,1.0,0.0,1.0
7219.0,delete,0.30345985668200004,2439.0,6.0,0.8717549929254036,3.0,1.0,1.0,0.0,0.0
7220.0,swap,0.30345985668200004,2439.0,6.0,0.8717549929254036,3.0,1.0,1.0,1.0,0.0
7221.0,add,0.7157177788915162,2440.0,4.0,0.657884897544739,4.0,0.0,2.0,0.0,1.0
7222.0,add,0.7053953409957792,2441.0,5.0,0.7157177788915162,4.0,0.0,2.0,0.0,1.0
7223.0,add,0.7129930636601441,2441.0,5.0,0.7157177788915162,4.0,0.0,2.0,1.0,1.0
7224.0,delete,0.21939299508760068,2441.0,5.0,0.7157177788915162,3.0,0.0,2.0,0.0,1.0
7225.0,swap,0.07575063587074574,2441.0,5.0,0.7157177788915162,4.0,0.0,3.0,0.0,0.0
7226.0,change,0.8696825154081719,2442.0,4.0,0.7488198302174639,4.0,0.0,0.0,1.0,1.0
7227.0,change,0.8696825154081719,2443.0,5.0,0.8696825154081719,4.0,0.0,0.0,1.0,1.0
7228.0,add,0.8696825154081719,2443.0,5.0,0.8696825154081719,4.0,0.0,0.0,1.0,2.0
7229.0,delete,0.3040764312848323,2443.0,5.0,0.8696825154081719,3.0,0.0,0.0,1.0,1.0
7230.0,swap,0.27474582719742363,2443.0,5.0,0.8696825154081719,4.0,0.0,1.0,1.0,0.0
7231.0,add,0.8684525127287901,2444.0,3.0,0.6721602718183027,4.0,1.0,0.0,1.0,1.0
7232.0,add,0.8684525127287901,2445.0,4.0,0.8684525127287901,4.0,1.0,0.0,1.0,1.0
7233.0,add,0.8684525127287901,2445.0,4.0,0.8684525127287901,4.0,1.0,0.0,1.0,2.0
7234.0,delete,0.30230329150181523,2445.0,4.0,0.8684525127287901,3.0,1.0,0.0,1.0,1.0
7235.0,swap,0.17117968659641342,2445.0,4.0,0.8684525127287901,3.0,1.0,0.0,2.0,1.0
7236.0,change,0.866164230387068,2446.0,3.0,0.7530735978691075,4.0,0.0,0.0,1.0,1.0
7237.0,change,0.866164230387068,2447.0,4.0,0.866164230387068,4.0,0.0,0.0,1.0,1.0
7238.0,add,0.866164230387068,2447.0,4.0,0.866164230387068,4.0,0.0,0.0,1.0,2.0
7239.0,delete,0.30230329150181523,2447.0,4.0,0.866164230387068,3.0,0.0,0.0,1.0,1.0
7240.0,swap,0.30230329150181523,2447.0,4.0,0.866164230387068,3.0,0.0,0.0,2.0,1.0
7241.0,swap,0.8684525127287878,2448.0,5.0,0.8684525127287878,4.0,0.0,0.0,1.0,1.0
7242.0,add,0.8684525127287878,2448.0,5.0,0.8684525127287878,4.0,0.0,0.0,1.0,2.0
7243.0,delete,0.873597849947558,2448.0,5.0,0.8684525127287878,4.0,0.0,0.0,0.0,1.0
7244.0,swap,0.873597849947558,2448.0,5.0,0.8684525127287878,4.0,0.0,0.0,0.0,2.0
7245.0,change,0.866164230387068,2449.0,3.0,0.7466119992045045,4.0,0.0,0.0,1.0,1.0
7246.0,change,0.866164230387068,2450.0,4.0,0.866164230387068,4.0,0.0,0.0,1.0,1.0
7247.0,add,0.7902535946390747,2450.0,4.0,0.866164230387068,4.0,0.0,1.0,1.0,1.0
7248.0,delete,0.873597849947558,2450.0,4.0,0.866164230387068,4.0,0.0,0.0,0.0,1.0
7249.0,swap,0.30230329150181523,2450.0,4.0,0.866164230387068,3.0,0.0,0.0,2.0,1.0
7250.0,swap,0.2655205702873914,2451.0,4.0,0.8705106476162958,3.0,0.0,0.0,2.0,1.0
7251.0,add,0.8682878790490508,2452.0,6.0,0.873597849947558,4.0,0.0,1.0,0.0,2.0
7252.0,delete,0.873597849947558,2452.0,6.0,0.873597849947558,4.0,0.0,0.0,0.0,1.0
7253.0,swap,0.08597457175616137,2452.0,6.0,0.873597849947558,3.0,0.0,0.0,1.0,2.0
7254.0,add,0.866164230387068,2453.0,5.0,0.866164230387068,4.0,0.0,0.0,1.0,1.0
7255.0,add,0.8610628918855857,2453.0,5.0,0.866164230387068,4.0,0.0,0.0,2.0,1.0
7256.0,delete,0.30230329150181523,2453.0,5.0,0.866164230387068,3.0,0.0,0.0,1.0,1.0
7257.0,swap,0.8684525127287901,2453.0,5.0,0.866164230387068,4.0,1.0,0.0,1.0,0.0
7258.0,add,0.866164230387068,2454.0,2.0,0.6382390879628882,4.0,0.0,0.0,1.0,1.0
7259.0,add,0.866164230387068,2455.0,3.0,0.866164230387068,4.0,0.0,0.0,1.0,1.0
7260.0,add,0.866164230387068,2455.0,3.0,0.866164230387068,4.0,1.0,0.0,1.0,1.0
7261.0,delete,0.30230329150181523,2455.0,3.0,0.866164230387068,3.0,0.0,0.0,1.0,1.0
7262.0,swap,0.2655205702873914,2455.0,3.0,0.866164230387068,3.0,1.0,0.0,1.0,1.0
7263.0,add,0.8610628918855857,2456.0,4.0,0.8610628918855857,4.0,0.0,0.0,2.0,1.0
7264.0,add,0.13247560129246985,2456.0,4.0,0.8610628918855857,4.0,0.0,1.0,2.0,1.0
7265.0,delete,0.11663505098597605,2456.0,4.0,0.8610628918855857,3.0,0.0,0.0,2.0,1.0
7266.0,swap,0.11614849257224,2456.0,4.0,0.8610628918855857,3.0,0.0,0.0,3.0,1.0
7267.0,add,0.8684525127287878,2457.0,5.0,0.8684525127287878,4.0,0.0,0.0,1.0,1.0
7268.0,add,0.866164230387068,2457.0,5.0,0.8684525127287878,4.0,0.0,0.0,1.0,2.0
7269.0,delete,0.2677858814627575,2457.0,5.0,0.8684525127287878,3.0,0.0,0.0,1.0,1.0
7270.0,swap,0.024084892907722144,2457.0,5.0,0.8684525127287878,3.0,1.0,0.0,1.0,1.0
7271.0,add,0.8582295547319936,2458.0,3.0,0.6554364427132524,4.0,0.0,1.0,1.0,0.0
7272.0,add,0.845554045811021,2459.0,4.0,0.8582295547319936,4.0,0.0,1.0,1.0,0.0
7273.0,add,0.8559715963713279,2459.0,4.0,0.8582295547319936,4.0,0.0,1.0,1.0,1.0
7274.0,delete,0.8684525127287878,2459.0,4.0,0.8582295547319936,4.0,0.0,0.0,1.0,0.0
7275.0,swap,0.8632349371175264,2459.0,4.0,0.8582295547319936,4.0,0.0,1.0,1.0,0.0
7276.0,delete,0.8684525127287878,2460.0,5.0,0.8684525127287878,4.0,0.0,0.0,1.0,0.0
7277.0,add,0.8684525127287911,2460.0,5.0,0.8684525127287878,4.0,1.0,0.0,1.0,0.0
7278.0,delete,0.30230329150181523,2460.0,5.0,0.8684525127287878,3.0,0.0,0.0,1.0,0.0
7279.0,swap,0.2662086698628965,2460.0,5.0,0.8684525127287878,3.0,1.0,0.0,1.0,0.0
7280.0,add,0.8559715963713279,2461.0,5.0,0.8559715963713279,4.0,0.0,1.0,1.0,1.0
7281.0,add,0.8559715963713279,2461.0,5.0,0.8559715963713279,4.0,0.0,1.0,1.0,2.0
7282.0,delete,0.866164230387068,2461.0,5.0,0.8559715963713279,4.0,0.0,0.0,1.0,1.0
7283.0,swap,0.24435880504801263,2461.0,5.0,0.8559715963713279,3.0,0.0,1.0,2.0,1.0
7284.0,add,0.845554045811021,2462.0,5.0,0.845554045811021,4.0,0.0,1.0,1.0,0.0
7285.0,add,0.2879925227634095,2462.0,5.0,0.845554045811021,4.0,0.0,2.0,1.0,0.0
7286.0,delete,0.8684525127287878,2462.0,5.0,0.845554045811021,4.0,0.0,0.0,1.0,0.0
7287.0,swap,0.2592669901149101,2462.0,5.0,0.845554045811021,3.0,1.0,1.0,1.0,0.0
7288.0,add,0.8582295547319959,2463.0,4.0,0.7356875649098129,4.0,1.0,1.0,1.0,0.0
7289.0,add,0.8580994326713128,2464.0,5.0,0.8582295547319959,4.0,1.0,1.0,1.0,0.0
7290.0,add,0.8582295547319955,2464.0,5.0,0.8582295547319959,4.0,2.0,1.0,1.0,0.0
7291.0,delete,0.29888178170543034,2464.0,5.0,0.8582295547319959,3.0,1.0,1.0,1.0,0.0
7292.0,swap,0.8531752983052726,2464.0,5.0,0.8582295547319959,4.0,0.0,1.0,2.0,0.0
7293.0,change,0.8733202619633196,2465.0,3.0,0.5910190739345305,4.0,0.0,1.0,0.0,0.0
7294.0,change,0.8603105860944529,2466.0,4.0,0.8733202619633196,4.0,0.0,1.0,0.0,0.0
7295.0,add,0.589363940394736,2466.0,4.0,0.8733202619633196,4.0,0.0,2.0,0.0,0.0
7296.0,delete,0.3039835622790078,2466.0,4.0,0.8733202619633196,3.0,0.0,1.0,0.0,0.0
7297.0,swap,0.1850328644791938,2466.0,4.0,0.8733202619633196,3.0,0.0,2.0,0.0,0.0
7298.0,change,0.8343239521464357,2467.0,4.0,0.7864808575339524,4.0,0.0,1.0,0.0,0.0
7299.0,add,0.7864808575339524,2467.0,4.0,0.7864808575339524,4.0,1.0,1.0,0.0,0.0
7300.0,delete,0.24136499987964036,2467.0,4.0,0.7864808575339524,3.0,0.0,1.0,0.0,0.0
7301.0,swap,0.07374233364009959,2467.0,4.0,0.7864808575339524,3.0,0.0,1.0,0.0,1.0
7302.0,change,0.8684525127287878,2468.0,5.0,0.8684525127287878,4.0,0.0,0.0,1.0,0.0
7303.0,add,0.8684525127287896,2468.0,5.0,0.8684525127287878,4.0,1.0,0.0,1.0,0.0
7304.0,delete,0.873597849947558,2468.0,5.0,0.8684525127287878,4.0,0.0,0.0,0.0,0.0
7305.0,swap,0.2677858814627575,2468.0,5.0,0.8684525127287878,3.0,0.0,0.0,1.0,1.0
7306.0,change,0.8684525127287878,2469.0,4.0,0.7493482539193361,4.0,0.0,0.0,1.0,0.0
7307.0,change,0.8684525127287878,2470.0,5.0,0.8684525127287878,4.0,0.0,0.0,1.0,0.0
7308.0,add,0.8684525127287896,2470.0,5.0,0.8684525127287878,4.0,1.0,0.0,1.0,0.0
7309.0,delete,0.873597849947558,2470.0,5.0,0.8684525127287878,4.0,0.0,0.0,0.0,0.0
7310.0,swap,0.26620866986289715,2470.0,5.0,0.8684525127287878,3.0,1.0,0.0,1.0,0.0
7311.0,add,0.863224810413112,2471.0,6.0,0.873597849947558,4.0,0.0,1.0,0.0,0.0
7312.0,delete,0.2677858814627575,2471.0,6.0,0.873597849947558,3.0,0.0,0.0,0.0,0.0
7313.0,swap,0.2677858814627575,2471.0,6.0,0.873597849947558,3.0,1.0,0.0,0.0,0.0
7314.0,change,0.8684525127287878,2472.0,4.0,0.6839001462255483,4.0,0.0,0.0,1.0,0.0
7315.0,change,0.8684525127287878,2473.0,5.0,0.8684525127287878,4.0,0.0,0.0,1.0,0.0
7316.0,add,0.8684525127287878,2473.0,5.0,0.8684525127287878,4.0,1.0,0.0,1.0,0.0
7317.0,delete,0.30230329150181523,2473.0,5.0,0.8684525127287878,3.0,0.0,0.0,1.0,0.0
7318.0,swap,0.30230329150181523,2473.0,5.0,0.8684525127287878,3.0,0.0,0.0,1.0,1.0
7319.0,change,0.8684525127287878,2474.0,3.0,0.658921571221864,4.0,0.0,0.0,1.0,0.0
7320.0,change,0.8684525127287878,2475.0,4.0,0.8684525127287878,4.0,0.0,0.0,1.0,0.0
7321.0,add,0.8633374806385117,2475.0,4.0,0.8684525127287878,4.0,0.0,0.0,1.0,1.0
7322.0,delete,0.30230329150181523,2475.0,4.0,0.8684525127287878,3.0,0.0,0.0,1.0,0.0
7323.0,swap,0.05330157962869677,2475.0,4.0,0.8684525127287878,3.0,0.0,1.0,1.0,0.0
7324.0,add,0.8684525127287878,2476.0,5.0,0.873597849947558,4.0,0.0,0.0,1.0,0.0
7325.0,delete,0.3040764312848323,2476.0,5.0,0.873597849947558,3.0,0.0,0.0,0.0,0.0
7326.0,swap,0.21138402258379163,2476.0,5.0,0.873597849947558,3.0,0.0,1.0,0.0,0.0
7327.0,add,0.8653713007024474,2477.0,5.0,0.8701758955313935,4.0,0.0,1.0,0.0,2.0
7328.0,add,0.522124295512775,2477.0,5.0,0.8701758955313935,4.0,0.0,2.0,0.0,2.0
7329.0,delete,0.08572329055696204,2477.0,5.0,0.8701758955313935,3.0,0.0,1.0,0.0,2.0
7330.0,swap,0.19642374784485936,2477.0,5.0,0.8701758955313935,4.0,0.0,2.0,0.0,1.0
7331.0,add,0.8735978499475604,2478.0,5.0,0.8735978499475604,4.0,3.0,0.0,0.0,1.0
7332.0,add,0.841164173017279,2478.0,5.0,0.8735978499475604,4.0,3.0,1.0,0.0,1.0
7333.0,delete,0.30407643128483247,2478.0,5.0,0.8735978499475604,3.0,3.0,0.0,0.0,1.0
7334.0,swap,0.2677858814627575,2478.0,5.0,0.8735978499475604,3.0,4.0,0.0,0.0,1.0
7335.0,add,0.8544997387210749,2479.0,6.0,0.8544997387210749,4.0,1.0,1.0,1.0,1.0
7336.0,add,0.6365503837377402,2479.0,6.0,0.8544997387210749,4.0,1.0,2.0,1.0,1.0
7337.0,delete,0.8544997387210749,2479.0,6.0,0.8544997387210749,4.0,1.0,1.0,1.0,0.0
7338.0,swap,0.5651994403509615,2479.0,6.0,0.8544997387210749,3.0,1.0,2.0,1.0,1.0
7339.0,delete,0.8684525127287896,2480.0,8.0,0.8684525127287896,4.0,2.0,0.0,1.0,1.0
7340.0,add,0.10334622888504343,2480.0,8.0,0.8684525127287896,4.0,2.0,1.0,1.0,1.0
7341.0,delete,0.2584675712563478,2480.0,8.0,0.8684525127287896,3.0,2.0,0.0,1.0,1.0
7342.0,swap,0.25694333303139394,2480.0,8.0,0.8684525127287896,3.0,2.0,0.0,2.0,1.0
7343.0,add,0.8696825154081719,2481.0,5.0,0.8696825154081753,4.0,1.0,0.0,1.0,1.0
7344.0,add,0.8645604557060114,2481.0,5.0,0.8696825154081753,4.0,1.0,0.0,2.0,1.0
7345.0,delete,0.2665990921340155,2481.0,5.0,0.8696825154081753,3.0,1.0,0.0,1.0,1.0
7346.0,swap,0.5664069320278909,2481.0,5.0,0.8696825154081753,4.0,0.0,1.0,1.0,1.0
7347.0,add,0.8684525127287915,2482.0,5.0,0.7483191864755843,4.0,3.0,0.0,1.0,1.0
7348.0,add,0.873597849947558,2483.0,5.0,0.873597849947558,4.0,1.0,0.0,0.0,2.0
7349.0,add,0.873597849947558,2483.0,5.0,0.873597849947558,4.0,2.0,0.0,0.0,2.0
7350.0,delete,0.873597849947558,2483.0,5.0,0.873597849947558,4.0,0.0,0.0,0.0,2.0
7351.0,swap,0.873597849947558,2483.0,5.0,0.873597849947558,4.0,1.0,0.0,0.0,2.0
7352.0,add,0.3867696081698714,2484.0,3.0,0.6766944531185708,4.0,1.0,1.0,0.0,1.0
7353.0,change,0.873597849947558,2485.0,4.0,0.8735978499475581,4.0,1.0,0.0,0.0,2.0
7354.0,add,0.873597849947558,2486.0,6.0,0.873597849947558,4.0,2.0,0.0,0.0,2.0
7355.0,add,0.07083766059355655,2486.0,6.0,0.873597849947558,4.0,2.0,1.0,0.0,2.0
7356.0,delete,0.2677858814627581,2486.0,6.0,0.873597849947558,3.0,2.0,0.0,0.0,2.0
7357.0,swap,0.28791549624061036,2486.0,6.0,0.873597849947558,4.0,1.0,1.0,0.0,2.0
7358.0,change,0.873597849947558,2487.0,4.0,0.873597849947558,4.0,1.0,0.0,0.0,0.0
7359.0,add,0.873597849947558,2487.0,4.0,0.873597849947558,4.0,1.0,0.0,0.0,1.0
7360.0,delete,0.873597849947558,2487.0,4.0,0.873597849947558,4.0,0.0,0.0,0.0,0.0
7361.0,swap,0.1216096331932319,2487.0,4.0,0.873597849947558,3.0,2.0,0.0,0.0,0.0
7362.0,change,0.873597849947558,2488.0,3.0,0.7232002065966927,4.0,1.0,0.0,0.0,0.0
7363.0,change,0.873597849947558,2489.0,4.0,0.873597849947558,4.0,1.0,0.0,0.0,0.0
7364.0,add,0.873597849947558,2489.0,4.0,0.873597849947558,4.0,1.0,0.0,0.0,1.0
7365.0,delete,0.2677858814627581,2489.0,4.0,0.873597849947558,3.0,1.0,0.0,0.0,0.0
7366.0,swap,0.873597849947558,2489.0,4.0,0.873597849947558,4.0,0.0,0.0,0.0,1.0
7367.0,add,0.8684525127287878,2490.0,5.0,0.873597849947558,4.0,0.0,0.0,1.0,1.0
7368.0,delete,0.11731916609425042,2490.0,5.0,0.873597849947558,3.0,0.0,0.0,0.0,1.0
7369.0,swap,0.2677858814627575,2490.0,5.0,0.873597849947558,3.0,0.0,0.0,0.0,2.0
7370.0,add,0.873597849947558,2491.0,3.0,0.6409255518392103,4.0,1.0,0.0,0.0,1.0
7371.0,add,0.873597849947558,2492.0,4.0,0.873597849947558,4.0,1.0,0.0,0.0,1.0
7372.0,add,0.8684525127287892,2492.0,4.0,0.873597849947558,4.0,1.0,0.0,1.0,1.0
7373.0,delete,0.873597849947558,2492.0,4.0,0.873597849947558,4.0,1.0,0.0,0.0,0.0
7374.0,swap,0.8696825154081763,2492.0,4.0,0.873597849947558,4.0,1.0,0.0,1.0,0.0
7375.0,add,0.873597849947558,2493.0,5.0,0.873597849947558,4.0,1.0,0.0,0.0,1.0
7376.0,add,0.8696825154081763,2493.0,5.0,0.873597849947558,4.0,1.0,0.0,1.0,1.0
7377.0,delete,0.2677858814627581,2493.0,5.0,0.873597849947558,3.0,1.0,0.0,0.0,1.0
7378.0,swap,0.30407643128483247,2493.0,5.0,0.873597849947558,3.0,1.0,0.0,0.0,2.0
7379.0,add,0.8684525127287892,2494.0,5.0,0.8684525127287892,4.0,1.0,0.0,1.0,1.0
7380.0,add,0.8684525127287892,2494.0,5.0,0.8684525127287892,4.0,2.0,0.0,1.0,1.0
7381.0,delete,0.2677858814627575,2494.0,5.0,0.8684525127287892,3.0,1.0,0.0,1.0,1.0
7382.0,swap,0.30230329150181523,2494.0,5.0,0.8684525127287892,3.0,1.0,0.0,1.0,2.0
7383.0,change,0.873597849947558,2495.0,4.0,0.6377481056101766,4.0,1.0,0.0,0.0,1.0
7384.0,change,0.873597849947558,2496.0,5.0,0.873597849947558,4.0,1.0,0.0,0.0,1.0
7385.0,add,0.873597849947558,2496.0,5.0,0.873597849947558,4.0,2.0,0.0,0.0,1.0
7386.0,delete,0.2677858814627581,2496.0,5.0,0.873597849947558,3.0,1.0,0.0,0.0,1.0
7387.0,swap,0.2665990921340155,2496.0,5.0,0.873597849947558,3.0,1.0,0.0,1.0,1.0
7388.0,add,0.873597849947558,2497.0,4.0,0.6350893422301881,4.0,1.0,0.0,0.0,2.0
7389.0,add,0.873597849947558,2498.0,5.0,0.873597849947558,4.0,1.0,0.0,0.0,2.0
7390.0,add,0.873597849947558,2498.0,5.0,0.873597849947558,4.0,2.0,0.0,0.0,2.0
7391.0,delete,0.873597849947558,2498.0,5.0,0.873597849947558,4.0,1.0,0.0,0.0,1.0
7392.0,swap,0.3040764312848323,2498.0,5.0,0.873597849947558,3.0,2.0,0.0,0.0,2.0
7393.0,delete,0.873597849947558,2499.0,6.0,0.873597849947558,4.0,1.0,0.0,0.0,1.0
7394.0,add,0.873597849947558,2499.0,6.0,0.873597849947558,4.0,2.0,0.0,0.0,1.0
7395.0,delete,0.3040764312848323,2499.0,6.0,0.873597849947558,3.0,1.0,0.0,0.0,1.0
7396.0,swap,0.8696825154081719,2499.0,6.0,0.873597849947558,4.0,1.0,0.0,1.0,0.0
7397.0,add,0.8711631369853988,2500.0,3.0,0.6787469312526022,4.0,1.0,1.0,0.0,0.0
7398.0,add,0.8727105141747381,2501.0,4.0,0.8711631369853988,4.0,1.0,1.0,0.0,0.0
7399.0,add,0.8672588172528193,2501.0,4.0,0.8711631369853988,4.0,1.0,1.0,1.0,0.0
7400.0,delete,0.30323741545127947,2501.0,4.0,0.8711631369853988,3.0,1.0,1.0,0.0,0.0
7401.0,swap,0.873597849947558,2501.0,4.0,0.8711631369853988,4.0,2.0,0.0,0.0,0.0
7402.0,swap,0.873597849947558,2502.0,5.0,0.873597849947558,4.0,2.0,0.0,0.0,0.0
7403.0,add,0.2303440666093016,2502.0,5.0,0.873597849947558,4.0,2.0,1.0,0.0,0.0
7404.0,delete,0.2677858814627575,2502.0,5.0,0.873597849947558,3.0,2.0,0.0,0.0,0.0
7405.0,swap,0.873597849947558,2502.0,5.0,0.873597849947558,4.0,1.0,0.0,0.0,1.0
7406.0,add,0.873597849947558,2503.0,4.0,0.7067763706295803,4.0,2.0,0.0,0.0,1.0
7407.0,add,0.873597849947558,2504.0,5.0,0.873597849947558,4.0,2.0,0.0,0.0,1.0
7408.0,add,0.873597849947558,2504.0,5.0,0.873597849947558,4.0,2.0,0.0,0.0,2.0
7409.0,delete,0.08208499862389862,2504.0,5.0,0.873597849947558,3.0,2.0,0.0,0.0,1.0
7410.0,swap,0.6966996224664139,2504.0,5.0,0.873597849947558,4.0,1.0,1.0,0.0,1.0
7411.0,delete,0.3040764312848323,2505.0,5.0,0.7589104993071356,3.0,1.0,0.0,0.0,2.0
7412.0,add,0.873597849947558,2506.0,6.0,0.873597849947558,4.0,2.0,0.0,0.0,2.0
7413.0,add,0.8684525127287892,2506.0,6.0,0.873597849947558,4.0,2.0,0.0,1.0,2.0
7414.0,delete,0.873597849947558,2506.0,6.0,0.873597849947558,4.0,1.0,0.0,0.0,2.0
7415.0,swap,0.28336682333688007,2506.0,6.0,0.873597849947558,4.0,2.0,1.0,0.0,1.0
7416.0,add,0.873597849947558,2507.0,6.0,0.873597849947558,4.0,1.0,0.0,0.0,2.0
7417.0,add,0.09696466098169843,2507.0,6.0,0.873597849947558,4.0,1.0,1.0,0.0,2.0
7418.0,delete,0.873597849947558,2507.0,6.0,0.873597849947558,4.0,1.0,0.0,0.0,1.0
7419.0,swap,0.873597849947558,2507.0,6.0,0.873597849947558,4.0,1.0,0.0,0.0,2.0
7420.0,add,0.873597849947558,2508.0,5.0,0.873597849947558,4.0,3.0,0.0,0.0,0.0
7421.0,add,0.873597849947558,2508.0,5.0,0.873597849947558,4.0,3.0,0.0,0.0,1.0
7422.0,delete,0.873597849947558,2508.0,5.0,0.873597849947558,4.0,2.0,0.0,0.0,0.0
7423.0,swap,0.8696825154081768,2508.0,5.0,0.873597849947558,4.0,2.0,0.0,1.0,0.0
7424.0,add,0.8735978499475604,2509.0,4.0,0.8728147830396817,4.0,3.0,0.0,0.0,0.0
7425.0,add,0.873597849947558,2510.0,6.0,0.873597849947558,4.0,3.0,0.0,0.0,1.0
7426.0,add,0.09574031109862853,2510.0,6.0,0.873597849947558,4.0,3.0,1.0,0.0,1.0
7427.0,delete,0.873597849947558,2510.0,6.0,0.873597849947558,4.0,2.0,0.0,0.0,1.0
7428.0,swap,0.11731916609425053,2510.0,6.0,0.873597849947558,3.0,4.0,0.0,0.0,1.0
7429.0,change,0.873597849947558,2511.0,2.0,0.6334166941001036,4.0,1.0,0.0,0.0,0.0
7430.0,change,0.873597849947558,2512.0,3.0,0.873597849947558,4.0,1.0,0.0,0.0,0.0
7431.0,add,0.873597849947558,2512.0,3.0,0.873597849947558,4.0,1.0,0.0,0.0,1.0
7432.0,delete,0.873597849947558,2512.0,3.0,0.873597849947558,4.0,0.0,0.0,0.0,0.0
7433.0,swap,0.2662086698628965,2512.0,3.0,0.873597849947558,3.0,1.0,0.0,1.0,0.0
7434.0,add,0.873597849947558,2513.0,4.0,0.873597849947558,4.0,0.0,0.0,0.0,1.0
7435.0,delete,0.2677858814627575,2513.0,4.0,0.873597849947558,3.0,0.0,0.0,0.0,0.0
7436.0,swap,0.3040764312848323,2513.0,4.0,0.873597849947558,3.0,0.0,0.0,1.0,0.0
7437.0,add,0.873597849947558,2514.0,5.0,0.873597849947558,4.0,2.0,0.0,0.0,0.0
7438.0,add,0.873597849947558,2514.0,5.0,0.873597849947558,4.0,3.0,0.0,0.0,0.0
7439.0,delete,0.30407643128483247,2514.0,5.0,0.873597849947558,3.0,2.0,0.0,0.0,0.0
7440.0,swap,0.05895359341540251,2514.0,5.0,0.873597849947558,3.0,3.0,0.0,0.0,0.0
7441.0,add,0.873597849947558,2515.0,5.0,0.7545225771816686,4.0,1.0,0.0,0.0,3.0
7442.0,add,0.873597849947558,2516.0,6.0,0.873597849947558,4.0,1.0,0.0,0.0,3.0
7443.0,add,0.873597849947558,2516.0,6.0,0.873597849947558,4.0,2.0,0.0,0.0,3.0
7444.0,delete,0.873597849947558,2516.0,6.0,0.873597849947558,4.0,0.0,0.0,0.0,3.0
7445.0,swap,0.873597849947558,2516.0,6.0,0.873597849947558,4.0,0.0,0.0,0.0,4.0
7446.0,add,0.873597849947558,2517.0,7.0,0.873597849947558,4.0,2.0,0.0,0.0,3.0
7447.0,add,0.873597849947558,2517.0,7.0,0.873597849947558,4.0,2.0,0.0,0.0,4.0
7448.0,delete,0.873597849947558,2517.0,7.0,0.873597849947558,4.0,1.0,0.0,0.0,3.0
7449.0,swap,0.873597849947558,2517.0,7.0,0.873597849947558,4.0,3.0,0.0,0.0,2.0
7450.0,add,0.873597849947558,2518.0,4.0,0.873597849947558,4.0,1.0,0.0,0.0,1.0
7451.0,add,0.873597849947558,2518.0,4.0,0.873597849947558,4.0,1.0,0.0,0.0,2.0
7452.0,delete,0.2677858814627575,2518.0,4.0,0.873597849947558,3.0,1.0,0.0,0.0,1.0
7453.0,swap,0.17217235167481248,2518.0,4.0,0.873597849947558,3.0,1.0,0.0,1.0,1.0
7454.0,add,0.8696825154081719,2519.0,5.0,0.8310709668168832,4.0,1.0,0.0,1.0,2.0
7455.0,add,0.873597849947558,2520.0,7.0,0.873597849947558,4.0,1.0,0.0,0.0,3.0
7456.0,add,0.873597849947558,2520.0,7.0,0.873597849947558,4.0,1.0,0.0,0.0,4.0
7457.0,delete,0.30407643128483247,2520.0,7.0,0.873597849947558,3.0,1.0,0.0,0.0,3.0
7458.0,swap,0.06466284517508854,2520.0,7.0,0.873597849947558,3.0,2.0,0.0,0.0,3.0
7459.0,add,0.25044487914834446,2521.0,4.0,0.7157927423597221,4.0,1.0,1.0,0.0,1.0
7460.0,add,0.8696825154081719,2522.0,6.0,0.8735978499475581,4.0,1.0,0.0,1.0,3.0
7461.0,add,0.873597849947558,2523.0,8.0,0.873597849947558,4.0,2.0,0.0,0.0,4.0
7462.0,add,0.873597849947558,2523.0,8.0,0.873597849947558,4.0,3.0,0.0,0.0,4.0
7463.0,delete,0.17217235167481248,2523.0,8.0,0.873597849947558,3.0,2.0,0.0,0.0,4.0
7464.0,swap,0.08597457175616137,2523.0,8.0,0.873597849947558,3.0,2.0,0.0,0.0,5.0
7465.0,delete,0.873597849947558,2524.0,7.0,0.873597849947558,4.0,1.0,0.0,0.0,2.0
7466.0,add,0.8126371742947143,2524.0,7.0,0.873597849947558,4.0,1.0,1.0,0.0,2.0
7467.0,delete,0.873597849947558,2524.0,7.0,0.873597849947558,4.0,1.0,0.0,0.0,1.0
7468.0,swap,0.06333350550139966,2524.0,7.0,0.873597849947558,3.0,1.0,1.0,0.0,2.0
7469.0,change,0.873597849947558,2525.0,5.0,0.7182712121543859,4.0,1.0,0.0,0.0,2.0
7470.0,add,0.8684525127287892,2526.0,3.0,0.6773248295865983,4.0,1.0,0.0,1.0,0.0
7471.0,add,0.8684525127287896,2527.0,4.0,0.8684525127287892,4.0,1.0,0.0,1.0,0.0
7472.0,add,0.8684525127287892,2527.0,4.0,0.8684525127287892,4.0,2.0,0.0,1.0,0.0
7473.0,delete,0.873597849947558,2527.0,4.0,0.8684525127287892,4.0,1.0,0.0,0.0,0.0
7474.0,swap,0.192616145159465,2527.0,4.0,0.8684525127287892,3.0,1.0,1.0,1.0,0.0
7475.0,delete,0.873597849947558,2528.0,5.0,0.873597849947558,4.0,1.0,0.0,0.0,0.0
7476.0,add,0.873597849947558,2528.0,5.0,0.873597849947558,4.0,1.0,0.0,0.0,1.0
7477.0,delete,0.3040764312848323,2528.0,5.0,0.873597849947558,3.0,1.0,0.0,0.0,0.0
7478.0,swap,0.22259388830986374,2528.0,5.0,0.873597849947558,3.0,1.0,1.0,0.0,0.0
7479.0,add,0.8622837243407987,2529.0,5.0,0.8622837243407987,4.0,0.0,0.0,2.0,1.0
7480.0,add,0.8572228121789606,2529.0,5.0,0.8622837243407987,4.0,0.0,0.0,3.0,1.0
7481.0,delete,0.301000955594905,2529.0,5.0,0.8622837243407987,3.0,0.0,0.0,2.0,1.0
7482.0,swap,0.05506395952192165,2529.0,5.0,0.8622837243407987,3.0,1.0,0.0,2.0,1.0
7483.0,add,0.873597849947558,2530.0,5.0,0.873597849947558,4.0,1.0,0.0,0.0,2.0
7484.0,add,0.873597849947558,2530.0,5.0,0.873597849947558,4.0,2.0,0.0,0.0,2.0
7485.0,delete,0.3040764312848323,2530.0,5.0,0.873597849947558,3.0,1.0,0.0,0.0,2.0
7486.0,swap,0.873597849947558,2530.0,5.0,0.873597849947558,4.0,2.0,0.0,0.0,1.0
7487.0,add,0.873597849947558,2531.0,4.0,0.7596935662150128,4.0,2.0,0.0,0.0,1.0
7488.0,add,0.8735978499475604,2532.0,5.0,0.873597849947558,4.0,2.0,0.0,0.0,1.0
7489.0,add,0.19910627467579925,2532.0,5.0,0.873597849947558,4.0,2.0,1.0,0.0,1.0
7490.0,delete,0.3040764312848323,2532.0,5.0,0.873597849947558,3.0,2.0,0.0,0.0,1.0
7491.0,swap,0.11731916609425042,2532.0,5.0,0.873597849947558,3.0,2.0,0.0,1.0,1.0
7492.0,swap,0.25205892371876565,2533.0,3.0,0.2622108050191593,3.0,1.0,1.0,0.0,0.0
7493.0,add,0.22360242451226542,2533.0,3.0,0.2622108050191593,3.0,1.0,2.0,0.0,0.0
7494.0,delete,0.0803197420375499,2533.0,3.0,0.2622108050191593,2.0,1.0,1.0,0.0,0.0
7495.0,swap,0.0803197420375499,2533.0,3.0,0.2622108050191593,2.0,1.0,1.0,0.0,1.0
7496.0,add,0.4961873897120491,2534.0,3.0,0.6804970175772356,4.0,0.0,1.0,0.0,2.0
7497.0,add,0.873597849947558,2535.0,4.0,0.6954146182984948,4.0,2.0,0.0,0.0,1.0
7498.0,add,0.873597849947558,2536.0,5.0,0.873597849947558,4.0,2.0,0.0,0.0,1.0
7499.0,add,0.873597849947558,2536.0,5.0,0.873597849947558,4.0,2.0,0.0,0.0,2.0
7500.0,delete,0.873597849947558,2536.0,5.0,0.873597849947558,4.0,2.0,0.0,0.0,0.0
7501.0,swap,0.873597849947558,2536.0,5.0,0.873597849947558,4.0,3.0,0.0,0.0,0.0
7502.0,add,0.873597849947558,2537.0,6.0,0.873597849947558,4.0,2.0,0.0,0.0,2.0
7503.0,add,0.873597849947558,2537.0,6.0,0.873597849947558,4.0,2.0,0.0,0.0,3.0
7504.0,delete,0.873597849947558,2537.0,6.0,0.873597849947558,4.0,2.0,0.0,0.0,1.0
7505.0,swap,0.042971691906860565,2537.0,6.0,0.873597849947558,3.0,3.0,0.0,0.0,2.0
7506.0,delete,0.873597849947558,2538.0,6.0,0.873597849947558,4.0,2.0,0.0,0.0,0.0
7507.0,add,0.873597849947558,2538.0,6.0,0.873597849947558,4.0,3.0,0.0,0.0,0.0
7508.0,delete,0.873597849947558,2538.0,6.0,0.873597849947558,4.0,1.0,0.0,0.0,0.0
7509.0,swap,0.8684525127287896,2538.0,6.0,0.873597849947558,4.0,1.0,0.0,1.0,0.0
7510.0,delete,0.08208499862389872,2539.0,5.0,0.8725687825038044,3.0,2.0,0.0,0.0,1.0
7511.0,add,0.873597849947558,2540.0,6.0,0.873597849947558,4.0,2.0,0.0,0.0,1.0
7512.0,add,0.873597849947558,2540.0,6.0,0.873597849947558,4.0,2.0,0.0,0.0,2.0
7513.0,delete,0.873597849947558,2540.0,6.0,0.873597849947558,4.0,2.0,0.0,0.0,0.0
7514.0,swap,0.8211912537267522,2540.0,6.0,0.873597849947558,3.0,2.0,1.0,0.0,1.0
7515.0,change,0.873597849947558,2541.0,5.0,0.8631165307033968,4.0,2.0,0.0,0.0,1.0
7516.0,change,0.873597849947558,2542.0,6.0,0.873597849947558,4.0,2.0,0.0,0.0,1.0
7517.0,add,0.8684525127287896,2542.0,6.0,0.873597849947558,4.0,2.0,0.0,1.0,1.0
7518.0,delete,0.3040764312848323,2542.0,6.0,0.873597849947558,3.0,2.0,0.0,0.0,1.0
7519.0,swap,0.08208499862389872,2542.0,6.0,0.873597849947558,3.0,2.0,1.0,0.0,1.0
7520.0,add,0.873597849947558,2543.0,4.0,0.873597849947558,4.0,1.0,0.0,0.0,1.0
7521.0,add,0.873597849947558,2543.0,4.0,0.873597849947558,4.0,1.0,0.0,0.0,2.0
7522.0,delete,0.873597849947558,2543.0,4.0,0.873597849947558,4.0,0.0,0.0,0.0,1.0
7523.0,swap,0.873597849947558,2543.0,4.0,0.873597849947558,4.0,2.0,0.0,0.0,0.0
7524.0,change,0.873597849947558,2544.0,3.0,0.8735978499475581,4.0,1.0,0.0,0.0,1.0
7525.0,add,0.8735978499475604,2545.0,5.0,0.873597849947558,4.0,1.0,0.0,0.0,2.0
7526.0,add,0.873597849947558,2545.0,5.0,0.873597849947558,4.0,1.0,0.0,0.0,3.0
7527.0,delete,0.873597849947558,2545.0,5.0,0.873597849947558,4.0,0.0,0.0,0.0,2.0
7528.0,swap,0.8684336761042029,2545.0,5.0,0.873597849947558,4.0,1.0,0.0,1.0,1.0
7529.0,add,0.873597849947558,2546.0,5.0,0.873597849947558,4.0,1.0,0.0,0.0,1.0
7530.0,add,0.873597849947558,2546.0,5.0,0.873597849947558,4.0,2.0,0.0,0.0,1.0
7531.0,delete,0.30407643128483264,2546.0,5.0,0.873597849947558,3.0,1.0,0.0,0.0,1.0
7532.0,swap,0.11731916609425053,2546.0,5.0,0.873597849947558,3.0,1.0,0.0,0.0,2.0
7533.0,change,0.873597849947558,2547.0,3.0,0.7785289730647447,4.0,1.0,0.0,0.0,1.0
7534.0,change,0.8735978499475604,2548.0,4.0,0.873597849947558,4.0,1.0,0.0,0.0,1.0
7535.0,add,0.8684525127287878,2548.0,4.0,0.873597849947558,4.0,1.0,0.0,1.0,1.0
7536.0,delete,0.11731916609425042,2548.0,4.0,0.873597849947558,3.0,1.0,0.0,0.0,1.0
7537.0,swap,0.873597849947558,2548.0,4.0,0.873597849947558,4.0,2.0,0.0,0.0,0.0
7538.0,add,0.873597849947558,2549.0,4.0,0.8725650151788873,4.0,1.0,0.0,0.0,2.0
7539.0,add,0.8735978499475604,2550.0,6.0,0.8735978499475604,4.0,1.0,0.0,0.0,2.0
7540.0,add,0.873597849947558,2550.0,6.0,0.8735978499475604,4.0,2.0,0.0,0.0,2.0
7541.0,delete,0.8735978499475604,2550.0,6.0,0.8735978499475604,4.0,1.0,0.0,0.0,1.0
7542.0,swap,0.030846707342887802,2550.0,6.0,0.8735978499475604,3.0,1.0,1.0,0.0,2.0
7543.0,add,0.7673188113289281,2551.0,2.0,0.6459269693289603,4.0,1.0,1.0,0.0,0.0
7544.0,add,0.7157589711315763,2552.0,3.0,0.7673188113289281,4.0,1.0,1.0,0.0,0.0
7545.0,add,0.5783452185116058,2552.0,3.0,0.7673188113289281,4.0,1.0,2.0,0.0,0.0
7546.0,delete,0.7673188113289234,2552.0,3.0,0.7673188113289281,4.0,0.0,1.0,0.0,0.0
7547.0,swap,0.8696825154081753,2552.0,3.0,0.7673188113289281,4.0,1.0,0.0,1.0,0.0
7548.0,swap,0.8696825154081753,2553.0,4.0,0.8696825154081753,4.0,1.0,0.0,1.0,0.0
7549.0,add,0.11310720173110539,2553.0,4.0,0.8696825154081753,4.0,1.0,1.0,1.0,0.0
7550.0,delete,0.30276636134333035,2553.0,4.0,0.8696825154081753,3.0,1.0,0.0,1.0,0.0
7551.0,swap,0.2665990921340152,2553.0,4.0,0.8696825154081753,3.0,2.0,0.0,1.0,0.0
7552.0,add,0.873597849947558,2554.0,6.0,0.873597849947558,4.0,0.0,0.0,0.0,3.0
7553.0,delete,0.1721723516748124,2554.0,6.0,0.873597849947558,3.0,0.0,0.0,0.0,2.0
7554.0,swap,0.11731916609425042,2554.0,6.0,0.873597849947558,3.0,0.0,0.0,0.0,3.0
7555.0,delete,0.873597849947558,2555.0,7.0,0.873597849947558,4.0,2.0,0.0,0.0,0.0
7556.0,add,0.8684525127287896,2555.0,7.0,0.873597849947558,4.0,2.0,0.0,1.0,0.0
7557.0,delete,0.2677858814627575,2555.0,7.0,0.873597849947558,3.0,2.0,0.0,0.0,0.0
7558.0,swap,0.17073137937411695,2555.0,7.0,0.873597849947558,3.0,2.0,1.0,0.0,0.0
7559.0,add,0.873597849947558,2556.0,5.0,0.873597849947558,4.0,1.0,0.0,0.0,2.0
7560.0,add,0.873597849947558,2556.0,5.0,0.873597849947558,4.0,2.0,0.0,0.0,2.0
7561.0,delete,0.2677858814627581,2556.0,5.0,0.873597849947558,3.0,1.0,0.0,0.0,2.0
7562.0,swap,0.8684525127287896,2556.0,5.0,0.873597849947558,4.0,1.0,0.0,1.0,1.0
7563.0,add,0.873597849947558,2557.0,4.0,0.7514063888068444,4.0,1.0,0.0,0.0,2.0
7564.0,add,0.873597849947558,2558.0,5.0,0.873597849947558,4.0,1.0,0.0,0.0,2.0
7565.0,add,0.873597849947558,2558.0,5.0,0.873597849947558,4.0,2.0,0.0,0.0,2.0
7566.0,delete,0.873597849947558,2558.0,5.0,0.873597849947558,4.0,0.0,0.0,0.0,2.0
7567.0,swap,0.3519667016214397,2558.0,5.0,0.873597849947558,3.0,1.0,1.0,0.0,2.0
7568.0,add,0.873597849947558,2559.0,6.0,0.873597849947558,4.0,1.0,0.0,0.0,2.0
7569.0,delete,0.3040764312848323,2559.0,6.0,0.873597849947558,3.0,0.0,0.0,0.0,2.0
7570.0,swap,0.08208499862389865,2559.0,6.0,0.873597849947558,3.0,1.0,0.0,0.0,2.0
7571.0,add,0.873597849947558,2560.0,4.0,0.873597849947558,4.0,1.0,0.0,0.0,2.0
7572.0,add,0.873597849947558,2560.0,4.0,0.873597849947558,4.0,1.0,0.0,0.0,3.0
7573.0,delete,0.873597849947558,2560.0,4.0,0.873597849947558,4.0,0.0,0.0,0.0,2.0
7574.0,swap,0.30407643128483264,2560.0,4.0,0.873597849947558,3.0,1.0,0.0,1.0,2.0
7575.0,add,0.873597849947558,2561.0,4.0,0.6962425039033986,4.0,1.0,0.0,0.0,2.0
7576.0,add,0.873597849947558,2562.0,5.0,0.873597849947558,4.0,1.0,0.0,0.0,2.0
7577.0,add,0.8696825154081753,2562.0,5.0,0.873597849947558,4.0,1.0,0.0,1.0,2.0
7578.0,delete,0.3040764312848323,2562.0,5.0,0.873597849947558,3.0,1.0,0.0,0.0,2.0
7579.0,swap,0.873597849947558,2562.0,5.0,0.873597849947558,4.0,1.0,0.0,0.0,2.0
7580.0,change,0.8735978499475604,2563.0,4.0,0.873597849947558,4.0,1.0,0.0,0.0,1.0
7581.0,add,0.873597849947558,2563.0,4.0,0.873597849947558,4.0,2.0,0.0,0.0,1.0
7582.0,delete,0.2677858814627575,2563.0,4.0,0.873597849947558,3.0,1.0,0.0,0.0,1.0
7583.0,swap,0.3040764312848323,2563.0,4.0,0.873597849947558,3.0,1.0,0.0,0.0,2.0
7584.0,add,0.8681561127367425,2564.0,3.0,0.7596935662150128,4.0,1.0,1.0,0.0,1.0
7585.0,add,0.8130939098944429,2565.0,4.0,0.8681561127367425,4.0,1.0,1.0,0.0,1.0
7586.0,add,0.8657362743374665,2565.0,4.0,0.8681561127367425,4.0,1.0,1.0,0.0,2.0
7587.0,delete,0.873597849947558,2565.0,4.0,0.8681561127367425,4.0,1.0,0.0,0.0,1.0
7588.0,swap,0.873597849947558,2565.0,4.0,0.8681561127367425,4.0,1.0,0.0,0.0,2.0
7589.0,delete,0.873597849947558,2566.0,5.0,0.873597849947558,4.0,1.0,0.0,0.0,1.0
7590.0,add,0.873597849947558,2566.0,5.0,0.873597849947558,4.0,2.0,0.0,0.0,1.0
7591.0,delete,0.873597849947558,2566.0,5.0,0.873597849947558,4.0,0.0,0.0,0.0,1.0
7592.0,swap,0.12043394061524117,2566.0,5.0,0.873597849947558,3.0,1.0,1.0,0.0,1.0
7593.0,add,0.8037310719754464,2567.0,3.0,0.7738483798854819,4.0,1.0,1.0,0.0,1.0
7594.0,add,0.8037310719754468,2568.0,4.0,0.8037310719754464,4.0,1.0,1.0,0.0,1.0
7595.0,add,0.4747566624417169,2568.0,4.0,0.8037310719754464,4.0,1.0,2.0,0.0,1.0
7596.0,delete,0.8037310719754464,2568.0,4.0,0.8037310719754464,4.0,1.0,1.0,0.0,0.0
7597.0,swap,0.8037310719754455,2568.0,4.0,0.8037310719754464,4.0,0.0,1.0,0.0,2.0
7598.0,add,0.8130939098944429,2569.0,5.0,0.8130939098944429,4.0,1.0,1.0,0.0,1.0
7599.0,add,0.8094522121632881,2569.0,5.0,0.8130939098944429,4.0,1.0,1.0,1.0,1.0
7600.0,delete,0.28321934430540724,2569.0,5.0,0.8130939098944429,3.0,1.0,1.0,0.0,1.0
7601.0,swap,0.4046274824579407,2569.0,5.0,0.8130939098944429,3.0,1.0,2.0,0.0,1.0
7602.0,add,0.873597849947558,2570.0,5.0,0.873597849947558,4.0,0.0,0.0,0.0,3.0
7603.0,delete,0.873597849947558,2570.0,5.0,0.873597849947558,4.0,0.0,0.0,0.0,1.0
7604.0,swap,0.3040764312848323,2570.0,5.0,0.873597849947558,3.0,0.0,0.0,1.0,2.0
7605.0,add,0.873597849947558,2571.0,5.0,0.873597849947558,4.0,1.0,0.0,0.0,2.0
7606.0,add,0.873597849947558,2571.0,5.0,0.873597849947558,4.0,1.0,0.0,0.0,3.0
7607.0,delete,0.2677858814627577,2571.0,5.0,0.873597849947558,3.0,1.0,0.0,0.0,2.0
7608.0,swap,0.2677858814627577,2571.0,5.0,0.873597849947558,3.0,1.0,0.0,0.0,3.0
7609.0,add,0.864507806748882,2572.0,5.0,0.8657362743374665,4.0,1.0,1.0,0.0,2.0
7610.0,add,0.8657362743374665,2572.0,5.0,0.8657362743374665,4.0,2.0,1.0,0.0,2.0
7611.0,delete,0.3014544920247397,2572.0,5.0,0.8657362743374665,3.0,1.0,1.0,0.0,2.0
7612.0,swap,0.873597849947558,2572.0,5.0,0.8657362743374665,4.0,1.0,0.0,0.0,3.0
7613.0,add,0.8681561127367396,2573.0,4.0,0.7542065394792224,4.0,2.0,1.0,0.0,1.0
7614.0,add,0.8681561127367396,2574.0,5.0,0.8681561127367396,4.0,2.0,1.0,0.0,1.0
7615.0,add,0.5786309485324032,2574.0,5.0,0.8681561127367396,4.0,2.0,2.0,0.0,1.0
7616.0,delete,0.8681561127367401,2574.0,5.0,0.8681561127367396,4.0,1.0,1.0,0.0,1.0
7617.0,swap,0.873597849947558,2574.0,5.0,0.8681561127367396,4.0,3.0,0.0,0.0,1.0
7618.0,add,0.3232577875226636,2575.0,3.0,0.721281650546429,4.0,1.0,1.0,0.0,1.0
7619.0,swap,0.873597849947558,2576.0,6.0,0.873597849947558,4.0,3.0,0.0,0.0,1.0
7620.0,add,0.07099201464025723,2576.0,6.0,0.873597849947558,4.0,3.0,1.0,0.0,1.0
7621.0,delete,0.30407643128483247,2576.0,6.0,0.873597849947558,3.0,3.0,0.0,0.0,1.0
7622.0,swap,0.30407643128483247,2576.0,6.0,0.873597849947558,3.0,3.0,0.0,0.0,2.0
7623.0,add,0.873597849947558,2577.0,4.0,0.7066959415044602,4.0,1.0,0.0,0.0,2.0
7624.0,add,0.873597849947558,2578.0,5.0,0.873597849947558,4.0,1.0,0.0,0.0,2.0
7625.0,add,0.873597849947558,2578.0,5.0,0.873597849947558,4.0,1.0,0.0,0.0,3.0
7626.0,delete,0.2677858814627581,2578.0,5.0,0.873597849947558,3.0,1.0,0.0,0.0,2.0
7627.0,swap,0.09557071436347402,2578.0,5.0,0.873597849947558,4.0,0.0,1.0,0.0,2.0
7628.0,swap,0.873597849947558,2579.0,6.0,0.873597849947558,4.0,1.0,0.0,0.0,2.0
7629.0,add,0.8684525127287878,2579.0,6.0,0.873597849947558,4.0,1.0,0.0,1.0,2.0
7630.0,delete,0.3040764312848323,2579.0,6.0,0.873597849947558,3.0,1.0,0.0,0.0,2.0
7631.0,swap,0.11719131559423906,2579.0,6.0,0.873597849947558,3.0,1.0,0.0,1.0,2.0
7632.0,change,0.873597849947558,2580.0,3.0,0.6744468047160338,4.0,1.0,0.0,0.0,1.0
7633.0,change,0.873597849947558,2581.0,4.0,0.873597849947558,4.0,1.0,0.0,0.0,1.0
7634.0,add,0.873597849947558,2581.0,4.0,0.873597849947558,4.0,1.0,0.0,0.0,2.0
7635.0,delete,0.3040764312848323,2581.0,4.0,0.873597849947558,3.0,1.0,0.0,0.0,1.0
7636.0,swap,0.8696825154081763,2581.0,4.0,0.873597849947558,4.0,1.0,0.0,1.0,0.0
7637.0,swap,0.8696825154081763,2582.0,5.0,0.8696825154081763,4.0,1.0,0.0,1.0,0.0
7638.0,add,0.8696825154081763,2582.0,5.0,0.8696825154081763,4.0,1.0,0.0,1.0,1.0
7639.0,delete,0.8696825154081719,2582.0,5.0,0.8696825154081763,4.0,0.0,0.0,1.0,0.0
7640.0,swap,0.5153878436763555,2582.0,5.0,0.8696825154081763,4.0,0.0,1.0,1.0,0.0
7641.0,swap,0.3040764312848323,2583.0,4.0,0.7988235810618113,3.0,1.0,0.0,1.0,1.0
7642.0,add,0.873597849947558,2584.0,5.0,0.873597849947558,4.0,1.0,0.0,0.0,2.0
7643.0,add,0.873597849947558,2584.0,5.0,0.873597849947558,4.0,1.0,0.0,0.0,3.0
7644.0,delete,0.11731916609425042,2584.0,5.0,0.873597849947558,3.0,1.0,0.0,0.0,2.0
7645.0,swap,0.873597849947558,2584.0,5.0,0.873597849947558,4.0,1.0,0.0,0.0,2.0
7646.0,delete,0.8696825154081719,2585.0,6.0,0.8696825154081719,4.0,0.0,0.0,1.0,0.0
7647.0,add,0.8696825154081719,2585.0,6.0,0.8696825154081719,4.0,0.0,0.0,1.0,1.0
7648.0,delete,0.873597849947558,2585.0,6.0,0.8696825154081719,4.0,0.0,0.0,0.0,0.0
7649.0,swap,0.873597849947558,2585.0,6.0,0.8696825154081719,4.0,0.0,0.0,0.0,1.0
7650.0,delete,0.3040764312848323,2586.0,5.0,0.8712486492239263,3.0,1.0,0.0,1.0,0.0
7651.0,swap,0.873597849947558,2587.0,4.0,0.7353483180536529,4.0,2.0,0.0,0.0,0.0
7652.0,swap,0.873597849947558,2588.0,5.0,0.873597849947558,4.0,2.0,0.0,0.0,0.0
7653.0,add,0.8735978499475575,2588.0,5.0,0.873597849947558,4.0,3.0,0.0,0.0,0.0
7654.0,delete,0.873597849947558,2588.0,5.0,0.873597849947558,4.0,1.0,0.0,0.0,0.0
7655.0,swap,0.26659909213401567,2588.0,5.0,0.873597849947558,3.0,2.0,0.0,1.0,0.0
7656.0,swap,0.025461847449996192,2589.0,1.0,0.19656040724510643,3.0,0.0,1.0,0.0,0.0
7657.0,change,0.873597849947558,2590.0,5.0,0.873597849947558,4.0,1.0,0.0,0.0,1.0
7658.0,add,0.873597849947558,2590.0,5.0,0.873597849947558,4.0,1.0,0.0,0.0,2.0
7659.0,delete,0.30407643128483275,2590.0,5.0,0.873597849947558,3.0,1.0,0.0,0.0,1.0
7660.0,swap,0.3040764312848323,2590.0,5.0,0.873597849947558,3.0,1.0,0.0,1.0,1.0
7661.0,add,0.873597849947558,2591.0,5.0,0.873597849947558,4.0,1.0,0.0,0.0,2.0
7662.0,add,0.5404463468620786,2591.0,5.0,0.873597849947558,4.0,1.0,1.0,0.0,2.0
7663.0,delete,0.30407643128483247,2591.0,5.0,0.873597849947558,3.0,1.0,0.0,0.0,2.0
7664.0,swap,0.22656166855683219,2591.0,5.0,0.873597849947558,3.0,1.0,1.0,0.0,2.0
7665.0,add,0.8696825154081763,2592.0,6.0,0.8696825154081763,4.0,1.0,0.0,1.0,1.0
7666.0,add,0.8657855661243155,2592.0,6.0,0.8696825154081763,4.0,1.0,0.0,2.0,1.0
7667.0,delete,0.26659909213401595,2592.0,6.0,0.8696825154081763,3.0,1.0,0.0,1.0,1.0
7668.0,swap,0.8696825154081772,2592.0,6.0,0.8696825154081763,4.0,2.0,0.0,1.0,0.0
7669.0,swap,0.8696825154081763,2593.0,6.0,0.8696825154081763,4.0,1.0,0.0,1.0,0.0
7670.0,add,0.8696825154081763,2593.0,6.0,0.8696825154081763,4.0,1.0,0.0,1.0,1.0
7671.0,delete,0.8696825154081719,2593.0,6.0,0.8696825154081763,4.0,0.0,0.0,1.0,0.0
7672.0,swap,0.2665990921340155,2593.0,6.0,0.8696825154081763,3.0,1.0,0.0,1.0,1.0
7673.0,change,0.8696825154081763,2594.0,5.0,0.7490658307533432,4.0,1.0,0.0,1.0,0.0
7674.0,change,0.8696825154081768,2595.0,6.0,0.8696825154081763,4.0,1.0,0.0,1.0,0.0
7675.0,add,0.8696825154081763,2595.0,6.0,0.8696825154081763,4.0,1.0,0.0,1.0,1.0
7676.0,delete,0.873597849947558,2595.0,6.0,0.8696825154081763,4.0,1.0,0.0,0.0,0.0
7677.0,swap,0.08172828587275716,2595.0,6.0,0.8696825154081763,3.0,1.0,0.0,1.0,1.0
7678.0,add,0.7157589711315763,2596.0,4.0,0.7157589711315763,4.0,1.0,1.0,0.0,0.0
7679.0,add,0.12363139179801383,2596.0,4.0,0.7157589711315763,4.0,1.0,2.0,0.0,0.0
7680.0,delete,0.7157589711315763,2596.0,4.0,0.7157589711315763,4.0,0.0,1.0,0.0,0.0
7681.0,swap,0.1130008106385493,2596.0,4.0,0.7157589711315763,3.0,1.0,2.0,0.0,0.0
7682.0,add,0.873597849947558,2597.0,7.0,0.873597849947558,4.0,0.0,0.0,0.0,1.0
7683.0,delete,0.2677858814627575,2597.0,7.0,0.873597849947558,3.0,0.0,0.0,0.0,0.0
7684.0,swap,0.07049885238889048,2597.0,7.0,0.873597849947558,3.0,0.0,1.0,0.0,0.0
7685.0,swap,0.21082320322331513,2598.0,3.0,0.22916916139556642,3.0,1.0,1.0,0.0,0.0
7686.0,add,0.02258143026081259,2598.0,3.0,0.22916916139556642,3.0,1.0,2.0,0.0,0.0
7687.0,delete,0.0713064721645903,2598.0,3.0,0.22916916139556642,2.0,1.0,1.0,0.0,0.0
7688.0,swap,0.031415525098718956,2598.0,3.0,0.22916916139556642,3.0,0.0,2.0,0.0,0.0
7689.0,add,0.8684525127287901,2599.0,6.0,0.8684525127287901,4.0,1.0,0.0,1.0,0.0
7690.0,add,0.8684525127287915,2599.0,6.0,0.8684525127287901,4.0,2.0,0.0,1.0,0.0
7691.0,delete,0.2677858814627575,2599.0,6.0,0.8684525127287901,3.0,1.0,0.0,1.0,0.0
7692.0,swap,0.26620866986289676,2599.0,6.0,0.8684525127287901,3.0,1.0,0.0,2.0,0.0
7693.0,change,0.8684525127287878,2600.0,3.0,0.6262960225918149,4.0,0.0,0.0,1.0,0.0
7694.0,change,0.8684525127287878,2601.0,4.0,0.8684525127287878,4.0,0.0,0.0,1.0,0.0
7695.0,add,0.8684525127287878,2601.0,4.0,0.8684525127287878,4.0,0.0,0.0,1.0,1.0
7696.0,delete,0.2677858814627575,2601.0,4.0,0.8684525127287878,3.0,0.0,0.0,1.0,0.0
7697.0,swap,0.30230329150181523,2601.0,4.0,0.8684525127287878,3.0,0.0,0.0,2.0,0.0
7698.0,add,0.873597849947558,2602.0,6.0,0.873597849947558,4.0,0.0,0.0,0.0,1.0
7699.0,delete,0.2677858814627575,2602.0,6.0,0.873597849947558,3.0,0.0,0.0,0.0,0.0
7700.0,swap,0.26659909213401567,2602.0,6.0,0.873597849947558,3.0,0.0,0.0,1.0,0.0
7701.0,change,0.873597849947558,2603.0,3.0,0.6867806736288925,4.0,1.0,0.0,0.0,1.0
7702.0,change,0.873597849947558,2604.0,4.0,0.873597849947558,4.0,1.0,0.0,0.0,1.0
7703.0,add,0.873597849947558,2604.0,4.0,0.873597849947558,4.0,1.0,0.0,0.0,2.0
7704.0,delete,0.2677858814627575,2604.0,4.0,0.873597849947558,3.0,1.0,0.0,0.0,1.0
7705.0,swap,0.11731916609425042,2604.0,4.0,0.873597849947558,3.0,1.0,0.0,0.0,2.0
7706.0,change,0.873597849947558,2605.0,5.0,0.873597849947558,4.0,1.0,0.0,0.0,1.0
7707.0,add,0.09617297941845755,2605.0,5.0,0.873597849947558,4.0,1.0,1.0,0.0,1.0
7708.0,delete,0.30407643128483264,2605.0,5.0,0.873597849947558,3.0,1.0,0.0,0.0,1.0
7709.0,swap,0.8696825154081719,2605.0,5.0,0.873597849947558,4.0,1.0,0.0,1.0,0.0
7710.0,add,0.873597849947558,2606.0,5.0,0.873597849947558,4.0,1.0,0.0,0.0,3.0
7711.0,delete,0.873597849947558,2606.0,5.0,0.873597849947558,4.0,0.0,0.0,0.0,2.0
7712.0,swap,0.873597849947558,2606.0,5.0,0.873597849947558,4.0,1.0,0.0,0.0,2.0
7713.0,swap,0.8696825154081719,2607.0,4.0,0.873597849947558,4.0,0.0,0.0,1.0,2.0
7714.0,add,0.873597849947558,2608.0,6.0,0.873597849947558,4.0,1.0,0.0,0.0,3.0
7715.0,add,0.2992927656718569,2608.0,6.0,0.873597849947558,4.0,1.0,1.0,0.0,3.0
7716.0,delete,0.3040764312848323,2608.0,6.0,0.873597849947558,3.0,1.0,0.0,0.0,3.0
7717.0,swap,0.30276636134333035,2608.0,6.0,0.873597849947558,3.0,1.0,0.0,1.0,3.0
7718.0,add,0.873597849947558,2609.0,6.0,0.873597849947558,4.0,1.0,0.0,0.0,3.0
7719.0,add,0.35171951259191103,2609.0,6.0,0.873597849947558,4.0,1.0,1.0,0.0,3.0
7720.0,delete,0.873597849947558,2609.0,6.0,0.873597849947558,4.0,1.0,0.0,0.0,2.0
7721.0,swap,0.2677858814627575,2609.0,6.0,0.873597849947558,3.0,2.0,0.0,0.0,3.0
7722.0,add,0.8696825154081768,2610.0,3.0,0.644878758067603,4.0,1.0,0.0,1.0,1.0
7723.0,add,0.8696825154081749,2611.0,4.0,0.8696825154081768,4.0,1.0,0.0,1.0,1.0
7724.0,add,0.8696825154081763,2611.0,4.0,0.8696825154081768,4.0,2.0,0.0,1.0,1.0
7725.0,delete,0.8696825154081768,2611.0,4.0,0.8696825154081768,4.0,1.0,0.0,1.0,0.0
7726.0,swap,0.3040764312848323,2611.0,4.0,0.8696825154081768,3.0,2.0,0.0,1.0,1.0
7727.0,delete,0.8696825154081743,2612.0,5.0,0.8696825154081768,4.0,1.0,0.0,1.0,0.0
7728.0,add,0.11355931387434641,2612.0,5.0,0.8696825154081768,4.0,1.0,1.0,1.0,0.0
7729.0,delete,0.3040764312848323,2612.0,5.0,0.8696825154081768,3.0,1.0,0.0,1.0,0.0
7730.0,swap,0.22185529682242897,2612.0,5.0,0.8696825154081768,3.0,1.0,1.0,1.0,0.0
7731.0,swap,0.836084524668399,2613.0,6.0,0.8531752983052726,4.0,0.0,1.0,2.0,0.0
7732.0,add,0.8531752983052749,2613.0,6.0,0.8531752983052726,4.0,1.0,1.0,2.0,0.0
7733.0,delete,0.8582295547319936,2613.0,6.0,0.8531752983052726,4.0,0.0,1.0,1.0,0.0
7734.0,swap,0.8582295547319936,2613.0,6.0,0.8531752983052726,4.0,0.0,1.0,1.0,1.0
7735.0,add,0.8544189727590787,2614.0,4.0,0.7721980270809095,4.0,0.0,1.0,2.0,0.0
7736.0,add,0.8544189727590787,2615.0,5.0,0.8544189727590787,4.0,0.0,1.0,2.0,0.0
7737.0,add,0.8505927850718651,2615.0,5.0,0.8544189727590787,4.0,0.0,1.0,3.0,0.0
7738.0,delete,0.29760578682819555,2615.0,5.0,0.8544189727590787,3.0,0.0,1.0,2.0,0.0
7739.0,swap,0.04370232233327043,2615.0,5.0,0.8544189727590787,3.0,0.0,1.0,2.0,1.0
7740.0,swap,0.8582295547319964,2616.0,5.0,0.8517788461485868,4.0,1.0,1.0,1.0,0.0
7741.0,swap,0.8080256350327193,2617.0,6.0,0.8582295547319964,4.0,1.0,1.0,1.0,0.0
7742.0,add,0.8432056678483348,2617.0,6.0,0.8582295547319964,4.0,1.0,1.0,2.0,0.0
7743.0,delete,0.29888178170543045,2617.0,6.0,0.8582295547319964,3.0,1.0,1.0,1.0,0.0
7744.0,swap,0.858229554731995,2617.0,6.0,0.8582295547319964,4.0,1.0,1.0,1.0,0.0
7745.0,delete,0.8425914326823112,2618.0,7.0,0.8582295547319936,4.0,0.0,1.0,1.0,0.0
7746.0,add,0.8531752983052726,2618.0,7.0,0.8582295547319936,4.0,0.0,1.0,2.0,0.0
7747.0,delete,0.8633137528460538,2618.0,7.0,0.8582295547319936,4.0,0.0,1.0,0.0,0.0
7748.0,swap,0.8645604557060138,2618.0,7.0,0.8582295547319936,4.0,0.0,0.0,2.0,0.0
7749.0,swap,0.8559715963713279,2619.0,5.0,0.8106505260237901,4.0,0.0,1.0,1.0,1.0
7750.0,swap,0.8559715963713279,2620.0,6.0,0.8559715963713279,4.0,0.0,1.0,1.0,1.0
7751.0,add,0.8559715963713288,2620.0,6.0,0.8559715963713279,4.0,1.0,1.0,1.0,1.0
7752.0,delete,0.866164230387068,2620.0,6.0,0.8559715963713279,4.0,0.0,0.0,1.0,1.0
7753.0,swap,0.8594466977428705,2620.0,6.0,0.8559715963713279,4.0,0.0,1.0,1.0,1.0
7754.0,swap,0.8570132817194418,2621.0,5.0,0.8632349371175264,4.0,0.0,1.0,1.0,0.0
7755.0,add,0.8571849584650814,2621.0,5.0,0.8632349371175264,4.0,1.0,1.0,1.0,0.0
7756.0,delete,0.2362891521265351,2621.0,5.0,0.8632349371175264,3.0,0.0,1.0,1.0,0.0
7757.0,swap,0.059047651423468094,2621.0,5.0,0.8632349371175264,3.0,0.0,2.0,1.0,0.0
7758.0,delete,0.866164230387068,2622.0,7.0,0.866164230387068,4.0,0.0,0.0,1.0,1.0
7759.0,add,0.8661642303870689,2622.0,7.0,0.866164230387068,4.0,1.0,0.0,1.0,1.0
7760.0,delete,0.8684525127287878,2622.0,7.0,0.866164230387068,4.0,0.0,0.0,1.0,0.0
7761.0,swap,0.07058045867289461,2622.0,7.0,0.866164230387068,3.0,0.0,1.0,1.0,1.0
7762.0,add,0.8582295547319955,2623.0,6.0,0.8582295547319955,4.0,2.0,1.0,1.0,0.0
7763.0,add,0.8582295547319959,2623.0,6.0,0.8582295547319955,4.0,3.0,1.0,1.0,0.0
7764.0,delete,0.24597237041026077,2623.0,6.0,0.8582295547319955,3.0,2.0,1.0,1.0,0.0
7765.0,swap,0.05073843116234437,2623.0,6.0,0.8582295547319955,3.0,2.0,2.0,1.0,0.0
7766.0,add,0.8614490999733415,2624.0,5.0,0.8682694327207293,4.0,0.0,1.0,1.0,0.0
7767.0,add,0.868269432720727,2624.0,5.0,0.8682694327207293,4.0,1.0,1.0,1.0,0.0
7768.0,delete,0.2661707595933125,2624.0,5.0,0.8682694327207293,3.0,0.0,1.0,1.0,0.0
7769.0,swap,0.3036014249188599,2624.0,5.0,0.8682694327207293,3.0,0.0,1.0,2.0,0.0
7770.0,swap,0.873597849947558,2625.0,4.0,0.873597849947558,4.0,1.0,0.0,0.0,0.0
7771.0,add,0.873597849947558,2625.0,4.0,0.873597849947558,4.0,2.0,0.0,0.0,0.0
7772.0,delete,0.2677858814627575,2625.0,4.0,0.873597849947558,3.0,1.0,0.0,0.0,0.0
7773.0,swap,0.2665990921340154,2625.0,4.0,0.873597849947558,3.0,1.0,0.0,1.0,0.0
7774.0,swap,0.4163783250909972,2626.0,3.0,0.37591923216001066,3.0,0.0,1.0,1.0,0.0
7775.0,add,0.37591923216001066,2626.0,3.0,0.37591923216001066,3.0,0.0,1.0,1.0,1.0
7776.0,delete,0.11632408230076341,2626.0,3.0,0.37591923216001066,2.0,0.0,1.0,1.0,0.0
7777.0,swap,0.286368043932729,2626.0,3.0,0.37591923216001066,3.0,1.0,1.0,0.0,0.0
7778.0,change,0.8684525127287878,2627.0,2.0,0.6242683135673991,4.0,0.0,0.0,1.0,0.0
7779.0,change,0.8684525127287878,2628.0,3.0,0.8684525127287878,4.0,0.0,0.0,1.0,0.0
7780.0,add,0.7509853688113484,2628.0,3.0,0.8684525127287878,4.0,0.0,1.0,1.0,0.0
7781.0,delete,0.873597849947558,2628.0,3.0,0.8684525127287878,4.0,0.0,0.0,0.0,0.0
7782.0,swap,0.031177508028597922,2628.0,3.0,0.8684525127287878,3.0,0.0,1.0,1.0,0.0
7783.0,add,0.873597849947558,2629.0,4.0,0.873597849947558,4.0,0.0,0.0,0.0,1.0
7784.0,delete,0.3040764312848323,2629.0,4.0,0.873597849947558,3.0,0.0,0.0,0.0,0.0
7785.0,swap,0.2677858814627575,2629.0,4.0,0.873597849947558,3.0,0.0,0.0,1.0,0.0
7786.0,change,0.873597849947558,2630.0,3.0,0.6639796826555575,4.0,1.0,0.0,0.0,0.0
7787.0,change,0.873597849947558,2631.0,4.0,0.873597849947558,4.0,1.0,0.0,0.0,0.0
7788.0,add,0.8684525127287911,2631.0,4.0,0.873597849947558,4.0,1.0,0.0,1.0,0.0
7789.0,delete,0.3040764312848323,2631.0,4.0,0.873597849947558,3.0,1.0,0.0,0.0,0.0
7790.0,swap,0.6784191757517841,2631.0,4.0,0.873597849947558,3.0,1.0,1.0,0.0,0.0
7791.0,change,0.873597849947558,2632.0,5.0,0.873597849947558,4.0,1.0,0.0,0.0,0.0
7792.0,add,0.873597849947558,2632.0,5.0,0.873597849947558,4.0,1.0,0.0,0.0,1.0
7793.0,delete,0.3040764312848323,2632.0,5.0,0.873597849947558,3.0,1.0,0.0,0.0,0.0
7794.0,swap,0.30407643128483275,2632.0,5.0,0.873597849947558,3.0,1.0,0.0,1.0,0.0
7795.0,change,0.873597849947558,2633.0,6.0,0.873597849947558,4.0,1.0,0.0,0.0,2.0
7796.0,add,0.873597849947558,2633.0,6.0,0.873597849947558,4.0,1.0,0.0,0.0,3.0
7797.0,delete,0.873597849947558,2633.0,6.0,0.873597849947558,4.0,1.0,0.0,0.0,1.0
7798.0,swap,0.8661642303870724,2633.0,6.0,0.873597849947558,4.0,1.0,0.0,1.0,1.0
7799.0,add,0.873597849947558,2634.0,7.0,0.873597849947558,4.0,1.0,0.0,0.0,3.0
7800.0,add,0.8696825154081763,2634.0,7.0,0.873597849947558,4.0,1.0,0.0,1.0,3.0
7801.0,delete,0.11731916609425042,2634.0,7.0,0.873597849947558,3.0,1.0,0.0,0.0,3.0
7802.0,swap,0.866164230387068,2634.0,7.0,0.873597849947558,4.0,0.0,0.0,1.0,3.0
7803.0,change,0.873597849947558,2635.0,5.0,0.7627625323418776,4.0,1.0,0.0,0.0,2.0
7804.0,change,0.873597849947558,2636.0,6.0,0.873597849947558,4.0,1.0,0.0,0.0,2.0
7805.0,add,0.873597849947558,2636.0,6.0,0.873597849947558,4.0,1.0,0.0,0.0,3.0
7806.0,delete,0.873597849947558,2636.0,6.0,0.873597849947558,4.0,1.0,0.0,0.0,1.0
7807.0,swap,0.8351520219224322,2636.0,6.0,0.873597849947558,4.0,0.0,1.0,0.0,2.0
7808.0,delete,0.873597849947558,2637.0,7.0,0.873597849947558,4.0,1.0,0.0,0.0,1.0
7809.0,add,0.873597849947558,2637.0,7.0,0.873597849947558,4.0,2.0,0.0,0.0,1.0
7810.0,delete,0.30407643128483247,2637.0,7.0,0.873597849947558,3.0,1.0,0.0,0.0,1.0
7811.0,swap,0.30407643128483247,2637.0,7.0,0.873597849947558,3.0,1.0,0.0,0.0,2.0
7812.0,add,0.8727105141747387,2638.0,5.0,0.8727105141747381,4.0,1.0,1.0,0.0,0.0
7813.0,add,0.8727105141747381,2638.0,5.0,0.8727105141747381,4.0,1.0,1.0,0.0,1.0
7814.0,delete,0.26335417818495716,2638.0,5.0,0.8727105141747381,3.0,1.0,1.0,0.0,0.0
7815.0,swap,0.3037706530728614,2638.0,5.0,0.8727105141747381,3.0,1.0,1.0,1.0,0.0
7816.0,add,0.8684525127287896,2639.0,5.0,0.8684525127287896,4.0,1.0,0.0,1.0,0.0
7817.0,add,0.8645604557060138,2639.0,5.0,0.8684525127287896,4.0,1.0,0.0,2.0,0.0
7818.0,delete,0.26620866986289676,2639.0,5.0,0.8684525127287896,3.0,1.0,0.0,1.0,0.0
7819.0,swap,0.3023032915018157,2639.0,5.0,0.8684525127287896,3.0,1.0,0.0,1.0,1.0
7820.0,add,0.873597849947558,2640.0,3.0,0.704559871898509,4.0,1.0,0.0,0.0,1.0
7821.0,add,0.873597849947558,2641.0,4.0,0.873597849947558,4.0,1.0,0.0,0.0,1.0
7822.0,add,0.873597849947558,2641.0,4.0,0.873597849947558,4.0,2.0,0.0,0.0,1.0
7823.0,delete,0.873597849947558,2641.0,4.0,0.873597849947558,4.0,1.0,0.0,0.0,0.0
7824.0,swap,0.11731916609425042,2641.0,4.0,0.873597849947558,3.0,1.0,0.0,0.0,2.0
7825.0,delete,0.873597849947558,2642.0,5.0,0.873597849947558,4.0,1.0,0.0,0.0,0.0
7826.0,add,0.0964912072062596,2642.0,5.0,0.873597849947558,4.0,1.0,1.0,0.0,0.0
7827.0,delete,0.873597849947558,2642.0,5.0,0.873597849947558,4.0,0.0,0.0,0.0,0.0
7828.0,swap,0.2677858814627575,2642.0,5.0,0.873597849947558,3.0,2.0,0.0,0.0,0.0
7829.0,add,0.8696825154081719,2643.0,5.0,0.873597849947558,4.0,0.0,0.0,1.0,0.0
7830.0,delete,0.3040764312848323,2643.0,5.0,0.873597849947558,3.0,0.0,0.0,0.0,0.0
7831.0,swap,0.2513172488538977,2643.0,5.0,0.873597849947558,3.0,1.0,0.0,0.0,0.0
7832.0,change,0.866164230387068,2644.0,4.0,0.7528294313780655,4.0,0.0,0.0,1.0,1.0
7833.0,change,0.866164230387068,2645.0,5.0,0.866164230387068,4.0,0.0,0.0,1.0,1.0
7834.0,add,0.8291200653471343,2645.0,5.0,0.866164230387068,4.0,0.0,1.0,1.0,1.0
7835.0,delete,0.8684525127287878,2645.0,5.0,0.866164230387068,4.0,0.0,0.0,1.0,0.0
7836.0,swap,0.3002998908367806,2645.0,5.0,0.866164230387068,3.0,0.0,0.0,2.0,1.0
7837.0,swap,0.8684525127287878,2646.0,6.0,0.8684525127287901,4.0,1.0,0.0,1.0,0.0
7838.0,add,0.8684525127287901,2646.0,6.0,0.8684525127287901,4.0,1.0,0.0,1.0,1.0
7839.0,delete,0.8684525127287878,2646.0,6.0,0.8684525127287901,4.0,0.0,0.0,1.0,0.0
7840.0,swap,0.8532479788325797,2646.0,6.0,0.8684525127287901,4.0,0.0,0.0,2.0,0.0
7841.0,change,0.866164230387068,2647.0,3.0,0.7101698220402857,4.0,0.0,0.0,1.0,1.0
7842.0,change,0.866164230387068,2648.0,4.0,0.866164230387068,4.0,0.0,0.0,1.0,1.0
7843.0,add,0.8626601785249273,2648.0,4.0,0.866164230387068,4.0,0.0,0.0,1.0,2.0
7844.0,delete,0.265520570287391,2648.0,4.0,0.866164230387068,3.0,0.0,0.0,1.0,1.0
7845.0,swap,0.30230329150181523,2648.0,4.0,0.866164230387068,3.0,0.0,0.0,1.0,2.0
7846.0,change,0.866164230387068,2649.0,4.0,0.7823538288282935,4.0,0.0,0.0,1.0,1.0
7847.0,change,0.866164230387068,2650.0,5.0,0.866164230387068,4.0,0.0,0.0,1.0,1.0
7848.0,add,0.8662349016366301,2650.0,5.0,0.866164230387068,4.0,0.0,0.0,1.0,2.0
7849.0,delete,0.265520570287391,2650.0,5.0,0.866164230387068,3.0,0.0,0.0,1.0,1.0
7850.0,swap,0.11731916609425042,2650.0,5.0,0.866164230387068,3.0,0.0,0.0,1.0,2.0
7851.0,swap,0.028982796309259307,2651.0,5.0,0.8654116059495471,3.0,0.0,1.0,1.0,1.0
7852.0,add,0.866164230387068,2652.0,6.0,0.866164230387068,4.0,0.0,0.0,1.0,1.0
7853.0,add,0.8661642303870689,2652.0,6.0,0.866164230387068,4.0,1.0,0.0,1.0,1.0
7854.0,delete,0.265520570287391,2652.0,6.0,0.866164230387068,3.0,0.0,0.0,1.0,1.0
7855.0,swap,0.2643442977628799,2652.0,6.0,0.866164230387068,3.0,0.0,0.0,2.0,1.0
7856.0,delete,0.8684525127287878,2653.0,6.0,0.8684525127287878,4.0,0.0,0.0,1.0,0.0
7857.0,add,0.2961904369959799,2653.0,6.0,0.8684525127287878,4.0,0.0,1.0,1.0,0.0
7858.0,delete,0.2662086698628963,2653.0,6.0,0.8684525127287878,3.0,0.0,0.0,1.0,0.0
7859.0,swap,0.1573093628462418,2653.0,6.0,0.8684525127287878,3.0,0.0,1.0,1.0,0.0
7860.0,swap,0.8661642303870724,2654.0,7.0,0.8661642303870724,4.0,1.0,0.0,1.0,1.0
7861.0,add,0.8662349016366359,2654.0,7.0,0.8661642303870724,4.0,1.0,0.0,1.0,2.0
7862.0,delete,0.11731916609425042,2654.0,7.0,0.8661642303870724,3.0,1.0,0.0,1.0,1.0
7863.0,swap,0.30159725387890496,2654.0,7.0,0.8661642303870724,3.0,1.0,0.0,1.0,2.0
7864.0,add,0.8594803831711829,2655.0,3.0,0.6761162297425937,4.0,0.0,1.0,1.0,0.0
7865.0,add,0.8594803831711829,2656.0,4.0,0.8594803831711829,4.0,0.0,1.0,1.0,0.0
7866.0,add,0.8544189727590777,2656.0,4.0,0.8594803831711829,4.0,0.0,1.0,2.0,0.0
7867.0,delete,0.8633137528460538,2656.0,4.0,0.8594803831711829,4.0,0.0,1.0,0.0,0.0
7868.0,swap,0.24661289640094256,2656.0,4.0,0.8594803831711829,3.0,0.0,1.0,2.0,0.0
7869.0,delete,0.8339911602378146,2657.0,5.0,0.8633137528460538,4.0,0.0,1.0,0.0,0.0
7870.0,add,0.8633137528460553,2657.0,5.0,0.8633137528460538,4.0,1.0,1.0,0.0,0.0
7871.0,delete,0.26466850882441156,2657.0,5.0,0.8633137528460538,3.0,0.0,1.0,0.0,0.0
7872.0,swap,0.11698282521988618,2657.0,5.0,0.8633137528460538,3.0,0.0,1.0,0.0,1.0
7873.0,add,0.8684525127287896,2658.0,6.0,0.8684525127287892,4.0,2.0,0.0,1.0,1.0
7874.0,add,0.8684525127287892,2658.0,6.0,0.8684525127287892,4.0,3.0,0.0,1.0,1.0
7875.0,delete,0.30230329150181523,2658.0,6.0,0.8684525127287892,3.0,2.0,0.0,1.0,1.0
7876.0,swap,0.8684525127287896,2658.0,6.0,0.8684525127287892,4.0,2.0,0.0,1.0,1.0
7877.0,add,0.873597849947558,2659.0,6.0,0.873597849947558,4.0,1.0,0.0,0.0,1.0
7878.0,add,0.873597849947558,2659.0,6.0,0.873597849947558,4.0,1.0,0.0,0.0,2.0
7879.0,delete,0.30407643128483247,2659.0,6.0,0.873597849947558,3.0,1.0,0.0,0.0,1.0
7880.0,swap,0.08208499862389865,2659.0,6.0,0.873597849947558,3.0,2.0,0.0,0.0,1.0
7881.0,change,0.8605755048518622,2660.0,2.0,0.6384219614677893,4.0,0.0,1.0,0.0,0.0
7882.0,change,0.7634188601113557,2661.0,3.0,0.8605755048518622,4.0,0.0,1.0,0.0,0.0
7883.0,add,0.8567212982942068,2661.0,3.0,0.8605755048518622,4.0,0.0,1.0,1.0,0.0
7884.0,delete,0.2997177598052749,2661.0,3.0,0.8605755048518622,3.0,0.0,1.0,0.0,0.0
7885.0,swap,0.873597849947558,2661.0,3.0,0.8605755048518622,4.0,0.0,0.0,0.0,1.0
7886.0,add,0.873597849947558,2662.0,4.0,0.873597849947558,4.0,1.0,0.0,0.0,1.0
7887.0,delete,0.11731916609425042,2662.0,4.0,0.873597849947558,3.0,0.0,0.0,0.0,1.0
7888.0,swap,0.30220402011029557,2662.0,4.0,0.873597849947558,3.0,0.0,1.0,0.0,1.0
7889.0,add,0.873597849947558,2663.0,5.0,0.873597849947558,4.0,2.0,0.0,0.0,0.0
7890.0,add,0.873597849947558,2663.0,5.0,0.873597849947558,4.0,2.0,0.0,0.0,1.0
7891.0,delete,0.2677858814627575,2663.0,5.0,0.873597849947558,3.0,2.0,0.0,0.0,0.0
7892.0,swap,0.05184304429143759,2663.0,5.0,0.873597849947558,3.0,2.0,1.0,0.0,0.0
7893.0,add,0.868925879349042,2664.0,5.0,0.868925879349042,4.0,0.0,1.0,1.0,0.0
7894.0,add,0.5253656197102216,2664.0,5.0,0.868925879349042,4.0,0.0,2.0,1.0,0.0
7895.0,delete,0.8728377752279373,2664.0,5.0,0.868925879349042,4.0,0.0,1.0,0.0,0.0
7896.0,swap,0.8696825154081719,2664.0,5.0,0.868925879349042,4.0,1.0,0.0,1.0,0.0
7897.0,change,0.8657361853767159,2665.0,4.0,0.801147533808883,4.0,0.0,1.0,1.0,0.0
7898.0,change,0.8657361853767159,2666.0,5.0,0.8657361853767159,4.0,0.0,1.0,1.0,0.0
7899.0,add,0.8606373678780779,2666.0,5.0,0.8657361853767159,4.0,0.0,1.0,2.0,0.0
7900.0,delete,0.3027103113984303,2666.0,5.0,0.8657361853767159,3.0,0.0,1.0,1.0,0.0
7901.0,swap,0.20379939775549966,2666.0,5.0,0.8657361853767159,3.0,0.0,2.0,1.0,0.0
7902.0,add,0.8657361853767159,2667.0,5.0,0.8657361853767159,4.0,0.0,1.0,1.0,1.0
7903.0,add,0.8618570857911785,2667.0,5.0,0.8657361853767159,4.0,0.0,1.0,2.0,1.0
7904.0,delete,0.11666481182651718,2667.0,5.0,0.8657361853767159,3.0,0.0,1.0,1.0,1.0
7905.0,swap,0.3027103113984302,2667.0,5.0,0.8657361853767159,3.0,0.0,1.0,2.0,1.0
7906.0,change,0.858045746934309,2668.0,3.0,0.6282395338219142,4.0,0.0,0.0,2.0,0.0
7907.0,add,0.8696825154081719,2669.0,2.0,0.5223164835112342,4.0,0.0,0.0,1.0,1.0
7908.0,add,0.8696825154081719,2670.0,3.0,0.8696825154081719,4.0,0.0,0.0,1.0,1.0
7909.0,add,0.8696825154081719,2670.0,3.0,0.8696825154081719,4.0,0.0,0.0,1.0,2.0
7910.0,delete,0.8696825154081719,2670.0,3.0,0.8696825154081719,4.0,0.0,0.0,1.0,0.0
7911.0,swap,0.866164230387068,2670.0,3.0,0.8696825154081719,4.0,0.0,0.0,1.0,1.0
7912.0,add,0.8696825154081719,2671.0,4.0,0.8696825154081719,4.0,0.0,0.0,1.0,2.0
7913.0,add,0.8696825154081719,2671.0,4.0,0.8696825154081719,4.0,0.0,0.0,1.0,3.0
7914.0,delete,0.3040764312848323,2671.0,4.0,0.8696825154081719,3.0,0.0,0.0,1.0,2.0
7915.0,swap,0.1426356558229799,2671.0,4.0,0.8696825154081719,3.0,1.0,0.0,1.0,2.0
7916.0,add,0.8696825154081719,2672.0,4.0,0.8696825154081719,4.0,0.0,0.0,1.0,1.0
7917.0,add,0.8657855661243155,2672.0,4.0,0.8696825154081719,4.0,0.0,0.0,2.0,1.0
7918.0,delete,0.17178633317317293,2672.0,4.0,0.8696825154081719,3.0,0.0,0.0,1.0,1.0
7919.0,swap,0.15888338124616758,2672.0,4.0,0.8696825154081719,4.0,0.0,1.0,0.0,1.0
7920.0,add,0.8621240649435016,2673.0,3.0,0.6111519266664656,4.0,0.0,1.0,1.0,1.0
7921.0,add,0.8621240649435016,2674.0,4.0,0.8621240649435016,4.0,0.0,1.0,1.0,1.0
7922.0,add,0.8621240649435016,2674.0,4.0,0.8621240649435016,4.0,0.0,1.0,1.0,2.0
7923.0,delete,0.3014598322161809,2674.0,4.0,0.8621240649435016,3.0,0.0,1.0,1.0,1.0
7924.0,swap,0.8696825154081719,2674.0,4.0,0.8621240649435016,4.0,0.0,0.0,1.0,2.0
7925.0,swap,0.8696825154081719,2675.0,5.0,0.8696825154081719,4.0,0.0,0.0,1.0,2.0
7926.0,add,0.45029144268390503,2675.0,5.0,0.8696825154081719,4.0,0.0,1.0,1.0,2.0
7927.0,delete,0.8696825154081719,2675.0,5.0,0.8696825154081719,4.0,0.0,0.0,1.0,1.0
7928.0,swap,0.0574820558605321,2675.0,5.0,0.8696825154081719,3.0,1.0,0.0,1.0,2.0
7929.0,add,0.858045746934309,2676.0,3.0,0.6471723360819978,4.0,0.0,0.0,2.0,1.0
7930.0,add,0.858045746934309,2677.0,4.0,0.858045746934309,4.0,0.0,0.0,2.0,1.0
7931.0,add,0.858045746934309,2677.0,4.0,0.858045746934309,4.0,1.0,0.0,2.0,1.0
7932.0,delete,0.26307148112248957,2677.0,4.0,0.858045746934309,3.0,0.0,0.0,2.0,1.0
7933.0,swap,0.2615447583652185,2677.0,4.0,0.858045746934309,3.0,0.0,0.0,3.0,1.0
7934.0,change,0.8696825154081719,2678.0,3.0,0.5871640622719999,4.0,0.0,0.0,1.0,1.0
7935.0,add,0.8645604557060138,2679.0,2.0,0.6234789638983017,4.0,0.0,0.0,2.0,0.0
7936.0,add,0.8645604557060138,2680.0,3.0,0.8645604557060138,4.0,0.0,0.0,2.0,0.0
7937.0,add,0.8645604557060099,2680.0,3.0,0.8645604557060138,4.0,1.0,0.0,2.0,0.0
7938.0,delete,0.26659909213401567,2680.0,3.0,0.8645604557060138,3.0,0.0,0.0,2.0,0.0
7939.0,swap,0.25544179822755897,2680.0,3.0,0.8645604557060138,4.0,0.0,1.0,1.0,0.0
7940.0,change,0.8696825154081719,2681.0,4.0,0.8696825154081719,4.0,0.0,0.0,1.0,1.0
7941.0,add,0.8696825154081719,2681.0,4.0,0.8696825154081719,4.0,0.0,0.0,1.0,2.0
7942.0,delete,0.8696825154081719,2681.0,4.0,0.8696825154081719,4.0,0.0,0.0,1.0,0.0
7943.0,swap,0.26659909213401567,2681.0,4.0,0.8696825154081719,3.0,0.0,0.0,1.0,2.0
7944.0,delete,0.8696825154081719,2682.0,5.0,0.8696825154081719,4.0,0.0,0.0,1.0,0.0
7945.0,add,0.8696825154081749,2682.0,5.0,0.8696825154081719,4.0,1.0,0.0,1.0,0.0
7946.0,delete,0.873597849947558,2682.0,5.0,0.8696825154081719,4.0,0.0,0.0,0.0,0.0
7947.0,swap,0.029316471669338665,2682.0,5.0,0.8696825154081719,3.0,1.0,0.0,1.0,0.0
7948.0,change,0.8696825154081719,2683.0,3.0,0.6659592012542818,4.0,0.0,0.0,1.0,1.0
7949.0,change,0.8696825154081719,2684.0,4.0,0.8696825154081719,4.0,0.0,0.0,1.0,1.0
7950.0,add,0.858045746934309,2684.0,4.0,0.8696825154081719,4.0,0.0,0.0,2.0,1.0
7951.0,delete,0.26659909213401567,2684.0,4.0,0.8696825154081719,3.0,0.0,0.0,1.0,1.0
7952.0,swap,0.8645604557060138,2684.0,4.0,0.8696825154081719,4.0,0.0,0.0,2.0,0.0
7953.0,swap,0.8645604557060138,2685.0,5.0,0.8645604557060138,4.0,0.0,0.0,2.0,0.0
7954.0,add,0.8594685627545029,2685.0,5.0,0.8645604557060138,4.0,0.0,0.0,3.0,0.0
7955.0,delete,0.26659909213401567,2685.0,5.0,0.8645604557060138,3.0,0.0,0.0,2.0,0.0
7956.0,swap,0.8684525127287896,2685.0,5.0,0.8645604557060138,4.0,1.0,0.0,1.0,0.0
7957.0,swap,0.3040764312848323,2686.0,4.0,0.7447282158058672,3.0,0.0,0.0,1.0,2.0
7958.0,add,0.8696825154081719,2687.0,5.0,0.8696825154081719,4.0,0.0,0.0,1.0,2.0
7959.0,add,0.8645604557060138,2687.0,5.0,0.8696825154081719,4.0,0.0,0.0,2.0,2.0
7960.0,delete,0.17178633317317293,2687.0,5.0,0.8696825154081719,3.0,0.0,0.0,1.0,2.0
7961.0,swap,0.8735978499475604,2687.0,5.0,0.8696825154081719,4.0,1.0,0.0,0.0,2.0
7962.0,add,0.2541478251770647,2688.0,3.0,0.2541478251770647,4.0,0.0,1.0,1.0,0.0
7963.0,add,0.1440523570642949,2688.0,3.0,0.2541478251770647,4.0,0.0,2.0,1.0,0.0
7964.0,delete,0.08957151209700992,2688.0,3.0,0.2541478251770647,3.0,0.0,1.0,1.0,0.0
7965.0,swap,0.8688412370391212,2688.0,3.0,0.2541478251770647,3.0,0.0,1.0,2.0,0.0
7966.0,change,0.8696825154081719,2689.0,5.0,0.8696825154081719,4.0,0.0,0.0,1.0,1.0
7967.0,add,0.19177981640936936,2689.0,5.0,0.8696825154081719,4.0,0.0,1.0,1.0,1.0
7968.0,delete,0.26659909213401567,2689.0,5.0,0.8696825154081719,3.0,0.0,0.0,1.0,1.0
7969.0,swap,0.26307148112248957,2689.0,5.0,0.8696825154081719,3.0,0.0,0.0,2.0,1.0
7970.0,change,0.8696825154081719,2690.0,5.0,0.8696825154081719,4.0,0.0,0.0,1.0,1.0
7971.0,add,0.8696825154081753,2690.0,5.0,0.8696825154081719,4.0,1.0,0.0,1.0,1.0
7972.0,delete,0.26659909213401567,2690.0,5.0,0.8696825154081719,3.0,0.0,0.0,1.0,1.0
7973.0,swap,0.3040764312848323,2690.0,5.0,0.8696825154081719,3.0,0.0,0.0,1.0,2.0
7974.0,add,0.8453543462203728,2691.0,5.0,0.8621240649435016,4.0,0.0,1.0,1.0,1.0
7975.0,add,0.8621240649435016,2691.0,5.0,0.8621240649435016,4.0,0.0,1.0,1.0,2.0
7976.0,delete,0.8660050500918995,2691.0,5.0,0.8621240649435016,4.0,0.0,1.0,0.0,1.0
7977.0,swap,0.866164230387068,2691.0,5.0,0.8621240649435016,4.0,0.0,0.0,1.0,2.0
7978.0,change,0.8621240649435016,2692.0,4.0,0.8603543513172687,4.0,0.0,1.0,1.0,1.0
7979.0,swap,0.866164230387068,2693.0,6.0,0.866164230387068,4.0,0.0,0.0,1.0,2.0
7980.0,add,0.866164230387068,2693.0,6.0,0.866164230387068,4.0,0.0,0.0,1.0,3.0
7981.0,delete,0.873597849947558,2693.0,6.0,0.866164230387068,4.0,0.0,0.0,0.0,2.0
7982.0,swap,0.866164230387068,2693.0,6.0,0.866164230387068,4.0,0.0,0.0,1.0,2.0
7983.0,change,0.8621240649435016,2694.0,5.0,0.8621240649435016,4.0,0.0,1.0,1.0,1.0
7984.0,add,0.862124064943504,2694.0,5.0,0.8621240649435016,4.0,1.0,1.0,1.0,1.0
7985.0,delete,0.8696825154081719,2694.0,5.0,0.8621240649435016,4.0,0.0,0.0,1.0,1.0
7986.0,swap,0.26529692775179,2694.0,5.0,0.8621240649435016,4.0,0.0,2.0,0.0,1.0
7987.0,change,0.8621240649435016,2695.0,4.0,0.8210867096918267,4.0,0.0,1.0,1.0,1.0
7988.0,change,0.8337068202922642,2696.0,5.0,0.8621240649435016,4.0,0.0,1.0,1.0,1.0
7989.0,add,0.8621240649435021,2696.0,5.0,0.8621240649435016,4.0,1.0,1.0,1.0,1.0
7990.0,delete,0.8621240649435016,2696.0,5.0,0.8621240649435016,4.0,0.0,1.0,1.0,0.0
7991.0,swap,0.17032474241366763,2696.0,5.0,0.8621240649435016,3.0,0.0,1.0,2.0,1.0
7992.0,add,0.7364686181453417,2697.0,6.0,0.8621240649435016,4.0,0.0,1.0,1.0,2.0
7993.0,add,0.8621240649435016,2697.0,6.0,0.8621240649435016,4.0,0.0,1.0,1.0,3.0
7994.0,delete,0.30016117509251006,2697.0,6.0,0.8621240649435016,3.0,0.0,1.0,1.0,2.0
7995.0,swap,0.3014598322161809,2697.0,6.0,0.8621240649435016,3.0,0.0,1.0,1.0,3.0
7996.0,add,0.8696825154081719,2698.0,3.0,0.6971432561979181,4.0,0.0,0.0,1.0,2.0
7997.0,add,0.8696825154081719,2699.0,4.0,0.8696825154081719,4.0,0.0,0.0,1.0,2.0
7998.0,add,0.858045746934309,2699.0,4.0,0.8696825154081719,4.0,0.0,0.0,2.0,2.0
7999.0,delete,0.8696825154081719,2699.0,4.0,0.8696825154081719,4.0,0.0,0.0,1.0,1.0
8000.0,swap,0.07789187891569174,2699.0,4.0,0.8696825154081719,4.0,0.0,1.0,0.0,2.0
8001.0,add,0.8696825154081719,2700.0,2.0,0.6461634405350115,4.0,0.0,0.0,1.0,1.0
8002.0,add,0.8696825154081719,2701.0,3.0,0.8696825154081719,4.0,0.0,0.0,1.0,1.0
8003.0,add,0.8696825154081719,2701.0,3.0,0.8696825154081719,4.0,0.0,0.0,1.0,2.0
8004.0,delete,0.30276636134333024,2701.0,3.0,0.8696825154081719,3.0,0.0,0.0,1.0,1.0
8005.0,swap,0.179995336570333,2701.0,3.0,0.8696825154081719,3.0,1.0,0.0,1.0,1.0
8006.0,add,0.8645604557060138,2702.0,4.0,0.8645604557060138,4.0,0.0,0.0,2.0,0.0
8007.0,add,0.08504479801233311,2702.0,4.0,0.8645604557060138,4.0,0.0,1.0,2.0,0.0
8008.0,delete,0.8696825154081719,2702.0,4.0,0.8645604557060138,4.0,0.0,0.0,1.0,0.0
8009.0,swap,0.2650289370000912,2702.0,4.0,0.8645604557060138,3.0,0.0,0.0,2.0,1.0
8010.0,swap,0.8621240649435035,2703.0,5.0,0.8676509542991659,4.0,1.0,1.0,1.0,0.0
8011.0,add,0.873597849947558,2704.0,7.0,0.873597849947558,4.0,0.0,0.0,0.0,3.0
8012.0,delete,0.873597849947558,2704.0,7.0,0.873597849947558,4.0,0.0,0.0,0.0,1.0
8013.0,swap,0.11731916609425042,2704.0,7.0,0.873597849947558,3.0,0.0,0.0,0.0,3.0
8014.0,add,0.8621240649435016,2705.0,5.0,0.8621240649435016,4.0,0.0,1.0,1.0,2.0
8015.0,add,0.940914092861909,2705.0,5.0,0.8621240649435016,4.0,0.0,1.0,1.0,3.0
8016.0,delete,0.3077088978920269,2705.0,5.0,0.8621240649435016,3.0,0.0,1.0,1.0,2.0
8017.0,swap,0.8505893777812309,2705.0,5.0,0.8621240649435016,4.0,0.0,1.0,2.0,1.0
8018.0,add,0.866164230387068,2706.0,7.0,0.866164230387068,4.0,0.0,0.0,1.0,3.0
8019.0,add,0.5178759545441225,2706.0,7.0,0.866164230387068,4.0,0.0,1.0,1.0,3.0
8020.0,delete,0.11672545552799118,2706.0,7.0,0.866164230387068,3.0,0.0,0.0,1.0,3.0
8021.0,swap,0.8610628918855857,2706.0,7.0,0.866164230387068,4.0,0.0,0.0,2.0,2.0
8022.0,add,0.8580403248561992,2707.0,6.0,0.8453543462203728,4.0,0.0,1.0,1.0,1.0
8023.0,add,0.8340461141209028,2707.0,6.0,0.8453543462203728,4.0,0.0,1.0,2.0,1.0
8024.0,delete,0.8453543462203728,2707.0,6.0,0.8453543462203728,4.0,0.0,1.0,1.0,0.0
8025.0,swap,0.2060831421547061,2707.0,6.0,0.8453543462203728,3.0,0.0,1.0,1.0,2.0
8026.0,add,0.5214360287901111,2708.0,4.0,0.764692099684434,4.0,0.0,2.0,1.0,1.0
8027.0,add,0.858045746934309,2709.0,5.0,0.858045746934309,4.0,0.0,0.0,2.0,1.0
8028.0,add,0.8580457469343086,2709.0,5.0,0.858045746934309,4.0,1.0,0.0,2.0,1.0
8029.0,delete,0.26307148112248957,2709.0,5.0,0.858045746934309,3.0,0.0,0.0,2.0,1.0
8030.0,swap,0.26307148112248957,2709.0,5.0,0.858045746934309,3.0,0.0,0.0,2.0,2.0
8031.0,change,0.8621240649435016,2710.0,5.0,0.7177756547145108,4.0,0.0,1.0,1.0,1.0
8032.0,change,0.8621240649435016,2711.0,6.0,0.8621240649435016,4.0,0.0,1.0,1.0,1.0
8033.0,add,0.862124064943504,2711.0,6.0,0.8621240649435016,4.0,1.0,1.0,1.0,1.0
8034.0,delete,0.3077088978920269,2711.0,6.0,0.8621240649435016,3.0,0.0,1.0,1.0,1.0
8035.0,swap,0.8621240649435016,2711.0,6.0,0.8621240649435016,4.0,0.0,1.0,1.0,1.0
8036.0,change,0.8621240649435016,2712.0,4.0,0.721850698297885,4.0,0.0,1.0,1.0,1.0
8037.0,change,0.8621240649435016,2713.0,5.0,0.8621240649435016,4.0,0.0,1.0,1.0,1.0
8038.0,add,0.8621240649435035,2713.0,5.0,0.8621240649435016,4.0,1.0,1.0,1.0,1.0
8039.0,delete,0.3077088978920269,2713.0,5.0,0.8621240649435016,3.0,0.0,1.0,1.0,1.0
8040.0,swap,0.8404060693722585,2713.0,5.0,0.8621240649435016,4.0,0.0,2.0,1.0,0.0
8041.0,swap,0.7504402812981426,2714.0,6.0,0.8404060693722585,4.0,0.0,2.0,1.0,0.0
8042.0,add,0.8404060693722604,2714.0,6.0,0.8404060693722585,4.0,1.0,2.0,1.0,0.0
8043.0,delete,0.3000318819342596,2714.0,6.0,0.8404060693722585,3.0,0.0,2.0,1.0,0.0
8044.0,swap,0.270470833925164,2714.0,6.0,0.8404060693722585,3.0,0.0,2.0,1.0,1.0
8045.0,add,0.8696825154081719,2715.0,5.0,0.8696825154081719,4.0,0.0,0.0,1.0,2.0
8046.0,add,0.380852655423836,2715.0,5.0,0.8696825154081719,4.0,0.0,1.0,1.0,2.0
8047.0,delete,0.873597849947558,2715.0,5.0,0.8696825154081719,4.0,0.0,0.0,0.0,2.0
8048.0,swap,0.15283975972455507,2715.0,5.0,0.8696825154081719,3.0,0.0,1.0,1.0,2.0
8049.0,add,0.8575616429946044,2716.0,6.0,0.8621240649435016,4.0,0.0,1.0,1.0,2.0
8050.0,add,0.8505893777812309,2716.0,6.0,0.8621240649435016,4.0,0.0,1.0,2.0,2.0
8051.0,delete,0.11618287608466499,2716.0,6.0,0.8621240649435016,3.0,0.0,1.0,1.0,2.0
8052.0,swap,0.940914092861909,2716.0,6.0,0.8621240649435016,4.0,0.0,1.0,1.0,2.0
8053.0,swap,0.8636746656098748,2717.0,7.0,0.8621240649435016,4.0,0.0,1.0,1.0,1.0
8054.0,add,0.6319703205379565,2717.0,7.0,0.8621240649435016,4.0,0.0,2.0,1.0,1.0
8055.0,delete,0.8621240649435016,2717.0,7.0,0.8621240649435016,4.0,0.0,1.0,1.0,0.0
8056.0,swap,0.028831262979188355,2717.0,7.0,0.8621240649435016,3.0,1.0,1.0,1.0,1.0
8057.0,swap,0.8505893777812309,2718.0,6.0,0.8505893777812309,4.0,0.0,1.0,2.0,1.0
8058.0,add,0.8456172755312767,2718.0,6.0,0.8505893777812309,4.0,0.0,1.0,3.0,1.0
8059.0,delete,0.30363178054972173,2718.0,6.0,0.8505893777812309,3.0,0.0,1.0,2.0,1.0
8060.0,swap,0.8621240649435016,2718.0,6.0,0.8505893777812309,4.0,0.0,1.0,1.0,2.0
8061.0,add,0.857083896887035,2719.0,4.0,0.7122933582671729,4.0,0.0,1.0,2.0,1.0
8062.0,add,0.857083896887035,2720.0,5.0,0.857083896887035,4.0,0.0,1.0,2.0,1.0
8063.0,add,0.857083896887035,2720.0,5.0,0.857083896887035,4.0,0.0,1.0,2.0,2.0
8064.0,delete,0.8645604557060138,2720.0,5.0,0.857083896887035,4.0,0.0,0.0,2.0,1.0
8065.0,swap,0.042024972514948654,2720.0,5.0,0.857083896887035,3.0,0.0,2.0,2.0,1.0
8066.0,change,0.8645604557060138,2721.0,3.0,0.5897754323665247,4.0,0.0,0.0,2.0,0.0
8067.0,change,0.8645604557060138,2722.0,4.0,0.8645604557060138,4.0,0.0,0.0,2.0,0.0
8068.0,add,0.08512552164231088,2722.0,4.0,0.8645604557060138,4.0,0.0,1.0,2.0,0.0
8069.0,delete,0.8696825154081719,2722.0,4.0,0.8645604557060138,4.0,0.0,0.0,1.0,0.0
8070.0,swap,0.3023032915018151,2722.0,4.0,0.8645604557060138,3.0,0.0,0.0,2.0,1.0
8071.0,add,0.8696825154081719,2723.0,3.0,0.6775050889556554,4.0,0.0,0.0,1.0,2.0
8072.0,add,0.8696825154081719,2724.0,4.0,0.8696825154081719,4.0,0.0,0.0,1.0,2.0
8073.0,add,0.8696825154081719,2724.0,4.0,0.8696825154081719,4.0,0.0,0.0,1.0,3.0
8074.0,delete,0.873597849947558,2724.0,4.0,0.8696825154081719,4.0,0.0,0.0,0.0,2.0
8075.0,swap,0.8696825154081719,2724.0,4.0,0.8696825154081719,4.0,0.0,0.0,1.0,2.0
8076.0,add,0.8696825154081719,2725.0,4.0,0.8696825154081719,4.0,0.0,0.0,1.0,1.0
8077.0,add,0.09027855975287206,2725.0,4.0,0.8696825154081719,4.0,0.0,1.0,1.0,1.0
8078.0,delete,0.8696825154081719,2725.0,4.0,0.8696825154081719,4.0,0.0,0.0,1.0,0.0
8079.0,swap,0.8696825154081753,2725.0,4.0,0.8696825154081719,4.0,1.0,0.0,1.0,0.0
8080.0,add,0.873597849947558,2726.0,5.0,0.873597849947558,4.0,1.0,0.0,0.0,2.0
8081.0,delete,0.2677858814627575,2726.0,5.0,0.873597849947558,3.0,0.0,0.0,0.0,2.0
8082.0,swap,0.028769813723322532,2726.0,5.0,0.873597849947558,3.0,0.0,1.0,0.0,2.0
8083.0,delete,0.8696825154081719,2727.0,5.0,0.8696825154081719,4.0,0.0,0.0,1.0,1.0
8084.0,add,0.10291556629442132,2727.0,5.0,0.8696825154081719,4.0,0.0,1.0,1.0,1.0
8085.0,delete,0.26659909213401567,2727.0,5.0,0.8696825154081719,3.0,0.0,0.0,1.0,1.0
8086.0,swap,0.858045746934309,2727.0,5.0,0.8696825154081719,4.0,0.0,0.0,2.0,0.0
8087.0,delete,0.8696825154081719,2728.0,6.0,0.8696825154081719,4.0,0.0,0.0,1.0,1.0
8088.0,add,0.0793740789492843,2728.0,6.0,0.8696825154081719,4.0,0.0,1.0,1.0,1.0
8089.0,delete,0.873597849947558,2728.0,6.0,0.8696825154081719,4.0,0.0,0.0,0.0,1.0
8090.0,swap,0.42540204811252924,2728.0,6.0,0.8696825154081719,4.0,0.0,1.0,1.0,0.0
8091.0,change,0.858045746934309,2729.0,4.0,0.858045746934309,4.0,0.0,0.0,2.0,0.0
8092.0,add,0.858045746934308,2729.0,4.0,0.858045746934309,4.0,1.0,0.0,2.0,0.0
8093.0,delete,0.8696825154081719,2729.0,4.0,0.858045746934309,4.0,0.0,0.0,1.0,0.0
8094.0,swap,0.2988705665448431,2729.0,4.0,0.858045746934309,3.0,1.0,0.0,2.0,0.0
8095.0,delete,0.8696825154081719,2730.0,5.0,0.8696825154081719,4.0,0.0,0.0,1.0,0.0
8096.0,add,0.4227131940452744,2730.0,5.0,0.8696825154081719,4.0,0.0,1.0,1.0,0.0
8097.0,delete,0.26659909213401567,2730.0,5.0,0.8696825154081719,3.0,0.0,0.0,1.0,0.0
8098.0,swap,0.1271097279094807,2730.0,5.0,0.8696825154081719,4.0,0.0,1.0,0.0,0.0
8099.0,swap,0.4154153043263617,2731.0,5.0,0.7425103753173925,4.0,0.0,1.0,1.0,2.0
8100.0,add,0.8696825154081719,2732.0,4.0,0.7298619339286183,4.0,0.0,0.0,1.0,2.0
8101.0,add,0.8696825154081719,2733.0,5.0,0.8696825154081719,4.0,0.0,0.0,1.0,2.0
8102.0,add,0.8571941182924291,2733.0,5.0,0.8696825154081719,4.0,0.0,1.0,1.0,2.0
8103.0,delete,0.8696825154081719,2733.0,5.0,0.8696825154081719,4.0,0.0,0.0,1.0,1.0
8104.0,swap,0.19000140393023507,2733.0,5.0,0.8696825154081719,3.0,1.0,0.0,1.0,2.0
8105.0,change,0.8696825154081719,2734.0,3.0,0.6476146312134178,4.0,0.0,0.0,1.0,1.0
8106.0,change,0.8696825154081719,2735.0,3.0,0.7138017242771126,4.0,0.0,0.0,1.0,1.0
8107.0,change,0.8696825154081719,2736.0,4.0,0.8696825154081719,4.0,0.0,0.0,1.0,1.0
8108.0,add,0.8696825154081719,2736.0,4.0,0.8696825154081719,4.0,0.0,0.0,1.0,2.0
8109.0,delete,0.8696825154081719,2736.0,4.0,0.8696825154081719,4.0,0.0,0.0,1.0,0.0
8110.0,swap,0.3040764312848323,2736.0,4.0,0.8696825154081719,3.0,0.0,0.0,2.0,1.0
8111.0,add,0.8696825154081719,2737.0,2.0,0.6458101549115837,4.0,0.0,0.0,1.0,1.0
8112.0,add,0.8696825154081719,2738.0,3.0,0.8696825154081719,4.0,0.0,0.0,1.0,1.0
8113.0,add,0.8696825154081719,2738.0,3.0,0.8696825154081719,4.0,0.0,0.0,1.0,2.0
8114.0,delete,0.8696825154081719,2738.0,3.0,0.8696825154081719,4.0,0.0,0.0,1.0,0.0
8115.0,swap,0.30276636134333024,2738.0,3.0,0.8696825154081719,3.0,0.0,0.0,2.0,1.0
8116.0,delete,0.8696825154081719,2739.0,4.0,0.8696825154081719,4.0,0.0,0.0,1.0,0.0
8117.0,add,0.8696825154081719,2739.0,4.0,0.8696825154081719,4.0,0.0,0.0,1.0,1.0
8118.0,delete,0.3040764312848323,2739.0,4.0,0.8696825154081719,3.0,0.0,0.0,1.0,0.0
8119.0,swap,0.26659909213401567,2739.0,4.0,0.8696825154081719,3.0,0.0,0.0,2.0,0.0
8120.0,delete,0.8696825154081719,2740.0,5.0,0.8696825154081719,4.0,0.0,0.0,1.0,0.0
8121.0,add,0.8696825154081719,2740.0,5.0,0.8696825154081719,4.0,0.0,0.0,1.0,1.0
8122.0,delete,0.30276636134333024,2740.0,5.0,0.8696825154081719,3.0,0.0,0.0,1.0,0.0
8123.0,swap,0.11349197152463478,2740.0,5.0,0.8696825154081719,3.0,0.0,1.0,1.0,0.0
8124.0,add,0.8645604557060099,2741.0,4.0,0.8645604557060099,4.0,1.0,0.0,2.0,0.0
8125.0,add,0.20168213303195168,2741.0,4.0,0.8645604557060099,4.0,1.0,1.0,2.0,0.0
8126.0,delete,0.2732169020334664,2741.0,4.0,0.8645604557060099,3.0,1.0,0.0,2.0,0.0
8127.0,swap,0.6795569426573336,2741.0,4.0,0.8645604557060099,3.0,1.0,1.0,2.0,0.0
8128.0,change,0.8696825154081719,2742.0,4.0,0.8696825154081719,4.0,0.0,0.0,1.0,1.0
8129.0,add,0.869682097376094,2742.0,4.0,0.8696825154081719,4.0,0.0,1.0,1.0,1.0
8130.0,delete,0.17178633317317293,2742.0,4.0,0.8696825154081719,3.0,0.0,0.0,1.0,1.0
8131.0,swap,0.873597849947558,2742.0,4.0,0.8696825154081719,4.0,1.0,0.0,0.0,1.0
8132.0,swap,0.873597849947558,2743.0,5.0,0.873597849947558,4.0,1.0,0.0,0.0,1.0
8133.0,add,0.8696825154081768,2743.0,5.0,0.873597849947558,4.0,1.0,0.0,1.0,1.0
8134.0,delete,0.1721723516748124,2743.0,5.0,0.873597849947558,3.0,1.0,0.0,0.0,1.0
8135.0,swap,0.8684525127287878,2743.0,5.0,0.873597849947558,4.0,0.0,0.0,1.0,1.0
8136.0,swap,0.26659909213401567,2744.0,4.0,0.7315006159413786,3.0,1.0,0.0,1.0,1.0
8137.0,change,0.8696825154081719,2745.0,5.0,0.8696825154081719,4.0,0.0,0.0,1.0,1.0
8138.0,add,0.8696825154081749,2745.0,5.0,0.8696825154081719,4.0,1.0,0.0,1.0,1.0
8139.0,delete,0.26659909213401567,2745.0,5.0,0.8696825154081719,3.0,0.0,0.0,1.0,1.0
8140.0,swap,0.3040764312848323,2745.0,5.0,0.8696825154081719,3.0,0.0,0.0,1.0,2.0
8141.0,change,0.8696825154081719,2746.0,3.0,0.6791027484276709,4.0,0.0,0.0,1.0,1.0
8142.0,change,0.8696825154081719,2747.0,4.0,0.8696825154081719,4.0,0.0,0.0,1.0,1.0
8143.0,add,0.8645604557060138,2747.0,4.0,0.8696825154081719,4.0,0.0,0.0,2.0,1.0
8144.0,delete,0.30276636134333024,2747.0,4.0,0.8696825154081719,3.0,0.0,0.0,1.0,1.0
8145.0,swap,0.26659909213401567,2747.0,4.0,0.8696825154081719,3.0,0.0,0.0,2.0,1.0
8146.0,swap,0.873597849947558,2748.0,6.0,0.8735978499475604,4.0,1.0,0.0,0.0,2.0
8147.0,add,0.5554133175469995,2748.0,6.0,0.8735978499475604,4.0,1.0,1.0,0.0,2.0
8148.0,delete,0.2677858814627581,2748.0,6.0,0.8735978499475604,3.0,1.0,0.0,0.0,2.0
8149.0,swap,0.17217235167481232,2748.0,6.0,0.8735978499475604,3.0,2.0,0.0,0.0,2.0
8150.0,change,0.8621240649435016,2749.0,5.0,0.6951202675220793,4.0,0.0,1.0,1.0,1.0
8151.0,change,0.8621240649435016,2750.0,6.0,0.8621240649435016,4.0,0.0,1.0,1.0,1.0
8152.0,add,0.8582613027211491,2750.0,6.0,0.8621240649435016,4.0,0.0,1.0,2.0,1.0
8153.0,delete,0.8696825154081719,2750.0,6.0,0.8621240649435016,4.0,0.0,0.0,1.0,1.0
8154.0,swap,0.8684336761041985,2750.0,6.0,0.8621240649435016,4.0,0.0,0.0,1.0,2.0
8155.0,delete,0.8696825154081719,2751.0,7.0,0.8696825154081719,4.0,0.0,0.0,1.0,1.0
8156.0,add,0.8696825154081719,2751.0,7.0,0.8696825154081719,4.0,0.0,0.0,1.0,2.0
8157.0,delete,0.873597849947558,2751.0,7.0,0.8696825154081719,4.0,0.0,0.0,0.0,1.0
8158.0,swap,0.3040764312848323,2751.0,7.0,0.8696825154081719,3.0,0.0,0.0,2.0,1.0
8159.0,change,0.8621240649435016,2752.0,7.0,0.8621240649435016,4.0,0.0,1.0,1.0,1.0
8160.0,add,0.38439577164460415,2752.0,7.0,0.8621240649435016,4.0,0.0,2.0,1.0,1.0
8161.0,delete,0.17032474241366743,2752.0,7.0,0.8621240649435016,3.0,0.0,1.0,1.0,1.0
8162.0,swap,0.8696825154081714,2752.0,7.0,0.8621240649435016,4.0,1.0,0.0,1.0,1.0
8163.0,add,0.8696825154081719,2753.0,4.0,0.8696825154081719,4.0,0.0,0.0,1.0,2.0
8164.0,add,0.8696825154081719,2753.0,4.0,0.8696825154081719,4.0,0.0,0.0,1.0,3.0
8165.0,delete,0.08568706349467925,2753.0,4.0,0.8696825154081719,3.0,0.0,0.0,1.0,2.0
8166.0,swap,0.06109008472768159,2753.0,4.0,0.8696825154081719,3.0,0.0,1.0,1.0,2.0
8167.0,add,0.8636907909932803,2754.0,7.0,0.8582613027211491,4.0,0.0,1.0,2.0,1.0
8168.0,add,0.8582613027211449,2754.0,7.0,0.8582613027211491,4.0,1.0,1.0,2.0,1.0
8169.0,delete,0.8621240649435016,2754.0,7.0,0.8582613027211491,4.0,0.0,1.0,1.0,1.0
8170.0,swap,0.08203644339720116,2754.0,7.0,0.8582613027211491,4.0,0.0,2.0,1.0,1.0
8171.0,change,0.8696825154081719,2755.0,4.0,0.6293310591824585,4.0,0.0,0.0,1.0,2.0
8172.0,change,0.8696825154081719,2756.0,5.0,0.8696825154081719,4.0,0.0,0.0,1.0,2.0
8173.0,add,0.8696825154081719,2756.0,5.0,0.8696825154081719,4.0,0.0,0.0,1.0,3.0
8174.0,delete,0.873597849947558,2756.0,5.0,0.8696825154081719,4.0,0.0,0.0,0.0,2.0
8175.0,swap,0.8657855661243155,2756.0,5.0,0.8696825154081719,4.0,0.0,0.0,2.0,1.0
8176.0,add,0.8684525127287878,2757.0,6.0,0.873597849947558,4.0,0.0,0.0,1.0,2.0
8177.0,delete,0.11731916609425042,2757.0,6.0,0.873597849947558,3.0,0.0,0.0,0.0,2.0
8178.0,swap,0.26659909213401567,2757.0,6.0,0.873597849947558,3.0,0.0,0.0,1.0,2.0
8179.0,change,0.858045746934309,2758.0,4.0,0.6200560406095811,4.0,0.0,0.0,2.0,1.0
8180.0,change,0.858045746934309,2759.0,5.0,0.858045746934309,4.0,0.0,0.0,2.0,1.0
8181.0,add,0.10648961177902289,2759.0,5.0,0.858045746934309,4.0,0.0,1.0,2.0,1.0
8182.0,delete,0.3040764312848323,2759.0,5.0,0.858045746934309,3.0,0.0,0.0,2.0,1.0
8183.0,swap,0.858045746934308,2759.0,5.0,0.858045746934309,4.0,1.0,0.0,2.0,0.0
8184.0,delete,0.8453543462203728,2760.0,7.0,0.8453543462203728,4.0,0.0,1.0,1.0,0.0
8185.0,add,0.8453543462203741,2760.0,7.0,0.8453543462203728,4.0,1.0,1.0,1.0,0.0
8186.0,delete,0.24012840533633775,2760.0,7.0,0.8453543462203728,3.0,0.0,1.0,1.0,0.0
8187.0,swap,0.14122920557251217,2760.0,7.0,0.8453543462203728,4.0,0.0,1.0,1.0,0.0
8188.0,change,0.8696825154081719,2761.0,4.0,0.6728813099358256,4.0,0.0,0.0,1.0,2.0
8189.0,change,0.8696825154081719,2762.0,5.0,0.8696825154081719,4.0,0.0,0.0,1.0,2.0
8190.0,add,0.07341681334059974,2762.0,5.0,0.8696825154081719,4.0,0.0,1.0,1.0,2.0
8191.0,delete,0.11682971704228412,2762.0,5.0,0.8696825154081719,3.0,0.0,0.0,1.0,2.0
8192.0,swap,0.873597849947558,2762.0,5.0,0.8696825154081719,4.0,0.0,0.0,0.0,3.0
8193.0,swap,0.866164230387068,2763.0,4.0,0.866164230387068,4.0,0.0,0.0,1.0,1.0
8194.0,add,0.866164230387068,2763.0,4.0,0.866164230387068,4.0,0.0,0.0,1.0,2.0
8195.0,delete,0.11731916609425042,2763.0,4.0,0.866164230387068,3.0,0.0,0.0,1.0,1.0
8196.0,swap,0.2655205702873914,2763.0,4.0,0.866164230387068,3.0,1.0,0.0,1.0,1.0
8197.0,delete,0.8696825154081719,2764.0,5.0,0.8696825154081719,4.0,0.0,0.0,1.0,0.0
8198.0,add,0.8696825154081719,2764.0,5.0,0.8696825154081719,4.0,0.0,0.0,1.0,1.0
8199.0,delete,0.26659909213401567,2764.0,5.0,0.8696825154081719,3.0,0.0,0.0,1.0,0.0
8200.0,swap,0.26659909213401606,2764.0,5.0,0.8696825154081719,3.0,1.0,0.0,1.0,0.0
8201.0,change,0.858045746934309,2765.0,3.0,0.612142322954461,4.0,0.0,0.0,2.0,0.0
8202.0,change,0.858045746934309,2766.0,4.0,0.858045746934309,4.0,0.0,0.0,2.0,0.0
8203.0,add,0.8529928645617515,2766.0,4.0,0.858045746934309,4.0,0.0,0.0,3.0,0.0
8204.0,delete,0.3040764312848323,2766.0,4.0,0.858045746934309,3.0,0.0,0.0,2.0,0.0
8205.0,swap,0.7942465262960806,2766.0,4.0,0.858045746934309,4.0,0.0,1.0,1.0,0.0
8206.0,swap,0.7942465262960806,2767.0,5.0,0.7942465262960806,4.0,0.0,1.0,1.0,0.0
8207.0,add,0.7942465262960806,2767.0,5.0,0.7942465262960806,4.0,0.0,1.0,1.0,1.0
8208.0,delete,0.7978191716241119,2767.0,5.0,0.7942465262960806,4.0,0.0,1.0,0.0,0.0
8209.0,swap,0.7934797705694085,2767.0,5.0,0.7942465262960806,4.0,0.0,1.0,1.0,0.0
8210.0,swap,0.05143393324677818,2768.0,4.0,0.7948077042163524,3.0,0.0,1.0,2.0,0.0
8211.0,change,0.858045746934309,2769.0,5.0,0.858045746934309,4.0,0.0,0.0,2.0,0.0
8212.0,add,0.858045746934309,2769.0,5.0,0.858045746934309,4.0,0.0,0.0,2.0,1.0
8213.0,delete,0.26307148112248957,2769.0,5.0,0.858045746934309,3.0,0.0,0.0,2.0,0.0
8214.0,swap,0.8696825154081719,2769.0,5.0,0.858045746934309,4.0,1.0,0.0,1.0,0.0
8215.0,add,0.8529928645617515,2770.0,5.0,0.8529928645617515,4.0,0.0,0.0,3.0,0.0
8216.0,add,0.8529928645617535,2770.0,5.0,0.8529928645617515,4.0,1.0,0.0,3.0,0.0
8217.0,delete,0.858045746934309,2770.0,5.0,0.8529928645617515,4.0,0.0,0.0,2.0,0.0
8218.0,swap,0.8645604557060085,2770.0,5.0,0.8529928645617515,4.0,1.0,0.0,2.0,0.0
8219.0,add,0.858045746934309,2771.0,4.0,0.8563169592651146,4.0,0.0,0.0,2.0,1.0
8220.0,swap,0.8645604557060138,2772.0,6.0,0.8645604557060085,4.0,1.0,0.0,2.0,0.0
8221.0,add,0.8644704680833164,2772.0,6.0,0.8645604557060085,4.0,1.0,1.0,2.0,0.0
8222.0,delete,0.8645604557060138,2772.0,6.0,0.8645604557060085,4.0,0.0,0.0,2.0,0.0
8223.0,swap,0.26659909213401567,2772.0,6.0,0.8645604557060085,3.0,1.0,0.0,2.0,1.0
8224.0,delete,0.858045746934309,2773.0,6.0,0.858045746934309,4.0,0.0,0.0,2.0,0.0
8225.0,add,0.8580457469343086,2773.0,6.0,0.858045746934309,4.0,1.0,0.0,2.0,0.0
8226.0,delete,0.2988705665448435,2773.0,6.0,0.858045746934309,3.0,0.0,0.0,2.0,0.0
8227.0,swap,0.2988705665448435,2773.0,6.0,0.858045746934309,3.0,0.0,0.0,2.0,1.0
8228.0,add,0.8696825154081719,2774.0,4.0,0.8696825154081719,4.0,0.0,0.0,1.0,1.0
8229.0,add,0.8645604557060138,2774.0,4.0,0.8696825154081719,4.0,0.0,0.0,2.0,1.0
8230.0,delete,0.3040764312848323,2774.0,4.0,0.8696825154081719,3.0,0.0,0.0,1.0,1.0
8231.0,swap,0.30276636134333024,2774.0,4.0,0.8696825154081719,3.0,0.0,0.0,1.0,2.0
8232.0,change,0.858045746934309,2775.0,3.0,0.6775154154412504,4.0,0.0,0.0,2.0,0.0
8233.0,change,0.858045746934309,2776.0,4.0,0.858045746934309,4.0,0.0,0.0,2.0,0.0
8234.0,add,0.85804574693431,2776.0,4.0,0.858045746934309,4.0,1.0,0.0,2.0,0.0
8235.0,delete,0.26307148112248957,2776.0,4.0,0.858045746934309,3.0,0.0,0.0,2.0,0.0
8236.0,swap,0.237163406691869,2776.0,4.0,0.858045746934309,3.0,1.0,0.0,2.0,0.0
8237.0,add,0.858045746934309,2777.0,4.0,0.7366895458462535,4.0,0.0,0.0,2.0,1.0
8238.0,add,0.858045746934309,2778.0,5.0,0.858045746934309,4.0,0.0,0.0,2.0,1.0
8239.0,add,0.8580457469343095,2778.0,5.0,0.858045746934309,4.0,1.0,0.0,2.0,1.0
8240.0,delete,0.11680987203125236,2778.0,5.0,0.858045746934309,3.0,0.0,0.0,2.0,1.0
8241.0,swap,0.11746350661452723,2778.0,5.0,0.858045746934309,3.0,0.0,1.0,2.0,1.0
8242.0,change,0.858045746934309,2779.0,4.0,0.7413782474667177,4.0,0.0,0.0,2.0,0.0
8243.0,change,0.858045746934309,2780.0,5.0,0.858045746934309,4.0,0.0,0.0,2.0,0.0
8244.0,add,0.8529928645617515,2780.0,5.0,0.858045746934309,4.0,0.0,0.0,3.0,0.0
8245.0,delete,0.8696825154081719,2780.0,5.0,0.858045746934309,4.0,0.0,0.0,1.0,0.0
8246.0,swap,0.8696825154081719,2780.0,5.0,0.858045746934309,4.0,0.0,0.0,1.0,1.0
8247.0,delete,0.8696825154081719,2781.0,6.0,0.8696825154081719,4.0,0.0,0.0,1.0,0.0
8248.0,add,0.8645604557060138,2781.0,6.0,0.8696825154081719,4.0,0.0,0.0,2.0,0.0
8249.0,delete,0.30276636134333024,2781.0,6.0,0.8696825154081719,3.0,0.0,0.0,1.0,0.0
8250.0,swap,0.2988705665448435,2781.0,6.0,0.8696825154081719,3.0,0.0,0.0,2.0,0.0
8251.0,change,0.858045746934309,2782.0,4.0,0.739372894684476,4.0,0.0,0.0,2.0,0.0
8252.0,change,0.858045746934309,2783.0,5.0,0.858045746934309,4.0,0.0,0.0,2.0,0.0
8253.0,add,0.8390105616904175,2783.0,5.0,0.858045746934309,4.0,0.0,0.0,3.0,0.0
8254.0,delete,0.8696825154081719,2783.0,5.0,0.858045746934309,4.0,0.0,0.0,1.0,0.0
8255.0,swap,0.8645604557060138,2783.0,5.0,0.858045746934309,4.0,0.0,0.0,2.0,0.0
8256.0,delete,0.8696825154081719,2784.0,6.0,0.8696825154081719,4.0,0.0,0.0,1.0,0.0
8257.0,add,0.4663826392436614,2784.0,6.0,0.8696825154081719,4.0,0.0,1.0,1.0,0.0
8258.0,delete,0.30276636134333024,2784.0,6.0,0.8696825154081719,3.0,0.0,0.0,1.0,0.0
8259.0,swap,0.8684525127287878,2784.0,6.0,0.8696825154081719,4.0,0.0,0.0,1.0,0.0
8260.0,change,0.8696825154081719,2785.0,3.0,0.6421536558301041,4.0,0.0,0.0,1.0,1.0
8261.0,change,0.8696825154081719,2786.0,4.0,0.8696825154081719,4.0,0.0,0.0,1.0,1.0
8262.0,add,0.8645604557060138,2786.0,4.0,0.8696825154081719,4.0,0.0,0.0,2.0,1.0
8263.0,delete,0.08170900572249233,2786.0,4.0,0.8696825154081719,3.0,0.0,0.0,1.0,1.0
8264.0,swap,0.11682971704228412,2786.0,4.0,0.8696825154081719,3.0,0.0,0.0,1.0,2.0
8265.0,swap,0.8645604557060138,2787.0,6.0,0.8645604557060138,4.0,0.0,0.0,2.0,0.0
8266.0,add,0.8645604557060138,2787.0,6.0,0.8645604557060138,4.0,1.0,0.0,2.0,0.0
8267.0,delete,0.26659909213401567,2787.0,6.0,0.8645604557060138,3.0,0.0,0.0,2.0,0.0
8268.0,swap,0.031201217209944173,2787.0,6.0,0.8645604557060138,3.0,0.0,1.0,2.0,0.0
8269.0,swap,0.8696825154081772,2788.0,6.0,0.8696825154081719,4.0,1.0,0.0,1.0,0.0
8270.0,add,0.8696825154081719,2788.0,6.0,0.8696825154081719,4.0,1.0,0.0,1.0,1.0
8271.0,delete,0.26659909213401567,2788.0,6.0,0.8696825154081719,3.0,1.0,0.0,1.0,0.0
8272.0,swap,0.04964433618239492,2788.0,6.0,0.8696825154081719,3.0,2.0,0.0,1.0,0.0
8273.0,swap,0.8696825154081719,2789.0,5.0,0.8696825154081753,4.0,1.0,0.0,1.0,0.0
8274.0,add,0.8696825154081719,2789.0,5.0,0.8696825154081753,4.0,2.0,0.0,1.0,0.0
8275.0,delete,0.30276636134333035,2789.0,5.0,0.8696825154081753,3.0,1.0,0.0,1.0,0.0
8276.0,swap,0.26659909213401595,2789.0,5.0,0.8696825154081753,3.0,2.0,0.0,1.0,0.0
8277.0,add,0.858045746934309,2790.0,5.0,0.858045746934309,4.0,0.0,0.0,2.0,0.0
8278.0,add,0.186242720197887,2790.0,5.0,0.858045746934309,4.0,0.0,1.0,2.0,0.0
8279.0,delete,0.2988705665448435,2790.0,5.0,0.858045746934309,3.0,0.0,0.0,2.0,0.0
8280.0,swap,0.19295246537731153,2790.0,5.0,0.858045746934309,3.0,0.0,1.0,2.0,0.0
8281.0,add,0.8645604557060099,2791.0,5.0,0.8645604557060099,4.0,1.0,0.0,2.0,0.0
8282.0,add,0.8645604557060099,2791.0,5.0,0.8645604557060099,4.0,1.0,0.0,2.0,1.0
8283.0,delete,0.26659909213401567,2791.0,5.0,0.8645604557060099,3.0,1.0,0.0,2.0,0.0
8284.0,swap,0.37644360627482093,2791.0,5.0,0.8645604557060099,3.0,1.0,1.0,2.0,0.0
8285.0,add,0.8582295547319955,2792.0,4.0,0.7263361320226996,4.0,1.0,1.0,1.0,0.0
8286.0,add,0.8582295547319955,2793.0,5.0,0.8582295547319955,4.0,1.0,1.0,1.0,0.0
8287.0,add,0.5969172619538529,2793.0,5.0,0.8582295547319955,4.0,1.0,2.0,1.0,0.0
8288.0,delete,0.2631098320061867,2793.0,5.0,0.8582295547319955,3.0,1.0,1.0,1.0,0.0
8289.0,swap,0.2407449133153724,2793.0,5.0,0.8582295547319955,3.0,1.0,2.0,1.0,0.0
8290.0,change,0.8645604557060138,2794.0,3.0,0.5862623297772375,4.0,0.0,0.0,2.0,0.0
8291.0,change,0.8645604557060138,2795.0,4.0,0.8645604557060138,4.0,0.0,0.0,2.0,0.0
8292.0,add,0.8645604557060105,2795.0,4.0,0.8645604557060138,4.0,1.0,0.0,2.0,0.0
8293.0,delete,0.2650289370000912,2795.0,4.0,0.8645604557060138,3.0,0.0,0.0,2.0,0.0
8294.0,swap,0.8645604557060148,2795.0,4.0,0.8645604557060138,4.0,0.0,0.0,2.0,0.0
8295.0,swap,0.8645604557060148,2796.0,5.0,0.8645604557060148,4.0,0.0,0.0,2.0,0.0
8296.0,add,0.08661072957587918,2796.0,5.0,0.8645604557060148,4.0,0.0,1.0,2.0,0.0
8297.0,delete,0.3023032915018151,2796.0,5.0,0.8645604557060148,3.0,0.0,0.0,2.0,0.0
8298.0,swap,0.26659909213401584,2796.0,5.0,0.8645604557060148,3.0,0.0,0.0,3.0,0.0
8299.0,change,0.873597849947558,2797.0,4.0,0.873597849947558,4.0,1.0,0.0,0.0,0.0
8300.0,add,0.58221383393799,2797.0,4.0,0.873597849947558,4.0,1.0,1.0,0.0,0.0
8301.0,delete,0.2677858814627575,2797.0,4.0,0.873597849947558,3.0,1.0,0.0,0.0,0.0
8302.0,swap,0.2677858814627575,2797.0,4.0,0.873597849947558,3.0,1.0,0.0,0.0,1.0
8303.0,change,0.8684525127287878,2798.0,4.0,0.8684525127287878,4.0,0.0,0.0,1.0,0.0
8304.0,add,0.866164230387068,2798.0,4.0,0.8684525127287878,4.0,0.0,0.0,1.0,1.0
8305.0,delete,0.30230329150181523,2798.0,4.0,0.8684525127287878,3.0,0.0,0.0,1.0,0.0
8306.0,swap,0.873597849947558,2798.0,4.0,0.8684525127287878,4.0,1.0,0.0,0.0,0.0
8307.0,change,0.8684525127287878,2799.0,3.0,0.7557940794588034,4.0,0.0,0.0,1.0,0.0
8308.0,change,0.8684525127287878,2800.0,4.0,0.8684525127287878,4.0,0.0,0.0,1.0,0.0
8309.0,add,0.8684525127287878,2800.0,4.0,0.8684525127287878,4.0,1.0,0.0,1.0,0.0
8310.0,delete,0.2662086698628963,2800.0,4.0,0.8684525127287878,3.0,0.0,0.0,1.0,0.0
8311.0,swap,0.031602025135940716,2800.0,4.0,0.8684525127287878,3.0,1.0,0.0,1.0,0.0
8312.0,add,0.8684525127287878,2801.0,5.0,0.8684525127287878,4.0,0.0,0.0,1.0,1.0
8313.0,add,0.8684525127287878,2801.0,5.0,0.8684525127287878,4.0,0.0,0.0,1.0,2.0
8314.0,delete,0.11663505098597605,2801.0,5.0,0.8684525127287878,3.0,0.0,0.0,1.0,1.0
8315.0,swap,0.8532479788325797,2801.0,5.0,0.8684525127287878,4.0,0.0,0.0,2.0,0.0
8316.0,change,0.8684525127287878,2802.0,3.0,0.6438367770990102,4.0,0.0,0.0,1.0,0.0
8317.0,change,0.8684525127287878,2803.0,4.0,0.8684525127287878,4.0,0.0,0.0,1.0,0.0
8318.0,add,0.8684525127287896,2803.0,4.0,0.8684525127287878,4.0,1.0,0.0,1.0,0.0
8319.0,delete,0.30230329150181523,2803.0,4.0,0.8684525127287878,3.0,0.0,0.0,1.0,0.0
8320.0,swap,0.26620866986289615,2803.0,4.0,0.8684525127287878,3.0,1.0,0.0,1.0,0.0
8321.0,add,0.8684525127287896,2804.0,4.0,0.7150481136009837,4.0,1.0,0.0,1.0,0.0
8322.0,add,0.8684525127287906,2805.0,5.0,0.8684525127287896,4.0,1.0,0.0,1.0,0.0
8323.0,add,0.8684525127287892,2805.0,5.0,0.8684525127287896,4.0,2.0,0.0,1.0,0.0
8324.0,delete,0.873597849947558,2805.0,5.0,0.8684525127287896,4.0,1.0,0.0,0.0,0.0
8325.0,swap,0.8696825154081719,2805.0,5.0,0.8684525127287896,4.0,1.0,0.0,1.0,0.0
8326.0,delete,0.873597849947558,2806.0,6.0,0.873597849947558,4.0,1.0,0.0,0.0,0.0
8327.0,add,0.09552579360346193,2806.0,6.0,0.873597849947558,4.0,1.0,1.0,0.0,0.0
8328.0,delete,0.2677858814627575,2806.0,6.0,0.873597849947558,3.0,1.0,0.0,0.0,0.0
8329.0,swap,0.08208499862389865,2806.0,6.0,0.873597849947558,3.0,1.0,0.0,0.0,1.0
8330.0,add,0.8684525127287878,2807.0,5.0,0.8684525127287878,4.0,1.0,0.0,1.0,1.0
8331.0,add,0.8532479788325802,2807.0,5.0,0.8684525127287878,4.0,1.0,0.0,2.0,1.0
8332.0,delete,0.873597849947558,2807.0,5.0,0.8684525127287878,4.0,1.0,0.0,0.0,1.0
8333.0,swap,0.11663505098597615,2807.0,5.0,0.8684525127287878,3.0,1.0,0.0,1.0,2.0
8334.0,add,0.873597849947558,2808.0,5.0,0.873597849947558,4.0,0.0,0.0,0.0,3.0
8335.0,delete,0.11731916609425042,2808.0,5.0,0.873597849947558,3.0,0.0,0.0,0.0,2.0
8336.0,swap,0.873597849947558,2808.0,5.0,0.873597849947558,4.0,0.0,0.0,0.0,2.0
8337.0,add,0.7787845216292983,2809.0,5.0,0.7787845216292983,4.0,1.0,1.0,0.0,1.0
8338.0,add,0.7787845216292983,2809.0,5.0,0.7787845216292983,4.0,2.0,1.0,0.0,1.0
8339.0,delete,0.778784521629294,2809.0,5.0,0.7787845216292983,4.0,0.0,1.0,0.0,1.0
8340.0,swap,0.8696825154081753,2809.0,5.0,0.7787845216292983,4.0,1.0,0.0,1.0,1.0
8341.0,add,0.873597849947558,2810.0,1.0,0.6291506252452047,4.0,1.0,0.0,0.0,0.0
8342.0,add,0.873597849947558,2811.0,2.0,0.873597849947558,4.0,1.0,0.0,0.0,0.0
8343.0,add,0.873597849947558,2811.0,2.0,0.873597849947558,4.0,1.0,0.0,0.0,1.0
8344.0,delete,0.3040764312848323,2811.0,2.0,0.873597849947558,3.0,1.0,0.0,0.0,0.0
8345.0,swap,0.3040764312848323,2811.0,2.0,0.873597849947558,3.0,1.0,0.0,0.0,1.0
8346.0,add,0.2883660036577419,2812.0,4.0,0.3674452908539976,4.0,0.0,1.0,0.0,2.0
8347.0,add,0.3668649597826996,2812.0,4.0,0.3674452908539976,4.0,0.0,1.0,1.0,2.0
8348.0,delete,0.3674452908539976,2812.0,4.0,0.3674452908539976,4.0,0.0,1.0,0.0,1.0
8349.0,swap,0.1282795063541596,2812.0,4.0,0.3674452908539976,3.0,0.0,1.0,1.0,2.0
8350.0,add,0.8475868395113116,2813.0,5.0,0.8630829025710655,4.0,0.0,1.0,0.0,1.0
8351.0,add,0.18320089004131457,2813.0,5.0,0.8630829025710655,4.0,0.0,2.0,0.0,1.0
8352.0,delete,0.23264871308706433,2813.0,5.0,0.8630829025710655,3.0,0.0,1.0,0.0,1.0
8353.0,swap,0.26461207953466953,2813.0,5.0,0.8630829025710655,3.0,0.0,1.0,1.0,1.0
8354.0,add,0.8594685627545062,2814.0,6.0,0.8594685627545062,4.0,0.0,0.0,2.0,3.0
8355.0,add,0.8775655876026833,2814.0,6.0,0.8594685627545062,4.0,1.0,0.0,2.0,3.0
8356.0,delete,0.8594685627545062,2814.0,6.0,0.8594685627545062,4.0,0.0,0.0,2.0,2.0
8357.0,swap,0.8696825154081719,2814.0,6.0,0.8594685627545062,4.0,0.0,0.0,1.0,4.0
8358.0,add,0.8594685627545029,2815.0,5.0,0.8651307582548748,4.0,0.0,0.0,3.0,2.0
8359.0,add,0.8745875268793664,2816.0,7.0,0.8775655876026833,4.0,1.0,0.0,2.0,3.0
8360.0,add,0.0872150894067486,2816.0,7.0,0.8775655876026833,4.0,1.0,1.0,2.0,3.0
8361.0,delete,0.8775655876026833,2816.0,7.0,0.8775655876026833,4.0,1.0,0.0,2.0,2.0
8362.0,swap,0.8696825154081743,2816.0,7.0,0.8775655876026833,4.0,2.0,0.0,1.0,3.0
8363.0,swap,0.8696825154081719,2817.0,7.0,0.8696825154081719,4.0,0.0,0.0,1.0,4.0
8364.0,add,0.19269308109671768,2817.0,7.0,0.8696825154081719,4.0,0.0,1.0,1.0,4.0
8365.0,delete,0.26659909213401567,2817.0,7.0,0.8696825154081719,3.0,0.0,0.0,1.0,4.0
8366.0,swap,0.0916272456234025,2817.0,7.0,0.8696825154081719,3.0,1.0,0.0,1.0,4.0
8367.0,change,0.8684525127287878,2818.0,4.0,0.864388599531491,4.0,0.0,0.0,1.0,2.0
8368.0,change,0.8684525127287878,2819.0,5.0,0.8684525127287878,4.0,0.0,0.0,1.0,2.0
8369.0,add,0.866164230387068,2819.0,5.0,0.8684525127287878,4.0,0.0,0.0,1.0,3.0
8370.0,delete,0.8684525127287878,2819.0,5.0,0.8684525127287878,4.0,0.0,0.0,1.0,1.0
8371.0,swap,0.8684525127287878,2819.0,5.0,0.8684525127287878,4.0,0.0,0.0,1.0,2.0
8372.0,add,0.5326816849076343,2820.0,4.0,0.4961873897120491,4.0,0.0,1.0,0.0,2.0
8373.0,add,0.49574510889658624,2820.0,4.0,0.4961873897120491,4.0,0.0,2.0,0.0,2.0
8374.0,delete,0.4961873897120491,2820.0,4.0,0.4961873897120491,4.0,0.0,1.0,0.0,1.0
8375.0,swap,0.8015365274231773,2820.0,4.0,0.4961873897120491,3.0,0.0,1.0,0.0,3.0
8376.0,change,0.8684525127287878,2821.0,6.0,0.8684525127287878,4.0,0.0,0.0,1.0,2.0
8377.0,add,0.8645604557060148,2821.0,6.0,0.8684525127287878,4.0,0.0,0.0,2.0,2.0
8378.0,delete,0.8684525127287878,2821.0,6.0,0.8684525127287878,4.0,0.0,0.0,1.0,1.0
8379.0,swap,0.30230329150181523,2821.0,6.0,0.8684525127287878,3.0,0.0,0.0,1.0,3.0
8380.0,add,0.873597849947558,2822.0,2.0,0.6116665800706249,4.0,0.0,0.0,0.0,2.0
8381.0,add,0.873597849947558,2823.0,3.0,0.873597849947558,4.0,1.0,0.0,0.0,2.0
8382.0,delete,0.873597849947558,2823.0,3.0,0.873597849947558,4.0,0.0,0.0,0.0,1.0
8383.0,swap,0.09705382176133992,2823.0,3.0,0.873597849947558,4.0,0.0,1.0,0.0,1.0
8384.0,add,0.873597849947558,2824.0,4.0,0.873597849947558,4.0,0.0,0.0,0.0,2.0
8385.0,delete,0.873597849947558,2824.0,4.0,0.873597849947558,4.0,0.0,0.0,0.0,0.0
8386.0,swap,0.2677858814627575,2824.0,4.0,0.873597849947558,3.0,0.0,0.0,1.0,1.0
8387.0,delete,0.2677858814627575,2825.0,3.0,0.7221448578263578,3.0,0.0,0.0,0.0,2.0
8388.0,change,0.8684525127287878,2826.0,4.0,0.8261204322589341,4.0,0.0,0.0,1.0,2.0
8389.0,change,0.8684525127287878,2827.0,5.0,0.8684525127287878,4.0,0.0,0.0,1.0,2.0
8390.0,add,0.8645604557060138,2827.0,5.0,0.8684525127287878,4.0,0.0,0.0,2.0,2.0
8391.0,delete,0.30230329150181523,2827.0,5.0,0.8684525127287878,3.0,0.0,0.0,1.0,2.0
8392.0,swap,0.8684525127287878,2827.0,5.0,0.8684525127287878,4.0,0.0,0.0,1.0,2.0
8393.0,delete,0.8684525127287878,2828.0,6.0,0.8684525127287878,4.0,0.0,0.0,1.0,1.0
8394.0,add,0.8532479788325797,2828.0,6.0,0.8684525127287878,4.0,0.0,0.0,2.0,1.0
8395.0,delete,0.30230329150181523,2828.0,6.0,0.8684525127287878,3.0,0.0,0.0,1.0,1.0
8396.0,swap,0.8696825154081719,2828.0,6.0,0.8684525127287878,4.0,0.0,0.0,1.0,1.0
8397.0,add,0.873597849947558,2829.0,3.0,0.873597849947558,4.0,1.0,0.0,0.0,0.0
8398.0,add,0.1453119848563477,2829.0,3.0,0.873597849947558,4.0,1.0,1.0,0.0,0.0
8399.0,delete,0.2677858814627575,2829.0,3.0,0.873597849947558,3.0,1.0,0.0,0.0,0.0
8400.0,swap,0.5975953098341757,2829.0,3.0,0.873597849947558,4.0,0.0,1.0,0.0,0.0
8401.0,swap,0.8633374806385117,2830.0,6.0,0.8633374806385117,4.0,0.0,0.0,2.0,1.0
8402.0,add,0.8482224987646151,2830.0,6.0,0.8633374806385117,4.0,0.0,0.0,3.0,1.0
8403.0,delete,0.1165079460117093,2830.0,6.0,0.8633374806385117,3.0,0.0,0.0,2.0,1.0
8404.0,swap,0.8633374806385117,2830.0,6.0,0.8633374806385117,4.0,0.0,0.0,2.0,1.0
8405.0,add,0.873597849947558,2831.0,3.0,0.7061061558687635,4.0,0.0,0.0,0.0,3.0
8406.0,add,0.873597849947558,2832.0,5.0,0.873597849947558,4.0,0.0,0.0,0.0,3.0
8407.0,delete,0.873597849947558,2832.0,5.0,0.873597849947558,4.0,0.0,0.0,0.0,1.0
8408.0,swap,0.09694341702968949,2832.0,5.0,0.873597849947558,3.0,1.0,0.0,0.0,2.0
8409.0,add,0.8684525127287878,2833.0,4.0,0.873597849947558,4.0,0.0,0.0,1.0,3.0
8410.0,delete,0.3040764312848323,2833.0,4.0,0.873597849947558,3.0,0.0,0.0,0.0,3.0
8411.0,swap,0.08208499862389865,2833.0,4.0,0.873597849947558,3.0,1.0,0.0,0.0,3.0
8412.0,add,0.8684525127287878,2834.0,6.0,0.8684525127287878,4.0,0.0,0.0,1.0,2.0
8413.0,add,0.8684525127287896,2834.0,6.0,0.8684525127287878,4.0,1.0,0.0,1.0,2.0
8414.0,delete,0.2677858814627575,2834.0,6.0,0.8684525127287878,3.0,0.0,0.0,1.0,2.0
8415.0,swap,0.2650289370000912,2834.0,6.0,0.8684525127287878,3.0,0.0,0.0,2.0,2.0
8416.0,add,0.866164230387068,2835.0,5.0,0.866164230387068,4.0,0.0,0.0,1.0,3.0
8417.0,add,0.7628579203047446,2835.0,5.0,0.866164230387068,4.0,0.0,1.0,1.0,3.0
8418.0,delete,0.866164230387068,2835.0,5.0,0.866164230387068,4.0,0.0,0.0,1.0,2.0
8419.0,swap,0.029060980977620283,2835.0,5.0,0.866164230387068,3.0,1.0,0.0,1.0,3.0
8420.0,delete,0.8684525127287878,2836.0,6.0,0.8684525127287878,4.0,0.0,0.0,1.0,1.0
8421.0,add,0.8645604557060148,2836.0,6.0,0.8684525127287878,4.0,0.0,0.0,2.0,1.0
8422.0,delete,0.8684525127287878,2836.0,6.0,0.8684525127287878,4.0,0.0,0.0,1.0,0.0
8423.0,swap,0.023160422260656864,2836.0,6.0,0.8684525127287878,3.0,0.0,1.0,1.0,1.0
8424.0,add,0.866164230387068,2837.0,6.0,0.866164230387068,4.0,0.0,0.0,1.0,3.0
8425.0,add,0.8662349016366301,2837.0,6.0,0.866164230387068,4.0,0.0,0.0,1.0,4.0
8426.0,delete,0.30230329150181523,2837.0,6.0,0.866164230387068,3.0,0.0,0.0,1.0,3.0
8427.0,swap,0.8684525127287878,2837.0,6.0,0.866164230387068,4.0,1.0,0.0,1.0,2.0
8428.0,change,0.8684525127287878,2838.0,4.0,0.73642306987546,4.0,0.0,0.0,1.0,2.0
8429.0,change,0.8684525127287878,2839.0,5.0,0.8684525127287878,4.0,0.0,0.0,1.0,2.0
8430.0,add,0.8684525127287882,2839.0,5.0,0.8684525127287878,4.0,1.0,0.0,1.0,2.0
8431.0,delete,0.30230329150181523,2839.0,5.0,0.8684525127287878,3.0,0.0,0.0,1.0,2.0
8432.0,swap,0.30230329150181523,2839.0,5.0,0.8684525127287878,3.0,0.0,0.0,1.0,3.0
8433.0,add,0.8532479788325797,2840.0,6.0,0.8532479788325797,4.0,0.0,0.0,2.0,2.0
8434.0,add,0.4183043437752021,2840.0,6.0,0.8532479788325797,4.0,0.0,1.0,2.0,2.0
8435.0,delete,0.2615479904531755,2840.0,6.0,0.8532479788325797,3.0,0.0,0.0,2.0,2.0
8436.0,swap,0.2970630270086261,2840.0,6.0,0.8532479788325797,3.0,0.0,0.0,2.0,3.0
8437.0,change,0.8684525127287878,2841.0,5.0,0.7544442570788388,4.0,0.0,0.0,1.0,2.0
8438.0,change,0.8684525127287878,2842.0,6.0,0.8684525127287878,4.0,0.0,0.0,1.0,2.0
8439.0,add,0.8684525127287896,2842.0,6.0,0.8684525127287878,4.0,1.0,0.0,1.0,2.0
8440.0,delete,0.8684525127287878,2842.0,6.0,0.8684525127287878,4.0,0.0,0.0,1.0,1.0
8441.0,swap,0.8684525127287878,2842.0,6.0,0.8684525127287878,4.0,0.0,0.0,1.0,2.0
8442.0,add,0.8684525127287878,2843.0,7.0,0.8684525127287896,4.0,1.0,0.0,1.0,2.0
8443.0,add,0.8684525127287896,2843.0,7.0,0.8684525127287896,4.0,2.0,0.0,1.0,2.0
8444.0,delete,0.8684525127287878,2843.0,7.0,0.8684525127287896,4.0,0.0,0.0,1.0,2.0
8445.0,swap,0.13976809405364385,2843.0,7.0,0.8684525127287896,3.0,2.0,0.0,1.0,2.0
8446.0,add,0.08483014512956978,2844.0,2.0,0.6393968176655149,4.0,0.0,1.0,0.0,1.0
8447.0,change,0.8684525127287878,2845.0,5.0,0.7756863915198673,4.0,0.0,0.0,1.0,2.0
8448.0,change,0.8684525127287878,2846.0,6.0,0.8684525127287878,4.0,0.0,0.0,1.0,2.0
8449.0,add,0.8645604557060148,2846.0,6.0,0.8684525127287878,4.0,0.0,0.0,2.0,2.0
8450.0,delete,0.873597849947558,2846.0,6.0,0.8684525127287878,4.0,0.0,0.0,0.0,2.0
8451.0,swap,0.04436144177290665,2846.0,6.0,0.8684525127287878,3.0,0.0,0.0,1.0,3.0
8452.0,add,0.23395589620712134,2847.0,4.0,0.22534282807155237,4.0,0.0,1.0,0.0,2.0
8453.0,add,0.22534282807155237,2847.0,4.0,0.22534282807155237,4.0,0.0,1.0,0.0,3.0
8454.0,delete,0.22534282807155237,2847.0,4.0,0.22534282807155237,4.0,0.0,1.0,0.0,1.0
8455.0,swap,0.8376563839432529,2847.0,4.0,0.22534282807155237,4.0,0.0,1.0,0.0,2.0
8456.0,add,0.08209892195445398,2848.0,3.0,0.08209088041831795,4.0,0.0,1.0,0.0,1.0
8457.0,add,0.7473157853612454,2848.0,3.0,0.08209088041831795,4.0,0.0,2.0,0.0,1.0
8458.0,delete,0.029255868460876223,2848.0,3.0,0.08209088041831795,3.0,0.0,1.0,0.0,1.0
8459.0,swap,0.07582313257990218,2848.0,3.0,0.08209088041831795,3.0,1.0,1.0,0.0,1.0
8460.0,add,0.8684525127287878,2849.0,5.0,0.7538638333282739,4.0,1.0,0.0,1.0,2.0
8461.0,add,0.8684525127287878,2850.0,6.0,0.8684525127287878,4.0,1.0,0.0,1.0,2.0
8462.0,add,0.8684525127287901,2850.0,6.0,0.8684525127287878,4.0,2.0,0.0,1.0,2.0
8463.0,delete,0.3023032915018157,2850.0,6.0,0.8684525127287878,3.0,1.0,0.0,1.0,2.0
8464.0,swap,0.8684525127287878,2850.0,6.0,0.8684525127287878,4.0,1.0,0.0,1.0,2.0
8465.0,add,0.09461230025842467,2851.0,4.0,0.6780823184887138,4.0,0.0,1.0,1.0,2.0
8466.0,swap,0.8684525127287878,2852.0,7.0,0.8684525127287878,4.0,1.0,0.0,1.0,2.0
8467.0,add,0.8684525127287878,2852.0,7.0,0.8684525127287878,4.0,2.0,0.0,1.0,2.0
8468.0,delete,0.8684525127287878,2852.0,7.0,0.8684525127287878,4.0,0.0,0.0,1.0,2.0
8469.0,swap,0.30230329150181545,2852.0,7.0,0.8684525127287878,3.0,2.0,0.0,1.0,2.0
8470.0,add,0.873597849947558,2853.0,3.0,0.873597849947558,4.0,1.0,0.0,0.0,1.0
8471.0,add,0.873597849947558,2853.0,3.0,0.873597849947558,4.0,1.0,0.0,0.0,2.0
8472.0,delete,0.11731916609425042,2853.0,3.0,0.873597849947558,3.0,1.0,0.0,0.0,1.0
8473.0,swap,0.26659909213401567,2853.0,3.0,0.873597849947558,3.0,1.0,0.0,1.0,1.0
8474.0,delete,0.8684525127287878,2854.0,7.0,0.8684525127287878,4.0,0.0,0.0,1.0,1.0
8475.0,add,0.8684525127287878,2854.0,7.0,0.8684525127287878,4.0,0.0,0.0,1.0,2.0
8476.0,delete,0.30230329150181523,2854.0,7.0,0.8684525127287878,3.0,0.0,0.0,1.0,1.0
8477.0,swap,0.30230329150181523,2854.0,7.0,0.8684525127287878,3.0,1.0,0.0,1.0,1.0
8478.0,add,0.873597849947558,2855.0,3.0,0.6636220458431931,4.0,0.0,0.0,0.0,3.0
8479.0,add,0.18394908625025638,2856.0,4.0,0.873597849947558,4.0,0.0,1.0,0.0,3.0
8480.0,delete,0.3040764312848323,2856.0,4.0,0.873597849947558,3.0,0.0,0.0,0.0,3.0
8481.0,swap,0.873597849947558,2856.0,4.0,0.873597849947558,4.0,1.0,0.0,0.0,2.0
8482.0,add,0.8633374806385117,2857.0,5.0,0.7466495241961796,4.0,0.0,0.0,2.0,2.0
8483.0,add,0.8633374806385117,2858.0,6.0,0.8633374806385117,4.0,0.0,0.0,2.0,2.0
8484.0,add,0.8594685627545048,2858.0,6.0,0.8633374806385117,4.0,0.0,0.0,3.0,2.0
8485.0,delete,0.8684525127287878,2858.0,6.0,0.8633374806385117,4.0,0.0,0.0,1.0,2.0
8486.0,swap,0.5175906984672544,2858.0,6.0,0.8633374806385117,4.0,0.0,1.0,1.0,2.0
8487.0,delete,0.8684525127287878,2859.0,7.0,0.8684525127287878,4.0,0.0,0.0,1.0,2.0
8488.0,add,0.3631007472408724,2859.0,7.0,0.8684525127287878,4.0,0.0,1.0,1.0,2.0
8489.0,delete,0.30230329150181523,2859.0,7.0,0.8684525127287878,3.0,0.0,0.0,1.0,2.0
8490.0,swap,0.3023032915018151,2859.0,7.0,0.8684525127287878,3.0,0.0,0.0,2.0,2.0
8491.0,swap,0.8684525127287878,2860.0,6.0,0.8684525127287878,4.0,0.0,0.0,1.0,2.0
8492.0,add,0.866164230387068,2860.0,6.0,0.8684525127287878,4.0,0.0,0.0,1.0,3.0
8493.0,delete,0.8684525127287878,2860.0,6.0,0.8684525127287878,4.0,0.0,0.0,1.0,1.0
8494.0,swap,0.45129765515181225,2860.0,6.0,0.8684525127287878,4.0,0.0,1.0,0.0,2.0
8495.0,swap,0.22620497711346862,2861.0,5.0,0.7845638847450488,3.0,1.0,0.0,1.0,2.0
8496.0,add,0.873597849947558,2862.0,4.0,0.873597849947558,4.0,1.0,0.0,0.0,2.0
8497.0,add,0.8696825154081772,2862.0,4.0,0.873597849947558,4.0,1.0,0.0,1.0,2.0
8498.0,delete,0.873597849947558,2862.0,4.0,0.873597849947558,4.0,0.0,0.0,0.0,2.0
8499.0,swap,0.015034001590036506,2862.0,4.0,0.873597849947558,3.0,1.0,1.0,0.0,2.0
8500.0,delete,0.8684525127287878,2863.0,7.0,0.8684525127287878,4.0,0.0,0.0,1.0,1.0
8501.0,add,0.8633374806385117,2863.0,7.0,0.8684525127287878,4.0,0.0,0.0,1.0,2.0
8502.0,delete,0.873597849947558,2863.0,7.0,0.8684525127287878,4.0,0.0,0.0,0.0,1.0
8503.0,swap,0.8684525127287878,2863.0,7.0,0.8684525127287878,4.0,1.0,0.0,1.0,0.0
8504.0,delete,0.30230329150181523,2864.0,6.0,0.8684585737544867,3.0,0.0,0.0,1.0,2.0
8505.0,add,0.873597849947558,2865.0,3.0,0.7011020133681776,4.0,0.0,0.0,0.0,3.0
8506.0,add,0.8696825154081719,2866.0,4.0,0.873597849947558,4.0,0.0,0.0,1.0,3.0
8507.0,delete,0.873597849947558,2866.0,4.0,0.873597849947558,4.0,0.0,0.0,0.0,2.0
8508.0,swap,0.2677858814627577,2866.0,4.0,0.873597849947558,3.0,1.0,0.0,0.0,3.0
8509.0,change,0.873597849947558,2867.0,2.0,0.5515777752096793,4.0,1.0,0.0,0.0,0.0
8510.0,change,0.873597849947558,2868.0,3.0,0.873597849947558,4.0,1.0,0.0,0.0,0.0
8511.0,add,0.8696825154081753,2868.0,3.0,0.873597849947558,4.0,1.0,0.0,1.0,0.0
8512.0,delete,0.3040764312848323,2868.0,3.0,0.873597849947558,3.0,1.0,0.0,0.0,0.0
8513.0,swap,0.2677858814627581,2868.0,3.0,0.873597849947558,3.0,1.0,0.0,1.0,0.0
8514.0,add,0.14473787159989296,2869.0,5.0,0.873597849947558,4.0,0.0,1.0,0.0,2.0
8515.0,delete,0.3040764312848323,2869.0,5.0,0.873597849947558,3.0,0.0,0.0,0.0,2.0
8516.0,swap,0.12269256190414145,2869.0,5.0,0.873597849947558,3.0,0.0,1.0,0.0,2.0
8517.0,swap,0.873597849947558,2870.0,5.0,0.873597849947558,4.0,1.0,0.0,0.0,0.0
8518.0,add,0.873597849947558,2870.0,5.0,0.873597849947558,4.0,1.0,0.0,0.0,1.0
8519.0,delete,0.2677858814627581,2870.0,5.0,0.873597849947558,3.0,1.0,0.0,0.0,0.0
8520.0,swap,0.11731916609425053,2870.0,5.0,0.873597849947558,3.0,1.0,0.0,0.0,1.0
8521.0,swap,0.873597849947558,2871.0,6.0,0.8694815801725421,4.0,1.0,0.0,0.0,1.0
8522.0,add,0.11731916609425042,2872.0,4.0,0.11731916609425042,3.0,0.0,0.0,0.0,3.0
8523.0,delete,0.2677858814627575,2872.0,4.0,0.11731916609425042,3.0,0.0,0.0,0.0,1.0
8524.0,swap,0.09431537009970281,2872.0,4.0,0.11731916609425042,2.0,1.0,0.0,0.0,2.0
8525.0,delete,0.8684525127287878,2873.0,6.0,0.8684525127287878,4.0,0.0,0.0,1.0,1.0
8526.0,add,0.8684525127287896,2873.0,6.0,0.8684525127287878,4.0,1.0,0.0,1.0,1.0
8527.0,delete,0.8684525127287878,2873.0,6.0,0.8684525127287878,4.0,0.0,0.0,1.0,0.0
8528.0,swap,0.2312335047618197,2873.0,6.0,0.8684525127287878,3.0,0.0,1.0,1.0,1.0
8529.0,change,0.8684525127287878,2874.0,3.0,0.609814363447175,4.0,0.0,0.0,1.0,1.0
8530.0,change,0.8684525127287878,2875.0,4.0,0.8684525127287878,4.0,0.0,0.0,1.0,1.0
8531.0,add,0.8684525127287878,2875.0,4.0,0.8684525127287878,4.0,0.0,0.0,1.0,2.0
8532.0,delete,0.873597849947558,2875.0,4.0,0.8684525127287878,4.0,0.0,0.0,0.0,1.0
8533.0,swap,0.8532479788325797,2875.0,4.0,0.8684525127287878,4.0,0.0,0.0,2.0,0.0
8534.0,add,0.873597849947558,2876.0,5.0,0.873597849947558,4.0,1.0,0.0,0.0,1.0
8535.0,delete,0.873597849947558,2876.0,5.0,0.873597849947558,4.0,0.0,0.0,0.0,0.0
8536.0,swap,0.677981439055117,2876.0,5.0,0.873597849947558,4.0,0.0,1.0,0.0,0.0
8537.0,change,0.873597849947558,2877.0,4.0,0.873597849947558,4.0,1.0,0.0,0.0,0.0
8538.0,add,0.873597849947558,2877.0,4.0,0.873597849947558,4.0,1.0,0.0,0.0,1.0
8539.0,delete,0.3040764312848323,2877.0,4.0,0.873597849947558,3.0,1.0,0.0,0.0,0.0
8540.0,swap,0.8735978499475604,2877.0,4.0,0.873597849947558,4.0,1.0,0.0,0.0,0.0
8541.0,change,0.873597849947558,2878.0,2.0,0.633678527516199,4.0,1.0,0.0,0.0,0.0
8542.0,change,0.873597849947558,2879.0,3.0,0.873597849947558,4.0,1.0,0.0,0.0,0.0
8543.0,add,0.4512235528697909,2879.0,3.0,0.873597849947558,4.0,1.0,1.0,0.0,0.0
8544.0,delete,0.2677858814627581,2879.0,3.0,0.873597849947558,3.0,1.0,0.0,0.0,0.0
8545.0,swap,0.8684525127287878,2879.0,3.0,0.873597849947558,4.0,0.0,0.0,1.0,0.0
8546.0,change,0.873597849947558,2880.0,3.0,0.7596935662150134,4.0,1.0,0.0,0.0,0.0
8547.0,change,0.873597849947558,2881.0,4.0,0.873597849947558,4.0,1.0,0.0,0.0,0.0
8548.0,add,0.24772125686183816,2881.0,4.0,0.873597849947558,4.0,1.0,1.0,0.0,0.0
8549.0,delete,0.3040764312848323,2881.0,4.0,0.873597849947558,3.0,1.0,0.0,0.0,0.0
8550.0,swap,0.3040764312848323,2881.0,4.0,0.873597849947558,3.0,2.0,0.0,0.0,0.0
8551.0,add,0.8684525127287878,2882.0,5.0,0.8684525127287878,4.0,0.0,0.0,1.0,2.0
8552.0,add,0.8645604557060138,2882.0,5.0,0.8684525127287878,4.0,0.0,0.0,2.0,2.0
8553.0,delete,0.8684525127287878,2882.0,5.0,0.8684525127287878,4.0,0.0,0.0,1.0,1.0
8554.0,swap,0.033088756301117336,2882.0,5.0,0.8684525127287878,3.0,0.0,1.0,1.0,2.0
8555.0,add,0.873597849947558,2883.0,4.0,0.873597849947558,4.0,0.0,0.0,0.0,4.0
8556.0,delete,0.3040764312848323,2883.0,4.0,0.873597849947558,3.0,0.0,0.0,0.0,3.0
8557.0,swap,0.30276636134333024,2883.0,4.0,0.873597849947558,3.0,0.0,0.0,1.0,3.0
8558.0,delete,0.8684525127287878,2884.0,4.0,0.8246937472244478,4.0,0.0,0.0,1.0,0.0
8559.0,delete,0.8684525127287878,2885.0,5.0,0.8684525127287878,4.0,0.0,0.0,1.0,0.0
8560.0,add,0.866164230387068,2885.0,5.0,0.8684525127287878,4.0,0.0,0.0,1.0,1.0
8561.0,delete,0.873597849947558,2885.0,5.0,0.8684525127287878,4.0,0.0,0.0,0.0,0.0
8562.0,swap,0.11663505098597605,2885.0,5.0,0.8684525127287878,3.0,0.0,0.0,1.0,1.0
8563.0,change,0.8684525127287878,2886.0,5.0,0.8684525127287878,4.0,0.0,0.0,1.0,1.0
8564.0,add,0.8633374806385117,2886.0,5.0,0.8684525127287878,4.0,0.0,0.0,2.0,1.0
8565.0,delete,0.30230329150181523,2886.0,5.0,0.8684525127287878,3.0,0.0,0.0,1.0,1.0
8566.0,swap,0.08071739511129807,2886.0,5.0,0.8684525127287878,3.0,0.0,1.0,1.0,1.0
8567.0,add,0.873597849947558,2887.0,6.0,0.873597849947558,4.0,1.0,0.0,0.0,1.0
8568.0,add,0.873597849947558,2887.0,6.0,0.873597849947558,4.0,1.0,0.0,0.0,2.0
8569.0,delete,0.2677858814627581,2887.0,6.0,0.873597849947558,3.0,1.0,0.0,0.0,1.0
8570.0,swap,0.5565249457141062,2887.0,6.0,0.873597849947558,4.0,1.0,1.0,0.0,0.0
8571.0,delete,0.30230329150181523,2888.0,4.0,0.7279679748267653,3.0,0.0,0.0,1.0,1.0
8572.0,add,0.06986331266716819,2889.0,4.0,0.700601350038699,4.0,0.0,1.0,1.0,1.0
8573.0,add,0.8684525127287911,2890.0,3.0,0.5824772348768636,4.0,1.0,0.0,1.0,1.0
8574.0,add,0.8684525127287901,2891.0,4.0,0.8684525127287911,4.0,1.0,0.0,1.0,1.0
8575.0,add,0.8684525127287911,2891.0,4.0,0.8684525127287911,4.0,1.0,0.0,1.0,2.0
8576.0,delete,0.08208499862389865,2891.0,4.0,0.8684525127287911,3.0,1.0,0.0,1.0,1.0
8577.0,swap,0.026161709657134498,2891.0,4.0,0.8684525127287911,3.0,1.0,1.0,1.0,1.0
8578.0,swap,0.730238012888301,2892.0,6.0,0.6966996224664139,4.0,1.0,1.0,0.0,1.0
8579.0,add,0.6966996224664136,2892.0,6.0,0.6966996224664139,4.0,2.0,1.0,0.0,1.0
8580.0,delete,0.2141017397928783,2892.0,6.0,0.6966996224664139,3.0,1.0,1.0,0.0,1.0
8581.0,swap,0.1115245781217989,2892.0,6.0,0.6966996224664139,3.0,2.0,1.0,0.0,1.0
8582.0,add,0.8696825154081719,2893.0,4.0,0.7402239375480497,4.0,0.0,0.0,1.0,2.0
8583.0,add,0.8696825154081719,2894.0,5.0,0.8696825154081719,4.0,0.0,0.0,1.0,2.0
8584.0,add,0.8645604557060138,2894.0,5.0,0.8696825154081719,4.0,0.0,0.0,2.0,2.0
8585.0,delete,0.8696825154081719,2894.0,5.0,0.8696825154081719,4.0,0.0,0.0,1.0,1.0
8586.0,swap,0.8696825154081768,2894.0,5.0,0.8696825154081719,4.0,1.0,0.0,1.0,1.0
8587.0,add,0.8696825154081753,2895.0,4.0,0.8696825154081753,4.0,1.0,0.0,1.0,0.0
8588.0,add,0.858045746934309,2895.0,4.0,0.8696825154081753,4.0,1.0,0.0,2.0,0.0
8589.0,delete,0.2665990921340155,2895.0,4.0,0.8696825154081753,3.0,1.0,0.0,1.0,0.0
8590.0,swap,0.30027241797996623,2895.0,4.0,0.8696825154081753,3.0,2.0,0.0,1.0,0.0
8591.0,add,0.8696825154081719,2896.0,6.0,0.8696825154081719,4.0,0.0,0.0,1.0,2.0
8592.0,add,0.858045746934309,2896.0,6.0,0.8696825154081719,4.0,0.0,0.0,2.0,2.0
8593.0,delete,0.8696825154081719,2896.0,6.0,0.8696825154081719,4.0,0.0,0.0,1.0,1.0
8594.0,swap,0.08273128562952586,2896.0,6.0,0.8696825154081719,4.0,0.0,1.0,1.0,1.0
8595.0,add,0.30230329150181523,2897.0,4.0,0.3040764312848323,3.0,0.0,0.0,1.0,1.0
8596.0,delete,0.3040764312848323,2897.0,4.0,0.3040764312848323,3.0,0.0,0.0,0.0,0.0
8597.0,swap,0.06540043200926264,2897.0,4.0,0.3040764312848323,2.0,0.0,1.0,0.0,1.0
8598.0,add,0.8696825154081768,2898.0,4.0,0.7660394477470811,4.0,1.0,0.0,1.0,1.0
8599.0,add,0.8696825154081768,2899.0,5.0,0.8696825154081768,4.0,1.0,0.0,1.0,1.0
8600.0,add,0.8696825154081768,2899.0,5.0,0.8696825154081768,4.0,1.0,0.0,1.0,2.0
8601.0,delete,0.8696825154081768,2899.0,5.0,0.8696825154081768,4.0,1.0,0.0,1.0,0.0
8602.0,swap,0.21441685787105041,2899.0,5.0,0.8696825154081768,3.0,1.0,1.0,1.0,1.0
8603.0,delete,0.8696825154081719,2900.0,6.0,0.8696825154081719,4.0,0.0,0.0,1.0,1.0
8604.0,add,0.8657855661243155,2900.0,6.0,0.8696825154081719,4.0,0.0,0.0,2.0,1.0
8605.0,delete,0.17178633317317293,2900.0,6.0,0.8696825154081719,3.0,0.0,0.0,1.0,1.0
8606.0,swap,0.26659909213401567,2900.0,6.0,0.8696825154081719,3.0,0.0,0.0,2.0,1.0
8607.0,add,0.8696825154081753,2901.0,3.0,0.5578284803194233,4.0,1.0,0.0,1.0,1.0
8608.0,add,0.8696825154081719,2902.0,4.0,0.8696825154081753,4.0,1.0,0.0,1.0,1.0
8609.0,add,0.8696825154081753,2902.0,4.0,0.8696825154081753,4.0,1.0,0.0,1.0,2.0
8610.0,delete,0.2665990921340155,2902.0,4.0,0.8696825154081753,3.0,1.0,0.0,1.0,1.0
8611.0,swap,0.25389976356811583,2902.0,4.0,0.8696825154081753,3.0,1.0,1.0,1.0,1.0
8612.0,delete,0.8696825154081719,2903.0,6.0,0.8696825154081719,4.0,0.0,0.0,1.0,1.0
8613.0,add,0.08805890203567529,2903.0,6.0,0.8696825154081719,4.0,0.0,1.0,1.0,1.0
8614.0,delete,0.26659909213401567,2903.0,6.0,0.8696825154081719,3.0,0.0,0.0,1.0,1.0
8615.0,swap,0.04605029665766326,2903.0,6.0,0.8696825154081719,3.0,0.0,1.0,1.0,1.0
8616.0,add,0.873597849947558,2904.0,8.0,0.873597849947558,4.0,0.0,0.0,0.0,2.0
8617.0,delete,0.11731916609425042,2904.0,8.0,0.873597849947558,3.0,0.0,0.0,0.0,1.0
8618.0,swap,0.8684525127287878,2904.0,8.0,0.873597849947558,4.0,0.0,0.0,1.0,0.0
8619.0,add,0.8696825154081719,2905.0,5.0,0.8696825154081719,4.0,1.0,0.0,1.0,1.0
8620.0,add,0.8645604557060095,2905.0,5.0,0.8696825154081719,4.0,1.0,0.0,2.0,1.0
8621.0,delete,0.08170900572249233,2905.0,5.0,0.8696825154081719,3.0,1.0,0.0,1.0,1.0
8622.0,swap,0.8657855661243106,2905.0,5.0,0.8696825154081719,4.0,1.0,0.0,2.0,0.0
8623.0,add,0.8696825154081719,2906.0,5.0,0.8696825154081719,4.0,0.0,0.0,1.0,1.0
8624.0,add,0.13267099970221607,2906.0,5.0,0.8696825154081719,4.0,0.0,1.0,1.0,1.0
8625.0,delete,0.08170900572249233,2906.0,5.0,0.8696825154081719,3.0,0.0,0.0,1.0,1.0
8626.0,swap,0.8696825154081719,2906.0,5.0,0.8696825154081719,4.0,0.0,0.0,1.0,1.0
8627.0,add,0.8696825154081719,2907.0,2.0,0.6372437046115715,4.0,1.0,0.0,1.0,0.0
8628.0,add,0.8696825154081719,2908.0,3.0,0.8696825154081719,4.0,1.0,0.0,1.0,0.0
8629.0,add,0.8696825154081719,2908.0,3.0,0.8696825154081719,4.0,1.0,0.0,1.0,1.0
8630.0,delete,0.3040764312848323,2908.0,3.0,0.8696825154081719,3.0,1.0,0.0,1.0,0.0
8631.0,swap,0.30276636134333035,2908.0,3.0,0.8696825154081719,3.0,1.0,0.0,2.0,0.0
8632.0,change,0.873597849947558,2909.0,4.0,0.601390995950281,4.0,1.0,0.0,0.0,1.0
8633.0,change,0.873597849947558,2910.0,5.0,0.873597849947558,4.0,1.0,0.0,0.0,1.0
8634.0,add,0.873597849947558,2910.0,5.0,0.873597849947558,4.0,1.0,0.0,0.0,2.0
8635.0,delete,0.2677858814627581,2910.0,5.0,0.873597849947558,3.0,1.0,0.0,0.0,1.0
8636.0,swap,0.0452642339785869,2910.0,5.0,0.873597849947558,3.0,1.0,0.0,0.0,2.0
8637.0,delete,0.8696825154081719,2911.0,5.0,0.8696825154081719,4.0,0.0,0.0,1.0,0.0
8638.0,add,0.8232035963447966,2911.0,5.0,0.8696825154081719,4.0,0.0,1.0,1.0,0.0
8639.0,delete,0.26659909213401567,2911.0,5.0,0.8696825154081719,3.0,0.0,0.0,1.0,0.0
8640.0,swap,0.30276636134333024,2911.0,5.0,0.8696825154081719,3.0,0.0,0.0,2.0,0.0
8641.0,change,0.873597849947558,2912.0,3.0,0.6047110793824333,4.0,1.0,0.0,0.0,0.0
8642.0,change,0.873597849947558,2913.0,4.0,0.873597849947558,4.0,1.0,0.0,0.0,0.0
8643.0,add,0.873597849947558,2913.0,4.0,0.873597849947558,4.0,2.0,0.0,0.0,0.0
8644.0,delete,0.2677858814627575,2913.0,4.0,0.873597849947558,3.0,1.0,0.0,0.0,0.0
8645.0,swap,0.873597849947558,2913.0,4.0,0.873597849947558,4.0,1.0,0.0,0.0,0.0
8646.0,swap,0.873597849947558,2914.0,5.0,0.873597849947558,4.0,1.0,0.0,0.0,0.0
8647.0,add,0.09372459766952493,2914.0,5.0,0.873597849947558,4.0,1.0,1.0,0.0,0.0
8648.0,delete,0.2677858814627581,2914.0,5.0,0.873597849947558,3.0,1.0,0.0,0.0,0.0
8649.0,swap,0.025455855335461082,2914.0,5.0,0.873597849947558,3.0,1.0,1.0,0.0,0.0
8650.0,swap,0.5494347097827467,2915.0,5.0,0.8015365274231773,3.0,0.0,1.0,0.0,3.0
8651.0,add,0.48015414415070196,2915.0,5.0,0.8015365274231773,3.0,0.0,2.0,0.0,3.0
8652.0,delete,0.24593333324505492,2915.0,5.0,0.8015365274231773,2.0,0.0,1.0,0.0,3.0
8653.0,swap,0.039853732829700485,2915.0,5.0,0.8015365274231773,2.0,0.0,2.0,0.0,3.0
8654.0,change,0.873597849947558,2916.0,5.0,0.873597849947558,4.0,1.0,0.0,0.0,1.0
8655.0,add,0.8684525127287878,2916.0,5.0,0.873597849947558,4.0,1.0,0.0,1.0,1.0
8656.0,delete,0.3040764312848323,2916.0,5.0,0.873597849947558,3.0,1.0,0.0,0.0,1.0
8657.0,swap,0.08810374774546638,2916.0,5.0,0.873597849947558,4.0,0.0,1.0,0.0,1.0
8658.0,add,0.873597849947558,2917.0,5.0,0.873597849947558,4.0,1.0,0.0,0.0,3.0
8659.0,add,0.8343292713367171,2917.0,5.0,0.873597849947558,4.0,1.0,1.0,0.0,3.0
8660.0,delete,0.873597849947558,2917.0,5.0,0.873597849947558,4.0,0.0,0.0,0.0,3.0
8661.0,swap,0.30407643128483264,2917.0,5.0,0.873597849947558,3.0,1.0,0.0,0.0,4.0
8662.0,add,0.873597849947558,2918.0,4.0,0.7518398504928447,4.0,1.0,0.0,0.0,3.0
8663.0,add,0.8735978499475604,2919.0,5.0,0.873597849947558,4.0,1.0,0.0,0.0,3.0
8664.0,add,0.873597849947558,2919.0,5.0,0.873597849947558,4.0,1.0,0.0,0.0,4.0
8665.0,delete,0.11731916609425057,2919.0,5.0,0.873597849947558,3.0,1.0,0.0,0.0,3.0
8666.0,swap,0.1632470001435612,2919.0,5.0,0.873597849947558,3.0,1.0,1.0,0.0,3.0
8667.0,add,0.873597849947558,2920.0,5.0,0.873597849947558,4.0,1.0,0.0,0.0,1.0
8668.0,add,0.8696825154081763,2920.0,5.0,0.873597849947558,4.0,1.0,0.0,1.0,1.0
8669.0,delete,0.2677858814627575,2920.0,5.0,0.873597849947558,3.0,1.0,0.0,0.0,1.0
8670.0,swap,0.2206572144374021,2920.0,5.0,0.873597849947558,3.0,1.0,1.0,0.0,1.0
8671.0,add,0.8684525127287892,2921.0,3.0,0.6312730625536379,4.0,1.0,0.0,1.0,0.0
8672.0,add,0.8684525127287878,2922.0,4.0,0.8684525127287892,4.0,1.0,0.0,1.0,0.0
8673.0,add,0.27302151738616626,2922.0,4.0,0.8684525127287892,4.0,1.0,1.0,1.0,0.0
8674.0,delete,0.873597849947558,2922.0,4.0,0.8684525127287892,4.0,1.0,0.0,0.0,0.0
8675.0,swap,0.2466231357335975,2922.0,4.0,0.8684525127287892,3.0,1.0,1.0,1.0,0.0
8676.0,add,0.8266258106255847,2923.0,5.0,0.8266258106255847,4.0,0.0,1.0,1.0,1.0
8677.0,add,0.08310760811892266,2923.0,5.0,0.8266258106255847,4.0,0.0,2.0,1.0,1.0
8678.0,delete,0.8266258106255847,2923.0,5.0,0.8266258106255847,4.0,0.0,1.0,1.0,0.0
8679.0,swap,0.19621564305735759,2923.0,5.0,0.8266258106255847,3.0,0.0,1.0,2.0,1.0
8680.0,change,0.8696190811980743,2924.0,5.0,0.7254744109331822,4.0,0.0,1.0,1.0,2.0
8681.0,change,0.8696190811980743,2925.0,6.0,0.8696190811980743,4.0,0.0,1.0,1.0,2.0
8682.0,add,0.8696190811980743,2925.0,6.0,0.8696190811980743,4.0,1.0,1.0,1.0,2.0
8683.0,delete,0.8696825154081719,2925.0,6.0,0.8696190811980743,4.0,0.0,0.0,1.0,2.0
8684.0,swap,0.30405447244960015,2925.0,6.0,0.8696190811980743,3.0,0.0,1.0,1.0,3.0
8685.0,delete,0.8696825154081719,2926.0,7.0,0.8696825154081719,4.0,0.0,0.0,1.0,2.0
8686.0,add,0.8696825154081719,2926.0,7.0,0.8696825154081719,4.0,0.0,0.0,1.0,3.0
8687.0,delete,0.26659909213401567,2926.0,7.0,0.8696825154081719,3.0,0.0,0.0,1.0,2.0
8688.0,swap,0.11719131559423902,2926.0,7.0,0.8696825154081719,3.0,0.0,0.0,2.0,2.0
8689.0,swap,0.873597849947558,2927.0,5.0,0.8735978499475604,4.0,1.0,0.0,0.0,0.0
8690.0,add,0.8735978499475604,2927.0,5.0,0.8735978499475604,4.0,1.0,0.0,0.0,1.0
8691.0,delete,0.873597849947558,2927.0,5.0,0.8735978499475604,4.0,0.0,0.0,0.0,0.0
8692.0,swap,0.873597849947558,2927.0,5.0,0.8735978499475604,4.0,0.0,0.0,0.0,1.0
8693.0,change,0.873597849947558,2928.0,3.0,0.7068520750137085,4.0,1.0,0.0,0.0,0.0
8694.0,change,0.873597849947558,2929.0,4.0,0.873597849947558,4.0,1.0,0.0,0.0,0.0
8695.0,add,0.873597849947558,2929.0,4.0,0.873597849947558,4.0,1.0,0.0,0.0,1.0
8696.0,delete,0.2677858814627575,2929.0,4.0,0.873597849947558,3.0,1.0,0.0,0.0,0.0
8697.0,swap,0.2677858814627575,2929.0,4.0,0.873597849947558,3.0,1.0,0.0,0.0,1.0
8698.0,swap,0.14491648632512596,2930.0,4.0,0.873597849947559,3.0,1.0,1.0,0.0,0.0
8699.0,add,0.873597849947558,2931.0,6.0,0.8735978499475604,4.0,1.0,0.0,0.0,1.0
8700.0,add,0.873597849947558,2931.0,6.0,0.8735978499475604,4.0,2.0,0.0,0.0,1.0
8701.0,delete,0.3040764312848323,2931.0,6.0,0.8735978499475604,3.0,1.0,0.0,0.0,1.0
8702.0,swap,0.03495354545840674,2931.0,6.0,0.8735978499475604,3.0,1.0,1.0,0.0,1.0
8703.0,add,0.8696825154081719,2932.0,4.0,0.8696825154081719,4.0,0.0,0.0,1.0,2.0
8704.0,add,0.8696825154081719,2932.0,4.0,0.8696825154081719,4.0,0.0,0.0,1.0,3.0
8705.0,delete,0.30276636134333024,2932.0,4.0,0.8696825154081719,3.0,0.0,0.0,1.0,2.0
8706.0,swap,0.33406269056300986,2932.0,4.0,0.8696825154081719,3.0,1.0,0.0,1.0,2.0
8707.0,change,0.8046230141519056,2933.0,3.0,0.5123360294830196,3.0,0.0,1.0,0.0,0.0
8708.0,delete,0.873597849947558,2934.0,2.0,0.4845878732213738,4.0,0.0,0.0,0.0,0.0
8709.0,add,0.43425518860511664,2935.0,3.0,0.873597849947558,4.0,0.0,1.0,0.0,0.0
8710.0,delete,0.3040764312848323,2935.0,3.0,0.873597849947558,3.0,0.0,0.0,0.0,0.0
8711.0,swap,0.30407643128483264,2935.0,3.0,0.873597849947558,3.0,1.0,0.0,0.0,0.0
8712.0,change,0.8409955471927643,2936.0,4.0,0.8046230141519056,3.0,0.0,1.0,0.0,0.0
8713.0,add,0.8046230141519056,2936.0,4.0,0.8046230141519056,3.0,0.0,1.0,0.0,1.0
8714.0,delete,0.3040764312848323,2936.0,4.0,0.8046230141519056,3.0,0.0,0.0,0.0,0.0
8715.0,swap,0.3040764312848323,2936.0,4.0,0.8046230141519056,3.0,0.0,0.0,0.0,1.0
8716.0,change,0.8167806066579744,2937.0,5.0,0.8409955471927643,3.0,0.0,1.0,0.0,0.0
8717.0,add,0.8409955471927643,2937.0,5.0,0.8409955471927643,3.0,1.0,1.0,0.0,0.0
8718.0,delete,0.25790185542567856,2937.0,5.0,0.8409955471927643,2.0,0.0,1.0,0.0,0.0
8719.0,swap,0.09557856007876285,2937.0,5.0,0.8409955471927643,2.0,1.0,1.0,0.0,0.0
8720.0,add,0.873597849947558,2938.0,3.0,0.6604273367100829,4.0,1.0,0.0,0.0,1.0
8721.0,add,0.8735978499475604,2939.0,4.0,0.873597849947558,4.0,1.0,0.0,0.0,1.0
8722.0,add,0.8696825154081753,2939.0,4.0,0.873597849947558,4.0,1.0,0.0,1.0,1.0
8723.0,delete,0.2677858814627575,2939.0,4.0,0.873597849947558,3.0,1.0,0.0,0.0,1.0
8724.0,swap,0.2677858814627581,2939.0,4.0,0.873597849947558,3.0,2.0,0.0,0.0,1.0
8725.0,add,0.873597849947558,2940.0,5.0,0.873597849947558,4.0,1.0,0.0,0.0,1.0
8726.0,add,0.18254356884105805,2940.0,5.0,0.873597849947558,4.0,1.0,1.0,0.0,1.0
8727.0,delete,0.30407643128483247,2940.0,5.0,0.873597849947558,3.0,1.0,0.0,0.0,1.0
8728.0,swap,0.873597849947558,2940.0,5.0,0.873597849947558,4.0,2.0,0.0,0.0,0.0
8729.0,add,0.8684525127287878,2941.0,3.0,0.6354445278177961,4.0,0.0,0.0,1.0,1.0
8730.0,add,0.8684525127287878,2942.0,4.0,0.8684525127287878,4.0,0.0,0.0,1.0,1.0
8731.0,add,0.21617678283279657,2942.0,4.0,0.8684525127287878,4.0,0.0,1.0,1.0,1.0
8732.0,delete,0.17117968659641367,2942.0,4.0,0.8684525127287878,3.0,0.0,0.0,1.0,1.0
8733.0,swap,0.2677858814627575,2942.0,4.0,0.8684525127287878,3.0,0.0,0.0,1.0,2.0
8734.0,add,0.2146685027875511,2943.0,3.0,0.6649966742323652,4.0,1.0,1.0,0.0,1.0
8735.0,add,0.857046521296168,2944.0,5.0,0.6124675510682072,4.0,0.0,1.0,2.0,1.0
8736.0,add,0.8472133658968012,2945.0,6.0,0.857046521296168,4.0,0.0,1.0,2.0,1.0
8737.0,add,0.8547898943162975,2945.0,6.0,0.857046521296168,4.0,0.0,1.0,2.0,2.0
8738.0,delete,0.27730680654704476,2945.0,6.0,0.857046521296168,3.0,0.0,1.0,2.0,1.0
8739.0,swap,0.30054132804028866,2945.0,6.0,0.857046521296168,3.0,0.0,1.0,3.0,1.0
8740.0,add,0.3872858946982529,2946.0,3.0,0.6680210617926707,4.0,0.0,1.0,0.0,2.0
8741.0,change,0.873597849947558,2947.0,4.0,0.7032293985110478,4.0,2.0,0.0,0.0,1.0
8742.0,change,0.873597849947558,2948.0,5.0,0.873597849947558,4.0,2.0,0.0,0.0,1.0
8743.0,add,0.8696825154081753,2948.0,5.0,0.873597849947558,4.0,2.0,0.0,1.0,1.0
8744.0,delete,0.3040764312848323,2948.0,5.0,0.873597849947558,3.0,2.0,0.0,0.0,1.0
8745.0,swap,0.8684525127287896,2948.0,5.0,0.873597849947558,4.0,2.0,0.0,1.0,0.0
8746.0,swap,0.8684525127287892,2949.0,6.0,0.8684525127287896,4.0,2.0,0.0,1.0,0.0
8747.0,add,0.8645604557060138,2949.0,6.0,0.8684525127287896,4.0,2.0,0.0,2.0,0.0
8748.0,delete,0.873597849947558,2949.0,6.0,0.8684525127287896,4.0,2.0,0.0,0.0,0.0
8749.0,swap,0.30230329150181545,2949.0,6.0,0.8684525127287896,3.0,2.0,0.0,1.0,1.0
8750.0,change,0.873597849947558,2950.0,4.0,0.7296048758397378,4.0,2.0,0.0,0.0,1.0
8751.0,change,0.873597849947558,2951.0,5.0,0.873597849947558,4.0,2.0,0.0,0.0,1.0
8752.0,add,0.873597849947558,2951.0,5.0,0.873597849947558,4.0,3.0,0.0,0.0,1.0
8753.0,delete,0.3040764312848323,2951.0,5.0,0.873597849947558,3.0,2.0,0.0,0.0,1.0
8754.0,swap,0.06715854888288973,2951.0,5.0,0.873597849947558,3.0,3.0,0.0,0.0,1.0
8755.0,swap,0.8684525127287896,2952.0,5.0,0.7554733245225932,4.0,1.0,0.0,1.0,1.0
8756.0,swap,0.8684525127287896,2953.0,6.0,0.8684525127287896,4.0,1.0,0.0,1.0,1.0
8757.0,add,0.12823296530796954,2953.0,6.0,0.8684525127287896,4.0,1.0,1.0,1.0,1.0
8758.0,delete,0.08208499862389865,2953.0,6.0,0.8684525127287896,3.0,1.0,0.0,1.0,1.0
8759.0,swap,0.13250909976407463,2953.0,6.0,0.8684525127287896,3.0,1.0,1.0,1.0,1.0
8760.0,change,0.873597849947558,2954.0,5.0,0.7050476214266255,4.0,1.0,0.0,0.0,2.0
8761.0,change,0.873597849947558,2955.0,6.0,0.873597849947558,4.0,1.0,0.0,0.0,2.0
8762.0,add,0.7826852566420491,2955.0,6.0,0.873597849947558,4.0,1.0,1.0,0.0,2.0
8763.0,delete,0.2677858814627581,2955.0,6.0,0.873597849947558,3.0,1.0,0.0,0.0,2.0
8764.0,swap,0.2677858814627581,2955.0,6.0,0.873597849947558,3.0,1.0,0.0,0.0,3.0
8765.0,swap,0.8688412370391212,2956.0,4.0,0.8688412370391212,3.0,0.0,1.0,2.0,0.0
8766.0,add,0.8572158309331113,2956.0,4.0,0.8688412370391212,3.0,0.0,1.0,3.0,0.0
8767.0,delete,0.26659909213401567,2956.0,4.0,0.8688412370391212,3.0,0.0,0.0,2.0,0.0
8768.0,swap,0.018651680082023336,2956.0,4.0,0.8688412370391212,2.0,0.0,1.0,2.0,1.0
8769.0,add,0.8684525127287892,2957.0,3.0,0.6297412693435226,4.0,1.0,0.0,1.0,1.0
8770.0,add,0.8684525127287892,2958.0,4.0,0.8684525127287892,4.0,1.0,0.0,1.0,1.0
8771.0,add,0.8532479788325797,2958.0,4.0,0.8684525127287892,4.0,1.0,0.0,2.0,1.0
8772.0,delete,0.3023032915018151,2958.0,4.0,0.8684525127287892,3.0,1.0,0.0,1.0,1.0
8773.0,swap,0.873597849947558,2958.0,4.0,0.8684525127287892,4.0,2.0,0.0,0.0,1.0
8774.0,change,0.873597849947558,2959.0,2.0,0.618707749987815,4.0,1.0,0.0,0.0,0.0
8775.0,change,0.873597849947558,2960.0,3.0,0.873597849947558,4.0,1.0,0.0,0.0,0.0
8776.0,add,0.873597849947558,2960.0,3.0,0.873597849947558,4.0,1.0,0.0,0.0,1.0
8777.0,delete,0.30407643128483264,2960.0,3.0,0.873597849947558,3.0,1.0,0.0,0.0,0.0
8778.0,swap,0.8561850081238953,2960.0,3.0,0.873597849947558,4.0,0.0,1.0,0.0,0.0
8779.0,swap,0.8694936090689948,2961.0,4.0,0.8561850081238953,4.0,0.0,1.0,0.0,0.0
8780.0,add,0.8561850081238953,2961.0,4.0,0.8561850081238953,4.0,0.0,1.0,0.0,1.0
8781.0,delete,0.873597849947558,2961.0,4.0,0.8561850081238953,4.0,0.0,0.0,0.0,0.0
8782.0,swap,0.26014964258293133,2961.0,4.0,0.8561850081238953,3.0,1.0,1.0,0.0,0.0
8783.0,add,0.873597849947558,2962.0,4.0,0.873597849947558,4.0,1.0,0.0,0.0,1.0
8784.0,add,0.873597849947558,2962.0,4.0,0.873597849947558,4.0,2.0,0.0,0.0,1.0
8785.0,delete,0.30407643128483247,2962.0,4.0,0.873597849947558,3.0,1.0,0.0,0.0,1.0
8786.0,swap,0.8696825154081719,2962.0,4.0,0.873597849947558,4.0,0.0,0.0,1.0,1.0
8787.0,swap,0.2677858814627581,2963.0,3.0,0.7431222235694549,3.0,2.0,0.0,0.0,0.0
8788.0,change,0.873597849947558,2964.0,4.0,0.873597849947558,4.0,1.0,0.0,0.0,0.0
8789.0,add,0.38215342174418443,2964.0,4.0,0.873597849947558,4.0,1.0,1.0,0.0,0.0
8790.0,delete,0.873597849947558,2964.0,4.0,0.873597849947558,4.0,0.0,0.0,0.0,0.0
8791.0,swap,0.30276636134333035,2964.0,4.0,0.873597849947558,3.0,1.0,0.0,1.0,0.0
8792.0,add,0.873597849947558,2965.0,2.0,0.600942361614188,4.0,2.0,0.0,0.0,0.0
8793.0,add,0.873597849947558,2966.0,3.0,0.873597849947558,4.0,2.0,0.0,0.0,0.0
8794.0,add,0.07033619695629147,2966.0,3.0,0.873597849947558,4.0,2.0,1.0,0.0,0.0
8795.0,delete,0.3040764312848323,2966.0,3.0,0.873597849947558,3.0,2.0,0.0,0.0,0.0
8796.0,swap,0.8696825154081753,2966.0,3.0,0.873597849947558,4.0,1.0,0.0,1.0,0.0
8797.0,add,0.8684525127287896,2967.0,3.0,0.7589104993071356,4.0,1.0,0.0,1.0,0.0
8798.0,add,0.8684525127287878,2968.0,4.0,0.8684525127287896,4.0,1.0,0.0,1.0,0.0
8799.0,add,0.8684525127287896,2968.0,4.0,0.8684525127287896,4.0,2.0,0.0,1.0,0.0
8800.0,delete,0.2677858814627575,2968.0,4.0,0.8684525127287896,3.0,1.0,0.0,1.0,0.0
8801.0,swap,0.3023032915018157,2968.0,4.0,0.8684525127287896,3.0,1.0,0.0,1.0,1.0
8802.0,swap,0.8696825154081719,2969.0,5.0,0.8696825154081719,4.0,0.0,0.0,1.0,1.0
8803.0,add,0.8696825154081719,2969.0,5.0,0.8696825154081719,4.0,1.0,0.0,1.0,1.0
8804.0,delete,0.11719131559423906,2969.0,5.0,0.8696825154081719,3.0,0.0,0.0,1.0,1.0
8805.0,swap,0.3040764312848323,2969.0,5.0,0.8696825154081719,3.0,0.0,0.0,1.0,2.0
8806.0,swap,0.873597849947558,2970.0,5.0,0.873597849947558,4.0,2.0,0.0,0.0,1.0
8807.0,add,0.8363396770114608,2970.0,5.0,0.873597849947558,4.0,2.0,1.0,0.0,1.0
8808.0,delete,0.30407643128483264,2970.0,5.0,0.873597849947558,3.0,2.0,0.0,0.0,1.0
8809.0,swap,0.06975657423293911,2970.0,5.0,0.873597849947558,4.0,1.0,1.0,0.0,1.0
8810.0,change,0.873597849947558,2971.0,4.0,0.6692313717722026,4.0,1.0,0.0,0.0,2.0
8811.0,change,0.873597849947558,2972.0,5.0,0.873597849947558,4.0,1.0,0.0,0.0,2.0
8812.0,add,0.12133176680118196,2972.0,5.0,0.873597849947558,4.0,1.0,1.0,0.0,2.0
8813.0,delete,0.873597849947558,2972.0,5.0,0.873597849947558,4.0,0.0,0.0,0.0,2.0
8814.0,swap,0.873597849947558,2972.0,5.0,0.873597849947558,4.0,2.0,0.0,0.0,1.0
8815.0,add,0.873597849947558,2973.0,6.0,0.873597849947558,4.0,1.0,0.0,0.0,2.0
8816.0,delete,0.11731916609425042,2973.0,6.0,0.873597849947558,3.0,0.0,0.0,0.0,2.0
8817.0,swap,0.11682971704228412,2973.0,6.0,0.873597849947558,3.0,0.0,0.0,1.0,2.0
8818.0,change,0.8700029539856878,2974.0,4.0,0.8645108864933656,4.0,0.0,1.0,0.0,2.0
8819.0,change,0.8344506341033647,2975.0,5.0,0.8700029539856878,4.0,0.0,1.0,0.0,2.0
8820.0,add,0.8684032955667997,2975.0,5.0,0.8700029539856878,4.0,0.0,1.0,0.0,3.0
8821.0,delete,0.8700029539856878,2975.0,5.0,0.8700029539856878,4.0,0.0,1.0,0.0,1.0
8822.0,swap,0.873597849947558,2975.0,5.0,0.8700029539856878,4.0,1.0,0.0,0.0,2.0
8823.0,swap,0.873597849947558,2976.0,6.0,0.873597849947558,4.0,1.0,0.0,0.0,2.0
8824.0,add,0.09366346953702126,2976.0,6.0,0.873597849947558,4.0,1.0,1.0,0.0,2.0
8825.0,delete,0.3040764312848323,2976.0,6.0,0.873597849947558,3.0,1.0,0.0,0.0,2.0
8826.0,swap,0.1828397791715019,2976.0,6.0,0.873597849947558,4.0,1.0,1.0,0.0,1.0
8827.0,add,0.873597849947558,2977.0,5.0,0.873597849947558,4.0,1.0,0.0,0.0,2.0
8828.0,add,0.6724977533087704,2977.0,5.0,0.873597849947558,4.0,1.0,1.0,0.0,2.0
8829.0,delete,0.2677858814627581,2977.0,5.0,0.873597849947558,3.0,1.0,0.0,0.0,2.0
8830.0,swap,0.8059107708828847,2977.0,5.0,0.873597849947558,3.0,1.0,1.0,0.0,2.0
8831.0,swap,0.8684525127287878,2978.0,4.0,0.8684525127287878,4.0,0.0,0.0,1.0,0.0
8832.0,add,0.8684525127287896,2978.0,4.0,0.8684525127287878,4.0,1.0,0.0,1.0,0.0
8833.0,delete,0.30230329150181523,2978.0,4.0,0.8684525127287878,3.0,0.0,0.0,1.0,0.0
8834.0,swap,0.2662086698628963,2978.0,4.0,0.8684525127287878,3.0,0.0,0.0,1.0,1.0
8835.0,add,0.8707820884756805,2979.0,6.0,0.8394133715190812,4.0,1.0,1.0,0.0,2.0
8836.0,add,0.835658371987236,2979.0,6.0,0.8394133715190812,4.0,1.0,1.0,1.0,2.0
8837.0,delete,0.25742208023731356,2979.0,6.0,0.8394133715190812,3.0,1.0,1.0,0.0,2.0
8838.0,swap,0.8696825154081719,2979.0,6.0,0.8394133715190812,4.0,1.0,0.0,1.0,2.0
8839.0,add,0.8696825154081719,2980.0,7.0,0.873597849947558,4.0,0.0,0.0,1.0,2.0
8840.0,delete,0.3040764312848323,2980.0,7.0,0.873597849947558,3.0,0.0,0.0,0.0,2.0
8841.0,swap,0.8696825154081719,2980.0,7.0,0.873597849947558,4.0,0.0,0.0,1.0,1.0
8842.0,swap,0.7461808110547204,2981.0,7.0,0.8072658093820905,4.0,0.0,1.0,0.0,2.0
8843.0,add,0.778464836056935,2981.0,7.0,0.8072658093820905,4.0,0.0,1.0,0.0,3.0
8844.0,delete,0.10849660333618748,2981.0,7.0,0.8072658093820905,3.0,0.0,1.0,0.0,2.0
8845.0,swap,0.1593654722245224,2981.0,7.0,0.8072658093820905,3.0,1.0,1.0,0.0,2.0
8846.0,add,0.873597849947558,2982.0,4.0,0.7169347627693624,4.0,1.0,0.0,0.0,2.0
8847.0,add,0.873597849947558,2983.0,5.0,0.873597849947558,4.0,1.0,0.0,0.0,2.0
8848.0,add,0.873597849947558,2983.0,5.0,0.873597849947558,4.0,1.0,0.0,0.0,3.0
8849.0,delete,0.3040764312848323,2983.0,5.0,0.873597849947558,3.0,1.0,0.0,0.0,2.0
8850.0,swap,0.2677858814627575,2983.0,5.0,0.873597849947558,3.0,1.0,0.0,0.0,3.0
8851.0,delete,0.3025924707487629,2984.0,3.0,0.29980206831575223,3.0,0.0,1.0,0.0,0.0
8852.0,add,0.29980206831575207,2984.0,3.0,0.29980206831575223,3.0,1.0,1.0,0.0,0.0
8853.0,delete,0.09300879690015082,2984.0,3.0,0.29980206831575223,2.0,0.0,1.0,0.0,0.0
8854.0,swap,0.07453333159222686,2984.0,3.0,0.29980206831575223,3.0,0.0,1.0,0.0,0.0
8855.0,add,0.873597849947558,2985.0,5.0,0.873597849947558,4.0,2.0,0.0,0.0,1.0
8856.0,add,0.873597849947558,2985.0,5.0,0.873597849947558,4.0,2.0,0.0,0.0,2.0
8857.0,delete,0.873597849947558,2985.0,5.0,0.873597849947558,4.0,1.0,0.0,0.0,1.0
8858.0,swap,0.2677858814627574,2985.0,5.0,0.873597849947558,3.0,3.0,0.0,0.0,1.0
8859.0,add,0.44972032780366256,2986.0,3.0,0.655363733757037,4.0,1.0,1.0,0.0,0.0
8860.0,add,0.873597849947558,2987.0,4.0,0.7524354562505978,4.0,2.0,0.0,0.0,1.0
8861.0,add,0.873597849947558,2988.0,5.0,0.873597849947558,4.0,2.0,0.0,0.0,1.0
8862.0,add,0.873597849947558,2988.0,5.0,0.873597849947558,4.0,3.0,0.0,0.0,1.0
8863.0,delete,0.873597849947558,2988.0,5.0,0.873597849947558,4.0,2.0,0.0,0.0,0.0
8864.0,swap,0.09783096542420952,2988.0,5.0,0.873597849947558,3.0,2.0,1.0,0.0,1.0
8865.0,delete,0.873597849947558,2989.0,6.0,0.873597849947558,4.0,1.0,0.0,0.0,1.0
8866.0,add,0.60352416198737,2989.0,6.0,0.873597849947558,4.0,1.0,1.0,0.0,1.0
8867.0,delete,0.2677858814627575,2989.0,6.0,0.873597849947558,3.0,1.0,0.0,0.0,1.0
8868.0,swap,0.27543151002893895,2989.0,6.0,0.873597849947558,3.0,1.0,1.0,0.0,1.0
8869.0,delete,0.11719131559423906,2990.0,5.0,0.7179657991619383,3.0,0.0,0.0,1.0,2.0
8870.0,change,0.8684525127287892,2991.0,6.0,0.8684525127287878,4.0,1.0,0.0,1.0,0.0
8871.0,add,0.867433462554756,2991.0,6.0,0.8684525127287878,4.0,1.0,1.0,1.0,0.0
8872.0,delete,0.30230329150181523,2991.0,6.0,0.8684525127287878,3.0,1.0,0.0,1.0,0.0
8873.0,swap,0.301000955594905,2991.0,6.0,0.8684525127287878,3.0,1.0,0.0,2.0,0.0
8874.0,delete,0.1721723516748124,2992.0,5.0,0.7736077239809511,3.0,1.0,0.0,0.0,2.0
8875.0,delete,0.873597849947558,2993.0,5.0,0.873597849947558,4.0,1.0,0.0,0.0,0.0
8876.0,add,0.873597849947558,2993.0,5.0,0.873597849947558,4.0,2.0,0.0,0.0,0.0
8877.0,delete,0.2677858814627575,2993.0,5.0,0.873597849947558,3.0,1.0,0.0,0.0,0.0
8878.0,swap,0.10658378148632179,2993.0,5.0,0.873597849947558,3.0,1.0,1.0,0.0,0.0
8879.0,add,0.8732569443122444,2994.0,5.0,0.873256944312244,4.0,1.0,1.0,0.0,1.0
8880.0,add,0.8693431520703975,2994.0,5.0,0.873256944312244,4.0,1.0,1.0,1.0,1.0
8881.0,delete,0.8732569443122444,2994.0,5.0,0.873256944312244,4.0,0.0,1.0,0.0,1.0
8882.0,swap,0.873256944312244,2994.0,5.0,0.873256944312244,4.0,1.0,1.0,0.0,1.0
8883.0,add,0.873256944312244,2995.0,4.0,0.8724741858638747,4.0,1.0,1.0,0.0,1.0
8884.0,add,0.8730644878993873,2996.0,6.0,0.8732569443122444,4.0,1.0,1.0,0.0,1.0
8885.0,add,0.8681153077159895,2996.0,6.0,0.8732569443122444,4.0,1.0,1.0,1.0,1.0
8886.0,delete,0.30395895468422074,2996.0,6.0,0.8732569443122444,3.0,1.0,1.0,0.0,1.0
8887.0,swap,0.11727384111868062,2996.0,6.0,0.8732569443122444,3.0,1.0,1.0,0.0,2.0
8888.0,change,0.856477609636272,2997.0,5.0,0.8326906215944394,4.0,0.0,1.0,0.0,1.0
8889.0,add,0.8147436474808267,2997.0,5.0,0.8326906215944394,4.0,0.0,1.0,0.0,2.0
8890.0,delete,0.3737270119657305,2997.0,5.0,0.8326906215944394,3.0,0.0,1.0,0.0,1.0
8891.0,swap,0.3705602554284185,2997.0,5.0,0.8326906215944394,3.0,0.0,1.0,1.0,1.0
8892.0,add,0.8693431520703966,2998.0,6.0,0.8693431520703975,4.0,1.0,1.0,1.0,1.0
8893.0,add,0.5133109988858395,2998.0,6.0,0.8693431520703975,4.0,1.0,2.0,1.0,1.0
8894.0,delete,0.8696825154081719,2998.0,6.0,0.8693431520703975,4.0,1.0,0.0,1.0,1.0
8895.0,swap,0.08177872827250346,2998.0,6.0,0.8693431520703975,4.0,1.0,2.0,1.0,0.0
8896.0,swap,0.873597849947558,2999.0,7.0,0.873597849947558,4.0,1.0,0.0,0.0,1.0
8897.0,add,0.873597849947558,2999.0,7.0,0.873597849947558,4.0,2.0,0.0,0.0,1.0
8898.0,delete,0.873597849947558,2999.0,7.0,0.873597849947558,4.0,0.0,0.0,0.0,1.0
8899.0,swap,0.8684525127287878,2999.0,7.0,0.873597849947558,4.0,0.0,0.0,1.0,1.0
8900.0,change,0.873597849947558,3000.0,3.0,0.6611426665860377,4.0,1.0,0.0,0.0,0.0
8901.0,change,0.873597849947558,3001.0,4.0,0.873597849947558,4.0,1.0,0.0,0.0,0.0
8902.0,add,0.873597849947558,3001.0,4.0,0.873597849947558,4.0,1.0,0.0,0.0,1.0
8903.0,delete,0.3040764312848323,3001.0,4.0,0.873597849947558,3.0,1.0,0.0,0.0,0.0
8904.0,swap,0.2892935954568809,3001.0,4.0,0.873597849947558,3.0,1.0,1.0,0.0,0.0
8905.0,add,0.873597849947558,3002.0,5.0,0.873597849947558,4.0,0.0,0.0,0.0,1.0
8906.0,delete,0.2677858814627575,3002.0,5.0,0.873597849947558,3.0,0.0,0.0,0.0,0.0
8907.0,swap,0.3040764312848323,3002.0,5.0,0.873597849947558,3.0,0.0,0.0,1.0,0.0
8908.0,change,0.8735978499475604,3003.0,4.0,0.698556380451643,4.0,1.0,0.0,0.0,2.0
8909.0,change,0.873597849947558,3004.0,5.0,0.8735978499475604,4.0,1.0,0.0,0.0,2.0
8910.0,add,0.8735978499475604,3004.0,5.0,0.8735978499475604,4.0,1.0,0.0,0.0,3.0
8911.0,delete,0.30407643128483275,3004.0,5.0,0.8735978499475604,3.0,1.0,0.0,0.0,2.0
8912.0,swap,0.7654816363179703,3004.0,5.0,0.8735978499475604,4.0,1.0,1.0,0.0,1.0
8913.0,swap,0.7654816363179707,3005.0,6.0,0.7654816363179703,4.0,1.0,1.0,0.0,1.0
8914.0,add,0.7655581154781598,3005.0,6.0,0.7654816363179703,4.0,1.0,1.0,0.0,2.0
8915.0,delete,0.27805672279999644,3005.0,6.0,0.7654816363179703,3.0,1.0,1.0,0.0,1.0
8916.0,swap,0.1402538992311766,3005.0,6.0,0.7654816363179703,3.0,2.0,1.0,0.0,1.0
8917.0,add,0.873597849947558,3006.0,8.0,0.873597849947558,4.0,2.0,0.0,0.0,1.0
8918.0,add,0.873597849947558,3006.0,8.0,0.873597849947558,4.0,3.0,0.0,0.0,1.0
8919.0,delete,0.3040764312848323,3006.0,8.0,0.873597849947558,3.0,2.0,0.0,0.0,1.0
8920.0,swap,0.2677858814627575,3006.0,8.0,0.873597849947558,3.0,3.0,0.0,0.0,1.0
8921.0,add,0.873256944312244,3007.0,4.0,0.6951539899776292,4.0,1.0,1.0,0.0,1.0
8922.0,add,0.8732569443122444,3008.0,5.0,0.873256944312244,4.0,1.0,1.0,0.0,1.0
8923.0,add,0.890429318760134,3008.0,5.0,0.873256944312244,4.0,1.0,1.0,0.0,2.0
8924.0,delete,0.873256944312244,3008.0,5.0,0.873256944312244,4.0,1.0,1.0,0.0,0.0
8925.0,swap,0.873597849947558,3008.0,5.0,0.873256944312244,4.0,2.0,0.0,0.0,1.0
8926.0,add,0.8904293187601374,3009.0,6.0,0.890429318760134,4.0,1.0,1.0,0.0,2.0
8927.0,add,0.8728714113275274,3009.0,6.0,0.890429318760134,4.0,1.0,1.0,0.0,3.0
8928.0,delete,0.3106422083895943,3009.0,6.0,0.890429318760134,3.0,1.0,1.0,0.0,2.0
8929.0,swap,0.08554483264363377,3009.0,6.0,0.890429318760134,3.0,1.0,1.0,1.0,2.0
8930.0,add,0.8732569443122444,3010.0,6.0,0.8732569443122444,4.0,1.0,1.0,0.0,1.0
8931.0,add,0.8731050691224368,3010.0,6.0,0.8732569443122444,4.0,1.0,1.0,0.0,2.0
8932.0,delete,0.8732569443122444,3010.0,6.0,0.8732569443122444,4.0,1.0,1.0,0.0,0.0
8933.0,swap,0.873256944312244,3010.0,6.0,0.8732569443122444,4.0,2.0,1.0,0.0,0.0
8934.0,change,0.8431250469365119,3011.0,5.0,0.8732265692742829,4.0,1.0,1.0,0.0,1.0
8935.0,add,0.8732569443122444,3012.0,7.0,0.8732569443122444,4.0,1.0,1.0,0.0,1.0
8936.0,add,0.7652536516081619,3012.0,7.0,0.8732569443122444,4.0,1.0,2.0,0.0,1.0
8937.0,delete,0.3039589546842206,3012.0,7.0,0.8732569443122444,3.0,1.0,1.0,0.0,1.0
8938.0,swap,0.8681153077159915,3012.0,7.0,0.8732569443122444,4.0,1.0,1.0,1.0,0.0
8939.0,swap,0.8732569443122444,3013.0,7.0,0.873256944312244,4.0,2.0,1.0,0.0,0.0
8940.0,add,0.8681136149675243,3013.0,7.0,0.873256944312244,4.0,2.0,1.0,1.0,0.0
8941.0,delete,0.2677695883036319,3013.0,7.0,0.873256944312244,3.0,2.0,1.0,0.0,0.0
8942.0,swap,0.30395895468422074,3013.0,7.0,0.873256944312244,3.0,2.0,1.0,0.0,1.0
8943.0,add,0.873597849947558,3014.0,4.0,0.873597849947558,4.0,1.0,0.0,0.0,1.0
8944.0,add,0.8696825154081768,3014.0,4.0,0.873597849947558,4.0,1.0,0.0,1.0,1.0
8945.0,delete,0.3040764312848323,3014.0,4.0,0.873597849947558,3.0,1.0,0.0,0.0,1.0
8946.0,swap,0.13387310589903376,3014.0,4.0,0.873597849947558,4.0,1.0,1.0,0.0,0.0
8947.0,add,0.7656451413709636,3015.0,3.0,0.5841495093903928,4.0,0.0,2.0,0.0,1.0
8948.0,add,0.8276953166043214,3016.0,4.0,0.7656451413709636,4.0,0.0,2.0,0.0,1.0
8949.0,add,0.7612996350345471,3016.0,4.0,0.7656451413709636,4.0,0.0,2.0,1.0,1.0
8950.0,delete,0.18467207370887828,3016.0,4.0,0.7656451413709636,3.0,0.0,2.0,0.0,1.0
8951.0,swap,0.2653871344312035,3016.0,4.0,0.7656451413709636,3.0,0.0,2.0,0.0,2.0
8952.0,change,0.8732569443122444,3017.0,5.0,0.7380672752782974,4.0,1.0,1.0,0.0,1.0
8953.0,change,0.8735955506681596,3018.0,6.0,0.8732569443122444,4.0,1.0,1.0,0.0,1.0
8954.0,add,0.8681153077159915,3018.0,6.0,0.8732569443122444,4.0,1.0,1.0,1.0,1.0
8955.0,delete,0.8732569443122444,3018.0,6.0,0.8732569443122444,4.0,1.0,1.0,0.0,0.0
8956.0,swap,0.30395895468422107,3018.0,6.0,0.8732569443122444,3.0,1.0,1.0,1.0,1.0
8957.0,add,0.8732569443122444,3019.0,4.0,0.7201782986275345,4.0,0.0,1.0,0.0,2.0
8958.0,add,0.8735978057008068,3020.0,5.0,0.8732569443122444,4.0,0.0,1.0,0.0,2.0
8959.0,add,0.2663974185372907,3020.0,5.0,0.8732569443122444,4.0,0.0,2.0,0.0,2.0
8960.0,delete,0.17210658623131458,3020.0,5.0,0.8732569443122444,3.0,0.0,1.0,0.0,2.0
8961.0,swap,0.870388107813553,3020.0,5.0,0.8732569443122444,4.0,0.0,1.0,0.0,2.0
8962.0,add,0.8705970598146904,3021.0,5.0,0.873256944312244,4.0,1.0,1.0,0.0,1.0
8963.0,add,0.8681136149675247,3021.0,5.0,0.873256944312244,4.0,1.0,1.0,1.0,1.0
8964.0,delete,0.11727384111868062,3021.0,5.0,0.873256944312244,3.0,1.0,1.0,0.0,1.0
8965.0,swap,0.873256944312244,3021.0,5.0,0.873256944312244,4.0,1.0,1.0,0.0,1.0
8966.0,change,0.8581275593184311,3022.0,4.0,0.6496398292211374,4.0,0.0,1.0,0.0,1.0
8967.0,change,0.7406563079024379,3023.0,5.0,0.8581275593184311,4.0,0.0,1.0,0.0,1.0
8968.0,add,0.21038451612774567,3023.0,5.0,0.8581275593184311,4.0,0.0,2.0,0.0,1.0
8969.0,delete,0.2987448821808149,3023.0,5.0,0.8581275593184311,3.0,0.0,1.0,0.0,1.0
8970.0,swap,0.06869615084749049,3023.0,5.0,0.8581275593184311,4.0,0.0,2.0,0.0,0.0
8971.0,add,0.8684525127287911,3024.0,5.0,0.8684525127287911,4.0,1.0,0.0,1.0,1.0
8972.0,add,0.8532479788325787,3024.0,5.0,0.8684525127287911,4.0,1.0,0.0,2.0,1.0
8973.0,delete,0.11719131559423906,3024.0,5.0,0.8684525127287911,3.0,1.0,0.0,1.0,1.0
8974.0,swap,0.3023032915018157,3024.0,5.0,0.8684525127287911,3.0,1.0,0.0,1.0,2.0
8975.0,add,0.8684525127287878,3025.0,5.0,0.8684525127287896,4.0,1.0,0.0,1.0,1.0
8976.0,add,0.8633374806385169,3025.0,5.0,0.8684525127287896,4.0,1.0,0.0,2.0,1.0
8977.0,delete,0.8684525127287878,3025.0,5.0,0.8684525127287896,4.0,0.0,0.0,1.0,1.0
8978.0,swap,0.8532479788325797,3025.0,5.0,0.8684525127287896,4.0,0.0,0.0,2.0,1.0
8979.0,change,0.8684525127287878,3026.0,4.0,0.8643885995314925,4.0,1.0,0.0,1.0,1.0
8980.0,change,0.8684525127287878,3027.0,5.0,0.8684525127287878,4.0,1.0,0.0,1.0,1.0
8981.0,add,0.5549048906036887,3027.0,5.0,0.8684525127287878,4.0,1.0,1.0,1.0,1.0
8982.0,delete,0.873597849947558,3027.0,5.0,0.8684525127287878,4.0,1.0,0.0,0.0,1.0
8983.0,swap,0.16427854601807756,3027.0,5.0,0.8684525127287878,4.0,1.0,1.0,0.0,1.0
8984.0,swap,0.873597849947558,3028.0,4.0,0.7457319313058376,4.0,1.0,0.0,0.0,1.0
8985.0,swap,0.6829557658086018,3029.0,4.0,0.5975953098341757,4.0,0.0,1.0,0.0,0.0
8986.0,add,0.5975953098341757,3029.0,4.0,0.5975953098341757,4.0,1.0,1.0,0.0,0.0
8987.0,delete,0.7246750885598834,3029.0,4.0,0.5975953098341757,3.0,0.0,1.0,0.0,0.0
8988.0,swap,0.873597849947558,3029.0,4.0,0.5975953098341757,4.0,0.0,0.0,0.0,1.0
8989.0,swap,0.3040764312848323,3030.0,3.0,0.695283864796879,3.0,2.0,0.0,0.0,0.0
8990.0,swap,0.873597849947558,3031.0,5.0,0.873597849947558,4.0,1.0,0.0,0.0,1.0
8991.0,add,0.873597849947558,3031.0,5.0,0.873597849947558,4.0,1.0,0.0,0.0,2.0
8992.0,delete,0.11731916609425042,3031.0,5.0,0.873597849947558,3.0,1.0,0.0,0.0,1.0
8993.0,swap,0.3040764312848323,3031.0,5.0,0.873597849947558,3.0,1.0,0.0,0.0,2.0
8994.0,delete,0.8684525127287878,3032.0,6.0,0.8684525127287878,4.0,0.0,0.0,1.0,1.0
8995.0,add,0.5004528458469759,3032.0,6.0,0.8684525127287878,4.0,0.0,1.0,1.0,1.0
8996.0,delete,0.30230329150181523,3032.0,6.0,0.8684525127287878,3.0,0.0,0.0,1.0,1.0
8997.0,swap,0.8684525127287892,3032.0,6.0,0.8684525127287878,4.0,1.0,0.0,1.0,0.0
8998.0,swap,0.2640584541014069,3033.0,3.0,0.6347738999102155,3.0,2.0,0.0,0.0,0.0
8999.0,change,0.8684525127287892,3034.0,4.0,0.7279493194636235,4.0,1.0,0.0,1.0,1.0
9000.0,change,0.8684525127287892,3035.0,5.0,0.8684525127287892,4.0,1.0,0.0,1.0,1.0
9001.0,add,0.7749676255043497,3035.0,5.0,0.8684525127287892,4.0,1.0,1.0,1.0,1.0
9002.0,delete,0.11663505098597605,3035.0,5.0,0.8684525127287892,3.0,1.0,0.0,1.0,1.0
9003.0,swap,0.1166350509859761,3035.0,5.0,0.8684525127287892,3.0,2.0,0.0,1.0,1.0
9004.0,change,0.8696825154081719,3036.0,3.0,0.5863153502403989,4.0,0.0,0.0,1.0,1.0
9005.0,change,0.8696825154081719,3037.0,4.0,0.8696825154081719,4.0,0.0,0.0,1.0,1.0
9006.0,add,0.8696825154081719,3037.0,4.0,0.8696825154081719,4.0,0.0,0.0,1.0,2.0
9007.0,delete,0.11719131559423906,3037.0,4.0,0.8696825154081719,3.0,0.0,0.0,1.0,1.0
9008.0,swap,0.873597849947558,3037.0,4.0,0.8696825154081719,4.0,1.0,0.0,0.0,1.0
9009.0,swap,0.873597849947558,3038.0,5.0,0.873597849947558,4.0,1.0,0.0,0.0,1.0
9010.0,add,0.873597849947558,3038.0,5.0,0.873597849947558,4.0,1.0,0.0,0.0,2.0
9011.0,delete,0.11731916609425042,3038.0,5.0,0.873597849947558,3.0,1.0,0.0,0.0,1.0
9012.0,swap,0.2677858814627575,3038.0,5.0,0.873597849947558,3.0,1.0,0.0,0.0,2.0
9013.0,delete,0.873597849947558,3039.0,5.0,0.7312174952818766,4.0,1.0,0.0,0.0,0.0
9014.0,delete,0.873597849947558,3040.0,6.0,0.873597849947558,4.0,1.0,0.0,0.0,0.0
9015.0,add,0.873597849947558,3040.0,6.0,0.873597849947558,4.0,2.0,0.0,0.0,0.0
9016.0,delete,0.873597849947558,3040.0,6.0,0.873597849947558,4.0,0.0,0.0,0.0,0.0
9017.0,swap,0.30407643128483264,3040.0,6.0,0.873597849947558,3.0,2.0,0.0,0.0,0.0
9018.0,add,0.873597849947558,3041.0,7.0,0.873597849947558,4.0,2.0,0.0,0.0,0.0
9019.0,add,0.873597849947558,3041.0,7.0,0.873597849947558,4.0,3.0,0.0,0.0,0.0
9020.0,delete,0.30407643128483264,3041.0,7.0,0.873597849947558,3.0,2.0,0.0,0.0,0.0
9021.0,swap,0.873597849947558,3041.0,7.0,0.873597849947558,4.0,1.0,0.0,0.0,1.0
9022.0,add,0.873597849947558,3042.0,5.0,0.873597849947558,4.0,1.0,0.0,0.0,2.0
9023.0,add,0.873597849947558,3042.0,5.0,0.873597849947558,4.0,1.0,0.0,0.0,3.0
9024.0,delete,0.3040764312848323,3042.0,5.0,0.873597849947558,3.0,1.0,0.0,0.0,2.0
9025.0,swap,0.873597849947558,3042.0,5.0,0.873597849947558,4.0,2.0,0.0,0.0,1.0
9026.0,add,0.8696825154081753,3043.0,4.0,0.7596935662150128,4.0,1.0,0.0,1.0,1.0
9027.0,add,0.8696825154081753,3044.0,5.0,0.8696825154081753,4.0,1.0,0.0,1.0,1.0
9028.0,add,0.8696825154081753,3044.0,5.0,0.8696825154081753,4.0,1.0,0.0,1.0,2.0
9029.0,delete,0.11719131559423906,3044.0,5.0,0.8696825154081753,3.0,1.0,0.0,1.0,1.0
9030.0,swap,0.2665990921340152,3044.0,5.0,0.8696825154081753,3.0,1.0,0.0,1.0,2.0
9031.0,delete,0.8018037249982328,3045.0,5.0,0.8211752309372679,4.0,0.0,1.0,0.0,0.0
9032.0,add,0.821175230937266,3045.0,5.0,0.8211752309372679,4.0,1.0,1.0,0.0,0.0
9033.0,delete,0.2860060316462126,3045.0,5.0,0.8211752309372679,3.0,0.0,1.0,0.0,0.0
9034.0,swap,0.873597849947558,3045.0,5.0,0.8211752309372679,4.0,0.0,0.0,0.0,1.0
9035.0,add,0.8684525127287878,3046.0,5.0,0.873597849947558,4.0,0.0,0.0,1.0,1.0
9036.0,delete,0.873597849947558,3046.0,5.0,0.873597849947558,4.0,0.0,0.0,0.0,0.0
9037.0,swap,0.08052111164678309,3046.0,5.0,0.873597849947558,3.0,1.0,0.0,0.0,1.0
9038.0,delete,0.2860060316462126,3047.0,4.0,0.7207516136933074,3.0,0.0,1.0,0.0,1.0
9039.0,delete,0.30407643128483264,3048.0,5.0,0.7421698302561597,3.0,1.0,0.0,0.0,1.0
9040.0,change,0.873597849947558,3049.0,6.0,0.8735978499475604,4.0,1.0,0.0,0.0,1.0
9041.0,add,0.873597849947558,3049.0,6.0,0.8735978499475604,4.0,2.0,0.0,0.0,1.0
9042.0,delete,0.2677858814627575,3049.0,6.0,0.8735978499475604,3.0,1.0,0.0,0.0,1.0
9043.0,swap,0.2665990921340155,3049.0,6.0,0.8735978499475604,3.0,1.0,0.0,1.0,1.0
9044.0,add,0.8684525127287878,3050.0,3.0,0.6564465890908946,4.0,1.0,0.0,1.0,1.0
9045.0,add,0.8684525127287878,3051.0,4.0,0.8684525127287878,4.0,1.0,0.0,1.0,1.0
9046.0,add,0.8684525127287896,3051.0,4.0,0.8684525127287878,4.0,2.0,0.0,1.0,1.0
9047.0,delete,0.8684525127287878,3051.0,4.0,0.8684525127287878,4.0,0.0,0.0,1.0,1.0
9048.0,swap,0.28489235443178557,3051.0,4.0,0.8684525127287878,3.0,2.0,0.0,1.0,1.0
9049.0,delete,0.777037685394518,3052.0,5.0,0.7246750885598834,3.0,0.0,1.0,0.0,0.0
9050.0,add,0.14151733947583658,3052.0,5.0,0.7246750885598834,3.0,0.0,2.0,0.0,0.0
9051.0,delete,0.2226008508411242,3052.0,5.0,0.7246750885598834,2.0,0.0,1.0,0.0,0.0
9052.0,swap,0.30276636134333024,3052.0,5.0,0.7246750885598834,3.0,0.0,0.0,1.0,0.0
9053.0,delete,0.8684525127287878,3053.0,5.0,0.8684525127287878,4.0,0.0,0.0,1.0,1.0
9054.0,add,0.8645604557060148,3053.0,5.0,0.8684525127287878,4.0,0.0,0.0,2.0,1.0
9055.0,delete,0.2677858814627575,3053.0,5.0,0.8684525127287878,3.0,0.0,0.0,1.0,1.0
9056.0,swap,0.8684525127287892,3053.0,5.0,0.8684525127287878,4.0,1.0,0.0,1.0,0.0
9057.0,delete,0.2677858814627575,3054.0,2.0,0.3255760207773851,3.0,0.0,0.0,0.0,1.0
9058.0,add,0.8684525127287878,3055.0,5.0,0.8684525127287878,4.0,1.0,0.0,1.0,1.0
9059.0,add,0.8684525127287878,3055.0,5.0,0.8684525127287878,4.0,2.0,0.0,1.0,1.0
9060.0,delete,0.11663505098597615,3055.0,5.0,0.8684525127287878,3.0,1.0,0.0,1.0,1.0
9061.0,swap,0.2708619107450509,3055.0,5.0,0.8684525127287878,3.0,2.0,0.0,1.0,1.0
9062.0,change,0.8272545845205015,3056.0,3.0,0.6556863929999749,4.0,0.0,1.0,0.0,1.0
9063.0,change,0.851071944807911,3057.0,4.0,0.8272545845205015,4.0,0.0,1.0,0.0,1.0
9064.0,add,0.08999098898782462,3057.0,4.0,0.8272545845205015,4.0,0.0,2.0,0.0,1.0
9065.0,delete,0.8272545845205015,3057.0,4.0,0.8272545845205015,4.0,0.0,1.0,0.0,0.0
9066.0,swap,0.24590087630380894,3057.0,4.0,0.8272545845205015,4.0,0.0,2.0,0.0,0.0
9067.0,delete,0.873597849947558,3058.0,6.0,0.873597849947558,4.0,1.0,0.0,0.0,1.0
9068.0,add,0.8696825154081714,3058.0,6.0,0.873597849947558,4.0,1.0,0.0,1.0,1.0
9069.0,delete,0.2677858814627581,3058.0,6.0,0.873597849947558,3.0,1.0,0.0,0.0,1.0
9070.0,swap,0.873597849947558,3058.0,6.0,0.873597849947558,4.0,1.0,0.0,0.0,1.0
9071.0,delete,0.873597849947558,3059.0,5.0,0.7516523893427207,4.0,0.0,0.0,0.0,2.0
9072.0,add,0.873597849947558,3060.0,6.0,0.873597849947558,4.0,0.0,0.0,0.0,3.0
9073.0,delete,0.873597849947558,3060.0,6.0,0.873597849947558,4.0,0.0,0.0,0.0,1.0
9074.0,swap,0.02857327766613083,3060.0,6.0,0.873597849947558,3.0,1.0,0.0,0.0,2.0
9075.0,swap,0.3040764312848323,3061.0,4.0,0.7140687430444352,3.0,1.0,0.0,0.0,3.0
9076.0,swap,0.8735978499475604,3062.0,7.0,0.873597849947558,4.0,1.0,0.0,0.0,1.0
9077.0,add,0.873597849947558,3062.0,7.0,0.873597849947558,4.0,2.0,0.0,0.0,1.0
9078.0,delete,0.2677858814627577,3062.0,7.0,0.873597849947558,3.0,1.0,0.0,0.0,1.0
9079.0,swap,0.2870651846672428,3062.0,7.0,0.873597849947558,3.0,1.0,1.0,0.0,1.0
9080.0,change,0.6145742188846004,3063.0,4.0,0.7969641203850728,4.0,1.0,1.0,0.0,1.0
9081.0,swap,0.873597849947558,3064.0,6.0,0.873597849947558,4.0,2.0,0.0,0.0,1.0
9082.0,add,0.08678962708540748,3064.0,6.0,0.873597849947558,4.0,2.0,1.0,0.0,1.0
9083.0,delete,0.3040764312848323,3064.0,6.0,0.873597849947558,3.0,2.0,0.0,0.0,1.0
9084.0,swap,0.2677858814627575,3064.0,6.0,0.873597849947558,3.0,2.0,0.0,1.0,1.0
9085.0,add,0.873597849947558,3065.0,4.0,0.7160771810447379,4.0,2.0,0.0,0.0,1.0
9086.0,add,0.873597849947558,3066.0,5.0,0.873597849947558,4.0,2.0,0.0,0.0,1.0
9087.0,add,0.8684525127287896,3066.0,5.0,0.873597849947558,4.0,2.0,0.0,1.0,1.0
9088.0,delete,0.3040764312848323,3066.0,5.0,0.873597849947558,3.0,2.0,0.0,0.0,1.0
9089.0,swap,0.2677858814627581,3066.0,5.0,0.873597849947558,3.0,2.0,0.0,1.0,1.0
9090.0,swap,0.8696825154081768,3067.0,6.0,0.8696825154081753,4.0,1.0,0.0,1.0,1.0
9091.0,add,0.858045746934309,3067.0,6.0,0.8696825154081753,4.0,1.0,0.0,2.0,1.0
9092.0,delete,0.8696825154081719,3067.0,6.0,0.8696825154081753,4.0,0.0,0.0,1.0,1.0
9093.0,swap,0.10976025977900003,3067.0,6.0,0.8696825154081753,3.0,1.0,1.0,1.0,1.0
9094.0,delete,0.7348027308453718,3068.0,6.0,0.778784521629294,4.0,0.0,1.0,0.0,1.0
9095.0,add,0.7787845216292975,3068.0,6.0,0.778784521629294,4.0,1.0,1.0,0.0,1.0
9096.0,delete,0.16105856778387057,3068.0,6.0,0.778784521629294,3.0,0.0,1.0,0.0,1.0
9097.0,swap,0.1995320572447026,3068.0,6.0,0.778784521629294,3.0,1.0,1.0,0.0,1.0
9098.0,change,0.866164230387068,3069.0,4.0,0.7533920426100174,4.0,0.0,0.0,1.0,2.0
9099.0,change,0.866164230387068,3070.0,5.0,0.866164230387068,4.0,0.0,0.0,1.0,2.0
9100.0,add,0.8656452160482963,3070.0,5.0,0.866164230387068,4.0,0.0,1.0,1.0,2.0
9101.0,delete,0.11650794601170936,3070.0,5.0,0.866164230387068,3.0,0.0,0.0,1.0,2.0
9102.0,swap,0.11971947227976665,3070.0,5.0,0.866164230387068,3.0,1.0,0.0,1.0,2.0
9103.0,delete,0.7377852287469285,3071.0,6.0,0.7377852287469285,4.0,0.0,1.0,1.0,0.0
9104.0,add,0.7377852287469285,3071.0,6.0,0.7377852287469285,4.0,1.0,1.0,1.0,0.0
9105.0,delete,0.5734114698197031,3071.0,6.0,0.7377852287469285,3.0,0.0,1.0,1.0,0.0
9106.0,swap,0.11358244251606636,3071.0,6.0,0.7377852287469285,3.0,1.0,1.0,1.0,0.0
9107.0,add,0.21181139706493995,3072.0,5.0,0.7187137266850014,4.0,1.0,1.0,1.0,0.0
9108.0,delete,0.873597849947558,3073.0,5.0,0.873597849947558,4.0,1.0,0.0,0.0,0.0
9109.0,add,0.873597849947558,3073.0,5.0,0.873597849947558,4.0,2.0,0.0,0.0,0.0
9110.0,delete,0.30407643128483264,3073.0,5.0,0.873597849947558,3.0,1.0,0.0,0.0,0.0
9111.0,swap,0.8435031245443907,3073.0,5.0,0.873597849947558,4.0,0.0,1.0,0.0,0.0
9112.0,delete,0.2677858814627581,3074.0,4.0,0.7536746211343794,3.0,1.0,0.0,0.0,1.0
9113.0,change,0.873597849947558,3075.0,4.0,0.6084378294443514,4.0,1.0,0.0,0.0,1.0
9114.0,change,0.873597849947558,3076.0,5.0,0.873597849947558,4.0,1.0,0.0,0.0,1.0
9115.0,add,0.15781635871634195,3076.0,5.0,0.873597849947558,4.0,1.0,1.0,0.0,1.0
9116.0,delete,0.873597849947558,3076.0,5.0,0.873597849947558,4.0,0.0,0.0,0.0,1.0
9117.0,swap,0.12983019061293202,3076.0,5.0,0.873597849947558,3.0,1.0,1.0,0.0,1.0
9118.0,add,0.8696825154081719,3077.0,5.0,0.8696825154081719,4.0,0.0,0.0,1.0,2.0
9119.0,add,0.8696825154081719,3077.0,5.0,0.8696825154081719,4.0,0.0,0.0,1.0,3.0
9120.0,delete,0.873597849947558,3077.0,5.0,0.8696825154081719,4.0,0.0,0.0,0.0,2.0
9121.0,swap,0.06827261365646334,3077.0,5.0,0.8696825154081719,3.0,0.0,1.0,1.0,2.0
9122.0,add,0.9519137029755024,3078.0,6.0,0.940914092861909,4.0,0.0,1.0,1.0,3.0
9123.0,add,0.8905005392514653,3078.0,6.0,0.940914092861909,4.0,0.0,2.0,1.0,3.0
9124.0,delete,0.8621240649435016,3078.0,6.0,0.940914092861909,4.0,0.0,1.0,1.0,2.0
9125.0,swap,0.9450908538355143,3078.0,6.0,0.940914092861909,4.0,1.0,1.0,0.0,3.0
9126.0,add,0.8621240649435059,3079.0,5.0,0.9181086507735785,4.0,1.0,1.0,1.0,2.0
9127.0,add,0.9519137029755024,3080.0,7.0,0.9519137029755024,4.0,0.0,1.0,1.0,3.0
9128.0,add,0.07652115233823127,3080.0,7.0,0.9519137029755024,4.0,0.0,2.0,1.0,3.0
9129.0,delete,0.9519137029755024,3080.0,7.0,0.9519137029755024,4.0,0.0,1.0,1.0,2.0
9130.0,swap,0.2815256728839853,3080.0,7.0,0.9519137029755024,3.0,1.0,1.0,1.0,3.0
9131.0,delete,0.8621240649435016,3081.0,7.0,0.8621240649435016,4.0,0.0,1.0,1.0,2.0
9132.0,add,0.8546613278722855,3081.0,7.0,0.8621240649435016,4.0,0.0,2.0,1.0,2.0
9133.0,delete,0.8660050500918995,3081.0,7.0,0.8621240649435016,4.0,0.0,1.0,0.0,2.0
9134.0,swap,0.08836882729224906,3081.0,7.0,0.8621240649435016,4.0,0.0,2.0,1.0,1.0
9135.0,add,0.8696825154081719,3082.0,5.0,0.8696825154081719,4.0,0.0,0.0,1.0,2.0
9136.0,add,0.5012826636714198,3082.0,5.0,0.8696825154081719,4.0,0.0,1.0,1.0,2.0
9137.0,delete,0.8696825154081719,3082.0,5.0,0.8696825154081719,4.0,0.0,0.0,1.0,1.0
9138.0,swap,0.8645604557060138,3082.0,5.0,0.8696825154081719,4.0,0.0,0.0,2.0,1.0
9139.0,add,0.8696825154081714,3083.0,4.0,0.8696825154081719,4.0,1.0,0.0,1.0,0.0
9140.0,add,0.11868701804082962,3083.0,4.0,0.8696825154081719,4.0,1.0,1.0,1.0,0.0
9141.0,delete,0.3040764312848323,3083.0,4.0,0.8696825154081719,3.0,1.0,0.0,1.0,0.0
9142.0,swap,0.8696825154081719,3083.0,4.0,0.8696825154081719,4.0,1.0,0.0,1.0,0.0
9143.0,change,0.8696825154081719,3084.0,4.0,0.7949781331203898,4.0,0.0,0.0,1.0,2.0
9144.0,change,0.8696825154081719,3085.0,5.0,0.8696825154081719,4.0,0.0,0.0,1.0,2.0
9145.0,add,0.8696825154081719,3085.0,5.0,0.8696825154081719,4.0,0.0,0.0,1.0,3.0
9146.0,delete,0.873597849947558,3085.0,5.0,0.8696825154081719,4.0,0.0,0.0,0.0,2.0
9147.0,swap,0.08393451722310753,3085.0,5.0,0.8696825154081719,4.0,0.0,1.0,1.0,1.0
9148.0,delete,0.8696825154081719,3086.0,6.0,0.8696825154081719,4.0,0.0,0.0,1.0,1.0
9149.0,add,0.8696825154081719,3086.0,6.0,0.8696825154081719,4.0,0.0,0.0,1.0,2.0
9150.0,delete,0.26659909213401567,3086.0,6.0,0.8696825154081719,3.0,0.0,0.0,1.0,1.0
9151.0,swap,0.04742688049202043,3086.0,6.0,0.8696825154081719,3.0,0.0,1.0,1.0,1.0
9152.0,add,0.8696825154081719,3087.0,5.0,0.8696825154081719,4.0,0.0,0.0,1.0,1.0
9153.0,add,0.8696825154081719,3087.0,5.0,0.8696825154081719,4.0,0.0,0.0,1.0,2.0
9154.0,delete,0.3040764312848323,3087.0,5.0,0.8696825154081719,3.0,0.0,0.0,1.0,1.0
9155.0,swap,0.0726079291761244,3087.0,5.0,0.8696825154081719,3.0,0.0,1.0,1.0,1.0
9156.0,delete,0.8696825154081719,3088.0,4.0,0.8696825154081719,4.0,0.0,0.0,1.0,0.0
9157.0,add,0.8696825154081778,3088.0,4.0,0.8696825154081719,4.0,1.0,0.0,1.0,0.0
9158.0,delete,0.3040764312848323,3088.0,4.0,0.8696825154081719,3.0,0.0,0.0,1.0,0.0
9159.0,swap,0.3040764312848323,3088.0,4.0,0.8696825154081719,3.0,0.0,0.0,1.0,1.0
9160.0,add,0.8696825154081719,3089.0,5.0,0.8696825154081719,4.0,0.0,0.0,1.0,1.0
9161.0,add,0.8696825154081719,3089.0,5.0,0.8696825154081719,4.0,0.0,0.0,1.0,2.0
9162.0,delete,0.3040764312848323,3089.0,5.0,0.8696825154081719,3.0,0.0,0.0,1.0,1.0
9163.0,swap,0.11719131559423918,3089.0,5.0,0.8696825154081719,3.0,1.0,0.0,1.0,1.0
9164.0,add,0.873597849947558,3090.0,6.0,0.873597849947558,4.0,0.0,0.0,0.0,1.0
9165.0,delete,0.2677858814627575,3090.0,6.0,0.873597849947558,3.0,0.0,0.0,0.0,0.0
9166.0,swap,0.3040764312848323,3090.0,6.0,0.873597849947558,3.0,0.0,0.0,0.0,1.0
9167.0,add,0.7117382189099142,3091.0,4.0,0.7117382189099154,3.0,1.0,1.0,0.0,0.0
9168.0,add,0.7117382189099154,3091.0,4.0,0.7117382189099154,3.0,1.0,1.0,0.0,1.0
9169.0,delete,0.3040764312848323,3091.0,4.0,0.7117382189099154,3.0,1.0,0.0,0.0,0.0
9170.0,swap,0.21867101845237527,3091.0,4.0,0.7117382189099154,2.0,1.0,1.0,1.0,0.0
9171.0,change,0.873597849947558,3092.0,4.0,0.6385311725180528,4.0,1.0,0.0,0.0,2.0
9172.0,change,0.873597849947558,3093.0,5.0,0.873597849947558,4.0,1.0,0.0,0.0,2.0
9173.0,add,0.873597849947558,3093.0,5.0,0.873597849947558,4.0,1.0,0.0,0.0,3.0
9174.0,delete,0.3040764312848323,3093.0,5.0,0.873597849947558,3.0,1.0,0.0,0.0,2.0
9175.0,swap,0.2677858814627581,3093.0,5.0,0.873597849947558,3.0,1.0,0.0,1.0,2.0
9176.0,add,0.873597849947558,3094.0,5.0,0.873597849947558,4.0,0.0,0.0,0.0,3.0
9177.0,delete,0.1721723516748124,3094.0,5.0,0.873597849947558,3.0,0.0,0.0,0.0,2.0
9178.0,swap,0.06774157790228062,3094.0,5.0,0.873597849947558,4.0,0.0,1.0,0.0,1.0
9179.0,delete,0.11731916609425036,3095.0,5.0,0.7578814318633832,3.0,2.0,0.0,0.0,1.0
9180.0,add,0.8664923993559438,3096.0,5.0,0.8696777996540497,4.0,0.0,1.0,1.0,1.0
9181.0,add,0.8696777996540501,3096.0,5.0,0.8696777996540497,4.0,1.0,1.0,1.0,1.0
9182.0,delete,0.26628820020434824,3096.0,5.0,0.8696777996540497,3.0,0.0,1.0,1.0,1.0
9183.0,swap,0.8735931127618067,3096.0,5.0,0.8696777996540497,4.0,0.0,1.0,0.0,2.0
9184.0,change,0.8729567426156545,3097.0,5.0,0.869295875378996,4.0,0.0,1.0,0.0,1.0
9185.0,add,0.869295875378996,3097.0,5.0,0.869295875378996,4.0,0.0,1.0,0.0,2.0
9186.0,delete,0.30259393071023044,3097.0,5.0,0.869295875378996,3.0,0.0,1.0,0.0,1.0
9187.0,swap,0.873597849947558,3097.0,5.0,0.869295875378996,4.0,0.0,0.0,0.0,2.0
9188.0,change,0.7906130811752805,3098.0,3.0,0.688263757253207,4.0,0.0,1.0,0.0,1.0
9189.0,change,0.836653335528527,3099.0,4.0,0.7906130811752805,4.0,0.0,1.0,0.0,1.0
9190.0,add,0.790613081175281,3099.0,4.0,0.7906130811752805,4.0,1.0,1.0,0.0,1.0
9191.0,delete,0.28507242105692787,3099.0,4.0,0.7906130811752805,3.0,0.0,1.0,0.0,1.0
9192.0,swap,0.08042119937431277,3099.0,4.0,0.7906130811752805,3.0,0.0,2.0,0.0,1.0
9193.0,add,0.8696825154081719,3100.0,5.0,0.8696825154081719,4.0,0.0,0.0,1.0,2.0
9194.0,add,0.8657855661243155,3100.0,5.0,0.8696825154081719,4.0,0.0,0.0,2.0,2.0
9195.0,delete,0.8696825154081719,3100.0,5.0,0.8696825154081719,4.0,0.0,0.0,1.0,1.0
9196.0,swap,0.24922163053662091,3100.0,5.0,0.8696825154081719,3.0,0.0,1.0,1.0,2.0
9197.0,add,0.8696825154081714,3101.0,4.0,0.7448109485770904,4.0,1.0,0.0,1.0,1.0
9198.0,add,0.8696825154081714,3102.0,5.0,0.8696825154081714,4.0,1.0,0.0,1.0,1.0
9199.0,add,0.8488105502198122,3102.0,5.0,0.8696825154081714,4.0,1.0,1.0,1.0,1.0
9200.0,delete,0.8696825154081714,3102.0,5.0,0.8696825154081714,4.0,1.0,0.0,1.0,0.0
9201.0,swap,0.11944329444129652,3102.0,5.0,0.8696825154081714,3.0,2.0,0.0,1.0,1.0
9202.0,delete,0.8696825154081719,3103.0,6.0,0.8696825154081719,4.0,0.0,0.0,1.0,1.0
9203.0,add,0.643230131001864,3103.0,6.0,0.8696825154081719,4.0,0.0,1.0,1.0,1.0
9204.0,delete,0.873597849947558,3103.0,6.0,0.8696825154081719,4.0,0.0,0.0,0.0,1.0
9205.0,swap,0.26659909213401567,3103.0,6.0,0.8696825154081719,3.0,1.0,0.0,1.0,1.0
9206.0,change,0.8696825154081719,3104.0,5.0,0.8696825154081719,4.0,0.0,0.0,1.0,1.0
9207.0,add,0.8645604557060138,3104.0,5.0,0.8696825154081719,4.0,0.0,0.0,2.0,1.0
9208.0,delete,0.8696825154081719,3104.0,5.0,0.8696825154081719,4.0,0.0,0.0,1.0,0.0
9209.0,swap,0.10839831397065865,3104.0,5.0,0.8696825154081719,3.0,0.0,1.0,1.0,1.0
9210.0,add,0.8696825154081719,3105.0,4.0,0.711033265875906,4.0,0.0,0.0,1.0,2.0
9211.0,add,0.8696825154081719,3106.0,5.0,0.8696825154081719,4.0,0.0,0.0,1.0,2.0
9212.0,add,0.8696825154081786,3106.0,5.0,0.8696825154081719,4.0,1.0,0.0,1.0,2.0
9213.0,delete,0.3040764312848323,3106.0,5.0,0.8696825154081719,3.0,0.0,0.0,1.0,2.0
9214.0,swap,0.3040764312848323,3106.0,5.0,0.8696825154081719,3.0,0.0,0.0,1.0,3.0
9215.0,change,0.8696825154081719,3107.0,4.0,0.7164012631802377,4.0,0.0,0.0,1.0,1.0
9216.0,change,0.8696825154081719,3108.0,5.0,0.8696825154081719,4.0,0.0,0.0,1.0,1.0
9217.0,add,0.858045746934309,3108.0,5.0,0.8696825154081719,4.0,0.0,0.0,2.0,1.0
9218.0,delete,0.11719131559423906,3108.0,5.0,0.8696825154081719,3.0,0.0,0.0,1.0,1.0
9219.0,swap,0.8696825154081753,3108.0,5.0,0.8696825154081719,4.0,1.0,0.0,1.0,0.0
9220.0,delete,0.8696825154081719,3109.0,6.0,0.8696825154081719,4.0,0.0,0.0,1.0,0.0
9221.0,add,0.8696825154081739,3109.0,6.0,0.8696825154081719,4.0,1.0,0.0,1.0,0.0
9222.0,delete,0.30276636134333024,3109.0,6.0,0.8696825154081719,3.0,0.0,0.0,1.0,0.0
9223.0,swap,0.30276636134333035,3109.0,6.0,0.8696825154081719,3.0,1.0,0.0,1.0,0.0
9224.0,add,0.8696825154081719,3110.0,6.0,0.8696825154081719,4.0,0.0,0.0,1.0,2.0
9225.0,add,0.8696825154081753,3110.0,6.0,0.8696825154081719,4.0,1.0,0.0,1.0,2.0
9226.0,delete,0.873597849947558,3110.0,6.0,0.8696825154081719,4.0,0.0,0.0,0.0,2.0
9227.0,swap,0.30276636134333024,3110.0,6.0,0.8696825154081719,3.0,0.0,0.0,2.0,2.0
9228.0,add,0.11867746648350659,3111.0,4.0,0.11867746648350659,4.0,0.0,1.0,1.0,1.0
9229.0,add,0.11867746648350644,3111.0,4.0,0.11867746648350659,4.0,1.0,1.0,1.0,1.0
9230.0,delete,0.11920167243689449,3111.0,4.0,0.11867746648350659,4.0,0.0,1.0,0.0,1.0
9231.0,swap,0.042145884135615944,3111.0,4.0,0.11867746648350659,3.0,0.0,1.0,1.0,2.0
9232.0,add,0.8684525127287878,3112.0,4.0,0.8684525127287878,4.0,0.0,0.0,1.0,1.0
9233.0,add,0.666983944342572,3112.0,4.0,0.8684525127287878,4.0,0.0,1.0,1.0,1.0
9234.0,delete,0.2677858814627575,3112.0,4.0,0.8684525127287878,3.0,0.0,0.0,1.0,1.0
9235.0,swap,0.2677858814627575,3112.0,4.0,0.8684525127287878,3.0,0.0,0.0,1.0,2.0
9236.0,change,0.8696825154081719,3113.0,4.0,0.7101836019657074,4.0,0.0,0.0,1.0,2.0
9237.0,change,0.8696825154081719,3114.0,5.0,0.8696825154081719,4.0,0.0,0.0,1.0,2.0
9238.0,add,0.8696825154081719,3114.0,5.0,0.8696825154081719,4.0,0.0,0.0,1.0,3.0
9239.0,delete,0.08170900572249233,3114.0,5.0,0.8696825154081719,3.0,0.0,0.0,1.0,2.0
9240.0,swap,0.8684336761041985,3114.0,5.0,0.8696825154081719,4.0,0.0,0.0,1.0,2.0
9241.0,add,0.873597849947558,3115.0,6.0,0.873597849947558,4.0,1.0,0.0,0.0,2.0
9242.0,delete,0.873597849947558,3115.0,6.0,0.873597849947558,4.0,0.0,0.0,0.0,1.0
9243.0,swap,0.0526397319244841,3115.0,6.0,0.873597849947558,3.0,0.0,1.0,0.0,2.0
9244.0,add,0.8529928645617535,3116.0,6.0,0.8529928645617535,4.0,1.0,0.0,3.0,0.0
9245.0,add,0.8529928645617535,3116.0,6.0,0.8529928645617535,4.0,1.0,0.0,3.0,1.0
9246.0,delete,0.8529928645617515,3116.0,6.0,0.8529928645617535,4.0,0.0,0.0,3.0,0.0
9247.0,swap,0.29712815729666237,3116.0,6.0,0.8529928645617535,3.0,2.0,0.0,3.0,0.0
9248.0,add,0.8529928645617515,3117.0,6.0,0.8529928645617515,4.0,0.0,0.0,3.0,0.0
9249.0,add,0.8529928645617525,3117.0,6.0,0.8529928645617515,4.0,1.0,0.0,3.0,0.0
9250.0,delete,0.26307148112248935,3117.0,6.0,0.8529928645617515,3.0,0.0,0.0,3.0,0.0
9251.0,swap,0.29712815729666203,3117.0,6.0,0.8529928645617515,3.0,0.0,0.0,4.0,0.0
9252.0,add,0.858045746934309,3118.0,6.0,0.8580457469343086,4.0,1.0,0.0,2.0,1.0
9253.0,add,0.8390105616904175,3118.0,6.0,0.8580457469343086,4.0,1.0,0.0,3.0,1.0
9254.0,delete,0.8580457469343086,3118.0,6.0,0.8580457469343086,4.0,1.0,0.0,2.0,0.0
9255.0,swap,0.8580457469343086,3118.0,6.0,0.8580457469343086,4.0,2.0,0.0,2.0,0.0
9256.0,add,0.8696825154081719,3119.0,3.0,0.6715225371457388,4.0,0.0,0.0,1.0,2.0
9257.0,add,0.8696825154081719,3120.0,4.0,0.8696825154081719,4.0,0.0,0.0,1.0,2.0
9258.0,add,0.8696825154081719,3120.0,4.0,0.8696825154081719,4.0,0.0,0.0,1.0,3.0
9259.0,delete,0.3040764312848323,3120.0,4.0,0.8696825154081719,3.0,0.0,0.0,1.0,2.0
9260.0,swap,0.8696825154081714,3120.0,4.0,0.8696825154081719,4.0,1.0,0.0,1.0,1.0
9261.0,add,0.8696825154081719,3121.0,5.0,0.8696825154081719,4.0,0.0,0.0,1.0,2.0
9262.0,add,0.8696825154081719,3121.0,5.0,0.8696825154081719,4.0,0.0,0.0,1.0,3.0
9263.0,delete,0.3040764312848323,3121.0,5.0,0.8696825154081719,3.0,0.0,0.0,1.0,2.0
9264.0,swap,0.3040764312848323,3121.0,5.0,0.8696825154081719,3.0,0.0,0.0,1.0,3.0
9265.0,change,0.8696825154081768,3122.0,3.0,0.6063621991100354,4.0,1.0,0.0,1.0,0.0
9266.0,change,0.8696825154081719,3123.0,4.0,0.8696825154081768,4.0,1.0,0.0,1.0,0.0
9267.0,add,0.8657855661243155,3123.0,4.0,0.8696825154081768,4.0,1.0,0.0,2.0,0.0
9268.0,delete,0.30276636134333024,3123.0,4.0,0.8696825154081768,3.0,1.0,0.0,1.0,0.0
9269.0,swap,0.43808534839832136,3123.0,4.0,0.8696825154081768,3.0,1.0,1.0,1.0,0.0
9270.0,change,0.858045746934309,3124.0,4.0,0.6784379492434306,4.0,0.0,0.0,2.0,1.0
9271.0,change,0.858045746934309,3125.0,5.0,0.858045746934309,4.0,0.0,0.0,2.0,1.0
9272.0,add,0.8542034082486691,3125.0,5.0,0.858045746934309,4.0,0.0,0.0,3.0,1.0
9273.0,delete,0.858045746934309,3125.0,5.0,0.858045746934309,4.0,0.0,0.0,2.0,0.0
9274.0,swap,0.7944235071990752,3125.0,5.0,0.858045746934309,4.0,0.0,1.0,2.0,0.0
9275.0,change,0.8696825154081719,3126.0,5.0,0.8696825154081719,4.0,1.0,0.0,1.0,0.0
9276.0,add,0.8645604557060138,3126.0,5.0,0.8696825154081719,4.0,1.0,0.0,2.0,0.0
9277.0,delete,0.30276636134333035,3126.0,5.0,0.8696825154081719,3.0,1.0,0.0,1.0,0.0
9278.0,swap,0.873597849947558,3126.0,5.0,0.8696825154081719,4.0,1.0,0.0,0.0,1.0
9279.0,change,0.8696825154081753,3127.0,3.0,0.6634586060455405,4.0,1.0,0.0,1.0,0.0
9280.0,change,0.8696825154081753,3128.0,4.0,0.8696825154081753,4.0,1.0,0.0,1.0,0.0
9281.0,add,0.8645604557060095,3128.0,4.0,0.8696825154081753,4.0,1.0,0.0,2.0,0.0
9282.0,delete,0.873597849947558,3128.0,4.0,0.8696825154081753,4.0,1.0,0.0,0.0,0.0
9283.0,swap,0.30407643128483275,3128.0,4.0,0.8696825154081753,3.0,1.0,0.0,1.0,1.0
9284.0,add,0.8696825154081719,3129.0,4.0,0.8696825154081719,4.0,1.0,0.0,1.0,1.0
9285.0,add,0.8696825154081719,3129.0,4.0,0.8696825154081719,4.0,1.0,0.0,1.0,2.0
9286.0,delete,0.3040764312848323,3129.0,4.0,0.8696825154081719,3.0,1.0,0.0,1.0,1.0
9287.0,swap,0.8696825154081786,3129.0,4.0,0.8696825154081719,4.0,2.0,0.0,1.0,0.0
9288.0,add,0.8674196776048133,3130.0,3.0,0.7565612985835053,4.0,1.0,1.0,1.0,0.0
9289.0,add,0.8674196776048133,3131.0,4.0,0.8674196776048133,4.0,1.0,1.0,1.0,0.0
9290.0,add,0.8674196776048133,3131.0,4.0,0.8674196776048133,4.0,1.0,1.0,1.0,1.0
9291.0,delete,0.8713243357299207,3131.0,4.0,0.8674196776048133,4.0,1.0,1.0,0.0,0.0
9292.0,swap,0.8713243357299207,3131.0,4.0,0.8674196776048133,4.0,2.0,1.0,0.0,0.0
9293.0,delete,0.8713243357299207,3132.0,5.0,0.8713243357299207,4.0,1.0,1.0,0.0,0.0
9294.0,add,0.8713243357299207,3132.0,5.0,0.8713243357299207,4.0,1.0,1.0,0.0,1.0
9295.0,delete,0.8713243357299207,3132.0,5.0,0.8713243357299207,4.0,0.0,1.0,0.0,0.0
9296.0,swap,0.267096756695902,3132.0,5.0,0.8713243357299207,3.0,1.0,1.0,0.0,1.0
9297.0,add,0.4235599367225047,3133.0,3.0,0.7863417115055336,4.0,1.0,1.0,1.0,0.0
9298.0,add,0.8693259186981074,3134.0,5.0,0.8674196776048133,4.0,1.0,1.0,1.0,0.0
9299.0,add,0.8674196776048133,3134.0,5.0,0.8674196776048133,4.0,2.0,1.0,1.0,0.0
9300.0,delete,0.26591317871815684,3134.0,5.0,0.8674196776048133,3.0,1.0,1.0,1.0,0.0
9301.0,swap,0.7411645559054085,3134.0,5.0,0.8674196776048133,4.0,1.0,1.0,1.0,0.0
9302.0,add,0.7938039968821735,3135.0,5.0,0.8674196776048133,4.0,1.0,1.0,1.0,1.0
9303.0,add,0.8558146217680442,3135.0,5.0,0.8674196776048133,4.0,1.0,1.0,2.0,1.0
9304.0,delete,0.8674196776048133,3135.0,5.0,0.8674196776048133,4.0,1.0,1.0,1.0,0.0
9305.0,swap,0.06951810976458336,3135.0,5.0,0.8674196776048133,4.0,0.0,2.0,1.0,1.0
9306.0,swap,0.8696825154081729,3136.0,5.0,0.8696825154081786,4.0,2.0,0.0,1.0,0.0
9307.0,add,0.8645604557060099,3136.0,5.0,0.8696825154081786,4.0,2.0,0.0,2.0,0.0
9308.0,delete,0.8696825154081749,3136.0,5.0,0.8696825154081786,4.0,1.0,0.0,1.0,0.0
9309.0,swap,0.08015258022012856,3136.0,5.0,0.8696825154081786,4.0,2.0,1.0,0.0,0.0
9310.0,change,0.8674196776048124,3137.0,4.0,0.7222486017062598,4.0,1.0,1.0,1.0,0.0
9311.0,change,0.8674196776048114,3138.0,5.0,0.8674196776048124,4.0,1.0,1.0,1.0,0.0
9312.0,add,0.0887615652968278,3138.0,5.0,0.8674196776048124,4.0,1.0,2.0,1.0,0.0
9313.0,delete,0.26591317871815656,3138.0,5.0,0.8674196776048124,3.0,1.0,1.0,1.0,0.0
9314.0,swap,0.8674196776048124,3138.0,5.0,0.8674196776048124,4.0,1.0,1.0,1.0,0.0
9315.0,delete,0.873597849947558,3139.0,5.0,0.873597849947558,4.0,1.0,0.0,0.0,0.0
9316.0,add,0.873597849947558,3139.0,5.0,0.873597849947558,4.0,1.0,0.0,0.0,1.0
9317.0,delete,0.2677858814627581,3139.0,5.0,0.873597849947558,3.0,1.0,0.0,0.0,0.0
9318.0,swap,0.051835076526316935,3139.0,5.0,0.873597849947558,3.0,1.0,1.0,0.0,0.0
9319.0,add,0.8696825154081719,3140.0,5.0,0.8696825154081719,4.0,1.0,0.0,1.0,1.0
9320.0,add,0.1433342115266389,3140.0,5.0,0.8696825154081719,4.0,1.0,1.0,1.0,1.0
9321.0,delete,0.8696825154081719,3140.0,5.0,0.8696825154081719,4.0,0.0,0.0,1.0,1.0
9322.0,swap,0.8696825154081719,3140.0,5.0,0.8696825154081719,4.0,1.0,0.0,1.0,1.0
9323.0,change,0.8696825154081719,3141.0,4.0,0.7244128546318652,4.0,1.0,0.0,1.0,1.0
9324.0,change,0.8696825154081768,3142.0,5.0,0.8696825154081719,4.0,1.0,0.0,1.0,1.0
9325.0,add,0.8696825154081719,3142.0,5.0,0.8696825154081719,4.0,1.0,0.0,1.0,2.0
9326.0,delete,0.11682971704228423,3142.0,5.0,0.8696825154081719,3.0,1.0,0.0,1.0,1.0
9327.0,swap,0.7531963706865316,3142.0,5.0,0.8696825154081719,3.0,1.0,1.0,1.0,1.0
9328.0,add,0.8645604557060114,3143.0,3.0,0.6984192895127431,4.0,1.0,0.0,2.0,0.0
9329.0,add,0.8645604557060114,3144.0,4.0,0.8645604557060114,4.0,1.0,0.0,2.0,0.0
9330.0,add,0.8645604557060114,3144.0,4.0,0.8645604557060114,4.0,1.0,0.0,2.0,1.0
9331.0,delete,0.8696825154081719,3144.0,4.0,0.8645604557060114,4.0,1.0,0.0,1.0,0.0
9332.0,swap,0.8610628918855857,3144.0,4.0,0.8645604557060114,4.0,0.0,0.0,2.0,1.0
9333.0,delete,0.8696825154081768,3145.0,5.0,0.8696825154081719,4.0,1.0,0.0,1.0,0.0
9334.0,add,0.4410024227825002,3145.0,5.0,0.8696825154081719,4.0,1.0,1.0,1.0,0.0
9335.0,delete,0.26659909213401584,3145.0,5.0,0.8696825154081719,3.0,1.0,0.0,1.0,0.0
9336.0,swap,0.8696825154081786,3145.0,5.0,0.8696825154081719,4.0,1.0,0.0,1.0,0.0
9337.0,add,0.8645604557060114,3146.0,5.0,0.8645604557060114,4.0,1.0,0.0,2.0,0.0
9338.0,add,0.32881064261314363,3146.0,5.0,0.8645604557060114,4.0,1.0,1.0,2.0,0.0
9339.0,delete,0.30230329150181523,3146.0,5.0,0.8645604557060114,3.0,1.0,0.0,2.0,0.0
9340.0,swap,0.301000955594905,3146.0,5.0,0.8645604557060114,3.0,1.0,0.0,3.0,0.0
9341.0,swap,0.26541783293582727,3147.0,4.0,0.7107521164301329,3.0,1.0,0.0,2.0,1.0
9342.0,add,0.8635407820124312,3148.0,4.0,0.6907952167248855,4.0,1.0,1.0,2.0,0.0
9343.0,add,0.8635407820124312,3149.0,5.0,0.8635407820124312,4.0,1.0,1.0,2.0,0.0
9344.0,add,0.2111480164845226,3149.0,5.0,0.8635407820124312,4.0,1.0,2.0,2.0,0.0
9345.0,delete,0.8635407820124307,3149.0,5.0,0.8635407820124312,4.0,0.0,1.0,2.0,0.0
9346.0,swap,0.3321468691992649,3149.0,5.0,0.8635407820124312,3.0,2.0,1.0,2.0,0.0
9347.0,add,0.8657855661243155,3150.0,3.0,0.6491753196261711,4.0,0.0,0.0,2.0,1.0
9348.0,add,0.8657855661243155,3151.0,4.0,0.8657855661243155,4.0,0.0,0.0,2.0,1.0
9349.0,add,0.08539585074251542,3151.0,4.0,0.8657855661243155,4.0,0.0,1.0,2.0,1.0
9350.0,delete,0.8696825154081719,3151.0,4.0,0.8657855661243155,4.0,0.0,0.0,1.0,1.0
9351.0,swap,0.5153180718755425,3151.0,4.0,0.8657855661243155,4.0,0.0,1.0,1.0,1.0
9352.0,swap,0.21510156985998308,3152.0,3.0,0.21510156985998308,3.0,1.0,0.0,1.0,0.0
9353.0,add,0.21510156985998308,3152.0,3.0,0.21510156985998308,3.0,1.0,0.0,1.0,1.0
9354.0,delete,0.30276636134333024,3152.0,3.0,0.21510156985998308,3.0,0.0,0.0,1.0,0.0
9355.0,swap,0.0658797866362445,3152.0,3.0,0.21510156985998308,2.0,1.0,0.0,2.0,0.0
9356.0,add,0.873597849947558,3153.0,2.0,0.5840880395824968,4.0,2.0,0.0,0.0,0.0
9357.0,add,0.873597849947558,3154.0,3.0,0.873597849947558,4.0,2.0,0.0,0.0,0.0
9358.0,add,0.873597849947558,3154.0,3.0,0.873597849947558,4.0,2.0,0.0,0.0,1.0
9359.0,delete,0.873597849947558,3154.0,3.0,0.873597849947558,4.0,1.0,0.0,0.0,0.0
9360.0,swap,0.1001490731698419,3154.0,3.0,0.873597849947558,3.0,2.0,1.0,0.0,0.0
9361.0,delete,0.873597849947558,3155.0,4.0,0.873597849947558,4.0,1.0,0.0,0.0,0.0
9362.0,add,0.12772592715736536,3155.0,4.0,0.873597849947558,4.0,1.0,1.0,0.0,0.0
9363.0,delete,0.3040764312848323,3155.0,4.0,0.873597849947558,3.0,1.0,0.0,0.0,0.0
9364.0,swap,0.3040764312848323,3155.0,4.0,0.873597849947558,3.0,1.0,0.0,1.0,0.0
9365.0,delete,0.8696825154081719,3156.0,6.0,0.8696825154081719,4.0,0.0,0.0,1.0,1.0
9366.0,add,0.8696825154081768,3156.0,6.0,0.8696825154081719,4.0,1.0,0.0,1.0,1.0
9367.0,delete,0.26659909213401567,3156.0,6.0,0.8696825154081719,3.0,0.0,0.0,1.0,1.0
9368.0,swap,0.12655306101014396,3156.0,6.0,0.8696825154081719,3.0,1.0,0.0,1.0,1.0
9369.0,add,0.8696825154081719,3157.0,5.0,0.8696825154081719,4.0,0.0,0.0,1.0,2.0
9370.0,add,0.8696825154081719,3157.0,5.0,0.8696825154081719,4.0,0.0,0.0,1.0,3.0
9371.0,delete,0.8696825154081719,3157.0,5.0,0.8696825154081719,4.0,0.0,0.0,1.0,1.0
9372.0,swap,0.04171299079536746,3157.0,5.0,0.8696825154081719,3.0,1.0,0.0,1.0,2.0
9373.0,add,0.8696825154081719,3158.0,3.0,0.6499003361018286,4.0,1.0,0.0,1.0,1.0
9374.0,add,0.8696825154081719,3159.0,4.0,0.8696825154081719,4.0,1.0,0.0,1.0,1.0
9375.0,add,0.8645604557060095,3159.0,4.0,0.8696825154081719,4.0,1.0,0.0,2.0,1.0
9376.0,delete,0.30276636134333035,3159.0,4.0,0.8696825154081719,3.0,1.0,0.0,1.0,1.0
9377.0,swap,0.08171536525452033,3159.0,4.0,0.8696825154081719,3.0,1.0,0.0,1.0,2.0
9378.0,add,0.8696825154081719,3160.0,5.0,0.8696825154081719,4.0,0.0,0.0,1.0,2.0
9379.0,add,0.8696825154081719,3160.0,5.0,0.8696825154081719,4.0,0.0,0.0,1.0,3.0
9380.0,delete,0.8696825154081719,3160.0,5.0,0.8696825154081719,4.0,0.0,0.0,1.0,1.0
9381.0,swap,0.8684336761041985,3160.0,5.0,0.8696825154081719,4.0,0.0,0.0,1.0,2.0
9382.0,add,0.08849661614999868,3161.0,4.0,0.8694327475473772,4.0,0.0,1.0,1.0,1.0
9383.0,add,0.8696825154081719,3162.0,6.0,0.8696825154081719,4.0,0.0,0.0,1.0,3.0
9384.0,add,0.18582027702148346,3162.0,6.0,0.8696825154081719,4.0,0.0,1.0,1.0,3.0
9385.0,delete,0.11719131559423906,3162.0,6.0,0.8696825154081719,3.0,0.0,0.0,1.0,3.0
9386.0,swap,0.873597849947558,3162.0,6.0,0.8696825154081719,4.0,0.0,0.0,0.0,4.0
9387.0,delete,0.26591317871815595,3163.0,4.0,0.7504788199231169,3.0,1.0,1.0,1.0,0.0
9388.0,delete,0.858045746934309,3164.0,6.0,0.858045746934309,4.0,0.0,0.0,2.0,0.0
9389.0,add,0.8542034082486691,3164.0,6.0,0.858045746934309,4.0,0.0,0.0,3.0,0.0
9390.0,delete,0.26307148112248957,3164.0,6.0,0.858045746934309,3.0,0.0,0.0,2.0,0.0
9391.0,swap,0.030511868513098363,3164.0,6.0,0.858045746934309,3.0,1.0,0.0,2.0,0.0
9392.0,delete,0.8696825154081719,3165.0,5.0,0.8696825154081719,4.0,0.0,0.0,1.0,0.0
9393.0,add,0.8657855661243155,3165.0,5.0,0.8696825154081719,4.0,0.0,0.0,2.0,0.0
9394.0,delete,0.3040764312848323,3165.0,5.0,0.8696825154081719,3.0,0.0,0.0,1.0,0.0
9395.0,swap,0.8684525127287878,3165.0,5.0,0.8696825154081719,4.0,0.0,0.0,1.0,0.0
9396.0,delete,0.26659909213401567,3166.0,4.0,0.7555359081908559,3.0,0.0,0.0,2.0,0.0
9397.0,add,0.873597849947558,3167.0,5.0,0.873597849947558,4.0,1.0,0.0,0.0,1.0
9398.0,add,0.5542100813829899,3167.0,5.0,0.873597849947558,4.0,1.0,1.0,0.0,1.0
9399.0,delete,0.2677858814627575,3167.0,5.0,0.873597849947558,3.0,1.0,0.0,0.0,1.0
9400.0,swap,0.08468831821105625,3167.0,5.0,0.873597849947558,3.0,1.0,1.0,0.0,1.0
9401.0,change,0.858045746934309,3168.0,6.0,0.858045746934309,4.0,0.0,0.0,2.0,0.0
9402.0,add,0.8580457469343095,3168.0,6.0,0.858045746934309,4.0,1.0,0.0,2.0,0.0
9403.0,delete,0.26307148112248957,3168.0,6.0,0.858045746934309,3.0,0.0,0.0,2.0,0.0
9404.0,swap,0.24232863822504427,3168.0,6.0,0.858045746934309,3.0,0.0,1.0,2.0,0.0
9405.0,change,0.8696825154081753,3169.0,4.0,0.6839886466388332,4.0,1.0,0.0,1.0,0.0
9406.0,change,0.8696825154081753,3170.0,5.0,0.8696825154081753,4.0,1.0,0.0,1.0,0.0
9407.0,add,0.20526233930975482,3170.0,5.0,0.8696825154081753,4.0,1.0,1.0,1.0,0.0
9408.0,delete,0.8696825154081719,3170.0,5.0,0.8696825154081753,4.0,0.0,0.0,1.0,0.0
9409.0,swap,0.2724772812662509,3170.0,5.0,0.8696825154081753,3.0,1.0,1.0,1.0,0.0
9410.0,add,0.8696825154081719,3171.0,4.0,0.6339954885056611,4.0,1.0,0.0,1.0,0.0
9411.0,add,0.8696825154081763,3172.0,5.0,0.8696825154081719,4.0,1.0,0.0,1.0,0.0
9412.0,add,0.8684336761041985,3172.0,5.0,0.8696825154081719,4.0,1.0,0.0,1.0,1.0
9413.0,delete,0.2665990921340155,3172.0,5.0,0.8696825154081719,3.0,1.0,0.0,1.0,0.0
9414.0,swap,0.26541783293582716,3172.0,5.0,0.8696825154081719,3.0,1.0,0.0,2.0,0.0
9415.0,add,0.19826776119869782,3173.0,3.0,0.6359446139286742,4.0,1.0,1.0,0.0,0.0
9416.0,swap,0.873597849947558,3174.0,4.0,0.873597849947558,4.0,1.0,0.0,0.0,1.0
9417.0,add,0.873597849947558,3174.0,4.0,0.873597849947558,4.0,2.0,0.0,0.0,1.0
9418.0,delete,0.3040764312848323,3174.0,4.0,0.873597849947558,3.0,1.0,0.0,0.0,1.0
9419.0,swap,0.8696825154081719,3174.0,4.0,0.873597849947558,4.0,1.0,0.0,1.0,0.0
9420.0,add,0.8684525127287896,3175.0,6.0,0.8684525127287915,4.0,3.0,0.0,1.0,1.0
9421.0,add,0.8645604557060153,3175.0,6.0,0.8684525127287915,4.0,3.0,0.0,2.0,1.0
9422.0,delete,0.30230329150181523,3175.0,6.0,0.8684525127287915,3.0,3.0,0.0,1.0,1.0
9423.0,swap,0.513379766875822,3175.0,6.0,0.8684525127287915,4.0,3.0,1.0,0.0,1.0
9424.0,add,0.8696825154081719,3176.0,6.0,0.8696825154081719,4.0,1.0,0.0,1.0,1.0
9425.0,add,0.8696825154081719,3176.0,6.0,0.8696825154081719,4.0,1.0,0.0,1.0,2.0
9426.0,delete,0.2665990921340155,3176.0,6.0,0.8696825154081719,3.0,1.0,0.0,1.0,1.0
9427.0,swap,0.08170900572249233,3176.0,6.0,0.8696825154081719,3.0,1.0,0.0,2.0,1.0
9428.0,add,0.858045746934309,3177.0,5.0,0.858045746934309,4.0,1.0,0.0,2.0,1.0
9429.0,add,0.858045746934309,3177.0,5.0,0.858045746934309,4.0,1.0,0.0,2.0,2.0
9430.0,delete,0.3040764312848323,3177.0,5.0,0.858045746934309,3.0,1.0,0.0,2.0,1.0
9431.0,swap,0.2630714811224898,3177.0,5.0,0.858045746934309,3.0,2.0,0.0,2.0,1.0
9432.0,delete,0.873597849947558,3178.0,6.0,0.873597849947558,4.0,2.0,0.0,0.0,0.0
9433.0,add,0.8696825154081768,3178.0,6.0,0.873597849947558,4.0,2.0,0.0,1.0,0.0
9434.0,delete,0.873597849947558,3178.0,6.0,0.873597849947558,4.0,1.0,0.0,0.0,0.0
9435.0,swap,0.5534078103975449,3178.0,6.0,0.873597849947558,4.0,1.0,1.0,0.0,0.0
9436.0,add,0.24652248044618497,3179.0,4.0,0.7405866405667716,4.0,2.0,1.0,0.0,0.0
9437.0,delete,0.30407643128483264,3180.0,4.0,0.6385311725180528,3.0,2.0,0.0,0.0,0.0
9438.0,add,0.8696825154081719,3181.0,6.0,0.8696825154081719,4.0,0.0,0.0,1.0,2.0
9439.0,add,0.8696825154081719,3181.0,6.0,0.8696825154081719,4.0,0.0,0.0,1.0,3.0
9440.0,delete,0.3040764312848323,3181.0,6.0,0.8696825154081719,3.0,0.0,0.0,1.0,2.0
9441.0,swap,0.26659909213401567,3181.0,6.0,0.8696825154081719,3.0,0.0,0.0,2.0,2.0
9442.0,change,0.8684525127287878,3182.0,5.0,0.7430261406415368,4.0,1.0,0.0,1.0,1.0
9443.0,change,0.8684525127287878,3183.0,6.0,0.8684525127287878,4.0,1.0,0.0,1.0,1.0
9444.0,add,0.8633374806385169,3183.0,6.0,0.8684525127287878,4.0,1.0,0.0,1.0,2.0
9445.0,delete,0.30028818464459645,3183.0,6.0,0.8684525127287878,3.0,1.0,0.0,1.0,1.0
9446.0,swap,0.10517495240361784,3183.0,6.0,0.8684525127287878,4.0,1.0,1.0,0.0,1.0
9447.0,change,0.8684525127287878,3184.0,2.0,0.5847976867706256,4.0,0.0,0.0,1.0,0.0
9448.0,change,0.8684525127287878,3185.0,3.0,0.8684525127287878,4.0,0.0,0.0,1.0,0.0
9449.0,add,0.866164230387068,3185.0,3.0,0.8684525127287878,4.0,0.0,0.0,1.0,1.0
9450.0,delete,0.30230329150181523,3185.0,3.0,0.8684525127287878,3.0,0.0,0.0,1.0,0.0
9451.0,swap,0.2662086698628963,3185.0,3.0,0.8684525127287878,3.0,0.0,0.0,1.0,1.0
9452.0,change,0.8684525127287878,3186.0,4.0,0.8684525127287878,4.0,0.0,0.0,1.0,0.0
9453.0,add,0.8684525127287878,3186.0,4.0,0.8684525127287878,4.0,0.0,0.0,1.0,1.0
9454.0,delete,0.30230329150181523,3186.0,4.0,0.8684525127287878,3.0,0.0,0.0,1.0,0.0
9455.0,swap,0.2991978097877844,3186.0,4.0,0.8684525127287878,3.0,0.0,1.0,1.0,0.0
9456.0,swap,0.7822404747125606,3187.0,6.0,0.8435031245443907,4.0,0.0,1.0,0.0,0.0
9457.0,add,0.07820159312108729,3187.0,6.0,0.8435031245443907,4.0,0.0,2.0,0.0,0.0
9458.0,delete,0.873597849947558,3187.0,6.0,0.8435031245443907,4.0,0.0,0.0,0.0,0.0
9459.0,swap,0.35637235235585607,3187.0,6.0,0.8435031245443907,3.0,0.0,1.0,1.0,0.0
9460.0,change,0.8696825154081719,3188.0,4.0,0.704088610485611,4.0,0.0,0.0,1.0,2.0
9461.0,change,0.8696825154081719,3189.0,5.0,0.8696825154081719,4.0,0.0,0.0,1.0,2.0
9462.0,add,0.7096846549660831,3189.0,5.0,0.8696825154081719,4.0,0.0,1.0,1.0,2.0
9463.0,delete,0.8696825154081719,3189.0,5.0,0.8696825154081719,4.0,0.0,0.0,1.0,1.0
9464.0,swap,0.44001187416969023,3189.0,5.0,0.8696825154081719,4.0,0.0,1.0,1.0,1.0
9465.0,delete,0.8696825154081719,3190.0,6.0,0.8696825154081719,4.0,0.0,0.0,1.0,1.0
9466.0,add,0.33587539863562815,3190.0,6.0,0.8696825154081719,4.0,0.0,1.0,1.0,1.0
9467.0,delete,0.873597849947558,3190.0,6.0,0.8696825154081719,4.0,0.0,0.0,0.0,1.0
9468.0,swap,0.8696825154081733,3190.0,6.0,0.8696825154081719,4.0,1.0,0.0,1.0,0.0
9469.0,change,0.8696825154081719,3191.0,4.0,0.7305732433705626,4.0,0.0,0.0,1.0,2.0
9470.0,change,0.8696825154081719,3192.0,5.0,0.8696825154081719,4.0,0.0,0.0,1.0,2.0
9471.0,add,0.8696825154081719,3192.0,5.0,0.8696825154081719,4.0,1.0,0.0,1.0,2.0
9472.0,delete,0.30276636134333024,3192.0,5.0,0.8696825154081719,3.0,0.0,0.0,1.0,2.0
9473.0,swap,0.3040764312848323,3192.0,5.0,0.8696825154081719,3.0,0.0,0.0,2.0,2.0
9474.0,add,0.8696825154081719,3193.0,5.0,0.8696825154081719,4.0,0.0,0.0,1.0,3.0
9475.0,add,0.8657855661243155,3193.0,5.0,0.8696825154081719,4.0,0.0,0.0,2.0,3.0
9476.0,delete,0.26659909213401567,3193.0,5.0,0.8696825154081719,3.0,0.0,0.0,1.0,3.0
9477.0,swap,0.11719131559423906,3193.0,5.0,0.8696825154081719,3.0,0.0,0.0,1.0,4.0
9478.0,swap,0.8684525127287878,3194.0,6.0,0.8684525127287878,4.0,0.0,0.0,1.0,0.0
9479.0,add,0.8633374806385117,3194.0,6.0,0.8684525127287878,4.0,0.0,0.0,2.0,0.0
9480.0,delete,0.873597849947558,3194.0,6.0,0.8684525127287878,4.0,0.0,0.0,0.0,0.0
9481.0,swap,0.873597849947558,3194.0,6.0,0.8684525127287878,4.0,1.0,0.0,0.0,0.0
9482.0,swap,0.2665990921340152,3195.0,5.0,0.8694876411982406,3.0,1.0,0.0,1.0,0.0
9483.0,delete,0.2650289370000912,3196.0,4.0,0.7081694016804296,3.0,0.0,0.0,2.0,0.0
9484.0,add,0.873597849947558,3197.0,7.0,0.873597849947558,4.0,0.0,0.0,0.0,1.0
9485.0,delete,0.2677858814627575,3197.0,7.0,0.873597849947558,3.0,0.0,0.0,0.0,0.0
9486.0,swap,0.04562466310895015,3197.0,7.0,0.873597849947558,3.0,0.0,1.0,0.0,0.0
9487.0,add,0.8661642303870704,3198.0,4.0,0.6869483788946801,4.0,1.0,0.0,1.0,1.0
9488.0,add,0.8661642303870704,3199.0,5.0,0.8661642303870704,4.0,1.0,0.0,1.0,1.0
9489.0,add,0.866164230387068,3199.0,5.0,0.8661642303870704,4.0,2.0,0.0,1.0,1.0
9490.0,delete,0.11731916609425042,3199.0,5.0,0.8661642303870704,3.0,1.0,0.0,1.0,1.0
9491.0,swap,0.8610628918855857,3199.0,5.0,0.8661642303870704,4.0,0.0,0.0,2.0,1.0
9492.0,swap,0.8610628918855857,3200.0,6.0,0.8610628918855857,4.0,0.0,0.0,2.0,1.0
9493.0,add,0.06785221141812144,3200.0,6.0,0.8610628918855857,4.0,0.0,1.0,2.0,1.0
9494.0,delete,0.8633374806385117,3200.0,6.0,0.8610628918855857,4.0,0.0,0.0,2.0,0.0
9495.0,swap,0.11663505098597615,3200.0,6.0,0.8610628918855857,3.0,0.0,0.0,3.0,1.0
9496.0,delete,0.8684525127287872,3201.0,7.0,0.8684525127287915,4.0,2.0,0.0,1.0,1.0
9497.0,add,0.8661642303870724,3201.0,7.0,0.8684525127287915,4.0,2.0,0.0,1.0,2.0
9498.0,delete,0.27553131420555327,3201.0,7.0,0.8684525127287915,3.0,2.0,0.0,1.0,1.0
9499.0,swap,0.3018227066363124,3201.0,7.0,0.8684525127287915,3.0,3.0,0.0,1.0,1.0
9500.0,add,0.873597849947558,3202.0,4.0,0.6813739331395879,4.0,3.0,0.0,0.0,1.0
9501.0,add,0.873597849947558,3203.0,5.0,0.873597849947558,4.0,3.0,0.0,0.0,1.0
9502.0,add,0.873597849947558,3203.0,5.0,0.873597849947558,4.0,3.0,0.0,0.0,2.0
9503.0,delete,0.3040764312848323,3203.0,5.0,0.873597849947558,3.0,3.0,0.0,0.0,1.0
9504.0,swap,0.873597849947558,3203.0,5.0,0.873597849947558,4.0,4.0,0.0,0.0,0.0
9505.0,swap,0.873597849947558,3204.0,6.0,0.873597849947558,4.0,4.0,0.0,0.0,0.0
9506.0,add,0.873597849947558,3204.0,6.0,0.873597849947558,4.0,4.0,0.0,0.0,1.0
9507.0,delete,0.873597849947558,3204.0,6.0,0.873597849947558,4.0,3.0,0.0,0.0,0.0
9508.0,swap,0.3040764312848323,3204.0,6.0,0.873597849947558,3.0,4.0,0.0,1.0,0.0
9509.0,add,0.873597849947558,3205.0,6.0,0.873597849947558,4.0,3.0,0.0,0.0,1.0
9510.0,add,0.873597849947558,3205.0,6.0,0.873597849947558,4.0,3.0,0.0,0.0,2.0
9511.0,delete,0.873597849947558,3205.0,6.0,0.873597849947558,4.0,3.0,0.0,0.0,0.0
9512.0,swap,0.03421874853827636,3205.0,6.0,0.873597849947558,3.0,4.0,0.0,0.0,1.0
9513.0,add,0.873597849947558,3206.0,6.0,0.873597849947558,4.0,3.0,0.0,0.0,2.0
9514.0,add,0.07542667692172905,3206.0,6.0,0.873597849947558,4.0,3.0,1.0,0.0,2.0
9515.0,delete,0.873597849947558,3206.0,6.0,0.873597849947558,4.0,2.0,0.0,0.0,2.0
9516.0,swap,0.8684336761042009,3206.0,6.0,0.873597849947558,4.0,2.0,0.0,1.0,2.0
9517.0,change,0.873597849947558,3207.0,5.0,0.7057220296657016,4.0,3.0,0.0,0.0,1.0
9518.0,change,0.873597849947558,3208.0,6.0,0.873597849947558,4.0,3.0,0.0,0.0,1.0
9519.0,add,0.8696825154081753,3208.0,6.0,0.873597849947558,4.0,3.0,0.0,1.0,1.0
9520.0,delete,0.3040764312848323,3208.0,6.0,0.873597849947558,3.0,3.0,0.0,0.0,1.0
9521.0,swap,0.17217235167481232,3208.0,6.0,0.873597849947558,3.0,3.0,0.0,0.0,2.0
9522.0,change,0.873597849947558,3209.0,7.0,0.873597849947558,4.0,2.0,0.0,0.0,1.0
9523.0,add,0.8684525127287892,3209.0,7.0,0.873597849947558,4.0,2.0,0.0,1.0,1.0
9524.0,delete,0.2677858814627575,3209.0,7.0,0.873597849947558,3.0,2.0,0.0,0.0,1.0
9525.0,swap,0.2662272158562809,3209.0,7.0,0.873597849947558,3.0,2.0,0.0,1.0,1.0
9526.0,add,0.8696825154081763,3210.0,5.0,0.7074726183394185,4.0,2.0,0.0,1.0,1.0
9527.0,add,0.8696825154081763,3211.0,6.0,0.8696825154081763,4.0,2.0,0.0,1.0,1.0
9528.0,add,0.8696825154081763,3211.0,6.0,0.8696825154081763,4.0,2.0,0.0,1.0,2.0
9529.0,delete,0.8696825154081763,3211.0,6.0,0.8696825154081763,4.0,2.0,0.0,1.0,0.0
9530.0,swap,0.8657855661243155,3211.0,6.0,0.8696825154081763,4.0,1.0,0.0,2.0,1.0
9531.0,add,0.8696825154081763,3212.0,7.0,0.8696825154081763,4.0,2.0,0.0,1.0,2.0
9532.0,add,0.8696825154081763,3212.0,7.0,0.8696825154081763,4.0,3.0,0.0,1.0,2.0
9533.0,delete,0.8696825154081763,3212.0,7.0,0.8696825154081763,4.0,2.0,0.0,1.0,1.0
9534.0,swap,0.8685109481260814,3212.0,7.0,0.8696825154081763,4.0,1.0,1.0,1.0,2.0
9535.0,add,0.873597849947558,3213.0,5.0,0.811388372414623,4.0,2.0,0.0,0.0,2.0
9536.0,add,0.873597849947558,3214.0,6.0,0.873597849947558,4.0,2.0,0.0,0.0,2.0
9537.0,add,0.873597849947558,3214.0,6.0,0.873597849947558,4.0,2.0,0.0,0.0,3.0
9538.0,delete,0.17217235167481232,3214.0,6.0,0.873597849947558,3.0,2.0,0.0,0.0,2.0
9539.0,swap,0.873597849947558,3214.0,6.0,0.873597849947558,4.0,2.0,0.0,0.0,2.0
9540.0,add,0.8696825154081763,3215.0,7.0,0.8696825154081763,4.0,2.0,0.0,1.0,1.0
9541.0,add,0.8696825154081763,3215.0,7.0,0.8696825154081763,4.0,3.0,0.0,1.0,1.0
9542.0,delete,0.8696825154081763,3215.0,7.0,0.8696825154081763,4.0,2.0,0.0,1.0,0.0
9543.0,swap,0.8684525127287892,3215.0,7.0,0.8696825154081763,4.0,2.0,0.0,1.0,1.0
9544.0,add,0.8657855661243155,3216.0,6.0,0.8694482019517574,4.0,2.0,0.0,2.0,1.0
9545.0,change,0.8696825154081719,3217.0,6.0,0.8694365148722989,4.0,2.0,0.0,1.0,1.0
9546.0,add,0.8696825154081763,3218.0,8.0,0.8696825154081763,4.0,3.0,0.0,1.0,1.0
9547.0,add,0.8657855661243155,3218.0,8.0,0.8696825154081763,4.0,3.0,0.0,2.0,1.0
9548.0,delete,0.26659909213401595,3218.0,8.0,0.8696825154081763,3.0,3.0,0.0,1.0,1.0
9549.0,swap,0.30276636134333024,3218.0,8.0,0.8696825154081763,3.0,3.0,0.0,2.0,1.0
9550.0,add,0.8696825154081763,3219.0,8.0,0.8696825154081763,4.0,3.0,0.0,1.0,2.0
9551.0,add,0.8696825154081768,3219.0,8.0,0.8696825154081763,4.0,4.0,0.0,1.0,2.0
9552.0,delete,0.8696825154081719,3219.0,8.0,0.8696825154081763,4.0,2.0,0.0,1.0,2.0
9553.0,swap,0.8696825154081763,3219.0,8.0,0.8696825154081763,4.0,3.0,0.0,1.0,2.0
9554.0,add,0.8696825154081768,3220.0,8.0,0.8696825154081763,4.0,2.0,0.0,1.0,2.0
9555.0,add,0.1511482669539122,3220.0,8.0,0.8696825154081763,4.0,2.0,1.0,1.0,2.0
9556.0,delete,0.8696825154081768,3220.0,8.0,0.8696825154081763,4.0,1.0,0.0,1.0,2.0
9557.0,swap,0.04508156957602811,3220.0,8.0,0.8696825154081763,3.0,2.0,0.0,1.0,3.0
9558.0,delete,0.8696825154081763,3221.0,7.0,0.8696825154081763,4.0,2.0,0.0,1.0,0.0
9559.0,add,0.858045746934309,3221.0,7.0,0.8696825154081763,4.0,2.0,0.0,2.0,0.0
9560.0,delete,0.3040764312848323,3221.0,7.0,0.8696825154081763,3.0,2.0,0.0,1.0,0.0
9561.0,swap,0.8696825154081719,3221.0,7.0,0.8696825154081763,4.0,1.0,0.0,1.0,1.0
9562.0,add,0.873597849947558,3222.0,5.0,0.7526735311897534,4.0,3.0,0.0,0.0,1.0
9563.0,add,0.873597849947558,3223.0,2.0,0.6488409079620865,4.0,2.0,0.0,0.0,0.0
9564.0,add,0.873597849947558,3224.0,3.0,0.873597849947558,4.0,2.0,0.0,0.0,0.0
9565.0,add,0.873597849947558,3224.0,3.0,0.873597849947558,4.0,2.0,0.0,0.0,1.0
9566.0,delete,0.3040764312848323,3224.0,3.0,0.873597849947558,3.0,2.0,0.0,0.0,0.0
9567.0,swap,0.2665990921340155,3224.0,3.0,0.873597849947558,3.0,2.0,0.0,1.0,0.0
9568.0,add,0.873597849947558,3225.0,6.0,0.873597849947558,4.0,3.0,0.0,0.0,1.0
9569.0,add,0.4980298069632347,3225.0,6.0,0.873597849947558,4.0,3.0,1.0,0.0,1.0
9570.0,delete,0.873597849947558,3225.0,6.0,0.873597849947558,4.0,2.0,0.0,0.0,1.0
9571.0,swap,0.873597849947558,3225.0,6.0,0.873597849947558,4.0,3.0,0.0,0.0,1.0
9572.0,delete,0.873597849947558,3226.0,7.0,0.873597849947558,4.0,2.0,0.0,0.0,1.0
9573.0,add,0.8684525127287892,3226.0,7.0,0.873597849947558,4.0,2.0,0.0,1.0,1.0
9574.0,delete,0.873597849947558,3226.0,7.0,0.873597849947558,4.0,2.0,0.0,0.0,0.0
9575.0,swap,0.018180173029688988,3226.0,7.0,0.873597849947558,3.0,2.0,1.0,0.0,1.0
9576.0,delete,0.873597849947558,3227.0,6.0,0.873597849947558,4.0,1.0,0.0,0.0,0.0
9577.0,add,0.8684525127287901,3227.0,6.0,0.873597849947558,4.0,1.0,0.0,1.0,0.0
9578.0,delete,0.2677858814627577,3227.0,6.0,0.873597849947558,3.0,1.0,0.0,0.0,0.0
9579.0,swap,0.2677858814627581,3227.0,6.0,0.873597849947558,3.0,1.0,0.0,0.0,1.0
9580.0,add,0.873597849947558,3228.0,6.0,0.873597849947558,4.0,2.0,0.0,0.0,2.0
9581.0,add,0.873597849947558,3228.0,6.0,0.873597849947558,4.0,2.0,0.0,0.0,3.0
9582.0,delete,0.3040764312848323,3228.0,6.0,0.873597849947558,3.0,2.0,0.0,0.0,2.0
9583.0,swap,0.3040764312848323,3228.0,6.0,0.873597849947558,3.0,2.0,0.0,0.0,3.0
9584.0,add,0.2529626717111611,3229.0,3.0,0.574667134013987,4.0,1.0,1.0,0.0,1.0
9585.0,change,0.873597849947558,3230.0,3.0,0.6818811586490785,4.0,1.0,0.0,0.0,1.0
9586.0,change,0.873597849947558,3231.0,4.0,0.873597849947558,4.0,1.0,0.0,0.0,1.0
9587.0,add,0.873597849947558,3231.0,4.0,0.873597849947558,4.0,1.0,0.0,0.0,2.0
9588.0,delete,0.30407643128483264,3231.0,4.0,0.873597849947558,3.0,1.0,0.0,0.0,1.0
9589.0,swap,0.873597849947558,3231.0,4.0,0.873597849947558,4.0,2.0,0.0,0.0,0.0
9590.0,swap,0.873597849947558,3232.0,5.0,0.873597849947558,4.0,2.0,0.0,0.0,0.0
9591.0,add,0.8696825154081753,3232.0,5.0,0.873597849947558,4.0,2.0,0.0,1.0,0.0
9592.0,delete,0.873597849947558,3232.0,5.0,0.873597849947558,4.0,1.0,0.0,0.0,0.0
9593.0,swap,0.02963705742282929,3232.0,5.0,0.873597849947558,3.0,3.0,0.0,0.0,0.0
9594.0,add,0.873597849947558,3233.0,5.0,0.873597849947558,4.0,1.0,0.0,0.0,2.0
9595.0,add,0.873597849947558,3233.0,5.0,0.873597849947558,4.0,2.0,0.0,0.0,2.0
9596.0,delete,0.2677858814627581,3233.0,5.0,0.873597849947558,3.0,1.0,0.0,0.0,2.0
9597.0,swap,0.2677858814627575,3233.0,5.0,0.873597849947558,3.0,1.0,0.0,1.0,2.0
9598.0,delete,0.7432413175529554,3234.0,4.0,0.7673188113289234,4.0,0.0,1.0,0.0,0.0
9599.0,add,0.7673188113289281,3234.0,4.0,0.7673188113289234,4.0,1.0,1.0,0.0,0.0
9600.0,delete,0.15133068045315184,3234.0,4.0,0.7673188113289234,3.0,0.0,1.0,0.0,0.0
9601.0,swap,0.8696825154081719,3234.0,4.0,0.7673188113289234,4.0,0.0,0.0,1.0,0.0
9602.0,add,0.873597849947558,3235.0,6.0,0.873597849947558,4.0,1.0,0.0,0.0,1.0
9603.0,delete,0.3040764312848323,3235.0,6.0,0.873597849947558,3.0,0.0,0.0,0.0,1.0
9604.0,swap,0.04732323070273399,3235.0,6.0,0.873597849947558,3.0,0.0,1.0,0.0,1.0
9605.0,add,0.8645604557060148,3236.0,6.0,0.7590965360615786,4.0,2.0,0.0,2.0,1.0
9606.0,add,0.8645604557060148,3237.0,7.0,0.8645604557060148,4.0,2.0,0.0,2.0,1.0
9607.0,add,0.8606866739320963,3237.0,7.0,0.8645604557060148,4.0,2.0,0.0,3.0,1.0
9608.0,delete,0.8645604557060099,3237.0,7.0,0.8645604557060148,4.0,1.0,0.0,2.0,1.0
9609.0,swap,0.04267594336021865,3237.0,7.0,0.8645604557060148,3.0,2.0,1.0,2.0,1.0
9610.0,delete,0.873597849947558,3238.0,7.0,0.873597849947558,4.0,2.0,0.0,0.0,1.0
9611.0,add,0.873597849947558,3238.0,7.0,0.873597849947558,4.0,2.0,0.0,0.0,2.0
9612.0,delete,0.3040764312848323,3238.0,7.0,0.873597849947558,3.0,2.0,0.0,0.0,1.0
9613.0,swap,0.08467946766449183,3238.0,7.0,0.873597849947558,3.0,3.0,0.0,0.0,1.0
9614.0,delete,0.15133068045315198,3239.0,3.0,0.659778427214426,3.0,1.0,1.0,0.0,0.0
9615.0,change,0.8690191341224542,3240.0,4.0,0.6246973717431044,4.0,1.0,1.0,0.0,1.0
9616.0,change,0.8659178916848568,3241.0,5.0,0.8690191341224542,4.0,1.0,1.0,0.0,1.0
9617.0,add,0.8669824243177277,3241.0,5.0,0.8690191341224542,4.0,1.0,1.0,0.0,2.0
9618.0,delete,0.8690191341224542,3241.0,5.0,0.8690191341224542,4.0,1.0,1.0,0.0,0.0
9619.0,swap,0.30249856058912666,3241.0,5.0,0.8690191341224542,3.0,1.0,1.0,1.0,1.0
9620.0,delete,0.8690191341224566,3242.0,6.0,0.8690191341224542,4.0,1.0,1.0,0.0,0.0
9621.0,add,0.8690191341224542,3242.0,6.0,0.8690191341224542,4.0,2.0,1.0,0.0,0.0
9622.0,delete,0.3024985605891262,3242.0,6.0,0.8690191341224542,3.0,1.0,1.0,0.0,0.0
9623.0,swap,0.2708074094705637,3242.0,6.0,0.8690191341224542,3.0,2.0,1.0,0.0,0.0
9624.0,change,0.7434511948112638,3243.0,4.0,0.6577334458469103,4.0,1.0,1.0,0.0,1.0
9625.0,change,0.7347497083792338,3244.0,5.0,0.7434511948112638,4.0,1.0,1.0,0.0,1.0
9626.0,add,0.7434511948112642,3244.0,5.0,0.7434511948112638,4.0,2.0,1.0,0.0,1.0
9627.0,delete,0.2591926423711784,3244.0,5.0,0.7434511948112638,3.0,1.0,1.0,0.0,1.0
9628.0,swap,0.30602193514291903,3244.0,5.0,0.7434511948112638,3.0,1.0,1.0,1.0,1.0
9629.0,add,0.8735978499475604,3245.0,4.0,0.5976930650822017,4.0,1.0,0.0,0.0,2.0
9630.0,add,0.8735978499475604,3246.0,5.0,0.8735978499475604,4.0,1.0,0.0,0.0,2.0
9631.0,add,0.8696825154081719,3246.0,5.0,0.8735978499475604,4.0,1.0,0.0,1.0,2.0
9632.0,delete,0.873597849947558,3246.0,5.0,0.8735978499475604,4.0,0.0,0.0,0.0,2.0
9633.0,swap,0.8684336761041985,3246.0,5.0,0.8735978499475604,4.0,0.0,0.0,1.0,2.0
9634.0,add,0.873597849947558,3247.0,6.0,0.8735978499475604,4.0,1.0,0.0,0.0,2.0
9635.0,add,0.873597849947558,3247.0,6.0,0.8735978499475604,4.0,2.0,0.0,0.0,2.0
9636.0,delete,0.873597849947558,3247.0,6.0,0.8735978499475604,4.0,0.0,0.0,0.0,2.0
9637.0,swap,0.08208499862389836,3247.0,6.0,0.8735978499475604,3.0,1.0,0.0,1.0,2.0
9638.0,add,0.8696825154081719,3248.0,4.0,0.7178752582309021,4.0,1.0,0.0,1.0,1.0
9639.0,add,0.8696825154081719,3249.0,5.0,0.8696825154081719,4.0,1.0,0.0,1.0,1.0
9640.0,add,0.8696825154081753,3249.0,5.0,0.8696825154081719,4.0,2.0,0.0,1.0,1.0
9641.0,delete,0.8696825154081719,3249.0,5.0,0.8696825154081719,4.0,1.0,0.0,1.0,0.0
9642.0,swap,0.5499685884669702,3249.0,5.0,0.8696825154081719,4.0,1.0,1.0,1.0,0.0
9643.0,add,0.873597849947558,3250.0,4.0,0.873597849947558,4.0,2.0,0.0,0.0,0.0
9644.0,add,0.8696825154081719,3250.0,4.0,0.873597849947558,4.0,2.0,0.0,1.0,0.0
9645.0,delete,0.873597849947558,3250.0,4.0,0.873597849947558,4.0,1.0,0.0,0.0,0.0
9646.0,swap,0.8696825154081768,3250.0,4.0,0.873597849947558,4.0,1.0,0.0,1.0,0.0
9647.0,change,0.873597849947558,3251.0,3.0,0.8720317161318045,4.0,2.0,0.0,0.0,0.0
9648.0,add,0.873597849947558,3252.0,5.0,0.873597849947558,4.0,2.0,0.0,0.0,0.0
9649.0,add,0.07072544979951625,3252.0,5.0,0.873597849947558,4.0,2.0,1.0,0.0,0.0
9650.0,delete,0.873597849947558,3252.0,5.0,0.873597849947558,4.0,1.0,0.0,0.0,0.0
9651.0,swap,0.2677858814627581,3252.0,5.0,0.873597849947558,3.0,2.0,0.0,0.0,1.0
9652.0,delete,0.8735978499475604,3253.0,5.0,0.873597849947558,4.0,1.0,0.0,0.0,0.0
9653.0,add,0.7548918709257422,3253.0,5.0,0.873597849947558,4.0,1.0,1.0,0.0,0.0
9654.0,delete,0.2677858814627581,3253.0,5.0,0.873597849947558,3.0,1.0,0.0,0.0,0.0
9655.0,swap,0.6235018930505731,3253.0,5.0,0.873597849947558,4.0,0.0,1.0,0.0,0.0
9656.0,delete,0.8696825154081719,3254.0,6.0,0.8696825154081719,4.0,1.0,0.0,1.0,0.0
9657.0,add,0.08830564975458641,3254.0,6.0,0.8696825154081719,4.0,1.0,1.0,1.0,0.0
9658.0,delete,0.30276636134333035,3254.0,6.0,0.8696825154081719,3.0,1.0,0.0,1.0,0.0
9659.0,swap,0.03299274073999251,3254.0,6.0,0.8696825154081719,3.0,1.0,1.0,1.0,0.0
9660.0,change,0.873597849947558,3255.0,3.0,0.5736627574860172,4.0,1.0,0.0,0.0,1.0
9661.0,change,0.873597849947558,3256.0,4.0,0.873597849947558,4.0,1.0,0.0,0.0,1.0
9662.0,add,0.873597849947558,3256.0,4.0,0.873597849947558,4.0,2.0,0.0,0.0,1.0
9663.0,delete,0.873597849947558,3256.0,4.0,0.873597849947558,4.0,0.0,0.0,0.0,1.0
9664.0,swap,0.11731916609425042,3256.0,4.0,0.873597849947558,3.0,2.0,0.0,0.0,1.0
9665.0,add,0.8696825154081719,3257.0,5.0,0.873597849947558,4.0,0.0,0.0,1.0,1.0
9666.0,delete,0.873597849947558,3257.0,5.0,0.873597849947558,4.0,0.0,0.0,0.0,0.0
9667.0,swap,0.3040764312848323,3257.0,5.0,0.873597849947558,3.0,0.0,0.0,0.0,2.0
9668.0,delete,0.3040764312848323,3258.0,4.0,0.73023866164703,3.0,1.0,0.0,0.0,1.0
9669.0,add,0.873597849947558,3259.0,4.0,0.681780717330937,4.0,1.0,0.0,0.0,2.0
9670.0,add,0.873597849947558,3260.0,5.0,0.873597849947558,4.0,1.0,0.0,0.0,2.0
9671.0,add,0.7948198736531866,3260.0,5.0,0.873597849947558,4.0,1.0,1.0,0.0,2.0
9672.0,delete,0.30407643128483247,3260.0,5.0,0.873597849947558,3.0,1.0,0.0,0.0,2.0
9673.0,swap,0.8675449247493074,3260.0,5.0,0.873597849947558,3.0,1.0,1.0,0.0,2.0
9674.0,swap,0.8727930341344536,3261.0,6.0,0.8675449247493074,3.0,1.0,1.0,0.0,2.0
9675.0,add,0.8675449247493074,3261.0,6.0,0.8675449247493074,3.0,2.0,1.0,0.0,2.0
9676.0,delete,0.3019905158470638,3261.0,6.0,0.8675449247493074,2.0,1.0,1.0,0.0,2.0
9677.0,swap,0.8567037107656259,3261.0,6.0,0.8675449247493074,3.0,0.0,1.0,1.0,2.0
9678.0,change,0.873597849947558,3262.0,3.0,0.7028029255107574,4.0,2.0,0.0,0.0,0.0
9679.0,change,0.873597849947558,3263.0,4.0,0.873597849947558,4.0,2.0,0.0,0.0,0.0
9680.0,add,0.8684525127287892,3263.0,4.0,0.873597849947558,4.0,2.0,0.0,1.0,0.0
9681.0,delete,0.3040764312848323,3263.0,4.0,0.873597849947558,3.0,2.0,0.0,0.0,0.0
9682.0,swap,0.2677858814627581,3263.0,4.0,0.873597849947558,3.0,3.0,0.0,0.0,0.0
9683.0,swap,0.2677858814627577,3264.0,5.0,0.7533154220491516,3.0,2.0,0.0,0.0,2.0
9684.0,add,0.07026647301948422,3265.0,4.0,0.7053942844493422,4.0,1.0,1.0,0.0,1.0
9685.0,add,0.873597849947558,3266.0,5.0,0.873597849947558,4.0,2.0,0.0,0.0,1.0
9686.0,add,0.873597849947558,3266.0,5.0,0.873597849947558,4.0,2.0,0.0,0.0,2.0
9687.0,delete,0.873597849947558,3266.0,5.0,0.873597849947558,4.0,2.0,0.0,0.0,0.0
9688.0,swap,0.2677858814627575,3266.0,5.0,0.873597849947558,3.0,2.0,0.0,0.0,2.0
9689.0,add,0.7570227457159546,3267.0,4.0,0.7524354562505978,4.0,1.0,1.0,0.0,1.0
9690.0,add,0.7409290389702997,3268.0,5.0,0.7570227457159546,4.0,1.0,1.0,0.0,1.0
9691.0,add,0.7525640152952897,3268.0,5.0,0.7570227457159546,4.0,1.0,1.0,1.0,1.0
9692.0,delete,0.7570227457159546,3268.0,5.0,0.7570227457159546,4.0,0.0,1.0,0.0,1.0
9693.0,swap,0.2638765197449384,3268.0,5.0,0.7570227457159546,3.0,2.0,1.0,0.0,1.0
9694.0,change,0.873597849947558,3269.0,5.0,0.873597849947558,4.0,1.0,0.0,0.0,1.0
9695.0,add,0.873597849947558,3269.0,5.0,0.873597849947558,4.0,1.0,0.0,0.0,2.0
9696.0,delete,0.2677858814627581,3269.0,5.0,0.873597849947558,3.0,1.0,0.0,0.0,1.0
9697.0,swap,0.12445614791350662,3269.0,5.0,0.873597849947558,3.0,1.0,1.0,0.0,1.0
9698.0,add,0.873597849947558,3270.0,3.0,0.6521879989558597,4.0,1.0,0.0,0.0,1.0
9699.0,add,0.873597849947558,3271.0,4.0,0.873597849947558,4.0,1.0,0.0,0.0,1.0
9700.0,add,0.8677727897915101,3271.0,4.0,0.873597849947558,4.0,1.0,1.0,0.0,1.0
9701.0,delete,0.30407643128483247,3271.0,4.0,0.873597849947558,3.0,1.0,0.0,0.0,1.0
9702.0,swap,0.8684525127287896,3271.0,4.0,0.873597849947558,4.0,1.0,0.0,1.0,0.0
9703.0,change,0.873597849947558,3272.0,2.0,0.6099943203889681,4.0,1.0,0.0,0.0,0.0
9704.0,change,0.873597849947558,3273.0,3.0,0.873597849947558,4.0,1.0,0.0,0.0,0.0
9705.0,add,0.873597849947558,3273.0,3.0,0.873597849947558,4.0,1.0,0.0,0.0,1.0
9706.0,delete,0.873597849947558,3273.0,3.0,0.873597849947558,4.0,0.0,0.0,0.0,0.0
9707.0,swap,0.873597849947558,3273.0,3.0,0.873597849947558,4.0,1.0,0.0,0.0,0.0
9708.0,add,0.873597849947558,3274.0,4.0,0.873597849947558,4.0,1.0,0.0,0.0,1.0
9709.0,add,0.873597849947558,3274.0,4.0,0.873597849947558,4.0,2.0,0.0,0.0,1.0
9710.0,delete,0.873597849947558,3274.0,4.0,0.873597849947558,4.0,0.0,0.0,0.0,1.0
9711.0,swap,0.19402786480041753,3274.0,4.0,0.873597849947558,3.0,1.0,1.0,0.0,1.0
9712.0,add,0.873597849947558,3275.0,4.0,0.873597849947558,4.0,0.0,0.0,0.0,1.0
9713.0,delete,0.3040764312848323,3275.0,4.0,0.873597849947558,3.0,0.0,0.0,0.0,0.0
9714.0,swap,0.2677858814627575,3275.0,4.0,0.873597849947558,3.0,1.0,0.0,0.0,0.0
9715.0,change,0.873597849947558,3276.0,4.0,0.873597849947558,4.0,1.0,0.0,0.0,0.0
9716.0,add,0.873597849947558,3276.0,4.0,0.873597849947558,4.0,1.0,0.0,0.0,1.0
9717.0,delete,0.2677858814627575,3276.0,4.0,0.873597849947558,3.0,1.0,0.0,0.0,0.0
9718.0,swap,0.2677858814627575,3276.0,4.0,0.873597849947558,3.0,1.0,0.0,0.0,1.0
9719.0,add,0.8696825154081719,3277.0,3.0,0.7376838529181299,4.0,1.0,0.0,1.0,0.0
9720.0,add,0.8696825154081719,3278.0,4.0,0.8696825154081719,4.0,1.0,0.0,1.0,0.0
9721.0,add,0.8696825154081782,3278.0,4.0,0.8696825154081719,4.0,2.0,0.0,1.0,0.0
9722.0,delete,0.873597849947558,3278.0,4.0,0.8696825154081719,4.0,1.0,0.0,0.0,0.0
9723.0,swap,0.034122828471753415,3278.0,4.0,0.8696825154081719,3.0,1.0,1.0,1.0,0.0
9724.0,add,0.8684525127287878,3279.0,5.0,0.873597849947558,4.0,0.0,0.0,1.0,1.0
9725.0,delete,0.2677858814627575,3279.0,5.0,0.873597849947558,3.0,0.0,0.0,0.0,1.0
9726.0,swap,0.26777572409248274,3279.0,5.0,0.873597849947558,3.0,0.0,1.0,0.0,1.0
9727.0,add,0.873597849947558,3280.0,3.0,0.662246277501424,4.0,2.0,0.0,0.0,0.0
9728.0,add,0.873597849947558,3281.0,4.0,0.873597849947558,4.0,2.0,0.0,0.0,0.0
9729.0,add,0.873597849947558,3281.0,4.0,0.873597849947558,4.0,2.0,0.0,0.0,1.0
9730.0,delete,0.873597849947558,3281.0,4.0,0.873597849947558,4.0,1.0,0.0,0.0,0.0
9731.0,swap,0.22987328878245022,3281.0,4.0,0.873597849947558,3.0,2.0,1.0,0.0,0.0
9732.0,delete,0.873597849947558,3282.0,5.0,0.873597849947558,4.0,1.0,0.0,0.0,0.0
9733.0,add,0.873597849947558,3282.0,5.0,0.873597849947558,4.0,1.0,0.0,0.0,1.0
9734.0,delete,0.3040764312848323,3282.0,5.0,0.873597849947558,3.0,1.0,0.0,0.0,0.0
9735.0,swap,0.3040764312848323,3282.0,5.0,0.873597849947558,3.0,1.0,0.0,0.0,1.0
9736.0,add,0.873597849947558,3283.0,5.0,0.873597849947558,4.0,2.0,0.0,0.0,1.0
9737.0,add,0.8735978499475604,3283.0,5.0,0.873597849947558,4.0,3.0,0.0,0.0,1.0
9738.0,delete,0.873597849947558,3283.0,5.0,0.873597849947558,4.0,2.0,0.0,0.0,0.0
9739.0,swap,0.006744315875771491,3283.0,5.0,0.873597849947558,4.0,1.0,1.0,0.0,1.0
9740.0,add,0.873597849947558,3284.0,5.0,0.873597849947558,4.0,2.0,0.0,0.0,0.0
9741.0,add,0.873597849947558,3284.0,5.0,0.873597849947558,4.0,3.0,0.0,0.0,0.0
9742.0,delete,0.3040764312848323,3284.0,5.0,0.873597849947558,3.0,2.0,0.0,0.0,0.0
9743.0,swap,0.08330964919494402,3284.0,5.0,0.873597849947558,3.0,2.0,1.0,0.0,0.0
9744.0,change,0.873597849947558,3285.0,3.0,0.6312730625536378,4.0,1.0,0.0,0.0,0.0
9745.0,change,0.873597849947558,3286.0,4.0,0.873597849947558,4.0,1.0,0.0,0.0,0.0
9746.0,add,0.873597849947558,3286.0,4.0,0.873597849947558,4.0,1.0,0.0,0.0,1.0
9747.0,delete,0.3040764312848323,3286.0,4.0,0.873597849947558,3.0,1.0,0.0,0.0,0.0
9748.0,swap,0.024252550103006868,3286.0,4.0,0.873597849947558,3.0,1.0,1.0,0.0,0.0
9749.0,change,0.873597849947558,3287.0,4.0,0.873597849947558,4.0,1.0,0.0,0.0,0.0
9750.0,add,0.8696825154081739,3287.0,4.0,0.873597849947558,4.0,1.0,0.0,1.0,0.0
9751.0,delete,0.2677858814627575,3287.0,4.0,0.873597849947558,3.0,1.0,0.0,0.0,0.0
9752.0,swap,0.2677858814627581,3287.0,4.0,0.873597849947558,3.0,1.0,0.0,1.0,0.0
9753.0,add,0.873597849947558,3288.0,4.0,0.873597849947558,4.0,2.0,0.0,0.0,0.0
9754.0,add,0.8735978499475604,3288.0,4.0,0.873597849947558,4.0,3.0,0.0,0.0,0.0
9755.0,delete,0.3040764312848323,3288.0,4.0,0.873597849947558,3.0,2.0,0.0,0.0,0.0
9756.0,swap,0.873597849947558,3288.0,4.0,0.873597849947558,4.0,2.0,0.0,0.0,0.0
9757.0,swap,0.8696825154081753,3289.0,4.0,0.8696825154081753,4.0,1.0,0.0,1.0,0.0
9758.0,add,0.8696825154081739,3289.0,4.0,0.8696825154081753,4.0,2.0,0.0,1.0,0.0
9759.0,delete,0.30276636134333035,3289.0,4.0,0.8696825154081753,3.0,1.0,0.0,1.0,0.0
9760.0,swap,0.3040764312848323,3289.0,4.0,0.8696825154081753,3.0,1.0,0.0,1.0,1.0
9761.0,change,0.873597849947558,3290.0,3.0,0.7596935662150133,4.0,2.0,0.0,0.0,0.0
9762.0,change,0.873597849947558,3291.0,4.0,0.873597849947558,4.0,2.0,0.0,0.0,0.0
9763.0,add,0.873597849947558,3291.0,4.0,0.873597849947558,4.0,2.0,0.0,0.0,1.0
9764.0,delete,0.873597849947558,3291.0,4.0,0.873597849947558,4.0,1.0,0.0,0.0,0.0
9765.0,swap,0.30407643128483264,3291.0,4.0,0.873597849947558,3.0,2.0,0.0,0.0,1.0
9766.0,swap,0.873597849947558,3292.0,5.0,0.873597849947558,4.0,2.0,0.0,0.0,0.0
9767.0,add,0.873597849947558,3292.0,5.0,0.873597849947558,4.0,2.0,0.0,0.0,1.0
9768.0,delete,0.873597849947558,3292.0,5.0,0.873597849947558,4.0,1.0,0.0,0.0,0.0
9769.0,swap,0.873597849947558,3292.0,5.0,0.873597849947558,4.0,1.0,0.0,0.0,1.0
9770.0,add,0.873597849947558,3293.0,2.0,0.6486296675556733,4.0,2.0,0.0,0.0,0.0
9771.0,add,0.873597849947558,3294.0,3.0,0.873597849947558,4.0,2.0,0.0,0.0,0.0
9772.0,add,0.8684525127287878,3294.0,3.0,0.873597849947558,4.0,2.0,0.0,1.0,0.0
9773.0,delete,0.2677858814627581,3294.0,3.0,0.873597849947558,3.0,2.0,0.0,0.0,0.0
9774.0,swap,0.29427953582210065,3294.0,3.0,0.873597849947558,4.0,1.0,1.0,0.0,0.0
9775.0,change,0.873597849947558,3295.0,3.0,0.7922376472814544,4.0,2.0,0.0,0.0,0.0
9776.0,change,0.873597849947558,3296.0,4.0,0.873597849947558,4.0,2.0,0.0,0.0,0.0
9777.0,add,0.873597849947558,3296.0,4.0,0.873597849947558,4.0,2.0,0.0,0.0,1.0
9778.0,delete,0.873597849947558,3296.0,4.0,0.873597849947558,4.0,1.0,0.0,0.0,0.0
9779.0,swap,0.30407643128483247,3296.0,4.0,0.873597849947558,3.0,2.0,0.0,0.0,1.0
9780.0,swap,0.04085006481939636,3297.0,4.0,0.8735978499475581,3.0,2.0,1.0,0.0,0.0
9781.0,delete,0.873597849947558,3298.0,5.0,0.873597849947558,4.0,1.0,0.0,0.0,0.0
9782.0,add,0.8735978499475575,3298.0,5.0,0.873597849947558,4.0,2.0,0.0,0.0,0.0
9783.0,delete,0.2677858814627575,3298.0,5.0,0.873597849947558,3.0,1.0,0.0,0.0,0.0
9784.0,swap,0.2677858814627581,3298.0,5.0,0.873597849947558,3.0,2.0,0.0,0.0,0.0
9785.0,add,0.8735978499475604,3299.0,5.0,0.8735978499475604,4.0,3.0,0.0,0.0,0.0
9786.0,add,0.8735978499475604,3299.0,5.0,0.8735978499475604,4.0,3.0,0.0,0.0,1.0
9787.0,delete,0.2677858814627577,3299.0,5.0,0.8735978499475604,3.0,3.0,0.0,0.0,0.0
9788.0,swap,0.2677858814627577,3299.0,5.0,0.8735978499475604,3.0,3.0,0.0,0.0,1.0
9789.0,add,0.873597849947558,3300.0,6.0,0.873597849947558,4.0,2.0,0.0,0.0,1.0
9790.0,add,0.7346021168878808,3300.0,6.0,0.873597849947558,4.0,2.0,1.0,0.0,1.0
9791.0,delete,0.2677858814627575,3300.0,6.0,0.873597849947558,3.0,2.0,0.0,0.0,1.0
9792.0,swap,0.3040764312848323,3300.0,6.0,0.873597849947558,3.0,2.0,0.0,0.0,2.0
9793.0,add,0.873597849947558,3301.0,5.0,0.873597849947558,4.0,2.0,0.0,0.0,0.0
9794.0,add,0.873597849947558,3301.0,5.0,0.873597849947558,4.0,2.0,0.0,0.0,1.0
9795.0,delete,0.3040764312848323,3301.0,5.0,0.873597849947558,3.0,2.0,0.0,0.0,0.0
9796.0,swap,0.023872264555404244,3301.0,5.0,0.873597849947558,3.0,2.0,1.0,0.0,0.0
9797.0,add,0.873597849947558,3302.0,5.0,0.873597849947558,4.0,2.0,0.0,0.0,1.0
9798.0,add,0.8735978499475604,3302.0,5.0,0.873597849947558,4.0,3.0,0.0,0.0,1.0
9799.0,delete,0.30407643128483264,3302.0,5.0,0.873597849947558,3.0,2.0,0.0,0.0,1.0
9800.0,swap,0.012904056671968851,3302.0,5.0,0.873597849947558,3.0,3.0,0.0,0.0,1.0
9801.0,swap,0.8735978499475604,3303.0,5.0,0.873597849947558,4.0,1.0,0.0,0.0,1.0
9802.0,add,0.8696825154081753,3303.0,5.0,0.873597849947558,4.0,1.0,0.0,1.0,1.0
9803.0,delete,0.873597849947558,3303.0,5.0,0.873597849947558,4.0,1.0,0.0,0.0,0.0
9804.0,swap,0.873597849947558,3303.0,5.0,0.873597849947558,4.0,1.0,0.0,0.0,1.0
9805.0,change,0.8735978499475604,3304.0,4.0,0.872814783039682,4.0,1.0,0.0,0.0,1.0
9806.0,swap,0.873597849947558,3305.0,6.0,0.8735978499475604,4.0,1.0,0.0,0.0,1.0
9807.0,add,0.873597849947558,3305.0,6.0,0.8735978499475604,4.0,2.0,0.0,0.0,1.0
9808.0,delete,0.3040764312848323,3305.0,6.0,0.8735978499475604,3.0,1.0,0.0,0.0,1.0
9809.0,swap,0.11731916609425042,3305.0,6.0,0.8735978499475604,3.0,1.0,0.0,1.0,1.0
9810.0,swap,0.873597849947558,3306.0,6.0,0.873597849947558,4.0,1.0,0.0,0.0,1.0
9811.0,add,0.873597849947558,3306.0,6.0,0.873597849947558,4.0,2.0,0.0,0.0,1.0
9812.0,delete,0.11731916609425042,3306.0,6.0,0.873597849947558,3.0,1.0,0.0,0.0,1.0
9813.0,swap,0.01049695692801278,3306.0,6.0,0.873597849947558,3.0,1.0,1.0,0.0,1.0
9814.0,change,0.873597849947558,3307.0,4.0,0.6312730625536379,4.0,1.0,0.0,0.0,2.0
9815.0,change,0.8735978499475604,3308.0,5.0,0.873597849947558,4.0,1.0,0.0,0.0,2.0
9816.0,add,0.8696825154081739,3308.0,5.0,0.873597849947558,4.0,1.0,0.0,1.0,2.0
9817.0,delete,0.873597849947558,3308.0,5.0,0.873597849947558,4.0,0.0,0.0,0.0,2.0
9818.0,swap,0.873597849947558,3308.0,5.0,0.873597849947558,4.0,1.0,0.0,0.0,2.0
9819.0,add,0.873597849947558,3309.0,4.0,0.873597849947558,4.0,2.0,0.0,0.0,1.0
9820.0,add,0.09412738706748723,3309.0,4.0,0.873597849947558,4.0,2.0,1.0,0.0,1.0
9821.0,delete,0.873597849947558,3309.0,4.0,0.873597849947558,4.0,1.0,0.0,0.0,1.0
9822.0,swap,0.8735978499475575,3309.0,4.0,0.873597849947558,4.0,2.0,0.0,0.0,1.0
9823.0,change,0.873597849947558,3310.0,6.0,0.8735978499475604,4.0,1.0,0.0,0.0,2.0
9824.0,add,0.8735978499475604,3310.0,6.0,0.8735978499475604,4.0,1.0,0.0,0.0,3.0
9825.0,delete,0.873597849947558,3310.0,6.0,0.8735978499475604,4.0,0.0,0.0,0.0,2.0
9826.0,swap,0.11731916609425053,3310.0,6.0,0.8735978499475604,3.0,1.0,0.0,0.0,3.0
9827.0,add,0.8696825154081719,3311.0,5.0,0.8696825154081719,4.0,2.0,0.0,1.0,0.0
9828.0,add,0.8696825154081719,3311.0,5.0,0.8696825154081719,4.0,3.0,0.0,1.0,0.0
9829.0,delete,0.8696825154081753,3311.0,5.0,0.8696825154081719,4.0,1.0,0.0,1.0,0.0
9830.0,swap,0.873597849947558,3311.0,5.0,0.8696825154081719,4.0,3.0,0.0,0.0,0.0
9831.0,add,0.08275742595090638,3312.0,4.0,0.8704655823160499,4.0,2.0,1.0,0.0,0.0
9832.0,delete,0.8735978499475604,3313.0,4.0,0.6786750690668384,4.0,1.0,0.0,0.0,0.0
9833.0,delete,0.873597849947558,3314.0,5.0,0.8735978499475604,4.0,1.0,0.0,0.0,0.0
9834.0,add,0.8735978499475604,3314.0,5.0,0.8735978499475604,4.0,1.0,0.0,0.0,1.0
9835.0,delete,0.873597849947558,3314.0,5.0,0.8735978499475604,4.0,0.0,0.0,0.0,0.0
9836.0,swap,0.2677858814627574,3314.0,5.0,0.8735978499475604,3.0,1.0,0.0,1.0,0.0
9837.0,add,0.873597849947558,3315.0,6.0,0.8735978499475604,4.0,1.0,0.0,0.0,1.0
9838.0,add,0.2137792407860717,3315.0,6.0,0.8735978499475604,4.0,1.0,1.0,0.0,1.0
9839.0,delete,0.30407643128483264,3315.0,6.0,0.8735978499475604,3.0,1.0,0.0,0.0,1.0
9840.0,swap,0.11731916609425036,3315.0,6.0,0.8735978499475604,3.0,1.0,0.0,1.0,1.0
9841.0,change,0.873597849947558,3316.0,4.0,0.7327537102788231,4.0,1.0,0.0,0.0,2.0
9842.0,change,0.873597849947558,3317.0,5.0,0.873597849947558,4.0,1.0,0.0,0.0,2.0
9843.0,add,0.873597849947558,3317.0,5.0,0.873597849947558,4.0,1.0,0.0,0.0,3.0
9844.0,delete,0.873597849947558,3317.0,5.0,0.873597849947558,4.0,0.0,0.0,0.0,2.0
9845.0,swap,0.2062891344756727,3317.0,5.0,0.873597849947558,3.0,1.0,1.0,0.0,2.0
9846.0,add,0.873597849947558,3318.0,6.0,0.873597849947558,4.0,0.0,0.0,0.0,3.0
9847.0,delete,0.3040764312848323,3318.0,6.0,0.873597849947558,3.0,0.0,0.0,0.0,2.0
9848.0,swap,0.29758744600389425,3318.0,6.0,0.873597849947558,3.0,1.0,0.0,0.0,2.0
9849.0,add,0.7995381940399021,3319.0,5.0,0.8037310719754468,4.0,1.0,1.0,0.0,1.0
9850.0,add,0.8037310719754477,3319.0,5.0,0.8037310719754468,4.0,2.0,1.0,0.0,1.0
9851.0,delete,0.8037310719754455,3319.0,5.0,0.8037310719754468,4.0,0.0,1.0,0.0,1.0
9852.0,swap,0.8037310719754477,3319.0,5.0,0.8037310719754468,4.0,1.0,1.0,0.0,1.0
9853.0,change,0.7804089582613885,3320.0,4.0,0.802892496388338,4.0,1.0,1.0,0.0,1.0
9854.0,swap,0.7889777636656673,3321.0,5.0,0.8037310719754455,4.0,0.0,1.0,0.0,2.0
9855.0,add,0.7990009572636069,3321.0,5.0,0.8037310719754455,4.0,0.0,1.0,1.0,2.0
9856.0,delete,0.2806438342127583,3321.0,5.0,0.8037310719754455,3.0,0.0,1.0,0.0,2.0
9857.0,swap,0.7990009572636069,3321.0,5.0,0.8037310719754455,4.0,0.0,1.0,1.0,1.0
9858.0,add,0.8510719977294924,3322.0,6.0,0.8037310719754477,4.0,2.0,1.0,0.0,1.0
9859.0,add,0.8035404753657507,3322.0,6.0,0.8037310719754477,4.0,2.0,2.0,0.0,1.0
9860.0,delete,0.803731071975445,3322.0,6.0,0.8037310719754477,4.0,1.0,1.0,0.0,1.0
9861.0,swap,0.41943894153922207,3322.0,6.0,0.8037310719754477,4.0,1.0,2.0,0.0,1.0
9862.0,delete,0.78001622059706,3323.0,6.0,0.8037310719754455,4.0,0.0,1.0,0.0,1.0
9863.0,add,0.10602329131889224,3323.0,6.0,0.8037310719754455,4.0,0.0,2.0,0.0,1.0
9864.0,delete,0.24659914212192988,3323.0,6.0,0.8037310719754455,3.0,0.0,1.0,0.0,1.0
9865.0,swap,0.10855422600372765,3323.0,6.0,0.8037310719754455,3.0,0.0,1.0,1.0,1.0
9866.0,swap,0.8696825154081719,3324.0,5.0,0.8696825154081719,4.0,0.0,0.0,1.0,0.0
9867.0,add,0.18607440761298427,3324.0,5.0,0.8696825154081719,4.0,0.0,1.0,1.0,0.0
9868.0,delete,0.26659909213401567,3324.0,5.0,0.8696825154081719,3.0,0.0,0.0,1.0,0.0
9869.0,swap,0.30276636134333024,3324.0,5.0,0.8696825154081719,3.0,0.0,0.0,2.0,0.0
9870.0,change,0.873597849947558,3325.0,3.0,0.6453890686661599,4.0,2.0,0.0,0.0,0.0
9871.0,change,0.873597849947558,3326.0,4.0,0.873597849947558,4.0,2.0,0.0,0.0,0.0
9872.0,add,0.15186593874098667,3326.0,4.0,0.873597849947558,4.0,2.0,1.0,0.0,0.0
9873.0,delete,0.873597849947558,3326.0,4.0,0.873597849947558,4.0,1.0,0.0,0.0,0.0
9874.0,swap,0.023938880060646744,3326.0,4.0,0.873597849947558,3.0,2.0,1.0,0.0,0.0
9875.0,add,0.873597849947558,3327.0,6.0,0.8735978499475604,4.0,1.0,0.0,0.0,1.0
9876.0,add,0.8735978499475604,3327.0,6.0,0.8735978499475604,4.0,2.0,0.0,0.0,1.0
9877.0,delete,0.8735978499475604,3327.0,6.0,0.8735978499475604,4.0,1.0,0.0,0.0,0.0
9878.0,swap,0.07560601960016489,3327.0,6.0,0.8735978499475604,3.0,1.0,1.0,0.0,1.0
9879.0,change,0.8735978499475604,3328.0,6.0,0.8735978499475604,4.0,1.0,0.0,0.0,0.0
9880.0,add,0.8735978499475604,3328.0,6.0,0.8735978499475604,4.0,1.0,0.0,0.0,1.0
9881.0,delete,0.2677858814627581,3328.0,6.0,0.8735978499475604,3.0,1.0,0.0,0.0,0.0
9882.0,swap,0.2677858814627581,3328.0,6.0,0.8735978499475604,3.0,1.0,0.0,0.0,1.0
9883.0,add,0.873597849947558,3329.0,3.0,0.5703033094983583,4.0,1.0,0.0,0.0,1.0
9884.0,add,0.873597849947558,3330.0,4.0,0.873597849947558,4.0,1.0,0.0,0.0,1.0
9885.0,add,0.17476498906973395,3330.0,4.0,0.873597849947558,4.0,1.0,1.0,0.0,1.0
9886.0,delete,0.3040764312848323,3330.0,4.0,0.873597849947558,3.0,1.0,0.0,0.0,1.0
9887.0,swap,0.2677858814627575,3330.0,4.0,0.873597849947558,3.0,1.0,0.0,0.0,2.0
9888.0,swap,0.8696825154081719,3331.0,5.0,0.8696825154081719,4.0,0.0,0.0,1.0,1.0
9889.0,add,0.3997196463315542,3331.0,5.0,0.8696825154081719,4.0,0.0,1.0,1.0,1.0
9890.0,delete,0.8696825154081719,3331.0,5.0,0.8696825154081719,4.0,0.0,0.0,1.0,0.0
9891.0,swap,0.02925816499224805,3331.0,5.0,0.8696825154081719,3.0,0.0,1.0,1.0,1.0
9892.0,delete,0.873597849947558,3332.0,5.0,0.873597849947558,4.0,1.0,0.0,0.0,0.0
9893.0,add,0.8696825154081719,3332.0,5.0,0.873597849947558,4.0,1.0,0.0,1.0,0.0
9894.0,delete,0.873597849947558,3332.0,5.0,0.873597849947558,4.0,0.0,0.0,0.0,0.0
9895.0,swap,0.2560543772390059,3332.0,5.0,0.873597849947558,3.0,1.0,1.0,0.0,0.0
9896.0,delete,0.26659909213401584,3333.0,4.0,0.7493060884979703,3.0,1.0,0.0,1.0,0.0
9897.0,add,0.8696825154081739,3334.0,6.0,0.8696825154081739,4.0,1.0,0.0,1.0,2.0
9898.0,add,0.09020569328041662,3334.0,6.0,0.8696825154081739,4.0,1.0,1.0,1.0,2.0
9899.0,delete,0.8696825154081739,3334.0,6.0,0.8696825154081739,4.0,1.0,0.0,1.0,1.0
9900.0,swap,0.12486003957405094,3334.0,6.0,0.8696825154081739,3.0,2.0,0.0,1.0,2.0
9901.0,swap,0.8684525127287896,3335.0,5.0,0.8684525127287896,4.0,1.0,0.0,1.0,0.0
9902.0,add,0.8661642303870724,3335.0,5.0,0.8684525127287896,4.0,1.0,0.0,1.0,1.0
9903.0,delete,0.24675828943844944,3335.0,5.0,0.8684525127287896,3.0,1.0,0.0,1.0,0.0
9904.0,swap,0.26497995854856815,3335.0,5.0,0.8684525127287896,3.0,2.0,0.0,1.0,0.0
9905.0,add,0.8684525127287896,3336.0,5.0,0.8684525127287896,4.0,1.0,0.0,1.0,2.0
9906.0,add,0.8645604557060095,3336.0,5.0,0.8684525127287896,4.0,1.0,0.0,2.0,2.0
9907.0,delete,0.266208669862896,3336.0,5.0,0.8684525127287896,3.0,1.0,0.0,1.0,2.0
9908.0,swap,0.25647106292798405,3336.0,5.0,0.8684525127287896,3.0,1.0,1.0,1.0,2.0
9909.0,add,0.8684525127287906,3337.0,5.0,0.8684525127287906,4.0,1.0,0.0,1.0,0.0
9910.0,add,0.8684525127287901,3337.0,5.0,0.8684525127287906,4.0,2.0,0.0,1.0,0.0
9911.0,delete,0.8684525127287878,3337.0,5.0,0.8684525127287906,4.0,0.0,0.0,1.0,0.0
9912.0,swap,0.7307540570850021,3337.0,5.0,0.8684525127287906,4.0,0.0,1.0,1.0,0.0
9913.0,add,0.8645604557060138,3338.0,4.0,0.8409128216000322,4.0,0.0,0.0,2.0,0.0
9914.0,add,0.8645604557060138,3339.0,5.0,0.8645604557060138,4.0,0.0,0.0,2.0,0.0
9915.0,add,0.8606866739320944,3339.0,5.0,0.8645604557060138,4.0,0.0,0.0,3.0,0.0
9916.0,delete,0.30230329150181523,3339.0,5.0,0.8645604557060138,3.0,0.0,0.0,2.0,0.0
9917.0,swap,0.8684525127287901,3339.0,5.0,0.8645604557060138,4.0,1.0,0.0,1.0,0.0
9918.0,delete,0.8684525127287878,3340.0,6.0,0.8684525127287878,4.0,0.0,0.0,1.0,0.0
9919.0,add,0.8645604557060148,3340.0,6.0,0.8684525127287878,4.0,0.0,0.0,2.0,0.0
9920.0,delete,0.2662086698628963,3340.0,6.0,0.8684525127287878,3.0,0.0,0.0,1.0,0.0
9921.0,swap,0.30230329150181523,3340.0,6.0,0.8684525127287878,3.0,0.0,0.0,1.0,1.0
9922.0,add,0.8684525127287878,3341.0,5.0,0.8684525127287878,4.0,0.0,0.0,1.0,0.0
9923.0,add,0.8684525127287901,3341.0,5.0,0.8684525127287878,4.0,1.0,0.0,1.0,0.0
9924.0,delete,0.2662086698628963,3341.0,5.0,0.8684525127287878,3.0,0.0,0.0,1.0,0.0
9925.0,swap,0.30230329150181523,3341.0,5.0,0.8684525127287878,3.0,0.0,0.0,1.0,1.0
9926.0,add,0.1596195161433199,3342.0,4.0,0.7333323162410287,4.0,0.0,1.0,1.0,0.0
9927.0,change,0.8684525127287878,3343.0,5.0,0.8684525127287878,4.0,0.0,0.0,1.0,0.0
9928.0,add,0.08654127427932705,3343.0,5.0,0.8684525127287878,4.0,0.0,1.0,1.0,0.0
9929.0,delete,0.30230329150181523,3343.0,5.0,0.8684525127287878,3.0,0.0,0.0,1.0,0.0
9930.0,swap,0.2677858814627575,3343.0,5.0,0.8684525127287878,3.0,0.0,0.0,1.0,1.0
9931.0,swap,0.8684525127287896,3344.0,6.0,0.8684525127287896,4.0,1.0,0.0,1.0,1.0
9932.0,add,0.8684525127287901,3344.0,6.0,0.8684525127287896,4.0,2.0,0.0,1.0,1.0
9933.0,delete,0.8684525127287896,3344.0,6.0,0.8684525127287896,4.0,1.0,0.0,1.0,0.0
9934.0,swap,0.8633374806385159,3344.0,6.0,0.8684525127287896,4.0,1.0,0.0,2.0,0.0
9935.0,swap,0.873597849947558,3345.0,5.0,0.8674295063107349,4.0,2.0,0.0,0.0,1.0
9936.0,swap,0.873597849947558,3346.0,6.0,0.873597849947558,4.0,2.0,0.0,0.0,1.0
9937.0,add,0.707013097885425,3346.0,6.0,0.873597849947558,4.0,2.0,1.0,0.0,1.0
9938.0,delete,0.30407643128483264,3346.0,6.0,0.873597849947558,3.0,2.0,0.0,0.0,1.0
9939.0,swap,0.26659909213401595,3346.0,6.0,0.873597849947558,3.0,2.0,0.0,1.0,1.0
9940.0,add,0.873597849947558,3347.0,6.0,0.873597849947558,4.0,2.0,0.0,0.0,2.0
9941.0,add,0.873597849947558,3347.0,6.0,0.873597849947558,4.0,2.0,0.0,0.0,3.0
9942.0,delete,0.873597849947558,3347.0,6.0,0.873597849947558,4.0,2.0,0.0,0.0,1.0
9943.0,swap,0.873597849947558,3347.0,6.0,0.873597849947558,4.0,1.0,0.0,0.0,3.0
9944.0,add,0.873597849947558,3348.0,5.0,0.8735978499475581,4.0,1.0,0.0,0.0,3.0
9945.0,add,0.873597849947558,3349.0,7.0,0.873597849947558,4.0,2.0,0.0,0.0,3.0
9946.0,add,0.8684525127287878,3349.0,7.0,0.873597849947558,4.0,2.0,0.0,1.0,3.0
9947.0,delete,0.30407643128483264,3349.0,7.0,0.873597849947558,3.0,2.0,0.0,0.0,3.0
9948.0,swap,0.07042473759059764,3349.0,7.0,0.873597849947558,3.0,2.0,1.0,0.0,3.0
9949.0,add,0.06772898322570357,3350.0,4.0,0.7005298644672604,4.0,1.0,1.0,0.0,1.0
9950.0,delete,0.873597849947558,3351.0,6.0,0.873597849947558,4.0,2.0,0.0,0.0,0.0
9951.0,add,0.8696825154081753,3351.0,6.0,0.873597849947558,4.0,2.0,0.0,1.0,0.0
9952.0,delete,0.2677858814627575,3351.0,6.0,0.873597849947558,3.0,2.0,0.0,0.0,0.0
9953.0,swap,0.027088717230159102,3351.0,6.0,0.873597849947558,3.0,2.0,0.0,0.0,1.0
9954.0,add,0.10351625875764217,3352.0,4.0,0.7223421131768964,4.0,1.0,1.0,0.0,1.0
9955.0,add,0.873597849947558,3353.0,5.0,0.873597849947558,4.0,2.0,0.0,0.0,1.0
9956.0,add,0.8684525127287896,3353.0,5.0,0.873597849947558,4.0,2.0,0.0,1.0,1.0
9957.0,delete,0.17217235167481248,3353.0,5.0,0.873597849947558,3.0,2.0,0.0,0.0,1.0
9958.0,swap,0.6426055823997917,3353.0,5.0,0.873597849947558,4.0,2.0,1.0,0.0,0.0
9959.0,add,0.873597849947558,3354.0,4.0,0.873597849947558,4.0,2.0,0.0,0.0,0.0
9960.0,add,0.873597849947558,3354.0,4.0,0.873597849947558,4.0,3.0,0.0,0.0,0.0
9961.0,delete,0.3040764312848323,3354.0,4.0,0.873597849947558,3.0,2.0,0.0,0.0,0.0
9962.0,swap,0.060363219182038935,3354.0,4.0,0.873597849947558,3.0,2.0,1.0,0.0,0.0
9963.0,add,0.8735582680665577,3355.0,5.0,0.8601275537767452,4.0,1.0,1.0,0.0,2.0
9964.0,add,0.8562754488623713,3355.0,5.0,0.8601275537767452,4.0,1.0,1.0,1.0,2.0
9965.0,delete,0.8601275537767452,3355.0,5.0,0.8601275537767452,4.0,1.0,1.0,0.0,1.0
9966.0,swap,0.5732439819135265,3355.0,5.0,0.8601275537767452,4.0,1.0,2.0,0.0,1.0
9967.0,add,0.8696825154081768,3356.0,4.0,0.8046665612791891,4.0,1.0,0.0,1.0,2.0
9968.0,add,0.8696825154081772,3357.0,5.0,0.8696825154081768,4.0,1.0,0.0,1.0,2.0
9969.0,add,0.8696825154081772,3357.0,5.0,0.8696825154081768,4.0,2.0,0.0,1.0,2.0
9970.0,delete,0.3040764312848323,3357.0,5.0,0.8696825154081768,3.0,1.0,0.0,1.0,2.0
9971.0,swap,0.3040764312848323,3357.0,5.0,0.8696825154081768,3.0,1.0,0.0,1.0,3.0
9972.0,add,0.8735582680665568,3358.0,6.0,0.8735582680665577,4.0,1.0,1.0,0.0,2.0
9973.0,add,0.8735456373202923,3358.0,6.0,0.8735582680665577,4.0,1.0,1.0,0.0,3.0
9974.0,delete,0.873597849947558,3358.0,6.0,0.8735582680665577,4.0,1.0,0.0,0.0,2.0
9975.0,swap,0.8735582680665568,3358.0,6.0,0.8735582680665577,4.0,2.0,1.0,0.0,1.0
9976.0,add,0.873597849947558,3359.0,4.0,0.7667709456136504,4.0,2.0,0.0,0.0,2.0
9977.0,add,0.873597849947558,3360.0,5.0,0.873597849947558,4.0,2.0,0.0,0.0,2.0
9978.0,add,0.873597849947558,3360.0,5.0,0.873597849947558,4.0,2.0,0.0,0.0,3.0
9979.0,delete,0.3040764312848323,3360.0,5.0,0.873597849947558,3.0,2.0,0.0,0.0,2.0
9980.0,swap,0.08555137095129473,3360.0,5.0,0.873597849947558,3.0,2.0,1.0,0.0,2.0
9981.0,add,0.873597849947558,3361.0,3.0,0.7177037573715437,4.0,2.0,0.0,0.0,1.0
9982.0,add,0.873597849947558,3362.0,4.0,0.873597849947558,4.0,2.0,0.0,0.0,1.0
9983.0,add,0.8139752668295742,3362.0,4.0,0.873597849947558,4.0,2.0,1.0,0.0,1.0
9984.0,delete,0.873597849947558,3362.0,4.0,0.873597849947558,4.0,1.0,0.0,0.0,1.0
9985.0,swap,0.873597849947558,3362.0,4.0,0.873597849947558,4.0,2.0,0.0,0.0,1.0
9986.0,delete,0.873597849947558,3363.0,5.0,0.873597849947558,4.0,1.0,0.0,0.0,1.0
9987.0,add,0.8735978499475604,3363.0,5.0,0.873597849947558,4.0,2.0,0.0,0.0,1.0
9988.0,delete,0.2677858814627577,3363.0,5.0,0.873597849947558,3.0,1.0,0.0,0.0,1.0
9989.0,swap,0.8684525127287901,3363.0,5.0,0.873597849947558,4.0,1.0,0.0,1.0,0.0
9990.0,add,0.6492425834889256,3364.0,3.0,0.7700228248260136,4.0,2.0,1.0,0.0,0.0
9991.0,add,0.873597849947558,3365.0,5.0,0.873597849947558,4.0,2.0,0.0,0.0,1.0
9992.0,add,0.873597849947558,3365.0,5.0,0.873597849947558,4.0,2.0,0.0,0.0,2.0
9993.0,delete,0.873597849947558,3365.0,5.0,0.873597849947558,4.0,1.0,0.0,0.0,1.0
9994.0,swap,0.11731916609425042,3365.0,5.0,0.873597849947558,3.0,2.0,0.0,0.0,2.0
9995.0,add,0.8139752668295742,3366.0,5.0,0.8139752668295742,4.0,2.0,1.0,0.0,1.0
9996.0,add,0.8139752668295747,3366.0,5.0,0.8139752668295742,4.0,3.0,1.0,0.0,1.0
9997.0,delete,0.873597849947558,3366.0,5.0,0.8139752668295742,4.0,2.0,0.0,0.0,1.0
9998.0,swap,0.8139752668295742,3366.0,5.0,0.8139752668295742,4.0,1.0,1.0,0.0,2.0
9999.0,add,0.873597849947558,3367.0,4.0,0.825899783453171,4.0,3.0,0.0,0.0,1.0
10000.0,add,0.873597849947558,3368.0,5.0,0.873597849947558,4.0,3.0,0.0,0.0,1.0
10001.0,add,0.873597849947558,3368.0,5.0,0.873597849947558,4.0,3.0,0.0,0.0,2.0
10002.0,delete,0.873597849947558,3368.0,5.0,0.873597849947558,4.0,3.0,0.0,0.0,0.0
10003.0,swap,0.8684525127287896,3368.0,5.0,0.873597849947558,4.0,2.0,0.0,1.0,1.0
