budget,expandedBy,objectiveValue,epoch,treeDepth,parentValue,H,Rx,Ry,Rz,Cx
0.0,,5.808421654950915,0.0,0.0,0.0,10.0,0.0,0.0,0.0,0.0
1.0,add,5.808421654950915,1.0,1.0,5.808421654950915,10.0,0.0,0.0,0.0,1.0
2.0,delete,6.2293701002883815,1.0,1.0,5.808421654950915,9.0,0.0,0.0,0.0,0.0
3.0,swap,5.502463697905555,1.0,1.0,5.808421654950915,9.0,1.0,0.0,0.0,0.0
4.0,add,5.70477660315888,2.0,2.0,6.2293701002883815,9.0,0.0,0.0,0.0,1.0
5.0,delete,6.58047493718603,2.0,2.0,6.2293701002883815,8.0,0.0,0.0,0.0,0.0
6.0,swap,6.580474937186029,2.0,2.0,6.2293701002883815,8.0,1.0,0.0,0.0,0.0
7.0,delete,6.229370100288379,3.0,1.0,6.27377414445483,9.0,0.0,0.0,0.0,0.0
8.0,add,6.005010060179101,4.0,2.0,6.229370100288379,9.0,0.0,1.0,0.0,0.0
9.0,delete,6.548762143404908,4.0,2.0,6.229370100288379,8.0,0.0,0.0,0.0,0.0
10.0,swap,6.742667735615496,4.0,2.0,6.229370100288379,8.0,0.0,0.0,1.0,0.0
11.0,swap,6.742667735615494,5.0,3.0,6.742667735615496,8.0,0.0,0.0,1.0,0.0
12.0,add,6.742667735615496,5.0,3.0,6.742667735615496,8.0,0.0,0.0,1.0,1.0
13.0,delete,7.1292446091473085,5.0,3.0,6.742667735615496,7.0,0.0,0.0,1.0,0.0
14.0,swap,6.600527309843291,5.0,3.0,6.742667735615496,7.0,0.0,0.0,2.0,0.0
15.0,delete,6.213703418118816,6.0,1.0,6.486334500627399,9.0,0.0,0.0,0.0,0.0
16.0,swap,6.72897437896809,7.0,2.0,6.791555025167417,8.0,0.0,0.0,1.0,0.0
17.0,swap,6.729835976955312,8.0,3.0,6.72897437896809,8.0,0.0,0.0,1.0,0.0
18.0,add,6.32309502526784,8.0,3.0,6.72897437896809,8.0,0.0,0.0,1.0,1.0
19.0,delete,7.014085855842517,8.0,3.0,6.72897437896809,7.0,0.0,0.0,1.0,0.0
20.0,swap,7.023368064728976,8.0,3.0,6.72897437896809,7.0,0.0,0.0,2.0,0.0
21.0,delete,7.129244609147308,9.0,4.0,7.1292446091473085,7.0,0.0,0.0,1.0,0.0
22.0,add,6.347818984598515,9.0,4.0,7.1292446091473085,7.0,1.0,0.0,1.0,0.0
23.0,delete,7.101811074149547,9.0,4.0,7.1292446091473085,6.0,0.0,0.0,1.0,0.0
24.0,swap,7.103859642109245,9.0,4.0,7.1292446091473085,6.0,0.0,1.0,1.0,0.0
25.0,swap,6.2786706531954675,10.0,2.0,6.8185620526860315,8.0,0.0,1.0,0.0,0.0
26.0,delete,6.621785639771633,11.0,3.0,6.962395783830384,7.0,0.0,0.0,1.0,0.0
27.0,delete,7.129244609147308,12.0,5.0,7.129244609147308,7.0,0.0,0.0,1.0,0.0
28.0,add,7.129244609147308,12.0,5.0,7.129244609147308,7.0,0.0,0.0,1.0,1.0
29.0,delete,7.345352553466821,12.0,5.0,7.129244609147308,6.0,0.0,0.0,1.0,0.0
30.0,swap,7.250051749067486,12.0,5.0,7.129244609147308,6.0,1.0,0.0,1.0,0.0
31.0,change,7.129244609147307,13.0,4.0,7.196627625995246,7.0,0.0,0.0,1.0,0.0
32.0,delete,7.021854596966572,14.0,3.0,7.037900244445433,7.0,0.0,0.0,1.0,0.0
33.0,delete,7.0218545969665715,15.0,4.0,7.021854596966572,7.0,0.0,0.0,1.0,0.0
34.0,add,7.021854596966574,15.0,4.0,7.021854596966572,7.0,0.0,0.0,2.0,0.0
35.0,delete,7.345352553466822,15.0,4.0,7.021854596966572,6.0,0.0,0.0,1.0,0.0
36.0,swap,7.260675147062102,15.0,4.0,7.021854596966572,6.0,0.0,0.0,2.0,0.0
37.0,delete,7.345352553466823,16.0,5.0,7.345352553466822,6.0,0.0,0.0,1.0,0.0
38.0,add,7.345352553466822,16.0,5.0,7.345352553466822,6.0,0.0,0.0,1.0,1.0
39.0,delete,7.516864899172403,16.0,5.0,7.345352553466822,5.0,0.0,0.0,1.0,0.0
40.0,swap,7.49754663102015,16.0,5.0,7.345352553466822,5.0,0.0,0.0,1.0,1.0
41.0,delete,7.236355873709786,17.0,4.0,7.410093838118604,6.0,0.0,0.0,1.0,0.0
42.0,delete,6.198463037155184,18.0,1.0,6.847396652887767,9.0,0.0,0.0,0.0,0.0
43.0,delete,7.516864899172404,19.0,6.0,7.516864899172403,5.0,0.0,0.0,1.0,0.0
44.0,add,7.2832762301289655,19.0,6.0,7.516864899172403,5.0,0.0,0.0,1.0,1.0
45.0,delete,7.61184657992663,19.0,6.0,7.516864899172403,4.0,0.0,0.0,1.0,0.0
46.0,swap,7.731027966941614,19.0,6.0,7.516864899172403,4.0,0.0,1.0,1.0,0.0
47.0,swap,7.497546631020149,20.0,6.0,7.49754663102015,5.0,0.0,0.0,1.0,1.0
48.0,add,7.122540877866337,20.0,6.0,7.49754663102015,5.0,0.0,0.0,1.0,2.0
49.0,delete,7.591483674819717,20.0,6.0,7.49754663102015,4.0,0.0,0.0,1.0,1.0
50.0,swap,7.586244548334917,20.0,6.0,7.49754663102015,4.0,0.0,1.0,1.0,1.0
51.0,swap,6.580456009321318,21.0,2.0,7.0999322710518715,8.0,0.0,0.0,0.0,1.0
52.0,delete,7.227918340664467,22.0,4.0,7.4448326051795375,6.0,0.0,0.0,1.0,0.0
53.0,swap,7.260675147062104,23.0,5.0,7.260675147062102,6.0,0.0,0.0,2.0,0.0
54.0,add,7.260675147062102,23.0,5.0,7.260675147062102,6.0,0.0,0.0,2.0,1.0
55.0,delete,7.3930229874479325,23.0,5.0,7.260675147062102,5.0,0.0,0.0,2.0,0.0
56.0,swap,7.516864899172402,23.0,5.0,7.260675147062102,5.0,0.0,0.0,2.0,1.0
57.0,swap,7.345352553466821,24.0,4.0,7.338382665561328,6.0,0.0,0.0,2.0,0.0
58.0,delete,7.49754663102015,25.0,5.0,7.531976115068403,5.0,0.0,0.0,1.0,0.0
59.0,delete,7.497546631020149,26.0,6.0,7.49754663102015,5.0,0.0,0.0,1.0,0.0
60.0,add,7.174048674519868,26.0,6.0,7.49754663102015,5.0,0.0,0.0,1.0,1.0
61.0,delete,7.575678333611185,26.0,6.0,7.49754663102015,4.0,0.0,0.0,1.0,0.0
62.0,swap,7.197705223661715,26.0,6.0,7.49754663102015,4.0,1.0,0.0,1.0,0.0
63.0,delete,6.600527309843294,27.0,3.0,7.272945816702101,7.0,0.0,0.0,1.0,0.0
64.0,swap,7.34535255346682,28.0,5.0,7.345352553466821,6.0,0.0,0.0,2.0,0.0
65.0,add,7.046139042506327,28.0,5.0,7.345352553466821,6.0,0.0,0.0,2.0,1.0
66.0,delete,7.345352553466822,28.0,5.0,7.345352553466821,6.0,0.0,0.0,1.0,0.0
67.0,swap,7.473423343445184,28.0,5.0,7.345352553466821,5.0,0.0,0.0,3.0,0.0
68.0,swap,7.5168648991724005,29.0,5.0,7.459072472612253,5.0,0.0,0.0,2.0,0.0
69.0,swap,7.5168648991724,30.0,6.0,7.5168648991724005,5.0,0.0,0.0,2.0,0.0
70.0,add,7.516864899172401,30.0,6.0,7.5168648991724005,5.0,0.0,0.0,3.0,0.0
71.0,delete,7.516864899172403,30.0,6.0,7.5168648991724005,5.0,0.0,0.0,1.0,0.0
72.0,swap,7.5168648991724005,30.0,6.0,7.5168648991724005,5.0,1.0,0.0,1.0,0.0
73.0,delete,7.345352553466822,31.0,6.0,7.345352553466823,6.0,0.0,0.0,1.0,0.0
74.0,add,7.356848714350383,31.0,6.0,7.345352553466823,6.0,0.0,0.0,2.0,0.0
75.0,delete,7.489109097974804,31.0,6.0,7.345352553466823,5.0,0.0,0.0,1.0,0.0
76.0,swap,7.47342334344518,31.0,6.0,7.345352553466823,5.0,1.0,0.0,1.0,0.0
77.0,delete,7.236355873709787,32.0,5.0,7.236355873709786,6.0,0.0,0.0,1.0,0.0
78.0,add,7.236355873709786,32.0,5.0,7.236355873709786,6.0,0.0,0.0,1.0,1.0
79.0,delete,7.21499396502579,32.0,5.0,7.236355873709786,5.0,0.0,0.0,1.0,0.0
80.0,swap,7.20133251864189,32.0,5.0,7.236355873709786,5.0,0.0,0.0,1.0,1.0
81.0,swap,7.516864899172402,33.0,6.0,7.516864899172402,5.0,0.0,0.0,2.0,1.0
82.0,add,7.516864899172402,33.0,6.0,7.516864899172402,5.0,0.0,0.0,2.0,2.0
83.0,delete,7.572932366739839,33.0,6.0,7.516864899172402,4.0,0.0,0.0,2.0,1.0
84.0,swap,7.595903574508501,33.0,6.0,7.516864899172402,4.0,0.0,1.0,2.0,1.0
85.0,swap,6.835743214157142,34.0,4.0,7.3892927938394095,6.0,0.0,1.0,1.0,0.0
86.0,swap,7.350676870970199,35.0,5.0,7.543886127753109,5.0,1.0,0.0,2.0,0.0
87.0,delete,7.227918340664465,36.0,5.0,7.227918340664467,6.0,0.0,0.0,1.0,0.0
88.0,add,7.227918340664465,36.0,5.0,7.227918340664467,6.0,1.0,0.0,1.0,0.0
89.0,delete,7.206556431980505,36.0,5.0,7.227918340664467,5.0,0.0,0.0,1.0,0.0
90.0,swap,7.376443648067512,36.0,5.0,7.227918340664467,5.0,1.0,0.0,1.0,0.0
91.0,swap,7.595903574508499,37.0,7.0,7.595903574508501,4.0,0.0,1.0,2.0,1.0
92.0,add,6.894770493580663,37.0,7.0,7.595903574508501,4.0,0.0,1.0,2.0,2.0
93.0,delete,7.604058658140772,37.0,7.0,7.595903574508501,4.0,0.0,0.0,2.0,1.0
94.0,swap,7.527258442999315,37.0,7.0,7.595903574508501,3.0,0.0,1.0,3.0,1.0
95.0,delete,7.393022987447934,38.0,6.0,7.3930229874479325,5.0,0.0,0.0,2.0,0.0
96.0,add,7.3930229874479325,38.0,6.0,7.3930229874479325,5.0,0.0,0.0,2.0,1.0
97.0,delete,7.433737402101801,38.0,6.0,7.3930229874479325,4.0,0.0,0.0,2.0,0.0
98.0,swap,7.467591877416206,38.0,6.0,7.3930229874479325,4.0,0.0,0.0,2.0,1.0
99.0,delete,7.260675147062102,39.0,5.0,7.416079648372362,6.0,0.0,0.0,1.0,0.0
100.0,swap,7.473423343445184,40.0,6.0,7.473423343445184,5.0,0.0,0.0,3.0,0.0
101.0,add,7.086816444308239,40.0,6.0,7.473423343445184,5.0,0.0,0.0,3.0,1.0
102.0,delete,7.568713600217147,40.0,6.0,7.473423343445184,4.0,0.0,0.0,3.0,0.0
103.0,swap,7.572823106683034,40.0,6.0,7.473423343445184,4.0,1.0,0.0,3.0,0.0
104.0,add,7.345352553466822,41.0,6.0,7.345352553466822,6.0,0.0,0.0,1.0,1.0
105.0,add,7.345352553466822,41.0,6.0,7.345352553466822,6.0,0.0,0.0,1.0,2.0
106.0,delete,7.345352553466823,41.0,6.0,7.345352553466822,6.0,0.0,0.0,0.0,1.0
107.0,swap,7.3738158850398134,41.0,6.0,7.345352553466822,5.0,0.0,0.0,1.0,2.0
108.0,delete,6.229370100288219,42.0,1.0,7.1597491421126715,9.0,0.0,0.0,0.0,0.0
109.0,swap,7.473423343445181,43.0,5.0,7.435039967619758,5.0,1.0,0.0,2.0,0.0
110.0,swap,7.473423343445181,44.0,6.0,7.473423343445181,5.0,1.0,0.0,2.0,0.0
111.0,add,7.473423343445183,44.0,6.0,7.473423343445181,5.0,1.0,0.0,3.0,0.0
112.0,delete,7.473423343445182,44.0,6.0,7.473423343445181,5.0,1.0,0.0,1.0,0.0
113.0,swap,7.536773191552026,44.0,6.0,7.473423343445181,4.0,1.0,1.0,2.0,0.0
114.0,delete,7.345352553466822,45.0,6.0,7.345352553466822,6.0,0.0,0.0,1.0,0.0
115.0,add,7.345352553466822,45.0,6.0,7.345352553466822,6.0,0.0,0.0,1.0,1.0
116.0,delete,7.3738158850398134,45.0,6.0,7.345352553466822,5.0,0.0,0.0,1.0,0.0
117.0,swap,7.516864899172406,45.0,6.0,7.345352553466822,5.0,0.0,0.0,2.0,0.0
118.0,swap,6.742667735615493,46.0,2.0,7.261858162298506,8.0,0.0,0.0,0.0,1.0
119.0,delete,7.572932366739838,47.0,7.0,7.572932366739839,4.0,0.0,0.0,2.0,1.0
120.0,add,7.486919565354789,47.0,7.0,7.572932366739839,4.0,1.0,0.0,2.0,1.0
121.0,delete,7.704372821048002,47.0,7.0,7.572932366739839,3.0,0.0,0.0,2.0,1.0
122.0,swap,7.605240625558034,47.0,7.0,7.572932366739839,3.0,1.0,0.0,2.0,1.0
123.0,swap,6.290298291581484,48.0,4.0,7.411658454748026,6.0,1.0,0.0,1.0,0.0
124.0,delete,6.964431425527025,49.0,4.0,7.389875781707674,6.0,0.0,0.0,1.0,0.0
125.0,swap,6.999118015949681,50.0,5.0,7.5043974326904035,5.0,1.0,0.0,2.0,0.0
126.0,delete,7.516864899172402,51.0,7.0,7.516864899172403,5.0,0.0,0.0,1.0,0.0
127.0,add,7.28948560614881,51.0,7.0,7.516864899172403,5.0,0.0,0.0,1.0,1.0
128.0,delete,7.572932366739839,51.0,7.0,7.516864899172403,4.0,0.0,0.0,1.0,0.0
129.0,swap,7.5979229507072015,51.0,7.0,7.516864899172403,5.0,0.0,1.0,0.0,0.0
130.0,delete,7.0227782072898535,52.0,3.0,7.329415328522868,7.0,0.0,0.0,1.0,0.0
131.0,change,7.345352553466821,53.0,5.0,7.4020172525408015,6.0,0.0,0.0,1.0,0.0
132.0,swap,7.370469989097333,54.0,5.0,7.489778048692251,5.0,0.0,0.0,1.0,1.0
133.0,swap,7.722641095480931,55.0,7.0,7.731027966941614,4.0,0.0,1.0,1.0,0.0
134.0,add,7.545291334128695,55.0,7.0,7.731027966941614,4.0,0.0,1.0,1.0,1.0
135.0,delete,7.8140459115023315,55.0,7.0,7.731027966941614,3.0,0.0,1.0,1.0,0.0
136.0,swap,7.540956700905632,55.0,7.0,7.731027966941614,3.0,0.0,1.0,2.0,0.0
137.0,delete,7.3738158850398134,56.0,5.0,7.5160957936566195,5.0,0.0,0.0,1.0,0.0
138.0,delete,7.611846579926631,57.0,7.0,7.61184657992663,4.0,0.0,0.0,1.0,0.0
139.0,add,7.61184657992663,57.0,7.0,7.61184657992663,4.0,0.0,0.0,1.0,1.0
140.0,delete,7.751233228221587,57.0,7.0,7.61184657992663,3.0,0.0,0.0,1.0,0.0
141.0,swap,7.433693596847715,57.0,7.0,7.61184657992663,3.0,0.0,1.0,1.0,0.0
142.0,swap,7.516864899172403,58.0,6.0,7.670792601791841,5.0,0.0,0.0,0.0,1.0
143.0,delete,7.817851574148537,59.0,8.0,7.8140459115023315,3.0,0.0,1.0,1.0,0.0
144.0,add,7.813605155094663,59.0,8.0,7.8140459115023315,3.0,0.0,1.0,2.0,0.0
145.0,delete,7.898437171400878,59.0,8.0,7.8140459115023315,2.0,0.0,1.0,1.0,0.0
146.0,swap,7.374029321673939,59.0,8.0,7.8140459115023315,3.0,1.0,1.0,0.0,0.0
147.0,swap,7.722641095480934,60.0,8.0,7.722641095480931,4.0,0.0,1.0,1.0,0.0
148.0,add,7.485476220800615,60.0,8.0,7.722641095480931,4.0,0.0,1.0,1.0,1.0
149.0,delete,7.737685747089534,60.0,8.0,7.722641095480931,3.0,0.0,1.0,1.0,0.0
150.0,swap,7.604058658140776,60.0,8.0,7.722641095480931,4.0,0.0,0.0,2.0,0.0
151.0,delete,7.516864899172402,61.0,7.0,7.516864899172404,5.0,0.0,0.0,1.0,0.0
152.0,add,7.313175225688417,61.0,7.0,7.516864899172404,5.0,1.0,0.0,1.0,0.0
153.0,delete,7.590777835240749,61.0,7.0,7.516864899172404,4.0,0.0,0.0,1.0,0.0
154.0,swap,7.604058658140774,61.0,7.0,7.516864899172404,4.0,0.0,0.0,1.0,1.0
155.0,delete,7.373815885039814,62.0,6.0,7.3738158850398134,5.0,0.0,0.0,1.0,0.0
156.0,add,7.3738158850398134,62.0,6.0,7.3738158850398134,5.0,0.0,0.0,1.0,1.0
157.0,delete,7.548583483582081,62.0,6.0,7.3738158850398134,4.0,0.0,0.0,1.0,0.0
158.0,swap,7.292046904538641,62.0,6.0,7.3738158850398134,4.0,0.0,0.0,1.0,1.0
159.0,delete,7.591483674819717,63.0,7.0,7.591483674819717,4.0,0.0,0.0,1.0,1.0
160.0,add,7.5914836748197185,63.0,7.0,7.591483674819717,4.0,0.0,0.0,2.0,1.0
161.0,delete,7.735089089637366,63.0,7.0,7.591483674819717,3.0,0.0,0.0,1.0,1.0
162.0,swap,7.549777323138426,63.0,7.0,7.591483674819717,3.0,0.0,0.0,2.0,1.0
163.0,swap,7.586244548334914,64.0,7.0,7.586244548334917,4.0,0.0,1.0,1.0,1.0
164.0,add,7.586244548334917,64.0,7.0,7.586244548334917,4.0,1.0,1.0,1.0,1.0
165.0,delete,7.586244548334917,64.0,7.0,7.586244548334917,4.0,0.0,1.0,1.0,0.0
166.0,swap,7.542062024461502,64.0,7.0,7.586244548334917,3.0,0.0,1.0,2.0,1.0
167.0,delete,7.568713600217148,65.0,6.0,7.611863487446989,4.0,0.0,0.0,1.0,1.0
168.0,swap,7.370469989097331,66.0,6.0,7.370469989097333,5.0,0.0,0.0,1.0,1.0
169.0,add,6.884026926041219,66.0,6.0,7.370469989097333,5.0,0.0,0.0,1.0,2.0
170.0,delete,7.370469989097333,66.0,6.0,7.370469989097333,5.0,0.0,0.0,1.0,0.0
171.0,swap,7.370469989097331,66.0,6.0,7.370469989097333,5.0,0.0,0.0,2.0,0.0
172.0,change,7.345352553466822,67.0,6.0,7.345352553466821,6.0,0.0,0.0,1.0,0.0
173.0,add,7.345352553466821,67.0,6.0,7.345352553466821,6.0,0.0,0.0,1.0,1.0
174.0,delete,7.373815885039814,67.0,6.0,7.345352553466821,5.0,0.0,0.0,1.0,0.0
175.0,swap,7.373815885039813,67.0,6.0,7.345352553466821,5.0,1.0,0.0,1.0,0.0
176.0,delete,7.590777835240743,68.0,6.0,7.604093312969839,4.0,0.0,0.0,1.0,0.0
177.0,delete,7.590777835240743,69.0,7.0,7.590777835240743,4.0,0.0,0.0,1.0,0.0
178.0,add,7.457717421129417,69.0,7.0,7.590777835240743,4.0,0.0,1.0,1.0,0.0
179.0,delete,7.599065929392147,69.0,7.0,7.590777835240743,3.0,0.0,0.0,1.0,0.0
180.0,swap,7.74584392671357,69.0,7.0,7.590777835240743,3.0,0.0,0.0,2.0,0.0
181.0,delete,7.473423343445184,70.0,5.0,7.550628013373578,5.0,0.0,0.0,1.0,0.0
182.0,delete,7.473423343445183,71.0,6.0,7.473423343445184,5.0,0.0,0.0,1.0,0.0
183.0,add,7.473423343445184,71.0,6.0,7.473423343445184,5.0,0.0,0.0,1.0,1.0
184.0,delete,7.548583483582081,71.0,6.0,7.473423343445184,4.0,0.0,0.0,1.0,0.0
185.0,swap,7.381315599347365,71.0,6.0,7.473423343445184,4.0,0.0,1.0,1.0,0.0
186.0,add,6.950803460193264,72.0,5.0,7.351045219781421,6.0,0.0,0.0,1.0,1.0
187.0,delete,6.9326203557781225,73.0,4.0,7.457723516626656,6.0,0.0,0.0,1.0,0.0
188.0,delete,7.548583483582082,74.0,7.0,7.548583483582081,4.0,0.0,0.0,1.0,0.0
189.0,add,7.54846019117,74.0,7.0,7.548583483582081,4.0,1.0,0.0,1.0,0.0
190.0,delete,7.548583483582082,74.0,7.0,7.548583483582081,4.0,0.0,0.0,0.0,0.0
191.0,swap,7.676798611615762,74.0,7.0,7.548583483582081,3.0,0.0,1.0,1.0,0.0
192.0,delete,7.572932366739839,75.0,6.0,7.574201850706402,4.0,0.0,0.0,1.0,0.0
193.0,delete,7.572932366739839,76.0,7.0,7.572932366739839,4.0,0.0,0.0,1.0,0.0
194.0,add,7.4766263105919695,76.0,7.0,7.572932366739839,4.0,0.0,1.0,1.0,0.0
195.0,delete,7.5899414820268,76.0,7.0,7.572932366739839,3.0,0.0,0.0,1.0,0.0
196.0,swap,7.589941482026823,76.0,7.0,7.572932366739839,3.0,0.0,0.0,1.0,1.0
197.0,swap,7.436639539545514,77.0,6.0,7.666043775140106,4.0,0.0,0.0,1.0,1.0
198.0,delete,7.78038451721768,78.0,7.0,7.743593826764069,3.0,0.0,1.0,1.0,0.0
199.0,delete,7.78038451721768,79.0,8.0,7.78038451721768,3.0,0.0,1.0,1.0,0.0
200.0,add,7.2832566069392435,79.0,8.0,7.78038451721768,3.0,0.0,2.0,1.0,0.0
201.0,delete,7.8064986409970425,79.0,8.0,7.78038451721768,2.0,0.0,1.0,1.0,0.0
202.0,swap,7.855960651861958,79.0,8.0,7.78038451721768,2.0,0.0,1.0,2.0,0.0
203.0,add,7.526540427492627,80.0,7.0,7.516864899172403,5.0,0.0,0.0,1.0,1.0
204.0,delete,7.572932366739839,80.0,7.0,7.516864899172403,4.0,0.0,0.0,0.0,1.0
205.0,swap,7.566212579041811,80.0,7.0,7.516864899172403,4.0,1.0,0.0,0.0,1.0
206.0,add,7.473423343445183,81.0,7.0,7.473423343445184,5.0,0.0,0.0,1.0,1.0
207.0,add,7.473423343445184,81.0,7.0,7.473423343445184,5.0,0.0,0.0,1.0,2.0
208.0,delete,7.473423343445184,81.0,7.0,7.473423343445184,5.0,0.0,0.0,1.0,0.0
209.0,swap,7.560276067171779,81.0,7.0,7.473423343445184,4.0,0.0,0.0,2.0,1.0
210.0,delete,7.751233228221584,82.0,8.0,7.751233228221587,3.0,0.0,0.0,1.0,0.0
211.0,add,7.409156973098781,82.0,8.0,7.751233228221587,3.0,0.0,0.0,1.0,1.0
212.0,delete,7.795050278006042,82.0,8.0,7.751233228221587,2.0,0.0,0.0,1.0,0.0
213.0,swap,7.771603199878181,82.0,8.0,7.751233228221587,2.0,0.0,0.0,1.0,1.0
214.0,delete,7.590777835240748,83.0,6.0,7.623692370840744,4.0,0.0,0.0,1.0,0.0
215.0,delete,7.590777835240749,84.0,7.0,7.590777835240748,4.0,0.0,0.0,1.0,0.0
216.0,add,7.590777835240748,84.0,7.0,7.590777835240748,4.0,0.0,0.0,2.0,0.0
217.0,delete,7.745843926713604,84.0,7.0,7.590777835240748,3.0,0.0,0.0,1.0,0.0
218.0,swap,7.573846088028493,84.0,7.0,7.590777835240748,4.0,1.0,0.0,0.0,0.0
219.0,delete,6.229370100288218,85.0,1.0,7.326888634406117,9.0,0.0,0.0,0.0,0.0
220.0,delete,7.898437171400878,86.0,9.0,7.898437171400878,2.0,0.0,1.0,1.0,0.0
221.0,add,7.898437171400878,86.0,9.0,7.898437171400878,2.0,0.0,1.0,1.0,1.0
222.0,delete,7.944151098979175,86.0,9.0,7.898437171400878,1.0,0.0,1.0,1.0,0.0
223.0,swap,7.898437171400877,86.0,9.0,7.898437171400878,2.0,0.0,1.0,0.0,1.0
224.0,delete,7.749945514613575,87.0,7.0,7.7759940486596975,3.0,0.0,1.0,1.0,0.0
225.0,delete,7.742602632769178,88.0,8.0,7.749945514613575,3.0,0.0,1.0,1.0,0.0
226.0,add,7.749945514613578,88.0,8.0,7.749945514613575,3.0,0.0,1.0,2.0,0.0
227.0,delete,7.749945514613576,88.0,8.0,7.749945514613575,3.0,0.0,1.0,0.0,0.0
228.0,swap,7.564344219078741,88.0,8.0,7.749945514613575,3.0,0.0,0.0,1.0,1.0
229.0,swap,7.009679014634756,89.0,2.0,7.39667170048064,8.0,0.0,1.0,0.0,0.0
230.0,change,7.731027966941616,90.0,7.0,7.654500563398559,4.0,0.0,1.0,1.0,0.0
231.0,change,7.731027966941613,91.0,8.0,7.731027966941616,4.0,0.0,1.0,1.0,0.0
232.0,add,7.731027966941616,91.0,8.0,7.731027966941616,4.0,0.0,1.0,1.0,1.0
233.0,delete,7.540956700905632,91.0,8.0,7.731027966941616,3.0,0.0,1.0,1.0,0.0
234.0,swap,7.780384517217679,91.0,8.0,7.731027966941616,3.0,0.0,1.0,2.0,0.0
235.0,delete,7.711948501369143,92.0,8.0,7.907579956916537,2.0,0.0,1.0,1.0,0.0
236.0,add,7.57293236673984,93.0,8.0,7.572932366739839,4.0,1.0,0.0,0.0,1.0
237.0,delete,7.715964839381197,93.0,8.0,7.572932366739839,3.0,0.0,0.0,0.0,1.0
238.0,swap,7.589941482026822,93.0,8.0,7.572932366739839,3.0,0.0,0.0,1.0,1.0
239.0,change,7.516864899172402,94.0,6.0,7.508348303482949,5.0,0.0,0.0,1.0,0.0
240.0,swap,7.590777835240745,95.0,6.0,7.688655634545132,4.0,0.0,0.0,2.0,0.0
241.0,delete,7.001746960616706,96.0,3.0,7.449755076773979,7.0,0.0,0.0,1.0,0.0
242.0,swap,7.590777835240743,97.0,7.0,7.590777835240745,4.0,0.0,0.0,2.0,0.0
243.0,add,7.590777835240745,97.0,7.0,7.590777835240745,4.0,0.0,0.0,3.0,0.0
244.0,delete,7.745843926713567,97.0,7.0,7.590777835240745,3.0,0.0,0.0,2.0,0.0
245.0,swap,7.745843926713571,97.0,7.0,7.590777835240745,3.0,0.0,0.0,3.0,0.0
246.0,swap,7.745843926713571,98.0,8.0,7.745843926713571,3.0,0.0,0.0,3.0,0.0
247.0,add,7.745843926713571,98.0,8.0,7.745843926713571,3.0,0.0,0.0,3.0,1.0
248.0,delete,7.745843926713572,98.0,8.0,7.745843926713571,3.0,0.0,0.0,2.0,0.0
249.0,swap,7.438405320942606,98.0,8.0,7.745843926713571,3.0,0.0,1.0,2.0,0.0
250.0,delete,7.489109097974804,99.0,5.0,7.60207068819645,5.0,0.0,0.0,1.0,0.0
251.0,delete,7.489109097974804,100.0,6.0,7.489109097974804,5.0,0.0,0.0,1.0,0.0
252.0,add,7.146056009384918,100.0,6.0,7.489109097974804,5.0,0.0,0.0,1.0,1.0
253.0,delete,7.575678333611185,100.0,6.0,7.489109097974804,4.0,0.0,0.0,1.0,0.0
254.0,swap,7.377769578301051,100.0,6.0,7.489109097974804,5.0,0.0,1.0,0.0,0.0
255.0,delete,7.745843926713605,101.0,8.0,7.745843926713604,3.0,0.0,0.0,1.0,0.0
256.0,add,7.745843926713604,101.0,8.0,7.745843926713604,3.0,0.0,0.0,1.0,1.0
257.0,delete,7.745843926713604,101.0,8.0,7.745843926713604,3.0,0.0,0.0,0.0,0.0
258.0,swap,7.6775690484199695,101.0,8.0,7.745843926713604,3.0,0.0,1.0,0.0,0.0
259.0,delete,7.599065929392147,102.0,7.0,7.732188951054877,3.0,0.0,0.0,1.0,0.0
260.0,add,7.7458439267136034,103.0,9.0,7.745843926713604,3.0,0.0,0.0,1.0,1.0
261.0,add,7.745843926713604,103.0,9.0,7.745843926713604,3.0,0.0,0.0,1.0,2.0
262.0,delete,7.682145327397911,103.0,9.0,7.745843926713604,2.0,0.0,0.0,1.0,1.0
263.0,swap,7.745843926713602,103.0,9.0,7.745843926713604,3.0,0.0,0.0,1.0,1.0
264.0,swap,7.745843926713568,104.0,8.0,7.74584392671357,3.0,0.0,0.0,2.0,0.0
265.0,add,7.482425444139429,104.0,8.0,7.74584392671357,3.0,1.0,0.0,2.0,0.0
266.0,delete,7.789254268839439,104.0,8.0,7.74584392671357,2.0,0.0,0.0,2.0,0.0
267.0,swap,7.749418292392484,104.0,8.0,7.74584392671357,2.0,1.0,0.0,2.0,0.0
268.0,change,7.516864899172402,105.0,7.0,7.516864899172402,5.0,0.0,0.0,1.0,0.0
269.0,add,7.516864899172401,105.0,7.0,7.516864899172402,5.0,0.0,0.0,2.0,0.0
270.0,delete,7.516864899172403,105.0,7.0,7.516864899172402,5.0,0.0,0.0,0.0,0.0
271.0,swap,7.590777835240743,105.0,7.0,7.516864899172402,4.0,0.0,0.0,1.0,1.0
272.0,delete,7.575678333611184,106.0,7.0,7.575678333611185,4.0,0.0,0.0,1.0,0.0
273.0,add,7.3039124262754935,106.0,7.0,7.575678333611185,4.0,0.0,0.0,1.0,1.0
274.0,delete,7.575678333611185,106.0,7.0,7.575678333611185,4.0,0.0,0.0,0.0,0.0
275.0,swap,7.2122232349002395,106.0,7.0,7.575678333611185,3.0,1.0,0.0,1.0,0.0
276.0,delete,7.590777835240748,107.0,8.0,7.590777835240749,4.0,0.0,0.0,1.0,0.0
277.0,add,7.451240057255461,107.0,8.0,7.590777835240749,4.0,0.0,0.0,1.0,1.0
278.0,delete,7.745843926713606,107.0,8.0,7.590777835240749,3.0,0.0,0.0,1.0,0.0
279.0,swap,7.553536102452558,107.0,8.0,7.590777835240749,3.0,0.0,1.0,1.0,0.0
280.0,delete,7.745843926713568,108.0,8.0,7.745843926713567,3.0,0.0,0.0,2.0,0.0
281.0,add,7.739363098902205,108.0,8.0,7.745843926713567,3.0,0.0,1.0,2.0,0.0
282.0,delete,7.771603199878119,108.0,8.0,7.745843926713567,2.0,0.0,0.0,2.0,0.0
283.0,swap,7.272561808120274,108.0,8.0,7.745843926713567,3.0,1.0,0.0,1.0,0.0
284.0,swap,7.763034384525948,109.0,7.0,7.684356205559378,3.0,0.0,1.0,2.0,0.0
285.0,swap,7.768068337560884,110.0,8.0,7.763034384525948,3.0,0.0,1.0,2.0,0.0
286.0,add,7.624247906811475,110.0,8.0,7.763034384525948,3.0,1.0,1.0,2.0,0.0
287.0,delete,7.763034384525947,110.0,8.0,7.763034384525948,3.0,0.0,1.0,1.0,0.0
288.0,swap,7.750219978062475,110.0,8.0,7.763034384525948,2.0,1.0,1.0,2.0,0.0
289.0,add,7.541351795701801,111.0,8.0,7.545291334128695,4.0,0.0,1.0,1.0,1.0
290.0,add,7.09215348533262,111.0,8.0,7.545291334128695,4.0,1.0,1.0,1.0,1.0
291.0,delete,7.505576895066661,111.0,8.0,7.545291334128695,3.0,0.0,1.0,1.0,1.0
292.0,swap,7.604058658140774,111.0,8.0,7.545291334128695,4.0,0.0,0.0,2.0,1.0
293.0,swap,7.6053930520620625,112.0,7.0,7.702557171759699,4.0,0.0,0.0,1.0,0.0
294.0,delete,7.715964839381198,113.0,7.0,7.695655381485234,3.0,0.0,0.0,1.0,0.0
295.0,delete,7.611846579926631,114.0,8.0,7.611846579926631,4.0,0.0,0.0,1.0,0.0
296.0,add,7.510586043464357,114.0,8.0,7.611846579926631,4.0,0.0,1.0,1.0,0.0
297.0,delete,7.751233228221554,114.0,8.0,7.611846579926631,3.0,0.0,0.0,1.0,0.0
298.0,swap,7.3458075052527665,114.0,8.0,7.611846579926631,3.0,0.0,0.0,1.0,1.0
299.0,delete,7.548583483582081,115.0,7.0,7.548583483582081,4.0,0.0,0.0,1.0,0.0
300.0,add,7.548583483582081,115.0,7.0,7.548583483582081,4.0,0.0,0.0,1.0,1.0
301.0,delete,7.548583483582082,115.0,7.0,7.548583483582081,4.0,0.0,0.0,0.0,0.0
302.0,swap,7.705950063691909,115.0,7.0,7.548583483582081,3.0,0.0,0.0,1.0,1.0
303.0,delete,7.201168121127197,116.0,4.0,7.54034578590918,6.0,0.0,0.0,1.0,0.0
304.0,delete,7.201168121127197,117.0,5.0,7.201168121127197,6.0,0.0,0.0,1.0,0.0
305.0,add,7.201168121127197,117.0,5.0,7.201168121127197,6.0,0.0,0.0,1.0,1.0
306.0,delete,7.473423343445184,117.0,5.0,7.201168121127197,5.0,0.0,0.0,1.0,0.0
307.0,swap,6.7053019326690135,117.0,5.0,7.201168121127197,5.0,0.0,1.0,1.0,0.0
308.0,delete,7.591483674819717,118.0,6.0,7.580056799604047,4.0,0.0,0.0,1.0,0.0
309.0,delete,7.591483674819717,119.0,7.0,7.591483674819717,4.0,0.0,0.0,1.0,0.0
310.0,add,7.139562952367355,119.0,7.0,7.591483674819717,4.0,0.0,0.0,1.0,1.0
311.0,delete,7.591483674819717,119.0,7.0,7.591483674819717,4.0,0.0,0.0,0.0,0.0
312.0,swap,7.705950063691909,119.0,7.0,7.591483674819717,3.0,0.0,0.0,1.0,1.0
313.0,delete,7.473423343445183,120.0,7.0,7.473423343445183,5.0,0.0,0.0,1.0,0.0
314.0,add,7.4734233434451856,120.0,7.0,7.473423343445183,5.0,0.0,0.0,2.0,0.0
315.0,delete,7.54858348358208,120.0,7.0,7.473423343445183,4.0,0.0,0.0,1.0,0.0
316.0,swap,7.173396815691699,120.0,7.0,7.473423343445183,4.0,0.0,1.0,1.0,0.0
317.0,delete,7.575678333611185,121.0,7.0,7.575678333611185,4.0,0.0,0.0,1.0,0.0
318.0,add,7.27137817373608,121.0,7.0,7.575678333611185,4.0,0.0,0.0,1.0,1.0
319.0,delete,7.599065929392147,121.0,7.0,7.575678333611185,3.0,0.0,0.0,1.0,0.0
320.0,swap,7.495400114737656,121.0,7.0,7.575678333611185,4.0,1.0,0.0,0.0,0.0
321.0,add,7.590777835240745,122.0,8.0,7.590777835240745,4.0,0.0,0.0,3.0,0.0
322.0,add,7.590777835240745,122.0,8.0,7.590777835240745,4.0,0.0,0.0,3.0,1.0
323.0,delete,7.590777835240745,122.0,8.0,7.590777835240745,4.0,0.0,0.0,2.0,0.0
324.0,swap,7.3217868198359595,122.0,8.0,7.590777835240745,4.0,1.0,0.0,2.0,0.0
325.0,swap,7.705950063691909,123.0,8.0,7.705950063691909,3.0,0.0,0.0,1.0,1.0
326.0,add,7.705950063691908,123.0,8.0,7.705950063691909,3.0,1.0,0.0,1.0,1.0
327.0,delete,7.795050278006038,123.0,8.0,7.705950063691909,2.0,0.0,0.0,1.0,1.0
328.0,swap,7.789254268839446,123.0,8.0,7.705950063691909,2.0,0.0,0.0,1.0,2.0
329.0,delete,7.583046141774403,124.0,6.0,7.608318050911998,4.0,0.0,0.0,1.0,0.0
330.0,delete,7.583046141774403,125.0,7.0,7.583046141774403,4.0,0.0,0.0,1.0,0.0
331.0,add,7.554737827234924,125.0,7.0,7.583046141774403,4.0,0.0,1.0,1.0,0.0
332.0,delete,7.583046141774403,125.0,7.0,7.583046141774403,4.0,0.0,0.0,0.0,0.0
333.0,swap,7.751233228221584,125.0,7.0,7.583046141774403,3.0,0.0,0.0,2.0,0.0
334.0,swap,7.751233228221587,126.0,8.0,7.751233228221584,3.0,0.0,0.0,2.0,0.0
335.0,add,7.543974247422144,126.0,8.0,7.751233228221584,3.0,0.0,0.0,2.0,1.0
336.0,delete,7.751233228221583,126.0,8.0,7.751233228221584,3.0,0.0,0.0,1.0,0.0
337.0,swap,7.788815274390975,126.0,8.0,7.751233228221584,2.0,1.0,0.0,2.0,0.0
338.0,swap,7.507728320472069,127.0,7.0,7.740430947584241,3.0,0.0,0.0,1.0,1.0
339.0,swap,7.735089089637366,128.0,7.0,7.717297841295574,3.0,0.0,0.0,1.0,1.0
340.0,swap,7.735089089637365,129.0,8.0,7.735089089637366,3.0,0.0,0.0,1.0,1.0
341.0,add,7.357471957849647,129.0,8.0,7.735089089637366,3.0,0.0,0.0,1.0,2.0
342.0,delete,7.761255070460557,129.0,8.0,7.735089089637366,2.0,0.0,0.0,1.0,1.0
343.0,swap,7.824995034599563,129.0,8.0,7.735089089637366,2.0,0.0,0.0,1.0,2.0
344.0,delete,7.795050278006038,130.0,9.0,7.795050278006038,2.0,0.0,0.0,1.0,1.0
345.0,add,7.795050278006038,130.0,9.0,7.795050278006038,2.0,0.0,0.0,1.0,2.0
346.0,delete,7.795050278006038,130.0,9.0,7.795050278006038,2.0,0.0,0.0,1.0,0.0
347.0,swap,7.684266671834647,130.0,9.0,7.795050278006038,2.0,0.0,1.0,1.0,0.0
348.0,swap,7.7892542688394455,131.0,9.0,7.789254268839446,2.0,0.0,0.0,1.0,2.0
349.0,add,7.638374178963345,131.0,9.0,7.789254268839446,2.0,0.0,1.0,1.0,2.0
350.0,delete,7.8085108747139405,131.0,9.0,7.789254268839446,1.0,0.0,0.0,1.0,2.0
351.0,swap,7.788879385174346,131.0,9.0,7.789254268839446,2.0,0.0,1.0,1.0,1.0
352.0,swap,7.5485834835820835,132.0,7.0,7.736022805138364,4.0,0.0,0.0,1.0,0.0
353.0,add,7.583046141774403,133.0,8.0,7.583046141774403,4.0,0.0,0.0,1.0,0.0
354.0,delete,7.751233228221587,133.0,8.0,7.583046141774403,3.0,0.0,0.0,0.0,0.0
355.0,swap,7.6975125306465655,133.0,8.0,7.583046141774403,3.0,0.0,0.0,0.0,1.0
356.0,delete,7.264237200854062,134.0,6.0,7.658616056883635,4.0,0.0,0.0,1.0,0.0
357.0,add,7.548583483582082,135.0,8.0,7.548583483582082,4.0,0.0,0.0,0.0,1.0
358.0,delete,7.494901665967088,135.0,8.0,7.548583483582082,3.0,0.0,0.0,0.0,0.0
359.0,swap,7.7059500636919065,135.0,8.0,7.548583483582082,3.0,1.0,0.0,0.0,0.0
360.0,add,7.373815885039813,136.0,7.0,7.3738158850398134,5.0,0.0,0.0,1.0,1.0
361.0,add,7.26528985876242,136.0,7.0,7.3738158850398134,5.0,1.0,0.0,1.0,1.0
362.0,delete,7.264237200854062,136.0,7.0,7.3738158850398134,4.0,0.0,0.0,1.0,1.0
363.0,swap,7.373815885039813,136.0,7.0,7.3738158850398134,5.0,0.0,0.0,1.0,1.0
364.0,delete,7.345352553466823,137.0,5.0,7.5961594300072806,6.0,0.0,0.0,0.0,0.0
365.0,add,7.045129386099543,138.0,6.0,7.345352553466823,6.0,0.0,0.0,0.0,1.0
366.0,delete,7.489109097974804,138.0,6.0,7.345352553466823,5.0,0.0,0.0,0.0,0.0
367.0,swap,7.516864899172403,138.0,6.0,7.345352553466823,5.0,0.0,0.0,1.0,0.0
368.0,delete,7.568713600217147,139.0,7.0,7.568713600217148,4.0,0.0,0.0,1.0,1.0
369.0,add,7.568713600217148,139.0,7.0,7.568713600217148,4.0,0.0,0.0,1.0,2.0
370.0,delete,7.568713600217148,139.0,7.0,7.568713600217148,4.0,0.0,0.0,1.0,0.0
371.0,swap,7.324002734298467,139.0,7.0,7.568713600217148,4.0,1.0,0.0,0.0,1.0
372.0,delete,7.373815885039813,140.0,7.0,7.373815885039814,5.0,0.0,0.0,1.0,0.0
373.0,add,6.960178315060695,140.0,7.0,7.373815885039814,5.0,1.0,0.0,1.0,0.0
374.0,delete,7.611846579926631,140.0,7.0,7.373815885039814,4.0,0.0,0.0,1.0,0.0
375.0,swap,7.583046141774406,140.0,7.0,7.373815885039814,4.0,0.0,0.0,2.0,0.0
376.0,delete,7.489109097974804,141.0,7.0,7.489109097974804,5.0,0.0,0.0,1.0,0.0
377.0,add,7.494810974561946,141.0,7.0,7.489109097974804,5.0,0.0,1.0,1.0,0.0
378.0,delete,7.583046141774403,141.0,7.0,7.489109097974804,4.0,0.0,0.0,1.0,0.0
379.0,swap,7.575678333611185,141.0,7.0,7.489109097974804,4.0,0.0,0.0,2.0,0.0
380.0,change,7.345352553466821,142.0,5.0,7.424030017221889,6.0,0.0,0.0,1.0,0.0
381.0,delete,7.604058658140773,143.0,6.0,7.640636468566245,4.0,0.0,0.0,1.0,0.0
382.0,swap,7.516864899172403,144.0,7.0,7.516864899172403,5.0,0.0,0.0,1.0,0.0
383.0,add,7.516864899172403,144.0,7.0,7.516864899172403,5.0,0.0,0.0,1.0,1.0
384.0,delete,7.516864899172403,144.0,7.0,7.516864899172403,5.0,0.0,0.0,0.0,0.0
385.0,swap,7.440627342866306,144.0,7.0,7.516864899172403,5.0,0.0,1.0,0.0,0.0
386.0,add,7.516864899172404,145.0,7.0,7.516864899172401,5.0,0.0,0.0,3.0,0.0
387.0,add,7.5168648991724005,145.0,7.0,7.516864899172401,5.0,0.0,0.0,4.0,0.0
388.0,delete,7.5168648991724005,145.0,7.0,7.516864899172401,5.0,0.0,0.0,2.0,0.0
389.0,swap,7.435470307682289,145.0,7.0,7.516864899172401,4.0,0.0,0.0,3.0,1.0
390.0,swap,7.590777835240743,146.0,8.0,7.590777835240743,4.0,0.0,0.0,1.0,1.0
391.0,add,7.590777835240743,146.0,8.0,7.590777835240743,4.0,0.0,0.0,1.0,2.0
392.0,delete,7.74584392671357,146.0,8.0,7.590777835240743,3.0,0.0,0.0,1.0,1.0
393.0,swap,7.751233228221552,146.0,8.0,7.590777835240743,3.0,0.0,0.0,1.0,2.0
394.0,change,7.516864899172403,147.0,6.0,7.562757983911551,5.0,0.0,0.0,1.0,0.0
395.0,change,7.516864899172403,148.0,7.0,7.516864899172403,5.0,0.0,0.0,1.0,0.0
396.0,add,7.516864899172403,148.0,7.0,7.516864899172403,5.0,0.0,0.0,1.0,1.0
397.0,delete,7.590777835240748,148.0,7.0,7.516864899172403,4.0,0.0,0.0,1.0,0.0
398.0,swap,7.483871414271626,148.0,7.0,7.516864899172403,5.0,0.0,1.0,0.0,0.0
399.0,delete,5.521084501744535,149.0,1.0,7.434542055948116,9.0,0.0,0.0,0.0,0.0
400.0,change,7.345352553466822,150.0,6.0,7.345352553466821,6.0,0.0,0.0,1.0,0.0
401.0,add,6.959547397776646,150.0,6.0,7.345352553466821,6.0,0.0,0.0,1.0,1.0
402.0,delete,7.3738158850398134,150.0,6.0,7.345352553466821,5.0,0.0,0.0,1.0,0.0
403.0,swap,7.5168648991724005,150.0,6.0,7.345352553466821,5.0,1.0,0.0,1.0,0.0
404.0,swap,7.376443648067509,151.0,6.0,7.376443648067512,5.0,1.0,0.0,1.0,0.0
405.0,add,7.168483541205298,151.0,6.0,7.376443648067512,5.0,1.0,0.0,1.0,1.0
406.0,delete,7.376443648067508,151.0,6.0,7.376443648067512,5.0,0.0,0.0,1.0,0.0
407.0,swap,7.342592717200101,151.0,6.0,7.376443648067512,4.0,1.0,0.0,1.0,1.0
408.0,swap,6.8607258737880406,152.0,2.0,7.465112093913253,8.0,0.0,1.0,0.0,0.0
409.0,add,7.289485606148781,153.0,7.0,7.489109097974804,5.0,0.0,0.0,0.0,1.0
410.0,delete,7.583046141774403,153.0,7.0,7.489109097974804,4.0,0.0,0.0,0.0,0.0
411.0,swap,7.590777835240748,153.0,7.0,7.489109097974804,4.0,0.0,0.0,0.0,1.0
412.0,delete,7.604058658140772,154.0,7.0,7.604058658140773,4.0,0.0,0.0,1.0,0.0
413.0,add,7.29437985479851,154.0,7.0,7.604058658140773,4.0,0.0,0.0,1.0,1.0
414.0,delete,7.564344219078741,154.0,7.0,7.604058658140773,3.0,0.0,0.0,1.0,0.0
415.0,swap,7.604058658140773,154.0,7.0,7.604058658140773,4.0,0.0,0.0,0.0,1.0
416.0,delete,7.497546631020149,155.0,7.0,7.497546631020149,5.0,0.0,0.0,1.0,0.0
417.0,add,7.307754214668603,155.0,7.0,7.497546631020149,5.0,0.0,0.0,1.0,1.0
418.0,delete,7.591483674819717,155.0,7.0,7.497546631020149,4.0,0.0,0.0,1.0,0.0
419.0,swap,7.49754663102015,155.0,7.0,7.497546631020149,5.0,1.0,0.0,0.0,0.0
420.0,swap,7.49754663102015,156.0,7.0,7.497546631020149,5.0,0.0,0.0,1.0,1.0
421.0,add,7.497546631020149,156.0,7.0,7.497546631020149,5.0,0.0,0.0,1.0,2.0
422.0,delete,7.568713600217147,156.0,7.0,7.497546631020149,4.0,0.0,0.0,1.0,1.0
423.0,swap,7.5783855164236495,156.0,7.0,7.497546631020149,4.0,1.0,0.0,1.0,1.0
424.0,delete,6.742667735615493,157.0,3.0,7.491383200456255,8.0,0.0,0.0,0.0,0.0
425.0,swap,7.512418068015788,158.0,8.0,7.566212579041811,4.0,1.0,0.0,0.0,1.0
426.0,add,7.092303953544105,158.0,8.0,7.566212579041811,4.0,1.0,0.0,0.0,2.0
427.0,delete,7.719313921893325,158.0,8.0,7.566212579041811,3.0,1.0,0.0,0.0,1.0
428.0,swap,7.420036598066731,158.0,8.0,7.566212579041811,3.0,1.0,0.0,0.0,2.0
429.0,swap,7.411998052524025,159.0,5.0,7.492963587876278,5.0,0.0,1.0,1.0,0.0
430.0,delete,7.54133979009314,160.0,7.0,7.65370951060424,3.0,0.0,0.0,1.0,0.0
431.0,delete,7.599065929392145,161.0,8.0,7.599065929392147,3.0,0.0,0.0,1.0,0.0
432.0,add,7.53695429348824,161.0,8.0,7.599065929392147,3.0,0.0,0.0,1.0,1.0
433.0,delete,7.541325755396836,161.0,8.0,7.599065929392147,2.0,0.0,0.0,1.0,0.0
434.0,swap,7.541325755396837,161.0,8.0,7.599065929392147,2.0,0.0,0.0,2.0,0.0
435.0,delete,7.583046141774403,162.0,8.0,7.583046141774403,4.0,0.0,0.0,1.0,0.0
436.0,add,7.583046141774403,162.0,8.0,7.583046141774403,4.0,0.0,0.0,2.0,0.0
437.0,delete,7.54133979009314,162.0,8.0,7.583046141774403,3.0,0.0,0.0,1.0,0.0
438.0,swap,7.735089089637365,162.0,8.0,7.583046141774403,3.0,0.0,0.0,2.0,0.0
439.0,add,7.548583483582082,163.0,8.0,7.548583483582081,4.0,0.0,0.0,1.0,1.0
440.0,add,7.322670390680997,163.0,8.0,7.548583483582081,4.0,0.0,0.0,1.0,2.0
441.0,delete,7.705950063691909,163.0,8.0,7.548583483582081,3.0,0.0,0.0,1.0,1.0
442.0,swap,7.494901665967087,163.0,8.0,7.548583483582081,3.0,0.0,0.0,2.0,1.0
443.0,delete,7.497546631020149,164.0,6.0,7.488104670284684,5.0,0.0,0.0,0.0,0.0
444.0,swap,7.411998052524025,165.0,6.0,7.411998052524025,5.0,0.0,1.0,1.0,0.0
445.0,add,7.1585731978789955,165.0,6.0,7.411998052524025,5.0,0.0,1.0,1.0,1.0
446.0,delete,7.49754663102015,165.0,6.0,7.411998052524025,5.0,0.0,0.0,1.0,0.0
447.0,swap,7.411998052524026,165.0,6.0,7.411998052524025,5.0,0.0,1.0,1.0,0.0
448.0,swap,7.436639539545513,166.0,7.0,7.436639539545514,4.0,0.0,0.0,1.0,1.0
449.0,add,7.292839026648841,166.0,7.0,7.436639539545514,4.0,0.0,1.0,1.0,1.0
450.0,delete,7.4148590553272244,166.0,7.0,7.436639539545514,3.0,0.0,0.0,1.0,1.0
451.0,swap,7.498195136512584,166.0,7.0,7.436639539545514,3.0,1.0,0.0,1.0,1.0
452.0,delete,7.489109097974804,167.0,7.0,7.489109097974804,5.0,0.0,0.0,1.0,0.0
453.0,add,7.4447528605738915,167.0,7.0,7.489109097974804,5.0,0.0,1.0,1.0,0.0
454.0,delete,7.5820988661098,167.0,7.0,7.489109097974804,4.0,0.0,0.0,1.0,0.0
455.0,swap,7.575630287017927,167.0,7.0,7.489109097974804,5.0,0.0,1.0,0.0,0.0
456.0,swap,7.682542187937284,168.0,8.0,7.676798611615762,3.0,0.0,1.0,1.0,0.0
457.0,add,7.3061074554386485,168.0,8.0,7.676798611615762,3.0,0.0,1.0,1.0,1.0
458.0,delete,7.77856759225179,168.0,8.0,7.676798611615762,2.0,0.0,1.0,1.0,0.0
459.0,swap,7.57422891226774,168.0,8.0,7.676798611615762,3.0,0.0,1.0,0.0,1.0
460.0,swap,7.184807118425217,169.0,6.0,7.501617387911184,5.0,1.0,0.0,0.0,0.0
461.0,add,7.201353583580657,170.0,6.0,7.4907938881905025,5.0,1.0,0.0,1.0,0.0
462.0,swap,7.705950063691908,171.0,8.0,7.705950063691909,3.0,0.0,0.0,1.0,1.0
463.0,add,7.705950063691909,171.0,8.0,7.705950063691909,3.0,0.0,0.0,1.0,2.0
464.0,delete,7.705950063691909,171.0,8.0,7.705950063691909,3.0,0.0,0.0,1.0,0.0
465.0,swap,7.443930171665382,171.0,8.0,7.705950063691909,3.0,1.0,0.0,1.0,0.0
466.0,add,7.705833433712626,172.0,8.0,7.591483674819717,4.0,0.0,1.0,0.0,0.0
467.0,delete,7.751233228221553,172.0,8.0,7.591483674819717,3.0,0.0,0.0,0.0,0.0
468.0,swap,7.501300642537509,172.0,8.0,7.591483674819717,3.0,1.0,0.0,0.0,0.0
469.0,add,7.5547378272349235,173.0,8.0,7.554737827234924,4.0,0.0,1.0,1.0,0.0
470.0,add,7.546682192972342,173.0,8.0,7.554737827234924,4.0,1.0,1.0,1.0,0.0
471.0,delete,7.765059409164531,173.0,8.0,7.554737827234924,3.0,0.0,1.0,1.0,0.0
472.0,swap,7.583046141774403,173.0,8.0,7.554737827234924,4.0,0.0,0.0,1.0,1.0
473.0,swap,7.516864899172402,174.0,7.0,7.65388213213147,5.0,0.0,0.0,1.0,0.0
474.0,delete,7.591483674819717,175.0,8.0,7.591483674819717,4.0,0.0,0.0,1.0,0.0
475.0,add,7.591483674819717,175.0,8.0,7.591483674819717,4.0,0.0,0.0,1.0,1.0
476.0,delete,7.5497773231384215,175.0,8.0,7.591483674819717,3.0,0.0,0.0,1.0,0.0
477.0,swap,7.735089089637365,175.0,8.0,7.591483674819717,3.0,0.0,0.0,2.0,0.0
478.0,change,7.489109097974804,176.0,6.0,7.516140041930245,5.0,0.0,0.0,1.0,0.0
479.0,add,7.590777835240748,177.0,8.0,7.590777835240748,4.0,0.0,0.0,2.0,0.0
480.0,add,7.419007634409522,177.0,8.0,7.590777835240748,4.0,1.0,0.0,2.0,0.0
481.0,delete,7.745843926713605,177.0,8.0,7.590777835240748,3.0,0.0,0.0,2.0,0.0
482.0,swap,7.599065929392146,177.0,8.0,7.590777835240748,3.0,0.0,0.0,3.0,0.0
483.0,delete,7.54858348358208,178.0,8.0,7.548583483582081,4.0,0.0,0.0,1.0,0.0
484.0,add,7.253500962528056,178.0,8.0,7.548583483582081,4.0,0.0,0.0,1.0,1.0
485.0,delete,7.494901665967089,178.0,8.0,7.548583483582081,3.0,0.0,0.0,1.0,0.0
486.0,swap,7.705950063691909,178.0,8.0,7.548583483582081,3.0,0.0,0.0,2.0,0.0
487.0,delete,7.260675147062103,179.0,4.0,7.530507546678689,6.0,0.0,0.0,1.0,0.0
488.0,delete,7.260675147062104,180.0,5.0,7.260675147062103,6.0,0.0,0.0,1.0,0.0
489.0,add,7.260675147062104,180.0,5.0,7.260675147062103,6.0,0.0,0.0,2.0,0.0
490.0,delete,7.3930229874479645,180.0,5.0,7.260675147062103,5.0,0.0,0.0,1.0,0.0
491.0,swap,7.260675147062104,180.0,5.0,7.260675147062103,6.0,0.0,0.0,1.0,0.0
492.0,delete,7.3930229874479645,181.0,6.0,7.3930229874479645,5.0,0.0,0.0,1.0,0.0
493.0,add,7.3370203522453235,181.0,6.0,7.3930229874479645,5.0,1.0,0.0,1.0,0.0
494.0,delete,7.393022987447966,181.0,6.0,7.3930229874479645,5.0,0.0,0.0,0.0,0.0
495.0,swap,7.331329146004589,181.0,6.0,7.3930229874479645,4.0,0.0,1.0,1.0,0.0
496.0,delete,7.260675147062103,182.0,5.0,7.369483692118761,6.0,0.0,0.0,0.0,0.0
497.0,swap,7.751233228221553,183.0,9.0,7.751233228221552,3.0,0.0,0.0,1.0,2.0
498.0,add,7.751233228221552,183.0,9.0,7.751233228221552,3.0,0.0,0.0,1.0,3.0
499.0,delete,7.7716031998781165,183.0,9.0,7.751233228221552,2.0,0.0,0.0,1.0,2.0
500.0,swap,7.751233228221552,183.0,9.0,7.751233228221552,3.0,0.0,0.0,1.0,2.0
501.0,delete,7.745843926713566,184.0,9.0,7.74584392671357,3.0,0.0,0.0,1.0,1.0
502.0,add,7.74584392671357,184.0,9.0,7.74584392671357,3.0,0.0,0.0,2.0,1.0
503.0,delete,7.74584392671357,184.0,9.0,7.74584392671357,3.0,0.0,0.0,0.0,1.0
504.0,swap,7.822004353369456,184.0,9.0,7.74584392671357,2.0,0.0,0.0,2.0,1.0
505.0,swap,7.4644100182397475,185.0,7.0,7.705079612705907,4.0,0.0,1.0,1.0,0.0
506.0,add,7.146323470243147,186.0,8.0,7.516864899172403,5.0,0.0,0.0,0.0,1.0
507.0,delete,7.604058658140773,186.0,8.0,7.516864899172403,4.0,0.0,0.0,0.0,0.0
508.0,swap,7.604058658140772,186.0,8.0,7.516864899172403,4.0,0.0,0.0,1.0,0.0
509.0,delete,7.590777835240749,187.0,8.0,7.590777835240748,4.0,0.0,0.0,1.0,0.0
510.0,add,7.708597368854789,187.0,8.0,7.590777835240748,4.0,0.0,1.0,1.0,0.0
511.0,delete,7.590777835240748,187.0,8.0,7.590777835240748,4.0,0.0,0.0,0.0,0.0
512.0,swap,7.589941482026795,187.0,8.0,7.590777835240748,3.0,0.0,0.0,2.0,0.0
513.0,delete,7.604058658140772,188.0,7.0,7.614174471320766,4.0,0.0,0.0,1.0,0.0
514.0,add,7.604058658140771,189.0,8.0,7.604058658140773,4.0,1.0,0.0,0.0,1.0
515.0,delete,7.704372821048002,189.0,8.0,7.604058658140773,3.0,0.0,0.0,0.0,1.0
516.0,swap,7.564344219078739,189.0,8.0,7.604058658140773,3.0,0.0,0.0,1.0,1.0
517.0,delete,7.591483674819717,190.0,6.0,7.50344017701765,4.0,0.0,0.0,1.0,0.0
518.0,delete,7.591483674819717,191.0,7.0,7.591483674819717,4.0,0.0,0.0,1.0,0.0
519.0,add,7.2822710351558015,191.0,7.0,7.591483674819717,4.0,0.0,0.0,1.0,1.0
520.0,delete,7.549777323138424,191.0,7.0,7.591483674819717,3.0,0.0,0.0,1.0,0.0
521.0,swap,7.751233228221551,191.0,7.0,7.591483674819717,3.0,0.0,0.0,2.0,0.0
522.0,change,7.489109097974804,192.0,7.0,7.489109097974804,5.0,0.0,0.0,1.0,0.0
523.0,add,7.489109097974804,192.0,7.0,7.489109097974804,5.0,0.0,0.0,1.0,1.0
524.0,delete,7.575678333611185,192.0,7.0,7.489109097974804,4.0,0.0,0.0,1.0,0.0
525.0,swap,7.5508380746037185,192.0,7.0,7.489109097974804,4.0,0.0,1.0,1.0,0.0
526.0,swap,7.604058658140774,193.0,8.0,7.604058658140774,4.0,0.0,0.0,1.0,1.0
527.0,add,7.604058658140774,193.0,8.0,7.604058658140774,4.0,0.0,0.0,1.0,2.0
528.0,delete,7.604058658140774,193.0,8.0,7.604058658140774,4.0,0.0,0.0,1.0,0.0
529.0,swap,7.564933357135699,193.0,8.0,7.604058658140774,4.0,1.0,0.0,1.0,0.0
530.0,add,7.611846579926631,194.0,8.0,7.61184657992663,4.0,0.0,0.0,1.0,1.0
531.0,add,7.61184657992663,194.0,8.0,7.61184657992663,4.0,0.0,0.0,1.0,2.0
532.0,delete,7.472459931631713,194.0,8.0,7.61184657992663,3.0,0.0,0.0,1.0,1.0
533.0,swap,7.564344219078739,194.0,8.0,7.61184657992663,3.0,0.0,0.0,2.0,1.0
534.0,change,7.497546631020149,195.0,6.0,7.478375556509754,5.0,0.0,0.0,1.0,0.0
535.0,swap,7.788815274390976,196.0,9.0,7.788815274390975,2.0,1.0,0.0,2.0,0.0
536.0,add,7.7128500897369285,196.0,9.0,7.788815274390975,2.0,1.0,0.0,2.0,1.0
537.0,delete,7.859310696611704,196.0,9.0,7.788815274390975,1.0,1.0,0.0,2.0,0.0
538.0,swap,7.748600814097633,196.0,9.0,7.788815274390975,2.0,2.0,0.0,1.0,0.0
539.0,add,7.751233228221584,197.0,9.0,7.751233228221587,3.0,0.0,0.0,1.0,0.0
540.0,delete,7.795050278006042,197.0,9.0,7.751233228221587,2.0,0.0,0.0,0.0,0.0
541.0,swap,7.538300226689907,197.0,9.0,7.751233228221587,2.0,0.0,1.0,0.0,0.0
542.0,swap,6.814169971941474,198.0,7.0,7.722140451678542,4.0,1.0,0.0,0.0,0.0
543.0,add,7.283276230128968,199.0,7.0,7.2832762301289655,5.0,0.0,0.0,1.0,1.0
544.0,add,7.516864899172403,199.0,7.0,7.2832762301289655,5.0,0.0,0.0,1.0,2.0
545.0,delete,7.136881320053892,199.0,7.0,7.2832762301289655,4.0,0.0,0.0,1.0,1.0
546.0,swap,7.174327804609909,199.0,7.0,7.2832762301289655,5.0,1.0,0.0,1.0,0.0
547.0,swap,7.373815885039813,200.0,7.0,7.3738158850398134,5.0,0.0,0.0,1.0,2.0
548.0,add,7.333744816332293,200.0,7.0,7.3738158850398134,5.0,1.0,0.0,1.0,2.0
549.0,delete,7.156148095259908,200.0,7.0,7.3738158850398134,4.0,0.0,0.0,1.0,2.0
550.0,swap,7.373815885039814,200.0,7.0,7.3738158850398134,5.0,0.0,0.0,1.0,2.0
551.0,add,7.260675147062104,201.0,6.0,7.260675147062104,6.0,0.0,0.0,2.0,0.0
552.0,add,7.260675147062104,201.0,6.0,7.260675147062104,6.0,0.0,0.0,2.0,1.0
553.0,delete,7.260675147062102,201.0,6.0,7.260675147062104,6.0,0.0,0.0,1.0,0.0
554.0,swap,7.393022987447965,201.0,6.0,7.260675147062104,5.0,1.0,0.0,2.0,0.0
555.0,swap,7.292046904538641,202.0,7.0,7.292046904538641,4.0,0.0,0.0,1.0,1.0
556.0,add,7.583046141774403,202.0,7.0,7.292046904538641,4.0,0.0,0.0,1.0,2.0
557.0,delete,7.477162632498541,202.0,7.0,7.292046904538641,3.0,0.0,0.0,1.0,1.0
558.0,swap,7.47716263249854,202.0,7.0,7.292046904538641,3.0,0.0,0.0,2.0,1.0
559.0,swap,7.751233228221552,203.0,8.0,7.751233228221551,3.0,0.0,0.0,2.0,0.0
560.0,add,7.2718062631621105,203.0,8.0,7.751233228221551,3.0,0.0,1.0,2.0,0.0
561.0,delete,7.751233228221552,203.0,8.0,7.751233228221551,3.0,0.0,0.0,1.0,0.0
562.0,swap,7.795050278006036,203.0,8.0,7.751233228221551,2.0,0.0,0.0,2.0,1.0
563.0,delete,7.590536399155114,204.0,6.0,7.560912344203907,4.0,0.0,0.0,1.0,0.0
564.0,delete,7.590536399155114,205.0,7.0,7.590536399155114,4.0,0.0,0.0,1.0,0.0
565.0,add,7.590536399155114,205.0,7.0,7.590536399155114,4.0,0.0,0.0,1.0,1.0
566.0,delete,7.74584392671357,205.0,7.0,7.590536399155114,3.0,0.0,0.0,1.0,0.0
567.0,swap,7.549777323138423,205.0,7.0,7.590536399155114,3.0,1.0,0.0,1.0,0.0
568.0,change,7.49754663102015,206.0,7.0,7.497546631020149,5.0,0.0,0.0,1.0,0.0
569.0,add,7.497546631020149,206.0,7.0,7.497546631020149,5.0,0.0,0.0,2.0,0.0
570.0,delete,7.590777835240743,206.0,7.0,7.497546631020149,4.0,0.0,0.0,1.0,0.0
571.0,swap,7.5914836748197185,206.0,7.0,7.497546631020149,4.0,1.0,0.0,1.0,0.0
572.0,delete,7.74584392671357,207.0,8.0,7.74584392671357,3.0,0.0,0.0,1.0,0.0
573.0,add,7.5422295320694035,207.0,8.0,7.74584392671357,3.0,0.0,1.0,1.0,0.0
574.0,delete,7.822004353369456,207.0,8.0,7.74584392671357,2.0,0.0,0.0,1.0,0.0
575.0,swap,7.821828713786832,207.0,8.0,7.74584392671357,2.0,1.0,0.0,1.0,0.0
576.0,delete,7.7059500636919065,208.0,7.0,7.735550090530566,3.0,0.0,0.0,1.0,0.0
577.0,delete,7.7059500636919065,209.0,8.0,7.7059500636919065,3.0,0.0,0.0,1.0,0.0
578.0,add,7.7059500636919065,209.0,8.0,7.7059500636919065,3.0,0.0,0.0,1.0,1.0
579.0,delete,7.795050278006042,209.0,8.0,7.7059500636919065,2.0,0.0,0.0,1.0,0.0
580.0,swap,7.681747351294511,209.0,8.0,7.7059500636919065,2.0,1.0,0.0,1.0,0.0
581.0,add,7.5905363991551145,210.0,8.0,7.590536399155114,4.0,0.0,0.0,1.0,1.0
582.0,add,7.590536399155113,210.0,8.0,7.590536399155114,4.0,0.0,0.0,2.0,1.0
583.0,delete,7.590536399155114,210.0,8.0,7.590536399155114,4.0,0.0,0.0,1.0,0.0
584.0,swap,7.549777323138422,210.0,8.0,7.590536399155114,3.0,0.0,0.0,2.0,1.0
585.0,delete,7.590536399155112,211.0,8.0,7.590536399155114,4.0,0.0,0.0,1.0,0.0
586.0,add,7.29554165471731,211.0,8.0,7.590536399155114,4.0,0.0,0.0,1.0,1.0
587.0,delete,7.549777323138423,211.0,8.0,7.590536399155114,3.0,0.0,0.0,1.0,0.0
588.0,swap,7.705950063691906,211.0,8.0,7.590536399155114,3.0,0.0,0.0,1.0,1.0
589.0,delete,7.591483674819717,212.0,8.0,7.591483674819717,4.0,0.0,0.0,1.0,0.0
590.0,add,7.591483674819717,212.0,8.0,7.591483674819717,4.0,0.0,0.0,1.0,1.0
591.0,delete,7.705950063691909,212.0,8.0,7.591483674819717,3.0,0.0,0.0,1.0,0.0
592.0,swap,6.828296069261923,212.0,8.0,7.591483674819717,4.0,0.0,1.0,0.0,0.0
593.0,swap,7.591483674819717,213.0,8.0,7.5914836748197185,4.0,1.0,0.0,1.0,0.0
594.0,add,7.591483674819717,213.0,8.0,7.5914836748197185,4.0,1.0,0.0,2.0,0.0
595.0,delete,7.549777323138424,213.0,8.0,7.5914836748197185,3.0,1.0,0.0,1.0,0.0
596.0,swap,7.735089089637366,213.0,8.0,7.5914836748197185,3.0,1.0,0.0,1.0,1.0
597.0,delete,7.370469989097333,214.0,5.0,7.57679484239178,5.0,0.0,0.0,1.0,0.0
598.0,delete,7.370469989097331,215.0,6.0,7.370469989097333,5.0,0.0,0.0,1.0,0.0
599.0,add,7.005631636219894,215.0,6.0,7.370469989097333,5.0,0.0,0.0,1.0,1.0
600.0,delete,7.604058658140773,215.0,6.0,7.370469989097333,4.0,0.0,0.0,1.0,0.0
601.0,swap,7.247185391948867,215.0,6.0,7.370469989097333,4.0,1.0,0.0,1.0,0.0
602.0,delete,7.236355873709783,216.0,6.0,7.236355873709787,6.0,0.0,0.0,1.0,0.0
603.0,add,7.236355873709785,216.0,6.0,7.236355873709787,6.0,1.0,0.0,1.0,0.0
604.0,delete,7.35876557708905,216.0,6.0,7.236355873709787,5.0,0.0,0.0,1.0,0.0
605.0,swap,7.49754663102015,216.0,6.0,7.236355873709787,5.0,0.0,0.0,2.0,0.0
606.0,swap,7.5168648991724005,217.0,7.0,7.5168648991724005,5.0,1.0,0.0,1.0,0.0
607.0,add,7.516864899172402,217.0,7.0,7.5168648991724005,5.0,1.0,0.0,2.0,0.0
608.0,delete,7.61184657992663,217.0,7.0,7.5168648991724005,4.0,1.0,0.0,1.0,0.0
609.0,swap,7.603536481889379,217.0,7.0,7.5168648991724005,4.0,1.0,0.0,2.0,0.0
610.0,swap,7.5168648991724005,218.0,7.0,7.5168648991724,5.0,0.0,0.0,2.0,0.0
611.0,add,7.280912590398849,218.0,7.0,7.5168648991724,5.0,0.0,0.0,2.0,1.0
612.0,delete,7.516864899172403,218.0,7.0,7.5168648991724,5.0,0.0,0.0,1.0,0.0
613.0,swap,7.572932366739839,218.0,7.0,7.5168648991724,4.0,1.0,0.0,2.0,0.0
614.0,change,7.49754663102015,219.0,6.0,7.538186639148921,5.0,0.0,0.0,1.0,0.0
615.0,delete,7.473423343445185,220.0,6.0,7.572487814968054,5.0,0.0,0.0,0.0,0.0
616.0,change,7.497546631020149,221.0,7.0,7.49754663102015,5.0,0.0,0.0,1.0,0.0
617.0,add,7.49754663102015,221.0,7.0,7.49754663102015,5.0,0.0,0.0,1.0,1.0
618.0,delete,7.590777835240745,221.0,7.0,7.49754663102015,4.0,0.0,0.0,1.0,0.0
619.0,swap,7.590777835240746,221.0,7.0,7.49754663102015,4.0,0.0,0.0,2.0,0.0
620.0,swap,7.382701578398654,222.0,7.0,7.377769578301051,5.0,0.0,1.0,0.0,0.0
621.0,add,6.955051960544221,222.0,7.0,7.377769578301051,5.0,0.0,1.0,0.0,1.0
622.0,delete,7.525433658869018,222.0,7.0,7.377769578301051,4.0,0.0,1.0,0.0,0.0
623.0,swap,7.525023310374656,222.0,7.0,7.377769578301051,4.0,1.0,1.0,0.0,0.0
624.0,swap,7.497546631020149,223.0,6.0,7.577408043560235,5.0,0.0,0.0,0.0,2.0
625.0,delete,7.604058658140773,224.0,7.0,7.604058658140773,4.0,0.0,0.0,1.0,0.0
626.0,add,6.937716399035254,224.0,7.0,7.604058658140773,4.0,1.0,0.0,1.0,0.0
627.0,delete,7.564344219078741,224.0,7.0,7.604058658140773,3.0,0.0,0.0,1.0,0.0
628.0,swap,7.171210030021626,224.0,7.0,7.604058658140773,4.0,0.0,0.0,0.0,1.0
629.0,add,7.586244548334915,225.0,8.0,7.586244548334917,4.0,1.0,1.0,1.0,1.0
630.0,add,7.2741791571425285,225.0,8.0,7.586244548334917,4.0,1.0,1.0,1.0,2.0
631.0,delete,7.734993488834737,225.0,8.0,7.586244548334917,3.0,1.0,1.0,1.0,1.0
632.0,swap,7.591483674819722,225.0,8.0,7.586244548334917,4.0,2.0,0.0,1.0,1.0
633.0,change,7.49754663102015,226.0,6.0,7.527947801940249,5.0,0.0,0.0,1.0,1.0
634.0,change,7.49754663102015,227.0,7.0,7.49754663102015,5.0,0.0,0.0,1.0,1.0
635.0,add,7.49754663102015,227.0,7.0,7.49754663102015,5.0,0.0,0.0,1.0,2.0
636.0,delete,7.497546631020149,227.0,7.0,7.49754663102015,5.0,0.0,0.0,0.0,1.0
637.0,swap,7.575678333611185,227.0,7.0,7.49754663102015,4.0,1.0,0.0,1.0,1.0
638.0,swap,7.381315599347364,228.0,7.0,7.381315599347365,4.0,0.0,1.0,1.0,0.0
639.0,add,6.976691933789701,228.0,7.0,7.381315599347365,4.0,0.0,1.0,1.0,1.0
640.0,delete,7.568713600217148,228.0,7.0,7.381315599347365,4.0,0.0,0.0,1.0,0.0
641.0,swap,7.358847767293966,228.0,7.0,7.381315599347365,3.0,0.0,1.0,1.0,1.0
642.0,delete,7.497546631020149,229.0,7.0,7.49754663102015,5.0,0.0,0.0,1.0,0.0
643.0,add,7.268176728499291,229.0,7.0,7.49754663102015,5.0,0.0,0.0,1.0,1.0
644.0,delete,7.591483674819717,229.0,7.0,7.49754663102015,4.0,0.0,0.0,1.0,0.0
645.0,swap,7.446117907137332,229.0,7.0,7.49754663102015,4.0,1.0,0.0,1.0,0.0
646.0,delete,7.568713600217148,230.0,6.0,7.590674076409682,4.0,0.0,0.0,1.0,0.0
647.0,swap,6.96381535085137,231.0,6.0,7.424293043169753,4.0,0.0,1.0,1.0,0.0
648.0,delete,7.590777835240743,232.0,8.0,7.590777835240745,4.0,0.0,0.0,1.0,0.0
649.0,add,7.34837313189094,232.0,8.0,7.590777835240745,4.0,0.0,0.0,1.0,1.0
650.0,delete,7.599065929392145,232.0,8.0,7.590777835240745,3.0,0.0,0.0,1.0,0.0
651.0,swap,7.66578619554287,232.0,8.0,7.590777835240745,3.0,0.0,1.0,1.0,0.0
652.0,swap,7.540956700905628,233.0,8.0,7.540956700905632,3.0,0.0,1.0,2.0,0.0
653.0,add,7.198681772960342,233.0,8.0,7.540956700905632,3.0,0.0,1.0,2.0,1.0
654.0,delete,7.54095670090563,233.0,8.0,7.540956700905632,3.0,0.0,1.0,1.0,0.0
655.0,swap,6.511843155321115,233.0,8.0,7.540956700905632,2.0,0.0,2.0,2.0,0.0
656.0,swap,7.473423343445183,234.0,7.0,7.47342334344518,5.0,1.0,0.0,1.0,0.0
657.0,add,7.113046711830829,234.0,7.0,7.47342334344518,5.0,1.0,0.0,1.0,1.0
658.0,delete,7.542787474415481,234.0,7.0,7.47342334344518,4.0,1.0,0.0,1.0,0.0
659.0,swap,7.542787474415481,234.0,7.0,7.47342334344518,4.0,1.0,0.0,1.0,1.0
660.0,delete,6.3840264894679555,235.0,1.0,7.454620086755689,9.0,0.0,0.0,0.0,0.0
661.0,swap,7.489109097974804,236.0,5.0,7.328081440521585,5.0,0.0,0.0,1.0,1.0
662.0,swap,7.489109097974804,237.0,6.0,7.489109097974804,5.0,0.0,0.0,1.0,1.0
663.0,add,7.261204605592403,237.0,6.0,7.489109097974804,5.0,1.0,0.0,1.0,1.0
664.0,delete,7.489109097974804,237.0,6.0,7.489109097974804,5.0,0.0,0.0,1.0,0.0
665.0,swap,7.323888345152663,237.0,6.0,7.489109097974804,5.0,0.0,1.0,0.0,1.0
666.0,swap,7.526575684565656,238.0,6.0,7.553195551866644,5.0,0.0,0.0,1.0,1.0
667.0,swap,7.526575684565657,239.0,7.0,7.526575684565656,5.0,0.0,0.0,1.0,1.0
668.0,add,7.208755607743989,239.0,7.0,7.526575684565656,5.0,0.0,0.0,1.0,2.0
669.0,delete,7.5168648991724005,239.0,7.0,7.526575684565656,5.0,0.0,0.0,1.0,0.0
670.0,swap,7.268557282007747,239.0,7.0,7.526575684565656,5.0,0.0,1.0,1.0,0.0
671.0,add,7.26817672849929,240.0,7.0,7.497546631020149,5.0,0.0,0.0,0.0,1.0
672.0,delete,7.590536399155113,240.0,7.0,7.497546631020149,4.0,0.0,0.0,0.0,0.0
673.0,swap,7.484751257257214,240.0,7.0,7.497546631020149,4.0,0.0,1.0,0.0,0.0
674.0,swap,5.943164307872296,241.0,2.0,7.476988420587899,8.0,0.0,1.0,0.0,0.0
675.0,delete,7.568713600217147,242.0,7.0,7.568713600217148,4.0,0.0,0.0,1.0,0.0
676.0,add,7.568713600217148,242.0,7.0,7.568713600217148,4.0,0.0,0.0,1.0,1.0
677.0,delete,7.589941482026823,242.0,7.0,7.568713600217148,3.0,0.0,0.0,1.0,0.0
678.0,swap,7.422879488660531,242.0,7.0,7.568713600217148,3.0,0.0,1.0,1.0,0.0
679.0,delete,7.751233228221553,243.0,7.0,7.637462744822852,3.0,0.0,0.0,1.0,0.0
680.0,delete,7.751233228221554,244.0,8.0,7.751233228221553,3.0,0.0,0.0,1.0,0.0
681.0,add,7.414859055326964,244.0,8.0,7.751233228221553,3.0,0.0,0.0,1.0,1.0
682.0,delete,7.7716031998781165,244.0,8.0,7.751233228221553,2.0,0.0,0.0,1.0,0.0
683.0,swap,7.679983668905333,244.0,8.0,7.751233228221553,3.0,0.0,1.0,0.0,0.0
684.0,swap,7.735089089637366,245.0,7.0,7.653546085286604,3.0,0.0,0.0,1.0,1.0
685.0,swap,7.735089089637366,246.0,8.0,7.735089089637366,3.0,0.0,0.0,1.0,1.0
686.0,add,7.735089089637366,246.0,8.0,7.735089089637366,3.0,0.0,0.0,1.0,2.0
687.0,delete,7.761255070460557,246.0,8.0,7.735089089637366,2.0,0.0,0.0,1.0,1.0
688.0,swap,7.443277901209181,246.0,8.0,7.735089089637366,3.0,1.0,0.0,0.0,1.0
689.0,delete,7.035684139845952,247.0,3.0,7.496454790933262,7.0,0.0,0.0,1.0,0.0
690.0,change,7.591483674819717,248.0,7.0,7.611863487446987,4.0,0.0,0.0,1.0,0.0
691.0,delete,7.761255070460558,249.0,9.0,7.761255070460557,2.0,0.0,0.0,1.0,1.0
692.0,add,7.761255070460557,249.0,9.0,7.761255070460557,2.0,0.0,0.0,1.0,2.0
693.0,delete,7.609272802160504,249.0,9.0,7.761255070460557,1.0,0.0,0.0,1.0,1.0
694.0,swap,7.627506331266229,249.0,9.0,7.761255070460557,1.0,1.0,0.0,1.0,1.0
695.0,delete,7.7716031998781165,250.0,9.0,7.7716031998781165,2.0,0.0,0.0,1.0,0.0
696.0,add,7.771603199878115,250.0,9.0,7.7716031998781165,2.0,0.0,0.0,2.0,0.0
697.0,delete,7.871317116233359,250.0,9.0,7.7716031998781165,1.0,0.0,0.0,1.0,0.0
698.0,swap,7.905749907398281,250.0,9.0,7.7716031998781165,1.0,1.0,0.0,1.0,0.0
699.0,delete,7.705950063691909,251.0,7.0,7.710695137171753,3.0,0.0,0.0,1.0,0.0
700.0,delete,7.705950063691909,252.0,8.0,7.705950063691909,3.0,0.0,0.0,1.0,0.0
701.0,add,7.7059500636919065,252.0,8.0,7.705950063691909,3.0,0.0,0.0,2.0,0.0
702.0,delete,7.720140578581368,252.0,8.0,7.705950063691909,2.0,0.0,0.0,1.0,0.0
703.0,swap,7.705950063691908,252.0,8.0,7.705950063691909,3.0,0.0,0.0,0.0,1.0
704.0,delete,7.61184657992663,253.0,6.0,7.64300353225617,4.0,0.0,0.0,1.0,0.0
705.0,delete,7.611846579926631,254.0,7.0,7.61184657992663,4.0,0.0,0.0,1.0,0.0
706.0,add,7.61184657992663,254.0,7.0,7.61184657992663,4.0,0.0,0.0,1.0,1.0
707.0,delete,7.715964839381198,254.0,7.0,7.61184657992663,3.0,0.0,0.0,1.0,0.0
708.0,swap,7.1570712811436366,254.0,7.0,7.61184657992663,3.0,0.0,1.0,1.0,0.0
709.0,delete,7.715964839381196,255.0,8.0,7.715964839381198,3.0,0.0,0.0,1.0,0.0
710.0,add,7.789759612859896,255.0,8.0,7.715964839381198,3.0,0.0,1.0,1.0,0.0
711.0,delete,7.724359345104061,255.0,8.0,7.715964839381198,2.0,0.0,0.0,1.0,0.0
712.0,swap,7.715964839381198,255.0,8.0,7.715964839381198,3.0,1.0,0.0,0.0,0.0
713.0,delete,7.61184657992663,256.0,7.0,7.732402695221511,4.0,0.0,0.0,0.0,0.0
714.0,add,7.785166635577813,257.0,9.0,7.789759612859896,3.0,0.0,1.0,1.0,0.0
715.0,add,7.797944339495938,257.0,9.0,7.789759612859896,3.0,0.0,2.0,1.0,0.0
716.0,delete,7.807610386443444,257.0,9.0,7.789759612859896,2.0,0.0,1.0,1.0,0.0
717.0,swap,7.434816150829709,257.0,9.0,7.789759612859896,3.0,0.0,1.0,1.0,0.0
718.0,delete,7.61184657992663,258.0,8.0,7.611846579926631,4.0,0.0,0.0,1.0,0.0
719.0,add,7.1549248522742355,258.0,8.0,7.611846579926631,4.0,0.0,0.0,1.0,1.0
720.0,delete,7.751233228221553,258.0,8.0,7.611846579926631,3.0,0.0,0.0,1.0,0.0
721.0,swap,7.715964839381198,258.0,8.0,7.611846579926631,3.0,1.0,0.0,1.0,0.0
722.0,add,7.611846579926631,259.0,8.0,7.61184657992663,4.0,0.0,0.0,1.0,1.0
723.0,add,7.61184657992663,259.0,8.0,7.61184657992663,4.0,0.0,0.0,1.0,2.0
724.0,delete,7.61184657992663,259.0,8.0,7.61184657992663,4.0,0.0,0.0,1.0,0.0
725.0,swap,7.751233228221553,259.0,8.0,7.61184657992663,3.0,0.0,0.0,2.0,1.0
726.0,add,7.61184657992663,260.0,8.0,7.61184657992663,4.0,0.0,0.0,0.0,1.0
727.0,delete,7.715964839381197,260.0,8.0,7.61184657992663,3.0,0.0,0.0,0.0,0.0
728.0,swap,7.56434421907874,260.0,8.0,7.61184657992663,3.0,0.0,0.0,0.0,1.0
729.0,add,7.611846579926629,261.0,7.0,7.639723909585615,4.0,1.0,0.0,1.0,0.0
730.0,delete,7.720140578581368,262.0,9.0,7.720140578581368,2.0,0.0,0.0,1.0,0.0
731.0,add,7.416620524482103,262.0,9.0,7.720140578581368,2.0,0.0,0.0,1.0,1.0
732.0,delete,7.871317116233396,262.0,9.0,7.720140578581368,1.0,0.0,0.0,1.0,0.0
733.0,swap,7.871317116233358,262.0,9.0,7.720140578581368,1.0,0.0,0.0,2.0,0.0
734.0,change,7.591483674819717,263.0,8.0,7.591483674819717,4.0,0.0,0.0,1.0,0.0
735.0,add,7.591483674819718,263.0,8.0,7.591483674819717,4.0,0.0,0.0,2.0,0.0
736.0,delete,7.751233228221553,263.0,8.0,7.591483674819717,3.0,0.0,0.0,1.0,0.0
737.0,swap,7.705950063691908,263.0,8.0,7.591483674819717,3.0,0.0,0.0,1.0,1.0
738.0,add,7.611846579926631,264.0,8.0,7.611846579926629,4.0,1.0,0.0,1.0,0.0
739.0,add,7.611846579926629,264.0,8.0,7.611846579926629,4.0,1.0,0.0,1.0,1.0
740.0,delete,7.61184657992663,264.0,8.0,7.611846579926629,4.0,1.0,0.0,0.0,0.0
741.0,swap,7.751233228221553,264.0,8.0,7.611846579926629,3.0,1.0,0.0,1.0,1.0
742.0,delete,7.751233228221553,265.0,9.0,7.751233228221554,3.0,0.0,0.0,1.0,0.0
743.0,add,7.751233228221554,265.0,9.0,7.751233228221554,3.0,0.0,0.0,1.0,1.0
744.0,delete,7.751233228221553,265.0,9.0,7.751233228221554,3.0,0.0,0.0,0.0,0.0
745.0,swap,7.27463969622155,265.0,9.0,7.751233228221554,2.0,1.0,0.0,1.0,0.0
746.0,delete,7.751233228221553,266.0,7.0,7.691657938982127,3.0,0.0,0.0,1.0,0.0
747.0,delete,7.751233228221552,267.0,8.0,7.751233228221553,3.0,0.0,0.0,1.0,0.0
748.0,add,7.751233228221553,267.0,8.0,7.751233228221553,3.0,0.0,0.0,2.0,0.0
749.0,delete,7.7716031998781165,267.0,8.0,7.751233228221553,2.0,0.0,0.0,1.0,0.0
750.0,swap,7.467620712242581,267.0,8.0,7.751233228221553,2.0,0.0,1.0,1.0,0.0
751.0,delete,7.021854596966572,268.0,4.0,7.534242491229909,7.0,0.0,0.0,0.0,0.0
752.0,change,7.3738158850398134,269.0,6.0,7.380540561368273,5.0,0.0,0.0,1.0,0.0
753.0,delete,7.7716031998781165,270.0,9.0,7.7716031998781165,2.0,0.0,0.0,1.0,0.0
754.0,add,7.513342410183642,270.0,9.0,7.7716031998781165,2.0,0.0,1.0,1.0,0.0
755.0,delete,7.871317116233359,270.0,9.0,7.7716031998781165,1.0,0.0,0.0,1.0,0.0
756.0,swap,7.871317116233359,270.0,9.0,7.7716031998781165,1.0,0.0,0.0,1.0,1.0
757.0,add,7.751233228221552,271.0,9.0,7.751233228221553,3.0,0.0,0.0,2.0,0.0
758.0,add,7.69398682245285,271.0,9.0,7.751233228221553,3.0,1.0,0.0,2.0,0.0
759.0,delete,7.795050278006035,271.0,9.0,7.751233228221553,2.0,0.0,0.0,2.0,0.0
760.0,swap,7.795050278006035,271.0,9.0,7.751233228221553,2.0,0.0,0.0,3.0,0.0
761.0,swap,7.751233228221553,272.0,9.0,7.751233228221553,3.0,0.0,0.0,2.0,1.0
762.0,add,7.720391620947685,272.0,9.0,7.751233228221553,3.0,0.0,1.0,2.0,1.0
763.0,delete,7.751233228221553,272.0,9.0,7.751233228221553,3.0,0.0,0.0,2.0,0.0
764.0,swap,7.751233228221553,272.0,9.0,7.751233228221553,3.0,0.0,0.0,1.0,2.0
765.0,add,6.892249876520821,273.0,7.0,7.6693807429620335,4.0,1.0,0.0,1.0,0.0
766.0,add,7.18973789808881,274.0,9.0,7.6975125306465655,3.0,0.0,1.0,0.0,1.0
767.0,delete,7.789254268839446,274.0,9.0,7.6975125306465655,2.0,0.0,0.0,0.0,1.0
768.0,swap,7.562632889797435,274.0,9.0,7.6975125306465655,2.0,1.0,0.0,0.0,1.0
769.0,swap,7.705950063691909,275.0,7.0,7.674058567240194,3.0,0.0,0.0,2.0,0.0
770.0,swap,7.705950063691909,276.0,8.0,7.705950063691909,3.0,0.0,0.0,2.0,0.0
771.0,add,7.350574437277596,276.0,8.0,7.705950063691909,3.0,0.0,0.0,2.0,1.0
772.0,delete,7.789254268839449,276.0,8.0,7.705950063691909,2.0,0.0,0.0,2.0,0.0
773.0,swap,7.705894200659228,276.0,8.0,7.705950063691909,3.0,1.0,0.0,1.0,0.0
774.0,swap,7.705950063691909,277.0,9.0,7.705950063691909,3.0,0.0,0.0,1.0,1.0
775.0,add,7.39121690347226,277.0,9.0,7.705950063691909,3.0,0.0,0.0,1.0,2.0
776.0,delete,7.789254268839446,277.0,9.0,7.705950063691909,2.0,0.0,0.0,1.0,1.0
777.0,swap,7.620122710474733,277.0,9.0,7.705950063691909,3.0,0.0,1.0,0.0,1.0
778.0,delete,7.751233228221552,278.0,9.0,7.751233228221553,3.0,0.0,0.0,1.0,0.0
779.0,add,7.625281066894631,278.0,9.0,7.751233228221553,3.0,1.0,0.0,1.0,0.0
780.0,delete,7.7716031998781165,278.0,9.0,7.751233228221553,2.0,0.0,0.0,1.0,0.0
781.0,swap,7.653764631273056,278.0,9.0,7.751233228221553,2.0,1.0,0.0,1.0,0.0
782.0,change,7.61184657992663,279.0,7.0,7.56916321594605,4.0,0.0,0.0,1.0,0.0
783.0,add,7.380267206310978,280.0,9.0,7.705950063691908,3.0,0.0,1.0,0.0,1.0
784.0,delete,7.705950063691908,280.0,9.0,7.705950063691908,3.0,0.0,0.0,0.0,0.0
785.0,swap,7.720140578581368,280.0,9.0,7.705950063691908,2.0,0.0,0.0,0.0,2.0
786.0,delete,7.724359345104061,281.0,9.0,7.724359345104061,2.0,0.0,0.0,1.0,0.0
787.0,add,7.714764309177858,281.0,9.0,7.724359345104061,2.0,1.0,0.0,1.0,0.0
788.0,delete,7.871317116233396,281.0,9.0,7.724359345104061,1.0,0.0,0.0,1.0,0.0
789.0,swap,7.213842869723429,281.0,9.0,7.724359345104061,1.0,0.0,1.0,1.0,0.0
790.0,delete,7.715964839381198,282.0,7.0,7.574504674205789,3.0,0.0,0.0,1.0,0.0
791.0,delete,7.715964839381198,283.0,8.0,7.715964839381198,3.0,0.0,0.0,1.0,0.0
792.0,add,7.205017920480694,283.0,8.0,7.715964839381198,3.0,0.0,1.0,1.0,0.0
793.0,delete,7.795050278006038,283.0,8.0,7.715964839381198,2.0,0.0,0.0,1.0,0.0
794.0,swap,7.7057338668559,283.0,8.0,7.715964839381198,2.0,1.0,0.0,1.0,0.0
795.0,change,7.591483674819717,284.0,7.0,7.649488134276778,4.0,0.0,0.0,1.0,0.0
796.0,change,7.583046141774404,285.0,7.0,7.605113461010743,4.0,0.0,0.0,1.0,0.0
797.0,change,7.611846579926631,286.0,8.0,7.61184657992663,4.0,0.0,0.0,1.0,0.0
798.0,add,7.611846579926632,286.0,8.0,7.61184657992663,4.0,0.0,0.0,2.0,0.0
799.0,delete,7.564344219078741,286.0,8.0,7.61184657992663,3.0,0.0,0.0,1.0,0.0
800.0,swap,7.151266110267517,286.0,8.0,7.61184657992663,4.0,0.0,1.0,0.0,0.0
801.0,add,7.705950063691909,287.0,9.0,7.705950063691909,3.0,0.0,0.0,1.0,2.0
802.0,add,7.391216903472261,287.0,9.0,7.705950063691909,3.0,0.0,0.0,1.0,3.0
803.0,delete,7.705950063691908,287.0,9.0,7.705950063691909,3.0,0.0,0.0,0.0,2.0
804.0,swap,7.7181585750820725,287.0,9.0,7.705950063691909,2.0,1.0,0.0,1.0,2.0
805.0,add,7.583046141774403,288.0,7.0,7.600852679676224,4.0,0.0,0.0,1.0,1.0
806.0,swap,7.548583483582081,289.0,8.0,7.5485834835820835,4.0,0.0,0.0,1.0,0.0
807.0,add,7.5500485493456875,289.0,8.0,7.5485834835820835,4.0,0.0,1.0,1.0,0.0
808.0,delete,7.715964839381198,289.0,8.0,7.5485834835820835,3.0,0.0,0.0,1.0,0.0
809.0,swap,7.125899652777846,289.0,8.0,7.5485834835820835,4.0,0.0,0.0,0.0,1.0
810.0,change,7.3738158850398134,290.0,7.0,7.3738158850398134,5.0,0.0,0.0,1.0,0.0
811.0,add,7.373815885039813,290.0,7.0,7.3738158850398134,5.0,0.0,0.0,2.0,0.0
812.0,delete,7.3738158850398134,290.0,7.0,7.3738158850398134,5.0,0.0,0.0,0.0,0.0
813.0,swap,7.591483674819717,290.0,7.0,7.3738158850398134,4.0,0.0,0.0,1.0,1.0
814.0,change,7.583046141774403,291.0,8.0,7.583046141774404,4.0,0.0,0.0,1.0,0.0
815.0,add,7.583046141774404,291.0,8.0,7.583046141774404,4.0,0.0,0.0,1.0,1.0
816.0,delete,7.697512530646565,291.0,8.0,7.583046141774404,3.0,0.0,0.0,1.0,0.0
817.0,swap,7.54133979009314,291.0,8.0,7.583046141774404,3.0,1.0,0.0,1.0,0.0
818.0,change,7.591483674819717,292.0,8.0,7.591483674819717,4.0,0.0,0.0,1.0,0.0
819.0,add,7.16740947872883,292.0,8.0,7.591483674819717,4.0,0.0,1.0,1.0,0.0
820.0,delete,7.549777323138424,292.0,8.0,7.591483674819717,3.0,0.0,0.0,1.0,0.0
821.0,swap,7.70595006369191,292.0,8.0,7.591483674819717,3.0,0.0,0.0,2.0,0.0
822.0,delete,7.589941482026822,293.0,8.0,7.589941482026823,3.0,0.0,0.0,1.0,0.0
823.0,add,7.589941482026823,293.0,8.0,7.589941482026823,3.0,0.0,0.0,1.0,1.0
824.0,delete,7.541325755396836,293.0,8.0,7.589941482026823,2.0,0.0,0.0,1.0,0.0
825.0,swap,7.589941482026823,293.0,8.0,7.589941482026823,3.0,1.0,0.0,0.0,0.0
826.0,delete,7.3738158850398134,294.0,6.0,7.63481593740171,5.0,0.0,0.0,0.0,0.0
827.0,delete,7.590777835240743,295.0,8.0,7.590777835240743,4.0,0.0,0.0,1.0,0.0
828.0,add,7.590777835240743,295.0,8.0,7.590777835240743,4.0,0.0,0.0,1.0,1.0
829.0,delete,7.599065929392145,295.0,8.0,7.590777835240743,3.0,0.0,0.0,1.0,0.0
830.0,swap,7.589941482026823,295.0,8.0,7.590777835240743,3.0,0.0,0.0,1.0,1.0
831.0,add,7.3738158850398134,296.0,7.0,7.3738158850398134,5.0,0.0,0.0,0.0,1.0
832.0,delete,7.264237200854063,296.0,7.0,7.3738158850398134,4.0,0.0,0.0,0.0,0.0
833.0,swap,6.979774710973333,296.0,7.0,7.3738158850398134,4.0,0.0,1.0,0.0,0.0
834.0,change,7.516864899172403,297.0,6.0,7.594772511093735,5.0,0.0,0.0,1.0,0.0
835.0,delete,7.604058658140773,298.0,8.0,7.604058658140772,4.0,0.0,0.0,1.0,0.0
836.0,add,7.499112996085048,298.0,8.0,7.604058658140772,4.0,0.0,1.0,1.0,0.0
837.0,delete,7.604058658140773,298.0,8.0,7.604058658140772,4.0,0.0,0.0,0.0,0.0
838.0,swap,7.521793424568391,298.0,8.0,7.604058658140772,3.0,1.0,0.0,1.0,0.0
839.0,swap,7.575678333611185,299.0,7.0,7.611863487446989,4.0,0.0,0.0,1.0,1.0
840.0,delete,7.822004353369456,300.0,9.0,7.822004353369456,2.0,0.0,0.0,1.0,0.0
841.0,add,7.33035034407228,300.0,9.0,7.822004353369456,2.0,1.0,0.0,1.0,0.0
842.0,delete,7.913237338760616,300.0,9.0,7.822004353369456,1.0,0.0,0.0,1.0,0.0
843.0,swap,7.723407358905835,300.0,9.0,7.822004353369456,1.0,1.0,0.0,1.0,0.0
844.0,delete,7.599065929392146,301.0,8.0,7.599065929392147,3.0,0.0,0.0,1.0,0.0
845.0,add,7.599065929392147,301.0,8.0,7.599065929392147,3.0,0.0,0.0,1.0,1.0
846.0,delete,7.541325755396836,301.0,8.0,7.599065929392147,2.0,0.0,0.0,1.0,0.0
847.0,swap,7.374432593752708,301.0,8.0,7.599065929392147,2.0,0.0,1.0,1.0,0.0
848.0,swap,7.590777835240743,302.0,8.0,7.590777835240746,4.0,0.0,0.0,2.0,0.0
849.0,add,7.590777835240746,302.0,8.0,7.590777835240746,4.0,0.0,0.0,2.0,1.0
850.0,delete,7.590777835240745,302.0,8.0,7.590777835240746,4.0,0.0,0.0,1.0,0.0
851.0,swap,7.751233228221554,302.0,8.0,7.590777835240746,3.0,0.0,0.0,2.0,1.0
852.0,delete,7.497546631020149,303.0,7.0,7.59226818342824,5.0,0.0,0.0,0.0,0.0
853.0,change,7.516864899172404,304.0,7.0,7.516864899172403,5.0,0.0,0.0,1.0,0.0
854.0,add,7.13210676860659,304.0,7.0,7.516864899172403,5.0,0.0,0.0,1.0,1.0
855.0,delete,7.590777835240749,304.0,7.0,7.516864899172403,4.0,0.0,0.0,1.0,0.0
856.0,swap,7.516864899172403,304.0,7.0,7.516864899172403,5.0,0.0,0.0,0.0,1.0
857.0,swap,7.493243837039119,305.0,7.0,7.622868913836906,4.0,0.0,1.0,1.0,0.0
858.0,add,7.568713600217147,306.0,8.0,7.568713600217148,4.0,0.0,0.0,1.0,1.0
859.0,add,7.411347020107324,306.0,8.0,7.568713600217148,4.0,0.0,0.0,1.0,2.0
860.0,delete,7.589941482026823,306.0,8.0,7.568713600217148,3.0,0.0,0.0,1.0,1.0
861.0,swap,7.5504143399040125,306.0,8.0,7.568713600217148,4.0,0.0,1.0,1.0,0.0
862.0,add,7.583046141774403,307.0,8.0,7.583046141774403,4.0,0.0,0.0,1.0,1.0
863.0,add,7.583046141774403,307.0,8.0,7.583046141774403,4.0,0.0,0.0,1.0,2.0
864.0,delete,7.583046141774403,307.0,8.0,7.583046141774403,4.0,0.0,0.0,0.0,1.0
865.0,swap,7.697512530646566,307.0,8.0,7.583046141774403,3.0,0.0,0.0,2.0,1.0
866.0,delete,7.751233228221553,308.0,9.0,7.751233228221552,3.0,0.0,0.0,1.0,0.0
867.0,add,7.487501434166758,308.0,9.0,7.751233228221552,3.0,0.0,1.0,1.0,0.0
868.0,delete,7.795050278006036,308.0,9.0,7.751233228221552,2.0,0.0,0.0,1.0,0.0
869.0,swap,7.6833608957170645,308.0,9.0,7.751233228221552,2.0,0.0,0.0,1.0,1.0
870.0,add,7.365590218166978,309.0,9.0,7.715964839381197,3.0,0.0,0.0,0.0,1.0
871.0,delete,7.724359345104061,309.0,9.0,7.715964839381197,2.0,0.0,0.0,0.0,0.0
872.0,swap,7.763541921889342,309.0,9.0,7.715964839381197,2.0,0.0,1.0,0.0,0.0
873.0,add,7.751233228221553,310.0,9.0,7.751233228221553,3.0,0.0,0.0,0.0,1.0
874.0,delete,7.795050278006036,310.0,9.0,7.751233228221553,2.0,0.0,0.0,0.0,0.0
875.0,swap,7.7716031998781165,310.0,9.0,7.751233228221553,2.0,0.0,0.0,0.0,1.0
876.0,delete,7.735089089637365,311.0,8.0,7.767279983581814,3.0,0.0,0.0,0.0,0.0
877.0,add,7.704441855418565,312.0,9.0,7.705833433712626,4.0,0.0,1.0,0.0,0.0
878.0,add,7.48215241640941,312.0,9.0,7.705833433712626,4.0,1.0,1.0,0.0,0.0
879.0,delete,7.586317745806186,312.0,9.0,7.705833433712626,3.0,0.0,1.0,0.0,0.0
880.0,swap,7.795005632746768,312.0,9.0,7.705833433712626,3.0,0.0,1.0,1.0,0.0
881.0,delete,7.789254268839448,313.0,9.0,7.789254268839449,2.0,0.0,0.0,2.0,0.0
882.0,add,7.49118483641502,313.0,9.0,7.789254268839449,2.0,0.0,0.0,2.0,1.0
883.0,delete,7.8085108747139405,313.0,9.0,7.789254268839449,1.0,0.0,0.0,2.0,0.0
884.0,swap,7.705326912120883,313.0,9.0,7.789254268839449,1.0,0.0,1.0,2.0,0.0
885.0,delete,7.751233228221553,314.0,8.0,7.818375324653198,3.0,0.0,0.0,0.0,0.0
886.0,add,7.751233228221553,315.0,9.0,7.751233228221553,3.0,1.0,0.0,0.0,0.0
887.0,delete,7.7716031998781165,315.0,9.0,7.751233228221553,2.0,0.0,0.0,0.0,0.0
888.0,swap,7.624123042755663,315.0,9.0,7.751233228221553,2.0,1.0,0.0,0.0,0.0
889.0,delete,7.735089089637366,316.0,7.0,7.695516007970331,3.0,0.0,0.0,1.0,0.0
890.0,add,7.735089089637366,317.0,9.0,7.735089089637366,3.0,0.0,0.0,1.0,2.0
891.0,add,7.510422437058011,317.0,9.0,7.735089089637366,3.0,0.0,0.0,1.0,3.0
892.0,delete,7.789254268839446,317.0,9.0,7.735089089637366,2.0,0.0,0.0,1.0,2.0
893.0,swap,7.78365343267197,317.0,9.0,7.735089089637366,3.0,0.0,1.0,1.0,1.0
894.0,delete,7.7350890896373645,318.0,8.0,7.735089089637366,3.0,0.0,0.0,1.0,0.0
895.0,add,7.335967351685429,318.0,8.0,7.735089089637366,3.0,0.0,0.0,1.0,1.0
896.0,delete,7.735089089637365,318.0,8.0,7.735089089637366,3.0,0.0,0.0,0.0,0.0
897.0,swap,7.735089089637365,318.0,8.0,7.735089089637366,3.0,0.0,0.0,0.0,1.0
898.0,swap,7.7512332282215874,319.0,9.0,7.751233228221587,3.0,0.0,0.0,2.0,0.0
899.0,add,7.345807505252832,319.0,9.0,7.751233228221587,3.0,0.0,0.0,2.0,1.0
900.0,delete,7.824995034599561,319.0,9.0,7.751233228221587,2.0,0.0,0.0,2.0,0.0
901.0,swap,7.751233228221587,319.0,9.0,7.751233228221587,3.0,0.0,0.0,1.0,1.0
902.0,swap,7.705950063691908,320.0,9.0,7.705950063691909,3.0,0.0,0.0,2.0,0.0
903.0,add,7.705950063691908,320.0,9.0,7.705950063691909,3.0,0.0,0.0,3.0,0.0
904.0,delete,7.795050278006038,320.0,9.0,7.705950063691909,2.0,0.0,0.0,2.0,0.0
905.0,swap,7.706165234613717,320.0,9.0,7.705950063691909,2.0,0.0,1.0,2.0,0.0
906.0,swap,7.735089089637366,321.0,9.0,7.735089089637366,3.0,0.0,0.0,1.0,1.0
907.0,add,7.7267098462206265,321.0,9.0,7.735089089637366,3.0,1.0,0.0,1.0,1.0
908.0,delete,7.735089089637366,321.0,9.0,7.735089089637366,3.0,0.0,0.0,1.0,0.0
909.0,swap,7.761255070460557,321.0,9.0,7.735089089637366,2.0,0.0,0.0,1.0,2.0
910.0,swap,7.591483674819717,322.0,7.0,7.6846070112235,4.0,0.0,0.0,1.0,0.0
911.0,add,7.508908963670447,323.0,9.0,7.735089089637365,3.0,0.0,0.0,0.0,1.0
912.0,delete,7.789254268839446,323.0,9.0,7.735089089637365,2.0,0.0,0.0,0.0,0.0
913.0,swap,7.732309804454809,323.0,9.0,7.735089089637365,2.0,1.0,0.0,0.0,0.0
914.0,delete,7.824995034599563,324.0,8.0,7.7598366084813195,2.0,0.0,0.0,1.0,0.0
915.0,add,7.507645430474579,325.0,8.0,7.757310766981606,3.0,0.0,0.0,1.0,1.0
916.0,swap,7.591483674819717,326.0,8.0,7.591483674819717,4.0,0.0,0.0,1.0,0.0
917.0,add,7.591483674819717,326.0,8.0,7.591483674819717,4.0,0.0,0.0,1.0,1.0
918.0,delete,7.705950063691909,326.0,8.0,7.591483674819717,3.0,0.0,0.0,1.0,0.0
919.0,swap,7.751233228221552,326.0,8.0,7.591483674819717,3.0,1.0,0.0,1.0,0.0
920.0,swap,7.824995034599562,327.0,9.0,7.824995034599563,2.0,0.0,0.0,1.0,2.0
921.0,add,7.706891482904481,327.0,9.0,7.824995034599563,2.0,1.0,0.0,1.0,2.0
922.0,delete,7.824995034599563,327.0,9.0,7.824995034599563,2.0,0.0,0.0,1.0,1.0
923.0,swap,7.824995034599564,327.0,9.0,7.824995034599563,2.0,0.0,0.0,2.0,1.0
924.0,delete,7.761255070460556,328.0,9.0,7.761255070460557,2.0,0.0,0.0,1.0,1.0
925.0,add,7.235231325290798,328.0,9.0,7.761255070460557,2.0,0.0,1.0,1.0,1.0
926.0,delete,7.761255070460557,328.0,9.0,7.761255070460557,2.0,0.0,0.0,0.0,1.0
927.0,swap,7.749474113811946,328.0,9.0,7.761255070460557,2.0,0.0,1.0,1.0,0.0
928.0,delete,7.697512530646566,329.0,7.0,7.616580602013939,3.0,0.0,0.0,1.0,0.0
929.0,delete,7.697512530646566,330.0,8.0,7.697512530646566,3.0,0.0,0.0,1.0,0.0
930.0,add,7.52714927520365,330.0,8.0,7.697512530646566,3.0,0.0,0.0,1.0,1.0
931.0,delete,7.789254268839446,330.0,8.0,7.697512530646566,2.0,0.0,0.0,1.0,0.0
932.0,swap,7.661326566541348,330.0,8.0,7.697512530646566,2.0,1.0,0.0,1.0,0.0
933.0,swap,7.6975125306465655,331.0,9.0,7.697512530646566,3.0,0.0,0.0,2.0,1.0
934.0,add,7.629061396363092,331.0,9.0,7.697512530646566,3.0,0.0,1.0,2.0,1.0
935.0,delete,7.697512530646566,331.0,9.0,7.697512530646566,3.0,0.0,0.0,1.0,1.0
936.0,swap,7.389782536099084,331.0,9.0,7.697512530646566,2.0,0.0,1.0,2.0,1.0
937.0,delete,7.751233228221587,332.0,7.0,7.691665094342375,3.0,0.0,0.0,1.0,0.0
938.0,delete,7.751233228221587,333.0,8.0,7.751233228221587,3.0,0.0,0.0,1.0,0.0
939.0,add,7.662034642437593,333.0,8.0,7.751233228221587,3.0,1.0,0.0,1.0,0.0
940.0,delete,7.824995034599563,333.0,8.0,7.751233228221587,2.0,0.0,0.0,1.0,0.0
941.0,swap,7.751233228221587,333.0,8.0,7.751233228221587,3.0,0.0,0.0,0.0,1.0
942.0,delete,7.824995034599562,334.0,9.0,7.824995034599563,2.0,0.0,0.0,1.0,0.0
943.0,add,7.824995034599563,334.0,9.0,7.824995034599563,2.0,0.0,0.0,1.0,1.0
944.0,delete,7.8085108747139405,334.0,9.0,7.824995034599563,1.0,0.0,0.0,1.0,0.0
945.0,swap,7.913237338760616,334.0,9.0,7.824995034599563,1.0,0.0,0.0,1.0,1.0
946.0,delete,7.795050278006042,335.0,8.0,7.8393466634546485,2.0,0.0,0.0,1.0,0.0
947.0,add,7.751233228221587,336.0,9.0,7.751233228221587,3.0,0.0,0.0,0.0,2.0
948.0,delete,7.771603199878181,336.0,9.0,7.751233228221587,2.0,0.0,0.0,0.0,1.0
949.0,swap,7.795050278006042,336.0,9.0,7.751233228221587,2.0,0.0,0.0,0.0,2.0
950.0,delete,7.751233228221587,337.0,9.0,7.751233228221587,3.0,0.0,0.0,1.0,0.0
951.0,add,7.732134521610032,337.0,9.0,7.751233228221587,3.0,1.0,0.0,1.0,0.0
952.0,delete,7.824995034599562,337.0,9.0,7.751233228221587,2.0,0.0,0.0,1.0,0.0
953.0,swap,7.824995034599562,337.0,9.0,7.751233228221587,2.0,0.0,0.0,1.0,1.0
954.0,delete,7.795050278006042,338.0,9.0,7.795050278006042,2.0,0.0,0.0,1.0,0.0
955.0,add,7.795050278006042,338.0,9.0,7.795050278006042,2.0,0.0,0.0,1.0,1.0
956.0,delete,7.871317116233396,338.0,9.0,7.795050278006042,1.0,0.0,0.0,1.0,0.0
957.0,swap,7.721841619426521,338.0,9.0,7.795050278006042,2.0,1.0,0.0,0.0,0.0
958.0,swap,7.824995034599563,339.0,8.0,7.767279983581849,2.0,0.0,0.0,1.0,1.0
959.0,swap,7.824995034599562,340.0,9.0,7.824995034599563,2.0,0.0,0.0,1.0,1.0
960.0,add,7.553524344758031,340.0,9.0,7.824995034599563,2.0,0.0,0.0,1.0,2.0
961.0,delete,7.913237338760616,340.0,9.0,7.824995034599563,1.0,0.0,0.0,1.0,1.0
962.0,swap,7.913237338760614,340.0,9.0,7.824995034599563,1.0,0.0,0.0,2.0,1.0
963.0,change,7.751233228221587,341.0,8.0,7.776918209450466,3.0,0.0,0.0,1.0,0.0
964.0,change,7.751233228221587,342.0,9.0,7.751233228221587,3.0,0.0,0.0,1.0,0.0
965.0,add,7.7512332282215874,342.0,9.0,7.751233228221587,3.0,0.0,0.0,2.0,0.0
966.0,delete,7.795050278006042,342.0,9.0,7.751233228221587,2.0,0.0,0.0,1.0,0.0
967.0,swap,7.664168844878392,342.0,9.0,7.751233228221587,2.0,0.0,1.0,1.0,0.0
968.0,add,7.662034642437593,343.0,9.0,7.662034642437593,3.0,1.0,0.0,1.0,0.0
969.0,add,7.662034642437593,343.0,9.0,7.662034642437593,3.0,1.0,0.0,1.0,1.0
970.0,delete,7.7777921719561585,343.0,9.0,7.662034642437593,2.0,1.0,0.0,1.0,0.0
971.0,swap,7.751233228221587,343.0,9.0,7.662034642437593,3.0,0.0,0.0,1.0,1.0
972.0,swap,7.913237338760613,344.0,10.0,7.913237338760616,1.0,0.0,0.0,1.0,1.0
973.0,add,7.3149786731645206,344.0,10.0,7.913237338760616,1.0,0.0,1.0,1.0,1.0
974.0,delete,7.913237338760616,344.0,10.0,7.913237338760616,1.0,0.0,0.0,1.0,0.0
975.0,swap,7.786538284870684,344.0,10.0,7.913237338760616,1.0,1.0,0.0,0.0,1.0
976.0,swap,7.715964839381196,345.0,9.0,7.715964839381198,3.0,1.0,0.0,0.0,0.0
977.0,add,7.643708255268618,345.0,9.0,7.715964839381198,3.0,1.0,1.0,0.0,0.0
978.0,delete,7.795050278006043,345.0,9.0,7.715964839381198,2.0,1.0,0.0,0.0,0.0
979.0,swap,7.649913378094827,345.0,9.0,7.715964839381198,2.0,1.0,0.0,0.0,1.0
980.0,swap,7.7512332282215475,346.0,9.0,7.751233228221553,3.0,1.0,0.0,1.0,1.0
981.0,add,7.409156973098691,346.0,9.0,7.751233228221553,3.0,1.0,0.0,1.0,2.0
982.0,delete,7.824995034599561,346.0,9.0,7.751233228221553,2.0,1.0,0.0,1.0,1.0
983.0,swap,7.751233228221552,346.0,9.0,7.751233228221553,3.0,1.0,0.0,1.0,1.0
984.0,delete,7.913237338760615,347.0,10.0,7.913237338760616,1.0,0.0,0.0,1.0,1.0
985.0,add,7.609272802160504,347.0,10.0,7.913237338760616,1.0,0.0,0.0,1.0,2.0
986.0,delete,7.952650045445748,347.0,10.0,7.913237338760616,0.0,0.0,0.0,1.0,1.0
987.0,swap,7.9106202623166695,347.0,10.0,7.913237338760616,1.0,0.0,1.0,1.0,0.0
988.0,swap,7.492949594581488,348.0,8.0,7.806529959576101,3.0,0.0,1.0,0.0,0.0
989.0,add,7.611846579926631,349.0,9.0,7.61184657992663,4.0,0.0,0.0,1.0,1.0
990.0,delete,7.715964839381197,349.0,9.0,7.61184657992663,3.0,0.0,0.0,0.0,1.0
991.0,swap,7.623606642699137,349.0,9.0,7.61184657992663,3.0,1.0,0.0,0.0,1.0
992.0,swap,7.715964839381198,350.0,8.0,7.745064906766778,3.0,0.0,0.0,1.0,2.0
993.0,swap,7.715964839381197,351.0,9.0,7.715964839381198,3.0,0.0,0.0,1.0,2.0
994.0,add,7.6995243966758276,351.0,9.0,7.715964839381198,3.0,1.0,0.0,1.0,2.0
995.0,delete,7.715964839381197,351.0,9.0,7.715964839381198,3.0,0.0,0.0,0.0,2.0
996.0,swap,7.771651013047374,351.0,9.0,7.715964839381198,2.0,0.0,1.0,1.0,2.0
997.0,add,7.611846579926631,352.0,9.0,7.611846579926631,4.0,0.0,0.0,1.0,1.0
998.0,add,7.611846579926631,352.0,9.0,7.611846579926631,4.0,0.0,0.0,1.0,2.0
999.0,delete,7.715964839381197,352.0,9.0,7.611846579926631,3.0,0.0,0.0,1.0,1.0
1000.0,swap,7.486925536473236,352.0,9.0,7.611846579926631,4.0,0.0,1.0,1.0,0.0
1001.0,delete,7.824995034599561,353.0,9.0,7.824995034599563,2.0,0.0,0.0,1.0,0.0
1002.0,add,7.493181501037579,353.0,9.0,7.824995034599563,2.0,0.0,0.0,1.0,1.0
1003.0,delete,7.824995034599562,353.0,9.0,7.824995034599563,2.0,0.0,0.0,0.0,0.0
1004.0,swap,7.839120703516398,353.0,9.0,7.824995034599563,1.0,0.0,1.0,1.0,0.0
1005.0,add,7.751233228221587,354.0,8.0,7.703025865498105,3.0,0.0,0.0,1.0,1.0
1006.0,delete,7.771603199878181,355.0,8.0,7.793073894464838,2.0,0.0,0.0,1.0,0.0
1007.0,add,7.751233228221587,356.0,9.0,7.751233228221587,3.0,0.0,0.0,1.0,1.0
1008.0,add,7.751233228221587,356.0,9.0,7.751233228221587,3.0,0.0,0.0,1.0,2.0
1009.0,delete,7.751233228221587,356.0,9.0,7.751233228221587,3.0,0.0,0.0,1.0,0.0
1010.0,swap,7.751233228221587,356.0,9.0,7.751233228221587,3.0,0.0,0.0,1.0,1.0
1011.0,swap,7.839423883724029,357.0,10.0,7.839120703516398,1.0,0.0,1.0,1.0,0.0
1012.0,add,7.538226613459066,357.0,10.0,7.839120703516398,1.0,0.0,1.0,1.0,1.0
1013.0,delete,7.8085108747139405,357.0,10.0,7.839120703516398,1.0,0.0,0.0,1.0,0.0
1014.0,swap,7.879463652408784,357.0,10.0,7.839120703516398,0.0,0.0,1.0,1.0,1.0
1015.0,delete,7.564344219078741,358.0,7.0,7.7331867897427635,3.0,0.0,0.0,1.0,0.0
1016.0,delete,7.564344219078739,359.0,8.0,7.564344219078741,3.0,0.0,0.0,1.0,0.0
1017.0,add,7.622657089993781,359.0,8.0,7.564344219078741,3.0,0.0,1.0,1.0,0.0
1018.0,delete,7.7716031998781165,359.0,8.0,7.564344219078741,2.0,0.0,0.0,1.0,0.0
1019.0,swap,7.724359345104061,359.0,8.0,7.564344219078741,2.0,0.0,0.0,1.0,1.0
1020.0,delete,7.7716031998781165,360.0,9.0,7.7716031998781165,2.0,0.0,0.0,1.0,0.0
1021.0,add,7.5005166538099,360.0,9.0,7.7716031998781165,2.0,0.0,1.0,1.0,0.0
1022.0,delete,7.871317116233359,360.0,9.0,7.7716031998781165,1.0,0.0,0.0,1.0,0.0
1023.0,swap,7.797119876164544,360.0,9.0,7.7716031998781165,1.0,0.0,1.0,1.0,0.0
1024.0,swap,7.72435934510406,361.0,9.0,7.724359345104061,2.0,0.0,0.0,1.0,1.0
1025.0,add,7.265443986830116,361.0,9.0,7.724359345104061,2.0,0.0,0.0,1.0,2.0
1026.0,delete,7.724359345104061,361.0,9.0,7.724359345104061,2.0,0.0,0.0,0.0,1.0
1027.0,swap,7.724359345104061,361.0,9.0,7.724359345104061,2.0,0.0,0.0,0.0,2.0
1028.0,delete,6.384026489467956,362.0,1.0,7.51999849473769,9.0,0.0,0.0,0.0,0.0
1029.0,swap,7.655657391810169,363.0,8.0,7.69757033847258,3.0,1.0,0.0,1.0,1.0
1030.0,delete,7.715964839381196,364.0,9.0,7.715964839381196,3.0,0.0,0.0,1.0,0.0
1031.0,add,7.2427029027307785,364.0,9.0,7.715964839381196,3.0,1.0,0.0,1.0,0.0
1032.0,delete,7.795050278006036,364.0,9.0,7.715964839381196,2.0,0.0,0.0,1.0,0.0
1033.0,swap,7.6554054204890125,364.0,9.0,7.715964839381196,2.0,1.0,0.0,1.0,0.0
1034.0,add,7.611846579926633,365.0,9.0,7.611846579926631,4.0,1.0,0.0,1.0,0.0
1035.0,add,7.611846579926631,365.0,9.0,7.611846579926631,4.0,1.0,0.0,1.0,1.0
1036.0,delete,7.7512332282215874,365.0,9.0,7.611846579926631,3.0,1.0,0.0,1.0,0.0
1037.0,swap,7.655657391810171,365.0,9.0,7.611846579926631,3.0,1.0,0.0,1.0,1.0
1038.0,delete,7.824995034599561,366.0,10.0,7.824995034599562,2.0,0.0,0.0,1.0,0.0
1039.0,add,7.824995034599561,366.0,10.0,7.824995034599562,2.0,0.0,0.0,2.0,0.0
1040.0,delete,7.824995034599562,366.0,10.0,7.824995034599562,2.0,0.0,0.0,0.0,0.0
1041.0,swap,7.794872178068184,366.0,10.0,7.824995034599562,1.0,0.0,1.0,1.0,0.0
1042.0,swap,6.004109270419879,367.0,2.0,7.538838460947853,8.0,0.0,0.0,0.0,1.0
1043.0,delete,7.795050278006036,368.0,10.0,7.795050278006035,2.0,0.0,0.0,2.0,0.0
1044.0,add,7.611899690230636,368.0,10.0,7.795050278006035,2.0,0.0,1.0,2.0,0.0
1045.0,delete,7.87131711623336,368.0,10.0,7.795050278006035,1.0,0.0,0.0,2.0,0.0
1046.0,swap,7.213820187011775,368.0,10.0,7.795050278006035,1.0,1.0,0.0,2.0,0.0
1047.0,delete,7.751233228221552,369.0,9.0,7.751233228221553,3.0,0.0,0.0,1.0,0.0
1048.0,add,7.751233228221553,369.0,9.0,7.751233228221553,3.0,0.0,0.0,1.0,1.0
1049.0,delete,7.824995034599562,369.0,9.0,7.751233228221553,2.0,0.0,0.0,1.0,0.0
1050.0,swap,7.751233228221553,369.0,9.0,7.751233228221553,3.0,1.0,0.0,0.0,0.0
1051.0,change,7.61184657992663,370.0,7.0,7.605404347722902,4.0,0.0,0.0,1.0,0.0
1052.0,change,7.61184657992663,371.0,8.0,7.61184657992663,4.0,0.0,0.0,1.0,0.0
1053.0,add,7.644766240454328,371.0,8.0,7.61184657992663,4.0,0.0,0.0,1.0,1.0
1054.0,delete,7.564344219078741,371.0,8.0,7.61184657992663,3.0,0.0,0.0,1.0,0.0
1055.0,swap,7.715964839381196,371.0,8.0,7.61184657992663,3.0,0.0,0.0,2.0,0.0
1056.0,swap,7.715964839381196,372.0,9.0,7.715964839381196,3.0,0.0,0.0,2.0,0.0
1057.0,add,7.696748420493634,372.0,9.0,7.715964839381196,3.0,0.0,1.0,2.0,0.0
1058.0,delete,7.72435934510406,372.0,9.0,7.715964839381196,2.0,0.0,0.0,2.0,0.0
1059.0,swap,7.795050278006038,372.0,9.0,7.715964839381196,2.0,0.0,0.0,3.0,0.0
1060.0,delete,7.026464368123197,373.0,3.0,7.553941423944659,7.0,0.0,0.0,1.0,0.0
1061.0,swap,7.751233228221549,374.0,8.0,7.729617544473226,3.0,0.0,0.0,2.0,0.0
1062.0,add,7.644766240454327,375.0,9.0,7.644766240454328,4.0,0.0,0.0,1.0,1.0
1063.0,add,7.644766240454328,375.0,9.0,7.644766240454328,4.0,0.0,0.0,1.0,2.0
1064.0,delete,7.695978315325139,375.0,9.0,7.644766240454328,3.0,0.0,0.0,1.0,1.0
1065.0,swap,7.695978315325139,375.0,9.0,7.644766240454328,3.0,0.0,0.0,1.0,2.0
1066.0,swap,7.715964839381197,376.0,9.0,7.715964839381198,3.0,1.0,0.0,1.0,0.0
1067.0,add,7.715964839381198,376.0,9.0,7.715964839381198,3.0,1.0,0.0,1.0,1.0
1068.0,delete,7.7098117927252146,376.0,9.0,7.715964839381198,2.0,1.0,0.0,1.0,0.0
1069.0,swap,7.795050278006039,376.0,9.0,7.715964839381198,2.0,1.0,0.0,1.0,1.0
1070.0,delete,7.751233228221587,377.0,8.0,7.765985589497154,3.0,0.0,0.0,1.0,0.0
1071.0,delete,7.751233228221586,378.0,9.0,7.751233228221587,3.0,0.0,0.0,1.0,0.0
1072.0,add,7.751049304802057,378.0,9.0,7.751233228221587,3.0,0.0,1.0,1.0,0.0
1073.0,delete,7.795050278006043,378.0,9.0,7.751233228221587,2.0,0.0,0.0,1.0,0.0
1074.0,swap,7.795050278006043,378.0,9.0,7.751233228221587,2.0,0.0,0.0,2.0,0.0
1075.0,swap,7.751233228221587,379.0,8.0,7.730551317774969,3.0,0.0,0.0,1.0,1.0
1076.0,swap,7.751233228221587,380.0,9.0,7.751233228221587,3.0,0.0,0.0,1.0,1.0
1077.0,add,7.751233228221584,380.0,9.0,7.751233228221587,3.0,1.0,0.0,1.0,1.0
1078.0,delete,7.795050278006043,380.0,9.0,7.751233228221587,2.0,0.0,0.0,1.0,1.0
1079.0,swap,7.795050278006043,380.0,9.0,7.751233228221587,2.0,1.0,0.0,1.0,1.0
1080.0,change,7.61184657992663,381.0,7.0,7.681273401359078,4.0,0.0,0.0,1.0,0.0
1081.0,change,7.61184657992663,382.0,8.0,7.61184657992663,4.0,0.0,0.0,1.0,0.0
1082.0,add,7.607523757204973,382.0,8.0,7.61184657992663,4.0,1.0,0.0,1.0,0.0
1083.0,delete,7.56434421907874,382.0,8.0,7.61184657992663,3.0,0.0,0.0,1.0,0.0
1084.0,swap,7.61184657992663,382.0,8.0,7.61184657992663,4.0,0.0,0.0,1.0,0.0
1085.0,swap,7.61184657992663,383.0,9.0,7.61184657992663,4.0,0.0,0.0,1.0,0.0
1086.0,add,7.207463125613878,383.0,9.0,7.61184657992663,4.0,0.0,0.0,1.0,1.0
1087.0,delete,7.564344219078739,383.0,9.0,7.61184657992663,3.0,0.0,0.0,1.0,0.0
1088.0,swap,7.6938113079582955,383.0,9.0,7.61184657992663,3.0,1.0,0.0,1.0,0.0
1089.0,delete,7.795050278006038,384.0,9.0,7.795050278006038,2.0,0.0,0.0,1.0,0.0
1090.0,add,7.795050278006038,384.0,9.0,7.795050278006038,2.0,0.0,0.0,1.0,1.0
1091.0,delete,7.871317116233359,384.0,9.0,7.795050278006038,1.0,0.0,0.0,1.0,0.0
1092.0,swap,7.795050278006036,384.0,9.0,7.795050278006038,2.0,0.0,0.0,1.0,0.0
1093.0,delete,7.697512530646566,385.0,7.0,7.668632183936897,3.0,0.0,0.0,1.0,0.0
1094.0,delete,7.697512530646565,386.0,8.0,7.697512530646566,3.0,0.0,0.0,1.0,0.0
1095.0,add,7.5786083502068085,386.0,8.0,7.697512530646566,3.0,0.0,1.0,1.0,0.0
1096.0,delete,7.789254268839446,386.0,8.0,7.697512530646566,2.0,0.0,0.0,1.0,0.0
1097.0,swap,7.772007668771445,386.0,8.0,7.697512530646566,2.0,1.0,0.0,1.0,0.0
1098.0,delete,7.789254268839446,387.0,9.0,7.789254268839446,2.0,0.0,0.0,1.0,0.0
1099.0,add,7.507174530518925,387.0,9.0,7.789254268839446,2.0,1.0,0.0,1.0,0.0
1100.0,delete,7.871317116233396,387.0,9.0,7.789254268839446,1.0,0.0,0.0,1.0,0.0
1101.0,swap,7.783667751036502,387.0,9.0,7.789254268839446,2.0,0.0,1.0,0.0,0.0
1102.0,swap,7.772007668771442,388.0,9.0,7.772007668771445,2.0,1.0,0.0,1.0,0.0
1103.0,add,7.630922912580624,388.0,9.0,7.772007668771445,2.0,1.0,0.0,1.0,1.0
1104.0,delete,7.86471772199285,388.0,9.0,7.772007668771445,1.0,1.0,0.0,1.0,0.0
1105.0,swap,7.7892542688394455,388.0,9.0,7.772007668771445,2.0,0.0,0.0,2.0,0.0
1106.0,delete,7.795050278006042,389.0,8.0,7.810303645651501,2.0,0.0,0.0,1.0,0.0
1107.0,delete,7.795050278006043,390.0,9.0,7.795050278006042,2.0,0.0,0.0,1.0,0.0
1108.0,add,7.795050278006042,390.0,9.0,7.795050278006042,2.0,0.0,0.0,1.0,1.0
1109.0,delete,7.795050278006042,390.0,9.0,7.795050278006042,2.0,0.0,0.0,0.0,0.0
1110.0,swap,7.80851087471394,390.0,9.0,7.795050278006042,1.0,0.0,0.0,2.0,0.0
1111.0,delete,7.715964839381197,391.0,9.0,7.715964839381198,3.0,0.0,0.0,1.0,0.0
1112.0,add,7.715964839381198,391.0,9.0,7.715964839381198,3.0,0.0,0.0,1.0,1.0
1113.0,delete,7.724359345104061,391.0,9.0,7.715964839381198,2.0,0.0,0.0,1.0,0.0
1114.0,swap,7.7288344824731645,391.0,9.0,7.715964839381198,3.0,0.0,1.0,0.0,0.0
1115.0,delete,7.697512530646565,392.0,9.0,7.697512530646565,3.0,0.0,0.0,1.0,0.0
1116.0,add,7.697512530646565,392.0,9.0,7.697512530646565,3.0,0.0,0.0,2.0,0.0
1117.0,delete,7.789254268839446,392.0,9.0,7.697512530646565,2.0,0.0,0.0,1.0,0.0
1118.0,swap,7.6975125306465655,392.0,9.0,7.697512530646565,3.0,0.0,0.0,0.0,1.0
1119.0,delete,7.705950063691909,393.0,7.0,7.717719418793847,3.0,0.0,0.0,1.0,0.0
1120.0,delete,7.705950063691908,394.0,8.0,7.705950063691909,3.0,0.0,0.0,1.0,0.0
1121.0,add,7.70595006369191,394.0,8.0,7.705950063691909,3.0,0.0,0.0,2.0,0.0
1122.0,delete,7.720140578581368,394.0,8.0,7.705950063691909,2.0,0.0,0.0,1.0,0.0
1123.0,swap,7.672819994739738,394.0,8.0,7.705950063691909,2.0,1.0,0.0,1.0,0.0
1124.0,delete,7.720140578581368,395.0,9.0,7.720140578581368,2.0,0.0,0.0,1.0,0.0
1125.0,add,6.905300370494667,395.0,9.0,7.720140578581368,2.0,0.0,0.0,1.0,1.0
1126.0,delete,7.871317116233359,395.0,9.0,7.720140578581368,1.0,0.0,0.0,1.0,0.0
1127.0,swap,7.871317116233396,395.0,9.0,7.720140578581368,1.0,0.0,0.0,2.0,0.0
1128.0,add,7.548583483582081,396.0,7.0,7.524137817500831,4.0,0.0,0.0,1.0,1.0
1129.0,add,7.705950063691909,397.0,9.0,7.705950063691908,3.0,1.0,0.0,1.0,1.0
1130.0,add,7.461793571033642,397.0,9.0,7.705950063691908,3.0,1.0,1.0,1.0,1.0
1131.0,delete,7.713017991449158,397.0,9.0,7.705950063691908,2.0,1.0,0.0,1.0,1.0
1132.0,swap,7.72014057858137,397.0,9.0,7.705950063691908,2.0,1.0,0.0,2.0,1.0
1133.0,change,7.548583483582081,398.0,7.0,7.510303931870243,4.0,0.0,0.0,1.0,0.0
1134.0,swap,7.690803626033147,399.0,9.0,7.7057338668559,2.0,1.0,0.0,1.0,0.0
1135.0,add,7.705733866855901,399.0,9.0,7.7057338668559,2.0,1.0,0.0,2.0,0.0
1136.0,delete,7.859710592361277,399.0,9.0,7.7057338668559,1.0,1.0,0.0,1.0,0.0
1137.0,swap,7.704777281028021,399.0,9.0,7.7057338668559,2.0,2.0,0.0,0.0,0.0
1138.0,add,7.5485834835820835,400.0,8.0,7.548583483582081,4.0,0.0,0.0,1.0,1.0
1139.0,add,7.547091978722368,400.0,8.0,7.548583483582081,4.0,0.0,1.0,1.0,1.0
1140.0,delete,7.548583483582081,400.0,8.0,7.548583483582081,4.0,0.0,0.0,1.0,0.0
1141.0,swap,7.494901665967089,400.0,8.0,7.548583483582081,3.0,0.0,0.0,1.0,2.0
1142.0,swap,7.795050278006043,401.0,8.0,7.765782048191161,2.0,0.0,0.0,2.0,0.0
1143.0,swap,7.795050278006043,402.0,9.0,7.795050278006043,2.0,0.0,0.0,2.0,0.0
1144.0,add,7.795050278006045,402.0,9.0,7.795050278006043,2.0,0.0,0.0,3.0,0.0
1145.0,delete,7.795050278006042,402.0,9.0,7.795050278006043,2.0,0.0,0.0,1.0,0.0
1146.0,swap,7.352404271938559,402.0,9.0,7.795050278006043,2.0,0.0,1.0,1.0,0.0
1147.0,swap,7.507728320472065,403.0,8.0,7.507728320472069,3.0,0.0,0.0,1.0,1.0
1148.0,add,7.507728320472069,403.0,8.0,7.507728320472069,3.0,0.0,0.0,1.0,2.0
1149.0,delete,7.404329093053422,403.0,8.0,7.507728320472069,2.0,0.0,0.0,1.0,1.0
1150.0,swap,7.4043290930534225,403.0,8.0,7.507728320472069,2.0,0.0,0.0,2.0,1.0
1151.0,delete,7.264237200854064,404.0,7.0,7.264237200854062,4.0,0.0,0.0,1.0,0.0
1152.0,add,6.2167649281905755,404.0,7.0,7.264237200854062,4.0,0.0,0.0,1.0,1.0
1153.0,delete,7.264237200854063,404.0,7.0,7.264237200854062,4.0,0.0,0.0,0.0,0.0
1154.0,swap,7.083732720886038,404.0,7.0,7.264237200854062,3.0,0.0,1.0,1.0,0.0
1155.0,add,7.735089089637365,405.0,9.0,7.735089089637365,3.0,0.0,0.0,0.0,2.0
1156.0,delete,7.735089089637365,405.0,9.0,7.735089089637365,3.0,0.0,0.0,0.0,0.0
1157.0,swap,7.824995034599563,405.0,9.0,7.735089089637365,2.0,0.0,0.0,1.0,1.0
1158.0,delete,7.7350890896373645,406.0,9.0,7.7350890896373645,3.0,0.0,0.0,1.0,0.0
1159.0,add,7.7350890896373645,406.0,9.0,7.7350890896373645,3.0,0.0,0.0,2.0,0.0
1160.0,delete,7.735089089637365,406.0,9.0,7.7350890896373645,3.0,0.0,0.0,0.0,0.0
1161.0,swap,7.761255070460556,406.0,9.0,7.7350890896373645,2.0,0.0,0.0,1.0,1.0
1162.0,delete,7.705950063691909,407.0,9.0,7.705950063691909,3.0,0.0,0.0,1.0,0.0
1163.0,add,7.705950063691909,407.0,9.0,7.705950063691909,3.0,0.0,0.0,2.0,0.0
1164.0,delete,7.7201405785813675,407.0,9.0,7.705950063691909,2.0,0.0,0.0,1.0,0.0
1165.0,swap,7.558387063571847,407.0,9.0,7.705950063691909,3.0,1.0,0.0,0.0,0.0
1166.0,swap,7.751233228221549,408.0,9.0,7.751233228221552,3.0,1.0,0.0,1.0,0.0
1167.0,add,7.751233228221548,408.0,9.0,7.751233228221552,3.0,1.0,0.0,2.0,0.0
1168.0,delete,7.824995034599564,408.0,9.0,7.751233228221552,2.0,1.0,0.0,1.0,0.0
1169.0,swap,7.732826878790812,408.0,9.0,7.751233228221552,3.0,0.0,1.0,1.0,0.0
1170.0,delete,7.7059500636919065,409.0,9.0,7.705950063691909,3.0,0.0,0.0,1.0,0.0
1171.0,add,7.705950063691909,409.0,9.0,7.705950063691909,3.0,0.0,0.0,2.0,0.0
1172.0,delete,7.795050278006038,409.0,9.0,7.705950063691909,2.0,0.0,0.0,1.0,0.0
1173.0,swap,7.705950063691908,409.0,9.0,7.705950063691909,3.0,0.0,0.0,0.0,1.0
1174.0,swap,7.549777323138424,410.0,8.0,7.762304319611005,3.0,0.0,0.0,1.0,1.0
1175.0,swap,7.705950063691908,411.0,9.0,7.705950063691908,3.0,0.0,0.0,1.0,1.0
1176.0,add,7.705950063691909,411.0,9.0,7.705950063691908,3.0,1.0,0.0,1.0,1.0
1177.0,delete,7.789254268839446,411.0,9.0,7.705950063691908,2.0,0.0,0.0,1.0,1.0
1178.0,swap,7.705950063691909,411.0,9.0,7.705950063691908,3.0,1.0,0.0,1.0,0.0
1179.0,swap,7.735089089637366,412.0,9.0,7.735089089637365,3.0,0.0,0.0,2.0,0.0
1180.0,add,7.735089089637364,412.0,9.0,7.735089089637365,3.0,0.0,0.0,3.0,0.0
1181.0,delete,7.761255070460558,412.0,9.0,7.735089089637365,2.0,0.0,0.0,2.0,0.0
1182.0,swap,7.761255070460558,412.0,9.0,7.735089089637365,2.0,0.0,0.0,2.0,1.0
1183.0,swap,7.414924535705623,413.0,8.0,7.745555481966642,3.0,1.0,0.0,1.0,0.0
1184.0,swap,7.715735895902585,414.0,8.0,7.757565575877915,3.0,0.0,1.0,0.0,0.0
1185.0,swap,7.682342335554992,415.0,9.0,7.679983668905333,3.0,0.0,1.0,0.0,0.0
1186.0,add,7.679983668905335,415.0,9.0,7.679983668905333,3.0,0.0,1.0,1.0,0.0
1187.0,delete,7.78204813461144,415.0,9.0,7.679983668905333,2.0,0.0,1.0,0.0,0.0
1188.0,swap,7.571700632449573,415.0,9.0,7.679983668905333,2.0,0.0,1.0,0.0,1.0
1189.0,add,7.611846579926631,416.0,9.0,7.61184657992663,4.0,0.0,0.0,1.0,2.0
1190.0,add,7.61184657992663,416.0,9.0,7.61184657992663,4.0,0.0,0.0,1.0,3.0
1191.0,delete,7.751233228221587,416.0,9.0,7.61184657992663,3.0,0.0,0.0,1.0,2.0
1192.0,swap,7.578248347357561,416.0,9.0,7.61184657992663,4.0,1.0,0.0,1.0,1.0
1193.0,delete,7.591483674819717,417.0,8.0,7.723770106554734,4.0,0.0,0.0,0.0,0.0
1194.0,swap,7.591483674819717,418.0,8.0,7.722610904721416,4.0,0.0,0.0,0.0,1.0
1195.0,swap,7.735089089637366,419.0,9.0,7.735089089637365,3.0,0.0,0.0,2.0,0.0
1196.0,add,7.7021897325846105,419.0,9.0,7.735089089637365,3.0,1.0,0.0,2.0,0.0
1197.0,delete,7.735089089637366,419.0,9.0,7.735089089637365,3.0,0.0,0.0,1.0,0.0
1198.0,swap,7.7350890896373645,419.0,9.0,7.735089089637365,3.0,0.0,0.0,2.0,0.0
1199.0,change,7.583046141774403,420.0,7.0,7.637215360900954,4.0,0.0,0.0,1.0,0.0
1200.0,change,7.583046141774403,421.0,8.0,7.583046141774403,4.0,0.0,0.0,1.0,0.0
1201.0,add,7.28506553731486,421.0,8.0,7.583046141774403,4.0,1.0,0.0,1.0,0.0
1202.0,delete,7.7512332282215874,421.0,8.0,7.583046141774403,3.0,0.0,0.0,1.0,0.0
1203.0,swap,7.561155836012033,421.0,8.0,7.583046141774403,3.0,0.0,1.0,1.0,0.0
1204.0,delete,7.771603199878181,422.0,9.0,7.771603199878181,2.0,0.0,0.0,1.0,0.0
1205.0,add,7.771603199878181,422.0,9.0,7.771603199878181,2.0,0.0,0.0,1.0,1.0
1206.0,delete,7.871317116233396,422.0,9.0,7.771603199878181,1.0,0.0,0.0,1.0,0.0
1207.0,swap,7.913237338760615,422.0,9.0,7.771603199878181,1.0,0.0,0.0,2.0,0.0
1208.0,delete,7.724359345104061,423.0,8.0,7.742432009192808,2.0,0.0,0.0,1.0,0.0
1209.0,add,7.506982855981741,424.0,10.0,7.795050278006042,2.0,0.0,0.0,0.0,3.0
1210.0,delete,7.8085108747139405,424.0,10.0,7.795050278006042,1.0,0.0,0.0,0.0,2.0
1211.0,swap,7.737454581599323,424.0,10.0,7.795050278006042,1.0,1.0,0.0,0.0,2.0
1212.0,delete,7.724359345104061,425.0,9.0,7.724359345104061,2.0,0.0,0.0,1.0,0.0
1213.0,add,7.410426809611308,425.0,9.0,7.724359345104061,2.0,0.0,1.0,1.0,0.0
1214.0,delete,7.871317116233359,425.0,9.0,7.724359345104061,1.0,0.0,0.0,1.0,0.0
1215.0,swap,7.724359345104061,425.0,9.0,7.724359345104061,2.0,0.0,0.0,1.0,0.0
1216.0,delete,7.751233228221553,426.0,8.0,7.642364081135394,3.0,0.0,0.0,0.0,0.0
1217.0,add,7.751233228221553,427.0,9.0,7.751233228221553,3.0,0.0,0.0,0.0,1.0
1218.0,delete,7.824995034599562,427.0,9.0,7.751233228221553,2.0,0.0,0.0,0.0,0.0
1219.0,swap,7.708170592976973,427.0,9.0,7.751233228221553,2.0,1.0,0.0,0.0,0.0
1220.0,add,7.64518314467517,428.0,10.0,7.824995034599562,2.0,0.0,0.0,0.0,1.0
1221.0,delete,7.913237338760615,428.0,10.0,7.824995034599562,1.0,0.0,0.0,0.0,0.0
1222.0,swap,7.629969060995622,428.0,10.0,7.824995034599562,1.0,0.0,0.0,0.0,1.0
1223.0,change,7.751233228221586,429.0,8.0,7.776240509762029,3.0,0.0,0.0,1.0,0.0
1224.0,swap,7.913237338760613,430.0,10.0,7.913237338760615,1.0,0.0,0.0,2.0,0.0
1225.0,add,7.80705924711131,430.0,10.0,7.913237338760615,1.0,1.0,0.0,2.0,0.0
1226.0,delete,7.952650045445747,430.0,10.0,7.913237338760615,0.0,0.0,0.0,2.0,0.0
1227.0,swap,7.952650045445747,430.0,10.0,7.913237338760615,0.0,0.0,0.0,2.0,1.0
1228.0,delete,7.871317116233394,431.0,10.0,7.871317116233396,1.0,0.0,0.0,1.0,0.0
1229.0,add,7.871317116233396,431.0,10.0,7.871317116233396,1.0,0.0,0.0,1.0,1.0
1230.0,delete,7.871317116233396,431.0,10.0,7.871317116233396,1.0,0.0,0.0,0.0,0.0
1231.0,swap,7.811831961992025,431.0,10.0,7.871317116233396,0.0,0.0,1.0,1.0,0.0
1232.0,delete,7.871317116233394,432.0,10.0,7.871317116233396,1.0,0.0,0.0,1.0,0.0
1233.0,add,7.568964040929346,432.0,10.0,7.871317116233396,1.0,0.0,0.0,1.0,1.0
1234.0,delete,7.871317116233396,432.0,10.0,7.871317116233396,1.0,0.0,0.0,0.0,0.0
1235.0,swap,7.397040644518791,432.0,10.0,7.871317116233396,0.0,0.0,0.0,1.0,1.0
1236.0,add,7.61184657992663,433.0,8.0,7.640816160483399,4.0,0.0,0.0,0.0,1.0
1237.0,change,7.7512332282215874,434.0,9.0,7.751233228221586,3.0,0.0,0.0,1.0,0.0
1238.0,add,7.751233228221586,434.0,9.0,7.751233228221586,3.0,0.0,0.0,2.0,0.0
1239.0,delete,7.751233228221587,434.0,9.0,7.751233228221586,3.0,0.0,0.0,0.0,0.0
1240.0,swap,7.7551589598576935,434.0,9.0,7.751233228221586,2.0,0.0,1.0,1.0,0.0
1241.0,add,7.751233228221586,435.0,10.0,7.751233228221587,3.0,0.0,0.0,1.0,2.0
1242.0,add,7.751233228221587,435.0,10.0,7.751233228221587,3.0,0.0,0.0,1.0,3.0
1243.0,delete,7.751233228221587,435.0,10.0,7.751233228221587,3.0,0.0,0.0,1.0,1.0
1244.0,swap,7.543974247422145,435.0,10.0,7.751233228221587,3.0,0.0,0.0,1.0,2.0
1245.0,add,7.564344219078741,436.0,9.0,7.56434421907874,3.0,0.0,0.0,1.0,1.0
1246.0,delete,7.564344219078741,436.0,9.0,7.56434421907874,3.0,0.0,0.0,0.0,0.0
1247.0,swap,7.7716031998781165,436.0,9.0,7.56434421907874,2.0,1.0,0.0,0.0,1.0
1248.0,add,7.622657089993781,437.0,9.0,7.622657089993781,3.0,0.0,1.0,1.0,0.0
1249.0,add,7.184651768794232,437.0,9.0,7.622657089993781,3.0,0.0,1.0,1.0,1.0
1250.0,delete,7.714054431413974,437.0,9.0,7.622657089993781,2.0,0.0,1.0,1.0,0.0
1251.0,swap,7.746597463183168,437.0,9.0,7.622657089993781,2.0,0.0,1.0,2.0,0.0
1252.0,delete,7.611846579926631,438.0,9.0,7.61184657992663,4.0,1.0,0.0,0.0,0.0
1253.0,add,7.750966515940262,438.0,9.0,7.61184657992663,4.0,1.0,1.0,0.0,0.0
1254.0,delete,7.751233228221552,438.0,9.0,7.61184657992663,3.0,1.0,0.0,0.0,0.0
1255.0,swap,7.655657391810168,438.0,9.0,7.61184657992663,3.0,1.0,0.0,0.0,1.0
1256.0,swap,7.9132373387606165,439.0,10.0,7.913237338760614,1.0,0.0,0.0,2.0,1.0
1257.0,add,7.6906057313727505,439.0,10.0,7.913237338760614,1.0,0.0,0.0,2.0,2.0
1258.0,delete,7.913237338760616,439.0,10.0,7.913237338760614,1.0,0.0,0.0,1.0,1.0
1259.0,swap,7.907838503497314,439.0,10.0,7.913237338760614,1.0,1.0,0.0,1.0,1.0
1260.0,swap,7.824995034599562,440.0,10.0,7.824995034599562,2.0,0.0,0.0,1.0,1.0
1261.0,add,7.822926982449016,440.0,10.0,7.824995034599562,2.0,0.0,1.0,1.0,1.0
1262.0,delete,7.824995034599562,440.0,10.0,7.824995034599562,2.0,0.0,0.0,1.0,0.0
1263.0,swap,7.757596570413669,440.0,10.0,7.824995034599562,2.0,1.0,0.0,0.0,1.0
1264.0,swap,7.733522985673882,441.0,10.0,7.7551589598576935,2.0,0.0,1.0,1.0,0.0
1265.0,add,7.431288598037203,441.0,10.0,7.7551589598576935,2.0,0.0,1.0,1.0,1.0
1266.0,delete,7.779141215106746,441.0,10.0,7.7551589598576935,1.0,0.0,1.0,1.0,0.0
1267.0,swap,7.728478703559931,441.0,10.0,7.7551589598576935,2.0,0.0,2.0,0.0,0.0
1268.0,change,7.751233228221553,442.0,8.0,7.6936758128665925,3.0,0.0,0.0,1.0,0.0
1269.0,change,7.751233228221553,443.0,9.0,7.751233228221553,3.0,0.0,0.0,1.0,0.0
1270.0,add,7.5294073514818605,443.0,9.0,7.751233228221553,3.0,0.0,0.0,1.0,1.0
1271.0,delete,7.751233228221553,443.0,9.0,7.751233228221553,3.0,0.0,0.0,0.0,0.0
1272.0,swap,7.824995034599562,443.0,9.0,7.751233228221553,2.0,0.0,0.0,2.0,0.0
1273.0,add,7.139829995332537,444.0,8.0,7.7230594250413604,3.0,0.0,0.0,1.0,1.0
1274.0,add,7.298415173740169,445.0,7.0,7.650121264115398,4.0,0.0,0.0,1.0,1.0
1275.0,swap,7.705375566035024,446.0,9.0,7.705894200659228,3.0,1.0,0.0,1.0,0.0
1276.0,add,7.671329164549222,446.0,9.0,7.705894200659228,3.0,1.0,1.0,1.0,0.0
1277.0,delete,7.795022203732331,446.0,9.0,7.705894200659228,2.0,1.0,0.0,1.0,0.0
1278.0,swap,7.705894200659225,446.0,9.0,7.705894200659228,3.0,1.0,0.0,1.0,0.0
1279.0,add,7.691395956921952,447.0,9.0,7.735089089637365,3.0,0.0,1.0,0.0,0.0
1280.0,delete,7.789254268839446,447.0,9.0,7.735089089637365,2.0,0.0,0.0,0.0,0.0
1281.0,swap,7.761255070460557,447.0,9.0,7.735089089637365,2.0,0.0,0.0,0.0,1.0
1282.0,swap,7.71403761513035,448.0,9.0,7.715735895902585,3.0,0.0,1.0,0.0,0.0
1283.0,add,7.46153514801801,448.0,9.0,7.715735895902585,3.0,0.0,1.0,0.0,1.0
1284.0,delete,7.7597282127834015,448.0,9.0,7.715735895902585,2.0,0.0,1.0,0.0,0.0
1285.0,swap,7.599151946893796,448.0,9.0,7.715735895902585,2.0,1.0,1.0,0.0,0.0
1286.0,swap,6.983361734374435,449.0,9.0,7.907766803104806,2.0,0.0,0.0,0.0,1.0
1287.0,change,7.735089089637365,450.0,8.0,7.738646437118656,3.0,0.0,0.0,1.0,1.0
1288.0,delete,7.705950063691907,451.0,9.0,7.705950063691909,3.0,0.0,0.0,1.0,0.0
1289.0,add,7.70595006369191,451.0,9.0,7.705950063691909,3.0,0.0,0.0,2.0,0.0
1290.0,delete,7.789254268839446,451.0,9.0,7.705950063691909,2.0,0.0,0.0,1.0,0.0
1291.0,swap,7.184718331539317,451.0,9.0,7.705950063691909,3.0,1.0,0.0,0.0,0.0
1292.0,add,7.027928725880274,452.0,6.0,7.330194942947183,5.0,0.0,1.0,1.0,0.0
1293.0,delete,7.795050278006043,453.0,10.0,7.795050278006043,2.0,0.0,0.0,1.0,0.0
1294.0,add,7.795050278006043,453.0,10.0,7.795050278006043,2.0,0.0,0.0,1.0,1.0
1295.0,delete,7.871317116233395,453.0,10.0,7.795050278006043,1.0,0.0,0.0,1.0,0.0
1296.0,swap,7.795050278006043,453.0,10.0,7.795050278006043,2.0,0.0,0.0,1.0,0.0
1297.0,delete,7.611846579926629,454.0,9.0,7.61184657992663,4.0,0.0,0.0,1.0,0.0
1298.0,add,7.161920238548863,454.0,9.0,7.61184657992663,4.0,0.0,0.0,1.0,1.0
1299.0,delete,7.564344219078741,454.0,9.0,7.61184657992663,3.0,0.0,0.0,1.0,0.0
1300.0,swap,7.75123322822155,454.0,9.0,7.61184657992663,3.0,0.0,0.0,2.0,0.0
1301.0,delete,7.8713171162333575,455.0,10.0,7.871317116233359,1.0,0.0,0.0,1.0,0.0
1302.0,add,7.723399413779786,455.0,10.0,7.871317116233359,1.0,1.0,0.0,1.0,0.0
1303.0,delete,7.871317116233358,455.0,10.0,7.871317116233359,1.0,0.0,0.0,0.0,0.0
1304.0,swap,7.952650045445748,455.0,10.0,7.871317116233359,0.0,0.0,0.0,1.0,1.0
1305.0,swap,7.709982047424193,456.0,8.0,7.7333518466268485,2.0,1.0,0.0,1.0,0.0
1306.0,delete,7.724359345104061,457.0,8.0,7.818493850477706,2.0,0.0,0.0,1.0,0.0
1307.0,change,7.715964839381196,458.0,8.0,7.720217669144162,3.0,0.0,0.0,1.0,0.0
1308.0,swap,7.705950063691908,459.0,9.0,7.7059500636919065,3.0,1.0,0.0,0.0,0.0
1309.0,add,7.379624885138904,459.0,9.0,7.7059500636919065,3.0,1.0,0.0,0.0,1.0
1310.0,delete,7.720140578581368,459.0,9.0,7.7059500636919065,2.0,1.0,0.0,0.0,0.0
1311.0,swap,7.720140578581368,459.0,9.0,7.7059500636919065,2.0,1.0,0.0,0.0,1.0
1312.0,change,7.548583483582081,460.0,8.0,7.548583483582081,4.0,0.0,0.0,1.0,0.0
1313.0,add,7.548583483582081,460.0,8.0,7.548583483582081,4.0,0.0,0.0,1.0,1.0
1314.0,delete,7.705950063691909,460.0,8.0,7.548583483582081,3.0,0.0,0.0,1.0,0.0
1315.0,swap,7.7059500636919065,460.0,8.0,7.548583483582081,3.0,0.0,0.0,2.0,0.0
1316.0,add,7.7059500636919065,461.0,9.0,7.70595006369191,3.0,0.0,0.0,2.0,0.0
1317.0,add,7.70595006369191,461.0,9.0,7.70595006369191,3.0,0.0,0.0,2.0,1.0
1318.0,delete,7.7892542688394455,461.0,9.0,7.70595006369191,2.0,0.0,0.0,2.0,0.0
1319.0,swap,7.7950502780060384,461.0,9.0,7.70595006369191,2.0,0.0,0.0,3.0,0.0
1320.0,delete,7.724359345104061,462.0,9.0,7.724359345104061,2.0,0.0,0.0,1.0,0.0
1321.0,add,7.724359345104061,462.0,9.0,7.724359345104061,2.0,0.0,0.0,1.0,1.0
1322.0,delete,7.871317116233396,462.0,9.0,7.724359345104061,1.0,0.0,0.0,1.0,0.0
1323.0,swap,7.84306215733071,462.0,9.0,7.724359345104061,1.0,1.0,0.0,1.0,0.0
1324.0,delete,7.705950063691909,463.0,9.0,7.705950063691908,3.0,0.0,0.0,1.0,0.0
1325.0,add,7.705950063691908,463.0,9.0,7.705950063691908,3.0,0.0,0.0,1.0,1.0
1326.0,delete,7.7201405785813675,463.0,9.0,7.705950063691908,2.0,0.0,0.0,1.0,0.0
1327.0,swap,7.871146998616482,463.0,9.0,7.705950063691908,2.0,0.0,1.0,1.0,0.0
1328.0,swap,7.713173237520097,464.0,9.0,7.709982047424193,2.0,1.0,0.0,1.0,0.0
1329.0,add,7.487443350504222,464.0,9.0,7.709982047424193,2.0,1.0,0.0,1.0,1.0
1330.0,delete,7.795050278006038,464.0,9.0,7.709982047424193,2.0,0.0,0.0,1.0,0.0
1331.0,swap,7.437815490988072,464.0,9.0,7.709982047424193,2.0,1.0,0.0,1.0,0.0
1332.0,delete,7.705950063691909,465.0,9.0,7.705950063691909,3.0,0.0,0.0,1.0,0.0
1333.0,add,7.477162632498464,465.0,9.0,7.705950063691909,3.0,0.0,0.0,1.0,1.0
1334.0,delete,7.789254268839446,465.0,9.0,7.705950063691909,2.0,0.0,0.0,1.0,0.0
1335.0,swap,7.689540352484235,465.0,9.0,7.705950063691909,2.0,0.0,0.0,1.0,1.0
1336.0,change,7.548583483582081,466.0,7.0,7.590791253928237,4.0,0.0,0.0,1.0,0.0
1337.0,delete,7.735089089637365,467.0,8.0,7.710623070897782,3.0,0.0,0.0,1.0,0.0
1338.0,delete,7.735089089637365,468.0,9.0,7.735089089637365,3.0,0.0,0.0,1.0,0.0
1339.0,add,7.3359673516854285,468.0,9.0,7.735089089637365,3.0,0.0,0.0,1.0,1.0
1340.0,delete,7.824995034599562,468.0,9.0,7.735089089637365,2.0,0.0,0.0,1.0,0.0
1341.0,swap,7.789254268839446,468.0,9.0,7.735089089637365,2.0,0.0,0.0,2.0,0.0
1342.0,delete,7.711703045536057,469.0,8.0,7.748133587093543,2.0,0.0,0.0,1.0,0.0
1343.0,delete,7.711703045536056,470.0,9.0,7.711703045536057,2.0,0.0,0.0,1.0,0.0
1344.0,add,7.7117030455360585,470.0,9.0,7.711703045536057,2.0,0.0,0.0,2.0,0.0
1345.0,delete,7.871317116233396,470.0,9.0,7.711703045536057,1.0,0.0,0.0,1.0,0.0
1346.0,swap,7.662575518158459,470.0,9.0,7.711703045536057,2.0,0.0,1.0,0.0,0.0
1347.0,swap,7.639170963489102,471.0,9.0,7.672819994739738,2.0,1.0,0.0,1.0,0.0
1348.0,add,7.596152436251388,471.0,9.0,7.672819994739738,2.0,1.0,0.0,1.0,1.0
1349.0,delete,7.720140578581368,471.0,9.0,7.672819994739738,2.0,0.0,0.0,1.0,0.0
1350.0,swap,7.840442666302889,471.0,9.0,7.672819994739738,1.0,1.0,0.0,2.0,0.0
1351.0,change,7.697512530646567,472.0,8.0,7.715860878285142,3.0,0.0,0.0,1.0,0.0
1352.0,change,7.697512530646565,473.0,9.0,7.697512530646567,3.0,0.0,0.0,1.0,0.0
1353.0,add,7.697512530646567,473.0,9.0,7.697512530646567,3.0,0.0,0.0,1.0,1.0
1354.0,delete,7.795050278006043,473.0,9.0,7.697512530646567,2.0,0.0,0.0,1.0,0.0
1355.0,swap,7.795050278006043,473.0,9.0,7.697512530646567,2.0,0.0,0.0,1.0,1.0
1356.0,change,7.715964839381198,474.0,9.0,7.715964839381196,3.0,0.0,0.0,1.0,0.0
1357.0,add,7.535253454520623,474.0,9.0,7.715964839381196,3.0,0.0,0.0,1.0,1.0
1358.0,delete,7.795050278006036,474.0,9.0,7.715964839381196,2.0,0.0,0.0,1.0,0.0
1359.0,swap,7.795050278006041,474.0,9.0,7.715964839381196,2.0,0.0,0.0,2.0,0.0
1360.0,change,7.5485834835820835,475.0,8.0,7.548583483582081,4.0,0.0,0.0,1.0,0.0
1361.0,add,6.794862608919635,475.0,8.0,7.548583483582081,4.0,0.0,1.0,1.0,0.0
1362.0,delete,7.494901665967088,475.0,8.0,7.548583483582081,3.0,0.0,0.0,1.0,0.0
1363.0,swap,7.548583483582082,475.0,8.0,7.548583483582081,4.0,0.0,0.0,0.0,1.0
1364.0,add,7.454938378352638,476.0,10.0,7.795050278006036,2.0,0.0,0.0,0.0,1.0
1365.0,delete,7.871317116233358,476.0,10.0,7.795050278006036,1.0,0.0,0.0,0.0,0.0
1366.0,swap,7.756776717730041,476.0,10.0,7.795050278006036,1.0,1.0,0.0,0.0,0.0
1367.0,delete,7.751233228221553,477.0,8.0,7.762292526790363,3.0,0.0,0.0,0.0,0.0
1368.0,add,7.224180644551232,478.0,9.0,7.751233228221553,3.0,1.0,0.0,0.0,0.0
1369.0,delete,7.7716031998781165,478.0,9.0,7.751233228221553,2.0,0.0,0.0,0.0,0.0
1370.0,swap,7.795050278006036,478.0,9.0,7.751233228221553,2.0,0.0,0.0,0.0,1.0
1371.0,delete,7.761255070460557,479.0,10.0,7.761255070460558,2.0,0.0,0.0,2.0,0.0
1372.0,add,6.960405634923173,479.0,10.0,7.761255070460558,2.0,0.0,0.0,2.0,1.0
1373.0,delete,7.913237338760613,479.0,10.0,7.761255070460558,1.0,0.0,0.0,2.0,0.0
1374.0,swap,7.613968557630254,479.0,10.0,7.761255070460558,1.0,1.0,0.0,2.0,0.0
1375.0,delete,7.751233228221586,480.0,9.0,7.751233228221583,3.0,0.0,0.0,1.0,0.0
1376.0,add,7.3571124954697105,480.0,9.0,7.751233228221583,3.0,0.0,0.0,1.0,1.0
1377.0,delete,7.795050278006044,480.0,9.0,7.751233228221583,2.0,0.0,0.0,1.0,0.0
1378.0,swap,7.757175800619279,480.0,9.0,7.751233228221583,2.0,0.0,1.0,1.0,0.0
1379.0,delete,7.751233228221587,481.0,8.0,7.708497995726602,3.0,0.0,0.0,0.0,0.0
1380.0,add,7.5517040890270435,482.0,9.0,7.751233228221587,3.0,0.0,1.0,0.0,0.0
1381.0,delete,7.795050278006042,482.0,9.0,7.751233228221587,2.0,0.0,0.0,0.0,0.0
1382.0,swap,7.824995034599562,482.0,9.0,7.751233228221587,2.0,0.0,0.0,1.0,0.0
1383.0,add,7.611846579926629,483.0,9.0,7.611846579926629,4.0,1.0,0.0,1.0,1.0
1384.0,add,7.34620240267814,483.0,9.0,7.611846579926629,4.0,1.0,0.0,1.0,2.0
1385.0,delete,7.715964839381198,483.0,9.0,7.611846579926629,3.0,1.0,0.0,1.0,1.0
1386.0,swap,7.518502242612219,483.0,9.0,7.611846579926629,3.0,2.0,0.0,1.0,1.0
1387.0,delete,7.789254268839446,484.0,9.0,7.789254268839446,2.0,0.0,0.0,1.0,0.0
1388.0,add,7.789254268839446,484.0,9.0,7.789254268839446,2.0,0.0,0.0,1.0,1.0
1389.0,delete,7.871317116233396,484.0,9.0,7.789254268839446,1.0,0.0,0.0,1.0,0.0
1390.0,swap,7.80851087471394,484.0,9.0,7.789254268839446,1.0,0.0,0.0,2.0,0.0
1391.0,delete,7.795050278006042,485.0,8.0,7.809518159493135,2.0,0.0,0.0,1.0,0.0
1392.0,delete,7.795050278006042,486.0,9.0,7.795050278006042,2.0,0.0,0.0,1.0,0.0
1393.0,add,7.795050278006042,486.0,9.0,7.795050278006042,2.0,0.0,0.0,1.0,1.0
1394.0,delete,7.8085108747139405,486.0,9.0,7.795050278006042,1.0,0.0,0.0,1.0,0.0
1395.0,swap,7.796212634984118,486.0,9.0,7.795050278006042,1.0,0.0,1.0,1.0,0.0
1396.0,delete,7.697512530646565,487.0,9.0,7.697512530646566,3.0,0.0,0.0,1.0,0.0
1397.0,add,7.697512530646566,487.0,9.0,7.697512530646566,3.0,0.0,0.0,1.0,1.0
1398.0,delete,7.789254268839446,487.0,9.0,7.697512530646566,2.0,0.0,0.0,1.0,0.0
1399.0,swap,7.777713379339881,487.0,9.0,7.697512530646566,2.0,0.0,1.0,1.0,0.0
1400.0,swap,7.681310635390472,488.0,9.0,7.661326566541348,2.0,1.0,0.0,1.0,0.0
1401.0,add,7.661326566541348,488.0,9.0,7.661326566541348,2.0,2.0,0.0,1.0,0.0
1402.0,delete,7.779610104636417,488.0,9.0,7.661326566541348,1.0,1.0,0.0,1.0,0.0
1403.0,swap,7.795050278006043,488.0,9.0,7.661326566541348,2.0,0.0,0.0,2.0,0.0
1404.0,delete,7.541339790093139,489.0,8.0,7.54133979009314,3.0,0.0,0.0,1.0,0.0
1405.0,add,7.54133979009314,489.0,8.0,7.54133979009314,3.0,0.0,0.0,1.0,1.0
1406.0,delete,7.761255070460557,489.0,8.0,7.54133979009314,2.0,0.0,0.0,1.0,0.0
1407.0,swap,6.976634989958145,489.0,8.0,7.54133979009314,3.0,1.0,0.0,0.0,0.0
1408.0,swap,7.7350890896373645,490.0,9.0,7.735089089637365,3.0,0.0,0.0,1.0,1.0
1409.0,add,7.7350890896373645,490.0,9.0,7.735089089637365,3.0,0.0,0.0,2.0,1.0
1410.0,delete,7.761255070460557,490.0,9.0,7.735089089637365,2.0,0.0,0.0,1.0,1.0
1411.0,swap,7.735089089637367,490.0,9.0,7.735089089637365,3.0,0.0,0.0,2.0,0.0
1412.0,swap,7.603995599409968,491.0,8.0,7.801374324260547,3.0,0.0,1.0,1.0,0.0
1413.0,swap,7.824995034599562,492.0,8.0,7.779678429845643,2.0,0.0,0.0,2.0,1.0
1414.0,swap,7.824995034599562,493.0,9.0,7.824995034599562,2.0,0.0,0.0,2.0,1.0
1415.0,add,7.4931815010375775,493.0,9.0,7.824995034599562,2.0,0.0,0.0,2.0,2.0
1416.0,delete,7.913237338760615,493.0,9.0,7.824995034599562,1.0,0.0,0.0,2.0,1.0
1417.0,swap,7.835028323169662,493.0,9.0,7.824995034599562,1.0,1.0,0.0,2.0,1.0
1418.0,swap,7.697512530646566,494.0,7.0,7.69290303492024,3.0,0.0,0.0,1.0,1.0
1419.0,swap,7.697512530646566,495.0,8.0,7.697512530646566,3.0,0.0,0.0,1.0,1.0
1420.0,add,7.472943865975849,495.0,8.0,7.697512530646566,3.0,0.0,0.0,1.0,2.0
1421.0,delete,7.795050278006042,495.0,8.0,7.697512530646566,2.0,0.0,0.0,1.0,1.0
1422.0,swap,7.697512530646566,495.0,8.0,7.697512530646566,3.0,0.0,0.0,1.0,1.0
1423.0,add,7.583046141774403,496.0,7.0,7.603416392134327,4.0,0.0,0.0,1.0,1.0
1424.0,delete,7.871317116233394,497.0,10.0,7.871317116233396,1.0,0.0,0.0,1.0,0.0
1425.0,add,7.552088974838723,497.0,10.0,7.871317116233396,1.0,0.0,0.0,1.0,1.0
1426.0,delete,7.871317116233396,497.0,10.0,7.871317116233396,1.0,0.0,0.0,0.0,0.0
1427.0,swap,7.805443367079366,497.0,10.0,7.871317116233396,1.0,0.0,1.0,0.0,0.0
1428.0,delete,7.751233228221587,498.0,7.0,7.687887296961218,3.0,0.0,0.0,1.0,0.0
1429.0,delete,7.751233228221588,499.0,8.0,7.751233228221587,3.0,0.0,0.0,1.0,0.0
1430.0,add,7.450674870350845,499.0,8.0,7.751233228221587,3.0,0.0,1.0,1.0,0.0
1431.0,delete,7.771603199878181,499.0,8.0,7.751233228221587,2.0,0.0,0.0,1.0,0.0
1432.0,swap,7.824995034599562,499.0,8.0,7.751233228221587,2.0,0.0,0.0,2.0,0.0
1433.0,delete,7.795050278006042,500.0,9.0,7.795050278006042,2.0,0.0,0.0,1.0,1.0
1434.0,add,7.795050278006042,500.0,9.0,7.795050278006042,2.0,0.0,0.0,1.0,2.0
1435.0,delete,7.871317116233396,500.0,9.0,7.795050278006042,1.0,0.0,0.0,1.0,1.0
1436.0,swap,7.871317116233395,500.0,9.0,7.795050278006042,1.0,0.0,0.0,2.0,1.0
1437.0,delete,7.711703045536057,501.0,8.0,7.825557013296984,2.0,0.0,0.0,1.0,1.0
1438.0,delete,7.871317116233397,502.0,10.0,7.871317116233396,1.0,0.0,0.0,1.0,1.0
1439.0,add,7.871317116233396,502.0,10.0,7.871317116233396,1.0,0.0,0.0,1.0,2.0
1440.0,delete,7.871317116233396,502.0,10.0,7.871317116233396,1.0,0.0,0.0,0.0,1.0
1441.0,swap,7.871317116233397,502.0,10.0,7.871317116233396,1.0,0.0,0.0,2.0,0.0
1442.0,swap,7.697512530646565,503.0,9.0,7.697512530646566,3.0,0.0,0.0,1.0,1.0
1443.0,add,7.697512530646566,503.0,9.0,7.697512530646566,3.0,0.0,0.0,2.0,1.0
1444.0,delete,7.789254268839446,503.0,9.0,7.697512530646566,2.0,0.0,0.0,1.0,1.0
1445.0,swap,7.7950502780060456,503.0,9.0,7.697512530646566,2.0,0.0,0.0,2.0,1.0
1446.0,swap,7.697512530646566,504.0,9.0,7.697512530646566,3.0,0.0,0.0,1.0,1.0
1447.0,add,7.72029986247515,504.0,9.0,7.697512530646566,3.0,0.0,1.0,1.0,1.0
1448.0,delete,7.697512530646566,504.0,9.0,7.697512530646566,3.0,0.0,0.0,1.0,0.0
1449.0,swap,7.636879400756351,504.0,9.0,7.697512530646566,2.0,0.0,0.0,1.0,2.0
1450.0,swap,7.871317116233396,505.0,10.0,7.871317116233395,1.0,0.0,0.0,2.0,1.0
1451.0,add,7.191093316926657,505.0,10.0,7.871317116233395,1.0,0.0,0.0,2.0,2.0
1452.0,delete,7.952650045445748,505.0,10.0,7.871317116233395,0.0,0.0,0.0,2.0,1.0
1453.0,swap,7.854322224508152,505.0,10.0,7.871317116233395,1.0,0.0,1.0,1.0,1.0
1454.0,swap,7.795050278006042,506.0,8.0,7.735368427757038,2.0,0.0,0.0,1.0,2.0
1455.0,swap,7.795050278006042,507.0,9.0,7.795050278006042,2.0,0.0,0.0,1.0,2.0
1456.0,add,7.795050278006042,507.0,9.0,7.795050278006042,2.0,0.0,0.0,2.0,2.0
1457.0,delete,7.795050278006042,507.0,9.0,7.795050278006042,2.0,0.0,0.0,0.0,2.0
1458.0,swap,7.71729188389372,507.0,9.0,7.795050278006042,2.0,0.0,1.0,1.0,1.0
1459.0,delete,7.789254268839446,508.0,8.0,7.799581377147752,2.0,0.0,0.0,1.0,1.0
1460.0,delete,7.789254268839446,509.0,9.0,7.789254268839446,2.0,0.0,0.0,1.0,1.0
1461.0,add,7.789254268839446,509.0,9.0,7.789254268839446,2.0,0.0,0.0,1.0,2.0
1462.0,delete,7.789254268839446,509.0,9.0,7.789254268839446,2.0,0.0,0.0,0.0,1.0
1463.0,swap,7.6400050955348515,509.0,9.0,7.789254268839446,2.0,0.0,1.0,0.0,1.0
1464.0,delete,7.853672037943548,510.0,10.0,7.859310696611704,1.0,1.0,0.0,2.0,0.0
1465.0,add,7.859310696611704,510.0,10.0,7.859310696611704,1.0,1.0,0.0,2.0,1.0
1466.0,delete,7.9483506024218995,510.0,10.0,7.859310696611704,0.0,1.0,0.0,2.0,0.0
1467.0,swap,7.602488435684495,510.0,10.0,7.859310696611704,1.0,1.0,1.0,1.0,0.0
1468.0,swap,7.751233228221587,511.0,8.0,7.78954651100406,3.0,0.0,0.0,1.0,1.0
1469.0,swap,7.751233228221587,512.0,9.0,7.751233228221587,3.0,0.0,0.0,1.0,1.0
1470.0,add,7.361619704959176,512.0,9.0,7.751233228221587,3.0,0.0,0.0,1.0,2.0
1471.0,delete,7.751233228221587,512.0,9.0,7.751233228221587,3.0,0.0,0.0,1.0,0.0
1472.0,swap,7.751233228221587,512.0,9.0,7.751233228221587,3.0,0.0,0.0,1.0,1.0
1473.0,add,7.583046141774403,513.0,8.0,7.583046141774403,4.0,0.0,0.0,1.0,1.0
1474.0,add,7.12760425187293,513.0,8.0,7.583046141774403,4.0,0.0,0.0,1.0,2.0
1475.0,delete,7.735089089637366,513.0,8.0,7.583046141774403,3.0,0.0,0.0,1.0,1.0
1476.0,swap,7.583046141774403,513.0,8.0,7.583046141774403,4.0,0.0,0.0,2.0,0.0
1477.0,swap,7.824995034599561,514.0,9.0,7.824995034599562,2.0,0.0,0.0,2.0,0.0
1478.0,add,7.824995034599562,514.0,9.0,7.824995034599562,2.0,0.0,0.0,2.0,1.0
1479.0,delete,7.824995034599563,514.0,9.0,7.824995034599562,2.0,0.0,0.0,1.0,0.0
1480.0,swap,7.913237338760616,514.0,9.0,7.824995034599562,1.0,0.0,0.0,3.0,0.0
1481.0,delete,7.771603199878182,515.0,9.0,7.771603199878181,2.0,0.0,0.0,1.0,0.0
1482.0,add,7.771603199878181,515.0,9.0,7.771603199878181,2.0,0.0,0.0,2.0,0.0
1483.0,delete,7.771603199878181,515.0,9.0,7.771603199878181,2.0,0.0,0.0,0.0,0.0
1484.0,swap,7.913237338760616,515.0,9.0,7.771603199878181,1.0,0.0,0.0,1.0,1.0
1485.0,swap,7.771603199878181,516.0,8.0,7.842643495431773,2.0,1.0,0.0,1.0,0.0
1486.0,delete,7.751233228221587,517.0,9.0,7.751233228221588,3.0,0.0,0.0,1.0,0.0
1487.0,add,7.751233228221588,517.0,9.0,7.751233228221588,3.0,0.0,0.0,1.0,1.0
1488.0,delete,7.824995034599564,517.0,9.0,7.751233228221588,2.0,0.0,0.0,1.0,0.0
1489.0,swap,7.771603199878182,517.0,9.0,7.751233228221588,2.0,0.0,0.0,1.0,1.0
1490.0,swap,7.9132373387606165,518.0,10.0,7.913237338760616,1.0,0.0,0.0,3.0,0.0
1491.0,add,7.2370023016030105,518.0,10.0,7.913237338760616,1.0,0.0,0.0,3.0,1.0
1492.0,delete,7.952650045445749,518.0,10.0,7.913237338760616,0.0,0.0,0.0,3.0,0.0
1493.0,swap,7.863258344650948,518.0,10.0,7.913237338760616,0.0,1.0,0.0,3.0,0.0
1494.0,delete,7.824995034599563,519.0,8.0,7.7999300276546695,2.0,0.0,0.0,1.0,0.0
1495.0,delete,7.824995034599564,520.0,9.0,7.824995034599563,2.0,0.0,0.0,1.0,0.0
1496.0,add,7.673012766299437,520.0,9.0,7.824995034599563,2.0,0.0,0.0,1.0,1.0
1497.0,delete,7.913237338760616,520.0,9.0,7.824995034599563,1.0,0.0,0.0,1.0,0.0
1498.0,swap,7.913237338760616,520.0,9.0,7.824995034599563,1.0,0.0,0.0,1.0,1.0
1499.0,change,7.751233228221585,521.0,8.0,7.770059583828501,3.0,0.0,0.0,1.0,0.0
1500.0,delete,7.913237338760615,522.0,10.0,7.913237338760616,1.0,0.0,0.0,1.0,0.0
1501.0,add,7.609272802160365,522.0,10.0,7.913237338760616,1.0,0.0,0.0,1.0,1.0
1502.0,delete,7.913237338760615,522.0,10.0,7.913237338760616,1.0,0.0,0.0,0.0,0.0
1503.0,swap,7.74985523253808,522.0,10.0,7.913237338760616,1.0,1.0,0.0,0.0,0.0
1504.0,change,7.751233228221585,523.0,9.0,7.751233228221585,3.0,0.0,0.0,1.0,0.0
1505.0,add,7.751233228221585,523.0,9.0,7.751233228221585,3.0,0.0,0.0,1.0,1.0
1506.0,delete,7.795050278006042,523.0,9.0,7.751233228221585,2.0,0.0,0.0,1.0,0.0
1507.0,swap,7.771603199878181,523.0,9.0,7.751233228221585,2.0,0.0,0.0,1.0,1.0
1508.0,swap,7.771603199878183,524.0,9.0,7.771603199878181,2.0,1.0,0.0,1.0,0.0
1509.0,add,7.3110763803081,524.0,9.0,7.771603199878181,2.0,1.0,0.0,1.0,1.0
1510.0,delete,7.771603199878181,524.0,9.0,7.771603199878181,2.0,1.0,0.0,0.0,0.0
1511.0,swap,7.464739758569383,524.0,9.0,7.771603199878181,2.0,2.0,0.0,0.0,0.0
1512.0,change,7.697512530646566,525.0,8.0,7.731901048023805,3.0,0.0,0.0,1.0,0.0
1513.0,swap,7.711703045536057,526.0,8.0,7.715724830223126,2.0,0.0,0.0,1.0,1.0
1514.0,change,7.697512530646567,527.0,9.0,7.697512530646566,3.0,0.0,0.0,1.0,0.0
1515.0,add,7.697512530646566,527.0,9.0,7.697512530646566,3.0,0.0,0.0,1.0,1.0
1516.0,delete,7.7117030455360585,527.0,9.0,7.697512530646566,2.0,0.0,0.0,1.0,0.0
1517.0,swap,6.903123919292458,527.0,9.0,7.697512530646566,2.0,1.0,0.0,1.0,0.0
1518.0,swap,7.824995034599562,528.0,10.0,7.824995034599564,2.0,0.0,0.0,2.0,1.0
1519.0,add,7.824995034599564,528.0,10.0,7.824995034599564,2.0,0.0,0.0,2.0,2.0
1520.0,delete,7.824995034599563,528.0,10.0,7.824995034599564,2.0,0.0,0.0,1.0,1.0
1521.0,swap,7.824995034599563,528.0,10.0,7.824995034599564,2.0,0.0,0.0,1.0,2.0
1522.0,delete,5.501962747600276,529.0,1.0,7.573826897221003,9.0,0.0,0.0,0.0,0.0
1523.0,change,7.735089089637367,530.0,8.0,7.740322285802004,3.0,0.0,0.0,1.0,1.0
1524.0,delete,7.824995034599562,531.0,10.0,7.824995034599563,2.0,0.0,0.0,1.0,1.0
1525.0,add,7.824995034599563,531.0,10.0,7.824995034599563,2.0,0.0,0.0,1.0,2.0
1526.0,delete,7.824995034599563,531.0,10.0,7.824995034599563,2.0,0.0,0.0,1.0,0.0
1527.0,swap,7.824995034599561,531.0,10.0,7.824995034599563,2.0,0.0,0.0,2.0,0.0
1528.0,change,7.735089089637365,532.0,9.0,7.735089089637367,3.0,0.0,0.0,1.0,1.0
1529.0,add,7.741331827293071,532.0,9.0,7.735089089637367,3.0,0.0,1.0,1.0,1.0
1530.0,delete,7.824995034599562,532.0,9.0,7.735089089637367,2.0,0.0,0.0,1.0,1.0
1531.0,swap,7.711728435993772,532.0,9.0,7.735089089637367,3.0,0.0,0.0,1.0,1.0
1532.0,add,7.795050278006043,533.0,10.0,7.795050278006042,2.0,0.0,0.0,2.0,2.0
1533.0,add,7.795050278006043,533.0,10.0,7.795050278006042,2.0,0.0,0.0,3.0,2.0
1534.0,delete,7.871317116233396,533.0,10.0,7.795050278006042,1.0,0.0,0.0,2.0,2.0
1535.0,swap,7.808510874713944,533.0,10.0,7.795050278006042,1.0,0.0,0.0,3.0,2.0
1536.0,swap,6.57678877635272,534.0,2.0,7.58822326483729,8.0,0.0,0.0,0.0,1.0
1537.0,swap,6.987134611614987,535.0,7.0,7.736341659811761,3.0,0.0,0.0,1.0,1.0
1538.0,change,7.697512530646566,536.0,8.0,7.689943371034241,3.0,0.0,0.0,1.0,1.0
1539.0,swap,7.7892542688394455,537.0,8.0,7.800773392679231,2.0,0.0,0.0,2.0,1.0
1540.0,swap,7.789254268839446,538.0,9.0,7.7892542688394455,2.0,0.0,0.0,2.0,1.0
1541.0,add,7.7892542688394455,538.0,9.0,7.7892542688394455,2.0,0.0,0.0,3.0,1.0
1542.0,delete,7.7892542688394455,538.0,9.0,7.7892542688394455,2.0,0.0,0.0,2.0,0.0
1543.0,swap,7.590582467175816,538.0,9.0,7.7892542688394455,1.0,0.0,1.0,2.0,1.0
1544.0,swap,7.697512530646566,539.0,8.0,7.728509218226814,3.0,0.0,0.0,1.0,1.0
1545.0,swap,7.697512530646566,540.0,9.0,7.697512530646566,3.0,0.0,0.0,1.0,1.0
1546.0,add,7.697512530646566,540.0,9.0,7.697512530646566,3.0,0.0,0.0,1.0,2.0
1547.0,delete,7.697512530646566,540.0,9.0,7.697512530646566,3.0,0.0,0.0,1.0,0.0
1548.0,swap,7.788836155745378,540.0,9.0,7.697512530646566,2.0,0.0,1.0,1.0,1.0
1549.0,delete,7.697512530646565,541.0,9.0,7.697512530646565,3.0,0.0,0.0,1.0,0.0
1550.0,add,7.049523302479818,541.0,9.0,7.697512530646565,3.0,0.0,1.0,1.0,0.0
1551.0,delete,7.7117030455360585,541.0,9.0,7.697512530646565,2.0,0.0,0.0,1.0,0.0
1552.0,swap,7.7117030455360585,541.0,9.0,7.697512530646565,2.0,0.0,0.0,1.0,1.0
1553.0,swap,7.589559940114116,542.0,8.0,7.774590262975894,2.0,1.0,0.0,1.0,1.0
1554.0,change,7.697512530646565,543.0,9.0,7.697512530646566,3.0,0.0,0.0,1.0,1.0
1555.0,add,7.697512530646566,543.0,9.0,7.697512530646566,3.0,0.0,0.0,1.0,2.0
1556.0,delete,7.795050278006042,543.0,9.0,7.697512530646566,2.0,0.0,0.0,1.0,1.0
1557.0,swap,7.7892542688394455,543.0,9.0,7.697512530646566,2.0,0.0,0.0,2.0,1.0
1558.0,delete,7.824995034599562,544.0,10.0,7.824995034599562,2.0,0.0,0.0,1.0,1.0
1559.0,add,7.824042946274469,544.0,10.0,7.824995034599562,2.0,0.0,1.0,1.0,1.0
1560.0,delete,7.808510874713942,544.0,10.0,7.824995034599562,1.0,0.0,0.0,1.0,1.0
1561.0,swap,7.705043957781072,544.0,10.0,7.824995034599562,2.0,1.0,0.0,1.0,0.0
1562.0,swap,7.789254268839446,545.0,10.0,7.789254268839446,2.0,0.0,0.0,2.0,1.0
1563.0,add,7.789254268839446,545.0,10.0,7.789254268839446,2.0,0.0,0.0,3.0,1.0
1564.0,delete,7.789254268839446,545.0,10.0,7.789254268839446,2.0,0.0,0.0,1.0,1.0
1565.0,swap,7.789254268839447,545.0,10.0,7.789254268839446,2.0,0.0,0.0,2.0,1.0
1566.0,delete,7.711703045536056,546.0,9.0,7.711703045536057,2.0,0.0,0.0,1.0,1.0
1567.0,add,7.699308585931425,546.0,9.0,7.711703045536057,2.0,1.0,0.0,1.0,1.0
1568.0,delete,7.711703045536057,546.0,9.0,7.711703045536057,2.0,0.0,0.0,0.0,1.0
1569.0,swap,7.561739433155157,546.0,9.0,7.711703045536057,1.0,1.0,0.0,1.0,1.0
1570.0,change,7.735089089637365,547.0,8.0,7.758031265681445,3.0,0.0,0.0,1.0,1.0
1571.0,change,7.751233228221584,548.0,8.0,7.684900444903431,3.0,0.0,0.0,2.0,0.0
1572.0,delete,7.795050278006042,549.0,8.0,7.809623597393771,2.0,0.0,0.0,1.0,0.0
1573.0,delete,7.795050278006044,550.0,9.0,7.795050278006042,2.0,0.0,0.0,1.0,0.0
1574.0,add,7.795050278006042,550.0,9.0,7.795050278006042,2.0,0.0,0.0,1.0,1.0
1575.0,delete,7.871317116233396,550.0,9.0,7.795050278006042,1.0,0.0,0.0,1.0,0.0
1576.0,swap,7.795050278006042,550.0,9.0,7.795050278006042,2.0,0.0,0.0,1.0,0.0
1577.0,delete,7.824995034599564,551.0,10.0,7.824995034599564,2.0,0.0,0.0,1.0,0.0
1578.0,add,7.824995034599564,551.0,10.0,7.824995034599564,2.0,0.0,0.0,1.0,1.0
1579.0,delete,7.824995034599562,551.0,10.0,7.824995034599564,2.0,0.0,0.0,0.0,0.0
1580.0,swap,7.808510874713942,551.0,10.0,7.824995034599564,1.0,1.0,0.0,1.0,0.0
1581.0,delete,7.871317116233395,552.0,10.0,7.871317116233396,1.0,0.0,0.0,1.0,0.0
1582.0,add,7.863834823359934,552.0,10.0,7.871317116233396,1.0,0.0,1.0,1.0,0.0
1583.0,delete,7.952650045445748,552.0,10.0,7.871317116233396,0.0,0.0,0.0,1.0,0.0
1584.0,swap,7.871317116233396,552.0,10.0,7.871317116233396,1.0,0.0,0.0,0.0,1.0
1585.0,swap,7.913237338760615,553.0,10.0,7.913237338760616,1.0,0.0,0.0,1.0,1.0
1586.0,add,7.763333382363559,553.0,10.0,7.913237338760616,1.0,0.0,1.0,1.0,1.0
1587.0,delete,7.913237338760616,553.0,10.0,7.913237338760616,1.0,0.0,0.0,1.0,0.0
1588.0,swap,7.72150952278674,553.0,10.0,7.913237338760616,1.0,1.0,0.0,1.0,0.0
1589.0,delete,7.735089089637366,554.0,7.0,7.733703639022465,3.0,0.0,0.0,1.0,0.0
1590.0,delete,7.7350890896373645,555.0,8.0,7.735089089637366,3.0,0.0,0.0,1.0,0.0
1591.0,add,7.735089089637367,555.0,8.0,7.735089089637366,3.0,0.0,0.0,2.0,0.0
1592.0,delete,7.789254268839446,555.0,8.0,7.735089089637366,2.0,0.0,0.0,1.0,0.0
1593.0,swap,7.55839451838769,555.0,8.0,7.735089089637366,3.0,1.0,0.0,0.0,0.0
1594.0,delete,7.789254268839446,556.0,9.0,7.789254268839446,2.0,0.0,0.0,1.0,0.0
1595.0,add,7.638077731187423,556.0,9.0,7.789254268839446,2.0,0.0,0.0,1.0,1.0
1596.0,delete,7.789254268839446,556.0,9.0,7.789254268839446,2.0,0.0,0.0,0.0,0.0
1597.0,swap,7.419142281979578,556.0,9.0,7.789254268839446,1.0,0.0,0.0,1.0,1.0
1598.0,add,7.7350890896373645,557.0,9.0,7.735089089637367,3.0,0.0,0.0,2.0,0.0
1599.0,add,7.735089089637367,557.0,9.0,7.735089089637367,3.0,0.0,0.0,2.0,1.0
1600.0,delete,7.824995034599561,557.0,9.0,7.735089089637367,2.0,0.0,0.0,2.0,0.0
1601.0,swap,7.678323772341473,557.0,9.0,7.735089089637367,2.0,1.0,0.0,2.0,0.0
1602.0,delete,7.735089089637366,558.0,9.0,7.7350890896373645,3.0,0.0,0.0,1.0,0.0
1603.0,add,7.497021765222266,558.0,9.0,7.7350890896373645,3.0,1.0,0.0,1.0,0.0
1604.0,delete,7.789254268839446,558.0,9.0,7.7350890896373645,2.0,0.0,0.0,1.0,0.0
1605.0,swap,7.735089089637366,558.0,9.0,7.7350890896373645,3.0,0.0,0.0,1.0,0.0
1606.0,add,7.735089089637366,559.0,8.0,7.741717215170627,3.0,0.0,0.0,1.0,1.0
1607.0,add,7.735089089637365,560.0,9.0,7.735089089637366,3.0,0.0,0.0,1.0,1.0
1608.0,add,7.735089089637366,560.0,9.0,7.735089089637366,3.0,1.0,0.0,1.0,1.0
1609.0,delete,7.789254268839446,560.0,9.0,7.735089089637366,2.0,0.0,0.0,1.0,1.0
1610.0,swap,7.678425442234311,560.0,9.0,7.735089089637366,3.0,0.0,1.0,1.0,0.0
1611.0,change,7.735089089637366,561.0,9.0,7.735089089637365,3.0,0.0,0.0,1.0,1.0
1612.0,add,7.735089089637366,561.0,9.0,7.735089089637365,3.0,0.0,0.0,2.0,1.0
1613.0,delete,7.824995034599562,561.0,9.0,7.735089089637365,2.0,0.0,0.0,1.0,1.0
1614.0,swap,7.761145966807239,561.0,9.0,7.735089089637365,2.0,1.0,0.0,1.0,1.0
1615.0,delete,7.824995034599562,562.0,8.0,7.682361006107641,2.0,0.0,0.0,2.0,0.0
1616.0,delete,7.824995034599562,563.0,9.0,7.824995034599562,2.0,0.0,0.0,2.0,0.0
1617.0,add,7.824995034599564,563.0,9.0,7.824995034599562,2.0,0.0,0.0,3.0,0.0
1618.0,delete,7.824995034599563,563.0,9.0,7.824995034599562,2.0,0.0,0.0,1.0,0.0
1619.0,swap,7.342371394379573,563.0,9.0,7.824995034599562,2.0,0.0,1.0,1.0,0.0
1620.0,change,7.751233228221587,564.0,8.0,7.782439075728867,3.0,0.0,0.0,1.0,0.0
1621.0,change,7.751233228221584,565.0,9.0,7.751233228221587,3.0,0.0,0.0,1.0,0.0
1622.0,add,7.447508708479338,565.0,9.0,7.751233228221587,3.0,1.0,0.0,1.0,0.0
1623.0,delete,7.7716031998781805,565.0,9.0,7.751233228221587,2.0,0.0,0.0,1.0,0.0
1624.0,swap,7.7716031998781805,565.0,9.0,7.751233228221587,2.0,0.0,0.0,1.0,1.0
1625.0,delete,7.735089089637365,566.0,8.0,7.653694130096883,3.0,0.0,0.0,0.0,1.0
1626.0,swap,7.824995034599561,567.0,10.0,7.824995034599562,2.0,0.0,0.0,1.0,2.0
1627.0,add,7.824995034599562,567.0,10.0,7.824995034599562,2.0,0.0,0.0,1.0,3.0
1628.0,delete,7.824995034599562,567.0,10.0,7.824995034599562,2.0,0.0,0.0,0.0,2.0
1629.0,swap,7.680439163990214,567.0,10.0,7.824995034599562,2.0,0.0,1.0,0.0,2.0
1630.0,add,7.735089089637366,568.0,9.0,7.735089089637365,3.0,0.0,0.0,1.0,1.0
1631.0,delete,7.761255070460557,568.0,9.0,7.735089089637365,2.0,0.0,0.0,0.0,1.0
1632.0,swap,7.789254268839446,568.0,9.0,7.735089089637365,2.0,0.0,0.0,0.0,2.0
1633.0,add,7.684988232233206,569.0,10.0,7.795050278006042,2.0,0.0,0.0,0.0,3.0
1634.0,delete,7.795050278006042,569.0,10.0,7.795050278006042,2.0,0.0,0.0,0.0,1.0
1635.0,swap,7.735765446725084,569.0,10.0,7.795050278006042,2.0,0.0,1.0,0.0,1.0
1636.0,add,7.789254268839446,570.0,10.0,7.789254268839446,2.0,0.0,0.0,0.0,3.0
1637.0,delete,7.789254268839446,570.0,10.0,7.789254268839446,2.0,0.0,0.0,0.0,1.0
1638.0,swap,7.871317116233394,570.0,10.0,7.789254268839446,1.0,0.0,0.0,1.0,2.0
1639.0,delete,7.789254268839446,571.0,8.0,7.728248651914286,2.0,0.0,0.0,1.0,1.0
1640.0,delete,7.789254268839446,572.0,9.0,7.789254268839446,2.0,0.0,0.0,1.0,1.0
1641.0,add,7.789254268839446,572.0,9.0,7.789254268839446,2.0,0.0,0.0,1.0,2.0
1642.0,delete,7.789254268839446,572.0,9.0,7.789254268839446,2.0,0.0,0.0,0.0,1.0
1643.0,swap,7.871317116233396,572.0,9.0,7.789254268839446,1.0,0.0,0.0,2.0,1.0
1644.0,change,7.751233228221584,573.0,9.0,7.751233228221584,3.0,0.0,0.0,2.0,0.0
1645.0,add,7.751233228221584,573.0,9.0,7.751233228221584,3.0,0.0,0.0,2.0,1.0
1646.0,delete,7.751233228221583,573.0,9.0,7.751233228221584,3.0,0.0,0.0,1.0,0.0
1647.0,swap,7.67872918729772,573.0,9.0,7.751233228221584,3.0,0.0,1.0,1.0,0.0
1648.0,add,7.7892542688394455,574.0,10.0,7.7892542688394455,2.0,0.0,0.0,3.0,1.0
1649.0,add,7.689540352484233,574.0,10.0,7.7892542688394455,2.0,0.0,0.0,3.0,2.0
1650.0,delete,7.7892542688394455,574.0,10.0,7.7892542688394455,2.0,0.0,0.0,2.0,1.0
1651.0,swap,7.871317116233395,574.0,10.0,7.7892542688394455,1.0,0.0,0.0,3.0,2.0
1652.0,swap,7.871317116233394,575.0,10.0,7.871317116233396,1.0,0.0,0.0,2.0,1.0
1653.0,add,7.804729291032913,575.0,10.0,7.871317116233396,1.0,1.0,0.0,2.0,1.0
1654.0,delete,7.871317116233396,575.0,10.0,7.871317116233396,1.0,0.0,0.0,1.0,1.0
1655.0,swap,7.943634751542659,575.0,10.0,7.871317116233396,1.0,0.0,1.0,1.0,1.0
1656.0,swap,7.789254268839446,576.0,9.0,7.8724630782551515,2.0,0.0,0.0,2.0,0.0
1657.0,add,7.7892542688394455,577.0,10.0,7.789254268839446,2.0,0.0,0.0,1.0,2.0
1658.0,add,7.6769369298975265,577.0,10.0,7.789254268839446,2.0,1.0,0.0,1.0,2.0
1659.0,delete,7.789254268839446,577.0,10.0,7.789254268839446,2.0,0.0,0.0,1.0,1.0
1660.0,swap,7.707191421445503,577.0,10.0,7.789254268839446,1.0,0.0,0.0,1.0,3.0
1661.0,delete,7.795050278006042,578.0,10.0,7.795050278006042,2.0,0.0,0.0,1.0,1.0
1662.0,add,7.465749572858954,578.0,10.0,7.795050278006042,2.0,0.0,0.0,1.0,2.0
1663.0,delete,7.871317116233393,578.0,10.0,7.795050278006042,1.0,0.0,0.0,1.0,1.0
1664.0,swap,7.7005348148198145,578.0,10.0,7.795050278006042,2.0,0.0,1.0,0.0,1.0
1665.0,delete,7.824995034599562,579.0,10.0,7.824995034599562,2.0,0.0,0.0,1.0,1.0
1666.0,add,7.824995034599562,579.0,10.0,7.824995034599562,2.0,0.0,0.0,2.0,1.0
1667.0,delete,7.824995034599562,579.0,10.0,7.824995034599562,2.0,0.0,0.0,1.0,0.0
1668.0,swap,7.824995034599564,579.0,10.0,7.824995034599562,2.0,1.0,0.0,1.0,0.0
1669.0,delete,7.761255070460558,580.0,10.0,7.761255070460557,2.0,0.0,0.0,1.0,1.0
1670.0,add,7.761255070460557,580.0,10.0,7.761255070460557,2.0,0.0,0.0,1.0,2.0
1671.0,delete,7.761255070460557,580.0,10.0,7.761255070460557,2.0,0.0,0.0,1.0,0.0
1672.0,swap,7.871317116233395,580.0,10.0,7.761255070460557,1.0,0.0,0.0,1.0,2.0
1673.0,delete,7.8085108747139405,581.0,9.0,7.824995034599563,1.0,0.0,0.0,1.0,2.0
1674.0,swap,7.603995599409967,582.0,9.0,7.603995599409968,3.0,0.0,1.0,1.0,0.0
1675.0,add,7.557244364634694,582.0,9.0,7.603995599409968,3.0,0.0,2.0,1.0,0.0
1676.0,delete,7.713208118231009,582.0,9.0,7.603995599409968,2.0,0.0,1.0,1.0,0.0
1677.0,swap,7.209967859500158,582.0,9.0,7.603995599409968,2.0,0.0,2.0,1.0,0.0
1678.0,change,7.735089089637366,583.0,8.0,7.698308660594762,3.0,0.0,0.0,1.0,0.0
1679.0,delete,7.795050278006042,584.0,9.0,7.886087243501175,2.0,0.0,0.0,0.0,0.0
1680.0,delete,7.795050278006042,585.0,10.0,7.795050278006044,2.0,0.0,0.0,1.0,0.0
1681.0,add,7.454938378352674,585.0,10.0,7.795050278006044,2.0,0.0,0.0,1.0,1.0
1682.0,delete,7.795050278006042,585.0,10.0,7.795050278006044,2.0,0.0,0.0,0.0,0.0
1683.0,swap,7.843903042169649,585.0,10.0,7.795050278006044,1.0,0.0,1.0,1.0,0.0
1684.0,change,7.735089089637366,586.0,9.0,7.735089089637366,3.0,0.0,0.0,1.0,0.0
1685.0,add,7.735089089637366,586.0,9.0,7.735089089637366,3.0,0.0,0.0,1.0,1.0
1686.0,delete,7.824995034599561,586.0,9.0,7.735089089637366,2.0,0.0,0.0,1.0,0.0
1687.0,swap,7.824995034599561,586.0,9.0,7.735089089637366,2.0,0.0,0.0,1.0,1.0
1688.0,delete,7.735089089637365,587.0,8.0,7.684996563937068,3.0,0.0,0.0,0.0,0.0
1689.0,add,7.735089089637365,588.0,9.0,7.735089089637365,3.0,0.0,0.0,0.0,1.0
1690.0,delete,7.761255070460557,588.0,9.0,7.735089089637365,2.0,0.0,0.0,0.0,0.0
1691.0,swap,7.331839427558265,588.0,9.0,7.735089089637365,2.0,0.0,1.0,0.0,0.0
1692.0,add,7.751233228221585,589.0,10.0,7.751233228221584,3.0,0.0,0.0,2.0,1.0
1693.0,add,7.751233228221584,589.0,10.0,7.751233228221584,3.0,0.0,0.0,2.0,2.0
1694.0,delete,7.751233228221587,589.0,10.0,7.751233228221584,3.0,0.0,0.0,1.0,1.0
1695.0,swap,7.139787981690385,589.0,10.0,7.751233228221584,2.0,1.0,0.0,2.0,1.0
1696.0,swap,7.913237338760614,590.0,10.0,7.913237338760616,1.0,0.0,0.0,1.0,1.0
1697.0,add,7.913237338760616,590.0,10.0,7.913237338760616,1.0,0.0,0.0,1.0,2.0
1698.0,delete,7.952650045445748,590.0,10.0,7.913237338760616,0.0,0.0,0.0,1.0,1.0
1699.0,swap,7.8212835022376535,590.0,10.0,7.913237338760616,1.0,1.0,0.0,1.0,0.0
1700.0,delete,7.771603199878182,591.0,10.0,7.771603199878182,2.0,0.0,0.0,1.0,0.0
1701.0,add,7.771603199878182,591.0,10.0,7.771603199878182,2.0,0.0,0.0,2.0,0.0
1702.0,delete,7.913237338760616,591.0,10.0,7.771603199878182,1.0,0.0,0.0,1.0,0.0
1703.0,swap,7.871317116233396,591.0,10.0,7.771603199878182,1.0,0.0,0.0,1.0,1.0
1704.0,delete,7.751233228221587,592.0,8.0,7.821721165255245,3.0,0.0,0.0,0.0,0.0
1705.0,add,7.357112495469713,593.0,9.0,7.751233228221587,3.0,0.0,0.0,0.0,1.0
1706.0,delete,7.771603199878181,593.0,9.0,7.751233228221587,2.0,0.0,0.0,0.0,0.0
1707.0,swap,7.717639719943854,593.0,9.0,7.751233228221587,2.0,0.0,1.0,0.0,0.0
1708.0,delete,7.6975125306465655,594.0,8.0,7.708954240284779,3.0,0.0,0.0,0.0,0.0
1709.0,add,7.697512530646566,595.0,9.0,7.6975125306465655,3.0,1.0,0.0,0.0,0.0
1710.0,delete,7.795050278006042,595.0,9.0,7.6975125306465655,2.0,0.0,0.0,0.0,0.0
1711.0,swap,7.795050278006042,595.0,9.0,7.6975125306465655,2.0,0.0,0.0,1.0,0.0
1712.0,add,7.430004188024286,596.0,10.0,7.795050278006042,2.0,1.0,0.0,0.0,0.0
1713.0,delete,7.8085108747139405,596.0,10.0,7.795050278006042,1.0,0.0,0.0,0.0,0.0
1714.0,swap,7.8085108747139405,596.0,10.0,7.795050278006042,1.0,0.0,0.0,0.0,1.0
1715.0,delete,7.795050278006043,597.0,10.0,7.795050278006042,2.0,0.0,0.0,1.0,0.0
1716.0,add,7.6361064552522695,597.0,10.0,7.795050278006042,2.0,0.0,0.0,1.0,1.0
1717.0,delete,7.80851087471394,597.0,10.0,7.795050278006042,1.0,0.0,0.0,1.0,0.0
1718.0,swap,7.716907147942174,597.0,10.0,7.795050278006042,2.0,1.0,0.0,0.0,0.0
1719.0,delete,7.6975125306465655,598.0,8.0,7.795545122540482,3.0,0.0,0.0,0.0,0.0
1720.0,swap,7.795050278006043,599.0,10.0,7.7950502780060456,2.0,0.0,0.0,2.0,1.0
1721.0,add,7.7950502780060456,599.0,10.0,7.7950502780060456,2.0,0.0,0.0,2.0,2.0
1722.0,delete,7.871317116233396,599.0,10.0,7.7950502780060456,1.0,0.0,0.0,2.0,1.0
1723.0,swap,7.871317116233396,599.0,10.0,7.7950502780060456,1.0,0.0,0.0,2.0,2.0
1724.0,delete,7.789254268839446,600.0,10.0,7.789254268839446,2.0,0.0,0.0,1.0,1.0
1725.0,add,7.789254268839446,600.0,10.0,7.789254268839446,2.0,0.0,0.0,1.0,2.0
1726.0,delete,7.8085108747139405,600.0,10.0,7.789254268839446,1.0,0.0,0.0,1.0,1.0
1727.0,swap,7.789254268839446,600.0,10.0,7.789254268839446,2.0,0.0,0.0,1.0,1.0
1728.0,add,7.789254268839446,601.0,10.0,7.789254268839446,2.0,0.0,0.0,1.0,2.0
1729.0,add,7.636106455252272,601.0,10.0,7.789254268839446,2.0,0.0,0.0,1.0,3.0
1730.0,delete,7.871317116233396,601.0,10.0,7.789254268839446,1.0,0.0,0.0,1.0,2.0
1731.0,swap,7.871317116233394,601.0,10.0,7.789254268839446,1.0,0.0,0.0,2.0,2.0
1732.0,swap,7.795050278006043,602.0,10.0,7.795050278006042,2.0,0.0,0.0,1.0,2.0
1733.0,add,7.795050278006042,602.0,10.0,7.795050278006042,2.0,0.0,0.0,1.0,3.0
1734.0,delete,7.795050278006042,602.0,10.0,7.795050278006042,2.0,0.0,0.0,1.0,1.0
1735.0,swap,7.844530972592264,602.0,10.0,7.795050278006042,1.0,0.0,1.0,1.0,2.0
1736.0,swap,7.711703045536057,603.0,9.0,7.825557013296985,2.0,0.0,0.0,1.0,2.0
1737.0,add,7.795050278006043,604.0,10.0,7.795050278006042,2.0,0.0,0.0,1.0,2.0
1738.0,add,7.795050278006042,604.0,10.0,7.795050278006042,2.0,0.0,0.0,1.0,3.0
1739.0,delete,7.871317116233396,604.0,10.0,7.795050278006042,1.0,0.0,0.0,1.0,2.0
1740.0,swap,7.823157163828513,604.0,10.0,7.795050278006042,1.0,0.0,1.0,1.0,2.0
1741.0,swap,7.735089089637366,605.0,7.0,7.743959425783436,3.0,0.0,0.0,2.0,0.0
1742.0,swap,7.735089089637366,606.0,8.0,7.735089089637366,3.0,0.0,0.0,2.0,0.0
1743.0,add,7.735089089637365,606.0,8.0,7.735089089637366,3.0,0.0,0.0,3.0,0.0
1744.0,delete,7.824995034599562,606.0,8.0,7.735089089637366,2.0,0.0,0.0,2.0,0.0
1745.0,swap,7.73988171540428,606.0,8.0,7.735089089637366,2.0,0.0,1.0,2.0,0.0
1746.0,delete,7.824995034599563,607.0,9.0,7.824995034599562,2.0,0.0,0.0,2.0,0.0
1747.0,add,7.824995034599562,607.0,9.0,7.824995034599562,2.0,0.0,0.0,2.0,1.0
1748.0,delete,7.8085108747139405,607.0,9.0,7.824995034599562,1.0,0.0,0.0,2.0,0.0
1749.0,swap,7.824995034599563,607.0,9.0,7.824995034599562,2.0,0.0,0.0,2.0,0.0
1750.0,delete,7.735089089637366,608.0,8.0,7.8216982026224375,3.0,0.0,0.0,1.0,0.0
1751.0,swap,7.7398817154042785,609.0,9.0,7.73988171540428,2.0,0.0,1.0,2.0,0.0
1752.0,add,7.739881715404278,609.0,9.0,7.73988171540428,2.0,0.0,1.0,3.0,0.0
1753.0,delete,7.7892542688394455,609.0,9.0,7.73988171540428,2.0,0.0,0.0,2.0,0.0
1754.0,swap,7.789254268839448,609.0,9.0,7.73988171540428,2.0,0.0,0.0,3.0,0.0
1755.0,swap,7.7350890896373645,610.0,9.0,7.735089089637366,3.0,0.0,0.0,2.0,0.0
1756.0,add,7.167060981320718,610.0,9.0,7.735089089637366,3.0,1.0,0.0,2.0,0.0
1757.0,delete,7.735089089637365,610.0,9.0,7.735089089637366,3.0,0.0,0.0,1.0,0.0
1758.0,swap,7.809164148061736,610.0,9.0,7.735089089637366,2.0,0.0,1.0,2.0,0.0
1759.0,add,7.735089089637368,611.0,9.0,7.735089089637365,3.0,0.0,0.0,3.0,0.0
1760.0,add,7.735089089637365,611.0,9.0,7.735089089637365,3.0,0.0,0.0,3.0,1.0
1761.0,delete,7.761255070460556,611.0,9.0,7.735089089637365,2.0,0.0,0.0,3.0,0.0
1762.0,swap,7.596158946910325,611.0,9.0,7.735089089637365,3.0,0.0,1.0,2.0,0.0
1763.0,swap,7.795050278006043,612.0,8.0,7.733570803295087,2.0,0.0,0.0,2.0,0.0
1764.0,swap,7.795050278006044,613.0,9.0,7.795050278006043,2.0,0.0,0.0,2.0,0.0
1765.0,add,7.643873740354017,613.0,9.0,7.795050278006043,2.0,0.0,0.0,2.0,1.0
1766.0,delete,7.795050278006042,613.0,9.0,7.795050278006043,2.0,0.0,0.0,1.0,0.0
1767.0,swap,7.622759614212936,613.0,9.0,7.795050278006043,2.0,0.0,1.0,1.0,0.0
1768.0,add,7.824995034599563,614.0,10.0,7.824995034599562,2.0,0.0,0.0,2.0,1.0
1769.0,add,7.824995034599564,614.0,10.0,7.824995034599562,2.0,0.0,0.0,3.0,1.0
1770.0,delete,7.8085108747139405,614.0,10.0,7.824995034599562,1.0,0.0,0.0,2.0,1.0
1771.0,swap,7.8121310703821,614.0,10.0,7.824995034599562,1.0,1.0,0.0,2.0,1.0
1772.0,swap,7.735089089637365,615.0,8.0,7.759630736778346,3.0,0.0,0.0,1.0,1.0
1773.0,delete,7.735089089637366,616.0,9.0,7.735089089637366,3.0,0.0,0.0,1.0,0.0
1774.0,add,7.591941503360383,616.0,9.0,7.735089089637366,3.0,1.0,0.0,1.0,0.0
1775.0,delete,7.824995034599563,616.0,9.0,7.735089089637366,2.0,0.0,0.0,1.0,0.0
1776.0,swap,7.477558377221315,616.0,9.0,7.735089089637366,3.0,1.0,0.0,0.0,0.0
1777.0,swap,7.711703045536056,617.0,9.0,7.711703045536057,2.0,0.0,0.0,1.0,1.0
1778.0,add,7.7117030455360585,617.0,9.0,7.711703045536057,2.0,0.0,0.0,2.0,1.0
1779.0,delete,7.871317116233396,617.0,9.0,7.711703045536057,1.0,0.0,0.0,1.0,1.0
1780.0,swap,7.838927097304986,617.0,9.0,7.711703045536057,1.0,1.0,0.0,1.0,1.0
1781.0,add,7.583046141774403,618.0,9.0,7.583046141774403,4.0,0.0,0.0,1.0,0.0
1782.0,add,7.583046141774403,618.0,9.0,7.583046141774403,4.0,0.0,0.0,1.0,1.0
1783.0,delete,7.583046141774403,618.0,9.0,7.583046141774403,4.0,0.0,0.0,0.0,0.0
1784.0,swap,7.697512530646565,618.0,9.0,7.583046141774403,3.0,1.0,0.0,1.0,0.0
1785.0,swap,7.735089089637366,619.0,9.0,7.735089089637365,3.0,0.0,0.0,1.0,1.0
1786.0,add,7.758578851290161,619.0,9.0,7.735089089637365,3.0,0.0,1.0,1.0,1.0
1787.0,delete,7.735089089637365,619.0,9.0,7.735089089637365,3.0,0.0,0.0,1.0,0.0
1788.0,swap,7.6883851923398625,619.0,9.0,7.735089089637365,3.0,0.0,1.0,1.0,0.0
1789.0,add,7.735089089637366,620.0,8.0,7.7125362572565965,3.0,0.0,0.0,2.0,1.0
1790.0,add,7.7350890896373645,621.0,9.0,7.735089089637366,3.0,0.0,0.0,2.0,1.0
1791.0,add,7.357471957849647,621.0,9.0,7.735089089637366,3.0,0.0,0.0,2.0,2.0
1792.0,delete,7.664439750549661,621.0,9.0,7.735089089637366,2.0,0.0,0.0,2.0,1.0
1793.0,swap,7.501340183080186,621.0,9.0,7.735089089637366,3.0,1.0,0.0,1.0,1.0
1794.0,delete,7.735089089637366,622.0,10.0,7.735089089637366,3.0,0.0,0.0,1.0,0.0
1795.0,add,7.511468385337056,622.0,10.0,7.735089089637366,3.0,1.0,0.0,1.0,0.0
1796.0,delete,7.735089089637365,622.0,10.0,7.735089089637366,3.0,0.0,0.0,0.0,0.0
1797.0,swap,7.530537756204426,622.0,10.0,7.735089089637366,3.0,0.0,1.0,0.0,0.0
1798.0,delete,7.80851087471394,623.0,10.0,7.8085108747139405,1.0,0.0,0.0,1.0,0.0
1799.0,add,7.836517101840366,623.0,10.0,7.8085108747139405,1.0,1.0,0.0,1.0,0.0
1800.0,delete,7.8085108747139405,623.0,10.0,7.8085108747139405,1.0,0.0,0.0,0.0,0.0
1801.0,swap,7.952650045445749,623.0,10.0,7.8085108747139405,0.0,0.0,0.0,2.0,0.0
1802.0,add,7.676610414192529,624.0,9.0,7.6975125306465655,3.0,1.0,0.0,0.0,0.0
1803.0,delete,7.789254268839446,624.0,9.0,7.6975125306465655,2.0,0.0,0.0,0.0,0.0
1804.0,swap,7.789254268839446,624.0,9.0,7.6975125306465655,2.0,0.0,0.0,1.0,0.0
1805.0,delete,7.871317116233396,625.0,10.0,7.871317116233396,1.0,0.0,0.0,1.0,1.0
1806.0,add,7.871317116233396,625.0,10.0,7.871317116233396,1.0,0.0,0.0,1.0,2.0
1807.0,delete,7.871317116233396,625.0,10.0,7.871317116233396,1.0,0.0,0.0,1.0,0.0
1808.0,swap,7.860173256462652,625.0,10.0,7.871317116233396,1.0,1.0,0.0,1.0,0.0
1809.0,swap,7.564843124276351,626.0,8.0,7.778435864744645,2.0,0.0,1.0,1.0,0.0
1810.0,swap,7.796212634984119,627.0,10.0,7.796212634984118,1.0,0.0,1.0,1.0,0.0
1811.0,add,7.796212634984118,627.0,10.0,7.796212634984118,1.0,0.0,1.0,1.0,1.0
1812.0,delete,7.878340422842206,627.0,10.0,7.796212634984118,0.0,0.0,1.0,1.0,0.0
1813.0,swap,7.785897390122478,627.0,10.0,7.796212634984118,1.0,1.0,0.0,1.0,0.0
1814.0,swap,7.838927097304985,628.0,10.0,7.838927097304986,1.0,1.0,0.0,1.0,1.0
1815.0,add,7.838927097304986,628.0,10.0,7.838927097304986,1.0,1.0,0.0,1.0,2.0
1816.0,delete,7.838927097304987,628.0,10.0,7.838927097304986,1.0,1.0,0.0,0.0,1.0
1817.0,swap,7.585077056005588,628.0,10.0,7.838927097304986,1.0,0.0,1.0,1.0,1.0
1818.0,add,7.739176473581457,629.0,10.0,7.789254268839446,2.0,0.0,1.0,0.0,0.0
1819.0,delete,7.8085108747139405,629.0,10.0,7.789254268839446,1.0,0.0,0.0,0.0,0.0
1820.0,swap,7.8085108747139405,629.0,10.0,7.789254268839446,1.0,0.0,0.0,0.0,1.0
1821.0,delete,7.711703045536057,630.0,9.0,7.8690883442792465,2.0,0.0,0.0,1.0,0.0
1822.0,delete,7.824995034599561,631.0,10.0,7.824995034599561,2.0,0.0,0.0,2.0,0.0
1823.0,add,7.6730127662994345,631.0,10.0,7.824995034599561,2.0,0.0,0.0,2.0,1.0
1824.0,delete,7.913237338760616,631.0,10.0,7.824995034599561,1.0,0.0,0.0,2.0,0.0
1825.0,swap,7.8037218683148195,631.0,10.0,7.824995034599561,1.0,1.0,0.0,2.0,0.0
1826.0,delete,7.824995034599562,632.0,10.0,7.824995034599561,2.0,0.0,0.0,1.0,0.0
1827.0,add,7.690932018551443,632.0,10.0,7.824995034599561,2.0,0.0,0.0,1.0,1.0
1828.0,delete,7.913237338760615,632.0,10.0,7.824995034599561,1.0,0.0,0.0,1.0,0.0
1829.0,swap,7.796752534926111,632.0,10.0,7.824995034599561,1.0,0.0,1.0,1.0,0.0
1830.0,add,7.627246024954497,633.0,8.0,7.756892861700959,3.0,0.0,1.0,1.0,0.0
1831.0,swap,7.80851087471394,634.0,10.0,7.80851087471394,1.0,0.0,0.0,2.0,0.0
1832.0,add,7.80851087471394,634.0,10.0,7.80851087471394,1.0,0.0,0.0,2.0,1.0
1833.0,delete,7.952650045445748,634.0,10.0,7.80851087471394,0.0,0.0,0.0,2.0,0.0
1834.0,swap,7.791891311639063,634.0,10.0,7.80851087471394,1.0,0.0,1.0,1.0,0.0
1835.0,add,7.795050278006043,635.0,10.0,7.795050278006042,2.0,0.0,0.0,1.0,1.0
1836.0,add,7.6952746630595525,635.0,10.0,7.795050278006042,2.0,1.0,0.0,1.0,1.0
1837.0,delete,7.795050278006042,635.0,10.0,7.795050278006042,2.0,0.0,0.0,1.0,0.0
1838.0,swap,7.727177945501589,635.0,10.0,7.795050278006042,1.0,0.0,0.0,1.0,2.0
1839.0,delete,7.824995034599562,636.0,10.0,7.824995034599564,2.0,0.0,0.0,1.0,0.0
1840.0,add,7.690932018551444,636.0,10.0,7.824995034599564,2.0,0.0,0.0,1.0,1.0
1841.0,delete,7.913237338760615,636.0,10.0,7.824995034599564,1.0,0.0,0.0,1.0,0.0
1842.0,swap,7.68921763479751,636.0,10.0,7.824995034599564,1.0,0.0,1.0,1.0,0.0
1843.0,change,7.735089089637365,637.0,8.0,7.755194111994485,3.0,0.0,0.0,1.0,0.0
1844.0,swap,7.795050278006041,638.0,10.0,7.795050278006043,2.0,0.0,0.0,2.0,0.0
1845.0,add,7.271065276491773,638.0,10.0,7.795050278006043,2.0,0.0,0.0,2.0,1.0
1846.0,delete,7.8713171162333975,638.0,10.0,7.795050278006043,1.0,0.0,0.0,2.0,0.0
1847.0,swap,7.660434001241436,638.0,10.0,7.795050278006043,2.0,1.0,0.0,1.0,0.0
1848.0,swap,7.543728556298068,639.0,9.0,7.55839451838769,3.0,1.0,0.0,0.0,0.0
1849.0,add,7.220067487346269,639.0,9.0,7.55839451838769,3.0,1.0,0.0,0.0,1.0
1850.0,delete,7.735089089637365,639.0,9.0,7.55839451838769,3.0,0.0,0.0,0.0,0.0
1851.0,swap,7.690063962886849,639.0,9.0,7.55839451838769,2.0,1.0,0.0,1.0,0.0
1852.0,swap,7.771603199878181,640.0,10.0,7.771603199878182,2.0,0.0,0.0,1.0,1.0
1853.0,add,7.3110763803081005,640.0,10.0,7.771603199878182,2.0,0.0,0.0,1.0,2.0
1854.0,delete,7.9132373387606165,640.0,10.0,7.771603199878182,1.0,0.0,0.0,1.0,1.0
1855.0,swap,7.730865456846635,640.0,10.0,7.771603199878182,2.0,0.0,1.0,0.0,1.0
1856.0,add,7.788680219850493,641.0,10.0,7.789254268839446,2.0,1.0,0.0,0.0,1.0
1857.0,delete,7.789254268839446,641.0,10.0,7.789254268839446,2.0,0.0,0.0,0.0,0.0
1858.0,swap,7.589442796908009,641.0,10.0,7.789254268839446,1.0,0.0,1.0,0.0,1.0
1859.0,delete,7.697512530646566,642.0,9.0,7.793105590014346,3.0,0.0,0.0,1.0,0.0
1860.0,add,7.771603199878181,643.0,10.0,7.771603199878181,2.0,0.0,0.0,2.0,0.0
1861.0,add,7.771603199878181,643.0,10.0,7.771603199878181,2.0,0.0,0.0,2.0,1.0
1862.0,delete,7.8713171162333975,643.0,10.0,7.771603199878181,1.0,0.0,0.0,2.0,0.0
1863.0,swap,7.728321785682104,643.0,10.0,7.771603199878181,1.0,1.0,0.0,2.0,0.0
1864.0,add,7.824995034599562,644.0,10.0,7.824995034599562,2.0,0.0,0.0,2.0,1.0
1865.0,add,7.824995034599562,644.0,10.0,7.824995034599562,2.0,0.0,0.0,3.0,1.0
1866.0,delete,7.824995034599562,644.0,10.0,7.824995034599562,2.0,0.0,0.0,2.0,0.0
1867.0,swap,7.8085108747139405,644.0,10.0,7.824995034599562,1.0,0.0,0.0,3.0,1.0
1868.0,swap,7.795050278006042,645.0,10.0,7.795050278006044,2.0,0.0,0.0,2.0,0.0
1869.0,add,7.795050278006044,645.0,10.0,7.795050278006044,2.0,0.0,0.0,2.0,1.0
1870.0,delete,7.795050278006041,645.0,10.0,7.795050278006044,2.0,0.0,0.0,1.0,0.0
1871.0,swap,7.871317116233394,645.0,10.0,7.795050278006044,1.0,0.0,0.0,3.0,0.0
1872.0,swap,7.834303795743678,646.0,9.0,7.9027291127930495,1.0,1.0,0.0,1.0,0.0
1873.0,add,7.795050278006042,647.0,10.0,7.795050278006042,2.0,0.0,0.0,1.0,1.0
1874.0,add,7.795050278006042,647.0,10.0,7.795050278006042,2.0,0.0,0.0,1.0,2.0
1875.0,delete,7.871317116233396,647.0,10.0,7.795050278006042,1.0,0.0,0.0,1.0,1.0
1876.0,swap,7.795050278006043,647.0,10.0,7.795050278006042,2.0,0.0,0.0,2.0,0.0
1877.0,delete,7.824995034599562,648.0,10.0,7.824995034599563,2.0,0.0,0.0,1.0,0.0
1878.0,add,7.824995034599563,648.0,10.0,7.824995034599563,2.0,0.0,0.0,1.0,1.0
1879.0,delete,7.824995034599562,648.0,10.0,7.824995034599563,2.0,0.0,0.0,0.0,0.0
1880.0,swap,7.513196779611972,648.0,10.0,7.824995034599563,1.0,1.0,0.0,1.0,0.0
1881.0,add,7.527149275203649,649.0,9.0,7.52714927520365,3.0,0.0,0.0,1.0,1.0
1882.0,add,7.258128273900292,649.0,9.0,7.52714927520365,3.0,1.0,0.0,1.0,1.0
1883.0,delete,7.527149275203649,649.0,9.0,7.52714927520365,3.0,0.0,0.0,0.0,1.0
1884.0,swap,7.566035668603292,649.0,9.0,7.52714927520365,2.0,1.0,0.0,1.0,1.0
1885.0,delete,7.7654052884831986,650.0,9.0,7.765059409164531,3.0,0.0,1.0,1.0,0.0
1886.0,add,7.123211887699746,650.0,9.0,7.765059409164531,3.0,1.0,1.0,1.0,0.0
1887.0,delete,7.766192254454049,650.0,9.0,7.765059409164531,2.0,0.0,1.0,1.0,0.0
1888.0,swap,7.370432947630207,650.0,9.0,7.765059409164531,2.0,1.0,1.0,1.0,0.0
1889.0,swap,7.789254268839446,651.0,10.0,7.789254268839448,2.0,0.0,0.0,3.0,0.0
1890.0,add,7.789254268839446,651.0,10.0,7.789254268839448,2.0,0.0,0.0,4.0,0.0
1891.0,delete,7.808510874713938,651.0,10.0,7.789254268839448,1.0,0.0,0.0,3.0,0.0
1892.0,swap,7.7844426835221165,651.0,10.0,7.789254268839448,2.0,0.0,1.0,2.0,0.0
1893.0,delete,7.7892542688394455,652.0,8.0,7.767414008704526,2.0,0.0,0.0,2.0,0.0
1894.0,delete,7.789254268839446,653.0,9.0,7.7892542688394455,2.0,0.0,0.0,2.0,0.0
1895.0,add,7.7892542688394455,653.0,9.0,7.7892542688394455,2.0,0.0,0.0,2.0,1.0
1896.0,delete,7.871317116233396,653.0,9.0,7.7892542688394455,1.0,0.0,0.0,2.0,0.0
1897.0,swap,7.806728180336661,653.0,9.0,7.7892542688394455,2.0,0.0,1.0,1.0,0.0
1898.0,swap,7.45230973473323,654.0,8.0,7.758703363739199,3.0,1.0,0.0,1.0,0.0
1899.0,change,7.697512530646566,655.0,8.0,7.711372198276757,3.0,0.0,0.0,1.0,1.0
1900.0,add,7.795050278006042,656.0,9.0,7.812995764993093,2.0,0.0,0.0,1.0,3.0
1901.0,swap,7.644345914171573,657.0,9.0,7.589559940114116,2.0,1.0,0.0,1.0,1.0
1902.0,add,7.5167977019831875,657.0,9.0,7.589559940114116,2.0,2.0,0.0,1.0,1.0
1903.0,delete,7.589559940114116,657.0,9.0,7.589559940114116,2.0,1.0,0.0,1.0,0.0
1904.0,swap,7.799826539431812,657.0,9.0,7.589559940114116,1.0,1.0,0.0,1.0,2.0
1905.0,delete,7.952650045445747,658.0,11.0,7.952650045445748,0.0,0.0,0.0,1.0,1.0
1906.0,add,7.7899841870210444,658.0,11.0,7.952650045445748,0.0,0.0,0.0,1.0,2.0
1907.0,delete,7.952650045445748,658.0,11.0,7.952650045445748,0.0,0.0,0.0,1.0,0.0
1908.0,swap,7.952650045445748,658.0,11.0,7.952650045445748,0.0,0.0,0.0,1.0,1.0
1909.0,swap,7.834303795743679,659.0,10.0,7.834303795743678,1.0,1.0,0.0,1.0,0.0
1910.0,add,7.632541187620599,659.0,10.0,7.834303795743678,1.0,1.0,0.0,1.0,1.0
1911.0,delete,7.8085108747139405,659.0,10.0,7.834303795743678,1.0,0.0,0.0,1.0,0.0
1912.0,swap,7.834303795743679,659.0,10.0,7.834303795743678,1.0,1.0,0.0,0.0,1.0
1913.0,add,7.771603199878181,660.0,10.0,7.771603199878181,2.0,0.0,0.0,0.0,1.0
1914.0,delete,7.871317116233396,660.0,10.0,7.771603199878181,1.0,0.0,0.0,0.0,0.0
1915.0,swap,7.904213698893251,660.0,10.0,7.771603199878181,1.0,0.0,1.0,0.0,0.0
1916.0,swap,7.795050278006043,661.0,10.0,7.795050278006042,2.0,0.0,0.0,1.0,0.0
1917.0,add,7.69533636165083,661.0,10.0,7.795050278006042,2.0,0.0,0.0,1.0,1.0
1918.0,delete,7.808510874713939,661.0,10.0,7.795050278006042,1.0,0.0,0.0,1.0,0.0
1919.0,swap,7.725306649400873,661.0,10.0,7.795050278006042,2.0,0.0,1.0,0.0,0.0
1920.0,delete,7.871317116233396,662.0,9.0,7.829684303720752,1.0,0.0,0.0,1.0,0.0
1921.0,swap,7.584451851671796,663.0,9.0,7.844910984286429,2.0,0.0,1.0,0.0,0.0
1922.0,delete,7.795050278006042,664.0,10.0,7.795050278006042,2.0,0.0,0.0,1.0,0.0
1923.0,add,7.795050278006042,664.0,10.0,7.795050278006042,2.0,0.0,0.0,1.0,1.0
1924.0,delete,7.871317116233396,664.0,10.0,7.795050278006042,1.0,0.0,0.0,1.0,0.0
1925.0,swap,7.799124944351032,664.0,10.0,7.795050278006042,1.0,1.0,0.0,1.0,0.0
1926.0,swap,7.771603199878181,665.0,10.0,7.771603199878181,2.0,0.0,0.0,1.0,1.0
1927.0,add,7.717600137613854,665.0,10.0,7.771603199878181,2.0,0.0,1.0,1.0,1.0
1928.0,delete,7.913237338760615,665.0,10.0,7.771603199878181,1.0,0.0,0.0,1.0,1.0
1929.0,swap,7.737345751782119,665.0,10.0,7.771603199878181,1.0,0.0,1.0,1.0,1.0
1930.0,delete,7.808510874713938,666.0,9.0,7.811118578920511,1.0,0.0,0.0,2.0,0.0
1931.0,change,7.795050278006045,667.0,9.0,7.810303645651513,2.0,0.0,0.0,2.0,0.0
1932.0,delete,7.808510874713939,668.0,10.0,7.808510874713938,1.0,0.0,0.0,2.0,0.0
1933.0,add,7.808510874713938,668.0,10.0,7.808510874713938,1.0,0.0,0.0,2.0,1.0
1934.0,delete,7.952650045445747,668.0,10.0,7.808510874713938,0.0,0.0,0.0,2.0,0.0
1935.0,swap,7.8085108747139405,668.0,10.0,7.808510874713938,1.0,0.0,0.0,1.0,1.0
1936.0,swap,7.751233228221585,669.0,8.0,7.772980675263296,3.0,1.0,0.0,0.0,0.0
1937.0,delete,7.8085108747139405,670.0,9.0,7.819768010196059,1.0,0.0,0.0,1.0,0.0
1938.0,delete,7.808510874713941,671.0,10.0,7.8085108747139405,1.0,0.0,0.0,1.0,0.0
1939.0,add,7.8090440514342525,671.0,10.0,7.8085108747139405,1.0,0.0,1.0,1.0,0.0
1940.0,delete,7.8085108747139405,671.0,10.0,7.8085108747139405,1.0,0.0,0.0,0.0,0.0
1941.0,swap,7.8085108747139405,671.0,10.0,7.8085108747139405,1.0,0.0,0.0,0.0,1.0
1942.0,swap,7.751233228221584,672.0,9.0,7.751233228221585,3.0,1.0,0.0,0.0,0.0
1943.0,add,7.472459931631678,672.0,9.0,7.751233228221585,3.0,1.0,0.0,0.0,1.0
1944.0,delete,7.771603199878181,672.0,9.0,7.751233228221585,2.0,1.0,0.0,0.0,0.0
1945.0,swap,7.562725772680716,672.0,9.0,7.751233228221585,3.0,0.0,1.0,0.0,0.0
1946.0,delete,7.771603199878182,673.0,10.0,7.7716031998781805,2.0,0.0,0.0,1.0,0.0
1947.0,add,7.7716031998781805,673.0,10.0,7.7716031998781805,2.0,0.0,0.0,1.0,1.0
1948.0,delete,7.871317116233396,673.0,10.0,7.7716031998781805,1.0,0.0,0.0,1.0,0.0
1949.0,swap,7.871317116233394,673.0,10.0,7.7716031998781805,1.0,0.0,0.0,2.0,0.0
1950.0,swap,7.771603199878181,674.0,10.0,7.7716031998781805,2.0,0.0,0.0,1.0,1.0
1951.0,add,7.771603199878182,674.0,10.0,7.7716031998781805,2.0,0.0,0.0,2.0,1.0
1952.0,delete,7.871317116233396,674.0,10.0,7.7716031998781805,1.0,0.0,0.0,1.0,1.0
1953.0,swap,7.838832689147519,674.0,10.0,7.7716031998781805,1.0,0.0,1.0,1.0,1.0
1954.0,add,7.771603199878181,675.0,10.0,7.771603199878181,2.0,0.0,0.0,0.0,1.0
1955.0,delete,7.913237338760615,675.0,10.0,7.771603199878181,1.0,0.0,0.0,0.0,0.0
1956.0,swap,7.913237338760615,675.0,10.0,7.771603199878181,1.0,0.0,0.0,0.0,1.0
1957.0,delete,7.824995034599562,676.0,9.0,7.842420269319398,2.0,0.0,0.0,0.0,0.0
1958.0,add,7.824995034599562,677.0,10.0,7.824995034599562,2.0,0.0,0.0,1.0,0.0
1959.0,delete,7.913237338760615,677.0,10.0,7.824995034599562,1.0,0.0,0.0,0.0,0.0
1960.0,swap,7.8085108747139405,677.0,10.0,7.824995034599562,1.0,0.0,0.0,0.0,1.0
1961.0,add,7.609272802160364,678.0,11.0,7.913237338760615,1.0,0.0,0.0,0.0,1.0
1962.0,delete,7.952650045445748,678.0,11.0,7.913237338760615,0.0,0.0,0.0,0.0,0.0
1963.0,swap,7.881586249584022,678.0,11.0,7.913237338760615,0.0,0.0,1.0,0.0,0.0
1964.0,change,7.751233228221586,679.0,8.0,7.764350487743234,3.0,0.0,0.0,1.0,0.0
1965.0,add,7.450674870350844,680.0,9.0,7.450674870350845,3.0,0.0,1.0,1.0,0.0
1966.0,add,7.450674870350845,680.0,9.0,7.450674870350845,3.0,0.0,1.0,1.0,1.0
1967.0,delete,7.627414040345839,680.0,9.0,7.450674870350845,2.0,0.0,1.0,1.0,0.0
1968.0,swap,7.476569654517991,680.0,9.0,7.450674870350845,3.0,1.0,0.0,1.0,0.0
1969.0,delete,7.54133979009314,681.0,8.0,7.715269865081501,3.0,0.0,0.0,0.0,0.0
1970.0,change,7.7350890896373645,682.0,9.0,7.735089089637365,3.0,0.0,0.0,1.0,0.0
1971.0,add,7.735089089637365,682.0,9.0,7.735089089637365,3.0,0.0,0.0,1.0,1.0
1972.0,delete,7.761255070460557,682.0,9.0,7.735089089637365,2.0,0.0,0.0,1.0,0.0
1973.0,swap,7.761255070460557,682.0,9.0,7.735089089637365,2.0,0.0,0.0,1.0,1.0
1974.0,swap,7.722836564132892,683.0,10.0,7.717639719943854,2.0,0.0,1.0,0.0,0.0
1975.0,add,7.717639719943854,683.0,10.0,7.717639719943854,2.0,0.0,1.0,0.0,1.0
1976.0,delete,7.82648460868086,683.0,10.0,7.717639719943854,1.0,0.0,1.0,0.0,0.0
1977.0,swap,7.795050278006042,683.0,10.0,7.717639719943854,2.0,0.0,0.0,0.0,1.0
1978.0,delete,7.7892542688394455,684.0,10.0,7.789254268839446,2.0,0.0,0.0,1.0,1.0
1979.0,add,7.491184836415019,684.0,10.0,7.789254268839446,2.0,0.0,0.0,1.0,2.0
1980.0,delete,7.789254268839446,684.0,10.0,7.789254268839446,2.0,0.0,0.0,0.0,1.0
1981.0,swap,7.568053857463033,684.0,10.0,7.789254268839446,2.0,0.0,1.0,0.0,1.0
1982.0,change,7.751233228221587,685.0,9.0,7.751233228221586,3.0,0.0,0.0,1.0,0.0
1983.0,add,7.751233228221586,685.0,9.0,7.751233228221586,3.0,0.0,0.0,1.0,1.0
1984.0,delete,7.771603199878181,685.0,9.0,7.751233228221586,2.0,0.0,0.0,1.0,0.0
1985.0,swap,7.8065707817967285,685.0,9.0,7.751233228221586,2.0,0.0,1.0,1.0,0.0
1986.0,delete,7.871317116233396,686.0,10.0,7.871317116233396,1.0,0.0,0.0,1.0,0.0
1987.0,add,7.577401573974733,686.0,10.0,7.871317116233396,1.0,0.0,0.0,1.0,1.0
1988.0,delete,7.952650045445748,686.0,10.0,7.871317116233396,0.0,0.0,0.0,1.0,0.0
1989.0,swap,7.919947606911529,686.0,10.0,7.871317116233396,0.0,1.0,0.0,1.0,0.0
1990.0,change,7.824995034599562,687.0,9.0,7.788675412261739,2.0,0.0,0.0,1.0,0.0
1991.0,change,7.824995034599563,688.0,10.0,7.824995034599562,2.0,0.0,0.0,1.0,0.0
1992.0,add,7.824995034599562,688.0,10.0,7.824995034599562,2.0,0.0,0.0,1.0,1.0
1993.0,delete,7.8085108747139405,688.0,10.0,7.824995034599562,1.0,0.0,0.0,1.0,0.0
1994.0,swap,7.727177945501552,688.0,10.0,7.824995034599562,1.0,0.0,0.0,1.0,1.0
1995.0,swap,7.8065707817967285,689.0,10.0,7.8065707817967285,2.0,0.0,1.0,1.0,0.0
1996.0,add,7.806570781796729,689.0,10.0,7.8065707817967285,2.0,0.0,1.0,2.0,0.0
1997.0,delete,7.80201200596263,689.0,10.0,7.8065707817967285,1.0,0.0,1.0,1.0,0.0
1998.0,swap,7.805729871495465,689.0,10.0,7.8065707817967285,2.0,1.0,1.0,0.0,0.0
1999.0,delete,7.952650045445748,690.0,11.0,7.952650045445748,0.0,0.0,0.0,1.0,0.0
2000.0,add,7.952650045445748,690.0,11.0,7.952650045445748,0.0,0.0,0.0,1.0,1.0
2001.0,delete,7.952650045445748,690.0,11.0,7.952650045445748,0.0,0.0,0.0,0.0,0.0
2002.0,swap,7.952650045445748,690.0,11.0,7.952650045445748,0.0,0.0,0.0,0.0,1.0
2003.0,add,7.621198518813025,691.0,10.0,7.795050278006042,2.0,0.0,1.0,0.0,0.0
2004.0,delete,7.8085108747139405,691.0,10.0,7.795050278006042,1.0,0.0,0.0,0.0,0.0
2005.0,swap,7.671889283522972,691.0,10.0,7.795050278006042,1.0,0.0,0.0,0.0,1.0
2006.0,delete,7.7716031998781805,692.0,10.0,7.771603199878181,2.0,0.0,0.0,1.0,0.0
2007.0,add,7.7259425620324365,692.0,10.0,7.771603199878181,2.0,0.0,1.0,1.0,0.0
2008.0,delete,7.771603199878181,692.0,10.0,7.771603199878181,2.0,0.0,0.0,0.0,0.0
2009.0,swap,7.631709966820624,692.0,10.0,7.771603199878181,1.0,0.0,1.0,1.0,0.0
2010.0,swap,7.789254268839446,693.0,10.0,7.789254268839446,2.0,0.0,0.0,1.0,0.0
2011.0,add,7.789254268839446,693.0,10.0,7.789254268839446,2.0,0.0,0.0,2.0,0.0
2012.0,delete,7.80851087471394,693.0,10.0,7.789254268839446,1.0,0.0,0.0,1.0,0.0
2013.0,swap,7.808510874713939,693.0,10.0,7.789254268839446,1.0,0.0,0.0,2.0,0.0
2014.0,delete,7.711703045536057,694.0,8.0,7.79704780387643,2.0,0.0,0.0,1.0,0.0
2015.0,change,7.7716031998781805,695.0,9.0,7.819872810925712,2.0,0.0,0.0,1.0,0.0
2016.0,delete,7.795050278006042,696.0,9.0,7.834993496103763,2.0,0.0,0.0,0.0,0.0
2017.0,add,7.465749572858955,697.0,10.0,7.795050278006042,2.0,0.0,0.0,0.0,1.0
2018.0,delete,7.871317116233396,697.0,10.0,7.795050278006042,1.0,0.0,0.0,0.0,0.0
2019.0,swap,7.487992610365719,697.0,10.0,7.795050278006042,1.0,1.0,0.0,0.0,0.0
2020.0,add,7.712987430612095,698.0,10.0,7.795050278006042,2.0,0.0,0.0,0.0,1.0
2021.0,delete,7.871317116233396,698.0,10.0,7.795050278006042,1.0,0.0,0.0,0.0,0.0
2022.0,swap,7.435404549670965,698.0,10.0,7.795050278006042,1.0,0.0,1.0,0.0,0.0
2023.0,delete,7.711703045536057,699.0,9.0,7.711703045536057,2.0,0.0,0.0,1.0,0.0
2024.0,add,6.896862837449415,699.0,9.0,7.711703045536057,2.0,0.0,0.0,1.0,1.0
2025.0,delete,7.871317116233396,699.0,9.0,7.711703045536057,1.0,0.0,0.0,1.0,0.0
2026.0,swap,7.711703045536057,699.0,9.0,7.711703045536057,2.0,0.0,0.0,1.0,0.0
2027.0,swap,7.761145966807239,700.0,10.0,7.761145966807239,2.0,1.0,0.0,1.0,1.0
2028.0,add,7.76114596680724,700.0,10.0,7.761145966807239,2.0,1.0,0.0,2.0,1.0
2029.0,delete,7.761255070460557,700.0,10.0,7.761145966807239,2.0,0.0,0.0,1.0,1.0
2030.0,swap,7.734747515725148,700.0,10.0,7.761145966807239,2.0,2.0,0.0,1.0,0.0
2031.0,delete,7.871317116233396,701.0,10.0,7.871317116233396,1.0,0.0,0.0,2.0,0.0
2032.0,add,7.871317116233396,701.0,10.0,7.871317116233396,1.0,0.0,0.0,2.0,1.0
2033.0,delete,7.952650045445748,701.0,10.0,7.871317116233396,0.0,0.0,0.0,2.0,0.0
2034.0,swap,7.871317116233396,701.0,10.0,7.871317116233396,1.0,0.0,0.0,2.0,0.0
2035.0,delete,7.7892542688394455,702.0,9.0,7.887583702075867,2.0,0.0,0.0,1.0,0.0
2036.0,swap,7.80792002334436,703.0,10.0,7.806728180336661,2.0,0.0,1.0,1.0,0.0
2037.0,add,7.406407044677779,703.0,10.0,7.806728180336661,2.0,1.0,1.0,1.0,0.0
2038.0,delete,7.78116234157871,703.0,10.0,7.806728180336661,1.0,0.0,1.0,1.0,0.0
2039.0,swap,7.806728180336658,703.0,10.0,7.806728180336661,2.0,0.0,1.0,0.0,1.0
2040.0,change,7.735089089637365,704.0,8.0,7.63629847965891,3.0,0.0,0.0,2.0,0.0
2041.0,change,7.735089089637366,705.0,9.0,7.735089089637365,3.0,0.0,0.0,2.0,0.0
2042.0,add,7.424027515879002,705.0,9.0,7.735089089637365,3.0,0.0,0.0,2.0,1.0
2043.0,delete,7.735089089637365,705.0,9.0,7.735089089637365,3.0,0.0,0.0,1.0,0.0
2044.0,swap,7.7892542688394455,705.0,9.0,7.735089089637365,2.0,0.0,0.0,2.0,1.0
2045.0,add,7.338299575816291,706.0,10.0,7.761255070460557,2.0,0.0,0.0,0.0,2.0
2046.0,delete,7.761255070460557,706.0,10.0,7.761255070460557,2.0,0.0,0.0,0.0,0.0
2047.0,swap,7.761046638427744,706.0,10.0,7.761255070460557,2.0,0.0,1.0,0.0,0.0
2048.0,add,7.583046141774403,707.0,9.0,7.583046141774403,4.0,0.0,0.0,2.0,0.0
2049.0,add,7.121617204632577,707.0,9.0,7.583046141774403,4.0,0.0,0.0,2.0,1.0
2050.0,delete,7.6975125306465655,707.0,9.0,7.583046141774403,3.0,0.0,0.0,2.0,0.0
2051.0,swap,7.558380004525544,707.0,9.0,7.583046141774403,4.0,0.0,1.0,1.0,0.0
2052.0,swap,7.824995034599562,708.0,10.0,7.824995034599561,2.0,0.0,0.0,2.0,0.0
2053.0,add,7.486877516020758,708.0,10.0,7.824995034599561,2.0,0.0,0.0,2.0,1.0
2054.0,delete,7.9132373387606165,708.0,10.0,7.824995034599561,1.0,0.0,0.0,2.0,0.0
2055.0,swap,7.824995034599563,708.0,10.0,7.824995034599561,2.0,0.0,0.0,1.0,1.0
2056.0,change,7.771603199878181,709.0,10.0,7.7716031998781805,2.0,0.0,0.0,1.0,0.0
2057.0,add,7.769754852577977,709.0,10.0,7.7716031998781805,2.0,0.0,1.0,1.0,0.0
2058.0,delete,7.913237338760615,709.0,10.0,7.7716031998781805,1.0,0.0,0.0,1.0,0.0
2059.0,swap,7.664484546528776,709.0,10.0,7.7716031998781805,1.0,0.0,1.0,1.0,0.0
2060.0,change,7.7512332282215874,710.0,10.0,7.751233228221584,3.0,0.0,0.0,1.0,0.0
2061.0,add,7.763704418751608,710.0,10.0,7.751233228221584,3.0,0.0,1.0,1.0,0.0
2062.0,delete,7.795050278006043,710.0,10.0,7.751233228221584,2.0,0.0,0.0,1.0,0.0
2063.0,swap,7.824995034599562,710.0,10.0,7.751233228221584,2.0,0.0,0.0,2.0,0.0
2064.0,change,7.795050278006045,711.0,10.0,7.795050278006045,2.0,0.0,0.0,2.0,0.0
2065.0,add,7.7950502780060456,711.0,10.0,7.795050278006045,2.0,0.0,0.0,3.0,0.0
2066.0,delete,7.795050278006043,711.0,10.0,7.795050278006045,2.0,0.0,0.0,1.0,0.0
2067.0,swap,7.795050278006045,711.0,10.0,7.795050278006045,2.0,0.0,0.0,2.0,0.0
2068.0,add,7.795050278006042,712.0,9.0,7.810303645651513,2.0,0.0,0.0,1.0,1.0
2069.0,swap,7.824995034599562,713.0,9.0,7.864681666920652,2.0,0.0,0.0,0.0,1.0
2070.0,add,7.751233228221586,714.0,10.0,7.751233228221586,3.0,0.0,0.0,1.0,1.0
2071.0,add,7.418618545408107,714.0,10.0,7.751233228221586,3.0,0.0,1.0,1.0,1.0
2072.0,delete,7.824995034599562,714.0,10.0,7.751233228221586,2.0,0.0,0.0,1.0,1.0
2073.0,swap,7.751233228221587,714.0,10.0,7.751233228221586,3.0,0.0,0.0,1.0,1.0
2074.0,delete,7.761255070460556,715.0,10.0,7.761255070460557,2.0,0.0,0.0,1.0,0.0
2075.0,add,7.761255070460557,715.0,10.0,7.761255070460557,2.0,0.0,0.0,1.0,1.0
2076.0,delete,7.871317116233396,715.0,10.0,7.761255070460557,1.0,0.0,0.0,1.0,0.0
2077.0,swap,7.871317116233396,715.0,10.0,7.761255070460557,1.0,0.0,0.0,2.0,0.0
2078.0,swap,7.824995034599561,716.0,10.0,7.824995034599561,2.0,0.0,0.0,1.0,1.0
2079.0,add,7.824995034599561,716.0,10.0,7.824995034599561,2.0,0.0,0.0,2.0,1.0
2080.0,delete,7.824995034599561,716.0,10.0,7.824995034599561,2.0,0.0,0.0,1.0,0.0
2081.0,swap,7.8173277336846745,716.0,10.0,7.824995034599561,2.0,0.0,1.0,1.0,0.0
2082.0,swap,7.761255070460557,717.0,10.0,7.761255070460557,2.0,0.0,0.0,1.0,1.0
2083.0,add,7.761255070460557,717.0,10.0,7.761255070460557,2.0,0.0,0.0,1.0,2.0
2084.0,delete,7.871317116233396,717.0,10.0,7.761255070460557,1.0,0.0,0.0,1.0,1.0
2085.0,swap,7.822154427631919,717.0,10.0,7.761255070460557,1.0,0.0,1.0,1.0,1.0
2086.0,swap,7.789254268839446,718.0,9.0,7.823461574416584,2.0,0.0,0.0,2.0,0.0
2087.0,add,7.735089089637365,719.0,10.0,7.735089089637366,3.0,0.0,0.0,1.0,1.0
2088.0,add,7.572550405815271,719.0,10.0,7.735089089637366,3.0,1.0,0.0,1.0,1.0
2089.0,delete,7.735089089637365,719.0,10.0,7.735089089637366,3.0,0.0,0.0,0.0,1.0
2090.0,swap,7.761822907437866,719.0,10.0,7.735089089637366,2.0,0.0,1.0,1.0,1.0
2091.0,add,7.789254268839446,720.0,10.0,7.789254268839446,2.0,0.0,0.0,0.0,1.0
2092.0,delete,7.871317116233396,720.0,10.0,7.789254268839446,1.0,0.0,0.0,0.0,0.0
2093.0,swap,7.871317116233396,720.0,10.0,7.789254268839446,1.0,0.0,0.0,0.0,1.0
2094.0,delete,7.761255070460557,721.0,8.0,7.710011999857095,2.0,0.0,0.0,1.0,0.0
2095.0,delete,7.761255070460557,722.0,9.0,7.761255070460557,2.0,0.0,0.0,1.0,0.0
2096.0,add,6.963011594556684,722.0,9.0,7.761255070460557,2.0,0.0,0.0,1.0,1.0
2097.0,delete,7.761255070460557,722.0,9.0,7.761255070460557,2.0,0.0,0.0,0.0,0.0
2098.0,swap,7.9132373387606165,722.0,9.0,7.761255070460557,1.0,0.0,0.0,2.0,0.0
2099.0,add,7.543974247422144,723.0,9.0,7.543974247422144,3.0,0.0,0.0,2.0,1.0
2100.0,add,7.543974247422144,723.0,9.0,7.543974247422144,3.0,0.0,0.0,3.0,1.0
2101.0,delete,7.683360895717065,723.0,9.0,7.543974247422144,2.0,0.0,0.0,2.0,1.0
2102.0,swap,7.64809250687671,723.0,9.0,7.543974247422144,2.0,0.0,0.0,3.0,1.0
2103.0,add,7.583046141774403,724.0,8.0,7.605939419548835,4.0,0.0,0.0,0.0,1.0
2104.0,add,7.673012766299437,725.0,10.0,7.673012766299437,2.0,0.0,0.0,1.0,1.0
2105.0,add,7.673012766299437,725.0,10.0,7.673012766299437,2.0,0.0,0.0,1.0,2.0
2106.0,delete,7.824995034599563,725.0,10.0,7.673012766299437,2.0,0.0,0.0,1.0,0.0
2107.0,swap,7.757355996446527,725.0,10.0,7.673012766299437,1.0,0.0,1.0,1.0,1.0
2108.0,delete,7.761255070460557,726.0,9.0,7.761255070460557,2.0,0.0,0.0,1.0,0.0
2109.0,add,7.761255070460557,726.0,9.0,7.761255070460557,2.0,0.0,0.0,1.0,1.0
2110.0,delete,7.871317116233396,726.0,9.0,7.761255070460557,1.0,0.0,0.0,1.0,0.0
2111.0,swap,7.735286620103643,726.0,9.0,7.761255070460557,1.0,1.0,0.0,1.0,0.0
2112.0,delete,7.54133979009314,727.0,8.0,7.778073789543742,3.0,0.0,0.0,0.0,0.0
2113.0,delete,7.871317116233396,728.0,10.0,7.871317116233396,1.0,0.0,0.0,1.0,0.0
2114.0,add,7.871317116233396,728.0,10.0,7.871317116233396,1.0,0.0,0.0,2.0,0.0
2115.0,delete,7.871317116233396,728.0,10.0,7.871317116233396,1.0,0.0,0.0,0.0,0.0
2116.0,swap,7.952650045445748,728.0,10.0,7.871317116233396,0.0,0.0,0.0,1.0,1.0
2117.0,delete,7.913237338760616,729.0,9.0,7.887583702075867,1.0,0.0,0.0,1.0,0.0
2118.0,delete,7.711703045536057,730.0,8.0,7.810140679156219,2.0,0.0,0.0,1.0,0.0
2119.0,delete,7.711703045536057,731.0,9.0,7.711703045536057,2.0,0.0,0.0,1.0,0.0
2120.0,add,7.691532675157189,731.0,9.0,7.711703045536057,2.0,0.0,1.0,1.0,0.0
2121.0,delete,7.711703045536057,731.0,9.0,7.711703045536057,2.0,0.0,0.0,0.0,0.0
2122.0,swap,7.871317116233396,731.0,9.0,7.711703045536057,1.0,0.0,0.0,1.0,1.0
2123.0,delete,7.913237338760614,732.0,10.0,7.913237338760616,1.0,0.0,0.0,1.0,0.0
2124.0,add,7.877183010292349,732.0,10.0,7.913237338760616,1.0,1.0,0.0,1.0,0.0
2125.0,delete,7.913237338760615,732.0,10.0,7.913237338760616,1.0,0.0,0.0,0.0,0.0
2126.0,swap,7.952650045445748,732.0,10.0,7.913237338760616,0.0,0.0,0.0,2.0,0.0
2127.0,swap,7.952650045445749,733.0,11.0,7.952650045445748,0.0,0.0,0.0,2.0,0.0
2128.0,add,7.7899841870210444,733.0,11.0,7.952650045445748,0.0,0.0,0.0,2.0,1.0
2129.0,delete,7.952650045445748,733.0,11.0,7.952650045445748,0.0,0.0,0.0,1.0,0.0
2130.0,swap,7.811306353185004,733.0,11.0,7.952650045445748,0.0,1.0,0.0,1.0,0.0
2131.0,add,7.761255070460556,734.0,10.0,7.761255070460557,2.0,0.0,0.0,1.0,1.0
2132.0,add,7.7145337631733675,734.0,10.0,7.761255070460557,2.0,0.0,0.0,1.0,2.0
2133.0,delete,7.871317116233396,734.0,10.0,7.761255070460557,1.0,0.0,0.0,1.0,1.0
2134.0,swap,7.658176042747033,734.0,10.0,7.761255070460557,2.0,0.0,1.0,1.0,0.0
2135.0,swap,7.871317116233394,735.0,10.0,7.871317116233396,1.0,0.0,0.0,1.0,1.0
2136.0,add,7.552088974838723,735.0,10.0,7.871317116233396,1.0,0.0,0.0,1.0,2.0
2137.0,delete,7.952650045445748,735.0,10.0,7.871317116233396,0.0,0.0,0.0,1.0,1.0
2138.0,swap,7.944604829292943,735.0,10.0,7.871317116233396,0.0,1.0,0.0,1.0,1.0
2139.0,swap,7.871317116233396,736.0,9.0,7.838395616408841,1.0,0.0,0.0,2.0,0.0
2140.0,swap,7.8713171162333975,737.0,10.0,7.871317116233396,1.0,0.0,0.0,2.0,0.0
2141.0,add,7.871317116233396,737.0,10.0,7.871317116233396,1.0,0.0,0.0,2.0,1.0
2142.0,delete,7.952650045445749,737.0,10.0,7.871317116233396,0.0,0.0,0.0,2.0,0.0
2143.0,swap,7.871317116233396,737.0,10.0,7.871317116233396,1.0,0.0,0.0,1.0,1.0
2144.0,delete,7.952650045445749,738.0,11.0,7.952650045445749,0.0,0.0,0.0,2.0,0.0
2145.0,add,7.873824632075483,738.0,11.0,7.952650045445749,0.0,0.0,0.0,2.0,1.0
2146.0,delete,7.952650045445748,738.0,11.0,7.952650045445749,0.0,0.0,0.0,1.0,0.0
2147.0,swap,7.9055165743952465,738.0,11.0,7.952650045445749,0.0,0.0,1.0,1.0,0.0
2148.0,delete,7.771603199878181,739.0,8.0,7.834656281200995,2.0,0.0,0.0,1.0,0.0
2149.0,delete,7.771603199878181,740.0,9.0,7.771603199878181,2.0,0.0,0.0,1.0,0.0
2150.0,add,7.323473634027804,740.0,9.0,7.771603199878181,2.0,0.0,0.0,1.0,1.0
2151.0,delete,7.913237338760616,740.0,9.0,7.771603199878181,1.0,0.0,0.0,1.0,0.0
2152.0,swap,7.8104075958325305,740.0,9.0,7.771603199878181,1.0,0.0,1.0,1.0,0.0
2153.0,add,7.54133979009314,741.0,9.0,7.54133979009314,3.0,0.0,0.0,1.0,1.0
2154.0,add,7.0112996687446065,741.0,9.0,7.54133979009314,3.0,0.0,0.0,1.0,2.0
2155.0,delete,7.3110763803081,741.0,9.0,7.54133979009314,2.0,0.0,0.0,1.0,1.0
2156.0,swap,7.3110763803081,741.0,9.0,7.54133979009314,2.0,0.0,0.0,1.0,2.0
2157.0,delete,7.541339790093142,742.0,9.0,7.541339790093139,3.0,0.0,0.0,1.0,0.0
2158.0,add,7.541339790093139,742.0,9.0,7.541339790093139,3.0,0.0,0.0,1.0,1.0
2159.0,delete,7.7117030455360585,742.0,9.0,7.541339790093139,2.0,0.0,0.0,1.0,0.0
2160.0,swap,7.761255070460558,742.0,9.0,7.541339790093139,2.0,0.0,0.0,2.0,0.0
2161.0,add,7.711703045536057,743.0,10.0,7.711703045536057,2.0,0.0,0.0,0.0,1.0
2162.0,delete,7.871317116233396,743.0,10.0,7.711703045536057,1.0,0.0,0.0,0.0,0.0
2163.0,swap,7.855765286084905,743.0,10.0,7.711703045536057,1.0,0.0,1.0,0.0,0.0
2164.0,delete,7.913237338760615,744.0,10.0,7.913237338760616,1.0,0.0,0.0,1.0,0.0
2165.0,add,7.913237338760616,744.0,10.0,7.913237338760616,1.0,0.0,0.0,1.0,1.0
2166.0,delete,7.913237338760615,744.0,10.0,7.913237338760616,1.0,0.0,0.0,0.0,0.0
2167.0,swap,7.952650045445748,744.0,10.0,7.913237338760616,0.0,0.0,0.0,1.0,1.0
2168.0,delete,7.771603199878181,745.0,9.0,7.921119880097642,2.0,0.0,0.0,0.0,0.0
2169.0,swap,7.81040759583253,746.0,10.0,7.8104075958325305,1.0,0.0,1.0,1.0,0.0
2170.0,add,7.418200311563508,746.0,10.0,7.8104075958325305,1.0,0.0,1.0,1.0,1.0
2171.0,delete,7.8104075958325305,746.0,10.0,7.8104075958325305,1.0,0.0,1.0,0.0,0.0
2172.0,swap,7.752952417797159,746.0,10.0,7.8104075958325305,0.0,0.0,2.0,1.0,0.0
2173.0,swap,6.004109270419878,747.0,2.0,7.634545907881979,8.0,0.0,0.0,1.0,0.0
2174.0,change,7.541339790093142,748.0,8.0,7.619395497255208,3.0,0.0,0.0,1.0,0.0
2175.0,delete,7.761255070460556,749.0,10.0,7.761255070460557,2.0,0.0,0.0,1.0,0.0
2176.0,add,7.702791241078519,749.0,10.0,7.761255070460557,2.0,1.0,0.0,1.0,0.0
2177.0,delete,7.761255070460557,749.0,10.0,7.761255070460557,2.0,0.0,0.0,0.0,0.0
2178.0,swap,7.913237338760614,749.0,10.0,7.761255070460557,1.0,0.0,0.0,2.0,0.0
2179.0,delete,7.871317116233396,750.0,9.0,7.787622123347603,1.0,0.0,0.0,1.0,0.0
2180.0,delete,7.8713171162333975,751.0,10.0,7.871317116233396,1.0,0.0,0.0,1.0,0.0
2181.0,add,7.871317116233396,751.0,10.0,7.871317116233396,1.0,0.0,0.0,1.0,1.0
2182.0,delete,7.952650045445748,751.0,10.0,7.871317116233396,0.0,0.0,0.0,1.0,0.0
2183.0,swap,7.75883564077119,751.0,10.0,7.871317116233396,1.0,0.0,1.0,0.0,0.0
2184.0,delete,7.711703045536056,752.0,10.0,7.711703045536057,2.0,0.0,0.0,1.0,0.0
2185.0,add,7.707238543129185,752.0,10.0,7.711703045536057,2.0,1.0,0.0,1.0,0.0
2186.0,delete,7.871317116233396,752.0,10.0,7.711703045536057,1.0,0.0,0.0,1.0,0.0
2187.0,swap,7.871317116233396,752.0,10.0,7.711703045536057,1.0,0.0,0.0,1.0,1.0
2188.0,swap,7.666209544188881,753.0,10.0,7.735286620103643,1.0,1.0,0.0,1.0,0.0
2189.0,add,7.734231624482407,753.0,10.0,7.735286620103643,1.0,2.0,0.0,1.0,0.0
2190.0,delete,7.871317116233396,753.0,10.0,7.735286620103643,1.0,0.0,0.0,1.0,0.0
2191.0,swap,7.492656250997013,753.0,10.0,7.735286620103643,1.0,1.0,0.0,0.0,1.0
2192.0,swap,7.8526041225932275,754.0,9.0,7.879609849270413,1.0,1.0,0.0,1.0,0.0
2193.0,swap,7.952650045445749,755.0,11.0,7.952650045445748,0.0,0.0,0.0,1.0,1.0
2194.0,add,7.952650045445748,755.0,11.0,7.952650045445748,0.0,0.0,0.0,1.0,2.0
2195.0,delete,7.952650045445748,755.0,11.0,7.952650045445748,0.0,0.0,0.0,1.0,0.0
2196.0,swap,7.801850525124937,755.0,11.0,7.952650045445748,0.0,0.0,1.0,0.0,1.0
2197.0,delete,7.771603199878181,756.0,10.0,7.771603199878181,2.0,0.0,0.0,1.0,0.0
2198.0,add,6.983361734374435,756.0,10.0,7.771603199878181,2.0,0.0,0.0,1.0,1.0
2199.0,delete,7.913237338760615,756.0,10.0,7.771603199878181,1.0,0.0,0.0,1.0,0.0
2200.0,swap,7.8501845771458925,756.0,10.0,7.771603199878181,1.0,0.0,1.0,1.0,0.0
2201.0,swap,7.761255070460557,757.0,10.0,7.761255070460558,2.0,0.0,0.0,2.0,0.0
2202.0,add,7.7612550704605585,757.0,10.0,7.761255070460558,2.0,0.0,0.0,3.0,0.0
2203.0,delete,7.7612550704605585,757.0,10.0,7.761255070460558,2.0,0.0,0.0,1.0,0.0
2204.0,swap,7.761255070460557,757.0,10.0,7.761255070460558,2.0,0.0,0.0,1.0,1.0
2205.0,delete,7.711703045536057,758.0,10.0,7.7117030455360585,2.0,0.0,0.0,1.0,0.0
2206.0,add,7.692195856714062,758.0,10.0,7.7117030455360585,2.0,1.0,0.0,1.0,0.0
2207.0,delete,7.871317116233395,758.0,10.0,7.7117030455360585,1.0,0.0,0.0,1.0,0.0
2208.0,swap,7.314898339496369,758.0,10.0,7.7117030455360585,1.0,1.0,0.0,1.0,0.0
2209.0,add,7.6915326751571875,759.0,10.0,7.691532675157189,2.0,0.0,1.0,1.0,0.0
2210.0,add,7.239471356613832,759.0,10.0,7.691532675157189,2.0,0.0,2.0,1.0,0.0
2211.0,delete,7.711703045536057,759.0,10.0,7.691532675157189,2.0,0.0,0.0,1.0,0.0
2212.0,swap,7.766449008547934,759.0,10.0,7.691532675157189,1.0,0.0,1.0,1.0,1.0
2213.0,change,7.697512530646566,760.0,9.0,7.697512530646566,3.0,0.0,0.0,1.0,1.0
2214.0,add,7.513106549587784,760.0,9.0,7.697512530646566,3.0,1.0,0.0,1.0,1.0
2215.0,delete,7.795050278006043,760.0,9.0,7.697512530646566,2.0,0.0,0.0,1.0,1.0
2216.0,swap,7.711703045536057,760.0,9.0,7.697512530646566,2.0,0.0,0.0,1.0,2.0
2217.0,add,7.184045462996798,761.0,9.0,7.54133979009314,3.0,0.0,0.0,0.0,1.0
2218.0,delete,7.761255070460557,761.0,9.0,7.54133979009314,2.0,0.0,0.0,0.0,0.0
2219.0,swap,7.711703045536057,761.0,9.0,7.54133979009314,2.0,0.0,0.0,0.0,1.0
2220.0,add,7.741331827293071,762.0,10.0,7.741331827293071,3.0,0.0,1.0,1.0,1.0
2221.0,add,7.741331827293071,762.0,10.0,7.741331827293071,3.0,1.0,1.0,1.0,1.0
2222.0,delete,7.824778036370547,762.0,10.0,7.741331827293071,2.0,0.0,1.0,1.0,1.0
2223.0,swap,7.7413318272930685,762.0,10.0,7.741331827293071,3.0,0.0,1.0,2.0,0.0
2224.0,add,7.758578851290165,763.0,10.0,7.758578851290161,3.0,0.0,1.0,1.0,1.0
2225.0,add,7.758578851290161,763.0,10.0,7.758578851290161,3.0,0.0,1.0,1.0,2.0
2226.0,delete,7.758578851290161,763.0,10.0,7.758578851290161,3.0,0.0,1.0,1.0,0.0
2227.0,swap,7.758578851290165,763.0,10.0,7.758578851290161,3.0,0.0,1.0,0.0,2.0
2228.0,swap,7.7350890896373645,764.0,10.0,7.735089089637367,3.0,0.0,0.0,2.0,0.0
2229.0,add,7.235845578557207,764.0,10.0,7.735089089637367,3.0,0.0,1.0,2.0,0.0
2230.0,delete,7.824995034599562,764.0,10.0,7.735089089637367,2.0,0.0,0.0,2.0,0.0
2231.0,swap,7.761255070460557,764.0,10.0,7.735089089637367,2.0,0.0,0.0,3.0,0.0
2232.0,delete,7.7716031998781805,765.0,10.0,7.771603199878181,2.0,1.0,0.0,0.0,0.0
2233.0,add,7.771603199878181,765.0,10.0,7.771603199878181,2.0,1.0,0.0,0.0,1.0
2234.0,delete,7.675175906280842,765.0,10.0,7.771603199878181,1.0,1.0,0.0,0.0,0.0
2235.0,swap,7.871317116233394,765.0,10.0,7.771603199878181,1.0,1.0,0.0,0.0,1.0
2236.0,add,7.795050278006042,766.0,10.0,7.795050278006042,2.0,0.0,0.0,1.0,1.0
2237.0,add,7.658538384660563,766.0,10.0,7.795050278006042,2.0,1.0,0.0,1.0,1.0
2238.0,delete,7.8085108747139405,766.0,10.0,7.795050278006042,1.0,0.0,0.0,1.0,1.0
2239.0,swap,7.8085108747139405,766.0,10.0,7.795050278006042,1.0,0.0,0.0,1.0,2.0
2240.0,delete,7.761255070460557,767.0,9.0,7.893861015249774,2.0,0.0,0.0,0.0,0.0
2241.0,delete,7.952650045445748,768.0,11.0,7.952650045445747,0.0,0.0,0.0,2.0,0.0
2242.0,add,7.952650045445747,768.0,11.0,7.952650045445747,0.0,0.0,0.0,2.0,1.0
2243.0,delete,7.952650045445747,768.0,11.0,7.952650045445747,0.0,0.0,0.0,1.0,0.0
2244.0,swap,7.664371703982133,768.0,11.0,7.952650045445747,0.0,0.0,0.0,1.0,1.0
2245.0,delete,7.871317116233394,769.0,9.0,7.840329162801674,1.0,0.0,0.0,2.0,0.0
2246.0,delete,7.871317116233396,770.0,10.0,7.871317116233394,1.0,0.0,0.0,2.0,0.0
2247.0,add,7.650296970141732,770.0,10.0,7.871317116233394,1.0,0.0,0.0,2.0,1.0
2248.0,delete,7.871317116233396,770.0,10.0,7.871317116233394,1.0,0.0,0.0,1.0,0.0
2249.0,swap,7.871317116233394,770.0,10.0,7.871317116233394,1.0,0.0,0.0,2.0,0.0
2250.0,swap,7.751233228221587,771.0,10.0,7.751233228221584,3.0,1.0,0.0,0.0,0.0
2251.0,add,7.507645430474761,771.0,10.0,7.751233228221584,3.0,1.0,0.0,0.0,1.0
2252.0,delete,7.751233228221587,771.0,10.0,7.751233228221584,3.0,0.0,0.0,0.0,0.0
2253.0,swap,6.947808990749893,771.0,10.0,7.751233228221584,2.0,2.0,0.0,0.0,0.0
2254.0,swap,7.824995034599563,772.0,10.0,7.824995034599563,2.0,0.0,0.0,2.0,0.0
2255.0,add,7.6730127662995065,772.0,10.0,7.824995034599563,2.0,0.0,0.0,2.0,1.0
2256.0,delete,7.8085108747139405,772.0,10.0,7.824995034599563,1.0,0.0,0.0,2.0,0.0
2257.0,swap,7.8085108747139405,772.0,10.0,7.824995034599563,1.0,0.0,0.0,2.0,1.0
2258.0,delete,7.795050278006042,773.0,10.0,7.795050278006042,2.0,0.0,0.0,1.0,1.0
2259.0,add,7.454938378352674,773.0,10.0,7.795050278006042,2.0,0.0,0.0,1.0,2.0
2260.0,delete,7.808510874713939,773.0,10.0,7.795050278006042,1.0,0.0,0.0,1.0,1.0
2261.0,swap,7.8085108747139405,773.0,10.0,7.795050278006042,1.0,0.0,0.0,2.0,1.0
2262.0,swap,7.952650045445748,774.0,11.0,7.952650045445748,0.0,0.0,0.0,1.0,1.0
2263.0,add,7.952650045445748,774.0,11.0,7.952650045445748,0.0,0.0,0.0,1.0,2.0
2264.0,delete,7.952650045445748,774.0,11.0,7.952650045445748,0.0,0.0,0.0,0.0,1.0
2265.0,swap,7.810486637339446,774.0,11.0,7.952650045445748,0.0,1.0,0.0,1.0,0.0
2266.0,change,7.761255070460557,775.0,9.0,7.7799587582441605,2.0,0.0,0.0,1.0,0.0
2267.0,add,7.871317116233397,776.0,11.0,7.871317116233396,1.0,0.0,0.0,2.0,0.0
2268.0,add,7.871317116233396,776.0,11.0,7.871317116233396,1.0,0.0,0.0,2.0,1.0
2269.0,delete,7.952650045445747,776.0,11.0,7.871317116233396,0.0,0.0,0.0,2.0,0.0
2270.0,swap,7.871317116233394,776.0,11.0,7.871317116233396,1.0,0.0,0.0,1.0,1.0
2271.0,change,7.761255070460556,777.0,10.0,7.761255070460557,2.0,0.0,0.0,1.0,0.0
2272.0,add,7.761255070460557,777.0,10.0,7.761255070460557,2.0,0.0,0.0,1.0,1.0
2273.0,delete,7.9132373387606165,777.0,10.0,7.761255070460557,1.0,0.0,0.0,1.0,0.0
2274.0,swap,7.8713171162333975,777.0,10.0,7.761255070460557,1.0,0.0,0.0,1.0,1.0
2275.0,add,7.4729986211557495,778.0,10.0,7.761255070460557,2.0,0.0,0.0,0.0,1.0
2276.0,delete,7.913237338760615,778.0,10.0,7.761255070460557,1.0,0.0,0.0,0.0,0.0
2277.0,swap,7.911406773165163,778.0,10.0,7.761255070460557,1.0,0.0,1.0,0.0,0.0
2278.0,swap,7.8526041225932275,779.0,10.0,7.8526041225932275,1.0,1.0,0.0,1.0,0.0
2279.0,add,7.727951332413813,779.0,10.0,7.8526041225932275,1.0,1.0,1.0,1.0,0.0
2280.0,delete,7.871317116233396,779.0,10.0,7.8526041225932275,1.0,0.0,0.0,1.0,0.0
2281.0,swap,7.5646039976230615,779.0,10.0,7.8526041225932275,1.0,2.0,0.0,0.0,0.0
2282.0,change,7.54133979009314,780.0,8.0,7.662389422585092,3.0,0.0,0.0,1.0,0.0
2283.0,add,7.913237338760615,781.0,11.0,7.913237338760616,1.0,0.0,0.0,1.0,1.0
2284.0,add,7.913237338760616,781.0,11.0,7.913237338760616,1.0,0.0,0.0,1.0,2.0
2285.0,delete,7.913237338760615,781.0,11.0,7.913237338760616,1.0,0.0,0.0,0.0,1.0
2286.0,swap,7.678690475722193,781.0,11.0,7.913237338760616,1.0,0.0,1.0,1.0,0.0
2287.0,delete,7.871317116233396,782.0,9.0,7.889671839559471,1.0,0.0,0.0,1.0,0.0
2288.0,delete,7.871317116233394,783.0,10.0,7.871317116233396,1.0,0.0,0.0,1.0,0.0
2289.0,add,7.212302208919628,783.0,10.0,7.871317116233396,1.0,1.0,0.0,1.0,0.0
2290.0,delete,7.952650045445748,783.0,10.0,7.871317116233396,0.0,0.0,0.0,1.0,0.0
2291.0,swap,7.770449667569913,783.0,10.0,7.871317116233396,1.0,1.0,0.0,0.0,0.0
2292.0,add,7.481038580423061,784.0,9.0,7.753307412614982,2.0,0.0,0.0,1.0,1.0
2293.0,add,7.7577217956489815,785.0,11.0,7.913237338760615,1.0,0.0,1.0,0.0,0.0
2294.0,delete,7.952650045445748,785.0,11.0,7.913237338760615,0.0,0.0,0.0,0.0,0.0
2295.0,swap,7.839549445660122,785.0,11.0,7.913237338760615,0.0,1.0,0.0,0.0,0.0
2296.0,delete,7.913237338760614,786.0,11.0,7.9132373387606165,1.0,0.0,0.0,1.0,0.0
2297.0,add,7.9132373387606165,786.0,11.0,7.9132373387606165,1.0,0.0,0.0,1.0,1.0
2298.0,delete,7.913237338760615,786.0,11.0,7.9132373387606165,1.0,0.0,0.0,0.0,0.0
2299.0,swap,7.952650045445749,786.0,11.0,7.9132373387606165,0.0,0.0,0.0,2.0,0.0
2300.0,change,7.761255070460558,787.0,9.0,7.832891108523149,2.0,0.0,0.0,1.0,0.0
2301.0,change,7.761255070460557,788.0,10.0,7.761255070460558,2.0,0.0,0.0,1.0,0.0
2302.0,add,7.761255070460558,788.0,10.0,7.761255070460558,2.0,0.0,0.0,1.0,1.0
2303.0,delete,7.9132373387606165,788.0,10.0,7.761255070460558,1.0,0.0,0.0,1.0,0.0
2304.0,swap,7.237002301603011,788.0,10.0,7.761255070460558,1.0,0.0,0.0,1.0,1.0
2305.0,delete,7.952650045445747,789.0,11.0,7.952650045445748,0.0,0.0,0.0,1.0,0.0
2306.0,add,7.952650045445748,789.0,11.0,7.952650045445748,0.0,0.0,0.0,1.0,1.0
2307.0,delete,7.952650045445748,789.0,11.0,7.952650045445748,0.0,0.0,0.0,0.0,0.0
2308.0,swap,7.864023422828005,789.0,11.0,7.952650045445748,0.0,0.0,1.0,0.0,0.0
2309.0,change,7.711703045536057,790.0,9.0,7.774655773333618,2.0,0.0,0.0,1.0,0.0
2310.0,delete,7.871317116233396,791.0,9.0,7.8613768528825245,1.0,0.0,0.0,1.0,0.0
2311.0,delete,7.871317116233395,792.0,10.0,7.871317116233396,1.0,0.0,0.0,1.0,0.0
2312.0,add,7.478784771000161,792.0,10.0,7.871317116233396,1.0,0.0,1.0,1.0,0.0
2313.0,delete,7.871317116233396,792.0,10.0,7.871317116233396,1.0,0.0,0.0,0.0,0.0
2314.0,swap,7.8681167937487135,792.0,10.0,7.871317116233396,1.0,0.0,1.0,0.0,0.0
2315.0,change,7.711703045536056,793.0,10.0,7.711703045536057,2.0,0.0,0.0,1.0,0.0
2316.0,add,7.236974737102783,793.0,10.0,7.711703045536057,2.0,0.0,0.0,1.0,1.0
2317.0,delete,7.711703045536057,793.0,10.0,7.711703045536057,2.0,0.0,0.0,0.0,0.0
2318.0,swap,7.711703045536056,793.0,10.0,7.711703045536057,2.0,0.0,0.0,1.0,0.0
2319.0,swap,7.795050278006044,794.0,10.0,7.795050278006042,2.0,0.0,0.0,1.0,0.0
2320.0,add,7.795050278006042,794.0,10.0,7.795050278006042,2.0,0.0,0.0,1.0,1.0
2321.0,delete,7.808510874713939,794.0,10.0,7.795050278006042,1.0,0.0,0.0,1.0,0.0
2322.0,swap,7.795050278006042,794.0,10.0,7.795050278006042,2.0,0.0,0.0,0.0,1.0
2323.0,swap,7.711703045536057,795.0,9.0,7.797742397347622,2.0,0.0,0.0,0.0,1.0
2324.0,add,7.697512530646566,796.0,10.0,7.697512530646566,3.0,1.0,0.0,0.0,0.0
2325.0,add,7.697512530646566,796.0,10.0,7.697512530646566,3.0,1.0,0.0,1.0,0.0
2326.0,delete,7.795050278006042,796.0,10.0,7.697512530646566,2.0,1.0,0.0,0.0,0.0
2327.0,swap,7.425781787853203,796.0,10.0,7.697512530646566,2.0,1.0,1.0,0.0,0.0
2328.0,add,7.735089089637368,797.0,10.0,7.735089089637367,3.0,0.0,0.0,2.0,1.0
2329.0,add,7.548582517474028,797.0,10.0,7.735089089637367,3.0,1.0,0.0,2.0,1.0
2330.0,delete,7.735089089637366,797.0,10.0,7.735089089637367,3.0,0.0,0.0,1.0,1.0
2331.0,swap,7.761255070460557,797.0,10.0,7.735089089637367,2.0,0.0,0.0,3.0,1.0
2332.0,add,7.871317116233396,798.0,11.0,7.871317116233396,1.0,0.0,0.0,1.0,2.0
2333.0,add,7.8416387163201575,798.0,11.0,7.871317116233396,1.0,1.0,0.0,1.0,2.0
2334.0,delete,7.871317116233396,798.0,11.0,7.871317116233396,1.0,0.0,0.0,1.0,1.0
2335.0,swap,7.590295001785515,798.0,11.0,7.871317116233396,1.0,0.0,1.0,0.0,2.0
2336.0,add,7.711703045536056,799.0,10.0,7.7117030455360585,2.0,0.0,0.0,2.0,1.0
2337.0,add,7.7117030455360585,799.0,10.0,7.7117030455360585,2.0,0.0,0.0,2.0,2.0
2338.0,delete,7.8713171162333975,799.0,10.0,7.7117030455360585,1.0,0.0,0.0,2.0,1.0
2339.0,swap,7.8713171162333975,799.0,10.0,7.7117030455360585,1.0,0.0,0.0,2.0,2.0
2340.0,swap,7.711703045536057,800.0,10.0,7.711703045536056,2.0,0.0,0.0,1.0,1.0
2341.0,add,6.918563346365703,800.0,10.0,7.711703045536056,2.0,1.0,0.0,1.0,1.0
2342.0,delete,7.711703045536056,800.0,10.0,7.711703045536056,2.0,0.0,0.0,1.0,0.0
2343.0,swap,7.7117030455360585,800.0,10.0,7.711703045536056,2.0,0.0,0.0,1.0,1.0
2344.0,delete,7.824995034599563,801.0,10.0,7.824995034599563,2.0,0.0,0.0,2.0,0.0
2345.0,add,7.824995034599562,801.0,10.0,7.824995034599563,2.0,1.0,0.0,2.0,0.0
2346.0,delete,7.824995034599563,801.0,10.0,7.824995034599563,2.0,0.0,0.0,1.0,0.0
2347.0,swap,7.824995034599564,801.0,10.0,7.824995034599563,2.0,1.0,0.0,1.0,0.0
2348.0,delete,7.7892542688394455,802.0,10.0,7.7892542688394455,2.0,0.0,0.0,2.0,0.0
2349.0,add,7.619491373256558,802.0,10.0,7.7892542688394455,2.0,0.0,0.0,2.0,1.0
2350.0,delete,7.8085108747139405,802.0,10.0,7.7892542688394455,1.0,0.0,0.0,2.0,0.0
2351.0,swap,7.871317116233396,802.0,10.0,7.7892542688394455,1.0,0.0,0.0,2.0,1.0
2352.0,delete,7.7892542688394455,803.0,10.0,7.789254268839446,2.0,0.0,0.0,2.0,0.0
2353.0,add,7.666556162447777,803.0,10.0,7.789254268839446,2.0,1.0,0.0,2.0,0.0
2354.0,delete,7.789254268839446,803.0,10.0,7.789254268839446,2.0,0.0,0.0,1.0,0.0
2355.0,swap,7.808510874713938,803.0,10.0,7.789254268839446,1.0,0.0,0.0,2.0,1.0
2356.0,swap,7.7398817154042785,804.0,10.0,7.7398817154042785,2.0,0.0,1.0,2.0,0.0
2357.0,add,7.7398817154042785,804.0,10.0,7.7398817154042785,2.0,0.0,1.0,2.0,1.0
2358.0,delete,7.7892542688394455,804.0,10.0,7.7398817154042785,2.0,0.0,0.0,2.0,0.0
2359.0,swap,7.322370625838868,804.0,10.0,7.7398817154042785,2.0,0.0,2.0,1.0,0.0
2360.0,delete,7.789254268839446,805.0,10.0,7.789254268839446,2.0,0.0,0.0,1.0,1.0
2361.0,add,7.789254268839446,805.0,10.0,7.789254268839446,2.0,0.0,0.0,1.0,2.0
2362.0,delete,7.8085108747139405,805.0,10.0,7.789254268839446,1.0,0.0,0.0,1.0,1.0
2363.0,swap,7.650809008367897,805.0,10.0,7.789254268839446,2.0,1.0,0.0,0.0,1.0
2364.0,add,7.789254268839446,806.0,10.0,7.789254268839446,2.0,0.0,0.0,0.0,2.0
2365.0,delete,7.871317116233396,806.0,10.0,7.789254268839446,1.0,0.0,0.0,0.0,1.0
2366.0,swap,7.814489867137615,806.0,10.0,7.789254268839446,1.0,0.0,1.0,0.0,1.0
2367.0,delete,7.7892542688394455,807.0,10.0,7.789254268839446,2.0,0.0,0.0,1.0,1.0
2368.0,add,7.789254268839446,807.0,10.0,7.789254268839446,2.0,0.0,0.0,1.0,2.0
2369.0,delete,7.871317116233395,807.0,10.0,7.789254268839446,1.0,0.0,0.0,1.0,1.0
2370.0,swap,7.789254268839446,807.0,10.0,7.789254268839446,2.0,0.0,0.0,0.0,2.0
2371.0,swap,7.943634751542659,808.0,11.0,7.943634751542659,1.0,0.0,1.0,1.0,1.0
2372.0,add,7.943634751542659,808.0,11.0,7.943634751542659,1.0,0.0,1.0,2.0,1.0
2373.0,delete,7.871317116233396,808.0,11.0,7.943634751542659,1.0,0.0,0.0,1.0,1.0
2374.0,swap,7.943634751542659,808.0,11.0,7.943634751542659,1.0,0.0,1.0,1.0,1.0
2375.0,delete,7.824995034599563,809.0,8.0,7.782179281949863,2.0,0.0,0.0,1.0,1.0
2376.0,delete,7.824995034599562,810.0,9.0,7.824995034599563,2.0,0.0,0.0,1.0,1.0
2377.0,add,7.67837604351093,810.0,9.0,7.824995034599563,2.0,1.0,0.0,1.0,1.0
2378.0,delete,7.913237338760616,810.0,9.0,7.824995034599563,1.0,0.0,0.0,1.0,1.0
2379.0,swap,7.824962844551716,810.0,9.0,7.824995034599563,2.0,0.0,1.0,1.0,0.0
2380.0,delete,7.913237338760616,811.0,10.0,7.913237338760616,1.0,0.0,0.0,1.0,1.0
2381.0,add,7.913237338760616,811.0,10.0,7.913237338760616,1.0,0.0,0.0,1.0,2.0
2382.0,delete,7.952650045445748,811.0,10.0,7.913237338760616,0.0,0.0,0.0,1.0,1.0
2383.0,swap,7.237002301603011,811.0,10.0,7.913237338760616,1.0,0.0,0.0,1.0,1.0
2384.0,delete,7.824995034599562,812.0,10.0,7.824995034599562,2.0,0.0,0.0,1.0,1.0
2385.0,add,7.701142274112038,812.0,10.0,7.824995034599562,2.0,1.0,0.0,1.0,1.0
2386.0,delete,7.824995034599562,812.0,10.0,7.824995034599562,2.0,0.0,0.0,1.0,0.0
2387.0,swap,7.772182045299822,812.0,10.0,7.824995034599562,1.0,0.0,1.0,1.0,1.0
2388.0,swap,7.824943459071454,813.0,10.0,7.824962844551716,2.0,0.0,1.0,1.0,0.0
2389.0,add,7.824962844551716,813.0,10.0,7.824962844551716,2.0,0.0,1.0,1.0,1.0
2390.0,delete,7.808505000437357,813.0,10.0,7.824962844551716,1.0,0.0,1.0,1.0,0.0
2391.0,swap,7.784913341597844,813.0,10.0,7.824962844551716,1.0,0.0,2.0,1.0,0.0
2392.0,swap,7.912193187743485,814.0,9.0,7.824995034599563,1.0,0.0,1.0,1.0,2.0
2393.0,swap,7.912193187743483,815.0,10.0,7.912193187743485,1.0,0.0,1.0,1.0,2.0
2394.0,add,7.912193187743485,815.0,10.0,7.912193187743485,1.0,0.0,1.0,1.0,3.0
2395.0,delete,7.912193187743485,815.0,10.0,7.912193187743485,1.0,0.0,1.0,1.0,1.0
2396.0,swap,7.912193187743485,815.0,10.0,7.912193187743485,1.0,0.0,1.0,1.0,2.0
2397.0,swap,7.450028711792406,816.0,8.0,7.777173832799833,3.0,1.0,0.0,1.0,0.0
2398.0,add,7.910393703875148,817.0,11.0,7.912193187743485,1.0,0.0,1.0,1.0,3.0
2399.0,add,7.912193187743482,817.0,11.0,7.912193187743485,1.0,1.0,1.0,1.0,3.0
2400.0,delete,7.872626049889219,817.0,11.0,7.912193187743485,0.0,0.0,1.0,1.0,3.0
2401.0,swap,7.890550296241962,817.0,11.0,7.912193187743485,1.0,1.0,1.0,1.0,2.0
2402.0,delete,7.8085108747139405,818.0,10.0,7.8085108747139405,1.0,0.0,0.0,1.0,2.0
2403.0,add,7.419142281979578,818.0,10.0,7.8085108747139405,1.0,0.0,0.0,1.0,3.0
2404.0,delete,7.8085108747139405,818.0,10.0,7.8085108747139405,1.0,0.0,0.0,1.0,1.0
2405.0,swap,7.8085108747139405,818.0,10.0,7.8085108747139405,1.0,0.0,0.0,1.0,2.0
2406.0,delete,7.8085108747139405,819.0,9.0,7.816078880262475,1.0,0.0,0.0,1.0,1.0
2407.0,swap,7.789254268839449,820.0,10.0,7.789254268839446,2.0,0.0,0.0,2.0,0.0
2408.0,add,7.789254268839446,820.0,10.0,7.789254268839446,2.0,0.0,0.0,2.0,1.0
2409.0,delete,7.8085108747139405,820.0,10.0,7.789254268839446,1.0,0.0,0.0,2.0,0.0
2410.0,swap,7.804380337851498,820.0,10.0,7.789254268839446,1.0,1.0,0.0,2.0,0.0
2411.0,delete,7.789254268839446,821.0,10.0,7.7892542688394455,2.0,0.0,0.0,2.0,0.0
2412.0,add,7.7892542688394455,821.0,10.0,7.7892542688394455,2.0,0.0,0.0,2.0,1.0
2413.0,delete,7.8085108747139405,821.0,10.0,7.7892542688394455,1.0,0.0,0.0,2.0,0.0
2414.0,swap,7.679728914964709,821.0,10.0,7.7892542688394455,2.0,1.0,0.0,1.0,0.0
2415.0,swap,7.633451789320415,822.0,7.0,7.746463160080279,3.0,0.0,1.0,1.0,0.0
2416.0,swap,7.582741607431478,823.0,8.0,7.633451789320415,3.0,0.0,1.0,1.0,0.0
2417.0,add,7.633451789320415,823.0,8.0,7.633451789320415,3.0,0.0,1.0,1.0,1.0
2418.0,delete,7.621403553523871,823.0,8.0,7.633451789320415,2.0,0.0,1.0,1.0,0.0
2419.0,swap,7.580350524419823,823.0,8.0,7.633451789320415,2.0,0.0,1.0,1.0,1.0
2420.0,add,7.64044647483158,824.0,9.0,7.633451789320415,3.0,0.0,1.0,1.0,1.0
2421.0,add,7.633451789320415,824.0,9.0,7.633451789320415,3.0,0.0,1.0,1.0,2.0
2422.0,delete,7.7659504787319555,824.0,9.0,7.633451789320415,2.0,0.0,1.0,1.0,1.0
2423.0,swap,7.190641336430542,824.0,9.0,7.633451789320415,2.0,0.0,1.0,1.0,2.0
2424.0,delete,7.589574302445794,825.0,9.0,7.621403553523871,2.0,0.0,1.0,1.0,0.0
2425.0,add,7.621403553523871,825.0,9.0,7.621403553523871,2.0,0.0,1.0,1.0,1.0
2426.0,delete,7.711703045536057,825.0,9.0,7.621403553523871,2.0,0.0,0.0,1.0,0.0
2427.0,swap,7.596068203844181,825.0,9.0,7.621403553523871,2.0,0.0,1.0,1.0,0.0
2428.0,swap,7.5817708450096095,826.0,9.0,7.582741607431478,3.0,0.0,1.0,1.0,0.0
2429.0,add,7.30623791808032,826.0,9.0,7.582741607431478,3.0,0.0,1.0,1.0,1.0
2430.0,delete,7.697512530646566,826.0,9.0,7.582741607431478,3.0,0.0,0.0,1.0,0.0
2431.0,swap,7.740936011969703,826.0,9.0,7.582741607431478,2.0,0.0,1.0,2.0,0.0
2432.0,change,7.541339790093139,827.0,9.0,7.541339790093142,3.0,0.0,0.0,1.0,0.0
2433.0,add,7.541339790093139,827.0,9.0,7.541339790093142,3.0,0.0,0.0,2.0,0.0
2434.0,delete,7.771603199878181,827.0,9.0,7.541339790093142,2.0,0.0,0.0,1.0,0.0
2435.0,swap,7.218955172703412,827.0,9.0,7.541339790093142,2.0,1.0,0.0,1.0,0.0
2436.0,swap,7.824995034599562,828.0,9.0,7.8136574980420175,2.0,0.0,0.0,1.0,1.0
2437.0,swap,7.824995034599564,829.0,10.0,7.824995034599562,2.0,0.0,0.0,1.0,1.0
2438.0,add,7.437303800741191,829.0,10.0,7.824995034599562,2.0,0.0,1.0,1.0,1.0
2439.0,delete,7.913237338760614,829.0,10.0,7.824995034599562,1.0,0.0,0.0,1.0,1.0
2440.0,swap,7.720922616882991,829.0,10.0,7.824995034599562,1.0,0.0,1.0,1.0,1.0
2441.0,delete,7.913237338760614,830.0,11.0,7.913237338760616,1.0,0.0,0.0,1.0,0.0
2442.0,add,7.913237338760616,830.0,11.0,7.913237338760616,1.0,0.0,0.0,1.0,1.0
2443.0,delete,7.952650045445748,830.0,11.0,7.913237338760616,0.0,0.0,0.0,1.0,0.0
2444.0,swap,7.812215353484934,830.0,11.0,7.913237338760616,0.0,1.0,0.0,1.0,0.0
2445.0,add,7.771603199878181,831.0,9.0,7.78288970031001,2.0,1.0,0.0,1.0,0.0
2446.0,swap,7.907233000069791,832.0,11.0,7.904213698893251,1.0,0.0,1.0,0.0,0.0
2447.0,add,7.662641095970717,832.0,11.0,7.904213698893251,1.0,0.0,2.0,0.0,0.0
2448.0,delete,7.947468250517202,832.0,11.0,7.904213698893251,0.0,0.0,1.0,0.0,0.0
2449.0,swap,7.913237338760613,832.0,11.0,7.904213698893251,1.0,0.0,0.0,1.0,0.0
2450.0,swap,7.913237338760615,833.0,11.0,7.913237338760615,1.0,0.0,0.0,1.0,1.0
2451.0,add,7.623831927669852,833.0,11.0,7.913237338760615,1.0,1.0,0.0,1.0,1.0
2452.0,delete,7.952650045445747,833.0,11.0,7.913237338760615,0.0,0.0,0.0,1.0,1.0
2453.0,swap,7.913237338760615,833.0,11.0,7.913237338760615,1.0,0.0,0.0,1.0,1.0
2454.0,add,7.771603199878181,834.0,10.0,7.771603199878181,2.0,1.0,0.0,1.0,0.0
2455.0,add,7.771603199878181,834.0,10.0,7.771603199878181,2.0,1.0,0.0,1.0,1.0
2456.0,delete,7.771603199878181,834.0,10.0,7.771603199878181,2.0,1.0,0.0,0.0,0.0
2457.0,swap,7.672095168013733,834.0,10.0,7.771603199878181,2.0,0.0,1.0,1.0,0.0
2458.0,delete,7.8085108747139405,835.0,9.0,7.856745027257298,1.0,0.0,0.0,1.0,0.0
2459.0,add,7.690932018551443,836.0,10.0,7.824995034599562,2.0,0.0,0.0,0.0,2.0
2460.0,delete,7.8085108747139405,836.0,10.0,7.824995034599562,1.0,0.0,0.0,0.0,1.0
2461.0,swap,7.824995034599563,836.0,10.0,7.824995034599562,2.0,0.0,0.0,1.0,0.0
2462.0,add,7.751233228221587,837.0,10.0,7.751233228221585,3.0,0.0,0.0,1.0,1.0
2463.0,add,7.628949173622458,837.0,10.0,7.751233228221585,3.0,1.0,0.0,1.0,1.0
2464.0,delete,7.751233228221585,837.0,10.0,7.751233228221585,3.0,0.0,0.0,1.0,0.0
2465.0,swap,7.824995034599563,837.0,10.0,7.751233228221585,2.0,0.0,0.0,2.0,1.0
2466.0,swap,7.807950720121132,838.0,9.0,7.763850888355546,1.0,1.0,0.0,1.0,0.0
2467.0,delete,7.808510874713941,839.0,10.0,7.8085108747139405,1.0,0.0,0.0,1.0,0.0
2468.0,add,7.769997662964942,839.0,10.0,7.8085108747139405,1.0,0.0,0.0,1.0,1.0
2469.0,delete,7.952650045445748,839.0,10.0,7.8085108747139405,0.0,0.0,0.0,1.0,0.0
2470.0,swap,7.819229334405355,839.0,10.0,7.8085108747139405,0.0,0.0,1.0,1.0,0.0
2471.0,swap,7.807950720121131,840.0,10.0,7.807950720121132,1.0,1.0,0.0,1.0,0.0
2472.0,add,7.4129801469335925,840.0,10.0,7.807950720121132,1.0,1.0,0.0,1.0,1.0
2473.0,delete,7.949265424775975,840.0,10.0,7.807950720121132,0.0,1.0,0.0,1.0,0.0
2474.0,swap,7.8079507201211324,840.0,10.0,7.807950720121132,1.0,1.0,0.0,1.0,0.0
2475.0,add,7.913237338760615,841.0,11.0,7.913237338760615,1.0,0.0,0.0,1.0,0.0
2476.0,delete,7.952650045445748,841.0,11.0,7.913237338760615,0.0,0.0,0.0,0.0,0.0
2477.0,swap,7.942395617443769,841.0,11.0,7.913237338760615,0.0,0.0,1.0,0.0,0.0
2478.0,delete,7.824995034599562,842.0,9.0,7.842323892532341,2.0,0.0,0.0,0.0,0.0
2479.0,add,7.824995034599562,843.0,10.0,7.824995034599562,2.0,0.0,0.0,0.0,1.0
2480.0,delete,7.8085108747139405,843.0,10.0,7.824995034599562,1.0,0.0,0.0,0.0,0.0
2481.0,swap,7.8085108747139405,843.0,10.0,7.824995034599562,1.0,0.0,0.0,0.0,1.0
2482.0,add,7.913237338760615,844.0,11.0,7.913237338760616,1.0,0.0,0.0,1.0,2.0
2483.0,add,7.690605731372855,844.0,11.0,7.913237338760616,1.0,0.0,0.0,1.0,3.0
2484.0,delete,7.913237338760616,844.0,11.0,7.913237338760616,1.0,0.0,0.0,1.0,1.0
2485.0,swap,6.722778533321866,844.0,11.0,7.913237338760616,1.0,1.0,0.0,0.0,2.0
2486.0,delete,7.7892542688394455,845.0,10.0,7.789254268839446,2.0,0.0,0.0,1.0,0.0
2487.0,add,7.789254268839446,845.0,10.0,7.789254268839446,2.0,0.0,0.0,1.0,1.0
2488.0,delete,7.871317116233394,845.0,10.0,7.789254268839446,1.0,0.0,0.0,1.0,0.0
2489.0,swap,7.808510874713939,845.0,10.0,7.789254268839446,1.0,0.0,0.0,1.0,1.0
2490.0,change,7.735089089637366,846.0,8.0,7.7731519040851795,3.0,0.0,0.0,1.0,0.0
2491.0,change,7.7350890896373645,847.0,9.0,7.735089089637366,3.0,0.0,0.0,1.0,0.0
2492.0,add,7.517481979420297,847.0,9.0,7.735089089637366,3.0,0.0,0.0,1.0,1.0
2493.0,delete,7.761255070460557,847.0,9.0,7.735089089637366,2.0,0.0,0.0,1.0,0.0
2494.0,swap,7.727501794287736,847.0,9.0,7.735089089637366,3.0,0.0,1.0,0.0,0.0
2495.0,add,7.615965802302072,848.0,9.0,7.583046141774403,4.0,0.0,0.0,0.0,2.0
2496.0,delete,7.751233228221587,848.0,9.0,7.583046141774403,3.0,0.0,0.0,0.0,1.0
2497.0,swap,7.45804752573349,848.0,9.0,7.583046141774403,3.0,1.0,0.0,0.0,1.0
2498.0,add,7.751233228221585,849.0,10.0,7.751233228221588,3.0,0.0,0.0,1.0,1.0
2499.0,add,7.751233228221588,849.0,10.0,7.751233228221588,3.0,0.0,0.0,1.0,2.0
2500.0,delete,7.795050278006043,849.0,10.0,7.751233228221588,2.0,0.0,0.0,1.0,1.0
2501.0,swap,7.795050278006045,849.0,10.0,7.751233228221588,2.0,0.0,0.0,2.0,1.0
2502.0,delete,7.751233228221587,850.0,9.0,7.811488766420267,3.0,0.0,0.0,0.0,0.0
2503.0,swap,7.7716031998781805,851.0,9.0,7.804991881003092,2.0,1.0,0.0,1.0,0.0
2504.0,delete,7.913237338760616,852.0,9.0,7.8416884891538565,1.0,0.0,0.0,1.0,0.0
2505.0,delete,7.913237338760613,853.0,10.0,7.913237338760616,1.0,0.0,0.0,1.0,0.0
2506.0,add,7.913237338760616,853.0,10.0,7.913237338760616,1.0,0.0,0.0,1.0,1.0
2507.0,delete,7.952650045445748,853.0,10.0,7.913237338760616,0.0,0.0,0.0,1.0,0.0
2508.0,swap,7.952650045445748,853.0,10.0,7.913237338760616,0.0,0.0,0.0,1.0,1.0
2509.0,delete,7.952650045445748,854.0,11.0,7.952650045445748,0.0,0.0,0.0,1.0,0.0
2510.0,add,7.952650045445748,854.0,11.0,7.952650045445748,0.0,0.0,0.0,1.0,1.0
2511.0,delete,7.952650045445748,854.0,11.0,7.952650045445748,0.0,0.0,0.0,0.0,0.0
2512.0,swap,7.952650045445748,854.0,11.0,7.952650045445748,0.0,0.0,0.0,0.0,1.0
2513.0,swap,7.952650045445748,855.0,11.0,7.952650045445748,0.0,0.0,0.0,1.0,1.0
2514.0,add,7.397040644518788,855.0,11.0,7.952650045445748,0.0,0.0,0.0,1.0,2.0
2515.0,delete,7.952650045445748,855.0,11.0,7.952650045445748,0.0,0.0,0.0,1.0,0.0
2516.0,swap,7.877279665121655,855.0,11.0,7.952650045445748,0.0,0.0,1.0,1.0,0.0
2517.0,swap,7.913237338760616,856.0,9.0,7.843093107156619,1.0,0.0,0.0,2.0,0.0
2518.0,swap,7.9132373387606165,857.0,10.0,7.913237338760616,1.0,0.0,0.0,2.0,0.0
2519.0,add,7.913237338760614,857.0,10.0,7.913237338760616,1.0,0.0,0.0,3.0,0.0
2520.0,delete,7.9132373387606165,857.0,10.0,7.913237338760616,1.0,0.0,0.0,1.0,0.0
2521.0,swap,7.913237338760616,857.0,10.0,7.913237338760616,1.0,0.0,0.0,1.0,1.0
2522.0,delete,7.913237338760613,858.0,11.0,7.9132373387606165,1.0,0.0,0.0,1.0,0.0
2523.0,add,7.913237338760615,858.0,11.0,7.9132373387606165,1.0,0.0,0.0,2.0,0.0
2524.0,delete,7.952650045445749,858.0,11.0,7.9132373387606165,0.0,0.0,0.0,1.0,0.0
2525.0,swap,7.888729546434028,858.0,11.0,7.9132373387606165,0.0,0.0,1.0,1.0,0.0
2526.0,delete,7.913237338760614,859.0,11.0,7.913237338760616,1.0,0.0,0.0,1.0,0.0
2527.0,add,7.9132373387606165,859.0,11.0,7.913237338760616,1.0,0.0,0.0,2.0,0.0
2528.0,delete,7.913237338760615,859.0,11.0,7.913237338760616,1.0,0.0,0.0,0.0,0.0
2529.0,swap,7.846819974209805,859.0,11.0,7.913237338760616,1.0,0.0,1.0,0.0,0.0
2530.0,swap,7.913237338760613,860.0,11.0,7.9132373387606165,1.0,0.0,0.0,2.0,0.0
2531.0,add,7.609272802160506,860.0,11.0,7.9132373387606165,1.0,0.0,0.0,2.0,1.0
2532.0,delete,7.9132373387606165,860.0,11.0,7.9132373387606165,1.0,0.0,0.0,1.0,0.0
2533.0,swap,7.875833443951292,860.0,11.0,7.9132373387606165,1.0,0.0,1.0,1.0,0.0
2534.0,change,7.771603199878181,861.0,9.0,7.826898513053138,2.0,0.0,0.0,1.0,0.0
2535.0,delete,7.952650045445748,862.0,11.0,7.952650045445748,0.0,0.0,0.0,1.0,0.0
2536.0,add,7.952650045445748,862.0,11.0,7.952650045445748,0.0,0.0,0.0,1.0,1.0
2537.0,delete,7.952650045445748,862.0,11.0,7.952650045445748,0.0,0.0,0.0,0.0,0.0
2538.0,swap,7.864750318278487,862.0,11.0,7.952650045445748,0.0,1.0,0.0,0.0,0.0
2539.0,change,7.771603199878181,863.0,10.0,7.771603199878181,2.0,0.0,0.0,1.0,0.0
2540.0,add,7.3570852382793,863.0,10.0,7.771603199878181,2.0,0.0,0.0,1.0,1.0
2541.0,delete,7.871317116233396,863.0,10.0,7.771603199878181,1.0,0.0,0.0,1.0,0.0
2542.0,swap,7.799183472146524,863.0,10.0,7.771603199878181,1.0,1.0,0.0,1.0,0.0
2543.0,swap,7.824995034599562,864.0,9.0,7.7559301781415,2.0,1.0,0.0,0.0,0.0
2544.0,swap,7.824995034599564,865.0,10.0,7.824995034599562,2.0,1.0,0.0,0.0,0.0
2545.0,add,7.824995034599562,865.0,10.0,7.824995034599562,2.0,1.0,0.0,0.0,1.0
2546.0,delete,7.824995034599562,865.0,10.0,7.824995034599562,2.0,0.0,0.0,0.0,0.0
2547.0,swap,7.797453107933274,865.0,10.0,7.824995034599562,1.0,1.0,1.0,0.0,0.0
2548.0,swap,7.824995034599564,866.0,11.0,7.824995034599564,2.0,1.0,0.0,0.0,0.0
2549.0,add,7.824995034599564,866.0,11.0,7.824995034599564,2.0,1.0,0.0,0.0,1.0
2550.0,delete,7.9132373387606165,866.0,11.0,7.824995034599564,1.0,1.0,0.0,0.0,0.0
2551.0,swap,7.769235599967541,866.0,11.0,7.824995034599564,1.0,2.0,0.0,0.0,0.0
2552.0,swap,7.91994760691153,867.0,11.0,7.919947606911529,0.0,1.0,0.0,1.0,0.0
2553.0,add,7.91994760691153,867.0,11.0,7.919947606911529,0.0,1.0,0.0,2.0,0.0
2554.0,delete,7.9199476069115295,867.0,11.0,7.919947606911529,0.0,1.0,0.0,0.0,0.0
2555.0,swap,7.711511156988937,867.0,11.0,7.919947606911529,0.0,1.0,1.0,0.0,0.0
2556.0,swap,7.795050278006042,868.0,9.0,7.800681938926165,2.0,0.0,0.0,1.0,0.0
2557.0,swap,7.913237338760615,869.0,11.0,7.913237338760616,1.0,0.0,0.0,1.0,1.0
2558.0,add,7.5148070020664886,869.0,11.0,7.913237338760616,1.0,0.0,0.0,1.0,2.0
2559.0,delete,7.913237338760615,869.0,11.0,7.913237338760616,1.0,0.0,0.0,0.0,1.0
2560.0,swap,7.913237338760615,869.0,11.0,7.913237338760616,1.0,0.0,0.0,0.0,2.0
2561.0,change,7.795050278006042,870.0,9.0,7.73679845090809,2.0,0.0,0.0,1.0,0.0
2562.0,swap,7.795050278006042,871.0,10.0,7.795050278006042,2.0,0.0,0.0,1.0,0.0
2563.0,add,7.684988232233206,871.0,10.0,7.795050278006042,2.0,0.0,0.0,1.0,1.0
2564.0,delete,7.808510874713939,871.0,10.0,7.795050278006042,1.0,0.0,0.0,1.0,0.0
2565.0,swap,7.772775045636747,871.0,10.0,7.795050278006042,2.0,0.0,1.0,0.0,0.0
2566.0,delete,7.871317116233396,872.0,10.0,7.952650045445748,1.0,0.0,0.0,0.0,0.0
2567.0,add,7.871317116233396,873.0,11.0,7.871317116233396,1.0,0.0,0.0,1.0,1.0
2568.0,delete,7.871317116233396,873.0,11.0,7.871317116233396,1.0,0.0,0.0,0.0,0.0
2569.0,swap,7.871317116233395,873.0,11.0,7.871317116233396,1.0,0.0,0.0,1.0,0.0
2570.0,change,7.795050278006043,874.0,10.0,7.795050278006042,2.0,0.0,0.0,1.0,0.0
2571.0,add,7.712987430612095,874.0,10.0,7.795050278006042,2.0,0.0,0.0,1.0,1.0
2572.0,delete,7.795050278006042,874.0,10.0,7.795050278006042,2.0,0.0,0.0,0.0,0.0
2573.0,swap,7.181091306526531,874.0,10.0,7.795050278006042,1.0,0.0,0.0,1.0,1.0
2574.0,add,7.543974247422145,875.0,10.0,7.751233228221587,3.0,0.0,0.0,0.0,1.0
2575.0,delete,7.771603199878181,875.0,10.0,7.751233228221587,2.0,0.0,0.0,0.0,0.0
2576.0,swap,7.68607474034424,875.0,10.0,7.751233228221587,2.0,1.0,0.0,0.0,0.0
2577.0,add,7.913237338760615,876.0,11.0,7.913237338760616,1.0,0.0,0.0,1.0,1.0
2578.0,add,7.609272802160365,876.0,11.0,7.913237338760616,1.0,0.0,0.0,1.0,2.0
2579.0,delete,7.952650045445748,876.0,11.0,7.913237338760616,0.0,0.0,0.0,1.0,1.0
2580.0,swap,7.943504509176616,876.0,11.0,7.913237338760616,0.0,1.0,0.0,1.0,1.0
2581.0,delete,7.8713171162333975,877.0,11.0,7.8713171162333975,1.0,0.0,0.0,2.0,0.0
2582.0,add,7.836692867459986,877.0,11.0,7.8713171162333975,1.0,0.0,1.0,2.0,0.0
2583.0,delete,7.952650045445748,877.0,11.0,7.8713171162333975,0.0,0.0,0.0,2.0,0.0
2584.0,swap,7.665810412700502,877.0,11.0,7.8713171162333975,1.0,1.0,0.0,1.0,0.0
2585.0,add,7.871317116233395,878.0,11.0,7.871317116233396,1.0,0.0,0.0,1.0,0.0
2586.0,delete,7.952650045445748,878.0,11.0,7.871317116233396,0.0,0.0,0.0,0.0,0.0
2587.0,swap,7.936154948214498,878.0,11.0,7.871317116233396,0.0,1.0,0.0,0.0,0.0
2588.0,delete,7.913237338760615,879.0,10.0,7.907859806531759,1.0,0.0,0.0,0.0,0.0
2589.0,delete,7.952650045445748,880.0,10.0,7.900915483042505,0.0,0.0,0.0,1.0,1.0
2590.0,delete,7.952650045445748,881.0,11.0,7.952650045445748,0.0,0.0,0.0,1.0,1.0
2591.0,add,7.952650045445748,881.0,11.0,7.952650045445748,0.0,0.0,0.0,1.0,2.0
2592.0,delete,7.952650045445748,881.0,11.0,7.952650045445748,0.0,0.0,0.0,0.0,1.0
2593.0,swap,7.664371703982135,881.0,11.0,7.952650045445748,0.0,0.0,0.0,0.0,2.0
2594.0,delete,7.871317116233397,882.0,11.0,7.871317116233396,1.0,0.0,0.0,1.0,0.0
2595.0,add,7.5530838952815555,882.0,11.0,7.871317116233396,1.0,1.0,0.0,1.0,0.0
2596.0,delete,7.871317116233396,882.0,11.0,7.871317116233396,1.0,0.0,0.0,0.0,0.0
2597.0,swap,7.952650045445747,882.0,11.0,7.871317116233396,0.0,0.0,0.0,2.0,0.0
2598.0,add,7.913237338760616,883.0,11.0,7.913237338760614,1.0,0.0,0.0,3.0,0.0
2599.0,add,7.913237338760614,883.0,11.0,7.913237338760614,1.0,0.0,0.0,3.0,1.0
2600.0,delete,7.913237338760616,883.0,11.0,7.913237338760614,1.0,0.0,0.0,2.0,0.0
2601.0,swap,7.898226197998945,883.0,11.0,7.913237338760614,1.0,0.0,1.0,2.0,0.0
2602.0,add,7.771603199878182,884.0,9.0,7.785673350779724,2.0,0.0,0.0,2.0,0.0
2603.0,swap,7.249761686153067,885.0,9.0,7.8679088626355975,1.0,0.0,1.0,1.0,0.0
2604.0,add,7.913237338760615,886.0,11.0,7.913237338760615,1.0,0.0,0.0,0.0,1.0
2605.0,delete,7.952650045445748,886.0,11.0,7.913237338760615,0.0,0.0,0.0,0.0,0.0
2606.0,swap,7.864627998882277,886.0,11.0,7.913237338760615,0.0,0.0,1.0,0.0,0.0
2607.0,add,7.690605731372854,887.0,11.0,7.913237338760615,1.0,0.0,0.0,0.0,2.0
2608.0,delete,7.952650045445748,887.0,11.0,7.913237338760615,0.0,0.0,0.0,0.0,1.0
2609.0,swap,7.752260312326217,887.0,11.0,7.913237338760615,1.0,1.0,0.0,0.0,0.0
2610.0,add,7.824995034599562,888.0,11.0,7.824995034599562,2.0,0.0,0.0,1.0,0.0
2611.0,add,7.702208215851025,888.0,11.0,7.824995034599562,2.0,1.0,0.0,1.0,0.0
2612.0,delete,7.913237338760616,888.0,11.0,7.824995034599562,1.0,0.0,0.0,1.0,0.0
2613.0,swap,7.824995034599562,888.0,11.0,7.824995034599562,2.0,0.0,0.0,0.0,1.0
2614.0,add,7.913237338760615,889.0,11.0,7.913237338760615,1.0,0.0,0.0,0.0,1.0
2615.0,delete,7.952650045445748,889.0,11.0,7.913237338760615,0.0,0.0,0.0,0.0,0.0
2616.0,swap,7.952650045445747,889.0,11.0,7.913237338760615,0.0,0.0,0.0,1.0,0.0
2617.0,add,7.9514702562427955,890.0,12.0,7.952650045445748,0.0,0.0,1.0,0.0,0.0
2618.0,swap,7.952650045445749,891.0,12.0,7.952650045445747,0.0,0.0,0.0,1.0,0.0
2619.0,add,7.952650045445747,891.0,12.0,7.952650045445747,0.0,0.0,0.0,1.0,1.0
2620.0,delete,7.952650045445748,891.0,12.0,7.952650045445747,0.0,0.0,0.0,0.0,0.0
2621.0,swap,7.952650045445748,891.0,12.0,7.952650045445747,0.0,0.0,0.0,1.0,0.0
2622.0,swap,7.748134475511657,892.0,10.0,7.866958676842316,1.0,0.0,1.0,0.0,0.0
2623.0,add,7.771603199878181,893.0,10.0,7.771603199878182,2.0,0.0,0.0,2.0,0.0
2624.0,add,7.771603199878182,893.0,10.0,7.771603199878182,2.0,0.0,0.0,3.0,0.0
2625.0,delete,7.871317116233397,893.0,10.0,7.771603199878182,1.0,0.0,0.0,2.0,0.0
2626.0,swap,7.771603199878182,893.0,10.0,7.771603199878182,2.0,0.0,0.0,2.0,0.0
2627.0,add,7.824995034599561,894.0,11.0,7.824995034599562,2.0,1.0,0.0,0.0,1.0
2628.0,add,7.824995034599562,894.0,11.0,7.824995034599562,2.0,1.0,0.0,0.0,2.0
2629.0,delete,7.824995034599562,894.0,11.0,7.824995034599562,2.0,0.0,0.0,0.0,1.0
2630.0,swap,7.804956894288238,894.0,11.0,7.824995034599562,2.0,2.0,0.0,0.0,0.0
2631.0,delete,7.913237338760615,895.0,11.0,7.913237338760613,1.0,0.0,0.0,1.0,0.0
2632.0,add,7.913237338760613,895.0,11.0,7.913237338760613,1.0,0.0,0.0,2.0,0.0
2633.0,delete,7.913237338760615,895.0,11.0,7.913237338760613,1.0,0.0,0.0,0.0,0.0
2634.0,swap,7.913237338760613,895.0,11.0,7.913237338760613,1.0,0.0,0.0,1.0,0.0
2635.0,add,7.504043009408632,896.0,11.0,7.771603199878181,2.0,0.0,0.0,0.0,2.0
2636.0,delete,7.771603199878181,896.0,11.0,7.771603199878181,2.0,0.0,0.0,0.0,0.0
2637.0,swap,7.871317116233396,896.0,11.0,7.771603199878181,1.0,0.0,0.0,1.0,1.0
2638.0,add,7.824995034599562,897.0,11.0,7.824995034599562,2.0,0.0,0.0,1.0,1.0
2639.0,add,7.824995034599562,897.0,11.0,7.824995034599562,2.0,0.0,0.0,1.0,2.0
2640.0,delete,7.8414791944851885,897.0,11.0,7.824995034599562,1.0,0.0,0.0,1.0,1.0
2641.0,swap,7.824995034599562,897.0,11.0,7.824995034599562,2.0,0.0,0.0,1.0,1.0
2642.0,add,7.739380046491012,898.0,11.0,7.824995034599562,2.0,0.0,1.0,0.0,1.0
2643.0,delete,7.913237338760615,898.0,11.0,7.824995034599562,1.0,0.0,0.0,0.0,1.0
2644.0,swap,7.747551119098638,898.0,11.0,7.824995034599562,1.0,0.0,1.0,0.0,1.0
2645.0,delete,7.871317116233396,899.0,10.0,7.910938180462313,1.0,0.0,0.0,0.0,0.0
2646.0,add,7.871317116233396,900.0,11.0,7.871317116233396,1.0,0.0,0.0,0.0,1.0
2647.0,delete,7.952650045445748,900.0,11.0,7.871317116233396,0.0,0.0,0.0,0.0,0.0
2648.0,swap,7.952650045445748,900.0,11.0,7.871317116233396,0.0,0.0,0.0,0.0,1.0
2649.0,add,7.952650045445748,901.0,12.0,7.952650045445748,0.0,0.0,0.0,0.0,1.0
2650.0,add,7.952650045445748,902.0,12.0,7.952650045445748,0.0,0.0,0.0,1.0,0.0
2651.0,add,7.952650045445749,903.0,12.0,7.952650045445748,0.0,0.0,0.0,1.0,1.0
2652.0,delete,7.952650045445748,903.0,12.0,7.952650045445748,0.0,0.0,0.0,0.0,0.0
2653.0,swap,7.884900551389467,903.0,12.0,7.952650045445748,0.0,0.0,1.0,0.0,0.0
2654.0,add,7.771603199878181,904.0,11.0,7.771603199878181,2.0,0.0,0.0,0.0,2.0
2655.0,delete,7.771603199878181,904.0,11.0,7.771603199878181,2.0,0.0,0.0,0.0,0.0
2656.0,swap,7.76841935781511,904.0,11.0,7.771603199878181,1.0,1.0,0.0,0.0,1.0
2657.0,add,7.8085108747139405,905.0,11.0,7.8085108747139405,1.0,0.0,0.0,0.0,2.0
2658.0,delete,7.952650045445748,905.0,11.0,7.8085108747139405,0.0,0.0,0.0,0.0,1.0
2659.0,swap,7.719553046588409,905.0,11.0,7.8085108747139405,0.0,1.0,0.0,0.0,1.0
2660.0,delete,7.8085108747139405,906.0,11.0,7.808510874713939,1.0,0.0,0.0,1.0,0.0
2661.0,add,7.80851087471394,906.0,11.0,7.808510874713939,1.0,0.0,0.0,2.0,0.0
2662.0,delete,7.8085108747139405,906.0,11.0,7.808510874713939,1.0,0.0,0.0,0.0,0.0
2663.0,swap,7.8085108747139405,906.0,11.0,7.808510874713939,1.0,0.0,0.0,0.0,1.0
2664.0,swap,7.779070232725376,907.0,10.0,7.827188356976358,1.0,0.0,1.0,0.0,0.0
2665.0,swap,7.871317116233395,908.0,11.0,7.871317116233396,1.0,0.0,0.0,1.0,1.0
2666.0,add,7.67923811944129,908.0,11.0,7.871317116233396,1.0,0.0,1.0,1.0,1.0
2667.0,delete,7.952650045445749,908.0,11.0,7.871317116233396,0.0,0.0,0.0,1.0,1.0
2668.0,swap,7.568964040929346,908.0,11.0,7.871317116233396,1.0,0.0,0.0,0.0,2.0
2669.0,add,7.68336089571713,909.0,9.0,7.8216982026224375,2.0,0.0,0.0,2.0,1.0
2670.0,add,7.952650045445749,910.0,13.0,7.952650045445748,0.0,0.0,0.0,1.0,0.0
2671.0,add,7.802696381499425,910.0,13.0,7.952650045445748,0.0,1.0,0.0,1.0,0.0
2672.0,delete,7.952650045445748,910.0,13.0,7.952650045445748,0.0,0.0,0.0,0.0,0.0
2673.0,swap,7.952650045445749,910.0,13.0,7.952650045445748,0.0,0.0,0.0,1.0,0.0
2674.0,delete,7.8085108747139405,911.0,10.0,7.839186608987687,1.0,0.0,0.0,0.0,0.0
2675.0,swap,7.794916093638508,912.0,11.0,7.779070232725376,1.0,0.0,1.0,0.0,0.0
2676.0,add,7.779070232725376,912.0,11.0,7.779070232725376,1.0,0.0,1.0,1.0,0.0
2677.0,delete,7.871317116233396,912.0,11.0,7.779070232725376,1.0,0.0,0.0,0.0,0.0
2678.0,swap,7.916188741996713,912.0,11.0,7.779070232725376,0.0,0.0,1.0,0.0,1.0
2679.0,swap,7.704404635272882,913.0,10.0,7.822306210365509,1.0,1.0,0.0,0.0,0.0
2680.0,add,7.685945235472831,914.0,9.0,7.720277865988881,2.0,1.0,0.0,1.0,0.0
2681.0,delete,7.871317116233396,915.0,11.0,7.871317116233396,1.0,0.0,0.0,1.0,1.0
2682.0,add,7.726917776468799,915.0,11.0,7.871317116233396,1.0,0.0,1.0,1.0,1.0
2683.0,delete,7.871317116233396,915.0,11.0,7.871317116233396,1.0,0.0,0.0,1.0,0.0
2684.0,swap,7.196985893527347,915.0,11.0,7.871317116233396,1.0,0.0,1.0,0.0,1.0
2685.0,swap,7.871317116233392,916.0,11.0,7.871317116233394,1.0,0.0,0.0,3.0,0.0
2686.0,add,7.871317116233394,916.0,11.0,7.871317116233394,1.0,0.0,0.0,3.0,1.0
2687.0,delete,7.871317116233396,916.0,11.0,7.871317116233394,1.0,0.0,0.0,2.0,0.0
2688.0,swap,7.871317116233396,916.0,11.0,7.871317116233394,1.0,0.0,0.0,3.0,0.0
2689.0,add,7.643873740354017,917.0,10.0,7.643873740354017,2.0,0.0,0.0,2.0,1.0
2690.0,add,7.561061470352879,917.0,10.0,7.643873740354017,2.0,0.0,1.0,2.0,1.0
2691.0,delete,7.643873740354019,917.0,10.0,7.643873740354017,2.0,0.0,0.0,1.0,1.0
2692.0,swap,7.702905515157641,917.0,10.0,7.643873740354017,2.0,0.0,1.0,2.0,0.0
2693.0,delete,7.829306583940596,918.0,11.0,7.82648460868086,1.0,0.0,1.0,0.0,0.0
2694.0,add,7.82648460868086,918.0,11.0,7.82648460868086,1.0,0.0,1.0,0.0,1.0
2695.0,delete,7.900151091354136,918.0,11.0,7.82648460868086,0.0,0.0,1.0,0.0,0.0
2696.0,swap,7.493505908186122,918.0,11.0,7.82648460868086,0.0,1.0,1.0,0.0,0.0
2697.0,change,7.913237338760614,919.0,10.0,7.863238797879488,1.0,0.0,0.0,1.0,1.0
2698.0,change,7.913237338760615,920.0,11.0,7.913237338760614,1.0,0.0,0.0,1.0,1.0
2699.0,add,7.913237338760614,920.0,11.0,7.913237338760614,1.0,0.0,0.0,1.0,2.0
2700.0,delete,7.952650045445748,920.0,11.0,7.913237338760614,0.0,0.0,0.0,1.0,1.0
2701.0,swap,7.913237338760614,920.0,11.0,7.913237338760614,1.0,0.0,0.0,1.0,1.0
2702.0,delete,7.913237338760616,921.0,10.0,7.916218321632324,1.0,0.0,0.0,1.0,0.0
2703.0,add,7.913237338760616,922.0,10.0,7.910235110608281,1.0,0.0,0.0,2.0,1.0
2704.0,add,7.834833657679059,923.0,11.0,7.763333382363559,1.0,0.0,1.0,1.0,1.0
2705.0,add,7.679507652159064,923.0,11.0,7.763333382363559,1.0,1.0,1.0,1.0,1.0
2706.0,delete,7.763333382363558,923.0,11.0,7.763333382363559,1.0,0.0,1.0,0.0,1.0
2707.0,swap,7.395723441582806,923.0,11.0,7.763333382363559,1.0,1.0,1.0,1.0,0.0
2708.0,change,7.824995034599562,924.0,9.0,7.805036805971911,2.0,0.0,0.0,1.0,0.0
2709.0,delete,7.913237338760614,925.0,11.0,7.913237338760615,1.0,0.0,0.0,1.0,0.0
2710.0,add,7.913237338760614,925.0,11.0,7.913237338760615,1.0,0.0,0.0,2.0,0.0
2711.0,delete,7.913237338760615,925.0,11.0,7.913237338760615,1.0,0.0,0.0,0.0,0.0
2712.0,swap,7.695959761088036,925.0,11.0,7.913237338760615,1.0,1.0,0.0,0.0,0.0
2713.0,change,7.824995034599562,926.0,10.0,7.824995034599562,2.0,0.0,0.0,1.0,0.0
2714.0,add,7.768384725004269,926.0,10.0,7.824995034599562,2.0,1.0,0.0,1.0,0.0
2715.0,delete,7.808510874713939,926.0,10.0,7.824995034599562,1.0,0.0,0.0,1.0,0.0
2716.0,swap,7.6516690737438475,926.0,10.0,7.824995034599562,1.0,1.0,0.0,1.0,0.0
2717.0,delete,7.751233228221587,927.0,10.0,7.751233228221587,3.0,0.0,0.0,1.0,0.0
2718.0,add,7.751233228221588,927.0,10.0,7.751233228221587,3.0,0.0,0.0,2.0,0.0
2719.0,delete,7.824995034599562,927.0,10.0,7.751233228221587,2.0,0.0,0.0,1.0,0.0
2720.0,swap,7.681934479089485,927.0,10.0,7.751233228221587,2.0,0.0,1.0,1.0,0.0
2721.0,delete,7.913237338760615,928.0,10.0,7.952650045445748,1.0,0.0,0.0,0.0,0.0
2722.0,add,7.913237338760615,929.0,11.0,7.913237338760615,1.0,0.0,0.0,0.0,1.0
2723.0,delete,7.952650045445748,929.0,11.0,7.913237338760615,0.0,0.0,0.0,0.0,0.0
2724.0,swap,7.56399825107261,929.0,11.0,7.913237338760615,0.0,1.0,0.0,0.0,0.0
2725.0,add,7.952650045445748,930.0,13.0,7.952650045445748,0.0,0.0,0.0,0.0,2.0
2726.0,delete,7.952650045445748,930.0,13.0,7.952650045445748,0.0,0.0,0.0,0.0,0.0
2727.0,swap,7.952650045445748,930.0,13.0,7.952650045445748,0.0,0.0,0.0,0.0,1.0
2728.0,add,7.746425514125684,931.0,12.0,7.913237338760615,1.0,0.0,1.0,0.0,1.0
2729.0,delete,7.913237338760615,931.0,12.0,7.913237338760615,1.0,0.0,0.0,0.0,0.0
2730.0,swap,7.913237338760615,931.0,12.0,7.913237338760615,1.0,0.0,0.0,0.0,1.0
2731.0,add,7.808510874713939,932.0,11.0,7.8085108747139405,1.0,0.0,0.0,1.0,0.0
2732.0,delete,7.952650045445748,932.0,11.0,7.8085108747139405,0.0,0.0,0.0,0.0,0.0
2733.0,swap,7.952650045445747,932.0,11.0,7.8085108747139405,0.0,0.0,0.0,1.0,0.0
2734.0,add,7.940455947149054,933.0,12.0,7.952650045445748,0.0,1.0,0.0,0.0,0.0
2735.0,swap,7.952650045445748,934.0,12.0,7.952650045445747,0.0,0.0,0.0,1.0,0.0
2736.0,add,7.952650045445747,934.0,12.0,7.952650045445747,0.0,0.0,0.0,1.0,1.0
2737.0,delete,7.952650045445748,934.0,12.0,7.952650045445747,0.0,0.0,0.0,0.0,0.0
2738.0,swap,7.952650045445747,934.0,12.0,7.952650045445747,0.0,0.0,0.0,1.0,0.0
2739.0,add,7.790126852225858,935.0,10.0,7.818086131682065,2.0,0.0,1.0,0.0,0.0
2740.0,add,7.945624320605762,936.0,13.0,7.940455947149054,0.0,1.0,0.0,0.0,0.0
2741.0,add,7.940455947149054,936.0,13.0,7.940455947149054,0.0,1.0,0.0,0.0,1.0
2742.0,delete,7.952650045445748,936.0,13.0,7.940455947149054,0.0,0.0,0.0,0.0,0.0
2743.0,swap,7.952650045445749,936.0,13.0,7.940455947149054,0.0,0.0,0.0,1.0,0.0
2744.0,add,7.473167194474722,937.0,12.0,7.952650045445748,0.0,0.0,1.0,0.0,0.0
2745.0,add,7.771603199878181,938.0,10.0,7.770807239362413,2.0,0.0,0.0,1.0,0.0
2746.0,add,7.789984187020971,939.0,12.0,7.952650045445748,0.0,0.0,0.0,0.0,1.0
2747.0,swap,7.905323042708835,940.0,11.0,7.935712671931678,0.0,1.0,0.0,0.0,0.0
2748.0,add,7.946803934916035,941.0,12.0,7.952650045445748,0.0,0.0,1.0,0.0,1.0
2749.0,delete,7.952650045445748,941.0,12.0,7.952650045445748,0.0,0.0,0.0,0.0,0.0
2750.0,swap,7.864759631926809,941.0,12.0,7.952650045445748,0.0,1.0,0.0,0.0,0.0
2751.0,delete,7.8085108747139405,942.0,11.0,7.929215914433585,1.0,0.0,0.0,0.0,0.0
2752.0,add,7.7071914214455015,943.0,12.0,7.871317116233396,1.0,0.0,0.0,0.0,2.0
2753.0,delete,7.952650045445748,943.0,12.0,7.871317116233396,0.0,0.0,0.0,0.0,1.0
2754.0,swap,7.952650045445749,943.0,12.0,7.871317116233396,0.0,0.0,0.0,1.0,1.0
2755.0,add,7.797140506463567,944.0,11.0,7.790126852225858,2.0,0.0,1.0,0.0,0.0
2756.0,add,7.589426563181911,944.0,11.0,7.790126852225858,2.0,0.0,1.0,0.0,1.0
2757.0,delete,7.824995034599562,944.0,11.0,7.790126852225858,2.0,0.0,0.0,0.0,0.0
2758.0,swap,7.812808631849744,944.0,11.0,7.790126852225858,2.0,1.0,0.0,0.0,0.0
2759.0,add,7.824995034599562,945.0,11.0,7.824995034599562,2.0,0.0,0.0,0.0,1.0
2760.0,delete,7.913237338760615,945.0,11.0,7.824995034599562,1.0,0.0,0.0,0.0,0.0
2761.0,swap,7.250295298784976,945.0,11.0,7.824995034599562,1.0,1.0,0.0,0.0,0.0
2762.0,delete,7.871317116233395,946.0,11.0,7.871317116233397,1.0,0.0,0.0,2.0,0.0
2763.0,add,7.181091306526534,946.0,11.0,7.871317116233397,1.0,0.0,0.0,2.0,1.0
2764.0,delete,7.871317116233396,946.0,11.0,7.871317116233397,1.0,0.0,0.0,1.0,0.0
2765.0,swap,7.600347963305188,946.0,11.0,7.871317116233397,1.0,0.0,1.0,1.0,0.0
2766.0,add,7.685945235472831,947.0,10.0,7.685945235472831,2.0,1.0,0.0,1.0,0.0
2767.0,add,7.806981606881393,947.0,10.0,7.685945235472831,2.0,1.0,0.0,1.0,1.0
2768.0,delete,7.824995034599563,947.0,10.0,7.685945235472831,2.0,0.0,0.0,1.0,0.0
2769.0,swap,7.834774639935049,947.0,10.0,7.685945235472831,1.0,1.0,0.0,2.0,0.0
2770.0,add,7.952650045445748,948.0,12.0,7.952650045445748,0.0,0.0,0.0,0.0,2.0
2771.0,delete,7.952650045445748,948.0,12.0,7.952650045445748,0.0,0.0,0.0,0.0,0.0
2772.0,swap,7.952650045445748,948.0,12.0,7.952650045445748,0.0,0.0,0.0,0.0,1.0
2773.0,swap,7.871317116233396,949.0,10.0,7.858938831796837,1.0,0.0,0.0,0.0,1.0
2774.0,add,7.771603199878181,950.0,11.0,7.771603199878181,2.0,0.0,0.0,1.0,0.0
2775.0,add,7.7716031998781805,950.0,11.0,7.771603199878181,2.0,0.0,0.0,2.0,0.0
2776.0,delete,7.871317116233395,950.0,11.0,7.771603199878181,1.0,0.0,0.0,1.0,0.0
2777.0,swap,7.585103271834463,950.0,11.0,7.771603199878181,2.0,0.0,1.0,0.0,0.0
2778.0,change,7.751233228221585,951.0,10.0,7.751233228221585,3.0,0.0,0.0,1.0,0.0
2779.0,add,7.751233228221585,951.0,10.0,7.751233228221585,3.0,0.0,0.0,1.0,1.0
2780.0,delete,7.824995034599561,951.0,10.0,7.751233228221585,2.0,0.0,0.0,1.0,0.0
2781.0,swap,7.751233228221584,951.0,10.0,7.751233228221585,3.0,0.0,0.0,1.0,0.0
2782.0,add,7.824995034599563,952.0,11.0,7.824995034599562,2.0,0.0,0.0,3.0,1.0
2783.0,add,7.650344224956825,952.0,11.0,7.824995034599562,2.0,0.0,1.0,3.0,1.0
2784.0,delete,7.824995034599562,952.0,11.0,7.824995034599562,2.0,0.0,0.0,2.0,1.0
2785.0,swap,7.78188036933564,952.0,11.0,7.824995034599562,1.0,0.0,1.0,3.0,1.0
2786.0,add,7.812170671712952,953.0,11.0,7.8090440514342525,1.0,0.0,1.0,1.0,0.0
2787.0,add,7.6666161202303496,953.0,11.0,7.8090440514342525,1.0,0.0,1.0,1.0,1.0
2788.0,delete,7.8090440514342525,953.0,11.0,7.8090440514342525,1.0,0.0,1.0,0.0,0.0
2789.0,swap,7.8090440514342525,953.0,11.0,7.8090440514342525,1.0,0.0,1.0,0.0,1.0
2790.0,add,7.78691349295601,954.0,11.0,7.871317116233396,1.0,0.0,1.0,0.0,0.0
2791.0,delete,7.952650045445748,954.0,11.0,7.871317116233396,0.0,0.0,0.0,0.0,0.0
2792.0,swap,7.950830314328925,954.0,11.0,7.871317116233396,0.0,1.0,0.0,0.0,0.0
2793.0,delete,7.8085108747139405,955.0,10.0,7.89042774224102,1.0,0.0,0.0,0.0,0.0
2794.0,add,7.789984187021045,956.0,12.0,7.952650045445748,0.0,0.0,0.0,0.0,1.0
2795.0,delete,7.871317116233396,957.0,10.0,7.935070100012295,1.0,0.0,0.0,0.0,0.0
2796.0,add,7.822628627377503,958.0,11.0,7.871317116233396,1.0,0.0,1.0,0.0,0.0
2797.0,delete,7.952650045445748,958.0,11.0,7.871317116233396,0.0,0.0,0.0,0.0,0.0
2798.0,swap,7.952650045445749,958.0,11.0,7.871317116233396,0.0,0.0,0.0,1.0,0.0
2799.0,change,7.9132373387606165,959.0,10.0,7.913237338760615,1.0,0.0,0.0,1.0,0.0
2800.0,swap,7.633421904051074,960.0,10.0,7.878260316927012,1.0,0.0,0.0,0.0,1.0
2801.0,delete,7.952650045445748,961.0,11.0,7.952650045445748,0.0,0.0,0.0,1.0,0.0
2802.0,add,7.952650045445748,961.0,11.0,7.952650045445748,0.0,0.0,0.0,1.0,1.0
2803.0,delete,7.952650045445748,961.0,11.0,7.952650045445748,0.0,0.0,0.0,0.0,0.0
2804.0,swap,7.799770311891294,961.0,11.0,7.952650045445748,0.0,0.0,1.0,0.0,0.0
2805.0,delete,7.871317116233397,962.0,11.0,7.871317116233395,1.0,0.0,0.0,1.0,0.0
2806.0,add,7.871317116233395,962.0,11.0,7.871317116233395,1.0,0.0,0.0,1.0,1.0
2807.0,delete,7.871317116233396,962.0,11.0,7.871317116233395,1.0,0.0,0.0,0.0,0.0
2808.0,swap,7.871317116233396,962.0,11.0,7.871317116233395,1.0,0.0,0.0,0.0,1.0
2809.0,delete,7.8085108747139405,963.0,10.0,7.922074098734856,1.0,0.0,0.0,0.0,0.0
2810.0,swap,7.819229334405356,964.0,11.0,7.819229334405355,0.0,0.0,1.0,1.0,0.0
2811.0,add,7.059199143538667,964.0,11.0,7.819229334405355,0.0,0.0,1.0,1.0,1.0
2812.0,delete,7.952650045445748,964.0,11.0,7.819229334405355,0.0,0.0,0.0,1.0,0.0
2813.0,swap,7.791276575531615,964.0,11.0,7.819229334405355,0.0,0.0,2.0,0.0,0.0
2814.0,add,7.755244098841905,965.0,8.0,7.491201661183274,3.0,0.0,1.0,1.0,0.0
2815.0,add,7.7552440988419065,966.0,9.0,7.755244098841905,3.0,0.0,1.0,1.0,0.0
2816.0,add,7.755244098841905,966.0,9.0,7.755244098841905,3.0,0.0,1.0,1.0,1.0
2817.0,delete,7.707600135634875,966.0,9.0,7.755244098841905,2.0,0.0,1.0,1.0,0.0
2818.0,swap,7.509223093970621,966.0,9.0,7.755244098841905,3.0,1.0,1.0,0.0,0.0
2819.0,add,7.755244098841905,967.0,10.0,7.7552440988419065,3.0,0.0,1.0,1.0,0.0
2820.0,add,7.7552440988419065,967.0,10.0,7.7552440988419065,3.0,0.0,1.0,1.0,1.0
2821.0,delete,7.823486128068632,967.0,10.0,7.7552440988419065,2.0,0.0,1.0,1.0,0.0
2822.0,swap,7.780730688367556,967.0,10.0,7.7552440988419065,2.0,0.0,1.0,1.0,1.0
2823.0,add,7.751233228221587,968.0,8.0,7.646662060440541,3.0,0.0,0.0,1.0,1.0
2824.0,add,7.751233228221587,969.0,9.0,7.751233228221587,3.0,0.0,0.0,1.0,1.0
2825.0,add,7.546221738009689,969.0,9.0,7.751233228221587,3.0,0.0,0.0,1.0,2.0
2826.0,delete,7.751233228221587,969.0,9.0,7.751233228221587,3.0,0.0,0.0,1.0,0.0
2827.0,swap,7.795050278006042,969.0,9.0,7.751233228221587,2.0,0.0,0.0,1.0,2.0
2828.0,swap,7.795050278006043,970.0,10.0,7.795050278006042,2.0,0.0,0.0,1.0,2.0
2829.0,add,7.343529832337219,970.0,10.0,7.795050278006042,2.0,0.0,0.0,1.0,3.0
2830.0,delete,7.8085108747139405,970.0,10.0,7.795050278006042,1.0,0.0,0.0,1.0,2.0
2831.0,swap,7.712987430612095,970.0,10.0,7.795050278006042,2.0,0.0,0.0,0.0,3.0
2832.0,add,7.755244098841905,971.0,10.0,7.755244098841905,3.0,0.0,1.0,1.0,1.0
2833.0,add,7.4875103565545,971.0,10.0,7.755244098841905,3.0,0.0,1.0,1.0,2.0
2834.0,delete,7.823486128068632,971.0,10.0,7.755244098841905,2.0,0.0,1.0,1.0,1.0
2835.0,swap,7.7512332282215874,971.0,10.0,7.755244098841905,3.0,1.0,0.0,1.0,1.0
2836.0,add,7.799550599073296,972.0,11.0,7.8085108747139405,1.0,1.0,0.0,0.0,0.0
2837.0,delete,7.952650045445748,972.0,11.0,7.8085108747139405,0.0,0.0,0.0,0.0,0.0
2838.0,swap,7.909570322155194,972.0,11.0,7.8085108747139405,0.0,1.0,0.0,0.0,0.0
2839.0,add,7.952650045445748,973.0,12.0,7.952650045445748,0.0,0.0,0.0,0.0,1.0
2840.0,add,7.952650045445748,974.0,13.0,7.952650045445748,0.0,0.0,0.0,0.0,2.0
2841.0,delete,7.952650045445748,974.0,13.0,7.952650045445748,0.0,0.0,0.0,0.0,0.0
2842.0,swap,7.791528630120444,974.0,13.0,7.952650045445748,0.0,0.0,1.0,0.0,0.0
2843.0,swap,7.95032301587762,975.0,12.0,7.950830314328925,0.0,1.0,0.0,0.0,0.0
2844.0,add,7.9505589321192724,975.0,12.0,7.950830314328925,0.0,2.0,0.0,0.0,0.0
2845.0,delete,7.952650045445748,975.0,12.0,7.950830314328925,0.0,0.0,0.0,0.0,0.0
2846.0,swap,7.920275491382606,975.0,12.0,7.950830314328925,0.0,0.0,1.0,0.0,0.0
2847.0,swap,7.952650045445748,976.0,11.0,7.944927559830835,0.0,0.0,0.0,0.0,1.0
2848.0,swap,7.904407395741533,977.0,12.0,7.909570322155194,0.0,1.0,0.0,0.0,0.0
2849.0,add,7.783564041400102,977.0,12.0,7.909570322155194,0.0,1.0,0.0,0.0,1.0
2850.0,delete,7.952650045445748,977.0,12.0,7.909570322155194,0.0,0.0,0.0,0.0,0.0
2851.0,swap,7.927175460776589,977.0,12.0,7.909570322155194,0.0,1.0,0.0,0.0,0.0
2852.0,add,7.952650045445748,978.0,12.0,7.952650045445748,0.0,0.0,0.0,0.0,2.0
2853.0,delete,7.952650045445748,978.0,12.0,7.952650045445748,0.0,0.0,0.0,0.0,0.0
2854.0,swap,7.952650045445749,978.0,12.0,7.952650045445748,0.0,0.0,0.0,1.0,0.0
2855.0,add,7.789984187021045,979.0,13.0,7.789984187021045,0.0,0.0,0.0,0.0,2.0
2856.0,delete,7.952650045445748,979.0,13.0,7.789984187021045,0.0,0.0,0.0,0.0,0.0
2857.0,swap,7.921618240824715,979.0,13.0,7.789984187021045,0.0,1.0,0.0,0.0,0.0
2858.0,add,7.952650045445748,980.0,12.0,7.912369691614423,0.0,0.0,0.0,1.0,0.0
2859.0,swap,7.952650045445748,981.0,13.0,7.952650045445749,0.0,0.0,0.0,1.0,0.0
2860.0,add,7.457932964935017,981.0,13.0,7.952650045445749,0.0,1.0,0.0,1.0,0.0
2861.0,delete,7.952650045445748,981.0,13.0,7.952650045445749,0.0,0.0,0.0,0.0,0.0
2862.0,swap,7.940698730011296,981.0,13.0,7.952650045445749,0.0,1.0,0.0,0.0,0.0
2863.0,add,7.952650045445747,982.0,13.0,7.952650045445748,0.0,0.0,0.0,1.0,0.0
2864.0,add,7.952650045445748,982.0,13.0,7.952650045445748,0.0,0.0,0.0,1.0,1.0
2865.0,delete,7.952650045445748,982.0,13.0,7.952650045445748,0.0,0.0,0.0,0.0,0.0
2866.0,swap,7.874365645365385,982.0,13.0,7.952650045445748,0.0,1.0,0.0,0.0,0.0
2867.0,swap,7.952650045445749,983.0,11.0,7.895473453103833,0.0,0.0,0.0,1.0,0.0
2868.0,swap,7.952650045445749,984.0,12.0,7.952650045445749,0.0,0.0,0.0,1.0,0.0
2869.0,add,7.944764673638777,984.0,12.0,7.952650045445749,0.0,1.0,0.0,1.0,0.0
2870.0,delete,7.952650045445748,984.0,12.0,7.952650045445749,0.0,0.0,0.0,0.0,0.0
2871.0,swap,7.923092480241637,984.0,12.0,7.952650045445749,0.0,1.0,0.0,0.0,0.0
2872.0,add,7.801341034878821,985.0,12.0,7.799550599073296,1.0,1.0,0.0,0.0,0.0
2873.0,add,7.799550599073296,985.0,12.0,7.799550599073296,1.0,1.0,0.0,0.0,1.0
2874.0,delete,7.8085108747139405,985.0,12.0,7.799550599073296,1.0,0.0,0.0,0.0,0.0
2875.0,swap,7.898509394758529,985.0,12.0,7.799550599073296,0.0,1.0,0.0,1.0,0.0
2876.0,add,7.952650045445748,986.0,12.0,7.863559165078138,0.0,0.0,0.0,0.0,1.0
2877.0,add,7.947801972273611,987.0,13.0,7.952650045445748,0.0,0.0,1.0,0.0,1.0
2878.0,delete,7.952650045445748,987.0,13.0,7.952650045445748,0.0,0.0,0.0,0.0,0.0
2879.0,swap,7.952650045445748,987.0,13.0,7.952650045445748,0.0,0.0,0.0,0.0,1.0
2880.0,add,7.762434628211831,988.0,12.0,7.78691349295601,1.0,0.0,1.0,0.0,0.0
2881.0,add,7.013851839694034,988.0,12.0,7.78691349295601,1.0,0.0,1.0,0.0,1.0
2882.0,delete,7.871317116233396,988.0,12.0,7.78691349295601,1.0,0.0,0.0,0.0,0.0
2883.0,swap,7.826464168689239,988.0,12.0,7.78691349295601,1.0,1.0,0.0,0.0,0.0
2884.0,add,7.650296970141735,989.0,11.0,7.871317116233396,1.0,0.0,0.0,0.0,2.0
2885.0,delete,7.952650045445748,989.0,11.0,7.871317116233396,0.0,0.0,0.0,0.0,1.0
2886.0,swap,7.41869530586486,989.0,11.0,7.871317116233396,1.0,1.0,0.0,0.0,0.0
2887.0,change,7.913237338760616,990.0,11.0,7.9132373387606165,1.0,0.0,0.0,1.0,0.0
2888.0,add,7.514807002066489,990.0,11.0,7.9132373387606165,1.0,0.0,0.0,1.0,1.0
2889.0,delete,7.913237338760615,990.0,11.0,7.9132373387606165,1.0,0.0,0.0,0.0,0.0
2890.0,swap,7.95265004544575,990.0,11.0,7.9132373387606165,0.0,0.0,0.0,2.0,0.0
2891.0,swap,7.795050278006045,991.0,11.0,7.795050278006042,2.0,0.0,0.0,1.0,0.0
2892.0,add,7.795050278006042,991.0,11.0,7.795050278006042,2.0,0.0,0.0,1.0,1.0
2893.0,delete,7.871317116233396,991.0,11.0,7.795050278006042,1.0,0.0,0.0,1.0,0.0
2894.0,swap,7.871317116233396,991.0,11.0,7.795050278006042,1.0,0.0,0.0,1.0,1.0
2895.0,delete,7.913237338760616,992.0,11.0,7.913237338760615,1.0,0.0,0.0,1.0,0.0
2896.0,add,7.913237338760615,992.0,11.0,7.913237338760615,1.0,0.0,0.0,1.0,1.0
2897.0,delete,7.952650045445748,992.0,11.0,7.913237338760615,0.0,0.0,0.0,1.0,0.0
2898.0,swap,7.401884631878615,992.0,11.0,7.913237338760615,0.0,1.0,0.0,1.0,0.0
2899.0,swap,7.769649816658439,993.0,11.0,7.772775045636747,2.0,0.0,1.0,0.0,0.0
2900.0,add,7.318550149477944,993.0,11.0,7.772775045636747,2.0,0.0,2.0,0.0,0.0
2901.0,delete,7.82992493889582,993.0,11.0,7.772775045636747,1.0,0.0,1.0,0.0,0.0
2902.0,swap,7.795050278006045,993.0,11.0,7.772775045636747,2.0,0.0,0.0,1.0,0.0
2903.0,swap,7.834774639935048,994.0,11.0,7.834774639935049,1.0,1.0,0.0,2.0,0.0
2904.0,add,7.834774639935049,994.0,11.0,7.834774639935049,1.0,1.0,0.0,3.0,0.0
2905.0,delete,7.834774640047326,994.0,11.0,7.834774639935049,1.0,1.0,0.0,1.0,0.0
2906.0,swap,7.8347746399350475,994.0,11.0,7.834774639935049,1.0,1.0,0.0,2.0,0.0
2907.0,add,7.952650045445748,995.0,12.0,7.952650045445748,0.0,0.0,0.0,0.0,1.0
2908.0,add,7.952650045445748,996.0,13.0,7.952650045445748,0.0,0.0,0.0,0.0,2.0
2909.0,delete,7.952650045445748,996.0,13.0,7.952650045445748,0.0,0.0,0.0,0.0,0.0
2910.0,swap,7.916753647377387,996.0,13.0,7.952650045445748,0.0,1.0,0.0,0.0,0.0
2911.0,delete,7.9424195590651285,997.0,12.0,7.947468250517202,0.0,0.0,1.0,0.0,0.0
2912.0,add,7.740920906424157,997.0,12.0,7.947468250517202,0.0,1.0,1.0,0.0,0.0
2913.0,delete,7.952650045445748,997.0,12.0,7.947468250517202,0.0,0.0,0.0,0.0,0.0
2914.0,swap,7.952650045445747,997.0,12.0,7.947468250517202,0.0,0.0,0.0,1.0,0.0
2915.0,add,7.952650045445748,998.0,12.0,7.952650045445748,0.0,0.0,0.0,1.0,1.0
2916.0,add,7.952649319806749,998.0,12.0,7.952650045445748,0.0,1.0,0.0,1.0,1.0
2917.0,delete,7.952650045445748,998.0,12.0,7.952650045445748,0.0,0.0,0.0,0.0,1.0
2918.0,swap,7.397040644518791,998.0,12.0,7.952650045445748,0.0,0.0,0.0,0.0,2.0
2919.0,delete,7.913237338760616,999.0,11.0,7.913237338760616,1.0,0.0,0.0,1.0,0.0
2920.0,add,7.609272802160504,999.0,11.0,7.913237338760616,1.0,0.0,0.0,1.0,1.0
2921.0,delete,7.952650045445748,999.0,11.0,7.913237338760616,0.0,0.0,0.0,1.0,0.0
2922.0,swap,7.921991897503004,999.0,11.0,7.913237338760616,0.0,0.0,1.0,1.0,0.0
2923.0,add,7.913237338760615,1000.0,11.0,7.913237338760616,1.0,0.0,0.0,2.0,1.0
2924.0,add,7.237002301603011,1000.0,11.0,7.913237338760616,1.0,0.0,0.0,2.0,2.0
2925.0,delete,7.913237338760616,1000.0,11.0,7.913237338760616,1.0,0.0,0.0,1.0,1.0
2926.0,swap,7.753139251892232,1000.0,11.0,7.913237338760616,1.0,0.0,1.0,1.0,1.0
2927.0,change,7.751233228221587,1001.0,10.0,7.751233228221587,3.0,0.0,0.0,1.0,0.0
2928.0,add,7.684300727186984,1001.0,10.0,7.751233228221587,3.0,0.0,1.0,1.0,0.0
2929.0,delete,7.795050278006041,1001.0,10.0,7.751233228221587,2.0,0.0,0.0,1.0,0.0
2930.0,swap,7.771603199878181,1001.0,10.0,7.751233228221587,2.0,0.0,0.0,2.0,0.0
2931.0,swap,7.655597443705771,1002.0,9.0,7.775877073844188,2.0,0.0,1.0,1.0,0.0
2932.0,delete,7.9132373387606165,1003.0,11.0,7.913237338760615,1.0,0.0,0.0,1.0,0.0
2933.0,add,7.71130199020801,1003.0,11.0,7.913237338760615,1.0,0.0,0.0,1.0,1.0
2934.0,delete,7.913237338760615,1003.0,11.0,7.913237338760615,1.0,0.0,0.0,0.0,0.0
2935.0,swap,7.952650045445746,1003.0,11.0,7.913237338760615,0.0,0.0,0.0,2.0,0.0
2936.0,delete,7.952650045445748,1004.0,10.0,7.930380085102686,0.0,0.0,0.0,1.0,0.0
2937.0,delete,7.952650045445749,1005.0,11.0,7.952650045445748,0.0,0.0,0.0,1.0,0.0
2938.0,add,7.952650045445747,1005.0,11.0,7.952650045445748,0.0,0.0,0.0,2.0,0.0
2939.0,delete,7.952650045445748,1005.0,11.0,7.952650045445748,0.0,0.0,0.0,0.0,0.0
2940.0,swap,7.664371703982135,1005.0,11.0,7.952650045445748,0.0,0.0,0.0,0.0,1.0
2941.0,add,7.843417509219352,1006.0,9.0,7.7699378315827525,2.0,0.0,1.0,1.0,0.0
2942.0,add,7.855140217353697,1007.0,10.0,7.843417509219352,2.0,0.0,1.0,1.0,0.0
2943.0,add,7.843417509219352,1007.0,10.0,7.843417509219352,2.0,0.0,1.0,2.0,0.0
2944.0,delete,7.9112928716091595,1007.0,10.0,7.843417509219352,1.0,0.0,1.0,1.0,0.0
2945.0,swap,7.9112928716091595,1007.0,10.0,7.843417509219352,1.0,0.0,1.0,1.0,1.0
2946.0,delete,7.911292871609158,1008.0,11.0,7.9112928716091595,1.0,0.0,1.0,1.0,0.0
2947.0,add,7.9112928716091595,1008.0,11.0,7.9112928716091595,1.0,0.0,1.0,1.0,1.0
2948.0,delete,7.91129287160916,1008.0,11.0,7.9112928716091595,1.0,0.0,1.0,0.0,0.0
2949.0,swap,7.900357221973895,1008.0,11.0,7.9112928716091595,1.0,1.0,0.0,1.0,0.0
2950.0,swap,7.91129287160916,1009.0,11.0,7.9112928716091595,1.0,0.0,1.0,1.0,1.0
2951.0,add,7.9112928716091595,1009.0,11.0,7.9112928716091595,1.0,0.0,1.0,1.0,2.0
2952.0,delete,7.94947386044706,1009.0,11.0,7.9112928716091595,0.0,0.0,1.0,1.0,1.0
2953.0,swap,7.750280364313084,1009.0,11.0,7.9112928716091595,1.0,0.0,2.0,1.0,0.0
2954.0,add,7.855140217353697,1010.0,11.0,7.855140217353697,2.0,0.0,1.0,1.0,0.0
2955.0,add,7.855140217353697,1010.0,11.0,7.855140217353697,2.0,0.0,1.0,1.0,1.0
2956.0,delete,7.824995034599563,1010.0,11.0,7.855140217353697,2.0,0.0,0.0,1.0,0.0
2957.0,swap,7.907928575464352,1010.0,11.0,7.855140217353697,1.0,0.0,1.0,1.0,1.0
2958.0,change,7.824995034599562,1011.0,11.0,7.824995034599562,2.0,0.0,0.0,1.0,0.0
2959.0,add,7.8102188689076355,1011.0,11.0,7.824995034599562,2.0,0.0,1.0,1.0,0.0
2960.0,delete,7.808510874713941,1011.0,11.0,7.824995034599562,1.0,0.0,0.0,1.0,0.0
2961.0,swap,7.913237338760615,1011.0,11.0,7.824995034599562,1.0,0.0,0.0,2.0,0.0
2962.0,add,7.8085108747139405,1012.0,11.0,7.8085108747139405,1.0,0.0,0.0,0.0,1.0
2963.0,delete,7.952650045445748,1012.0,11.0,7.8085108747139405,0.0,0.0,0.0,0.0,0.0
2964.0,swap,7.4323414036622335,1012.0,11.0,7.8085108747139405,0.0,1.0,0.0,0.0,0.0
2965.0,add,7.843417509219352,1013.0,11.0,7.843417509219352,2.0,0.0,1.0,2.0,0.0
2966.0,add,7.843417509219352,1013.0,11.0,7.843417509219352,2.0,0.0,1.0,2.0,1.0
2967.0,delete,7.824995034599564,1013.0,11.0,7.843417509219352,2.0,0.0,0.0,2.0,0.0
2968.0,swap,7.840602967578333,1013.0,11.0,7.843417509219352,2.0,0.0,2.0,1.0,0.0
2969.0,delete,7.824995034599564,1014.0,11.0,7.824995034599562,2.0,0.0,0.0,1.0,0.0
2970.0,add,7.824995034599562,1014.0,11.0,7.824995034599562,2.0,0.0,0.0,1.0,1.0
2971.0,delete,7.913237338760616,1014.0,11.0,7.824995034599562,1.0,0.0,0.0,1.0,0.0
2972.0,swap,7.808510874713939,1014.0,11.0,7.824995034599562,1.0,1.0,0.0,1.0,0.0
2973.0,delete,7.838603019743129,1015.0,10.0,7.909105741682106,1.0,0.0,1.0,1.0,0.0
2974.0,swap,7.824995034599561,1016.0,11.0,7.824995034599563,2.0,0.0,0.0,1.0,0.0
2975.0,add,7.824995034599563,1016.0,11.0,7.824995034599563,2.0,0.0,0.0,1.0,1.0
2976.0,delete,7.808510874713941,1016.0,11.0,7.824995034599563,1.0,0.0,0.0,1.0,0.0
2977.0,swap,7.836523495605532,1016.0,11.0,7.824995034599563,2.0,0.0,1.0,0.0,0.0
2978.0,add,7.952650045445748,1017.0,13.0,7.952650045445748,0.0,0.0,0.0,1.0,0.0
2979.0,swap,6.5846937037087265,1018.0,2.0,7.67820862096111,8.0,0.0,0.0,1.0,0.0
2980.0,add,7.943586309491755,1019.0,13.0,7.946803934916035,0.0,0.0,1.0,0.0,1.0
2981.0,add,7.946803934916035,1019.0,13.0,7.946803934916035,0.0,0.0,1.0,0.0,2.0
2982.0,delete,7.952650045445748,1019.0,13.0,7.946803934916035,0.0,0.0,0.0,0.0,1.0
2983.0,swap,7.789984187020972,1019.0,13.0,7.946803934916035,0.0,0.0,0.0,0.0,2.0
2984.0,swap,7.913237338760614,1020.0,10.0,7.868002034718408,1.0,0.0,0.0,1.0,0.0
2985.0,swap,7.913237338760615,1021.0,11.0,7.913237338760614,1.0,0.0,0.0,1.0,0.0
2986.0,add,7.913237338760614,1021.0,11.0,7.913237338760614,1.0,0.0,0.0,2.0,0.0
2987.0,delete,7.952650045445747,1021.0,11.0,7.913237338760614,0.0,0.0,0.0,1.0,0.0
2988.0,swap,7.63660233037547,1021.0,11.0,7.913237338760614,1.0,1.0,0.0,0.0,0.0
2989.0,swap,7.89277152393965,1022.0,11.0,7.952650045445748,0.0,0.0,1.0,0.0,0.0
2990.0,add,7.679423505476671,1023.0,12.0,7.946367261159073,0.0,1.0,0.0,0.0,0.0
2991.0,add,7.952650045445748,1024.0,14.0,7.952650045445748,0.0,0.0,0.0,1.0,1.0
2992.0,add,7.879215791250653,1024.0,14.0,7.952650045445748,0.0,0.0,1.0,1.0,1.0
2993.0,delete,7.952650045445748,1024.0,14.0,7.952650045445748,0.0,0.0,0.0,1.0,0.0
2994.0,swap,7.952650045445748,1024.0,14.0,7.952650045445748,0.0,0.0,0.0,0.0,2.0
2995.0,swap,7.952650045445748,1025.0,13.0,7.952650045445749,0.0,0.0,0.0,1.0,0.0
2996.0,add,7.898925369189396,1025.0,13.0,7.952650045445749,0.0,1.0,0.0,1.0,0.0
2997.0,delete,7.952650045445748,1025.0,13.0,7.952650045445749,0.0,0.0,0.0,0.0,0.0
2998.0,swap,7.95254236276079,1025.0,13.0,7.952650045445749,0.0,1.0,0.0,0.0,0.0
2999.0,add,7.952650045445748,1026.0,12.0,7.92858542470723,0.0,0.0,0.0,0.0,1.0
3000.0,add,7.789984187021045,1027.0,13.0,7.952650045445748,0.0,0.0,0.0,0.0,2.0
3001.0,delete,7.952650045445748,1027.0,13.0,7.952650045445748,0.0,0.0,0.0,0.0,0.0
3002.0,swap,7.873824632075484,1027.0,13.0,7.952650045445748,0.0,0.0,0.0,0.0,1.0
3003.0,swap,7.791801859475641,1028.0,11.0,7.9257101698984656,0.0,0.0,1.0,0.0,0.0
3004.0,add,7.8085108747139405,1029.0,11.0,7.821492500499576,1.0,1.0,0.0,0.0,0.0
3005.0,add,7.8152035773388455,1030.0,13.0,7.952650045445748,0.0,0.0,1.0,0.0,0.0
3006.0,swap,7.91142212879155,1031.0,12.0,7.89277152393965,0.0,0.0,1.0,0.0,0.0
3007.0,add,7.843739438581997,1031.0,12.0,7.89277152393965,0.0,0.0,2.0,0.0,0.0
3008.0,delete,7.952650045445748,1031.0,12.0,7.89277152393965,0.0,0.0,0.0,0.0,0.0
3009.0,swap,7.877234512642449,1031.0,12.0,7.89277152393965,0.0,1.0,0.0,0.0,0.0
3010.0,delete,7.952650045445748,1032.0,12.0,7.952650045445747,0.0,0.0,0.0,1.0,0.0
3011.0,add,7.9149612876351885,1032.0,12.0,7.952650045445747,0.0,0.0,1.0,1.0,0.0
3012.0,delete,7.952650045445748,1032.0,12.0,7.952650045445747,0.0,0.0,0.0,0.0,0.0
3013.0,swap,7.927624216796531,1032.0,12.0,7.952650045445747,0.0,1.0,0.0,0.0,0.0
3014.0,swap,7.913237338760615,1033.0,12.0,7.913237338760615,1.0,0.0,0.0,1.0,0.0
3015.0,add,7.913237338760615,1033.0,12.0,7.913237338760615,1.0,0.0,0.0,1.0,1.0
3016.0,delete,7.913237338760615,1033.0,12.0,7.913237338760615,1.0,0.0,0.0,0.0,0.0
3017.0,swap,7.913237338760613,1033.0,12.0,7.913237338760615,1.0,0.0,0.0,1.0,0.0
3018.0,add,7.808510874713939,1034.0,12.0,7.808510874713939,1.0,0.0,0.0,1.0,0.0
3019.0,add,7.808510874713939,1034.0,12.0,7.808510874713939,1.0,0.0,0.0,1.0,1.0
3020.0,delete,7.952650045445747,1034.0,12.0,7.808510874713939,0.0,0.0,0.0,1.0,0.0
3021.0,swap,7.952504576207096,1034.0,12.0,7.808510874713939,0.0,0.0,1.0,1.0,0.0
3022.0,add,7.75822349498516,1035.0,14.0,7.952650045445748,0.0,1.0,0.0,0.0,2.0
3023.0,delete,7.952650045445748,1035.0,14.0,7.952650045445748,0.0,0.0,0.0,0.0,1.0
3024.0,swap,7.747256747259558,1035.0,14.0,7.952650045445748,0.0,0.0,1.0,0.0,1.0
3025.0,swap,7.8865822063428235,1036.0,12.0,7.864627998882277,0.0,0.0,1.0,0.0,0.0
3026.0,add,7.800477005845954,1036.0,12.0,7.864627998882277,0.0,1.0,1.0,0.0,0.0
3027.0,delete,7.952650045445748,1036.0,12.0,7.864627998882277,0.0,0.0,0.0,0.0,0.0
3028.0,swap,7.873824632075484,1036.0,12.0,7.864627998882277,0.0,0.0,0.0,0.0,1.0
3029.0,add,7.913237338760613,1037.0,12.0,7.913237338760614,1.0,0.0,0.0,2.0,0.0
3030.0,add,7.629969060995752,1037.0,12.0,7.913237338760614,1.0,0.0,0.0,2.0,1.0
3031.0,delete,7.952650045445747,1037.0,12.0,7.913237338760614,0.0,0.0,0.0,2.0,0.0
3032.0,swap,7.913237338760614,1037.0,12.0,7.913237338760614,1.0,0.0,0.0,1.0,1.0
3033.0,swap,7.9129324666421414,1038.0,12.0,7.905323042708835,0.0,1.0,0.0,0.0,0.0
3034.0,add,7.783421763538924,1038.0,12.0,7.905323042708835,0.0,1.0,0.0,0.0,1.0
3035.0,delete,7.952650045445748,1038.0,12.0,7.905323042708835,0.0,0.0,0.0,0.0,0.0
3036.0,swap,7.399562784482398,1038.0,12.0,7.905323042708835,0.0,1.0,0.0,0.0,0.0
3037.0,add,7.921201439293904,1039.0,13.0,7.952650045445748,0.0,0.0,1.0,0.0,0.0
3038.0,add,7.8085108747139405,1040.0,12.0,7.8085108747139405,1.0,1.0,0.0,0.0,0.0
3039.0,add,7.690500133849728,1040.0,12.0,7.8085108747139405,1.0,1.0,1.0,0.0,0.0
3040.0,delete,7.929829381182515,1040.0,12.0,7.8085108747139405,0.0,1.0,0.0,0.0,0.0
3041.0,swap,7.641976994036626,1040.0,12.0,7.8085108747139405,0.0,1.0,1.0,0.0,0.0
3042.0,delete,7.808510874713939,1041.0,11.0,7.808510874713939,1.0,0.0,0.0,1.0,0.0
3043.0,add,7.808510437313065,1041.0,11.0,7.808510874713939,1.0,0.0,1.0,1.0,0.0
3044.0,delete,7.8085108747139405,1041.0,11.0,7.808510874713939,1.0,0.0,0.0,0.0,0.0
3045.0,swap,7.783345286892848,1041.0,11.0,7.808510874713939,1.0,1.0,0.0,0.0,0.0
3046.0,swap,7.824995034599564,1042.0,10.0,7.886726567917525,2.0,0.0,0.0,2.0,0.0
3047.0,delete,7.824995034599561,1043.0,11.0,7.824995034599563,2.0,0.0,0.0,1.0,0.0
3048.0,add,7.677471421843543,1043.0,11.0,7.824995034599563,2.0,0.0,0.0,1.0,1.0
3049.0,delete,7.824995034599562,1043.0,11.0,7.824995034599563,2.0,0.0,0.0,0.0,0.0
3050.0,swap,7.604830734106488,1043.0,11.0,7.824995034599563,1.0,0.0,1.0,1.0,0.0
3051.0,add,7.952260428649333,1044.0,13.0,7.9514702562427955,0.0,0.0,1.0,0.0,0.0
3052.0,add,7.9514702562427955,1044.0,13.0,7.9514702562427955,0.0,0.0,1.0,0.0,1.0
3053.0,delete,7.952650045445748,1044.0,13.0,7.9514702562427955,0.0,0.0,0.0,0.0,0.0
3054.0,swap,7.885105658554227,1044.0,13.0,7.9514702562427955,0.0,0.0,1.0,0.0,0.0
3055.0,swap,7.927732479056487,1045.0,12.0,7.936154948214498,0.0,1.0,0.0,0.0,0.0
3056.0,add,7.741736758902997,1045.0,12.0,7.936154948214498,0.0,1.0,0.0,0.0,1.0
3057.0,delete,7.952650045445748,1045.0,12.0,7.936154948214498,0.0,0.0,0.0,0.0,0.0
3058.0,swap,7.952650045445747,1045.0,12.0,7.936154948214498,0.0,0.0,0.0,1.0,0.0
3059.0,add,7.913237338760616,1046.0,10.0,7.866380406860792,1.0,0.0,0.0,1.0,1.0
3060.0,add,7.9132373387606165,1047.0,11.0,7.913237338760616,1.0,0.0,0.0,1.0,1.0
3061.0,add,7.913237338760618,1047.0,11.0,7.913237338760616,1.0,0.0,0.0,2.0,1.0
3062.0,delete,7.913237338760615,1047.0,11.0,7.913237338760616,1.0,0.0,0.0,0.0,1.0
3063.0,swap,7.526421199850227,1047.0,11.0,7.913237338760616,1.0,0.0,1.0,1.0,0.0
3064.0,delete,7.871317116233396,1048.0,10.0,7.899953865850454,1.0,0.0,0.0,1.0,0.0
3065.0,delete,7.871317116233395,1049.0,11.0,7.871317116233396,1.0,0.0,0.0,1.0,0.0
3066.0,add,7.856850854414946,1049.0,11.0,7.871317116233396,1.0,0.0,1.0,1.0,0.0
3067.0,delete,7.871317116233396,1049.0,11.0,7.871317116233396,1.0,0.0,0.0,0.0,0.0
3068.0,swap,7.191093316926659,1049.0,11.0,7.871317116233396,1.0,0.0,0.0,0.0,1.0
3069.0,swap,7.952650045445748,1050.0,14.0,7.952650045445749,0.0,0.0,0.0,1.0,0.0
3070.0,add,7.789984187021045,1050.0,14.0,7.952650045445749,0.0,0.0,0.0,1.0,1.0
3071.0,delete,7.952650045445748,1050.0,14.0,7.952650045445749,0.0,0.0,0.0,0.0,0.0
3072.0,swap,7.9372750292569085,1050.0,14.0,7.952650045445749,0.0,1.0,0.0,0.0,0.0
3073.0,delete,7.913237338760615,1051.0,12.0,7.913237338760616,1.0,0.0,0.0,1.0,0.0
3074.0,add,7.913237338760616,1051.0,12.0,7.913237338760616,1.0,0.0,0.0,1.0,1.0
3075.0,delete,7.952650045445749,1051.0,12.0,7.913237338760616,0.0,0.0,0.0,1.0,0.0
3076.0,swap,7.95265004544575,1051.0,12.0,7.913237338760616,0.0,0.0,0.0,2.0,0.0
3077.0,add,7.831628733302628,1052.0,10.0,7.831193072510264,2.0,0.0,1.0,0.0,0.0
3078.0,add,7.835833620657159,1053.0,11.0,7.831628733302628,2.0,0.0,1.0,0.0,0.0
3079.0,add,7.831628733302628,1053.0,11.0,7.831628733302628,2.0,0.0,1.0,0.0,1.0
3080.0,delete,7.89737653523556,1053.0,11.0,7.831628733302628,1.0,0.0,1.0,0.0,0.0
3081.0,swap,7.799807066159365,1053.0,11.0,7.831628733302628,1.0,0.0,2.0,0.0,0.0
3082.0,swap,7.778480545387382,1054.0,11.0,7.704404635272882,1.0,1.0,0.0,0.0,0.0
3083.0,add,7.323474072728504,1054.0,11.0,7.704404635272882,1.0,1.0,0.0,0.0,1.0
3084.0,delete,7.781068558383973,1054.0,11.0,7.704404635272882,0.0,1.0,0.0,0.0,0.0
3085.0,swap,7.251887750467918,1054.0,11.0,7.704404635272882,1.0,0.0,1.0,0.0,0.0
3086.0,swap,7.282031996807581,1055.0,9.0,7.77244497482032,2.0,0.0,1.0,0.0,0.0
3087.0,swap,7.913237338760613,1056.0,12.0,7.913237338760613,1.0,0.0,0.0,1.0,0.0
3088.0,add,7.249610271636646,1056.0,12.0,7.913237338760613,1.0,0.0,0.0,1.0,1.0
3089.0,delete,7.913237338760615,1056.0,12.0,7.913237338760613,1.0,0.0,0.0,0.0,0.0
3090.0,swap,7.913237338760615,1056.0,12.0,7.913237338760613,1.0,0.0,0.0,1.0,0.0
3091.0,swap,7.771603199878181,1057.0,10.0,7.771603199878183,2.0,1.0,0.0,1.0,0.0
3092.0,add,7.770352247929687,1057.0,10.0,7.771603199878183,2.0,1.0,1.0,1.0,0.0
3093.0,delete,7.871317116233396,1057.0,10.0,7.771603199878183,1.0,1.0,0.0,1.0,0.0
3094.0,swap,7.357085238279301,1057.0,10.0,7.771603199878183,2.0,1.0,0.0,0.0,1.0
3095.0,change,7.824995034599562,1058.0,11.0,7.824995034599563,2.0,0.0,0.0,1.0,0.0
3096.0,add,7.824995034599563,1058.0,11.0,7.824995034599563,2.0,0.0,0.0,1.0,1.0
3097.0,delete,7.913237338760614,1058.0,11.0,7.824995034599563,1.0,0.0,0.0,1.0,0.0
3098.0,swap,7.679784815033181,1058.0,11.0,7.824995034599563,2.0,0.0,1.0,0.0,0.0
3099.0,swap,7.744943933539539,1059.0,9.0,7.777709361579261,2.0,1.0,0.0,0.0,0.0
3100.0,change,7.9132373387606165,1060.0,10.0,7.8697818232260985,1.0,0.0,0.0,1.0,0.0
3101.0,change,7.913237338760615,1061.0,11.0,7.9132373387606165,1.0,0.0,0.0,1.0,0.0
3102.0,add,7.237002301603011,1061.0,11.0,7.9132373387606165,1.0,0.0,0.0,1.0,1.0
3103.0,delete,7.913237338760615,1061.0,11.0,7.9132373387606165,1.0,0.0,0.0,0.0,0.0
3104.0,swap,7.764390205012591,1061.0,11.0,7.9132373387606165,1.0,0.0,1.0,0.0,0.0
3105.0,delete,7.795050278006043,1062.0,9.0,7.82169820262244,2.0,0.0,0.0,1.0,0.0
3106.0,swap,7.7950502780060456,1063.0,9.0,7.782277925582591,2.0,0.0,0.0,2.0,0.0
3107.0,delete,7.795050278006043,1064.0,10.0,7.795050278006043,2.0,0.0,0.0,1.0,0.0
3108.0,add,7.650339997464254,1064.0,10.0,7.795050278006043,2.0,0.0,0.0,1.0,1.0
3109.0,delete,7.8713171162333975,1064.0,10.0,7.795050278006043,1.0,0.0,0.0,1.0,0.0
3110.0,swap,7.721869108315507,1064.0,10.0,7.795050278006043,1.0,1.0,0.0,1.0,0.0
3111.0,change,7.871317116233394,1065.0,10.0,7.823937057885499,1.0,0.0,0.0,1.0,0.0
3112.0,add,7.908529006318617,1066.0,12.0,7.91994760691153,0.0,1.0,0.0,2.0,0.0
3113.0,add,7.919947606911529,1066.0,12.0,7.91994760691153,0.0,1.0,0.0,3.0,0.0
3114.0,delete,7.91994760691153,1066.0,12.0,7.91994760691153,0.0,1.0,0.0,1.0,0.0
3115.0,swap,7.931623585306362,1066.0,12.0,7.91994760691153,0.0,0.0,1.0,2.0,0.0
3116.0,add,7.952650045445748,1067.0,12.0,7.952650045445748,0.0,0.0,0.0,1.0,1.0
3117.0,add,7.873824632075485,1067.0,12.0,7.952650045445748,0.0,0.0,0.0,1.0,2.0
3118.0,delete,7.952650045445748,1067.0,12.0,7.952650045445748,0.0,0.0,0.0,1.0,0.0
3119.0,swap,7.95265004544575,1067.0,12.0,7.952650045445748,0.0,0.0,0.0,2.0,0.0
3120.0,swap,7.952650045445747,1068.0,10.0,7.826454089195536,0.0,0.0,0.0,2.0,0.0
3121.0,swap,7.952650045445748,1069.0,11.0,7.952650045445747,0.0,0.0,0.0,2.0,0.0
3122.0,add,7.952650045445747,1069.0,11.0,7.952650045445747,0.0,0.0,0.0,2.0,1.0
3123.0,delete,7.952650045445748,1069.0,11.0,7.952650045445747,0.0,0.0,0.0,1.0,0.0
3124.0,swap,7.951479459869106,1069.0,11.0,7.952650045445747,0.0,0.0,1.0,1.0,0.0
3125.0,add,7.952650045445747,1070.0,12.0,7.952650045445747,0.0,0.0,0.0,2.0,1.0
3126.0,add,7.952650045445746,1070.0,12.0,7.952650045445747,0.0,0.0,0.0,3.0,1.0
3127.0,delete,7.952650045445747,1070.0,12.0,7.952650045445747,0.0,0.0,0.0,2.0,0.0
3128.0,swap,7.797885332183863,1070.0,12.0,7.952650045445747,0.0,0.0,1.0,1.0,1.0
3129.0,change,7.871317116233396,1071.0,11.0,7.871317116233394,1.0,0.0,0.0,1.0,0.0
3130.0,add,7.871317116233394,1071.0,11.0,7.871317116233394,1.0,0.0,0.0,1.0,1.0
3131.0,delete,7.952650045445747,1071.0,11.0,7.871317116233394,0.0,0.0,0.0,1.0,0.0
3132.0,swap,7.952650045445747,1071.0,11.0,7.871317116233394,0.0,0.0,0.0,1.0,1.0
3133.0,add,7.901843577447853,1072.0,12.0,7.952650045445748,0.0,0.0,1.0,0.0,0.0
3134.0,delete,7.926789989567511,1073.0,12.0,7.9199476069115295,0.0,1.0,0.0,0.0,0.0
3135.0,add,7.9199476069115295,1073.0,12.0,7.9199476069115295,0.0,1.0,0.0,0.0,1.0
3136.0,delete,7.952650045445748,1073.0,12.0,7.9199476069115295,0.0,0.0,0.0,0.0,0.0
3137.0,swap,7.672813275480355,1073.0,12.0,7.9199476069115295,0.0,0.0,1.0,0.0,0.0
3138.0,add,7.789984187021045,1074.0,12.0,7.952650045445748,0.0,0.0,0.0,0.0,2.0
3139.0,delete,7.952650045445748,1074.0,12.0,7.952650045445748,0.0,0.0,0.0,0.0,0.0
3140.0,swap,7.861301836879327,1074.0,12.0,7.952650045445748,0.0,1.0,0.0,0.0,0.0
3141.0,add,7.913237338760615,1075.0,12.0,7.913237338760615,1.0,0.0,0.0,0.0,2.0
3142.0,delete,7.913237338760615,1075.0,12.0,7.913237338760615,1.0,0.0,0.0,0.0,0.0
3143.0,swap,7.906675721836648,1075.0,12.0,7.913237338760615,1.0,0.0,1.0,0.0,0.0
3144.0,add,7.913237338760615,1076.0,12.0,7.913237338760615,1.0,0.0,0.0,0.0,1.0
3145.0,delete,7.952650045445748,1076.0,12.0,7.913237338760615,0.0,0.0,0.0,0.0,0.0
3146.0,swap,7.948898900054908,1076.0,12.0,7.913237338760615,0.0,0.0,1.0,0.0,0.0
3147.0,change,7.913237338760615,1077.0,10.0,7.891395541681418,1.0,0.0,0.0,1.0,0.0
3148.0,swap,7.80602315529973,1078.0,10.0,7.896441825439351,1.0,0.0,1.0,0.0,0.0
3149.0,delete,7.952650045445747,1079.0,12.0,7.952650045445748,0.0,0.0,0.0,1.0,0.0
3150.0,add,7.902407266976172,1079.0,12.0,7.952650045445748,0.0,1.0,0.0,1.0,0.0
3151.0,delete,7.952650045445748,1079.0,12.0,7.952650045445748,0.0,0.0,0.0,0.0,0.0
3152.0,swap,7.952650045445747,1079.0,12.0,7.952650045445748,0.0,0.0,0.0,1.0,0.0
3153.0,delete,7.952650045445747,1080.0,12.0,7.952650045445748,0.0,0.0,0.0,1.0,1.0
3154.0,add,7.952650045445748,1080.0,12.0,7.952650045445748,0.0,0.0,0.0,1.0,2.0
3155.0,delete,7.952650045445748,1080.0,12.0,7.952650045445748,0.0,0.0,0.0,0.0,1.0
3156.0,swap,7.952650045445747,1080.0,12.0,7.952650045445748,0.0,0.0,0.0,2.0,0.0
3157.0,swap,7.754097662335605,1081.0,11.0,7.72150952278674,1.0,1.0,0.0,1.0,0.0
3158.0,add,7.035869991332904,1081.0,11.0,7.72150952278674,1.0,2.0,0.0,1.0,0.0
3159.0,delete,7.891879754356079,1081.0,11.0,7.72150952278674,0.0,1.0,0.0,1.0,0.0
3160.0,swap,7.692786713948285,1081.0,11.0,7.72150952278674,1.0,1.0,0.0,1.0,0.0
3161.0,add,7.871317116233394,1082.0,12.0,7.871317116233395,1.0,0.0,0.0,1.0,0.0
3162.0,add,7.577401573974731,1082.0,12.0,7.871317116233395,1.0,0.0,0.0,1.0,1.0
3163.0,delete,7.952650045445748,1082.0,12.0,7.871317116233395,0.0,0.0,0.0,1.0,0.0
3164.0,swap,7.938699754923421,1082.0,12.0,7.871317116233395,0.0,1.0,0.0,1.0,0.0
3165.0,swap,7.952650045445749,1083.0,12.0,7.952650045445749,0.0,0.0,0.0,1.0,0.0
3166.0,add,7.952650045445749,1083.0,12.0,7.952650045445749,0.0,0.0,0.0,1.0,1.0
3167.0,delete,7.952650045445748,1083.0,12.0,7.952650045445749,0.0,0.0,0.0,0.0,0.0
3168.0,swap,7.952650045445748,1083.0,12.0,7.952650045445749,0.0,0.0,0.0,1.0,0.0
3169.0,delete,7.952650045445749,1084.0,12.0,7.952650045445747,0.0,0.0,0.0,1.0,0.0
3170.0,add,7.952650045445747,1084.0,12.0,7.952650045445747,0.0,0.0,0.0,1.0,1.0
3171.0,delete,7.952650045445748,1084.0,12.0,7.952650045445747,0.0,0.0,0.0,0.0,0.0
3172.0,swap,7.949587867377887,1084.0,12.0,7.952650045445747,0.0,1.0,0.0,0.0,0.0
3173.0,change,7.871317116233397,1085.0,10.0,7.889033909481022,1.0,0.0,0.0,1.0,0.0
3174.0,add,7.902077209681572,1086.0,12.0,7.952650045445748,0.0,0.0,1.0,0.0,0.0
3175.0,change,7.871317116233395,1087.0,11.0,7.871317116233397,1.0,0.0,0.0,1.0,0.0
3176.0,add,7.1910933169266595,1087.0,11.0,7.871317116233397,1.0,0.0,0.0,1.0,1.0
3177.0,delete,7.871317116233396,1087.0,11.0,7.871317116233397,1.0,0.0,0.0,0.0,0.0
3178.0,swap,7.952650045445748,1087.0,11.0,7.871317116233397,0.0,0.0,0.0,1.0,1.0
3179.0,change,7.913237338760616,1088.0,11.0,7.913237338760615,1.0,0.0,0.0,1.0,0.0
3180.0,add,7.629969060995622,1088.0,11.0,7.913237338760615,1.0,0.0,0.0,1.0,1.0
3181.0,delete,7.913237338760615,1088.0,11.0,7.913237338760615,1.0,0.0,0.0,0.0,0.0
3182.0,swap,7.913237338760615,1088.0,11.0,7.913237338760615,1.0,0.0,0.0,0.0,1.0
3183.0,swap,7.789984187021045,1089.0,11.0,7.952650045445748,0.0,0.0,0.0,0.0,1.0
3184.0,add,7.771603199878181,1090.0,11.0,7.771603199878181,2.0,0.0,0.0,2.0,1.0
3185.0,add,7.764032485688462,1090.0,11.0,7.771603199878181,2.0,0.0,1.0,2.0,1.0
3186.0,delete,7.771603199878181,1090.0,11.0,7.771603199878181,2.0,0.0,0.0,1.0,1.0
3187.0,swap,7.913237338760617,1090.0,11.0,7.771603199878181,1.0,0.0,0.0,2.0,2.0
3188.0,add,7.664371703982135,1091.0,12.0,7.952650045445748,0.0,0.0,0.0,0.0,1.0
3189.0,add,7.771603199878181,1092.0,10.0,7.7296416313495975,2.0,0.0,0.0,0.0,1.0
3190.0,swap,7.796338667700869,1093.0,11.0,7.80602315529973,1.0,0.0,1.0,0.0,0.0
3191.0,add,7.4507370133639546,1093.0,11.0,7.80602315529973,1.0,1.0,1.0,0.0,0.0
3192.0,delete,7.7775213059861,1093.0,11.0,7.80602315529973,0.0,0.0,1.0,0.0,0.0
3193.0,swap,7.77970195481997,1093.0,11.0,7.80602315529973,0.0,0.0,2.0,0.0,0.0
3194.0,add,7.952650045445748,1094.0,14.0,7.952650045445748,0.0,0.0,0.0,0.0,1.0
3195.0,add,7.952650045445748,1095.0,14.0,7.952650045445748,0.0,0.0,0.0,0.0,2.0
3196.0,delete,7.952650045445748,1095.0,14.0,7.952650045445748,0.0,0.0,0.0,0.0,0.0
3197.0,swap,7.797746904590011,1095.0,14.0,7.952650045445748,0.0,0.0,1.0,0.0,0.0
3198.0,add,7.952650045445748,1096.0,12.0,7.909640484154223,0.0,0.0,0.0,0.0,1.0
3199.0,swap,7.952501903585414,1097.0,11.0,7.910705366674998,0.0,0.0,1.0,0.0,0.0
3200.0,add,7.952650045445748,1098.0,13.0,7.952650045445748,0.0,0.0,0.0,0.0,2.0
3201.0,delete,7.952650045445748,1098.0,13.0,7.952650045445748,0.0,0.0,0.0,0.0,0.0
3202.0,swap,7.825026499769518,1098.0,13.0,7.952650045445748,0.0,0.0,1.0,0.0,0.0
3203.0,swap,7.951491663133931,1099.0,12.0,7.952501903585414,0.0,0.0,1.0,0.0,0.0
3204.0,add,7.789382732808819,1099.0,12.0,7.952501903585414,0.0,0.0,1.0,0.0,1.0
3205.0,delete,7.952650045445748,1099.0,12.0,7.952501903585414,0.0,0.0,0.0,0.0,0.0
3206.0,swap,7.7924923782703805,1099.0,12.0,7.952501903585414,0.0,0.0,1.0,0.0,0.0
3207.0,add,7.952650045445748,1100.0,12.0,7.922659312656483,0.0,0.0,0.0,0.0,1.0
3208.0,add,7.952650045445748,1101.0,13.0,7.952650045445748,0.0,0.0,0.0,0.0,2.0
3209.0,delete,7.952650045445748,1101.0,13.0,7.952650045445748,0.0,0.0,0.0,0.0,0.0
3210.0,swap,7.952650045445748,1101.0,13.0,7.952650045445748,0.0,0.0,0.0,1.0,0.0
3211.0,add,7.913237338760615,1102.0,11.0,7.871534382601883,1.0,0.0,0.0,0.0,1.0
3212.0,add,7.913237338760616,1103.0,12.0,7.913237338760615,1.0,0.0,0.0,1.0,1.0
3213.0,delete,7.913237338760615,1103.0,12.0,7.913237338760615,1.0,0.0,0.0,0.0,0.0
3214.0,swap,7.952650045445747,1103.0,12.0,7.913237338760615,0.0,0.0,0.0,1.0,1.0
3215.0,delete,7.913237338760615,1104.0,11.0,7.952650045445748,1.0,0.0,0.0,0.0,0.0
3216.0,add,7.903790170666725,1105.0,12.0,7.913237338760615,1.0,0.0,1.0,0.0,0.0
3217.0,delete,7.952650045445748,1105.0,12.0,7.913237338760615,0.0,0.0,0.0,0.0,0.0
3218.0,swap,7.952650045445748,1105.0,12.0,7.913237338760615,0.0,0.0,0.0,1.0,0.0
3219.0,add,7.952650045445748,1106.0,13.0,7.952650045445748,0.0,0.0,0.0,0.0,3.0
3220.0,delete,7.952650045445748,1106.0,13.0,7.952650045445748,0.0,0.0,0.0,0.0,1.0
3221.0,swap,7.952650045445748,1106.0,13.0,7.952650045445748,0.0,0.0,0.0,0.0,2.0
3222.0,swap,7.921597045452517,1107.0,12.0,7.916188741996713,0.0,0.0,1.0,0.0,1.0
3223.0,add,7.916188741996713,1107.0,12.0,7.916188741996713,0.0,0.0,1.0,0.0,2.0
3224.0,delete,7.952650045445748,1107.0,12.0,7.916188741996713,0.0,0.0,0.0,0.0,1.0
3225.0,swap,7.789984187020971,1107.0,12.0,7.916188741996713,0.0,0.0,0.0,0.0,2.0
3226.0,add,7.92465015410585,1108.0,13.0,7.952650045445748,0.0,1.0,0.0,0.0,0.0
3227.0,swap,7.952650045445748,1109.0,13.0,7.952650045445748,0.0,0.0,0.0,1.0,0.0
3228.0,add,7.90475454969592,1109.0,13.0,7.952650045445748,0.0,1.0,0.0,1.0,0.0
3229.0,delete,7.952650045445748,1109.0,13.0,7.952650045445748,0.0,0.0,0.0,0.0,0.0
3230.0,swap,7.952650045445748,1109.0,13.0,7.952650045445748,0.0,0.0,0.0,0.0,1.0
3231.0,add,7.810937582016332,1110.0,12.0,7.871317116233396,1.0,0.0,1.0,0.0,0.0
3232.0,delete,7.952650045445748,1110.0,12.0,7.871317116233396,0.0,0.0,0.0,0.0,0.0
3233.0,swap,7.952650045445749,1110.0,12.0,7.871317116233396,0.0,0.0,0.0,1.0,0.0
3234.0,add,7.873824632075483,1111.0,14.0,7.952650045445748,0.0,0.0,0.0,0.0,3.0
3235.0,delete,7.952650045445748,1111.0,14.0,7.952650045445748,0.0,0.0,0.0,0.0,1.0
3236.0,swap,7.9390593322069565,1111.0,14.0,7.952650045445748,0.0,1.0,0.0,0.0,1.0
3237.0,swap,7.952650045445748,1112.0,11.0,7.875632377718458,0.0,0.0,0.0,0.0,1.0
3238.0,add,7.952650045445748,1113.0,12.0,7.952650045445748,0.0,0.0,0.0,0.0,2.0
3239.0,delete,7.952650045445748,1113.0,12.0,7.952650045445748,0.0,0.0,0.0,0.0,0.0
3240.0,swap,7.563369175529877,1113.0,12.0,7.952650045445748,0.0,0.0,1.0,0.0,0.0
3241.0,add,7.952650045445748,1114.0,13.0,7.952650045445748,0.0,0.0,0.0,1.0,0.0
3242.0,add,7.86889679456862,1115.0,13.0,7.952650045445748,0.0,1.0,0.0,0.0,1.0
3243.0,delete,7.952650045445748,1115.0,13.0,7.952650045445748,0.0,0.0,0.0,0.0,0.0
3244.0,swap,7.952650045445749,1115.0,13.0,7.952650045445748,0.0,0.0,0.0,1.0,0.0
3245.0,add,7.381613523556675,1116.0,12.0,7.771603199878181,2.0,0.0,0.0,0.0,3.0
3246.0,delete,7.913237338760615,1116.0,12.0,7.771603199878181,1.0,0.0,0.0,0.0,2.0
3247.0,swap,7.871317116233394,1116.0,12.0,7.771603199878181,1.0,0.0,0.0,1.0,2.0
3248.0,add,7.789984187020971,1117.0,14.0,7.952650045445748,0.0,0.0,0.0,0.0,3.0
3249.0,delete,7.952650045445748,1117.0,14.0,7.952650045445748,0.0,0.0,0.0,0.0,1.0
3250.0,swap,7.952650045445748,1117.0,14.0,7.952650045445748,0.0,0.0,0.0,1.0,1.0
3251.0,add,7.789984187020971,1118.0,13.0,7.952650045445748,0.0,0.0,0.0,0.0,1.0
3252.0,add,7.943117114912661,1119.0,13.0,7.944764673638777,0.0,1.0,0.0,1.0,0.0
3253.0,add,7.944764673638777,1119.0,13.0,7.944764673638777,0.0,1.0,0.0,1.0,1.0
3254.0,delete,7.944764673638776,1119.0,13.0,7.944764673638777,0.0,1.0,0.0,0.0,0.0
3255.0,swap,7.888261451241432,1119.0,13.0,7.944764673638777,0.0,1.0,0.0,1.0,0.0
3256.0,swap,7.798219282132214,1120.0,12.0,7.791801859475641,0.0,0.0,1.0,0.0,0.0
3257.0,add,7.791801859475641,1120.0,12.0,7.791801859475641,0.0,0.0,1.0,0.0,1.0
3258.0,delete,7.952650045445748,1120.0,12.0,7.791801859475641,0.0,0.0,0.0,0.0,0.0
3259.0,swap,7.919629371271277,1120.0,12.0,7.791801859475641,0.0,1.0,0.0,0.0,0.0
3260.0,swap,7.604379311605733,1121.0,10.0,7.884393913327502,1.0,1.0,0.0,0.0,0.0
3261.0,add,7.948331713122815,1122.0,14.0,7.947801972273611,0.0,0.0,1.0,0.0,1.0
3262.0,add,7.4108901147003445,1122.0,14.0,7.947801972273611,0.0,1.0,1.0,0.0,1.0
3263.0,delete,7.952650045445748,1122.0,14.0,7.947801972273611,0.0,0.0,0.0,0.0,1.0
3264.0,swap,7.925531713310858,1122.0,14.0,7.947801972273611,0.0,0.0,2.0,0.0,0.0
3265.0,add,7.952650045445747,1123.0,14.0,7.952650045445748,0.0,0.0,0.0,1.0,2.0
3266.0,delete,7.952650045445748,1123.0,14.0,7.952650045445748,0.0,0.0,0.0,0.0,1.0
3267.0,swap,7.952650045445748,1123.0,14.0,7.952650045445748,0.0,0.0,0.0,0.0,2.0
3268.0,add,7.651193024687723,1124.0,11.0,7.870952157142598,1.0,0.0,0.0,0.0,1.0
3269.0,delete,7.916188741996713,1125.0,11.0,7.896888697285306,0.0,0.0,1.0,0.0,0.0
3270.0,swap,7.724878711137089,1126.0,12.0,7.752260312326217,1.0,1.0,0.0,0.0,0.0
3271.0,add,7.752260312326217,1126.0,12.0,7.752260312326217,1.0,1.0,0.0,0.0,1.0
3272.0,delete,7.866503594006064,1126.0,12.0,7.752260312326217,0.0,1.0,0.0,0.0,0.0
3273.0,swap,7.866503594006064,1126.0,12.0,7.752260312326217,0.0,1.0,0.0,0.0,1.0
3274.0,swap,7.7459553480027825,1127.0,10.0,7.744943933539539,2.0,1.0,0.0,0.0,0.0
3275.0,add,7.504539847583917,1127.0,10.0,7.744943933539539,2.0,1.0,0.0,0.0,1.0
3276.0,delete,7.795050278006042,1127.0,10.0,7.744943933539539,2.0,0.0,0.0,0.0,0.0
3277.0,swap,7.4383274842250255,1127.0,10.0,7.744943933539539,1.0,2.0,0.0,0.0,0.0
3278.0,add,7.952650045445748,1128.0,14.0,7.952650045445748,0.0,0.0,0.0,0.0,1.0
3279.0,add,7.789984187021045,1129.0,15.0,7.952650045445748,0.0,0.0,0.0,0.0,2.0
3280.0,delete,7.952650045445748,1129.0,15.0,7.952650045445748,0.0,0.0,0.0,0.0,0.0
3281.0,swap,7.6651807249891615,1129.0,15.0,7.952650045445748,0.0,0.0,1.0,0.0,0.0
3282.0,add,7.949929936080063,1130.0,13.0,7.9505589321192724,0.0,2.0,0.0,0.0,0.0
3283.0,add,7.905043954069013,1130.0,13.0,7.9505589321192724,0.0,2.0,1.0,0.0,0.0
3284.0,delete,7.952373715525182,1130.0,13.0,7.9505589321192724,0.0,1.0,0.0,0.0,0.0
3285.0,swap,7.689281030626124,1130.0,13.0,7.9505589321192724,0.0,2.0,0.0,0.0,0.0
3286.0,swap,7.952650045445748,1131.0,13.0,7.952650045445747,0.0,0.0,0.0,1.0,1.0
3287.0,add,7.945694137265737,1131.0,13.0,7.952650045445747,0.0,0.0,1.0,1.0,1.0
3288.0,delete,7.952650045445748,1131.0,13.0,7.952650045445747,0.0,0.0,0.0,0.0,1.0
3289.0,swap,7.790230855540637,1131.0,13.0,7.952650045445747,0.0,1.0,0.0,0.0,1.0
3290.0,swap,7.927056280691888,1132.0,13.0,7.927175460776589,0.0,1.0,0.0,0.0,0.0
3291.0,add,7.927175460776589,1132.0,13.0,7.927175460776589,0.0,1.0,0.0,0.0,1.0
3292.0,delete,7.952650045445748,1132.0,13.0,7.927175460776589,0.0,0.0,0.0,0.0,0.0
3293.0,swap,7.397040644518788,1132.0,13.0,7.927175460776589,0.0,0.0,0.0,0.0,1.0
3294.0,add,7.952650045445749,1133.0,14.0,7.952650045445748,0.0,0.0,0.0,1.0,0.0
3295.0,add,7.952650045445748,1134.0,14.0,7.952650045445748,0.0,0.0,0.0,0.0,2.0
3296.0,delete,7.952650045445748,1134.0,14.0,7.952650045445748,0.0,0.0,0.0,0.0,0.0
3297.0,swap,7.904403460533374,1134.0,14.0,7.952650045445748,0.0,1.0,0.0,0.0,0.0
3298.0,add,7.952650045445748,1135.0,12.0,7.932452562899467,0.0,0.0,0.0,0.0,1.0
3299.0,add,7.873824632075484,1136.0,13.0,7.952650045445748,0.0,0.0,0.0,0.0,2.0
3300.0,delete,7.952650045445748,1136.0,13.0,7.952650045445748,0.0,0.0,0.0,0.0,0.0
3301.0,swap,7.91777049861607,1136.0,13.0,7.952650045445748,0.0,0.0,1.0,0.0,0.0
3302.0,add,7.863189958872493,1137.0,12.0,7.935074008500987,0.0,0.0,1.0,0.0,0.0
3303.0,add,7.852088716935437,1138.0,14.0,7.952650045445748,0.0,0.0,1.0,0.0,0.0
3304.0,add,7.850125512718132,1139.0,13.0,7.863189958872493,0.0,0.0,1.0,0.0,0.0
3305.0,add,7.792119908608883,1139.0,13.0,7.863189958872493,0.0,1.0,1.0,0.0,0.0
3306.0,delete,7.952650045445748,1139.0,13.0,7.863189958872493,0.0,0.0,0.0,0.0,0.0
3307.0,swap,7.952650045445748,1139.0,13.0,7.863189958872493,0.0,0.0,0.0,1.0,0.0
3308.0,delete,7.91814777372388,1140.0,12.0,7.916188741996713,0.0,0.0,1.0,0.0,0.0
3309.0,add,7.85969504698067,1140.0,12.0,7.916188741996713,0.0,0.0,2.0,0.0,0.0
3310.0,delete,7.952650045445748,1140.0,12.0,7.916188741996713,0.0,0.0,0.0,0.0,0.0
3311.0,swap,7.952650045445748,1140.0,12.0,7.916188741996713,0.0,0.0,0.0,0.0,1.0
3312.0,add,7.702190584649994,1141.0,11.0,7.901643722986083,1.0,1.0,0.0,0.0,0.0
3313.0,swap,7.871317116233394,1142.0,11.0,7.899321752382532,1.0,0.0,0.0,1.0,0.0
3314.0,swap,7.857151947096951,1143.0,12.0,7.881586249584022,0.0,0.0,1.0,0.0,0.0
3315.0,add,7.697385734254221,1143.0,12.0,7.881586249584022,0.0,0.0,1.0,0.0,1.0
3316.0,delete,7.952650045445748,1143.0,12.0,7.881586249584022,0.0,0.0,0.0,0.0,0.0
3317.0,swap,7.669414636071749,1143.0,12.0,7.881586249584022,0.0,1.0,0.0,0.0,0.0
3318.0,swap,7.762627408266686,1144.0,12.0,7.794916093638508,1.0,0.0,1.0,0.0,0.0
3319.0,add,7.444640616459553,1144.0,12.0,7.794916093638508,1.0,0.0,1.0,0.0,1.0
3320.0,delete,7.9224519426729145,1144.0,12.0,7.794916093638508,0.0,0.0,1.0,0.0,0.0
3321.0,swap,7.910489065528175,1144.0,12.0,7.794916093638508,0.0,1.0,1.0,0.0,0.0
3322.0,change,7.9132373387606165,1145.0,10.0,7.84496365247873,1.0,0.0,0.0,2.0,0.0
3323.0,swap,7.544613831593238,1146.0,10.0,7.584451851671796,2.0,0.0,1.0,0.0,0.0
3324.0,add,7.584451851671796,1146.0,10.0,7.584451851671796,2.0,0.0,1.0,0.0,1.0
3325.0,delete,7.771603199878181,1146.0,10.0,7.584451851671796,2.0,0.0,0.0,0.0,0.0
3326.0,swap,7.785012053082146,1146.0,10.0,7.584451851671796,1.0,0.0,1.0,1.0,0.0
3327.0,add,7.914537216740258,1147.0,13.0,7.952650045445748,0.0,1.0,0.0,0.0,0.0
3328.0,add,7.952650045445747,1148.0,14.0,7.952650045445748,0.0,0.0,0.0,1.0,0.0
3329.0,swap,7.951238115117835,1149.0,13.0,7.951491663133931,0.0,0.0,1.0,0.0,0.0
3330.0,add,7.855326286257195,1149.0,13.0,7.951491663133931,0.0,1.0,1.0,0.0,0.0
3331.0,delete,7.952650045445748,1149.0,13.0,7.951491663133931,0.0,0.0,0.0,0.0,0.0
3332.0,swap,7.900508099964272,1149.0,13.0,7.951491663133931,0.0,1.0,0.0,0.0,0.0
3333.0,add,7.952650045445747,1150.0,15.0,7.952650045445747,0.0,0.0,0.0,1.0,0.0
3334.0,add,7.78998418702097,1150.0,15.0,7.952650045445747,0.0,0.0,0.0,1.0,1.0
3335.0,delete,7.952650045445748,1150.0,15.0,7.952650045445747,0.0,0.0,0.0,0.0,0.0
3336.0,swap,7.952650045445748,1150.0,15.0,7.952650045445747,0.0,0.0,0.0,0.0,1.0
3337.0,add,7.940744593201619,1151.0,13.0,7.952650045445748,0.0,1.0,0.0,0.0,2.0
3338.0,delete,7.952650045445748,1151.0,13.0,7.952650045445748,0.0,0.0,0.0,0.0,1.0
3339.0,swap,7.952650045445748,1151.0,13.0,7.952650045445748,0.0,0.0,0.0,0.0,2.0
3340.0,add,7.952650045445749,1152.0,14.0,7.952650045445748,0.0,0.0,0.0,1.0,0.0
3341.0,add,7.952650045445747,1153.0,15.0,7.952650045445749,0.0,0.0,0.0,1.0,0.0
3342.0,add,7.87818199633962,1153.0,15.0,7.952650045445749,0.0,0.0,1.0,1.0,0.0
3343.0,delete,7.952650045445748,1153.0,15.0,7.952650045445749,0.0,0.0,0.0,0.0,0.0
3344.0,swap,7.397040644518788,1153.0,15.0,7.952650045445749,0.0,0.0,0.0,0.0,1.0
3345.0,add,7.952650045445748,1154.0,14.0,7.952650045445748,0.0,0.0,0.0,0.0,1.0
3346.0,add,7.952650045445748,1155.0,14.0,7.952650045445747,0.0,0.0,0.0,1.0,0.0
3347.0,add,7.8738339060245925,1155.0,14.0,7.952650045445747,0.0,0.0,1.0,1.0,0.0
3348.0,delete,7.952650045445748,1155.0,14.0,7.952650045445747,0.0,0.0,0.0,0.0,0.0
3349.0,swap,7.952650045445749,1155.0,14.0,7.952650045445747,0.0,0.0,0.0,1.0,0.0
3350.0,add,7.952650045445748,1156.0,15.0,7.952650045445748,0.0,0.0,0.0,0.0,2.0
3351.0,delete,7.952650045445748,1156.0,15.0,7.952650045445748,0.0,0.0,0.0,0.0,0.0
3352.0,swap,7.952650045445749,1156.0,15.0,7.952650045445748,0.0,0.0,0.0,1.0,0.0
3353.0,add,7.873824632075484,1157.0,14.0,7.952650045445748,0.0,0.0,0.0,0.0,1.0
3354.0,swap,7.794510736380513,1158.0,14.0,7.874365645365385,0.0,1.0,0.0,0.0,0.0
3355.0,add,7.63293338647892,1158.0,14.0,7.874365645365385,0.0,1.0,0.0,0.0,1.0
3356.0,delete,7.952650045445748,1158.0,14.0,7.874365645365385,0.0,0.0,0.0,0.0,0.0
3357.0,swap,7.8125399363061785,1158.0,14.0,7.874365645365385,0.0,0.0,1.0,0.0,0.0
3358.0,swap,7.952650045445748,1159.0,13.0,7.952650045445749,0.0,0.0,0.0,1.0,1.0
3359.0,add,7.952650045445749,1159.0,13.0,7.952650045445749,0.0,0.0,0.0,1.0,2.0
3360.0,delete,7.952650045445749,1159.0,13.0,7.952650045445749,0.0,0.0,0.0,1.0,0.0
3361.0,swap,7.896587641850685,1159.0,13.0,7.952650045445749,0.0,0.0,1.0,0.0,1.0
3362.0,swap,7.952650045445749,1160.0,14.0,7.952650045445749,0.0,0.0,0.0,1.0,0.0
3363.0,add,7.873824632075484,1160.0,14.0,7.952650045445749,0.0,0.0,0.0,1.0,1.0
3364.0,delete,7.952650045445748,1160.0,14.0,7.952650045445749,0.0,0.0,0.0,0.0,0.0
3365.0,swap,7.952650045445749,1160.0,14.0,7.952650045445749,0.0,0.0,0.0,1.0,0.0
3366.0,add,7.938799986748398,1161.0,13.0,7.952650045445748,0.0,1.0,0.0,0.0,1.0
3367.0,delete,7.952650045445748,1161.0,13.0,7.952650045445748,0.0,0.0,0.0,0.0,0.0
3368.0,swap,7.926952333050883,1161.0,13.0,7.952650045445748,0.0,1.0,0.0,0.0,0.0
3369.0,add,7.871317116233394,1162.0,11.0,7.8923284830575895,1.0,0.0,0.0,1.0,0.0
3370.0,add,7.952650045445748,1163.0,13.0,7.952650045445748,0.0,0.0,0.0,1.0,0.0
3371.0,add,7.952650045445748,1164.0,14.0,7.952650045445748,0.0,0.0,0.0,1.0,0.0
3372.0,add,7.952650045445748,1164.0,14.0,7.952650045445748,0.0,0.0,0.0,1.0,1.0
3373.0,delete,7.952650045445748,1164.0,14.0,7.952650045445748,0.0,0.0,0.0,0.0,0.0
3374.0,swap,7.952650045445748,1164.0,14.0,7.952650045445748,0.0,0.0,0.0,1.0,0.0
3375.0,swap,7.952650045445748,1165.0,11.0,7.897337959120583,0.0,0.0,0.0,1.0,0.0
3376.0,swap,7.952650045445749,1166.0,12.0,7.952650045445748,0.0,0.0,0.0,1.0,0.0
3377.0,add,7.664371703982135,1166.0,12.0,7.952650045445748,0.0,0.0,0.0,1.0,1.0
3378.0,delete,7.952650045445748,1166.0,12.0,7.952650045445748,0.0,0.0,0.0,0.0,0.0
3379.0,swap,7.952650045445748,1166.0,12.0,7.952650045445748,0.0,0.0,0.0,1.0,0.0
3380.0,add,7.952650045445749,1167.0,15.0,7.952650045445749,0.0,0.0,0.0,1.0,0.0
3381.0,add,7.952650045445749,1167.0,15.0,7.952650045445749,0.0,0.0,0.0,1.0,1.0
3382.0,delete,7.952650045445748,1167.0,15.0,7.952650045445749,0.0,0.0,0.0,0.0,0.0
3383.0,swap,7.915143165085985,1167.0,15.0,7.952650045445749,0.0,1.0,0.0,0.0,0.0
3384.0,add,7.871317116233394,1168.0,12.0,7.871317116233394,1.0,0.0,0.0,1.0,0.0
3385.0,add,7.866446996684695,1168.0,12.0,7.871317116233394,1.0,0.0,1.0,1.0,0.0
3386.0,delete,7.871317116233396,1168.0,12.0,7.871317116233394,1.0,0.0,0.0,0.0,0.0
3387.0,swap,7.699257677731989,1168.0,12.0,7.871317116233394,1.0,1.0,0.0,0.0,0.0
3388.0,add,7.771603199878181,1169.0,10.0,7.751718910308561,2.0,0.0,0.0,1.0,0.0
3389.0,delete,7.899150378832932,1170.0,12.0,7.89737653523556,1.0,0.0,1.0,0.0,0.0
3390.0,add,7.897376535235561,1170.0,12.0,7.89737653523556,1.0,0.0,1.0,1.0,0.0
3391.0,delete,7.877156923577475,1170.0,12.0,7.89737653523556,0.0,0.0,1.0,0.0,0.0
3392.0,swap,7.877156923577475,1170.0,12.0,7.89737653523556,0.0,0.0,1.0,0.0,1.0
3393.0,add,7.913237338760615,1171.0,13.0,7.913237338760615,1.0,0.0,0.0,0.0,1.0
3394.0,delete,7.952650045445748,1171.0,13.0,7.913237338760615,0.0,0.0,0.0,0.0,0.0
3395.0,swap,7.789984187020972,1171.0,13.0,7.913237338760615,0.0,0.0,0.0,0.0,1.0
3396.0,add,7.930610386962073,1172.0,14.0,7.914537216740258,0.0,1.0,0.0,0.0,0.0
3397.0,add,7.914537216740258,1172.0,14.0,7.914537216740258,0.0,1.0,0.0,1.0,0.0
3398.0,delete,7.952650045445748,1172.0,14.0,7.914537216740258,0.0,0.0,0.0,0.0,0.0
3399.0,swap,7.952650045445748,1172.0,14.0,7.914537216740258,0.0,0.0,0.0,1.0,0.0
3400.0,swap,7.9479475562264845,1173.0,13.0,7.95032301587762,0.0,1.0,0.0,0.0,0.0
3401.0,add,7.95032301587762,1173.0,13.0,7.95032301587762,0.0,1.0,0.0,0.0,1.0
3402.0,delete,7.952650045445748,1173.0,13.0,7.95032301587762,0.0,0.0,0.0,0.0,0.0
3403.0,swap,7.874140633452566,1173.0,13.0,7.95032301587762,0.0,0.0,1.0,0.0,0.0
3404.0,swap,7.952650045445749,1174.0,11.0,7.909233710424494,0.0,0.0,0.0,1.0,0.0
3405.0,swap,7.952650045445747,1175.0,12.0,7.952650045445749,0.0,0.0,0.0,1.0,0.0
3406.0,add,7.947359424048098,1175.0,12.0,7.952650045445749,0.0,1.0,0.0,1.0,0.0
3407.0,delete,7.952650045445748,1175.0,12.0,7.952650045445749,0.0,0.0,0.0,0.0,0.0
3408.0,swap,7.866951871542968,1175.0,12.0,7.952650045445749,0.0,0.0,1.0,0.0,0.0
3409.0,add,7.873824632075484,1176.0,13.0,7.952650045445748,0.0,0.0,0.0,0.0,1.0
3410.0,swap,7.952650045445749,1177.0,13.0,7.952650045445747,0.0,0.0,0.0,1.0,0.0
3411.0,add,7.952650045445747,1177.0,13.0,7.952650045445747,0.0,0.0,0.0,1.0,1.0
3412.0,delete,7.952650045445748,1177.0,13.0,7.952650045445747,0.0,0.0,0.0,0.0,0.0
3413.0,swap,7.952650045445749,1177.0,13.0,7.952650045445747,0.0,0.0,0.0,1.0,0.0
3414.0,add,7.9496953642604264,1178.0,13.0,7.947359424048098,0.0,1.0,0.0,1.0,0.0
3415.0,add,7.947359424048098,1178.0,13.0,7.947359424048098,0.0,1.0,0.0,1.0,1.0
3416.0,delete,7.947359424048097,1178.0,13.0,7.947359424048098,0.0,1.0,0.0,0.0,0.0
3417.0,swap,7.94424528809723,1178.0,13.0,7.947359424048098,0.0,2.0,0.0,0.0,0.0
3418.0,add,7.873824632075484,1179.0,14.0,7.873824632075484,0.0,0.0,0.0,0.0,2.0
3419.0,delete,7.952650045445748,1179.0,14.0,7.873824632075484,0.0,0.0,0.0,0.0,0.0
3420.0,swap,7.952650045445747,1179.0,14.0,7.873824632075484,0.0,0.0,0.0,1.0,0.0
3421.0,swap,7.9099556597246625,1180.0,14.0,7.921618240824715,0.0,1.0,0.0,0.0,0.0
3422.0,add,7.708875315401998,1180.0,14.0,7.921618240824715,0.0,1.0,0.0,0.0,1.0
3423.0,delete,7.952650045445748,1180.0,14.0,7.921618240824715,0.0,0.0,0.0,0.0,0.0
3424.0,swap,7.947793310291304,1180.0,14.0,7.921618240824715,0.0,0.0,1.0,0.0,0.0
3425.0,add,7.952650045445748,1181.0,13.0,7.952650045445748,0.0,0.0,0.0,0.0,1.0
3426.0,add,7.622007348425093,1182.0,14.0,7.952650045445748,0.0,0.0,1.0,0.0,1.0
3427.0,delete,7.952650045445748,1182.0,14.0,7.952650045445748,0.0,0.0,0.0,0.0,0.0
3428.0,swap,7.952650045445749,1182.0,14.0,7.952650045445748,0.0,0.0,0.0,1.0,0.0
3429.0,add,7.397040644518788,1183.0,13.0,7.952650045445748,0.0,0.0,0.0,0.0,1.0
3430.0,delete,7.8085108747139405,1184.0,11.0,7.929002421434669,1.0,0.0,0.0,1.0,0.0
3431.0,add,7.9212703448026245,1185.0,14.0,7.92465015410585,0.0,1.0,0.0,0.0,0.0
3432.0,add,7.923467730497562,1185.0,14.0,7.92465015410585,0.0,2.0,0.0,0.0,0.0
3433.0,delete,7.952650045445748,1185.0,14.0,7.92465015410585,0.0,0.0,0.0,0.0,0.0
3434.0,swap,7.952650045445748,1185.0,14.0,7.92465015410585,0.0,0.0,0.0,1.0,0.0
3435.0,add,7.952650045445749,1186.0,14.0,7.952650045445748,0.0,0.0,0.0,1.0,0.0
3436.0,add,7.790522414353328,1186.0,14.0,7.952650045445748,0.0,1.0,0.0,1.0,0.0
3437.0,delete,7.952650045445748,1186.0,14.0,7.952650045445748,0.0,0.0,0.0,0.0,0.0
3438.0,swap,7.4073632742494135,1186.0,14.0,7.952650045445748,0.0,0.0,1.0,0.0,0.0
3439.0,add,7.668787830239875,1187.0,11.0,7.8661374491589315,1.0,1.0,0.0,0.0,0.0
3440.0,add,7.952650045445749,1188.0,15.0,7.952650045445748,0.0,0.0,0.0,1.0,1.0
3441.0,delete,7.952650045445748,1188.0,15.0,7.952650045445748,0.0,0.0,0.0,0.0,0.0
3442.0,swap,7.865471633110489,1188.0,15.0,7.952650045445748,0.0,0.0,1.0,0.0,0.0
3443.0,swap,7.8898848330692415,1189.0,13.0,7.866951871542968,0.0,0.0,1.0,0.0,0.0
3444.0,add,7.866951871542968,1189.0,13.0,7.866951871542968,0.0,0.0,1.0,0.0,1.0
3445.0,delete,7.952650045445748,1189.0,13.0,7.866951871542968,0.0,0.0,0.0,0.0,0.0
3446.0,swap,7.952650045445748,1189.0,13.0,7.866951871542968,0.0,0.0,0.0,0.0,1.0
3447.0,add,7.789984187020971,1190.0,12.0,7.888878837782876,0.0,0.0,0.0,0.0,1.0
3448.0,change,7.952519923686285,1191.0,12.0,7.922242841983795,0.0,0.0,1.0,0.0,0.0
3449.0,swap,7.917836328899303,1192.0,13.0,7.920275491382606,0.0,0.0,1.0,0.0,0.0
3450.0,add,7.920275491382606,1192.0,13.0,7.920275491382606,0.0,0.0,1.0,0.0,1.0
3451.0,delete,7.952650045445748,1192.0,13.0,7.920275491382606,0.0,0.0,0.0,0.0,0.0
3452.0,swap,7.896084616843114,1192.0,13.0,7.920275491382606,0.0,0.0,1.0,0.0,0.0
3453.0,add,7.469953934970275,1193.0,13.0,7.789984187020971,0.0,0.0,0.0,0.0,2.0
3454.0,delete,7.952650045445748,1193.0,13.0,7.789984187020971,0.0,0.0,0.0,0.0,0.0
3455.0,swap,7.952650045445748,1193.0,13.0,7.789984187020971,0.0,0.0,0.0,0.0,1.0
3456.0,add,7.7716031998781805,1194.0,11.0,7.771603199878181,2.0,0.0,0.0,1.0,0.0
3457.0,add,7.7716031998781805,1194.0,11.0,7.771603199878181,2.0,0.0,0.0,2.0,0.0
3458.0,delete,7.913237338760615,1194.0,11.0,7.771603199878181,1.0,0.0,0.0,1.0,0.0
3459.0,swap,7.886038276108837,1194.0,11.0,7.771603199878181,1.0,1.0,0.0,1.0,0.0
3460.0,add,7.836230773473567,1195.0,12.0,7.835833620657159,2.0,0.0,1.0,0.0,0.0
3461.0,add,7.83583362065716,1195.0,12.0,7.835833620657159,2.0,0.0,1.0,1.0,0.0
3462.0,delete,7.837414880790513,1195.0,12.0,7.835833620657159,1.0,0.0,1.0,0.0,0.0
3463.0,swap,7.678496522749134,1195.0,12.0,7.835833620657159,2.0,0.0,1.0,0.0,0.0
3464.0,swap,7.906432480208354,1196.0,13.0,7.898509394758529,0.0,1.0,0.0,1.0,0.0
3465.0,add,7.8459608748040885,1196.0,13.0,7.898509394758529,0.0,1.0,1.0,1.0,0.0
3466.0,delete,7.898509394758529,1196.0,13.0,7.898509394758529,0.0,1.0,0.0,0.0,0.0
3467.0,swap,7.952650045445749,1196.0,13.0,7.898509394758529,0.0,0.0,0.0,2.0,0.0
3468.0,swap,7.514976856469047,1197.0,11.0,7.487992610365719,1.0,1.0,0.0,0.0,0.0
3469.0,add,7.317467958738812,1197.0,11.0,7.487992610365719,1.0,1.0,1.0,0.0,0.0
3470.0,delete,7.495286600720878,1197.0,11.0,7.487992610365719,0.0,1.0,0.0,0.0,0.0
3471.0,swap,7.8085108747139405,1197.0,11.0,7.487992610365719,1.0,0.0,0.0,1.0,0.0
3472.0,add,7.789984187020971,1198.0,14.0,7.952650045445748,0.0,0.0,0.0,0.0,1.0
3473.0,add,7.952650045445749,1199.0,13.0,7.952650045445749,0.0,0.0,0.0,1.0,1.0
3474.0,add,7.952650045445749,1199.0,13.0,7.952650045445749,0.0,0.0,0.0,1.0,2.0
3475.0,delete,7.952650045445748,1199.0,13.0,7.952650045445749,0.0,0.0,0.0,0.0,1.0
3476.0,swap,7.453553265337954,1199.0,13.0,7.952650045445749,0.0,0.0,1.0,1.0,0.0
3477.0,add,7.865450076699735,1200.0,11.0,7.863834823359934,1.0,0.0,1.0,1.0,0.0
3478.0,add,7.863834823359935,1200.0,11.0,7.863834823359934,1.0,0.0,1.0,2.0,0.0
3479.0,delete,7.949970671168419,1200.0,11.0,7.863834823359934,0.0,0.0,1.0,1.0,0.0
3480.0,swap,7.733491658532764,1200.0,11.0,7.863834823359934,1.0,1.0,0.0,1.0,0.0
3481.0,add,7.952650045445747,1201.0,12.0,7.952650045445748,0.0,0.0,0.0,1.0,1.0
3482.0,add,7.952650045445748,1201.0,12.0,7.952650045445748,0.0,0.0,0.0,1.0,2.0
3483.0,delete,7.952650045445748,1201.0,12.0,7.952650045445748,0.0,0.0,0.0,0.0,1.0
3484.0,swap,7.951580253503729,1201.0,12.0,7.952650045445748,0.0,0.0,1.0,1.0,0.0
3485.0,swap,7.830485886724034,1202.0,10.0,7.871317116233396,1.0,1.0,0.0,0.0,0.0
3486.0,add,7.577401573974731,1203.0,11.0,7.871317116233396,1.0,0.0,0.0,0.0,1.0
3487.0,delete,7.952650045445748,1203.0,11.0,7.871317116233396,0.0,0.0,0.0,0.0,0.0
3488.0,swap,7.894566243163657,1203.0,11.0,7.871317116233396,0.0,1.0,0.0,0.0,0.0
3489.0,add,7.8085108747139405,1204.0,11.0,7.8085108747139405,1.0,0.0,0.0,0.0,1.0
3490.0,delete,7.952650045445748,1204.0,11.0,7.8085108747139405,0.0,0.0,0.0,0.0,0.0
3491.0,swap,7.952650045445747,1204.0,11.0,7.8085108747139405,0.0,0.0,0.0,1.0,0.0
3492.0,delete,7.871317116233396,1205.0,10.0,7.880580460079844,1.0,0.0,0.0,0.0,0.0
3493.0,add,7.568964040929346,1206.0,11.0,7.871317116233396,1.0,0.0,0.0,0.0,1.0
3494.0,delete,7.952650045445748,1206.0,11.0,7.871317116233396,0.0,0.0,0.0,0.0,0.0
3495.0,swap,7.886250651189911,1206.0,11.0,7.871317116233396,0.0,1.0,0.0,0.0,0.0
3496.0,add,7.795050278006042,1207.0,9.0,7.755979772915788,2.0,0.0,0.0,1.0,1.0
3497.0,add,7.795050278006043,1208.0,10.0,7.795050278006042,2.0,0.0,0.0,1.0,1.0
3498.0,add,7.7837233874438745,1208.0,10.0,7.795050278006042,2.0,1.0,0.0,1.0,1.0
3499.0,delete,7.795050278006042,1208.0,10.0,7.795050278006042,2.0,0.0,0.0,0.0,1.0
3500.0,swap,7.695336361650831,1208.0,10.0,7.795050278006042,2.0,0.0,0.0,1.0,1.0
3501.0,change,7.871317116233396,1209.0,10.0,7.871317116233397,1.0,0.0,0.0,1.0,0.0
3502.0,add,7.952650045445749,1210.0,12.0,7.952650045445748,0.0,0.0,0.0,1.0,0.0
3503.0,swap,7.952650045445747,1211.0,12.0,7.952650045445747,0.0,0.0,0.0,1.0,0.0
3504.0,add,7.952650045445747,1211.0,12.0,7.952650045445747,0.0,0.0,0.0,1.0,1.0
3505.0,delete,7.952650045445748,1211.0,12.0,7.952650045445747,0.0,0.0,0.0,0.0,0.0
3506.0,swap,7.397936550060376,1211.0,12.0,7.952650045445747,0.0,1.0,0.0,0.0,0.0
3507.0,swap,7.830119430332294,1212.0,11.0,7.830485886724034,1.0,1.0,0.0,0.0,0.0
3508.0,add,7.830485886724034,1212.0,11.0,7.830485886724034,1.0,1.0,0.0,0.0,1.0
3509.0,delete,7.880932090873854,1212.0,11.0,7.830485886724034,0.0,1.0,0.0,0.0,0.0
3510.0,swap,7.838537220347973,1212.0,11.0,7.830485886724034,1.0,0.0,1.0,0.0,0.0
3511.0,swap,7.902103321465454,1213.0,14.0,7.91777049861607,0.0,0.0,1.0,0.0,0.0
3512.0,add,7.308720335306247,1213.0,14.0,7.91777049861607,0.0,0.0,1.0,0.0,1.0
3513.0,delete,7.952650045445748,1213.0,14.0,7.91777049861607,0.0,0.0,0.0,0.0,0.0
3514.0,swap,7.952650045445748,1213.0,14.0,7.91777049861607,0.0,0.0,0.0,0.0,1.0
3515.0,add,7.871317116233396,1214.0,10.0,7.855316410624157,1.0,0.0,0.0,1.0,1.0
3516.0,change,7.871317116233396,1215.0,11.0,7.871317116233396,1.0,0.0,0.0,1.0,0.0
3517.0,add,7.725076189545131,1215.0,11.0,7.871317116233396,1.0,0.0,1.0,1.0,0.0
3518.0,delete,7.871317116233396,1215.0,11.0,7.871317116233396,1.0,0.0,0.0,0.0,0.0
3519.0,swap,7.871317116233396,1215.0,11.0,7.871317116233396,1.0,0.0,0.0,0.0,1.0
3520.0,add,7.789984187020972,1216.0,12.0,7.952650045445748,0.0,0.0,0.0,0.0,1.0
3521.0,swap,7.830896181423881,1217.0,11.0,7.834303795743679,1.0,1.0,0.0,0.0,1.0
3522.0,add,7.255685897924961,1217.0,11.0,7.834303795743679,1.0,1.0,0.0,0.0,2.0
3523.0,delete,7.877312253459476,1217.0,11.0,7.834303795743679,0.0,1.0,0.0,0.0,1.0
3524.0,swap,7.550786898684932,1217.0,11.0,7.834303795743679,0.0,1.0,1.0,0.0,1.0
3525.0,add,7.952650045445748,1218.0,13.0,7.952650045445747,0.0,0.0,0.0,1.0,1.0
3526.0,add,7.94590060797523,1218.0,13.0,7.952650045445747,0.0,1.0,0.0,1.0,1.0
3527.0,delete,7.952650045445747,1218.0,13.0,7.952650045445747,0.0,0.0,0.0,1.0,0.0
3528.0,swap,7.952650045445747,1218.0,13.0,7.952650045445747,0.0,0.0,0.0,2.0,0.0
3529.0,swap,7.839768558018148,1219.0,11.0,7.931779901495901,0.0,1.0,0.0,0.0,0.0
3530.0,add,7.952650045445748,1220.0,14.0,7.952650045445748,0.0,0.0,0.0,0.0,1.0
3531.0,add,7.952650045445748,1221.0,12.0,7.908769923989749,0.0,0.0,0.0,0.0,1.0
3532.0,add,7.952650045445747,1222.0,13.0,7.952650045445748,0.0,0.0,0.0,1.0,1.0
3533.0,delete,7.952650045445748,1222.0,13.0,7.952650045445748,0.0,0.0,0.0,0.0,0.0
3534.0,swap,7.814753122570311,1222.0,13.0,7.952650045445748,0.0,0.0,1.0,0.0,0.0
3535.0,swap,7.84980054168875,1223.0,12.0,7.839768558018148,0.0,1.0,0.0,0.0,0.0
3536.0,add,7.494942046103606,1223.0,12.0,7.839768558018148,0.0,1.0,0.0,0.0,1.0
3537.0,delete,7.952650045445748,1223.0,12.0,7.839768558018148,0.0,0.0,0.0,0.0,0.0
3538.0,swap,7.952650045445748,1223.0,12.0,7.839768558018148,0.0,0.0,0.0,0.0,1.0
3539.0,add,7.5535243447580305,1224.0,12.0,7.824995034599562,2.0,0.0,0.0,0.0,2.0
3540.0,delete,7.824995034599562,1224.0,12.0,7.824995034599562,2.0,0.0,0.0,0.0,0.0
3541.0,swap,7.773686067071647,1224.0,12.0,7.824995034599562,1.0,0.0,1.0,0.0,1.0
3542.0,delete,7.949265424775975,1225.0,11.0,7.949265424775975,0.0,1.0,0.0,1.0,0.0
3543.0,add,7.949265424775975,1225.0,11.0,7.949265424775975,0.0,1.0,0.0,1.0,1.0
3544.0,delete,7.952650045445748,1225.0,11.0,7.949265424775975,0.0,0.0,0.0,1.0,0.0
3545.0,swap,7.952650045445748,1225.0,11.0,7.949265424775975,0.0,0.0,0.0,2.0,0.0
3546.0,delete,7.8085108747139405,1226.0,10.0,7.950619273043884,1.0,0.0,0.0,1.0,0.0
3547.0,delete,7.952650045445748,1227.0,12.0,7.952650045445748,0.0,0.0,0.0,1.0,0.0
3548.0,add,7.952650045445748,1227.0,12.0,7.952650045445748,0.0,0.0,0.0,1.0,1.0
3549.0,delete,7.952650045445748,1227.0,12.0,7.952650045445748,0.0,0.0,0.0,0.0,0.0
3550.0,swap,7.876791274290334,1227.0,12.0,7.952650045445748,0.0,1.0,0.0,0.0,0.0
3551.0,swap,7.80795072012113,1228.0,11.0,7.8079507201211324,1.0,1.0,0.0,1.0,0.0
3552.0,add,7.764275601589762,1228.0,11.0,7.8079507201211324,1.0,2.0,0.0,1.0,0.0
3553.0,delete,7.949265424775977,1228.0,11.0,7.8079507201211324,0.0,1.0,0.0,1.0,0.0
3554.0,swap,7.807950720121132,1228.0,11.0,7.8079507201211324,1.0,1.0,0.0,1.0,0.0
3555.0,swap,7.808433975262698,1229.0,11.0,7.807950720121131,1.0,1.0,0.0,1.0,0.0
3556.0,add,7.476248344574077,1229.0,11.0,7.807950720121131,1.0,2.0,0.0,1.0,0.0
3557.0,delete,7.949265424775976,1229.0,11.0,7.807950720121131,0.0,1.0,0.0,1.0,0.0
3558.0,swap,7.8085576952973845,1229.0,11.0,7.807950720121131,1.0,0.0,1.0,1.0,0.0
3559.0,swap,7.795050278006043,1230.0,11.0,7.795050278006043,2.0,0.0,0.0,1.0,0.0
3560.0,add,7.795026568742401,1230.0,11.0,7.795050278006043,2.0,0.0,1.0,1.0,0.0
3561.0,delete,7.795050278006042,1230.0,11.0,7.795050278006043,2.0,0.0,0.0,0.0,0.0
3562.0,swap,7.718791937993433,1230.0,11.0,7.795050278006043,2.0,0.0,1.0,0.0,0.0
3563.0,delete,7.913237338760615,1231.0,12.0,7.913237338760615,1.0,0.0,0.0,1.0,0.0
3564.0,add,7.913237338760615,1231.0,12.0,7.913237338760615,1.0,0.0,0.0,1.0,1.0
3565.0,delete,7.952650045445748,1231.0,12.0,7.913237338760615,0.0,0.0,0.0,1.0,0.0
3566.0,swap,7.354479207065928,1231.0,12.0,7.913237338760615,1.0,1.0,0.0,0.0,0.0
3567.0,add,7.785292551554715,1232.0,11.0,7.827881682586525,1.0,0.0,1.0,0.0,0.0
3568.0,delete,7.808510874713939,1233.0,11.0,7.8085108747139405,1.0,0.0,0.0,1.0,1.0
3569.0,add,7.8085108747139405,1233.0,11.0,7.8085108747139405,1.0,0.0,0.0,1.0,2.0
3570.0,delete,7.8085108747139405,1233.0,11.0,7.8085108747139405,1.0,0.0,0.0,1.0,0.0
3571.0,swap,7.4191422819795765,1233.0,11.0,7.8085108747139405,1.0,0.0,0.0,0.0,2.0
3572.0,add,7.952650045445748,1234.0,13.0,7.9329969822668165,0.0,0.0,0.0,0.0,1.0
3573.0,change,7.952111788162434,1235.0,13.0,7.952519923686285,0.0,0.0,1.0,0.0,0.0
3574.0,add,7.8758400929546415,1235.0,13.0,7.952519923686285,0.0,0.0,2.0,0.0,0.0
3575.0,delete,7.952650045445748,1235.0,13.0,7.952519923686285,0.0,0.0,0.0,0.0,0.0
3576.0,swap,7.952650045445747,1235.0,13.0,7.952519923686285,0.0,0.0,0.0,1.0,0.0
3577.0,change,7.952650045445748,1236.0,12.0,7.952650045445748,0.0,0.0,0.0,1.0,0.0
3578.0,add,7.397040644518789,1237.0,12.0,7.94720378490039,0.0,0.0,0.0,1.0,1.0
3579.0,change,7.771603199878181,1238.0,11.0,7.771603199878181,2.0,0.0,0.0,1.0,0.0
3580.0,add,7.7716031998781805,1238.0,11.0,7.771603199878181,2.0,0.0,0.0,2.0,0.0
3581.0,delete,7.913237338760615,1238.0,11.0,7.771603199878181,1.0,0.0,0.0,1.0,0.0
3582.0,swap,7.871317116233396,1238.0,11.0,7.771603199878181,1.0,1.0,0.0,1.0,0.0
3583.0,add,7.952650045445747,1239.0,12.0,7.952650045445748,0.0,0.0,0.0,1.0,1.0
3584.0,delete,7.952650045445748,1239.0,12.0,7.952650045445748,0.0,0.0,0.0,0.0,0.0
3585.0,swap,7.952650045445748,1239.0,12.0,7.952650045445748,0.0,0.0,0.0,0.0,1.0
3586.0,delete,7.871317116233396,1240.0,11.0,7.952650045445747,1.0,0.0,0.0,0.0,0.0
3587.0,add,7.952650045445748,1241.0,13.0,7.952650045445748,0.0,0.0,0.0,0.0,1.0
3588.0,add,7.952650045445747,1242.0,13.0,7.952650045445747,0.0,0.0,0.0,1.0,1.0
3589.0,add,7.837909875916661,1242.0,13.0,7.952650045445747,0.0,0.0,1.0,1.0,1.0
3590.0,delete,7.952650045445748,1242.0,13.0,7.952650045445747,0.0,0.0,0.0,0.0,1.0
3591.0,swap,7.952650045445746,1242.0,13.0,7.952650045445747,0.0,0.0,0.0,1.0,1.0
3592.0,add,7.560615906737861,1243.0,12.0,7.871317116233396,1.0,1.0,0.0,0.0,0.0
3593.0,delete,7.952650045445748,1243.0,12.0,7.871317116233396,0.0,0.0,0.0,0.0,0.0
3594.0,swap,7.871326486612775,1243.0,12.0,7.871317116233396,0.0,0.0,1.0,0.0,0.0
3595.0,swap,7.952650045445747,1244.0,11.0,7.811637722490538,0.0,0.0,0.0,1.0,0.0
3596.0,swap,7.952650045445749,1245.0,12.0,7.952650045445747,0.0,0.0,0.0,1.0,0.0
3597.0,add,7.952650045445747,1245.0,12.0,7.952650045445747,0.0,0.0,0.0,1.0,1.0
3598.0,delete,7.952650045445748,1245.0,12.0,7.952650045445747,0.0,0.0,0.0,0.0,0.0
3599.0,swap,7.952604818675121,1245.0,12.0,7.952650045445747,0.0,0.0,1.0,0.0,0.0
3600.0,swap,7.952650045445747,1246.0,13.0,7.952650045445749,0.0,0.0,0.0,1.0,0.0
3601.0,add,7.952650045445749,1246.0,13.0,7.952650045445749,0.0,0.0,0.0,2.0,0.0
3602.0,delete,7.952650045445748,1246.0,13.0,7.952650045445749,0.0,0.0,0.0,0.0,0.0
3603.0,swap,7.679621114432075,1246.0,13.0,7.952650045445749,0.0,1.0,0.0,0.0,0.0
3604.0,swap,7.952650045445748,1247.0,11.0,7.8827832045485815,0.0,0.0,0.0,0.0,1.0
3605.0,add,7.952650045445748,1248.0,12.0,7.952650045445748,0.0,0.0,0.0,0.0,2.0
3606.0,delete,7.952650045445748,1248.0,12.0,7.952650045445748,0.0,0.0,0.0,0.0,0.0
3607.0,swap,7.901544220957831,1248.0,12.0,7.952650045445748,0.0,1.0,0.0,0.0,0.0
3608.0,add,7.952650045445748,1249.0,13.0,7.952650045445748,0.0,0.0,0.0,0.0,3.0
3609.0,delete,7.952650045445748,1249.0,13.0,7.952650045445748,0.0,0.0,0.0,0.0,1.0
3610.0,swap,7.883340551107372,1249.0,13.0,7.952650045445748,0.0,0.0,1.0,0.0,1.0
3611.0,add,7.492473603565288,1250.0,13.0,7.473167194474722,0.0,0.0,1.0,0.0,0.0
3612.0,add,7.095420500817434,1250.0,13.0,7.473167194474722,0.0,0.0,1.0,0.0,1.0
3613.0,delete,7.952650045445748,1250.0,13.0,7.473167194474722,0.0,0.0,0.0,0.0,0.0
3614.0,swap,7.892600183379222,1250.0,13.0,7.473167194474722,0.0,0.0,1.0,0.0,0.0
3615.0,add,7.952650045445748,1251.0,14.0,7.952650045445748,0.0,0.0,0.0,0.0,1.0
3616.0,add,7.78998418702097,1252.0,13.0,7.789984187020971,0.0,0.0,0.0,1.0,1.0
3617.0,delete,7.952650045445748,1252.0,13.0,7.789984187020971,0.0,0.0,0.0,0.0,0.0
3618.0,swap,7.938272342435588,1252.0,13.0,7.789984187020971,0.0,0.0,1.0,0.0,0.0
3619.0,add,7.913237338760613,1253.0,13.0,7.913237338760616,1.0,0.0,0.0,1.0,1.0
3620.0,add,7.773478810900087,1253.0,13.0,7.913237338760616,1.0,1.0,0.0,1.0,1.0
3621.0,delete,7.913237338760615,1253.0,13.0,7.913237338760616,1.0,0.0,0.0,0.0,1.0
3622.0,swap,7.9361744860712005,1253.0,13.0,7.913237338760616,1.0,0.0,1.0,1.0,0.0
3623.0,add,7.952650045445748,1254.0,13.0,7.952650045445748,0.0,0.0,0.0,0.0,2.0
3624.0,delete,7.952650045445748,1254.0,13.0,7.952650045445748,0.0,0.0,0.0,0.0,0.0
3625.0,swap,7.73966599370152,1254.0,13.0,7.952650045445748,0.0,0.0,1.0,0.0,0.0
3626.0,add,7.783588116314795,1255.0,12.0,7.785292551554715,1.0,0.0,1.0,0.0,0.0
3627.0,add,7.288402061382003,1255.0,12.0,7.785292551554715,1.0,0.0,1.0,0.0,1.0
3628.0,delete,7.8085108747139405,1255.0,12.0,7.785292551554715,1.0,0.0,0.0,0.0,0.0
3629.0,swap,7.812358030543388,1255.0,12.0,7.785292551554715,0.0,0.0,1.0,1.0,0.0
3630.0,add,7.771603199878182,1256.0,11.0,7.771603199878181,2.0,1.0,0.0,1.0,1.0
3631.0,add,7.7552485014586585,1256.0,11.0,7.771603199878181,2.0,1.0,1.0,1.0,1.0
3632.0,delete,7.771603199878181,1256.0,11.0,7.771603199878181,2.0,0.0,0.0,1.0,1.0
3633.0,swap,7.221977859702049,1256.0,11.0,7.771603199878181,2.0,1.0,1.0,0.0,1.0
3634.0,add,7.952650045445748,1257.0,14.0,7.952650045445748,0.0,0.0,0.0,0.0,1.0
3635.0,swap,7.950939082614392,1258.0,14.0,7.938272342435588,0.0,0.0,1.0,0.0,0.0
3636.0,add,7.938272342435588,1258.0,14.0,7.938272342435588,0.0,0.0,1.0,0.0,1.0
3637.0,delete,7.952650045445748,1258.0,14.0,7.938272342435588,0.0,0.0,0.0,0.0,0.0
3638.0,swap,7.873824632075483,1258.0,14.0,7.938272342435588,0.0,0.0,0.0,0.0,1.0
3639.0,swap,7.952650045445748,1259.0,14.0,7.952650045445748,0.0,0.0,0.0,1.0,0.0
3640.0,add,7.952650045445748,1259.0,14.0,7.952650045445748,0.0,0.0,0.0,1.0,1.0
3641.0,delete,7.952650045445748,1259.0,14.0,7.952650045445748,0.0,0.0,0.0,0.0,0.0
3642.0,swap,7.8995004907781805,1259.0,14.0,7.952650045445748,0.0,0.0,1.0,0.0,0.0
3643.0,delete,7.871317116233396,1260.0,12.0,7.942763102672695,1.0,0.0,0.0,0.0,0.0
3644.0,add,7.900637336346312,1261.0,14.0,7.952650045445748,0.0,0.0,1.0,0.0,1.0
3645.0,delete,7.952650045445748,1261.0,14.0,7.952650045445748,0.0,0.0,0.0,0.0,0.0
3646.0,swap,7.952650045445747,1261.0,14.0,7.952650045445748,0.0,0.0,0.0,1.0,0.0
3647.0,add,7.952650045445748,1262.0,13.0,7.939646868170889,0.0,0.0,0.0,0.0,1.0
3648.0,add,7.789984187021045,1263.0,12.0,7.929702011539929,0.0,0.0,0.0,0.0,2.0
3649.0,add,7.952650045445748,1264.0,15.0,7.952650045445748,0.0,0.0,0.0,0.0,2.0
3650.0,delete,7.952650045445748,1264.0,15.0,7.952650045445748,0.0,0.0,0.0,0.0,0.0
3651.0,swap,7.952650045445748,1264.0,15.0,7.952650045445748,0.0,0.0,0.0,0.0,1.0
3652.0,swap,7.952650045445748,1265.0,12.0,7.941437564726736,0.0,0.0,0.0,0.0,2.0
3653.0,add,7.191093316926659,1266.0,13.0,7.871317116233396,1.0,0.0,0.0,0.0,1.0
3654.0,delete,7.952650045445748,1266.0,13.0,7.871317116233396,0.0,0.0,0.0,0.0,0.0
3655.0,swap,7.952650045445748,1266.0,13.0,7.871317116233396,0.0,0.0,0.0,1.0,0.0
3656.0,add,7.952650045445749,1267.0,13.0,7.952650045445748,0.0,0.0,0.0,1.0,0.0
3657.0,add,7.952650045445747,1268.0,14.0,7.952650045445749,0.0,0.0,0.0,1.0,0.0
3658.0,add,7.952650045445749,1268.0,14.0,7.952650045445749,0.0,0.0,0.0,1.0,1.0
3659.0,delete,7.952650045445748,1268.0,14.0,7.952650045445749,0.0,0.0,0.0,0.0,0.0
3660.0,swap,7.664371703982135,1268.0,14.0,7.952650045445749,0.0,0.0,0.0,0.0,1.0
3661.0,swap,7.871317116233397,1269.0,12.0,7.871317116233394,1.0,0.0,0.0,1.0,0.0
3662.0,add,7.871317116233394,1269.0,12.0,7.871317116233394,1.0,0.0,0.0,1.0,1.0
3663.0,delete,7.952650045445747,1269.0,12.0,7.871317116233394,0.0,0.0,0.0,1.0,0.0
3664.0,swap,7.7899841870210444,1269.0,12.0,7.871317116233394,0.0,0.0,0.0,1.0,1.0
3665.0,swap,7.952650045445748,1270.0,11.0,7.792481304760329,0.0,0.0,0.0,1.0,1.0
3666.0,swap,7.952650045445748,1271.0,12.0,7.952650045445748,0.0,0.0,0.0,1.0,1.0
3667.0,add,7.397040644518791,1271.0,12.0,7.952650045445748,0.0,0.0,0.0,1.0,2.0
3668.0,delete,7.952650045445748,1271.0,12.0,7.952650045445748,0.0,0.0,0.0,1.0,0.0
3669.0,swap,7.90473562324547,1271.0,12.0,7.952650045445748,0.0,1.0,0.0,1.0,0.0
3670.0,add,7.795050278006042,1272.0,11.0,7.795050278006042,2.0,0.0,0.0,0.0,2.0
3671.0,delete,7.871317116233396,1272.0,11.0,7.795050278006042,1.0,0.0,0.0,0.0,1.0
3672.0,swap,7.871317116233396,1272.0,11.0,7.795050278006042,1.0,0.0,0.0,1.0,1.0
3673.0,swap,7.893199669355844,1273.0,10.0,7.833183697119719,1.0,0.0,2.0,0.0,0.0
3674.0,swap,7.896471664438747,1274.0,11.0,7.893199669355844,1.0,0.0,2.0,0.0,0.0
3675.0,add,7.632018174536759,1274.0,11.0,7.893199669355844,1.0,0.0,2.0,0.0,1.0
3676.0,delete,7.939048579588678,1274.0,11.0,7.893199669355844,1.0,0.0,1.0,0.0,0.0
3677.0,swap,7.802234690779227,1274.0,11.0,7.893199669355844,1.0,0.0,2.0,0.0,0.0
3678.0,swap,7.797453107933275,1275.0,11.0,7.797453107933274,1.0,1.0,1.0,0.0,0.0
3679.0,add,7.4243286801294746,1275.0,11.0,7.797453107933274,1.0,1.0,1.0,0.0,1.0
3680.0,delete,7.797453107933274,1275.0,11.0,7.797453107933274,1.0,0.0,1.0,0.0,0.0
3681.0,swap,7.913237338760616,1275.0,11.0,7.797453107933274,1.0,1.0,0.0,1.0,0.0
3682.0,swap,7.952650045445749,1276.0,13.0,7.952650045445749,0.0,0.0,0.0,1.0,0.0
3683.0,add,7.397040644518792,1276.0,13.0,7.952650045445749,0.0,0.0,0.0,1.0,1.0
3684.0,delete,7.952650045445748,1276.0,13.0,7.952650045445749,0.0,0.0,0.0,0.0,0.0
3685.0,swap,7.952650045445749,1276.0,13.0,7.952650045445749,0.0,0.0,0.0,1.0,0.0
3686.0,add,7.8085108747139405,1277.0,12.0,7.8085108747139405,1.0,0.0,0.0,0.0,3.0
3687.0,delete,7.952650045445748,1277.0,12.0,7.8085108747139405,0.0,0.0,0.0,0.0,2.0
3688.0,swap,7.8085108747139405,1277.0,12.0,7.8085108747139405,1.0,0.0,0.0,0.0,2.0
3689.0,add,7.789984187020971,1278.0,14.0,7.789984187020971,0.0,0.0,0.0,0.0,2.0
3690.0,delete,7.952650045445748,1278.0,14.0,7.789984187020971,0.0,0.0,0.0,0.0,0.0
3691.0,swap,7.850595578834845,1278.0,14.0,7.789984187020971,0.0,1.0,0.0,0.0,0.0
3692.0,delete,7.913237338760615,1279.0,11.0,7.940107128153793,1.0,0.0,0.0,0.0,0.0
3693.0,swap,7.773192958912514,1280.0,10.0,7.84381388905362,1.0,0.0,1.0,0.0,0.0
3694.0,add,7.952650045445748,1281.0,14.0,7.952650045445748,0.0,0.0,0.0,0.0,1.0
3695.0,add,7.952650045445748,1282.0,14.0,7.952650045445748,0.0,0.0,0.0,0.0,2.0
3696.0,delete,7.952650045445748,1282.0,14.0,7.952650045445748,0.0,0.0,0.0,0.0,0.0
3697.0,swap,7.952650045445747,1282.0,14.0,7.952650045445748,0.0,0.0,0.0,1.0,0.0
3698.0,add,7.952650045445748,1283.0,15.0,7.952650045445748,0.0,0.0,0.0,0.0,2.0
3699.0,delete,7.952650045445748,1283.0,15.0,7.952650045445748,0.0,0.0,0.0,0.0,0.0
3700.0,swap,7.580213600591799,1283.0,15.0,7.952650045445748,0.0,0.0,1.0,0.0,0.0
3701.0,swap,7.8860382761088355,1284.0,12.0,7.886038276108837,1.0,1.0,0.0,1.0,0.0
3702.0,add,7.886038276108838,1284.0,12.0,7.886038276108837,1.0,1.0,0.0,2.0,0.0
3703.0,delete,7.8860382761088355,1284.0,12.0,7.886038276108837,1.0,1.0,0.0,0.0,0.0
3704.0,swap,7.664546340614518,1284.0,12.0,7.886038276108837,1.0,0.0,0.0,1.0,1.0
3705.0,add,7.952650045445748,1285.0,12.0,7.949673682384716,0.0,0.0,0.0,0.0,2.0
3706.0,add,7.952650045445748,1286.0,14.0,7.952650045445748,0.0,0.0,0.0,0.0,2.0
3707.0,delete,7.952650045445748,1286.0,14.0,7.952650045445748,0.0,0.0,0.0,0.0,0.0
3708.0,swap,7.924390765556671,1286.0,14.0,7.952650045445748,0.0,0.0,1.0,0.0,0.0
3709.0,add,7.952650045445748,1287.0,13.0,7.952650045445748,0.0,0.0,0.0,0.0,3.0
3710.0,delete,7.952650045445748,1287.0,13.0,7.952650045445748,0.0,0.0,0.0,0.0,1.0
3711.0,swap,7.918807359845864,1287.0,13.0,7.952650045445748,0.0,1.0,0.0,0.0,1.0
3712.0,swap,7.790229284217452,1288.0,13.0,7.7924923782703805,0.0,0.0,1.0,0.0,0.0
3713.0,add,7.7924923782703805,1288.0,13.0,7.7924923782703805,0.0,0.0,1.0,0.0,1.0
3714.0,delete,7.952650045445748,1288.0,13.0,7.7924923782703805,0.0,0.0,0.0,0.0,0.0
3715.0,swap,7.952650045445748,1288.0,13.0,7.7924923782703805,0.0,0.0,0.0,0.0,1.0
3716.0,add,7.521445921570512,1289.0,14.0,7.920116873760792,0.0,0.0,1.0,0.0,0.0
3717.0,swap,7.768898101681977,1290.0,11.0,7.773192958912514,1.0,0.0,1.0,0.0,0.0
3718.0,add,7.413057061287181,1290.0,11.0,7.773192958912514,1.0,1.0,1.0,0.0,0.0
3719.0,delete,7.913237338760615,1290.0,11.0,7.773192958912514,1.0,0.0,0.0,0.0,0.0
3720.0,swap,7.913237338760615,1290.0,11.0,7.773192958912514,1.0,0.0,0.0,1.0,0.0
3721.0,delete,7.871317116233396,1291.0,11.0,7.871317116233396,1.0,0.0,0.0,1.0,0.0
3722.0,add,7.707191421445502,1291.0,11.0,7.871317116233396,1.0,0.0,0.0,1.0,1.0
3723.0,delete,7.952650045445748,1291.0,11.0,7.871317116233396,0.0,0.0,0.0,1.0,0.0
3724.0,swap,7.952650045445749,1291.0,11.0,7.871317116233396,0.0,0.0,0.0,2.0,0.0
3725.0,change,7.7716031998781805,1292.0,9.0,7.796850377235437,2.0,0.0,0.0,1.0,0.0
3726.0,swap,7.843903042169649,1293.0,11.0,7.843903042169649,1.0,0.0,1.0,1.0,0.0
3727.0,add,7.843903042169649,1293.0,11.0,7.843903042169649,1.0,0.0,1.0,1.0,1.0
3728.0,delete,7.871317116233396,1293.0,11.0,7.843903042169649,1.0,0.0,0.0,1.0,0.0
3729.0,swap,7.744972891311043,1293.0,11.0,7.843903042169649,0.0,0.0,1.0,1.0,1.0
3730.0,add,7.913237338760615,1294.0,11.0,7.911596934529623,1.0,0.0,0.0,0.0,1.0
3731.0,add,7.952650045445748,1295.0,12.0,7.93859132902698,0.0,0.0,0.0,0.0,1.0
3732.0,add,7.952650045445748,1296.0,13.0,7.952650045445748,0.0,0.0,0.0,0.0,2.0
3733.0,delete,7.952650045445748,1296.0,13.0,7.952650045445748,0.0,0.0,0.0,0.0,0.0
3734.0,swap,7.929378057564714,1296.0,13.0,7.952650045445748,0.0,1.0,0.0,0.0,0.0
3735.0,add,7.913237338760615,1297.0,12.0,7.913237338760615,1.0,0.0,0.0,1.0,1.0
3736.0,delete,7.913237338760615,1297.0,12.0,7.913237338760615,1.0,0.0,0.0,0.0,0.0
3737.0,swap,7.913237338760615,1297.0,12.0,7.913237338760615,1.0,0.0,0.0,0.0,1.0
3738.0,add,7.381613523556675,1298.0,11.0,7.771603199878181,2.0,0.0,0.0,0.0,2.0
3739.0,delete,7.913237338760615,1298.0,11.0,7.771603199878181,1.0,0.0,0.0,0.0,1.0
3740.0,swap,7.913237338760615,1298.0,11.0,7.771603199878181,1.0,0.0,0.0,1.0,1.0
3741.0,change,7.771603199878181,1299.0,10.0,7.7716031998781805,2.0,0.0,0.0,1.0,0.0
3742.0,add,7.771603199878179,1299.0,10.0,7.7716031998781805,2.0,0.0,0.0,2.0,0.0
3743.0,delete,7.913237338760613,1299.0,10.0,7.7716031998781805,1.0,0.0,0.0,1.0,0.0
3744.0,swap,7.913237338760613,1299.0,10.0,7.7716031998781805,1.0,0.0,0.0,1.0,1.0
3745.0,add,7.9035772577012935,1300.0,13.0,7.902077209681572,0.0,0.0,1.0,0.0,0.0
3746.0,add,7.902077209681572,1300.0,13.0,7.902077209681572,0.0,0.0,1.0,0.0,1.0
3747.0,delete,7.952650045445748,1300.0,13.0,7.902077209681572,0.0,0.0,0.0,0.0,0.0
3748.0,swap,7.952650045445749,1300.0,13.0,7.902077209681572,0.0,0.0,0.0,1.0,0.0
3749.0,swap,7.886751575484144,1301.0,11.0,7.952650045445748,0.0,1.0,0.0,0.0,0.0
3750.0,swap,7.871317116233396,1302.0,10.0,7.869783729395665,1.0,0.0,0.0,1.0,0.0
3751.0,swap,7.876270774185537,1303.0,12.0,7.886751575484144,0.0,1.0,0.0,0.0,0.0
3752.0,add,7.883280729676497,1303.0,12.0,7.886751575484144,0.0,1.0,1.0,0.0,0.0
3753.0,delete,7.952650045445748,1303.0,12.0,7.886751575484144,0.0,0.0,0.0,0.0,0.0
3754.0,swap,7.866835970121857,1303.0,12.0,7.886751575484144,0.0,0.0,1.0,0.0,0.0
3755.0,swap,7.871317116233395,1304.0,11.0,7.871317116233396,1.0,0.0,0.0,1.0,0.0
3756.0,add,7.871317116233396,1304.0,11.0,7.871317116233396,1.0,0.0,0.0,1.0,1.0
3757.0,delete,7.952650045445747,1304.0,11.0,7.871317116233396,0.0,0.0,0.0,1.0,0.0
3758.0,swap,7.721748135722401,1304.0,11.0,7.871317116233396,0.0,1.0,0.0,1.0,0.0
3759.0,delete,7.913237338760615,1305.0,11.0,7.913237338760613,1.0,0.0,0.0,1.0,0.0
3760.0,add,7.913237338760613,1305.0,11.0,7.913237338760613,1.0,0.0,0.0,1.0,1.0
3761.0,delete,7.913237338760615,1305.0,11.0,7.913237338760613,1.0,0.0,0.0,0.0,0.0
3762.0,swap,7.8910858605005,1305.0,11.0,7.913237338760613,0.0,0.0,1.0,1.0,0.0
3763.0,swap,7.913237338760615,1306.0,11.0,7.913237338760613,1.0,0.0,0.0,1.0,1.0
3764.0,add,7.664546340614516,1306.0,11.0,7.913237338760613,1.0,0.0,0.0,1.0,2.0
3765.0,delete,7.913237338760613,1306.0,11.0,7.913237338760613,1.0,0.0,0.0,1.0,0.0
3766.0,swap,7.240997114060981,1306.0,11.0,7.913237338760613,1.0,1.0,0.0,1.0,0.0
3767.0,add,7.821317404402257,1307.0,14.0,7.952650045445748,0.0,1.0,0.0,0.0,1.0
3768.0,delete,7.952650045445748,1307.0,14.0,7.952650045445748,0.0,0.0,0.0,0.0,0.0
3769.0,swap,7.648809669264044,1307.0,14.0,7.952650045445748,0.0,0.0,1.0,0.0,0.0
3770.0,delete,7.808510874713939,1308.0,11.0,7.808510874713939,1.0,0.0,0.0,1.0,0.0
3771.0,add,7.5307061742504615,1308.0,11.0,7.808510874713939,1.0,0.0,0.0,1.0,1.0
3772.0,delete,7.8085108747139405,1308.0,11.0,7.808510874713939,1.0,0.0,0.0,0.0,0.0
3773.0,swap,7.908533979253418,1308.0,11.0,7.808510874713939,0.0,0.0,1.0,1.0,0.0
3774.0,delete,7.751233228221587,1309.0,10.0,7.751233228221587,3.0,0.0,0.0,1.0,0.0
3775.0,add,7.751233228221587,1309.0,10.0,7.751233228221587,3.0,0.0,0.0,2.0,0.0
3776.0,delete,7.824995034599563,1309.0,10.0,7.751233228221587,2.0,0.0,0.0,1.0,0.0
3777.0,swap,7.328112586935851,1309.0,10.0,7.751233228221587,2.0,0.0,1.0,1.0,0.0
3778.0,add,7.913237338760615,1310.0,13.0,7.913237338760615,1.0,0.0,0.0,0.0,2.0
3779.0,delete,7.952650045445748,1310.0,13.0,7.913237338760615,0.0,0.0,0.0,0.0,1.0
3780.0,swap,7.913237338760615,1310.0,13.0,7.913237338760615,1.0,0.0,0.0,0.0,1.0
3781.0,swap,7.6597306160276135,1311.0,12.0,7.923090515431898,1.0,0.0,1.0,0.0,0.0
3782.0,change,7.795050278006042,1312.0,9.0,7.733379851255781,2.0,0.0,0.0,1.0,0.0
3783.0,swap,7.633907825235631,1313.0,11.0,7.604379311605733,1.0,1.0,0.0,0.0,0.0
3784.0,add,7.423998715604731,1313.0,11.0,7.604379311605733,1.0,2.0,0.0,0.0,0.0
3785.0,delete,7.871317116233396,1313.0,11.0,7.604379311605733,1.0,0.0,0.0,0.0,0.0
3786.0,swap,7.737773766366994,1313.0,11.0,7.604379311605733,0.0,1.0,0.0,1.0,0.0
3787.0,change,7.795050278006042,1314.0,10.0,7.795050278006042,2.0,0.0,0.0,1.0,0.0
3788.0,add,7.44993737315261,1314.0,10.0,7.795050278006042,2.0,0.0,0.0,1.0,1.0
3789.0,delete,7.795050278006042,1314.0,10.0,7.795050278006042,2.0,0.0,0.0,0.0,0.0
3790.0,swap,7.8085108747139405,1314.0,10.0,7.795050278006042,1.0,0.0,0.0,2.0,0.0
3791.0,add,7.952650045445748,1315.0,12.0,7.943675945928658,0.0,0.0,0.0,0.0,1.0
3792.0,swap,7.952650045445746,1316.0,13.0,7.952650045445749,0.0,0.0,0.0,1.0,0.0
3793.0,add,7.952650045445749,1316.0,13.0,7.952650045445749,0.0,0.0,0.0,1.0,1.0
3794.0,delete,7.952650045445748,1316.0,13.0,7.952650045445749,0.0,0.0,0.0,0.0,0.0
3795.0,swap,7.952650045445749,1316.0,13.0,7.952650045445749,0.0,0.0,0.0,1.0,0.0
3796.0,swap,7.913237338760615,1317.0,10.0,7.832920764573035,1.0,0.0,0.0,0.0,1.0
3797.0,add,7.952650045445748,1318.0,13.0,7.952650045445748,0.0,0.0,0.0,0.0,2.0
3798.0,delete,7.952650045445748,1318.0,13.0,7.952650045445748,0.0,0.0,0.0,0.0,0.0
3799.0,swap,7.67238126245674,1318.0,13.0,7.952650045445748,0.0,0.0,1.0,0.0,0.0
3800.0,add,7.952650045445748,1319.0,12.0,7.952650045445748,0.0,0.0,0.0,0.0,1.0
3801.0,delete,7.952650045445748,1320.0,12.0,7.952650045445748,0.0,0.0,0.0,1.0,0.0
3802.0,add,7.877454958629956,1320.0,12.0,7.952650045445748,0.0,1.0,0.0,1.0,0.0
3803.0,delete,7.952650045445748,1320.0,12.0,7.952650045445748,0.0,0.0,0.0,0.0,0.0
3804.0,swap,7.952650045445748,1320.0,12.0,7.952650045445748,0.0,0.0,0.0,0.0,1.0
3805.0,add,7.799518767836477,1321.0,13.0,7.952650045445748,0.0,1.0,0.0,0.0,1.0
3806.0,delete,7.952650045445748,1321.0,13.0,7.952650045445748,0.0,0.0,0.0,0.0,0.0
3807.0,swap,7.94106737382555,1321.0,13.0,7.952650045445748,0.0,0.0,1.0,0.0,0.0
3808.0,add,7.609477065374973,1322.0,11.0,7.913237338760615,1.0,1.0,0.0,0.0,1.0
3809.0,delete,7.913237338760615,1322.0,11.0,7.913237338760615,1.0,0.0,0.0,0.0,0.0
3810.0,swap,7.952650045445748,1322.0,11.0,7.913237338760615,0.0,0.0,0.0,0.0,2.0
3811.0,delete,7.952650045445748,1323.0,12.0,7.952650045445747,0.0,0.0,0.0,1.0,0.0
3812.0,add,7.952650045445747,1323.0,12.0,7.952650045445747,0.0,0.0,0.0,1.0,1.0
3813.0,delete,7.952650045445748,1323.0,12.0,7.952650045445747,0.0,0.0,0.0,0.0,0.0
3814.0,swap,7.952629745409058,1323.0,12.0,7.952650045445747,0.0,1.0,0.0,0.0,0.0
3815.0,delete,7.871317116233396,1324.0,11.0,7.952645985438409,1.0,0.0,0.0,0.0,0.0
3816.0,add,7.951433280723374,1325.0,12.0,7.922606353591187,0.0,1.0,0.0,0.0,0.0
3817.0,add,7.79594052187934,1326.0,12.0,7.822628627377503,1.0,0.0,1.0,0.0,0.0
3818.0,add,7.583244081218614,1326.0,12.0,7.822628627377503,1.0,0.0,1.0,0.0,1.0
3819.0,delete,7.925703682642726,1326.0,12.0,7.822628627377503,0.0,0.0,1.0,0.0,0.0
3820.0,swap,7.8444316628254604,1326.0,12.0,7.822628627377503,1.0,0.0,1.0,0.0,0.0
3821.0,delete,7.952650045445748,1327.0,12.0,7.952650045445748,0.0,0.0,0.0,1.0,1.0
3822.0,add,7.929597689124165,1327.0,12.0,7.952650045445748,0.0,1.0,0.0,1.0,1.0
3823.0,delete,7.952650045445748,1327.0,12.0,7.952650045445748,0.0,0.0,0.0,1.0,0.0
3824.0,swap,7.952650045445748,1327.0,12.0,7.952650045445748,0.0,0.0,0.0,0.0,2.0
3825.0,add,7.335723559350983,1328.0,10.0,7.878487172475576,1.0,1.0,0.0,1.0,0.0
3826.0,change,7.913237338760615,1329.0,11.0,7.9132373387606165,1.0,0.0,0.0,2.0,0.0
3827.0,add,7.51480700206649,1329.0,11.0,7.9132373387606165,1.0,0.0,0.0,2.0,1.0
3828.0,delete,7.952650045445747,1329.0,11.0,7.9132373387606165,0.0,0.0,0.0,2.0,0.0
3829.0,swap,7.6362211330732706,1329.0,11.0,7.9132373387606165,1.0,1.0,0.0,1.0,0.0
3830.0,add,7.873824632075483,1330.0,14.0,7.952650045445748,0.0,0.0,0.0,0.0,3.0
3831.0,delete,7.952650045445748,1330.0,14.0,7.952650045445748,0.0,0.0,0.0,0.0,1.0
3832.0,swap,7.919197898677691,1330.0,14.0,7.952650045445748,0.0,1.0,0.0,0.0,1.0
3833.0,add,7.952650045445748,1331.0,13.0,7.952650045445747,0.0,0.0,0.0,1.0,1.0
3834.0,add,7.952650045445747,1331.0,13.0,7.952650045445747,0.0,0.0,0.0,1.0,2.0
3835.0,delete,7.952650045445747,1331.0,13.0,7.952650045445747,0.0,0.0,0.0,1.0,0.0
3836.0,swap,7.915856311843638,1331.0,13.0,7.952650045445747,0.0,0.0,1.0,0.0,1.0
3837.0,swap,7.952650045445748,1332.0,11.0,7.902184855413095,0.0,0.0,0.0,0.0,1.0
3838.0,add,7.716208198940151,1333.0,12.0,7.952650045445748,0.0,1.0,0.0,0.0,1.0
3839.0,delete,7.952650045445748,1333.0,12.0,7.952650045445748,0.0,0.0,0.0,0.0,0.0
3840.0,swap,7.827286456795396,1333.0,12.0,7.952650045445748,0.0,1.0,0.0,0.0,0.0
3841.0,add,7.871317116233396,1334.0,12.0,7.871317116233396,1.0,0.0,0.0,1.0,1.0
3842.0,add,7.707625406105227,1334.0,12.0,7.871317116233396,1.0,0.0,1.0,1.0,1.0
3843.0,delete,7.871317116233396,1334.0,12.0,7.871317116233396,1.0,0.0,0.0,0.0,1.0
3844.0,swap,7.8713171162333975,1334.0,12.0,7.871317116233396,1.0,0.0,0.0,1.0,1.0
3845.0,add,7.8526327036572745,1335.0,12.0,7.952650045445748,0.0,1.0,0.0,0.0,2.0
3846.0,delete,7.952650045445748,1335.0,12.0,7.952650045445748,0.0,0.0,0.0,0.0,1.0
3847.0,swap,7.952650045445747,1335.0,12.0,7.952650045445748,0.0,0.0,0.0,1.0,1.0
3848.0,add,7.913237338760616,1336.0,12.0,7.913237338760615,1.0,0.0,0.0,1.0,0.0
3849.0,delete,7.952650045445748,1336.0,12.0,7.913237338760615,0.0,0.0,0.0,0.0,0.0
3850.0,swap,7.952650045445748,1336.0,12.0,7.913237338760615,0.0,0.0,0.0,0.0,1.0
3851.0,swap,7.674809043032312,1337.0,11.0,7.748134475511657,1.0,0.0,1.0,0.0,0.0
3852.0,add,7.748134475511656,1337.0,11.0,7.748134475511657,1.0,0.0,1.0,1.0,0.0
3853.0,delete,7.871317116233396,1337.0,11.0,7.748134475511657,1.0,0.0,0.0,0.0,0.0
3854.0,swap,7.871202416910964,1337.0,11.0,7.748134475511657,1.0,1.0,0.0,0.0,0.0
3855.0,delete,7.952650045445746,1338.0,12.0,7.952650045445748,0.0,0.0,0.0,1.0,0.0
3856.0,add,7.952650045445748,1338.0,12.0,7.952650045445748,0.0,0.0,0.0,1.0,1.0
3857.0,delete,7.952650045445748,1338.0,12.0,7.952650045445748,0.0,0.0,0.0,0.0,0.0
3858.0,swap,7.807940388889453,1338.0,12.0,7.952650045445748,0.0,0.0,1.0,0.0,0.0
3859.0,add,7.913237338760615,1339.0,12.0,7.913237338760613,1.0,0.0,0.0,2.0,0.0
3860.0,add,7.8925132963990325,1339.0,12.0,7.913237338760613,1.0,1.0,0.0,2.0,0.0
3861.0,delete,7.913237338760615,1339.0,12.0,7.913237338760613,1.0,0.0,0.0,1.0,0.0
3862.0,swap,7.952650045445745,1339.0,12.0,7.913237338760613,0.0,0.0,0.0,3.0,0.0
3863.0,add,7.905559268777262,1340.0,13.0,7.901843577447853,0.0,0.0,1.0,0.0,0.0
3864.0,add,7.901843577447854,1340.0,13.0,7.901843577447853,0.0,0.0,1.0,1.0,0.0
3865.0,delete,7.952650045445748,1340.0,13.0,7.901843577447853,0.0,0.0,0.0,0.0,0.0
3866.0,swap,7.927122477186334,1340.0,13.0,7.901843577447853,0.0,0.0,1.0,0.0,0.0
3867.0,add,7.79904662552847,1341.0,12.0,7.913237338760615,1.0,1.0,0.0,0.0,0.0
3868.0,delete,7.952650045445748,1341.0,12.0,7.913237338760615,0.0,0.0,0.0,0.0,0.0
3869.0,swap,7.952650045445747,1341.0,12.0,7.913237338760615,0.0,0.0,0.0,1.0,0.0
3870.0,add,7.952650045445748,1342.0,11.0,7.936884962771695,0.0,0.0,0.0,1.0,1.0
3871.0,add,7.629969106421354,1343.0,12.0,7.913237338760615,1.0,0.0,1.0,0.0,1.0
3872.0,delete,7.913237338760615,1343.0,12.0,7.913237338760615,1.0,0.0,0.0,0.0,0.0
3873.0,swap,7.913237338760615,1343.0,12.0,7.913237338760615,1.0,0.0,0.0,1.0,0.0
3874.0,swap,7.952650045445747,1344.0,12.0,7.952650045445747,0.0,0.0,0.0,1.0,1.0
3875.0,add,7.952650045445747,1344.0,12.0,7.952650045445747,0.0,0.0,0.0,1.0,2.0
3876.0,delete,7.952650045445748,1344.0,12.0,7.952650045445747,0.0,0.0,0.0,0.0,1.0
3877.0,swap,7.8738246320754826,1344.0,12.0,7.952650045445747,0.0,0.0,0.0,1.0,1.0
3878.0,add,7.871317116233396,1345.0,12.0,7.871317116233394,1.0,0.0,0.0,1.0,1.0
3879.0,add,7.871317116233394,1345.0,12.0,7.871317116233394,1.0,0.0,0.0,1.0,2.0
3880.0,delete,7.871317116233396,1345.0,12.0,7.871317116233394,1.0,0.0,0.0,0.0,1.0
3881.0,swap,7.741016909812553,1345.0,12.0,7.871317116233394,1.0,1.0,0.0,1.0,0.0
3882.0,add,7.913237338760616,1346.0,13.0,7.913237338760615,1.0,0.0,0.0,1.0,1.0
3883.0,add,7.796254208904911,1346.0,13.0,7.913237338760615,1.0,1.0,0.0,1.0,1.0
3884.0,delete,7.952650045445748,1346.0,13.0,7.913237338760615,0.0,0.0,0.0,1.0,1.0
3885.0,swap,7.874205012324502,1346.0,13.0,7.913237338760615,0.0,0.0,1.0,1.0,1.0
3886.0,delete,7.913237338760615,1347.0,12.0,7.913237338760615,1.0,0.0,0.0,1.0,0.0
3887.0,add,7.772685098586551,1347.0,12.0,7.913237338760615,1.0,0.0,1.0,1.0,0.0
3888.0,delete,7.952650045445748,1347.0,12.0,7.913237338760615,0.0,0.0,0.0,1.0,0.0
3889.0,swap,7.952650045445748,1347.0,12.0,7.913237338760615,0.0,0.0,0.0,1.0,1.0
3890.0,add,7.914736729580881,1348.0,12.0,7.93549645126965,0.0,1.0,0.0,0.0,0.0
3891.0,swap,7.8765418674350425,1349.0,11.0,7.938402931729548,0.0,1.0,0.0,0.0,0.0
3892.0,swap,7.91994760691153,1350.0,12.0,7.91994760691153,0.0,1.0,0.0,1.0,0.0
3893.0,add,7.314233104115517,1350.0,12.0,7.91994760691153,0.0,1.0,0.0,1.0,1.0
3894.0,delete,7.952650045445748,1350.0,12.0,7.91994760691153,0.0,0.0,0.0,1.0,0.0
3895.0,swap,7.813326193938908,1350.0,12.0,7.91994760691153,0.0,1.0,1.0,0.0,0.0
3896.0,swap,7.7387862616705245,1351.0,10.0,7.83355127142179,1.0,1.0,0.0,1.0,0.0
3897.0,swap,7.779283437916488,1352.0,11.0,7.799183472146524,1.0,1.0,0.0,1.0,0.0
3898.0,add,7.751249584678898,1352.0,11.0,7.799183472146524,1.0,2.0,0.0,1.0,0.0
3899.0,delete,7.915893633290383,1352.0,11.0,7.799183472146524,0.0,1.0,0.0,1.0,0.0
3900.0,swap,7.773761738323733,1352.0,11.0,7.799183472146524,1.0,0.0,1.0,1.0,0.0
3901.0,swap,7.943504509176617,1353.0,12.0,7.943504509176616,0.0,1.0,0.0,1.0,1.0
3902.0,add,7.943504509176616,1353.0,12.0,7.943504509176616,0.0,1.0,0.0,1.0,2.0
3903.0,delete,7.943504509176616,1353.0,12.0,7.943504509176616,0.0,1.0,0.0,1.0,0.0
3904.0,swap,7.404904709416057,1353.0,12.0,7.943504509176616,0.0,1.0,1.0,0.0,1.0
3905.0,delete,7.952650045445749,1354.0,12.0,7.952650045445749,0.0,0.0,0.0,1.0,0.0
3906.0,add,7.952650045445749,1354.0,12.0,7.952650045445749,0.0,0.0,0.0,2.0,0.0
3907.0,delete,7.952650045445748,1354.0,12.0,7.952650045445749,0.0,0.0,0.0,0.0,0.0
3908.0,swap,7.876542126710071,1354.0,12.0,7.952650045445749,0.0,1.0,0.0,0.0,0.0
3909.0,delete,7.952650045445749,1355.0,10.0,7.901855235274245,0.0,0.0,0.0,2.0,0.0
3910.0,delete,7.952650045445748,1356.0,11.0,7.952650045445749,0.0,0.0,0.0,2.0,0.0
3911.0,add,7.952650045445749,1356.0,11.0,7.952650045445749,0.0,0.0,0.0,2.0,1.0
3912.0,delete,7.952650045445748,1356.0,11.0,7.952650045445749,0.0,0.0,0.0,1.0,0.0
3913.0,swap,7.883879946828626,1356.0,11.0,7.952650045445749,0.0,1.0,0.0,1.0,0.0
3914.0,add,7.913237338760615,1357.0,12.0,7.913237338760615,1.0,0.0,0.0,0.0,2.0
3915.0,delete,7.952650045445748,1357.0,12.0,7.913237338760615,0.0,0.0,0.0,0.0,1.0
3916.0,swap,7.913237338760614,1357.0,12.0,7.913237338760615,1.0,0.0,0.0,1.0,0.0
3917.0,add,7.913237338760615,1358.0,12.0,7.913237338760615,1.0,0.0,0.0,1.0,2.0
3918.0,delete,7.913237338760615,1358.0,12.0,7.913237338760615,1.0,0.0,0.0,0.0,1.0
3919.0,swap,7.698369346694475,1358.0,12.0,7.913237338760615,1.0,0.0,1.0,0.0,1.0
3920.0,add,7.952650045445748,1359.0,12.0,7.952650045445749,0.0,0.0,0.0,2.0,1.0
3921.0,add,7.952650045445749,1359.0,12.0,7.952650045445749,0.0,0.0,0.0,2.0,2.0
3922.0,delete,7.952650045445748,1359.0,12.0,7.952650045445749,0.0,0.0,0.0,1.0,1.0
3923.0,swap,7.934408105733968,1359.0,12.0,7.952650045445749,0.0,1.0,0.0,1.0,1.0
3924.0,delete,7.952650045445748,1360.0,12.0,7.952650045445748,0.0,0.0,0.0,1.0,0.0
3925.0,add,7.952650045445748,1360.0,12.0,7.952650045445748,0.0,0.0,0.0,1.0,1.0
3926.0,delete,7.952650045445748,1360.0,12.0,7.952650045445748,0.0,0.0,0.0,0.0,0.0
3927.0,swap,7.952650045445749,1360.0,12.0,7.952650045445748,0.0,0.0,0.0,1.0,0.0
3928.0,swap,7.397403356788421,1361.0,9.0,7.846871124228799,2.0,1.0,0.0,0.0,0.0
3929.0,add,7.913237338760615,1362.0,12.0,7.913237338760615,1.0,0.0,0.0,2.0,0.0
3930.0,add,7.5148070020664886,1362.0,12.0,7.913237338760615,1.0,0.0,0.0,2.0,1.0
3931.0,delete,7.913237338760616,1362.0,12.0,7.913237338760615,1.0,0.0,0.0,1.0,0.0
3932.0,swap,7.6651125839344925,1362.0,12.0,7.913237338760615,1.0,0.0,1.0,1.0,0.0
3933.0,delete,7.913237338760615,1363.0,10.0,7.909993336020792,1.0,0.0,0.0,0.0,1.0
3934.0,change,7.913237338760616,1364.0,10.0,7.909456683690618,1.0,0.0,0.0,1.0,1.0
3935.0,add,7.249610271636648,1365.0,11.0,7.913237338760615,1.0,0.0,0.0,0.0,2.0
3936.0,delete,7.952650045445748,1365.0,11.0,7.913237338760615,0.0,0.0,0.0,0.0,1.0
3937.0,swap,7.950129109509134,1365.0,11.0,7.913237338760615,0.0,1.0,0.0,0.0,1.0
3938.0,add,7.924679003792286,1366.0,13.0,7.914736729580881,0.0,1.0,0.0,0.0,0.0
3939.0,add,7.91473672958088,1366.0,13.0,7.914736729580881,0.0,1.0,0.0,1.0,0.0
3940.0,delete,7.952650045445748,1366.0,13.0,7.914736729580881,0.0,0.0,0.0,0.0,0.0
3941.0,swap,7.868599444407943,1366.0,13.0,7.914736729580881,0.0,0.0,1.0,0.0,0.0
3942.0,add,7.664561841540768,1367.0,14.0,7.952650045445748,0.0,1.0,0.0,0.0,2.0
3943.0,delete,7.952650045445748,1367.0,14.0,7.952650045445748,0.0,0.0,0.0,0.0,1.0
3944.0,swap,7.925259001021977,1367.0,14.0,7.952650045445748,0.0,0.0,1.0,0.0,1.0
3945.0,add,7.913237338760615,1368.0,12.0,7.913237338760615,1.0,0.0,0.0,0.0,2.0
3946.0,delete,7.952650045445748,1368.0,12.0,7.913237338760615,0.0,0.0,0.0,0.0,1.0
3947.0,swap,7.887835756907172,1368.0,12.0,7.913237338760615,0.0,1.0,0.0,0.0,1.0
3948.0,add,7.470690451005435,1369.0,10.0,7.786543733406182,2.0,0.0,0.0,0.0,1.0
3949.0,swap,7.952650045445747,1370.0,12.0,7.95265004544575,0.0,0.0,0.0,2.0,0.0
3950.0,add,7.893964587708238,1370.0,12.0,7.95265004544575,0.0,1.0,0.0,2.0,0.0
3951.0,delete,7.952650045445748,1370.0,12.0,7.95265004544575,0.0,0.0,0.0,1.0,0.0
3952.0,swap,7.952650045445748,1370.0,12.0,7.95265004544575,0.0,0.0,0.0,2.0,0.0
3953.0,change,7.952650045445748,1371.0,11.0,7.923708114134489,0.0,0.0,0.0,1.0,0.0
3954.0,add,7.952650045445749,1372.0,12.0,7.952650045445748,0.0,0.0,0.0,1.0,1.0
3955.0,add,7.952650045445748,1372.0,12.0,7.952650045445748,0.0,0.0,0.0,1.0,2.0
3956.0,delete,7.952650045445748,1372.0,12.0,7.952650045445748,0.0,0.0,0.0,1.0,0.0
3957.0,swap,7.952650045445748,1372.0,12.0,7.952650045445748,0.0,0.0,0.0,0.0,2.0
3958.0,change,7.952650045445748,1373.0,12.0,7.952650045445748,0.0,0.0,0.0,1.0,0.0
3959.0,add,7.952650045445748,1373.0,12.0,7.952650045445748,0.0,0.0,0.0,1.0,1.0
3960.0,delete,7.952650045445748,1373.0,12.0,7.952650045445748,0.0,0.0,0.0,0.0,0.0
3961.0,swap,7.952650045445748,1373.0,12.0,7.952650045445748,0.0,0.0,0.0,0.0,1.0
3962.0,add,7.867205702385373,1374.0,12.0,7.913237338760615,1.0,0.0,1.0,0.0,0.0
3963.0,delete,7.952650045445748,1374.0,12.0,7.913237338760615,0.0,0.0,0.0,0.0,0.0
3964.0,swap,7.952650045445748,1374.0,12.0,7.913237338760615,0.0,0.0,0.0,0.0,1.0
3965.0,swap,7.7902346458178044,1375.0,11.0,7.889146528697967,0.0,1.0,0.0,0.0,0.0
3966.0,delete,7.952650045445749,1376.0,12.0,7.952650045445748,0.0,0.0,0.0,1.0,0.0
3967.0,add,7.672407615380657,1376.0,12.0,7.952650045445748,0.0,1.0,0.0,1.0,0.0
3968.0,delete,7.952650045445748,1376.0,12.0,7.952650045445748,0.0,0.0,0.0,0.0,0.0
3969.0,swap,7.7960906264499545,1376.0,12.0,7.952650045445748,0.0,1.0,0.0,0.0,0.0
3970.0,change,7.913237338760615,1377.0,12.0,7.913237338760616,1.0,0.0,0.0,1.0,0.0
3971.0,add,7.913237338760616,1377.0,12.0,7.913237338760616,1.0,0.0,0.0,1.0,1.0
3972.0,delete,7.913237338760615,1377.0,12.0,7.913237338760616,1.0,0.0,0.0,0.0,0.0
3973.0,swap,7.913204939707877,1377.0,12.0,7.913237338760616,1.0,1.0,0.0,0.0,0.0
3974.0,add,7.873824632075484,1378.0,12.0,7.91780378926101,0.0,0.0,0.0,0.0,1.0
3975.0,swap,6.580474937186034,1379.0,2.0,7.722598853179271,8.0,1.0,0.0,0.0,0.0
3976.0,add,7.952650045445748,1380.0,13.0,7.873824632075484,0.0,0.0,0.0,0.0,2.0
3977.0,delete,7.952650045445748,1380.0,13.0,7.873824632075484,0.0,0.0,0.0,0.0,0.0
3978.0,swap,7.910414788756562,1380.0,13.0,7.873824632075484,0.0,0.0,1.0,0.0,0.0
3979.0,change,7.913237338760615,1381.0,10.0,7.90039012988083,1.0,0.0,0.0,1.0,0.0
3980.0,change,7.913237338760613,1382.0,11.0,7.913237338760615,1.0,0.0,0.0,1.0,0.0
3981.0,add,7.249610271636648,1382.0,11.0,7.913237338760615,1.0,0.0,0.0,1.0,1.0
3982.0,delete,7.952650045445747,1382.0,11.0,7.913237338760615,0.0,0.0,0.0,1.0,0.0
3983.0,swap,7.8975442437892145,1382.0,11.0,7.913237338760615,0.0,0.0,1.0,1.0,0.0
3984.0,delete,7.871317116233394,1383.0,10.0,7.908807043108593,1.0,0.0,0.0,1.0,0.0
3985.0,delete,7.871317116233394,1384.0,11.0,7.871317116233394,1.0,0.0,0.0,1.0,0.0
3986.0,add,7.45889600699001,1384.0,11.0,7.871317116233394,1.0,0.0,0.0,1.0,1.0
3987.0,delete,7.871317116233396,1384.0,11.0,7.871317116233394,1.0,0.0,0.0,0.0,0.0
3988.0,swap,7.917172191781168,1384.0,11.0,7.871317116233394,0.0,1.0,0.0,1.0,0.0
3989.0,swap,7.892453330841599,1385.0,12.0,7.864750318278487,0.0,1.0,0.0,0.0,0.0
3990.0,add,7.848007302620704,1385.0,12.0,7.864750318278487,0.0,1.0,1.0,0.0,0.0
3991.0,delete,7.952650045445748,1385.0,12.0,7.864750318278487,0.0,0.0,0.0,0.0,0.0
3992.0,swap,7.952650045445748,1385.0,12.0,7.864750318278487,0.0,0.0,0.0,0.0,1.0
3993.0,swap,7.827754487713395,1386.0,12.0,7.8765418674350425,0.0,1.0,0.0,0.0,0.0
3994.0,add,7.8765418674350425,1386.0,12.0,7.8765418674350425,0.0,1.0,0.0,0.0,1.0
3995.0,delete,7.952650045445748,1386.0,12.0,7.8765418674350425,0.0,0.0,0.0,0.0,0.0
3996.0,swap,7.952650045445748,1386.0,12.0,7.8765418674350425,0.0,0.0,0.0,0.0,1.0
3997.0,change,7.952650045445748,1387.0,11.0,7.93761102808259,0.0,0.0,0.0,1.0,0.0
3998.0,change,7.952650045445749,1388.0,12.0,7.952650045445748,0.0,0.0,0.0,1.0,0.0
3999.0,add,7.949673964335368,1388.0,12.0,7.952650045445748,0.0,1.0,0.0,1.0,0.0
4000.0,delete,7.952650045445748,1388.0,12.0,7.952650045445748,0.0,0.0,0.0,0.0,0.0
4001.0,swap,7.794351948378338,1388.0,12.0,7.952650045445748,0.0,1.0,0.0,0.0,0.0
4002.0,swap,7.952650045445747,1389.0,12.0,7.952650045445747,0.0,0.0,0.0,2.0,0.0
4003.0,add,7.789984187020971,1389.0,12.0,7.952650045445747,0.0,0.0,0.0,2.0,1.0
4004.0,delete,7.952650045445748,1389.0,12.0,7.952650045445747,0.0,0.0,0.0,1.0,0.0
4005.0,swap,7.952650045445747,1389.0,12.0,7.952650045445747,0.0,0.0,0.0,1.0,1.0
4006.0,add,7.952650045445748,1390.0,12.0,7.9114715581383805,0.0,0.0,0.0,0.0,1.0
4007.0,add,7.952650045445747,1391.0,13.0,7.952650045445748,0.0,0.0,0.0,1.0,1.0
4008.0,delete,7.952650045445748,1391.0,13.0,7.952650045445748,0.0,0.0,0.0,0.0,0.0
4009.0,swap,7.952359592901918,1391.0,13.0,7.952650045445748,0.0,1.0,0.0,0.0,0.0
4010.0,add,7.952441474988918,1392.0,13.0,7.951433280723374,0.0,1.0,0.0,0.0,0.0
4011.0,add,7.91947194920327,1392.0,13.0,7.951433280723374,0.0,2.0,0.0,0.0,0.0
4012.0,delete,7.952650045445748,1392.0,13.0,7.951433280723374,0.0,0.0,0.0,0.0,0.0
4013.0,swap,7.952650045445748,1392.0,13.0,7.951433280723374,0.0,0.0,0.0,1.0,0.0
4014.0,swap,7.910485780933641,1393.0,11.0,7.902102208526458,0.0,0.0,1.0,0.0,0.0
4015.0,add,7.871317116233396,1394.0,12.0,7.871317116233396,1.0,0.0,0.0,0.0,1.0
4016.0,delete,7.952650045445748,1394.0,12.0,7.871317116233396,0.0,0.0,0.0,0.0,0.0
4017.0,swap,7.952650045445748,1394.0,12.0,7.871317116233396,0.0,0.0,0.0,1.0,0.0
4018.0,swap,7.904251058201723,1395.0,12.0,7.910485780933641,0.0,0.0,1.0,0.0,0.0
4019.0,add,7.910485780933641,1395.0,12.0,7.910485780933641,0.0,0.0,1.0,0.0,1.0
4020.0,delete,7.952650045445748,1395.0,12.0,7.910485780933641,0.0,0.0,0.0,0.0,0.0
4021.0,swap,7.952649680859233,1395.0,12.0,7.910485780933641,0.0,0.0,1.0,0.0,0.0
4022.0,delete,7.871317116233395,1396.0,12.0,7.871317116233397,1.0,0.0,0.0,1.0,0.0
4023.0,add,7.871317116233397,1396.0,12.0,7.871317116233397,1.0,0.0,0.0,1.0,1.0
4024.0,delete,7.952650045445748,1396.0,12.0,7.871317116233397,0.0,0.0,0.0,1.0,0.0
4025.0,swap,7.869422005845104,1396.0,12.0,7.871317116233397,1.0,0.0,1.0,0.0,0.0
4026.0,add,7.577401573974731,1397.0,11.0,7.577401573974733,1.0,0.0,0.0,1.0,1.0
4027.0,add,7.577401573974733,1397.0,11.0,7.577401573974733,1.0,0.0,0.0,1.0,2.0
4028.0,delete,7.789984187020972,1397.0,11.0,7.577401573974733,0.0,0.0,0.0,1.0,1.0
4029.0,swap,7.397620563825282,1397.0,11.0,7.577401573974733,1.0,1.0,0.0,0.0,1.0
4030.0,swap,7.785012053082145,1398.0,11.0,7.785012053082146,1.0,0.0,1.0,1.0,0.0
4031.0,add,7.533427958384719,1398.0,11.0,7.785012053082146,1.0,0.0,1.0,1.0,1.0
4032.0,delete,7.785012053082145,1398.0,11.0,7.785012053082146,1.0,0.0,1.0,0.0,0.0
4033.0,swap,7.785012053082146,1398.0,11.0,7.785012053082146,1.0,0.0,1.0,1.0,0.0
4034.0,delete,7.952650045445748,1399.0,11.0,7.932943692103181,0.0,0.0,0.0,0.0,1.0
4035.0,swap,7.913237338760613,1400.0,11.0,7.927645709998629,1.0,0.0,0.0,1.0,0.0
4036.0,add,7.952650045445748,1401.0,12.0,7.952650045445748,0.0,0.0,0.0,0.0,2.0
4037.0,delete,7.952650045445748,1401.0,12.0,7.952650045445748,0.0,0.0,0.0,0.0,0.0
4038.0,swap,7.753171266944101,1401.0,12.0,7.952650045445748,0.0,0.0,1.0,0.0,0.0
4039.0,add,7.91261399566884,1402.0,11.0,7.902973641549728,1.0,1.0,0.0,0.0,0.0
4040.0,add,7.695187125160796,1403.0,11.0,7.842277121362137,1.0,1.0,0.0,0.0,0.0
4041.0,swap,7.913237338760616,1404.0,12.0,7.913237338760613,1.0,0.0,0.0,1.0,0.0
4042.0,add,7.249610271636646,1404.0,12.0,7.913237338760613,1.0,0.0,0.0,1.0,1.0
4043.0,delete,7.952650045445747,1404.0,12.0,7.913237338760613,0.0,0.0,0.0,1.0,0.0
4044.0,swap,7.9467324507832044,1404.0,12.0,7.913237338760613,0.0,0.0,1.0,1.0,0.0
4045.0,add,7.952650045445749,1405.0,13.0,7.952650045445749,0.0,0.0,0.0,1.0,1.0
4046.0,add,7.9135935580300485,1405.0,13.0,7.952650045445749,0.0,1.0,0.0,1.0,1.0
4047.0,delete,7.952650045445749,1405.0,13.0,7.952650045445749,0.0,0.0,0.0,1.0,0.0
4048.0,swap,7.9525053999202555,1405.0,13.0,7.952650045445749,0.0,0.0,1.0,0.0,1.0
4049.0,add,7.699461928634133,1406.0,13.0,7.664371703982135,0.0,0.0,1.0,0.0,1.0
4050.0,delete,7.952650045445748,1406.0,13.0,7.664371703982135,0.0,0.0,0.0,0.0,0.0
4051.0,swap,7.916702030617043,1406.0,13.0,7.664371703982135,0.0,1.0,0.0,0.0,0.0
4052.0,add,7.9132373387606165,1407.0,12.0,7.913237338760618,1.0,0.0,0.0,2.0,1.0
4053.0,add,7.24961027163665,1407.0,12.0,7.913237338760618,1.0,0.0,0.0,2.0,2.0
4054.0,delete,7.913237338760616,1407.0,12.0,7.913237338760618,1.0,0.0,0.0,1.0,1.0
4055.0,swap,7.699721466738222,1407.0,12.0,7.913237338760618,1.0,0.0,1.0,1.0,1.0
4056.0,add,7.110156940572212,1408.0,15.0,7.873824632075484,0.0,0.0,1.0,0.0,1.0
4057.0,delete,7.952650045445748,1408.0,15.0,7.873824632075484,0.0,0.0,0.0,0.0,0.0
4058.0,swap,7.952650045445748,1408.0,15.0,7.873824632075484,0.0,0.0,0.0,0.0,1.0
4059.0,add,7.824995034599563,1409.0,9.0,7.821751067581193,2.0,0.0,0.0,1.0,1.0
4060.0,add,7.824995034599562,1410.0,10.0,7.824995034599563,2.0,0.0,0.0,1.0,1.0
4061.0,add,7.824995034599563,1410.0,10.0,7.824995034599563,2.0,0.0,0.0,1.0,2.0
4062.0,delete,7.824995034599562,1410.0,10.0,7.824995034599563,2.0,0.0,0.0,0.0,1.0
4063.0,swap,7.766849397198184,1410.0,10.0,7.824995034599563,2.0,0.0,1.0,1.0,0.0
4064.0,add,7.76975485257798,1411.0,11.0,7.769754852577977,2.0,0.0,1.0,1.0,0.0
4065.0,add,7.329862366419848,1411.0,11.0,7.769754852577977,2.0,0.0,1.0,1.0,1.0
4066.0,delete,7.769754852577979,1411.0,11.0,7.769754852577977,2.0,0.0,1.0,0.0,0.0
4067.0,swap,7.7716031998781805,1411.0,11.0,7.769754852577977,2.0,0.0,0.0,1.0,1.0
4068.0,add,7.683360895717065,1412.0,12.0,7.824995034599562,2.0,0.0,0.0,0.0,1.0
4069.0,delete,7.8085108747139405,1412.0,12.0,7.824995034599562,1.0,0.0,0.0,0.0,0.0
4070.0,swap,7.801846820045742,1412.0,12.0,7.824995034599562,1.0,1.0,0.0,0.0,0.0
4071.0,change,7.949970976357255,1413.0,12.0,7.935076853376008,0.0,1.0,0.0,0.0,0.0
4072.0,change,7.949483535579507,1414.0,13.0,7.949970976357255,0.0,1.0,0.0,0.0,0.0
4073.0,add,7.949970976357255,1414.0,13.0,7.949970976357255,0.0,1.0,0.0,0.0,1.0
4074.0,delete,7.952650045445748,1414.0,13.0,7.949970976357255,0.0,0.0,0.0,0.0,0.0
4075.0,swap,7.952650045445748,1414.0,13.0,7.949970976357255,0.0,0.0,0.0,1.0,0.0
4076.0,change,7.952650045445749,1415.0,13.0,7.952650045445748,0.0,0.0,0.0,1.0,0.0
4077.0,add,7.873824632075485,1415.0,13.0,7.952650045445748,0.0,0.0,0.0,1.0,1.0
4078.0,delete,7.952650045445748,1415.0,13.0,7.952650045445748,0.0,0.0,0.0,0.0,0.0
4079.0,swap,7.793909716211968,1415.0,13.0,7.952650045445748,0.0,0.0,1.0,0.0,0.0
4080.0,add,7.873824632075484,1416.0,14.0,7.930855442361933,0.0,0.0,0.0,0.0,1.0
4081.0,add,7.952650045445748,1417.0,13.0,7.9119835808395536,0.0,0.0,0.0,1.0,1.0
4082.0,add,7.952650045445748,1418.0,14.0,7.952650045445748,0.0,0.0,0.0,1.0,1.0
4083.0,add,7.952650045445748,1418.0,14.0,7.952650045445748,0.0,0.0,0.0,1.0,2.0
4084.0,delete,7.952650045445748,1418.0,14.0,7.952650045445748,0.0,0.0,0.0,0.0,1.0
4085.0,swap,7.763010735207162,1418.0,14.0,7.952650045445748,0.0,0.0,1.0,1.0,0.0
4086.0,add,7.146269574597794,1419.0,11.0,7.465749572858955,2.0,0.0,1.0,0.0,1.0
4087.0,delete,7.8085108747139405,1419.0,11.0,7.465749572858955,1.0,0.0,0.0,0.0,1.0
4088.0,swap,7.458896006990011,1419.0,11.0,7.465749572858955,1.0,0.0,0.0,0.0,2.0
4089.0,add,7.8085108747139405,1420.0,11.0,7.8085108747139405,1.0,0.0,0.0,0.0,1.0
4090.0,delete,7.952650045445748,1420.0,11.0,7.8085108747139405,0.0,0.0,0.0,0.0,0.0
4091.0,swap,7.952650045445749,1420.0,11.0,7.8085108747139405,0.0,0.0,0.0,1.0,0.0
4092.0,delete,7.952650045445748,1421.0,10.0,7.880580460079845,0.0,0.0,0.0,1.0,0.0
4093.0,delete,7.952650045445747,1422.0,11.0,7.952650045445748,0.0,0.0,0.0,1.0,0.0
4094.0,add,7.952650045445749,1422.0,11.0,7.952650045445748,0.0,0.0,0.0,2.0,0.0
4095.0,delete,7.952650045445748,1422.0,11.0,7.952650045445748,0.0,0.0,0.0,0.0,0.0
4096.0,swap,7.9218331395848915,1422.0,11.0,7.952650045445748,0.0,1.0,0.0,0.0,0.0
4097.0,delete,7.808510874713942,1423.0,11.0,7.808510874713941,1.0,0.0,0.0,1.0,0.0
4098.0,add,7.808510874713941,1423.0,11.0,7.808510874713941,1.0,0.0,0.0,1.0,1.0
4099.0,delete,7.8085108747139405,1423.0,11.0,7.808510874713941,1.0,0.0,0.0,0.0,0.0
4100.0,swap,7.8414791944851885,1423.0,11.0,7.808510874713941,1.0,0.0,0.0,0.0,1.0
4101.0,add,7.727177945501552,1424.0,11.0,7.8085108747139405,1.0,0.0,0.0,0.0,2.0
4102.0,delete,7.952650045445748,1424.0,11.0,7.8085108747139405,0.0,0.0,0.0,0.0,1.0
4103.0,swap,7.918626717202031,1424.0,11.0,7.8085108747139405,0.0,0.0,1.0,0.0,1.0
4104.0,add,7.781589681298137,1425.0,11.0,7.8085108747139405,1.0,0.0,0.0,0.0,2.0
4105.0,delete,7.8085108747139405,1425.0,11.0,7.8085108747139405,1.0,0.0,0.0,0.0,0.0
4106.0,swap,7.808510874713941,1425.0,11.0,7.8085108747139405,1.0,0.0,0.0,1.0,0.0
4107.0,change,7.824995034599561,1426.0,9.0,7.811986442692897,2.0,0.0,0.0,1.0,0.0
4108.0,change,7.824995034599562,1427.0,10.0,7.824995034599561,2.0,0.0,0.0,1.0,0.0
4109.0,add,7.824995034599561,1427.0,10.0,7.824995034599561,2.0,0.0,0.0,2.0,0.0
4110.0,delete,7.824995034599562,1427.0,10.0,7.824995034599561,2.0,0.0,0.0,0.0,0.0
4111.0,swap,7.824995034599562,1427.0,10.0,7.824995034599561,2.0,0.0,0.0,0.0,1.0
4112.0,add,7.824995034599562,1428.0,11.0,7.824995034599563,2.0,0.0,0.0,1.0,2.0
4113.0,add,7.6730127662995065,1428.0,11.0,7.824995034599563,2.0,0.0,0.0,1.0,3.0
4114.0,delete,7.824995034599562,1428.0,11.0,7.824995034599563,2.0,0.0,0.0,0.0,2.0
4115.0,swap,7.68716051811092,1428.0,11.0,7.824995034599563,2.0,0.0,1.0,0.0,2.0
4116.0,swap,7.907525053599645,1429.0,10.0,7.850875947163512,0.0,1.0,0.0,2.0,0.0
4117.0,swap,7.907525053599647,1430.0,11.0,7.907525053599645,0.0,1.0,0.0,2.0,0.0
4118.0,add,7.864456893733068,1430.0,11.0,7.907525053599645,0.0,1.0,1.0,2.0,0.0
4119.0,delete,7.907525053599645,1430.0,11.0,7.907525053599645,0.0,1.0,0.0,1.0,0.0
4120.0,swap,7.863698393662218,1430.0,11.0,7.907525053599645,0.0,1.0,0.0,1.0,1.0
4121.0,delete,7.913237338760615,1431.0,12.0,7.913237338760616,1.0,0.0,0.0,2.0,0.0
4122.0,add,7.913237338760616,1431.0,12.0,7.913237338760616,1.0,0.0,0.0,2.0,1.0
4123.0,delete,7.952650045445749,1431.0,12.0,7.913237338760616,0.0,0.0,0.0,2.0,0.0
4124.0,swap,7.787140435166311,1431.0,12.0,7.913237338760616,1.0,1.0,0.0,1.0,0.0
4125.0,delete,7.913237338760615,1432.0,12.0,7.9132373387606165,1.0,0.0,0.0,1.0,0.0
4126.0,add,7.9132373387606165,1432.0,12.0,7.9132373387606165,1.0,0.0,0.0,1.0,1.0
4127.0,delete,7.913237338760615,1432.0,12.0,7.9132373387606165,1.0,0.0,0.0,0.0,0.0
4128.0,swap,7.874497999135317,1432.0,12.0,7.9132373387606165,0.0,1.0,0.0,1.0,0.0
4129.0,add,7.71130199020801,1433.0,10.0,7.84623530578227,1.0,0.0,0.0,2.0,1.0
4130.0,change,7.913237338760614,1434.0,11.0,7.913237338760616,1.0,0.0,0.0,1.0,1.0
4131.0,add,7.762763621014506,1434.0,11.0,7.913237338760616,1.0,1.0,0.0,1.0,1.0
4132.0,delete,7.913237338760616,1434.0,11.0,7.913237338760616,1.0,0.0,0.0,1.0,0.0
4133.0,swap,7.913237338760615,1434.0,11.0,7.913237338760616,1.0,0.0,0.0,2.0,0.0
4134.0,add,7.7716031998781805,1435.0,11.0,7.771603199878181,2.0,0.0,0.0,2.0,0.0
4135.0,add,6.96075175394067,1435.0,11.0,7.771603199878181,2.0,0.0,0.0,2.0,1.0
4136.0,delete,7.7716031998781805,1435.0,11.0,7.771603199878181,2.0,0.0,0.0,1.0,0.0
4137.0,swap,7.913237338760615,1435.0,11.0,7.771603199878181,1.0,0.0,0.0,2.0,1.0
4138.0,swap,7.714458374962063,1436.0,11.0,7.722836564132892,2.0,0.0,1.0,0.0,0.0
4139.0,add,7.070230040976982,1436.0,11.0,7.722836564132892,2.0,0.0,1.0,0.0,1.0
4140.0,delete,7.795050278006042,1436.0,11.0,7.722836564132892,2.0,0.0,0.0,0.0,0.0
4141.0,swap,7.477949407531221,1436.0,11.0,7.722836564132892,1.0,1.0,1.0,0.0,0.0
4142.0,swap,7.7950502780060456,1437.0,10.0,7.7950502780060456,2.0,0.0,0.0,2.0,0.0
4143.0,add,7.7950502780060456,1437.0,10.0,7.7950502780060456,2.0,0.0,0.0,2.0,1.0
4144.0,delete,7.80851087471394,1437.0,10.0,7.7950502780060456,1.0,0.0,0.0,2.0,0.0
4145.0,swap,7.698024432892348,1437.0,10.0,7.7950502780060456,1.0,0.0,1.0,2.0,0.0
4146.0,delete,7.8085108747139405,1438.0,11.0,7.808510874713941,1.0,0.0,0.0,1.0,0.0
4147.0,add,7.808510874713941,1438.0,11.0,7.808510874713941,1.0,0.0,0.0,1.0,1.0
4148.0,delete,7.8085108747139405,1438.0,11.0,7.808510874713941,1.0,0.0,0.0,0.0,0.0
4149.0,swap,7.8085108747139405,1438.0,11.0,7.808510874713941,1.0,0.0,0.0,0.0,1.0
4150.0,swap,7.946677610481343,1439.0,10.0,7.851741395715818,0.0,1.0,0.0,1.0,0.0
4151.0,swap,7.946677610481345,1440.0,11.0,7.946677610481343,0.0,1.0,0.0,1.0,0.0
4152.0,add,7.946677610481343,1440.0,11.0,7.946677610481343,0.0,1.0,0.0,2.0,0.0
4153.0,delete,7.946677610481345,1440.0,11.0,7.946677610481343,0.0,1.0,0.0,0.0,0.0
4154.0,swap,7.952650045445748,1440.0,11.0,7.946677610481343,0.0,0.0,0.0,2.0,0.0
4155.0,add,7.952650045445745,1441.0,12.0,7.952650045445749,0.0,0.0,0.0,2.0,0.0
4156.0,add,7.952650045445749,1441.0,12.0,7.952650045445749,0.0,0.0,0.0,2.0,1.0
4157.0,delete,7.952650045445748,1441.0,12.0,7.952650045445749,0.0,0.0,0.0,1.0,0.0
4158.0,swap,7.890167407251863,1441.0,12.0,7.952650045445749,0.0,0.0,1.0,1.0,0.0
4159.0,swap,7.952650045445749,1442.0,12.0,7.952650045445748,0.0,0.0,0.0,2.0,0.0
4160.0,add,7.789984187021045,1442.0,12.0,7.952650045445748,0.0,0.0,0.0,2.0,1.0
4161.0,delete,7.952650045445748,1442.0,12.0,7.952650045445748,0.0,0.0,0.0,1.0,0.0
4162.0,swap,7.857616665384664,1442.0,12.0,7.952650045445748,0.0,1.0,0.0,1.0,0.0
4163.0,add,7.952650045445748,1443.0,12.0,7.952650045445748,0.0,0.0,0.0,0.0,1.0
4164.0,swap,7.920011945431625,1444.0,12.0,7.942395617443769,0.0,0.0,1.0,0.0,0.0
4165.0,add,7.942395617443769,1444.0,12.0,7.942395617443769,0.0,0.0,1.0,1.0,0.0
4166.0,delete,7.952650045445748,1444.0,12.0,7.942395617443769,0.0,0.0,0.0,0.0,0.0
4167.0,swap,7.803296522738819,1444.0,12.0,7.942395617443769,0.0,0.0,1.0,0.0,0.0
4168.0,swap,7.952650045445748,1445.0,12.0,7.952650045445749,0.0,0.0,0.0,1.0,0.0
4169.0,add,7.397040644518792,1445.0,12.0,7.952650045445749,0.0,0.0,0.0,1.0,1.0
4170.0,delete,7.952650045445748,1445.0,12.0,7.952650045445749,0.0,0.0,0.0,0.0,0.0
4171.0,swap,7.830161002698793,1445.0,12.0,7.952650045445749,0.0,1.0,0.0,0.0,0.0
4172.0,swap,7.7258957049594805,1446.0,11.0,7.74985523253808,1.0,1.0,0.0,0.0,0.0
4173.0,add,7.74985523253808,1446.0,11.0,7.74985523253808,1.0,1.0,0.0,0.0,1.0
4174.0,delete,7.815861420241089,1446.0,11.0,7.74985523253808,0.0,1.0,0.0,0.0,0.0
4175.0,swap,7.913237338760615,1446.0,11.0,7.74985523253808,1.0,0.0,0.0,0.0,1.0
4176.0,add,7.554126490251742,1447.0,11.0,7.824995034599562,2.0,0.0,1.0,0.0,0.0
4177.0,delete,7.913237338760615,1447.0,11.0,7.824995034599562,1.0,0.0,0.0,0.0,0.0
4178.0,swap,7.913237338760616,1447.0,11.0,7.824995034599562,1.0,0.0,0.0,1.0,0.0
4179.0,add,7.793899197619524,1448.0,10.0,7.806290884737457,2.0,0.0,1.0,0.0,0.0
4180.0,swap,7.853191937152473,1449.0,10.0,7.801780576359991,1.0,0.0,1.0,0.0,0.0
4181.0,swap,7.874607368875306,1450.0,11.0,7.853191937152473,1.0,0.0,1.0,0.0,0.0
4182.0,add,7.801561860273456,1450.0,11.0,7.853191937152473,1.0,0.0,1.0,0.0,1.0
4183.0,delete,7.945549931915226,1450.0,11.0,7.853191937152473,0.0,0.0,1.0,0.0,0.0
4184.0,swap,7.8062557457481825,1450.0,11.0,7.853191937152473,0.0,1.0,1.0,0.0,0.0
4185.0,change,7.808510874713942,1451.0,10.0,7.815104538668192,1.0,0.0,0.0,1.0,0.0
4186.0,add,7.824995034599562,1452.0,11.0,7.824995034599561,2.0,0.0,0.0,2.0,0.0
4187.0,add,7.824995034599563,1452.0,11.0,7.824995034599561,2.0,0.0,0.0,3.0,0.0
4188.0,delete,7.824995034599562,1452.0,11.0,7.824995034599561,2.0,0.0,0.0,1.0,0.0
4189.0,swap,7.493033327468643,1452.0,11.0,7.824995034599561,2.0,0.0,1.0,1.0,0.0
4190.0,delete,7.952650045445749,1453.0,12.0,7.952650045445749,0.0,0.0,0.0,1.0,0.0
4191.0,add,7.789984187021046,1453.0,12.0,7.952650045445749,0.0,0.0,0.0,1.0,1.0
4192.0,delete,7.952650045445748,1453.0,12.0,7.952650045445749,0.0,0.0,0.0,0.0,0.0
4193.0,swap,7.952650045445749,1453.0,12.0,7.952650045445749,0.0,0.0,0.0,1.0,0.0
4194.0,add,7.397040644518788,1454.0,13.0,7.952650045445748,0.0,0.0,0.0,0.0,2.0
4195.0,delete,7.952650045445748,1454.0,13.0,7.952650045445748,0.0,0.0,0.0,0.0,0.0
4196.0,swap,7.668755918386859,1454.0,13.0,7.952650045445748,0.0,0.0,1.0,0.0,0.0
4197.0,swap,7.952650045445747,1455.0,12.0,7.952650045445748,0.0,0.0,0.0,2.0,0.0
4198.0,add,7.873824632075484,1455.0,12.0,7.952650045445748,0.0,0.0,0.0,2.0,1.0
4199.0,delete,7.952650045445749,1455.0,12.0,7.952650045445748,0.0,0.0,0.0,1.0,0.0
4200.0,swap,7.911838228391608,1455.0,12.0,7.952650045445748,0.0,1.0,0.0,1.0,0.0
4201.0,swap,7.737598669394037,1456.0,9.0,7.815254369767542,2.0,1.0,0.0,0.0,0.0
4202.0,swap,7.734876457205635,1457.0,10.0,7.737598669394037,2.0,1.0,0.0,0.0,0.0
4203.0,add,7.336861868837053,1457.0,10.0,7.737598669394037,2.0,1.0,0.0,0.0,1.0
4204.0,delete,7.822074173296424,1457.0,10.0,7.737598669394037,1.0,1.0,0.0,0.0,0.0
4205.0,swap,7.822074173296425,1457.0,10.0,7.737598669394037,1.0,1.0,0.0,1.0,0.0
4206.0,swap,7.907525053599645,1458.0,12.0,7.907525053599647,0.0,1.0,0.0,2.0,0.0
4207.0,add,7.4039599032125905,1458.0,12.0,7.907525053599647,0.0,1.0,0.0,2.0,1.0
4208.0,delete,7.907525053599646,1458.0,12.0,7.907525053599647,0.0,1.0,0.0,1.0,0.0
4209.0,swap,7.907525053599646,1458.0,12.0,7.907525053599647,0.0,1.0,0.0,1.0,1.0
4210.0,swap,7.952650045445749,1459.0,11.0,7.846788014786151,0.0,0.0,0.0,1.0,0.0
4211.0,swap,7.952650045445749,1460.0,12.0,7.952650045445749,0.0,0.0,0.0,1.0,0.0
4212.0,add,7.63722443343881,1460.0,12.0,7.952650045445749,0.0,1.0,0.0,1.0,0.0
4213.0,delete,7.952650045445748,1460.0,12.0,7.952650045445749,0.0,0.0,0.0,0.0,0.0
4214.0,swap,7.829479815662226,1460.0,12.0,7.952650045445749,0.0,1.0,0.0,0.0,0.0
4215.0,delete,7.871317116233396,1461.0,12.0,7.871317116233395,1.0,0.0,0.0,1.0,0.0
4216.0,add,7.871317116233395,1461.0,12.0,7.871317116233395,1.0,0.0,0.0,1.0,1.0
4217.0,delete,7.952650045445747,1461.0,12.0,7.871317116233395,0.0,0.0,0.0,1.0,0.0
4218.0,swap,7.929130344507423,1461.0,12.0,7.871317116233395,0.0,1.0,0.0,1.0,0.0
4219.0,delete,7.771603199878181,1462.0,11.0,7.899146347730671,2.0,0.0,0.0,0.0,0.0
4220.0,delete,7.952650045445748,1463.0,13.0,7.952650045445747,0.0,0.0,0.0,1.0,0.0
4221.0,add,7.596668499824373,1463.0,13.0,7.952650045445747,0.0,1.0,0.0,1.0,0.0
4222.0,delete,7.952650045445748,1463.0,13.0,7.952650045445747,0.0,0.0,0.0,0.0,0.0
4223.0,swap,7.895006266372029,1463.0,13.0,7.952650045445747,0.0,0.0,1.0,0.0,0.0
4224.0,add,7.909624922589435,1464.0,12.0,7.91261399566884,1.0,1.0,0.0,0.0,0.0
4225.0,add,7.71110277931839,1464.0,12.0,7.91261399566884,1.0,1.0,0.0,0.0,1.0
4226.0,delete,7.951665224493115,1464.0,12.0,7.91261399566884,0.0,1.0,0.0,0.0,0.0
4227.0,swap,7.951665224493115,1464.0,12.0,7.91261399566884,0.0,1.0,0.0,0.0,1.0
4228.0,add,7.814789268913325,1465.0,14.0,7.952650045445748,0.0,0.0,1.0,0.0,0.0
4229.0,add,7.789984187021045,1466.0,14.0,7.952650045445748,0.0,0.0,0.0,0.0,1.0
4230.0,delete,7.952650045445749,1467.0,13.0,7.952650045445747,0.0,0.0,0.0,1.0,0.0
4231.0,add,7.952650045445747,1467.0,13.0,7.952650045445747,0.0,0.0,0.0,2.0,0.0
4232.0,delete,7.952650045445748,1467.0,13.0,7.952650045445747,0.0,0.0,0.0,0.0,0.0
4233.0,swap,7.545219493327756,1467.0,13.0,7.952650045445747,0.0,1.0,0.0,0.0,0.0
4234.0,add,7.789984187021045,1468.0,13.0,7.952650045445748,0.0,0.0,0.0,0.0,1.0
4235.0,swap,7.952650045445748,1469.0,14.0,7.952650045445748,0.0,0.0,0.0,1.0,0.0
4236.0,add,7.832002194805149,1469.0,14.0,7.952650045445748,0.0,0.0,1.0,1.0,0.0
4237.0,delete,7.952650045445748,1469.0,14.0,7.952650045445748,0.0,0.0,0.0,0.0,0.0
4238.0,swap,7.865966558602178,1469.0,14.0,7.952650045445748,0.0,0.0,1.0,0.0,0.0
4239.0,add,7.789984187021045,1470.0,13.0,7.952650045445748,0.0,0.0,0.0,0.0,3.0
4240.0,delete,7.952650045445748,1470.0,13.0,7.952650045445748,0.0,0.0,0.0,0.0,1.0
4241.0,swap,7.939970187831397,1470.0,13.0,7.952650045445748,0.0,1.0,0.0,0.0,1.0
4242.0,add,7.952650045445748,1471.0,13.0,7.952650045445747,0.0,0.0,0.0,0.0,2.0
4243.0,add,7.814506446012038,1472.0,15.0,7.952650045445748,0.0,0.0,1.0,0.0,1.0
4244.0,delete,7.952650045445748,1472.0,15.0,7.952650045445748,0.0,0.0,0.0,0.0,0.0
4245.0,swap,7.8725224500234745,1472.0,15.0,7.952650045445748,0.0,1.0,0.0,0.0,0.0
4246.0,add,7.771603199878182,1473.0,12.0,7.771603199878181,2.0,0.0,0.0,1.0,0.0
4247.0,add,7.771603199878181,1473.0,12.0,7.771603199878181,2.0,0.0,0.0,1.0,1.0
4248.0,delete,7.771603199878181,1473.0,12.0,7.771603199878181,2.0,0.0,0.0,0.0,0.0
4249.0,swap,7.871317116233394,1473.0,12.0,7.771603199878181,1.0,0.0,0.0,2.0,0.0
4250.0,add,7.789984187021045,1474.0,14.0,7.952650045445748,0.0,0.0,0.0,0.0,1.0
4251.0,add,7.952650045445748,1475.0,14.0,7.952650045445748,0.0,0.0,0.0,0.0,1.0
4252.0,add,7.952650045445749,1476.0,14.0,7.952650045445747,0.0,0.0,0.0,1.0,1.0
4253.0,add,7.412111985048136,1476.0,14.0,7.952650045445747,0.0,0.0,1.0,1.0,1.0
4254.0,delete,7.952650045445747,1476.0,14.0,7.952650045445747,0.0,0.0,0.0,1.0,0.0
4255.0,swap,7.876682395553799,1476.0,14.0,7.952650045445747,0.0,0.0,1.0,1.0,0.0
4256.0,add,7.952650045445749,1477.0,14.0,7.952650045445747,0.0,0.0,0.0,1.0,1.0
4257.0,add,7.9357090136500466,1477.0,14.0,7.952650045445747,0.0,0.0,1.0,1.0,1.0
4258.0,delete,7.952650045445748,1477.0,14.0,7.952650045445747,0.0,0.0,0.0,0.0,1.0
4259.0,swap,7.952650045445747,1477.0,14.0,7.952650045445747,0.0,0.0,0.0,2.0,0.0
4260.0,add,7.9431248177282425,1478.0,14.0,7.945624320605762,0.0,1.0,0.0,0.0,0.0
4261.0,add,7.669071914431638,1478.0,14.0,7.945624320605762,0.0,1.0,0.0,0.0,1.0
4262.0,delete,7.952650045445748,1478.0,14.0,7.945624320605762,0.0,0.0,0.0,0.0,0.0
4263.0,swap,7.405425777957634,1478.0,14.0,7.945624320605762,0.0,1.0,0.0,0.0,0.0
4264.0,add,7.9112928716091595,1479.0,12.0,7.9112928716091595,1.0,0.0,1.0,1.0,1.0
4265.0,add,7.631015801344977,1479.0,12.0,7.9112928716091595,1.0,0.0,1.0,1.0,2.0
4266.0,delete,7.91129287160916,1479.0,12.0,7.9112928716091595,1.0,0.0,1.0,0.0,1.0
4267.0,swap,7.9132373387606165,1479.0,12.0,7.9112928716091595,1.0,0.0,0.0,2.0,1.0
4268.0,change,7.824995034599562,1480.0,9.0,7.775019991716012,2.0,0.0,0.0,2.0,0.0
4269.0,change,7.795050278006041,1481.0,9.0,7.822288434515812,2.0,0.0,0.0,2.0,0.0
4270.0,change,7.824995034599562,1482.0,10.0,7.824995034599562,2.0,0.0,0.0,2.0,0.0
4271.0,add,7.824995034599562,1482.0,10.0,7.824995034599562,2.0,0.0,0.0,2.0,1.0
4272.0,delete,7.824995034599563,1482.0,10.0,7.824995034599562,2.0,0.0,0.0,1.0,0.0
4273.0,swap,7.664439750549587,1482.0,10.0,7.824995034599562,2.0,0.0,0.0,1.0,1.0
4274.0,add,7.952650045445748,1483.0,13.0,7.952650045445748,0.0,0.0,0.0,0.0,1.0
4275.0,add,7.502719829284476,1484.0,13.0,7.952650045445748,0.0,0.0,1.0,0.0,1.0
4276.0,delete,7.952650045445748,1484.0,13.0,7.952650045445748,0.0,0.0,0.0,0.0,0.0
4277.0,swap,7.406938120591018,1484.0,13.0,7.952650045445748,0.0,1.0,0.0,0.0,0.0
4278.0,swap,7.771603199878182,1485.0,10.0,7.7716031998781805,2.0,1.0,0.0,1.0,0.0
4279.0,add,7.381613523556675,1485.0,10.0,7.7716031998781805,2.0,1.0,0.0,1.0,1.0
4280.0,delete,7.913237338760613,1485.0,10.0,7.7716031998781805,1.0,1.0,0.0,1.0,0.0
4281.0,swap,7.7716031998781805,1485.0,10.0,7.7716031998781805,2.0,0.0,0.0,1.0,1.0
4282.0,add,7.690932018551443,1486.0,11.0,7.824995034599562,2.0,0.0,0.0,0.0,2.0
4283.0,delete,7.913237338760615,1486.0,11.0,7.824995034599562,1.0,0.0,0.0,0.0,1.0
4284.0,swap,7.83751342570145,1486.0,11.0,7.824995034599562,1.0,0.0,1.0,0.0,1.0
4285.0,add,7.952650045445747,1487.0,14.0,7.952650045445749,0.0,0.0,0.0,1.0,0.0
4286.0,add,7.952650045445749,1487.0,14.0,7.952650045445749,0.0,0.0,0.0,1.0,1.0
4287.0,delete,7.952650045445748,1487.0,14.0,7.952650045445749,0.0,0.0,0.0,0.0,0.0
4288.0,swap,7.944640812197822,1487.0,14.0,7.952650045445749,0.0,0.0,1.0,0.0,0.0
4289.0,add,7.913237338760615,1488.0,13.0,7.913237338760615,1.0,0.0,0.0,0.0,1.0
4290.0,delete,7.952650045445748,1488.0,13.0,7.913237338760615,0.0,0.0,0.0,0.0,0.0
4291.0,swap,7.810566868867946,1488.0,13.0,7.913237338760615,0.0,0.0,1.0,0.0,0.0
4292.0,add,7.952650045445748,1489.0,12.0,7.924739985201728,0.0,0.0,0.0,0.0,1.0
4293.0,add,7.789984187021045,1490.0,13.0,7.952650045445748,0.0,0.0,0.0,0.0,2.0
4294.0,delete,7.952650045445748,1490.0,13.0,7.952650045445748,0.0,0.0,0.0,0.0,0.0
4295.0,swap,7.952650045445748,1490.0,13.0,7.952650045445748,0.0,0.0,0.0,0.0,1.0
4296.0,add,7.579710059333173,1491.0,14.0,7.952650045445748,0.0,1.0,0.0,0.0,0.0
4297.0,swap,7.952650045445748,1492.0,12.0,7.921424394790675,0.0,0.0,0.0,1.0,0.0
4298.0,swap,7.952650045445747,1493.0,13.0,7.952650045445748,0.0,0.0,0.0,1.0,0.0
4299.0,add,7.952650045445748,1493.0,13.0,7.952650045445748,0.0,0.0,0.0,1.0,1.0
4300.0,delete,7.952650045445748,1493.0,13.0,7.952650045445748,0.0,0.0,0.0,0.0,0.0
4301.0,swap,7.812340475992866,1493.0,13.0,7.952650045445748,0.0,0.0,1.0,0.0,0.0
4302.0,swap,7.8137763931651625,1494.0,13.0,7.913924260231814,0.0,1.0,0.0,0.0,0.0
4303.0,add,7.789959416393794,1495.0,13.0,7.789382732808819,0.0,0.0,1.0,0.0,1.0
4304.0,add,7.3468113365525145,1495.0,13.0,7.789382732808819,0.0,0.0,1.0,0.0,2.0
4305.0,delete,7.789984187021045,1495.0,13.0,7.789382732808819,0.0,0.0,0.0,0.0,1.0
4306.0,swap,7.952380325706071,1495.0,13.0,7.789382732808819,0.0,0.0,1.0,0.0,1.0
4307.0,add,7.931174037899542,1496.0,14.0,7.952650045445748,0.0,1.0,0.0,0.0,0.0
4308.0,add,7.952650045445748,1497.0,14.0,7.952650045445748,0.0,0.0,0.0,0.0,2.0
4309.0,delete,7.952650045445748,1497.0,14.0,7.952650045445748,0.0,0.0,0.0,0.0,0.0
4310.0,swap,7.952650045445748,1497.0,14.0,7.952650045445748,0.0,0.0,0.0,0.0,1.0
4311.0,add,7.920895608808275,1498.0,15.0,7.931174037899542,0.0,1.0,0.0,0.0,0.0
4312.0,add,7.931174037899542,1498.0,15.0,7.931174037899542,0.0,1.0,0.0,0.0,1.0
4313.0,delete,7.952650045445748,1498.0,15.0,7.931174037899542,0.0,0.0,0.0,0.0,0.0
4314.0,swap,7.952650045445748,1498.0,15.0,7.931174037899542,0.0,0.0,0.0,0.0,1.0
4315.0,swap,7.952650045445748,1499.0,13.0,7.952650045445749,0.0,0.0,0.0,1.0,0.0
4316.0,add,7.952650045445749,1499.0,13.0,7.952650045445749,0.0,0.0,0.0,1.0,1.0
4317.0,delete,7.952650045445748,1499.0,13.0,7.952650045445749,0.0,0.0,0.0,0.0,0.0
4318.0,swap,7.668590435760133,1499.0,13.0,7.952650045445749,0.0,1.0,0.0,0.0,0.0
4319.0,swap,7.916143544649678,1500.0,13.0,7.952650045445748,0.0,1.0,0.0,0.0,0.0
4320.0,swap,7.927170430614384,1501.0,14.0,7.916143544649678,0.0,1.0,0.0,0.0,0.0
4321.0,add,7.916143544649678,1501.0,14.0,7.916143544649678,0.0,1.0,0.0,0.0,1.0
4322.0,delete,7.952650045445748,1501.0,14.0,7.916143544649678,0.0,0.0,0.0,0.0,0.0
4323.0,swap,7.688863926974614,1501.0,14.0,7.916143544649678,0.0,0.0,1.0,0.0,0.0
4324.0,swap,7.864982258383172,1502.0,13.0,7.8865822063428235,0.0,0.0,1.0,0.0,0.0
4325.0,add,7.305822444404363,1502.0,13.0,7.8865822063428235,0.0,1.0,1.0,0.0,0.0
4326.0,delete,7.952650045445748,1502.0,13.0,7.8865822063428235,0.0,0.0,0.0,0.0,0.0
4327.0,swap,7.952650045445748,1502.0,13.0,7.8865822063428235,0.0,0.0,0.0,0.0,1.0
4328.0,add,7.952650045445748,1503.0,14.0,7.952650045445748,0.0,0.0,0.0,0.0,2.0
4329.0,delete,7.952650045445748,1503.0,14.0,7.952650045445748,0.0,0.0,0.0,0.0,0.0
4330.0,swap,7.952650045445749,1503.0,14.0,7.952650045445748,0.0,0.0,0.0,1.0,0.0
4331.0,swap,7.774869063174263,1504.0,10.0,7.866706715526549,1.0,0.0,1.0,0.0,0.0
4332.0,swap,7.754731898488185,1505.0,11.0,7.774869063174263,1.0,0.0,1.0,0.0,0.0
4333.0,add,7.774869063174263,1505.0,11.0,7.774869063174263,1.0,0.0,1.0,0.0,1.0
4334.0,delete,7.873192527277466,1505.0,11.0,7.774869063174263,0.0,0.0,1.0,0.0,0.0
4335.0,swap,7.873192527277466,1505.0,11.0,7.774869063174263,0.0,0.0,1.0,0.0,1.0
4336.0,add,7.832720362003579,1506.0,12.0,7.831628733302628,2.0,0.0,1.0,0.0,1.0
4337.0,add,7.831628733302628,1506.0,12.0,7.831628733302628,2.0,0.0,1.0,0.0,2.0
4338.0,delete,7.84008548087036,1506.0,12.0,7.831628733302628,1.0,0.0,1.0,0.0,1.0
4339.0,swap,7.824995034599562,1506.0,12.0,7.831628733302628,2.0,0.0,0.0,0.0,2.0
4340.0,swap,7.952650045445748,1507.0,13.0,7.9405883992176545,0.0,0.0,0.0,1.0,0.0
4341.0,add,7.8813929302932,1508.0,13.0,7.952650045445748,0.0,0.0,1.0,0.0,0.0
4342.0,add,7.397040644518788,1509.0,14.0,7.952650045445748,0.0,0.0,0.0,0.0,3.0
4343.0,delete,7.952650045445748,1509.0,14.0,7.952650045445748,0.0,0.0,0.0,0.0,1.0
4344.0,swap,7.749902811686732,1509.0,14.0,7.952650045445748,0.0,1.0,0.0,0.0,1.0
4345.0,add,7.808510874713939,1510.0,11.0,7.8085108747139405,1.0,0.0,0.0,1.0,1.0
4346.0,delete,7.952650045445748,1510.0,11.0,7.8085108747139405,0.0,0.0,0.0,0.0,1.0
4347.0,swap,7.8085108747139405,1510.0,11.0,7.8085108747139405,1.0,0.0,0.0,0.0,1.0
4348.0,delete,7.913237338760615,1511.0,10.0,7.844545667396892,1.0,0.0,0.0,0.0,1.0
4349.0,add,7.23700230160301,1512.0,11.0,7.913237338760615,1.0,0.0,0.0,0.0,2.0
4350.0,delete,7.913237338760615,1512.0,11.0,7.913237338760615,1.0,0.0,0.0,0.0,0.0
4351.0,swap,7.665836354778056,1512.0,11.0,7.913237338760615,1.0,0.0,1.0,0.0,0.0
4352.0,swap,7.667318944564979,1513.0,13.0,7.952650045445748,0.0,1.0,0.0,0.0,0.0
4353.0,change,7.9132373387606165,1514.0,12.0,7.913237338760615,1.0,0.0,0.0,1.0,1.0
4354.0,add,7.298279370876516,1514.0,12.0,7.913237338760615,1.0,0.0,1.0,1.0,1.0
4355.0,delete,7.913237338760615,1514.0,12.0,7.913237338760615,1.0,0.0,0.0,1.0,0.0
4356.0,swap,7.87632371711368,1514.0,12.0,7.913237338760615,0.0,1.0,0.0,1.0,1.0
4357.0,swap,7.622759614212935,1515.0,10.0,7.622759614212936,2.0,0.0,1.0,1.0,0.0
4358.0,add,7.611675862905889,1515.0,10.0,7.622759614212936,2.0,1.0,1.0,1.0,0.0
4359.0,delete,7.795050278006043,1515.0,10.0,7.622759614212936,2.0,0.0,0.0,1.0,0.0
4360.0,swap,7.0892286852892665,1515.0,10.0,7.622759614212936,1.0,1.0,1.0,1.0,0.0
4361.0,add,7.913237338760615,1516.0,12.0,7.913237338760615,1.0,0.0,0.0,0.0,1.0
4362.0,delete,7.952650045445748,1516.0,12.0,7.913237338760615,0.0,0.0,0.0,0.0,0.0
4363.0,swap,7.952183223499845,1516.0,12.0,7.913237338760615,0.0,1.0,0.0,0.0,0.0
4364.0,change,7.913237338760615,1517.0,11.0,7.913237338760615,1.0,0.0,0.0,1.0,0.0
4365.0,add,7.8085108747139405,1518.0,11.0,7.844545667396892,1.0,0.0,0.0,0.0,2.0
4366.0,change,7.913237338760613,1519.0,12.0,7.913237338760615,1.0,0.0,0.0,1.0,0.0
4367.0,add,7.9132373387606165,1519.0,12.0,7.913237338760615,1.0,0.0,0.0,2.0,0.0
4368.0,delete,7.952650045445747,1519.0,12.0,7.913237338760615,0.0,0.0,0.0,1.0,0.0
4369.0,swap,7.902620264209602,1519.0,12.0,7.913237338760615,1.0,1.0,0.0,0.0,0.0
4370.0,add,7.488935169931469,1520.0,12.0,7.8085108747139405,1.0,1.0,0.0,0.0,0.0
4371.0,delete,7.952650045445748,1520.0,12.0,7.8085108747139405,0.0,0.0,0.0,0.0,0.0
4372.0,swap,7.734661668542802,1520.0,12.0,7.8085108747139405,0.0,0.0,1.0,0.0,0.0
4373.0,swap,7.929010775739872,1521.0,13.0,7.923092480241637,0.0,1.0,0.0,0.0,0.0
4374.0,add,7.82513974080984,1521.0,13.0,7.923092480241637,0.0,1.0,1.0,0.0,0.0
4375.0,delete,7.952650045445748,1521.0,13.0,7.923092480241637,0.0,0.0,0.0,0.0,0.0
4376.0,swap,7.952650045445748,1521.0,13.0,7.923092480241637,0.0,0.0,0.0,0.0,1.0
4377.0,add,7.918330954973348,1522.0,14.0,7.921201439293904,0.0,0.0,1.0,0.0,0.0
4378.0,add,7.877469165097393,1522.0,14.0,7.921201439293904,0.0,1.0,1.0,0.0,0.0
4379.0,delete,7.952650045445748,1522.0,14.0,7.921201439293904,0.0,0.0,0.0,0.0,0.0
4380.0,swap,7.952650045445747,1522.0,14.0,7.921201439293904,0.0,0.0,0.0,1.0,0.0
4381.0,change,7.952650045445747,1523.0,12.0,7.941883573657487,0.0,0.0,0.0,1.0,0.0
4382.0,swap,7.952650045445748,1524.0,11.0,7.886808247852422,0.0,0.0,0.0,0.0,1.0
4383.0,add,7.952650045445747,1525.0,12.0,7.952650045445748,0.0,0.0,0.0,1.0,1.0
4384.0,delete,7.952650045445748,1525.0,12.0,7.952650045445748,0.0,0.0,0.0,0.0,0.0
4385.0,swap,7.664371703982135,1525.0,12.0,7.952650045445748,0.0,0.0,0.0,0.0,1.0
4386.0,add,7.8899911923948585,1526.0,13.0,7.952650045445748,0.0,0.0,1.0,0.0,0.0
4387.0,add,7.952650045445748,1527.0,13.0,7.952650045445747,0.0,0.0,0.0,1.0,1.0
4388.0,add,7.952650045445747,1527.0,13.0,7.952650045445747,0.0,0.0,0.0,1.0,2.0
4389.0,delete,7.952650045445747,1527.0,13.0,7.952650045445747,0.0,0.0,0.0,1.0,0.0
4390.0,swap,7.952650045445746,1527.0,13.0,7.952650045445747,0.0,0.0,0.0,2.0,0.0
4391.0,add,7.886195088658594,1528.0,14.0,7.8899911923948585,0.0,0.0,1.0,0.0,0.0
4392.0,add,7.859757980051352,1528.0,14.0,7.8899911923948585,0.0,0.0,2.0,0.0,0.0
4393.0,delete,7.952650045445748,1528.0,14.0,7.8899911923948585,0.0,0.0,0.0,0.0,0.0
4394.0,swap,7.9116703054571955,1528.0,14.0,7.8899911923948585,0.0,1.0,0.0,0.0,0.0
4395.0,add,7.789984187021045,1529.0,12.0,7.87709036785174,0.0,0.0,0.0,0.0,1.0
4396.0,add,7.397040644518791,1530.0,12.0,7.952650045445746,0.0,0.0,0.0,0.0,2.0
4397.0,add,7.771603199878182,1531.0,12.0,7.7716031998781805,2.0,0.0,0.0,2.0,0.0
4398.0,add,6.983361734374435,1531.0,12.0,7.7716031998781805,2.0,0.0,0.0,2.0,1.0
4399.0,delete,7.771603199878181,1531.0,12.0,7.7716031998781805,2.0,0.0,0.0,1.0,0.0
4400.0,swap,7.903179145575954,1531.0,12.0,7.7716031998781805,1.0,1.0,0.0,2.0,0.0
4401.0,swap,7.874239193543887,1532.0,12.0,7.886250651189911,0.0,1.0,0.0,0.0,0.0
4402.0,add,7.886250651189911,1532.0,12.0,7.886250651189911,0.0,1.0,0.0,1.0,0.0
4403.0,delete,7.952650045445748,1532.0,12.0,7.886250651189911,0.0,0.0,0.0,0.0,0.0
4404.0,swap,7.897556272019331,1532.0,12.0,7.886250651189911,0.0,1.0,0.0,0.0,0.0
4405.0,add,7.671889283522972,1533.0,11.0,7.671889283522972,1.0,0.0,0.0,0.0,2.0
4406.0,delete,7.871317116233396,1533.0,11.0,7.671889283522972,1.0,0.0,0.0,0.0,0.0
4407.0,swap,7.798465293760932,1533.0,11.0,7.671889283522972,0.0,0.0,1.0,0.0,1.0
4408.0,add,7.871317116233394,1534.0,11.0,7.871317116233396,1.0,0.0,0.0,1.0,1.0
4409.0,add,7.577401573974733,1534.0,11.0,7.871317116233396,1.0,0.0,0.0,1.0,2.0
4410.0,delete,7.871317116233396,1534.0,11.0,7.871317116233396,1.0,0.0,0.0,1.0,0.0
4411.0,swap,7.952650045445748,1534.0,11.0,7.871317116233396,0.0,0.0,0.0,2.0,1.0
4412.0,add,7.952650045445748,1535.0,13.0,7.952650045445748,0.0,0.0,0.0,1.0,1.0
4413.0,add,7.952650045445748,1535.0,13.0,7.952650045445748,0.0,0.0,0.0,1.0,2.0
4414.0,delete,7.952650045445748,1535.0,13.0,7.952650045445748,0.0,0.0,0.0,0.0,1.0
4415.0,swap,7.952650045445749,1535.0,13.0,7.952650045445748,0.0,0.0,0.0,2.0,0.0
4416.0,delete,7.952650045445749,1536.0,12.0,7.952650045445748,0.0,0.0,0.0,1.0,0.0
4417.0,add,7.664371703982135,1536.0,12.0,7.952650045445748,0.0,0.0,0.0,1.0,1.0
4418.0,delete,7.952650045445748,1536.0,12.0,7.952650045445748,0.0,0.0,0.0,0.0,0.0
4419.0,swap,7.405871907373391,1536.0,12.0,7.952650045445748,0.0,0.0,1.0,0.0,0.0
4420.0,change,7.871317116233396,1537.0,12.0,7.871317116233396,1.0,0.0,0.0,1.0,0.0
4421.0,add,7.4688980173901385,1537.0,12.0,7.871317116233396,1.0,0.0,0.0,1.0,1.0
4422.0,delete,7.952650045445749,1537.0,12.0,7.871317116233396,0.0,0.0,0.0,1.0,0.0
4423.0,swap,7.798196518714353,1537.0,12.0,7.871317116233396,0.0,0.0,1.0,1.0,0.0
4424.0,add,7.694925213422184,1538.0,11.0,7.652196249156903,1.0,0.0,1.0,0.0,0.0
4425.0,add,7.952650045445749,1539.0,12.0,7.952650045445748,0.0,0.0,0.0,1.0,0.0
4426.0,add,7.907164333585966,1540.0,12.0,7.952650045445748,0.0,1.0,0.0,0.0,1.0
4427.0,delete,7.952650045445748,1540.0,12.0,7.952650045445748,0.0,0.0,0.0,0.0,0.0
4428.0,swap,7.952650045445748,1540.0,12.0,7.952650045445748,0.0,0.0,0.0,1.0,0.0
4429.0,delete,7.952650045445749,1541.0,12.0,7.952650045445748,0.0,0.0,0.0,1.0,0.0
4430.0,add,7.789984187021045,1541.0,12.0,7.952650045445748,0.0,0.0,0.0,1.0,1.0
4431.0,delete,7.952650045445748,1541.0,12.0,7.952650045445748,0.0,0.0,0.0,0.0,0.0
4432.0,swap,7.880229087400625,1541.0,12.0,7.952650045445748,0.0,0.0,1.0,0.0,0.0
4433.0,add,7.952650045445748,1542.0,12.0,7.952650045445748,0.0,0.0,0.0,1.0,1.0
4434.0,add,7.794658548126215,1542.0,12.0,7.952650045445748,0.0,1.0,0.0,1.0,1.0
4435.0,delete,7.952650045445748,1542.0,12.0,7.952650045445748,0.0,0.0,0.0,1.0,0.0
4436.0,swap,7.794411784805297,1542.0,12.0,7.952650045445748,0.0,1.0,0.0,1.0,0.0
4437.0,add,7.871317116233396,1543.0,12.0,7.871317116233396,1.0,0.0,0.0,1.0,1.0
4438.0,add,7.871317116233396,1543.0,12.0,7.871317116233396,1.0,0.0,0.0,1.0,2.0
4439.0,delete,7.871317116233396,1543.0,12.0,7.871317116233396,1.0,0.0,0.0,0.0,1.0
4440.0,swap,7.871317116233396,1543.0,12.0,7.871317116233396,1.0,0.0,0.0,2.0,0.0
4441.0,swap,7.8085108747139405,1544.0,10.0,7.753390244260068,1.0,0.0,0.0,0.0,1.0
4442.0,add,7.769997662964942,1545.0,11.0,7.769997662964942,1.0,0.0,0.0,1.0,1.0
4443.0,add,7.769997662964942,1545.0,11.0,7.769997662964942,1.0,0.0,0.0,1.0,2.0
4444.0,delete,7.8085108747139405,1545.0,11.0,7.769997662964942,1.0,0.0,0.0,1.0,0.0
4445.0,swap,7.789984187020972,1545.0,11.0,7.769997662964942,0.0,0.0,0.0,1.0,2.0
4446.0,add,7.80550742105658,1546.0,11.0,7.8085108747139405,1.0,0.0,1.0,0.0,1.0
4447.0,delete,7.952650045445748,1546.0,11.0,7.8085108747139405,0.0,0.0,0.0,0.0,1.0
4448.0,swap,7.946401934221993,1546.0,11.0,7.8085108747139405,0.0,0.0,1.0,0.0,1.0
4449.0,add,7.952650045445748,1547.0,12.0,7.952650045445748,0.0,0.0,0.0,0.0,2.0
4450.0,delete,7.952650045445748,1547.0,12.0,7.952650045445748,0.0,0.0,0.0,0.0,0.0
4451.0,swap,7.952650045445749,1547.0,12.0,7.952650045445748,0.0,0.0,0.0,1.0,0.0
4452.0,swap,7.423257467990818,1548.0,10.0,7.853143762619617,1.0,0.0,1.0,0.0,0.0
4453.0,add,7.795050278006043,1549.0,11.0,7.795050278006043,2.0,0.0,0.0,1.0,1.0
4454.0,add,7.705635672834713,1549.0,11.0,7.795050278006043,2.0,1.0,0.0,1.0,1.0
4455.0,delete,7.80851087471394,1549.0,11.0,7.795050278006043,1.0,0.0,0.0,1.0,1.0
4456.0,swap,7.807772854265803,1549.0,11.0,7.795050278006043,1.0,0.0,1.0,1.0,1.0
4457.0,delete,7.807950720121131,1550.0,10.0,7.927665114422823,1.0,1.0,0.0,0.0,0.0
4458.0,add,7.871317116233396,1551.0,12.0,7.871317116233396,1.0,0.0,0.0,0.0,1.0
4459.0,delete,7.952650045445748,1551.0,12.0,7.871317116233396,0.0,0.0,0.0,0.0,0.0
4460.0,swap,7.952650045445748,1551.0,12.0,7.871317116233396,0.0,0.0,0.0,0.0,1.0
4461.0,add,7.952650045445748,1552.0,12.0,7.952650045445748,0.0,0.0,0.0,0.0,1.0
4462.0,add,7.952650045445748,1553.0,13.0,7.952650045445748,0.0,0.0,0.0,0.0,2.0
4463.0,delete,7.952650045445748,1553.0,13.0,7.952650045445748,0.0,0.0,0.0,0.0,0.0
4464.0,swap,7.886567933448655,1553.0,13.0,7.952650045445748,0.0,1.0,0.0,0.0,0.0
4465.0,change,7.871317116233394,1554.0,10.0,7.872580572520817,1.0,0.0,0.0,1.0,0.0
4466.0,delete,7.94997067116842,1555.0,12.0,7.949970671168419,0.0,0.0,1.0,1.0,0.0
4467.0,add,7.948078631806039,1555.0,12.0,7.949970671168419,0.0,1.0,1.0,1.0,0.0
4468.0,delete,7.952650045445748,1555.0,12.0,7.949970671168419,0.0,0.0,0.0,1.0,0.0
4469.0,swap,7.876504006352813,1555.0,12.0,7.949970671168419,0.0,0.0,1.0,0.0,1.0
4470.0,change,7.871317116233396,1556.0,11.0,7.871317116233394,1.0,0.0,0.0,1.0,0.0
4471.0,add,7.871317116233394,1556.0,11.0,7.871317116233394,1.0,1.0,0.0,1.0,0.0
4472.0,delete,7.952650045445747,1556.0,11.0,7.871317116233394,0.0,0.0,0.0,1.0,0.0
4473.0,swap,7.769274374319253,1556.0,11.0,7.871317116233394,1.0,0.0,1.0,0.0,0.0
4474.0,swap,7.913382514807667,1557.0,12.0,7.894566243163657,0.0,1.0,0.0,0.0,0.0
4475.0,add,7.638168599111427,1557.0,12.0,7.894566243163657,0.0,1.0,0.0,0.0,1.0
4476.0,delete,7.952650045445748,1557.0,12.0,7.894566243163657,0.0,0.0,0.0,0.0,0.0
4477.0,swap,7.778194631564676,1557.0,12.0,7.894566243163657,0.0,0.0,1.0,0.0,0.0
4478.0,add,7.952650045445749,1558.0,13.0,7.952650045445749,0.0,0.0,0.0,1.0,0.0
4479.0,add,7.952650045445749,1558.0,13.0,7.952650045445749,0.0,0.0,0.0,1.0,1.0
4480.0,delete,7.952650045445748,1558.0,13.0,7.952650045445749,0.0,0.0,0.0,0.0,0.0
4481.0,swap,7.952650045445748,1558.0,13.0,7.952650045445749,0.0,0.0,0.0,0.0,1.0
4482.0,add,7.952650045445748,1559.0,12.0,7.952650045445748,0.0,0.0,0.0,0.0,1.0
4483.0,add,7.952650045445748,1560.0,13.0,7.952650045445748,0.0,0.0,0.0,0.0,2.0
4484.0,delete,7.952650045445748,1560.0,13.0,7.952650045445748,0.0,0.0,0.0,0.0,0.0
4485.0,swap,7.885517283209076,1560.0,13.0,7.952650045445748,0.0,1.0,0.0,0.0,0.0
4486.0,add,7.947391794126316,1561.0,13.0,7.789984187020972,0.0,1.0,0.0,0.0,1.0
4487.0,delete,7.952650045445748,1561.0,13.0,7.789984187020972,0.0,0.0,0.0,0.0,0.0
4488.0,swap,7.940857181010513,1561.0,13.0,7.789984187020972,0.0,1.0,0.0,0.0,0.0
4489.0,add,7.789984187021045,1562.0,12.0,7.907720801900886,0.0,0.0,0.0,0.0,1.0
4490.0,swap,7.950731094625151,1563.0,12.0,7.946401934221993,0.0,0.0,1.0,0.0,1.0
4491.0,add,7.673272229857419,1563.0,12.0,7.946401934221993,0.0,1.0,1.0,0.0,1.0
4492.0,delete,7.946401934221993,1563.0,12.0,7.946401934221993,0.0,0.0,1.0,0.0,0.0
4493.0,swap,7.946401934221993,1563.0,12.0,7.946401934221993,0.0,0.0,1.0,1.0,0.0
4494.0,add,7.8085108747139405,1564.0,12.0,7.8085108747139405,1.0,0.0,0.0,0.0,2.0
4495.0,delete,7.952650045445748,1564.0,12.0,7.8085108747139405,0.0,0.0,0.0,0.0,1.0
4496.0,swap,7.67124067330953,1564.0,12.0,7.8085108747139405,0.0,0.0,1.0,0.0,1.0
4497.0,add,7.871317116233396,1565.0,10.0,7.86769916971532,1.0,0.0,0.0,1.0,1.0
4498.0,swap,7.726737273892195,1566.0,10.0,7.860084418836106,1.0,0.0,1.0,0.0,0.0
4499.0,swap,7.768262069874622,1567.0,10.0,7.827478637345827,1.0,2.0,0.0,0.0,0.0
4500.0,swap,7.808510874713938,1568.0,11.0,7.8085108747139405,1.0,0.0,0.0,2.0,0.0
4501.0,add,7.8085108747139405,1568.0,11.0,7.8085108747139405,1.0,0.0,0.0,3.0,0.0
4502.0,delete,7.952650045445748,1568.0,11.0,7.8085108747139405,0.0,0.0,0.0,2.0,0.0
4503.0,swap,7.808510874713941,1568.0,11.0,7.8085108747139405,1.0,0.0,0.0,2.0,0.0
4504.0,add,7.616849849377769,1569.0,11.0,7.795050278006042,2.0,0.0,0.0,0.0,1.0
4505.0,delete,7.871317116233396,1569.0,11.0,7.795050278006042,1.0,0.0,0.0,0.0,0.0
4506.0,swap,7.871317116233396,1569.0,11.0,7.795050278006042,1.0,0.0,0.0,1.0,0.0
4507.0,add,7.7987102195754145,1570.0,11.0,7.8085108747139405,1.0,0.0,1.0,0.0,0.0
4508.0,delete,7.952650045445748,1570.0,11.0,7.8085108747139405,0.0,0.0,0.0,0.0,0.0
4509.0,swap,7.842746826744042,1570.0,11.0,7.8085108747139405,0.0,1.0,0.0,0.0,0.0
4510.0,delete,7.8085108747139405,1571.0,11.0,7.952650045445749,1.0,0.0,0.0,0.0,0.0
4511.0,delete,7.8085108747139405,1572.0,11.0,7.8085108747139405,1.0,0.0,0.0,1.0,0.0
4512.0,add,7.481934951895835,1572.0,11.0,7.8085108747139405,1.0,0.0,1.0,1.0,0.0
4513.0,delete,7.952650045445748,1572.0,11.0,7.8085108747139405,0.0,0.0,0.0,1.0,0.0
4514.0,swap,7.7899841870210444,1572.0,11.0,7.8085108747139405,0.0,0.0,0.0,1.0,1.0
4515.0,add,7.871317116233394,1573.0,11.0,7.871317116233396,1.0,0.0,0.0,1.0,1.0
4516.0,add,7.871317116233396,1573.0,11.0,7.871317116233396,1.0,0.0,0.0,1.0,2.0
4517.0,delete,7.952650045445748,1573.0,11.0,7.871317116233396,0.0,0.0,0.0,1.0,1.0
4518.0,swap,7.719155654395731,1573.0,11.0,7.871317116233396,0.0,1.0,0.0,1.0,1.0
4519.0,add,7.616877177814413,1574.0,11.0,7.621198518813025,2.0,0.0,1.0,0.0,0.0
4520.0,add,7.621198518813025,1574.0,11.0,7.621198518813025,2.0,0.0,1.0,1.0,0.0
4521.0,delete,7.795050278006042,1574.0,11.0,7.621198518813025,2.0,0.0,0.0,0.0,0.0
4522.0,swap,7.770937510461805,1574.0,11.0,7.621198518813025,1.0,0.0,1.0,1.0,0.0
4523.0,add,7.795050278006041,1575.0,11.0,7.795050278006042,2.0,0.0,0.0,1.0,0.0
4524.0,delete,7.8085108747139405,1575.0,11.0,7.795050278006042,1.0,0.0,0.0,0.0,0.0
4525.0,swap,7.809991843189077,1575.0,11.0,7.795050278006042,1.0,0.0,1.0,0.0,0.0
4526.0,add,7.684988232233206,1576.0,11.0,7.795050278006042,2.0,0.0,0.0,0.0,2.0
4527.0,delete,7.795050278006042,1576.0,11.0,7.795050278006042,2.0,0.0,0.0,0.0,0.0
4528.0,swap,7.795050278006042,1576.0,11.0,7.795050278006042,2.0,0.0,0.0,0.0,1.0
4529.0,add,7.952650045445748,1577.0,13.0,7.952650045445748,0.0,0.0,0.0,0.0,1.0
4530.0,add,7.952650045445748,1578.0,13.0,7.952650045445748,0.0,0.0,0.0,0.0,1.0
4531.0,swap,7.952650045445749,1579.0,13.0,7.952650045445748,0.0,0.0,0.0,1.0,0.0
4532.0,add,7.78998418702097,1579.0,13.0,7.952650045445748,0.0,0.0,0.0,1.0,1.0
4533.0,delete,7.952650045445748,1579.0,13.0,7.952650045445748,0.0,0.0,0.0,0.0,0.0
4534.0,swap,7.952650045445748,1579.0,13.0,7.952650045445748,0.0,0.0,0.0,1.0,0.0
4535.0,swap,7.952387600899277,1580.0,13.0,7.952504576207096,0.0,0.0,1.0,1.0,0.0
4536.0,add,7.873052202159205,1580.0,13.0,7.952504576207096,0.0,0.0,1.0,1.0,1.0
4537.0,delete,7.952650045445747,1580.0,13.0,7.952504576207096,0.0,0.0,0.0,1.0,0.0
4538.0,swap,7.6688544643321395,1580.0,13.0,7.952504576207096,0.0,0.0,2.0,0.0,0.0
4539.0,add,7.824995034599561,1581.0,12.0,7.824995034599562,2.0,0.0,0.0,1.0,0.0
4540.0,add,7.639201935347001,1581.0,12.0,7.824995034599562,2.0,0.0,1.0,1.0,0.0
4541.0,delete,7.824995034599562,1581.0,12.0,7.824995034599562,2.0,0.0,0.0,0.0,0.0
4542.0,swap,7.9132373387606165,1581.0,12.0,7.824995034599562,1.0,0.0,0.0,1.0,1.0
4543.0,add,7.952650045445749,1582.0,16.0,7.952650045445749,0.0,0.0,0.0,1.0,1.0
4544.0,add,7.952650045445748,1582.0,16.0,7.952650045445749,0.0,0.0,0.0,2.0,1.0
4545.0,delete,7.952650045445749,1582.0,16.0,7.952650045445749,0.0,0.0,0.0,1.0,0.0
4546.0,swap,7.933108130274434,1582.0,16.0,7.952650045445749,0.0,0.0,1.0,1.0,0.0
4547.0,swap,7.830715517310254,1583.0,14.0,7.825026499769518,0.0,0.0,1.0,0.0,0.0
4548.0,add,7.825026499769518,1583.0,14.0,7.825026499769518,0.0,0.0,1.0,0.0,1.0
4549.0,delete,7.952650045445748,1583.0,14.0,7.825026499769518,0.0,0.0,0.0,0.0,0.0
4550.0,swap,7.952650045445747,1583.0,14.0,7.825026499769518,0.0,0.0,0.0,1.0,0.0
4551.0,add,7.872023079164581,1584.0,15.0,7.952650045445748,0.0,1.0,0.0,0.0,2.0
4552.0,delete,7.952650045445748,1584.0,15.0,7.952650045445748,0.0,0.0,0.0,0.0,1.0
4553.0,swap,7.823569544190811,1584.0,15.0,7.952650045445748,0.0,1.0,0.0,0.0,1.0
4554.0,add,7.952650045445748,1585.0,13.0,7.869989371190584,0.0,0.0,0.0,1.0,0.0
4555.0,add,7.713996803953255,1586.0,13.0,7.913237338760616,0.0,0.0,1.0,0.0,0.0
4556.0,swap,7.952650045445748,1587.0,13.0,7.888178514337686,0.0,0.0,0.0,1.0,0.0
4557.0,swap,7.952650045445749,1588.0,14.0,7.952650045445748,0.0,0.0,0.0,1.0,0.0
4558.0,add,7.789984187021045,1588.0,14.0,7.952650045445748,0.0,0.0,0.0,1.0,1.0
4559.0,delete,7.952650045445748,1588.0,14.0,7.952650045445748,0.0,0.0,0.0,0.0,0.0
4560.0,swap,7.952650045445749,1588.0,14.0,7.952650045445748,0.0,0.0,0.0,1.0,0.0
4561.0,add,7.952650045445748,1589.0,15.0,7.952650045445748,0.0,0.0,0.0,0.0,3.0
4562.0,delete,7.952650045445748,1589.0,15.0,7.952650045445748,0.0,0.0,0.0,0.0,1.0
4563.0,swap,7.952650045445749,1589.0,15.0,7.952650045445748,0.0,0.0,0.0,1.0,1.0
4564.0,add,7.952650045445748,1590.0,15.0,7.952650045445748,0.0,0.0,0.0,0.0,1.0
4565.0,add,7.952650045445748,1591.0,14.0,7.85954093423226,0.0,0.0,0.0,0.0,1.0
4566.0,add,7.789984187021045,1592.0,15.0,7.952650045445748,0.0,0.0,0.0,0.0,2.0
4567.0,delete,7.952650045445748,1592.0,15.0,7.952650045445748,0.0,0.0,0.0,0.0,0.0
4568.0,swap,7.943208507518265,1592.0,15.0,7.952650045445748,0.0,0.0,1.0,0.0,0.0
4569.0,add,7.952650045445747,1593.0,14.0,7.952650045445748,0.0,0.0,0.0,1.0,0.0
4570.0,add,7.952650045445748,1593.0,14.0,7.952650045445748,0.0,0.0,0.0,1.0,1.0
4571.0,delete,7.952650045445748,1593.0,14.0,7.952650045445748,0.0,0.0,0.0,0.0,0.0
4572.0,swap,7.952650045445748,1593.0,14.0,7.952650045445748,0.0,0.0,0.0,0.0,1.0
4573.0,add,7.782596100069295,1594.0,12.0,7.889437513683932,0.0,1.0,0.0,0.0,1.0
4574.0,add,7.102885487320779,1595.0,15.0,7.873824632075484,0.0,1.0,0.0,0.0,1.0
4575.0,delete,7.952650045445748,1595.0,15.0,7.873824632075484,0.0,0.0,0.0,0.0,0.0
4576.0,swap,7.680159280437092,1595.0,15.0,7.873824632075484,0.0,0.0,1.0,0.0,0.0
4577.0,add,7.952650045445748,1596.0,13.0,7.952650045445748,0.0,0.0,0.0,0.0,1.0
4578.0,add,7.873824632075483,1597.0,14.0,7.952650045445748,0.0,0.0,0.0,0.0,2.0
4579.0,delete,7.952650045445748,1597.0,14.0,7.952650045445748,0.0,0.0,0.0,0.0,0.0
4580.0,swap,7.850985543678334,1597.0,14.0,7.952650045445748,0.0,0.0,1.0,0.0,0.0
4581.0,add,7.952650045445747,1598.0,13.0,7.952650045445747,0.0,0.0,0.0,1.0,1.0
4582.0,add,7.952650045445747,1598.0,13.0,7.952650045445747,0.0,0.0,0.0,1.0,2.0
4583.0,delete,7.952650045445747,1598.0,13.0,7.952650045445747,0.0,0.0,0.0,1.0,0.0
4584.0,swap,7.952650045445747,1598.0,13.0,7.952650045445747,0.0,0.0,0.0,1.0,1.0
4585.0,swap,7.896679385376821,1599.0,13.0,7.901544220957831,0.0,1.0,0.0,0.0,0.0
4586.0,add,7.793426679913669,1599.0,13.0,7.901544220957831,0.0,2.0,0.0,0.0,0.0
4587.0,delete,7.952650045445748,1599.0,13.0,7.901544220957831,0.0,0.0,0.0,0.0,0.0
4588.0,swap,7.873824632075484,1599.0,13.0,7.901544220957831,0.0,0.0,0.0,0.0,1.0
4589.0,add,7.735676379084649,1600.0,13.0,7.952650045445748,0.0,0.0,1.0,0.0,0.0
4590.0,add,7.789984187020971,1601.0,14.0,7.952650045445748,0.0,0.0,0.0,0.0,2.0
4591.0,delete,7.952650045445748,1601.0,14.0,7.952650045445748,0.0,0.0,0.0,0.0,0.0
4592.0,swap,7.922573195226504,1601.0,14.0,7.952650045445748,0.0,1.0,0.0,0.0,0.0
4593.0,add,7.249610271636648,1602.0,12.0,7.913237338760615,1.0,0.0,0.0,0.0,1.0
4594.0,delete,7.952650045445748,1602.0,12.0,7.913237338760615,0.0,0.0,0.0,0.0,0.0
4595.0,swap,7.952650045445748,1602.0,12.0,7.913237338760615,0.0,0.0,0.0,0.0,1.0
4596.0,add,7.789984187021045,1603.0,13.0,7.789984187021045,0.0,0.0,0.0,1.0,1.0
4597.0,delete,7.952650045445748,1603.0,13.0,7.789984187021045,0.0,0.0,0.0,0.0,0.0
4598.0,swap,7.952650045445748,1603.0,13.0,7.789984187021045,0.0,0.0,0.0,1.0,0.0
4599.0,add,7.397047193188105,1604.0,14.0,7.952650045445748,0.0,0.0,1.0,0.0,0.0
4600.0,swap,7.952650045445749,1605.0,13.0,7.952650045445747,0.0,0.0,0.0,1.0,0.0
4601.0,add,7.943847549549199,1605.0,13.0,7.952650045445747,0.0,0.0,1.0,1.0,0.0
4602.0,delete,7.952650045445748,1605.0,13.0,7.952650045445747,0.0,0.0,0.0,0.0,0.0
4603.0,swap,7.952650045445748,1605.0,13.0,7.952650045445747,0.0,0.0,0.0,0.0,1.0
4604.0,swap,7.92530507716598,1606.0,13.0,7.91142212879155,0.0,0.0,1.0,0.0,0.0
4605.0,add,7.287575248467102,1606.0,13.0,7.91142212879155,0.0,0.0,1.0,0.0,1.0
4606.0,delete,7.952650045445748,1606.0,13.0,7.91142212879155,0.0,0.0,0.0,0.0,0.0
4607.0,swap,7.952650045445748,1606.0,13.0,7.91142212879155,0.0,0.0,0.0,1.0,0.0
4608.0,delete,7.902765057579781,1607.0,12.0,7.873192527277466,0.0,0.0,1.0,0.0,0.0
4609.0,add,7.5823033989078255,1607.0,12.0,7.873192527277466,0.0,0.0,1.0,0.0,1.0
4610.0,delete,7.952650045445748,1607.0,12.0,7.873192527277466,0.0,0.0,0.0,0.0,0.0
4611.0,swap,7.952650045445748,1607.0,12.0,7.873192527277466,0.0,0.0,0.0,1.0,0.0
4612.0,add,7.817014848079017,1608.0,13.0,7.952650045445748,0.0,0.0,1.0,0.0,0.0
4613.0,add,7.952650045445747,1609.0,15.0,7.952650045445748,0.0,0.0,0.0,1.0,1.0
4614.0,add,7.9429249370843396,1609.0,15.0,7.952650045445748,0.0,0.0,1.0,1.0,1.0
4615.0,delete,7.952650045445748,1609.0,15.0,7.952650045445748,0.0,0.0,0.0,0.0,1.0
4616.0,swap,7.948554956963773,1609.0,15.0,7.952650045445748,0.0,1.0,0.0,1.0,0.0
4617.0,swap,7.952650045445748,1610.0,12.0,7.851316366256711,0.0,0.0,0.0,0.0,1.0
4618.0,add,7.952650045445748,1611.0,14.0,7.952650045445748,0.0,0.0,0.0,0.0,1.0
4619.0,add,7.702807507586402,1612.0,13.0,7.952650045445748,0.0,0.0,1.0,0.0,1.0
4620.0,delete,7.952650045445748,1612.0,13.0,7.952650045445748,0.0,0.0,0.0,0.0,0.0
4621.0,swap,7.952650045445747,1612.0,13.0,7.952650045445748,0.0,0.0,0.0,1.0,0.0
4622.0,change,7.945301328676556,1613.0,12.0,7.9438872628646635,0.0,1.0,0.0,0.0,0.0
4623.0,swap,7.952650045445749,1614.0,12.0,7.905817733409334,0.0,0.0,0.0,1.0,0.0
4624.0,swap,7.952650045445748,1615.0,13.0,7.952650045445749,0.0,0.0,0.0,1.0,0.0
4625.0,add,7.80491939611941,1615.0,13.0,7.952650045445749,0.0,0.0,1.0,1.0,0.0
4626.0,delete,7.952650045445748,1615.0,13.0,7.952650045445749,0.0,0.0,0.0,0.0,0.0
4627.0,swap,7.92496354670466,1615.0,13.0,7.952650045445749,0.0,1.0,0.0,0.0,0.0
4628.0,add,7.658791536652728,1616.0,12.0,7.694925213422184,1.0,0.0,1.0,0.0,0.0
4629.0,add,7.3052017701950955,1616.0,12.0,7.694925213422184,1.0,0.0,1.0,0.0,1.0
4630.0,delete,7.871317116233396,1616.0,12.0,7.694925213422184,1.0,0.0,0.0,0.0,0.0
4631.0,swap,7.8550269661438925,1616.0,12.0,7.694925213422184,0.0,0.0,1.0,1.0,0.0
4632.0,add,7.946417918585018,1617.0,14.0,7.952650045445748,0.0,0.0,1.0,0.0,2.0
4633.0,delete,7.873824632075484,1617.0,14.0,7.952650045445748,0.0,0.0,0.0,0.0,1.0
4634.0,swap,7.873824632075483,1617.0,14.0,7.952650045445748,0.0,0.0,0.0,1.0,1.0
4635.0,add,7.6299690609957525,1618.0,11.0,7.8424202806758,1.0,0.0,0.0,0.0,1.0
4636.0,swap,7.951005830188522,1619.0,13.0,7.952604818675121,0.0,0.0,1.0,0.0,0.0
4637.0,add,7.915092548120575,1619.0,13.0,7.952604818675121,0.0,1.0,1.0,0.0,0.0
4638.0,delete,7.952650045445748,1619.0,13.0,7.952604818675121,0.0,0.0,0.0,0.0,0.0
4639.0,swap,7.952650045445748,1619.0,13.0,7.952604818675121,0.0,0.0,0.0,0.0,1.0
4640.0,add,7.952650045445748,1620.0,12.0,7.9353226718611545,0.0,0.0,0.0,0.0,2.0
4641.0,swap,7.759614008528477,1621.0,11.0,7.905746562767824,0.0,1.0,0.0,0.0,0.0
4642.0,swap,7.791266728045445,1622.0,12.0,7.759614008528477,0.0,1.0,0.0,0.0,0.0
4643.0,add,7.719282287208378,1622.0,12.0,7.759614008528477,0.0,2.0,0.0,0.0,0.0
4644.0,delete,7.952650045445748,1622.0,12.0,7.759614008528477,0.0,0.0,0.0,0.0,0.0
4645.0,swap,7.952650045445747,1622.0,12.0,7.759614008528477,0.0,0.0,0.0,1.0,0.0
4646.0,add,7.68336089571713,1623.0,10.0,7.8180497173428,2.0,0.0,0.0,0.0,1.0
4647.0,swap,7.952650045445748,1624.0,12.0,7.918775025828722,0.0,0.0,0.0,0.0,2.0
4648.0,delete,7.952650045445748,1625.0,12.0,7.89742289795873,0.0,0.0,0.0,0.0,1.0
4649.0,add,7.873824632075483,1626.0,13.0,7.952650045445748,0.0,0.0,0.0,0.0,3.0
4650.0,delete,7.952650045445748,1626.0,13.0,7.952650045445748,0.0,0.0,0.0,0.0,1.0
4651.0,swap,7.95225527600044,1626.0,13.0,7.952650045445748,0.0,1.0,0.0,0.0,1.0
4652.0,delete,7.952650045445748,1627.0,12.0,7.892277227496987,0.0,0.0,0.0,0.0,1.0
4653.0,add,7.758585902025219,1628.0,13.0,7.952650045445748,0.0,1.0,0.0,0.0,1.0
4654.0,delete,7.952650045445748,1628.0,13.0,7.952650045445748,0.0,0.0,0.0,0.0,0.0
4655.0,swap,7.952650045445748,1628.0,13.0,7.952650045445748,0.0,0.0,0.0,0.0,1.0
4656.0,add,7.952650045445748,1629.0,13.0,7.929546013793484,0.0,0.0,0.0,0.0,2.0
4657.0,add,7.621525118096833,1630.0,15.0,7.789984187020971,0.0,1.0,0.0,0.0,1.0
4658.0,delete,7.952650045445748,1630.0,15.0,7.789984187020971,0.0,0.0,0.0,0.0,0.0
4659.0,swap,7.952650045445749,1630.0,15.0,7.789984187020971,0.0,0.0,0.0,1.0,0.0
4660.0,swap,7.85629970994359,1631.0,12.0,7.873192527277466,0.0,0.0,1.0,0.0,1.0
4661.0,add,7.676545599071062,1631.0,12.0,7.873192527277466,0.0,0.0,1.0,0.0,2.0
4662.0,delete,7.952650045445748,1631.0,12.0,7.873192527277466,0.0,0.0,0.0,0.0,1.0
4663.0,swap,7.951998971995074,1631.0,12.0,7.873192527277466,0.0,1.0,0.0,0.0,1.0
4664.0,add,7.952650045445748,1632.0,13.0,7.952650045445748,0.0,0.0,0.0,0.0,3.0
4665.0,delete,7.952650045445748,1632.0,13.0,7.952650045445748,0.0,0.0,0.0,0.0,1.0
4666.0,swap,7.905322568073599,1632.0,13.0,7.952650045445748,0.0,0.0,1.0,0.0,1.0
4667.0,add,7.884242096332259,1633.0,14.0,7.8813929302932,0.0,0.0,1.0,0.0,0.0
4668.0,add,7.881180995804134,1633.0,14.0,7.8813929302932,0.0,0.0,2.0,0.0,0.0
4669.0,delete,7.952650045445748,1633.0,14.0,7.8813929302932,0.0,0.0,0.0,0.0,0.0
4670.0,swap,7.919387767831848,1633.0,14.0,7.8813929302932,0.0,0.0,1.0,0.0,0.0
4671.0,add,7.952650045445749,1634.0,14.0,7.952650045445748,0.0,0.0,0.0,1.0,0.0
4672.0,add,7.931668950864713,1635.0,14.0,7.938799986748398,0.0,1.0,0.0,0.0,1.0
4673.0,add,7.698841029662579,1635.0,14.0,7.938799986748398,0.0,2.0,0.0,0.0,1.0
4674.0,delete,7.938799986748398,1635.0,14.0,7.938799986748398,0.0,1.0,0.0,0.0,0.0
4675.0,swap,7.952650045445748,1635.0,14.0,7.938799986748398,0.0,0.0,0.0,0.0,2.0
4676.0,add,7.748890704542702,1636.0,12.0,7.702190584649994,1.0,1.0,0.0,0.0,0.0
4677.0,add,7.702190584649994,1636.0,12.0,7.702190584649994,1.0,1.0,0.0,0.0,1.0
4678.0,delete,7.913237338760615,1636.0,12.0,7.702190584649994,1.0,0.0,0.0,0.0,0.0
4679.0,swap,7.885756399285507,1636.0,12.0,7.702190584649994,0.0,1.0,0.0,0.0,1.0
4680.0,swap,7.90789015122405,1637.0,11.0,7.862137370746588,1.0,0.0,1.0,0.0,0.0
4681.0,add,7.778286950356564,1638.0,12.0,7.774869063174263,1.0,0.0,1.0,0.0,1.0
4682.0,add,7.774869063174263,1638.0,12.0,7.774869063174263,1.0,0.0,1.0,0.0,2.0
4683.0,delete,7.774869063174263,1638.0,12.0,7.774869063174263,1.0,0.0,1.0,0.0,0.0
4684.0,swap,7.826611181195264,1638.0,12.0,7.774869063174263,1.0,0.0,1.0,0.0,1.0
4685.0,add,7.899289724874618,1639.0,13.0,7.952650045445748,0.0,1.0,0.0,0.0,0.0
4686.0,add,7.769997662964941,1640.0,11.0,7.846399215609707,1.0,0.0,0.0,0.0,1.0
4687.0,add,7.7899841870209725,1641.0,12.0,7.933134517414085,0.0,0.0,0.0,1.0,1.0
4688.0,swap,7.952650045445749,1642.0,13.0,7.952650045445747,0.0,0.0,0.0,1.0,0.0
4689.0,add,7.952650045445747,1642.0,13.0,7.952650045445747,0.0,0.0,0.0,1.0,1.0
4690.0,delete,7.952650045445748,1642.0,13.0,7.952650045445747,0.0,0.0,0.0,0.0,0.0
4691.0,swap,7.952650045445748,1642.0,13.0,7.952650045445747,0.0,0.0,0.0,0.0,1.0
4692.0,add,7.904618533059656,1643.0,14.0,7.899289724874618,0.0,1.0,0.0,0.0,0.0
4693.0,add,7.90047183658569,1643.0,14.0,7.899289724874618,0.0,1.0,1.0,0.0,0.0
4694.0,delete,7.952650045445748,1643.0,14.0,7.899289724874618,0.0,0.0,0.0,0.0,0.0
4695.0,swap,7.912050630354472,1643.0,14.0,7.899289724874618,0.0,0.0,1.0,0.0,0.0
4696.0,add,7.644820476508862,1644.0,12.0,7.609272802160364,1.0,1.0,0.0,0.0,1.0
4697.0,delete,7.913237338760615,1644.0,12.0,7.609272802160364,1.0,0.0,0.0,0.0,0.0
4698.0,swap,7.789978274806353,1644.0,12.0,7.609272802160364,0.0,1.0,0.0,0.0,1.0
4699.0,add,7.866604217294235,1645.0,13.0,7.952650045445748,0.0,1.0,0.0,0.0,0.0
4700.0,add,7.399183588563136,1646.0,11.0,7.68336089571713,2.0,0.0,0.0,0.0,2.0
4701.0,delete,7.6299690609957525,1646.0,11.0,7.68336089571713,1.0,0.0,0.0,0.0,1.0
4702.0,swap,7.713583699035789,1646.0,11.0,7.68336089571713,1.0,0.0,1.0,0.0,1.0
4703.0,delete,7.795050278006041,1647.0,11.0,7.795050278006042,2.0,0.0,0.0,1.0,0.0
4704.0,add,7.44993737315261,1647.0,11.0,7.795050278006042,2.0,0.0,0.0,1.0,1.0
4705.0,delete,7.871317116233394,1647.0,11.0,7.795050278006042,1.0,0.0,0.0,1.0,0.0
4706.0,swap,7.793029682882999,1647.0,11.0,7.795050278006042,2.0,1.0,0.0,0.0,0.0
4707.0,change,7.913237338760618,1648.0,10.0,7.840655795422681,1.0,0.0,0.0,2.0,0.0
4708.0,change,7.913237338760612,1649.0,11.0,7.913237338760618,1.0,0.0,0.0,2.0,0.0
4709.0,add,7.913237338760618,1649.0,11.0,7.913237338760618,1.0,0.0,0.0,2.0,1.0
4710.0,delete,7.913237338760616,1649.0,11.0,7.913237338760618,1.0,0.0,0.0,1.0,0.0
4711.0,swap,7.952650045445749,1649.0,11.0,7.913237338760618,0.0,0.0,0.0,2.0,1.0
4712.0,delete,7.952650045445748,1650.0,12.0,7.952650045445748,0.0,0.0,0.0,1.0,0.0
4713.0,add,7.952650045445748,1650.0,12.0,7.952650045445748,0.0,0.0,0.0,1.0,1.0
4714.0,delete,7.952650045445748,1650.0,12.0,7.952650045445748,0.0,0.0,0.0,0.0,0.0
4715.0,swap,7.952650045445748,1650.0,12.0,7.952650045445748,0.0,0.0,0.0,0.0,1.0
4716.0,swap,7.95265004544575,1651.0,12.0,7.952650045445749,0.0,0.0,0.0,2.0,1.0
4717.0,add,7.952650045445749,1651.0,12.0,7.952650045445749,0.0,0.0,0.0,2.0,2.0
4718.0,delete,7.952650045445749,1651.0,12.0,7.952650045445749,0.0,0.0,0.0,2.0,0.0
4719.0,swap,7.952650045445746,1651.0,12.0,7.952650045445749,0.0,0.0,0.0,2.0,1.0
4720.0,add,7.913237338760615,1652.0,12.0,7.913237338760618,1.0,0.0,0.0,2.0,1.0
4721.0,add,7.913237338760618,1652.0,12.0,7.913237338760618,1.0,0.0,0.0,2.0,2.0
4722.0,delete,7.913237338760618,1652.0,12.0,7.913237338760618,1.0,0.0,0.0,2.0,0.0
4723.0,swap,7.913237338760615,1652.0,12.0,7.913237338760618,1.0,0.0,0.0,2.0,1.0
4724.0,delete,7.952650045445746,1653.0,12.0,7.952650045445748,0.0,0.0,0.0,2.0,0.0
4725.0,add,7.952339237013443,1653.0,12.0,7.952650045445748,0.0,1.0,0.0,2.0,0.0
4726.0,delete,7.952650045445747,1653.0,12.0,7.952650045445748,0.0,0.0,0.0,1.0,0.0
4727.0,swap,7.878631147669073,1653.0,12.0,7.952650045445748,0.0,0.0,1.0,1.0,0.0
4728.0,add,7.9132373387606165,1654.0,12.0,7.913237338760616,1.0,0.0,0.0,3.0,0.0
4729.0,add,7.913237338760616,1654.0,12.0,7.913237338760616,1.0,0.0,0.0,3.0,1.0
4730.0,delete,7.952650045445749,1654.0,12.0,7.913237338760616,0.0,0.0,0.0,3.0,0.0
4731.0,swap,7.609272802160504,1654.0,12.0,7.913237338760616,1.0,0.0,0.0,2.0,1.0
4732.0,swap,7.921991897503004,1655.0,12.0,7.921991897503004,0.0,0.0,1.0,1.0,0.0
4733.0,add,7.904482780018229,1655.0,12.0,7.921991897503004,0.0,0.0,1.0,1.0,1.0
4734.0,delete,7.921991897503003,1655.0,12.0,7.921991897503004,0.0,0.0,1.0,0.0,0.0
4735.0,swap,7.754819534078293,1655.0,12.0,7.921991897503004,0.0,0.0,2.0,0.0,0.0
4736.0,delete,7.913237338760614,1656.0,12.0,7.913237338760616,1.0,0.0,0.0,1.0,0.0
4737.0,add,7.913237338760616,1656.0,12.0,7.913237338760616,1.0,0.0,0.0,1.0,1.0
4738.0,delete,7.913237338760615,1656.0,12.0,7.913237338760616,1.0,0.0,0.0,0.0,0.0
4739.0,swap,7.913237338760615,1656.0,12.0,7.913237338760616,1.0,0.0,0.0,0.0,1.0
4740.0,change,7.913237338760613,1657.0,12.0,7.913237338760612,1.0,0.0,0.0,2.0,0.0
4741.0,add,7.8981317244548235,1657.0,12.0,7.913237338760612,1.0,0.0,1.0,2.0,0.0
4742.0,delete,7.913237338760613,1657.0,12.0,7.913237338760612,1.0,0.0,0.0,1.0,0.0
4743.0,swap,7.940873045822163,1657.0,12.0,7.913237338760612,0.0,0.0,1.0,2.0,0.0
4744.0,swap,7.888279161073482,1658.0,12.0,7.883879946828626,0.0,1.0,0.0,1.0,0.0
4745.0,add,7.508660958918709,1658.0,12.0,7.883879946828626,0.0,1.0,0.0,1.0,1.0
4746.0,delete,7.8838799468286265,1658.0,12.0,7.883879946828626,0.0,1.0,0.0,0.0,0.0
4747.0,swap,7.952650045445749,1658.0,12.0,7.883879946828626,0.0,0.0,0.0,2.0,0.0
4748.0,swap,7.913237338760615,1659.0,12.0,7.913237338760613,1.0,0.0,0.0,2.0,0.0
4749.0,add,7.913237338760613,1659.0,12.0,7.913237338760613,1.0,0.0,0.0,3.0,0.0
4750.0,delete,7.913237338760615,1659.0,12.0,7.913237338760613,1.0,0.0,0.0,1.0,0.0
4751.0,swap,7.913237338760613,1659.0,12.0,7.913237338760613,1.0,0.0,0.0,2.0,0.0
4752.0,add,7.913237338760615,1660.0,12.0,7.913237338760614,1.0,0.0,0.0,3.0,1.0
4753.0,add,7.711301990208103,1660.0,12.0,7.913237338760614,1.0,0.0,0.0,3.0,2.0
4754.0,delete,7.913237338760616,1660.0,12.0,7.913237338760614,1.0,0.0,0.0,2.0,1.0
4755.0,swap,7.913237338760615,1660.0,12.0,7.913237338760614,1.0,0.0,0.0,3.0,1.0
4756.0,add,7.771603199878181,1661.0,11.0,7.771603199878181,2.0,0.0,0.0,1.0,0.0
4757.0,delete,7.871317116233396,1661.0,11.0,7.771603199878181,1.0,0.0,0.0,0.0,0.0
4758.0,swap,7.871317116233396,1661.0,11.0,7.771603199878181,1.0,0.0,0.0,1.0,0.0
4759.0,delete,7.785012053082145,1662.0,10.0,7.821460158055788,1.0,0.0,1.0,0.0,0.0
4760.0,delete,7.7826285100118735,1663.0,11.0,7.785012053082145,1.0,0.0,1.0,0.0,0.0
4761.0,add,7.785012053082146,1663.0,11.0,7.785012053082145,1.0,0.0,1.0,1.0,0.0
4762.0,delete,7.913237338760615,1663.0,11.0,7.785012053082145,1.0,0.0,0.0,0.0,0.0
4763.0,swap,7.913237338760615,1663.0,11.0,7.785012053082145,1.0,0.0,0.0,0.0,1.0
4764.0,add,7.871317116233395,1664.0,12.0,7.871317116233396,1.0,0.0,0.0,1.0,0.0
4765.0,delete,7.952650045445748,1664.0,12.0,7.871317116233396,0.0,0.0,0.0,0.0,0.0
4766.0,swap,7.952650045445748,1664.0,12.0,7.871317116233396,0.0,0.0,0.0,0.0,1.0
4767.0,delete,7.743771614082887,1665.0,10.0,7.853465427753787,1.0,0.0,1.0,0.0,0.0
4768.0,swap,7.871317116233396,1666.0,12.0,7.871317116233396,1.0,0.0,0.0,1.0,0.0
4769.0,add,7.871317116233397,1666.0,12.0,7.871317116233396,1.0,0.0,0.0,2.0,0.0
4770.0,delete,7.871317116233396,1666.0,12.0,7.871317116233396,1.0,0.0,0.0,0.0,0.0
4771.0,swap,7.871317116233395,1666.0,12.0,7.871317116233396,1.0,0.0,0.0,1.0,0.0
4772.0,add,7.913237338760615,1667.0,12.0,7.913237338760615,1.0,0.0,0.0,0.0,1.0
4773.0,delete,7.952650045445748,1667.0,12.0,7.913237338760615,0.0,0.0,0.0,0.0,0.0
4774.0,swap,7.952650045445748,1667.0,12.0,7.913237338760615,0.0,0.0,0.0,0.0,1.0
4775.0,add,7.331354393529126,1668.0,12.0,7.913237338760615,1.0,0.0,1.0,0.0,1.0
4776.0,delete,7.952650045445748,1668.0,12.0,7.913237338760615,0.0,0.0,0.0,0.0,1.0
4777.0,swap,7.910145116475354,1668.0,12.0,7.913237338760615,1.0,1.0,0.0,0.0,0.0
4778.0,swap,7.771603199878184,1669.0,9.0,7.852039187350356,2.0,0.0,0.0,1.0,0.0
4779.0,swap,7.771603199878181,1670.0,10.0,7.771603199878184,2.0,0.0,0.0,1.0,0.0
4780.0,add,7.713289874257802,1670.0,10.0,7.771603199878184,2.0,0.0,0.0,1.0,1.0
4781.0,delete,7.771603199878181,1670.0,10.0,7.771603199878184,2.0,0.0,0.0,0.0,0.0
4782.0,swap,7.913237338760613,1670.0,10.0,7.771603199878184,1.0,0.0,0.0,2.0,0.0
4783.0,swap,7.913237338760615,1671.0,12.0,7.913237338760615,1.0,0.0,0.0,1.0,1.0
4784.0,add,7.609272802160504,1671.0,12.0,7.913237338760615,1.0,0.0,0.0,1.0,2.0
4785.0,delete,7.913237338760615,1671.0,12.0,7.913237338760615,1.0,0.0,0.0,0.0,1.0
4786.0,swap,7.913237338760615,1671.0,12.0,7.913237338760615,1.0,0.0,0.0,0.0,2.0
4787.0,swap,7.913237338760616,1672.0,11.0,7.913237338760613,1.0,0.0,0.0,2.0,0.0
4788.0,add,7.609272802160501,1672.0,11.0,7.913237338760613,1.0,0.0,0.0,2.0,1.0
4789.0,delete,7.913237338760616,1672.0,11.0,7.913237338760613,1.0,0.0,0.0,1.0,0.0
4790.0,swap,7.944078514889351,1672.0,11.0,7.913237338760613,1.0,0.0,1.0,1.0,0.0
4791.0,swap,7.871317116233396,1673.0,12.0,7.871317116233395,1.0,0.0,0.0,1.0,0.0
4792.0,add,7.733575360973995,1673.0,12.0,7.871317116233395,1.0,0.0,1.0,1.0,0.0
4793.0,delete,7.952650045445747,1673.0,12.0,7.871317116233395,0.0,0.0,0.0,1.0,0.0
4794.0,swap,7.952650045445747,1673.0,12.0,7.871317116233395,0.0,0.0,0.0,1.0,1.0
4795.0,change,7.913237338760614,1674.0,12.0,7.913237338760616,1.0,0.0,0.0,1.0,0.0
4796.0,add,7.609272802160503,1674.0,12.0,7.913237338760616,1.0,0.0,0.0,1.0,1.0
4797.0,delete,7.913237338760615,1674.0,12.0,7.913237338760616,1.0,0.0,0.0,0.0,0.0
4798.0,swap,7.952650045445749,1674.0,12.0,7.913237338760616,0.0,0.0,0.0,2.0,0.0
4799.0,swap,7.678977925840876,1675.0,10.0,7.858612666666339,2.0,0.0,1.0,0.0,0.0
4800.0,add,7.952650045445748,1676.0,13.0,7.952650045445749,0.0,0.0,0.0,1.0,1.0
4801.0,add,7.952650045445749,1676.0,13.0,7.952650045445749,0.0,0.0,0.0,1.0,2.0
4802.0,delete,7.952650045445749,1676.0,13.0,7.952650045445749,0.0,0.0,0.0,1.0,0.0
4803.0,swap,7.743449393968573,1676.0,13.0,7.952650045445749,0.0,1.0,0.0,0.0,1.0
4804.0,add,7.952650045445748,1677.0,13.0,7.952650045445747,0.0,0.0,0.0,1.0,1.0
4805.0,add,7.952650045445747,1677.0,13.0,7.952650045445747,0.0,0.0,0.0,2.0,1.0
4806.0,delete,7.952650045445748,1677.0,13.0,7.952650045445747,0.0,0.0,0.0,0.0,1.0
4807.0,swap,7.933074207524412,1677.0,13.0,7.952650045445747,0.0,1.0,0.0,1.0,0.0
4808.0,swap,7.952650045445748,1678.0,10.0,7.869254233914125,0.0,0.0,0.0,1.0,1.0
4809.0,swap,7.952650045445747,1679.0,11.0,7.952650045445748,0.0,0.0,0.0,1.0,1.0
4810.0,add,7.952650045445748,1679.0,11.0,7.952650045445748,0.0,0.0,0.0,1.0,2.0
4811.0,delete,7.952650045445748,1679.0,11.0,7.952650045445748,0.0,0.0,0.0,0.0,1.0
4812.0,swap,7.952650045445747,1679.0,11.0,7.952650045445748,0.0,0.0,0.0,1.0,1.0
4813.0,add,7.952650045445748,1680.0,12.0,7.952650045445748,0.0,0.0,0.0,1.0,2.0
4814.0,add,7.7899841870210444,1680.0,12.0,7.952650045445748,0.0,0.0,0.0,1.0,3.0
4815.0,delete,7.952650045445748,1680.0,12.0,7.952650045445748,0.0,0.0,0.0,0.0,2.0
4816.0,swap,7.952650045445748,1680.0,12.0,7.952650045445748,0.0,0.0,0.0,0.0,3.0
4817.0,add,7.944401646914586,1681.0,12.0,7.952650045445748,0.0,1.0,0.0,0.0,1.0
4818.0,delete,7.952650045445748,1681.0,12.0,7.952650045445748,0.0,0.0,0.0,0.0,0.0
4819.0,swap,7.664371800543919,1681.0,12.0,7.952650045445748,0.0,1.0,0.0,0.0,0.0
4820.0,add,7.952650045445748,1682.0,12.0,7.9210602500712755,0.0,0.0,0.0,0.0,1.0
4821.0,add,7.952650045445748,1683.0,13.0,7.952650045445748,0.0,0.0,0.0,0.0,2.0
4822.0,delete,7.952650045445748,1683.0,13.0,7.952650045445748,0.0,0.0,0.0,0.0,0.0
4823.0,swap,7.952650045445748,1683.0,13.0,7.952650045445748,0.0,0.0,0.0,0.0,1.0
4824.0,add,7.789984187021045,1684.0,14.0,7.952650045445748,0.0,0.0,0.0,0.0,3.0
4825.0,delete,7.952650045445748,1684.0,14.0,7.952650045445748,0.0,0.0,0.0,0.0,1.0
4826.0,swap,7.907207324965643,1684.0,14.0,7.952650045445748,0.0,0.0,1.0,0.0,1.0
4827.0,swap,7.497865272842707,1685.0,11.0,7.916459918032024,0.0,0.0,1.0,0.0,0.0
4828.0,add,7.671889283522972,1686.0,12.0,7.871317116233396,1.0,0.0,0.0,0.0,1.0
4829.0,delete,7.952650045445748,1686.0,12.0,7.871317116233396,0.0,0.0,0.0,0.0,0.0
4830.0,swap,7.952650045445749,1686.0,12.0,7.871317116233396,0.0,0.0,0.0,1.0,0.0
4831.0,swap,7.952650045445747,1687.0,12.0,7.952650045445747,0.0,0.0,0.0,1.0,1.0
4832.0,add,7.952650045445747,1687.0,12.0,7.952650045445747,0.0,0.0,0.0,1.0,2.0
4833.0,delete,7.952650045445747,1687.0,12.0,7.952650045445747,0.0,0.0,0.0,1.0,0.0
4834.0,swap,7.791296671733335,1687.0,12.0,7.952650045445747,0.0,0.0,1.0,0.0,1.0
4835.0,change,7.871317116233396,1688.0,10.0,7.86598171387516,1.0,0.0,0.0,1.0,0.0
4836.0,add,7.952650045445748,1689.0,11.0,7.944219577852073,0.0,0.0,0.0,1.0,1.0
4837.0,change,7.952650045445748,1690.0,11.0,7.942313641406014,0.0,0.0,0.0,1.0,0.0
4838.0,add,7.800555878041499,1691.0,14.0,7.817014848079017,0.0,0.0,1.0,0.0,0.0
4839.0,add,7.462500570079937,1691.0,14.0,7.817014848079017,0.0,0.0,1.0,0.0,1.0
4840.0,delete,7.952650045445748,1691.0,14.0,7.817014848079017,0.0,0.0,0.0,0.0,0.0
4841.0,swap,7.899895267135291,1691.0,14.0,7.817014848079017,0.0,0.0,1.0,0.0,0.0
4842.0,change,7.871317116233395,1692.0,11.0,7.871317116233396,1.0,0.0,0.0,1.0,0.0
4843.0,add,7.568964040929346,1692.0,11.0,7.871317116233396,1.0,0.0,0.0,1.0,1.0
4844.0,delete,7.952650045445749,1692.0,11.0,7.871317116233396,0.0,0.0,0.0,1.0,0.0
4845.0,swap,7.917736322300374,1692.0,11.0,7.871317116233396,0.0,0.0,1.0,1.0,0.0
4846.0,add,7.771603199878181,1693.0,11.0,7.771603199878181,2.0,0.0,0.0,0.0,1.0
4847.0,delete,7.913237338760615,1693.0,11.0,7.771603199878181,1.0,0.0,0.0,0.0,0.0
4848.0,swap,7.913237338760614,1693.0,11.0,7.771603199878181,1.0,0.0,0.0,1.0,0.0
4849.0,delete,7.871317116233396,1694.0,11.0,7.916740119968537,1.0,0.0,0.0,0.0,1.0
4850.0,delete,7.871317116233396,1695.0,10.0,7.842420269319398,1.0,0.0,0.0,1.0,0.0
4851.0,add,7.1810913065265325,1696.0,12.0,7.871317116233396,1.0,0.0,0.0,0.0,2.0
4852.0,delete,7.871317116233396,1696.0,12.0,7.871317116233396,1.0,0.0,0.0,0.0,0.0
4853.0,swap,7.871317116233396,1696.0,12.0,7.871317116233396,1.0,0.0,0.0,0.0,1.0
4854.0,swap,7.771603199878182,1697.0,11.0,7.771603199878181,2.0,0.0,0.0,1.0,0.0
4855.0,add,7.771603199878181,1697.0,11.0,7.771603199878181,2.0,0.0,0.0,1.0,1.0
4856.0,delete,7.913237338760613,1697.0,11.0,7.771603199878181,1.0,0.0,0.0,1.0,0.0
4857.0,swap,7.771603199878182,1697.0,11.0,7.771603199878181,2.0,0.0,0.0,1.0,0.0
4858.0,swap,7.952650045445748,1698.0,10.0,7.899940539502432,0.0,0.0,0.0,1.0,1.0
4859.0,swap,7.952650045445749,1699.0,11.0,7.952650045445748,0.0,0.0,0.0,1.0,1.0
4860.0,add,7.951170909515119,1699.0,11.0,7.952650045445748,0.0,1.0,0.0,1.0,1.0
4861.0,delete,7.952650045445748,1699.0,11.0,7.952650045445748,0.0,0.0,0.0,1.0,0.0
4862.0,swap,7.952650045445748,1699.0,11.0,7.952650045445748,0.0,0.0,0.0,1.0,1.0
4863.0,swap,7.952650045445748,1700.0,12.0,7.952650045445749,0.0,0.0,0.0,1.0,1.0
4864.0,add,7.952650045445749,1700.0,12.0,7.952650045445749,0.0,0.0,0.0,1.0,2.0
4865.0,delete,7.952650045445749,1700.0,12.0,7.952650045445749,0.0,0.0,0.0,1.0,0.0
4866.0,swap,7.679425019562089,1700.0,12.0,7.952650045445749,0.0,1.0,0.0,0.0,1.0
4867.0,change,7.8085108747139405,1701.0,11.0,7.808510874713942,1.0,0.0,0.0,1.0,0.0
4868.0,add,7.810217511558026,1701.0,11.0,7.808510874713942,1.0,0.0,1.0,1.0,0.0
4869.0,delete,7.8085108747139405,1701.0,11.0,7.808510874713942,1.0,0.0,0.0,0.0,0.0
4870.0,swap,7.952650045445748,1701.0,11.0,7.808510874713942,0.0,0.0,0.0,2.0,0.0
4871.0,add,7.793111512757751,1702.0,11.0,7.793899197619524,2.0,0.0,1.0,0.0,0.0
4872.0,add,7.649689775611431,1702.0,11.0,7.793899197619524,2.0,0.0,1.0,0.0,1.0
4873.0,delete,7.85352849607138,1702.0,11.0,7.793899197619524,1.0,0.0,1.0,0.0,0.0
4874.0,swap,7.825047304438011,1702.0,11.0,7.793899197619524,2.0,0.0,1.0,0.0,0.0
4875.0,delete,7.824995034599561,1703.0,11.0,7.824995034599563,2.0,0.0,0.0,1.0,0.0
4876.0,add,7.315000805634551,1703.0,11.0,7.824995034599563,2.0,0.0,0.0,1.0,1.0
4877.0,delete,7.913237338760616,1703.0,11.0,7.824995034599563,1.0,0.0,0.0,1.0,0.0
4878.0,swap,7.913237338760615,1703.0,11.0,7.824995034599563,1.0,0.0,0.0,2.0,0.0
4879.0,delete,7.913237338760616,1704.0,10.0,7.871025148960757,1.0,0.0,0.0,1.0,0.0
4880.0,delete,7.913237338760615,1705.0,11.0,7.913237338760616,1.0,0.0,0.0,1.0,0.0
4881.0,add,7.664546340614518,1705.0,11.0,7.913237338760616,1.0,0.0,0.0,1.0,1.0
4882.0,delete,7.952650045445748,1705.0,11.0,7.913237338760616,0.0,0.0,0.0,1.0,0.0
4883.0,swap,7.952650045445749,1705.0,11.0,7.913237338760616,0.0,0.0,0.0,2.0,0.0
4884.0,change,7.771603199878182,1706.0,11.0,7.771603199878181,2.0,0.0,0.0,1.0,0.0
4885.0,add,7.771603199878181,1706.0,11.0,7.771603199878181,2.0,0.0,0.0,1.0,1.0
4886.0,delete,7.771603199878181,1706.0,11.0,7.771603199878181,2.0,0.0,0.0,0.0,0.0
4887.0,swap,7.871317116233396,1706.0,11.0,7.771603199878181,1.0,1.0,0.0,1.0,0.0
4888.0,change,7.952650045445747,1707.0,13.0,7.952650045445747,0.0,0.0,0.0,1.0,0.0
4889.0,add,7.861610257635965,1707.0,13.0,7.952650045445747,0.0,0.0,1.0,1.0,0.0
4890.0,delete,7.952650045445748,1707.0,13.0,7.952650045445747,0.0,0.0,0.0,0.0,0.0
4891.0,swap,7.952650045445748,1707.0,13.0,7.952650045445747,0.0,0.0,0.0,0.0,1.0
4892.0,swap,7.899044105784957,1708.0,13.0,7.904407395741533,0.0,1.0,0.0,0.0,0.0
4893.0,add,7.904407395741533,1708.0,13.0,7.904407395741533,0.0,1.0,0.0,0.0,1.0
4894.0,delete,7.952650045445748,1708.0,13.0,7.904407395741533,0.0,0.0,0.0,0.0,0.0
4895.0,swap,7.878648783775705,1708.0,13.0,7.904407395741533,0.0,1.0,0.0,0.0,0.0
4896.0,add,7.952650045445748,1709.0,13.0,7.900052922401549,0.0,0.0,0.0,0.0,1.0
4897.0,add,7.481962363951138,1710.0,14.0,7.952650045445748,0.0,1.0,0.0,0.0,1.0
4898.0,delete,7.952650045445748,1710.0,14.0,7.952650045445748,0.0,0.0,0.0,0.0,0.0
4899.0,swap,7.5449395469891565,1710.0,14.0,7.952650045445748,0.0,1.0,0.0,0.0,0.0
4900.0,delete,7.871317116233394,1711.0,11.0,7.871317116233396,1.0,0.0,0.0,1.0,0.0
4901.0,add,7.871317116233396,1711.0,11.0,7.871317116233396,1.0,0.0,0.0,1.0,1.0
4902.0,delete,7.952650045445749,1711.0,11.0,7.871317116233396,0.0,0.0,0.0,1.0,0.0
4903.0,swap,7.892584060836344,1711.0,11.0,7.871317116233396,0.0,0.0,1.0,1.0,0.0
4904.0,delete,7.952650045445748,1712.0,12.0,7.952650045445749,0.0,0.0,0.0,1.0,0.0
4905.0,add,7.9440090934327285,1712.0,12.0,7.952650045445749,0.0,0.0,1.0,1.0,0.0
4906.0,delete,7.952650045445748,1712.0,12.0,7.952650045445749,0.0,0.0,0.0,0.0,0.0
4907.0,swap,7.952650045445748,1712.0,12.0,7.952650045445749,0.0,0.0,0.0,1.0,0.0
4908.0,swap,7.945069117478278,1713.0,12.0,7.944078514889351,1.0,0.0,1.0,1.0,0.0
4909.0,add,7.90016133294186,1713.0,12.0,7.944078514889351,1.0,0.0,1.0,1.0,1.0
4910.0,delete,7.913237338760613,1713.0,12.0,7.944078514889351,1.0,0.0,0.0,1.0,0.0
4911.0,swap,7.4972317188285,1713.0,12.0,7.944078514889351,1.0,1.0,0.0,1.0,0.0
4912.0,delete,7.913237338760616,1714.0,10.0,7.894678904771526,1.0,0.0,0.0,1.0,0.0
4913.0,add,7.7132898742578,1715.0,11.0,7.713289874257802,2.0,0.0,0.0,1.0,1.0
4914.0,add,7.713289874257802,1715.0,11.0,7.713289874257802,2.0,0.0,0.0,1.0,2.0
4915.0,delete,7.730771366464515,1715.0,11.0,7.713289874257802,1.0,0.0,0.0,1.0,1.0
4916.0,swap,7.771603199878184,1715.0,11.0,7.713289874257802,2.0,0.0,0.0,1.0,1.0
4917.0,add,7.952650045445748,1716.0,13.0,7.952650045445748,0.0,0.0,0.0,0.0,1.0
4918.0,add,7.923077650121158,1717.0,14.0,7.952650045445748,0.0,0.0,1.0,0.0,1.0
4919.0,delete,7.952650045445748,1717.0,14.0,7.952650045445748,0.0,0.0,0.0,0.0,0.0
4920.0,swap,7.952650045445749,1717.0,14.0,7.952650045445748,0.0,0.0,0.0,1.0,0.0
4921.0,add,7.799485852855213,1718.0,13.0,7.945256946614601,0.0,1.0,0.0,0.0,0.0
4922.0,add,7.814242906965983,1719.0,14.0,7.952650045445748,0.0,0.0,1.0,0.0,3.0
4923.0,delete,7.952650045445748,1719.0,14.0,7.952650045445748,0.0,0.0,0.0,0.0,2.0
4924.0,swap,7.789984187021045,1719.0,14.0,7.952650045445748,0.0,0.0,0.0,0.0,3.0
4925.0,swap,7.884043077783959,1720.0,13.0,7.884900551389467,0.0,0.0,1.0,0.0,0.0
4926.0,add,7.884900551389467,1720.0,13.0,7.884900551389467,0.0,0.0,1.0,0.0,1.0
4927.0,delete,7.952650045445748,1720.0,13.0,7.884900551389467,0.0,0.0,0.0,0.0,0.0
4928.0,swap,7.7907007583787475,1720.0,13.0,7.884900551389467,0.0,1.0,0.0,0.0,0.0
4929.0,add,7.952650045445748,1721.0,12.0,7.893367756487439,0.0,0.0,0.0,0.0,1.0
4930.0,add,7.952650045445748,1722.0,13.0,7.952650045445748,0.0,0.0,0.0,0.0,2.0
4931.0,delete,7.952650045445748,1722.0,13.0,7.952650045445748,0.0,0.0,0.0,0.0,0.0
4932.0,swap,7.952650045445747,1722.0,13.0,7.952650045445748,0.0,0.0,0.0,1.0,0.0
4933.0,add,7.789984187021045,1723.0,14.0,7.952650045445748,0.0,0.0,0.0,0.0,3.0
4934.0,delete,7.952650045445748,1723.0,14.0,7.952650045445748,0.0,0.0,0.0,0.0,1.0
4935.0,swap,7.4101707575891025,1723.0,14.0,7.952650045445748,0.0,0.0,1.0,0.0,1.0
4936.0,add,7.952650045445748,1724.0,13.0,7.845803499580634,0.0,0.0,0.0,0.0,1.0
4937.0,add,7.397040644518788,1725.0,14.0,7.952650045445748,0.0,0.0,0.0,0.0,2.0
4938.0,delete,7.952650045445748,1725.0,14.0,7.952650045445748,0.0,0.0,0.0,0.0,0.0
4939.0,swap,7.952650045445749,1725.0,14.0,7.952650045445748,0.0,0.0,0.0,1.0,0.0
4940.0,swap,7.952650045445748,1726.0,12.0,7.8994040325096915,0.0,0.0,0.0,1.0,0.0
4941.0,swap,7.952650045445747,1727.0,13.0,7.952650045445748,0.0,0.0,0.0,1.0,0.0
4942.0,add,7.952650045445749,1727.0,13.0,7.952650045445748,0.0,0.0,0.0,2.0,0.0
4943.0,delete,7.952650045445748,1727.0,13.0,7.952650045445748,0.0,0.0,0.0,0.0,0.0
4944.0,swap,7.773271194829393,1727.0,13.0,7.952650045445748,0.0,0.0,1.0,0.0,0.0
4945.0,add,7.779070232725376,1728.0,12.0,7.779070232725376,1.0,0.0,1.0,1.0,0.0
4946.0,add,7.401800866140882,1728.0,12.0,7.779070232725376,1.0,0.0,1.0,1.0,1.0
4947.0,delete,7.871317116233394,1728.0,12.0,7.779070232725376,1.0,0.0,0.0,1.0,0.0
4948.0,swap,7.680218053587627,1728.0,12.0,7.779070232725376,0.0,0.0,1.0,1.0,1.0
4949.0,add,7.8085108747139405,1729.0,10.0,7.781183789249212,1.0,0.0,0.0,1.0,1.0
4950.0,swap,7.952650045445747,1730.0,12.0,7.952650045445747,0.0,0.0,0.0,1.0,1.0
4951.0,add,7.8738246320754826,1730.0,12.0,7.952650045445747,0.0,0.0,0.0,1.0,2.0
4952.0,delete,7.952650045445748,1730.0,12.0,7.952650045445747,0.0,0.0,0.0,0.0,1.0
4953.0,swap,7.952650045445748,1730.0,12.0,7.952650045445747,0.0,0.0,0.0,0.0,2.0
4954.0,change,7.952650045445749,1731.0,11.0,7.936884962771694,0.0,0.0,0.0,1.0,1.0
4955.0,change,7.952650045445748,1732.0,12.0,7.952650045445749,0.0,0.0,0.0,1.0,1.0
4956.0,add,7.952650045445748,1732.0,12.0,7.952650045445749,0.0,0.0,0.0,2.0,1.0
4957.0,delete,7.952650045445748,1732.0,12.0,7.952650045445749,0.0,0.0,0.0,0.0,1.0
4958.0,swap,7.952650045445748,1732.0,12.0,7.952650045445749,0.0,0.0,0.0,0.0,2.0
4959.0,swap,7.944476170425798,1733.0,11.0,7.920379370703264,0.0,0.0,1.0,1.0,0.0
4960.0,add,7.952650045445748,1734.0,11.0,7.920116873760807,0.0,0.0,0.0,2.0,1.0
4961.0,add,7.952650045445748,1735.0,12.0,7.952650045445748,0.0,0.0,0.0,2.0,1.0
4962.0,add,7.817158727927979,1735.0,12.0,7.952650045445748,0.0,1.0,0.0,2.0,1.0
4963.0,delete,7.952650045445748,1735.0,12.0,7.952650045445748,0.0,0.0,0.0,2.0,0.0
4964.0,swap,7.817434109979055,1735.0,12.0,7.952650045445748,0.0,0.0,1.0,1.0,1.0
4965.0,add,7.857319631697242,1736.0,13.0,7.952650045445748,0.0,0.0,1.0,0.0,0.0
4966.0,swap,7.947003360306777,1737.0,12.0,7.944476170425798,0.0,0.0,1.0,1.0,0.0
4967.0,add,7.40462057805771,1737.0,12.0,7.944476170425798,0.0,0.0,1.0,1.0,1.0
4968.0,delete,7.944476170425797,1737.0,12.0,7.944476170425798,0.0,0.0,1.0,0.0,0.0
4969.0,swap,7.944476170425797,1737.0,12.0,7.944476170425798,0.0,0.0,1.0,0.0,1.0
4970.0,swap,7.913237338760615,1738.0,12.0,7.913237338760613,1.0,0.0,0.0,1.0,0.0
4971.0,add,7.9097877609557905,1738.0,12.0,7.913237338760613,1.0,0.0,1.0,1.0,0.0
4972.0,delete,7.952650045445748,1738.0,12.0,7.913237338760613,0.0,0.0,0.0,1.0,0.0
4973.0,swap,7.909279889748415,1738.0,12.0,7.913237338760613,1.0,1.0,0.0,0.0,0.0
4974.0,add,7.913237338760615,1739.0,12.0,7.913237338760615,1.0,0.0,0.0,0.0,2.0
4975.0,delete,7.913237338760615,1739.0,12.0,7.913237338760615,1.0,0.0,0.0,0.0,0.0
4976.0,swap,7.952650045445748,1739.0,12.0,7.913237338760615,0.0,0.0,0.0,0.0,2.0
4977.0,swap,7.913237338760615,1740.0,11.0,7.923090515431897,1.0,1.0,0.0,0.0,0.0
4978.0,delete,7.952650045445747,1741.0,11.0,7.932005905755471,0.0,0.0,0.0,1.0,0.0
4979.0,delete,7.952650045445747,1742.0,12.0,7.952650045445747,0.0,0.0,0.0,1.0,0.0
4980.0,add,7.834526348032828,1742.0,12.0,7.952650045445747,0.0,0.0,1.0,1.0,0.0
4981.0,delete,7.952650045445748,1742.0,12.0,7.952650045445747,0.0,0.0,0.0,0.0,0.0
4982.0,swap,7.397040644518788,1742.0,12.0,7.952650045445747,0.0,0.0,0.0,0.0,1.0
4983.0,add,7.952650045445748,1743.0,13.0,7.952650045445748,0.0,0.0,0.0,0.0,1.0
4984.0,change,7.952650045445748,1744.0,11.0,7.922486438287376,0.0,0.0,0.0,1.0,0.0
4985.0,swap,7.952650045445748,1745.0,11.0,7.917607584950185,0.0,0.0,0.0,1.0,0.0
4986.0,change,7.952650045445749,1746.0,12.0,7.952650045445748,0.0,0.0,0.0,1.0,0.0
4987.0,add,7.553809246163679,1746.0,12.0,7.952650045445748,0.0,1.0,0.0,1.0,0.0
4988.0,delete,7.952650045445748,1746.0,12.0,7.952650045445748,0.0,0.0,0.0,0.0,0.0
4989.0,swap,7.952650045445748,1746.0,12.0,7.952650045445748,0.0,0.0,0.0,0.0,1.0
4990.0,swap,7.952650045445749,1747.0,14.0,7.952650045445749,0.0,0.0,0.0,1.0,0.0
4991.0,add,7.952650045445749,1747.0,14.0,7.952650045445749,0.0,0.0,0.0,2.0,0.0
4992.0,delete,7.952650045445748,1747.0,14.0,7.952650045445749,0.0,0.0,0.0,0.0,0.0
4993.0,swap,7.952650045445749,1747.0,14.0,7.952650045445749,0.0,0.0,0.0,1.0,0.0
4994.0,add,7.4688980173901385,1748.0,11.0,7.7943897151887285,1.0,0.0,0.0,0.0,1.0
4995.0,add,7.952650045445747,1749.0,12.0,7.952650045445748,0.0,0.0,0.0,1.0,1.0
4996.0,add,7.789984187020972,1749.0,12.0,7.952650045445748,0.0,0.0,0.0,1.0,2.0
4997.0,delete,7.952650045445748,1749.0,12.0,7.952650045445748,0.0,0.0,0.0,1.0,0.0
4998.0,swap,7.873824632075485,1749.0,12.0,7.952650045445748,0.0,0.0,0.0,1.0,1.0
4999.0,delete,7.952650045445749,1750.0,12.0,7.952650045445749,0.0,0.0,0.0,1.0,0.0
5000.0,add,7.952650045445749,1750.0,12.0,7.952650045445749,0.0,0.0,0.0,1.0,1.0
5001.0,delete,7.952650045445748,1750.0,12.0,7.952650045445749,0.0,0.0,0.0,0.0,0.0
5002.0,swap,7.789984187020972,1750.0,12.0,7.952650045445749,0.0,0.0,0.0,0.0,1.0
