budget,expandedBy,objectiveValue,epoch,treeDepth,parentValue,H,Rx,Ry,Rz,Cx
0.0,,74.5559015470189,0.0,0.0,0.0,8.0,0.0,0.0,0.0,0.0
1.0,add,74.5559015470189,1.0,1.0,74.5559015470189,8.0,1.0,0.0,0.0,0.0
2.0,delete,74.62027420950717,1.0,1.0,74.5559015470189,7.0,0.0,0.0,0.0,0.0
3.0,swap,74.49605353349583,1.0,1.0,74.5559015470189,7.0,1.0,0.0,0.0,0.0
4.0,add,74.5559015470189,2.0,2.0,74.5559015470189,8.0,1.0,0.0,0.0,0.0
5.0,add,74.63041536454668,2.0,2.0,74.5559015470189,8.0,1.0,1.0,0.0,0.0
6.0,delete,74.5559015470189,2.0,2.0,74.5559015470189,8.0,0.0,0.0,0.0,0.0
7.0,swap,74.5325183576986,2.0,2.0,74.5559015470189,7.0,2.0,0.0,0.0,0.0
8.0,add,74.57046981659576,3.0,1.0,74.5661276726604,8.0,0.0,1.0,0.0,0.0
9.0,add,74.6304153645467,4.0,3.0,74.63041536454668,8.0,1.0,1.0,0.0,0.0
10.0,add,74.63041536454668,4.0,3.0,74.63041536454668,8.0,1.0,1.0,0.0,1.0
11.0,delete,74.57566231569996,4.0,3.0,74.63041536454668,7.0,1.0,1.0,0.0,0.0
12.0,swap,74.64673563202922,4.0,3.0,74.63041536454668,7.0,1.0,2.0,0.0,0.0
13.0,add,74.5653211097254,5.0,2.0,74.62272880827385,8.0,1.0,0.0,1.0,0.0
14.0,add,74.5559015470189,6.0,1.0,74.58633254240416,8.0,0.0,0.0,0.0,1.0
15.0,add,74.62500094343793,7.0,4.0,74.63041536454668,8.0,1.0,1.0,0.0,1.0
16.0,add,74.63041536454668,7.0,4.0,74.63041536454668,8.0,1.0,1.0,0.0,2.0
17.0,delete,74.56908430654012,7.0,4.0,74.63041536454668,7.0,1.0,1.0,0.0,1.0
18.0,swap,74.65175828416565,7.0,4.0,74.63041536454668,7.0,1.0,2.0,0.0,1.0
19.0,add,74.63041536454669,8.0,3.0,74.62133485264742,8.0,2.0,1.0,0.0,0.0
20.0,add,74.5478695352056,9.0,2.0,74.6168763103938,8.0,1.0,0.0,0.0,1.0
21.0,add,74.63792772672477,10.0,5.0,74.63041536454668,8.0,1.0,1.0,0.0,2.0
22.0,add,74.59767242858432,10.0,5.0,74.63041536454668,8.0,1.0,1.0,1.0,2.0
23.0,delete,74.63041536454668,10.0,5.0,74.63041536454668,8.0,1.0,1.0,0.0,1.0
24.0,swap,74.56460093621986,10.0,5.0,74.63041536454668,7.0,1.0,1.0,1.0,2.0
25.0,add,74.6304153645467,11.0,4.0,74.61220636412446,8.0,2.0,1.0,0.0,1.0
26.0,add,74.63041536454668,12.0,3.0,74.6180110407642,8.0,1.0,1.0,0.0,1.0
27.0,add,74.59767242858435,13.0,6.0,74.59767242858432,8.0,1.0,1.0,1.0,2.0
28.0,add,74.59767242858432,13.0,6.0,74.59767242858432,8.0,2.0,1.0,1.0,2.0
29.0,delete,74.59767242858432,13.0,6.0,74.59767242858432,8.0,0.0,1.0,1.0,2.0
30.0,swap,74.62379660215709,13.0,6.0,74.59767242858432,7.0,2.0,1.0,1.0,2.0
31.0,add,74.62835432501191,14.0,5.0,74.60289726329887,8.0,1.0,1.0,1.0,2.0
32.0,add,74.60266814797835,15.0,4.0,74.61241958164464,8.0,1.0,1.0,1.0,1.0
33.0,add,74.5969043405764,16.0,7.0,74.59767242858432,8.0,2.0,1.0,1.0,2.0
34.0,add,74.59767242858432,16.0,7.0,74.59767242858432,8.0,2.0,1.0,1.0,3.0
35.0,delete,74.59767242858432,16.0,7.0,74.59767242858432,8.0,2.0,1.0,1.0,1.0
36.0,swap,74.58939958602956,16.0,7.0,74.59767242858432,8.0,2.0,1.0,2.0,1.0
37.0,add,74.59767242858432,17.0,6.0,74.59586424247178,8.0,1.0,1.0,1.0,3.0
38.0,add,74.63041536454668,18.0,5.0,74.60201471398776,8.0,1.0,1.0,0.0,3.0
39.0,add,74.59154453064302,19.0,8.0,74.59767242858432,8.0,2.0,1.0,1.0,3.0
40.0,add,74.5904531633897,19.0,8.0,74.59767242858432,8.0,2.0,1.0,2.0,3.0
41.0,delete,74.52445787532616,19.0,8.0,74.59767242858432,7.0,2.0,1.0,1.0,3.0
42.0,swap,74.558893142228,19.0,8.0,74.59767242858432,7.0,2.0,1.0,2.0,3.0
43.0,add,74.54609523151865,20.0,1.0,74.59686180366172,8.0,0.0,0.0,0.0,1.0
44.0,add,74.59767242858432,21.0,7.0,74.57260422803424,8.0,2.0,1.0,1.0,3.0
45.0,add,74.5976724285843,22.0,6.0,74.58545588919222,8.0,2.0,1.0,1.0,2.0
46.0,add,74.59045316338974,23.0,9.0,74.5904531633897,8.0,2.0,1.0,2.0,3.0
47.0,add,74.66537959703479,23.0,9.0,74.5904531633897,8.0,2.0,1.0,2.0,4.0
48.0,delete,74.56090910511755,23.0,9.0,74.5904531633897,7.0,2.0,1.0,2.0,3.0
49.0,swap,74.61216924756964,23.0,9.0,74.5904531633897,7.0,2.0,1.0,3.0,3.0
50.0,add,74.5559015470189,24.0,2.0,74.60430334385947,8.0,1.0,0.0,0.0,1.0
51.0,add,74.58925888082149,25.0,8.0,74.60387285530028,8.0,2.0,1.0,1.0,4.0
52.0,add,74.59767242858432,26.0,7.0,74.58898759660805,8.0,2.0,1.0,1.0,3.0
53.0,add,74.66537959703477,27.0,10.0,74.66537959703479,8.0,2.0,1.0,2.0,4.0
54.0,add,74.43883758954306,27.0,10.0,74.66537959703479,8.0,3.0,1.0,2.0,4.0
55.0,delete,74.66537959703479,27.0,10.0,74.66537959703479,8.0,1.0,1.0,2.0,4.0
56.0,swap,74.70178876861982,27.0,10.0,74.66537959703479,7.0,2.0,1.0,3.0,4.0
57.0,add,74.6219104163217,28.0,3.0,74.60585078235657,8.0,2.0,1.0,0.0,0.0
58.0,add,74.5904531633897,29.0,9.0,74.62735302985345,8.0,2.0,1.0,2.0,4.0
59.0,add,74.59767242858432,30.0,8.0,74.60640562481318,8.0,2.0,1.0,1.0,4.0
60.0,add,74.43877406894643,31.0,11.0,74.43883758954306,8.0,3.0,1.0,2.0,4.0
61.0,add,74.43883758954306,31.0,11.0,74.43883758954306,8.0,3.0,1.0,2.0,5.0
62.0,delete,74.4130984149464,31.0,11.0,74.43883758954306,7.0,3.0,1.0,2.0,4.0
63.0,swap,74.50901404735926,31.0,11.0,74.43883758954306,7.0,3.0,1.0,3.0,4.0
64.0,add,74.56692253000843,32.0,4.0,74.58711978448123,8.0,1.0,1.0,1.0,1.0
65.0,add,74.6457566743984,33.0,10.0,74.44771234206763,8.0,2.0,2.0,2.0,4.0
66.0,add,74.5904531633897,34.0,9.0,74.56115446435005,8.0,2.0,1.0,2.0,4.0
67.0,add,74.45419901024255,35.0,12.0,74.43883758954306,8.0,3.0,1.0,2.0,5.0
68.0,add,74.43883758954304,35.0,12.0,74.43883758954306,8.0,4.0,1.0,2.0,5.0
69.0,delete,74.43883758954304,35.0,12.0,74.43883758954306,8.0,2.0,1.0,2.0,5.0
70.0,swap,74.43883758954303,35.0,12.0,74.43883758954306,8.0,4.0,1.0,2.0,4.0
71.0,add,74.63041536454668,36.0,5.0,74.56988175228369,8.0,1.0,1.0,0.0,3.0
72.0,add,74.43883758954306,37.0,11.0,74.44190987368293,8.0,3.0,1.0,2.0,5.0
73.0,add,74.66243137587324,38.0,10.0,74.46307888665011,8.0,2.0,1.0,2.0,5.0
74.0,add,74.44715102551994,39.0,13.0,74.43883758954304,8.0,4.0,1.0,2.0,5.0
75.0,add,74.5186130482825,39.0,13.0,74.43883758954304,8.0,4.0,1.0,2.0,6.0
76.0,delete,74.43883758954306,39.0,13.0,74.43883758954304,8.0,3.0,1.0,2.0,5.0
77.0,swap,74.54748425401017,39.0,13.0,74.43883758954304,7.0,5.0,1.0,2.0,5.0
78.0,add,74.61011980829926,40.0,6.0,74.55432603491627,8.0,1.0,1.0,2.0,2.0
79.0,add,74.57759511599771,41.0,12.0,74.47818470137973,8.0,4.0,1.0,2.0,5.0
80.0,add,74.43883758954306,42.0,11.0,74.47073345375556,8.0,3.0,1.0,2.0,5.0
81.0,add,74.51590680774514,43.0,14.0,74.5186130482825,8.0,4.0,1.0,2.0,6.0
82.0,add,74.5186130482825,43.0,14.0,74.5186130482825,8.0,4.0,1.0,2.0,7.0
83.0,delete,74.46307718262601,43.0,14.0,74.5186130482825,7.0,4.0,1.0,2.0,6.0
84.0,swap,74.52751085394085,43.0,14.0,74.5186130482825,7.0,4.0,1.0,2.0,7.0
85.0,add,74.59058416044384,44.0,7.0,74.54093970884604,8.0,2.0,1.0,2.0,2.0
86.0,add,74.46078828730403,45.0,13.0,74.5087441881754,8.0,4.0,2.0,2.0,5.0
87.0,add,74.46610157066476,46.0,12.0,74.49585589116317,8.0,3.0,2.0,2.0,5.0
88.0,add,74.5186130482825,47.0,15.0,74.5186130482825,8.0,4.0,1.0,2.0,7.0
89.0,add,74.5186130482825,47.0,15.0,74.5186130482825,8.0,4.0,1.0,2.0,8.0
90.0,delete,74.5186130482825,47.0,15.0,74.5186130482825,8.0,4.0,1.0,2.0,6.0
91.0,swap,74.57921545296594,47.0,15.0,74.5186130482825,8.0,5.0,1.0,2.0,6.0
92.0,add,74.59767242858432,48.0,8.0,74.53079049939184,8.0,2.0,1.0,1.0,4.0
93.0,add,74.5186130482825,49.0,14.0,74.53073352921919,8.0,4.0,1.0,2.0,7.0
94.0,add,74.43883758954304,50.0,13.0,74.51437971584336,8.0,4.0,1.0,2.0,6.0
95.0,add,74.51833583994033,51.0,16.0,74.5186130482825,8.0,4.0,1.0,2.0,8.0
96.0,add,74.37569275173487,51.0,16.0,74.5186130482825,8.0,4.0,2.0,2.0,8.0
97.0,delete,74.5186130482825,51.0,16.0,74.5186130482825,8.0,4.0,1.0,2.0,7.0
98.0,swap,74.62203135537499,51.0,16.0,74.5186130482825,8.0,4.0,0.0,2.0,9.0
99.0,add,74.5904531633897,52.0,9.0,74.517070690499,8.0,2.0,1.0,2.0,4.0
100.0,add,74.43883758954304,53.0,15.0,74.51065720872303,8.0,4.0,1.0,2.0,8.0
101.0,add,74.5186130482825,54.0,14.0,74.51325375265948,8.0,4.0,1.0,2.0,7.0
102.0,add,74.37884753608024,55.0,17.0,74.37569275173487,8.0,4.0,2.0,2.0,8.0
103.0,add,74.37569275173487,55.0,17.0,74.37569275173487,8.0,4.0,2.0,2.0,9.0
104.0,delete,74.71490833895882,55.0,17.0,74.37569275173487,8.0,4.0,2.0,1.0,8.0
105.0,swap,74.50043337597965,55.0,17.0,74.37569275173487,8.0,5.0,2.0,1.0,8.0
106.0,add,74.55590154701889,56.0,1.0,74.558623176392,8.0,1.0,0.0,0.0,0.0
107.0,add,74.672815639341,57.0,10.0,74.49328315935088,8.0,2.0,1.0,3.0,4.0
108.0,add,74.5186130482825,58.0,16.0,74.4691149508977,8.0,4.0,1.0,2.0,9.0
109.0,add,74.56457803555254,59.0,15.0,74.49823806219949,8.0,4.0,1.0,3.0,7.0
110.0,add,74.3803602999098,60.0,18.0,74.37569275173487,8.0,4.0,2.0,2.0,9.0
111.0,add,74.40297506049781,60.0,18.0,74.37569275173487,8.0,4.0,2.0,2.0,10.0
112.0,delete,74.22453830530267,60.0,18.0,74.37569275173487,7.0,4.0,2.0,2.0,9.0
113.0,swap,74.08968020605623,60.0,18.0,74.37569275173487,8.0,4.0,3.0,2.0,8.0
114.0,add,74.53921197669747,61.0,2.0,74.54872872009155,8.0,1.0,1.0,0.0,0.0
115.0,add,74.43883758954306,62.0,11.0,74.47010397896426,8.0,3.0,1.0,2.0,5.0
116.0,add,74.66271345279651,63.0,17.0,74.29464932470029,8.0,4.0,3.0,2.0,8.0
117.0,add,74.53824222890147,64.0,16.0,74.42040501157581,8.0,4.0,2.0,2.0,8.0
118.0,add,74.45512113268366,65.0,19.0,74.40297506049781,8.0,4.0,2.0,2.0,10.0
119.0,add,74.40297506049781,65.0,19.0,74.40297506049781,8.0,4.0,2.0,2.0,11.0
120.0,delete,74.5908902551864,65.0,19.0,74.40297506049781,8.0,4.0,2.0,2.0,9.0
121.0,swap,74.41983452106408,65.0,19.0,74.40297506049781,8.0,4.0,3.0,2.0,9.0
122.0,add,74.59297804979789,66.0,3.0,74.54247914117796,8.0,1.0,1.0,0.0,1.0
123.0,add,74.43883758954304,67.0,12.0,74.48063872129354,8.0,4.0,1.0,2.0,5.0
124.0,add,74.37569275173489,68.0,18.0,74.45435920598595,8.0,5.0,2.0,2.0,9.0
125.0,add,74.35414547630455,69.0,17.0,74.39822489067862,8.0,4.0,2.0,2.0,9.0
126.0,add,74.40297506049785,70.0,20.0,74.40297506049781,8.0,4.0,2.0,2.0,11.0
127.0,add,74.29800809489582,70.0,20.0,74.40297506049781,8.0,4.0,3.0,2.0,11.0
128.0,delete,74.4045198168162,70.0,20.0,74.40297506049781,7.0,4.0,2.0,2.0,11.0
129.0,swap,74.50008576609493,70.0,20.0,74.40297506049781,8.0,4.0,2.0,1.0,12.0
130.0,add,74.6323667680944,71.0,4.0,74.52709335973896,8.0,1.0,2.0,0.0,1.0
131.0,add,74.43883758954304,72.0,13.0,74.46612421682018,8.0,4.0,1.0,2.0,6.0
132.0,add,74.40297506049781,73.0,19.0,74.40171275976051,8.0,4.0,2.0,2.0,11.0
133.0,add,74.37569275173487,74.0,18.0,74.42327750731522,8.0,4.0,2.0,2.0,10.0
134.0,add,74.29870268757176,75.0,21.0,74.29800809489582,8.0,4.0,3.0,2.0,11.0
135.0,add,74.29463931146402,75.0,21.0,74.29800809489582,8.0,4.0,3.0,3.0,11.0
136.0,delete,74.5984596259404,75.0,21.0,74.29800809489582,8.0,4.0,2.0,2.0,11.0
137.0,swap,74.66795664690736,75.0,21.0,74.29800809489582,7.0,5.0,3.0,2.0,11.0
138.0,add,74.63041536454668,76.0,5.0,74.51557780866217,8.0,1.0,1.0,0.0,3.0
139.0,add,74.51861304828249,77.0,14.0,74.45896652468704,8.0,5.0,1.0,2.0,6.0
140.0,add,74.56093082224855,78.0,20.0,74.43155327335587,8.0,4.0,3.0,2.0,11.0
141.0,add,74.40297506049781,79.0,19.0,74.43929345031204,8.0,4.0,2.0,2.0,11.0
142.0,add,74.29463931146402,80.0,22.0,74.29463931146402,8.0,4.0,3.0,3.0,11.0
143.0,add,74.29463931146402,80.0,22.0,74.29463931146402,8.0,4.0,3.0,3.0,12.0
144.0,delete,74.29463931146404,80.0,22.0,74.29463931146402,8.0,3.0,3.0,3.0,11.0
145.0,swap,74.3757127429961,80.0,22.0,74.29463931146402,7.0,4.0,3.0,4.0,11.0
146.0,add,74.59767242858432,81.0,6.0,74.50039480542334,8.0,2.0,1.0,1.0,2.0
147.0,add,74.51861304828249,82.0,15.0,74.43524792133094,8.0,5.0,1.0,2.0,7.0
148.0,add,74.29800809489582,83.0,21.0,74.31085399777044,8.0,4.0,3.0,2.0,12.0
149.0,add,74.40297506049781,84.0,20.0,74.38875781466473,8.0,4.0,2.0,2.0,12.0
150.0,add,74.29463931146405,85.0,23.0,74.29463931146402,8.0,4.0,3.0,3.0,12.0
151.0,add,74.29463931146402,85.0,23.0,74.29463931146402,8.0,4.0,3.0,3.0,13.0
152.0,delete,74.5875407125794,85.0,23.0,74.29463931146402,7.0,4.0,3.0,3.0,12.0
153.0,swap,74.52867408129283,85.0,23.0,74.29463931146402,8.0,4.0,3.0,4.0,11.0
154.0,add,74.59767242858432,86.0,7.0,74.48814214689163,8.0,2.0,1.0,1.0,3.0
155.0,add,74.50090349060916,87.0,16.0,74.4158846127114,8.0,4.0,1.0,3.0,8.0
156.0,add,74.2890680857137,88.0,22.0,74.40002654565288,8.0,4.0,3.0,4.0,11.0
157.0,add,74.29800809489582,89.0,21.0,74.34971268966018,8.0,4.0,3.0,2.0,12.0
158.0,add,74.29542535433448,90.0,24.0,74.29463931146402,8.0,4.0,3.0,3.0,13.0
159.0,delete,74.22042967084171,90.0,24.0,74.29463931146402,7.0,4.0,3.0,3.0,13.0
160.0,swap,74.29520982201481,90.0,24.0,74.29463931146402,8.0,3.0,4.0,3.0,13.0
161.0,add,74.59767242858432,91.0,8.0,74.47175675150834,8.0,2.0,1.0,1.0,4.0
162.0,add,74.37569275173487,92.0,17.0,74.38478944246974,8.0,4.0,2.0,2.0,9.0
163.0,add,74.29463931146402,93.0,23.0,74.27642603966376,8.0,4.0,3.0,3.0,13.0
164.0,delete,74.22042967084174,94.0,25.0,74.22042967084171,7.0,4.0,3.0,3.0,13.0
165.0,delete,74.22042967084172,94.0,25.0,74.22042967084171,7.0,3.0,3.0,3.0,13.0
166.0,swap,74.21453446547918,94.0,25.0,74.22042967084171,7.0,5.0,2.0,3.0,13.0
167.0,add,74.48323522729156,95.0,22.0,74.31156144459966,8.0,5.0,3.0,3.0,11.0
168.0,delete,74.29463931146402,96.0,24.0,74.21895586950109,8.0,4.0,3.0,3.0,12.0
169.0,add,74.5904531633897,97.0,9.0,74.45180588868149,8.0,2.0,1.0,2.0,4.0
170.0,add,74.37569275173487,98.0,18.0,74.37557860055377,8.0,4.0,2.0,2.0,10.0
171.0,delete,74.19215989205892,99.0,26.0,74.22042967084172,7.0,3.0,3.0,3.0,13.0
172.0,delete,74.17041327558572,99.0,26.0,74.22042967084172,6.0,3.0,3.0,3.0,13.0
173.0,swap,74.39224368037677,99.0,26.0,74.22042967084172,6.0,3.0,3.0,4.0,13.0
174.0,add,74.281039530531,100.0,23.0,74.2587661197306,8.0,4.0,3.0,3.0,13.0
175.0,delete,74.39224368037682,101.0,25.0,74.2438116297158,6.0,4.0,3.0,3.0,13.0
176.0,delete,74.16586960054676,102.0,27.0,74.17041327558572,6.0,3.0,3.0,3.0,13.0
177.0,delete,74.3268657200938,102.0,27.0,74.17041327558572,5.0,3.0,3.0,3.0,13.0
178.0,swap,73.80506960443513,102.0,27.0,74.17041327558572,6.0,3.0,4.0,3.0,12.0
179.0,add,74.66537959703479,103.0,10.0,74.42035107049385,8.0,2.0,1.0,2.0,5.0
180.0,add,74.40297506049781,104.0,19.0,74.33544546177316,8.0,4.0,2.0,2.0,11.0
181.0,delete,74.29463931146402,105.0,24.0,74.2179440202452,8.0,4.0,3.0,3.0,12.0
182.0,delete,74.41991669810334,106.0,26.0,74.11705455016535,7.0,3.0,2.0,3.0,13.0
183.0,delete,74.33015151442147,107.0,28.0,74.3268657200938,5.0,3.0,3.0,3.0,13.0
184.0,add,74.47807026142684,107.0,28.0,74.3268657200938,5.0,3.0,4.0,3.0,13.0
185.0,delete,74.33589993019888,107.0,28.0,74.3268657200938,5.0,3.0,3.0,3.0,12.0
186.0,swap,74.72915400204744,107.0,28.0,74.3268657200938,5.0,3.0,4.0,3.0,12.0
187.0,add,74.4463884662886,108.0,11.0,74.41275567595302,8.0,3.0,2.0,2.0,4.0
188.0,add,74.40297506049781,109.0,20.0,74.33718511769412,8.0,4.0,2.0,2.0,12.0
189.0,delete,74.17041327558574,110.0,25.0,74.30449904080874,6.0,4.0,3.0,3.0,13.0
190.0,delete,74.17041327558574,111.0,27.0,74.44002828563768,6.0,2.0,3.0,3.0,13.0
191.0,add,74.50585581419848,112.0,29.0,74.47807026142684,5.0,3.0,4.0,3.0,13.0
192.0,delete,74.57976715203165,112.0,29.0,74.47807026142684,5.0,3.0,4.0,2.0,13.0
193.0,swap,74.49860685818075,112.0,29.0,74.47807026142684,5.0,3.0,4.0,3.0,13.0
194.0,add,74.43883758954306,113.0,12.0,74.40939220570574,8.0,3.0,1.0,2.0,6.0
195.0,add,74.29800809489582,114.0,21.0,74.32306533157453,8.0,4.0,3.0,2.0,12.0
196.0,delete,74.24221698085626,115.0,26.0,74.34738874668122,7.0,3.0,3.0,3.0,12.0
197.0,add,74.32662155740684,116.0,28.0,74.51557502145943,5.0,3.0,3.0,4.0,13.0
198.0,delete,74.57976715203165,117.0,30.0,74.57976715203165,5.0,3.0,4.0,2.0,13.0
199.0,delete,74.6709251933812,117.0,30.0,74.57976715203165,4.0,3.0,4.0,2.0,13.0
200.0,swap,74.59370543173534,117.0,30.0,74.57976715203165,5.0,4.0,4.0,2.0,12.0
201.0,add,74.51754305832874,118.0,13.0,74.40709604767817,8.0,4.0,2.0,2.0,5.0
202.0,add,74.29463931146404,119.0,22.0,74.34564622336443,8.0,5.0,3.0,3.0,11.0
203.0,delete,74.17041327558572,120.0,27.0,74.47121568174924,6.0,3.0,3.0,3.0,12.0
204.0,delete,74.47807026142684,121.0,29.0,74.60604123229496,5.0,3.0,4.0,3.0,12.0
205.0,delete,74.6757534836398,122.0,31.0,74.6709251933812,4.0,3.0,4.0,2.0,13.0
206.0,delete,74.73357638526335,122.0,31.0,74.6709251933812,3.0,3.0,4.0,2.0,13.0
207.0,swap,74.70991702154846,122.0,31.0,74.6709251933812,4.0,3.0,3.0,3.0,13.0
208.0,add,74.51086996762068,123.0,28.0,74.56921971435592,5.0,3.0,4.0,3.0,13.0
209.0,add,74.5186130482825,124.0,14.0,74.40915161971313,8.0,5.0,1.0,2.0,6.0
210.0,add,74.29573776707889,125.0,23.0,74.36617965067924,8.0,4.0,3.0,4.0,12.0
211.0,delete,74.57976715203165,126.0,30.0,74.6975430209582,5.0,3.0,4.0,2.0,12.0
212.0,delete,74.73610038751589,127.0,32.0,74.73357638526335,3.0,3.0,4.0,2.0,13.0
213.0,delete,74.5904867152063,127.0,32.0,74.73357638526335,3.0,2.0,4.0,2.0,13.0
214.0,swap,74.7643981213253,127.0,32.0,74.73357638526335,3.0,3.0,4.0,3.0,12.0
215.0,delete,74.4613773120572,128.0,29.0,74.64101953809478,5.0,3.0,4.0,3.0,12.0
216.0,delete,74.29463931146405,129.0,24.0,74.40903032653384,8.0,3.0,3.0,3.0,13.0
217.0,add,74.55590154701893,130.0,1.0,74.4895808744778,8.0,1.0,0.0,0.0,0.0
218.0,add,74.48131710205698,131.0,15.0,74.40946155132114,8.0,4.0,2.0,2.0,7.0
219.0,delete,74.71573165550826,132.0,31.0,74.7061404023277,4.0,3.0,4.0,2.0,12.0
220.0,delete,74.56795164953904,133.0,33.0,74.5904867152063,3.0,2.0,4.0,2.0,13.0
221.0,add,74.56636790353133,133.0,33.0,74.5904867152063,3.0,2.0,4.0,2.0,14.0
222.0,delete,74.56905031490172,133.0,33.0,74.5904867152063,3.0,2.0,4.0,1.0,13.0
223.0,swap,74.8258324036638,133.0,33.0,74.5904867152063,3.0,3.0,4.0,2.0,12.0
224.0,delete,74.22705929020664,134.0,25.0,74.46031908286852,7.0,4.0,3.0,2.0,13.0
225.0,delete,74.70044736339153,135.0,30.0,74.66968141438892,5.0,3.0,4.0,1.0,13.0
226.0,add,74.5559015470189,136.0,2.0,74.49063305458009,8.0,1.0,0.0,0.0,1.0
227.0,add,74.5710649395533,137.0,16.0,74.41409702794355,8.0,4.0,1.0,3.0,8.0
228.0,delete,74.64230264285278,138.0,32.0,74.62393779736843,3.0,3.0,4.0,2.0,12.0
229.0,add,74.56633104642903,139.0,34.0,74.56636790353133,3.0,2.0,4.0,2.0,14.0
230.0,add,74.81922551982433,139.0,34.0,74.56636790353133,3.0,2.0,5.0,2.0,14.0
231.0,delete,74.56636790353133,139.0,34.0,74.56636790353133,3.0,2.0,4.0,2.0,13.0
232.0,swap,74.5273578898605,139.0,34.0,74.56636790353133,3.0,2.0,4.0,2.0,14.0
233.0,delete,74.22042967084172,140.0,26.0,74.51017465996306,7.0,3.0,3.0,3.0,12.0
234.0,delete,74.6709251933812,141.0,31.0,74.65650575278234,4.0,3.0,4.0,2.0,12.0
235.0,add,74.63041536454668,142.0,3.0,74.49013058710722,8.0,2.0,1.0,0.0,0.0
236.0,add,74.37569275173487,143.0,17.0,74.41885486221976,8.0,4.0,2.0,2.0,9.0
237.0,add,74.70754988914746,144.0,33.0,74.60913005263531,3.0,2.0,5.0,2.0,13.0
238.0,delete,74.76601681516198,145.0,32.0,74.63171126168068,3.0,3.0,4.0,2.0,12.0
239.0,add,74.81646869383644,146.0,35.0,74.81922551982433,3.0,2.0,5.0,2.0,14.0
240.0,add,74.83219632226286,146.0,35.0,74.81922551982433,3.0,2.0,5.0,3.0,14.0
241.0,delete,74.89242923669902,146.0,35.0,74.81922551982433,3.0,1.0,5.0,2.0,14.0
242.0,swap,74.84506074720387,146.0,35.0,74.81922551982433,2.0,2.0,5.0,3.0,14.0
243.0,delete,74.47283754103005,147.0,27.0,74.59843207468306,6.0,3.0,3.0,3.0,12.0
244.0,add,74.6136969812812,148.0,4.0,74.49366457730896,8.0,1.0,2.0,0.0,1.0
245.0,add,74.37569275173486,149.0,18.0,74.44698952890116,8.0,5.0,2.0,2.0,9.0
246.0,add,74.50396063098609,150.0,34.0,74.8410761039653,3.0,2.0,4.0,2.0,15.0
247.0,add,74.2813655778357,151.0,33.0,74.69484688939202,3.0,2.0,4.0,2.0,14.0
248.0,add,74.88797141679157,152.0,36.0,74.83219632226286,3.0,2.0,5.0,3.0,14.0
249.0,add,74.81483883791434,152.0,36.0,74.83219632226286,3.0,3.0,5.0,3.0,14.0
250.0,delete,74.82157121070763,152.0,36.0,74.83219632226286,3.0,2.0,5.0,3.0,13.0
251.0,swap,74.83219632226287,152.0,36.0,74.83219632226286,3.0,3.0,5.0,3.0,13.0
252.0,add,74.34783477670742,153.0,28.0,74.64793222417269,5.0,3.0,3.0,3.0,14.0
253.0,add,74.63041536454668,154.0,5.0,74.49352298535699,8.0,1.0,1.0,0.0,3.0
254.0,add,74.40297506049781,155.0,19.0,74.46163501467144,8.0,4.0,2.0,2.0,11.0
255.0,add,74.6046156450291,156.0,35.0,74.83775482198786,3.0,2.0,5.0,2.0,15.0
256.0,add,74.55635358950784,157.0,34.0,74.78823041668346,3.0,2.0,4.0,3.0,14.0
257.0,delete,74.4751521091218,158.0,29.0,74.66805379976812,5.0,3.0,4.0,2.0,13.0
258.0,add,74.81493340757198,159.0,37.0,74.81483883791434,3.0,3.0,5.0,3.0,14.0
259.0,add,74.80944109133108,159.0,37.0,74.81483883791434,3.0,3.0,5.0,3.0,15.0
260.0,delete,74.80690185354956,159.0,37.0,74.81483883791434,3.0,3.0,5.0,3.0,13.0
261.0,swap,74.64782732781312,159.0,37.0,74.81483883791434,3.0,4.0,5.0,3.0,13.0
262.0,add,74.59767242858432,160.0,6.0,74.49437245160868,8.0,1.0,1.0,1.0,3.0
263.0,add,74.38199412241161,161.0,20.0,74.47924034936287,8.0,4.0,2.0,2.0,12.0
264.0,add,74.82097975373905,162.0,36.0,74.77878850363601,3.0,2.0,6.0,3.0,14.0
265.0,delete,74.57976715203165,163.0,30.0,74.69901267476101,5.0,3.0,4.0,2.0,12.0
266.0,add,74.83493832815994,164.0,35.0,74.79031574445212,3.0,2.0,5.0,2.0,15.0
267.0,add,74.80665840569884,165.0,38.0,74.80944109133108,3.0,3.0,5.0,3.0,15.0
268.0,delete,74.66775347769106,165.0,38.0,74.80944109133108,3.0,3.0,5.0,2.0,15.0
269.0,swap,74.81095966075715,165.0,38.0,74.80944109133108,3.0,3.0,5.0,3.0,15.0
270.0,add,74.80260001592036,166.0,37.0,74.77370315886954,3.0,3.0,5.0,3.0,15.0
271.0,add,74.59767242858432,167.0,7.0,74.4986755592656,8.0,2.0,1.0,1.0,3.0
272.0,add,74.28130909976682,168.0,21.0,74.49976631794563,8.0,4.0,3.0,3.0,11.0
273.0,delete,74.71303763478721,169.0,31.0,74.71404087153621,3.0,3.0,4.0,2.0,13.0
274.0,delete,74.669471284646,170.0,39.0,74.66775347769106,3.0,3.0,5.0,2.0,15.0
275.0,add,74.26019934073132,170.0,39.0,74.66775347769106,3.0,3.0,6.0,2.0,15.0
276.0,delete,74.78373613963247,170.0,39.0,74.66775347769106,3.0,3.0,5.0,2.0,14.0
277.0,swap,74.80240944260457,170.0,39.0,74.66775347769106,3.0,3.0,4.0,2.0,16.0
278.0,add,74.60807924661376,171.0,36.0,74.73705071711434,3.0,2.0,5.0,3.0,15.0
279.0,delete,74.73357638526335,172.0,32.0,74.70130147951657,3.0,3.0,4.0,2.0,12.0
280.0,add,74.59767242858432,173.0,8.0,74.49958980763506,8.0,3.0,1.0,1.0,3.0
281.0,add,74.29463931146402,174.0,22.0,74.52346097002602,8.0,4.0,3.0,3.0,12.0
282.0,delete,74.81962668963928,175.0,38.0,74.63671393706109,3.0,3.0,5.0,3.0,14.0
283.0,add,74.2909989991508,176.0,40.0,74.26019934073132,3.0,3.0,6.0,2.0,15.0
284.0,delete,74.12068520911278,176.0,40.0,74.26019934073132,2.0,3.0,6.0,2.0,15.0
285.0,swap,74.24172510200773,176.0,40.0,74.26019934073132,3.0,3.0,5.0,3.0,15.0
286.0,add,74.83492666334881,177.0,37.0,74.60663575837874,3.0,3.0,6.0,3.0,14.0
287.0,add,74.79045003907977,178.0,39.0,74.22840216275065,3.0,3.0,5.0,2.0,16.0
288.0,add,74.75552697580238,179.0,33.0,74.67916743236307,3.0,2.0,4.0,2.0,14.0
289.0,add,74.60681396900395,180.0,9.0,74.49684363073582,8.0,2.0,1.0,3.0,3.0
290.0,add,74.29463931146402,181.0,23.0,74.53406394685807,8.0,4.0,3.0,3.0,13.0
291.0,delete,74.10042803923255,182.0,41.0,74.12068520911278,2.0,3.0,6.0,2.0,15.0
292.0,delete,74.25124800835425,182.0,41.0,74.12068520911278,2.0,3.0,6.0,2.0,14.0
293.0,swap,74.49011757274361,182.0,41.0,74.12068520911278,2.0,3.0,6.0,2.0,15.0
294.0,delete,74.82604528383948,183.0,38.0,74.48375764189433,3.0,3.0,4.0,3.0,15.0
295.0,delete,74.24672154501802,184.0,40.0,74.24061970736079,3.0,3.0,5.0,2.0,15.0
296.0,delete,74.24763366298822,185.0,42.0,74.25124800835425,2.0,3.0,6.0,2.0,14.0
297.0,add,74.21367418768791,185.0,42.0,74.25124800835425,2.0,3.0,6.0,2.0,15.0
298.0,delete,74.10162793284334,185.0,42.0,74.25124800835425,2.0,3.0,5.0,2.0,14.0
299.0,swap,73.94189647150466,185.0,42.0,74.25124800835425,2.0,4.0,6.0,2.0,13.0
300.0,add,74.66537959703479,186.0,10.0,74.48138346657343,8.0,2.0,1.0,2.0,5.0
301.0,delete,74.6005650099908,187.0,24.0,74.52511642082713,8.0,4.0,3.0,3.0,12.0
302.0,add,74.57166972047591,188.0,34.0,74.61170434181041,3.0,2.0,4.0,2.0,15.0
303.0,add,74.6401805727226,189.0,39.0,74.25364662388117,3.0,3.0,5.0,2.0,16.0
304.0,delete,73.7164807806558,190.0,41.0,74.15121605267566,2.0,2.0,6.0,2.0,15.0
305.0,delete,74.22042967084171,191.0,25.0,74.53457101489361,7.0,4.0,3.0,3.0,12.0
306.0,add,74.2865232365971,192.0,43.0,74.21367418768791,2.0,3.0,6.0,2.0,15.0
307.0,add,74.0188863968646,192.0,43.0,74.21367418768791,2.0,3.0,6.0,2.0,16.0
308.0,delete,73.8698108053651,192.0,43.0,74.21367418768791,2.0,2.0,6.0,2.0,15.0
309.0,swap,74.54114817271676,192.0,43.0,74.21367418768791,2.0,4.0,6.0,2.0,14.0
310.0,add,74.42637090223418,193.0,11.0,74.47003878220575,8.0,3.0,1.0,3.0,4.0
311.0,add,74.80759300408667,194.0,35.0,74.53169318816433,3.0,3.0,5.0,2.0,14.0
312.0,delete,74.26050251571188,195.0,40.0,74.15334871583464,3.0,3.0,6.0,1.0,15.0
313.0,delete,74.22042967084172,196.0,26.0,74.5364329231475,7.0,3.0,3.0,3.0,12.0
314.0,add,74.07617022001622,197.0,42.0,74.1860085598463,2.0,3.0,6.0,2.0,15.0
315.0,delete,74.10293783687122,198.0,41.0,74.11500907959943,2.0,3.0,6.0,1.0,15.0
316.0,add,74.43883758954306,199.0,12.0,74.46697399987094,8.0,3.0,1.0,2.0,6.0
317.0,add,74.81295280062702,200.0,36.0,74.46044192898171,3.0,3.0,5.0,3.0,14.0
318.0,add,74.01607651090292,201.0,44.0,74.0188863968646,2.0,3.0,6.0,2.0,16.0
319.0,add,74.01542592053366,201.0,44.0,74.0188863968646,2.0,3.0,6.0,2.0,17.0
320.0,delete,74.4318789490761,201.0,44.0,74.0188863968646,2.0,3.0,6.0,2.0,15.0
321.0,swap,73.96135670607111,201.0,44.0,74.0188863968646,2.0,3.0,7.0,2.0,15.0
322.0,delete,74.17041327558572,202.0,27.0,74.53503923567742,6.0,3.0,3.0,3.0,12.0
323.0,add,74.2210450729749,203.0,43.0,74.08872489668968,2.0,3.0,6.0,3.0,15.0
324.0,add,74.38321622113511,204.0,42.0,74.15018147080059,2.0,3.0,6.0,2.0,15.0
325.0,add,74.43883758954304,205.0,13.0,74.45865008927535,8.0,4.0,1.0,2.0,6.0
326.0,add,74.81420086596421,206.0,37.0,74.37109420984049,3.0,3.0,5.0,3.0,15.0
327.0,add,74.0153280432863,207.0,45.0,74.01542592053366,2.0,3.0,6.0,2.0,17.0
328.0,add,74.02198719663114,207.0,45.0,74.01542592053366,2.0,3.0,6.0,3.0,17.0
329.0,delete,74.6662090878574,207.0,45.0,74.01542592053366,2.0,3.0,6.0,2.0,16.0
330.0,swap,74.6311173446386,207.0,45.0,74.01542592053366,2.0,3.0,7.0,1.0,17.0
331.0,add,74.32485624610324,208.0,28.0,74.53714961017762,5.0,3.0,3.0,4.0,13.0
332.0,add,74.00231577706555,209.0,44.0,74.27001351858942,2.0,3.0,7.0,2.0,16.0
333.0,delete,74.73767969751427,210.0,38.0,74.30115502041544,3.0,3.0,4.0,3.0,15.0
334.0,add,74.51524949505735,211.0,14.0,74.45553130348912,8.0,5.0,1.0,2.0,6.0
335.0,add,74.32872828815096,212.0,43.0,74.18196609144566,2.0,4.0,6.0,2.0,15.0
336.0,add,73.98123544696044,213.0,46.0,74.02198719663114,2.0,3.0,6.0,3.0,17.0
337.0,delete,74.02198719663114,213.0,46.0,74.02198719663114,2.0,3.0,6.0,3.0,16.0
338.0,swap,74.15788338332634,213.0,46.0,74.02198719663114,2.0,3.0,7.0,3.0,16.0
339.0,delete,74.71089360416047,214.0,29.0,74.52318815924663,5.0,3.0,4.0,2.0,13.0
340.0,add,74.00232588745524,215.0,45.0,74.04577330588727,2.0,3.0,6.0,3.0,17.0
341.0,delete,74.09039588261726,216.0,47.0,74.02198719663114,2.0,3.0,6.0,3.0,16.0
342.0,add,74.01278204028579,216.0,47.0,74.02198719663114,2.0,3.0,6.0,3.0,17.0
343.0,delete,74.01151673329956,216.0,47.0,74.02198719663114,2.0,3.0,6.0,3.0,15.0
344.0,swap,73.99418969885161,216.0,47.0,74.02198719663114,2.0,3.0,5.0,3.0,17.0
345.0,add,74.5186130482825,217.0,15.0,74.43789875146976,8.0,5.0,1.0,2.0,7.0
346.0,delete,74.57976715203165,218.0,30.0,74.49835050222067,5.0,3.0,4.0,2.0,12.0
347.0,add,74.78897671597797,219.0,39.0,74.18516781037448,3.0,3.0,5.0,2.0,16.0
348.0,add,74.00227045026838,220.0,44.0,74.11604997424571,2.0,3.0,6.0,2.0,17.0
349.0,delete,74.02198719663114,221.0,46.0,74.02617431033707,2.0,3.0,6.0,3.0,16.0
350.0,delete,74.55512123519638,222.0,40.0,74.1430192725368,3.0,3.0,5.0,2.0,15.0
351.0,add,74.00677951976128,223.0,48.0,74.01278204028579,2.0,3.0,6.0,3.0,17.0
352.0,add,74.31757294881118,223.0,48.0,74.01278204028579,2.0,3.0,6.0,3.0,18.0
353.0,delete,73.79859825889251,223.0,48.0,74.01278204028579,2.0,3.0,6.0,3.0,16.0
354.0,swap,74.07618412320964,223.0,48.0,74.01278204028579,2.0,3.0,6.0,3.0,17.0
355.0,add,74.48871860148435,224.0,16.0,74.42650898087985,8.0,4.0,1.0,3.0,8.0
356.0,delete,74.53067401658805,225.0,31.0,74.46617946451184,4.0,2.0,4.0,2.0,13.0
357.0,add,74.01986381515142,226.0,45.0,74.03681610809745,2.0,3.0,7.0,2.0,17.0
358.0,delete,74.22231519965459,227.0,41.0,74.11739219007544,2.0,3.0,5.0,2.0,15.0
359.0,add,74.0211937947929,228.0,47.0,74.04238337819208,2.0,3.0,6.0,3.0,17.0
360.0,delete,74.66121557949478,229.0,46.0,74.03392612670763,2.0,3.0,6.0,3.0,16.0
361.0,add,74.37569275173489,230.0,17.0,74.42013553993696,8.0,5.0,2.0,2.0,8.0
362.0,delete,74.61593683860238,231.0,32.0,74.44189689529946,3.0,3.0,4.0,2.0,12.0
363.0,add,74.31300265040504,232.0,49.0,74.31757294881118,2.0,3.0,6.0,3.0,18.0
364.0,delete,74.73832452686345,232.0,49.0,74.31757294881118,2.0,3.0,5.0,3.0,18.0
365.0,swap,74.19738140300045,232.0,49.0,74.31757294881118,2.0,3.0,6.0,3.0,18.0
366.0,add,74.03422818814411,233.0,48.0,74.39157038227003,2.0,3.0,6.0,3.0,18.0
367.0,add,74.27644202896394,234.0,42.0,74.15850812467757,2.0,3.0,6.0,2.0,15.0
368.0,delete,74.73822000760941,235.0,50.0,74.73832452686345,2.0,3.0,5.0,3.0,18.0
369.0,delete,74.737638728678,235.0,50.0,74.73832452686345,2.0,3.0,4.0,3.0,18.0
370.0,swap,74.72254743786405,235.0,50.0,74.73832452686345,2.0,3.0,5.0,3.0,18.0
371.0,add,74.25834890601996,236.0,18.0,74.42532191330729,8.0,4.0,3.0,2.0,9.0
372.0,add,74.66446577765464,237.0,33.0,74.42850535306295,3.0,2.0,4.0,2.0,14.0
373.0,add,73.81915061476741,238.0,47.0,74.2857272021783,2.0,4.0,6.0,3.0,16.0
374.0,delete,74.19738140300045,239.0,49.0,74.73418267525372,2.0,3.0,6.0,3.0,17.0
375.0,delete,74.7328521578436,240.0,51.0,74.737638728678,2.0,3.0,4.0,3.0,18.0
376.0,delete,74.73532518707911,240.0,51.0,74.737638728678,2.0,3.0,4.0,3.0,17.0
377.0,swap,74.7289966897491,240.0,51.0,74.737638728678,2.0,2.0,4.0,4.0,18.0
378.0,add,74.21318186334072,241.0,43.0,74.2249606401341,2.0,3.0,7.0,2.0,15.0
379.0,add,74.40297506049781,242.0,19.0,74.42599987419689,8.0,4.0,2.0,2.0,11.0
380.0,add,74.56636790353133,243.0,34.0,74.41756933426595,3.0,2.0,4.0,2.0,15.0
381.0,add,74.00702722492734,244.0,48.0,74.51612261075398,2.0,3.0,6.0,3.0,18.0
382.0,delete,74.7192404833523,245.0,50.0,74.73370319083745,2.0,3.0,5.0,3.0,17.0
383.0,delete,74.73458231501534,246.0,52.0,74.73532518707911,2.0,3.0,4.0,3.0,17.0
384.0,delete,74.73532518707911,246.0,52.0,74.73532518707911,2.0,3.0,4.0,3.0,16.0
385.0,swap,74.79111869636945,246.0,52.0,74.73532518707911,2.0,3.0,4.0,3.0,17.0
386.0,add,73.98042595611528,247.0,44.0,74.28081770570502,2.0,4.0,6.0,2.0,16.0
387.0,delete,74.33723973989972,248.0,49.0,74.69262940170861,2.0,3.0,6.0,3.0,17.0
388.0,add,74.40297506049781,249.0,20.0,74.42856469457254,8.0,4.0,2.0,2.0,12.0
389.0,add,74.79878877827895,250.0,35.0,74.40090062313091,3.0,2.0,5.0,2.0,15.0
390.0,delete,74.65747771271958,251.0,51.0,74.74908784638575,2.0,3.0,4.0,3.0,17.0
391.0,delete,74.73554785455775,252.0,53.0,74.73532518707911,2.0,3.0,4.0,3.0,16.0
392.0,add,74.76575506602448,252.0,53.0,74.73532518707911,2.0,3.0,4.0,3.0,17.0
393.0,delete,74.49699139720809,252.0,53.0,74.73532518707911,2.0,3.0,3.0,3.0,16.0
394.0,swap,74.58526530609808,252.0,53.0,74.73532518707911,2.0,3.0,4.0,3.0,16.0
395.0,add,74.0152567676766,253.0,45.0,74.33695796702648,2.0,3.0,6.0,2.0,18.0
396.0,add,74.54406602896833,254.0,1.0,74.47558149053678,8.0,0.0,1.0,0.0,0.0
397.0,delete,74.73680853174302,255.0,50.0,74.70431667552108,2.0,3.0,5.0,3.0,17.0
398.0,add,74.29800809489582,256.0,21.0,74.43407819594326,8.0,4.0,3.0,2.0,12.0
399.0,add,74.77932023299223,257.0,36.0,74.38494003868706,3.0,2.0,5.0,3.0,15.0
400.0,delete,74.73571783685435,258.0,52.0,74.66377696219351,2.0,3.0,4.0,2.0,17.0
401.0,add,74.75301222944466,259.0,54.0,74.76575506602448,2.0,3.0,4.0,3.0,17.0
402.0,add,74.90437066091864,259.0,54.0,74.76575506602448,2.0,3.0,4.0,3.0,18.0
403.0,delete,74.76575506602448,259.0,54.0,74.76575506602448,2.0,3.0,4.0,3.0,16.0
404.0,swap,74.7657550660245,259.0,54.0,74.76575506602448,2.0,3.0,4.0,4.0,16.0
405.0,delete,74.01630534844232,260.0,46.0,74.43796200835472,2.0,2.0,6.0,3.0,17.0
406.0,add,74.5559015470189,261.0,2.0,74.47754220397039,8.0,1.0,0.0,0.0,1.0
407.0,delete,74.76081629328168,262.0,51.0,74.7258571129584,2.0,3.0,4.0,2.0,18.0
408.0,add,74.28540861203649,263.0,22.0,74.44831225515887,8.0,4.0,3.0,3.0,12.0
409.0,add,74.81301154183305,264.0,37.0,74.37881473744358,3.0,3.0,5.0,4.0,14.0
410.0,add,74.66445985716923,265.0,53.0,74.79092961768735,2.0,3.0,4.0,3.0,17.0
411.0,delete,74.66460819626401,266.0,52.0,74.71890504794577,2.0,3.0,4.0,3.0,16.0
412.0,add,74.90437066091864,267.0,55.0,74.90437066091864,2.0,3.0,4.0,3.0,18.0
413.0,delete,74.933316573502,267.0,55.0,74.90437066091864,2.0,2.0,4.0,3.0,18.0
414.0,swap,74.85483174655674,267.0,55.0,74.90437066091864,2.0,3.0,5.0,3.0,17.0
415.0,add,74.02236275396098,268.0,47.0,74.53506227762708,2.0,3.0,6.0,3.0,17.0
416.0,add,74.63041536454674,269.0,3.0,74.47921078372366,8.0,2.0,1.0,0.0,0.0
417.0,delete,74.83023809606684,270.0,38.0,74.37063006180976,3.0,3.0,5.0,3.0,14.0
418.0,add,74.48372580053366,271.0,23.0,74.46055582559597,8.0,5.0,3.0,3.0,12.0
419.0,add,74.75441362161759,272.0,54.0,74.89922241047401,2.0,3.0,4.0,3.0,18.0
420.0,delete,74.93347351739752,273.0,56.0,74.933316573502,2.0,2.0,4.0,3.0,18.0
421.0,delete,74.89595400636186,273.0,56.0,74.933316573502,2.0,2.0,4.0,3.0,17.0
422.0,swap,74.582373226296,273.0,56.0,74.933316573502,2.0,3.0,3.0,3.0,18.0
423.0,add,74.01660961324573,274.0,48.0,74.65048921545319,2.0,4.0,6.0,3.0,17.0
424.0,add,74.73322271644999,275.0,53.0,74.80598779217357,2.0,3.0,4.0,3.0,17.0
425.0,delete,74.90437066091864,276.0,55.0,74.83627933088934,2.0,3.0,4.0,2.0,18.0
426.0,add,74.63041536454668,277.0,4.0,74.48061533283419,8.0,1.0,1.0,0.0,2.0
427.0,delete,74.29463931146402,278.0,24.0,74.47349548425925,8.0,4.0,3.0,3.0,12.0
428.0,add,74.78348570531126,279.0,39.0,74.36586236913057,3.0,4.0,5.0,2.0,15.0
429.0,delete,74.89588524718035,280.0,57.0,74.89595400636186,2.0,2.0,4.0,3.0,17.0
430.0,delete,74.81320677663051,280.0,57.0,74.89595400636186,2.0,2.0,4.0,3.0,16.0
431.0,swap,74.863868894868,280.0,57.0,74.89595400636186,2.0,2.0,5.0,3.0,16.0
432.0,delete,74.20789694093857,281.0,49.0,74.73616464829318,2.0,2.0,6.0,3.0,18.0
433.0,add,74.74347995955488,282.0,54.0,74.85336963276387,2.0,3.0,4.0,3.0,18.0
434.0,delete,74.89455230897447,283.0,56.0,74.86722873126018,2.0,2.0,4.0,3.0,17.0
435.0,delete,74.64656799631885,284.0,25.0,74.48780622763269,6.0,4.0,3.0,3.0,13.0
436.0,add,74.63041536454668,285.0,5.0,74.4822289561352,8.0,1.0,1.0,0.0,3.0
437.0,delete,74.26019934073132,286.0,40.0,74.37965020597836,3.0,3.0,6.0,2.0,14.0
438.0,delete,74.81999515214491,287.0,58.0,74.81320677663051,2.0,2.0,4.0,3.0,16.0
439.0,delete,74.72924692820247,287.0,58.0,74.81320677663051,2.0,2.0,4.0,3.0,15.0
440.0,swap,74.76072741142677,287.0,58.0,74.81320677663051,2.0,2.0,5.0,3.0,15.0
441.0,delete,74.63271888480334,288.0,50.0,74.76730025457694,2.0,3.0,5.0,3.0,17.0
442.0,delete,74.90399536837671,289.0,55.0,74.83558089199194,2.0,3.0,4.0,2.0,18.0
443.0,delete,74.88339566401797,290.0,57.0,74.78079406710117,2.0,2.0,4.0,3.0,16.0
444.0,delete,74.58563355199888,291.0,26.0,74.50264407618135,7.0,3.0,2.0,3.0,13.0
445.0,delete,74.12068520911278,292.0,41.0,74.40863553237011,2.0,3.0,6.0,2.0,14.0
446.0,add,74.6451418326074,293.0,6.0,74.48255915420064,8.0,1.0,2.0,1.0,2.0
447.0,delete,74.7300226654367,294.0,59.0,74.72924692820247,2.0,2.0,4.0,3.0,15.0
448.0,add,74.72210221891199,294.0,59.0,74.72924692820247,2.0,2.0,4.0,4.0,15.0
449.0,delete,74.72924692820249,294.0,59.0,74.72924692820247,2.0,2.0,4.0,2.0,15.0
450.0,swap,74.74873438679177,294.0,59.0,74.72924692820247,2.0,2.0,5.0,3.0,14.0
451.0,delete,74.59860714479304,295.0,51.0,74.77466676422179,2.0,3.0,4.0,3.0,17.0
452.0,delete,74.60298602215421,296.0,56.0,74.80668758378079,2.0,2.0,4.0,3.0,17.0
453.0,delete,74.17041327558572,297.0,27.0,74.51670033353739,6.0,3.0,3.0,3.0,12.0
454.0,delete,74.80811357946847,298.0,58.0,74.73187062550907,2.0,2.0,4.0,3.0,15.0
455.0,add,74.24979925116159,299.0,42.0,74.45133820935919,2.0,3.0,7.0,2.0,14.0
456.0,add,74.59133833469224,300.0,7.0,74.48250207319832,8.0,2.0,1.0,2.0,2.0
457.0,add,74.70153340362474,301.0,60.0,74.72210221891199,2.0,2.0,4.0,4.0,15.0
458.0,add,74.55996540516753,301.0,60.0,74.72210221891199,2.0,2.0,4.0,4.0,16.0
459.0,delete,74.61096383094586,301.0,60.0,74.72210221891199,2.0,2.0,4.0,4.0,14.0
460.0,swap,74.4694963424008,301.0,60.0,74.72210221891199,2.0,2.0,3.0,5.0,15.0
461.0,delete,74.76592291360191,302.0,52.0,74.75757094995531,2.0,3.0,4.0,3.0,16.0
462.0,delete,74.91811564208206,303.0,57.0,74.72048219238377,2.0,2.0,4.0,3.0,16.0
463.0,add,74.3813497245328,304.0,28.0,74.5278113701444,5.0,3.0,3.0,3.0,14.0
464.0,add,74.76243455919713,305.0,59.0,74.61281224021019,2.0,2.0,5.0,3.0,15.0
465.0,add,74.08304075323741,306.0,43.0,74.48213671156054,2.0,3.0,6.0,2.0,16.0
466.0,add,74.59767242858432,307.0,8.0,74.48249947961874,8.0,2.0,1.0,1.0,4.0
467.0,delete,74.77238621372544,308.0,58.0,74.68835093166817,2.0,2.0,4.0,3.0,15.0
468.0,add,74.5604363393361,309.0,61.0,74.55996540516753,2.0,2.0,4.0,4.0,16.0
469.0,add,74.33038455639743,309.0,61.0,74.55996540516753,2.0,2.0,4.0,4.0,17.0
470.0,delete,74.6835664530014,309.0,61.0,74.55996540516753,2.0,2.0,4.0,4.0,15.0
471.0,swap,74.45086863387777,309.0,61.0,74.55996540516753,2.0,1.0,4.0,4.0,17.0
472.0,delete,74.72698951836071,310.0,29.0,74.53085063195344,5.0,3.0,4.0,3.0,12.0
473.0,add,74.71119139868642,311.0,53.0,74.752027275422,2.0,3.0,5.0,3.0,16.0
474.0,add,74.8936398736524,312.0,60.0,74.51704427755605,2.0,2.0,4.0,4.0,16.0
475.0,add,73.95742948342821,313.0,44.0,74.51362023784777,2.0,3.0,7.0,2.0,16.0
476.0,add,74.5904531633897,314.0,9.0,74.48187087706361,8.0,3.0,1.0,2.0,3.0
477.0,add,74.73014789866029,315.0,59.0,74.61321741968302,2.0,2.0,4.0,3.0,16.0
478.0,add,74.336749802258,316.0,62.0,74.33038455639743,2.0,2.0,4.0,4.0,17.0
479.0,add,74.81255358997934,316.0,62.0,74.33038455639743,2.0,2.0,4.0,4.0,18.0
480.0,delete,74.3175666403125,316.0,62.0,74.33038455639743,2.0,2.0,4.0,4.0,16.0
481.0,swap,74.61118522844875,316.0,62.0,74.33038455639743,2.0,3.0,4.0,3.0,17.0
482.0,delete,74.57976715203166,317.0,30.0,74.5306686796786,5.0,2.0,4.0,2.0,13.0
483.0,add,74.52402806929035,318.0,54.0,74.73426258571186,2.0,3.0,5.0,3.0,17.0
484.0,add,74.67306208456371,319.0,61.0,74.4816879634792,2.0,3.0,4.0,4.0,16.0
485.0,add,74.0163247384546,320.0,45.0,74.54001436268841,2.0,3.0,6.0,3.0,17.0
486.0,add,74.55808601159704,321.0,10.0,74.47916052342926,8.0,2.0,1.0,2.0,5.0
487.0,add,74.72210221891199,322.0,60.0,74.56636169154501,2.0,2.0,4.0,5.0,15.0
488.0,delete,74.54871977062298,323.0,55.0,74.71981349368735,2.0,3.0,3.0,3.0,18.0
489.0,add,74.8114056870803,324.0,63.0,74.81255358997934,2.0,2.0,4.0,4.0,18.0
490.0,add,74.87934892294398,324.0,63.0,74.81255358997934,2.0,2.0,5.0,4.0,18.0
491.0,delete,74.79954141071826,324.0,63.0,74.81255358997934,1.0,2.0,4.0,4.0,18.0
492.0,swap,74.70261675598726,324.0,63.0,74.81255358997934,2.0,2.0,5.0,4.0,17.0
493.0,delete,74.62550287309988,325.0,31.0,74.53121922244891,3.0,3.0,4.0,2.0,13.0
494.0,delete,74.02198719663114,326.0,46.0,74.5818298751302,2.0,3.0,6.0,3.0,16.0
495.0,add,74.69588455486405,327.0,62.0,74.80109327334182,2.0,2.0,4.0,4.0,18.0
496.0,add,74.43493944903939,328.0,11.0,74.48093055494678,8.0,3.0,1.0,2.0,5.0
497.0,delete,74.77584420949037,329.0,56.0,74.71035882663872,2.0,2.0,4.0,3.0,17.0
498.0,add,74.56357983016545,330.0,61.0,74.63366356668668,2.0,2.0,4.0,4.0,17.0
499.0,delete,74.69380588561393,331.0,32.0,74.52554870872989,3.0,2.0,4.0,2.0,13.0
500.0,add,74.87440735781885,332.0,64.0,74.87934892294398,2.0,2.0,5.0,4.0,18.0
501.0,add,74.6289790584538,332.0,64.0,74.87934892294398,2.0,2.0,6.0,4.0,18.0
502.0,delete,74.87704841577565,332.0,64.0,74.87934892294398,2.0,2.0,5.0,4.0,17.0
503.0,swap,74.55314266605325,332.0,64.0,74.87934892294398,2.0,2.0,5.0,4.0,18.0
504.0,add,74.02233459751231,333.0,47.0,74.622528781568,2.0,3.0,6.0,4.0,16.0
505.0,delete,74.89147895086286,334.0,57.0,74.69353602788816,2.0,2.0,4.0,2.0,17.0
506.0,add,74.43883758954306,335.0,12.0,74.4858176721369,8.0,3.0,1.0,2.0,6.0
507.0,add,74.94028514746411,336.0,63.0,74.76258528420911,2.0,2.0,4.0,4.0,19.0
508.0,add,74.75424151258332,337.0,62.0,74.77956486973989,2.0,2.0,4.0,4.0,18.0
509.0,add,74.65606702485364,338.0,33.0,74.52662704490432,3.0,2.0,5.0,2.0,13.0
510.0,add,74.62831448435334,339.0,65.0,74.6289790584538,2.0,2.0,6.0,4.0,18.0
511.0,add,74.62375270199563,339.0,65.0,74.6289790584538,2.0,3.0,6.0,4.0,18.0
512.0,delete,74.44491831030652,339.0,65.0,74.6289790584538,2.0,1.0,6.0,4.0,18.0
513.0,swap,74.53728833471386,339.0,65.0,74.6289790584538,2.0,2.0,5.0,4.0,19.0
514.0,add,73.8082206573059,340.0,48.0,74.67216827506415,2.0,4.0,6.0,3.0,17.0
515.0,delete,74.79649224848588,341.0,58.0,74.66953162331882,2.0,2.0,4.0,3.0,15.0
516.0,add,74.43493944903938,342.0,13.0,74.48825294060549,8.0,4.0,1.0,2.0,6.0
517.0,add,74.68472199734533,343.0,64.0,74.57265057796464,2.0,2.0,5.0,4.0,19.0
518.0,add,74.80801455306894,344.0,63.0,74.69747339974766,2.0,2.0,4.0,5.0,18.0
519.0,add,74.71361941372872,345.0,34.0,74.52520830809958,3.0,2.0,4.0,2.0,15.0
520.0,add,74.62447853976431,346.0,66.0,74.62375270199563,2.0,3.0,6.0,4.0,18.0
521.0,delete,74.6289790584538,346.0,66.0,74.62375270199563,2.0,2.0,6.0,4.0,18.0
522.0,swap,74.84974169127253,346.0,66.0,74.62375270199563,2.0,3.0,7.0,4.0,17.0
523.0,delete,74.30149928369295,347.0,49.0,74.70654676584707,2.0,3.0,5.0,3.0,18.0
524.0,add,74.64960376245713,348.0,59.0,74.66306282232897,2.0,2.0,5.0,3.0,15.0
525.0,add,74.67411059016283,349.0,65.0,74.68173799787156,2.0,2.0,7.0,4.0,18.0
526.0,add,74.49941042385808,350.0,14.0,74.49236188941742,8.0,4.0,1.0,3.0,6.0
527.0,delete,74.63618575197397,351.0,67.0,74.6289790584538,2.0,2.0,6.0,4.0,18.0
528.0,add,74.44211431497264,351.0,67.0,74.6289790584538,2.0,2.0,7.0,4.0,18.0
529.0,delete,74.6350983230764,351.0,67.0,74.6289790584538,2.0,2.0,6.0,4.0,17.0
530.0,swap,74.63329329711271,351.0,67.0,74.6289790584538,2.0,2.0,7.0,4.0,17.0
531.0,add,74.81558979925143,352.0,35.0,74.52267660418605,3.0,2.0,5.0,2.0,15.0
532.0,delete,74.75802179943307,353.0,50.0,74.71369182450962,2.0,3.0,5.0,2.0,18.0
533.0,add,74.98998992972818,354.0,64.0,74.61942688956842,2.0,3.0,5.0,4.0,18.0
534.0,add,74.72211997362824,355.0,60.0,74.66342471856709,2.0,2.0,4.0,4.0,16.0
535.0,delete,74.24778583089,356.0,66.0,74.59513414911791,2.0,3.0,5.0,4.0,18.0
536.0,add,74.50745909130815,357.0,15.0,74.49530194726489,8.0,4.0,1.0,3.0,7.0
537.0,add,74.44691834947207,358.0,68.0,74.44211431497264,2.0,2.0,7.0,4.0,18.0
538.0,add,74.14265573957478,358.0,68.0,74.44211431497264,2.0,3.0,7.0,4.0,18.0
539.0,delete,74.540094487317,358.0,68.0,74.44211431497264,2.0,2.0,7.0,4.0,17.0
540.0,swap,74.16824846209066,358.0,68.0,74.44211431497264,2.0,3.0,6.0,4.0,18.0
541.0,add,74.82252632510706,359.0,36.0,74.51154680578121,3.0,3.0,5.0,3.0,14.0
542.0,delete,74.59662485322917,360.0,51.0,74.6967584795778,2.0,3.0,4.0,3.0,17.0
543.0,add,74.48169128886724,361.0,65.0,74.52096122415209,2.0,2.0,7.0,4.0,18.0
544.0,add,74.5535558056549,362.0,61.0,74.61616357072772,2.0,2.0,4.0,4.0,17.0
545.0,add,74.6334597447163,363.0,67.0,74.34800627068543,2.0,2.0,6.0,4.0,19.0
546.0,add,74.52474925627519,364.0,16.0,74.49450353235505,8.0,4.0,1.0,2.0,9.0
547.0,delete,74.42163251482398,365.0,66.0,74.46862121451367,2.0,3.0,5.0,4.0,18.0
548.0,add,74.12087609495804,366.0,69.0,74.14265573957478,2.0,3.0,7.0,4.0,18.0
549.0,delete,73.92294190266325,366.0,69.0,74.14265573957478,2.0,3.0,7.0,4.0,17.0
550.0,swap,74.47066304532439,366.0,69.0,74.14265573957478,2.0,3.0,7.0,5.0,17.0
551.0,add,74.76381354534895,367.0,37.0,74.49810056406554,3.0,3.0,5.0,3.0,15.0
552.0,delete,74.50262776081905,368.0,52.0,74.67397131196407,2.0,3.0,4.0,3.0,16.0
553.0,add,74.56047706797635,369.0,68.0,74.16428419563012,2.0,2.0,7.0,4.0,19.0
554.0,add,74.4636667159687,370.0,62.0,74.59815132017174,2.0,2.0,5.0,4.0,17.0
555.0,delete,73.92315489674968,371.0,70.0,73.92294190266325,2.0,3.0,7.0,4.0,17.0
556.0,delete,73.89215131361081,371.0,70.0,73.92294190266325,2.0,3.0,7.0,4.0,16.0
557.0,swap,74.40459993884782,371.0,70.0,73.92294190266325,2.0,4.0,7.0,4.0,16.0
558.0,add,74.374875981656,372.0,17.0,74.48911156633174,8.0,4.0,2.0,2.0,9.0
559.0,delete,74.8275212780473,373.0,38.0,74.48206791296406,3.0,3.0,5.0,3.0,14.0
560.0,add,74.73504701190564,374.0,53.0,74.65311458515446,2.0,3.0,5.0,3.0,16.0
561.0,add,74.61309029058128,375.0,67.0,74.28218118140568,2.0,2.0,6.0,4.0,19.0
562.0,delete,74.13935383348075,376.0,69.0,74.03571201296789,2.0,3.0,7.0,4.0,17.0
563.0,delete,73.95076130455894,377.0,71.0,73.89215131361081,2.0,3.0,7.0,4.0,16.0
564.0,delete,73.89215131361081,377.0,71.0,73.89215131361081,2.0,3.0,7.0,4.0,15.0
565.0,swap,74.88643905081253,377.0,71.0,73.89215131361081,2.0,3.0,7.0,4.0,16.0
566.0,add,74.42312365608446,378.0,18.0,74.49116850899932,8.0,4.0,3.0,2.0,9.0
567.0,add,74.833157506274,379.0,63.0,74.49886243701798,2.0,2.0,4.0,4.0,19.0
568.0,add,74.68311324879636,380.0,39.0,74.46989552096663,3.0,3.0,6.0,2.0,15.0
569.0,add,74.45174342575095,381.0,68.0,74.19218545851402,2.0,2.0,7.0,4.0,19.0
570.0,add,74.7655227769186,382.0,54.0,74.62965914716668,2.0,3.0,4.0,3.0,18.0
571.0,delete,74.17174434966716,383.0,70.0,74.15537574564827,2.0,3.0,6.0,4.0,17.0
572.0,delete,73.89071619641535,384.0,72.0,73.89215131361081,2.0,3.0,7.0,4.0,15.0
573.0,add,73.95002239451557,384.0,72.0,73.89215131361081,2.0,3.0,8.0,4.0,15.0
574.0,delete,73.89215131361081,384.0,72.0,73.89215131361081,2.0,3.0,7.0,4.0,14.0
575.0,swap,74.233000087945,384.0,72.0,73.89215131361081,2.0,3.0,7.0,4.0,15.0
576.0,add,74.40297506049781,385.0,19.0,74.48923779759347,8.0,4.0,2.0,2.0,11.0
577.0,delete,74.68307952498269,386.0,40.0,74.45848843718086,3.0,3.0,6.0,2.0,14.0
578.0,add,74.95847305578283,387.0,64.0,74.39293879567114,2.0,2.0,5.0,4.0,19.0
579.0,delete,74.49045557596725,388.0,55.0,74.59446907539292,1.0,3.0,4.0,3.0,18.0
580.0,delete,74.14265573957478,389.0,69.0,74.08839906896067,2.0,3.0,7.0,4.0,17.0
581.0,delete,74.32507605748579,390.0,71.0,73.97160826121952,2.0,2.0,7.0,4.0,16.0
582.0,add,73.95926859504127,391.0,73.0,73.95002239451557,2.0,3.0,8.0,4.0,15.0
583.0,add,74.50110823714633,391.0,73.0,73.95002239451557,2.0,3.0,8.0,4.0,16.0
584.0,delete,74.36249251237444,391.0,73.0,73.95002239451557,2.0,2.0,8.0,4.0,15.0
585.0,swap,74.2268506970982,391.0,73.0,73.95002239451557,2.0,4.0,8.0,4.0,14.0
586.0,add,74.4032871863078,392.0,20.0,74.48904448713304,8.0,4.0,2.0,3.0,11.0
587.0,delete,74.63908246678533,393.0,41.0,74.46069363055548,2.0,3.0,6.0,2.0,14.0
588.0,delete,74.56573748882128,394.0,56.0,74.56222596482044,2.0,2.0,3.0,3.0,18.0
589.0,add,74.59691589768383,395.0,65.0,74.33448122795943,2.0,2.0,7.0,4.0,18.0
590.0,delete,73.92294190266325,396.0,70.0,74.15242381599236,2.0,3.0,7.0,4.0,16.0
591.0,add,74.5520828456177,397.0,72.0,74.19994848723516,2.0,3.0,7.0,4.0,16.0
592.0,delete,73.89215131361081,398.0,71.0,74.16226547735103,2.0,3.0,7.0,4.0,15.0
593.0,delete,74.63012325868436,399.0,66.0,74.27761875887605,2.0,3.0,6.0,4.0,17.0
594.0,add,74.45765300897322,400.0,74.0,74.50110823714633,2.0,3.0,8.0,4.0,16.0
595.0,delete,74.48752420160416,400.0,74.0,74.50110823714633,1.0,3.0,8.0,4.0,16.0
596.0,swap,74.59074432370141,400.0,74.0,74.50110823714633,2.0,2.0,8.0,4.0,17.0
597.0,add,74.3039144529685,401.0,21.0,74.48861538824865,8.0,5.0,3.0,2.0,11.0
598.0,add,74.25249850060753,402.0,42.0,74.4724082393926,2.0,3.0,6.0,3.0,14.0
599.0,delete,74.89595294431916,403.0,57.0,74.5341162930307,2.0,2.0,4.0,2.0,17.0
600.0,add,73.94830315864118,404.0,73.0,74.50925744285628,2.0,3.0,8.0,5.0,15.0
601.0,delete,74.4867119861935,405.0,75.0,74.48752420160416,1.0,3.0,8.0,4.0,16.0
602.0,delete,74.52413748665856,405.0,75.0,74.48752420160416,1.0,3.0,8.0,4.0,15.0
603.0,swap,74.61152338778687,405.0,75.0,74.48752420160416,1.0,3.0,9.0,4.0,15.0
604.0,delete,74.68267304451706,406.0,58.0,74.51011618526773,2.0,2.0,4.0,3.0,15.0
605.0,add,74.60653381302892,407.0,43.0,74.48267615697792,2.0,4.0,6.0,2.0,15.0
606.0,add,74.26698973326941,408.0,22.0,74.49310388075058,8.0,4.0,3.0,4.0,11.0
607.0,add,74.46332167523629,409.0,67.0,74.26826885933484,2.0,2.0,6.0,4.0,19.0
608.0,add,74.17274533295176,410.0,72.0,74.35834021810403,2.0,3.0,7.0,4.0,16.0
609.0,delete,74.50110823714634,411.0,74.0,74.52747426556077,2.0,3.0,8.0,3.0,16.0
610.0,delete,74.52277131358125,412.0,76.0,74.52413748665856,1.0,3.0,8.0,4.0,15.0
611.0,add,74.63021896441536,412.0,76.0,74.52413748665856,1.0,4.0,8.0,4.0,15.0
612.0,delete,74.32229232454895,412.0,76.0,74.52413748665856,1.0,3.0,8.0,4.0,14.0
613.0,swap,74.41073411082974,412.0,76.0,74.52413748665856,1.0,3.0,9.0,3.0,15.0
614.0,add,74.3393892820123,413.0,59.0,74.48765490103634,2.0,2.0,4.0,3.0,16.0
615.0,add,74.02912611721968,414.0,44.0,74.49243497333353,2.0,3.0,6.0,2.0,17.0
616.0,add,74.52998713637122,415.0,23.0,74.49320368582228,8.0,4.0,4.0,3.0,12.0
617.0,add,74.44121666265211,416.0,68.0,74.26116747519293,2.0,2.0,7.0,5.0,18.0
618.0,add,74.36863632059381,417.0,73.0,74.46114082624821,2.0,3.0,8.0,4.0,16.0
619.0,delete,74.5053080912583,418.0,75.0,74.48203084000677,1.0,3.0,8.0,4.0,15.0
620.0,add,74.63085767203661,419.0,77.0,74.63021896441536,1.0,4.0,8.0,4.0,15.0
621.0,add,74.60607464309244,419.0,77.0,74.63021896441536,1.0,4.0,8.0,4.0,16.0
622.0,delete,74.68240826374745,419.0,77.0,74.63021896441536,1.0,4.0,7.0,4.0,15.0
623.0,swap,74.48849576323411,419.0,77.0,74.63021896441536,1.0,4.0,8.0,5.0,14.0
624.0,add,74.72210221891197,420.0,60.0,74.47860309123651,2.0,2.0,4.0,5.0,15.0
625.0,delete,74.40842124271656,421.0,24.0,74.49806384721323,8.0,4.0,2.0,3.0,13.0
626.0,add,74.01163430898809,422.0,45.0,74.5072694479706,2.0,3.0,6.0,2.0,18.0
627.0,delete,74.47247808795838,423.0,69.0,74.29224547288041,2.0,3.0,7.0,4.0,17.0
628.0,delete,74.5734242269156,424.0,74.0,74.52929760329526,2.0,3.0,8.0,4.0,15.0
629.0,add,74.55678724790951,425.0,76.0,74.60761106130519,1.0,3.0,8.0,4.0,16.0
630.0,delete,74.68024904409859,426.0,75.0,74.53455326193749,1.0,3.0,8.0,4.0,15.0
631.0,delete,74.38622029913267,427.0,70.0,74.3399953486078,2.0,3.0,6.0,4.0,17.0
632.0,add,74.60607464309244,428.0,78.0,74.60607464309244,1.0,4.0,8.0,4.0,16.0
633.0,add,74.6157968595334,428.0,78.0,74.60607464309244,1.0,4.0,8.0,4.0,17.0
634.0,delete,74.6553922851991,428.0,78.0,74.60607464309244,1.0,3.0,8.0,4.0,16.0
635.0,swap,74.39214063908553,428.0,78.0,74.60607464309244,1.0,4.0,8.0,4.0,16.0
636.0,delete,74.39773601437318,429.0,25.0,74.50191081907266,6.0,4.0,3.0,3.0,13.0
637.0,delete,73.95240858180387,430.0,46.0,74.52444142575453,2.0,2.0,6.0,3.0,17.0
638.0,add,74.32570208161493,431.0,61.0,74.47272480520647,2.0,2.0,4.0,4.0,17.0
639.0,add,74.68893639181674,432.0,77.0,74.57509581400058,1.0,4.0,8.0,4.0,16.0
640.0,delete,74.37683977636334,433.0,71.0,74.39472106392611,1.0,3.0,7.0,4.0,16.0
641.0,add,74.53656758228531,434.0,76.0,74.59574394301478,1.0,3.0,8.0,4.0,16.0
642.0,add,74.61107956937104,435.0,79.0,74.6157968595334,1.0,4.0,8.0,4.0,17.0
643.0,delete,74.73321736323848,435.0,79.0,74.6157968595334,1.0,4.0,7.0,4.0,17.0
644.0,swap,74.60331462939656,435.0,79.0,74.6157968595334,1.0,4.0,8.0,5.0,16.0
645.0,delete,74.22042967084174,436.0,26.0,74.5053703603873,7.0,2.0,3.0,3.0,13.0
646.0,add,74.02709137629772,437.0,47.0,74.54100195592775,2.0,3.0,7.0,3.0,16.0
647.0,add,74.40206635208426,438.0,62.0,74.47890535054508,2.0,2.0,5.0,4.0,17.0
648.0,add,74.5583755657243,439.0,78.0,74.64085210538488,1.0,4.0,8.0,4.0,17.0
649.0,delete,74.73321736323848,440.0,80.0,74.73321736323848,1.0,4.0,7.0,4.0,17.0
650.0,delete,74.76425120874501,440.0,80.0,74.73321736323848,1.0,4.0,6.0,4.0,17.0
651.0,swap,74.5820800056199,440.0,80.0,74.73321736323848,1.0,4.0,7.0,4.0,17.0
652.0,delete,74.30833512537441,441.0,27.0,74.5110900640496,6.0,3.0,3.0,2.0,13.0
653.0,add,73.92942127377107,442.0,72.0,74.49734093897706,2.0,3.0,7.0,4.0,16.0
654.0,add,74.66565814011042,443.0,77.0,74.62691932055026,1.0,4.0,8.0,4.0,16.0
655.0,add,74.01367838974402,444.0,48.0,74.56154721836718,2.0,3.0,6.0,3.0,18.0
656.0,add,74.82186780360749,445.0,63.0,74.46588572976638,2.0,3.0,4.0,4.0,18.0
657.0,delete,74.68138505708342,446.0,79.0,74.70319148521047,1.0,4.0,7.0,4.0,17.0
658.0,delete,74.76431099638954,447.0,81.0,74.76425120874501,1.0,4.0,6.0,4.0,17.0
659.0,delete,74.75284708448784,447.0,81.0,74.76425120874501,1.0,4.0,6.0,4.0,16.0
660.0,swap,74.30744873893522,447.0,81.0,74.76425120874501,1.0,4.0,6.0,4.0,17.0
661.0,add,74.55590154701888,448.0,1.0,74.49809040060748,8.0,1.0,0.0,0.0,0.0
662.0,add,74.47302857259773,449.0,73.0,74.55847915343665,2.0,3.0,8.0,4.0,16.0
663.0,add,74.3268657200938,450.0,28.0,74.5149910417763,5.0,3.0,3.0,3.0,14.0
664.0,add,74.65439041931123,451.0,78.0,74.64227703681361,1.0,5.0,8.0,4.0,16.0
665.0,delete,74.319337383925,452.0,49.0,74.57912308746336,2.0,3.0,6.0,3.0,17.0
666.0,delete,74.64177259541094,453.0,80.0,74.64721450713941,1.0,4.0,7.0,4.0,16.0
667.0,add,74.85848720466291,454.0,64.0,74.45127571893124,2.0,3.0,5.0,4.0,18.0
668.0,delete,74.7385497007266,455.0,82.0,74.75284708448784,1.0,4.0,6.0,4.0,16.0
669.0,delete,74.8157889013346,455.0,82.0,74.75284708448784,1.0,4.0,6.0,4.0,15.0
670.0,swap,74.80329752753917,455.0,82.0,74.75284708448784,1.0,4.0,6.0,4.0,16.0
671.0,add,74.5559015470189,456.0,2.0,74.49900524034769,8.0,1.0,0.0,0.0,1.0
672.0,delete,74.46789038222333,457.0,74.0,74.60316300581833,2.0,3.0,7.0,4.0,16.0
673.0,delete,74.47807026142682,458.0,29.0,74.51989040286782,5.0,2.0,4.0,3.0,13.0
674.0,delete,74.62281183609781,459.0,79.0,74.69318054522911,1.0,4.0,8.0,4.0,16.0
675.0,delete,74.60866653754856,460.0,50.0,74.5870926613331,2.0,3.0,5.0,3.0,17.0
676.0,delete,74.75992577443449,461.0,81.0,74.77762080352204,1.0,4.0,6.0,4.0,16.0
677.0,delete,74.81583926034003,462.0,83.0,74.8157889013346,1.0,4.0,6.0,4.0,15.0
678.0,add,74.92011664886368,462.0,83.0,74.8157889013346,1.0,4.0,7.0,4.0,15.0
679.0,delete,74.68446009045456,462.0,83.0,74.8157889013346,1.0,3.0,6.0,4.0,15.0
680.0,swap,74.85096047964541,462.0,83.0,74.8157889013346,1.0,4.0,6.0,3.0,16.0
681.0,add,74.65064842004604,463.0,65.0,74.46321027392342,2.0,2.0,6.0,4.0,19.0
682.0,add,74.62419858072322,464.0,3.0,74.50061262809741,8.0,1.0,1.0,0.0,1.0
683.0,delete,74.58100128025676,465.0,30.0,74.52321790033986,5.0,3.0,4.0,1.0,13.0
684.0,delete,74.49592817692204,466.0,75.0,74.63708151909567,1.0,2.0,8.0,4.0,16.0
685.0,delete,74.76274914196523,467.0,51.0,74.58770762196444,2.0,3.0,4.0,3.0,17.0
686.0,delete,74.58586933450172,468.0,80.0,74.73996684671592,1.0,4.0,7.0,4.0,16.0
687.0,delete,74.7084731150845,469.0,82.0,74.81743307612767,1.0,4.0,6.0,4.0,15.0
688.0,delete,74.70980294069578,470.0,66.0,74.45663390861492,2.0,3.0,6.0,4.0,17.0
689.0,add,74.92268378652953,471.0,84.0,74.92011664886368,1.0,4.0,7.0,4.0,15.0
690.0,add,74.92044282663018,471.0,84.0,74.92011664886368,1.0,4.0,7.0,4.0,16.0
691.0,delete,74.72674559061326,471.0,84.0,74.92011664886368,1.0,4.0,7.0,4.0,14.0
692.0,swap,74.87841241779415,471.0,84.0,74.92011664886368,1.0,5.0,7.0,4.0,14.0
693.0,add,74.59297804979789,472.0,4.0,74.5022553979421,8.0,1.0,1.0,0.0,2.0
694.0,delete,74.55307628508496,473.0,31.0,74.52603967130511,4.0,3.0,4.0,2.0,12.0
695.0,delete,74.57042575852813,474.0,52.0,74.5904079855596,2.0,3.0,4.0,3.0,16.0
696.0,add,74.58714817828375,475.0,76.0,74.68042626788048,1.0,3.0,9.0,4.0,15.0
697.0,delete,74.75489930741483,476.0,81.0,74.80703880031986,1.0,4.0,5.0,4.0,17.0
698.0,add,74.65124103075156,477.0,83.0,74.87368025408617,1.0,4.0,6.0,4.0,16.0
699.0,add,74.65319987725873,478.0,67.0,74.47240327236983,2.0,2.0,6.0,4.0,19.0
700.0,delete,74.75284708448784,479.0,82.0,74.8086512861856,1.0,4.0,6.0,4.0,15.0
701.0,add,74.92610982402033,480.0,85.0,74.92044282663018,1.0,4.0,7.0,4.0,16.0
702.0,delete,74.92044282663018,480.0,85.0,74.92044282663018,1.0,4.0,7.0,4.0,15.0
703.0,swap,74.93165385860564,480.0,85.0,74.92044282663018,1.0,4.0,7.0,4.0,16.0
704.0,add,74.63041536454668,481.0,5.0,74.50402282485616,8.0,1.0,1.0,0.0,3.0
705.0,delete,74.64902957231395,482.0,32.0,74.52789278980437,3.0,3.0,3.0,2.0,13.0
706.0,add,74.82182553906173,483.0,53.0,74.59487310488187,2.0,3.0,4.0,3.0,17.0
707.0,add,74.60732530600431,484.0,77.0,74.7148618395459,1.0,5.0,8.0,4.0,15.0
708.0,add,74.92019454774892,485.0,84.0,74.92466233397158,1.0,5.0,7.0,4.0,15.0
709.0,delete,74.89820698314517,486.0,86.0,74.92044282663018,1.0,4.0,7.0,4.0,15.0
710.0,delete,74.93421383311495,486.0,86.0,74.92044282663018,1.0,4.0,6.0,4.0,15.0
711.0,swap,74.9204428266302,486.0,86.0,74.92044282663018,1.0,4.0,7.0,5.0,14.0
712.0,add,74.44270189936769,487.0,68.0,74.50662811103584,2.0,3.0,7.0,4.0,18.0
713.0,add,74.49655401361528,488.0,33.0,74.52940865968701,3.0,2.0,4.0,2.0,14.0
714.0,add,74.66726865872863,489.0,78.0,74.75302863768268,1.0,4.0,8.0,4.0,17.0
715.0,add,74.60710773370216,490.0,6.0,74.50578921472537,8.0,1.0,1.0,2.0,2.0
716.0,add,74.81642095663268,491.0,83.0,74.88237746162136,1.0,4.0,6.0,4.0,16.0
717.0,add,74.90281935546875,492.0,54.0,74.59633374319796,2.0,4.0,4.0,3.0,17.0
718.0,delete,75.04071205469602,493.0,85.0,74.91832661738013,1.0,4.0,6.0,4.0,16.0
719.0,delete,74.93523462295617,494.0,87.0,74.93421383311495,1.0,4.0,6.0,4.0,15.0
720.0,delete,74.83629323604848,494.0,87.0,74.93421383311495,1.0,4.0,6.0,3.0,15.0
721.0,swap,74.76065839158848,494.0,87.0,74.93421383311495,1.0,5.0,6.0,4.0,14.0
722.0,delete,74.32813191686061,495.0,69.0,74.53421422530904,2.0,3.0,6.0,4.0,18.0
723.0,delete,74.63016799062667,496.0,79.0,74.78755074585155,1.0,4.0,8.0,4.0,16.0
724.0,add,74.54260645294652,497.0,34.0,74.53354684593373,3.0,2.0,4.0,2.0,15.0
725.0,add,74.80588088722251,498.0,84.0,74.91205048598455,1.0,5.0,7.0,4.0,15.0
726.0,add,74.59767242858432,499.0,7.0,74.50818088249709,8.0,3.0,1.0,1.0,2.0
727.0,delete,74.90437066091864,500.0,55.0,74.59580132078777,2.0,3.0,4.0,3.0,17.0
728.0,delete,74.73959627598501,501.0,86.0,74.86660002092702,1.0,4.0,7.0,4.0,14.0
729.0,delete,74.83851915787879,502.0,88.0,74.83629323604848,1.0,4.0,6.0,3.0,15.0
730.0,delete,74.73300530957664,502.0,88.0,74.83629323604848,1.0,4.0,6.0,3.0,14.0
731.0,swap,74.61309981666923,502.0,88.0,74.83629323604848,1.0,4.0,6.0,3.0,15.0
732.0,delete,74.41278010878136,503.0,70.0,74.56647465837332,2.0,3.0,7.0,4.0,16.0
733.0,delete,74.67004943446808,504.0,80.0,74.79722740795549,1.0,4.0,7.0,4.0,16.0
734.0,delete,74.92044282663021,505.0,85.0,74.84753544457661,1.0,4.0,7.0,3.0,16.0
735.0,add,74.80126317753968,506.0,35.0,74.53444401901857,3.0,2.0,5.0,2.0,15.0
736.0,delete,74.9332284124265,507.0,56.0,74.5940760321752,2.0,2.0,4.0,2.0,18.0
737.0,add,74.59767242858432,508.0,8.0,74.51080063134735,8.0,2.0,1.0,1.0,4.0
738.0,delete,74.94616892998899,509.0,87.0,74.75522938004329,1.0,4.0,5.0,4.0,15.0
739.0,delete,74.73300530957664,510.0,89.0,74.73300530957664,1.0,4.0,6.0,3.0,14.0
740.0,delete,74.7358556716415,510.0,89.0,74.73300530957664,1.0,4.0,6.0,3.0,13.0
741.0,swap,74.74896531552041,510.0,89.0,74.73300530957664,1.0,5.0,5.0,3.0,14.0
742.0,delete,74.69862639736058,511.0,71.0,74.60055378594429,2.0,3.0,6.0,4.0,16.0
743.0,delete,74.84868229010605,512.0,81.0,74.82340138691384,1.0,4.0,6.0,4.0,16.0
744.0,delete,74.92044282663018,513.0,86.0,74.79621798921211,1.0,4.0,7.0,4.0,14.0
745.0,delete,74.18037488738695,514.0,57.0,74.59471583854426,2.0,2.0,3.0,3.0,17.0
746.0,add,74.82135771110052,515.0,36.0,74.53319691778144,3.0,2.0,5.0,4.0,14.0
747.0,delete,74.84552576058974,516.0,88.0,74.7377079015788,1.0,4.0,6.0,2.0,15.0
748.0,add,74.63022132516406,517.0,9.0,74.51315588157061,8.0,2.0,1.0,3.0,3.0
749.0,delete,74.74269174181421,518.0,90.0,74.7358556716415,1.0,4.0,6.0,3.0,13.0
750.0,add,74.74150389357449,518.0,90.0,74.7358556716415,1.0,4.0,6.0,3.0,14.0
751.0,delete,74.7358556716415,518.0,90.0,74.7358556716415,1.0,4.0,6.0,3.0,12.0
752.0,swap,74.53124532065861,518.0,90.0,74.7358556716415,1.0,4.0,7.0,3.0,12.0
753.0,add,73.8820727205433,519.0,72.0,74.64732168446326,2.0,3.0,7.0,5.0,15.0
754.0,delete,74.7440700854822,520.0,82.0,74.82050999774864,1.0,4.0,5.0,4.0,16.0
755.0,delete,74.77426429672289,521.0,58.0,74.58649197243595,2.0,2.0,4.0,3.0,15.0
756.0,delete,74.73875033866003,522.0,87.0,74.75244116424457,1.0,4.0,6.0,4.0,14.0
757.0,add,74.82067326228811,523.0,37.0,74.53016287209125,3.0,3.0,5.0,3.0,15.0
758.0,delete,74.65217492046489,524.0,89.0,74.69743045986607,1.0,4.0,6.0,3.0,13.0
759.0,add,74.66537959703479,525.0,10.0,74.51331766986006,8.0,2.0,1.0,2.0,5.0
760.0,add,74.74312165476682,526.0,91.0,74.74150389357449,1.0,4.0,6.0,3.0,14.0
761.0,add,74.66110901491369,526.0,91.0,74.74150389357449,1.0,4.0,6.0,3.0,15.0
762.0,delete,74.75909250579527,526.0,91.0,74.74150389357449,1.0,4.0,5.0,3.0,14.0
763.0,swap,74.74652832693728,526.0,91.0,74.74150389357449,1.0,3.0,6.0,3.0,15.0
764.0,add,73.93166789155681,527.0,73.0,74.68474440749837,2.0,3.0,8.0,5.0,15.0
765.0,add,74.75536196288584,528.0,83.0,74.81232019350341,1.0,4.0,6.0,4.0,16.0
766.0,add,74.72196283624679,529.0,59.0,74.5817765080488,2.0,2.0,4.0,4.0,15.0
767.0,delete,74.80944109133108,530.0,38.0,74.52638528258326,3.0,3.0,5.0,3.0,14.0
768.0,delete,74.8489475122336,531.0,88.0,74.72212002981941,1.0,4.0,5.0,3.0,15.0
769.0,add,74.7317828534969,532.0,90.0,74.73027107919751,1.0,4.0,6.0,3.0,14.0
770.0,add,74.43883758954306,533.0,11.0,74.51489977432594,8.0,3.0,1.0,2.0,5.0
771.0,delete,74.62624007951939,534.0,89.0,74.70736014324592,1.0,4.0,5.0,3.0,14.0
772.0,delete,73.95002239451557,535.0,74.0,74.70427722712071,2.0,3.0,8.0,4.0,15.0
773.0,add,74.63415470111198,536.0,92.0,74.66110901491369,1.0,4.0,6.0,3.0,15.0
774.0,delete,74.70117955039015,536.0,92.0,74.66110901491369,1.0,4.0,6.0,3.0,14.0
775.0,swap,74.6790850615253,536.0,92.0,74.66110901491369,1.0,4.0,6.0,3.0,15.0
776.0,add,74.81173575374957,537.0,84.0,74.7949644266807,1.0,4.0,7.0,4.0,16.0
777.0,add,74.34996696258341,538.0,60.0,74.58176471649895,2.0,3.0,4.0,4.0,15.0
778.0,add,74.6288414660033,539.0,39.0,74.5222342227345,3.0,3.0,6.0,2.0,15.0
779.0,add,74.6457783387463,540.0,91.0,74.66888208198527,1.0,4.0,7.0,3.0,14.0
780.0,delete,74.70081434429605,541.0,93.0,74.70117955039015,1.0,4.0,6.0,3.0,14.0
781.0,delete,74.47487511876321,541.0,93.0,74.70117955039015,1.0,4.0,6.0,3.0,13.0
782.0,swap,74.69310258756363,541.0,93.0,74.70117955039015,1.0,4.0,6.0,3.0,14.0
783.0,add,74.40184068331247,542.0,12.0,74.51713205572965,8.0,3.0,1.0,3.0,5.0
784.0,delete,74.47156530758346,543.0,75.0,74.71200788654413,1.0,3.0,8.0,3.0,16.0
785.0,delete,74.75701435405638,544.0,85.0,74.76432988493256,1.0,3.0,7.0,4.0,16.0
786.0,add,74.7318811215725,545.0,90.0,74.68554830399084,1.0,4.0,6.0,4.0,13.0
787.0,delete,74.67157898607984,546.0,92.0,74.64249290025326,1.0,4.0,5.0,3.0,15.0
788.0,delete,74.21382892336602,547.0,40.0,74.52393264623294,3.0,2.0,6.0,2.0,15.0
789.0,add,74.39927531970184,548.0,61.0,74.58097877744368,2.0,2.0,5.0,4.0,16.0
790.0,delete,74.47493258472319,549.0,94.0,74.47487511876321,1.0,4.0,6.0,3.0,13.0
791.0,add,74.45555039144523,549.0,94.0,74.47487511876321,1.0,4.0,6.0,3.0,14.0
792.0,delete,74.4582736251692,549.0,94.0,74.47487511876321,1.0,4.0,6.0,3.0,12.0
793.0,swap,74.71288641725039,549.0,94.0,74.47487511876321,1.0,4.0,5.0,3.0,14.0
794.0,add,74.43883758954304,550.0,13.0,74.51815698672736,8.0,4.0,1.0,2.0,6.0
795.0,add,74.3126950598014,551.0,76.0,74.7197068955095,1.0,3.0,8.0,4.0,16.0
796.0,delete,74.87679184583453,552.0,86.0,74.71534302802198,1.0,4.0,7.0,4.0,14.0
797.0,add,74.73890717105307,553.0,91.0,74.61256313245985,1.0,4.0,6.0,3.0,15.0
798.0,delete,74.49167482764253,554.0,41.0,74.52829004427936,2.0,3.0,5.0,2.0,15.0
799.0,delete,74.70117955039015,555.0,93.0,74.51530362747023,1.0,4.0,6.0,3.0,13.0
800.0,add,74.33029933519899,556.0,62.0,74.58574247191213,2.0,2.0,4.0,5.0,17.0
801.0,add,74.45212159534708,557.0,95.0,74.45555039144523,1.0,4.0,6.0,3.0,14.0
802.0,add,74.46238903356902,557.0,95.0,74.45555039144523,1.0,5.0,6.0,3.0,14.0
803.0,delete,74.71209641430858,557.0,95.0,74.45555039144523,1.0,4.0,5.0,3.0,14.0
804.0,swap,74.67470836611534,557.0,95.0,74.45555039144523,1.0,4.0,6.0,3.0,14.0
805.0,add,74.5186130482825,558.0,14.0,74.51967135963082,8.0,4.0,1.0,2.0,7.0
806.0,add,74.70007372957059,559.0,77.0,74.72456949459321,1.0,4.0,8.0,4.0,16.0
807.0,delete,74.93421383311498,560.0,87.0,74.68451164149727,1.0,4.0,6.0,3.0,15.0
808.0,delete,74.67836282339007,561.0,92.0,74.59612061181508,1.0,3.0,6.0,3.0,15.0
809.0,add,74.43795499829731,562.0,42.0,74.5392354313334,2.0,3.0,6.0,2.0,15.0
810.0,add,74.58043669859276,563.0,94.0,74.55137316015706,1.0,4.0,6.0,3.0,14.0
811.0,add,74.8483775855535,564.0,63.0,74.58458558366326,2.0,2.0,4.0,5.0,18.0
812.0,delete,74.73252061314138,565.0,93.0,74.55994998142491,1.0,4.0,5.0,3.0,14.0
813.0,delete,74.73300530957664,566.0,88.0,74.66880681941707,1.0,4.0,6.0,3.0,14.0
814.0,add,74.50019287464606,567.0,15.0,74.52189376693774,8.0,4.0,2.0,2.0,7.0
815.0,add,74.60055166875571,568.0,78.0,74.73325651634421,1.0,4.0,8.0,5.0,16.0
816.0,add,74.46232407953171,569.0,96.0,74.46238903356902,1.0,5.0,6.0,3.0,14.0
817.0,add,74.45197937942912,569.0,96.0,74.46238903356902,1.0,5.0,6.0,4.0,14.0
818.0,delete,74.5522503541532,569.0,96.0,74.46238903356902,1.0,5.0,5.0,3.0,14.0
819.0,swap,74.3435696772661,569.0,96.0,74.46238903356902,1.0,6.0,6.0,3.0,13.0
820.0,add,74.21904276634694,570.0,43.0,74.54726528563808,2.0,4.0,6.0,2.0,15.0
821.0,add,74.47487511876321,571.0,95.0,74.45450250478983,1.0,4.0,6.0,3.0,15.0
822.0,add,74.48368530224204,572.0,64.0,74.574136068839,2.0,2.0,5.0,4.0,19.0
823.0,delete,74.727522953888,573.0,89.0,74.62715423997213,1.0,4.0,5.0,3.0,14.0
824.0,delete,74.27303631680005,574.0,79.0,74.72641627968702,1.0,4.0,7.0,4.0,17.0
825.0,add,74.53645881657289,575.0,16.0,74.52095286345262,8.0,4.0,1.0,3.0,8.0
826.0,add,74.52954390963048,576.0,94.0,74.51111828259285,1.0,4.0,6.0,3.0,14.0
827.0,add,74.45066164218396,577.0,97.0,74.45197937942912,1.0,5.0,6.0,4.0,14.0
828.0,delete,74.4653763625845,577.0,97.0,74.45197937942912,1.0,5.0,6.0,3.0,14.0
829.0,swap,74.71577391665332,577.0,97.0,74.45197937942912,1.0,5.0,6.0,5.0,13.0
830.0,add,74.46201298339159,578.0,96.0,74.52094782521272,1.0,6.0,6.0,3.0,14.0
831.0,add,74.26394522685167,579.0,44.0,74.55413999340522,2.0,3.0,6.0,2.0,17.0
832.0,delete,74.41809156874528,580.0,98.0,74.4653763625845,1.0,5.0,6.0,3.0,14.0
833.0,add,74.59483350783142,580.0,98.0,74.4653763625845,1.0,5.0,6.0,3.0,15.0
834.0,delete,74.4653763625845,580.0,98.0,74.4653763625845,1.0,5.0,6.0,3.0,13.0
835.0,swap,74.70379298822786,580.0,98.0,74.4653763625845,1.0,5.0,6.0,3.0,14.0
836.0,add,74.37595652867643,581.0,17.0,74.52088777197743,8.0,4.0,2.0,3.0,8.0
837.0,add,74.62489649601723,582.0,65.0,74.56654363533971,2.0,3.0,6.0,4.0,18.0
838.0,delete,74.89618593819252,583.0,80.0,74.71349565860957,1.0,4.0,6.0,4.0,17.0
839.0,add,74.72864637264053,584.0,90.0,74.60096226654774,1.0,4.0,6.0,3.0,14.0
840.0,add,74.4540831624056,585.0,95.0,74.50166478392248,1.0,5.0,6.0,3.0,14.0
841.0,delete,74.45197937942912,586.0,97.0,74.52949415799472,1.0,5.0,6.0,4.0,13.0
842.0,add,74.02412809226641,587.0,45.0,74.56441540713463,2.0,3.0,6.0,2.0,18.0
843.0,delete,74.69192663692802,588.0,66.0,74.56527815229718,2.0,3.0,5.0,4.0,18.0
844.0,delete,74.78601523023957,589.0,81.0,74.71390245843165,1.0,4.0,6.0,4.0,16.0
845.0,add,74.59674795505093,590.0,99.0,74.59483350783142,1.0,5.0,6.0,3.0,15.0
846.0,add,74.60535134134022,590.0,99.0,74.59483350783142,1.0,5.0,6.0,3.0,16.0
847.0,delete,74.67624226123046,590.0,99.0,74.59483350783142,1.0,5.0,5.0,3.0,15.0
848.0,swap,74.61714492854672,590.0,99.0,74.59483350783142,1.0,5.0,6.0,4.0,14.0
849.0,add,74.37569275173487,591.0,18.0,74.52471552238924,8.0,4.0,2.0,2.0,10.0
850.0,add,74.6682290862883,592.0,91.0,74.57590604444916,1.0,4.0,6.0,3.0,15.0
851.0,add,74.55008237962997,593.0,96.0,74.5482403269449,1.0,5.0,6.0,3.0,15.0
852.0,delete,74.02342950981614,594.0,46.0,74.5770495757723,2.0,3.0,6.0,3.0,16.0
853.0,delete,74.76654615518848,595.0,82.0,74.7046435983079,1.0,4.0,6.0,4.0,15.0
854.0,add,74.66124396652734,596.0,67.0,74.56865879884765,2.0,2.0,6.0,4.0,19.0
855.0,add,74.53262271531871,597.0,98.0,74.61806399879995,1.0,5.0,6.0,3.0,15.0
856.0,delete,74.45454976599268,598.0,92.0,74.56183909421702,1.0,4.0,6.0,3.0,14.0
857.0,delete,74.71577391665333,599.0,97.0,74.55705085189906,1.0,5.0,6.0,4.0,13.0
858.0,add,74.40297506049781,600.0,19.0,74.52679899879979,8.0,4.0,2.0,2.0,11.0
859.0,add,74.59233912284343,601.0,100.0,74.60535134134022,1.0,5.0,6.0,3.0,16.0
860.0,delete,74.6226730773808,601.0,100.0,74.60535134134022,1.0,5.0,6.0,2.0,16.0
861.0,swap,74.6698337420573,601.0,100.0,74.60535134134022,1.0,5.0,7.0,3.0,15.0
862.0,add,74.60977551982934,602.0,99.0,74.62254932090545,1.0,5.0,6.0,3.0,16.0
863.0,add,74.25809969502248,603.0,47.0,74.58934821334836,2.0,4.0,6.0,3.0,16.0
864.0,add,74.69060118641704,604.0,83.0,74.69312525363384,1.0,4.0,6.0,4.0,16.0
865.0,add,74.52124757965692,605.0,68.0,74.57299394765536,2.0,2.0,8.0,4.0,18.0
866.0,delete,74.60194939986876,606.0,93.0,74.55582260926943,1.0,4.0,5.0,3.0,14.0
867.0,delete,74.6325751504189,607.0,101.0,74.6226730773808,1.0,5.0,6.0,2.0,16.0
868.0,delete,74.6591764946633,607.0,101.0,74.6226730773808,1.0,5.0,5.0,2.0,16.0
869.0,swap,74.3845739856273,607.0,101.0,74.6226730773808,1.0,5.0,6.0,2.0,16.0
870.0,add,74.40297506049781,608.0,20.0,74.52921182537743,8.0,4.0,2.0,2.0,12.0
871.0,add,74.4720366671162,609.0,98.0,74.59952998477992,1.0,5.0,7.0,3.0,14.0
872.0,delete,74.66046895900868,610.0,100.0,74.57474967702258,1.0,5.0,6.0,3.0,15.0
873.0,delete,74.66020305814634,611.0,102.0,74.6591764946633,1.0,5.0,5.0,2.0,16.0
874.0,delete,74.62555412011343,611.0,102.0,74.6591764946633,1.0,5.0,5.0,2.0,15.0
875.0,swap,74.78439574606915,611.0,102.0,74.6591764946633,1.0,5.0,4.0,3.0,16.0
876.0,add,74.61395129011271,612.0,48.0,74.60379785598363,2.0,4.0,6.0,3.0,17.0
877.0,delete,74.14355359361458,613.0,69.0,74.58088566872074,2.0,3.0,7.0,4.0,17.0
878.0,add,74.88907433746031,614.0,84.0,74.67796852940013,1.0,4.0,7.0,5.0,15.0
879.0,add,74.46119064663682,615.0,94.0,74.56100970812764,1.0,4.0,6.0,3.0,14.0
880.0,add,74.29800809489582,616.0,21.0,74.53137525897847,8.0,5.0,3.0,2.0,11.0
881.0,add,74.59703893887652,617.0,99.0,74.62557669312484,1.0,5.0,6.0,3.0,16.0
882.0,delete,74.56633711957997,618.0,101.0,74.68233235474806,1.0,5.0,6.0,2.0,15.0
883.0,delete,74.65527565483207,619.0,103.0,74.62555412011343,1.0,5.0,5.0,2.0,15.0
884.0,add,74.6721905303267,619.0,103.0,74.62555412011343,1.0,5.0,5.0,2.0,16.0
885.0,delete,74.49946243425002,619.0,103.0,74.62555412011343,1.0,5.0,5.0,2.0,14.0
886.0,swap,74.62380334493335,619.0,103.0,74.62555412011343,1.0,4.0,6.0,2.0,15.0
887.0,delete,74.11278663433968,620.0,49.0,74.61338474403654,2.0,3.0,6.0,3.0,17.0
888.0,delete,74.37366963097273,621.0,70.0,74.59494175637991,2.0,2.0,7.0,4.0,17.0
889.0,delete,74.87336116831294,622.0,85.0,74.65969531456257,1.0,4.0,7.0,4.0,15.0
890.0,add,74.43800348715234,623.0,95.0,74.56612313855105,1.0,4.0,6.0,4.0,14.0
891.0,add,74.69104641204872,624.0,22.0,74.53499023969974,8.0,4.0,4.0,3.0,11.0
892.0,delete,74.73504591791675,625.0,100.0,74.61897612887309,1.0,5.0,5.0,3.0,16.0
893.0,delete,74.60169512674074,626.0,102.0,74.61525721689111,1.0,4.0,5.0,2.0,16.0
894.0,delete,74.62722752553967,627.0,50.0,74.61669131614701,2.0,2.0,5.0,3.0,18.0
895.0,delete,74.48563364443116,628.0,71.0,74.60807209581932,2.0,3.0,6.0,4.0,16.0
896.0,delete,74.91745908078899,629.0,86.0,74.6429950067558,1.0,4.0,6.0,4.0,15.0
897.0,add,74.66661648601513,630.0,104.0,74.6721905303267,1.0,5.0,5.0,2.0,16.0
898.0,add,74.60905071921806,630.0,104.0,74.6721905303267,1.0,5.0,5.0,2.0,17.0
899.0,delete,74.62121332730412,630.0,104.0,74.6721905303267,1.0,5.0,5.0,2.0,15.0
900.0,swap,74.61469144636904,630.0,104.0,74.6721905303267,1.0,6.0,5.0,2.0,15.0
901.0,add,74.49455855370368,631.0,96.0,74.59292366532848,1.0,6.0,6.0,3.0,14.0
902.0,add,74.34339481026241,632.0,23.0,74.53918159149573,8.0,4.0,3.0,3.0,13.0
903.0,delete,74.66874070038581,633.0,101.0,74.63283325775437,1.0,5.0,5.0,2.0,16.0
904.0,delete,74.60310733662399,634.0,51.0,74.61522317402246,2.0,3.0,4.0,3.0,17.0
905.0,delete,74.88279410528466,635.0,87.0,74.62836690319587,1.0,4.0,6.0,4.0,14.0
906.0,add,73.8957821848488,636.0,72.0,74.62804598349533,2.0,3.0,7.0,5.0,15.0
907.0,add,74.68466859431224,637.0,103.0,74.6367525018466,1.0,5.0,5.0,2.0,16.0
908.0,delete,74.44164207547091,638.0,102.0,74.62492925312863,0.0,5.0,5.0,2.0,16.0
909.0,delete,74.65265032048251,639.0,97.0,74.60190798326538,0.0,5.0,6.0,4.0,14.0
910.0,add,74.60969206826802,640.0,105.0,74.60905071921806,1.0,5.0,5.0,2.0,17.0
911.0,delete,74.656613426311,640.0,105.0,74.60905071921806,1.0,4.0,5.0,2.0,17.0
912.0,swap,74.51483923570892,640.0,105.0,74.60905071921806,1.0,5.0,5.0,3.0,16.0
913.0,delete,74.49185672077564,641.0,24.0,74.54223068740902,8.0,4.0,2.0,3.0,13.0
914.0,delete,74.64847173826485,642.0,52.0,74.61191879912738,1.0,3.0,4.0,3.0,17.0
915.0,delete,74.58769887559374,643.0,88.0,74.61516161308008,1.0,4.0,6.0,3.0,14.0
916.0,add,74.64418306662968,644.0,104.0,74.5975488623765,1.0,6.0,5.0,2.0,16.0
917.0,add,73.71910735164765,645.0,73.0,74.6456022044807,2.0,3.0,9.0,4.0,15.0
918.0,delete,74.65545168913529,646.0,106.0,74.656613426311,1.0,4.0,5.0,2.0,17.0
919.0,delete,74.64377879306926,646.0,106.0,74.656613426311,1.0,4.0,4.0,2.0,17.0
920.0,swap,74.61776488344445,646.0,106.0,74.656613426311,1.0,4.0,6.0,1.0,17.0
921.0,add,74.49812642730738,647.0,98.0,74.61490859829227,1.0,5.0,7.0,3.0,14.0
922.0,delete,74.54091289511474,648.0,25.0,74.54483932699316,7.0,4.0,3.0,3.0,12.0
923.0,add,74.62698242166954,649.0,103.0,74.6315964820086,1.0,5.0,5.0,2.0,16.0
924.0,delete,74.73450716570109,650.0,89.0,74.60578742449366,1.0,4.0,6.0,2.0,14.0
925.0,add,74.64592029837658,651.0,53.0,74.60920930412277,2.0,3.0,4.0,3.0,17.0
926.0,delete,74.6089915518736,652.0,105.0,74.64340219799,1.0,4.0,5.0,2.0,17.0
927.0,delete,74.62028910790269,653.0,74.0,74.65548286531708,2.0,3.0,7.0,4.0,16.0
928.0,delete,74.64457511399472,654.0,107.0,74.64377879306926,1.0,4.0,4.0,2.0,17.0
929.0,delete,74.6201630890794,654.0,107.0,74.64377879306926,1.0,4.0,4.0,2.0,16.0
930.0,swap,74.59366893960961,654.0,107.0,74.64377879306926,1.0,4.0,4.0,3.0,16.0
931.0,add,74.41923835791954,655.0,99.0,74.62054094904674,1.0,5.0,6.0,3.0,16.0
932.0,delete,74.25922885821325,656.0,26.0,74.54888050336328,6.0,3.0,3.0,3.0,13.0
933.0,add,74.59043813163144,657.0,104.0,74.6182310480285,1.0,6.0,5.0,2.0,16.0
934.0,delete,74.62027488791783,658.0,106.0,74.62554648393825,1.0,4.0,5.0,2.0,16.0
935.0,add,74.67674217085099,659.0,90.0,74.59937334324263,1.0,5.0,6.0,3.0,13.0
936.0,add,74.75513356317975,660.0,54.0,74.60584634585304,2.0,3.0,4.0,3.0,18.0
937.0,delete,74.68024904409859,661.0,75.0,74.66056181800224,1.0,3.0,8.0,4.0,15.0
938.0,delete,74.61385803062264,662.0,108.0,74.6201630890794,1.0,4.0,4.0,2.0,16.0
939.0,add,74.54753442109208,662.0,108.0,74.6201630890794,1.0,4.0,4.0,2.0,17.0
940.0,delete,74.5661084153755,662.0,108.0,74.6201630890794,1.0,4.0,4.0,2.0,15.0
941.0,swap,74.67073424560753,662.0,108.0,74.6201630890794,1.0,4.0,5.0,2.0,15.0
942.0,delete,74.47827081935272,663.0,27.0,74.55446751125724,6.0,2.0,3.0,3.0,13.0
943.0,delete,74.61043292764599,664.0,100.0,74.61839266200309,1.0,5.0,6.0,3.0,15.0
944.0,delete,74.60905071921806,665.0,105.0,74.61996288362562,1.0,5.0,5.0,1.0,17.0
945.0,delete,74.51451572219382,666.0,107.0,74.60367964035544,1.0,3.0,4.0,2.0,17.0
946.0,delete,74.69486071831857,667.0,55.0,74.60192432721334,2.0,3.0,4.0,3.0,17.0
947.0,add,74.73901411919398,668.0,91.0,74.58907606631097,1.0,4.0,6.0,4.0,14.0
948.0,add,74.51150727930187,669.0,76.0,74.6649462233549,1.0,3.0,8.0,4.0,16.0
949.0,add,74.4997276239261,670.0,109.0,74.54753442109208,1.0,4.0,4.0,2.0,17.0
950.0,delete,74.515336943784,670.0,109.0,74.54753442109208,1.0,4.0,3.0,2.0,17.0
951.0,swap,74.80172056933145,670.0,109.0,74.54753442109208,1.0,4.0,3.0,3.0,17.0
952.0,delete,74.60483102142987,671.0,101.0,74.61601802420559,1.0,5.0,6.0,2.0,15.0
953.0,add,74.3268657200938,672.0,28.0,74.55890602070755,5.0,4.0,3.0,3.0,13.0
954.0,delete,74.75613150464423,673.0,106.0,74.60399975350799,1.0,4.0,5.0,2.0,16.0
955.0,add,74.60903616779845,674.0,108.0,74.5910798895334,1.0,4.0,4.0,2.0,17.0
956.0,delete,74.93331657350201,675.0,56.0,74.59896308007698,2.0,2.0,4.0,2.0,18.0
957.0,delete,74.718958389124,676.0,92.0,74.58671842373525,1.0,4.0,5.0,3.0,15.0
958.0,delete,74.51076940108534,677.0,110.0,74.515336943784,1.0,4.0,3.0,2.0,17.0
959.0,delete,74.30069945730621,677.0,110.0,74.515336943784,1.0,4.0,2.0,2.0,17.0
960.0,swap,74.51024855382013,677.0,110.0,74.515336943784,1.0,4.0,3.0,1.0,18.0
961.0,add,74.65740124013143,678.0,77.0,74.66528135508558,1.0,4.0,8.0,4.0,16.0
962.0,delete,74.5767888198988,679.0,102.0,74.59971882335083,1.0,5.0,5.0,2.0,15.0
963.0,delete,74.3268657200938,680.0,29.0,74.56175597379897,5.0,3.0,3.0,3.0,13.0
964.0,delete,74.53119774777632,681.0,107.0,74.5600348185402,1.0,3.0,4.0,2.0,17.0
965.0,delete,74.6201630890794,682.0,109.0,74.45926358899892,1.0,4.0,4.0,2.0,16.0
966.0,delete,74.89595400636186,683.0,57.0,74.59386936533892,2.0,2.0,4.0,3.0,16.0
967.0,delete,74.71532123935373,684.0,93.0,74.57838782580637,1.0,3.0,6.0,3.0,14.0
968.0,delete,74.3046507913282,685.0,111.0,74.30069945730621,1.0,4.0,2.0,2.0,17.0
969.0,delete,74.35742244437039,685.0,111.0,74.30069945730621,1.0,4.0,2.0,2.0,16.0
970.0,swap,74.5893119441831,685.0,111.0,74.30069945730621,1.0,4.0,2.0,3.0,16.0
971.0,add,74.60808653008534,686.0,78.0,74.66266954882094,1.0,4.0,8.0,5.0,16.0
972.0,add,74.63812156563857,687.0,103.0,74.58830938960078,1.0,5.0,6.0,2.0,15.0
973.0,delete,74.62555772923898,688.0,30.0,74.56202452259019,5.0,3.0,3.0,2.0,13.0
974.0,add,74.54753442109208,689.0,108.0,74.51388511725874,1.0,4.0,4.0,2.0,17.0
975.0,delete,74.515336943784,690.0,110.0,74.38802115929698,1.0,4.0,3.0,2.0,16.0
976.0,delete,74.78096299630083,691.0,58.0,74.58906666419635,2.0,2.0,3.0,3.0,16.0
977.0,delete,74.35742244437044,692.0,112.0,74.35742244437039,1.0,4.0,2.0,2.0,16.0
978.0,add,74.40275447786138,692.0,112.0,74.35742244437039,1.0,4.0,2.0,2.0,17.0
979.0,delete,74.50995179402105,692.0,112.0,74.35742244437039,0.0,4.0,2.0,2.0,16.0
980.0,swap,74.3813192278732,692.0,112.0,74.35742244437039,1.0,4.0,1.0,3.0,16.0
981.0,delete,74.6157968595334,693.0,79.0,74.65821216976897,1.0,4.0,8.0,4.0,16.0
982.0,add,74.57001661538627,694.0,94.0,74.56612159026157,1.0,4.0,6.0,3.0,14.0
983.0,delete,74.71573165550826,695.0,31.0,74.56053895612119,4.0,3.0,4.0,2.0,12.0
984.0,add,74.67392862023839,696.0,104.0,74.55825699224195,1.0,5.0,6.0,2.0,16.0
985.0,delete,74.48618720547077,697.0,109.0,74.45195288560514,1.0,3.0,4.0,2.0,17.0
986.0,delete,74.11366810336652,698.0,111.0,74.40177407769929,1.0,3.0,2.0,2.0,17.0
987.0,add,74.72877573717734,699.0,59.0,74.5822978729917,2.0,3.0,4.0,3.0,15.0
988.0,add,74.38797320473837,700.0,113.0,74.40275447786138,1.0,4.0,2.0,2.0,17.0
989.0,add,74.26203007291596,700.0,113.0,74.40275447786138,1.0,4.0,2.0,2.0,18.0
990.0,delete,74.40275447786142,700.0,113.0,74.40275447786138,1.0,4.0,2.0,1.0,17.0
991.0,swap,74.02540699455939,700.0,113.0,74.40275447786138,0.0,4.0,2.0,2.0,18.0
992.0,delete,74.63826127375079,701.0,80.0,74.64898919380629,1.0,4.0,6.0,4.0,17.0
993.0,delete,74.76601681516198,702.0,32.0,74.55700160929854,3.0,3.0,4.0,2.0,12.0
994.0,add,74.56213141571546,703.0,95.0,74.55170540604324,1.0,4.0,6.0,3.0,15.0
995.0,delete,74.73819285927907,704.0,105.0,74.51204598837231,1.0,5.0,4.0,2.0,17.0
996.0,delete,74.515336943784,705.0,110.0,74.35076445560999,1.0,4.0,3.0,2.0,16.0
997.0,add,74.3616562134204,706.0,112.0,74.29618384558731,1.0,5.0,2.0,2.0,16.0
998.0,add,74.62261750289758,707.0,60.0,74.57768237508222,2.0,3.0,4.0,4.0,15.0
999.0,delete,74.1083643650745,708.0,111.0,74.32385085957804,1.0,3.0,2.0,2.0,17.0
1000.0,delete,74.76514707850694,709.0,81.0,74.64410027762985,1.0,4.0,6.0,4.0,16.0
1001.0,add,74.50010595602535,710.0,96.0,74.55357963826724,1.0,5.0,6.0,3.0,15.0
1002.0,add,74.262030072916,711.0,114.0,74.26203007291596,1.0,4.0,2.0,2.0,18.0
1003.0,add,74.26125567953004,711.0,114.0,74.26203007291596,1.0,4.0,2.0,2.0,19.0
1004.0,delete,74.18287475559484,711.0,114.0,74.26203007291596,1.0,4.0,2.0,2.0,17.0
1005.0,swap,74.26504402908961,711.0,114.0,74.26203007291596,1.0,4.0,3.0,2.0,17.0
1006.0,add,74.64805856052864,712.0,33.0,74.55302097869173,3.0,3.0,4.0,2.0,13.0
1007.0,delete,74.75694127016544,713.0,106.0,74.45929831724568,0.0,4.0,5.0,2.0,17.0
1008.0,add,74.40275447786138,714.0,113.0,74.24664692200929,1.0,4.0,2.0,3.0,17.0
1009.0,add,74.5443215657033,715.0,61.0,74.57218555474044,2.0,2.0,4.0,4.0,17.0
1010.0,delete,74.8157889013346,716.0,82.0,74.63095443335993,1.0,4.0,6.0,4.0,15.0
1011.0,delete,74.64372158211161,717.0,97.0,74.54383288758258,1.0,5.0,5.0,4.0,14.0
1012.0,add,74.35742244437039,718.0,112.0,74.29241222330444,1.0,4.0,2.0,3.0,16.0
1013.0,delete,74.59394713812365,719.0,107.0,74.43057120531579,1.0,4.0,4.0,2.0,16.0
1014.0,add,74.26051368497157,720.0,115.0,74.26125567953004,1.0,4.0,2.0,2.0,19.0
1015.0,delete,74.7874681283041,720.0,115.0,74.26125567953004,1.0,4.0,2.0,2.0,18.0
1016.0,swap,74.4298226737551,720.0,115.0,74.26125567953004,1.0,4.0,3.0,2.0,18.0
1017.0,add,74.72371909848223,721.0,34.0,74.5527246932053,3.0,2.0,5.0,2.0,14.0
1018.0,add,74.10948635244556,722.0,114.0,74.4347650416402,1.0,4.0,2.0,2.0,19.0
1019.0,delete,74.7897005799374,723.0,116.0,74.7874681283041,1.0,4.0,2.0,2.0,18.0
1020.0,delete,74.80205992065326,723.0,116.0,74.7874681283041,1.0,4.0,2.0,2.0,17.0
1021.0,swap,74.84438002902291,723.0,116.0,74.7874681283041,1.0,4.0,2.0,2.0,18.0
1022.0,add,74.5541832914532,724.0,62.0,74.57517005847826,2.0,2.0,4.0,4.0,18.0
1023.0,add,74.83486067339697,725.0,83.0,74.62270271342918,1.0,4.0,6.0,4.0,16.0
1024.0,add,74.48068364486697,726.0,98.0,74.54396840948365,1.0,5.0,6.0,3.0,15.0
1025.0,add,74.61452264928903,727.0,108.0,74.43247827814376,1.0,4.0,5.0,2.0,16.0
1026.0,add,74.81918265286822,728.0,35.0,74.55167075807401,3.0,2.0,5.0,3.0,14.0
1027.0,add,74.42941132954789,729.0,113.0,74.43534003515367,1.0,4.0,2.0,3.0,17.0
1028.0,add,74.55524782826174,730.0,1.0,74.53362072358274,8.0,0.0,0.0,1.0,0.0
1029.0,delete,74.45815345887725,731.0,115.0,74.80590216447942,1.0,4.0,1.0,2.0,19.0
1030.0,delete,74.80213944217418,732.0,117.0,74.80205992065326,1.0,4.0,2.0,2.0,17.0
1031.0,add,74.72170756202958,732.0,117.0,74.80205992065326,1.0,4.0,2.0,3.0,17.0
1032.0,delete,74.7902212953248,732.0,117.0,74.80205992065326,1.0,4.0,2.0,2.0,16.0
1033.0,swap,74.72758114408518,732.0,117.0,74.80205992065326,1.0,4.0,2.0,3.0,16.0
1034.0,add,74.33038455639743,733.0,63.0,74.57539032502288,2.0,2.0,4.0,4.0,19.0
1035.0,add,74.8256916503804,734.0,84.0,74.61651214373337,1.0,4.0,8.0,4.0,15.0
1036.0,add,74.59564129885011,735.0,99.0,74.549314394281,1.0,5.0,6.0,4.0,15.0
1037.0,delete,74.60762862519412,736.0,109.0,74.44445834523292,1.0,4.0,4.0,2.0,16.0
1038.0,add,74.56688088492143,737.0,36.0,74.54900993061361,3.0,2.0,5.0,3.0,15.0
1039.0,add,74.26110514254283,738.0,114.0,74.59880691931623,1.0,4.0,2.0,2.0,19.0
1040.0,add,74.5559015470189,739.0,2.0,74.53420869899428,8.0,1.0,0.0,0.0,1.0
1041.0,delete,74.79910135111473,740.0,116.0,74.76874187285338,1.0,4.0,2.0,2.0,17.0
1042.0,add,74.72170763181417,741.0,118.0,74.72170756202958,1.0,4.0,2.0,3.0,17.0
1043.0,add,74.68862952750449,741.0,118.0,74.72170756202958,1.0,4.0,3.0,3.0,17.0
1044.0,delete,74.84351751173305,741.0,118.0,74.72170756202958,1.0,4.0,2.0,3.0,16.0
1045.0,swap,74.82479437099207,741.0,118.0,74.72170756202958,1.0,3.0,2.0,3.0,18.0
1046.0,add,74.83282696100709,742.0,64.0,74.57218062160912,2.0,2.0,5.0,4.0,19.0
1047.0,delete,74.87679184583453,743.0,85.0,74.60969426945032,1.0,4.0,7.0,4.0,15.0
1048.0,delete,74.61923913277816,744.0,100.0,74.55601527755479,1.0,5.0,6.0,3.0,15.0
1049.0,delete,74.515336943784,745.0,110.0,74.46949863088123,1.0,4.0,3.0,1.0,17.0
1050.0,add,74.77194031733251,746.0,37.0,74.54784300964262,3.0,3.0,5.0,3.0,15.0
1051.0,delete,74.28983589263082,747.0,115.0,74.75722585382623,1.0,3.0,2.0,2.0,19.0
1052.0,add,74.70812086813153,748.0,3.0,74.53559843948206,8.0,1.0,1.0,0.0,1.0
1053.0,add,74.77359248953148,749.0,117.0,74.76007132081467,1.0,4.0,2.0,2.0,18.0
1054.0,delete,74.92044282663018,750.0,86.0,74.59893008359504,1.0,4.0,7.0,4.0,14.0
1055.0,delete,74.52489502231748,751.0,101.0,74.55210391618824,1.0,5.0,5.0,2.0,16.0
1056.0,add,74.42267143553785,752.0,65.0,74.57078020868072,2.0,2.0,6.0,4.0,19.0
1057.0,delete,74.30069945730621,753.0,111.0,74.47582140509712,1.0,4.0,2.0,2.0,16.0
1058.0,delete,74.79445750183183,754.0,116.0,74.77227747699608,1.0,4.0,2.0,2.0,17.0
1059.0,add,74.68863089529934,755.0,119.0,74.68862952750449,1.0,4.0,3.0,3.0,17.0
1060.0,delete,74.69532447025549,755.0,119.0,74.68862952750449,1.0,4.0,3.0,3.0,16.0
1061.0,swap,74.74914165512104,755.0,119.0,74.68862952750449,1.0,4.0,3.0,3.0,17.0
1062.0,delete,74.78024808830571,756.0,38.0,74.54531347101694,3.0,3.0,5.0,3.0,14.0
1063.0,add,74.73727969506598,757.0,118.0,74.70543163704508,1.0,4.0,2.0,3.0,18.0
1064.0,add,74.63041536454668,758.0,4.0,74.53613539180739,8.0,1.0,1.0,0.0,2.0
1065.0,delete,74.84663804525887,759.0,87.0,74.59148163415719,1.0,4.0,6.0,3.0,15.0
1066.0,delete,74.59978222346314,760.0,102.0,74.55231812731184,1.0,4.0,5.0,2.0,16.0
1067.0,delete,74.62375270199563,761.0,66.0,74.57150722730107,2.0,3.0,6.0,4.0,17.0
1068.0,delete,74.6935411766036,762.0,120.0,74.69532447025549,1.0,4.0,3.0,3.0,16.0
1069.0,delete,74.69532447025549,762.0,120.0,74.69532447025549,1.0,4.0,3.0,3.0,15.0
1070.0,swap,74.75535443818413,762.0,120.0,74.69532447025549,1.0,4.0,4.0,3.0,15.0
1071.0,add,74.33695749698136,763.0,112.0,74.5497058712763,1.0,5.0,2.0,2.0,16.0
1072.0,add,74.80071150618164,764.0,117.0,74.73758045341461,1.0,5.0,2.0,2.0,17.0
1073.0,add,74.66211491948926,765.0,39.0,74.54357942648724,3.0,3.0,5.0,2.0,16.0
1074.0,delete,74.68862952750449,766.0,119.0,74.70988613882467,1.0,4.0,3.0,3.0,16.0
1075.0,delete,74.88356473948032,767.0,88.0,74.58578285575312,1.0,4.0,5.0,3.0,15.0
1076.0,add,74.6255962460483,768.0,5.0,74.53696812219479,8.0,1.0,2.0,0.0,2.0
1077.0,delete,74.69810737324384,769.0,121.0,74.69532447025549,1.0,4.0,3.0,3.0,15.0
1078.0,add,74.68862933826783,769.0,121.0,74.69532447025549,1.0,4.0,3.0,4.0,15.0
1079.0,delete,74.80981025979978,769.0,121.0,74.69532447025549,1.0,4.0,3.0,3.0,14.0
1080.0,swap,74.74599344071954,769.0,121.0,74.69532447025549,0.0,5.0,3.0,3.0,15.0
1081.0,add,74.5222143796113,770.0,67.0,74.57509907970606,2.0,2.0,7.0,4.0,18.0
1082.0,add,74.63731166241398,771.0,103.0,74.56405034702199,1.0,5.0,6.0,2.0,15.0
1083.0,add,74.39082482983244,772.0,113.0,74.61053303305448,1.0,4.0,2.0,2.0,18.0
1084.0,delete,74.46675911647034,773.0,40.0,74.54503622155741,3.0,3.0,6.0,2.0,14.0
1085.0,add,74.52999177328964,774.0,118.0,74.71803048214038,1.0,4.0,2.0,3.0,18.0
1086.0,delete,74.73300530957664,775.0,89.0,74.58237404867323,1.0,4.0,6.0,3.0,13.0
1087.0,delete,74.77354961504345,776.0,120.0,74.72757297645731,1.0,3.0,3.0,3.0,16.0
1088.0,add,74.59767242858432,777.0,6.0,74.5371325482417,8.0,1.0,1.0,1.0,3.0
1089.0,add,74.68862933826783,778.0,122.0,74.68862933826783,1.0,4.0,3.0,4.0,15.0
1090.0,add,74.64262155991568,778.0,122.0,74.68862933826783,1.0,4.0,4.0,4.0,15.0
1091.0,delete,74.68862933826786,778.0,122.0,74.68862933826783,1.0,4.0,3.0,3.0,15.0
1092.0,swap,74.76172758175807,778.0,122.0,74.68862933826783,1.0,4.0,3.0,4.0,15.0
1093.0,add,74.59476807660496,779.0,68.0,74.57819933246604,2.0,2.0,7.0,4.0,19.0
1094.0,add,74.64640184186585,780.0,104.0,74.56358834382904,1.0,5.0,5.0,2.0,17.0
1095.0,delete,74.09679108449237,781.0,41.0,74.54979823149426,2.0,3.0,6.0,2.0,14.0
1096.0,add,74.26068789499554,782.0,114.0,74.6661672883866,1.0,5.0,2.0,2.0,18.0
1097.0,delete,74.8295792321903,783.0,119.0,74.71613370914906,1.0,4.0,3.0,3.0,16.0
1098.0,add,74.48240734568674,784.0,90.0,74.5814662583787,1.0,4.0,6.0,3.0,14.0
1099.0,add,74.76193591301556,785.0,121.0,74.69404743129544,1.0,4.0,4.0,3.0,15.0
1100.0,add,74.59767242858432,786.0,7.0,74.53695642271425,8.0,3.0,1.0,1.0,2.0
1101.0,delete,74.61054915350728,787.0,105.0,74.56261615000545,1.0,5.0,5.0,2.0,16.0
1102.0,delete,74.146493854207,788.0,69.0,74.58226136435138,2.0,3.0,7.0,3.0,18.0
1103.0,delete,74.69216419043165,789.0,120.0,74.72317802077774,1.0,4.0,2.0,3.0,16.0
1104.0,delete,74.23499719922538,790.0,115.0,74.72498345195496,1.0,4.0,2.0,2.0,18.0
1105.0,add,74.64278853482061,791.0,123.0,74.64262155991568,1.0,4.0,4.0,4.0,15.0
1106.0,add,74.69375486943638,791.0,123.0,74.64262155991568,1.0,4.0,4.0,4.0,16.0
1107.0,delete,74.49786054797768,791.0,123.0,74.64262155991568,0.0,4.0,4.0,4.0,15.0
1108.0,swap,74.79395717784115,791.0,123.0,74.64262155991568,1.0,3.0,4.0,4.0,16.0
1109.0,add,74.30383358806358,792.0,42.0,74.55543100395849,2.0,4.0,6.0,2.0,14.0
1110.0,add,74.71853124964035,793.0,91.0,74.5771144298115,1.0,4.0,6.0,3.0,15.0
1111.0,delete,74.6929624919516,794.0,106.0,74.55937553618655,1.0,3.0,5.0,2.0,17.0
1112.0,add,74.59767242858432,795.0,8.0,74.53655158392625,8.0,2.0,1.0,1.0,4.0
1113.0,delete,73.95148525011244,796.0,70.0,74.59114214387192,2.0,3.0,7.0,3.0,17.0
1114.0,add,74.72516751302135,797.0,122.0,74.65419653799829,1.0,4.0,3.0,4.0,16.0
1115.0,delete,74.79288461825116,798.0,116.0,74.7297011584761,1.0,4.0,2.0,2.0,17.0
1116.0,add,74.68809791290249,799.0,121.0,74.68960924659908,1.0,4.0,3.0,4.0,15.0
1117.0,add,74.70124063672277,800.0,124.0,74.69375486943638,1.0,4.0,4.0,4.0,16.0
1118.0,add,74.32731032730966,800.0,124.0,74.69375486943638,1.0,4.0,5.0,4.0,16.0
1119.0,delete,74.6084481130824,800.0,124.0,74.69375486943638,1.0,3.0,4.0,4.0,16.0
1120.0,swap,74.74777019102872,800.0,124.0,74.69375486943638,1.0,4.0,5.0,3.0,16.0
1121.0,add,74.20698136534709,801.0,43.0,74.5605397455085,2.0,3.0,6.0,2.0,16.0
1122.0,delete,74.70437124626815,802.0,92.0,74.57683763856325,1.0,4.0,6.0,3.0,14.0
1123.0,delete,74.36226531526145,803.0,71.0,74.59953548381691,2.0,3.0,7.0,4.0,15.0
1124.0,add,74.59045316338968,804.0,9.0,74.53585572476281,8.0,3.0,1.0,2.0,3.0
1125.0,delete,74.60425946205348,805.0,107.0,74.55953255819365,0.0,4.0,4.0,2.0,17.0
1126.0,add,74.65484360316283,806.0,123.0,74.615704827516,1.0,4.0,4.0,4.0,16.0
1127.0,add,74.7991070739867,807.0,117.0,74.70437167460497,1.0,4.0,2.0,2.0,18.0
1128.0,add,74.42527131821623,808.0,122.0,74.6396148249381,1.0,5.0,3.0,4.0,15.0
1129.0,add,74.32731032730968,809.0,125.0,74.32731032730966,1.0,4.0,5.0,4.0,16.0
1130.0,delete,74.32731032730966,809.0,125.0,74.32731032730966,1.0,4.0,5.0,4.0,15.0
1131.0,swap,74.20829850514237,809.0,125.0,74.32731032730966,1.0,4.0,4.0,4.0,17.0
1132.0,add,74.29752390489,810.0,44.0,74.56490723153318,2.0,3.0,7.0,2.0,16.0
1133.0,delete,74.68754971613892,811.0,93.0,74.57092068121601,1.0,4.0,6.0,3.0,13.0
1134.0,add,74.61616688026228,812.0,108.0,74.55160264961074,1.0,5.0,4.0,2.0,16.0
1135.0,add,74.37753829347204,813.0,72.0,74.60707688613944,2.0,4.0,7.0,4.0,15.0
1136.0,add,74.66537959703479,814.0,10.0,74.53433177426629,8.0,2.0,1.0,2.0,5.0
1137.0,add,74.69375486943638,815.0,124.0,74.29755737176784,1.0,4.0,4.0,4.0,17.0
1138.0,delete,74.33549484855592,816.0,126.0,74.32731032730966,1.0,4.0,5.0,4.0,15.0
1139.0,delete,74.33735395963919,816.0,126.0,74.32731032730966,1.0,4.0,5.0,3.0,15.0
1140.0,swap,74.41816653267533,816.0,126.0,74.32731032730966,1.0,4.0,5.0,4.0,15.0
1141.0,add,74.63236464324937,817.0,118.0,74.63066890062429,1.0,4.0,3.0,3.0,17.0
1142.0,add,74.64960929348962,818.0,123.0,74.49085054698547,1.0,4.0,4.0,5.0,15.0
1143.0,add,74.06728929203815,819.0,45.0,74.57061394821689,2.0,4.0,6.0,2.0,17.0
1144.0,add,74.4822698556288,820.0,94.0,74.56803233149574,1.0,5.0,6.0,3.0,13.0
1145.0,delete,74.80172056933145,821.0,109.0,74.54617782896875,1.0,4.0,3.0,2.0,17.0
1146.0,delete,74.41816653267533,822.0,125.0,74.35458141704503,1.0,4.0,5.0,4.0,15.0
1147.0,add,74.38860807800678,823.0,73.0,74.61684320305527,2.0,3.0,8.0,4.0,16.0
1148.0,add,74.69121666268367,824.0,11.0,74.53324869705807,8.0,3.0,2.0,2.0,4.0
1149.0,delete,74.33735395963922,825.0,127.0,74.33735395963919,1.0,4.0,5.0,3.0,15.0
1150.0,delete,74.33735395963919,825.0,127.0,74.33735395963919,1.0,4.0,5.0,2.0,15.0
1151.0,swap,74.24324192521729,825.0,127.0,74.33735395963919,1.0,4.0,4.0,4.0,15.0
1152.0,delete,74.68884882139093,826.0,119.0,74.59632870853599,1.0,4.0,3.0,2.0,17.0
1153.0,add,74.73144208772766,827.0,124.0,74.35925967287909,1.0,4.0,5.0,4.0,16.0
1154.0,delete,74.77418022640471,828.0,46.0,74.57697371404996,2.0,3.0,5.0,3.0,17.0
1155.0,delete,74.42729879383631,829.0,110.0,74.54133541198695,1.0,3.0,3.0,2.0,17.0
1156.0,add,74.39026580801254,830.0,95.0,74.56592841566395,1.0,4.0,6.0,3.0,15.0
1157.0,delete,74.30696478032372,831.0,126.0,74.31382595103372,1.0,3.0,5.0,4.0,15.0
1158.0,delete,74.5734242269156,832.0,74.0,74.62059007651818,2.0,3.0,8.0,4.0,15.0
1159.0,delete,74.33021751171175,833.0,128.0,74.33735395963919,1.0,4.0,5.0,2.0,15.0
1160.0,delete,74.34589257559267,833.0,128.0,74.33735395963919,1.0,4.0,5.0,1.0,15.0
1161.0,swap,74.51708710055543,833.0,128.0,74.33735395963919,1.0,3.0,5.0,2.0,16.0
1162.0,add,74.43883758954306,834.0,12.0,74.53334929435913,8.0,4.0,1.0,2.0,5.0
1163.0,delete,74.70329920908469,835.0,120.0,74.56143054295487,1.0,4.0,3.0,3.0,15.0
1164.0,delete,74.32731032730966,836.0,125.0,74.35455033446122,1.0,4.0,5.0,3.0,16.0
1165.0,delete,74.36043324620492,837.0,111.0,74.53927755395173,1.0,4.0,1.0,2.0,17.0
1166.0,add,74.0380091075919,838.0,47.0,74.58225038171409,2.0,3.0,7.0,3.0,16.0
1167.0,delete,74.40758021678435,839.0,127.0,74.38263778687475,1.0,4.0,5.0,3.0,14.0
1168.0,add,74.52056847732102,840.0,96.0,74.56382168033223,1.0,5.0,7.0,3.0,14.0
1169.0,delete,74.51152877651808,841.0,75.0,74.620116526239,1.0,3.0,8.0,4.0,15.0
1170.0,delete,74.35170097068182,842.0,129.0,74.34589257559267,1.0,4.0,5.0,1.0,15.0
1171.0,add,74.48180645922291,842.0,129.0,74.34589257559267,1.0,5.0,5.0,1.0,15.0
1172.0,delete,74.25237468047838,842.0,129.0,74.34589257559267,1.0,4.0,4.0,1.0,15.0
1173.0,swap,74.58598336264419,842.0,129.0,74.34589257559267,0.0,4.0,6.0,1.0,15.0
1174.0,add,74.43883758954304,843.0,13.0,74.5328306932365,8.0,4.0,1.0,2.0,6.0
1175.0,add,74.68044289899974,844.0,121.0,74.51245021777504,1.0,4.0,3.0,3.0,16.0
1176.0,delete,74.30719136772457,845.0,126.0,74.3719162663177,1.0,4.0,5.0,4.0,14.0
1177.0,add,74.3574224443704,846.0,112.0,74.5484759080709,1.0,4.0,2.0,3.0,16.0
1178.0,add,74.01242863655997,847.0,48.0,74.58893534804629,2.0,3.0,6.0,3.0,18.0
1179.0,delete,74.47692058837447,848.0,97.0,74.56097937833738,1.0,5.0,6.0,4.0,13.0
1180.0,delete,74.68788844821323,849.0,128.0,74.403551609724,1.0,4.0,4.0,2.0,15.0
1181.0,add,74.53743831789355,850.0,76.0,74.61901855250144,1.0,3.0,8.0,4.0,16.0
1182.0,add,74.48412972227857,851.0,130.0,74.48180645922291,1.0,5.0,5.0,1.0,15.0
1183.0,delete,74.50090397013278,851.0,130.0,74.48180645922291,1.0,5.0,5.0,0.0,15.0
1184.0,swap,74.39830328829251,851.0,130.0,74.48180645922291,1.0,4.0,5.0,1.0,16.0
1185.0,add,74.5186130482825,852.0,14.0,74.53261838459194,8.0,4.0,1.0,2.0,7.0
1186.0,add,74.81222696944846,853.0,122.0,74.47778065757345,1.0,4.0,3.0,4.0,16.0
1187.0,delete,74.6878884482132,854.0,127.0,74.43701709740213,1.0,4.0,4.0,3.0,15.0
1188.0,add,74.43300144171779,855.0,129.0,74.4662858599817,1.0,4.0,5.0,1.0,16.0
1189.0,delete,74.19738140300045,856.0,49.0,74.59456248477215,2.0,3.0,6.0,3.0,17.0
1190.0,add,74.3962920523443,857.0,113.0,74.56543097648758,1.0,4.0,2.0,3.0,17.0
1191.0,add,74.56839313941217,858.0,98.0,74.56043672347677,1.0,6.0,6.0,3.0,14.0
1192.0,delete,74.47634059636596,859.0,131.0,74.50090397013278,1.0,5.0,5.0,0.0,15.0
1193.0,delete,74.48540308381676,859.0,131.0,74.50090397013278,1.0,5.0,5.0,0.0,14.0
1194.0,swap,74.41029142513779,859.0,131.0,74.50090397013278,1.0,5.0,5.0,0.0,15.0
1195.0,add,74.60881603594203,860.0,77.0,74.61769817533978,1.0,4.0,9.0,4.0,15.0
1196.0,add,74.51583685774379,861.0,15.0,74.53248752919865,8.0,4.0,1.0,3.0,7.0
1197.0,add,74.64262155991568,862.0,123.0,74.45837140118967,1.0,4.0,4.0,4.0,16.0
1198.0,delete,74.66977736301328,863.0,128.0,74.45338615573657,1.0,3.0,5.0,2.0,15.0
1199.0,delete,74.39830328829251,864.0,130.0,74.46823476886331,1.0,4.0,5.0,1.0,15.0
1200.0,delete,74.61055582428605,865.0,50.0,74.59605564335068,2.0,3.0,5.0,3.0,17.0
1201.0,delete,74.48102917772601,866.0,132.0,74.48540308381676,1.0,5.0,5.0,0.0,14.0
1202.0,delete,74.4475431887343,866.0,132.0,74.48540308381676,1.0,5.0,4.0,0.0,14.0
1203.0,swap,74.49424304249058,866.0,132.0,74.48540308381676,1.0,6.0,5.0,0.0,13.0
1204.0,add,74.60869666040149,867.0,99.0,74.55800266717324,1.0,5.0,7.0,3.0,15.0
1205.0,add,74.66419715348316,868.0,78.0,74.61616772651827,1.0,4.0,8.0,4.0,17.0
1206.0,add,74.20364176532466,869.0,114.0,74.57677444961027,1.0,4.0,2.0,3.0,18.0
1207.0,add,74.33770862939022,870.0,129.0,74.45760822368403,1.0,4.0,5.0,1.0,16.0
1208.0,add,74.52053346466685,871.0,16.0,74.53234227414646,8.0,4.0,1.0,3.0,8.0
1209.0,add,74.69638489672664,872.0,124.0,74.4269082725416,1.0,4.0,4.0,5.0,16.0
1210.0,delete,74.66664705402407,873.0,131.0,74.47705462319192,1.0,5.0,4.0,0.0,15.0
1211.0,delete,74.72667104875357,874.0,51.0,74.59349540016892,2.0,3.0,4.0,3.0,17.0
1212.0,delete,74.4530984725971,875.0,133.0,74.4475431887343,1.0,5.0,4.0,0.0,14.0
1213.0,add,74.41463774475083,875.0,133.0,74.4475431887343,1.0,5.0,4.0,0.0,15.0
1214.0,delete,74.46765644171796,875.0,133.0,74.4475431887343,1.0,5.0,4.0,0.0,13.0
1215.0,swap,74.36658276164417,875.0,133.0,74.4475431887343,1.0,5.0,5.0,0.0,13.0
1216.0,delete,74.65056578681452,876.0,79.0,74.6128280162518,1.0,4.0,8.0,4.0,16.0
1217.0,delete,74.56139475943988,877.0,100.0,74.55318385595696,1.0,5.0,6.0,3.0,15.0
1218.0,delete,74.29102282909851,878.0,115.0,74.58861321268648,1.0,3.0,2.0,2.0,19.0
1219.0,delete,74.36650508489736,879.0,125.0,74.42897253812643,1.0,4.0,4.0,4.0,16.0
1220.0,add,74.37569275173487,880.0,17.0,74.53235450292306,8.0,5.0,2.0,2.0,8.0
1221.0,delete,74.53316305512055,881.0,130.0,74.46636001903315,1.0,5.0,5.0,1.0,14.0
1222.0,delete,74.49699139720809,882.0,52.0,74.59024459081579,2.0,3.0,3.0,3.0,17.0
1223.0,delete,74.6540100399901,883.0,132.0,74.42990372188888,1.0,5.0,4.0,0.0,14.0
1224.0,delete,74.88534442643629,884.0,116.0,74.58777970807931,1.0,4.0,2.0,2.0,17.0
1225.0,delete,74.58250373157254,885.0,101.0,74.55118107089473,1.0,5.0,5.0,2.0,16.0
1226.0,add,74.4126752368368,886.0,134.0,74.41463774475083,1.0,5.0,4.0,0.0,15.0
1227.0,add,74.45836911237171,886.0,134.0,74.41463774475083,1.0,5.0,4.0,0.0,16.0
1228.0,delete,74.49810210221926,886.0,134.0,74.41463774475083,1.0,4.0,4.0,0.0,15.0
1229.0,swap,74.47587964612842,886.0,134.0,74.41463774475083,1.0,5.0,3.0,1.0,15.0
1230.0,delete,74.64177259541094,887.0,80.0,74.61032491822935,1.0,4.0,7.0,4.0,16.0
1231.0,delete,74.32731032730966,888.0,126.0,74.44839199027676,1.0,4.0,5.0,3.0,15.0
1232.0,add,74.374875981656,889.0,18.0,74.53430677649666,8.0,4.0,2.0,2.0,10.0
1233.0,delete,74.64627865271572,890.0,131.0,74.48399122178914,1.0,5.0,5.0,0.0,14.0
1234.0,add,74.70255740604804,891.0,53.0,74.5889376531015,2.0,3.0,4.0,3.0,17.0
1235.0,add,74.46351170722508,892.0,133.0,74.4519327684614,1.0,6.0,4.0,0.0,14.0
1236.0,delete,74.46317702145274,893.0,102.0,74.54563690090507,1.0,5.0,4.0,2.0,16.0
1237.0,add,74.79311753724701,894.0,117.0,74.56595305623001,1.0,4.0,2.0,2.0,18.0
1238.0,delete,74.73635641394156,895.0,81.0,74.60843234947681,1.0,3.0,6.0,4.0,17.0
1239.0,delete,74.52447484451267,896.0,132.0,74.46473331401961,1.0,5.0,5.0,0.0,13.0
1240.0,add,74.50413353764318,897.0,135.0,74.45836911237171,1.0,5.0,4.0,0.0,16.0
1241.0,add,74.47498139406123,897.0,135.0,74.45836911237171,1.0,6.0,4.0,0.0,16.0
1242.0,delete,74.36292567375,897.0,135.0,74.45836911237171,1.0,5.0,4.0,0.0,15.0
1243.0,swap,74.56233846151324,897.0,135.0,74.45836911237171,1.0,5.0,4.0,0.0,16.0
1244.0,add,74.40297506049781,898.0,19.0,74.53606784514048,8.0,4.0,2.0,2.0,11.0
1245.0,delete,74.39144436417806,899.0,127.0,74.4748147116654,1.0,4.0,5.0,3.0,14.0
1246.0,add,74.7490169446186,900.0,54.0,74.58576340151302,2.0,3.0,4.0,3.0,18.0
1247.0,add,74.4176930850096,901.0,134.0,74.47254963586788,1.0,5.0,4.0,0.0,16.0
1248.0,add,74.63687900860673,902.0,103.0,74.54286636398082,1.0,5.0,5.0,2.0,16.0
1249.0,delete,74.71602228467395,903.0,82.0,74.60249216213793,1.0,4.0,6.0,4.0,15.0
1250.0,add,74.71677621324807,904.0,118.0,74.5439222053908,1.0,4.0,2.0,3.0,18.0
1251.0,add,74.4063962366151,905.0,133.0,74.4586588819554,1.0,5.0,4.0,0.0,15.0
1252.0,delete,74.37378665011549,906.0,128.0,74.47400461473508,1.0,4.0,4.0,2.0,15.0
1253.0,add,74.47471101735124,907.0,136.0,74.47498139406123,1.0,6.0,4.0,0.0,16.0
1254.0,add,74.44512542189099,907.0,136.0,74.47498139406123,1.0,6.0,4.0,0.0,17.0
1255.0,delete,74.53367858468286,907.0,136.0,74.47498139406123,1.0,6.0,4.0,0.0,15.0
1256.0,swap,74.68678794941712,907.0,136.0,74.47498139406123,1.0,7.0,4.0,0.0,15.0
1257.0,add,74.2455371082806,908.0,20.0,74.537511187039,8.0,4.0,3.0,2.0,11.0
1258.0,delete,74.77442802462471,909.0,55.0,74.58228790399883,2.0,3.0,4.0,3.0,17.0
1259.0,delete,74.84438474461102,910.0,119.0,74.53308345706279,1.0,4.0,3.0,3.0,16.0
1260.0,add,74.58429951490672,911.0,104.0,74.5396880966158,1.0,5.0,6.0,2.0,16.0
1261.0,add,74.82715499717008,912.0,83.0,74.59768598468115,1.0,4.0,6.0,5.0,15.0
1262.0,add,74.32089985886252,913.0,135.0,74.52305687348068,1.0,5.0,5.0,0.0,16.0
1263.0,add,74.40691914844068,914.0,134.0,74.4765130996867,1.0,5.0,4.0,1.0,15.0
1264.0,add,74.36491629991349,915.0,129.0,74.4733508860177,1.0,4.0,5.0,2.0,15.0
1265.0,add,74.44514973102065,916.0,137.0,74.44512542189099,1.0,6.0,4.0,0.0,17.0
1266.0,delete,74.4023738065609,916.0,137.0,74.44512542189099,1.0,6.0,4.0,0.0,16.0
1267.0,swap,74.77615315113316,916.0,137.0,74.44512542189099,1.0,6.0,5.0,0.0,16.0
1268.0,add,74.29800809489582,917.0,21.0,74.5389384563424,8.0,4.0,3.0,2.0,12.0
1269.0,delete,74.71100846859628,918.0,56.0,74.57936437083819,2.0,2.0,4.0,3.0,17.0
1270.0,delete,74.80981025979978,919.0,120.0,74.51705536225694,1.0,4.0,3.0,3.0,15.0
1271.0,delete,74.58988898892035,920.0,105.0,74.53612589368203,1.0,5.0,5.0,2.0,16.0
1272.0,add,74.51431429881315,921.0,136.0,74.51720052765143,1.0,7.0,4.0,0.0,16.0
1273.0,add,74.52992576865621,922.0,84.0,74.59115667498544,1.0,4.0,8.0,4.0,15.0
1274.0,delete,74.40273753837039,923.0,138.0,74.4023738065609,1.0,6.0,4.0,0.0,16.0
1275.0,add,74.40202596723411,923.0,138.0,74.4023738065609,1.0,6.0,4.0,0.0,17.0
1276.0,delete,74.39822536562484,923.0,138.0,74.4023738065609,1.0,6.0,3.0,0.0,16.0
1277.0,swap,74.37870412623711,923.0,138.0,74.4023738065609,1.0,6.0,4.0,0.0,16.0
1278.0,delete,74.87849501199652,924.0,57.0,74.57516897284842,2.0,2.0,4.0,3.0,16.0
1279.0,delete,74.52146971458679,925.0,130.0,74.4772718809234,1.0,5.0,5.0,1.0,14.0
1280.0,add,74.34339481026241,926.0,22.0,74.54167183273677,8.0,4.0,3.0,3.0,12.0
1281.0,add,74.3361809991131,927.0,135.0,74.47541915794716,1.0,6.0,4.0,0.0,16.0
1282.0,delete,74.656613426311,928.0,106.0,74.52891581764095,1.0,4.0,5.0,2.0,16.0
1283.0,add,74.78399107950189,929.0,121.0,74.49583388629028,1.0,4.0,3.0,3.0,16.0
1284.0,delete,74.92136446809302,930.0,85.0,74.58313928193495,1.0,4.0,7.0,3.0,16.0
1285.0,delete,74.55226536728709,931.0,137.0,74.39681336080547,1.0,6.0,3.0,0.0,17.0
1286.0,delete,74.4770255502049,932.0,131.0,74.47730418025982,1.0,5.0,5.0,0.0,14.0
1287.0,add,74.4017952878314,933.0,139.0,74.40202596723411,1.0,6.0,4.0,0.0,17.0
1288.0,add,74.47716903515686,933.0,139.0,74.40202596723411,1.0,6.0,4.0,0.0,18.0
1289.0,delete,74.40202596723411,933.0,139.0,74.40202596723411,1.0,6.0,4.0,0.0,16.0
1290.0,swap,74.40236710357176,933.0,139.0,74.40202596723411,1.0,5.0,4.0,0.0,18.0
1291.0,delete,74.56573748882128,934.0,58.0,74.5717133258347,2.0,2.0,3.0,3.0,16.0
1292.0,add,74.49412667380848,935.0,23.0,74.54329721387148,8.0,5.0,3.0,3.0,12.0
1293.0,delete,74.6283785413597,936.0,107.0,74.52325369796542,1.0,4.0,4.0,2.0,16.0
1294.0,add,74.3988137862832,937.0,136.0,74.45717372628333,1.0,6.0,4.0,0.0,17.0
1295.0,delete,74.90186804609431,938.0,86.0,74.57431593779495,1.0,4.0,7.0,4.0,14.0
1296.0,add,74.81096624518331,939.0,122.0,74.47772966840883,1.0,5.0,3.0,4.0,15.0
1297.0,delete,74.49696061817708,940.0,132.0,74.459575210242,1.0,5.0,5.0,0.0,13.0
1298.0,add,74.42948174436982,941.0,138.0,74.41707667220564,1.0,6.0,4.0,0.0,17.0
1299.0,delete,74.59673032223442,942.0,137.0,74.4226519372253,1.0,6.0,4.0,0.0,16.0
1300.0,add,74.47729589639565,943.0,140.0,74.47716903515686,1.0,6.0,4.0,0.0,18.0
1301.0,add,74.47810419833998,943.0,140.0,74.47716903515686,1.0,6.0,4.0,0.0,19.0
1302.0,delete,74.47716903515686,943.0,140.0,74.47716903515686,1.0,6.0,4.0,0.0,17.0
1303.0,swap,74.32590498016997,943.0,140.0,74.47716903515686,1.0,7.0,4.0,0.0,17.0
1304.0,delete,74.45792281445543,944.0,24.0,74.54531469734556,7.0,4.0,3.0,3.0,13.0
1305.0,add,74.68596244529058,945.0,59.0,74.5685281997742,2.0,3.0,4.0,3.0,15.0
1306.0,delete,74.84969937250906,946.0,87.0,74.56690569183186,1.0,4.0,6.0,4.0,14.0
1307.0,add,74.60885772780067,947.0,108.0,74.51978108995384,1.0,4.0,4.0,2.0,17.0
1308.0,add,74.62157970612125,948.0,123.0,74.46539391520885,1.0,4.0,4.0,4.0,16.0
1309.0,add,74.37143217193933,949.0,133.0,74.45627573402328,1.0,5.0,4.0,0.0,15.0
1310.0,add,74.52822154918975,950.0,139.0,74.44712862904387,1.0,7.0,4.0,0.0,17.0
1311.0,add,74.44327437894903,951.0,138.0,74.43650552405911,1.0,6.0,4.0,0.0,17.0
1312.0,add,74.48585700036199,952.0,141.0,74.47810419833998,1.0,6.0,4.0,0.0,19.0
1313.0,delete,74.47716903515686,952.0,141.0,74.47810419833998,1.0,6.0,4.0,0.0,18.0
1314.0,swap,74.38595348975689,952.0,141.0,74.47810419833998,1.0,6.0,4.0,0.0,19.0
1315.0,delete,74.22042967084171,953.0,25.0,74.54738410558203,7.0,4.0,3.0,3.0,12.0
1316.0,add,74.72210196231755,954.0,60.0,74.56686532080596,2.0,2.0,5.0,4.0,15.0
1317.0,delete,74.883488210326,955.0,88.0,74.55999950250964,1.0,4.0,5.0,3.0,15.0
1318.0,delete,74.27513396068682,956.0,109.0,74.51548920436632,1.0,4.0,4.0,2.0,16.0
1319.0,add,74.49054701632582,957.0,140.0,74.45677093090393,1.0,6.0,5.0,0.0,18.0
1320.0,add,74.69584450866667,958.0,124.0,74.4505328012367,1.0,4.0,4.0,4.0,17.0
1321.0,add,74.38806424175777,959.0,134.0,74.45986085699677,1.0,5.0,4.0,0.0,16.0
1322.0,delete,74.48142435841565,960.0,142.0,74.47716903515686,1.0,6.0,4.0,0.0,18.0
1323.0,add,74.39721265960961,960.0,142.0,74.47716903515686,1.0,6.0,4.0,0.0,19.0
1324.0,delete,74.37576904185211,960.0,142.0,74.47716903515686,1.0,6.0,4.0,0.0,17.0
1325.0,swap,74.57526702939377,960.0,142.0,74.47716903515686,1.0,5.0,4.0,0.0,19.0
1326.0,delete,74.64656799631882,961.0,26.0,74.54922100316806,6.0,3.0,3.0,3.0,13.0
1327.0,add,74.55142119946538,962.0,61.0,74.56510579309452,2.0,3.0,4.0,4.0,16.0
1328.0,delete,74.72108402196262,963.0,89.0,74.55380495972231,0.0,4.0,6.0,3.0,14.0
1329.0,delete,74.51521038966641,964.0,110.0,74.51247559724192,1.0,4.0,3.0,2.0,16.0
1330.0,add,74.43143522517146,965.0,139.0,74.45950459466299,1.0,6.0,5.0,0.0,17.0
1331.0,delete,74.53395633967988,966.0,125.0,74.44724526734012,1.0,4.0,4.0,4.0,16.0
1332.0,delete,74.49656961222293,967.0,141.0,74.4613684248856,1.0,5.0,4.0,0.0,19.0
1333.0,add,74.45752155844508,968.0,135.0,74.46102236745666,1.0,5.0,4.0,0.0,17.0
1334.0,add,74.39741342412505,969.0,143.0,74.39721265960961,1.0,6.0,4.0,0.0,19.0
1335.0,delete,74.42455089746477,969.0,143.0,74.39721265960961,1.0,6.0,4.0,0.0,18.0
1336.0,swap,74.46557610813036,969.0,143.0,74.39721265960961,1.0,6.0,5.0,0.0,18.0
1337.0,delete,74.50617776453,970.0,27.0,74.55183806086211,5.0,3.0,3.0,3.0,13.0
1338.0,add,74.33211690319544,971.0,62.0,74.56564314538547,2.0,2.0,4.0,4.0,18.0
1339.0,delete,74.35742244437039,972.0,111.0,74.51265723141509,1.0,4.0,2.0,2.0,16.0
1340.0,add,74.78498452562538,973.0,90.0,74.54836108482245,1.0,5.0,6.0,3.0,13.0
1341.0,add,74.45742992980517,974.0,140.0,74.45626260547353,1.0,6.0,4.0,0.0,19.0
1342.0,delete,74.35007559333947,975.0,126.0,74.45220710926922,1.0,4.0,5.0,4.0,14.0
1343.0,add,74.48054490892217,976.0,142.0,74.42118827233244,1.0,7.0,4.0,0.0,18.0
1344.0,delete,74.41324043498929,977.0,144.0,74.42455089746477,1.0,6.0,4.0,0.0,18.0
1345.0,delete,74.45419461930562,977.0,144.0,74.42455089746477,1.0,6.0,4.0,0.0,17.0
1346.0,swap,74.36184717075388,977.0,144.0,74.42455089746477,1.0,6.0,4.0,0.0,18.0
1347.0,add,74.33313198993879,978.0,136.0,74.45383975660532,1.0,7.0,4.0,0.0,16.0
1348.0,add,74.3268657200938,979.0,28.0,74.5530221182536,5.0,3.0,3.0,3.0,14.0
1349.0,add,74.35760628173189,980.0,112.0,74.51674059962014,1.0,4.0,2.0,3.0,16.0
1350.0,add,74.91617190284649,981.0,63.0,74.56263556348722,2.0,2.0,4.0,4.0,19.0
1351.0,delete,74.42695626126306,982.0,141.0,74.44621379233402,1.0,6.0,4.0,0.0,18.0
1352.0,add,74.7358556716415,983.0,91.0,74.5414738607632,1.0,4.0,6.0,3.0,15.0
1353.0,delete,74.34653921366537,984.0,127.0,74.45819239422333,0.0,4.0,5.0,3.0,15.0
1354.0,delete,74.4341529324785,985.0,143.0,74.41345828062839,1.0,5.0,4.0,0.0,19.0
1355.0,delete,74.45646182860085,986.0,145.0,74.45419461930562,1.0,6.0,4.0,0.0,17.0
1356.0,add,74.47631611717145,986.0,145.0,74.45419461930562,1.0,6.0,4.0,0.0,18.0
1357.0,delete,74.40903929670647,986.0,145.0,74.45419461930562,1.0,6.0,4.0,0.0,16.0
1358.0,swap,74.45397468430023,986.0,145.0,74.45419461930562,1.0,7.0,4.0,0.0,16.0
1359.0,delete,74.47719371194331,987.0,29.0,74.553983364638,5.0,3.0,3.0,3.0,13.0
1360.0,delete,74.44142630312794,988.0,137.0,74.44487558933804,1.0,6.0,3.0,0.0,17.0
1361.0,add,74.40275447786138,989.0,113.0,74.52053741683113,1.0,4.0,2.0,3.0,17.0
1362.0,add,74.83950692011581,990.0,64.0,74.5577914877975,2.0,2.0,5.0,4.0,19.0
1363.0,delete,74.67634104446905,991.0,92.0,74.53622158623763,1.0,3.0,6.0,3.0,15.0
1364.0,delete,74.33735395963919,992.0,128.0,74.45819042913807,1.0,4.0,5.0,2.0,14.0
1365.0,add,74.40202596723411,993.0,142.0,74.4326557755814,1.0,6.0,4.0,0.0,19.0
1366.0,delete,74.42455089746477,994.0,144.0,74.44999730921693,1.0,6.0,4.0,0.0,17.0
1367.0,add,74.47863321889385,995.0,146.0,74.47631611717145,1.0,6.0,4.0,0.0,18.0
1368.0,delete,74.43053756790138,995.0,146.0,74.47631611717145,1.0,5.0,4.0,0.0,18.0
1369.0,swap,74.49677817321452,995.0,146.0,74.47631611717145,1.0,6.0,4.0,0.0,18.0
1370.0,delete,74.63733682853457,996.0,30.0,74.55351434025505,5.0,3.0,4.0,2.0,12.0
1371.0,add,74.44191067692635,997.0,138.0,74.44356741586806,1.0,6.0,4.0,0.0,17.0
1372.0,delete,74.3323575147139,998.0,143.0,74.43955983378812,1.0,6.0,3.0,0.0,19.0
1373.0,delete,74.47487511876321,999.0,93.0,74.53118654878946,1.0,4.0,6.0,3.0,13.0
1374.0,add,74.37818491425577,1000.0,65.0,74.5539066772962,2.0,2.0,6.0,4.0,19.0
1375.0,add,74.27155479724921,1001.0,114.0,74.52405557737264,1.0,5.0,2.0,2.0,18.0
1376.0,add,74.31618321581492,1002.0,129.0,74.45563542880092,1.0,4.0,5.0,1.0,16.0
1377.0,add,74.41303768013148,1003.0,145.0,74.47056626929529,1.0,6.0,4.0,0.0,18.0
1378.0,delete,74.42946193122856,1004.0,147.0,74.43053756790138,1.0,5.0,4.0,0.0,18.0
1379.0,delete,74.47860905017698,1004.0,147.0,74.43053756790138,1.0,5.0,4.0,0.0,17.0
1380.0,swap,74.49884259408533,1004.0,147.0,74.43053756790138,1.0,5.0,5.0,0.0,17.0
1381.0,delete,74.63376094477852,1005.0,31.0,74.5513215078782,4.0,3.0,4.0,2.0,12.0
1382.0,add,74.40591443873058,1006.0,139.0,74.44644005929345,1.0,6.0,4.0,1.0,17.0
1383.0,delete,74.67188256852229,1007.0,144.0,74.45387981993704,1.0,5.0,4.0,0.0,18.0
1384.0,delete,74.26203007291596,1008.0,115.0,74.53072575627507,1.0,4.0,2.0,2.0,18.0
1385.0,delete,74.62375270199563,1009.0,66.0,74.551164834507,2.0,3.0,6.0,3.0,18.0
1386.0,add,74.47058741139348,1010.0,94.0,74.52657593322728,1.0,4.0,7.0,3.0,13.0
1387.0,delete,74.46633095061611,1011.0,130.0,74.45953623686033,1.0,5.0,5.0,1.0,14.0
1388.0,delete,74.47504141884852,1012.0,146.0,74.45936278584806,1.0,6.0,3.0,0.0,18.0
1389.0,delete,74.48429696436392,1013.0,148.0,74.47860905017698,1.0,5.0,4.0,0.0,17.0
1390.0,delete,74.49067218224519,1013.0,148.0,74.47860905017698,1.0,5.0,3.0,0.0,17.0
1391.0,swap,74.56939941015568,1013.0,148.0,74.47860905017698,1.0,6.0,3.0,0.0,17.0
1392.0,delete,74.69655382177132,1014.0,32.0,74.54952751169454,3.0,3.0,4.0,2.0,12.0
1393.0,add,74.42803654697433,1015.0,140.0,74.45722305627264,1.0,6.0,4.0,0.0,19.0
1394.0,add,74.45423411711002,1016.0,145.0,74.47680219236805,1.0,6.0,4.0,1.0,17.0
1395.0,delete,74.88803946756255,1017.0,116.0,74.52919516502843,1.0,3.0,2.0,2.0,18.0
1396.0,delete,74.59089316938899,1018.0,131.0,74.4601363210766,1.0,5.0,5.0,0.0,14.0
1397.0,add,74.88876691797996,1019.0,67.0,74.55034132054051,2.0,2.0,6.0,4.0,19.0
1398.0,add,74.54348198357688,1020.0,95.0,74.5263952964186,1.0,4.0,7.0,3.0,14.0
1399.0,delete,74.47860905017698,1021.0,147.0,74.50574440173546,1.0,5.0,4.0,0.0,17.0
1400.0,delete,74.486741514424,1022.0,149.0,74.49067218224519,1.0,5.0,3.0,0.0,17.0
1401.0,delete,74.50124831107208,1022.0,149.0,74.49067218224519,1.0,5.0,3.0,0.0,16.0
1402.0,swap,74.57003611326631,1022.0,149.0,74.49067218224519,1.0,5.0,2.0,1.0,17.0
1403.0,delete,74.44003592019982,1023.0,141.0,74.4621711965665,1.0,6.0,4.0,0.0,18.0
1404.0,add,74.5904867152063,1024.0,33.0,74.54840567469303,3.0,2.0,4.0,2.0,14.0
1405.0,delete,74.37067860442822,1025.0,146.0,74.49112467566208,1.0,6.0,4.0,0.0,17.0
1406.0,delete,74.5358046944609,1026.0,132.0,74.45618262453335,1.0,5.0,5.0,0.0,13.0
1407.0,add,74.78897300491347,1027.0,117.0,74.51788795791413,1.0,4.0,2.0,2.0,18.0
1408.0,delete,74.47860905017698,1028.0,148.0,74.5121745302519,1.0,5.0,4.0,0.0,16.0
1409.0,add,74.43580050080567,1029.0,68.0,74.55041789999093,2.0,3.0,7.0,4.0,18.0
1410.0,add,74.46785117010546,1030.0,96.0,74.52769515424696,1.0,5.0,7.0,3.0,14.0
1411.0,delete,74.53460144842734,1031.0,150.0,74.50124831107208,1.0,5.0,3.0,0.0,16.0
1412.0,delete,74.49549722557713,1031.0,150.0,74.50124831107208,1.0,5.0,3.0,0.0,15.0
1413.0,swap,74.55620927811188,1031.0,150.0,74.50124831107208,1.0,4.0,4.0,0.0,16.0
1414.0,delete,74.75087352128058,1032.0,147.0,74.51037746651453,1.0,5.0,4.0,0.0,17.0
1415.0,add,74.48025221691375,1033.0,142.0,74.47123052450745,1.0,6.0,4.0,0.0,19.0
1416.0,add,74.56856374419571,1034.0,34.0,74.54787800459779,3.0,2.0,4.0,3.0,14.0
1417.0,delete,74.61191676526542,1035.0,149.0,74.5218890657971,1.0,4.0,3.0,0.0,17.0
1418.0,add,74.44795023650809,1036.0,133.0,74.46106138079199,1.0,5.0,5.0,0.0,14.0
1419.0,add,74.84351751173305,1037.0,118.0,74.508905032955,1.0,4.0,2.0,3.0,18.0
1420.0,delete,74.32989188775979,1038.0,69.0,74.55261321168359,1.0,3.0,7.0,4.0,18.0
1421.0,delete,74.75822181616743,1039.0,97.0,74.52915844919728,1.0,5.0,5.0,4.0,14.0
1422.0,delete,74.5102170855811,1040.0,151.0,74.49549722557713,1.0,5.0,3.0,0.0,15.0
1423.0,add,74.50269136470732,1040.0,151.0,74.49549722557713,1.0,6.0,3.0,0.0,15.0
1424.0,delete,74.73436152856299,1040.0,151.0,74.49549722557713,1.0,5.0,3.0,0.0,14.0
1425.0,swap,74.46249717440256,1040.0,151.0,74.49549722557713,1.0,5.0,3.0,0.0,15.0
1426.0,delete,74.38666582449302,1041.0,143.0,74.48863849503307,1.0,5.0,4.0,0.0,19.0
1427.0,delete,74.76645017140753,1042.0,148.0,74.53348454167848,1.0,5.0,4.0,0.0,16.0
1428.0,add,74.798200921246,1043.0,35.0,74.54671010250935,3.0,2.0,5.0,2.0,15.0
1429.0,delete,74.25331947910895,1044.0,150.0,74.54105287576621,1.0,5.0,3.0,0.0,15.0
1430.0,delete,74.81522311383377,1045.0,119.0,74.50364049195258,1.0,3.0,3.0,3.0,17.0
1431.0,delete,73.89289819374025,1046.0,70.0,74.55804134531269,2.0,3.0,7.0,4.0,16.0
1432.0,add,74.41648334697354,1047.0,134.0,74.46668459434636,1.0,5.0,4.0,0.0,16.0
1433.0,add,74.47408458206814,1048.0,98.0,74.52878752303921,1.0,5.0,6.0,3.0,15.0
1434.0,add,74.49926242773151,1049.0,152.0,74.50269136470732,1.0,6.0,3.0,0.0,15.0
1435.0,add,74.4774311989028,1049.0,152.0,74.50269136470732,1.0,6.0,3.0,0.0,16.0
1436.0,delete,74.4530728396155,1049.0,152.0,74.50269136470732,1.0,6.0,3.0,0.0,14.0
1437.0,swap,74.53247659043119,1049.0,152.0,74.50269136470732,1.0,7.0,3.0,0.0,14.0
1438.0,delete,74.42935380211749,1050.0,144.0,74.50181912657715,1.0,6.0,3.0,0.0,18.0
1439.0,delete,74.47959819576307,1051.0,149.0,74.50891447982126,1.0,4.0,3.0,0.0,17.0
1440.0,add,74.80739923480334,1052.0,36.0,74.54267819725378,3.0,2.0,5.0,3.0,15.0
1441.0,delete,74.58472002560211,1053.0,120.0,74.49472467882546,0.0,4.0,3.0,3.0,16.0
1442.0,delete,73.89215131361082,1054.0,71.0,74.56169171030338,2.0,3.0,7.0,3.0,16.0
1443.0,add,74.5993753839539,1055.0,151.0,74.49298688427767,1.0,6.0,3.0,0.0,15.0
1444.0,add,74.45131267782146,1056.0,135.0,74.47031329217018,1.0,5.0,5.0,0.0,16.0
1445.0,add,74.61644069871242,1057.0,99.0,74.5274383421111,1.0,5.0,6.0,3.0,16.0
1446.0,delete,74.55492070990394,1058.0,150.0,74.50183657259771,1.0,4.0,3.0,0.0,16.0
1447.0,add,74.47091111887886,1059.0,153.0,74.4774311989028,1.0,6.0,3.0,0.0,16.0
1448.0,delete,74.46976211802239,1059.0,153.0,74.4774311989028,1.0,5.0,3.0,0.0,16.0
1449.0,swap,74.30202379270295,1059.0,153.0,74.4774311989028,1.0,6.0,3.0,1.0,15.0
1450.0,add,74.45410800986708,1060.0,145.0,74.50198131218525,1.0,6.0,4.0,1.0,17.0
1451.0,add,74.5012582292501,1061.0,152.0,74.43003205712677,1.0,6.0,4.0,0.0,15.0
1452.0,add,74.78410046742619,1062.0,37.0,74.53934198817707,3.0,3.0,5.0,3.0,15.0
1453.0,add,74.70655996458547,1063.0,121.0,74.48479763780689,1.0,5.0,3.0,3.0,15.0
1454.0,add,73.92915438154054,1064.0,72.0,74.56637673509425,2.0,3.0,7.0,4.0,16.0
1455.0,delete,74.46575287324784,1065.0,154.0,74.46976211802239,1.0,5.0,3.0,0.0,16.0
1456.0,delete,74.46752383799294,1065.0,154.0,74.46976211802239,1.0,5.0,2.0,0.0,16.0
1457.0,swap,74.52562156607563,1065.0,154.0,74.46976211802239,1.0,5.0,3.0,0.0,16.0
1458.0,delete,74.60627266178689,1066.0,100.0,74.5253260650331,1.0,4.0,6.0,3.0,16.0
1459.0,add,74.386611371667,1067.0,136.0,74.47018342976313,1.0,7.0,4.0,0.0,16.0
1460.0,delete,74.47631611717145,1068.0,146.0,74.50565153044758,1.0,6.0,4.0,0.0,17.0
1461.0,add,74.55898615465641,1069.0,151.0,74.4820894878087,1.0,5.0,3.0,0.0,16.0
1462.0,delete,74.42229596238538,1070.0,153.0,74.4821650988347,1.0,6.0,3.0,0.0,15.0
1463.0,delete,74.92011153264068,1071.0,38.0,74.53592429990509,2.0,3.0,5.0,3.0,15.0
1464.0,delete,74.47256186763641,1072.0,155.0,74.46752383799294,1.0,5.0,2.0,0.0,16.0
1465.0,delete,74.60014473020814,1072.0,155.0,74.46752383799294,1.0,5.0,2.0,0.0,15.0
1466.0,swap,74.40113461684994,1072.0,155.0,74.46752383799294,1.0,5.0,3.0,0.0,15.0
1467.0,add,73.94637718274858,1073.0,73.0,74.57170890557202,2.0,3.0,8.0,4.0,16.0
1468.0,delete,74.63387620130493,1074.0,101.0,74.52283107258485,1.0,5.0,6.0,2.0,15.0
1469.0,add,74.9324087770818,1075.0,122.0,74.475840556424,1.0,4.0,3.0,4.0,16.0
1470.0,delete,74.32962768371598,1076.0,137.0,74.4703637285115,1.0,6.0,4.0,0.0,16.0
1471.0,delete,74.48683282906332,1077.0,147.0,74.51207617699231,1.0,5.0,3.0,0.0,18.0
1472.0,add,74.39111273328137,1078.0,152.0,74.46470182601279,1.0,6.0,4.0,0.0,15.0
1473.0,delete,74.60158767211709,1079.0,154.0,74.48534126317186,1.0,5.0,3.0,0.0,15.0
1474.0,delete,74.65077667764344,1080.0,156.0,74.60014473020814,1.0,5.0,2.0,0.0,15.0
1475.0,add,74.5975710454953,1080.0,156.0,74.60014473020814,1.0,5.0,2.0,0.0,16.0
1476.0,delete,74.45889162360656,1080.0,156.0,74.60014473020814,1.0,5.0,1.0,0.0,15.0
1477.0,swap,74.50204226323041,1080.0,156.0,74.60014473020814,1.0,5.0,2.0,1.0,14.0
1478.0,add,74.44582804001926,1081.0,39.0,74.53285329060057,3.0,3.0,5.0,2.0,16.0
1479.0,delete,73.95002239451557,1082.0,74.0,74.57570611597883,2.0,3.0,8.0,4.0,15.0
1480.0,delete,74.79792487002392,1083.0,102.0,74.52125369875824,1.0,5.0,5.0,2.0,15.0
1481.0,add,74.64804638078789,1084.0,123.0,74.4696719576357,1.0,4.0,4.0,5.0,15.0
1482.0,add,74.40171029585264,1085.0,138.0,74.47532865173258,1.0,6.0,4.0,1.0,16.0
1483.0,delete,74.47860905017698,1086.0,148.0,74.51027912304801,1.0,5.0,4.0,0.0,16.0
1484.0,delete,74.4774311989028,1087.0,153.0,74.51043591188551,1.0,6.0,3.0,0.0,15.0
1485.0,delete,74.57039924264325,1088.0,155.0,74.56188526803678,1.0,4.0,2.0,0.0,16.0
1486.0,delete,74.0534984057996,1089.0,40.0,74.53202657566929,3.0,2.0,6.0,2.0,15.0
1487.0,add,74.59842659914555,1090.0,157.0,74.5975710454953,1.0,5.0,2.0,0.0,16.0
1488.0,add,74.5026765738195,1090.0,157.0,74.5975710454953,1.0,5.0,2.0,0.0,17.0
1489.0,delete,74.1462588734092,1090.0,157.0,74.5975710454953,1.0,5.0,2.0,0.0,15.0
1490.0,swap,74.25780253509664,1090.0,157.0,74.5975710454953,1.0,4.0,2.0,0.0,17.0
1491.0,delete,74.49820969822262,1091.0,75.0,74.57575408772531,1.0,3.0,8.0,3.0,16.0
1492.0,add,74.62439353239603,1092.0,103.0,74.51870731883085,1.0,5.0,5.0,3.0,15.0
1493.0,add,74.64262155991568,1093.0,124.0,74.46093791317314,1.0,4.0,4.0,4.0,17.0
1494.0,add,74.51275847095276,1094.0,139.0,74.47637406468526,1.0,6.0,4.0,0.0,18.0
1495.0,delete,74.63573149785849,1095.0,149.0,74.4919914856931,1.0,4.0,3.0,0.0,17.0
1496.0,delete,74.61842131587868,1096.0,154.0,74.48769986849246,1.0,5.0,3.0,0.0,15.0
1497.0,delete,73.48200105379021,1097.0,41.0,74.53362643677576,1.0,3.0,6.0,2.0,15.0
1498.0,add,74.60014473020814,1098.0,156.0,74.42054712539323,1.0,5.0,2.0,0.0,16.0
1499.0,delete,74.27085942918764,1099.0,155.0,74.49864862677329,1.0,5.0,2.0,0.0,15.0
1500.0,add,74.62393641620216,1100.0,76.0,74.57652643037902,1.0,3.0,8.0,4.0,16.0
1501.0,delete,74.42379837940709,1101.0,125.0,74.46037457554749,1.0,4.0,5.0,4.0,15.0
1502.0,add,74.66066294285055,1102.0,104.0,74.5160179421856,1.0,5.0,5.0,2.0,17.0
1503.0,delete,74.25331947910895,1103.0,150.0,74.48660262538594,1.0,5.0,3.0,0.0,15.0
1504.0,add,74.5232067160173,1104.0,140.0,74.47841440215234,1.0,6.0,5.0,0.0,18.0
1505.0,add,74.51895364590375,1105.0,158.0,74.5026765738195,1.0,5.0,2.0,0.0,17.0
1506.0,delete,74.22411315658695,1105.0,158.0,74.5026765738195,1.0,5.0,2.0,0.0,16.0
1507.0,swap,74.26856713404598,1105.0,158.0,74.5026765738195,1.0,6.0,2.0,0.0,16.0
1508.0,add,74.5914174049346,1106.0,157.0,74.37857762758904,1.0,5.0,2.0,1.0,16.0
1509.0,add,74.25977952052826,1107.0,42.0,74.5365792230719,2.0,3.0,6.0,2.0,15.0
1510.0,delete,74.23250283461938,1108.0,159.0,74.22411315658695,1.0,5.0,2.0,0.0,16.0
1511.0,delete,74.5026765738195,1108.0,159.0,74.22411315658695,1.0,5.0,2.0,0.0,15.0
1512.0,swap,74.41281176930153,1108.0,159.0,74.22411315658695,1.0,5.0,3.0,0.0,15.0
1513.0,add,74.63592462660117,1109.0,77.0,74.57434007669713,1.0,4.0,8.0,5.0,15.0
1514.0,delete,74.60867727835844,1110.0,105.0,74.51129387511375,1.0,5.0,5.0,1.0,17.0
1515.0,delete,74.36650508489736,1111.0,126.0,74.45981860133516,1.0,4.0,4.0,4.0,15.0
1516.0,delete,74.57637994709367,1112.0,141.0,74.4740134306523,1.0,5.0,4.0,0.0,19.0
1517.0,add,74.49373401357687,1113.0,151.0,74.46794329265316,1.0,5.0,3.0,1.0,15.0
1518.0,add,74.59653534142305,1114.0,156.0,74.41953252895276,1.0,5.0,2.0,0.0,16.0
1519.0,delete,74.5026765738195,1115.0,158.0,74.34302608358183,1.0,5.0,2.0,0.0,16.0
1520.0,add,74.54609523151865,1116.0,1.0,74.53009709124682,8.0,0.0,0.0,0.0,1.0
1521.0,delete,74.49381134424878,1117.0,160.0,74.5026765738195,1.0,5.0,2.0,0.0,15.0
1522.0,add,74.50267657381947,1117.0,160.0,74.5026765738195,1.0,5.0,2.0,1.0,15.0
1523.0,delete,74.493334239269,1117.0,160.0,74.5026765738195,1.0,5.0,2.0,0.0,14.0
1524.0,swap,74.58134570974134,1117.0,160.0,74.5026765738195,1.0,5.0,2.0,0.0,15.0
1525.0,add,74.20648349641431,1118.0,43.0,74.53900994586446,2.0,3.0,6.0,2.0,16.0
1526.0,add,74.55631263247739,1119.0,78.0,74.57286254334183,1.0,4.0,9.0,4.0,16.0
1527.0,delete,74.56507646935715,1120.0,106.0,74.50878552493926,1.0,4.0,5.0,2.0,16.0
1528.0,delete,74.33735395963919,1121.0,127.0,74.46705907704235,1.0,4.0,5.0,3.0,14.0
1529.0,add,74.45431949653393,1122.0,142.0,74.477808795093,1.0,7.0,4.0,0.0,18.0
1530.0,add,74.52396349258346,1123.0,152.0,74.46855616818381,1.0,6.0,3.0,0.0,16.0
1531.0,add,74.62854607944814,1124.0,157.0,74.44827411799454,1.0,5.0,2.0,0.0,17.0
1532.0,delete,74.71873960186254,1125.0,159.0,74.51476888817963,1.0,4.0,2.0,0.0,16.0
1533.0,add,74.5559015470189,1126.0,2.0,74.52971624418232,8.0,1.0,0.0,0.0,1.0
1534.0,delete,74.39144436417808,1127.0,128.0,74.47037045595268,1.0,4.0,5.0,2.0,14.0
1535.0,add,74.43358459620497,1128.0,44.0,74.54241095410674,2.0,4.0,6.0,2.0,16.0
1536.0,delete,74.6283785413597,1129.0,107.0,74.50549542727124,1.0,4.0,4.0,2.0,16.0
1537.0,delete,74.62787542444144,1130.0,79.0,74.57170215292162,1.0,4.0,7.0,4.0,17.0
1538.0,add,74.48521393972506,1131.0,161.0,74.50267657381947,1.0,5.0,2.0,1.0,15.0
1539.0,add,74.60587707186421,1131.0,161.0,74.50267657381947,1.0,5.0,3.0,1.0,15.0
1540.0,delete,74.41821875074247,1131.0,161.0,74.50267657381947,1.0,5.0,2.0,1.0,14.0
1541.0,swap,74.58493011112576,1131.0,161.0,74.50267657381947,0.0,5.0,2.0,1.0,16.0
1542.0,delete,74.54098903731344,1132.0,143.0,74.48612278516343,1.0,6.0,4.0,0.0,18.0
1543.0,delete,74.51067253786613,1133.0,153.0,74.48880573680742,1.0,6.0,3.0,0.0,15.0
1544.0,delete,74.7353106777193,1134.0,158.0,74.48278058932468,1.0,4.0,2.0,0.0,17.0
1545.0,add,74.49392554116278,1135.0,160.0,74.51938328945539,1.0,5.0,2.0,0.0,16.0
1546.0,add,74.63041536454668,1136.0,3.0,74.52941385892201,8.0,1.0,1.0,0.0,1.0
1547.0,add,74.33847827965863,1137.0,129.0,74.47397036089261,1.0,4.0,5.0,1.0,16.0
1548.0,add,73.9820079298378,1138.0,45.0,74.54641949322951,2.0,3.0,6.0,2.0,18.0
1549.0,delete,74.7633056261988,1139.0,80.0,74.57047131177721,1.0,3.0,7.0,4.0,17.0
1550.0,add,74.67492962271932,1140.0,108.0,74.50389352792007,1.0,4.0,4.0,2.0,17.0
1551.0,delete,74.3202236875816,1141.0,159.0,74.53461358703463,1.0,5.0,2.0,0.0,15.0
1552.0,delete,74.42733049581145,1142.0,144.0,74.49278516986698,1.0,6.0,4.0,0.0,17.0
1553.0,delete,74.27470410135408,1143.0,154.0,74.49306747171627,1.0,5.0,3.0,0.0,15.0
1554.0,add,74.6221264166717,1144.0,162.0,74.60587707186421,1.0,5.0,3.0,1.0,15.0
1555.0,add,74.60085847311402,1144.0,162.0,74.60587707186421,1.0,5.0,3.0,1.0,16.0
1556.0,delete,74.82452527535764,1144.0,162.0,74.60587707186421,1.0,5.0,3.0,1.0,14.0
1557.0,swap,74.36332592339227,1144.0,162.0,74.60587707186421,1.0,5.0,3.0,2.0,14.0
1558.0,delete,74.34309628133813,1145.0,130.0,74.47685375022276,1.0,5.0,4.0,1.0,15.0
1559.0,add,74.63041536454668,1146.0,4.0,74.52808873291092,8.0,1.0,1.0,0.0,2.0
1560.0,delete,74.43734611367648,1147.0,46.0,74.55119656344858,2.0,3.0,6.0,3.0,16.0
1561.0,delete,74.75314252718923,1148.0,81.0,74.56825091324073,1.0,4.0,6.0,4.0,16.0
1562.0,delete,74.53855873973293,1149.0,109.0,74.50117365564023,1.0,4.0,4.0,2.0,16.0
1563.0,add,74.50226607646111,1150.0,161.0,74.60334263207997,1.0,5.0,2.0,2.0,15.0
1564.0,delete,74.39835668264166,1151.0,155.0,74.50208985260143,1.0,5.0,2.0,0.0,15.0
1565.0,add,74.44744168215752,1152.0,145.0,74.49559600567065,1.0,7.0,4.0,0.0,17.0
1566.0,add,74.49514152928037,1153.0,160.0,74.54581310485786,1.0,5.0,2.0,0.0,16.0
1567.0,add,74.60416896883729,1154.0,163.0,74.60085847311402,1.0,5.0,3.0,1.0,16.0
1568.0,add,74.5437485185179,1154.0,163.0,74.60085847311402,1.0,5.0,3.0,1.0,17.0
1569.0,delete,74.50588863707866,1154.0,163.0,74.60085847311402,1.0,5.0,3.0,1.0,15.0
1570.0,swap,74.58291825644802,1154.0,163.0,74.60085847311402,1.0,4.0,4.0,1.0,16.0
1571.0,delete,74.6437782442836,1155.0,82.0,74.56470870423577,0.0,4.0,6.0,4.0,16.0
1572.0,add,74.6206435156816,1156.0,5.0,74.52748854702658,8.0,1.0,1.0,0.0,3.0
1573.0,add,73.97539003052503,1157.0,47.0,74.55551442365545,2.0,3.0,7.0,3.0,16.0
1574.0,delete,74.44817402881729,1158.0,110.0,74.50054450043152,1.0,3.0,3.0,2.0,17.0
1575.0,delete,74.46447883127168,1159.0,131.0,74.47823176697138,1.0,5.0,4.0,0.0,15.0
1576.0,add,74.65173342310868,1160.0,162.0,74.56751657079917,1.0,5.0,3.0,1.0,16.0
1577.0,delete,74.46354846322751,1161.0,146.0,74.50158122152247,1.0,6.0,4.0,0.0,17.0
1578.0,add,74.60885593703237,1162.0,156.0,74.51056383636427,1.0,5.0,2.0,0.0,16.0
1579.0,add,74.37756180353183,1163.0,161.0,74.58249427644104,1.0,5.0,2.0,1.0,16.0
1580.0,add,74.54357867631082,1164.0,164.0,74.5437485185179,1.0,5.0,3.0,1.0,17.0
1581.0,delete,74.542828823264,1164.0,164.0,74.5437485185179,1.0,4.0,3.0,1.0,17.0
1582.0,swap,74.57923289334447,1164.0,164.0,74.5437485185179,1.0,5.0,4.0,0.0,17.0
1583.0,delete,74.30069945730621,1165.0,111.0,74.50194052242497,1.0,4.0,2.0,2.0,16.0
1584.0,add,74.81124568880713,1166.0,83.0,74.5606141775679,1.0,4.0,7.0,4.0,15.0
1585.0,add,74.60891818390633,1167.0,6.0,74.52637719001291,8.0,2.0,1.0,1.0,2.0
1586.0,add,74.02387789150747,1168.0,48.0,74.56106501111292,2.0,3.0,6.0,3.0,18.0
1587.0,delete,74.48540308381676,1169.0,132.0,74.47788674506184,1.0,5.0,5.0,0.0,13.0
1588.0,add,74.58715135699322,1170.0,163.0,74.5523472278593,1.0,5.0,3.0,2.0,16.0
1589.0,delete,74.65372587505834,1171.0,147.0,74.50705505737358,1.0,4.0,4.0,0.0,18.0
1590.0,delete,74.52530983365011,1172.0,165.0,74.542828823264,1.0,4.0,3.0,1.0,17.0
1591.0,delete,74.542828823264,1172.0,165.0,74.542828823264,1.0,4.0,3.0,1.0,16.0
1592.0,swap,74.66513723999108,1172.0,165.0,74.542828823264,1.0,4.0,3.0,1.0,17.0
1593.0,add,74.57057484648156,1173.0,157.0,74.52387512057996,1.0,6.0,2.0,0.0,16.0
1594.0,add,74.60908214330054,1174.0,162.0,74.5750295326094,1.0,5.0,3.0,2.0,15.0
1595.0,add,74.44038026707697,1175.0,133.0,74.48109032357569,1.0,5.0,4.0,1.0,14.0
1596.0,add,74.35787585649015,1176.0,112.0,74.50762217622314,1.0,4.0,3.0,2.0,16.0
1597.0,delete,74.21476536899037,1177.0,49.0,74.56506829728258,2.0,2.0,6.0,3.0,18.0
1598.0,add,74.59767242858432,1178.0,7.0,74.52535130490106,8.0,2.0,1.0,1.0,3.0
1599.0,add,74.91459967547361,1179.0,84.0,74.5566779067537,1.0,4.0,7.0,5.0,15.0
1600.0,delete,74.40828384794428,1180.0,164.0,74.5690261800423,0.0,5.0,3.0,1.0,17.0
1601.0,delete,74.29563136997267,1181.0,148.0,74.5077667819757,0.0,5.0,4.0,0.0,17.0
1602.0,delete,74.5296417741468,1182.0,166.0,74.542828823264,1.0,4.0,3.0,1.0,16.0
1603.0,delete,74.5383527349155,1182.0,166.0,74.542828823264,1.0,4.0,3.0,1.0,15.0
1604.0,swap,74.54137137107209,1182.0,166.0,74.542828823264,1.0,4.0,4.0,1.0,15.0
1605.0,delete,74.22411315658695,1183.0,158.0,74.52671831651234,1.0,5.0,2.0,0.0,16.0
1606.0,add,74.54722786592465,1184.0,163.0,74.5456221577845,1.0,5.0,3.0,1.0,17.0
1607.0,delete,74.54387237354285,1185.0,165.0,74.53804867584961,1.0,4.0,3.0,1.0,16.0
1608.0,add,74.41463774475083,1186.0,134.0,74.4817347600798,1.0,5.0,4.0,0.0,16.0
1609.0,delete,74.67581064853026,1187.0,50.0,74.56612694816373,2.0,3.0,5.0,3.0,17.0
1610.0,delete,74.84341643099191,1188.0,85.0,74.55132390794759,1.0,4.0,7.0,3.0,16.0
1611.0,add,74.52676279773186,1189.0,8.0,74.52497980453877,8.0,2.0,1.0,2.0,3.0
1612.0,add,74.38476086238616,1190.0,113.0,74.51030201897879,1.0,4.0,2.0,3.0,17.0
1613.0,delete,74.477403999109,1191.0,149.0,74.504369342706,1.0,5.0,3.0,0.0,16.0
1614.0,delete,74.53835273491552,1192.0,167.0,74.5383527349155,1.0,4.0,3.0,1.0,15.0
1615.0,add,74.54136695739462,1192.0,167.0,74.5383527349155,1.0,4.0,3.0,2.0,15.0
1616.0,delete,74.56126920613184,1192.0,167.0,74.5383527349155,1.0,3.0,3.0,1.0,15.0
1617.0,swap,74.7114845394408,1192.0,167.0,74.5383527349155,1.0,4.0,3.0,1.0,15.0
1618.0,delete,74.29606350298359,1193.0,159.0,74.54599070576926,1.0,5.0,2.0,0.0,15.0
1619.0,delete,74.46409766940621,1194.0,164.0,74.5530846353595,1.0,4.0,3.0,1.0,17.0
1620.0,delete,74.33801155741149,1195.0,150.0,74.50234315754693,1.0,5.0,2.0,0.0,16.0
1621.0,delete,74.737638728678,1196.0,51.0,74.56443280211217,2.0,3.0,4.0,3.0,17.0
1622.0,delete,75.04071205469602,1197.0,86.0,74.54551573698129,1.0,4.0,6.0,4.0,15.0
1623.0,add,74.46248970511043,1198.0,135.0,74.48365589820752,1.0,5.0,4.0,0.0,17.0
1624.0,add,74.5904531633897,1199.0,9.0,74.52460188822846,8.0,2.0,1.0,2.0,4.0
1625.0,add,74.18287475559484,1200.0,114.0,74.51385551458677,1.0,4.0,2.0,2.0,19.0
1626.0,delete,74.56987723105944,1201.0,166.0,74.57816523455965,1.0,4.0,3.0,1.0,15.0
1627.0,add,74.54136695739462,1202.0,168.0,74.54136695739462,1.0,4.0,3.0,2.0,15.0
1628.0,add,74.53922524964847,1202.0,168.0,74.54136695739462,1.0,4.0,3.0,2.0,16.0
1629.0,delete,74.54136695739463,1202.0,168.0,74.54136695739462,1.0,4.0,3.0,1.0,15.0
1630.0,swap,74.51538006588697,1202.0,168.0,74.54136695739462,1.0,4.0,3.0,3.0,14.0
1631.0,add,74.46046017272855,1203.0,160.0,74.54744744325181,1.0,6.0,2.0,0.0,15.0
1632.0,delete,74.45200239522097,1204.0,165.0,74.55398264115773,1.0,4.0,3.0,1.0,16.0
1633.0,delete,74.71858368955795,1205.0,52.0,74.56281199802918,2.0,3.0,4.0,3.0,16.0
1634.0,delete,74.76379668468054,1206.0,87.0,74.53997286900629,1.0,3.0,6.0,4.0,15.0
1635.0,add,74.46547462328977,1207.0,151.0,74.5058289060478,1.0,5.0,3.0,0.0,16.0
1636.0,delete,74.26983207617916,1208.0,115.0,74.51901349336997,1.0,4.0,2.0,2.0,18.0
1637.0,add,74.66672627491839,1209.0,10.0,74.52364114928606,8.0,2.0,2.0,2.0,4.0
1638.0,add,74.4422585017696,1210.0,136.0,74.48528711135175,1.0,6.0,5.0,0.0,16.0
1639.0,add,74.5411542836945,1211.0,167.0,74.53574123754386,1.0,4.0,3.0,2.0,15.0
1640.0,delete,74.77611544920825,1212.0,166.0,74.55810881071608,1.0,4.0,3.0,1.0,15.0
1641.0,add,74.44189192223745,1213.0,161.0,74.5585117512524,1.0,5.0,3.0,1.0,15.0
1642.0,add,74.52115754331446,1214.0,169.0,74.53922524964847,1.0,4.0,3.0,2.0,16.0
1643.0,add,74.56634969634874,1214.0,169.0,74.53922524964847,1.0,4.0,3.0,2.0,17.0
1644.0,delete,74.54066634393023,1214.0,169.0,74.53922524964847,1.0,4.0,3.0,2.0,15.0
1645.0,swap,74.40642499873056,1214.0,169.0,74.53922524964847,0.0,4.0,3.0,3.0,16.0
1646.0,add,74.73539733125423,1215.0,53.0,74.56163856073832,2.0,3.0,4.0,4.0,16.0
1647.0,delete,74.94398037455238,1216.0,88.0,74.5353302789368,1.0,4.0,5.0,3.0,15.0
1648.0,delete,74.7874681283041,1217.0,116.0,74.51972196804992,1.0,4.0,2.0,2.0,17.0
1649.0,delete,74.46414336901225,1218.0,137.0,74.48759767437382,1.0,5.0,4.0,0.0,17.0
1650.0,add,74.46588808022899,1219.0,11.0,74.52375102122554,8.0,3.0,1.0,3.0,4.0
1651.0,add,74.50960223126812,1220.0,152.0,74.5073402929379,1.0,6.0,3.0,1.0,15.0
1652.0,add,74.51208624772245,1221.0,168.0,74.51476476639448,1.0,4.0,3.0,2.0,16.0
1653.0,add,74.56488085504593,1222.0,167.0,74.52423139104184,1.0,4.0,3.0,1.0,16.0
1654.0,add,74.60524679724432,1223.0,162.0,74.55379080555532,1.0,6.0,3.0,1.0,15.0
1655.0,add,74.56634969634872,1224.0,170.0,74.56634969634874,1.0,4.0,3.0,2.0,17.0
1656.0,delete,74.56641351862064,1224.0,170.0,74.56634969634874,1.0,4.0,3.0,1.0,17.0
1657.0,swap,74.4654729589863,1224.0,170.0,74.56634969634874,0.0,4.0,3.0,3.0,17.0
1658.0,delete,74.65217492046489,1225.0,89.0,74.53235832978801,1.0,4.0,6.0,3.0,13.0
1659.0,add,74.7320187655715,1226.0,54.0,74.56024667531625,2.0,3.0,4.0,3.0,18.0
1660.0,delete,74.51632568800049,1227.0,153.0,74.51335744498074,1.0,5.0,3.0,0.0,16.0
1661.0,add,74.79510356913326,1228.0,117.0,74.51333187185352,1.0,4.0,2.0,2.0,18.0
1662.0,add,74.52195333092268,1229.0,138.0,74.49135602708446,1.0,6.0,4.0,0.0,17.0
1663.0,add,74.43883758954306,1230.0,12.0,74.52472837848462,8.0,3.0,1.0,2.0,6.0
1664.0,add,74.53922524964847,1231.0,169.0,74.5411464675761,1.0,4.0,3.0,2.0,17.0
1665.0,delete,74.53976386983373,1232.0,171.0,74.56641351862064,1.0,4.0,3.0,1.0,17.0
1666.0,delete,74.4146247659344,1232.0,171.0,74.56641351862064,1.0,4.0,3.0,1.0,16.0
1667.0,swap,74.59788286650443,1232.0,171.0,74.56641351862064,1.0,4.0,4.0,1.0,16.0
1668.0,add,74.60384059102839,1233.0,163.0,74.54332311101619,1.0,5.0,3.0,2.0,16.0
1669.0,add,74.54382129532317,1234.0,168.0,74.52120330812087,1.0,4.0,3.0,2.0,16.0
1670.0,add,74.7302369953987,1235.0,90.0,74.53032593511409,1.0,4.0,6.0,3.0,14.0
1671.0,delete,74.83995595495105,1236.0,55.0,74.55824159323106,2.0,3.0,3.0,3.0,18.0
1672.0,delete,74.39949333559156,1237.0,154.0,74.51696158597852,1.0,5.0,3.0,0.0,15.0
1673.0,delete,74.61815561876125,1238.0,170.0,74.5296712552233,1.0,3.0,3.0,2.0,17.0
1674.0,add,74.79962750212262,1239.0,118.0,74.50750879866044,1.0,4.0,2.0,4.0,17.0
1675.0,add,74.44348999107588,1240.0,139.0,74.49571217741465,1.0,6.0,4.0,1.0,17.0
1676.0,add,74.43883758954304,1241.0,13.0,74.525755459737,8.0,4.0,1.0,2.0,6.0
1677.0,delete,74.43519878506554,1242.0,172.0,74.4146247659344,1.0,4.0,3.0,1.0,16.0
1678.0,delete,74.31141600049133,1242.0,172.0,74.4146247659344,1.0,4.0,2.0,1.0,16.0
1679.0,swap,74.46986147478721,1242.0,172.0,74.4146247659344,1.0,3.0,3.0,2.0,16.0
1680.0,delete,74.58041025507612,1243.0,164.0,74.53276095759962,1.0,5.0,2.0,1.0,17.0
1681.0,add,74.59925276322886,1244.0,169.0,74.50755954177755,1.0,4.0,4.0,2.0,16.0
1682.0,delete,74.48534993214905,1245.0,155.0,74.51871022799403,1.0,5.0,2.0,0.0,15.0
1683.0,delete,74.886999101603,1246.0,56.0,74.55577514597393,2.0,2.0,3.0,3.0,18.0
1684.0,add,74.70432225967556,1247.0,91.0,74.52730548593205,1.0,4.0,6.0,3.0,15.0
1685.0,delete,74.60732825506776,1248.0,171.0,74.40777525656962,1.0,4.0,3.0,1.0,16.0
1686.0,delete,74.60590069545736,1249.0,119.0,74.50330008502793,0.0,4.0,3.0,3.0,17.0
1687.0,delete,74.30525152392168,1250.0,173.0,74.31141600049133,1.0,4.0,2.0,1.0,16.0
1688.0,delete,74.34008844301282,1250.0,173.0,74.31141600049133,1.0,4.0,2.0,1.0,15.0
1689.0,swap,74.33012145649646,1250.0,173.0,74.31141600049133,1.0,4.0,2.0,1.0,16.0
1690.0,add,74.52474925627519,1251.0,14.0,74.52608693460614,8.0,4.0,1.0,2.0,7.0
1691.0,add,74.47715264732585,1252.0,140.0,74.49495748252365,1.0,6.0,4.0,1.0,18.0
1692.0,delete,74.5383527349155,1253.0,165.0,74.52217058328641,1.0,4.0,3.0,1.0,16.0
1693.0,delete,74.56315833181931,1254.0,170.0,74.46134221487478,1.0,4.0,3.0,2.0,16.0
1694.0,delete,74.61471963521244,1255.0,172.0,74.32171935598056,1.0,4.0,3.0,1.0,15.0
1695.0,delete,74.81320677663051,1256.0,57.0,74.55286198924273,2.0,2.0,4.0,3.0,16.0
1696.0,delete,74.68393601326936,1257.0,92.0,74.5245070221712,1.0,4.0,6.0,3.0,14.0
1697.0,add,74.60014473020814,1258.0,156.0,74.51721561751641,1.0,5.0,2.0,1.0,15.0
1698.0,delete,74.87827089058393,1259.0,120.0,74.49759551499828,1.0,4.0,3.0,3.0,15.0
1699.0,delete,74.34882191771902,1260.0,174.0,74.34008844301282,1.0,4.0,2.0,1.0,15.0
1700.0,add,74.3426530361691,1260.0,174.0,74.34008844301282,1.0,4.0,2.0,1.0,16.0
1701.0,delete,74.17360539146317,1260.0,174.0,74.34008844301282,1.0,4.0,2.0,1.0,14.0
1702.0,swap,74.61533925585097,1260.0,174.0,74.34008844301282,1.0,3.0,2.0,1.0,16.0
1703.0,add,74.5186130482825,1261.0,15.0,74.52634251336423,8.0,4.0,1.0,2.0,8.0
1704.0,delete,74.4541449465701,1262.0,141.0,74.49520035189346,1.0,6.0,4.0,0.0,18.0
1705.0,delete,74.6949138153822,1263.0,166.0,74.51061961371813,1.0,3.0,3.0,1.0,16.0
1706.0,delete,74.54088146728904,1264.0,171.0,74.40838691855322,1.0,4.0,2.0,1.0,17.0
1707.0,delete,74.99811535925139,1265.0,58.0,74.55032054047912,2.0,2.0,4.0,3.0,15.0
1708.0,delete,74.69310258756363,1266.0,93.0,74.52245149205497,1.0,4.0,6.0,3.0,13.0
1709.0,delete,74.4920724075404,1267.0,173.0,74.36410160884301,1.0,3.0,2.0,1.0,16.0
1710.0,add,74.22470798736683,1268.0,157.0,74.51528122761056,1.0,6.0,2.0,0.0,16.0
1711.0,add,74.84897333467218,1269.0,121.0,74.4909145007015,1.0,4.0,3.0,3.0,16.0
1712.0,add,74.3373167437235,1270.0,175.0,74.3426530361691,1.0,4.0,2.0,1.0,16.0
1713.0,add,74.35619802413817,1270.0,175.0,74.3426530361691,1.0,4.0,2.0,2.0,16.0
1714.0,delete,74.3426530361691,1270.0,175.0,74.3426530361691,1.0,4.0,2.0,1.0,15.0
1715.0,swap,74.00364793978528,1270.0,175.0,74.3426530361691,0.0,5.0,2.0,1.0,16.0
1716.0,add,74.5186130482825,1271.0,16.0,74.52618683926023,8.0,4.0,1.0,2.0,9.0
1717.0,add,74.49319981190513,1272.0,142.0,74.49125021463907,1.0,6.0,5.0,0.0,18.0
1718.0,add,74.51655896649,1273.0,167.0,74.47104199720533,1.0,4.0,3.0,1.0,16.0
1719.0,delete,74.4146247659344,1274.0,172.0,74.35099320083523,1.0,4.0,3.0,1.0,15.0
1720.0,add,74.76612584136521,1275.0,59.0,74.54700851592165,2.0,2.0,4.0,3.0,16.0
1721.0,add,74.58600609508589,1276.0,94.0,74.51940063913892,1.0,4.0,6.0,3.0,14.0
1722.0,delete,74.41821875074247,1277.0,158.0,74.50440146086162,1.0,5.0,2.0,0.0,16.0
1723.0,add,74.34008844301282,1278.0,174.0,74.27649375599704,1.0,4.0,2.0,1.0,16.0
1724.0,add,74.68862933826783,1279.0,122.0,74.48270550099754,1.0,4.0,3.0,4.0,16.0
1725.0,delete,74.53653498243347,1280.0,143.0,74.4916516015018,1.0,6.0,3.0,0.0,19.0
1726.0,delete,74.74923904128872,1281.0,173.0,74.33568042168949,1.0,4.0,2.0,1.0,15.0
1727.0,add,74.33197498352224,1282.0,176.0,74.35619802413817,1.0,4.0,2.0,2.0,16.0
1728.0,add,74.42249685087505,1282.0,176.0,74.35619802413817,1.0,4.0,3.0,2.0,16.0
1729.0,delete,74.32597379621328,1282.0,176.0,74.35619802413817,1.0,4.0,2.0,2.0,15.0
1730.0,swap,74.35244938343983,1282.0,176.0,74.35619802413817,1.0,4.0,2.0,2.0,16.0
1731.0,add,74.38397041917494,1283.0,17.0,74.52600301131478,8.0,4.0,2.0,3.0,8.0
1732.0,delete,74.3202236875816,1284.0,159.0,74.50627101311376,1.0,5.0,2.0,0.0,15.0
1733.0,add,74.88715899803238,1285.0,60.0,74.5450079920539,2.0,2.0,5.0,4.0,15.0
1734.0,add,74.46651486184577,1286.0,95.0,74.51802667772782,1.0,4.0,6.0,4.0,14.0
1735.0,add,74.50276879225201,1287.0,168.0,74.45247745411653,1.0,4.0,4.0,2.0,15.0
1736.0,delete,74.41202953347161,1288.0,144.0,74.49217180114182,1.0,6.0,4.0,0.0,17.0
1737.0,add,74.64293305229486,1289.0,123.0,74.47677782264529,1.0,5.0,4.0,4.0,15.0
1738.0,add,74.35247973992065,1290.0,175.0,74.35781860763771,1.0,4.0,3.0,1.0,16.0
1739.0,add,74.36289099740068,1291.0,174.0,74.3189029069972,1.0,4.0,3.0,1.0,15.0
1740.0,add,74.41712544082445,1292.0,177.0,74.42249685087505,1.0,4.0,3.0,2.0,16.0
1741.0,add,74.42249685087506,1292.0,177.0,74.42249685087505,1.0,4.0,3.0,3.0,16.0
1742.0,delete,74.42249685087508,1292.0,177.0,74.42249685087505,1.0,4.0,3.0,1.0,16.0
1743.0,swap,74.40565129283388,1292.0,177.0,74.42249685087505,1.0,4.0,3.0,2.0,16.0
1744.0,add,74.28139510811606,1293.0,18.0,74.52684119295219,8.0,4.0,3.0,2.0,9.0
1745.0,add,74.50310369322123,1294.0,160.0,74.50117018277528,1.0,6.0,2.0,0.0,15.0
1746.0,add,74.74790485892288,1295.0,61.0,74.5429601906505,2.0,2.0,4.0,4.0,17.0
1747.0,add,74.4609813188611,1296.0,96.0,74.51766229739876,1.0,5.0,6.0,4.0,14.0
1748.0,add,74.53922524964847,1297.0,169.0,74.43628125159415,1.0,4.0,3.0,2.0,17.0
1749.0,add,74.44912756909787,1298.0,145.0,74.49076377274358,1.0,6.0,4.0,0.0,18.0
1750.0,add,74.68411959265622,1299.0,124.0,74.47145131712608,1.0,4.0,5.0,4.0,16.0
1751.0,add,74.3574481337109,1300.0,176.0,74.4180534572567,1.0,4.0,2.0,2.0,17.0
1752.0,add,74.34936294313265,1301.0,175.0,74.37879921338441,1.0,4.0,3.0,1.0,16.0
1753.0,delete,74.57433594263968,1302.0,170.0,74.41779418664709,1.0,4.0,3.0,2.0,16.0
1754.0,add,74.55167038799968,1303.0,19.0,74.52779208260867,8.0,4.0,3.0,2.0,10.0
1755.0,add,74.41814935274165,1304.0,178.0,74.42249685087506,1.0,4.0,3.0,3.0,16.0
1756.0,add,74.51699530906586,1304.0,178.0,74.42249685087506,1.0,5.0,3.0,3.0,16.0
1757.0,delete,74.19407443100512,1304.0,178.0,74.42249685087506,1.0,4.0,3.0,3.0,15.0
1758.0,swap,74.35366774853343,1304.0,178.0,74.42249685087506,1.0,4.0,2.0,3.0,17.0
1759.0,add,74.47936310351048,1305.0,62.0,74.54265841843278,2.0,2.0,4.0,4.0,18.0
1760.0,delete,74.45197937942915,1306.0,97.0,74.51660644559998,1.0,5.0,6.0,3.0,14.0
1761.0,delete,74.46592389194123,1307.0,146.0,74.4886305244365,1.0,5.0,4.0,0.0,18.0
1762.0,delete,74.44557295562572,1308.0,125.0,74.4686701229035,1.0,4.0,5.0,4.0,15.0
1763.0,add,74.5031914120407,1309.0,161.0,74.49497137024244,1.0,6.0,2.0,1.0,15.0
1764.0,add,74.42841985584369,1310.0,177.0,74.38107673844422,1.0,5.0,3.0,2.0,16.0
1765.0,delete,74.53934985360615,1311.0,171.0,74.39281809668941,1.0,4.0,3.0,1.0,16.0
1766.0,add,74.35366774853343,1312.0,176.0,74.39627473792584,1.0,4.0,2.0,2.0,17.0
1767.0,add,74.40252722676976,1313.0,20.0,74.52793446814195,8.0,4.0,2.0,2.0,12.0
1768.0,add,74.50219712274927,1314.0,179.0,74.51699530906586,1.0,5.0,3.0,3.0,16.0
1769.0,delete,74.31035999775212,1314.0,179.0,74.51699530906586,1.0,5.0,3.0,3.0,15.0
1770.0,swap,74.3093673140902,1314.0,179.0,74.51699530906586,1.0,6.0,3.0,3.0,15.0
1771.0,add,74.47637519182926,1315.0,98.0,74.51451017727794,1.0,6.0,6.0,3.0,14.0
1772.0,add,74.7833758008412,1316.0,63.0,74.54083190976385,2.0,3.0,4.0,4.0,18.0
1773.0,delete,74.46690270185692,1317.0,147.0,74.48770588241653,1.0,5.0,4.0,0.0,17.0
1774.0,delete,74.38662227511765,1318.0,126.0,74.46933869194667,1.0,4.0,5.0,4.0,14.0
1775.0,add,74.60884223631517,1319.0,162.0,74.48713567194145,1.0,5.0,3.0,2.0,15.0
1776.0,add,74.42249685087506,1320.0,178.0,74.40972993591436,1.0,4.0,3.0,3.0,17.0
1777.0,delete,74.41499640406386,1321.0,172.0,74.37820769376265,1.0,4.0,3.0,1.0,15.0
1778.0,delete,74.27049554079588,1322.0,180.0,74.31035999775212,1.0,5.0,3.0,3.0,15.0
1779.0,delete,74.30855549732948,1322.0,180.0,74.31035999775212,1.0,5.0,2.0,3.0,15.0
1780.0,swap,74.68204333468296,1322.0,180.0,74.31035999775212,1.0,5.0,3.0,3.0,15.0
1781.0,add,74.28756694520071,1323.0,21.0,74.52816366396776,8.0,4.0,3.0,2.0,12.0
1782.0,add,74.43915823519227,1324.0,177.0,74.39533224664152,1.0,4.0,3.0,2.0,17.0
1783.0,delete,74.51163428154346,1325.0,148.0,74.48417430016879,1.0,4.0,4.0,0.0,17.0
1784.0,add,74.66856312771331,1326.0,99.0,74.51298937290807,1.0,5.0,6.0,3.0,16.0
1785.0,add,74.86582454177265,1327.0,64.0,74.53741542592746,2.0,2.0,5.0,4.0,19.0
1786.0,delete,74.34589257559266,1328.0,127.0,74.47209244610114,1.0,4.0,5.0,2.0,15.0
1787.0,delete,74.87257597767517,1329.0,179.0,74.39286359264011,1.0,5.0,3.0,3.0,15.0
1788.0,add,74.46688076326166,1330.0,163.0,74.47978689881873,1.0,5.0,3.0,1.0,17.0
1789.0,delete,74.33141401663596,1331.0,173.0,74.39350757077854,1.0,4.0,2.0,1.0,15.0
1790.0,delete,74.3085554973295,1332.0,181.0,74.30855549732948,1.0,5.0,2.0,3.0,15.0
1791.0,delete,74.65870819557813,1332.0,181.0,74.30855549732948,1.0,4.0,2.0,3.0,15.0
1792.0,swap,74.22562841078884,1332.0,181.0,74.30855549732948,1.0,5.0,2.0,3.0,15.0
1793.0,add,74.33998177232758,1333.0,22.0,74.5298710446451,8.0,4.0,3.0,3.0,12.0
1794.0,add,74.43029409255118,1334.0,178.0,74.44899825405938,1.0,4.0,3.0,3.0,17.0
1795.0,delete,74.48657603925568,1335.0,149.0,74.48290003616016,1.0,5.0,3.0,0.0,16.0
1796.0,delete,74.56214948270926,1336.0,100.0,74.51118141231119,1.0,5.0,5.0,3.0,16.0
1797.0,delete,74.24745206669327,1337.0,128.0,74.47317429907493,1.0,3.0,5.0,2.0,15.0
1798.0,add,74.62161876861155,1338.0,65.0,74.5345363386683,2.0,3.0,6.0,4.0,18.0
1799.0,delete,74.51699530906586,1339.0,180.0,74.37536190025648,1.0,5.0,3.0,3.0,14.0
1800.0,delete,74.54295267828894,1340.0,164.0,74.47063803234647,1.0,5.0,3.0,1.0,16.0
1801.0,delete,74.65874971266031,1341.0,182.0,74.65870819557813,1.0,4.0,2.0,3.0,15.0
1802.0,delete,74.65165750756768,1341.0,182.0,74.65870819557813,1.0,3.0,2.0,3.0,15.0
1803.0,swap,74.65365638452634,1341.0,182.0,74.65870819557813,1.0,4.0,2.0,3.0,15.0
1804.0,add,74.44367786482354,1342.0,174.0,74.40809448569647,1.0,4.0,3.0,1.0,15.0
1805.0,delete,74.20389972854377,1343.0,179.0,74.50983178047936,0.0,5.0,3.0,3.0,16.0
1806.0,add,74.47104945889784,1344.0,23.0,74.53077135098324,8.0,4.0,4.0,3.0,12.0
1807.0,delete,74.55338247495469,1345.0,150.0,74.48231536181376,1.0,5.0,3.0,0.0,15.0
1808.0,delete,74.70004430480675,1346.0,101.0,74.50971984024896,1.0,5.0,6.0,2.0,15.0
1809.0,delete,73.92909974003588,1347.0,181.0,74.65569295008312,0.0,5.0,2.0,3.0,15.0
1810.0,delete,74.4491814915726,1348.0,66.0,74.53348953255087,2.0,2.0,6.0,4.0,18.0
1811.0,add,74.55669929153287,1349.0,129.0,74.47357600143094,1.0,5.0,5.0,1.0,15.0
1812.0,delete,74.5383527349155,1350.0,165.0,74.46431129968789,1.0,4.0,3.0,1.0,16.0
1813.0,delete,74.65194108993155,1351.0,183.0,74.65165750756768,1.0,3.0,2.0,3.0,15.0
1814.0,delete,74.67558649046191,1351.0,183.0,74.65165750756768,1.0,2.0,2.0,3.0,15.0
1815.0,swap,74.82151968192957,1351.0,183.0,74.65165750756768,1.0,3.0,2.0,3.0,15.0
1816.0,add,74.33634564753208,1352.0,175.0,74.43211676120492,1.0,4.0,2.0,1.0,17.0
1817.0,delete,74.8590347858149,1353.0,180.0,74.5050544597671,1.0,5.0,3.0,3.0,14.0
1818.0,delete,74.29463931146402,1354.0,24.0,74.53220089805258,8.0,4.0,3.0,3.0,12.0
1819.0,delete,74.6100361256444,1355.0,182.0,74.70017619247267,1.0,4.0,2.0,2.0,15.0
1820.0,delete,74.65917649466327,1356.0,102.0,74.50864473597551,1.0,5.0,5.0,1.0,16.0
1821.0,add,74.49008304234367,1357.0,151.0,74.48614607235865,1.0,5.0,3.0,0.0,16.0
1822.0,delete,74.5113808837203,1358.0,130.0,74.47822834815429,1.0,5.0,4.0,1.0,15.0
1823.0,add,74.43246189738875,1359.0,67.0,74.53371179913803,2.0,2.0,6.0,4.0,19.0
1824.0,delete,74.4537471008438,1360.0,166.0,74.47221712664036,1.0,3.0,3.0,1.0,16.0
1825.0,delete,74.67592162316215,1361.0,184.0,74.67558649046191,1.0,2.0,2.0,3.0,15.0
1826.0,add,74.54359734824077,1361.0,184.0,74.67558649046191,1.0,2.0,2.0,3.0,16.0
1827.0,delete,74.84461892078426,1361.0,184.0,74.67558649046191,1.0,2.0,2.0,3.0,14.0
1828.0,swap,74.47275186306544,1361.0,184.0,74.67558649046191,1.0,3.0,1.0,3.0,15.0
1829.0,add,74.34989236712052,1362.0,176.0,74.48055480611355,1.0,4.0,2.0,2.0,17.0
1830.0,delete,74.22042967084171,1363.0,25.0,74.53368471534066,7.0,4.0,3.0,3.0,12.0
1831.0,delete,74.18269319573868,1364.0,181.0,74.60368036027603,1.0,5.0,1.0,3.0,15.0
1832.0,delete,74.86958470869355,1365.0,183.0,74.64249524914291,1.0,3.0,2.0,3.0,14.0
1833.0,add,74.62645597461484,1366.0,103.0,74.50789765129139,1.0,6.0,5.0,2.0,15.0
1834.0,delete,74.51312914646392,1367.0,131.0,74.48011869890763,1.0,5.0,5.0,0.0,14.0
1835.0,add,74.50723340729701,1368.0,152.0,74.48749062249738,1.0,6.0,3.0,0.0,16.0
1836.0,add,74.38369902756395,1369.0,68.0,74.53371858273826,2.0,2.0,8.0,4.0,18.0
1837.0,add,74.53593926995276,1370.0,167.0,74.46779256110851,1.0,4.0,3.0,1.0,16.0
1838.0,add,74.50594679309923,1371.0,185.0,74.54359734824077,1.0,2.0,2.0,3.0,16.0
1839.0,add,74.63276839481323,1371.0,185.0,74.54359734824077,1.0,2.0,2.0,3.0,17.0
1840.0,delete,74.48076757518591,1371.0,185.0,74.54359734824077,1.0,2.0,1.0,3.0,16.0
1841.0,swap,73.8507266695782,1371.0,185.0,74.54359734824077,0.0,3.0,2.0,3.0,16.0
1842.0,delete,74.22042967084172,1372.0,26.0,74.5346526246525,7.0,2.0,3.0,3.0,13.0
1843.0,add,74.41975695002473,1373.0,177.0,74.48414483159995,1.0,4.0,3.0,2.0,17.0
1844.0,delete,74.65897419344438,1374.0,182.0,74.59195891372555,1.0,4.0,2.0,3.0,14.0
1845.0,delete,74.52432956389877,1375.0,132.0,74.478302196851,1.0,5.0,4.0,0.0,14.0
1846.0,add,74.67680672695955,1376.0,104.0,74.50516782387695,1.0,5.0,5.0,2.0,17.0
1847.0,delete,74.64008473070164,1377.0,153.0,74.48706341244706,1.0,6.0,2.0,0.0,16.0
1848.0,delete,74.47247808795838,1378.0,69.0,74.53444438837239,2.0,3.0,7.0,4.0,17.0
1849.0,add,74.67558649046191,1379.0,184.0,74.40276135618346,1.0,2.0,2.0,4.0,15.0
1850.0,add,74.63117639978537,1380.0,168.0,74.46252248290564,1.0,4.0,4.0,2.0,15.0
1851.0,delete,74.65167127036176,1381.0,183.0,74.56616880704969,1.0,3.0,2.0,3.0,14.0
1852.0,add,74.64945824783408,1382.0,186.0,74.63276839481323,1.0,2.0,2.0,3.0,17.0
1853.0,add,74.63276839481324,1382.0,186.0,74.63276839481323,1.0,2.0,2.0,4.0,17.0
1854.0,delete,74.43732921290024,1382.0,186.0,74.63276839481323,0.0,2.0,2.0,3.0,17.0
1855.0,swap,74.55799267902849,1382.0,186.0,74.63276839481323,1.0,2.0,3.0,3.0,16.0
1856.0,delete,74.19036844278966,1383.0,27.0,74.53702451544927,6.0,3.0,3.0,3.0,12.0
1857.0,delete,74.46557014576504,1384.0,154.0,74.49102659352504,1.0,4.0,3.0,0.0,16.0
1858.0,delete,74.64188757985549,1385.0,105.0,74.50487580170093,1.0,5.0,5.0,2.0,16.0
1859.0,add,74.44650186024742,1386.0,133.0,74.48061798164997,1.0,6.0,4.0,0.0,14.0
1860.0,delete,73.92699146968847,1387.0,70.0,74.53818749727904,2.0,3.0,7.0,3.0,17.0
1861.0,add,74.41367574161353,1388.0,178.0,74.52130749460126,1.0,4.0,3.0,3.0,17.0
1862.0,add,74.7891890053252,1389.0,185.0,74.58206338587785,1.0,2.0,2.0,3.0,17.0
1863.0,add,74.55551704042601,1390.0,169.0,74.46807085624833,1.0,5.0,3.0,2.0,16.0
1864.0,add,74.66099041697547,1391.0,184.0,74.52328461920733,1.0,2.0,2.0,3.0,16.0
1865.0,add,74.6435179837748,1392.0,187.0,74.63276839481324,1.0,2.0,2.0,4.0,17.0
1866.0,delete,74.58559082624043,1392.0,187.0,74.63276839481324,1.0,2.0,2.0,4.0,16.0
1867.0,swap,74.53844364981228,1392.0,187.0,74.63276839481324,1.0,2.0,2.0,3.0,18.0
1868.0,add,74.32178379102682,1393.0,28.0,74.53836546058486,5.0,3.0,3.0,3.0,14.0
1869.0,delete,74.27085942918764,1394.0,155.0,74.49547284547245,1.0,5.0,2.0,0.0,15.0
1870.0,delete,74.656613426311,1395.0,106.0,74.50367200475047,1.0,4.0,5.0,1.0,17.0
1871.0,delete,74.51730910048066,1396.0,179.0,74.54658508466949,1.0,5.0,3.0,3.0,15.0
1872.0,delete,73.82953343324014,1397.0,71.0,74.54188565846552,2.0,3.0,7.0,4.0,15.0
1873.0,add,74.31259660862432,1398.0,134.0,74.48327479550376,1.0,5.0,4.0,0.0,16.0
1874.0,add,74.64006804408528,1399.0,186.0,74.60008021366019,1.0,2.0,2.0,3.0,18.0
1875.0,delete,74.52381502216596,1400.0,170.0,74.47111050729893,1.0,4.0,2.0,2.0,17.0
1876.0,delete,74.58504205190718,1401.0,188.0,74.58559082624043,1.0,2.0,2.0,4.0,16.0
1877.0,delete,74.53835083442124,1401.0,188.0,74.58559082624043,1.0,2.0,2.0,4.0,15.0
1878.0,swap,74.68150209754434,1401.0,188.0,74.58559082624043,1.0,3.0,2.0,3.0,16.0
1879.0,delete,74.47807026142684,1402.0,29.0,74.53885286542472,5.0,3.0,4.0,3.0,12.0
1880.0,delete,74.31050347612819,1403.0,180.0,74.56288942299891,1.0,5.0,3.0,3.0,14.0
1881.0,add,74.58428935772443,1404.0,185.0,74.60861703249999,1.0,2.0,3.0,3.0,16.0
1882.0,delete,74.64710345378174,1405.0,107.0,74.5017898946988,1.0,4.0,4.0,1.0,17.0
1883.0,add,74.50640900175668,1406.0,156.0,74.49754788941239,1.0,5.0,2.0,0.0,16.0
1884.0,delete,74.5745194983998,1407.0,187.0,74.5976214525283,1.0,2.0,1.0,4.0,17.0
1885.0,add,73.89089474168723,1408.0,72.0,74.54575242599411,2.0,3.0,7.0,5.0,15.0
1886.0,add,74.4672193275927,1409.0,135.0,74.48585223833305,1.0,5.0,4.0,0.0,17.0
1887.0,delete,74.56641351862064,1410.0,171.0,74.46929185208272,1.0,4.0,3.0,0.0,17.0
1888.0,delete,74.53981065958642,1411.0,189.0,74.53835083442124,1.0,2.0,2.0,4.0,15.0
1889.0,add,74.5683212017738,1411.0,189.0,74.53835083442124,1.0,2.0,2.0,4.0,16.0
1890.0,delete,74.53812851414015,1411.0,189.0,74.53835083442124,1.0,2.0,2.0,4.0,14.0
1891.0,swap,74.34494013173872,1411.0,189.0,74.53835083442124,1.0,2.0,3.0,4.0,14.0
1892.0,delete,74.66322212134008,1412.0,30.0,74.53826778491292,4.0,3.0,4.0,2.0,13.0
1893.0,delete,74.18750861695304,1413.0,181.0,74.57187358007293,1.0,5.0,2.0,2.0,15.0
1894.0,add,74.63276839481323,1414.0,186.0,74.57007722217213,1.0,2.0,2.0,3.0,18.0
1895.0,add,74.44392306492179,1415.0,108.0,74.50019856734998,1.0,4.0,4.0,2.0,17.0
1896.0,add,74.59757104549531,1416.0,157.0,74.49729868728157,1.0,5.0,2.0,1.0,16.0
1897.0,delete,74.37517921382056,1417.0,172.0,74.46737256695778,1.0,4.0,3.0,1.0,15.0
1898.0,add,74.04692065784147,1418.0,73.0,74.54967862351383,2.0,4.0,8.0,4.0,15.0
1899.0,add,74.55774291617475,1419.0,136.0,74.48623920411441,1.0,6.0,4.0,0.0,17.0
1900.0,delete,74.5488954592064,1420.0,188.0,74.50591026833207,1.0,2.0,1.0,4.0,16.0
1901.0,add,74.56832120177384,1421.0,190.0,74.5683212017738,1.0,2.0,2.0,4.0,16.0
1902.0,delete,74.93032740547,1421.0,190.0,74.5683212017738,1.0,2.0,2.0,4.0,15.0
1903.0,swap,74.7279562622974,1421.0,190.0,74.5683212017738,1.0,2.0,2.0,4.0,16.0
1904.0,delete,74.52188346270428,1422.0,31.0,74.53740948895158,4.0,3.0,3.0,2.0,13.0
1905.0,delete,74.80039681254704,1423.0,182.0,74.60419947019543,1.0,4.0,2.0,3.0,14.0
1906.0,delete,74.63640860185254,1424.0,187.0,74.59474662649998,1.0,2.0,2.0,4.0,16.0
1907.0,delete,74.54670639513324,1425.0,109.0,74.50053763711456,1.0,4.0,4.0,2.0,16.0
1908.0,delete,74.40221492974,1426.0,158.0,74.50328953440759,1.0,5.0,2.0,0.0,16.0
1909.0,delete,73.86897972894953,1427.0,173.0,74.48522723320315,0.0,4.0,2.0,1.0,16.0
1910.0,delete,74.50208921204758,1428.0,74.0,74.55286176067239,2.0,3.0,8.0,4.0,15.0
1911.0,delete,74.4066794569963,1429.0,137.0,74.48812709762413,1.0,6.0,4.0,0.0,16.0
1912.0,add,74.59438737596227,1430.0,189.0,74.69873151782875,1.0,2.0,2.0,4.0,16.0
1913.0,delete,74.92360869370583,1431.0,191.0,74.93032740547,1.0,2.0,2.0,4.0,15.0
1914.0,delete,74.84409841848226,1431.0,191.0,74.93032740547,1.0,2.0,2.0,4.0,14.0
1915.0,swap,74.71319537978212,1431.0,191.0,74.93032740547,1.0,1.0,2.0,5.0,15.0
1916.0,delete,74.69417651400684,1432.0,32.0,74.53664944274102,3.0,3.0,4.0,1.0,13.0
1917.0,delete,74.62005429316795,1433.0,183.0,74.61194507681171,1.0,3.0,2.0,3.0,14.0
1918.0,delete,74.58559082624045,1434.0,188.0,74.64464165679543,1.0,2.0,2.0,3.0,16.0
1919.0,delete,74.47053266372984,1435.0,110.0,74.50067928401691,1.0,4.0,3.0,2.0,16.0
1920.0,delete,74.00437368873068,1436.0,159.0,74.50983237458007,0.0,5.0,2.0,0.0,16.0
1921.0,delete,74.53835083442124,1437.0,190.0,74.85280747436005,1.0,2.0,2.0,4.0,15.0
1922.0,delete,74.64326241850758,1438.0,75.0,74.55430462026798,1.0,3.0,7.0,4.0,16.0
1923.0,add,74.31990718479827,1439.0,174.0,74.50256748171542,1.0,4.0,2.0,1.0,16.0
1924.0,add,74.47179991831929,1440.0,138.0,74.49112285541834,1.0,6.0,4.0,0.0,17.0
1925.0,delete,74.84428172477466,1441.0,192.0,74.84409841848226,1.0,2.0,2.0,4.0,14.0
1926.0,delete,74.84409841848226,1441.0,192.0,74.84409841848226,1.0,2.0,2.0,3.0,14.0
1927.0,swap,74.92113303180086,1441.0,192.0,74.84409841848226,1.0,2.0,3.0,4.0,13.0
1928.0,add,74.58052028498749,1442.0,33.0,74.5357815947421,3.0,2.0,5.0,2.0,13.0
1929.0,add,74.64338841628663,1443.0,184.0,74.61582670271176,1.0,2.0,2.0,3.0,16.0
1930.0,add,74.5683212017738,1444.0,189.0,74.75150666239387,1.0,2.0,2.0,4.0,16.0
1931.0,delete,74.30069945730621,1445.0,111.0,74.50223833756776,1.0,4.0,2.0,2.0,16.0
1932.0,delete,74.93032740547,1446.0,191.0,74.86340289838502,1.0,2.0,2.0,3.0,15.0
1933.0,add,74.44325383115839,1447.0,160.0,74.51863326182642,1.0,5.0,3.0,0.0,15.0
1934.0,delete,74.87418382531588,1448.0,193.0,74.84409841848226,1.0,2.0,2.0,3.0,14.0
1935.0,delete,74.84409841848226,1448.0,193.0,74.84409841848226,1.0,2.0,2.0,3.0,13.0
1936.0,swap,74.75269732963433,1448.0,193.0,74.84409841848226,0.0,2.0,2.0,3.0,15.0
1937.0,add,74.63892922439777,1449.0,76.0,74.5562779479688,1.0,3.0,8.0,4.0,16.0
1938.0,add,74.4733427814088,1450.0,139.0,74.49956985032917,1.0,6.0,4.0,0.0,18.0
1939.0,add,74.34294033922724,1451.0,175.0,74.54145658505685,1.0,4.0,2.0,2.0,16.0
1940.0,add,74.40928008293875,1452.0,185.0,74.66372002552832,1.0,2.0,2.0,3.0,17.0
1941.0,add,74.56636790353133,1453.0,34.0,74.5359101135525,3.0,2.0,4.0,2.0,15.0
1942.0,delete,74.5685435220549,1454.0,190.0,74.8300334071518,1.0,2.0,2.0,4.0,15.0
1943.0,delete,74.1790952809111,1455.0,192.0,74.82876949797868,1.0,2.0,2.0,4.0,13.0
1944.0,add,74.28787695981178,1456.0,112.0,74.50630281219843,1.0,4.0,2.0,2.0,17.0
1945.0,delete,74.84409841848226,1457.0,194.0,74.84409841848226,1.0,2.0,2.0,3.0,13.0
1946.0,delete,74.8385077500937,1457.0,194.0,74.84409841848226,1.0,2.0,2.0,3.0,12.0
1947.0,swap,74.85222005363953,1457.0,194.0,74.84409841848226,1.0,1.0,3.0,3.0,13.0
1948.0,add,74.64122118155024,1458.0,77.0,74.55609297269017,1.0,5.0,8.0,4.0,15.0
1949.0,add,74.49786064879542,1459.0,161.0,74.5256921886103,1.0,5.0,2.0,1.0,16.0
1950.0,add,74.3251720157185,1460.0,140.0,74.50199416922094,1.0,6.0,4.0,0.0,19.0
1951.0,add,74.34485719080128,1461.0,176.0,74.55920820811781,1.0,4.0,2.0,3.0,16.0
1952.0,delete,74.93032740547,1462.0,191.0,74.79740333963076,1.0,2.0,2.0,4.0,14.0
1953.0,add,74.63276839481323,1463.0,186.0,74.67812426996488,1.0,2.0,2.0,3.0,18.0
1954.0,add,74.80380836459771,1464.0,35.0,74.53513391320361,3.0,2.0,5.0,2.0,15.0
1955.0,delete,74.84409841848226,1465.0,193.0,74.84473116017443,1.0,2.0,2.0,3.0,13.0
1956.0,delete,74.83814131963142,1466.0,195.0,74.8385077500937,1.0,2.0,2.0,3.0,12.0
1957.0,add,74.85053312462831,1466.0,195.0,74.8385077500937,1.0,2.0,2.0,3.0,13.0
1958.0,delete,74.95770068164188,1466.0,195.0,74.8385077500937,1.0,2.0,1.0,3.0,12.0
1959.0,swap,74.59745262829952,1466.0,195.0,74.8385077500937,1.0,3.0,1.0,3.0,12.0
1960.0,add,74.40275447786138,1467.0,113.0,74.51310129662497,1.0,4.0,2.0,2.0,18.0
1961.0,add,74.45952530186393,1468.0,78.0,74.55648111769067,1.0,4.0,8.0,4.0,17.0
1962.0,delete,74.46904327415089,1469.0,141.0,74.5077692115081,1.0,6.0,4.0,0.0,18.0
1963.0,add,74.60587707186421,1470.0,162.0,74.53381771297235,1.0,5.0,3.0,1.0,16.0
1964.0,add,74.40927953379658,1471.0,177.0,74.58757950217795,1.0,4.0,3.0,2.0,17.0
1965.0,delete,74.45197383587025,1472.0,187.0,74.7037745188209,1.0,2.0,2.0,4.0,16.0
1966.0,delete,74.8344998958273,1473.0,192.0,74.77822505136344,1.0,2.0,2.0,4.0,13.0
1967.0,add,74.81491654279593,1474.0,36.0,74.5338595374524,3.0,2.0,5.0,3.0,15.0
1968.0,delete,73.99370085866207,1475.0,194.0,74.81646710085897,1.0,2.0,2.0,3.0,12.0
1969.0,add,74.86047451153446,1476.0,196.0,74.85053312462831,1.0,2.0,2.0,3.0,13.0
1970.0,delete,74.84246194226336,1476.0,196.0,74.85053312462831,1.0,1.0,2.0,3.0,13.0
1971.0,swap,74.6893607043017,1476.0,196.0,74.85053312462831,1.0,2.0,3.0,3.0,12.0
1972.0,add,74.26274200926666,1477.0,114.0,74.5165777700158,1.0,4.0,2.0,3.0,18.0
1973.0,delete,74.59771959278773,1478.0,79.0,74.55577871764253,1.0,4.0,8.0,4.0,16.0
1974.0,add,74.6011846611765,1479.0,163.0,74.53310529464576,1.0,5.0,3.0,1.0,17.0
1975.0,add,74.41454523900792,1480.0,142.0,74.5102758193023,1.0,6.0,4.0,0.0,19.0
1976.0,add,74.42905249402742,1481.0,178.0,74.60311212792716,1.0,4.0,3.0,3.0,17.0
1977.0,delete,74.52075047262771,1482.0,188.0,74.7078113095041,1.0,2.0,2.0,4.0,15.0
1978.0,delete,74.1790952809111,1483.0,193.0,74.7579114484725,1.0,2.0,2.0,3.0,13.0
1979.0,add,74.78511822381161,1484.0,195.0,74.81070757068196,1.0,3.0,2.0,3.0,12.0
1980.0,add,74.84222002939622,1485.0,37.0,74.53191636564856,3.0,3.0,5.0,3.0,15.0
1981.0,delete,74.83155645760993,1486.0,197.0,74.84246194226336,1.0,1.0,2.0,3.0,13.0
1982.0,add,74.84246194226336,1486.0,197.0,74.84246194226336,1.0,1.0,2.0,3.0,14.0
1983.0,delete,74.85216960084718,1486.0,197.0,74.84246194226336,1.0,1.0,2.0,3.0,12.0
1984.0,swap,74.83109576203971,1486.0,197.0,74.84246194226336,1.0,1.0,3.0,3.0,12.0
1985.0,delete,74.67119330188889,1487.0,80.0,74.55591225533115,1.0,4.0,7.0,4.0,16.0
1986.0,delete,74.26758072702631,1488.0,115.0,74.52192551186107,1.0,4.0,2.0,2.0,18.0
1987.0,delete,74.46183749864866,1489.0,143.0,74.51460344179786,1.0,6.0,4.0,0.0,18.0
1988.0,delete,74.54374851851792,1490.0,164.0,74.53711702739629,1.0,5.0,3.0,0.0,17.0
1989.0,delete,74.42327641379948,1491.0,179.0,74.61907435298774,1.0,5.0,3.0,3.0,15.0
1990.0,add,74.62730714102054,1492.0,189.0,74.73924158750792,1.0,2.0,2.0,4.0,16.0
1991.0,delete,74.84409841848226,1493.0,194.0,74.75790967911631,1.0,2.0,2.0,3.0,12.0
1992.0,delete,74.82199225043244,1494.0,38.0,74.53083792131426,3.0,3.0,4.0,3.0,15.0
1993.0,delete,73.64895410045773,1495.0,196.0,74.83994914100471,1.0,2.0,2.0,3.0,12.0
1994.0,delete,74.7874681283041,1496.0,116.0,74.52175439825425,1.0,4.0,2.0,2.0,17.0
1995.0,add,74.84160226399618,1497.0,198.0,74.84246194226336,1.0,1.0,2.0,3.0,14.0
1996.0,add,74.21330119091796,1497.0,198.0,74.84246194226336,1.0,1.0,2.0,3.0,15.0
1997.0,delete,74.85379812677388,1497.0,198.0,74.84246194226336,1.0,0.0,2.0,3.0,14.0
1998.0,swap,74.43986928164104,1497.0,198.0,74.84246194226336,1.0,1.0,2.0,3.0,14.0
1999.0,delete,74.78765989038021,1498.0,81.0,74.55412821400392,1.0,4.0,6.0,3.0,17.0
2000.0,delete,74.45145192014685,1499.0,144.0,74.51584966824245,1.0,6.0,4.0,0.0,17.0
2001.0,delete,74.56459476538316,1500.0,165.0,74.53539384565467,1.0,4.0,3.0,1.0,16.0
2002.0,delete,74.31029426852191,1501.0,180.0,74.6190087038567,1.0,5.0,3.0,3.0,14.0
2003.0,delete,74.55322485795698,1502.0,190.0,74.71611845128743,1.0,2.0,2.0,3.0,16.0
2004.0,add,74.8385077500937,1503.0,195.0,74.67019694522047,1.0,2.0,2.0,3.0,13.0
2005.0,add,74.41901373593498,1504.0,39.0,74.52873933492177,3.0,4.0,5.0,2.0,15.0
2006.0,add,74.89435711841874,1505.0,197.0,74.6382065611185,1.0,1.0,2.0,3.0,14.0
2007.0,add,74.71531513113912,1506.0,117.0,74.5185454245071,1.0,4.0,3.0,2.0,17.0
2008.0,delete,74.53831884198021,1507.0,166.0,74.53780573035034,1.0,4.0,3.0,1.0,15.0
2009.0,delete,74.83472793192159,1508.0,82.0,74.55244573414741,1.0,4.0,6.0,4.0,15.0
2010.0,delete,74.8505331246283,1509.0,196.0,74.64469343520263,1.0,2.0,2.0,2.0,13.0
2011.0,delete,74.4563963368609,1510.0,181.0,74.63710053995817,1.0,5.0,2.0,3.0,14.0
2012.0,add,74.45424507178292,1511.0,145.0,74.51936941125972,1.0,6.0,4.0,1.0,17.0
2013.0,add,74.21330119091796,1512.0,199.0,74.21330119091796,1.0,1.0,2.0,3.0,15.0
2014.0,add,73.97371076283196,1512.0,199.0,74.21330119091796,1.0,1.0,2.0,3.0,16.0
2015.0,delete,74.21330119091796,1512.0,199.0,74.21330119091796,1.0,1.0,2.0,3.0,14.0
2016.0,swap,74.67252411835686,1512.0,199.0,74.21330119091796,1.0,1.0,2.0,3.0,15.0
2017.0,delete,74.22792641970595,1513.0,40.0,74.52847619495505,3.0,3.0,6.0,2.0,14.0
2018.0,delete,74.92679463718687,1514.0,191.0,74.68159398743403,1.0,2.0,2.0,4.0,14.0
2019.0,add,74.70482027443775,1515.0,198.0,74.25722769078854,1.0,1.0,2.0,3.0,15.0
2020.0,add,74.60801635771185,1516.0,118.0,74.51419475980747,1.0,4.0,2.0,3.0,18.0
2021.0,add,74.58731200104828,1517.0,167.0,74.53391446317391,1.0,4.0,3.0,1.0,16.0
2022.0,add,74.85333291762414,1518.0,83.0,74.5498568370395,1.0,5.0,6.0,4.0,15.0
2023.0,delete,74.61653324171549,1519.0,182.0,74.64135579808715,1.0,4.0,1.0,3.0,15.0
2024.0,delete,74.5294781935175,1520.0,146.0,74.51997658899451,1.0,6.0,3.0,0.0,18.0
2025.0,add,74.84088647032168,1521.0,197.0,74.53300431467943,1.0,1.0,2.0,3.0,14.0
2026.0,delete,74.71961827424424,1522.0,192.0,74.65903810848694,1.0,2.0,1.0,4.0,14.0
2027.0,add,73.97371076283196,1523.0,200.0,73.97371076283196,1.0,1.0,2.0,3.0,16.0
2028.0,add,74.88233083686782,1523.0,200.0,73.97371076283196,1.0,1.0,2.0,3.0,17.0
2029.0,delete,74.54762946302603,1523.0,200.0,73.97371076283196,1.0,1.0,2.0,3.0,15.0
2030.0,swap,74.82541777819705,1523.0,200.0,73.97371076283196,1.0,1.0,3.0,3.0,15.0
2031.0,delete,73.73762531052553,1524.0,41.0,74.53118059745042,2.0,2.0,6.0,2.0,15.0
2032.0,delete,74.69567816451932,1525.0,119.0,74.5128811488564,1.0,4.0,2.0,3.0,17.0
2033.0,delete,74.64811859297292,1526.0,183.0,74.63738587822856,1.0,2.0,2.0,3.0,15.0
2034.0,add,74.5491377673133,1527.0,168.0,74.53744825339321,1.0,4.0,3.0,2.0,16.0
2035.0,add,74.89518146626858,1528.0,84.0,74.5478994659231,1.0,4.0,7.0,5.0,15.0
2036.0,delete,74.52418122898764,1529.0,147.0,74.5234791318875,1.0,5.0,4.0,0.0,17.0
2037.0,add,74.76670431391588,1530.0,199.0,74.44055992075097,1.0,1.0,2.0,3.0,16.0
2038.0,delete,74.17350006669807,1531.0,193.0,74.64650524706816,1.0,2.0,2.0,3.0,13.0
2039.0,add,74.973826742652,1532.0,198.0,74.45334108029265,1.0,1.0,2.0,3.0,15.0
2040.0,add,74.88233083686787,1533.0,201.0,74.88233083686782,1.0,1.0,2.0,3.0,17.0
2041.0,delete,73.97371076283196,1533.0,201.0,74.88233083686782,1.0,1.0,2.0,3.0,16.0
2042.0,swap,74.88502966143457,1533.0,201.0,74.88233083686782,1.0,1.0,2.0,4.0,16.0
2043.0,add,74.78155563731897,1534.0,42.0,74.53518863807442,2.0,3.0,7.0,2.0,14.0
2044.0,delete,74.64721842120169,1535.0,120.0,74.51099340723331,1.0,4.0,3.0,3.0,15.0
2045.0,add,73.35963565060202,1536.0,200.0,74.65585052450055,1.0,2.0,2.0,3.0,16.0
2046.0,add,74.5816425102126,1537.0,184.0,74.6197834161237,1.0,2.0,2.0,3.0,16.0
2047.0,delete,75.02656699091861,1538.0,85.0,74.54428236452354,1.0,4.0,7.0,4.0,15.0
2048.0,delete,74.48722569681095,1539.0,148.0,74.52151254446532,1.0,5.0,4.0,0.0,16.0
2049.0,add,74.51617632285583,1540.0,169.0,74.53464009299368,1.0,4.0,3.0,2.0,17.0
2050.0,delete,74.83449989582729,1541.0,194.0,74.60832378718075,1.0,2.0,2.0,3.0,12.0
2051.0,delete,73.97371076283196,1542.0,202.0,73.97371076283196,1.0,1.0,2.0,3.0,16.0
2052.0,add,73.97371076283196,1542.0,202.0,73.97371076283196,1.0,1.0,2.0,4.0,16.0
2053.0,delete,73.98883412648523,1542.0,202.0,73.97371076283196,1.0,1.0,2.0,3.0,15.0
2054.0,swap,74.54762946302603,1542.0,202.0,73.97371076283196,1.0,1.0,2.0,4.0,15.0
2055.0,add,74.20875732663197,1543.0,43.0,74.53605955996665,2.0,3.0,6.0,2.0,16.0
2056.0,add,74.11793991439143,1544.0,199.0,74.32529256747016,1.0,2.0,2.0,3.0,15.0
2057.0,add,74.69118194882164,1545.0,121.0,74.50336776852906,1.0,4.0,3.0,3.0,16.0
2058.0,delete,74.88502966143454,1546.0,201.0,74.09151917560143,1.0,1.0,2.0,3.0,16.0
2059.0,delete,75.02656699091861,1547.0,86.0,74.53944699161644,1.0,4.0,7.0,4.0,14.0
2060.0,delete,74.2797768551092,1548.0,149.0,74.51835515814588,1.0,5.0,3.0,0.0,16.0
2061.0,delete,74.43121623020623,1549.0,170.0,74.5275838403404,1.0,3.0,3.0,2.0,17.0
2062.0,add,74.63447488558081,1550.0,185.0,74.6095907776629,1.0,2.0,2.0,3.0,17.0
2063.0,add,74.84356588241428,1551.0,195.0,74.54209950600615,1.0,2.0,3.0,3.0,12.0
2064.0,add,74.02998618925682,1552.0,203.0,73.97371076283196,1.0,1.0,2.0,4.0,16.0
2065.0,add,74.21437015785607,1552.0,203.0,73.97371076283196,1.0,1.0,2.0,4.0,17.0
2066.0,delete,73.98883412648523,1552.0,203.0,73.97371076283196,1.0,1.0,2.0,4.0,15.0
2067.0,swap,74.03133583698815,1552.0,203.0,73.97371076283196,1.0,1.0,2.0,3.0,17.0
2068.0,add,73.99672082825084,1553.0,44.0,74.53781370808645,2.0,3.0,6.0,2.0,17.0
2069.0,add,73.96735885311836,1554.0,200.0,74.25831991684286,1.0,1.0,2.0,3.0,17.0
2070.0,add,74.68856819807415,1555.0,122.0,74.49729217032238,1.0,4.0,3.0,5.0,15.0
2071.0,delete,75.05147113643936,1556.0,87.0,74.533751447627,1.0,4.0,6.0,4.0,14.0
2072.0,delete,74.73664933337277,1557.0,150.0,74.51290441164981,1.0,5.0,3.0,0.0,15.0
2073.0,delete,74.62354872406112,1558.0,171.0,74.5169595448327,1.0,3.0,3.0,1.0,17.0
2074.0,delete,74.8385077500937,1559.0,196.0,74.44486593804037,1.0,2.0,2.0,3.0,12.0
2075.0,add,74.62624713245306,1560.0,186.0,74.58854814840457,1.0,2.0,2.0,4.0,17.0
2076.0,add,74.18614575681706,1561.0,202.0,74.04764741468365,1.0,2.0,2.0,3.0,16.0
2077.0,delete,74.91165669360556,1562.0,201.0,74.16302705516773,1.0,1.0,2.0,3.0,16.0
2078.0,add,74.21965997816399,1563.0,204.0,74.21437015785607,1.0,1.0,2.0,4.0,17.0
2079.0,delete,74.68588921445956,1563.0,204.0,74.21437015785607,0.0,1.0,2.0,4.0,17.0
2080.0,swap,74.5229494763565,1563.0,204.0,74.21437015785607,1.0,1.0,3.0,4.0,16.0
2081.0,add,74.04948348790465,1564.0,45.0,74.54095408405128,2.0,4.0,6.0,2.0,17.0
2082.0,delete,74.37517921382056,1565.0,172.0,74.51891000222328,1.0,4.0,3.0,1.0,15.0
2083.0,delete,74.8230561977889,1566.0,88.0,74.53128945714224,1.0,4.0,5.0,3.0,15.0
2084.0,add,74.6505677522845,1567.0,123.0,74.49539648583448,1.0,4.0,4.0,4.0,16.0
2085.0,add,74.49566568653428,1568.0,151.0,74.51502720357149,1.0,5.0,3.0,1.0,15.0
2086.0,add,73.98883412648524,1569.0,203.0,74.41071720670902,1.0,1.0,2.0,4.0,17.0
2087.0,delete,74.626891663815,1570.0,187.0,74.57673246589255,1.0,2.0,2.0,4.0,16.0
2088.0,add,74.84246194226336,1571.0,197.0,74.41046502157988,1.0,1.0,2.0,3.0,14.0
2089.0,delete,74.68588921445958,1572.0,205.0,74.68588921445956,0.0,1.0,2.0,4.0,17.0
2090.0,delete,74.68958599676593,1572.0,205.0,74.68588921445956,0.0,1.0,2.0,4.0,16.0
2091.0,swap,74.77471389650384,1572.0,205.0,74.68588921445956,0.0,2.0,2.0,3.0,17.0
2092.0,add,73.77666857424407,1573.0,202.0,74.30706959487924,1.0,1.0,3.0,3.0,16.0
2093.0,delete,74.03224521520632,1574.0,46.0,74.54453323857085,2.0,3.0,5.0,3.0,17.0
2094.0,delete,74.74923904128872,1575.0,173.0,74.52180129388029,1.0,4.0,2.0,1.0,15.0
2095.0,delete,74.74896531552041,1576.0,89.0,74.52869368268139,1.0,4.0,5.0,3.0,14.0
2096.0,delete,73.97697195458866,1577.0,204.0,74.70901958054722,1.0,0.0,2.0,4.0,17.0
2097.0,add,74.71999487536765,1578.0,124.0,74.49234637120877,1.0,4.0,4.0,4.0,17.0
2098.0,add,74.55997845059339,1579.0,152.0,74.51379590578549,1.0,6.0,3.0,0.0,16.0
2099.0,delete,74.4290479941923,1580.0,188.0,74.5691957469417,0.0,2.0,2.0,4.0,16.0
2100.0,delete,74.68958599676591,1581.0,206.0,74.68958599676593,0.0,1.0,2.0,4.0,16.0
2101.0,delete,75.03122153334994,1581.0,206.0,74.68958599676593,0.0,1.0,2.0,4.0,15.0
2102.0,swap,74.57806160009527,1581.0,206.0,74.68958599676593,0.0,1.0,2.0,4.0,16.0
2103.0,add,74.84246194226336,1582.0,198.0,74.37799657085304,1.0,1.0,2.0,4.0,14.0
2104.0,add,74.14515711765752,1583.0,203.0,74.50481109548754,1.0,1.0,3.0,4.0,16.0
2105.0,delete,74.68588921445956,1584.0,205.0,74.74711378174426,0.0,1.0,2.0,4.0,16.0
2106.0,add,73.97947547955773,1585.0,47.0,74.54791466623853,2.0,3.0,6.0,3.0,17.0
2107.0,add,74.31268792543395,1586.0,174.0,74.5286182899126,1.0,4.0,2.0,1.0,16.0
2108.0,add,74.71888415801142,1587.0,90.0,74.52711192739109,1.0,4.0,7.0,3.0,13.0
2109.0,delete,74.33735395963919,1588.0,125.0,74.49275277166521,1.0,4.0,5.0,3.0,16.0
2110.0,delete,74.30202379270297,1589.0,153.0,74.5164182394243,1.0,6.0,3.0,0.0,15.0
2111.0,delete,75.01861434318762,1590.0,207.0,75.03122153334994,0.0,1.0,2.0,4.0,15.0
2112.0,add,74.9747095539486,1590.0,207.0,75.03122153334994,0.0,1.0,3.0,4.0,15.0
2113.0,delete,74.96526418673268,1590.0,207.0,75.03122153334994,0.0,0.0,2.0,4.0,15.0
2114.0,swap,74.9652641867327,1590.0,207.0,75.03122153334994,0.0,0.0,2.0,5.0,15.0
2115.0,add,74.59064562062015,1591.0,189.0,74.59369265681224,1.0,2.0,2.0,4.0,16.0
2116.0,add,73.97477972977003,1592.0,199.0,74.42101666584128,1.0,1.0,2.0,3.0,16.0
2117.0,delete,74.21082225666501,1593.0,204.0,74.74782006861923,1.0,1.0,2.0,4.0,16.0
2118.0,delete,74.68980861794715,1594.0,206.0,74.9910147607903,0.0,1.0,2.0,4.0,15.0
2119.0,add,74.01148792235841,1595.0,48.0,74.5525177528692,2.0,3.0,6.0,3.0,18.0
2120.0,delete,74.42379837940709,1596.0,126.0,74.49594249915407,1.0,4.0,5.0,4.0,14.0
2121.0,add,74.72866401208212,1597.0,91.0,74.52574232432863,1.0,4.0,6.0,3.0,15.0
2122.0,delete,74.39949333559156,1598.0,154.0,74.51988379113017,1.0,5.0,3.0,0.0,15.0
2123.0,add,74.33153515767617,1599.0,175.0,74.54215601537861,1.0,4.0,2.0,1.0,17.0
2124.0,delete,74.93032740547,1600.0,190.0,74.58390710965749,1.0,2.0,2.0,4.0,15.0
2125.0,add,74.97454688430282,1601.0,208.0,74.9747095539486,0.0,1.0,3.0,4.0,15.0
2126.0,add,75.03442984207832,1601.0,208.0,74.9747095539486,0.0,2.0,3.0,4.0,15.0
2127.0,delete,74.03273172631087,1601.0,208.0,74.9747095539486,0.0,1.0,3.0,4.0,14.0
2128.0,swap,75.0286042845885,1601.0,208.0,74.9747095539486,0.0,1.0,3.0,5.0,14.0
2129.0,add,73.98883412648524,1602.0,200.0,74.46408570527296,1.0,1.0,2.0,3.0,17.0
2130.0,delete,74.68958599676593,1603.0,205.0,74.81130842623328,0.0,1.0,2.0,4.0,16.0
2131.0,delete,74.47663838965535,1604.0,49.0,74.5559485849437,2.0,3.0,6.0,3.0,17.0
2132.0,delete,74.34560075581751,1605.0,127.0,74.49966771907197,1.0,4.0,5.0,3.0,14.0
2133.0,delete,74.67736378557827,1606.0,92.0,74.5246015466128,1.0,4.0,6.0,2.0,15.0
2134.0,delete,74.52561746193423,1607.0,155.0,74.52321610291258,1.0,4.0,2.0,0.0,16.0
2135.0,delete,74.73979601734382,1608.0,191.0,74.57921575835495,1.0,2.0,2.0,4.0,14.0
2136.0,add,74.37698796265093,1609.0,176.0,74.55463793793103,1.0,5.0,2.0,2.0,16.0
2137.0,add,75.03122153334994,1610.0,207.0,74.80900445824582,0.0,1.0,2.0,5.0,15.0
2138.0,delete,74.21044055527213,1611.0,206.0,74.88603788113902,0.0,1.0,1.0,4.0,16.0
2139.0,delete,74.29485545470665,1612.0,201.0,74.48671990160742,1.0,1.0,1.0,3.0,17.0
2140.0,add,75.0348679975572,1613.0,209.0,75.03442984207832,0.0,2.0,3.0,4.0,15.0
2141.0,add,75.03430250138291,1613.0,209.0,75.03442984207832,0.0,2.0,3.0,4.0,16.0
2142.0,delete,74.40045077848019,1613.0,209.0,75.03442984207832,0.0,2.0,3.0,4.0,14.0
2143.0,swap,74.97144037962474,1613.0,209.0,75.03442984207832,0.0,2.0,3.0,5.0,14.0
2144.0,delete,74.69510139376285,1614.0,50.0,74.55792461687298,2.0,3.0,4.0,3.0,18.0
2145.0,delete,74.68300243624194,1615.0,93.0,74.52453987431178,1.0,4.0,6.0,2.0,14.0
2146.0,delete,74.34653921366537,1616.0,128.0,74.50334394334742,0.0,4.0,5.0,2.0,15.0
2147.0,add,74.46752383799294,1617.0,156.0,74.52801682344662,1.0,5.0,2.0,0.0,16.0
2148.0,delete,74.83110666424852,1618.0,192.0,74.56952062067373,1.0,2.0,2.0,4.0,13.0
2149.0,add,74.42358546868643,1619.0,177.0,74.56741854535649,1.0,4.0,3.0,2.0,17.0
2150.0,add,74.97532784148011,1620.0,208.0,74.89509829982467,0.0,2.0,3.0,4.0,15.0
2151.0,add,75.06234073438551,1621.0,207.0,74.86296666573674,0.0,1.0,2.0,4.0,16.0
2152.0,add,73.62040559423215,1622.0,202.0,74.56872397244577,1.0,1.0,2.0,3.0,17.0
2153.0,add,75.03430250138292,1623.0,210.0,75.03430250138291,0.0,2.0,3.0,4.0,16.0
2154.0,add,75.03203664023275,1623.0,210.0,75.03430250138291,0.0,2.0,4.0,4.0,16.0
2155.0,delete,75.03331319755416,1623.0,210.0,75.03430250138291,0.0,2.0,3.0,4.0,15.0
2156.0,swap,74.86463098584143,1623.0,210.0,75.03430250138291,0.0,3.0,3.0,4.0,15.0
2157.0,delete,74.64937040071347,1624.0,51.0,74.55808765353363,1.0,3.0,4.0,3.0,18.0
2158.0,add,74.5478695352056,1625.0,1.0,74.53038793846441,8.0,0.0,0.0,0.0,1.0
2159.0,add,74.59942119621961,1626.0,94.0,74.52548001744212,1.0,4.0,6.0,3.0,14.0
2160.0,add,74.33608087803114,1627.0,129.0,74.50805658624223,1.0,4.0,5.0,1.0,16.0
2161.0,add,74.59310343036599,1628.0,157.0,74.53403438282135,1.0,5.0,2.0,0.0,17.0
2162.0,delete,74.83153961707399,1629.0,193.0,74.57768065769314,1.0,2.0,2.0,3.0,13.0
2163.0,add,74.42167996878054,1630.0,178.0,74.58316104140403,1.0,5.0,3.0,3.0,16.0
2164.0,add,74.7092081153395,1631.0,209.0,74.99971716527884,0.0,2.0,4.0,4.0,15.0
2165.0,add,74.97470955394859,1632.0,208.0,74.92039188917767,0.0,1.0,3.0,5.0,15.0
2166.0,add,74.84680909752835,1633.0,203.0,74.71389114546308,1.0,1.0,2.0,4.0,17.0
2167.0,add,75.03203740635259,1634.0,211.0,75.03203664023275,0.0,2.0,4.0,4.0,16.0
2168.0,add,74.79406418126037,1634.0,211.0,75.03203664023275,0.0,2.0,5.0,4.0,16.0
2169.0,delete,74.86685363262212,1634.0,211.0,75.03203664023275,0.0,2.0,4.0,4.0,15.0
2170.0,swap,75.03231999679343,1634.0,211.0,75.03203664023275,0.0,2.0,4.0,4.0,16.0
2171.0,delete,74.72672935243315,1635.0,52.0,74.55859753574566,2.0,3.0,4.0,2.0,17.0
2172.0,add,74.55135561797147,1636.0,2.0,74.53158457563518,8.0,1.0,0.0,1.0,0.0
2173.0,add,74.47702527944286,1637.0,95.0,74.52788380073825,1.0,5.0,6.0,3.0,14.0
2174.0,delete,74.53221102940414,1638.0,130.0,74.51394891065195,1.0,5.0,5.0,1.0,14.0
2175.0,delete,74.44753335690945,1639.0,158.0,74.54183177487562,1.0,4.0,2.0,0.0,17.0
2176.0,delete,74.51690974797964,1640.0,179.0,74.59826348560435,1.0,5.0,3.0,3.0,15.0
2177.0,delete,74.80822238119333,1641.0,194.0,74.59616837835463,0.0,2.0,2.0,3.0,13.0
2178.0,add,74.92108724391218,1642.0,210.0,74.95146237145225,0.0,2.0,3.0,4.0,17.0
2179.0,delete,73.97371076283196,1643.0,204.0,74.80505503275593,1.0,1.0,2.0,4.0,16.0
2180.0,add,75.03136488585318,1644.0,209.0,74.94128694569768,0.0,2.0,4.0,4.0,15.0
2181.0,add,74.79699112376586,1645.0,212.0,74.79406418126037,0.0,2.0,5.0,4.0,16.0
2182.0,add,74.86474572458815,1645.0,212.0,74.79406418126037,0.0,2.0,5.0,4.0,17.0
2183.0,delete,74.5082259601532,1645.0,212.0,74.79406418126037,0.0,2.0,5.0,4.0,15.0
2184.0,swap,74.79406418126037,1645.0,212.0,74.79406418126037,0.0,2.0,5.0,4.0,16.0
2185.0,add,74.72522328866248,1646.0,53.0,74.55860780722014,2.0,3.0,4.0,3.0,17.0
2186.0,add,74.6206435156816,1647.0,3.0,74.53201440133608,8.0,1.0,1.0,0.0,1.0
2187.0,add,74.54232194573456,1648.0,96.0,74.5298790957781,1.0,5.0,7.0,3.0,14.0
2188.0,delete,74.36191760154708,1649.0,131.0,74.51696046564057,1.0,5.0,4.0,0.0,15.0
2189.0,delete,74.22411315658695,1650.0,159.0,74.54821539104663,1.0,5.0,2.0,0.0,15.0
2190.0,delete,74.32862685222257,1651.0,180.0,74.60672947948446,1.0,5.0,3.0,3.0,14.0
2191.0,add,74.8385077500937,1652.0,195.0,74.5960358862568,1.0,2.0,2.0,3.0,13.0
2192.0,delete,75.02988679386348,1653.0,205.0,74.84764747734422,0.0,1.0,2.0,4.0,16.0
2193.0,add,75.04336046716145,1654.0,211.0,74.7516182342056,0.0,2.0,5.0,4.0,16.0
2194.0,add,74.92108724391218,1655.0,210.0,74.88052605073659,0.0,2.0,3.0,4.0,17.0
2195.0,delete,74.74025030102486,1656.0,132.0,74.51866112919102,1.0,4.0,5.0,0.0,14.0
2196.0,add,74.76107639194849,1657.0,54.0,74.5578866447596,2.0,3.0,5.0,3.0,17.0
2197.0,delete,74.85721369049614,1658.0,196.0,74.59520139573644,1.0,2.0,2.0,2.0,13.0
2198.0,add,74.86221569128216,1659.0,213.0,74.86474572458815,0.0,2.0,5.0,4.0,17.0
2199.0,delete,74.86318065375684,1659.0,213.0,74.86474572458815,0.0,2.0,5.0,4.0,16.0
2200.0,swap,74.86420587791973,1659.0,213.0,74.86474572458815,0.0,3.0,5.0,3.0,17.0
2201.0,add,74.70812086813153,1660.0,4.0,74.53272423731929,8.0,1.0,1.0,0.0,2.0
2202.0,delete,74.47505706553547,1661.0,97.0,74.53260570932342,1.0,4.0,6.0,4.0,14.0
2203.0,add,74.49786064879542,1662.0,160.0,74.55803182898305,1.0,5.0,2.0,0.0,16.0
2204.0,delete,74.4563963368609,1663.0,181.0,74.62447652320678,1.0,5.0,2.0,3.0,14.0
2205.0,delete,74.68588921445956,1664.0,206.0,74.87896391655396,0.0,1.0,2.0,4.0,15.0
2206.0,add,74.70341963640149,1665.0,212.0,74.86358698688672,0.0,2.0,6.0,4.0,16.0
2207.0,delete,74.86318065375687,1666.0,214.0,74.86318065375684,0.0,2.0,5.0,4.0,16.0
2208.0,add,74.87049306857323,1666.0,214.0,74.86318065375684,0.0,2.0,6.0,4.0,16.0
2209.0,delete,74.77391245787659,1666.0,214.0,74.86318065375684,0.0,2.0,5.0,4.0,15.0
2210.0,swap,74.97576444187553,1666.0,214.0,74.86318065375684,0.0,3.0,4.0,4.0,16.0
2211.0,delete,74.89836469382816,1667.0,55.0,74.55791495945574,2.0,3.0,4.0,2.0,18.0
2212.0,add,74.4475431887343,1668.0,133.0,74.5236391965721,1.0,5.0,4.0,1.0,14.0
2213.0,add,74.50671729644512,1669.0,98.0,74.5337137940075,1.0,5.0,6.0,3.0,15.0
2214.0,add,74.60090484358541,1670.0,5.0,74.53304612577081,8.0,1.0,1.0,1.0,2.0
2215.0,add,74.4631094293083,1671.0,161.0,74.56326896721409,1.0,5.0,2.0,1.0,16.0
2216.0,delete,74.47868735216673,1672.0,182.0,74.63736175024768,1.0,4.0,1.0,3.0,15.0
2217.0,add,74.21330119091796,1673.0,197.0,74.61036082041423,1.0,1.0,2.0,3.0,14.0
2218.0,add,75.03203887849261,1674.0,211.0,74.82698743711656,0.0,2.0,4.0,5.0,16.0
2219.0,add,74.84466976512464,1675.0,207.0,74.887635601522,0.0,1.0,2.0,4.0,16.0
2220.0,delete,75.0416727630618,1676.0,213.0,74.8693062551678,0.0,2.0,4.0,4.0,17.0
2221.0,add,74.88204353397475,1677.0,215.0,74.87049306857323,0.0,2.0,6.0,4.0,16.0
2222.0,add,74.87050079902386,1677.0,215.0,74.87049306857323,0.0,2.0,6.0,5.0,16.0
2223.0,delete,74.84032153236286,1677.0,215.0,74.87049306857323,0.0,2.0,5.0,4.0,16.0
2224.0,swap,74.8212380772553,1677.0,215.0,74.87049306857323,0.0,2.0,6.0,3.0,17.0
2225.0,delete,74.9360728420808,1678.0,56.0,74.55750285997912,2.0,2.0,4.0,3.0,17.0
2226.0,add,74.3891369409612,1679.0,134.0,74.5283586443902,1.0,5.0,4.0,0.0,16.0
2227.0,add,74.4653763625845,1680.0,99.0,74.5355571396095,1.0,5.0,6.0,3.0,16.0
2228.0,add,74.59984491063024,1681.0,6.0,74.5336049514346,8.0,1.0,1.0,2.0,2.0
2229.0,add,74.51833393607889,1682.0,162.0,74.56908537266453,1.0,5.0,3.0,1.0,16.0
2230.0,delete,74.62817255288084,1683.0,183.0,74.64244214903096,1.0,3.0,2.0,3.0,14.0
2231.0,add,74.89435711841874,1684.0,198.0,74.61783243775672,1.0,1.0,2.0,3.0,15.0
2232.0,add,74.54997004819036,1685.0,212.0,74.86406392226493,0.0,2.0,5.0,4.0,17.0
2233.0,add,74.21540011909043,1686.0,208.0,74.88511232041903,0.0,1.0,3.0,4.0,16.0
2234.0,add,74.63485054384878,1687.0,214.0,74.856919402238,0.0,2.0,5.0,4.0,17.0
2235.0,delete,74.51455921714685,1688.0,57.0,74.55553102442741,2.0,2.0,3.0,3.0,17.0
2236.0,delete,74.8375416676807,1689.0,213.0,74.85792350230604,0.0,2.0,5.0,3.0,17.0
2237.0,add,74.87050162673648,1690.0,216.0,74.87050079902386,0.0,2.0,6.0,5.0,16.0
2238.0,add,74.86919736680228,1690.0,216.0,74.87050079902386,0.0,2.0,6.0,6.0,16.0
2239.0,delete,74.84034670820594,1690.0,216.0,74.87050079902386,0.0,2.0,5.0,5.0,16.0
2240.0,swap,74.86394563751811,1690.0,216.0,74.87050079902386,0.0,2.0,5.0,5.0,17.0
2241.0,delete,74.59979919235688,1691.0,100.0,74.53673076668294,1.0,5.0,6.0,3.0,15.0
2242.0,add,74.58974466029902,1692.0,7.0,74.53406698264094,8.0,2.0,1.0,1.0,3.0
2243.0,add,74.4669104829295,1693.0,135.0,74.53282848942082,1.0,5.0,4.0,0.0,17.0
2244.0,add,74.53092041459196,1694.0,163.0,74.5722848193889,1.0,5.0,3.0,1.0,17.0
2245.0,add,74.55353783092563,1695.0,184.0,74.644632752371,1.0,3.0,2.0,3.0,15.0
2246.0,add,74.21330119091796,1696.0,199.0,74.62955038661246,1.0,1.0,2.0,4.0,15.0
2247.0,add,75.03318585685876,1697.0,209.0,74.87293686292219,0.0,2.0,3.0,4.0,16.0
2248.0,delete,74.88562408161998,1698.0,58.0,74.55482455425712,2.0,1.0,4.0,3.0,16.0
2249.0,add,74.86634928667604,1699.0,215.0,74.86289842765734,0.0,2.0,6.0,4.0,17.0
2250.0,add,74.86474572458815,1700.0,214.0,74.83907165281614,0.0,2.0,5.0,4.0,17.0
2251.0,add,74.8691973668023,1701.0,217.0,74.86919736680228,0.0,2.0,6.0,6.0,16.0
2252.0,add,74.90087651255834,1701.0,217.0,74.86919736680228,0.0,2.0,7.0,6.0,16.0
2253.0,delete,74.84600801394127,1701.0,217.0,74.86919736680228,0.0,2.0,6.0,6.0,15.0
2254.0,swap,74.88884879802414,1701.0,217.0,74.86919736680228,0.0,2.0,7.0,6.0,15.0
2255.0,delete,74.74585555338827,1702.0,101.0,74.53819359497642,1.0,5.0,5.0,2.0,16.0
2256.0,add,74.60080630778478,1703.0,8.0,74.53500766182506,8.0,2.0,1.0,2.0,3.0
2257.0,add,74.46885460447669,1704.0,136.0,74.53722422869875,1.0,6.0,4.0,0.0,17.0
2258.0,delete,74.56516341899507,1705.0,164.0,74.57732512428852,1.0,5.0,3.0,1.0,16.0
2259.0,add,74.593422767566,1706.0,185.0,74.65633720642782,1.0,2.0,2.0,3.0,17.0
2260.0,add,74.20596123103294,1707.0,200.0,74.66849628027423,1.0,1.0,3.0,3.0,16.0
2261.0,add,75.03430250138292,1708.0,210.0,74.86085746587695,0.0,2.0,3.0,5.0,16.0
2262.0,add,74.72922758482657,1709.0,59.0,74.55464893767405,2.0,2.0,4.0,4.0,15.0
2263.0,add,74.85889762674843,1710.0,216.0,74.87482561162567,0.0,2.0,6.0,5.0,17.0
2264.0,add,74.85995276332947,1711.0,215.0,74.86769724936703,0.0,2.0,7.0,4.0,16.0
2265.0,delete,74.46255765262842,1712.0,137.0,74.53940089814539,1.0,5.0,4.0,0.0,17.0
2266.0,delete,74.62555412011343,1713.0,102.0,74.53794042068942,1.0,5.0,5.0,2.0,15.0
2267.0,delete,74.88492943308168,1714.0,201.0,74.69587982700861,1.0,1.0,2.0,3.0,16.0
2268.0,delete,74.54387237354285,1715.0,165.0,74.58068224313223,1.0,4.0,3.0,1.0,16.0
2269.0,add,74.40603219252385,1716.0,186.0,74.66156278263675,1.0,2.0,2.0,3.0,18.0
2270.0,add,74.5904531633897,1717.0,9.0,74.53527913046176,8.0,2.0,1.0,2.0,4.0
2271.0,add,74.90147571266178,1718.0,218.0,74.90087651255834,0.0,2.0,7.0,6.0,16.0
2272.0,add,74.41447693403848,1718.0,218.0,74.90087651255834,0.0,2.0,7.0,6.0,17.0
2273.0,delete,74.78493523920743,1718.0,218.0,74.90087651255834,0.0,2.0,6.0,6.0,16.0
2274.0,swap,74.89706675211731,1718.0,218.0,74.90087651255834,0.0,2.0,7.0,6.0,16.0
2275.0,add,75.0321789641838,1719.0,211.0,74.83294420598665,0.0,2.0,4.0,5.0,16.0
2276.0,add,74.67390492066353,1720.0,60.0,74.5551653724835,2.0,2.0,4.0,4.0,16.0
2277.0,add,74.86919736680228,1721.0,217.0,74.77976623011668,0.0,2.0,6.0,6.0,17.0
2278.0,add,74.88852395033018,1722.0,216.0,74.8272888808822,0.0,2.0,6.0,5.0,17.0
2279.0,add,74.56584221140616,1723.0,138.0,74.54434728411086,1.0,7.0,4.0,0.0,16.0
2280.0,add,74.63703499312774,1724.0,103.0,74.5395445660007,1.0,5.0,5.0,2.0,16.0
2281.0,delete,74.44627513684385,1725.0,166.0,74.58562593305437,1.0,3.0,3.0,1.0,16.0
2282.0,delete,74.57163057648489,1726.0,187.0,74.66829770284598,1.0,1.0,2.0,4.0,17.0
2283.0,add,74.62363079946621,1727.0,202.0,74.72737421911077,1.0,2.0,2.0,3.0,16.0
2284.0,add,74.66537959703479,1728.0,10.0,74.5358536263131,8.0,3.0,1.0,2.0,4.0
2285.0,add,74.41447245776594,1729.0,219.0,74.41447693403848,0.0,2.0,7.0,6.0,17.0
2286.0,delete,74.4154033223011,1729.0,219.0,74.41447693403848,0.0,2.0,7.0,6.0,16.0
2287.0,swap,74.86569927366011,1729.0,219.0,74.41447693403848,0.0,3.0,6.0,6.0,17.0
2288.0,add,74.68418807068832,1730.0,218.0,74.52751299694141,0.0,2.0,8.0,6.0,16.0
2289.0,add,74.7940621589864,1731.0,212.0,74.81162983802392,0.0,2.0,5.0,5.0,16.0
2290.0,add,74.55983651730992,1732.0,61.0,74.55508581663346,2.0,2.0,4.0,5.0,16.0
2291.0,delete,74.4073107185705,1733.0,220.0,74.4154033223011,0.0,2.0,7.0,6.0,16.0
2292.0,add,74.90351483889386,1733.0,220.0,74.4154033223011,0.0,2.0,7.0,6.0,17.0
2293.0,delete,74.40023416592295,1733.0,220.0,74.4154033223011,0.0,2.0,7.0,6.0,15.0
2294.0,swap,74.39937955068274,1733.0,220.0,74.4154033223011,0.0,2.0,6.0,7.0,16.0
2295.0,add,74.68352235196093,1734.0,104.0,74.53889810591744,1.0,5.0,5.0,2.0,17.0
2296.0,add,74.37690290356737,1735.0,139.0,74.54665193028815,1.0,6.0,4.0,0.0,18.0
2297.0,add,74.53054608255988,1736.0,167.0,74.58543819232891,1.0,4.0,3.0,1.0,16.0
2298.0,add,74.43883758954306,1737.0,11.0,74.53574597616357,8.0,3.0,1.0,2.0,5.0
2299.0,delete,74.36241852273204,1738.0,188.0,74.66719665986335,1.0,2.0,1.0,4.0,16.0
2300.0,add,74.05175567543064,1739.0,203.0,74.7679745006338,1.0,2.0,2.0,4.0,16.0
2301.0,add,74.93687218562799,1740.0,217.0,74.66130220827651,0.0,2.0,6.0,6.0,17.0
2302.0,delete,74.68377507293097,1741.0,213.0,74.79118764523716,0.0,2.0,4.0,4.0,17.0
2303.0,delete,74.41110179129562,1742.0,219.0,74.50516851927424,0.0,2.0,7.0,5.0,17.0
2304.0,add,74.7108808418618,1743.0,62.0,74.55521279414631,2.0,2.0,5.0,4.0,17.0
2305.0,add,74.9035320217741,1744.0,221.0,74.90351483889386,0.0,2.0,7.0,6.0,17.0
2306.0,delete,74.90087651255834,1744.0,221.0,74.90351483889386,0.0,2.0,7.0,6.0,16.0
2307.0,swap,74.689251318458,1744.0,221.0,74.90351483889386,0.0,2.0,8.0,6.0,16.0
2308.0,delete,74.50395788567168,1745.0,105.0,74.53854404082848,1.0,5.0,5.0,2.0,16.0
2309.0,add,74.4824810415426,1746.0,140.0,74.54887697544049,1.0,6.0,4.0,1.0,18.0
2310.0,add,74.54462390069281,1747.0,168.0,74.58706178364577,1.0,4.0,3.0,3.0,15.0
2311.0,add,74.57721546901561,1748.0,189.0,74.67274687442719,1.0,2.0,2.0,5.0,15.0
2312.0,add,74.43883758954306,1749.0,12.0,74.5365663365079,8.0,3.0,1.0,2.0,6.0
2313.0,delete,74.01107594509935,1750.0,204.0,74.79285554821648,1.0,1.0,2.0,4.0,16.0
2314.0,add,74.75545863107556,1751.0,218.0,74.60072622897002,0.0,2.0,8.0,6.0,16.0
2315.0,add,74.3366195240069,1752.0,220.0,74.84929367292108,0.0,2.0,8.0,6.0,16.0
2316.0,add,74.69742767443094,1753.0,214.0,74.75635654680535,0.0,2.0,5.0,4.0,17.0
2317.0,delete,74.90085833509522,1754.0,222.0,74.90087651255834,0.0,2.0,7.0,6.0,16.0
2318.0,delete,74.49211472754476,1754.0,222.0,74.90087651255834,0.0,2.0,7.0,6.0,15.0
2319.0,swap,74.89876130416127,1754.0,222.0,74.90087651255834,0.0,2.0,8.0,5.0,16.0
2320.0,add,74.80466256134207,1755.0,63.0,74.55550633561455,2.0,2.0,5.0,4.0,18.0
2321.0,delete,74.65806059884378,1756.0,106.0,74.53791983851151,1.0,4.0,5.0,2.0,16.0
2322.0,delete,74.34019922776541,1757.0,141.0,74.5506439905628,1.0,6.0,3.0,0.0,19.0
2323.0,add,74.5445047251607,1758.0,169.0,74.58835982119298,1.0,5.0,3.0,2.0,16.0
2324.0,delete,74.5685435220549,1759.0,190.0,74.67203880098363,1.0,2.0,2.0,4.0,15.0
2325.0,delete,74.57822044523758,1760.0,205.0,74.80990596068574,0.0,1.0,2.0,4.0,16.0
2326.0,add,74.43005536584107,1761.0,13.0,74.53732533133666,8.0,4.0,1.0,3.0,5.0
2327.0,delete,74.81815333299679,1762.0,219.0,74.61991985625117,0.0,2.0,7.0,5.0,17.0
2328.0,delete,74.89509343748449,1763.0,221.0,74.79815271983989,0.0,2.0,7.0,6.0,16.0
2329.0,delete,74.4911059816287,1764.0,223.0,74.49211472754476,0.0,2.0,7.0,6.0,15.0
2330.0,add,74.53302651423859,1764.0,223.0,74.49211472754476,0.0,2.0,7.0,6.0,16.0
2331.0,delete,74.49211472754475,1764.0,223.0,74.49211472754476,0.0,2.0,7.0,5.0,15.0
2332.0,swap,74.49493491342601,1764.0,223.0,74.49211472754476,0.0,2.0,6.0,7.0,15.0
2333.0,add,74.70534131389613,1765.0,64.0,74.55386198880518,2.0,2.0,5.0,4.0,19.0
2334.0,delete,74.5924969501639,1766.0,107.0,74.53711015089375,1.0,4.0,3.0,2.0,17.0
2335.0,add,74.47326050772968,1767.0,142.0,74.55246070618537,1.0,7.0,4.0,0.0,18.0
2336.0,delete,74.7063622175508,1768.0,170.0,74.58969219752154,1.0,3.0,3.0,2.0,17.0
2337.0,delete,74.69134002284417,1769.0,191.0,74.66808079752852,1.0,1.0,2.0,4.0,15.0
2338.0,delete,74.71418695010819,1770.0,206.0,74.80376974249921,0.0,1.0,2.0,4.0,15.0
2339.0,add,74.84226167314002,1771.0,215.0,74.72858038378396,0.0,2.0,7.0,4.0,16.0
2340.0,add,74.5186130482825,1772.0,14.0,74.53842893890894,8.0,4.0,1.0,2.0,7.0
2341.0,add,74.77429900053077,1773.0,220.0,74.68706185821654,0.0,2.0,7.0,6.0,17.0
2342.0,delete,74.90732510190892,1774.0,222.0,74.50065937287656,0.0,2.0,7.0,6.0,15.0
2343.0,add,74.55503964544705,1775.0,224.0,74.53302651423859,0.0,2.0,7.0,6.0,16.0
2344.0,add,74.61704026894294,1775.0,224.0,74.53302651423859,0.0,2.0,7.0,6.0,17.0
2345.0,delete,74.22407628995062,1775.0,224.0,74.53302651423859,0.0,2.0,7.0,6.0,15.0
2346.0,swap,74.5450759451163,1775.0,224.0,74.53302651423859,0.0,2.0,7.0,5.0,17.0
2347.0,add,74.64191853067028,1776.0,65.0,74.55313059781241,2.0,2.0,6.0,4.0,19.0
2348.0,add,74.62233973997581,1777.0,108.0,74.53753083630893,1.0,4.0,4.0,2.0,17.0
2349.0,delete,74.36775537157138,1778.0,143.0,74.55556018426589,1.0,5.0,4.0,0.0,19.0
2350.0,delete,74.42685931199773,1779.0,171.0,74.59189070335889,1.0,3.0,3.0,1.0,17.0
2351.0,delete,74.74625092201384,1780.0,192.0,74.66058985484227,1.0,2.0,1.0,4.0,14.0
2352.0,add,74.97336401695114,1781.0,207.0,74.79317950487763,0.0,1.0,2.0,4.0,16.0
2353.0,add,74.87050079902386,1782.0,216.0,74.69170560831746,0.0,2.0,6.0,5.0,17.0
2354.0,add,74.5186130482825,1783.0,15.0,74.5391183601996,8.0,4.0,1.0,2.0,8.0
2355.0,delete,74.90636385376865,1784.0,221.0,74.63910312178913,0.0,2.0,7.0,6.0,16.0
2356.0,add,74.75151605711223,1785.0,223.0,74.49485173273911,0.0,3.0,7.0,6.0,15.0
2357.0,delete,74.83153961707397,1786.0,193.0,74.66268431560266,1.0,2.0,2.0,3.0,13.0
2358.0,delete,74.90087651255834,1787.0,222.0,74.55485183389645,0.0,2.0,7.0,6.0,15.0
2359.0,delete,74.88782478654049,1788.0,66.0,74.55405464926635,2.0,3.0,5.0,4.0,18.0
2360.0,delete,74.48007687215042,1789.0,109.0,74.53884654767491,1.0,3.0,4.0,2.0,17.0
2361.0,delete,74.81504075619493,1790.0,144.0,74.56023393614028,1.0,6.0,4.0,0.0,17.0
2362.0,delete,74.37517921382056,1791.0,172.0,74.59793420370859,1.0,4.0,3.0,1.0,15.0
2363.0,add,74.89034383003947,1792.0,217.0,74.6766594576955,0.0,2.0,6.0,6.0,17.0
2364.0,add,74.59104016447222,1793.0,208.0,74.7927592654683,0.0,1.0,3.0,4.0,16.0
2365.0,add,74.60934403831796,1794.0,225.0,74.61704026894294,0.0,2.0,7.0,6.0,17.0
2366.0,add,74.6035749315272,1794.0,225.0,74.61704026894294,0.0,2.0,7.0,6.0,18.0
2367.0,delete,74.61704026894294,1794.0,225.0,74.61704026894294,0.0,2.0,7.0,6.0,16.0
2368.0,swap,74.75320568067986,1794.0,225.0,74.61704026894294,0.0,2.0,6.0,6.0,18.0
2369.0,add,74.51771612443254,1795.0,16.0,74.54038561170024,8.0,4.0,1.0,3.0,8.0
2370.0,delete,74.83153961707397,1796.0,194.0,74.66453840510157,1.0,2.0,2.0,3.0,12.0
2371.0,add,74.6619159803419,1797.0,224.0,74.64004103768218,0.0,2.0,8.0,6.0,16.0
2372.0,delete,74.54196412614326,1798.0,110.0,74.54014973889257,1.0,4.0,3.0,2.0,16.0
2373.0,add,74.4465080886438,1799.0,67.0,74.55460755036817,2.0,2.0,6.0,4.0,19.0
2374.0,delete,74.72853922582337,1800.0,173.0,74.60408310014026,1.0,4.0,1.0,1.0,16.0
2375.0,add,74.41346754742015,1801.0,145.0,74.56338683310314,1.0,6.0,4.0,0.0,18.0
2376.0,add,74.49212063485541,1802.0,223.0,74.58825960187431,0.0,2.0,7.0,7.0,15.0
2377.0,add,74.90087651255834,1803.0,218.0,74.63683324655935,0.0,2.0,7.0,6.0,17.0
2378.0,add,75.0371242883686,1804.0,209.0,74.78326369228166,0.0,2.0,3.0,4.0,16.0
2379.0,add,74.66346106210362,1805.0,226.0,74.6035749315272,0.0,2.0,7.0,6.0,18.0
2380.0,add,74.6239861266077,1805.0,226.0,74.6035749315272,0.0,3.0,7.0,6.0,18.0
2381.0,delete,74.64435507871491,1805.0,226.0,74.6035749315272,0.0,2.0,6.0,6.0,18.0
2382.0,swap,74.60456620215717,1805.0,226.0,74.6035749315272,0.0,2.0,6.0,6.0,19.0
2383.0,add,74.37569275173486,1806.0,17.0,74.54126810037988,8.0,5.0,2.0,2.0,8.0
2384.0,add,74.7226819735581,1807.0,195.0,74.66414626468979,1.0,2.0,2.0,3.0,13.0
2385.0,delete,74.27760637783629,1808.0,111.0,74.54232465572373,1.0,4.0,2.0,2.0,16.0
2386.0,add,74.5234514876096,1809.0,225.0,74.62798868022212,0.0,2.0,7.0,6.0,18.0
2387.0,add,74.146723767412,1810.0,68.0,74.55537689918454,2.0,2.0,7.0,4.0,19.0
2388.0,delete,74.47498250908168,1811.0,146.0,74.56656598337271,1.0,6.0,4.0,0.0,17.0
2389.0,add,74.3447859618184,1812.0,174.0,74.61055593505829,1.0,4.0,2.0,1.0,16.0
2390.0,delete,74.90087651255834,1813.0,219.0,74.63492362066098,0.0,2.0,7.0,6.0,16.0
2391.0,add,74.95484454186082,1814.0,224.0,74.62926737508599,0.0,2.0,7.0,6.0,17.0
2392.0,add,74.72838736272826,1815.0,210.0,74.76537381941303,0.0,3.0,3.0,4.0,16.0
2393.0,add,74.61573856595135,1816.0,227.0,74.6239861266077,0.0,3.0,7.0,6.0,18.0
2394.0,delete,74.62922385079489,1816.0,227.0,74.6239861266077,0.0,3.0,7.0,6.0,17.0
2395.0,swap,74.44298452639585,1816.0,227.0,74.6239861266077,0.0,3.0,7.0,6.0,18.0
2396.0,add,74.37486599237594,1817.0,18.0,74.54246478302925,8.0,4.0,2.0,2.0,10.0
2397.0,delete,74.8385077500937,1818.0,196.0,74.65989130628334,1.0,2.0,2.0,3.0,12.0
2398.0,add,74.84476112504643,1819.0,226.0,74.57798326743745,0.0,2.0,7.0,6.0,19.0
2399.0,add,74.26360777291774,1820.0,112.0,74.54608118426262,1.0,4.0,2.0,2.0,17.0
2400.0,delete,74.23326325153857,1821.0,69.0,74.5570069923678,2.0,3.0,7.0,4.0,17.0
2401.0,delete,74.43053756790138,1822.0,147.0,74.56985408293878,1.0,5.0,4.0,0.0,17.0
2402.0,delete,74.63368787698245,1823.0,228.0,74.62922385079489,0.0,3.0,7.0,6.0,17.0
2403.0,add,74.434086177134,1823.0,228.0,74.62922385079489,0.0,3.0,7.0,6.0,18.0
2404.0,delete,74.59015389844384,1823.0,228.0,74.62922385079489,0.0,3.0,6.0,6.0,17.0
2405.0,swap,74.59286976521918,1823.0,228.0,74.62922385079489,0.0,4.0,7.0,6.0,16.0
2406.0,add,74.3426530361691,1824.0,175.0,74.61956838701971,1.0,4.0,2.0,1.0,17.0
2407.0,add,75.03244602689577,1825.0,211.0,74.73797971554261,0.0,2.0,4.0,5.0,16.0
2408.0,add,74.41279153546554,1826.0,220.0,74.65830449171042,0.0,3.0,7.0,6.0,16.0
2409.0,add,74.63356899128019,1827.0,225.0,74.60335004819203,0.0,2.0,7.0,7.0,17.0
2410.0,add,74.40252722676976,1828.0,19.0,74.5434846931894,8.0,4.0,2.0,2.0,11.0
2411.0,add,74.86369074663857,1829.0,197.0,74.65812435753584,1.0,2.0,2.0,3.0,13.0
2412.0,delete,74.57923066119217,1830.0,148.0,74.57083203944276,1.0,5.0,3.0,0.0,17.0
2413.0,delete,74.31980616259652,1831.0,70.0,74.55972286747895,2.0,3.0,7.0,4.0,16.0
2414.0,add,74.35917992820924,1832.0,113.0,74.54892021785393,1.0,4.0,3.0,2.0,17.0
2415.0,delete,74.7450099507459,1833.0,227.0,74.57600431371488,0.0,3.0,7.0,6.0,17.0
2416.0,delete,74.86903872151424,1834.0,221.0,74.65179874077437,0.0,2.0,6.0,6.0,17.0
2417.0,add,74.49413268212845,1835.0,176.0,74.62805691403956,1.0,4.0,3.0,2.0,16.0
2418.0,add,74.41944398125007,1836.0,229.0,74.434086177134,0.0,3.0,7.0,6.0,18.0
2419.0,add,74.1545286730196,1836.0,229.0,74.434086177134,0.0,3.0,8.0,6.0,18.0
2420.0,delete,74.56617118211419,1836.0,229.0,74.434086177134,0.0,3.0,7.0,6.0,17.0
2421.0,swap,74.55985235481045,1836.0,229.0,74.434086177134,0.0,4.0,6.0,6.0,18.0
2422.0,add,74.7969130965789,1837.0,212.0,74.71510954168089,0.0,2.0,6.0,4.0,16.0
2423.0,add,74.55857864154916,1838.0,226.0,74.56089271817972,0.0,2.0,7.0,6.0,19.0
2424.0,add,74.40297506049781,1839.0,20.0,74.54431975128983,8.0,4.0,2.0,2.0,12.0
2425.0,delete,74.39001114616741,1840.0,149.0,74.57174232841335,1.0,5.0,2.0,0.0,17.0
2426.0,delete,74.3046646173905,1841.0,71.0,74.56245508731045,2.0,3.0,7.0,4.0,15.0
2427.0,add,74.76030887379483,1842.0,198.0,74.65298790083017,1.0,1.0,3.0,3.0,14.0
2428.0,add,74.26203007291596,1843.0,114.0,74.55139090845438,1.0,4.0,2.0,3.0,18.0
2429.0,delete,74.41447693403848,1844.0,222.0,74.59427621230452,0.0,2.0,7.0,6.0,15.0
2430.0,add,74.63275349088394,1845.0,228.0,74.42681647366567,0.0,3.0,7.0,6.0,18.0
2431.0,add,74.39067646533628,1846.0,177.0,74.63165081579481,1.0,4.0,3.0,2.0,17.0
2432.0,delete,74.69347861228243,1847.0,227.0,74.54161647285441,0.0,3.0,7.0,6.0,17.0
2433.0,delete,74.90075638712231,1848.0,213.0,74.70619667525683,0.0,2.0,5.0,4.0,16.0
2434.0,add,74.15452867301961,1849.0,230.0,74.1545286730196,0.0,3.0,8.0,6.0,18.0
2435.0,delete,74.1545286730196,1849.0,230.0,74.1545286730196,0.0,3.0,8.0,6.0,17.0
2436.0,swap,74.27685000871419,1849.0,230.0,74.1545286730196,0.0,4.0,8.0,6.0,17.0
2437.0,delete,74.25331947910895,1850.0,150.0,74.57146119557962,1.0,5.0,3.0,0.0,15.0
2438.0,add,74.29753947448496,1851.0,21.0,74.54437500867749,8.0,4.0,3.0,2.0,12.0
2439.0,add,74.434086177134,1852.0,229.0,74.18510900694325,0.0,3.0,7.0,7.0,18.0
2440.0,add,73.91960506087993,1853.0,72.0,74.56480017477546,2.0,3.0,7.0,4.0,16.0
2441.0,delete,74.17810043838747,1854.0,115.0,74.55314873298607,1.0,4.0,2.0,2.0,18.0
2442.0,add,74.21330119091796,1855.0,199.0,74.64800456058406,1.0,1.0,2.0,3.0,16.0
2443.0,add,74.55136918677373,1856.0,223.0,74.55755194744405,0.0,2.0,7.0,6.0,16.0
2444.0,delete,74.15708397620604,1857.0,231.0,74.1545286730196,0.0,3.0,8.0,6.0,17.0
2445.0,delete,74.48671874941508,1857.0,231.0,74.1545286730196,0.0,3.0,8.0,6.0,16.0
2446.0,swap,74.16864149630455,1857.0,231.0,74.1545286730196,0.0,3.0,8.0,6.0,17.0
2447.0,add,74.53266423814397,1858.0,178.0,74.63018107673815,1.0,4.0,4.0,3.0,16.0
2448.0,add,74.7557983772878,1859.0,214.0,74.6638528165616,0.0,2.0,5.0,4.0,17.0
2449.0,add,74.62859892480752,1860.0,228.0,74.35379027792503,0.0,3.0,7.0,7.0,17.0
2450.0,delete,74.13895119957616,1861.0,230.0,74.24174322373632,0.0,3.0,8.0,6.0,17.0
2451.0,add,74.52554906070328,1862.0,151.0,74.57020554484687,1.0,5.0,3.0,0.0,16.0
2452.0,add,74.45002704026564,1863.0,22.0,74.54473231648811,8.0,5.0,3.0,3.0,11.0
2453.0,delete,74.72239818263677,1864.0,116.0,74.55282061143183,1.0,4.0,2.0,2.0,17.0
2454.0,add,73.89914308464643,1865.0,73.0,74.56739137388404,2.0,3.0,9.0,4.0,15.0
2455.0,delete,74.48702903556224,1866.0,232.0,74.48671874941508,0.0,3.0,8.0,6.0,16.0
2456.0,delete,74.47182923520757,1866.0,232.0,74.48671874941508,0.0,3.0,8.0,6.0,15.0
2457.0,swap,74.36729569472043,1866.0,232.0,74.48671874941508,0.0,4.0,7.0,6.0,16.0
2458.0,delete,74.31035999775212,1867.0,179.0,74.63187091319332,1.0,5.0,3.0,3.0,15.0
2459.0,add,74.74653449263799,1868.0,200.0,74.6504310089119,1.0,1.0,3.0,3.0,16.0
2460.0,add,74.951180816943,1869.0,224.0,74.5256053457414,0.0,2.0,7.0,6.0,17.0
2461.0,add,74.87049306857323,1870.0,215.0,74.64520200840809,0.0,2.0,6.0,5.0,16.0
2462.0,add,74.43408617713402,1871.0,229.0,74.28767263265824,0.0,3.0,7.0,7.0,18.0
2463.0,delete,74.1539627183846,1872.0,231.0,74.45321817872633,0.0,3.0,8.0,6.0,16.0
2464.0,delete,74.46671652588131,1873.0,233.0,74.47182923520757,0.0,3.0,8.0,6.0,15.0
2465.0,delete,74.55930757830774,1873.0,233.0,74.47182923520757,0.0,2.0,8.0,6.0,15.0
2466.0,swap,74.5139186017904,1873.0,233.0,74.47182923520757,0.0,4.0,8.0,5.0,15.0
2467.0,add,74.28527017046584,1874.0,23.0,74.54538891491163,8.0,4.0,3.0,3.0,13.0
2468.0,delete,74.49379380570939,1875.0,74.0,74.56962666228031,2.0,3.0,7.0,4.0,16.0
2469.0,add,74.7979929610126,1876.0,117.0,74.5498217107568,1.0,4.0,3.0,2.0,17.0
2470.0,add,74.49328756948235,1877.0,152.0,74.57035953684436,1.0,6.0,3.0,0.0,16.0
2471.0,delete,74.31035999775212,1878.0,180.0,74.6341592850456,1.0,5.0,3.0,3.0,14.0
2472.0,delete,74.90791786309151,1879.0,201.0,74.6586633435906,1.0,1.0,2.0,3.0,16.0
2473.0,add,74.95144413795762,1880.0,225.0,74.48661049994521,0.0,3.0,7.0,6.0,17.0
2474.0,delete,74.15452867301958,1881.0,230.0,74.34383195703131,0.0,3.0,8.0,5.0,18.0
2475.0,add,74.87050079902387,1882.0,216.0,74.61794814485758,0.0,2.0,6.0,6.0,16.0
2476.0,delete,74.48671874941506,1883.0,232.0,74.50294298529676,0.0,3.0,8.0,5.0,16.0
2477.0,delete,74.55930757830771,1884.0,234.0,74.55930757830774,0.0,2.0,8.0,6.0,15.0
2478.0,delete,74.73899115555814,1884.0,234.0,74.55930757830774,0.0,2.0,7.0,6.0,15.0
2479.0,swap,74.39565060993394,1884.0,234.0,74.55930757830774,0.0,2.0,8.0,6.0,15.0
2480.0,delete,74.39725494746459,1885.0,24.0,74.54668153068715,7.0,4.0,3.0,3.0,13.0
2481.0,delete,74.22872324723207,1886.0,75.0,74.57090641876039,1.0,3.0,8.0,4.0,15.0
2482.0,add,74.71992260482133,1887.0,118.0,74.54771525364032,1.0,4.0,2.0,3.0,18.0
2483.0,delete,74.44043066241224,1888.0,153.0,74.5720771467219,1.0,6.0,3.0,0.0,15.0
2484.0,delete,74.84666569076462,1889.0,181.0,74.638985914738,1.0,5.0,2.0,3.0,14.0
2485.0,add,73.62040559423215,1890.0,202.0,74.66496775609669,1.0,1.0,2.0,3.0,17.0
2486.0,add,74.61009587643207,1891.0,226.0,74.46478561565772,0.0,2.0,7.0,6.0,19.0
2487.0,delete,74.1545286730196,1892.0,231.0,74.47395385270703,0.0,3.0,8.0,6.0,16.0
2488.0,delete,74.57552184179545,1893.0,233.0,74.56331423052688,0.0,3.0,7.0,6.0,15.0
2489.0,add,74.87173120079626,1894.0,217.0,74.592748542532,0.0,3.0,6.0,6.0,16.0
2490.0,delete,74.79264269294254,1895.0,235.0,74.73899115555814,0.0,2.0,7.0,6.0,15.0
2491.0,add,74.47153077649271,1895.0,235.0,74.73899115555814,0.0,2.0,7.0,6.0,16.0
2492.0,delete,74.73899115555814,1895.0,235.0,74.73899115555814,0.0,2.0,7.0,6.0,14.0
2493.0,swap,74.5471731592138,1895.0,235.0,74.73899115555814,0.0,3.0,7.0,6.0,14.0
2494.0,delete,74.24221698085626,1896.0,25.0,74.54760147760076,7.0,4.0,3.0,3.0,12.0
2495.0,add,74.51718835740122,1897.0,76.0,74.57098771265738,1.0,4.0,8.0,4.0,15.0
2496.0,delete,74.80732156680904,1898.0,119.0,74.54589071786609,1.0,4.0,3.0,3.0,16.0
2497.0,delete,74.52481866051251,1899.0,154.0,74.5725729634592,1.0,4.0,3.0,0.0,16.0
2498.0,delete,74.67554820997354,1900.0,182.0,74.64040831711499,1.0,3.0,2.0,3.0,15.0
2499.0,add,74.88494180292524,1901.0,203.0,74.68604448975218,1.0,1.0,2.0,4.0,17.0
2500.0,delete,74.59628623953991,1902.0,227.0,74.4580244581031,0.0,2.0,7.0,6.0,18.0
2501.0,delete,74.4828371245215,1903.0,232.0,74.56294612772341,0.0,3.0,8.0,6.0,15.0
2502.0,delete,74.56258328149649,1904.0,234.0,74.65786578795307,0.0,2.0,8.0,6.0,14.0
2503.0,add,74.9120017704039,1905.0,218.0,74.57325125655896,0.0,2.0,7.0,6.0,17.0
2504.0,delete,74.51593792156332,1906.0,155.0,74.57520831671714,1.0,4.0,2.0,0.0,16.0
2505.0,delete,74.2145344654792,1907.0,26.0,74.54933401239545,7.0,3.0,2.0,3.0,13.0
2506.0,add,74.47153077649271,1908.0,236.0,74.47153077649271,0.0,2.0,7.0,6.0,16.0
2507.0,delete,74.4715307764927,1908.0,236.0,74.47153077649271,0.0,2.0,7.0,5.0,16.0
2508.0,swap,74.47835170304805,1908.0,236.0,74.47153077649271,0.0,2.0,7.0,6.0,16.0
2509.0,add,74.4233227697142,1909.0,77.0,74.57141373364833,1.0,4.0,8.0,4.0,16.0
2510.0,delete,74.6865330366416,1910.0,120.0,74.5446424346767,1.0,4.0,3.0,3.0,15.0
2511.0,delete,74.86958470869355,1911.0,183.0,74.63931775231795,1.0,3.0,2.0,3.0,14.0
2512.0,delete,74.21277879995861,1912.0,204.0,74.69527977367086,1.0,1.0,2.0,4.0,16.0
2513.0,add,74.97078711654893,1913.0,228.0,74.43342020594119,0.0,3.0,7.0,6.0,18.0
2514.0,delete,74.38079015450955,1914.0,233.0,74.56639331428,0.0,3.0,8.0,5.0,15.0
2515.0,add,74.73899115555814,1915.0,235.0,74.47323600813155,0.0,2.0,7.0,6.0,16.0
2516.0,delete,74.66141323900126,1916.0,219.0,74.56812194090075,0.0,2.0,6.0,6.0,17.0
2517.0,delete,74.4715307764927,1917.0,237.0,74.4715307764927,0.0,2.0,7.0,5.0,16.0
2518.0,delete,74.47927655378945,1917.0,237.0,74.4715307764927,0.0,2.0,7.0,5.0,15.0
2519.0,swap,74.69545157287291,1917.0,237.0,74.4715307764927,0.0,2.0,8.0,5.0,15.0
2520.0,delete,74.17041327558572,1918.0,27.0,74.55106631182323,6.0,3.0,3.0,3.0,12.0
2521.0,add,74.72313004400932,1919.0,121.0,74.54320986959478,1.0,4.0,4.0,3.0,15.0
2522.0,add,74.59215550988199,1920.0,78.0,74.57141152008833,1.0,4.0,9.0,4.0,16.0
2523.0,add,74.60014473020813,1921.0,156.0,74.57675354164518,1.0,5.0,2.0,1.0,15.0
2524.0,add,74.68109949985988,1922.0,184.0,74.63719016149226,1.0,3.0,2.0,3.0,15.0
2525.0,delete,74.68588921445956,1923.0,205.0,74.70495031936463,0.0,1.0,2.0,3.0,17.0
2526.0,delete,74.81235001592107,1924.0,234.0,74.58912119507758,0.0,2.0,8.0,6.0,14.0
2527.0,add,74.43405052936116,1925.0,229.0,74.44207364486793,0.0,3.0,7.0,7.0,18.0
2528.0,delete,74.47153077649271,1926.0,236.0,74.52944741991195,0.0,2.0,7.0,6.0,15.0
2529.0,delete,74.54521439161432,1927.0,238.0,74.47927655378945,0.0,2.0,7.0,5.0,15.0
2530.0,delete,74.60664407118202,1927.0,238.0,74.47927655378945,0.0,2.0,7.0,5.0,14.0
2531.0,swap,74.54512946209749,1927.0,238.0,74.47927655378945,0.0,2.0,6.0,5.0,16.0
2532.0,add,74.3268657200938,1928.0,28.0,74.55266248672186,5.0,3.0,3.0,3.0,14.0
2533.0,add,74.51484352050909,1929.0,157.0,74.5782082485135,1.0,5.0,2.0,0.0,17.0
2534.0,delete,74.68958599676593,1930.0,206.0,74.70111412086968,0.0,1.0,2.0,3.0,16.0
2535.0,delete,74.64934569397258,1931.0,79.0,74.5714033349992,1.0,3.0,8.0,4.0,17.0
2536.0,add,74.5096298513764,1932.0,122.0,74.5418417559942,1.0,4.0,3.0,4.0,16.0
2537.0,add,74.77429900053077,1933.0,220.0,74.5697803531478,0.0,2.0,7.0,6.0,17.0
2538.0,add,74.65989646466927,1934.0,185.0,74.63990901494637,1.0,3.0,2.0,3.0,16.0
2539.0,add,74.73569641132593,1935.0,235.0,74.53722606605216,0.0,3.0,7.0,6.0,15.0
2540.0,delete,74.21620878460533,1936.0,230.0,74.47925660393695,0.0,2.0,8.0,6.0,18.0
2541.0,delete,74.60483270993487,1937.0,237.0,74.54406611967082,0.0,2.0,7.0,5.0,15.0
2542.0,delete,74.55233062890817,1938.0,239.0,74.60664407118202,0.0,2.0,7.0,5.0,14.0
2543.0,delete,74.60664407118202,1938.0,239.0,74.60664407118202,0.0,2.0,7.0,5.0,13.0
2544.0,swap,74.59172090664502,1938.0,239.0,74.60664407118202,0.0,2.0,8.0,5.0,13.0
2545.0,delete,74.59373143081325,1939.0,29.0,74.55378944165588,4.0,3.0,4.0,3.0,13.0
2546.0,delete,74.46120454705004,1940.0,158.0,74.57963153135475,1.0,5.0,2.0,0.0,16.0
2547.0,delete,74.9034659486798,1941.0,221.0,74.56292867308504,0.0,2.0,7.0,5.0,17.0
2548.0,delete,74.71980578825492,1942.0,80.0,74.5713163578922,1.0,4.0,7.0,3.0,17.0
2549.0,add,75.01216995261306,1943.0,207.0,74.69506042401929,0.0,2.0,2.0,4.0,15.0
2550.0,add,74.53232350737713,1944.0,123.0,74.54131297867355,1.0,4.0,5.0,4.0,15.0
2551.0,delete,74.47927655378943,1945.0,236.0,74.55348639147537,0.0,2.0,7.0,6.0,15.0
2552.0,add,74.52646826477765,1946.0,186.0,74.64096280968927,1.0,2.0,2.0,3.0,18.0
2553.0,delete,74.13418220568619,1947.0,231.0,74.53210457450959,0.0,3.0,8.0,6.0,16.0
2554.0,delete,74.50536087393186,1948.0,238.0,74.58933491947931,0.0,2.0,7.0,5.0,14.0
2555.0,delete,74.63805297662292,1949.0,240.0,74.60664407118202,0.0,2.0,7.0,5.0,13.0
2556.0,delete,74.47189148461271,1949.0,240.0,74.60664407118202,0.0,2.0,6.0,5.0,13.0
2557.0,swap,74.52097969509165,1949.0,240.0,74.60664407118202,0.0,3.0,7.0,5.0,12.0
2558.0,delete,74.6569060141059,1950.0,30.0,74.55403967799123,5.0,3.0,4.0,2.0,12.0
2559.0,delete,74.27439849295524,1951.0,159.0,74.58205520372884,1.0,5.0,2.0,0.0,15.0
2560.0,delete,74.41447693403848,1952.0,222.0,74.53772436178846,0.0,2.0,7.0,6.0,15.0
2561.0,delete,74.75662792483739,1953.0,81.0,74.5701068390376,1.0,3.0,6.0,4.0,17.0
2562.0,delete,74.51571468889658,1954.0,237.0,74.55567315213437,0.0,2.0,7.0,5.0,15.0
2563.0,add,74.47008718547572,1955.0,208.0,74.6799097086628,0.0,1.0,3.0,4.0,16.0
2564.0,add,74.69410929476962,1956.0,124.0,74.53905880715897,1.0,4.0,4.0,4.0,17.0
2565.0,delete,74.626891663815,1957.0,187.0,74.63820996454236,1.0,2.0,2.0,4.0,16.0
2566.0,delete,74.82062531364808,1958.0,232.0,74.55780880138275,0.0,3.0,8.0,6.0,15.0
2567.0,delete,74.67535302124342,1959.0,239.0,74.55939205687733,0.0,2.0,6.0,5.0,14.0
2568.0,delete,74.47166961515671,1960.0,241.0,74.47189148461271,0.0,2.0,6.0,5.0,13.0
2569.0,add,74.46770209472517,1960.0,241.0,74.47189148461271,0.0,3.0,6.0,5.0,13.0
2570.0,delete,74.72161834228609,1960.0,241.0,74.47189148461271,0.0,2.0,5.0,5.0,13.0
2571.0,swap,74.36180658665677,1960.0,241.0,74.47189148461271,0.0,2.0,5.0,5.0,14.0
2572.0,delete,74.6492266410974,1961.0,31.0,74.5536379209648,4.0,3.0,4.0,2.0,12.0
2573.0,add,74.66355805269255,1962.0,160.0,74.58447687839177,1.0,5.0,3.0,0.0,15.0
2574.0,delete,74.75258722658664,1963.0,82.0,74.56879016997658,1.0,4.0,5.0,4.0,16.0
2575.0,add,74.27884444004731,1964.0,223.0,74.53620071528809,0.0,3.0,7.0,6.0,15.0
2576.0,delete,74.48223979740027,1965.0,233.0,74.56488904300461,0.0,3.0,8.0,6.0,14.0
2577.0,delete,74.2374359873974,1966.0,125.0,74.53890585825889,1.0,4.0,4.0,4.0,16.0
2578.0,delete,74.72223359489054,1967.0,188.0,74.63710640235163,1.0,2.0,2.0,4.0,15.0
2579.0,add,74.81913749320823,1968.0,209.0,74.67094799153398,0.0,3.0,3.0,4.0,15.0
2580.0,delete,74.60664407118202,1969.0,238.0,74.55321341294189,0.0,2.0,7.0,5.0,14.0
2581.0,delete,74.5941462487046,1970.0,240.0,74.4989376246875,0.0,2.0,7.0,5.0,12.0
2582.0,add,74.46790359787411,1971.0,242.0,74.46770209472517,0.0,3.0,6.0,5.0,13.0
2583.0,add,74.16831466314478,1971.0,242.0,74.46770209472517,0.0,3.0,6.0,5.0,14.0
2584.0,delete,74.45976795495655,1971.0,242.0,74.46770209472517,0.0,3.0,6.0,5.0,12.0
2585.0,swap,74.8088385339068,1971.0,242.0,74.46770209472517,0.0,3.0,7.0,4.0,13.0
2586.0,delete,74.74063559512601,1972.0,32.0,74.55298591128724,2.0,3.0,4.0,2.0,13.0
2587.0,add,74.46120454705004,1973.0,161.0,74.58527335571833,1.0,5.0,2.0,1.0,16.0
2588.0,add,74.8186202147807,1974.0,83.0,74.56678450642718,1.0,4.0,6.0,4.0,16.0
2589.0,add,74.67559174640643,1975.0,224.0,74.5355817786888,0.0,2.0,7.0,6.0,17.0
2590.0,delete,74.32066383469227,1976.0,126.0,74.5407108798819,0.0,4.0,5.0,4.0,15.0
2591.0,delete,74.80179802178253,1977.0,234.0,74.56664274960237,0.0,2.0,7.0,6.0,15.0
2592.0,add,74.53835083442124,1978.0,189.0,74.63963619603174,1.0,2.0,2.0,5.0,15.0
2593.0,add,75.03430250138291,1979.0,210.0,74.6560207602507,0.0,2.0,3.0,4.0,17.0
2594.0,delete,74.59645821768086,1980.0,239.0,74.5310492061546,0.0,2.0,7.0,5.0,13.0
2595.0,add,74.5152940689275,1981.0,241.0,74.47450536892147,0.0,3.0,6.0,5.0,13.0
2596.0,delete,74.60556736815848,1982.0,240.0,74.50081392645016,0.0,2.0,6.0,5.0,13.0
2597.0,add,74.14575698157387,1983.0,243.0,74.16831466314478,0.0,3.0,6.0,5.0,14.0
2598.0,delete,74.33420500279239,1983.0,243.0,74.16831466314478,0.0,3.0,6.0,5.0,13.0
2599.0,swap,74.58793080040265,1983.0,243.0,74.16831466314478,0.0,3.0,6.0,5.0,14.0
2600.0,add,74.46153374250893,1984.0,33.0,74.5523484554532,3.0,2.0,5.0,2.0,13.0
2601.0,add,74.58712388999561,1985.0,162.0,74.58623761685055,1.0,5.0,3.0,2.0,15.0
2602.0,add,74.89305776864423,1986.0,84.0,74.56484308613103,1.0,4.0,7.0,4.0,16.0
2603.0,delete,74.37660571610633,1987.0,127.0,74.54301367991556,1.0,4.0,5.0,2.0,15.0
2604.0,add,74.61704414677105,1988.0,225.0,74.52041292162428,0.0,2.0,7.0,7.0,17.0
2605.0,delete,74.93032740547,1989.0,190.0,74.63865422049346,1.0,2.0,2.0,4.0,15.0
2606.0,add,74.69239646958962,1990.0,235.0,74.53145477407352,0.0,2.0,8.0,6.0,15.0
2607.0,add,75.03203664023275,1991.0,211.0,74.6397896435589,0.0,2.0,4.0,4.0,17.0
2608.0,add,74.45034081859787,1992.0,242.0,74.30905186197842,0.0,3.0,6.0,5.0,14.0
2609.0,delete,74.30248027568709,1993.0,244.0,74.33420500279239,0.0,3.0,6.0,5.0,13.0
2610.0,add,74.51719168226687,1993.0,244.0,74.33420500279239,0.0,3.0,6.0,5.0,14.0
2611.0,delete,74.47968295758683,1993.0,244.0,74.33420500279239,0.0,3.0,6.0,5.0,12.0
2612.0,swap,74.52610287608216,1993.0,244.0,74.33420500279239,0.0,3.0,7.0,5.0,12.0
2613.0,add,74.66349652832794,1994.0,34.0,74.5525106630318,3.0,2.0,4.0,2.0,15.0
2614.0,add,74.57917354034858,1995.0,226.0,74.50938560230472,0.0,2.0,8.0,6.0,18.0
2615.0,delete,74.72760132935912,1996.0,85.0,74.56295310058886,1.0,3.0,7.0,4.0,16.0
2616.0,delete,74.30262545289021,1997.0,128.0,74.54504277133687,1.0,4.0,5.0,2.0,14.0
2617.0,add,74.55355244251604,1998.0,163.0,74.58659351771698,1.0,5.0,3.0,1.0,17.0
2618.0,delete,74.81454122373884,1999.0,191.0,74.63573636715878,0.0,2.0,2.0,4.0,15.0
2619.0,delete,74.55782171641233,2000.0,236.0,74.5159472187561,0.0,2.0,7.0,5.0,16.0
2620.0,add,74.84253519476978,2001.0,241.0,74.44510802203747,0.0,2.0,7.0,5.0,13.0
2621.0,add,74.79420204595715,2002.0,212.0,74.62680814486068,0.0,3.0,5.0,4.0,16.0
2622.0,delete,73.99957048469645,2003.0,243.0,74.43193255888306,0.0,3.0,5.0,5.0,14.0
2623.0,add,74.51763870958494,2004.0,245.0,74.51719168226687,0.0,3.0,6.0,5.0,14.0
2624.0,add,74.46193715955113,2004.0,245.0,74.51719168226687,0.0,3.0,6.0,5.0,15.0
2625.0,delete,74.40446596111258,2004.0,245.0,74.51719168226687,0.0,3.0,5.0,5.0,14.0
2626.0,swap,74.42453527830513,2004.0,245.0,74.51719168226687,0.0,2.0,6.0,6.0,14.0
2627.0,add,74.83218435777188,2005.0,35.0,74.55171928449947,3.0,3.0,5.0,2.0,14.0
2628.0,delete,74.92044282663021,2006.0,86.0,74.56010185661624,1.0,4.0,7.0,3.0,15.0
2629.0,delete,74.45466679609773,2007.0,164.0,74.58630962431208,1.0,4.0,3.0,1.0,17.0
2630.0,add,74.51688851814203,2008.0,129.0,74.5462479160762,1.0,4.0,6.0,1.0,15.0
2631.0,delete,74.84409841848226,2009.0,192.0,74.62854707425043,1.0,2.0,2.0,4.0,13.0
2632.0,delete,74.43000563816713,2010.0,227.0,74.4997988142292,0.0,3.0,7.0,6.0,17.0
2633.0,delete,74.3963371763323,2011.0,237.0,74.5048597824908,0.0,2.0,6.0,5.0,16.0
2634.0,delete,74.86475684306984,2012.0,213.0,74.61371916436443,0.0,2.0,5.0,3.0,17.0
2635.0,add,74.44027269834496,2013.0,242.0,74.38001097509891,0.0,3.0,6.0,5.0,14.0
2636.0,add,74.1819472827079,2014.0,244.0,74.46515375816413,0.0,3.0,6.0,5.0,14.0
2637.0,delete,74.3512409459658,2015.0,243.0,74.37725069730668,0.0,3.0,6.0,5.0,13.0
2638.0,delete,74.21102639249844,2016.0,238.0,74.48673190263611,0.0,2.0,7.0,4.0,15.0
2639.0,add,74.62900407185457,2017.0,228.0,74.48116853903606,0.0,4.0,7.0,6.0,17.0
2640.0,add,74.82074031133274,2018.0,36.0,74.55001835222559,3.0,2.0,5.0,3.0,15.0
2641.0,delete,74.89296911612087,2019.0,87.0,74.55703412951438,1.0,4.0,5.0,4.0,15.0
2642.0,delete,74.54678819678057,2020.0,165.0,74.58556496248903,1.0,4.0,2.0,1.0,17.0
2643.0,delete,74.34589257559267,2021.0,130.0,74.54707539915752,1.0,4.0,5.0,1.0,15.0
2644.0,delete,74.83449989582729,2022.0,193.0,74.62275328401702,1.0,2.0,2.0,3.0,13.0
2645.0,add,74.46193715955114,2023.0,246.0,74.46193715955113,0.0,3.0,6.0,5.0,15.0
2646.0,add,74.46190898916426,2023.0,246.0,74.46193715955113,0.0,3.0,6.0,6.0,15.0
2647.0,delete,74.51132717210452,2023.0,246.0,74.46193715955113,0.0,3.0,6.0,5.0,14.0
2648.0,swap,74.44895294844896,2023.0,246.0,74.46193715955113,0.0,4.0,6.0,5.0,14.0
2649.0,add,74.86471147156239,2024.0,214.0,74.59578481272818,0.0,3.0,5.0,4.0,16.0
2650.0,add,74.44707539336534,2025.0,245.0,74.469212685764,0.0,3.0,6.0,5.0,15.0
2651.0,delete,74.60664407118202,2026.0,239.0,74.47310372598959,0.0,2.0,7.0,4.0,14.0
2652.0,add,74.36753288592655,2027.0,244.0,74.43990161237845,0.0,3.0,6.0,5.0,14.0
2653.0,delete,74.65947081051603,2028.0,88.0,74.55479011244316,1.0,4.0,6.0,3.0,14.0
2654.0,add,74.72621781261594,2029.0,37.0,74.5488632694073,3.0,3.0,5.0,3.0,15.0
2655.0,delete,74.40595310397066,2030.0,166.0,74.58588414154708,0.0,4.0,3.0,1.0,16.0
2656.0,delete,74.73541542093346,2031.0,131.0,74.54777496198321,1.0,4.0,5.0,0.0,15.0
2657.0,delete,74.84409841848226,2032.0,194.0,74.6196232590818,1.0,2.0,2.0,3.0,12.0
2658.0,add,74.3854587382702,2033.0,229.0,74.47228310170462,0.0,3.0,8.0,6.0,18.0
2659.0,add,74.4588611754128,2034.0,247.0,74.46190898916426,0.0,3.0,6.0,6.0,15.0
2660.0,add,74.46190898916426,2034.0,247.0,74.46190898916426,0.0,3.0,6.0,7.0,15.0
2661.0,delete,74.50917603941221,2034.0,247.0,74.46190898916426,0.0,2.0,6.0,6.0,15.0
2662.0,swap,74.49470024386055,2034.0,247.0,74.46190898916426,0.0,3.0,6.0,6.0,15.0
2663.0,add,74.85058374584331,2035.0,215.0,74.58352638949225,0.0,2.0,6.0,4.0,17.0
2664.0,delete,74.26951030387204,2036.0,240.0,74.4539932478346,0.0,2.0,7.0,4.0,13.0
2665.0,add,74.3593347024589,2037.0,246.0,74.47731108740282,0.0,3.0,6.0,5.0,16.0
2666.0,delete,74.73077494663731,2038.0,89.0,74.55281961670609,1.0,4.0,6.0,3.0,13.0
2667.0,delete,74.70682723142801,2039.0,38.0,74.54739284247538,2.0,3.0,5.0,3.0,15.0
2668.0,delete,74.62895992215353,2040.0,230.0,74.4788062508791,0.0,3.0,8.0,6.0,17.0
2669.0,delete,74.49696061817708,2041.0,132.0,74.54785452000202,1.0,5.0,5.0,0.0,13.0
2670.0,add,74.53379120230923,2042.0,167.0,74.5850224756235,1.0,4.0,4.0,1.0,15.0
2671.0,add,74.83674211372356,2043.0,195.0,74.61421519371167,1.0,3.0,2.0,3.0,12.0
2672.0,add,74.51719168226687,2044.0,245.0,74.46155636113582,0.0,3.0,6.0,6.0,14.0
2673.0,add,74.41663594835647,2045.0,248.0,74.46190898916426,0.0,3.0,6.0,7.0,15.0
2674.0,add,74.68048191347089,2045.0,248.0,74.46190898916426,0.0,3.0,6.0,7.0,16.0
2675.0,delete,74.46190898916424,2045.0,248.0,74.46190898916426,0.0,3.0,6.0,6.0,15.0
2676.0,swap,74.65311232968236,2045.0,248.0,74.46190898916426,0.0,4.0,6.0,7.0,14.0
2677.0,add,74.89000720142079,2046.0,216.0,74.57005096729792,0.0,2.0,6.0,5.0,17.0
2678.0,add,74.56738617369992,2047.0,241.0,74.45045391244548,0.0,2.0,6.0,5.0,14.0
2679.0,delete,73.86623664669254,2048.0,231.0,74.50142168454485,0.0,3.0,7.0,6.0,17.0
2680.0,add,74.76182314775001,2049.0,90.0,74.55163839828043,1.0,4.0,6.0,4.0,13.0
2681.0,add,74.6162917618659,2050.0,39.0,74.54600767474287,3.0,3.0,5.0,2.0,16.0
2682.0,delete,74.85053312462831,2051.0,196.0,74.60816992898984,1.0,2.0,2.0,3.0,12.0
2683.0,add,74.45382746069508,2052.0,133.0,74.54841833787015,1.0,5.0,4.0,0.0,15.0
2684.0,add,74.54507224209183,2053.0,168.0,74.58551617992525,1.0,4.0,3.0,2.0,16.0
2685.0,add,74.47466990590982,2054.0,247.0,74.53480963396764,0.0,3.0,6.0,7.0,15.0
2686.0,add,74.48192629654011,2055.0,246.0,74.49388174782335,0.0,3.0,6.0,5.0,16.0
2687.0,add,74.68048191347091,2056.0,249.0,74.68048191347089,0.0,3.0,6.0,7.0,16.0
2688.0,delete,74.68048191347089,2056.0,249.0,74.68048191347089,0.0,3.0,6.0,6.0,16.0
2689.0,swap,74.44514442607725,2056.0,249.0,74.68048191347089,0.0,3.0,6.0,8.0,15.0
2690.0,add,74.88324551513607,2057.0,217.0,74.55511967534682,0.0,2.0,6.0,6.0,17.0
2691.0,add,74.53469559705667,2058.0,248.0,74.62164754162248,0.0,3.0,6.0,7.0,16.0
2692.0,delete,74.80430928594453,2059.0,232.0,74.51626171371875,0.0,3.0,7.0,6.0,16.0
2693.0,add,74.78936238075161,2060.0,242.0,74.44366823571126,0.0,3.0,7.0,5.0,13.0
2694.0,delete,74.25711758229635,2061.0,40.0,74.54646652494084,3.0,3.0,6.0,1.0,15.0
2695.0,add,74.74052379649365,2062.0,91.0,74.55101080311722,1.0,4.0,6.0,4.0,14.0
2696.0,add,74.8403542870897,2063.0,197.0,74.60660076119296,1.0,1.0,3.0,3.0,13.0
2697.0,add,74.43128070267173,2064.0,134.0,74.55069612651921,1.0,5.0,5.0,0.0,15.0
2698.0,add,74.5326152716282,2065.0,169.0,74.58753076589592,1.0,4.0,3.0,2.0,17.0
2699.0,delete,74.66987843416325,2066.0,250.0,74.68048191347089,0.0,3.0,6.0,6.0,16.0
2700.0,delete,74.72551968749293,2066.0,250.0,74.68048191347089,0.0,2.0,6.0,6.0,16.0
2701.0,swap,74.47753679308052,2066.0,250.0,74.68048191347089,0.0,4.0,6.0,6.0,15.0
2702.0,add,74.51771533486044,2067.0,247.0,74.56634283388927,0.0,3.0,6.0,6.0,16.0
2703.0,delete,74.68635735287958,2068.0,249.0,74.63835420705189,0.0,2.0,6.0,7.0,16.0
2704.0,add,74.92315436805356,2069.0,218.0,74.54648825509642,0.0,2.0,7.0,6.0,17.0
2705.0,delete,74.79823758039687,2070.0,233.0,74.52237665913803,0.0,3.0,7.0,6.0,15.0
2706.0,delete,73.6525609996769,2071.0,243.0,74.4766013546962,0.0,3.0,5.0,5.0,14.0
2707.0,delete,74.46686188854562,2072.0,41.0,74.54800567424964,2.0,3.0,6.0,2.0,14.0
2708.0,delete,74.66110901491369,2073.0,92.0,74.55008895745216,1.0,4.0,6.0,3.0,14.0
2709.0,delete,74.71842220997661,2074.0,251.0,74.72551968749293,0.0,2.0,6.0,6.0,16.0
2710.0,delete,74.6692475646983,2074.0,251.0,74.72551968749293,0.0,2.0,6.0,6.0,15.0
2711.0,swap,74.88644051107624,2074.0,251.0,74.72551968749293,0.0,3.0,6.0,6.0,15.0
2712.0,add,74.53376445572246,2075.0,135.0,74.55271726889706,1.0,6.0,4.0,0.0,16.0
2713.0,delete,74.85507820730336,2076.0,170.0,74.58852915072433,1.0,4.0,3.0,2.0,16.0
2714.0,add,74.84246194226334,2077.0,198.0,74.6037639010176,1.0,1.0,2.0,4.0,14.0
2715.0,add,74.4719572291164,2078.0,248.0,74.65455735974284,0.0,3.0,6.0,7.0,16.0
2716.0,delete,74.62920872055471,2079.0,250.0,74.74990749331101,0.0,2.0,6.0,6.0,16.0
2717.0,delete,74.41447693403848,2080.0,219.0,74.54124947549504,0.0,2.0,7.0,6.0,16.0
2718.0,delete,74.81235001592107,2081.0,234.0,74.5231121461463,0.0,2.0,8.0,6.0,14.0
2719.0,delete,74.66882527651863,2082.0,252.0,74.6692475646983,0.0,2.0,6.0,6.0,15.0
2720.0,delete,74.6491661472987,2082.0,252.0,74.6692475646983,0.0,2.0,6.0,6.0,14.0
2721.0,swap,74.65949615554062,2082.0,252.0,74.6692475646983,0.0,2.0,6.0,6.0,15.0
2722.0,add,74.24008533919893,2083.0,42.0,74.55161049747107,2.0,3.0,6.0,2.0,15.0
2723.0,delete,74.7324068174577,2084.0,93.0,74.55031947681933,1.0,4.0,6.0,3.0,13.0
2724.0,delete,74.46117569860435,2085.0,171.0,74.58946436038066,0.0,4.0,3.0,1.0,17.0
2725.0,add,74.49367148151323,2086.0,136.0,74.55455553235132,1.0,6.0,4.0,1.0,16.0
2726.0,add,74.07420167611494,2087.0,199.0,74.60382701969023,1.0,1.0,2.0,3.0,16.0
2727.0,add,74.36013005965764,2088.0,244.0,74.53529107573468,0.0,3.0,6.0,5.0,14.0
2728.0,delete,74.95891863760055,2089.0,249.0,74.67671506389591,0.0,3.0,6.0,7.0,15.0
2729.0,delete,75.0104887704499,2090.0,251.0,74.66168378601407,0.0,2.0,6.0,6.0,15.0
2730.0,delete,74.6493856620371,2091.0,253.0,74.6491661472987,0.0,2.0,6.0,6.0,14.0
2731.0,add,74.50461031374192,2091.0,253.0,74.6491661472987,0.0,3.0,6.0,6.0,14.0
2732.0,delete,74.43863028845016,2091.0,253.0,74.6491661472987,0.0,2.0,6.0,6.0,13.0
2733.0,swap,74.65950764876749,2091.0,253.0,74.6491661472987,0.0,2.0,6.0,5.0,15.0
2734.0,add,74.45231200795392,2092.0,94.0,74.54985862697306,1.0,5.0,6.0,3.0,13.0
2735.0,add,74.21265120266648,2093.0,43.0,74.55319501867355,2.0,4.0,6.0,2.0,15.0
2736.0,delete,74.4109570794009,2094.0,172.0,74.590409978738,1.0,4.0,3.0,1.0,15.0
2737.0,add,74.47105146040013,2095.0,220.0,74.54739642441747,0.0,3.0,7.0,6.0,16.0
2738.0,delete,74.32962768371598,2096.0,137.0,74.55530648437419,1.0,6.0,4.0,0.0,16.0
2739.0,add,74.73899115555814,2097.0,235.0,74.52306731794775,0.0,2.0,7.0,7.0,15.0
2740.0,add,73.97371076283196,2098.0,200.0,74.61193190236165,1.0,1.0,2.0,4.0,16.0
2741.0,add,74.5459936195867,2099.0,245.0,74.57939423478695,0.0,3.0,6.0,5.0,15.0
2742.0,delete,74.71815028578152,2100.0,250.0,74.68222684281565,0.0,3.0,5.0,6.0,16.0
2743.0,delete,74.56878391873357,2101.0,252.0,74.58026001205907,0.0,2.0,6.0,6.0,14.0
2744.0,delete,74.4154033223011,2102.0,221.0,74.54468521419903,0.0,2.0,7.0,6.0,16.0
2745.0,delete,74.49497398861263,2103.0,236.0,74.52124018545204,0.0,2.0,7.0,6.0,15.0
2746.0,add,74.50585900350694,2104.0,254.0,74.50461031374192,0.0,3.0,6.0,6.0,14.0
2747.0,delete,74.60734714364219,2104.0,254.0,74.50461031374192,0.0,3.0,6.0,6.0,13.0
2748.0,swap,74.59068302263569,2104.0,254.0,74.50461031374192,0.0,3.0,7.0,6.0,13.0
2749.0,add,74.00102046642198,2105.0,44.0,74.55488854031547,2.0,3.0,6.0,2.0,17.0
2750.0,add,74.5917696683824,2106.0,95.0,74.5493630568966,1.0,4.0,6.0,3.0,15.0
2751.0,delete,74.62897735497518,2107.0,173.0,74.59182645870543,1.0,3.0,2.0,1.0,16.0
2752.0,add,74.40104240599487,2108.0,138.0,74.5562366332389,1.0,6.0,4.0,1.0,16.0
2753.0,delete,74.88233083686782,2109.0,201.0,74.61582294209639,1.0,1.0,2.0,3.0,16.0
2754.0,add,74.43556851238912,2110.0,246.0,74.59743913713191,0.0,3.0,6.0,5.0,16.0
2755.0,delete,74.64444553159787,2111.0,251.0,74.6293869935401,0.0,2.0,6.0,5.0,16.0
2756.0,add,74.6491661472987,2112.0,253.0,74.55212487088168,0.0,2.0,6.0,6.0,15.0
2757.0,delete,74.6845986902278,2113.0,222.0,74.53372065922905,0.0,2.0,7.0,6.0,15.0
2758.0,delete,74.60483270993487,2114.0,237.0,74.5240433931826,0.0,2.0,7.0,5.0,15.0
2759.0,delete,74.53289811911677,2115.0,255.0,74.60734714364219,0.0,3.0,6.0,6.0,13.0
2760.0,delete,74.43114456112134,2115.0,255.0,74.60734714364219,0.0,2.0,6.0,6.0,13.0
2761.0,swap,74.471226537788,2115.0,255.0,74.60734714364219,0.0,4.0,6.0,6.0,12.0
2762.0,add,74.57633290205699,2116.0,96.0,74.55021254944951,1.0,5.0,6.0,3.0,15.0
2763.0,add,74.00761342122202,2117.0,45.0,74.55732144576382,2.0,3.0,6.0,2.0,18.0
2764.0,add,74.27754637915358,2118.0,174.0,74.59415274994478,1.0,4.0,2.0,1.0,16.0
2765.0,add,74.52967343092439,2119.0,247.0,74.61180869065002,0.0,3.0,6.0,6.0,16.0
2766.0,add,74.51937348484371,2120.0,139.0,74.55746516453041,1.0,6.0,4.0,0.0,18.0
2767.0,add,73.98883412648524,2121.0,202.0,74.61738854010989,1.0,1.0,2.0,3.0,17.0
2768.0,delete,74.68153695887109,2122.0,252.0,74.5583391164722,0.0,2.0,6.0,6.0,14.0
2769.0,delete,74.70291095749893,2123.0,254.0,74.51065409041706,0.0,3.0,6.0,6.0,13.0
2770.0,delete,74.37806927600425,2124.0,238.0,74.52662070281647,0.0,2.0,6.0,5.0,15.0
2771.0,add,74.54062279744723,2125.0,223.0,74.53243498968968,0.0,2.0,7.0,6.0,16.0
2772.0,delete,74.43532432524917,2126.0,256.0,74.43114456112134,0.0,2.0,6.0,6.0,13.0
2773.0,add,74.3045062252724,2126.0,256.0,74.43114456112134,0.0,2.0,7.0,6.0,13.0
2774.0,delete,74.79561199601561,2126.0,256.0,74.43114456112134,0.0,2.0,6.0,6.0,12.0
2775.0,swap,74.76647765182526,2126.0,256.0,74.43114456112134,0.0,3.0,6.0,6.0,12.0
2776.0,delete,74.02252138797311,2127.0,46.0,74.5599066277884,2.0,3.0,6.0,3.0,16.0
2777.0,delete,74.45197937942912,2128.0,97.0,74.5500500839272,1.0,5.0,6.0,4.0,13.0
2778.0,add,74.39080460739181,2129.0,175.0,74.59715162321604,1.0,4.0,2.0,1.0,17.0
2779.0,add,74.461970393514,2130.0,248.0,74.62976809110116,0.0,3.0,6.0,8.0,15.0
2780.0,add,74.48515416130284,2131.0,140.0,74.55796961819732,1.0,7.0,4.0,0.0,18.0
2781.0,add,74.44206580766945,2132.0,203.0,74.63066056898302,1.0,1.0,3.0,4.0,16.0
2782.0,add,74.8044823739675,2133.0,253.0,74.56136661574715,0.0,2.0,7.0,6.0,14.0
2783.0,delete,74.72878127450541,2134.0,239.0,74.53147017361546,0.0,2.0,6.0,5.0,14.0
2784.0,delete,74.54091459144136,2135.0,255.0,74.54661295189676,0.0,2.0,6.0,6.0,13.0
2785.0,add,74.53311608753312,2136.0,224.0,74.53667330799927,0.0,2.0,7.0,7.0,16.0
2786.0,add,74.27189902658975,2137.0,257.0,74.3045062252724,0.0,2.0,7.0,6.0,13.0
2787.0,add,74.33571402156628,2137.0,257.0,74.3045062252724,0.0,2.0,8.0,6.0,13.0
2788.0,delete,74.5355125596869,2137.0,257.0,74.3045062252724,0.0,2.0,7.0,6.0,12.0
2789.0,swap,74.84879645235259,2137.0,257.0,74.3045062252724,0.0,2.0,6.0,6.0,14.0
2790.0,add,74.19201038122927,2138.0,47.0,74.56212101120254,2.0,3.0,6.0,3.0,17.0
2791.0,add,74.4668291357937,2139.0,98.0,74.54985263335222,1.0,6.0,6.0,3.0,14.0
2792.0,add,74.35619802413817,2140.0,176.0,74.60031475321277,1.0,4.0,2.0,3.0,16.0
2793.0,delete,74.40178272971228,2141.0,141.0,74.5588120958727,1.0,6.0,4.0,0.0,18.0
2794.0,delete,74.21277879995861,2142.0,204.0,74.63504921772409,1.0,1.0,2.0,4.0,16.0
2795.0,delete,74.68048191347089,2143.0,249.0,74.62713783748391,0.0,3.0,6.0,6.0,16.0
2796.0,delete,74.59431961715194,2144.0,240.0,74.52724651196941,0.0,2.0,7.0,5.0,12.0
2797.0,delete,74.50461031374194,2145.0,254.0,74.54144886922619,0.0,3.0,6.0,5.0,14.0
2798.0,add,74.5963824699547,2146.0,256.0,74.45928565709359,0.0,2.0,7.0,6.0,13.0
2799.0,add,74.61702298842496,2147.0,225.0,74.52979271469123,0.0,2.0,7.0,7.0,17.0
2800.0,delete,74.60407893603733,2148.0,255.0,74.53293489827958,0.0,3.0,6.0,5.0,13.0
2801.0,add,74.35124621778237,2149.0,258.0,74.33571402156628,0.0,2.0,8.0,6.0,13.0
2802.0,add,74.35555365178841,2149.0,258.0,74.33571402156628,0.0,3.0,8.0,6.0,13.0
2803.0,delete,74.3045062252724,2149.0,258.0,74.33571402156628,0.0,2.0,7.0,6.0,13.0
2804.0,swap,74.23025964433444,2149.0,258.0,74.33571402156628,0.0,1.0,9.0,6.0,13.0
2805.0,add,74.00960704991519,2150.0,48.0,74.56474460965532,2.0,3.0,6.0,4.0,17.0
2806.0,add,74.6718651433173,2151.0,99.0,74.5490398358416,1.0,5.0,6.0,3.0,16.0
2807.0,add,74.47682913424545,2152.0,142.0,74.55875188331058,1.0,6.0,4.0,1.0,18.0
2808.0,add,74.40066174915476,2153.0,177.0,74.6010828404728,1.0,4.0,3.0,2.0,17.0
2809.0,delete,74.68958599676593,2154.0,205.0,74.6376732974657,0.0,1.0,2.0,4.0,16.0
2810.0,add,74.47189148461271,2155.0,241.0,74.52185854637592,0.0,2.0,6.0,5.0,14.0
2811.0,delete,74.48634922851082,2156.0,250.0,74.5847375673113,0.0,3.0,5.0,6.0,16.0
2812.0,add,74.29275519012091,2157.0,257.0,74.31545595214877,0.0,2.0,8.0,6.0,13.0
2813.0,add,74.6035749315272,2158.0,226.0,74.5197701658143,0.0,2.0,7.0,6.0,19.0
2814.0,add,74.43880684021427,2159.0,256.0,74.40246651679284,0.0,2.0,6.0,6.0,14.0
2815.0,delete,75.0104887704499,2160.0,251.0,74.55417431903915,0.0,2.0,6.0,6.0,15.0
2816.0,delete,74.53728969514063,2161.0,100.0,74.54872390164661,1.0,5.0,5.0,3.0,16.0
2817.0,delete,74.54476037228143,2162.0,49.0,74.56719257993724,2.0,3.0,5.0,3.0,18.0
2818.0,delete,75.03122153334994,2163.0,206.0,74.63500792286507,0.0,1.0,2.0,4.0,15.0
2819.0,add,74.32977170638202,2164.0,178.0,74.60462557222995,1.0,4.0,3.0,3.0,17.0
2820.0,delete,74.46183749864866,2165.0,143.0,74.56001701217986,1.0,6.0,4.0,0.0,18.0
2821.0,add,74.31979757065116,2166.0,259.0,74.35555365178841,0.0,3.0,8.0,6.0,13.0
2822.0,add,74.36442220632661,2166.0,259.0,74.35555365178841,0.0,3.0,8.0,6.0,14.0
2823.0,delete,74.53033390348304,2166.0,259.0,74.35555365178841,0.0,3.0,7.0,6.0,13.0
2824.0,swap,74.41245924060078,2166.0,259.0,74.35555365178841,0.0,3.0,8.0,7.0,12.0
2825.0,add,74.46770209472517,2167.0,242.0,74.51413162195965,0.0,3.0,6.0,6.0,13.0
2826.0,delete,74.43000563816713,2168.0,227.0,74.5163528397588,0.0,3.0,7.0,6.0,17.0
2827.0,add,74.39326851635452,2169.0,258.0,74.39651331457,0.0,2.0,9.0,6.0,13.0
2828.0,delete,74.73450799513398,2170.0,252.0,74.51232247643944,0.0,2.0,5.0,6.0,15.0
2829.0,delete,74.57834623074453,2171.0,101.0,74.54798606556011,0.0,5.0,6.0,2.0,16.0
2830.0,delete,74.75585103934839,2172.0,50.0,74.56788383544297,2.0,3.0,5.0,3.0,17.0
2831.0,add,74.36536070493666,2173.0,257.0,74.35366512620736,0.0,3.0,7.0,6.0,13.0
2832.0,delete,74.87257597767517,2174.0,179.0,74.60468559466294,1.0,5.0,3.0,3.0,15.0
2833.0,delete,74.52131865577773,2175.0,144.0,74.56063213626103,1.0,6.0,4.0,0.0,17.0
2834.0,add,74.63484413618511,2176.0,207.0,74.62749540959744,0.0,1.0,2.0,4.0,16.0
2835.0,add,74.25867896142114,2177.0,260.0,74.36442220632661,0.0,3.0,8.0,6.0,14.0
2836.0,add,74.53500912571707,2177.0,260.0,74.36442220632661,0.0,3.0,8.0,6.0,15.0
2837.0,delete,74.3550627247551,2177.0,260.0,74.36442220632661,0.0,3.0,8.0,6.0,13.0
2838.0,swap,74.24981785063612,2177.0,260.0,74.36442220632661,0.0,3.0,8.0,6.0,14.0
2839.0,delete,74.14083128063287,2178.0,243.0,74.51216619805749,0.0,3.0,6.0,4.0,14.0
2840.0,add,74.75356202592715,2179.0,228.0,74.50757630390558,0.0,3.0,7.0,6.0,18.0
2841.0,add,74.37947827527805,2180.0,259.0,74.35259817377121,0.0,3.0,8.0,6.0,14.0
2842.0,delete,74.67025993101979,2181.0,102.0,74.54662527502964,1.0,5.0,5.0,2.0,15.0
2843.0,delete,74.75649589629133,2182.0,51.0,74.56671128808554,2.0,3.0,4.0,2.0,18.0
2844.0,add,74.65127215015694,2183.0,253.0,74.47376855383907,0.0,3.0,6.0,6.0,14.0
2845.0,delete,74.2047448922965,2184.0,180.0,74.60445930347765,1.0,5.0,2.0,3.0,15.0
2846.0,add,74.33571402156628,2185.0,258.0,74.37762563881928,0.0,2.0,8.0,7.0,13.0
2847.0,add,74.44705626726788,2186.0,145.0,74.55974794605805,1.0,6.0,4.0,1.0,17.0
2848.0,add,74.9747095539486,2187.0,208.0,74.61661771993975,0.0,1.0,3.0,4.0,16.0
2849.0,add,74.60628635099876,2188.0,261.0,74.53500912571707,0.0,3.0,8.0,6.0,15.0
2850.0,add,74.42857548979711,2188.0,261.0,74.53500912571707,0.0,4.0,8.0,6.0,15.0
2851.0,delete,74.18242687945856,2188.0,261.0,74.53500912571707,0.0,3.0,7.0,6.0,15.0
2852.0,swap,74.42069915194661,2188.0,261.0,74.53500912571707,0.0,4.0,8.0,6.0,14.0
2853.0,add,74.38298266326368,2189.0,244.0,74.52522974398747,0.0,4.0,6.0,5.0,13.0
2854.0,add,74.44343407881551,2190.0,229.0,74.50078535849934,0.0,3.0,7.0,6.0,19.0
2855.0,delete,74.51172807710014,2191.0,254.0,74.44604806749592,0.0,3.0,6.0,5.0,14.0
2856.0,delete,74.66460819626401,2192.0,52.0,74.56542847635347,2.0,3.0,4.0,3.0,16.0
2857.0,add,74.6177903761593,2193.0,103.0,74.54558360942032,1.0,5.0,6.0,2.0,15.0
2858.0,delete,74.30842014907444,2194.0,181.0,74.6056891393558,1.0,5.0,2.0,3.0,14.0
2859.0,add,74.36282512930674,2195.0,260.0,74.43459939958362,0.0,3.0,8.0,7.0,14.0
2860.0,delete,74.75347833355863,2196.0,146.0,74.55983057858182,1.0,6.0,4.0,0.0,17.0
2861.0,add,74.42884906925686,2197.0,259.0,74.37666201324018,0.0,3.0,8.0,6.0,14.0
2862.0,add,75.03442984207832,2198.0,209.0,74.60923872001032,0.0,2.0,3.0,4.0,16.0
2863.0,add,74.42851506969633,2199.0,262.0,74.42857548979711,0.0,4.0,8.0,6.0,15.0
2864.0,delete,74.42857548979711,2199.0,262.0,74.42857548979711,0.0,4.0,8.0,6.0,14.0
2865.0,swap,74.52702359269445,2199.0,262.0,74.42857548979711,0.0,3.0,8.0,6.0,16.0
2866.0,add,74.51419744935544,2200.0,245.0,74.52949483439794,0.0,3.0,6.0,6.0,14.0
2867.0,delete,74.1545286730196,2201.0,230.0,74.50512239074493,0.0,3.0,8.0,6.0,17.0
2868.0,delete,74.5681595854339,2202.0,255.0,74.4295556387514,0.0,3.0,6.0,5.0,13.0
2869.0,delete,74.67245241224218,2203.0,182.0,74.60632419215737,1.0,4.0,2.0,2.0,15.0
2870.0,add,74.8739592289114,2204.0,53.0,74.56469345861944,2.0,3.0,4.0,3.0,17.0
2871.0,add,74.70452532238983,2205.0,104.0,74.54459145072072,1.0,5.0,5.0,2.0,17.0
2872.0,add,74.73821589300324,2206.0,261.0,74.45317241049625,0.0,3.0,8.0,6.0,16.0
2873.0,delete,74.42701443635646,2207.0,147.0,74.56068924764052,1.0,5.0,3.0,0.0,18.0
2874.0,delete,74.4285754897971,2208.0,263.0,74.42857548979711,0.0,4.0,8.0,6.0,14.0
2875.0,delete,74.44950689091561,2208.0,263.0,74.42857548979711,0.0,4.0,8.0,6.0,13.0
2876.0,swap,74.62731068719305,2208.0,263.0,74.42857548979711,0.0,4.0,9.0,6.0,13.0
2877.0,add,75.03238062272501,2209.0,210.0,74.5982204465969,0.0,2.0,3.0,4.0,17.0
2878.0,add,74.36845730809058,2210.0,260.0,74.47411886464013,0.0,3.0,8.0,7.0,14.0
2879.0,add,74.45363951812543,2211.0,246.0,74.5325860653191,0.0,3.0,6.0,6.0,15.0
2880.0,delete,74.24299865061793,2212.0,231.0,74.51453810405181,0.0,2.0,8.0,6.0,17.0
2881.0,delete,74.44403865178066,2213.0,262.0,74.48349213942572,0.0,4.0,8.0,6.0,14.0
2882.0,delete,74.56882920067432,2214.0,183.0,74.60452789002241,1.0,3.0,2.0,3.0,14.0
2883.0,delete,74.5764488252767,2215.0,105.0,74.54385785950721,1.0,4.0,5.0,2.0,17.0
2884.0,add,74.76594527432661,2216.0,54.0,74.56355045129776,2.0,3.0,4.0,4.0,17.0
2885.0,add,74.52530786383728,2217.0,256.0,74.41628776334345,0.0,2.0,6.0,6.0,14.0
2886.0,delete,74.45730318957267,2218.0,148.0,74.56051078586952,1.0,5.0,4.0,0.0,16.0
2887.0,delete,74.4502089202115,2219.0,264.0,74.44950689091561,0.0,4.0,8.0,6.0,13.0
2888.0,delete,74.39275912157484,2219.0,264.0,74.44950689091561,0.0,3.0,8.0,6.0,13.0
2889.0,swap,74.42781881023367,2219.0,264.0,74.44950689091561,0.0,5.0,8.0,6.0,12.0
2890.0,add,74.85100981159611,2220.0,211.0,74.58626379204662,0.0,2.0,4.0,4.0,17.0
2891.0,add,74.788499385548,2221.0,261.0,74.48092700889121,0.0,4.0,8.0,6.0,15.0
2892.0,delete,74.75481186690972,2222.0,263.0,74.4300734357339,0.0,4.0,8.0,6.0,13.0
2893.0,delete,74.74071573176967,2223.0,232.0,74.52450768768087,0.0,3.0,8.0,6.0,15.0
2894.0,add,74.49932871046123,2224.0,247.0,74.53829164042553,0.0,3.0,7.0,6.0,15.0
2895.0,delete,74.39275912157484,2225.0,265.0,74.39275912157484,0.0,3.0,8.0,6.0,13.0
2896.0,delete,74.44432967079199,2225.0,265.0,74.39275912157484,0.0,2.0,8.0,6.0,13.0
2897.0,swap,74.36813813752218,2225.0,265.0,74.39275912157484,0.0,4.0,8.0,6.0,12.0
2898.0,delete,74.90421157994301,2226.0,55.0,74.56224171167521,2.0,3.0,4.0,3.0,17.0
2899.0,delete,74.6764130234291,2227.0,106.0,74.54330766109182,1.0,4.0,4.0,2.0,17.0
2900.0,delete,74.34338844951525,2228.0,149.0,74.56090555040277,1.0,5.0,3.0,0.0,16.0
2901.0,add,74.64052682006717,2229.0,184.0,74.60220704988241,1.0,2.0,3.0,3.0,15.0
2902.0,add,74.31090467188163,2230.0,257.0,74.42094254221193,0.0,2.0,7.0,7.0,13.0
2903.0,delete,74.52309311123815,2231.0,262.0,74.46740273819186,0.0,3.0,8.0,6.0,15.0
2904.0,add,74.80759652259091,2232.0,212.0,74.57801232635782,0.0,2.0,5.0,4.0,17.0
2905.0,delete,74.52102250788842,2233.0,264.0,74.39949651286597,0.0,4.0,7.0,6.0,13.0
2906.0,delete,74.47182923520754,2234.0,233.0,74.51989376756381,0.0,3.0,8.0,5.0,15.0
2907.0,delete,74.43425802414875,2235.0,266.0,74.44432967079199,0.0,2.0,8.0,6.0,13.0
2908.0,delete,74.47087681287465,2235.0,266.0,74.44432967079199,0.0,2.0,7.0,6.0,13.0
2909.0,swap,74.45788517946329,2235.0,266.0,74.44432967079199,0.0,2.0,8.0,7.0,12.0
2910.0,delete,74.79226472606105,2236.0,56.0,74.56076206031753,2.0,1.0,4.0,3.0,18.0
2911.0,delete,74.42402992161823,2237.0,107.0,74.54217458604158,1.0,4.0,4.0,2.0,16.0
2912.0,delete,74.49419354483433,2238.0,150.0,74.5611453795731,1.0,5.0,3.0,0.0,15.0
2913.0,add,74.61347175385717,2239.0,185.0,74.60224448765143,1.0,2.0,3.0,3.0,16.0
2914.0,add,74.456043874416,2240.0,248.0,74.5318595156993,0.0,3.0,6.0,8.0,15.0
2915.0,add,74.34460276157341,2241.0,258.0,74.44464844655727,0.0,2.0,8.0,6.0,14.0
2916.0,delete,74.42857548979713,2242.0,263.0,74.46369792200913,0.0,4.0,8.0,5.0,14.0
2917.0,delete,74.8648701413101,2243.0,213.0,74.57128296148622,0.0,2.0,5.0,4.0,16.0
2918.0,delete,74.49705469099578,2244.0,265.0,74.45183742181968,0.0,3.0,8.0,6.0,12.0
2919.0,delete,74.54708052755824,2245.0,234.0,74.51680143902465,0.0,2.0,8.0,5.0,15.0
2920.0,delete,74.47151812031316,2246.0,267.0,74.47087681287465,0.0,2.0,7.0,6.0,13.0
2921.0,delete,74.79650737316933,2246.0,267.0,74.47087681287465,0.0,2.0,7.0,6.0,12.0
2922.0,swap,74.47276614705792,2246.0,267.0,74.47087681287465,0.0,3.0,7.0,5.0,13.0
2923.0,delete,74.869678681277,2247.0,57.0,74.55914501195116,2.0,2.0,4.0,3.0,16.0
2924.0,add,74.5883611399919,2248.0,108.0,74.54172482841035,1.0,4.0,4.0,3.0,16.0
2925.0,delete,74.69171834936519,2249.0,249.0,74.52932387252814,0.0,3.0,5.0,7.0,16.0
2926.0,add,74.49536926200304,2250.0,151.0,74.56215875879488,1.0,5.0,3.0,1.0,15.0
2927.0,add,74.66211780904419,2251.0,186.0,74.60167011379629,1.0,2.0,2.0,3.0,18.0
2928.0,add,74.35236931765597,2252.0,259.0,74.4642367379277,0.0,3.0,8.0,6.0,14.0
2929.0,delete,74.4449403450142,2253.0,264.0,74.47665624228127,0.0,4.0,7.0,6.0,13.0
2930.0,delete,74.71223763767033,2254.0,266.0,74.55291711335377,0.0,2.0,8.0,6.0,12.0
2931.0,add,74.59037534496002,2255.0,214.0,74.56411159142937,0.0,3.0,5.0,4.0,16.0
2932.0,delete,74.79669270014794,2256.0,268.0,74.79650737316933,0.0,2.0,7.0,6.0,12.0
2933.0,delete,74.80711802573025,2256.0,268.0,74.79650737316933,0.0,2.0,7.0,6.0,11.0
2934.0,swap,74.82400320568111,2256.0,268.0,74.79650737316933,0.0,2.0,7.0,6.0,12.0
2935.0,add,74.73899115555814,2257.0,235.0,74.51462268367911,0.0,2.0,7.0,6.0,16.0
2936.0,delete,74.81217974571568,2258.0,58.0,74.55842057197522,2.0,2.0,4.0,2.0,16.0
2937.0,delete,74.46752052342576,2259.0,109.0,74.54207396503828,1.0,4.0,4.0,2.0,16.0
2938.0,delete,74.70806424340829,2260.0,250.0,74.52724412432848,0.0,3.0,6.0,6.0,15.0
2939.0,delete,74.63276839481323,2261.0,187.0,74.60272903240201,1.0,2.0,2.0,3.0,17.0
2940.0,add,74.49104539870945,2262.0,152.0,74.5637717412262,1.0,6.0,3.0,0.0,16.0
2941.0,delete,74.23338701267629,2263.0,265.0,74.59877063233704,0.0,3.0,7.0,6.0,13.0
2942.0,add,74.31397455204731,2264.0,260.0,74.5099308363699,0.0,3.0,8.0,6.0,15.0
2943.0,delete,74.47087681287464,2265.0,267.0,74.80608032618215,0.0,2.0,7.0,5.0,13.0
2944.0,delete,74.801608384312,2266.0,269.0,74.80711802573025,0.0,2.0,7.0,6.0,11.0
2945.0,add,74.65991813554574,2266.0,269.0,74.80711802573025,0.0,3.0,7.0,6.0,11.0
2946.0,delete,74.8348629964339,2266.0,269.0,74.80711802573025,0.0,2.0,7.0,6.0,10.0
2947.0,swap,74.61957182597966,2266.0,269.0,74.80711802573025,0.0,2.0,7.0,6.0,11.0
2948.0,add,74.89001824823129,2267.0,215.0,74.56129619817742,0.0,2.0,6.0,4.0,17.0
2949.0,delete,74.52493203634299,2268.0,110.0,74.54257730429312,1.0,4.0,3.0,2.0,16.0
2950.0,add,74.70869409288582,2269.0,59.0,74.55732865937532,2.0,2.0,4.0,3.0,16.0
2951.0,delete,74.4715307764927,2270.0,236.0,74.51370172898571,0.0,2.0,7.0,5.0,16.0
2952.0,delete,74.5947904634751,2271.0,188.0,74.6026609927196,1.0,2.0,2.0,4.0,15.0
2953.0,delete,74.58675450370137,2272.0,153.0,74.5648973382836,1.0,6.0,3.0,0.0,15.0
2954.0,delete,74.55111059596906,2273.0,251.0,74.52003331434894,0.0,2.0,6.0,6.0,15.0
2955.0,delete,74.45788517946328,2274.0,266.0,74.67219678290698,0.0,2.0,8.0,6.0,12.0
2956.0,add,74.591916907199,2275.0,261.0,74.54503389762866,0.0,3.0,8.0,6.0,16.0
2957.0,delete,74.57028540881102,2276.0,268.0,74.74461587360032,0.0,2.0,7.0,6.0,11.0
2958.0,delete,74.49048530614586,2277.0,237.0,74.51402970616903,0.0,2.0,7.0,4.0,16.0
2959.0,add,74.58887684684028,2278.0,216.0,74.55387168789642,0.0,3.0,6.0,5.0,16.0
2960.0,delete,74.71975727429682,2279.0,252.0,74.5054960140476,0.0,2.0,5.0,6.0,15.0
2961.0,add,74.65577197650899,2280.0,270.0,74.65991813554574,0.0,3.0,7.0,6.0,11.0
2962.0,add,74.6680598032129,2280.0,270.0,74.65991813554574,0.0,4.0,7.0,6.0,11.0
2963.0,delete,74.67765272601945,2280.0,270.0,74.65991813554574,0.0,3.0,7.0,5.0,11.0
2964.0,swap,74.61920498281418,2280.0,270.0,74.65991813554574,0.0,4.0,6.0,6.0,11.0
2965.0,add,74.47914648117404,2281.0,1.0,74.54297011001634,8.0,0.0,1.0,0.0,0.0
2966.0,add,74.71482215044162,2282.0,60.0,74.55689685434217,2.0,3.0,4.0,4.0,15.0
2967.0,delete,74.36228276618426,2283.0,111.0,74.54354605285347,1.0,4.0,2.0,2.0,16.0
2968.0,delete,74.61842131587868,2284.0,154.0,74.56612122574822,1.0,5.0,3.0,0.0,15.0
2969.0,add,74.78884028580424,2285.0,189.0,74.60396521613114,1.0,2.0,2.0,4.0,16.0
2970.0,delete,74.42841235594467,2286.0,262.0,74.55221711472167,0.0,4.0,8.0,5.0,15.0
2971.0,delete,74.50370072929564,2287.0,267.0,74.70015245408865,0.0,2.0,6.0,6.0,13.0
2972.0,delete,74.38200468231521,2288.0,238.0,74.51674569754984,0.0,2.0,6.0,5.0,15.0
2973.0,add,74.81760443085733,2289.0,269.0,74.65612152482024,0.0,2.0,7.0,6.0,12.0
2974.0,add,74.83372366721754,2290.0,217.0,74.54781694753802,0.0,3.0,6.0,6.0,16.0
2975.0,add,74.57994882731532,2291.0,253.0,74.50538707664917,0.0,2.0,7.0,6.0,14.0
2976.0,delete,74.72209733082539,2292.0,268.0,74.70287806329321,0.0,2.0,7.0,6.0,11.0
2977.0,add,74.3816687689192,2293.0,112.0,74.54590576476161,1.0,4.0,2.0,2.0,17.0
2978.0,add,74.66805980321288,2294.0,271.0,74.6680598032129,0.0,4.0,7.0,6.0,11.0
2979.0,add,74.69584922003048,2294.0,271.0,74.6680598032129,0.0,4.0,8.0,6.0,11.0
2980.0,delete,74.6680598032129,2294.0,271.0,74.6680598032129,0.0,4.0,7.0,5.0,11.0
2981.0,swap,74.6774404190836,2294.0,271.0,74.6680598032129,0.0,4.0,6.0,6.0,12.0
2982.0,add,74.54609523151863,2295.0,2.0,74.54331536085225,8.0,1.0,0.0,0.0,1.0
2983.0,add,74.53925834427558,2296.0,61.0,74.55663910143875,2.0,2.0,4.0,4.0,17.0
2984.0,delete,74.39835668264166,2297.0,155.0,74.56807471817464,1.0,5.0,2.0,0.0,15.0
2985.0,delete,74.5685435220549,2298.0,190.0,74.60458361693173,1.0,2.0,2.0,4.0,15.0
2986.0,delete,74.59431961715194,2299.0,239.0,74.52318150883107,0.0,2.0,7.0,5.0,13.0
2987.0,delete,74.59497944092455,2300.0,263.0,74.58140697026482,0.0,4.0,8.0,6.0,13.0
2988.0,delete,74.6491661472987,2301.0,254.0,74.5085283806294,0.0,2.0,6.0,6.0,14.0
2989.0,add,74.8945908930639,2302.0,218.0,74.54250950808283,0.0,2.0,8.0,6.0,16.0
2990.0,add,74.60241537166165,2303.0,270.0,74.67549380975055,0.0,3.0,7.0,6.0,12.0
2991.0,add,74.56641467680666,2304.0,269.0,74.6736396974691,0.0,2.0,7.0,6.0,12.0
2992.0,add,74.36810543414248,2305.0,113.0,74.5483308675777,1.0,4.0,2.0,2.0,18.0
2993.0,delete,74.93032740547,2306.0,191.0,74.6031516351529,1.0,2.0,2.0,3.0,15.0
2994.0,add,74.51597498410092,2307.0,3.0,74.54342141536746,8.0,1.0,2.0,0.0,0.0
2995.0,add,74.62648305630027,2308.0,62.0,74.55725283276361,2.0,2.0,4.0,4.0,18.0
2996.0,add,74.49139599293584,2309.0,156.0,74.56988520191602,1.0,5.0,2.0,0.0,16.0
2997.0,add,74.69584922003048,2310.0,272.0,74.69584922003048,0.0,4.0,8.0,6.0,11.0
2998.0,add,74.64837816832785,2310.0,272.0,74.69584922003048,0.0,5.0,8.0,6.0,11.0
2999.0,delete,74.69584922003045,2310.0,272.0,74.69584922003048,0.0,4.0,8.0,5.0,11.0
3000.0,swap,74.63367414291376,2310.0,272.0,74.69584922003048,0.0,4.0,9.0,5.0,11.0
3001.0,delete,74.59645821768086,2311.0,240.0,74.52406816721084,0.0,2.0,7.0,5.0,12.0
3002.0,delete,74.89591861634348,2312.0,255.0,74.51354661250079,0.0,3.0,6.0,6.0,12.0
3003.0,delete,74.41459060647311,2313.0,219.0,74.54114724247356,0.0,2.0,7.0,5.0,17.0
3004.0,delete,74.4616206297939,2314.0,264.0,74.59927010958478,0.0,3.0,8.0,6.0,13.0
3005.0,add,74.59712514748368,2315.0,271.0,74.6739199942666,0.0,5.0,7.0,6.0,11.0
3006.0,delete,74.83153961707399,2316.0,192.0,74.60010266115283,1.0,2.0,2.0,4.0,13.0
3007.0,add,74.26125567953004,2317.0,114.0,74.55080418044396,1.0,4.0,2.0,2.0,19.0
3008.0,add,74.63012393005013,2318.0,270.0,74.65916002901824,0.0,4.0,7.0,6.0,11.0
3009.0,add,74.63041536454668,2319.0,4.0,74.54331472002563,8.0,1.0,1.0,0.0,2.0
3010.0,add,74.6978655937184,2320.0,63.0,74.557255133986,2.0,2.0,4.0,4.0,19.0
3011.0,add,74.59425119949084,2321.0,157.0,74.57136940694453,1.0,5.0,2.0,0.0,17.0
3012.0,delete,74.65126523895387,2322.0,265.0,74.62248652426975,0.0,3.0,8.0,6.0,12.0
3013.0,add,74.61838329424283,2323.0,273.0,74.64837816832785,0.0,5.0,8.0,6.0,11.0
3014.0,add,74.66359150696397,2323.0,273.0,74.64837816832785,0.0,5.0,8.0,6.0,12.0
3015.0,delete,74.64837816832788,2323.0,273.0,74.64837816832785,0.0,5.0,8.0,5.0,11.0
3016.0,swap,74.62260381292245,2323.0,273.0,74.64837816832785,0.0,5.0,7.0,7.0,11.0
3017.0,add,74.47189148461271,2324.0,241.0,74.52950526263338,0.0,2.0,6.0,6.0,13.0
3018.0,add,74.81725825858632,2325.0,220.0,74.54251272248877,0.0,2.0,7.0,6.0,17.0
3019.0,add,74.47936718358494,2326.0,256.0,74.5158556753077,0.0,2.0,7.0,6.0,13.0
3020.0,delete,74.83153961707397,2327.0,193.0,74.59854590902057,1.0,2.0,2.0,3.0,13.0
3021.0,delete,74.26758072702631,2328.0,115.0,74.55361429175987,1.0,4.0,2.0,2.0,18.0
3022.0,add,74.62186155677747,2329.0,272.0,74.64026699015699,0.0,4.0,8.0,6.0,12.0
3023.0,delete,74.493334239269,2330.0,158.0,74.57275006885052,1.0,5.0,2.0,0.0,16.0
3024.0,add,74.65628305520606,2331.0,5.0,74.54323954193917,8.0,1.0,2.0,0.0,2.0
3025.0,add,74.93863157585061,2332.0,64.0,74.55610017412886,2.0,2.0,6.0,4.0,18.0
3026.0,delete,74.38740001299891,2333.0,266.0,74.65089431301739,0.0,1.0,8.0,6.0,13.0
3027.0,add,74.70702622782919,2334.0,271.0,74.64923122345921,0.0,4.0,7.0,6.0,12.0
3028.0,add,74.66629735111361,2335.0,274.0,74.66359150696397,0.0,5.0,8.0,6.0,12.0
3029.0,add,74.71196234968228,2335.0,274.0,74.66359150696397,0.0,5.0,8.0,6.0,13.0
3030.0,delete,74.72091512441506,2335.0,274.0,74.66359150696397,0.0,5.0,7.0,6.0,12.0
3031.0,swap,74.68621102756897,2335.0,274.0,74.66359150696397,0.0,5.0,8.0,5.0,13.0
3032.0,delete,74.83229575508727,2336.0,221.0,74.54178926735875,0.0,2.0,7.0,5.0,17.0
3033.0,add,74.42755889215663,2337.0,242.0,74.53126323360792,0.0,3.0,6.0,5.0,14.0
3034.0,delete,74.84409841848225,2338.0,194.0,74.59782572410573,1.0,2.0,2.0,2.0,13.0
3035.0,delete,74.7874681283041,2339.0,116.0,74.5552134081236,1.0,4.0,2.0,2.0,17.0
3036.0,add,74.51143103554193,2340.0,257.0,74.52537472591429,0.0,3.0,7.0,6.0,13.0
3037.0,delete,74.24348621814572,2341.0,159.0,74.57512518733033,1.0,5.0,2.0,0.0,15.0
3038.0,delete,74.47738926345009,2342.0,267.0,74.67415401002329,0.0,2.0,6.0,6.0,13.0
3039.0,add,74.59767242858432,2343.0,6.0,74.54332983791187,8.0,1.0,1.0,1.0,3.0
3040.0,add,74.66124396652734,2344.0,65.0,74.55542508475088,2.0,2.0,6.0,4.0,19.0
3041.0,add,74.62359473422816,2345.0,273.0,74.68979547194877,0.0,5.0,9.0,6.0,11.0
3042.0,add,74.58845821795231,2346.0,272.0,74.65747064496095,0.0,4.0,9.0,6.0,11.0
3043.0,add,74.71196234968225,2347.0,275.0,74.71196234968228,0.0,5.0,8.0,6.0,13.0
3044.0,delete,74.69680025944517,2347.0,275.0,74.71196234968228,0.0,5.0,7.0,6.0,13.0
3045.0,swap,74.67003293773337,2347.0,275.0,74.71196234968228,0.0,5.0,9.0,6.0,12.0
3046.0,delete,74.92081441965226,2348.0,222.0,74.53674439777768,0.0,2.0,7.0,5.0,16.0
3047.0,delete,74.13816890186995,2349.0,243.0,74.53695762416572,0.0,3.0,6.0,5.0,13.0
3048.0,add,74.40519886520674,2350.0,258.0,74.5459910574095,0.0,2.0,9.0,6.0,13.0
3049.0,add,74.52352044774159,2351.0,195.0,74.59532327207434,1.0,3.0,2.0,3.0,12.0
3050.0,add,74.77478019579698,2352.0,117.0,74.55319079378212,1.0,4.0,2.0,2.0,18.0
3051.0,delete,74.80292844581977,2353.0,268.0,74.67156600176361,0.0,2.0,6.0,6.0,12.0
3052.0,add,74.54794665439685,2354.0,160.0,74.57739793382538,1.0,6.0,2.0,0.0,15.0
3053.0,delete,74.21146332294641,2355.0,66.0,74.55552419247924,1.0,3.0,6.0,4.0,18.0
3054.0,add,74.61100818499949,2356.0,7.0,74.54327437365085,8.0,2.0,1.0,2.0,2.0
3055.0,add,74.69050192160029,2357.0,274.0,74.69768947413577,0.0,5.0,8.0,6.0,13.0
3056.0,delete,74.6938794138186,2358.0,276.0,74.69680025944517,0.0,5.0,7.0,6.0,13.0
3057.0,add,74.67231912687596,2358.0,276.0,74.69680025944517,0.0,5.0,7.0,6.0,14.0
3058.0,delete,74.58682367890847,2358.0,276.0,74.69680025944517,0.0,5.0,7.0,6.0,12.0
3059.0,swap,74.69590381205693,2358.0,276.0,74.69680025944517,0.0,6.0,7.0,5.0,13.0
3060.0,add,74.37708096441062,2359.0,244.0,74.55229640586494,0.0,4.0,6.0,5.0,13.0
3061.0,add,74.66750441530718,2360.0,223.0,74.53616114232645,0.0,2.0,8.0,6.0,15.0
3062.0,add,74.62627992474302,2361.0,273.0,74.67791397100665,0.0,5.0,9.0,6.0,11.0
3063.0,delete,74.8385077500937,2362.0,196.0,74.59311281495012,1.0,2.0,2.0,3.0,12.0
3064.0,add,74.50291150259153,2363.0,259.0,74.56635288738799,0.0,3.0,8.0,6.0,14.0
3065.0,add,74.59499634002998,2364.0,118.0,74.55208792447489,1.0,4.0,2.0,3.0,18.0
3066.0,add,74.73096379873562,2365.0,269.0,74.66157020447928,0.0,2.0,8.0,6.0,11.0
3067.0,add,74.44083349912015,2366.0,161.0,74.57889484452262,1.0,5.0,2.0,1.0,16.0
3068.0,add,74.74828640204905,2367.0,67.0,74.55566301700523,2.0,2.0,6.0,4.0,19.0
3069.0,add,74.66195588939041,2368.0,8.0,74.54349012860459,8.0,2.0,1.0,1.0,4.0
3070.0,delete,74.57317774975493,2369.0,275.0,74.66914525822104,0.0,5.0,8.0,6.0,12.0
3071.0,add,74.67276212617755,2370.0,277.0,74.67231912687596,0.0,5.0,7.0,6.0,14.0
3072.0,delete,74.68645341102689,2370.0,277.0,74.67231912687596,0.0,5.0,7.0,6.0,13.0
3073.0,swap,74.71867796317319,2370.0,277.0,74.67231912687596,0.0,5.0,7.0,6.0,14.0
3074.0,add,74.6533117893594,2371.0,245.0,74.56120808044086,0.0,3.0,6.0,5.0,15.0
3075.0,add,74.71583724277528,2372.0,274.0,74.67548131537968,0.0,5.0,8.0,6.0,13.0
3076.0,add,74.51404240784267,2373.0,224.0,74.53974557997873,0.0,2.0,7.0,6.0,17.0
3077.0,add,74.63428141420438,2374.0,276.0,74.6875531568134,0.0,5.0,7.0,6.0,14.0
3078.0,add,74.84246194226336,2375.0,197.0,74.59183562484733,1.0,1.0,2.0,3.0,14.0
3079.0,delete,74.68862952750449,2376.0,119.0,74.55173782886858,1.0,4.0,3.0,3.0,16.0
3080.0,add,74.36625501582444,2377.0,260.0,74.5893281354323,0.0,3.0,8.0,7.0,14.0
3081.0,add,74.66669686700456,2378.0,270.0,74.66168874239105,0.0,3.0,8.0,6.0,11.0
3082.0,add,74.47088746599687,2379.0,162.0,74.58024217857401,1.0,5.0,3.0,1.0,16.0
3083.0,add,74.68858736917153,2380.0,68.0,74.55626247522844,2.0,2.0,7.0,4.0,19.0
3084.0,add,74.60890053987272,2381.0,9.0,74.54370544188596,8.0,2.0,1.0,3.0,3.0
3085.0,delete,74.6864534110269,2382.0,278.0,74.68645341102689,0.0,5.0,7.0,6.0,13.0
3086.0,delete,74.57812799978375,2382.0,278.0,74.68645341102689,0.0,5.0,7.0,6.0,12.0
3087.0,swap,74.55719328731836,2382.0,278.0,74.68645341102689,0.0,5.0,7.0,7.0,12.0
3088.0,delete,74.71196234968227,2383.0,275.0,74.65021951181315,0.0,5.0,8.0,5.0,13.0
3089.0,add,74.50500362831615,2384.0,246.0,74.56591927204549,0.0,4.0,6.0,5.0,15.0
3090.0,delete,74.57508125597693,2385.0,277.0,74.62705702728897,0.0,4.0,7.0,6.0,14.0
3091.0,add,74.6170599131419,2386.0,225.0,74.53696638353898,0.0,2.0,7.0,6.0,18.0
3092.0,delete,74.57812799978373,2387.0,279.0,74.57812799978375,0.0,5.0,7.0,6.0,12.0
3093.0,add,74.55334538765074,2387.0,279.0,74.57812799978375,0.0,5.0,7.0,7.0,12.0
3094.0,delete,74.57812799978375,2387.0,279.0,74.57812799978375,0.0,5.0,7.0,5.0,12.0
3095.0,swap,74.59353126006519,2387.0,279.0,74.57812799978375,0.0,5.0,7.0,6.0,12.0
3096.0,delete,74.81121066439746,2388.0,120.0,74.55059496992344,1.0,4.0,3.0,3.0,15.0
3097.0,delete,74.29008135061335,2389.0,69.0,74.55748412361328,2.0,3.0,7.0,4.0,17.0
3098.0,add,74.60085847311402,2390.0,163.0,74.58029480360736,1.0,5.0,3.0,1.0,17.0
3099.0,add,74.66537959703479,2391.0,10.0,74.54356277954881,8.0,2.0,1.0,2.0,5.0
3100.0,add,74.84998140512016,2392.0,198.0,74.58928816443897,1.0,1.0,3.0,3.0,14.0
3101.0,add,74.5316215238869,2393.0,261.0,74.60381370604387,0.0,3.0,8.0,6.0,16.0
3102.0,add,74.6707235648633,2394.0,271.0,74.65008697080687,0.0,4.0,7.0,7.0,11.0
3103.0,add,74.6936903803934,2395.0,276.0,74.62188328021902,0.0,5.0,8.0,6.0,13.0
3104.0,add,74.45222618520079,2396.0,247.0,74.57114886968587,0.0,3.0,6.0,7.0,15.0
3105.0,delete,74.78369128192593,2397.0,278.0,74.57625212941343,0.0,4.0,7.0,6.0,13.0
3106.0,add,74.60361384582251,2398.0,226.0,74.53588902108861,0.0,2.0,7.0,7.0,18.0
3107.0,delete,74.81273215825138,2399.0,262.0,74.60829213748872,0.0,4.0,7.0,6.0,15.0
3108.0,add,74.64677021795774,2400.0,121.0,74.54988707442968,1.0,4.0,3.0,3.0,16.0
3109.0,add,74.21330119091797,2401.0,199.0,74.58926609267141,1.0,1.0,2.0,4.0,15.0
3110.0,add,74.56106015142431,2402.0,280.0,74.55334538765074,0.0,5.0,7.0,7.0,12.0
3111.0,add,74.55627107444887,2402.0,280.0,74.55334538765074,0.0,5.0,7.0,8.0,12.0
3112.0,delete,74.53904474005988,2402.0,280.0,74.55334538765074,0.0,5.0,7.0,6.0,12.0
3113.0,swap,74.53644114707748,2402.0,280.0,74.55334538765074,0.0,5.0,7.0,7.0,12.0
3114.0,add,74.43883758954306,2403.0,11.0,74.5436028777539,8.0,3.0,1.0,2.0,5.0
3115.0,delete,73.90477373443865,2404.0,70.0,74.55967160182388,2.0,3.0,7.0,4.0,16.0
3116.0,delete,74.46058818866692,2405.0,164.0,74.58078721222111,1.0,5.0,2.0,1.0,17.0
3117.0,add,74.69663592964477,2406.0,272.0,74.64163043740238,0.0,4.0,8.0,7.0,11.0
3118.0,delete,74.6736520330455,2407.0,277.0,74.59735360052521,0.0,5.0,7.0,6.0,13.0
3119.0,add,74.35048977677995,2408.0,248.0,74.57649735042116,0.0,3.0,7.0,7.0,15.0
3120.0,delete,74.62398612660773,2409.0,227.0,74.53550081161502,0.0,3.0,7.0,5.0,18.0
3121.0,delete,74.56066507664931,2410.0,263.0,74.61498918935098,0.0,4.0,8.0,6.0,13.0
3122.0,add,74.5897460290314,2411.0,279.0,74.54923250013226,0.0,5.0,7.0,6.0,13.0
3123.0,add,74.68922289075554,2412.0,122.0,74.548337933211,1.0,4.0,3.0,4.0,16.0
3124.0,add,73.97371076283196,2413.0,200.0,74.59384340667728,1.0,1.0,2.0,3.0,17.0
3125.0,delete,74.17576650926225,2414.0,71.0,74.56162511578358,2.0,3.0,7.0,4.0,15.0
3126.0,delete,74.5801395281822,2415.0,165.0,74.58070784469918,1.0,4.0,2.0,1.0,17.0
3127.0,delete,74.65560486748903,2416.0,278.0,74.58613773373045,0.0,5.0,7.0,5.0,13.0
3128.0,add,74.66135696994108,2417.0,273.0,74.64408764312603,0.0,5.0,8.0,7.0,11.0
3129.0,add,74.46651386538647,2418.0,12.0,74.54365915439567,8.0,3.0,1.0,2.0,6.0
3130.0,add,74.56130668972972,2419.0,281.0,74.55627107444887,0.0,5.0,7.0,8.0,12.0
3131.0,delete,74.45869070821549,2419.0,281.0,74.55627107444887,0.0,5.0,6.0,8.0,12.0
3132.0,swap,74.60817645216375,2419.0,281.0,74.55627107444887,0.0,5.0,8.0,8.0,11.0
3133.0,delete,74.74918161643697,2420.0,249.0,74.57820188988889,0.0,3.0,6.0,7.0,15.0
3134.0,delete,74.77837932101778,2421.0,264.0,74.61919487854291,0.0,4.0,8.0,6.0,12.0
3135.0,add,74.76384728682973,2422.0,228.0,74.53621935171765,0.0,3.0,7.0,6.0,18.0
3136.0,add,74.53536962846117,2423.0,280.0,74.54611123113946,0.0,5.0,7.0,8.0,12.0
3137.0,delete,74.2336358067859,2424.0,201.0,74.59822725308277,0.0,1.0,2.0,3.0,17.0
3138.0,add,74.5641158118444,2425.0,123.0,74.54727616894394,1.0,4.0,5.0,4.0,15.0
3139.0,delete,74.54678819678057,2426.0,166.0,74.58135552450825,1.0,4.0,2.0,1.0,16.0
3140.0,add,74.01354741286029,2427.0,72.0,74.56423376177132,2.0,4.0,7.0,4.0,15.0
3141.0,delete,74.45868919113202,2428.0,282.0,74.45869070821549,0.0,5.0,6.0,8.0,12.0
3142.0,add,74.4513891280118,2428.0,282.0,74.45869070821549,0.0,5.0,7.0,8.0,12.0
3143.0,delete,74.5198895837628,2428.0,282.0,74.45869070821549,0.0,5.0,6.0,8.0,11.0
3144.0,swap,74.52489807628093,2428.0,282.0,74.45869070821549,0.0,5.0,6.0,9.0,11.0
3145.0,add,74.43883758954304,2429.0,13.0,74.54394090145863,8.0,4.0,1.0,2.0,6.0
3146.0,add,74.6710779762697,2430.0,274.0,74.61587653343024,0.0,5.0,8.0,7.0,12.0
3147.0,delete,74.68048191347089,2431.0,250.0,74.57396973807069,0.0,3.0,6.0,6.0,15.0
3148.0,delete,74.32988144687322,2432.0,265.0,74.62488187580323,0.0,3.0,8.0,6.0,12.0
3149.0,add,74.43046646254916,2433.0,279.0,74.53245128481788,0.0,5.0,7.0,6.0,13.0
3150.0,add,74.54639004693325,2434.0,229.0,74.5336948837316,0.0,4.0,7.0,6.0,18.0
3151.0,delete,74.55627107444884,2435.0,281.0,74.4827113374806,0.0,5.0,7.0,7.0,12.0
3152.0,add,74.84680909752834,2436.0,202.0,74.59810370641884,1.0,1.0,2.0,3.0,17.0
3153.0,add,74.68873456332956,2437.0,124.0,74.54646489242998,1.0,4.0,5.0,4.0,16.0
3154.0,add,74.5383527349155,2438.0,167.0,74.58114243582781,1.0,4.0,3.0,1.0,16.0
3155.0,add,73.98549411255092,2439.0,73.0,74.56710865748418,2.0,3.0,8.0,4.0,16.0
3156.0,add,74.4418587052384,2440.0,283.0,74.4513891280118,0.0,5.0,7.0,8.0,12.0
3157.0,add,74.4582865230339,2440.0,283.0,74.4513891280118,0.0,6.0,7.0,8.0,12.0
3158.0,delete,74.53749572802607,2440.0,283.0,74.4513891280118,0.0,5.0,6.0,8.0,12.0
3159.0,swap,74.5057483963394,2440.0,283.0,74.4513891280118,0.0,5.0,8.0,8.0,11.0
3160.0,add,74.49799777152559,2441.0,14.0,74.54418259261028,8.0,5.0,1.0,2.0,6.0
3161.0,delete,74.68277418475645,2442.0,251.0,74.56643634297586,0.0,2.0,5.0,6.0,16.0
3162.0,delete,74.45788517946328,2443.0,266.0,74.62695978827975,0.0,2.0,8.0,6.0,12.0
3163.0,delete,74.7482805209299,2444.0,275.0,74.58763733235244,0.0,5.0,7.0,6.0,13.0
3164.0,delete,74.0270054819531,2445.0,230.0,74.53794826097528,0.0,3.0,8.0,6.0,17.0
3165.0,add,74.55996379691142,2446.0,280.0,74.5124529256638,0.0,5.0,7.0,8.0,12.0
3166.0,add,74.48099232719223,2447.0,282.0,74.47895569612993,0.0,5.0,6.0,8.0,13.0
3167.0,delete,74.36655463134707,2448.0,125.0,74.54581720141728,1.0,4.0,5.0,3.0,16.0
3168.0,add,73.34261221792526,2449.0,203.0,74.60580588828003,1.0,1.0,2.0,4.0,17.0
3169.0,delete,74.59261810656136,2450.0,74.0,74.5681936504424,2.0,2.0,8.0,4.0,16.0
3170.0,add,74.54207232857814,2451.0,168.0,74.57947730359619,1.0,5.0,3.0,2.0,15.0
3171.0,delete,74.60974098290728,2452.0,281.0,74.49038267651653,0.0,5.0,6.0,8.0,12.0
3172.0,add,74.71917845353319,2453.0,276.0,74.57366455902941,0.0,5.0,7.0,6.0,14.0
3173.0,add,74.47485853418236,2454.0,284.0,74.4582865230339,0.0,6.0,7.0,8.0,12.0
3174.0,add,74.5028105473508,2454.0,284.0,74.4582865230339,0.0,6.0,8.0,8.0,12.0
3175.0,delete,74.64206975446913,2454.0,284.0,74.4582865230339,0.0,6.0,6.0,8.0,12.0
3176.0,swap,74.72703845415141,2454.0,284.0,74.4582865230339,0.0,6.0,7.0,8.0,12.0
3177.0,add,74.5186130482825,2455.0,15.0,74.54387332648545,8.0,4.0,1.0,2.0,8.0
3178.0,delete,74.62895992215353,2456.0,231.0,74.54543737408672,0.0,3.0,8.0,6.0,16.0
3179.0,delete,74.6692475646983,2457.0,252.0,74.56187139761612,0.0,2.0,6.0,5.0,15.0
3180.0,delete,74.79650737316933,2458.0,267.0,74.63278236062652,0.0,2.0,7.0,6.0,12.0
3181.0,delete,74.34293082096676,2459.0,126.0,74.54679546434278,1.0,4.0,5.0,4.0,14.0
3182.0,delete,74.21437015785604,2460.0,204.0,74.60954084771161,1.0,1.0,2.0,3.0,17.0
3183.0,delete,74.47109262423334,2461.0,75.0,74.56896022182549,1.0,3.0,7.0,4.0,16.0
3184.0,add,74.46101542947214,2462.0,283.0,74.56101276263753,0.0,5.0,7.0,8.0,13.0
3185.0,add,74.52529102973418,2463.0,169.0,74.58007207080901,1.0,4.0,3.0,2.0,17.0
3186.0,delete,74.69562300119811,2464.0,277.0,74.55869178233203,0.0,5.0,7.0,6.0,13.0
3187.0,add,74.37040502988472,2465.0,282.0,74.51668759340615,0.0,5.0,6.0,8.0,13.0
3188.0,delete,74.78260181886246,2466.0,268.0,74.62843158080118,0.0,2.0,7.0,5.0,12.0
3189.0,add,74.5186130482825,2467.0,16.0,74.54398457191463,8.0,5.0,1.0,2.0,8.0
3190.0,add,74.68080161331939,2468.0,253.0,74.56042509365277,0.0,2.0,6.0,6.0,15.0
3191.0,add,74.50090356378506,2469.0,285.0,74.5028105473508,0.0,6.0,8.0,8.0,12.0
3192.0,add,74.50273427651848,2469.0,285.0,74.5028105473508,0.0,6.0,8.0,9.0,12.0
3193.0,delete,74.56054985649169,2469.0,285.0,74.5028105473508,0.0,6.0,8.0,7.0,12.0
3194.0,swap,74.47565156642804,2469.0,285.0,74.5028105473508,0.0,6.0,8.0,9.0,11.0
3195.0,delete,74.15090693568561,2470.0,127.0,74.5481552968123,1.0,4.0,4.0,3.0,15.0
3196.0,delete,74.66424470299417,2471.0,205.0,74.61301977512628,0.0,0.0,2.0,4.0,17.0
3197.0,delete,74.68440890685312,2472.0,232.0,74.55292923418132,0.0,3.0,8.0,5.0,16.0
3198.0,add,74.55874990198112,2473.0,76.0,74.56922016553365,1.0,3.0,9.0,4.0,15.0
3199.0,delete,74.56634969634872,2474.0,170.0,74.58055327604028,1.0,4.0,3.0,1.0,17.0
3200.0,delete,74.5220279512227,2475.0,278.0,74.53898436937597,0.0,5.0,6.0,6.0,13.0
3201.0,add,74.31173135977441,2476.0,284.0,74.5085299621148,0.0,6.0,7.0,8.0,13.0
3202.0,add,74.45878851929767,2477.0,283.0,74.51069544233249,0.0,5.0,7.0,8.0,13.0
3203.0,delete,74.50461031374194,2478.0,254.0,74.55596885652612,0.0,3.0,6.0,5.0,14.0
3204.0,add,74.3769621542913,2479.0,17.0,74.54396328320897,8.0,4.0,2.0,3.0,8.0
3205.0,add,74.80715231918374,2480.0,269.0,74.61052878350321,0.0,2.0,7.0,7.0,11.0
3206.0,delete,74.68130801681859,2481.0,233.0,74.55159444435328,0.0,3.0,8.0,5.0,15.0
3207.0,add,74.43062939327363,2482.0,286.0,74.50273427651848,0.0,6.0,8.0,9.0,12.0
3208.0,delete,74.48968662776214,2482.0,286.0,74.50273427651848,0.0,5.0,8.0,9.0,12.0
3209.0,swap,74.49485019558841,2482.0,286.0,74.50273427651848,0.0,6.0,8.0,10.0,11.0
3210.0,delete,74.24324192521732,2483.0,128.0,74.5492383461431,1.0,4.0,4.0,2.0,15.0
3211.0,delete,74.58940837482012,2484.0,206.0,74.61067309210684,0.0,1.0,2.0,4.0,15.0
3212.0,delete,74.52469636855065,2485.0,171.0,74.5798840187194,1.0,4.0,3.0,1.0,16.0
3213.0,add,74.64350895865398,2486.0,77.0,74.5689279626263,1.0,4.0,8.0,4.0,16.0
3214.0,add,74.51848073727358,2487.0,285.0,74.47947512328567,0.0,7.0,8.0,8.0,12.0
3215.0,add,74.60351698447002,2488.0,279.0,74.51172681614874,0.0,5.0,7.0,6.0,13.0
3216.0,delete,74.48967927016699,2489.0,287.0,74.48968662776214,0.0,5.0,8.0,9.0,12.0
3217.0,delete,74.48968662776211,2489.0,287.0,74.48968662776214,0.0,5.0,8.0,8.0,12.0
3218.0,swap,74.38534094252054,2489.0,287.0,74.48968662776214,0.0,6.0,8.0,9.0,11.0
3219.0,add,74.37569275173487,2490.0,18.0,74.54473693723183,8.0,4.0,2.0,2.0,10.0
3220.0,delete,74.53360821891141,2491.0,234.0,74.55077761586212,0.0,2.0,7.0,6.0,15.0
3221.0,delete,74.56446746907895,2492.0,255.0,74.55419662545559,0.0,3.0,6.0,6.0,12.0
3222.0,add,74.56233284254253,2493.0,270.0,74.59658520358111,0.0,3.0,7.0,6.0,12.0
3223.0,add,74.31417644025966,2494.0,284.0,74.4732873049766,0.0,6.0,7.0,8.0,13.0
3224.0,add,74.30013729823982,2495.0,129.0,74.55005035241513,1.0,4.0,6.0,1.0,15.0
3225.0,add,75.01237214414505,2496.0,207.0,74.60621413549678,0.0,1.0,2.0,4.0,16.0
3226.0,delete,74.42255713377904,2497.0,172.0,74.58026296488728,1.0,4.0,3.0,1.0,15.0
3227.0,delete,74.46563213228114,2498.0,286.0,74.46359836705295,0.0,5.0,8.0,9.0,12.0
3228.0,add,74.51100662854282,2499.0,78.0,74.56835887984647,1.0,4.0,8.0,4.0,17.0
3229.0,delete,74.50133753418972,2500.0,288.0,74.48968662776211,0.0,5.0,8.0,8.0,12.0
3230.0,delete,74.83016247990079,2500.0,288.0,74.48968662776211,0.0,5.0,7.0,8.0,12.0
3231.0,swap,74.53514190489204,2500.0,288.0,74.48968662776211,0.0,5.0,9.0,7.0,12.0
3232.0,add,74.43910322918802,2501.0,256.0,74.55083001948132,0.0,2.0,7.0,6.0,13.0
3233.0,add,74.57175661232156,2502.0,280.0,74.5063024205849,0.0,5.0,8.0,7.0,12.0
3234.0,add,74.69161484945828,2503.0,19.0,74.54544747343446,8.0,4.0,3.0,2.0,10.0
3235.0,add,74.73802395850878,2504.0,235.0,74.54678308817434,0.0,2.0,8.0,6.0,15.0
3236.0,add,74.63683776095019,2505.0,271.0,74.58907477524765,0.0,4.0,7.0,6.0,12.0
3237.0,add,74.46480279145095,2506.0,285.0,74.51111351017747,0.0,7.0,8.0,8.0,12.0
3238.0,delete,74.53387721701286,2507.0,130.0,74.55140403182028,1.0,5.0,5.0,1.0,14.0
3239.0,delete,74.48968662776214,2508.0,287.0,74.58908213668616,0.0,5.0,8.0,8.0,12.0
3240.0,delete,74.31937476147594,2509.0,173.0,74.58196526783799,1.0,4.0,2.0,1.0,15.0
3241.0,add,74.77199936796613,2510.0,208.0,74.60180512856175,0.0,1.0,3.0,4.0,16.0
3242.0,delete,74.57452273190084,2511.0,79.0,74.5681923136038,1.0,4.0,7.0,4.0,17.0
3243.0,delete,74.82981220629671,2512.0,289.0,74.83016247990079,0.0,5.0,7.0,8.0,12.0
3244.0,add,74.81602537417497,2512.0,289.0,74.83016247990079,0.0,5.0,7.0,9.0,12.0
3245.0,delete,74.68614883478264,2512.0,289.0,74.83016247990079,0.0,5.0,7.0,8.0,11.0
3246.0,swap,74.897970737142,2512.0,289.0,74.83016247990079,0.0,6.0,6.0,8.0,12.0
3247.0,add,74.28815414782949,2513.0,257.0,74.5573368527682,0.0,2.0,7.0,6.0,14.0
3248.0,delete,74.60483270993488,2514.0,236.0,74.54689239829334,0.0,2.0,7.0,6.0,15.0
3249.0,add,74.70245121968316,2515.0,20.0,74.54638077820466,8.0,4.0,3.0,2.0,11.0
3250.0,delete,74.43428051619249,2516.0,281.0,74.5267085279494,0.0,4.0,7.0,8.0,12.0
3251.0,add,74.69698871176647,2517.0,272.0,74.58831624921451,0.0,4.0,8.0,7.0,11.0
3252.0,delete,74.41281854025031,2518.0,131.0,74.55258787507998,1.0,4.0,5.0,0.0,15.0
3253.0,delete,74.75004889969756,2519.0,286.0,74.60817779227953,0.0,5.0,8.0,9.0,12.0
3254.0,delete,74.73424902244847,2520.0,288.0,74.81202392645943,0.0,4.0,8.0,8.0,12.0
3255.0,add,74.35624723981252,2521.0,174.0,74.58438887242696,1.0,4.0,2.0,1.0,16.0
3256.0,delete,74.75270554973251,2522.0,80.0,74.56824352365024,1.0,4.0,7.0,4.0,16.0
3257.0,add,74.89238441673696,2523.0,209.0,74.60042924993786,0.0,2.0,3.0,4.0,16.0
3258.0,add,74.81312263458472,2524.0,290.0,74.81602537417497,0.0,5.0,7.0,9.0,12.0
3259.0,add,74.8181764434303,2524.0,290.0,74.81602537417497,0.0,5.0,8.0,9.0,12.0
3260.0,delete,74.7500375234546,2524.0,290.0,74.81602537417497,0.0,5.0,7.0,9.0,11.0
3261.0,swap,74.6406782492433,2524.0,290.0,74.81602537417497,0.0,5.0,7.0,9.0,12.0
3262.0,delete,74.4715307764927,2525.0,237.0,74.55077009565507,0.0,2.0,7.0,4.0,16.0
3263.0,add,74.34877325954422,2526.0,258.0,74.57105369524194,0.0,2.0,8.0,7.0,13.0
3264.0,add,74.29800809489582,2527.0,21.0,74.54739386937639,8.0,4.0,3.0,2.0,12.0
3265.0,add,74.4921391674264,2528.0,282.0,74.55952122214254,0.0,6.0,6.0,8.0,12.0
3266.0,delete,74.43649890834175,2529.0,132.0,74.55334656123838,0.0,5.0,5.0,0.0,14.0
3267.0,add,74.5561659896632,2530.0,273.0,74.59374519815655,0.0,5.0,8.0,6.0,12.0
3268.0,delete,74.5008577684065,2531.0,287.0,74.7023025857189,0.0,5.0,8.0,9.0,11.0
3269.0,add,74.83633155756978,2532.0,289.0,74.76760804497758,0.0,5.0,7.0,8.0,13.0
3270.0,delete,74.75992577443449,2533.0,81.0,74.56800801082558,1.0,4.0,6.0,4.0,16.0
3271.0,add,74.34305097687326,2534.0,175.0,74.58799115757257,1.0,4.0,3.0,1.0,16.0
3272.0,add,75.02712673252377,2535.0,210.0,74.59524936211741,0.0,3.0,3.0,4.0,16.0
3273.0,delete,74.5063965807603,2536.0,288.0,74.7866104602753,0.0,4.0,8.0,8.0,12.0
3274.0,add,74.47374311516752,2537.0,283.0,74.5783484082572,0.0,5.0,7.0,8.0,13.0
3275.0,add,74.81805790450218,2538.0,291.0,74.8181764434303,0.0,5.0,8.0,9.0,12.0
3276.0,add,74.71850742967547,2538.0,291.0,74.8181764434303,0.0,6.0,8.0,9.0,12.0
3277.0,delete,74.78433091059652,2538.0,291.0,74.8181764434303,0.0,5.0,7.0,9.0,12.0
3278.0,swap,74.80080272504469,2538.0,291.0,74.8181764434303,0.0,5.0,8.0,10.0,11.0
3279.0,add,74.29463931146402,2539.0,22.0,74.54902707650974,8.0,4.0,3.0,3.0,12.0
3280.0,delete,74.50877161301487,2540.0,238.0,74.55330033081324,0.0,2.0,7.0,5.0,14.0
3281.0,add,74.4475431887343,2541.0,133.0,74.5544547146168,1.0,5.0,4.0,0.0,15.0
3282.0,add,74.34811129468603,2542.0,259.0,74.58146247870079,0.0,3.0,8.0,7.0,13.0
3283.0,add,74.63987391880656,2543.0,274.0,74.59565817053124,0.0,5.0,8.0,6.0,13.0
3284.0,delete,74.75284708448785,2544.0,82.0,74.56716029186528,1.0,4.0,6.0,3.0,16.0
3285.0,add,74.81680553121664,2545.0,290.0,74.78797508264984,0.0,5.0,7.0,9.0,13.0
3286.0,add,74.35889216299395,2546.0,176.0,74.59153243571663,1.0,5.0,2.0,2.0,16.0
3287.0,add,75.03538732873243,2547.0,211.0,74.59034921884711,0.0,2.0,4.0,4.0,17.0
3288.0,add,74.78101421393782,2548.0,289.0,74.78298875304485,0.0,5.0,8.0,8.0,12.0
3289.0,add,74.4566434700074,2549.0,284.0,74.61674485698455,0.0,7.0,7.0,8.0,12.0
3290.0,delete,74.47927655378945,2550.0,239.0,74.55551037793393,0.0,2.0,7.0,5.0,13.0
3291.0,add,74.74963803260424,2551.0,292.0,74.71850742967547,0.0,6.0,8.0,9.0,12.0
3292.0,add,74.7162589967422,2551.0,292.0,74.71850742967547,0.0,6.0,8.0,10.0,12.0
3293.0,delete,74.74096993286905,2551.0,292.0,74.71850742967547,0.0,6.0,8.0,8.0,12.0
3294.0,swap,74.48855460251283,2551.0,292.0,74.71850742967547,0.0,6.0,8.0,9.0,12.0
3295.0,add,74.29077358109386,2552.0,23.0,74.55015051915518,8.0,4.0,3.0,4.0,12.0
3296.0,add,74.28374255284419,2553.0,134.0,74.55599234690419,1.0,5.0,4.0,0.0,16.0
3297.0,add,74.36442220632661,2554.0,260.0,74.59302807495436,0.0,3.0,8.0,6.0,15.0
3298.0,delete,74.73206210543495,2555.0,275.0,74.59549328429677,0.0,5.0,7.0,6.0,13.0
3299.0,add,74.93576975778386,2556.0,83.0,74.56627944635682,1.0,4.0,6.0,4.0,16.0
3300.0,add,74.6952040390252,2557.0,291.0,74.68278579888076,0.0,5.0,9.0,9.0,12.0
3301.0,add,74.42766233804954,2558.0,177.0,74.59439924248494,1.0,4.0,3.0,2.0,17.0
3302.0,add,74.55620700070263,2559.0,212.0,74.58622079863133,0.0,2.0,5.0,4.0,17.0
3303.0,add,74.8332410207711,2560.0,290.0,74.7406642316563,0.0,5.0,7.0,10.0,12.0
3304.0,delete,74.61487507071237,2561.0,240.0,74.55640889699656,0.0,2.0,7.0,4.0,13.0
3305.0,add,74.53812808907814,2562.0,285.0,74.65669468494444,0.0,6.0,9.0,8.0,12.0
3306.0,add,74.68849994479412,2563.0,293.0,74.7162589967422,0.0,6.0,8.0,10.0,12.0
3307.0,add,74.72498506982812,2563.0,293.0,74.7162589967422,0.0,6.0,8.0,10.0,13.0
3308.0,delete,74.48999635501214,2563.0,293.0,74.7162589967422,0.0,6.0,7.0,10.0,12.0
3309.0,swap,74.73493746655639,2563.0,293.0,74.7162589967422,0.0,6.0,8.0,11.0,11.0
3310.0,delete,74.40415691934537,2564.0,24.0,74.55130161535466,8.0,4.0,3.0,2.0,13.0
3311.0,add,74.46590494955787,2565.0,135.0,74.55753199232396,1.0,5.0,4.0,0.0,17.0
3312.0,add,74.49603344310442,2566.0,261.0,74.60358881836692,0.0,4.0,8.0,6.0,15.0
3313.0,add,74.80228072196365,2567.0,276.0,74.5954756323782,0.0,6.0,7.0,6.0,13.0
3314.0,add,74.64171550240727,2568.0,84.0,74.56514773287046,1.0,4.0,7.0,4.0,16.0
3315.0,delete,74.89853123366933,2569.0,213.0,74.58452467439896,0.0,1.0,5.0,4.0,17.0
3316.0,add,74.39932458906291,2570.0,178.0,74.59740196324103,1.0,4.0,4.0,3.0,16.0
3317.0,add,74.7486090991385,2571.0,292.0,74.67093556658659,0.0,7.0,8.0,9.0,12.0
3318.0,delete,74.4582905523955,2572.0,286.0,74.68170828856556,0.0,6.0,8.0,9.0,11.0
3319.0,add,74.35888692617203,2573.0,241.0,74.55894012589629,0.0,3.0,6.0,5.0,13.0
3320.0,add,74.8346546471118,2574.0,291.0,74.68146917897803,0.0,5.0,8.0,9.0,13.0
3321.0,add,74.72495463205644,2575.0,294.0,74.72498506982812,0.0,6.0,8.0,10.0,13.0
3322.0,delete,74.72359147981145,2575.0,294.0,74.72498506982812,0.0,6.0,8.0,9.0,13.0
3323.0,swap,74.69390132396961,2575.0,294.0,74.72498506982812,0.0,6.0,8.0,9.0,14.0
3324.0,delete,74.22042967084171,2576.0,25.0,74.55257129743381,7.0,4.0,3.0,3.0,12.0
3325.0,delete,74.42857548979711,2577.0,262.0,74.60799583037904,0.0,4.0,8.0,5.0,15.0
3326.0,add,74.46753311874768,2578.0,136.0,74.55878523960618,1.0,6.0,4.0,0.0,17.0
3327.0,delete,74.66557307607434,2579.0,277.0,74.59617844266789,0.0,5.0,6.0,6.0,14.0
3328.0,delete,74.81471144006959,2580.0,85.0,74.56382006595776,1.0,4.0,6.0,4.0,16.0
3329.0,add,74.83063197697614,2581.0,293.0,74.7168581264164,0.0,6.0,8.0,10.0,13.0
3330.0,delete,74.41086812670777,2582.0,179.0,74.5995087674998,1.0,5.0,2.0,3.0,16.0
3331.0,add,74.8382582168539,2583.0,214.0,74.58117346910377,0.0,2.0,5.0,4.0,17.0
3332.0,delete,74.44491183731455,2584.0,287.0,74.7131787036296,0.0,5.0,8.0,9.0,11.0
3333.0,delete,74.73166963198989,2585.0,295.0,74.72359147981145,0.0,6.0,8.0,9.0,13.0
3334.0,delete,74.73384420329691,2585.0,295.0,74.72359147981145,0.0,6.0,7.0,9.0,13.0
3335.0,swap,74.80129799619078,2585.0,295.0,74.72359147981145,0.0,6.0,8.0,9.0,13.0
3336.0,delete,74.22042967084172,2586.0,26.0,74.55398627390132,7.0,3.0,3.0,3.0,12.0
3337.0,add,74.45212953428972,2587.0,242.0,74.56254143084493,0.0,3.0,6.0,5.0,14.0
3338.0,delete,74.51483516352509,2588.0,263.0,74.61321995413822,0.0,4.0,7.0,6.0,14.0
3339.0,delete,74.71585962089875,2589.0,278.0,74.59874230372462,0.0,5.0,7.0,6.0,12.0
3340.0,delete,74.43456345790061,2590.0,137.0,74.56002324364667,1.0,5.0,4.0,0.0,17.0
3341.0,add,74.6277675629095,2591.0,292.0,74.71870601356638,0.0,6.0,9.0,9.0,12.0
3342.0,delete,74.92233133729648,2592.0,86.0,74.56233991432134,1.0,4.0,7.0,4.0,14.0
3343.0,delete,74.76159769004857,2593.0,294.0,74.74760082782225,0.0,6.0,8.0,10.0,12.0
3344.0,delete,74.31035999775212,2594.0,180.0,74.60111107544145,1.0,5.0,3.0,2.0,15.0
3345.0,delete,74.41172438767353,2595.0,288.0,74.74239579648659,0.0,5.0,8.0,8.0,11.0
3346.0,add,74.42988270062936,2596.0,215.0,74.5786980235624,0.0,2.0,7.0,4.0,16.0
3347.0,delete,74.72974271179517,2597.0,296.0,74.73384420329691,0.0,6.0,7.0,9.0,13.0
3348.0,delete,74.72543398632475,2597.0,296.0,74.73384420329691,0.0,6.0,7.0,9.0,12.0
3349.0,swap,74.69972377349536,2597.0,296.0,74.73384420329691,0.0,7.0,7.0,8.0,13.0
3350.0,delete,74.2724683989677,2598.0,27.0,74.55545361000725,5.0,3.0,3.0,3.0,13.0
3351.0,delete,74.3512409459658,2599.0,243.0,74.56686914114103,0.0,3.0,6.0,5.0,13.0
3352.0,delete,74.53594187858093,2600.0,264.0,74.61789569012663,0.0,4.0,7.0,6.0,13.0
3353.0,add,74.5708616252514,2601.0,279.0,74.60134517682185,0.0,5.0,8.0,6.0,12.0
3354.0,add,74.71686268043966,2602.0,293.0,74.74011453964862,0.0,7.0,8.0,10.0,12.0
3355.0,add,74.45009717271904,2603.0,138.0,74.56114785885123,1.0,6.0,4.0,1.0,16.0
3356.0,delete,74.93421383311495,2604.0,87.0,74.56039051289619,1.0,4.0,6.0,4.0,14.0
3357.0,delete,74.71995982228076,2605.0,295.0,74.72218616872804,0.0,6.0,8.0,8.0,13.0
3358.0,delete,74.30855549732948,2606.0,181.0,74.60326529546603,1.0,5.0,2.0,3.0,14.0
3359.0,delete,74.75849218228964,2607.0,297.0,74.72543398632475,0.0,6.0,7.0,9.0,12.0
3360.0,add,74.49663796368502,2607.0,297.0,74.72543398632475,0.0,6.0,7.0,9.0,13.0
3361.0,delete,74.66244727064941,2607.0,297.0,74.72543398632475,0.0,6.0,7.0,9.0,11.0
3362.0,swap,74.62706217186114,2607.0,297.0,74.72543398632475,0.0,6.0,7.0,9.0,12.0
3363.0,add,74.87050079902386,2608.0,216.0,74.57537792858243,0.0,2.0,6.0,5.0,17.0
3364.0,add,74.35974646835886,2609.0,244.0,74.57633688482426,0.0,3.0,6.0,5.0,14.0
3365.0,add,74.32256549144671,2610.0,28.0,74.55674793390925,5.0,3.0,3.0,3.0,14.0
3366.0,delete,74.41583858215257,2611.0,265.0,74.62344315306652,0.0,3.0,8.0,6.0,12.0
3367.0,add,74.82226631954026,2612.0,289.0,74.72869187534445,0.0,5.0,7.0,8.0,13.0
3368.0,add,74.6221738152492,2613.0,280.0,74.61105211317953,0.0,5.0,7.0,7.0,13.0
3369.0,delete,74.66561644567217,2614.0,294.0,74.70550006797836,0.0,6.0,8.0,10.0,12.0
3370.0,delete,74.83629323604848,2615.0,88.0,74.55906099250892,1.0,4.0,6.0,3.0,14.0
3371.0,add,74.41467543086846,2616.0,139.0,74.5624952998858,1.0,6.0,4.0,0.0,18.0
3372.0,delete,74.63790391506281,2617.0,182.0,74.60517991757276,1.0,4.0,2.0,3.0,14.0
3373.0,delete,74.73910633558035,2618.0,296.0,74.654014714962,0.0,5.0,7.0,9.0,13.0
3374.0,add,74.49656200539573,2619.0,298.0,74.49663796368502,0.0,6.0,7.0,9.0,13.0
3375.0,delete,74.2704815677246,2619.0,298.0,74.49663796368502,0.0,5.0,7.0,9.0,13.0
3376.0,swap,74.63232265691913,2619.0,298.0,74.49663796368502,0.0,6.0,7.0,9.0,13.0
3377.0,add,74.85143924657089,2620.0,217.0,74.57106019812078,0.0,3.0,6.0,6.0,16.0
3378.0,add,74.59277198503825,2621.0,245.0,74.58068090295612,0.0,3.0,7.0,5.0,14.0
3379.0,delete,74.68334213547985,2622.0,29.0,74.55775912596063,4.0,3.0,4.0,3.0,13.0
3380.0,delete,74.5694596271594,2623.0,266.0,74.62902672461153,0.0,2.0,7.0,6.0,13.0
3381.0,add,74.81096132640046,2624.0,290.0,74.70175459079985,0.0,5.0,7.0,10.0,12.0
3382.0,delete,74.59567551041621,2625.0,281.0,74.61323060419576,0.0,5.0,6.0,8.0,12.0
3383.0,delete,74.66470396694075,2626.0,295.0,74.63783205009983,0.0,6.0,8.0,9.0,12.0
3384.0,delete,74.73300530957664,2627.0,89.0,74.55806440311156,1.0,4.0,6.0,3.0,13.0
3385.0,delete,74.68308300019432,2628.0,183.0,74.6047757591347,1.0,3.0,2.0,3.0,14.0
3386.0,add,74.47741760375776,2629.0,140.0,74.56387664026258,1.0,6.0,4.0,1.0,18.0
3387.0,add,74.73272381981594,2630.0,297.0,74.47400104843112,0.0,7.0,7.0,9.0,12.0
3388.0,delete,74.26980740358331,2631.0,299.0,74.2704815677246,0.0,5.0,7.0,9.0,13.0
3389.0,delete,74.57611124835832,2631.0,299.0,74.2704815677246,0.0,5.0,6.0,9.0,13.0
3390.0,swap,74.5279550971275,2631.0,299.0,74.2704815677246,0.0,4.0,7.0,9.0,14.0
3391.0,add,74.94295429248436,2632.0,218.0,74.56670976007025,0.0,2.0,7.0,6.0,17.0
3392.0,delete,74.4192851765686,2633.0,267.0,74.63250286081063,0.0,2.0,7.0,6.0,12.0
3393.0,delete,74.56857945731015,2634.0,30.0,74.5581115371243,5.0,3.0,4.0,2.0,12.0
3394.0,add,74.49355178198026,2635.0,246.0,74.5822197294263,0.0,3.0,6.0,5.0,16.0
3395.0,add,74.78608461809256,2636.0,291.0,74.66679563057647,0.0,5.0,8.0,9.0,13.0
3396.0,delete,74.66398393681953,2637.0,296.0,74.5780879776396,0.0,6.0,7.0,9.0,12.0
3397.0,add,74.46020330788163,2638.0,282.0,74.61969050574281,0.0,5.0,6.0,8.0,13.0
3398.0,delete,74.72543398632475,2639.0,298.0,74.41108882919843,0.0,6.0,7.0,9.0,12.0
3399.0,add,74.69694259488699,2640.0,90.0,74.55745488906675,1.0,4.0,6.0,3.0,14.0
3400.0,delete,74.47375514011043,2641.0,141.0,74.56491751033876,1.0,6.0,3.0,0.0,19.0
3401.0,add,74.62752383118823,2642.0,184.0,74.60387156444602,1.0,2.0,2.0,3.0,16.0
3402.0,delete,74.56826098260352,2643.0,300.0,74.57611124835832,0.0,5.0,6.0,9.0,13.0
3403.0,delete,74.62806351153905,2643.0,300.0,74.57611124835832,0.0,4.0,6.0,9.0,13.0
3404.0,swap,74.59943082570065,2643.0,300.0,74.57611124835832,0.0,5.0,7.0,8.0,13.0
3405.0,delete,74.41447693403848,2644.0,219.0,74.56454747577224,0.0,2.0,7.0,5.0,17.0
3406.0,delete,74.80485371816158,2645.0,268.0,74.63141348272305,0.0,2.0,7.0,6.0,11.0
3407.0,delete,74.79413459414953,2646.0,31.0,74.55801104051025,4.0,3.0,4.0,1.0,13.0
3408.0,add,74.70236960801196,2647.0,292.0,74.6571658918525,0.0,6.0,8.0,9.0,13.0
3409.0,add,74.4621638738414,2648.0,247.0,74.5867453411043,0.0,3.0,6.0,7.0,15.0
3410.0,add,74.68506894584156,2649.0,297.0,74.54364925573147,0.0,6.0,7.0,9.0,13.0
3411.0,delete,74.27048156772459,2650.0,299.0,74.59296664205038,0.0,5.0,7.0,8.0,13.0
3412.0,add,74.45708159343953,2651.0,283.0,74.6285050248176,0.0,5.0,7.0,9.0,12.0
3413.0,delete,74.62807026232612,2652.0,301.0,74.62806351153905,0.0,4.0,6.0,9.0,13.0
3414.0,delete,74.6351261787326,2652.0,301.0,74.62806351153905,0.0,3.0,6.0,9.0,13.0
3415.0,swap,74.66891742852484,2652.0,301.0,74.62806351153905,0.0,4.0,6.0,10.0,12.0
3416.0,add,74.70149720912147,2653.0,91.0,74.55660792548375,1.0,4.0,6.0,3.0,15.0
3417.0,add,74.47219645108464,2654.0,142.0,74.56590981636718,1.0,6.0,4.0,1.0,18.0
3418.0,add,74.40928008293875,2655.0,185.0,74.6043572625285,1.0,2.0,2.0,3.0,17.0
3419.0,add,74.7888095471561,2656.0,269.0,74.62551373894061,0.0,2.0,7.0,6.0,12.0
3420.0,add,74.31160731573632,2657.0,220.0,74.56585645986651,0.0,2.0,7.0,6.0,17.0
3421.0,delete,74.73357638526335,2658.0,32.0,74.55754803639267,3.0,3.0,4.0,2.0,12.0
3422.0,delete,74.4358979459271,2659.0,298.0,74.53067833835583,0.0,6.0,6.0,9.0,13.0
3423.0,add,74.65441996840049,2660.0,293.0,74.63966570990182,0.0,6.0,8.0,10.0,13.0
3424.0,add,74.64159544677507,2661.0,248.0,74.58867077014841,0.0,3.0,6.0,7.0,16.0
3425.0,delete,74.57609105218896,2662.0,300.0,74.64004434528066,0.0,5.0,6.0,8.0,13.0
3426.0,delete,74.61578977131313,2663.0,302.0,74.6351261787326,0.0,3.0,6.0,9.0,13.0
3427.0,delete,74.63518688055377,2663.0,302.0,74.6351261787326,0.0,3.0,6.0,8.0,13.0
3428.0,swap,74.71500292662253,2663.0,302.0,74.6351261787326,0.0,4.0,6.0,8.0,13.0
3429.0,delete,74.45454976599268,2664.0,92.0,74.55587430342057,1.0,4.0,6.0,3.0,14.0
3430.0,delete,74.39704616636014,2665.0,143.0,74.56684157610344,1.0,6.0,4.0,0.0,18.0
3431.0,add,74.54359734824077,2666.0,186.0,74.60437827962849,1.0,2.0,2.0,3.0,18.0
3432.0,add,74.48592817981078,2667.0,284.0,74.634386679002,0.0,6.0,7.0,8.0,13.0
3433.0,delete,74.27071975688683,2668.0,299.0,74.593044386349,0.0,5.0,7.0,8.0,13.0
3434.0,delete,74.90419095656006,2669.0,221.0,74.56425526499564,0.0,2.0,6.0,6.0,17.0
3435.0,add,74.68785046519758,2670.0,270.0,74.62016025032018,0.0,3.0,7.0,6.0,12.0
3436.0,add,74.5904867152063,2671.0,33.0,74.55703013523144,3.0,2.0,4.0,2.0,14.0
3437.0,delete,74.66276582241383,2672.0,294.0,74.61713890744785,0.0,6.0,8.0,10.0,12.0
3438.0,delete,74.95891863760055,2673.0,249.0,74.59011624020206,0.0,3.0,6.0,7.0,15.0
3439.0,delete,74.5623979135538,2674.0,301.0,74.65027643930551,0.0,4.0,5.0,9.0,13.0
3440.0,delete,74.63506473612546,2675.0,303.0,74.63518688055377,0.0,3.0,6.0,8.0,13.0
3441.0,delete,74.6419172230073,2675.0,303.0,74.63518688055377,0.0,3.0,5.0,8.0,13.0
3442.0,swap,74.65628438775599,2675.0,303.0,74.63518688055377,0.0,3.0,6.0,7.0,14.0
3443.0,delete,74.70117955039015,2676.0,93.0,74.5555890594698,1.0,4.0,6.0,3.0,13.0
3444.0,delete,74.41406179991004,2677.0,144.0,74.5683487343799,1.0,5.0,4.0,0.0,18.0
3445.0,delete,74.43732921290022,2678.0,187.0,74.60489031652409,0.0,2.0,2.0,4.0,17.0
3446.0,add,74.52071256677573,2679.0,285.0,74.64352327817336,0.0,6.0,8.0,8.0,13.0
3447.0,delete,74.7622978733367,2680.0,300.0,74.6331593560203,0.0,5.0,6.0,9.0,12.0
3448.0,delete,74.90254076252637,2681.0,222.0,74.56207269640373,0.0,2.0,7.0,6.0,15.0
3449.0,delete,74.66470396694075,2682.0,295.0,74.60622067385981,0.0,6.0,8.0,9.0,12.0
3450.0,add,74.58250409486493,2683.0,271.0,74.6199871458806,0.0,4.0,7.0,6.0,12.0
3451.0,add,74.61603443332675,2684.0,34.0,74.557379383878,3.0,2.0,4.0,2.0,15.0
3452.0,delete,74.4441827346188,2685.0,250.0,74.5886692370262,0.0,3.0,6.0,6.0,15.0
3453.0,delete,74.58958587502384,2686.0,302.0,74.64211330686062,0.0,2.0,6.0,9.0,13.0
3454.0,delete,74.64175113340215,2687.0,304.0,74.6419172230073,0.0,3.0,5.0,8.0,13.0
3455.0,add,74.64289835271077,2687.0,304.0,74.6419172230073,0.0,3.0,5.0,8.0,14.0
3456.0,delete,74.64191722300728,2687.0,304.0,74.6419172230073,0.0,3.0,5.0,7.0,13.0
3457.0,swap,74.61850266812694,2687.0,304.0,74.6419172230073,0.0,3.0,5.0,8.0,13.0
3458.0,add,74.4734053744005,2688.0,94.0,74.55545924177,1.0,4.0,6.0,4.0,13.0
3459.0,add,74.44967653314657,2689.0,145.0,74.56935156534554,1.0,6.0,4.0,0.0,18.0
3460.0,delete,74.5947904634751,2690.0,188.0,74.60531281917916,1.0,2.0,2.0,4.0,15.0
3461.0,delete,74.83349161130302,2691.0,286.0,74.65283585828097,0.0,6.0,7.0,9.0,12.0
3462.0,delete,74.69696261798747,2692.0,296.0,74.59562274499984,0.0,6.0,7.0,8.0,13.0
3463.0,add,74.49200065275825,2693.0,223.0,74.56229135901474,0.0,2.0,7.0,7.0,15.0
3464.0,delete,74.66891742852484,2694.0,301.0,74.6331865592258,0.0,4.0,6.0,9.0,12.0
3465.0,delete,74.72551968749293,2695.0,251.0,74.58811297776366,0.0,2.0,6.0,5.0,16.0
3466.0,add,74.83611289781165,2696.0,35.0,74.55709694320682,3.0,2.0,5.0,3.0,14.0
3467.0,add,74.77092031125976,2697.0,272.0,74.61999225058133,0.0,4.0,8.0,6.0,12.0
3468.0,delete,74.63518688055379,2698.0,303.0,74.6373973200509,0.0,3.0,6.0,7.0,13.0
3469.0,add,74.64436472606316,2699.0,305.0,74.64289835271077,0.0,3.0,5.0,8.0,14.0
3470.0,add,74.65206414903683,2699.0,305.0,74.64289835271077,0.0,4.0,5.0,8.0,14.0
3471.0,delete,74.4882117554512,2699.0,305.0,74.64289835271077,0.0,3.0,4.0,8.0,14.0
3472.0,swap,74.64101168974098,2699.0,305.0,74.64289835271077,0.0,3.0,5.0,9.0,13.0
3473.0,add,74.46322312127324,2700.0,95.0,74.55604683792168,1.0,4.0,6.0,4.0,14.0
3474.0,delete,74.49992646829038,2701.0,146.0,74.57085890237926,1.0,6.0,4.0,0.0,17.0
3475.0,add,74.36355022738302,2702.0,189.0,74.60679790108651,1.0,2.0,2.0,4.0,16.0
3476.0,delete,74.33474095613076,2703.0,287.0,74.65983781032146,0.0,4.0,8.0,9.0,12.0
3477.0,add,74.87356273775279,2704.0,297.0,74.58416712309845,0.0,6.0,7.0,9.0,13.0
3478.0,add,74.53302651423859,2705.0,224.0,74.564262902996,0.0,2.0,7.0,6.0,17.0
3479.0,delete,74.65890606322947,2706.0,252.0,74.58593279037436,0.0,2.0,6.0,5.0,15.0
3480.0,delete,74.63120794229691,2707.0,302.0,74.62599626289709,0.0,3.0,6.0,9.0,12.0
3481.0,add,74.83628442384061,2708.0,36.0,74.55604993315679,3.0,2.0,5.0,3.0,15.0
3482.0,add,74.5654118623365,2709.0,273.0,74.61886450748351,0.0,5.0,8.0,6.0,12.0
3483.0,add,74.59020219378111,2710.0,304.0,74.61371013460061,0.0,3.0,5.0,8.0,14.0
3484.0,delete,74.53708418697111,2711.0,288.0,74.67074824173783,0.0,4.0,8.0,8.0,12.0
3485.0,delete,74.19710557290591,2712.0,147.0,74.57142654961979,0.0,5.0,4.0,0.0,18.0
3486.0,delete,74.57144456356257,2713.0,303.0,74.62163890862558,0.0,3.0,5.0,8.0,13.0
3487.0,add,74.47491886046335,2714.0,96.0,74.5563686626071,1.0,5.0,6.0,3.0,15.0
3488.0,delete,74.56832120177381,2715.0,190.0,74.60655665067372,1.0,2.0,2.0,3.0,16.0
3489.0,add,74.6432402335428,2716.0,306.0,74.65206414903683,0.0,4.0,5.0,8.0,14.0
3490.0,delete,74.53371745636505,2716.0,306.0,74.65206414903683,0.0,4.0,4.0,8.0,14.0
3491.0,swap,74.7944988171569,2716.0,306.0,74.65206414903683,0.0,4.0,4.0,8.0,15.0
3492.0,delete,74.45781575311764,2717.0,298.0,74.5875878403972,0.0,6.0,7.0,9.0,12.0
3493.0,add,74.09651515476938,2718.0,225.0,74.56288726712773,0.0,3.0,7.0,6.0,17.0
3494.0,add,74.68080161331939,2719.0,253.0,74.58479818363352,0.0,2.0,6.0,6.0,15.0
3495.0,add,74.57030657555042,2720.0,305.0,74.65588016402539,0.0,4.0,5.0,8.0,14.0
3496.0,add,74.7234764849502,2721.0,37.0,74.55487523865314,3.0,3.0,5.0,3.0,15.0
3497.0,add,74.71297681644411,2722.0,274.0,74.61649954090129,0.0,5.0,8.0,6.0,13.0
3498.0,delete,74.53371727984651,2723.0,307.0,74.53371745636505,0.0,4.0,4.0,8.0,14.0
3499.0,delete,74.52292799321187,2723.0,307.0,74.53371745636505,0.0,3.0,4.0,8.0,14.0
3500.0,swap,74.88953898586897,2723.0,307.0,74.53371745636505,0.0,4.0,3.0,8.0,15.0
3501.0,delete,74.47376891990456,2724.0,97.0,74.556745065046,1.0,5.0,6.0,3.0,14.0
3502.0,delete,74.36150489851867,2725.0,148.0,74.57187552046238,1.0,5.0,4.0,0.0,16.0
3503.0,delete,74.93032740547001,2726.0,191.0,74.60519652151197,1.0,2.0,2.0,3.0,15.0
3504.0,add,74.66822664611414,2727.0,289.0,74.66381792371612,0.0,5.0,7.0,8.0,13.0
3505.0,delete,73.90205018308214,2728.0,299.0,74.6100109858892,0.0,5.0,6.0,9.0,13.0
3506.0,add,74.66193380576468,2729.0,304.0,74.62666924679435,0.0,4.0,5.0,8.0,13.0
3507.0,delete,74.37332125413313,2730.0,254.0,74.58351282697689,0.0,3.0,5.0,6.0,14.0
3508.0,add,74.95797369916119,2731.0,226.0,74.56142646379996,0.0,2.0,7.0,6.0,19.0
3509.0,delete,74.5750740195849,2732.0,306.0,74.6199754288231,0.0,3.0,5.0,8.0,14.0
3510.0,delete,74.8000625940708,2733.0,38.0,74.55391697395468,3.0,2.0,5.0,3.0,15.0
3511.0,delete,74.71196234968227,2734.0,275.0,74.61155664471868,0.0,5.0,8.0,5.0,13.0
3512.0,delete,74.52288126123587,2735.0,308.0,74.52292799321187,0.0,3.0,4.0,8.0,14.0
3513.0,add,74.52556157507335,2735.0,308.0,74.52292799321187,0.0,3.0,4.0,9.0,14.0
3514.0,delete,74.53849279182616,2735.0,308.0,74.52292799321187,0.0,3.0,4.0,7.0,14.0
3515.0,swap,74.57074602163289,2735.0,308.0,74.52292799321187,0.0,4.0,3.0,8.0,14.0
3516.0,add,74.46894194428825,2736.0,98.0,74.55682355005831,1.0,5.0,6.0,4.0,14.0
3517.0,delete,74.2797768551092,2737.0,149.0,74.57237850218047,1.0,5.0,3.0,0.0,16.0
3518.0,delete,74.17350006669807,2738.0,192.0,74.60210991955792,1.0,2.0,2.0,4.0,13.0
3519.0,add,74.82079407073047,2739.0,290.0,74.64302238319392,0.0,6.0,7.0,9.0,12.0
3520.0,delete,74.55776343355946,2740.0,300.0,74.62250283858809,0.0,4.0,6.0,9.0,13.0
3521.0,delete,74.43599841693798,2741.0,255.0,74.58437485729088,0.0,3.0,6.0,6.0,12.0
3522.0,delete,74.62645554201379,2742.0,227.0,74.56108668717982,0.0,2.0,7.0,6.0,18.0
3523.0,add,74.63187505565367,2743.0,305.0,74.60559747384096,0.0,3.0,5.0,9.0,14.0
3524.0,delete,74.30769933356746,2744.0,307.0,74.53612192859603,0.0,4.0,4.0,8.0,13.0
3525.0,add,74.63247143449911,2745.0,39.0,74.55262327153464,3.0,3.0,5.0,2.0,16.0
3526.0,add,74.70171778210387,2746.0,276.0,74.60705628795816,0.0,5.0,7.0,6.0,14.0
3527.0,delete,74.49968652261786,2747.0,150.0,74.57282443311136,1.0,5.0,2.0,0.0,16.0
3528.0,add,74.52607548699355,2748.0,309.0,74.52556157507335,0.0,3.0,4.0,9.0,14.0
3529.0,delete,74.53191253230919,2748.0,309.0,74.52556157507335,0.0,3.0,4.0,8.0,14.0
3530.0,swap,74.52556157507334,2748.0,309.0,74.52556157507335,0.0,3.0,4.0,9.0,14.0
3531.0,add,74.60535958952205,2749.0,99.0,74.55666483971982,1.0,5.0,6.0,3.0,16.0
3532.0,delete,74.83638463460066,2750.0,193.0,74.6003656786453,1.0,2.0,2.0,2.0,14.0
3533.0,add,74.81424006734935,2751.0,291.0,74.62400814958606,0.0,5.0,8.0,9.0,13.0
3534.0,delete,74.66891742852484,2752.0,301.0,74.60399493498014,0.0,4.0,6.0,9.0,12.0
3535.0,delete,74.55552973620736,2753.0,306.0,74.54645433173762,0.0,4.0,5.0,8.0,13.0
3536.0,add,74.65041939970315,2754.0,256.0,74.58351335923801,0.0,3.0,6.0,6.0,13.0
3537.0,add,74.68212504596443,2755.0,228.0,74.56100942812432,0.0,4.0,7.0,6.0,17.0
3538.0,add,74.41421384301931,2756.0,308.0,74.52727779236236,0.0,4.0,4.0,8.0,14.0
3539.0,delete,74.07020439308745,2757.0,40.0,74.55288025363427,3.0,2.0,6.0,2.0,15.0
3540.0,delete,74.64641062950741,2758.0,277.0,74.60295937432808,0.0,5.0,7.0,6.0,13.0
3541.0,delete,74.5319132529297,2759.0,310.0,74.53191253230919,0.0,3.0,4.0,8.0,14.0
3542.0,delete,74.5319103660964,2759.0,310.0,74.53191253230919,0.0,3.0,4.0,7.0,14.0
3543.0,swap,74.17145653217501,2759.0,310.0,74.53191253230919,0.0,3.0,4.0,9.0,13.0
3544.0,add,74.59649959321791,2760.0,151.0,74.5736813999266,1.0,6.0,3.0,0.0,15.0
3545.0,delete,74.67034641443591,2761.0,100.0,74.55665549411187,1.0,5.0,6.0,3.0,15.0
3546.0,delete,74.83153961707399,2762.0,194.0,74.59900336793228,1.0,2.0,2.0,3.0,12.0
3547.0,add,74.6461569321333,2763.0,292.0,74.60914869867085,0.0,6.0,9.0,9.0,12.0
3548.0,delete,74.50452100111707,2764.0,302.0,74.57918967277216,0.0,3.0,6.0,9.0,12.0
3549.0,delete,74.17643233354738,2765.0,307.0,74.47856558193418,0.0,4.0,4.0,8.0,13.0
3550.0,delete,74.52268064056138,2766.0,309.0,74.44179817087758,0.0,3.0,4.0,9.0,13.0
3551.0,add,74.28197606498392,2767.0,257.0,74.58276530244515,0.0,2.0,7.0,6.0,14.0
3552.0,add,74.62922385079489,2768.0,229.0,74.55807117087,0.0,3.0,7.0,6.0,19.0
3553.0,delete,74.35613690097169,2769.0,41.0,74.55382759635572,2.0,3.0,6.0,2.0,14.0
3554.0,delete,74.64204709535835,2770.0,278.0,74.59616050322009,0.0,4.0,7.0,6.0,13.0
3555.0,delete,74.52288784177208,2771.0,311.0,74.5319103660964,0.0,3.0,4.0,7.0,14.0
3556.0,delete,74.29070954796406,2771.0,311.0,74.5319103660964,0.0,3.0,4.0,7.0,13.0
3557.0,swap,74.47682316575388,2771.0,311.0,74.5319103660964,0.0,3.0,5.0,7.0,13.0
3558.0,add,74.46830782972326,2772.0,152.0,74.57367279586958,1.0,6.0,3.0,1.0,15.0
3559.0,delete,74.56689000625236,2773.0,101.0,74.55612713725736,1.0,4.0,6.0,2.0,16.0
3560.0,add,74.84409841848226,2774.0,195.0,74.59613826213702,1.0,2.0,2.0,3.0,13.0
3561.0,delete,74.53118147508918,2775.0,303.0,74.5502447654682,0.0,3.0,6.0,8.0,12.0
3562.0,add,74.79340157765145,2776.0,293.0,74.59264670820652,0.0,6.0,8.0,10.0,13.0
3563.0,add,74.5346260056488,2777.0,308.0,74.46430886331011,0.0,3.0,4.0,8.0,15.0
3564.0,delete,74.54070971013611,2778.0,310.0,74.45558273039661,0.0,3.0,4.0,7.0,14.0
3565.0,delete,74.26777628024779,2779.0,312.0,74.29070954796406,0.0,3.0,4.0,7.0,13.0
3566.0,add,74.29637065582519,2779.0,312.0,74.29070954796406,0.0,3.0,4.0,7.0,14.0
3567.0,delete,74.29070954796407,2779.0,312.0,74.29070954796406,0.0,3.0,4.0,6.0,13.0
3568.0,swap,74.9063514792169,2779.0,312.0,74.29070954796406,0.0,3.0,5.0,7.0,12.0
3569.0,add,74.2501327899361,2780.0,42.0,74.55578580071322,2.0,3.0,6.0,3.0,14.0
3570.0,delete,74.17370624918411,2781.0,230.0,74.55982263718455,0.0,3.0,8.0,6.0,17.0
3571.0,delete,74.64643325950088,2782.0,153.0,74.57401871318822,1.0,6.0,3.0,0.0,15.0
3572.0,delete,74.90736018127173,2783.0,196.0,74.59334992922116,1.0,2.0,1.0,3.0,13.0
3573.0,delete,74.62555412011343,2784.0,102.0,74.55567401412776,1.0,5.0,5.0,2.0,15.0
3574.0,add,74.31085711403998,2785.0,258.0,74.58618693531392,0.0,2.0,8.0,6.0,14.0
3575.0,add,74.58379463557004,2786.0,279.0,74.58997601841206,0.0,5.0,8.0,6.0,12.0
3576.0,delete,74.80695365048899,2787.0,294.0,74.5778505123964,0.0,6.0,8.0,10.0,12.0
3577.0,add,74.67460645693772,2788.0,304.0,74.52739036515268,0.0,4.0,5.0,8.0,13.0
3578.0,delete,74.60640253881816,2789.0,309.0,74.45247781176552,0.0,2.0,4.0,9.0,14.0
3579.0,delete,74.54070754392335,2790.0,311.0,74.4103835022436,0.0,3.0,4.0,6.0,14.0
3580.0,delete,74.57240533443913,2791.0,231.0,74.56500125662363,0.0,3.0,7.0,6.0,17.0
3581.0,add,74.2987063293565,2792.0,313.0,74.29637065582519,0.0,3.0,4.0,7.0,14.0
3582.0,add,74.1664527454041,2792.0,313.0,74.29637065582519,0.0,3.0,4.0,7.0,15.0
3583.0,delete,74.28695550636597,2792.0,313.0,74.29637065582519,0.0,3.0,4.0,6.0,14.0
3584.0,swap,74.29637065582519,2792.0,313.0,74.29637065582519,0.0,3.0,4.0,7.0,14.0
3585.0,add,74.22828579761335,2793.0,43.0,74.55672032275604,2.0,3.0,6.0,2.0,16.0
3586.0,delete,74.55909536464927,2794.0,154.0,74.57409802698614,1.0,4.0,3.0,0.0,16.0
3587.0,add,74.27672372926814,2795.0,197.0,74.59048570625328,1.0,2.0,2.0,3.0,13.0
3588.0,add,74.62955279236758,2796.0,103.0,74.55481087508743,1.0,6.0,5.0,2.0,15.0
3589.0,add,74.34848021011942,2797.0,259.0,74.5882456430713,0.0,3.0,8.0,7.0,13.0
3590.0,add,74.54776734086384,2798.0,280.0,74.58671644652085,0.0,5.0,8.0,7.0,12.0
3591.0,delete,74.69624578542737,2799.0,295.0,74.55790694150423,0.0,5.0,8.0,9.0,13.0
3592.0,add,74.64263180649209,2800.0,305.0,74.49056468505721,0.0,3.0,5.0,9.0,14.0
3593.0,delete,74.29070954796406,2801.0,310.0,74.40810295541799,0.0,3.0,4.0,8.0,13.0
3594.0,delete,74.49064223723867,2802.0,232.0,74.56660309472342,0.0,2.0,8.0,6.0,16.0
3595.0,add,74.29070954796404,2803.0,312.0,74.26897117855539,0.0,3.0,4.0,8.0,13.0
3596.0,delete,74.70141247211846,2804.0,281.0,74.58515302576443,0.0,5.0,7.0,8.0,11.0
3597.0,add,74.2011778610406,2805.0,260.0,74.59255737901898,0.0,3.0,9.0,6.0,14.0
3598.0,add,74.03857899554318,2806.0,44.0,74.55802189142543,2.0,3.0,6.0,2.0,17.0
3599.0,delete,74.5674111838215,2807.0,155.0,74.57397730738187,1.0,5.0,2.0,0.0,15.0
3600.0,delete,74.52584524455807,2808.0,311.0,74.35743816727792,0.0,3.0,4.0,6.0,14.0
3601.0,add,74.16645274540411,2809.0,314.0,74.1664527454041,0.0,3.0,4.0,7.0,15.0
3602.0,delete,74.17195724443565,2809.0,314.0,74.1664527454041,0.0,3.0,4.0,7.0,14.0
3603.0,swap,74.88533730777078,2809.0,314.0,74.1664527454041,0.0,4.0,4.0,7.0,14.0
3604.0,add,74.62555412011343,2810.0,104.0,74.55372906606198,1.0,5.0,5.0,2.0,17.0
3605.0,add,74.89743865231802,2811.0,198.0,74.58704184318245,1.0,1.0,2.0,3.0,15.0
3606.0,delete,74.73705633410026,2812.0,296.0,74.5406286536036,0.0,6.0,6.0,9.0,13.0
3607.0,delete,74.65794530544417,2813.0,306.0,74.45516132218158,0.0,4.0,5.0,8.0,13.0
3608.0,delete,74.47182923520757,2814.0,233.0,74.56487678511581,0.0,3.0,8.0,6.0,14.0
3609.0,add,74.33461138674559,2815.0,313.0,74.34755001075366,0.0,3.0,4.0,7.0,15.0
3610.0,delete,74.33343893635164,2816.0,315.0,74.17195724443565,0.0,3.0,4.0,7.0,14.0
3611.0,delete,73.9925883237746,2816.0,315.0,74.17195724443565,0.0,2.0,4.0,7.0,14.0
3612.0,swap,74.06073290866199,2816.0,315.0,74.17195724443565,0.0,3.0,3.0,7.0,15.0
3613.0,add,74.00890931396886,2817.0,45.0,74.55941863432501,2.0,3.0,6.0,2.0,18.0
3614.0,add,74.74331131925521,2818.0,156.0,74.57370548243004,1.0,6.0,2.0,0.0,15.0
3615.0,add,74.53333657404764,2819.0,261.0,74.59193060906597,0.0,3.0,8.0,6.0,16.0
3616.0,add,74.45845810710135,2820.0,282.0,74.57838230373831,0.0,5.0,6.0,8.0,13.0
3617.0,delete,74.60484489917106,2821.0,105.0,74.55288272063576,1.0,5.0,5.0,2.0,16.0
3618.0,add,74.79296435646171,2822.0,199.0,74.58467446250705,1.0,2.0,2.0,3.0,15.0
3619.0,add,74.73641558826283,2823.0,297.0,74.51697263072788,0.0,7.0,7.0,9.0,12.0
3620.0,delete,74.53814864374644,2824.0,307.0,74.40738520717765,0.0,4.0,4.0,8.0,13.0
3621.0,add,74.29776121908473,2825.0,312.0,74.27543725337578,0.0,3.0,5.0,7.0,13.0
3622.0,delete,74.55930757830774,2826.0,234.0,74.56241300930928,0.0,2.0,8.0,5.0,15.0
3623.0,delete,74.28521086137387,2827.0,314.0,74.13967935330597,0.0,3.0,4.0,7.0,14.0
3624.0,delete,73.99258832377461,2828.0,316.0,73.9925883237746,0.0,2.0,4.0,7.0,14.0
3625.0,add,73.99358349072558,2828.0,316.0,73.9925883237746,0.0,2.0,4.0,7.0,15.0
3626.0,delete,73.99258832377463,2828.0,316.0,73.9925883237746,0.0,2.0,4.0,6.0,14.0
3627.0,swap,73.63131387613288,2828.0,316.0,73.9925883237746,0.0,2.0,4.0,7.0,14.0
3628.0,delete,74.43734611367648,2829.0,46.0,74.56085124092833,2.0,3.0,6.0,3.0,16.0
3629.0,add,74.55077702764964,2830.0,157.0,74.5722160055598,1.0,5.0,2.0,0.0,17.0
3630.0,delete,74.44950689091561,2831.0,262.0,74.58383880278744,0.0,4.0,8.0,6.0,14.0
3631.0,delete,74.67546569305964,2832.0,106.0,74.55121343587446,1.0,4.0,5.0,2.0,16.0
3632.0,add,74.4512180523077,2833.0,283.0,74.56786090807569,0.0,5.0,7.0,8.0,13.0
3633.0,add,73.97576772951405,2834.0,200.0,74.58470728677493,1.0,1.0,3.0,3.0,16.0
3634.0,delete,74.41377192658048,2835.0,298.0,74.48102451401405,0.0,5.0,7.0,9.0,13.0
3635.0,add,74.53320021309837,2836.0,308.0,74.34623186617378,0.0,3.0,4.0,8.0,15.0
3636.0,add,74.51689371058988,2837.0,313.0,74.15437357494847,0.0,3.0,4.0,7.0,15.0
3637.0,add,74.73496035476789,2838.0,235.0,74.55536933720032,0.0,3.0,7.0,6.0,15.0
3638.0,delete,74.14073909176759,2839.0,315.0,73.92053246763646,0.0,3.0,4.0,6.0,14.0
3639.0,add,73.99358349072561,2840.0,317.0,73.99358349072558,0.0,2.0,4.0,7.0,15.0
3640.0,delete,74.20220312750702,2840.0,317.0,73.99358349072558,0.0,2.0,4.0,7.0,14.0
3641.0,swap,74.25213637280368,2840.0,317.0,73.99358349072558,0.0,2.0,5.0,6.0,15.0
3642.0,add,74.01340673191295,2841.0,47.0,74.56198915347638,2.0,3.0,6.0,4.0,16.0
3643.0,delete,74.492600873351,2842.0,158.0,74.57093635367627,1.0,4.0,2.0,0.0,17.0
3644.0,delete,74.75481186690972,2843.0,263.0,74.5797436953231,0.0,4.0,8.0,6.0,13.0
3645.0,delete,74.21956272677073,2844.0,107.0,74.54960822792287,1.0,3.0,4.0,2.0,17.0
3646.0,add,74.46030067970032,2845.0,284.0,74.56073303327537,0.0,6.0,7.0,8.0,13.0
3647.0,delete,74.84008726300303,2846.0,201.0,74.58581671469663,1.0,1.0,2.0,3.0,16.0
3648.0,delete,74.2711266262112,2847.0,299.0,74.47084358442851,0.0,5.0,7.0,8.0,13.0
3649.0,delete,74.52556157507341,2848.0,309.0,74.3107197988634,0.0,3.0,4.0,8.0,14.0
3650.0,delete,74.79787196120628,2849.0,314.0,74.08020495167763,0.0,3.0,3.0,7.0,15.0
3651.0,delete,74.52055010492465,2850.0,236.0,74.55170697986357,0.0,2.0,6.0,6.0,16.0
3652.0,add,74.0340841676694,2851.0,316.0,74.11037662044046,0.0,2.0,5.0,7.0,14.0
3653.0,delete,74.20658838951368,2852.0,318.0,74.20220312750702,0.0,2.0,4.0,7.0,14.0
3654.0,delete,74.8792171631884,2852.0,318.0,74.20220312750702,0.0,2.0,4.0,7.0,13.0
3655.0,swap,74.9049434845414,2852.0,318.0,74.20220312750702,0.0,3.0,3.0,7.0,14.0
3656.0,delete,74.35736280239303,2853.0,159.0,74.57201816599635,1.0,5.0,2.0,0.0,15.0
3657.0,add,74.019414262545,2854.0,48.0,74.56435835574287,2.0,3.0,7.0,3.0,17.0
3658.0,delete,74.4433719840282,2855.0,264.0,74.57948620769764,0.0,4.0,8.0,6.0,12.0
3659.0,add,74.51841260994064,2856.0,285.0,74.56340467540984,0.0,6.0,8.0,8.0,13.0
3660.0,add,74.42390814856884,2857.0,108.0,74.54920187411886,1.0,4.0,4.0,2.0,17.0
3661.0,delete,74.61446292464417,2858.0,300.0,74.48211748905798,0.0,5.0,6.0,8.0,13.0
3662.0,add,74.8849418029252,2859.0,202.0,74.58604300750262,1.0,1.0,2.0,3.0,17.0
3663.0,delete,74.60134334362141,2860.0,310.0,74.32217829059655,0.0,3.0,4.0,8.0,13.0
3664.0,delete,74.30445612791951,2861.0,315.0,74.1704736635307,0.0,3.0,4.0,7.0,13.0
3665.0,delete,74.37677657789858,2862.0,237.0,74.55138491068163,0.0,2.0,6.0,5.0,16.0
3666.0,delete,74.76256029391811,2863.0,317.0,74.54823804118763,0.0,2.0,3.0,7.0,15.0
3667.0,delete,74.8792171631884,2864.0,319.0,74.8792171631884,0.0,2.0,4.0,7.0,13.0
3668.0,add,74.71321402655781,2864.0,319.0,74.8792171631884,0.0,2.0,4.0,7.0,14.0
3669.0,delete,74.87921716318843,2864.0,319.0,74.8792171631884,0.0,2.0,4.0,6.0,13.0
3670.0,swap,74.57929273160708,2864.0,319.0,74.8792171631884,0.0,3.0,4.0,6.0,13.0
3671.0,delete,74.76733555774935,2865.0,49.0,74.5665880420083,2.0,3.0,5.0,3.0,18.0
3672.0,add,74.50239685711463,2866.0,160.0,74.57405144012026,1.0,5.0,2.0,1.0,15.0
3673.0,delete,74.50361620385219,2867.0,265.0,74.58296380647016,0.0,3.0,8.0,6.0,12.0
3674.0,delete,74.54753442109207,2868.0,109.0,74.54939994427583,1.0,4.0,4.0,1.0,17.0
3675.0,delete,74.50273427651844,2869.0,286.0,74.56945128494135,0.0,6.0,8.0,8.0,12.0
3676.0,delete,74.62806351153903,2870.0,301.0,74.4861172948221,0.0,4.0,6.0,8.0,13.0
3677.0,add,73.9887675375403,2871.0,203.0,74.59193932453798,1.0,1.0,2.0,4.0,17.0
3678.0,delete,74.53191036609643,2872.0,311.0,74.35712313411018,0.0,3.0,4.0,6.0,14.0
3679.0,delete,74.60664407118202,2873.0,238.0,74.55340389387982,0.0,2.0,7.0,5.0,14.0
3680.0,add,74.0138061573526,2874.0,316.0,74.48306469731804,0.0,2.0,4.0,8.0,14.0
3681.0,delete,74.20220312750702,2875.0,318.0,74.78603164954602,0.0,2.0,4.0,7.0,13.0
3682.0,delete,74.5220946381168,2876.0,266.0,74.5833803688426,0.0,1.0,8.0,6.0,13.0
3683.0,add,74.70911115925281,2877.0,320.0,74.71321402655781,0.0,2.0,4.0,7.0,14.0
3684.0,add,74.71652297959919,2877.0,320.0,74.71321402655781,0.0,2.0,4.0,7.0,15.0
3685.0,delete,74.63733780643364,2877.0,320.0,74.71321402655781,0.0,2.0,4.0,7.0,13.0
3686.0,swap,74.18895186620368,2877.0,320.0,74.71321402655781,0.0,2.0,3.0,7.0,15.0
3687.0,delete,74.60866653754856,2878.0,50.0,74.56677695189808,2.0,3.0,5.0,3.0,17.0
3688.0,delete,74.68634924966452,2879.0,110.0,74.54888397982965,1.0,4.0,3.0,2.0,16.0
3689.0,add,74.50640900175665,2880.0,161.0,74.5734463167752,1.0,5.0,2.0,1.0,16.0
3690.0,delete,74.82066777415118,2881.0,287.0,74.56568408889001,0.0,5.0,7.0,9.0,12.0
3691.0,delete,74.21277879995864,2882.0,204.0,74.5941735630628,1.0,1.0,2.0,4.0,16.0
3692.0,delete,74.80556261693947,2883.0,302.0,74.47323705215878,0.0,2.0,6.0,9.0,13.0
3693.0,delete,74.61487507071237,2884.0,239.0,74.5538204625402,0.0,2.0,7.0,4.0,14.0
3694.0,add,74.28846684681477,2885.0,312.0,74.34848492563395,0.0,3.0,4.0,7.0,14.0
3695.0,delete,73.99142234150541,2886.0,317.0,74.60432717730048,0.0,2.0,4.0,7.0,14.0
3696.0,delete,74.4461027986974,2887.0,267.0,74.58378244180419,0.0,2.0,6.0,6.0,13.0
3697.0,add,74.78455966679086,2888.0,319.0,74.59302756760943,0.0,2.0,5.0,7.0,13.0
3698.0,delete,74.67353665993379,2889.0,303.0,74.46178910302854,0.0,3.0,6.0,7.0,13.0
3699.0,delete,74.73354586387418,2890.0,51.0,74.5660828602014,2.0,3.0,4.0,3.0,17.0
3700.0,delete,74.44491183731454,2891.0,288.0,74.56745302839145,0.0,5.0,8.0,8.0,11.0
3701.0,delete,74.202203127507,2892.0,318.0,74.65171316850156,0.0,2.0,4.0,6.0,14.0
3702.0,delete,74.79049631962829,2893.0,111.0,74.5489409225115,1.0,4.0,2.0,2.0,16.0
3703.0,add,74.60076793512941,2894.0,162.0,74.57328465549061,1.0,5.0,3.0,1.0,16.0
3704.0,add,74.71635320756667,2895.0,321.0,74.71652297959919,0.0,2.0,4.0,7.0,15.0
3705.0,add,74.72304381733342,2895.0,321.0,74.71652297959919,0.0,2.0,4.0,7.0,16.0
3706.0,delete,74.94242540484555,2895.0,321.0,74.71652297959919,0.0,2.0,3.0,7.0,15.0
3707.0,swap,74.71746309215521,2895.0,321.0,74.71652297959919,0.0,2.0,4.0,8.0,14.0
3708.0,delete,74.68516438257524,2896.0,205.0,74.59671189457697,0.0,1.0,2.0,4.0,16.0
3709.0,delete,74.62166362618797,2897.0,240.0,74.55287408678441,0.0,2.0,7.0,4.0,13.0
3710.0,delete,74.72008727597984,2898.0,268.0,74.58408660002073,0.0,2.0,7.0,6.0,11.0
3711.0,add,74.31115408268086,2899.0,313.0,74.3952018736732,0.0,3.0,4.0,8.0,14.0
3712.0,add,74.71111786789635,2900.0,320.0,74.7631617003,0.0,2.0,4.0,7.0,15.0
3713.0,delete,74.76575506602448,2901.0,52.0,74.5657708937108,2.0,3.0,4.0,3.0,16.0
3714.0,add,74.57320688121926,2902.0,304.0,74.46219948962889,0.0,4.0,5.0,8.0,13.0
3715.0,add,74.83824197643152,2903.0,289.0,74.56494564075231,0.0,6.0,7.0,8.0,12.0
3716.0,add,74.8792171631884,2904.0,319.0,74.68728189951229,0.0,2.0,4.0,7.0,14.0
3717.0,add,74.4281864933093,2905.0,112.0,74.55123879496051,1.0,4.0,3.0,2.0,16.0
3718.0,add,74.54722064243198,2906.0,163.0,74.57426565580617,1.0,5.0,3.0,1.0,17.0
3719.0,delete,74.66247241364674,2907.0,206.0,74.59618924930786,0.0,0.0,2.0,4.0,16.0
3720.0,delete,74.14579134727252,2908.0,314.0,74.4133093802422,0.0,3.0,4.0,7.0,14.0
3721.0,add,74.72084391197787,2909.0,322.0,74.72304381733342,0.0,2.0,4.0,7.0,16.0
3722.0,delete,74.73079871070631,2909.0,322.0,74.72304381733342,0.0,2.0,4.0,7.0,15.0
3723.0,swap,74.86096507928727,2909.0,322.0,74.72304381733342,0.0,2.0,4.0,7.0,16.0
3724.0,add,74.4694207863293,2910.0,241.0,74.5546791876063,0.0,2.0,7.0,5.0,13.0
3725.0,add,74.56436556611935,2911.0,269.0,74.5816067248699,0.0,2.0,7.0,6.0,12.0
3726.0,add,74.72555499539048,2912.0,321.0,74.75891287982621,0.0,3.0,4.0,7.0,15.0
3727.0,delete,74.73079871070632,2913.0,323.0,74.73079871070631,0.0,2.0,4.0,7.0,15.0
3728.0,delete,74.73259019118147,2913.0,323.0,74.73079871070631,0.0,2.0,4.0,6.0,15.0
3729.0,swap,74.88935594501525,2913.0,323.0,74.73079871070631,0.0,2.0,4.0,8.0,14.0
3730.0,add,74.73322271644999,2914.0,53.0,74.56587878181139,2.0,3.0,4.0,3.0,17.0
3731.0,delete,74.5437485185179,2915.0,164.0,74.5749741469076,1.0,5.0,3.0,1.0,16.0
3732.0,add,74.38247398589189,2916.0,113.0,74.55311487079558,1.0,4.0,2.0,3.0,17.0
3733.0,add,74.78949718739071,2917.0,290.0,74.56365851468419,0.0,5.0,7.0,9.0,13.0
3734.0,add,75.03795052942803,2918.0,207.0,74.59498834876015,0.0,2.0,2.0,4.0,15.0
3735.0,add,74.54922913442324,2919.0,305.0,74.47324072131174,0.0,3.0,6.0,8.0,14.0
3736.0,delete,73.81996505716994,2920.0,315.0,74.48440881613858,0.0,3.0,4.0,7.0,13.0
3737.0,add,74.45723792974132,2921.0,242.0,74.5554076771776,0.0,3.0,6.0,5.0,14.0
3738.0,add,74.38566267333462,2922.0,320.0,74.76291030105087,0.0,2.0,4.0,7.0,15.0
3739.0,delete,74.73174016191545,2923.0,322.0,74.77088588940235,0.0,2.0,4.0,7.0,15.0
3740.0,add,74.65991813554574,2924.0,270.0,74.57914082528441,0.0,3.0,7.0,6.0,12.0
3741.0,delete,74.72664609022851,2925.0,324.0,74.73259019118147,0.0,2.0,4.0,6.0,15.0
3742.0,delete,74.88734120362331,2925.0,324.0,74.73259019118147,0.0,2.0,4.0,6.0,14.0
3743.0,swap,74.75484538657791,2925.0,324.0,74.73259019118147,0.0,2.0,4.0,6.0,15.0
3744.0,add,74.75102768276912,2926.0,54.0,74.56516745610968,2.0,3.0,4.0,3.0,18.0
3745.0,delete,74.44627513684385,2927.0,165.0,74.575664223519,1.0,3.0,3.0,1.0,17.0
3746.0,add,74.83977025638474,2928.0,291.0,74.55391981510131,0.0,6.0,8.0,9.0,12.0
3747.0,add,74.15977978345597,2929.0,114.0,74.55477485320026,1.0,4.0,2.0,2.0,19.0
3748.0,delete,74.67919434257473,2930.0,306.0,74.4671982591523,0.0,4.0,5.0,8.0,13.0
3749.0,add,74.97602195189498,2931.0,208.0,74.59197369084758,0.0,1.0,3.0,4.0,16.0
3750.0,add,73.9921732625474,2932.0,316.0,74.58231807275543,0.0,2.0,4.0,8.0,14.0
3751.0,delete,74.6910044126322,2933.0,243.0,74.55803769642984,0.0,3.0,6.0,5.0,13.0
3752.0,add,74.7318339058094,2934.0,321.0,74.76787701699531,0.0,3.0,4.0,7.0,15.0
3753.0,delete,74.97893473236125,2935.0,323.0,74.7753557179028,0.0,2.0,3.0,7.0,15.0
3754.0,delete,74.88734120362332,2936.0,325.0,74.88734120362331,0.0,2.0,4.0,6.0,14.0
3755.0,add,74.87850747253583,2936.0,325.0,74.88734120362331,0.0,2.0,4.0,6.0,15.0
3756.0,delete,74.84868058194267,2936.0,325.0,74.88734120362331,0.0,2.0,4.0,6.0,13.0
3757.0,swap,74.8785972388131,2936.0,325.0,74.88734120362331,0.0,2.0,5.0,5.0,14.0
3758.0,delete,74.77442802462471,2937.0,55.0,74.5647863239323,2.0,3.0,4.0,3.0,17.0
3759.0,delete,74.44477583428831,2938.0,166.0,74.57728600485729,1.0,4.0,3.0,1.0,15.0
3760.0,add,74.61021572862789,2939.0,271.0,74.58296760279953,0.0,4.0,7.0,6.0,12.0
3761.0,delete,74.77950262882737,2940.0,115.0,74.55735968390074,1.0,3.0,2.0,2.0,19.0
3762.0,add,74.71981357522886,2941.0,292.0,74.55414135421798,0.0,6.0,8.0,10.0,12.0
3763.0,delete,74.80852560714285,2942.0,307.0,74.47656347205861,0.0,4.0,3.0,8.0,14.0
3764.0,add,75.03442984207831,2943.0,209.0,74.59159433956674,0.0,2.0,3.0,5.0,15.0
3765.0,delete,73.9935834907256,2944.0,317.0,74.68803474063475,0.0,2.0,4.0,6.0,15.0
3766.0,add,74.34321338974118,2945.0,244.0,74.56573929287713,0.0,3.0,7.0,5.0,13.0
3767.0,delete,74.73499623548625,2946.0,322.0,74.8197059714793,0.0,2.0,4.0,6.0,16.0
3768.0,delete,74.73259019118147,2947.0,324.0,74.87609354010765,0.0,2.0,4.0,6.0,14.0
3769.0,add,74.87850747253584,2948.0,326.0,74.87850747253583,0.0,2.0,4.0,6.0,15.0
3770.0,add,74.9169012321846,2948.0,326.0,74.87850747253583,0.0,2.0,5.0,6.0,15.0
3771.0,delete,74.6673212187963,2948.0,326.0,74.87850747253583,0.0,2.0,4.0,6.0,14.0
3772.0,swap,74.87850747253586,2948.0,326.0,74.87850747253583,0.0,2.0,4.0,6.0,15.0
3773.0,delete,74.53049777968995,2949.0,56.0,74.56433583499195,2.0,2.0,3.0,3.0,18.0
3774.0,add,74.50671281978113,2950.0,167.0,74.57829929250711,1.0,4.0,3.0,1.0,16.0
3775.0,delete,74.79910135111473,2951.0,116.0,74.55887913651733,1.0,4.0,2.0,2.0,17.0
3776.0,add,74.71933479853007,2952.0,272.0,74.58401636011473,0.0,4.0,8.0,6.0,12.0
3777.0,add,74.74852470265441,2953.0,293.0,74.55533919045764,0.0,6.0,8.0,10.0,13.0
3778.0,add,74.5229299519501,2954.0,308.0,74.49204041429365,0.0,3.0,4.0,9.0,14.0
3779.0,add,75.01071830883679,2955.0,210.0,74.58828997475865,0.0,2.0,3.0,4.0,17.0
3780.0,delete,73.96214682128274,2956.0,318.0,74.73691739408953,0.0,2.0,4.0,7.0,13.0
3781.0,add,74.5459936195867,2957.0,245.0,74.5701053631078,0.0,3.0,6.0,5.0,15.0
3782.0,delete,74.88935594501521,2958.0,323.0,74.83195083486581,0.0,2.0,4.0,7.0,14.0
3783.0,add,74.88703654040273,2959.0,325.0,74.84394897371769,0.0,2.0,4.0,7.0,14.0
3784.0,delete,74.81102120960344,2960.0,309.0,74.49356415792771,0.0,3.0,4.0,9.0,13.0
3785.0,delete,74.63986493531696,2961.0,57.0,74.56360764500094,2.0,2.0,4.0,3.0,16.0
3786.0,add,74.6804470505735,2962.0,273.0,74.58315238067462,0.0,5.0,8.0,7.0,11.0
3787.0,delete,74.59755905881347,2963.0,324.0,74.84921198437955,0.0,2.0,3.0,6.0,15.0
3788.0,add,74.80734176149389,2964.0,319.0,74.76161875948219,0.0,3.0,4.0,7.0,13.0
3789.0,add,74.47268015758273,2965.0,168.0,74.57941622951084,1.0,5.0,3.0,2.0,15.0
3790.0,add,74.45483068443657,2966.0,117.0,74.5580849175806,1.0,5.0,2.0,2.0,17.0
3791.0,delete,74.77784830155247,2967.0,294.0,74.55224682624848,0.0,6.0,8.0,9.0,13.0
3792.0,add,74.91335816018966,2968.0,327.0,74.9169012321846,0.0,2.0,5.0,6.0,15.0
3793.0,delete,74.70825020891843,2968.0,327.0,74.9169012321846,0.0,2.0,4.0,6.0,15.0
3794.0,swap,74.70018688494457,2968.0,327.0,74.9169012321846,0.0,2.0,4.0,6.0,16.0
3795.0,add,75.05748520267184,2969.0,211.0,74.5853955631632,0.0,2.0,5.0,4.0,16.0
3796.0,add,74.67547239906676,2970.0,246.0,74.57408969912437,0.0,3.0,6.0,5.0,16.0
3797.0,add,74.7215425062671,2971.0,326.0,74.80967412155931,0.0,2.0,4.0,6.0,16.0
3798.0,delete,74.54020165545687,2972.0,310.0,74.50884172173909,0.0,3.0,4.0,8.0,13.0
3799.0,delete,74.81320677663052,2973.0,58.0,74.56326048624027,2.0,2.0,4.0,2.0,16.0
3800.0,delete,74.7082502089184,2974.0,328.0,74.70825020891843,0.0,2.0,4.0,6.0,15.0
3801.0,delete,74.77034736708653,2974.0,328.0,74.70825020891843,0.0,2.0,4.0,5.0,15.0
3802.0,swap,74.72695499851639,2974.0,328.0,74.70825020891843,0.0,1.0,5.0,6.0,15.0
3803.0,add,74.69476916817578,2975.0,274.0,74.58577443601594,0.0,5.0,9.0,6.0,12.0
3804.0,add,74.54131557112034,2976.0,169.0,74.58114097173387,1.0,5.0,3.0,2.0,16.0
3805.0,add,74.74596428345706,2977.0,118.0,74.5577997955794,1.0,4.0,2.0,3.0,18.0
3806.0,delete,74.66981137558827,2978.0,295.0,74.55263451205047,0.0,5.0,8.0,9.0,13.0
3807.0,add,74.71321402655781,2979.0,320.0,74.7759907566555,0.0,2.0,4.0,8.0,14.0
3808.0,add,74.84129379852298,2980.0,325.0,74.79659013414094,0.0,2.0,5.0,6.0,14.0
3809.0,add,74.79425606133746,2981.0,212.0,74.58314722121546,0.0,2.0,6.0,4.0,16.0
3810.0,delete,74.5959591124191,2982.0,327.0,74.72845069585995,0.0,1.0,5.0,6.0,15.0
3811.0,add,74.36791588075755,2983.0,247.0,74.57763410297498,0.0,4.0,6.0,6.0,15.0
3812.0,delete,74.50982376371879,2984.0,311.0,74.52248520739276,0.0,3.0,4.0,7.0,13.0
3813.0,delete,74.76567385313263,2985.0,329.0,74.77034736708653,0.0,2.0,4.0,5.0,15.0
3814.0,add,74.48035445278019,2985.0,329.0,74.77034736708653,0.0,2.0,4.0,5.0,16.0
3815.0,delete,74.76965761804249,2985.0,329.0,74.77034736708653,0.0,2.0,4.0,5.0,14.0
3816.0,swap,74.6475971032922,2985.0,329.0,74.77034736708653,0.0,3.0,3.0,5.0,15.0
3817.0,add,74.72924692820249,2986.0,59.0,74.56286898057945,2.0,2.0,4.0,4.0,15.0
3818.0,delete,74.46366423973289,2987.0,170.0,74.5819356830339,1.0,4.0,3.0,2.0,16.0
3819.0,delete,74.60173197871786,2988.0,119.0,74.55747976150359,1.0,4.0,2.0,3.0,17.0
3820.0,delete,74.71196234968225,2989.0,275.0,74.58547995408422,0.0,5.0,8.0,5.0,13.0
3821.0,delete,74.7360758828834,2990.0,296.0,74.55199569254233,0.0,6.0,7.0,8.0,13.0
3822.0,add,74.72985599031855,2991.0,321.0,74.77376552447531,0.0,2.0,5.0,7.0,15.0
3823.0,delete,74.43724718768703,2992.0,213.0,74.58189974629236,0.0,2.0,5.0,4.0,16.0
3824.0,add,74.86372454445257,2993.0,326.0,74.72500259282248,0.0,2.0,4.0,7.0,15.0
3825.0,delete,74.72588977292068,2994.0,328.0,74.6867260788668,0.0,2.0,4.0,6.0,14.0
3826.0,add,74.39257599492632,2995.0,248.0,74.58069539922101,0.0,3.0,6.0,7.0,16.0
3827.0,add,74.29151516978537,2996.0,312.0,74.5384532792062,0.0,3.0,4.0,8.0,13.0
3828.0,add,74.4803544527802,2997.0,330.0,74.48035445278019,0.0,2.0,4.0,5.0,16.0
3829.0,add,74.8945840841239,2997.0,330.0,74.48035445278019,0.0,2.0,4.0,5.0,17.0
3830.0,delete,74.64254518264039,2997.0,330.0,74.48035445278019,0.0,2.0,4.0,5.0,15.0
3831.0,swap,74.67351186618717,2997.0,330.0,74.48035445278019,0.0,3.0,4.0,5.0,15.0
3832.0,add,74.72853065049122,2998.0,60.0,74.56263916238137,2.0,2.0,4.0,4.0,16.0
3833.0,delete,74.69532447025551,2999.0,120.0,74.55690965802307,1.0,4.0,3.0,2.0,16.0
3834.0,delete,74.8501211710159,3000.0,171.0,74.58223566674509,1.0,4.0,3.0,1.0,16.0
3835.0,add,74.69295725835863,3001.0,276.0,74.58519511748416,0.0,5.0,8.0,6.0,13.0
3836.0,add,74.65457098305991,3002.0,297.0,74.550567156559,0.0,6.0,8.0,9.0,12.0
3837.0,delete,74.71652297959919,3003.0,322.0,74.76753632127607,0.0,2.0,4.0,7.0,15.0
3838.0,add,74.86318904288872,3004.0,214.0,74.57942248772915,0.0,2.0,5.0,5.0,16.0
3839.0,delete,74.768534501237,3005.0,327.0,74.68499502012564,0.0,2.0,5.0,6.0,14.0
3840.0,delete,74.67833498106454,3006.0,249.0,74.5823578587448,0.0,3.0,6.0,7.0,15.0
3841.0,add,74.77033916195816,3007.0,329.0,74.63427000770237,0.0,2.0,4.0,6.0,15.0
3842.0,add,74.29572768511687,3008.0,313.0,74.56679692104237,0.0,3.0,4.0,8.0,14.0
3843.0,delete,74.67231912687593,3009.0,277.0,74.58353194368011,0.0,5.0,7.0,5.0,14.0
3844.0,add,74.5229089464029,3010.0,61.0,74.56265958968132,2.0,2.0,5.0,4.0,16.0
3845.0,delete,74.86428035523414,3011.0,328.0,74.69280499226768,0.0,2.0,4.0,6.0,14.0
3846.0,delete,74.75743556427405,3012.0,172.0,74.58352048778566,1.0,4.0,2.0,1.0,16.0
3847.0,delete,74.49663796368503,3013.0,298.0,74.54992811580478,0.0,6.0,7.0,8.0,13.0
3848.0,add,74.69226738786244,3014.0,121.0,74.55669850206837,1.0,4.0,3.0,3.0,16.0
3849.0,delete,74.73079871070631,3015.0,323.0,74.7706270109466,0.0,2.0,4.0,7.0,14.0
3850.0,add,74.89458408412389,3016.0,331.0,74.8945840841239,0.0,2.0,4.0,5.0,17.0
3851.0,add,74.8945840841239,3016.0,331.0,74.8945840841239,0.0,2.0,4.0,5.0,18.0
3852.0,delete,74.48035445278019,3016.0,331.0,74.8945840841239,0.0,2.0,4.0,5.0,16.0
3853.0,swap,74.78016339872084,3016.0,331.0,74.8945840841239,0.0,2.0,4.0,5.0,17.0
3854.0,add,74.87049306857323,3017.0,215.0,74.5785325973317,0.0,2.0,6.0,4.0,17.0
3855.0,delete,74.49994290582623,3018.0,250.0,74.58196873642946,0.0,3.0,6.0,6.0,15.0
3856.0,delete,74.28521086137387,3019.0,314.0,74.58899165738644,0.0,3.0,4.0,7.0,14.0
3857.0,delete,74.68645341102689,3020.0,278.0,74.58414307295637,0.0,5.0,7.0,5.0,13.0
3858.0,add,74.7824355821672,3021.0,330.0,74.78885402077455,0.0,3.0,4.0,5.0,16.0
3859.0,add,74.33134185373044,3022.0,62.0,74.56355855556977,2.0,2.0,4.0,5.0,17.0
3860.0,delete,74.31937476147594,3023.0,173.0,74.58553200847278,1.0,4.0,2.0,1.0,15.0
3861.0,delete,74.39986761288064,3024.0,299.0,74.55809151530764,0.0,5.0,7.0,9.0,12.0
3862.0,delete,74.73499623548625,3025.0,324.0,74.76421032521716,0.0,2.0,4.0,6.0,14.0
3863.0,add,74.61425363526888,3026.0,122.0,74.55623472492604,1.0,4.0,3.0,4.0,16.0
3864.0,add,74.77034736708652,3027.0,329.0,74.70671007294419,0.0,2.0,4.0,6.0,15.0
3865.0,add,74.89495786884075,3028.0,332.0,74.8945840841239,0.0,2.0,4.0,5.0,18.0
3866.0,delete,74.89458408412393,3028.0,332.0,74.8945840841239,0.0,2.0,4.0,4.0,18.0
3867.0,swap,74.23462820668777,3028.0,332.0,74.8945840841239,0.0,2.0,5.0,5.0,17.0
3868.0,add,74.89101520004185,3029.0,216.0,74.57629564169747,0.0,2.0,6.0,5.0,17.0
3869.0,delete,74.63272707350866,3030.0,251.0,74.58149253839721,0.0,2.0,6.0,6.0,15.0
3870.0,delete,74.30445612791951,3031.0,315.0,74.61366759939715,0.0,3.0,4.0,7.0,13.0
3871.0,add,74.88820169156648,3032.0,331.0,74.7296885609441,0.0,2.0,5.0,5.0,17.0
3872.0,add,74.63504428025597,3033.0,279.0,74.5847978533646,0.0,5.0,7.0,6.0,13.0
3873.0,delete,74.57502755492347,3034.0,300.0,74.56867090965875,0.0,5.0,6.0,8.0,13.0
3874.0,add,74.83303070288683,3035.0,63.0,74.56366466113863,2.0,2.0,4.0,4.0,19.0
3875.0,add,74.35328763787697,3036.0,174.0,74.58718669714602,1.0,5.0,2.0,1.0,15.0
3876.0,delete,74.89458408412392,3037.0,333.0,74.89458408412393,0.0,2.0,4.0,4.0,18.0
3877.0,delete,74.90476978199864,3037.0,333.0,74.89458408412393,0.0,2.0,4.0,4.0,17.0
3878.0,swap,74.29996484170324,3037.0,333.0,74.89458408412393,0.0,2.0,4.0,4.0,18.0
3879.0,add,74.71943090139489,3038.0,123.0,74.55612249957996,1.0,4.0,4.0,4.0,16.0
3880.0,add,74.8922551966769,3039.0,325.0,74.75010075930739,0.0,3.0,4.0,6.0,14.0
3881.0,delete,74.71945328126482,3040.0,252.0,74.58050836725576,0.0,1.0,6.0,6.0,15.0
3882.0,add,74.48035354577857,3041.0,330.0,74.74910740346806,0.0,2.0,4.0,6.0,16.0
3883.0,add,74.88772044670387,3042.0,217.0,74.57426225427474,0.0,2.0,6.0,6.0,17.0
3884.0,delete,74.89458408412392,3043.0,332.0,74.74847569798743,0.0,2.0,4.0,4.0,18.0
3885.0,add,74.70295391515161,3044.0,316.0,74.66641734549184,0.0,2.0,5.0,7.0,14.0
3886.0,delete,74.65210132567982,3045.0,301.0,74.571632587058,0.0,4.0,6.0,9.0,12.0
3887.0,add,74.52232474240301,3046.0,280.0,74.58817779526557,0.0,5.0,7.0,7.0,13.0
3888.0,delete,74.90634243052622,3047.0,334.0,74.90476978199864,0.0,2.0,4.0,4.0,17.0
3889.0,delete,74.83745604347112,3047.0,334.0,74.90476978199864,0.0,2.0,3.0,4.0,17.0
3890.0,swap,74.90438021188383,3047.0,334.0,74.90476978199864,0.0,2.0,4.0,3.0,18.0
3891.0,add,74.85692112710888,3048.0,64.0,74.56348798978354,2.0,2.0,5.0,5.0,18.0
3892.0,add,74.34271403622456,3049.0,175.0,74.59083433887419,1.0,4.0,2.0,1.0,17.0
3893.0,add,74.6919544666289,3050.0,124.0,74.55655911548808,1.0,4.0,4.0,4.0,17.0
3894.0,add,74.93983736402281,3051.0,326.0,74.74365183680143,0.0,3.0,4.0,6.0,15.0
3895.0,add,74.48035445278019,3052.0,331.0,74.78741978443115,0.0,2.0,4.0,5.0,18.0
3896.0,add,74.5567328860665,3053.0,253.0,74.58186492523801,0.0,3.0,6.0,6.0,14.0
3897.0,delete,74.82733152223544,3054.0,333.0,74.88823711696995,0.0,2.0,3.0,4.0,18.0
3898.0,add,74.898604778466,3055.0,218.0,74.57289980720121,0.0,2.0,7.0,7.0,16.0
3899.0,delete,74.00078914421097,3056.0,317.0,74.71167553258098,0.0,2.0,3.0,7.0,15.0
3900.0,delete,74.53114865409266,3057.0,302.0,74.57351238149877,0.0,3.0,6.0,9.0,12.0
3901.0,delete,74.52893809144481,3058.0,281.0,74.59037844262708,0.0,5.0,7.0,8.0,11.0
3902.0,delete,74.84136857580836,3059.0,335.0,74.83745604347112,0.0,2.0,3.0,4.0,17.0
3903.0,add,74.71375353607864,3059.0,335.0,74.83745604347112,0.0,2.0,3.0,4.0,18.0
3904.0,delete,74.83745604347111,3059.0,335.0,74.83745604347112,0.0,2.0,3.0,3.0,17.0
3905.0,swap,74.76558523492565,3059.0,335.0,74.83745604347112,0.0,2.0,3.0,4.0,17.0
3906.0,add,74.36582565324132,3060.0,65.0,74.56300185404147,2.0,2.0,6.0,4.0,19.0
3907.0,delete,74.30794684154279,3061.0,125.0,74.55693590197313,1.0,4.0,5.0,4.0,15.0
3908.0,add,74.36384767514811,3062.0,176.0,74.5933136882148,1.0,5.0,2.0,2.0,16.0
3909.0,delete,74.88079359648295,3063.0,327.0,74.7340538904712,0.0,1.0,5.0,6.0,15.0
3910.0,delete,74.36534730115578,3064.0,254.0,74.58229040367559,0.0,3.0,6.0,6.0,13.0
3911.0,delete,74.8945840841239,3065.0,332.0,74.80939695957493,0.0,2.0,4.0,4.0,18.0
3912.0,delete,74.74909333992115,3066.0,219.0,74.57158457896512,0.0,2.0,7.0,6.0,16.0
3913.0,delete,73.96214682128274,3067.0,318.0,74.73983474771022,0.0,2.0,4.0,7.0,13.0
3914.0,delete,74.63127223379853,3068.0,303.0,74.5755603929584,0.0,3.0,6.0,8.0,12.0
3915.0,delete,74.89458408412393,3069.0,334.0,74.79912388675098,0.0,2.0,4.0,4.0,16.0
3916.0,add,74.47879667677525,3070.0,282.0,74.59435298739709,0.0,5.0,6.0,8.0,13.0
3917.0,add,74.71312316230677,3071.0,336.0,74.71375353607864,0.0,2.0,3.0,4.0,18.0
3918.0,delete,74.7177406525712,3071.0,336.0,74.71375353607864,0.0,2.0,3.0,4.0,17.0
3919.0,swap,74.58847503696065,3071.0,336.0,74.71375353607864,0.0,2.0,3.0,4.0,18.0
3920.0,delete,74.43358316408992,3072.0,66.0,74.56289921423881,2.0,3.0,6.0,4.0,17.0
3921.0,delete,74.24537112359452,3073.0,126.0,74.55818981322984,1.0,3.0,5.0,4.0,15.0
3922.0,add,74.39686779225019,3074.0,177.0,74.59516442864314,1.0,4.0,3.0,2.0,17.0
3923.0,delete,74.70825020891843,3075.0,328.0,74.74138457315598,0.0,2.0,4.0,6.0,14.0
3924.0,delete,74.50623092390664,3076.0,255.0,74.58340327140286,0.0,3.0,5.0,6.0,13.0
3925.0,delete,74.84107065205492,3077.0,333.0,74.80402817818165,0.0,2.0,4.0,3.0,18.0
3926.0,add,74.8221352025238,3078.0,335.0,74.6832730969793,0.0,2.0,3.0,4.0,18.0
3927.0,add,74.58182562061955,3079.0,220.0,74.57276156291371,0.0,2.0,7.0,6.0,17.0
3928.0,add,74.7092087542547,3080.0,319.0,74.75651986243564,0.0,3.0,4.0,7.0,13.0
3929.0,add,74.64151069019846,3081.0,304.0,74.58041623373889,0.0,3.0,5.0,9.0,13.0
3930.0,delete,74.71815031185754,3082.0,337.0,74.7177406525712,0.0,2.0,3.0,4.0,17.0
3931.0,add,74.76676273769034,3082.0,337.0,74.7177406525712,0.0,2.0,3.0,4.0,18.0
3932.0,delete,74.71774065257121,3082.0,337.0,74.7177406525712,0.0,2.0,3.0,3.0,17.0
3933.0,swap,74.76892668039866,3082.0,337.0,74.7177406525712,0.0,2.0,4.0,4.0,16.0
3934.0,add,74.62386592482426,3083.0,67.0,74.56322201908262,2.0,2.0,6.0,5.0,18.0
3935.0,delete,74.24745206669328,3084.0,127.0,74.56010566841265,1.0,3.0,5.0,3.0,15.0
3936.0,add,74.42097287239923,3085.0,178.0,74.59757008974032,1.0,4.0,3.0,4.0,16.0
3937.0,add,74.47435205952371,3086.0,283.0,74.6012503254855,0.0,5.0,7.0,9.0,12.0
3938.0,add,73.71954031071921,3087.0,329.0,74.74361238211665,0.0,2.0,4.0,5.0,16.0
3939.0,add,74.43707462489523,3088.0,256.0,74.58361834279144,0.0,2.0,6.0,6.0,14.0
3940.0,delete,74.74893502665986,3089.0,334.0,74.76451842533993,0.0,2.0,4.0,4.0,16.0
3941.0,delete,74.90340564618774,3090.0,221.0,74.57208641908383,0.0,2.0,7.0,5.0,17.0
3942.0,delete,74.71375353607864,3091.0,336.0,74.7378642070178,0.0,2.0,3.0,4.0,17.0
3943.0,add,74.70196911012457,3092.0,320.0,74.7509715860244,0.0,2.0,4.0,7.0,15.0
3944.0,add,74.62833466940685,3093.0,305.0,74.58013278749793,0.0,3.0,6.0,8.0,14.0
3945.0,add,74.76676273769033,3094.0,338.0,74.76676273769034,0.0,2.0,3.0,4.0,18.0
3946.0,delete,74.76676273769034,3094.0,338.0,74.76676273769034,0.0,2.0,3.0,4.0,17.0
3947.0,swap,73.60562875433408,3094.0,338.0,74.76676273769034,0.0,2.0,4.0,4.0,17.0
3948.0,add,74.6273158448905,3095.0,68.0,74.56289720899059,2.0,2.0,7.0,4.0,19.0
3949.0,delete,74.15090693568555,3096.0,128.0,74.56071495905213,1.0,4.0,4.0,2.0,15.0
3950.0,delete,74.79103240406292,3097.0,179.0,74.59807041919711,1.0,5.0,2.0,3.0,16.0
3951.0,add,74.51777976340477,3098.0,284.0,74.60036130582134,0.0,6.0,8.0,8.0,12.0
3952.0,add,74.77161847753553,3099.0,330.0,74.73181244939511,0.0,2.0,4.0,5.0,17.0
3953.0,add,74.83745604347112,3100.0,335.0,74.64459351836555,0.0,2.0,3.0,5.0,17.0
3954.0,add,74.31628340482939,3101.0,257.0,74.58509307582949,0.0,2.0,8.0,6.0,13.0
3955.0,delete,74.90082439732674,3102.0,222.0,74.56935471282763,0.0,2.0,7.0,5.0,16.0
3956.0,add,74.7655603744305,3103.0,337.0,74.47647924185127,0.0,2.0,4.0,4.0,17.0
3957.0,delete,74.76646502995436,3104.0,339.0,74.76676273769034,0.0,2.0,3.0,4.0,17.0
3958.0,delete,74.80602443468572,3104.0,339.0,74.76676273769034,0.0,2.0,3.0,4.0,16.0
3959.0,swap,74.81108609903384,3104.0,339.0,74.76676273769034,0.0,2.0,4.0,3.0,17.0
3960.0,add,74.5559015470189,3105.0,1.0,74.55275037682648,8.0,0.0,0.0,0.0,1.0
3961.0,delete,74.61751247186824,3106.0,306.0,74.58130525667376,0.0,3.0,5.0,8.0,14.0
3962.0,add,74.44081613146693,3107.0,285.0,74.60674234877051,0.0,6.0,8.0,8.0,13.0
3963.0,delete,74.44121116111333,3108.0,69.0,74.56394152027424,2.0,2.0,7.0,4.0,18.0
3964.0,delete,74.2953971628775,3109.0,180.0,74.59949477825063,1.0,4.0,3.0,3.0,15.0
3965.0,add,74.34428180801517,3110.0,129.0,74.5623399220043,1.0,4.0,5.0,2.0,15.0
3966.0,add,74.72418304720848,3111.0,321.0,74.74609333857077,0.0,2.0,4.0,8.0,15.0
3967.0,add,75.06892848717881,3112.0,331.0,74.74222089255605,0.0,2.0,4.0,5.0,18.0
3968.0,delete,74.93728949903588,3113.0,336.0,74.6685665183836,0.0,2.0,3.0,4.0,17.0
3969.0,delete,73.5594809913659,3114.0,338.0,74.78758457534107,0.0,2.0,3.0,4.0,17.0
3970.0,add,74.34383375667022,3115.0,258.0,74.59000181044436,0.0,2.0,8.0,6.0,14.0
3971.0,add,74.49178650942306,3116.0,223.0,74.56908720123526,0.0,2.0,7.0,7.0,15.0
3972.0,delete,74.79961270548898,3117.0,340.0,74.80602443468572,0.0,2.0,3.0,4.0,16.0
3973.0,delete,74.84947539380407,3117.0,340.0,74.80602443468572,0.0,2.0,3.0,4.0,15.0
3974.0,swap,74.37796527719645,3117.0,340.0,74.80602443468572,0.0,2.0,3.0,5.0,15.0
3975.0,delete,74.53371745636508,3118.0,307.0,74.58080626720795,0.0,4.0,4.0,7.0,14.0
3976.0,add,74.54049381856854,3119.0,2.0,74.55265249270191,8.0,1.0,1.0,0.0,0.0
3977.0,delete,74.53321264840966,3120.0,286.0,74.60893548413375,0.0,6.0,8.0,8.0,12.0
3978.0,delete,74.49777440868124,3121.0,70.0,74.56526204928512,2.0,3.0,7.0,4.0,16.0
3979.0,delete,74.60665281087545,3122.0,181.0,74.60096203387829,1.0,4.0,2.0,3.0,15.0
3980.0,delete,74.48180645922291,3123.0,130.0,74.56325027247333,1.0,5.0,5.0,1.0,14.0
3981.0,delete,74.70207402242593,3124.0,322.0,74.73744578716646,0.0,2.0,3.0,7.0,16.0
3982.0,delete,74.8945840841239,3125.0,332.0,74.7199413428866,0.0,2.0,4.0,5.0,17.0
3983.0,add,74.7177406525712,3126.0,337.0,74.55346560611373,0.0,2.0,3.0,5.0,17.0
3984.0,delete,74.83460523770793,3127.0,339.0,74.7082694527938,0.0,2.0,3.0,4.0,16.0
3985.0,delete,74.85994291638784,3128.0,341.0,74.84947539380407,0.0,2.0,3.0,4.0,15.0
3986.0,add,74.819380237748,3128.0,341.0,74.84947539380407,0.0,2.0,3.0,5.0,15.0
3987.0,delete,74.08169928190912,3128.0,341.0,74.84947539380407,0.0,2.0,3.0,4.0,14.0
3988.0,swap,74.69952132810742,3128.0,341.0,74.84947539380407,0.0,2.0,3.0,5.0,14.0
3989.0,add,74.22407628995062,3129.0,224.0,74.57097051210256,0.0,2.0,7.0,6.0,17.0
3990.0,add,74.61848413282694,3130.0,259.0,74.5948153966658,0.0,3.0,9.0,6.0,13.0
3991.0,delete,74.59408696479011,3131.0,287.0,74.61207707051625,0.0,5.0,8.0,8.0,12.0
3992.0,add,74.63041536454668,3132.0,3.0,74.55280340249358,8.0,1.0,1.0,0.0,1.0
3993.0,delete,74.3046646173905,3133.0,71.0,74.56733634568765,2.0,3.0,7.0,4.0,15.0
3994.0,delete,74.65835198988175,3134.0,182.0,74.60254367217239,1.0,4.0,2.0,3.0,14.0
3995.0,delete,74.51466325489422,3135.0,131.0,74.56423926836712,1.0,5.0,4.0,0.0,15.0
3996.0,add,74.62789349027592,3136.0,308.0,74.58832336801845,0.0,4.0,4.0,8.0,14.0
3997.0,delete,74.71438958669552,3137.0,323.0,74.7339773605756,0.0,2.0,4.0,7.0,14.0
3998.0,delete,74.91003253633667,3138.0,333.0,74.70530752122025,0.0,1.0,4.0,4.0,18.0
3999.0,delete,74.53311615516371,3139.0,338.0,74.61784782085229,0.0,2.0,3.0,4.0,17.0
4000.0,delete,74.72213560515274,3140.0,340.0,74.66200383159129,0.0,2.0,3.0,4.0,15.0
4001.0,delete,74.75484538657791,3141.0,324.0,74.72960525589237,0.0,2.0,4.0,6.0,14.0
4002.0,add,74.36442220632661,3142.0,260.0,74.59946191797822,0.0,3.0,8.0,6.0,15.0
4003.0,add,74.49702286558328,3143.0,225.0,74.57054221818674,0.0,2.0,7.0,6.0,18.0
4004.0,delete,74.36362088668837,3144.0,309.0,74.59406634631334,0.0,2.0,4.0,9.0,14.0
4005.0,add,74.81945822831239,3145.0,342.0,74.819380237748,0.0,2.0,3.0,5.0,15.0
4006.0,add,74.72625736126484,3145.0,342.0,74.819380237748,0.0,2.0,3.0,5.0,16.0
4007.0,delete,74.82296655552267,3145.0,342.0,74.819380237748,0.0,2.0,3.0,5.0,14.0
4008.0,swap,74.80508920773588,3145.0,342.0,74.819380237748,0.0,3.0,3.0,5.0,14.0
4009.0,add,74.70036149906466,3146.0,4.0,74.55287262038016,8.0,1.0,1.0,0.0,2.0
4010.0,add,74.28333844988141,3147.0,72.0,74.56970508359485,2.0,3.0,7.0,4.0,16.0
4011.0,delete,74.63078221325354,3148.0,132.0,74.56505918095174,1.0,5.0,5.0,0.0,13.0
4012.0,delete,74.65165750756765,3149.0,183.0,74.6026625083706,1.0,3.0,2.0,2.0,15.0
4013.0,delete,74.46228658583348,3150.0,288.0,74.61674005727778,0.0,5.0,8.0,7.0,12.0
4014.0,delete,74.83712937233372,3151.0,334.0,74.68920559422591,0.0,2.0,4.0,4.0,16.0
4015.0,delete,74.48819935865737,3152.0,339.0,74.71600955507313,0.0,2.0,3.0,4.0,16.0
4016.0,add,74.81915540156882,3153.0,341.0,74.79863031811676,0.0,2.0,3.0,4.0,16.0
4017.0,delete,74.61038089634086,3154.0,310.0,74.60162385661206,0.0,2.0,4.0,8.0,14.0
4018.0,add,74.6680345000561,3155.0,261.0,74.60407837197137,0.0,3.0,8.0,6.0,16.0
4019.0,add,74.7387230732359,3156.0,226.0,74.57137198819639,0.0,2.0,7.0,6.0,19.0
4020.0,add,74.8245152230178,3157.0,325.0,74.72716554777385,0.0,3.0,4.0,6.0,14.0
4021.0,delete,74.72975497854142,3158.0,340.0,74.72955286522853,0.0,2.0,3.0,4.0,15.0
4022.0,add,74.84223840556471,3159.0,289.0,74.61745480315311,0.0,6.0,7.0,8.0,12.0
4023.0,add,74.6359132350709,3160.0,184.0,74.60267421937043,1.0,2.0,3.0,3.0,15.0
4024.0,add,74.63041536454668,3161.0,5.0,74.55298452138122,8.0,1.0,1.0,0.0,3.0
4025.0,add,74.27633139250707,3162.0,73.0,74.57255783516106,2.0,4.0,8.0,4.0,15.0
4026.0,add,74.45356020181285,3163.0,133.0,74.56610023625645,1.0,5.0,4.0,0.0,15.0
4027.0,add,74.72625736126483,3164.0,343.0,74.72625736126484,0.0,2.0,3.0,5.0,16.0
4028.0,add,74.7414741062463,3164.0,343.0,74.72625736126484,0.0,2.0,3.0,5.0,17.0
4029.0,delete,74.87172280461414,3164.0,343.0,74.72625736126484,0.0,2.0,2.0,5.0,16.0
4030.0,swap,74.72625736126484,3164.0,343.0,74.72625736126484,0.0,2.0,3.0,5.0,16.0
4031.0,add,74.79261318324492,3165.0,335.0,74.67702061254666,0.0,2.0,3.0,4.0,18.0
4032.0,delete,74.60134833847377,3166.0,311.0,74.61053978832881,0.0,3.0,4.0,7.0,13.0
4033.0,delete,74.57578643104554,3167.0,262.0,74.60680659706004,0.0,4.0,8.0,6.0,14.0
4034.0,delete,74.69347861228243,3168.0,227.0,74.5723392928934,0.0,3.0,7.0,6.0,17.0
4035.0,add,74.78451271008277,3169.0,342.0,74.758393798931,0.0,2.0,3.0,5.0,16.0
4036.0,add,74.75855519053025,3170.0,326.0,74.72176518829592,0.0,2.0,5.0,6.0,15.0
4037.0,add,74.84947539380407,3171.0,341.0,74.78750284869324,0.0,2.0,3.0,4.0,16.0
4038.0,add,74.69735442142019,3172.0,290.0,74.61716541881334,0.0,5.0,7.0,9.0,13.0
4039.0,delete,74.48951675199376,3173.0,74.0,74.57492717124191,2.0,3.0,8.0,4.0,15.0
4040.0,add,74.51863435756866,3174.0,6.0,74.55316323156568,8.0,1.0,2.0,1.0,2.0
4041.0,add,74.58488125314148,3175.0,185.0,74.60423882168567,1.0,2.0,2.0,3.0,17.0
4042.0,add,74.48164175455476,3176.0,134.0,74.56780665672966,1.0,5.0,5.0,0.0,15.0
4043.0,delete,74.71375353607864,3177.0,336.0,74.67676694485911,0.0,2.0,3.0,4.0,17.0
4044.0,add,74.74452512003796,3178.0,344.0,74.7414741062463,0.0,2.0,3.0,5.0,17.0
4045.0,add,74.74389651949848,3178.0,344.0,74.7414741062463,0.0,2.0,3.0,5.0,18.0
4046.0,delete,74.54248772623329,3178.0,344.0,74.7414741062463,0.0,2.0,3.0,5.0,16.0
4047.0,swap,74.59665548752699,3178.0,344.0,74.7414741062463,0.0,3.0,3.0,5.0,16.0
4048.0,delete,74.44717683359168,3179.0,263.0,74.609638249694,0.0,4.0,8.0,5.0,14.0
4049.0,add,74.16452475138831,3180.0,312.0,74.61927823650687,0.0,3.0,5.0,7.0,13.0
4050.0,add,74.62707612600595,3181.0,228.0,74.572780029041,0.0,3.0,7.0,7.0,17.0
4051.0,delete,74.93638202313291,3182.0,327.0,74.71328717938532,0.0,2.0,4.0,6.0,15.0
4052.0,add,74.7595456890188,3183.0,343.0,74.6738077919086,0.0,3.0,3.0,5.0,16.0
4053.0,add,74.82430114287642,3184.0,342.0,74.72396293155028,0.0,2.0,3.0,5.0,16.0
4054.0,delete,74.48752420160417,3185.0,75.0,74.57572298559282,1.0,3.0,8.0,3.0,16.0
4055.0,add,74.57776642547071,3186.0,291.0,74.61394253045637,0.0,5.0,8.0,9.0,13.0
4056.0,add,74.66846435107826,3187.0,7.0,74.55321208745791,8.0,2.0,1.0,1.0,3.0
4057.0,add,74.63536752427447,3188.0,186.0,74.60470503028534,1.0,2.0,2.0,4.0,17.0
4058.0,add,74.46303866240352,3189.0,135.0,74.56918259071934,1.0,5.0,5.0,0.0,16.0
4059.0,add,74.71789260920369,3190.0,337.0,74.66748003082525,0.0,2.0,3.0,5.0,17.0
4060.0,add,74.74968660337235,3191.0,345.0,74.74389651949848,0.0,2.0,3.0,5.0,18.0
4061.0,delete,74.7414741062463,3191.0,345.0,74.74389651949848,0.0,2.0,3.0,5.0,17.0
4062.0,swap,74.19463416168789,3191.0,345.0,74.74389651949848,0.0,1.0,4.0,5.0,18.0
4063.0,delete,74.4546772939085,3192.0,264.0,74.61074935165186,0.0,4.0,7.0,6.0,13.0
4064.0,delete,74.70449160646172,3193.0,328.0,74.70935376454133,0.0,2.0,4.0,6.0,14.0
4065.0,add,74.31863667601549,3194.0,313.0,74.63461259169837,0.0,3.0,5.0,7.0,14.0
4066.0,add,74.59416210102503,3195.0,229.0,74.57272076726468,0.0,3.0,8.0,6.0,18.0
4067.0,add,74.7414741062463,3196.0,344.0,74.60742284770126,0.0,2.0,3.0,5.0,18.0
4068.0,delete,74.75121577994257,3197.0,346.0,74.7414741062463,0.0,2.0,3.0,5.0,17.0
4069.0,delete,74.74119013362258,3197.0,346.0,74.7414741062463,0.0,2.0,3.0,4.0,17.0
4070.0,swap,74.69971727225865,3197.0,346.0,74.7414741062463,0.0,3.0,2.0,5.0,17.0
4071.0,add,74.60174529178033,3198.0,76.0,74.57624413698112,1.0,3.0,9.0,4.0,15.0
4072.0,add,74.59767242858432,3199.0,8.0,74.5532804356033,8.0,2.0,1.0,1.0,4.0
4073.0,delete,74.58559082624043,3200.0,187.0,74.60491566915923,1.0,2.0,2.0,4.0,16.0
4074.0,add,74.45467973863975,3201.0,136.0,74.57004685072653,1.0,6.0,5.0,0.0,16.0
4075.0,add,74.70559961805893,3202.0,292.0,74.61160457842331,0.0,6.0,8.0,9.0,13.0
4076.0,delete,74.76676273769034,3203.0,338.0,74.6836258075328,0.0,2.0,3.0,3.0,18.0
4077.0,add,74.75182799800884,3204.0,343.0,74.67292129322604,0.0,2.0,4.0,5.0,16.0
4078.0,delete,74.35252269709433,3205.0,265.0,74.61355297856406,0.0,3.0,8.0,6.0,12.0
4079.0,delete,74.91845789386937,3206.0,345.0,74.73339932301752,0.0,2.0,3.0,5.0,17.0
4080.0,delete,74.01500808275382,3207.0,314.0,74.64720145271671,0.0,2.0,4.0,7.0,15.0
4081.0,delete,74.81764674073858,3208.0,230.0,74.57520968371968,0.0,3.0,8.0,6.0,17.0
4082.0,add,74.77034736708653,3209.0,329.0,74.71051993751203,0.0,2.0,4.0,6.0,15.0
4083.0,delete,74.74119013362258,3210.0,347.0,74.74119013362258,0.0,2.0,3.0,4.0,17.0
4084.0,delete,74.74748048219456,3210.0,347.0,74.74119013362258,0.0,2.0,2.0,4.0,17.0
4085.0,swap,73.8132848539822,3210.0,347.0,74.74119013362258,0.0,2.0,4.0,4.0,16.0
4086.0,add,74.37004497365159,3211.0,77.0,74.57631293639956,1.0,5.0,8.0,4.0,15.0
4087.0,delete,74.58240615280086,3212.0,188.0,74.60490880498364,1.0,2.0,2.0,4.0,15.0
4088.0,add,74.57017690349667,3213.0,9.0,74.55314810675344,8.0,2.0,1.0,3.0,3.0
4089.0,delete,74.45615120430685,3214.0,137.0,74.57062837016241,1.0,6.0,4.0,0.0,16.0
4090.0,add,74.70176633869102,3215.0,293.0,74.60921667660934,0.0,6.0,8.0,10.0,13.0
4091.0,delete,75.04266781222367,3216.0,339.0,74.69668264530034,0.0,2.0,2.0,4.0,17.0
4092.0,add,74.73054338962602,3217.0,344.0,74.63197517054532,0.0,2.0,3.0,5.0,18.0
4093.0,delete,74.24922658022825,3218.0,266.0,74.61585622103613,0.0,2.0,7.0,6.0,13.0
4094.0,delete,74.74147410624629,3219.0,346.0,74.51078640085548,0.0,2.0,3.0,4.0,17.0
4095.0,delete,74.17177826131238,3220.0,315.0,74.65891535002656,0.0,3.0,4.0,6.0,14.0
4096.0,delete,74.0270054819531,3221.0,231.0,74.57885418732572,0.0,3.0,8.0,6.0,16.0
4097.0,delete,74.74748048219456,3222.0,348.0,74.74748048219456,0.0,2.0,2.0,4.0,17.0
4098.0,add,74.80491924259051,3222.0,348.0,74.74748048219456,0.0,2.0,3.0,4.0,17.0
4099.0,delete,74.73234563275196,3222.0,348.0,74.74748048219456,0.0,2.0,2.0,4.0,16.0
4100.0,swap,74.6962707462391,3222.0,348.0,74.74748048219456,0.0,3.0,2.0,4.0,16.0
4101.0,add,74.53835083442124,3223.0,189.0,74.60552227824819,1.0,2.0,2.0,5.0,15.0
4102.0,add,74.63609226248671,3224.0,78.0,74.57620841619521,1.0,4.0,9.0,4.0,16.0
4103.0,delete,74.75471350515943,3225.0,294.0,74.60865636551826,0.0,6.0,8.0,9.0,13.0
4104.0,add,74.6653795970348,3226.0,10.0,74.55308828799663,8.0,3.0,1.0,2.0,4.0
4105.0,add,74.43305482272667,3227.0,138.0,74.57171369743861,1.0,6.0,5.0,0.0,16.0
4106.0,add,74.55012393979472,3228.0,330.0,74.72127331155951,0.0,2.0,5.0,5.0,16.0
4107.0,delete,74.72975497854142,3229.0,340.0,74.70739559626729,0.0,2.0,3.0,4.0,15.0
4108.0,delete,74.68445254464558,3230.0,267.0,74.61799737406461,0.0,2.0,7.0,6.0,12.0
4109.0,delete,74.56852319880255,3231.0,345.0,74.6828077589047,0.0,2.0,3.0,5.0,17.0
4110.0,delete,74.5907802292452,3232.0,347.0,74.74569931719414,0.0,2.0,2.0,4.0,17.0
4111.0,delete,74.82062531364808,3233.0,232.0,74.58252740378357,0.0,3.0,8.0,6.0,15.0
4112.0,add,73.87294741349349,3234.0,316.0,74.68340835562434,0.0,2.0,4.0,7.0,15.0
4113.0,add,74.80449355292924,3235.0,349.0,74.80491924259051,0.0,2.0,3.0,4.0,17.0
4114.0,add,74.80783868558626,3235.0,349.0,74.80491924259051,0.0,3.0,3.0,4.0,17.0
4115.0,delete,74.62127573306846,3235.0,349.0,74.80491924259051,0.0,2.0,3.0,4.0,16.0
4116.0,swap,74.71534219092081,3235.0,349.0,74.80491924259051,0.0,2.0,2.0,5.0,17.0
4117.0,delete,74.31037709317323,3236.0,79.0,74.57629347697922,1.0,4.0,8.0,4.0,16.0
4118.0,delete,74.67713371384622,3237.0,190.0,74.60578718746146,1.0,2.0,2.0,4.0,15.0
4119.0,delete,74.65115813017945,3238.0,295.0,74.60541038211392,0.0,6.0,7.0,9.0,13.0
4120.0,add,74.43508580621639,3239.0,11.0,74.5530478694628,8.0,3.0,1.0,2.0,5.0
4121.0,add,74.45132455847721,3240.0,139.0,74.57280841816406,1.0,6.0,4.0,0.0,18.0
4122.0,add,74.81715940526665,3241.0,331.0,74.71892964435823,0.0,2.0,4.0,5.0,18.0
4123.0,delete,74.71138400866043,3242.0,268.0,74.61787325398308,0.0,1.0,7.0,6.0,12.0
4124.0,add,74.8488602874098,3243.0,341.0,74.7113414078542,0.0,2.0,3.0,5.0,15.0
4125.0,delete,74.93862635718583,3244.0,346.0,74.66466901465674,0.0,2.0,3.0,5.0,16.0
4126.0,delete,74.6322244083981,3245.0,233.0,74.5833336126152,0.0,3.0,7.0,6.0,15.0
4127.0,delete,74.20220312750702,3246.0,317.0,74.70476945541589,0.0,2.0,4.0,7.0,14.0
4128.0,add,74.73234563275196,3247.0,348.0,74.75077388101906,0.0,2.0,2.0,4.0,18.0
4129.0,delete,74.94437450113747,3248.0,332.0,74.72103715827237,0.0,2.0,4.0,5.0,17.0
4130.0,delete,74.7260038754748,3249.0,347.0,74.72732478277022,0.0,2.0,3.0,4.0,16.0
4131.0,delete,74.84217975340448,3250.0,191.0,74.60579827063297,1.0,2.0,1.0,4.0,15.0
4132.0,delete,74.65470622882182,3251.0,80.0,74.57669983825495,1.0,4.0,7.0,4.0,16.0
4133.0,delete,74.73384420329694,3252.0,296.0,74.6060115219691,0.0,6.0,7.0,8.0,13.0
4134.0,add,74.81912704723425,3253.0,342.0,74.70096897360504,0.0,2.0,3.0,5.0,16.0
4135.0,add,74.80600827304609,3254.0,350.0,74.80783868558626,0.0,3.0,3.0,4.0,17.0
4136.0,delete,74.86727368873883,3254.0,350.0,74.80783868558626,0.0,3.0,3.0,4.0,16.0
4137.0,swap,74.8136564022536,3254.0,350.0,74.80783868558626,0.0,3.0,4.0,4.0,16.0
4138.0,add,74.50694872177722,3255.0,12.0,74.5542013590166,8.0,3.0,2.0,2.0,5.0
4139.0,add,74.47750346254585,3256.0,140.0,74.57486034255561,1.0,6.0,4.0,0.0,19.0
4140.0,add,74.82208728091662,3257.0,269.0,74.61840279032222,0.0,2.0,7.0,7.0,11.0
4141.0,delete,74.55930757830772,3258.0,234.0,74.58537351740007,0.0,2.0,8.0,5.0,15.0
4142.0,delete,74.20285303266878,3259.0,318.0,74.72181010564354,0.0,2.0,4.0,7.0,13.0
4143.0,add,73.86714060089366,3260.0,349.0,74.82369426240619,0.0,2.0,3.0,4.0,18.0
4144.0,delete,74.89458408412393,3261.0,333.0,74.71247171342253,0.0,2.0,4.0,4.0,17.0
4145.0,delete,74.8627193408771,3262.0,351.0,74.86727368873883,0.0,3.0,3.0,4.0,16.0
4146.0,delete,74.86727368873883,3262.0,351.0,74.86727368873883,0.0,3.0,3.0,3.0,16.0
4147.0,swap,74.91849013212774,3262.0,351.0,74.86727368873883,0.0,3.0,3.0,5.0,15.0
4148.0,delete,74.84976197762731,3263.0,81.0,74.57673975607933,1.0,3.0,6.0,4.0,17.0
4149.0,delete,74.84409841848226,3264.0,192.0,74.60469193364412,1.0,2.0,2.0,4.0,13.0
4150.0,add,74.6770907276044,3265.0,297.0,74.60592648148749,0.0,6.0,7.0,9.0,13.0
4151.0,delete,74.46879583234714,3266.0,141.0,74.57586677095591,1.0,6.0,4.0,0.0,18.0
4152.0,add,74.43883758954306,3267.0,13.0,74.55484929534576,8.0,5.0,1.0,2.0,5.0
4153.0,add,74.81341986734566,3268.0,343.0,74.69202608389764,0.0,2.0,4.0,5.0,16.0
4154.0,add,74.84173053623374,3269.0,348.0,74.72990593573255,0.0,2.0,2.0,4.0,18.0
4155.0,add,74.6750168863173,3270.0,270.0,74.61790940621445,0.0,3.0,8.0,6.0,11.0
4156.0,delete,74.75377621454858,3271.0,350.0,74.87893921262062,0.0,3.0,3.0,4.0,16.0
4157.0,add,74.72851109536604,3272.0,235.0,74.5853025118277,0.0,2.0,7.0,6.0,16.0
4158.0,add,74.87864345759091,3273.0,319.0,74.73243389230774,0.0,2.0,4.0,8.0,13.0
4159.0,delete,75.01798159279404,3274.0,334.0,74.71015291582289,0.0,2.0,3.0,4.0,17.0
4160.0,delete,74.83909645719169,3275.0,352.0,74.86727368873883,0.0,3.0,3.0,3.0,16.0
4161.0,delete,74.94255641908492,3275.0,352.0,74.86727368873883,0.0,3.0,3.0,3.0,15.0
4162.0,swap,74.87274072889909,3275.0,352.0,74.86727368873883,0.0,3.0,3.0,3.0,16.0
4163.0,delete,74.6966317874294,3276.0,82.0,74.5768580483513,1.0,4.0,5.0,4.0,16.0
4164.0,delete,74.74625092201386,3277.0,193.0,74.60562009379557,1.0,2.0,1.0,3.0,14.0
4165.0,delete,74.53180275165896,3278.0,298.0,74.61011957938842,0.0,6.0,7.0,8.0,13.0
4166.0,add,74.7366169705309,3279.0,344.0,74.71267763037925,0.0,2.0,3.0,5.0,18.0
4167.0,add,74.47810419833998,3280.0,142.0,74.57790373029495,1.0,6.0,4.0,0.0,19.0
4168.0,add,74.5186130482825,3281.0,14.0,74.55601497204667,8.0,4.0,1.0,2.0,7.0
4169.0,add,74.80355641688168,3282.0,349.0,74.7682142193322,0.0,3.0,3.0,4.0,17.0
4170.0,delete,74.84024155674865,3283.0,351.0,74.88041682347864,0.0,3.0,3.0,4.0,15.0
4171.0,add,74.55884070635229,3284.0,271.0,74.62053658296512,0.0,4.0,7.0,6.0,12.0
4172.0,delete,74.60483270993488,3285.0,236.0,74.58674896367239,0.0,2.0,7.0,6.0,15.0
4173.0,delete,74.93764443780513,3286.0,353.0,74.94255641908492,0.0,3.0,3.0,3.0,15.0
4174.0,add,74.94286619813867,3286.0,353.0,74.94255641908492,0.0,3.0,3.0,3.0,16.0
4175.0,delete,74.9423326144171,3286.0,353.0,74.94255641908492,0.0,3.0,3.0,3.0,14.0
4176.0,swap,74.86727368873883,3286.0,353.0,74.94255641908492,0.0,3.0,3.0,4.0,14.0
4177.0,delete,74.8311066642485,3287.0,194.0,74.60592906224528,1.0,2.0,2.0,3.0,12.0
4178.0,add,74.55376885020317,3288.0,83.0,74.57677145295747,1.0,4.0,7.0,4.0,15.0
4179.0,delete,74.34772662529564,3289.0,299.0,74.61796398096243,0.0,5.0,7.0,9.0,12.0
4180.0,add,74.64348972534032,3290.0,320.0,74.74218810060327,0.0,2.0,4.0,7.0,15.0
4181.0,add,74.82733152223544,3291.0,335.0,74.71807627163408,0.0,2.0,3.0,4.0,18.0
4182.0,delete,74.38647685310195,3292.0,143.0,74.57963916739044,1.0,5.0,4.0,0.0,19.0
4183.0,delete,74.74843072398647,3293.0,345.0,74.74920269292724,0.0,2.0,3.0,5.0,17.0
4184.0,add,74.5186130482825,3294.0,15.0,74.55678150386649,8.0,4.0,1.0,2.0,8.0
4185.0,delete,74.80083098051108,3295.0,350.0,74.8810988589273,0.0,3.0,3.0,4.0,16.0
4186.0,delete,74.94255641908492,3296.0,352.0,74.92653467163693,0.0,3.0,3.0,3.0,15.0
4187.0,delete,74.64556262385427,3297.0,237.0,74.58944306433874,0.0,2.0,7.0,5.0,15.0
4188.0,add,74.63749620096966,3298.0,272.0,74.62278137536678,0.0,4.0,9.0,6.0,11.0
4189.0,delete,74.45357314263713,3299.0,336.0,74.71982618118209,0.0,2.0,3.0,4.0,17.0
4190.0,add,74.70627690502846,3300.0,321.0,74.74403183297795,0.0,3.0,4.0,7.0,15.0
4191.0,add,74.94286619813867,3301.0,354.0,74.94286619813867,0.0,3.0,3.0,3.0,16.0
4192.0,add,74.94786788566066,3301.0,354.0,74.94286619813867,0.0,4.0,3.0,3.0,16.0
4193.0,delete,74.86682534869199,3301.0,354.0,74.94286619813867,0.0,3.0,3.0,3.0,15.0
4194.0,swap,74.88451602865888,3301.0,354.0,74.94286619813867,0.0,3.0,3.0,4.0,15.0
4195.0,add,74.8247968588035,3302.0,84.0,74.57635365684007,1.0,4.0,8.0,4.0,15.0
4196.0,add,74.8385077500937,3303.0,195.0,74.60600793869308,1.0,2.0,2.0,4.0,12.0
4197.0,delete,74.38695517534987,3304.0,144.0,74.58163290051223,1.0,5.0,4.0,0.0,18.0
4198.0,delete,74.75906535173924,3305.0,300.0,74.6281978802898,0.0,5.0,6.0,9.0,12.0
4199.0,delete,74.8543689903387,3306.0,346.0,74.77254103235896,0.0,2.0,3.0,5.0,16.0
4200.0,add,74.51621326401843,3307.0,16.0,74.55771988793914,8.0,4.0,2.0,2.0,8.0
4201.0,delete,74.94255641908491,3308.0,351.0,74.90261840499986,0.0,3.0,3.0,4.0,15.0
4202.0,delete,74.50877161301487,3309.0,238.0,74.59233602250248,0.0,2.0,7.0,5.0,14.0
4203.0,add,74.93351218683895,3310.0,353.0,74.91698833185777,0.0,3.0,3.0,3.0,16.0
4204.0,add,74.68805998059905,3311.0,273.0,74.62530722846734,0.0,5.0,8.0,6.0,12.0
4205.0,delete,74.74056427412302,3312.0,322.0,74.74943478769798,0.0,2.0,4.0,7.0,15.0
4206.0,add,74.71496355428079,3313.0,337.0,74.73046498695484,0.0,2.0,4.0,4.0,17.0
4207.0,delete,74.85053312462831,3314.0,196.0,74.60556415180169,1.0,2.0,2.0,3.0,12.0
4208.0,delete,74.65817127687102,3315.0,301.0,74.6308947378585,0.0,4.0,6.0,8.0,13.0
4209.0,delete,74.91745908078899,3316.0,85.0,74.57586298459643,1.0,4.0,6.0,4.0,16.0
4210.0,delete,74.94255641908492,3317.0,352.0,74.92280158411444,0.0,3.0,3.0,3.0,15.0
4211.0,delete,74.74166627795472,3318.0,347.0,74.80812927607865,0.0,2.0,3.0,3.0,17.0
4212.0,add,74.94501885683411,3319.0,355.0,74.94786788566066,0.0,4.0,3.0,3.0,16.0
4213.0,delete,74.68148332616306,3319.0,355.0,74.94786788566066,0.0,4.0,3.0,3.0,15.0
4214.0,swap,74.91565512134272,3319.0,355.0,74.94786788566066,0.0,4.0,4.0,3.0,15.0
4215.0,add,74.56061706089845,3320.0,145.0,74.58366024873365,1.0,7.0,4.0,0.0,17.0
4216.0,add,74.37569275173487,3321.0,17.0,74.55873517237241,8.0,4.0,2.0,2.0,9.0
4217.0,delete,74.47927655378945,3322.0,239.0,74.59527498317293,0.0,2.0,7.0,5.0,13.0
4218.0,add,74.94286619813867,3323.0,354.0,74.87250629750014,0.0,3.0,3.0,3.0,17.0
4219.0,delete,74.73079871070634,3324.0,323.0,74.75246246521172,0.0,2.0,4.0,6.0,15.0
4220.0,add,74.64423458461938,3325.0,274.0,74.62768694303954,0.0,6.0,8.0,6.0,12.0
4221.0,delete,74.83460523770793,3326.0,338.0,74.74839536277443,0.0,2.0,3.0,4.0,17.0
4222.0,delete,74.63630662226623,3327.0,302.0,74.63493629934308,0.0,3.0,5.0,9.0,13.0
4223.0,add,74.85316257112625,3328.0,197.0,74.60567307596183,1.0,1.0,3.0,3.0,13.0
4224.0,delete,74.92136446809302,3329.0,86.0,74.57531153981266,1.0,4.0,7.0,3.0,15.0
4225.0,delete,74.68289809291412,3330.0,356.0,74.68148332616306,0.0,4.0,3.0,3.0,15.0
4226.0,delete,74.65036506537344,3330.0,356.0,74.68148332616306,0.0,3.0,3.0,3.0,15.0
4227.0,swap,74.99628202516787,3330.0,356.0,74.68148332616306,0.0,4.0,4.0,3.0,14.0
4228.0,delete,74.55183353612765,3331.0,146.0,74.58513774022879,1.0,6.0,4.0,0.0,17.0
4229.0,add,74.86242410967972,3332.0,348.0,74.82728122512252,0.0,2.0,2.0,4.0,18.0
4230.0,add,74.93134357112338,3333.0,353.0,74.87177096400475,0.0,3.0,3.0,3.0,16.0
4231.0,delete,74.73527020995242,3334.0,240.0,74.59708058283,0.0,2.0,7.0,5.0,12.0
4232.0,add,74.7052548358743,3335.0,18.0,74.56024532456402,8.0,4.0,3.0,2.0,9.0
4233.0,delete,74.96406904041275,3336.0,355.0,74.75275712740462,0.0,4.0,3.0,3.0,15.0
4234.0,delete,74.69844566479541,3337.0,324.0,74.75430557969591,0.0,2.0,4.0,5.0,15.0
4235.0,delete,74.57386461454966,3338.0,275.0,74.62926646320433,0.0,5.0,7.0,6.0,13.0
4236.0,delete,74.72249204224659,3339.0,339.0,74.76686308977219,0.0,2.0,3.0,4.0,16.0
4237.0,delete,74.53362368877632,3340.0,303.0,74.63880336681842,0.0,3.0,6.0,8.0,12.0
4238.0,delete,74.65167717645318,3341.0,357.0,74.65036506537344,0.0,3.0,3.0,3.0,15.0
4239.0,add,74.66245742835116,3341.0,357.0,74.65036506537344,0.0,3.0,3.0,3.0,16.0
4240.0,delete,74.83063177818451,3341.0,357.0,74.65036506537344,0.0,2.0,3.0,3.0,15.0
4241.0,swap,74.95468550526984,3341.0,357.0,74.65036506537344,0.0,4.0,3.0,3.0,14.0
4242.0,delete,74.93421383311495,3342.0,87.0,74.57479185964088,1.0,4.0,6.0,4.0,14.0
4243.0,delete,74.35114329712938,3343.0,147.0,74.58664714567497,1.0,5.0,4.0,0.0,17.0
4244.0,add,74.65448389710367,3344.0,198.0,74.60635830079306,1.0,1.0,3.0,3.0,14.0
4245.0,add,74.90156386241712,3345.0,349.0,74.839150165405,0.0,2.0,3.0,4.0,18.0
4246.0,add,74.94432571993205,3346.0,354.0,74.83276596155892,0.0,3.0,3.0,4.0,16.0
4247.0,add,74.65550635305317,3347.0,241.0,74.59953356823507,0.0,2.0,6.0,5.0,14.0
4248.0,add,74.40297506049781,3348.0,19.0,74.56155884409341,8.0,4.0,2.0,2.0,11.0
4249.0,delete,74.73605193787435,3349.0,340.0,74.77270884119031,0.0,2.0,3.0,4.0,15.0
4250.0,add,74.87930684037447,3350.0,325.0,74.75468845049343,0.0,2.0,4.0,6.0,15.0
4251.0,add,74.65161485495912,3351.0,276.0,74.63071852011527,0.0,5.0,7.0,6.0,14.0
4252.0,delete,74.68148332616308,3352.0,356.0,74.74996339072642,0.0,4.0,3.0,2.0,15.0
4253.0,add,74.66577998231294,3353.0,304.0,74.64301576761878,0.0,4.0,5.0,8.0,13.0
4254.0,delete,74.84568058261624,3354.0,88.0,74.57402083905474,1.0,4.0,6.0,3.0,14.0
4255.0,add,74.6642247579949,3355.0,358.0,74.66245742835116,0.0,3.0,3.0,3.0,16.0
4256.0,add,74.82729063466456,3355.0,358.0,74.66245742835116,0.0,4.0,3.0,3.0,16.0
4257.0,delete,74.63770793963451,3355.0,358.0,74.66245742835116,0.0,3.0,3.0,3.0,15.0
4258.0,swap,74.68166405524546,3355.0,358.0,74.66245742835116,0.0,2.0,3.0,3.0,17.0
4259.0,delete,74.46788703411028,3356.0,148.0,74.58806007183813,1.0,4.0,4.0,0.0,17.0
4260.0,add,73.9851860812501,3357.0,199.0,74.60691648212348,1.0,1.0,2.0,3.0,16.0
4261.0,delete,74.80491924259051,3358.0,350.0,74.85132933344325,0.0,2.0,3.0,4.0,17.0
4262.0,delete,74.93864730803267,3359.0,355.0,74.7547800108566,0.0,4.0,3.0,3.0,15.0
4263.0,add,74.35324169732473,3360.0,242.0,74.60174544392214,0.0,3.0,6.0,5.0,14.0
4264.0,add,74.50438129335184,3361.0,20.0,74.56237777702823,8.0,5.0,2.0,2.0,11.0
4265.0,add,74.75050035710143,3362.0,341.0,74.7782348488558,0.0,2.0,3.0,4.0,16.0
4266.0,delete,74.70837774629292,3363.0,277.0,74.63124264854291,0.0,5.0,7.0,6.0,13.0
4267.0,add,74.85789417418538,3364.0,326.0,74.75113000762614,0.0,3.0,4.0,6.0,15.0
4268.0,add,74.66245742835116,3365.0,357.0,74.69466896317812,0.0,3.0,3.0,3.0,16.0
4269.0,delete,74.50677906620642,3366.0,89.0,74.57337240659793,1.0,3.0,6.0,3.0,14.0
4270.0,add,74.62765712258907,3367.0,305.0,74.64624060056012,0.0,3.0,6.0,8.0,14.0
4271.0,delete,74.67122028007927,3368.0,356.0,74.71860409960779,0.0,4.0,3.0,3.0,14.0
4272.0,add,74.17038930497753,3369.0,200.0,74.6098885997719,1.0,2.0,2.0,3.0,16.0
4273.0,delete,74.46254111354972,3370.0,149.0,74.58859598953437,1.0,5.0,3.0,0.0,16.0
4274.0,delete,74.86656159218421,3371.0,351.0,74.84548044438033,0.0,3.0,3.0,4.0,15.0
4275.0,add,74.81728583681752,3372.0,359.0,74.82729063466456,0.0,4.0,3.0,3.0,16.0
4276.0,add,74.82980379204085,3372.0,359.0,74.82729063466456,0.0,4.0,4.0,3.0,16.0
4277.0,delete,74.86060747162685,3372.0,359.0,74.82729063466456,0.0,3.0,3.0,3.0,16.0
4278.0,swap,74.84149909801373,3372.0,359.0,74.82729063466456,0.0,4.0,4.0,3.0,15.0
4279.0,delete,74.1683146631448,3373.0,243.0,74.60516212292954,0.0,3.0,6.0,4.0,14.0
4280.0,add,74.28693548186428,3374.0,21.0,74.56319333401679,8.0,4.0,3.0,2.0,12.0
4281.0,delete,74.65505221221622,3375.0,278.0,74.6330329492489,0.0,5.0,6.0,6.0,13.0
4282.0,delete,74.91440646554703,3376.0,327.0,74.74989323013325,0.0,2.0,5.0,6.0,14.0
4283.0,add,74.87521147050781,3377.0,342.0,74.7759314193167,0.0,2.0,3.0,6.0,15.0
4284.0,delete,74.64466604696928,3378.0,306.0,74.65022130174474,0.0,4.0,4.0,8.0,14.0
4285.0,add,74.73331801725324,3379.0,90.0,74.57323735530484,1.0,4.0,6.0,3.0,14.0
4286.0,add,74.7120916565813,3380.0,358.0,74.8352973666327,0.0,3.0,3.0,4.0,16.0
4287.0,delete,74.88502966143457,3381.0,201.0,74.61341153672734,1.0,1.0,2.0,3.0,16.0
4288.0,delete,74.68014105043882,3382.0,150.0,74.59021747033543,1.0,5.0,2.0,0.0,16.0
4289.0,delete,74.94412905581041,3383.0,352.0,74.83777221372436,0.0,3.0,2.0,3.0,16.0
4290.0,add,73.5196530955995,3384.0,357.0,74.74519000902927,0.0,3.0,3.0,3.0,16.0
4291.0,add,74.8317593472171,3385.0,360.0,74.82980379204085,0.0,4.0,4.0,3.0,16.0
4292.0,add,74.79881382505498,3385.0,360.0,74.82980379204085,0.0,4.0,4.0,3.0,17.0
4293.0,delete,74.82980379204085,3385.0,360.0,74.82980379204085,0.0,4.0,4.0,2.0,16.0
4294.0,swap,74.67999551634564,3385.0,360.0,74.82980379204085,0.0,3.0,5.0,3.0,16.0
4295.0,add,74.3231822802411,3386.0,244.0,74.60948813988888,0.0,3.0,6.0,5.0,14.0
4296.0,add,74.281039530531,3387.0,22.0,74.56458611546212,8.0,4.0,3.0,3.0,12.0
4297.0,add,74.47034708704383,3388.0,279.0,74.63366754709413,0.0,5.0,7.0,6.0,13.0
4298.0,delete,74.70825020891843,3389.0,328.0,74.74578364817698,0.0,2.0,4.0,5.0,15.0
4299.0,delete,74.52684318907421,3390.0,307.0,74.65017617935236,0.0,4.0,4.0,8.0,13.0
4300.0,add,74.73711792209224,3391.0,343.0,74.76453740461132,0.0,2.0,4.0,5.0,16.0
4301.0,add,74.7356813352197,3392.0,91.0,74.57276879063778,1.0,4.0,7.0,3.0,14.0
4302.0,add,74.74661025903245,3393.0,359.0,74.79403525453989,0.0,4.0,3.0,3.0,17.0
4303.0,add,74.45600368719255,3394.0,202.0,74.61393373676076,1.0,2.0,2.0,3.0,16.0
4304.0,add,74.57289538392531,3395.0,151.0,74.59088249756101,1.0,5.0,3.0,0.0,16.0
4305.0,add,74.85794987339858,3396.0,353.0,74.78217518390576,0.0,3.0,3.0,3.0,16.0
4306.0,add,74.93232781352104,3397.0,358.0,74.79777829358507,0.0,3.0,3.0,3.0,17.0
4307.0,add,74.81100556014431,3398.0,361.0,74.79881382505498,0.0,4.0,4.0,3.0,17.0
4308.0,delete,74.78197316874665,3398.0,361.0,74.79881382505498,0.0,4.0,4.0,3.0,16.0
4309.0,swap,74.6714232481445,3398.0,361.0,74.79881382505498,0.0,5.0,4.0,2.0,17.0
4310.0,add,74.50534497575434,3399.0,245.0,74.61301679464468,0.0,4.0,6.0,5.0,14.0
4311.0,add,74.77034559885482,3400.0,329.0,74.74731637531796,0.0,2.0,4.0,6.0,15.0
4312.0,add,74.29463931146402,3401.0,23.0,74.56573485346226,8.0,4.0,3.0,3.0,13.0
4313.0,add,74.5654147943661,3402.0,280.0,74.63662116261713,0.0,5.0,7.0,7.0,13.0
4314.0,add,74.40379227558019,3403.0,360.0,74.76580395052261,0.0,4.0,4.0,3.0,17.0
4315.0,add,74.50741523265307,3404.0,308.0,74.65575626657183,0.0,4.0,4.0,8.0,14.0
4316.0,delete,74.62464001035147,3405.0,92.0,74.57259548100586,0.0,4.0,6.0,3.0,15.0
4317.0,add,74.8273635055457,3406.0,344.0,74.76703883798531,0.0,2.0,3.0,5.0,18.0
4318.0,delete,74.78197316874665,3407.0,362.0,74.78197316874665,0.0,4.0,4.0,3.0,16.0
4319.0,delete,74.81750290651506,3407.0,362.0,74.78197316874665,0.0,3.0,4.0,3.0,16.0
4320.0,swap,74.88847038017848,3407.0,362.0,74.78197316874665,0.0,4.0,4.0,3.0,16.0
4321.0,add,74.50898438466356,3408.0,152.0,74.59219195023353,1.0,6.0,3.0,0.0,16.0
4322.0,add,73.3414275116625,3409.0,203.0,74.6187544917095,1.0,1.0,2.0,4.0,17.0
4323.0,add,74.94283022428804,3410.0,354.0,74.75832612591003,0.0,3.0,3.0,3.0,17.0
4324.0,add,74.82729063466456,3411.0,359.0,74.75945594152212,0.0,4.0,3.0,4.0,16.0
4325.0,delete,74.86368285513404,3412.0,361.0,74.81747990604671,0.0,4.0,3.0,3.0,17.0
4326.0,add,74.44845288579343,3413.0,246.0,74.61545132303327,0.0,3.0,6.0,5.0,16.0
4327.0,delete,74.46432807705581,3414.0,24.0,74.56659398480681,7.0,4.0,3.0,3.0,13.0
4328.0,delete,74.71376829576297,3415.0,281.0,74.63932315809777,0.0,5.0,6.0,8.0,12.0
4329.0,add,74.47944858883373,3416.0,330.0,74.75687509396009,0.0,3.0,4.0,5.0,16.0
4330.0,delete,74.17751512954068,3417.0,309.0,74.66140130505214,0.0,3.0,4.0,9.0,13.0
4331.0,delete,74.6878437650604,3418.0,93.0,74.57230588058505,1.0,4.0,6.0,2.0,14.0
4332.0,delete,74.64059347282983,3419.0,345.0,74.77904764601047,0.0,1.0,3.0,5.0,18.0
4333.0,delete,74.80588546263367,3420.0,363.0,74.81750290651506,0.0,3.0,4.0,3.0,16.0
4334.0,add,74.73288766125923,3420.0,363.0,74.81750290651506,0.0,3.0,4.0,3.0,17.0
4335.0,delete,74.81750290651506,3420.0,363.0,74.81750290651506,0.0,3.0,4.0,3.0,15.0
4336.0,swap,74.74395475745607,3420.0,363.0,74.81750290651506,0.0,3.0,4.0,4.0,15.0
4337.0,delete,74.52427753500079,3421.0,153.0,74.59277001837604,1.0,5.0,3.0,0.0,16.0
4338.0,delete,74.21437015785607,3422.0,204.0,74.62199602814864,1.0,1.0,2.0,4.0,16.0
4339.0,delete,74.94783457362315,3423.0,355.0,74.74254384900158,0.0,4.0,3.0,3.0,15.0
4340.0,add,74.83442579321128,3424.0,360.0,74.7629898597007,0.0,4.0,5.0,3.0,16.0
4341.0,delete,74.72613825133287,3425.0,346.0,74.78350521639864,0.0,2.0,3.0,5.0,16.0
4342.0,delete,74.22042967084171,3426.0,25.0,74.56764469957346,7.0,3.0,3.0,3.0,13.0
4343.0,add,74.78924061431408,3427.0,247.0,74.61768626118575,0.0,3.0,6.0,6.0,16.0
4344.0,add,74.45150775457624,3428.0,282.0,74.64163320435394,0.0,5.0,6.0,8.0,13.0
4345.0,delete,74.52584269803336,3429.0,310.0,74.66696022034655,0.0,3.0,4.0,7.0,14.0
4346.0,add,73.94637963760296,3430.0,331.0,74.7597489505668,0.0,2.0,5.0,5.0,17.0
4347.0,add,74.54042107862216,3431.0,94.0,74.57225751398627,1.0,4.0,6.0,3.0,14.0
4348.0,delete,74.77401595755127,3432.0,362.0,74.78354673887581,0.0,4.0,4.0,3.0,15.0
4349.0,delete,74.68588921445956,3433.0,205.0,74.62442819265911,0.0,1.0,2.0,4.0,16.0
4350.0,delete,74.27470410135408,3434.0,154.0,74.59327006282884,1.0,5.0,3.0,0.0,15.0
4351.0,delete,74.68139446787352,3435.0,356.0,74.73158727220867,0.0,4.0,3.0,3.0,14.0
4352.0,add,74.66008183467784,3436.0,364.0,74.73288766125923,0.0,3.0,4.0,3.0,17.0
4353.0,add,74.75471291341013,3436.0,364.0,74.73288766125923,0.0,4.0,4.0,3.0,17.0
4354.0,delete,74.79343319382768,3436.0,364.0,74.73288766125923,0.0,3.0,3.0,3.0,17.0
4355.0,swap,74.71518779271945,3436.0,364.0,74.73288766125923,0.0,3.0,4.0,3.0,17.0
4356.0,delete,74.73665029980326,3437.0,347.0,74.78888454566395,0.0,2.0,3.0,4.0,16.0
4357.0,delete,74.22042967084172,3438.0,26.0,74.56866207624758,7.0,3.0,3.0,3.0,12.0
4358.0,delete,74.17145653217504,3439.0,311.0,74.6693696085662,0.0,3.0,4.0,7.0,13.0
4359.0,add,74.46190898916426,3440.0,248.0,74.61857738655542,0.0,3.0,6.0,8.0,15.0
4360.0,add,74.52744029940989,3441.0,283.0,74.64327957993048,0.0,5.0,8.0,8.0,12.0
4361.0,delete,73.8329273834921,3442.0,332.0,74.75898569011548,0.0,2.0,4.0,5.0,17.0
4362.0,delete,74.6051326852897,3443.0,361.0,74.7808046399551,0.0,3.0,4.0,3.0,17.0
4363.0,add,74.48667164066036,3444.0,95.0,74.57231670651821,1.0,4.0,6.0,4.0,14.0
4364.0,delete,74.68588921445956,3445.0,206.0,74.6232908334311,0.0,1.0,2.0,4.0,15.0
4365.0,delete,74.53989397718287,3446.0,155.0,74.59365214637242,1.0,4.0,2.0,0.0,16.0
4366.0,add,74.82985625556258,3447.0,363.0,74.73126067917886,0.0,3.0,5.0,3.0,16.0
4367.0,add,74.59965184769968,3448.0,357.0,74.72949346564363,0.0,3.0,3.0,3.0,16.0
4368.0,delete,74.82569598722434,3449.0,362.0,74.76772924019347,0.0,4.0,4.0,3.0,15.0
4369.0,add,74.75414410248392,3450.0,365.0,74.75471291341013,0.0,4.0,4.0,3.0,17.0
4370.0,add,74.76824698964703,3450.0,365.0,74.75471291341013,0.0,4.0,4.0,3.0,18.0
4371.0,delete,74.75333070932426,3450.0,365.0,74.75471291341013,0.0,4.0,4.0,3.0,16.0
4372.0,swap,74.82059218926487,3450.0,365.0,74.75471291341013,0.0,3.0,4.0,3.0,18.0
4373.0,delete,74.5999316680454,3451.0,27.0,74.56979461221043,6.0,3.0,3.0,2.0,13.0
4374.0,delete,74.68048191347089,3452.0,249.0,74.61974966156401,0.0,3.0,6.0,7.0,15.0
4375.0,add,74.33711464096936,3453.0,312.0,74.67273957303905,0.0,3.0,5.0,7.0,13.0
4376.0,add,74.49722162161012,3454.0,284.0,74.64487507575377,0.0,6.0,7.0,8.0,13.0
4377.0,delete,73.83292738349212,3455.0,333.0,74.7565689706407,0.0,2.0,4.0,4.0,17.0
4378.0,add,74.74748048219456,3456.0,348.0,74.79068783202102,0.0,2.0,2.0,4.0,18.0
4379.0,add,74.47582447483263,3457.0,96.0,74.57298898624246,1.0,5.0,6.0,3.0,15.0
4380.0,add,74.91380215974368,3458.0,207.0,74.62209990806296,0.0,1.0,2.0,4.0,16.0
4381.0,add,74.6014509758787,3459.0,156.0,74.59464775798361,1.0,5.0,3.0,0.0,15.0
4382.0,add,73.8421374773678,3460.0,364.0,74.77020538082604,0.0,3.0,5.0,3.0,17.0
4383.0,add,74.93232781352104,3461.0,358.0,74.75349302333943,0.0,3.0,3.0,3.0,17.0
4384.0,add,74.81006553359418,3462.0,363.0,74.67496464723135,0.0,3.0,4.0,3.0,17.0
4385.0,add,74.76617626839759,3463.0,366.0,74.76824698964703,0.0,4.0,4.0,3.0,18.0
4386.0,delete,74.78480897803695,3463.0,366.0,74.76824698964703,0.0,4.0,4.0,2.0,18.0
4387.0,swap,74.66643193961266,3463.0,366.0,74.76824698964703,0.0,5.0,3.0,3.0,18.0
4388.0,add,74.27074163993862,3464.0,28.0,74.57071840564947,5.0,3.0,4.0,3.0,13.0
4389.0,delete,74.69171834936517,3465.0,250.0,74.61778369425633,0.0,3.0,5.0,6.0,16.0
4390.0,delete,74.90476978199862,3466.0,334.0,74.74894533005263,0.0,2.0,4.0,3.0,17.0
4391.0,add,74.12661689566492,3467.0,313.0,74.67980253735406,0.0,4.0,4.0,7.0,14.0
4392.0,add,74.47008371925101,3468.0,285.0,74.64613423424217,0.0,6.0,8.0,8.0,13.0
4393.0,add,74.71427694032359,3469.0,349.0,74.78294376186783,0.0,2.0,4.0,4.0,17.0
4394.0,delete,74.54731060551052,3470.0,97.0,74.57351465910541,1.0,5.0,5.0,4.0,14.0
4395.0,add,74.76269386455897,3471.0,365.0,74.74641604392356,0.0,4.0,4.0,3.0,18.0
4396.0,add,74.85314221496252,3472.0,208.0,74.62002514359384,0.0,1.0,3.0,4.0,16.0
4397.0,add,74.57150531054715,3473.0,157.0,74.59534879051378,1.0,5.0,2.0,1.0,16.0
4398.0,delete,74.84673507703216,3474.0,367.0,74.78480897803695,0.0,4.0,4.0,2.0,18.0
4399.0,delete,74.60012602071308,3474.0,367.0,74.78480897803695,0.0,4.0,4.0,2.0,17.0
4400.0,swap,74.70403996577889,3474.0,367.0,74.78480897803695,0.0,4.0,4.0,3.0,17.0
4401.0,add,74.86814432491441,3475.0,359.0,74.73990739138384,0.0,5.0,3.0,3.0,16.0
4402.0,add,74.73401679100829,3476.0,364.0,74.67878280735603,0.0,3.0,4.0,4.0,17.0
4403.0,delete,74.47807026142684,3477.0,29.0,74.57174678636528,5.0,3.0,4.0,3.0,12.0
4404.0,delete,74.67387187226971,3478.0,251.0,74.61801270980807,0.0,2.0,6.0,6.0,15.0
4405.0,add,74.86577729473038,3479.0,335.0,74.74519992043017,0.0,2.0,3.0,4.0,18.0
4406.0,delete,74.15329130906734,3480.0,314.0,74.68769196213606,0.0,3.0,4.0,7.0,14.0
4407.0,delete,74.41341079346722,3481.0,286.0,74.64890369359797,0.0,6.0,8.0,9.0,11.0
4408.0,delete,74.80783868558626,3482.0,350.0,74.78800250503377,0.0,3.0,3.0,3.0,17.0
4409.0,delete,74.76824698964703,3483.0,366.0,74.73392751039027,0.0,4.0,4.0,3.0,17.0
4410.0,add,74.5247718530874,3484.0,98.0,74.57419623657404,1.0,5.0,6.0,3.0,15.0
4411.0,delete,74.599133131423,3485.0,368.0,74.60012602071308,0.0,4.0,4.0,2.0,17.0
4412.0,delete,74.60799600423238,3485.0,368.0,74.60012602071308,0.0,4.0,4.0,2.0,16.0
4413.0,swap,74.6274698087278,3485.0,368.0,74.60012602071308,0.0,4.0,4.0,2.0,17.0
4414.0,delete,74.22411315658695,3486.0,158.0,74.59624049686154,1.0,5.0,2.0,0.0,16.0
4415.0,add,74.63730323209082,3487.0,209.0,74.61912953006217,0.0,2.0,3.0,4.0,16.0
4416.0,add,74.83037935925243,3488.0,360.0,74.72319506076086,0.0,4.0,4.0,3.0,17.0
4417.0,add,74.75567851939637,3489.0,365.0,74.70850875315064,0.0,4.0,4.0,4.0,17.0
4418.0,delete,74.57976715203165,3490.0,30.0,74.57196065696102,5.0,3.0,4.0,2.0,12.0
4419.0,delete,74.65949615554064,3491.0,252.0,74.61720695203688,0.0,2.0,6.0,5.0,15.0
4420.0,delete,74.71375353607864,3492.0,336.0,74.7438067186145,0.0,2.0,3.0,3.0,18.0
4421.0,delete,74.28565135388551,3493.0,315.0,74.69689113218928,0.0,2.0,4.0,7.0,14.0
4422.0,delete,74.4972243316692,3494.0,287.0,74.65055975208682,0.0,5.0,7.0,9.0,12.0
4423.0,delete,74.765295760602,3495.0,351.0,74.7799720561444,0.0,3.0,3.0,4.0,15.0
4424.0,delete,74.62305275571156,3496.0,367.0,74.60868124127407,0.0,3.0,4.0,2.0,18.0
4425.0,delete,74.5619826465691,3497.0,369.0,74.60799600423238,0.0,4.0,4.0,2.0,16.0
4426.0,add,74.66880944382329,3497.0,369.0,74.60799600423238,0.0,4.0,4.0,2.0,17.0
4427.0,delete,74.82113623444663,3497.0,369.0,74.60799600423238,0.0,3.0,4.0,2.0,16.0
4428.0,swap,74.63627856481085,3497.0,369.0,74.60799600423238,0.0,4.0,4.0,3.0,15.0
4429.0,add,74.60997185646289,3498.0,99.0,74.57465588093571,1.0,5.0,6.0,3.0,16.0
4430.0,delete,74.15122139990318,3499.0,159.0,74.59754409581026,1.0,5.0,1.0,0.0,16.0
4431.0,add,75.00145470307011,3500.0,210.0,74.61666799269224,0.0,2.0,4.0,4.0,16.0
4432.0,delete,74.82700564842816,3501.0,361.0,74.71890926568432,0.0,4.0,4.0,3.0,16.0
4433.0,delete,74.6709251933812,3502.0,31.0,74.57196409878313,4.0,3.0,4.0,2.0,12.0
4434.0,delete,74.85081945201374,3503.0,352.0,74.76928377036933,0.0,3.0,3.0,3.0,15.0
4435.0,add,74.63057953083594,3504.0,253.0,74.61730658806158,0.0,2.0,6.0,7.0,14.0
4436.0,add,74.7177406525712,3505.0,337.0,74.7438695807415,0.0,2.0,3.0,4.0,18.0
4437.0,delete,74.58209386492538,3506.0,288.0,74.65324012219881,0.0,5.0,8.0,8.0,11.0
4438.0,add,73.89751293379092,3507.0,316.0,74.71246784375529,0.0,3.0,4.0,7.0,14.0
4439.0,delete,74.75584594045844,3508.0,366.0,74.6807550477656,0.0,3.0,4.0,3.0,18.0
4440.0,delete,74.60010720451938,3509.0,368.0,74.65924057877643,0.0,4.0,4.0,2.0,16.0
4441.0,delete,74.69756687584649,3510.0,100.0,74.57466021361701,1.0,5.0,6.0,3.0,15.0
4442.0,add,74.67160052423549,3511.0,370.0,74.66880944382329,0.0,4.0,4.0,2.0,17.0
4443.0,delete,74.60799600423238,3511.0,370.0,74.66880944382329,0.0,4.0,4.0,2.0,16.0
4444.0,swap,74.84265908193883,3511.0,370.0,74.66880944382329,0.0,4.0,4.0,2.0,17.0
4445.0,add,74.47293995125494,3512.0,160.0,74.59928392285289,1.0,5.0,3.0,0.0,15.0
4446.0,add,74.90613666076338,3513.0,211.0,74.61398550826354,0.0,2.0,4.0,4.0,17.0
4447.0,delete,74.78197316874663,3514.0,362.0,74.7081038143987,0.0,4.0,4.0,2.0,16.0
4448.0,delete,74.73357638526335,3515.0,32.0,74.57187762215821,3.0,3.0,4.0,2.0,12.0
4449.0,delete,74.94651076505666,3516.0,367.0,74.65141134041413,0.0,3.0,4.0,2.0,18.0
4450.0,delete,74.50461031374192,3517.0,254.0,74.61750139995344,0.0,3.0,6.0,6.0,13.0
4451.0,delete,74.72249204224659,3518.0,338.0,74.74924986704517,0.0,2.0,3.0,4.0,17.0
4452.0,delete,73.99358349072563,3519.0,317.0,74.72537857266359,0.0,2.0,4.0,6.0,15.0
4453.0,add,74.69117098970217,3520.0,289.0,74.65244793695804,0.0,5.0,7.0,8.0,13.0
4454.0,add,74.9418039881519,3521.0,353.0,74.75641753149836,0.0,3.0,3.0,3.0,16.0
4455.0,add,74.78480897803695,3522.0,369.0,74.6977662635575,0.0,4.0,4.0,2.0,17.0
4456.0,delete,74.66527296075773,3523.0,101.0,74.57502023543469,1.0,5.0,6.0,2.0,15.0
4457.0,delete,74.60921080598105,3524.0,371.0,74.60799600423238,0.0,4.0,4.0,2.0,16.0
4458.0,add,74.60638146987048,3524.0,371.0,74.60799600423238,0.0,4.0,4.0,2.0,17.0
4459.0,delete,74.60851882221644,3524.0,371.0,74.60799600423238,0.0,4.0,4.0,2.0,15.0
4460.0,swap,74.74828432772084,3524.0,371.0,74.60799600423238,0.0,3.0,4.0,2.0,17.0
4461.0,add,74.50267657381949,3525.0,161.0,74.60032555450191,1.0,5.0,2.0,2.0,15.0
4462.0,add,74.6209851568053,3526.0,212.0,74.611963150158,0.0,2.0,5.0,4.0,17.0
4463.0,add,74.81598644346151,3527.0,363.0,74.69637594100811,0.0,3.0,4.0,3.0,17.0
4464.0,add,74.59455827738687,3528.0,33.0,74.57174553946274,3.0,2.0,4.0,2.0,14.0
4465.0,delete,74.5891557560945,3529.0,255.0,74.61876879038553,0.0,3.0,6.0,6.0,12.0
4466.0,delete,74.77302124790458,3530.0,339.0,74.75428124950699,0.0,2.0,2.0,4.0,17.0
4467.0,delete,74.202059744842,3531.0,318.0,74.73459924107051,0.0,2.0,4.0,6.0,14.0
4468.0,delete,74.76188224303847,3532.0,368.0,74.66969786518814,0.0,3.0,4.0,2.0,17.0
4469.0,add,74.57093335215801,3533.0,290.0,74.65099249581742,0.0,5.0,7.0,9.0,13.0
4470.0,add,74.94286619813867,3534.0,354.0,74.74244884213893,0.0,3.0,3.0,3.0,17.0
4471.0,delete,74.62423186965731,3535.0,102.0,74.57504585750537,1.0,5.0,4.0,2.0,16.0
4472.0,delete,74.66880944382329,3536.0,370.0,74.63607828600425,0.0,4.0,4.0,2.0,16.0
4473.0,add,74.60747931527443,3537.0,372.0,74.60638146987048,0.0,4.0,4.0,2.0,17.0
4474.0,delete,74.77877709792142,3537.0,372.0,74.60638146987048,0.0,4.0,4.0,2.0,16.0
4475.0,swap,74.67484296369602,3537.0,372.0,74.60638146987048,0.0,4.0,5.0,2.0,16.0
4476.0,add,74.49339587050656,3538.0,162.0,74.60125177968283,1.0,5.0,3.0,1.0,16.0
4477.0,delete,74.86474572458815,3539.0,213.0,74.6113030842435,0.0,2.0,5.0,4.0,16.0
4478.0,add,74.77638120658209,3540.0,364.0,74.68754230933612,0.0,3.0,4.0,4.0,17.0
4479.0,delete,74.75498813472137,3541.0,340.0,74.75493298595684,0.0,1.0,3.0,4.0,16.0
4480.0,add,74.56835377122253,3542.0,34.0,74.57210554202736,3.0,2.0,4.0,3.0,14.0
4481.0,add,74.43256970879983,3543.0,256.0,74.61971290148279,0.0,2.0,6.0,7.0,13.0
4482.0,add,74.60799600423238,3544.0,369.0,74.68293679067469,0.0,4.0,4.0,3.0,16.0
4483.0,add,74.8792171631884,3545.0,319.0,74.74178887327409,0.0,2.0,4.0,7.0,14.0
4484.0,delete,74.88213085098563,3546.0,355.0,74.72750494042653,0.0,4.0,3.0,3.0,15.0
4485.0,add,74.54841606019974,3547.0,291.0,74.65035850317973,0.0,6.0,8.0,9.0,12.0
4486.0,add,74.7424428601748,3548.0,371.0,74.6668702116906,0.0,4.0,4.0,2.0,17.0
4487.0,add,74.64261654327845,3549.0,103.0,74.5754668443502,1.0,5.0,5.0,2.0,16.0
4488.0,delete,74.80340940785185,3550.0,373.0,74.77877709792142,0.0,4.0,4.0,2.0,16.0
4489.0,delete,74.87457061353219,3550.0,373.0,74.77877709792142,0.0,4.0,3.0,2.0,16.0
4490.0,swap,74.66634291112433,3550.0,373.0,74.77877709792142,0.0,4.0,5.0,2.0,15.0
4491.0,add,74.62484753563487,3551.0,163.0,74.60212543777615,1.0,6.0,3.0,1.0,16.0
4492.0,add,74.86318065375684,3552.0,214.0,74.61036345240558,0.0,2.0,5.0,4.0,17.0
4493.0,add,74.72998094295262,3553.0,365.0,74.70609025608978,0.0,5.0,4.0,3.0,17.0
4494.0,delete,74.66462125719401,3554.0,370.0,74.69208200333998,0.0,4.0,3.0,2.0,17.0
4495.0,add,74.8182817946831,3555.0,341.0,74.75756456739482,0.0,3.0,3.0,4.0,15.0
4496.0,add,74.8271040106461,3556.0,35.0,74.57231142544686,3.0,2.0,5.0,2.0,15.0
4497.0,add,74.3285022638108,3557.0,257.0,74.62233752001043,0.0,2.0,8.0,6.0,13.0
4498.0,delete,74.6675004433194,3558.0,356.0,74.72034958382373,0.0,4.0,3.0,3.0,14.0
4499.0,add,74.66942875726863,3559.0,320.0,74.74316723312154,0.0,2.0,4.0,7.0,15.0
4500.0,delete,74.65053828291126,3560.0,372.0,74.78077500760745,0.0,4.0,4.0,2.0,16.0
4501.0,add,74.4998497148886,3561.0,292.0,74.65042201492997,0.0,6.0,8.0,9.0,13.0
4502.0,delete,74.86851121916537,3562.0,374.0,74.87457061353219,0.0,4.0,3.0,2.0,16.0
4503.0,delete,74.87457061353219,3562.0,374.0,74.87457061353219,0.0,4.0,3.0,2.0,15.0
4504.0,swap,74.85617674141204,3562.0,374.0,74.87457061353219,0.0,3.0,3.0,3.0,16.0
4505.0,add,74.68074373135153,3563.0,104.0,74.57593106195161,1.0,5.0,5.0,2.0,17.0
4506.0,delete,74.47280240326825,3564.0,164.0,74.60295408992731,1.0,5.0,3.0,1.0,16.0
4507.0,delete,74.76824698964707,3565.0,366.0,74.71109514154111,0.0,4.0,4.0,2.0,18.0
4508.0,add,74.93526140272328,3566.0,215.0,74.60962037818818,0.0,3.0,6.0,4.0,16.0
4509.0,add,74.7511455733364,3567.0,371.0,74.75033695803889,0.0,5.0,4.0,2.0,16.0
4510.0,delete,74.78816527781953,3568.0,373.0,74.86845729691044,0.0,4.0,4.0,2.0,15.0
4511.0,add,74.81272962559491,3569.0,342.0,74.75611582660949,0.0,3.0,3.0,5.0,15.0
4512.0,add,74.77880212351934,3570.0,36.0,74.57193183480784,3.0,2.0,5.0,3.0,15.0
4513.0,add,74.23157682172659,3571.0,258.0,74.62684315114197,0.0,3.0,8.0,6.0,13.0
4514.0,add,74.61957629041156,3572.0,357.0,74.72462308478872,0.0,3.0,3.0,4.0,15.0
4515.0,add,74.71152163280328,3573.0,321.0,74.74505385532615,0.0,2.0,4.0,8.0,15.0
4516.0,delete,74.87404564018466,3574.0,375.0,74.87457061353219,0.0,4.0,3.0,2.0,15.0
4517.0,delete,74.76882929827114,3574.0,375.0,74.87457061353219,0.0,4.0,3.0,2.0,14.0
4518.0,swap,74.88004380095168,3574.0,375.0,74.87457061353219,0.0,4.0,3.0,3.0,14.0
4519.0,delete,74.60484489917106,3575.0,105.0,74.57625718320615,1.0,5.0,5.0,2.0,16.0
4520.0,add,74.71687993715183,3576.0,293.0,74.65268712800231,0.0,6.0,8.0,10.0,13.0
4521.0,delete,74.46323375023438,3577.0,165.0,74.60414252913945,1.0,3.0,3.0,1.0,17.0
4522.0,delete,74.82464292798562,3578.0,367.0,74.71628879896703,0.0,4.0,3.0,2.0,18.0
4523.0,delete,74.60638146987048,3579.0,372.0,74.80699840872315,0.0,4.0,4.0,1.0,17.0
4524.0,add,74.87064887541008,3580.0,216.0,74.60873719359333,0.0,2.0,6.0,6.0,16.0
4525.0,delete,74.7856616015617,3581.0,374.0,74.84937233823491,0.0,3.0,3.0,2.0,16.0
4526.0,delete,74.7677010904629,3582.0,376.0,74.76882929827114,0.0,4.0,3.0,2.0,14.0
4527.0,add,74.76890505056473,3582.0,376.0,74.76882929827114,0.0,4.0,3.0,3.0,14.0
4528.0,delete,74.7692359380285,3582.0,376.0,74.76882929827114,0.0,4.0,3.0,2.0,13.0
4529.0,swap,74.62474419805937,3582.0,376.0,74.76882929827114,0.0,5.0,2.0,2.0,14.0
4530.0,add,74.69471184999183,3583.0,37.0,74.57171679834876,3.0,3.0,6.0,3.0,14.0
4531.0,add,74.5104592033595,3584.0,259.0,74.63109250840834,0.0,3.0,9.0,6.0,13.0
4532.0,delete,74.72498506982812,3585.0,294.0,74.6524789061787,0.0,6.0,8.0,9.0,13.0
4533.0,delete,74.656613426311,3586.0,106.0,74.57659065722022,1.0,4.0,5.0,2.0,16.0
4534.0,delete,74.71439993861965,3587.0,322.0,74.74570581900444,0.0,2.0,4.0,6.0,16.0
4535.0,add,74.47128002153346,3588.0,343.0,74.75458482461602,0.0,2.0,4.0,5.0,16.0
4536.0,delete,74.56459476538316,3589.0,166.0,74.60510352829374,1.0,4.0,3.0,1.0,15.0
4537.0,add,74.7937520505883,3590.0,358.0,74.74432313439539,0.0,3.0,3.0,3.0,17.0
4538.0,delete,74.65621179360492,3591.0,368.0,74.72154000066573,0.0,4.0,4.0,2.0,16.0
4539.0,delete,74.71136806024172,3592.0,373.0,74.80778162181122,0.0,4.0,4.0,2.0,15.0
4540.0,add,74.86163399682103,3593.0,217.0,74.60748249962391,0.0,2.0,7.0,6.0,16.0
4541.0,delete,74.87457061353219,3594.0,375.0,74.73988311507733,0.0,4.0,3.0,1.0,15.0
4542.0,add,74.7689096422166,3595.0,377.0,74.76890505056473,0.0,4.0,3.0,3.0,14.0
4543.0,add,74.81937030767693,3595.0,377.0,74.76890505056473,0.0,4.0,3.0,3.0,15.0
4544.0,delete,74.7697731285364,3595.0,377.0,74.76890505056473,0.0,4.0,3.0,3.0,13.0
4545.0,swap,74.73157059015584,3595.0,377.0,74.76890505056473,0.0,5.0,2.0,3.0,14.0
4546.0,delete,74.80944109133108,3596.0,38.0,74.57144748916845,3.0,3.0,5.0,3.0,14.0
4547.0,add,74.36337427252577,3597.0,260.0,74.63482135521551,0.0,4.0,8.0,6.0,14.0
4548.0,delete,74.62357966172881,3598.0,107.0,74.57676094885912,1.0,4.0,4.0,2.0,16.0
4549.0,delete,74.74998516258812,3599.0,295.0,74.65243737535377,0.0,5.0,8.0,9.0,13.0
4550.0,delete,74.3871324957355,3600.0,323.0,74.74538826685573,0.0,2.0,4.0,7.0,14.0
4551.0,add,74.80344756841315,3601.0,344.0,74.75660543415538,0.0,2.0,3.0,5.0,18.0
4552.0,add,74.54575467455986,3602.0,167.0,74.60606170729923,1.0,4.0,4.0,1.0,15.0
4553.0,add,74.40259411252008,3603.0,359.0,74.73868831354983,0.0,4.0,3.0,3.0,17.0
4554.0,add,74.59093721435259,3604.0,369.0,74.7386944867843,0.0,4.0,4.0,2.0,17.0
4555.0,delete,74.87388503621938,3605.0,374.0,74.79128082240962,0.0,4.0,3.0,2.0,15.0
4556.0,add,74.89696082485494,3606.0,218.0,74.60591817692718,0.0,2.0,7.0,7.0,16.0
4557.0,add,74.7669851419787,3607.0,376.0,74.7717057438301,0.0,4.0,3.0,2.0,15.0
4558.0,delete,74.73259019118149,3608.0,324.0,74.74390138268417,0.0,2.0,4.0,5.0,15.0
4559.0,add,74.68699290019786,3609.0,39.0,74.57085320174012,3.0,3.0,5.0,2.0,16.0
4560.0,delete,74.74389651949848,3610.0,345.0,74.7574465675714,0.0,2.0,3.0,5.0,17.0
4561.0,add,74.40530190153007,3611.0,261.0,74.63797758971874,0.0,3.0,8.0,6.0,16.0
4562.0,delete,74.81742469722614,3612.0,296.0,74.65201730217161,0.0,5.0,7.0,9.0,13.0
4563.0,delete,74.90885561187167,3613.0,375.0,74.76641772722574,0.0,4.0,3.0,2.0,14.0
4564.0,add,74.59723472762191,3614.0,108.0,74.57735906340376,1.0,4.0,4.0,3.0,16.0
4565.0,add,74.7492730430874,3615.0,360.0,74.73617184569508,0.0,4.0,4.0,3.0,17.0
4566.0,add,74.8191442504185,3616.0,378.0,74.81937030767693,0.0,4.0,3.0,3.0,15.0
4567.0,delete,74.81937030767692,3616.0,378.0,74.81937030767693,0.0,4.0,3.0,2.0,15.0
4568.0,swap,74.81891330905647,3616.0,378.0,74.81937030767693,0.0,4.0,4.0,3.0,14.0
4569.0,add,74.54184325764032,3617.0,168.0,74.60733505669643,1.0,4.0,3.0,2.0,16.0
4570.0,delete,74.77812572763864,3618.0,370.0,74.75558680722747,0.0,3.0,4.0,2.0,17.0
4571.0,delete,74.63626727276657,3619.0,219.0,74.60575562103982,0.0,2.0,7.0,6.0,16.0
4572.0,add,74.7670597589055,3620.0,377.0,74.81919954370721,0.0,4.0,3.0,3.0,15.0
4573.0,delete,74.95104185194896,3621.0,346.0,74.76021446271496,0.0,2.0,2.0,5.0,17.0
4574.0,delete,73.73717318895756,3622.0,40.0,74.5714774274554,2.0,3.0,6.0,2.0,15.0
4575.0,add,74.85030924901825,3623.0,325.0,74.74475452165427,0.0,2.0,4.0,7.0,14.0
4576.0,delete,74.35252269709433,3624.0,262.0,74.64046319501415,0.0,3.0,8.0,6.0,15.0
4577.0,delete,74.8415916865242,3625.0,379.0,74.81937030767692,0.0,4.0,3.0,2.0,15.0
4578.0,delete,74.81937030767693,3625.0,379.0,74.81937030767692,0.0,4.0,3.0,1.0,15.0
4579.0,swap,74.79779722861846,3625.0,379.0,74.81937030767692,0.0,4.0,4.0,2.0,14.0
4580.0,delete,74.66761494533448,3626.0,109.0,74.57815808727544,0.0,4.0,4.0,2.0,17.0
4581.0,add,74.74328170883562,3627.0,297.0,74.65434864178665,0.0,6.0,8.0,9.0,12.0
4582.0,delete,74.79877731459406,3628.0,361.0,74.74231789207715,0.0,4.0,4.0,3.0,16.0
4583.0,add,74.6041428562138,3629.0,371.0,74.77685736966369,0.0,5.0,4.0,2.0,16.0
4584.0,add,74.51024066718786,3630.0,169.0,74.6085864299909,1.0,4.0,3.0,2.0,17.0
4585.0,add,74.75504598696028,3631.0,376.0,74.7929815930774,0.0,4.0,3.0,3.0,14.0
4586.0,delete,74.81035931213273,3632.0,378.0,74.81953238262412,0.0,3.0,3.0,3.0,15.0
4587.0,add,74.0641010818991,3633.0,220.0,74.60752542295855,0.0,3.0,7.0,6.0,16.0
4588.0,delete,74.75765806448557,3634.0,347.0,74.76428367704385,0.0,2.0,3.0,4.0,16.0
4589.0,delete,74.69740310568527,3635.0,41.0,74.57283366280619,2.0,3.0,5.0,2.0,15.0
4590.0,delete,74.81757495279948,3636.0,380.0,74.81937030767693,0.0,4.0,3.0,1.0,15.0
4591.0,delete,74.6752195532193,3636.0,380.0,74.81937030767693,0.0,4.0,3.0,1.0,14.0
4592.0,swap,74.68307187534127,3636.0,380.0,74.81937030767693,0.0,5.0,2.0,1.0,15.0
4593.0,delete,74.44497670907634,3637.0,263.0,74.6430691908288,0.0,4.0,7.0,6.0,14.0
4594.0,delete,74.60646164108991,3638.0,110.0,74.57860895619474,1.0,4.0,3.0,2.0,16.0
4595.0,delete,74.49440488686443,3639.0,298.0,74.65521679243895,0.0,6.0,7.0,8.0,13.0
4596.0,add,74.70210619601819,3640.0,326.0,74.74284021497034,0.0,2.0,4.0,6.0,16.0
4597.0,delete,74.60327927605091,3641.0,362.0,74.7384445904439,0.0,3.0,4.0,3.0,16.0
4598.0,delete,74.60638146987048,3642.0,372.0,74.7860619721791,0.0,4.0,4.0,2.0,16.0
4599.0,delete,74.614311471422,3643.0,170.0,74.60901468232949,1.0,4.0,3.0,2.0,16.0
4600.0,add,74.75921487155132,3644.0,377.0,74.79073690417057,0.0,4.0,4.0,3.0,14.0
4601.0,delete,74.815540847918,3645.0,379.0,74.74880917225924,0.0,4.0,3.0,2.0,14.0
4602.0,delete,74.4154033223011,3646.0,221.0,74.60777814465146,0.0,2.0,7.0,6.0,16.0
4603.0,delete,74.67485135985834,3647.0,381.0,74.6752195532193,0.0,4.0,3.0,1.0,14.0
4604.0,delete,74.69830887336516,3647.0,381.0,74.6752195532193,0.0,3.0,3.0,1.0,14.0
4605.0,swap,74.67465206725129,3647.0,381.0,74.6752195532193,0.0,4.0,3.0,1.0,14.0
4606.0,add,74.35240607457206,3648.0,42.0,74.57478867217368,2.0,3.0,6.0,2.0,15.0
4607.0,delete,74.5844326859856,3649.0,264.0,74.64432495952266,0.0,4.0,8.0,6.0,12.0
4608.0,delete,74.23274173552731,3650.0,299.0,74.65835217654643,0.0,5.0,7.0,8.0,13.0
4609.0,delete,74.79049631962829,3651.0,111.0,74.57912246337192,1.0,4.0,2.0,2.0,16.0
4610.0,delete,74.9169012321846,3652.0,327.0,74.74005612594512,0.0,2.0,5.0,6.0,14.0
4611.0,add,74.9279545958997,3653.0,348.0,74.76317650004052,0.0,2.0,3.0,4.0,17.0
4612.0,add,74.81644140552498,3654.0,363.0,74.73262772572174,0.0,3.0,4.0,3.0,17.0
4613.0,delete,74.77877709792142,3655.0,373.0,74.78906501962177,0.0,4.0,4.0,2.0,15.0
4614.0,delete,74.5744123676389,3656.0,171.0,74.60961283747278,1.0,4.0,3.0,1.0,16.0
4615.0,delete,74.70120576401017,3657.0,378.0,74.76064236436515,0.0,4.0,3.0,3.0,14.0
4616.0,delete,74.8121030519385,3658.0,380.0,74.68075796342353,0.0,3.0,3.0,1.0,15.0
4617.0,delete,74.90087651255836,3659.0,222.0,74.60678184674512,0.0,2.0,7.0,5.0,16.0
4618.0,delete,74.69993464219226,3660.0,382.0,74.69830887336516,0.0,3.0,3.0,1.0,14.0
4619.0,add,74.76924421136096,3660.0,382.0,74.69830887336516,0.0,3.0,3.0,1.0,15.0
4620.0,delete,74.64638739740533,3660.0,382.0,74.69830887336516,0.0,3.0,3.0,1.0,13.0
4621.0,swap,74.63082174564481,3660.0,382.0,74.69830887336516,0.0,4.0,3.0,1.0,13.0
4622.0,add,74.23475629953126,3661.0,43.0,74.57639557118024,2.0,3.0,6.0,2.0,16.0
4623.0,delete,74.45796793087669,3662.0,265.0,74.64675395424435,0.0,2.0,8.0,6.0,13.0
4624.0,delete,74.55597655683076,3663.0,300.0,74.66418142204617,0.0,5.0,6.0,8.0,13.0
4625.0,add,74.52738452433971,3664.0,112.0,74.58091595091219,1.0,4.0,2.0,2.0,17.0
4626.0,delete,74.2333891932669,3665.0,328.0,74.73955810739015,0.0,2.0,4.0,6.0,14.0
4627.0,add,74.75457349011542,3666.0,349.0,74.76190290668694,0.0,2.0,3.0,4.0,18.0
4628.0,add,74.83209387179981,3667.0,364.0,74.72953039752146,0.0,3.0,4.0,3.0,18.0
4629.0,delete,74.44855939628742,3668.0,172.0,74.61032490938622,1.0,4.0,3.0,1.0,15.0
4630.0,delete,74.9706745382494,3669.0,374.0,74.77336101664073,0.0,4.0,2.0,2.0,16.0
4631.0,delete,74.81853043082124,3670.0,379.0,74.72439083738242,0.0,4.0,3.0,2.0,14.0
4632.0,delete,74.67462363419043,3671.0,381.0,74.6889393739937,0.0,4.0,3.0,0.0,14.0
4633.0,add,74.49211472754475,3672.0,223.0,74.60680031315273,0.0,2.0,7.0,7.0,15.0
4634.0,add,74.7701082723334,3673.0,383.0,74.76924421136096,0.0,3.0,3.0,1.0,15.0
4635.0,delete,74.77052625483799,3673.0,383.0,74.76924421136096,0.0,3.0,3.0,0.0,15.0
4636.0,swap,74.8332446861057,3673.0,383.0,74.76924421136096,0.0,3.0,3.0,2.0,14.0
4637.0,add,74.01857348481502,3674.0,44.0,74.57805168257023,2.0,3.0,6.0,2.0,17.0
4638.0,delete,74.41616407829186,3675.0,266.0,74.64957158051652,0.0,2.0,7.0,6.0,13.0
4639.0,delete,74.62458222261036,3676.0,301.0,74.66553097368589,0.0,4.0,6.0,9.0,12.0
4640.0,add,74.6646893444659,3677.0,329.0,74.74082586168416,0.0,2.0,4.0,5.0,16.0
4641.0,add,74.41235120190136,3678.0,113.0,74.58246769162598,1.0,4.0,2.0,2.0,18.0
4642.0,delete,74.8062980926054,3679.0,350.0,74.7663277238487,0.0,3.0,3.0,4.0,16.0
4643.0,add,74.75368789808888,3680.0,365.0,74.74062768011576,0.0,4.0,4.0,3.0,18.0
4644.0,delete,74.30531527401337,3681.0,173.0,74.61194329777372,1.0,4.0,2.0,1.0,15.0
4645.0,delete,75.04276977987752,3682.0,375.0,74.76283168128676,0.0,3.0,3.0,2.0,15.0
4646.0,delete,74.81743069546847,3683.0,380.0,74.71769428843871,0.0,4.0,3.0,1.0,14.0
4647.0,add,74.69816920982238,3684.0,382.0,74.7857808561595,0.0,3.0,3.0,1.0,15.0
4648.0,delete,74.76925679230206,3685.0,384.0,74.77052625483799,0.0,3.0,3.0,0.0,15.0
4649.0,add,74.72337719140734,3685.0,384.0,74.77052625483799,0.0,3.0,3.0,1.0,15.0
4650.0,delete,74.6634284249048,3685.0,384.0,74.77052625483799,0.0,2.0,3.0,0.0,15.0
4651.0,swap,74.83256497799304,3685.0,384.0,74.77052625483799,0.0,3.0,3.0,0.0,15.0
4652.0,add,74.5507186004374,3686.0,224.0,74.6089338091351,0.0,3.0,7.0,6.0,16.0
4653.0,add,74.01795267002663,3687.0,45.0,74.58001018183369,2.0,3.0,6.0,3.0,17.0
4654.0,delete,74.49782523096586,3688.0,267.0,74.65246587342867,0.0,2.0,7.0,6.0,12.0
4655.0,delete,74.5336560237758,3689.0,302.0,74.66750616893914,0.0,3.0,6.0,9.0,12.0
4656.0,add,74.4798755718183,3690.0,330.0,74.74597636245163,0.0,2.0,4.0,6.0,16.0
4657.0,add,74.46098639589228,3691.0,114.0,74.58401550755877,1.0,4.0,3.0,2.0,18.0
4658.0,delete,74.90630399080779,3692.0,351.0,74.76503053012073,0.0,3.0,3.0,4.0,15.0
4659.0,delete,74.76824698964703,3693.0,366.0,74.74409526134967,0.0,4.0,4.0,3.0,17.0
4660.0,add,74.31141600049133,3694.0,174.0,74.61362244307847,1.0,4.0,2.0,1.0,16.0
4661.0,add,74.59897078543656,3695.0,376.0,74.7575889448286,0.0,4.0,4.0,2.0,14.0
4662.0,delete,74.60762951940802,3696.0,381.0,74.72714259384756,0.0,4.0,2.0,1.0,14.0
4663.0,delete,74.79557513341095,3697.0,383.0,74.75183072828905,0.0,3.0,3.0,1.0,14.0
4664.0,delete,74.79453390743659,3698.0,268.0,74.6528874711427,0.0,2.0,6.0,6.0,12.0
4665.0,add,74.56441526278714,3699.0,225.0,74.60904257244302,0.0,2.0,8.0,6.0,17.0
4666.0,delete,74.8672736887388,3700.0,352.0,74.76069290308715,0.0,3.0,3.0,2.0,16.0
4667.0,delete,74.61386506952378,3701.0,303.0,74.66862339770773,0.0,2.0,6.0,8.0,13.0
4668.0,delete,74.00939207547678,3702.0,46.0,74.58214175385498,2.0,3.0,6.0,3.0,16.0
4669.0,add,74.71947414567492,3703.0,385.0,74.72337719140734,0.0,3.0,3.0,1.0,15.0
4670.0,add,74.77932836736005,3703.0,385.0,74.72337719140734,0.0,4.0,3.0,1.0,15.0
4671.0,delete,74.68203213212837,3703.0,385.0,74.72337719140734,0.0,2.0,3.0,1.0,15.0
4672.0,swap,74.72337719140734,3703.0,385.0,74.72337719140734,0.0,3.0,3.0,1.0,15.0
4673.0,delete,74.2841439458198,3704.0,115.0,74.58602822747272,1.0,3.0,2.0,2.0,19.0
4674.0,add,74.8945840841239,3705.0,331.0,74.74746641163568,0.0,2.0,4.0,5.0,18.0
4675.0,delete,74.78480897803698,3706.0,367.0,74.73961803128118,0.0,4.0,4.0,1.0,18.0
4676.0,add,74.16043422756599,3707.0,175.0,74.61607649313669,1.0,4.0,3.0,1.0,16.0
4677.0,add,74.73561666164777,3708.0,377.0,74.75124461855302,0.0,4.0,3.0,3.0,15.0
4678.0,add,74.63828833005613,3709.0,382.0,74.75212192793208,0.0,4.0,3.0,1.0,14.0
4679.0,add,74.77049106662032,3710.0,384.0,74.7255178055956,0.0,3.0,3.0,1.0,15.0
4680.0,add,74.79349957555617,3711.0,269.0,74.65291843746049,0.0,2.0,7.0,6.0,12.0
4681.0,add,74.32594107018141,3712.0,226.0,74.61031716198212,0.0,2.0,8.0,6.0,18.0
4682.0,add,74.8868788230129,3713.0,353.0,74.75351322255861,0.0,4.0,3.0,3.0,15.0
4683.0,add,74.51260334168937,3714.0,304.0,74.6708982014076,0.0,3.0,5.0,8.0,14.0
4684.0,add,74.24669280187156,3715.0,47.0,74.5839543492454,2.0,3.0,7.0,3.0,16.0
4685.0,delete,74.75789405316323,3716.0,383.0,74.74813015254975,0.0,2.0,3.0,1.0,15.0
4686.0,delete,74.90881879342568,3717.0,332.0,74.74961327398114,0.0,2.0,4.0,5.0,17.0
4687.0,delete,74.85934574277697,3718.0,116.0,74.58705345626198,1.0,3.0,2.0,2.0,18.0
4688.0,delete,74.60079048900018,3719.0,368.0,74.74119245054031,0.0,4.0,4.0,2.0,16.0
4689.0,add,74.7794952781954,3720.0,386.0,74.77932836736005,0.0,4.0,3.0,1.0,15.0
4690.0,add,74.51776760429135,3720.0,386.0,74.77932836736005,0.0,4.0,4.0,1.0,15.0
4691.0,delete,74.81351021502718,3720.0,386.0,74.77932836736005,0.0,4.0,3.0,1.0,14.0
4692.0,swap,74.73742947930215,3720.0,386.0,74.77932836736005,0.0,5.0,3.0,1.0,14.0
4693.0,add,74.35549975643298,3721.0,176.0,74.61823997440597,1.0,4.0,2.0,2.0,17.0
4694.0,delete,74.74430419866526,3722.0,378.0,74.74002281598015,0.0,3.0,3.0,3.0,15.0
4695.0,add,74.72592628729923,3723.0,385.0,74.72550618883523,0.0,3.0,4.0,1.0,15.0
4696.0,delete,74.5940900784961,3724.0,227.0,74.61084861525238,0.0,3.0,6.0,6.0,18.0
4697.0,add,74.65991813554574,3725.0,270.0,74.65318719172627,0.0,3.0,7.0,7.0,11.0
4698.0,add,74.94718394505843,3726.0,354.0,74.74592179364181,0.0,3.0,3.0,4.0,16.0
4699.0,add,74.63998627942068,3727.0,305.0,74.67289119046275,0.0,3.0,5.0,8.0,15.0
4700.0,add,74.08254226547555,3728.0,48.0,74.58657731912932,2.0,3.0,6.0,3.0,18.0
4701.0,delete,74.89328038878828,3729.0,333.0,74.75041790591467,0.0,2.0,4.0,4.0,17.0
4702.0,add,74.77052625483799,3730.0,384.0,74.72474626897397,0.0,3.0,3.0,1.0,15.0
4703.0,add,74.78925230270599,3731.0,117.0,74.58658536281528,1.0,4.0,2.0,2.0,18.0
4704.0,add,74.61294696615359,3732.0,369.0,74.74553916256382,0.0,4.0,4.0,3.0,16.0
4705.0,delete,74.82057746059125,3733.0,379.0,74.73351503882925,0.0,4.0,3.0,2.0,14.0
4706.0,add,74.51779823610386,3734.0,387.0,74.51776760429135,0.0,4.0,4.0,1.0,15.0
4707.0,add,74.49830664853557,3734.0,387.0,74.51776760429135,0.0,5.0,4.0,1.0,15.0
4708.0,delete,74.52529934455286,3734.0,387.0,74.51776760429135,0.0,4.0,4.0,1.0,14.0
4709.0,swap,74.33342603805185,3734.0,387.0,74.51776760429135,0.0,4.0,4.0,2.0,14.0
4710.0,add,74.4269833176691,3735.0,177.0,74.61992826179821,1.0,4.0,3.0,2.0,17.0
4711.0,delete,74.9478904637593,3736.0,355.0,74.73422763824223,0.0,4.0,3.0,3.0,15.0
4712.0,add,74.62922385079487,3737.0,228.0,74.61143035448123,0.0,3.0,7.0,7.0,17.0
4713.0,add,74.60769547906632,3738.0,271.0,74.65352011631045,0.0,4.0,8.0,6.0,11.0
4714.0,delete,74.65206414903683,3739.0,306.0,74.67316548915001,0.0,4.0,5.0,7.0,14.0
4715.0,delete,74.27003091655058,3740.0,49.0,74.58850473453799,2.0,3.0,5.0,3.0,18.0
4716.0,delete,74.90476978199864,3741.0,334.0,74.74788694614352,0.0,2.0,4.0,4.0,16.0
4717.0,add,74.75730602684749,3742.0,386.0,74.47851957430711,0.0,4.0,3.0,1.0,16.0
4718.0,delete,74.66718537082602,3743.0,370.0,74.73853820676054,0.0,4.0,3.0,2.0,17.0
4719.0,add,74.72952087076516,3744.0,118.0,74.58600995650123,1.0,5.0,2.0,3.0,17.0
4720.0,delete,74.81927645705673,3745.0,380.0,74.6996188306122,0.0,4.0,3.0,0.0,15.0
4721.0,add,74.66113801908786,3746.0,385.0,74.63505395686973,0.0,3.0,3.0,1.0,16.0
4722.0,add,74.49915178481137,3747.0,388.0,74.49830664853557,0.0,5.0,4.0,1.0,15.0
4723.0,add,74.49842982567925,3747.0,388.0,74.49830664853557,0.0,5.0,4.0,2.0,15.0
4724.0,delete,74.49831137467781,3747.0,388.0,74.49830664853557,0.0,5.0,4.0,1.0,14.0
4725.0,swap,74.63280093687166,3747.0,388.0,74.49830664853557,0.0,4.0,5.0,1.0,15.0
4726.0,add,74.5619139914922,3748.0,178.0,74.62162079158445,1.0,5.0,3.0,3.0,16.0
4727.0,delete,74.79728646523957,3749.0,307.0,74.67354825008324,0.0,4.0,4.0,8.0,13.0
4728.0,add,74.59368528192881,3750.0,229.0,74.61164664181614,0.0,3.0,7.0,6.0,19.0
4729.0,add,74.60181682486281,3751.0,272.0,74.653815945733,0.0,4.0,8.0,6.0,12.0
4730.0,delete,74.55497697861946,3752.0,50.0,74.58935044557218,2.0,3.0,4.0,3.0,18.0
4731.0,delete,74.53131871792704,3753.0,356.0,74.72588357749953,0.0,4.0,2.0,3.0,15.0
4732.0,add,74.8375807568426,3754.0,335.0,74.74249166054096,0.0,2.0,3.0,5.0,17.0
4733.0,delete,74.6712935108877,3755.0,381.0,74.67745409249405,0.0,4.0,3.0,1.0,13.0
4734.0,delete,74.78159281370907,3756.0,119.0,74.58572260254806,1.0,3.0,3.0,3.0,17.0
4735.0,add,74.45839825744902,3757.0,371.0,74.73456600597882,0.0,4.0,4.0,2.0,17.0
4736.0,add,74.79887863557227,3758.0,387.0,74.52540011411513,0.0,5.0,4.0,1.0,15.0
4737.0,add,74.62371973411412,3759.0,386.0,74.55249785963593,0.0,4.0,3.0,1.0,16.0
4738.0,add,74.49943678713255,3760.0,389.0,74.49842982567925,0.0,5.0,4.0,2.0,15.0
4739.0,add,74.47300759452142,3760.0,389.0,74.49842982567925,0.0,5.0,4.0,2.0,16.0
4740.0,delete,74.80902086234656,3760.0,389.0,74.49842982567925,0.0,5.0,3.0,2.0,15.0
4741.0,swap,74.61190153971748,3760.0,389.0,74.49842982567925,0.0,5.0,5.0,2.0,14.0
4742.0,delete,74.87257597767517,3761.0,179.0,74.62280579245432,1.0,5.0,3.0,3.0,15.0
4743.0,delete,74.434086177134,3762.0,230.0,74.6132482068571,0.0,3.0,7.0,6.0,18.0
4744.0,add,74.52311833859405,3763.0,308.0,74.67547845063905,0.0,3.0,4.0,8.0,15.0
4745.0,delete,74.737638728678,3764.0,51.0,74.58917298105904,2.0,3.0,4.0,3.0,17.0
4746.0,add,74.62019936905902,3765.0,273.0,74.65339471213724,0.0,5.0,8.0,6.0,12.0
4747.0,delete,74.73758384423604,3766.0,336.0,74.73940003697909,0.0,2.0,3.0,4.0,17.0
4748.0,add,74.60155338788466,3767.0,357.0,74.72196124670431,0.0,4.0,3.0,3.0,15.0
4749.0,delete,74.70329920908469,3768.0,120.0,74.58526780114576,1.0,4.0,3.0,3.0,15.0
4750.0,delete,74.91412850997143,3769.0,372.0,74.73289473259489,0.0,3.0,4.0,2.0,17.0
4751.0,add,74.6435630831971,3770.0,382.0,74.67381971662735,0.0,3.0,4.0,1.0,14.0
4752.0,add,74.63944310545132,3771.0,388.0,74.57835932187945,0.0,5.0,5.0,1.0,15.0
4753.0,add,74.51147836108981,3772.0,387.0,74.58715355411974,0.0,4.0,4.0,1.0,16.0
4754.0,delete,74.31042034053446,3773.0,180.0,74.62341454661029,1.0,5.0,3.0,3.0,14.0
4755.0,add,74.47347885805685,3774.0,390.0,74.47300759452142,0.0,5.0,4.0,2.0,16.0
4756.0,delete,74.3552425479536,3774.0,390.0,74.47300759452142,0.0,5.0,4.0,2.0,15.0
4757.0,swap,74.73009629517752,3774.0,390.0,74.47300759452142,0.0,4.0,4.0,3.0,16.0
4758.0,delete,74.44169101226753,3775.0,231.0,74.6158573669302,0.0,3.0,8.0,5.0,17.0
4759.0,delete,74.52556157507338,3776.0,309.0,74.67683170881138,0.0,3.0,4.0,8.0,14.0
4760.0,delete,74.4074981555581,3777.0,52.0,74.58875943768773,2.0,3.0,3.0,3.0,17.0
4761.0,add,74.66226259892582,3778.0,358.0,74.72636311195814,0.0,3.0,4.0,3.0,16.0
4762.0,add,74.66887345964349,3779.0,274.0,74.65305916154686,0.0,5.0,9.0,6.0,12.0
4763.0,add,74.7177406525712,3780.0,337.0,74.73705033010991,0.0,2.0,3.0,4.0,18.0
4764.0,delete,74.77922754829927,3781.0,373.0,74.72545817976524,0.0,4.0,4.0,2.0,15.0
4765.0,add,74.70650967330323,3782.0,121.0,74.58464026707662,1.0,5.0,3.0,3.0,15.0
4766.0,delete,74.77909412044947,3783.0,383.0,74.64819624119275,0.0,3.0,2.0,1.0,15.0
4767.0,add,74.49349896011277,3784.0,389.0,74.50795632392735,0.0,5.0,4.0,3.0,15.0
4768.0,delete,74.2750400303744,3785.0,391.0,74.3552425479536,0.0,5.0,4.0,2.0,15.0
4769.0,delete,74.48238035896337,3785.0,391.0,74.3552425479536,0.0,5.0,4.0,2.0,14.0
4770.0,swap,74.35302914404296,3785.0,391.0,74.3552425479536,0.0,5.0,3.0,3.0,15.0
4771.0,delete,74.30837208118999,3786.0,181.0,74.624435099193,1.0,5.0,2.0,3.0,14.0
4772.0,add,74.52602828204662,3787.0,388.0,74.5149235315023,0.0,5.0,4.0,2.0,15.0
4773.0,delete,74.6002589248252,3788.0,232.0,74.61792817353394,0.0,3.0,8.0,6.0,15.0
4774.0,delete,74.37935625875062,3789.0,310.0,74.67808926953906,0.0,2.0,4.0,8.0,14.0
4775.0,delete,74.69483382902024,3790.0,374.0,74.70615917864659,0.0,4.0,3.0,2.0,15.0
4776.0,add,74.64591939247414,3791.0,53.0,74.5884089030078,2.0,4.0,4.0,3.0,16.0
4777.0,delete,74.69077254448932,3792.0,275.0,74.65170989317502,0.0,5.0,8.0,6.0,12.0
4778.0,delete,74.91929230757232,3793.0,338.0,74.7360581677703,0.0,2.0,3.0,4.0,17.0
4779.0,add,74.86922449499309,3794.0,359.0,74.71545633578043,0.0,4.0,3.0,3.0,17.0
4780.0,delete,74.6791845752897,3795.0,390.0,74.36642302033358,0.0,5.0,4.0,2.0,15.0
4781.0,add,74.68869800244744,3796.0,122.0,74.58396461682781,1.0,4.0,3.0,5.0,15.0
4782.0,add,74.7840067367847,3797.0,384.0,74.60255305437781,0.0,3.0,3.0,0.0,16.0
4783.0,delete,74.50085364455683,3798.0,392.0,74.48238035896337,0.0,5.0,4.0,2.0,14.0
4784.0,add,74.49859314243093,3798.0,392.0,74.48238035896337,0.0,5.0,4.0,2.0,15.0
4785.0,delete,74.55193477093555,3798.0,392.0,74.48238035896337,0.0,5.0,4.0,2.0,13.0
4786.0,swap,74.3678666146696,3798.0,392.0,74.48238035896337,0.0,4.0,4.0,3.0,14.0
4787.0,delete,74.6741590882834,3799.0,182.0,74.62544727174159,1.0,3.0,2.0,3.0,15.0
4788.0,delete,74.81927306365472,3800.0,233.0,74.6180287482825,0.0,3.0,8.0,6.0,14.0
4789.0,delete,74.21447642223687,3801.0,311.0,74.67995377622259,0.0,3.0,3.0,7.0,14.0
4790.0,delete,74.88004380095171,3802.0,375.0,74.68776269094043,0.0,4.0,3.0,2.0,14.0
4791.0,delete,74.76676273769034,3803.0,339.0,74.73700202718443,0.0,2.0,3.0,4.0,16.0
4792.0,add,74.76537673085276,3804.0,54.0,74.58809877860209,2.0,3.0,4.0,4.0,17.0
4793.0,add,74.63508920371571,3805.0,276.0,74.65131531760838,0.0,5.0,7.0,6.0,14.0
4794.0,add,74.53473524438168,3806.0,389.0,74.47955434900656,0.0,5.0,5.0,2.0,15.0
4795.0,add,74.81938320059932,3807.0,360.0,74.7097610869544,0.0,4.0,4.0,4.0,16.0
4796.0,delete,74.59814706291976,3808.0,391.0,74.48032570631125,0.0,5.0,3.0,2.0,15.0
4797.0,add,74.20193341384763,3809.0,123.0,74.58368489787361,1.0,4.0,5.0,4.0,15.0
4798.0,add,74.79706272857112,3810.0,385.0,74.56826722098853,0.0,3.0,3.0,1.0,16.0
4799.0,delete,74.40474946779278,3811.0,183.0,74.62545066512807,0.0,3.0,2.0,3.0,15.0
4800.0,add,74.49934225424637,3812.0,393.0,74.49859314243093,0.0,5.0,4.0,2.0,15.0
4801.0,add,74.54342489391232,3812.0,393.0,74.49859314243093,0.0,5.0,4.0,2.0,16.0
4802.0,delete,74.49847720048427,3812.0,393.0,74.49859314243093,0.0,5.0,4.0,1.0,15.0
4803.0,swap,74.49542629890489,3812.0,393.0,74.49859314243093,0.0,6.0,4.0,2.0,14.0
4804.0,delete,74.40681395935223,3813.0,234.0,74.61846095926013,0.0,1.0,8.0,6.0,15.0
4805.0,add,74.27811444834026,3814.0,312.0,74.6826876678182,0.0,3.0,4.0,7.0,14.0
4806.0,delete,74.71375353607864,3815.0,340.0,74.73430841590684,0.0,2.0,3.0,4.0,15.0
4807.0,delete,74.52198252137816,3816.0,55.0,74.58722902814458,2.0,3.0,3.0,3.0,18.0
4808.0,delete,74.72672296583563,3817.0,277.0,74.65016252422956,0.0,4.0,7.0,6.0,14.0
4809.0,add,74.74153046237394,3818.0,376.0,74.67021278067884,0.0,5.0,3.0,2.0,14.0
4810.0,delete,74.48453421962935,3819.0,361.0,74.70543537572512,0.0,4.0,3.0,3.0,17.0
4811.0,delete,74.3666494611,3820.0,390.0,74.47849589569174,0.0,5.0,4.0,2.0,15.0
4812.0,add,74.36670983586899,3821.0,392.0,74.50705275799575,0.0,6.0,4.0,2.0,14.0
4813.0,add,74.71444549395424,3822.0,124.0,74.58309253933041,1.0,4.0,4.0,4.0,17.0
4814.0,add,74.72713357153923,3823.0,386.0,74.52399035684098,0.0,5.0,3.0,1.0,15.0
4815.0,add,74.63468629649158,3824.0,184.0,74.62451748571965,1.0,2.0,2.0,4.0,15.0
4816.0,delete,74.30951326563843,3825.0,391.0,74.49119600708117,0.0,5.0,4.0,2.0,14.0
4817.0,add,74.53488379935104,3826.0,394.0,74.54342489391232,0.0,5.0,4.0,2.0,16.0
4818.0,delete,74.54336734046011,3826.0,394.0,74.54342489391232,0.0,5.0,4.0,1.0,16.0
4819.0,swap,74.49353841388995,3826.0,394.0,74.54342489391232,0.0,6.0,4.0,2.0,15.0
4820.0,add,74.74060683055912,3827.0,235.0,74.6173280659259,0.0,3.0,7.0,6.0,15.0
4821.0,add,74.60682843393128,3828.0,313.0,74.68639104465619,0.0,3.0,5.0,7.0,14.0
4822.0,delete,74.87569130410057,3829.0,56.0,74.58644657326468,2.0,2.0,4.0,3.0,17.0
4823.0,delete,74.70418941094528,3830.0,278.0,74.64880403820558,0.0,5.0,7.0,6.0,12.0
4824.0,add,74.80602443468572,3831.0,341.0,74.730248710601,0.0,2.0,3.0,4.0,16.0
4825.0,delete,74.84430238999732,3832.0,362.0,74.69513061155097,0.0,4.0,4.0,3.0,15.0
4826.0,add,74.76107977437516,3833.0,377.0,74.6523856763847,0.0,4.0,3.0,3.0,15.0
4827.0,add,74.46786082762021,3834.0,393.0,74.52880361190336,0.0,5.0,4.0,2.0,16.0
4828.0,delete,74.34293082096676,3835.0,125.0,74.58321821812629,1.0,4.0,5.0,4.0,15.0
4829.0,delete,74.5433751266739,3836.0,395.0,74.54336734046011,0.0,5.0,4.0,1.0,16.0
4830.0,delete,74.47692071587437,3836.0,395.0,74.54336734046011,0.0,5.0,3.0,1.0,16.0
4831.0,swap,74.51464917282112,3836.0,395.0,74.54336734046011,0.0,5.0,4.0,2.0,15.0
4832.0,add,74.76451038759537,3837.0,185.0,74.62481496949238,1.0,2.0,2.0,3.0,17.0
4833.0,add,74.56189832887587,3838.0,387.0,74.51327842915036,0.0,4.0,4.0,2.0,15.0
4834.0,delete,74.51571468889654,3839.0,236.0,74.61708843617599,0.0,2.0,7.0,6.0,15.0
4835.0,add,74.52095747251724,3840.0,392.0,74.49819761711835,0.0,5.0,4.0,2.0,15.0
4836.0,delete,73.78409112698031,3841.0,314.0,74.69000624253755,0.0,3.0,4.0,7.0,14.0
4837.0,delete,74.84531546482667,3842.0,57.0,74.58553433889446,2.0,2.0,4.0,3.0,16.0
4838.0,delete,74.82057746059127,3843.0,378.0,74.63636942623886,0.0,4.0,3.0,3.0,14.0
4839.0,add,74.57671462897902,3844.0,279.0,74.64793875540698,0.0,5.0,7.0,7.0,12.0
4840.0,add,74.77126112257464,3845.0,342.0,74.72556284242152,0.0,2.0,3.0,5.0,16.0
4841.0,add,74.82626579262939,3846.0,363.0,74.68810962303067,0.0,3.0,4.0,4.0,16.0
4842.0,delete,74.54010134732981,3847.0,394.0,74.51957808895737,0.0,5.0,3.0,2.0,16.0
4843.0,delete,74.32731032730966,3848.0,126.0,74.58401911803323,1.0,4.0,5.0,4.0,14.0
4844.0,delete,74.4801218192792,3849.0,396.0,74.47692071587437,0.0,5.0,3.0,1.0,16.0
4845.0,delete,74.51291580465383,3849.0,396.0,74.47692071587437,0.0,5.0,3.0,1.0,15.0
4846.0,swap,73.98154115439802,3849.0,396.0,74.47692071587437,0.0,4.0,4.0,1.0,16.0
4847.0,add,74.62860271891967,3850.0,186.0,74.62433294700001,1.0,2.0,2.0,3.0,18.0
4848.0,add,74.51061707540325,3851.0,388.0,74.4910281362946,0.0,5.0,5.0,1.0,15.0
4849.0,delete,74.60483270993487,3852.0,237.0,74.6167465128687,0.0,2.0,7.0,5.0,15.0
4850.0,add,74.51939359541552,3853.0,393.0,74.46939170135532,0.0,5.0,4.0,2.0,16.0
4851.0,delete,74.06073290866199,3854.0,315.0,74.69413756926477,0.0,3.0,3.0,7.0,14.0
4852.0,delete,74.72924692820247,3855.0,58.0,74.58462101627845,2.0,2.0,4.0,3.0,15.0
4853.0,delete,74.82008058814509,3856.0,379.0,74.61509552720797,0.0,4.0,3.0,2.0,14.0
4854.0,delete,74.54336734046011,3857.0,395.0,74.36287487355135,0.0,5.0,4.0,1.0,15.0
4855.0,add,74.64626587486586,3858.0,280.0,74.64744385786418,0.0,5.0,7.0,7.0,13.0
4856.0,add,74.74109950905935,3859.0,343.0,74.71937461756914,0.0,2.0,3.0,5.0,17.0
4857.0,add,74.18475449503502,3860.0,364.0,74.67752176604213,0.0,4.0,4.0,3.0,17.0
4858.0,delete,74.56063952036006,3861.0,127.0,74.58467394483577,1.0,4.0,4.0,3.0,15.0
4859.0,delete,74.51313226015644,3862.0,397.0,74.51291580465383,0.0,5.0,3.0,1.0,15.0
4860.0,add,74.5122161232988,3862.0,397.0,74.51291580465383,0.0,5.0,3.0,2.0,15.0
4861.0,delete,74.79999673374584,3862.0,397.0,74.51291580465383,0.0,5.0,2.0,1.0,15.0
4862.0,swap,74.33165623443581,3862.0,397.0,74.51291580465383,0.0,6.0,3.0,1.0,14.0
4863.0,delete,74.36241852273204,3863.0,187.0,74.62388936971254,1.0,2.0,1.0,4.0,17.0
4864.0,delete,74.47927655378943,3864.0,238.0,74.61674453705216,0.0,2.0,7.0,4.0,15.0
4865.0,add,74.50788880192039,3865.0,389.0,74.48191568342308,0.0,5.0,4.0,2.0,16.0
4866.0,delete,74.75464563276316,3866.0,380.0,74.59973858229493,0.0,4.0,2.0,1.0,15.0
4867.0,add,74.3853989892654,3867.0,316.0,74.701858593392,0.0,3.0,4.0,7.0,14.0
4868.0,add,74.71569368813725,3868.0,59.0,74.58374050842909,2.0,2.0,4.0,3.0,16.0
4869.0,delete,74.54627150428178,3869.0,394.0,74.48410470566057,0.0,5.0,4.0,2.0,15.0
4870.0,delete,74.58436932989034,3870.0,281.0,74.64707950209547,0.0,4.0,7.0,8.0,12.0
4871.0,delete,74.58496710299532,3871.0,396.0,74.53398343125814,0.0,5.0,3.0,1.0,15.0
4872.0,add,74.74281928807837,3872.0,344.0,74.71575424848666,0.0,2.0,3.0,6.0,17.0
4873.0,delete,74.27641940992129,3873.0,128.0,74.58544501347913,1.0,3.0,5.0,2.0,15.0
4874.0,add,74.67332872825774,3874.0,365.0,74.6741730049784,0.0,5.0,4.0,3.0,17.0
4875.0,add,74.5381918059402,3875.0,398.0,74.5122161232988,0.0,5.0,3.0,2.0,15.0
4876.0,add,74.52876460928974,3875.0,398.0,74.5122161232988,0.0,5.0,4.0,2.0,15.0
4877.0,delete,74.51498836746391,3875.0,398.0,74.5122161232988,0.0,5.0,2.0,2.0,15.0
4878.0,swap,74.49525579253579,3875.0,398.0,74.5122161232988,0.0,5.0,3.0,2.0,15.0
4879.0,delete,74.57841575777773,3876.0,188.0,74.6237577692892,1.0,2.0,2.0,4.0,15.0
4880.0,delete,74.78911156664617,3877.0,239.0,74.617259792135,0.0,2.0,6.0,5.0,14.0
4881.0,delete,74.674206772127,3878.0,381.0,74.58733569991959,0.0,4.0,3.0,1.0,13.0
4882.0,delete,73.9459409099749,3879.0,317.0,74.70877794311303,0.0,2.0,4.0,7.0,14.0
4883.0,delete,74.44503414137034,3880.0,390.0,74.48244511139463,0.0,4.0,4.0,2.0,16.0
4884.0,add,74.71383494953757,3881.0,60.0,74.5832003058318,2.0,2.0,4.0,5.0,15.0
4885.0,delete,74.54535777789864,3882.0,395.0,74.48671684746624,0.0,5.0,3.0,1.0,16.0
4886.0,add,74.4605396970494,3883.0,282.0,74.64667618579617,0.0,5.0,6.0,8.0,13.0
4887.0,delete,74.80888924170468,3884.0,345.0,74.71292337105653,0.0,2.0,3.0,5.0,17.0
4888.0,delete,74.78057977199917,3885.0,366.0,74.66734544817452,0.0,4.0,4.0,3.0,17.0
4889.0,add,74.33813050219163,3886.0,129.0,74.58628649844076,1.0,4.0,5.0,1.0,16.0
4890.0,add,74.5108481278315,3887.0,397.0,74.51788333970568,0.0,5.0,3.0,1.0,16.0
4891.0,delete,74.85035731613442,3888.0,396.0,74.53117572384976,0.0,5.0,2.0,1.0,16.0
4892.0,delete,74.67514408882045,3889.0,391.0,74.50404274436626,0.0,5.0,3.0,2.0,15.0
4893.0,add,74.56667463703896,3890.0,189.0,74.62414355623149,1.0,2.0,2.0,4.0,16.0
4894.0,delete,74.64272003957635,3891.0,240.0,74.61711048199264,0.0,1.0,7.0,5.0,13.0
4895.0,add,74.52749606707275,3892.0,399.0,74.52876460928974,0.0,5.0,4.0,2.0,15.0
4896.0,delete,74.47731973457039,3892.0,399.0,74.52876460928974,0.0,5.0,4.0,2.0,14.0
4897.0,swap,74.4862114268208,3892.0,399.0,74.52876460928974,0.0,5.0,4.0,3.0,14.0
4898.0,delete,73.99358349072558,3893.0,318.0,74.71355086539411,0.0,2.0,4.0,7.0,13.0
4899.0,add,74.44586190390541,3894.0,382.0,74.58055350241965,0.0,3.0,4.0,1.0,14.0
4900.0,add,74.60154419077382,3895.0,61.0,74.58271908509876,2.0,3.0,4.0,4.0,16.0
4901.0,delete,74.73665029980326,3896.0,346.0,74.71023001092861,0.0,2.0,3.0,5.0,16.0
4902.0,add,74.45807552088317,3897.0,283.0,74.64781174398243,0.0,5.0,7.0,9.0,12.0
4903.0,delete,74.7852632037603,3898.0,367.0,74.66069623198251,0.0,4.0,4.0,2.0,17.0
4904.0,delete,74.52146971458679,3899.0,130.0,74.58694424606881,1.0,5.0,5.0,1.0,14.0
4905.0,add,74.55212252247027,3900.0,398.0,74.50494795943843,0.0,5.0,3.0,2.0,16.0
4906.0,delete,74.4806762930708,3901.0,400.0,74.47731973457039,0.0,5.0,4.0,2.0,14.0
4907.0,add,74.48684149761104,3901.0,400.0,74.47731973457039,0.0,5.0,4.0,3.0,14.0
4908.0,delete,74.47676179525119,3901.0,400.0,74.47731973457039,0.0,5.0,4.0,1.0,14.0
4909.0,swap,74.43057993104446,3901.0,400.0,74.47731973457039,0.0,4.0,4.0,3.0,14.0
4910.0,delete,74.62395659521488,3902.0,190.0,74.62353173840944,1.0,2.0,2.0,4.0,15.0
4911.0,add,74.45463663032938,3903.0,241.0,74.61649225835222,0.0,2.0,6.0,5.0,14.0
4912.0,delete,74.83409803599646,3904.0,383.0,74.56736642152742,0.0,3.0,3.0,1.0,14.0
4913.0,add,74.8792171631884,3905.0,319.0,74.7165825997199,0.0,2.0,4.0,8.0,13.0
4914.0,add,74.55193477093555,3906.0,392.0,74.50646294098809,0.0,5.0,4.0,2.0,15.0
4915.0,delete,74.7262613251703,3907.0,347.0,74.707916940628,0.0,2.0,3.0,4.0,16.0
4916.0,add,74.54773287242183,3908.0,62.0,74.58307840592725,2.0,2.0,4.0,4.0,18.0
4917.0,delete,74.6340436017312,3909.0,368.0,74.65512272945321,0.0,4.0,3.0,2.0,17.0
4918.0,add,74.4541776021116,3910.0,284.0,74.64901360525631,0.0,6.0,7.0,8.0,13.0
4919.0,delete,74.67719263610475,3911.0,131.0,74.587461044555,1.0,5.0,5.0,0.0,14.0
4920.0,add,74.51076845466996,3912.0,397.0,74.50130529244798,0.0,5.0,3.0,2.0,15.0
4921.0,delete,74.52733441978665,3913.0,399.0,74.47043585030957,0.0,5.0,4.0,2.0,14.0
4922.0,add,74.48592594521645,3914.0,401.0,74.48684149761104,0.0,5.0,4.0,3.0,14.0
4923.0,add,74.56582728758373,3914.0,401.0,74.48684149761104,0.0,5.0,4.0,3.0,15.0
4924.0,delete,74.48712354093398,3914.0,401.0,74.48684149761104,0.0,5.0,4.0,3.0,13.0
4925.0,swap,74.48577922433972,3914.0,401.0,74.48684149761104,0.0,5.0,4.0,4.0,13.0
4926.0,delete,73.98703591160088,3915.0,191.0,74.62283810949354,1.0,2.0,2.0,4.0,14.0
4927.0,add,74.43974084319353,3916.0,242.0,74.61687794130216,0.0,3.0,7.0,5.0,13.0
4928.0,add,74.77278850392439,3917.0,384.0,74.5501738125706,0.0,3.0,3.0,0.0,16.0
4929.0,add,74.70777140799076,3918.0,320.0,74.7143923169944,0.0,3.0,4.0,7.0,14.0
4930.0,add,74.41639693802708,3919.0,393.0,74.51093251825829,0.0,5.0,4.0,2.0,16.0
4931.0,add,74.74773194643542,3920.0,348.0,74.70387025316202,0.0,2.0,2.0,5.0,17.0
4932.0,add,74.96059625574308,3921.0,63.0,74.5828491901828,2.0,3.0,4.0,4.0,18.0
4933.0,add,74.6055972487361,3922.0,369.0,74.65047580951985,0.0,4.0,4.0,2.0,17.0
4934.0,delete,74.41137011616554,3923.0,132.0,74.5874258804708,1.0,4.0,5.0,0.0,14.0
4935.0,add,74.36780684258696,3924.0,285.0,74.65021296903102,0.0,6.0,8.0,8.0,13.0
4936.0,add,74.49090107962392,3925.0,398.0,74.49991173536158,0.0,6.0,3.0,2.0,15.0
4937.0,add,74.55138262280322,3926.0,400.0,74.50229949913698,0.0,5.0,4.0,2.0,15.0
4938.0,delete,74.85053312462833,3927.0,192.0,74.6212711291271,1.0,2.0,2.0,4.0,13.0
4939.0,delete,74.49911261075343,3928.0,399.0,74.49595929929195,0.0,5.0,4.0,2.0,14.0
4940.0,delete,74.54342489391232,3929.0,394.0,74.51103918029698,0.0,5.0,4.0,2.0,15.0
4941.0,delete,74.14030091368394,3930.0,243.0,74.61791943342148,0.0,3.0,6.0,5.0,13.0
4942.0,add,74.5936854818089,3931.0,402.0,74.56582728758373,0.0,5.0,4.0,3.0,15.0
4943.0,add,74.48493621238745,3931.0,402.0,74.56582728758373,0.0,5.0,4.0,3.0,16.0
4944.0,delete,74.51271307545584,3931.0,402.0,74.56582728758373,0.0,4.0,4.0,3.0,15.0
4945.0,swap,74.55416872239657,3931.0,402.0,74.56582728758373,0.0,6.0,3.0,3.0,15.0
4946.0,add,74.61832047065438,3932.0,321.0,74.71191209156984,0.0,2.0,4.0,7.0,16.0
4947.0,add,74.95754552517167,3933.0,349.0,74.69821619685567,0.0,2.0,3.0,4.0,18.0
4948.0,add,74.8580213516139,3934.0,64.0,74.58193452196552,2.0,2.0,5.0,4.0,19.0
4949.0,delete,74.51630099624893,3935.0,286.0,74.6510973984792,0.0,6.0,8.0,9.0,11.0
4950.0,add,74.28419846647925,3936.0,133.0,74.58756798679357,1.0,5.0,4.0,0.0,15.0
4951.0,delete,74.62067458211683,3937.0,370.0,74.6448948359238,0.0,4.0,4.0,2.0,16.0
4952.0,add,74.76032805019956,3938.0,385.0,74.53453044038952,0.0,4.0,3.0,1.0,15.0
4953.0,delete,74.84409841848226,3939.0,193.0,74.62049466713327,1.0,2.0,2.0,3.0,13.0
4954.0,add,74.48070385771753,3940.0,401.0,74.5422661559265,0.0,5.0,4.0,4.0,14.0
4955.0,delete,74.5462849091152,3941.0,395.0,74.50946079204567,0.0,5.0,4.0,1.0,15.0
4956.0,add,74.45195161047731,3942.0,400.0,74.51718976984131,0.0,6.0,4.0,2.0,14.0
4957.0,add,74.48855515788708,3943.0,244.0,74.62053130537073,0.0,3.0,6.0,5.0,14.0
4958.0,add,74.48549377256113,3944.0,403.0,74.48493621238745,0.0,5.0,4.0,3.0,16.0
4959.0,add,74.16790035051264,3944.0,403.0,74.48493621238745,0.0,5.0,4.0,3.0,17.0
4960.0,delete,74.54599317148129,3944.0,403.0,74.48493621238745,0.0,4.0,4.0,3.0,16.0
4961.0,swap,74.56456512975844,3944.0,403.0,74.48493621238745,0.0,6.0,4.0,3.0,15.0
4962.0,delete,74.67359713673807,3945.0,322.0,74.7092344733337,0.0,2.0,4.0,7.0,15.0
4963.0,delete,74.52651091013819,3946.0,287.0,74.65107394951936,0.0,5.0,8.0,9.0,11.0
4964.0,add,74.88876691797996,3947.0,65.0,74.58110137726057,2.0,2.0,6.0,4.0,19.0
4965.0,delete,74.80783868558626,3948.0,350.0,74.69430011707287,0.0,3.0,3.0,3.0,17.0
4966.0,add,74.41463774475083,3949.0,134.0,74.58817067321483,1.0,5.0,4.0,1.0,15.0
4967.0,add,74.61532549311063,3950.0,371.0,74.63861794798046,0.0,4.0,4.0,2.0,17.0
4968.0,delete,74.85345493462924,3951.0,194.0,74.61943009879211,1.0,1.0,2.0,3.0,13.0
4969.0,add,74.6382815470222,3952.0,386.0,74.5148093098778,0.0,5.0,3.0,1.0,15.0
4970.0,delete,74.44107160038565,3953.0,396.0,74.5142965670939,0.0,5.0,3.0,1.0,15.0
4971.0,add,74.53563955347748,3954.0,402.0,74.44977772734019,0.0,5.0,4.0,3.0,16.0
4972.0,add,74.6676414040613,3955.0,401.0,74.49923878319464,0.0,6.0,4.0,3.0,14.0
4973.0,add,74.51701342098376,3956.0,245.0,74.62192234764447,0.0,3.0,6.0,6.0,14.0
4974.0,add,74.16472006924315,3957.0,404.0,74.16790035051264,0.0,5.0,4.0,3.0,17.0
4975.0,add,74.14376521190044,3957.0,404.0,74.16790035051264,0.0,5.0,4.0,3.0,18.0
4976.0,delete,74.28220129792321,3957.0,404.0,74.16790035051264,0.0,5.0,4.0,3.0,16.0
4977.0,swap,74.28339141055065,3957.0,404.0,74.16790035051264,0.0,6.0,4.0,3.0,16.0
4978.0,delete,74.48968662776213,3958.0,288.0,74.65046081190592,0.0,5.0,8.0,7.0,12.0
4979.0,delete,74.59051417588236,3959.0,66.0,74.58075691683773,2.0,3.0,6.0,4.0,17.0
4980.0,delete,74.88575318394629,3960.0,323.0,74.70496082306296,0.0,2.0,4.0,7.0,14.0
4981.0,delete,74.87514331086629,3961.0,351.0,74.68532692996656,0.0,3.0,3.0,4.0,15.0
4982.0,add,74.39259958450674,3962.0,135.0,74.58869857802871,1.0,5.0,4.0,0.0,17.0
4983.0,delete,74.81676104360398,3963.0,372.0,74.6296978593257,0.0,3.0,4.0,2.0,17.0
4984.0,add,74.75329660568183,3964.0,195.0,74.61796669415756,1.0,2.0,3.0,3.0,12.0
4985.0,add,74.54918172619793,3965.0,387.0,74.50053988672434,0.0,4.0,4.0,1.0,16.0
4986.0,add,74.50584287246299,3966.0,397.0,74.47543332337683,0.0,5.0,3.0,1.0,16.0
4987.0,add,74.46656875349844,3967.0,403.0,74.20839566802601,0.0,5.0,4.0,3.0,17.0
4988.0,add,74.56567210063857,3968.0,402.0,74.37501590302675,0.0,6.0,4.0,3.0,15.0
4989.0,add,74.44514860866178,3969.0,246.0,74.62180544102259,0.0,3.0,6.0,5.0,16.0
4990.0,delete,74.71339592989989,3970.0,324.0,74.70381707942104,0.0,2.0,4.0,6.0,14.0
4991.0,add,74.14501914519593,3971.0,405.0,74.14376521190044,0.0,5.0,4.0,3.0,18.0
4992.0,delete,74.14004835672671,3971.0,405.0,74.14376521190044,0.0,5.0,4.0,3.0,17.0
4993.0,swap,74.14808853954234,3971.0,405.0,74.14376521190044,0.0,6.0,4.0,3.0,17.0
4994.0,add,74.69309037090686,3972.0,289.0,74.64937655262639,0.0,5.0,7.0,8.0,13.0
4995.0,add,74.6428766838662,3973.0,67.0,74.58066372107086,2.0,2.0,6.0,5.0,18.0
4996.0,delete,74.8731722758352,3974.0,352.0,74.67630696121621,0.0,3.0,3.0,3.0,15.0
4997.0,delete,74.78498971064731,3975.0,373.0,74.61809814795875,0.0,4.0,4.0,2.0,15.0
4998.0,add,74.45867822794666,3976.0,136.0,74.58903794797685,1.0,6.0,4.0,0.0,17.0
4999.0,delete,74.8411766084813,3977.0,196.0,74.61636975668179,1.0,1.0,2.0,3.0,13.0
5000.0,add,74.48794537828137,3978.0,388.0,74.48569477589282,0.0,5.0,4.0,2.0,15.0
