budget,expandedBy,objectiveValue,epoch,treeDepth,parentValue,H,Rx,Ry,Rz,Cx
0.0,,5.808421654950915,0.0,0.0,0.0,10.0,0.0,0.0,0.0,0.0
1.0,add,5.808421654950915,1.0,1.0,5.808421654950915,10.0,0.0,0.0,0.0,1.0
2.0,delete,6.229370100288219,1.0,1.0,5.808421654950915,9.0,0.0,0.0,0.0,0.0
3.0,swap,5.521084501744534,1.0,1.0,5.808421654950915,9.0,0.0,0.0,1.0,0.0
4.0,add,6.105741486529232,2.0,2.0,5.808421654950915,10.0,0.0,1.0,0.0,1.0
5.0,delete,5.808421654950915,2.0,2.0,5.808421654950915,10.0,0.0,0.0,0.0,0.0
6.0,swap,6.229370100288218,2.0,2.0,5.808421654950915,9.0,0.0,0.0,1.0,1.0
7.0,add,5.808421654950915,3.0,1.0,5.98798872417982,10.0,0.0,0.0,0.0,1.0
8.0,add,6.097240194546817,4.0,3.0,6.105741486529232,10.0,0.0,1.0,0.0,1.0
9.0,add,6.089415951483516,4.0,3.0,6.105741486529232,10.0,0.0,1.0,1.0,1.0
10.0,delete,5.808421654950915,4.0,3.0,6.105741486529232,10.0,0.0,0.0,0.0,1.0
11.0,swap,6.432796743396542,4.0,3.0,6.105741486529232,9.0,1.0,1.0,0.0,1.0
12.0,add,5.808421654950915,5.0,2.0,6.106723206181405,10.0,0.0,0.0,0.0,2.0
13.0,add,6.089349382231795,6.0,4.0,6.089415951483516,10.0,0.0,1.0,1.0,1.0
14.0,add,5.839906452547887,6.0,4.0,6.089415951483516,10.0,0.0,2.0,1.0,1.0
15.0,delete,5.844368608951302,6.0,4.0,6.089415951483516,9.0,0.0,1.0,1.0,1.0
16.0,swap,6.246857934395746,6.0,4.0,6.089415951483516,9.0,0.0,2.0,1.0,1.0
17.0,add,5.808421654950915,7.0,1.0,6.001225366366117,10.0,0.0,0.0,0.0,1.0
18.0,add,6.105741486529232,8.0,3.0,6.021979665922049,10.0,0.0,1.0,0.0,2.0
19.0,add,5.808421654950915,9.0,2.0,6.0425692318649,10.0,0.0,0.0,0.0,2.0
20.0,add,5.880851906345694,10.0,5.0,5.839906452547887,10.0,0.0,2.0,1.0,1.0
21.0,add,6.335247330279184,10.0,5.0,5.839906452547887,10.0,1.0,2.0,1.0,1.0
22.0,delete,6.262326005191731,10.0,5.0,5.839906452547887,9.0,0.0,2.0,1.0,1.0
23.0,swap,5.201126973646548,10.0,5.0,5.839906452547887,9.0,1.0,2.0,1.0,1.0
24.0,add,6.089415951483516,11.0,4.0,5.903891733602209,10.0,0.0,1.0,1.0,2.0
25.0,add,5.753437146768076,12.0,3.0,5.998600725735105,10.0,1.0,1.0,0.0,1.0
26.0,add,6.279942591264186,13.0,6.0,6.335247330279184,10.0,1.0,2.0,1.0,1.0
27.0,add,6.33642318492921,13.0,6.0,6.335247330279184,10.0,1.0,2.0,2.0,1.0
28.0,delete,5.839906452547887,13.0,6.0,6.335247330279184,10.0,0.0,2.0,1.0,1.0
29.0,swap,6.313597604728294,13.0,6.0,6.335247330279184,9.0,1.0,2.0,1.0,2.0
30.0,add,5.839906452547887,14.0,5.0,6.221023432749751,10.0,0.0,2.0,1.0,2.0
31.0,add,6.089415951483516,15.0,4.0,6.019877355046547,10.0,0.0,1.0,1.0,2.0
32.0,add,6.336621998455009,16.0,7.0,6.33642318492921,10.0,1.0,2.0,2.0,1.0
33.0,add,6.33642318492921,16.0,7.0,6.33642318492921,10.0,1.0,2.0,2.0,2.0
34.0,delete,5.840806534721961,16.0,7.0,6.33642318492921,10.0,0.0,2.0,2.0,1.0
35.0,swap,6.284690586931687,16.0,7.0,6.33642318492921,9.0,1.0,2.0,3.0,1.0
36.0,add,6.335247330279184,17.0,6.0,6.2269930979934145,10.0,1.0,2.0,1.0,2.0
37.0,add,5.839906452547887,18.0,5.0,6.188983022873972,10.0,1.0,2.0,1.0,1.0
38.0,add,6.336968977829612,19.0,8.0,6.33642318492921,10.0,1.0,2.0,2.0,2.0
39.0,add,6.33642318492921,19.0,8.0,6.33642318492921,10.0,1.0,2.0,2.0,3.0
40.0,delete,6.668730012722174,19.0,8.0,6.33642318492921,9.0,1.0,2.0,2.0,2.0
41.0,swap,6.244719316837059,19.0,8.0,6.33642318492921,10.0,0.0,3.0,2.0,2.0
42.0,add,5.808421654950915,20.0,1.0,6.0646634629988565,10.0,0.0,0.0,0.0,1.0
43.0,add,6.33642318492921,21.0,7.0,6.384652935449453,10.0,2.0,2.0,2.0,1.0
44.0,add,6.335247330279184,22.0,6.0,6.308497954317593,10.0,1.0,2.0,1.0,2.0
45.0,add,6.329347653473142,23.0,9.0,6.33642318492921,10.0,1.0,2.0,2.0,3.0
46.0,add,6.33642318492921,23.0,9.0,6.33642318492921,10.0,1.0,2.0,2.0,4.0
47.0,delete,5.840806534721961,23.0,9.0,6.33642318492921,10.0,0.0,2.0,2.0,3.0
48.0,swap,6.594715258152402,23.0,9.0,6.33642318492921,10.0,1.0,2.0,2.0,3.0
49.0,add,5.808421654950915,24.0,2.0,6.120794537083715,10.0,0.0,0.0,0.0,2.0
50.0,add,6.33642318492921,25.0,8.0,6.2875431632411845,10.0,1.0,2.0,2.0,3.0
51.0,add,6.33642318492921,26.0,7.0,6.3361276071256745,10.0,1.0,2.0,2.0,2.0
52.0,add,6.336054926840806,27.0,10.0,6.33642318492921,10.0,1.0,2.0,2.0,4.0
53.0,add,6.33642318492921,27.0,10.0,6.33642318492921,10.0,1.0,2.0,2.0,5.0
54.0,delete,5.868374989851401,27.0,10.0,6.33642318492921,9.0,1.0,2.0,2.0,4.0
55.0,swap,6.339202950720259,27.0,10.0,6.33642318492921,10.0,1.0,2.0,2.0,4.0
56.0,add,6.105741486529232,28.0,3.0,6.158091012905584,10.0,0.0,1.0,0.0,2.0
57.0,add,6.337047494627326,29.0,9.0,6.243295847454177,10.0,1.0,2.0,2.0,4.0
58.0,add,6.246999917398307,30.0,8.0,6.27193114073674,10.0,1.0,2.0,2.0,3.0
59.0,add,6.333423644775352,31.0,11.0,6.33642318492921,10.0,1.0,2.0,2.0,5.0
60.0,add,6.33642318492921,31.0,11.0,6.33642318492921,10.0,1.0,2.0,2.0,6.0
61.0,delete,6.536358853153778,31.0,11.0,6.33642318492921,9.0,1.0,2.0,2.0,5.0
62.0,swap,5.829117321964768,31.0,11.0,6.33642318492921,10.0,0.0,3.0,2.0,5.0
63.0,add,6.005308243844947,32.0,4.0,6.195346010567811,10.0,0.0,2.0,1.0,1.0
64.0,add,6.3364231849292105,33.0,10.0,6.274349237950463,10.0,2.0,2.0,2.0,4.0
65.0,add,6.33642318492921,34.0,9.0,6.26593390196823,10.0,1.0,2.0,2.0,4.0
66.0,add,6.315919600870777,35.0,12.0,6.33642318492921,10.0,1.0,2.0,2.0,6.0
67.0,add,6.33642318492921,35.0,12.0,6.33642318492921,10.0,1.0,2.0,2.0,7.0
68.0,delete,6.33642318492921,35.0,12.0,6.33642318492921,10.0,1.0,2.0,2.0,5.0
69.0,swap,6.110462636741285,35.0,12.0,6.33642318492921,9.0,1.0,2.0,2.0,7.0
70.0,add,5.839906452547887,36.0,5.0,6.255571803983561,10.0,0.0,2.0,1.0,2.0
71.0,add,6.33642318492921,37.0,11.0,6.2871303584799385,10.0,1.0,2.0,2.0,6.0
72.0,add,5.772816657499366,38.0,10.0,6.28580192428011,10.0,1.0,3.0,2.0,4.0
73.0,add,6.336351768149151,39.0,13.0,6.33642318492921,10.0,1.0,2.0,2.0,7.0
74.0,add,6.33642318492921,39.0,13.0,6.33642318492921,10.0,1.0,2.0,2.0,8.0
75.0,delete,6.33642318492921,39.0,13.0,6.33642318492921,10.0,1.0,2.0,2.0,6.0
76.0,swap,5.900568521584417,39.0,13.0,6.33642318492921,9.0,1.0,2.0,3.0,7.0
77.0,add,6.335247330279184,40.0,6.0,6.2698342944361904,10.0,1.0,2.0,1.0,2.0
78.0,add,6.33642318492921,41.0,12.0,6.249237968904239,10.0,1.0,2.0,2.0,7.0
79.0,add,6.069993030485466,42.0,11.0,6.274387711077281,10.0,1.0,2.0,2.0,6.0
80.0,add,6.3360996521672615,43.0,14.0,6.33642318492921,10.0,1.0,2.0,2.0,8.0
81.0,add,6.33642318492921,43.0,14.0,6.33642318492921,10.0,1.0,2.0,2.0,9.0
82.0,delete,6.33642318492921,43.0,14.0,6.33642318492921,10.0,1.0,2.0,2.0,7.0
83.0,swap,5.9129406649207,43.0,14.0,6.33642318492921,10.0,1.0,2.0,2.0,8.0
84.0,add,6.33642318492921,44.0,7.0,6.266315942855313,10.0,1.0,2.0,2.0,2.0
85.0,add,6.33525590641361,45.0,13.0,6.251661974375119,10.0,1.0,2.0,3.0,7.0
86.0,add,6.337947604165581,46.0,12.0,6.258159602073673,10.0,1.0,2.0,3.0,6.0
87.0,add,6.336776180149665,47.0,15.0,6.33642318492921,10.0,1.0,2.0,2.0,9.0
88.0,add,6.33642318492921,47.0,15.0,6.33642318492921,10.0,1.0,2.0,2.0,10.0
89.0,delete,6.110462636741285,47.0,15.0,6.33642318492921,9.0,1.0,2.0,2.0,9.0
90.0,swap,6.250288544432597,47.0,15.0,6.33642318492921,9.0,1.0,3.0,2.0,9.0
91.0,add,6.33642318492921,48.0,8.0,6.2525025977216995,10.0,1.0,2.0,2.0,3.0
92.0,add,6.33642318492921,49.0,14.0,6.274074746236393,10.0,1.0,2.0,2.0,9.0
93.0,add,6.335325945910664,50.0,13.0,6.269449046315561,10.0,1.0,2.0,2.0,8.0
94.0,add,6.336357588320151,51.0,16.0,6.33642318492921,10.0,1.0,2.0,2.0,10.0
95.0,add,6.33642318492921,51.0,16.0,6.33642318492921,10.0,2.0,2.0,2.0,10.0
96.0,delete,6.130317927970379,51.0,16.0,6.33642318492921,9.0,1.0,2.0,2.0,10.0
97.0,swap,5.869654329917944,51.0,16.0,6.33642318492921,9.0,1.0,2.0,2.0,11.0
98.0,add,6.33642318492921,52.0,9.0,6.2439972584310315,10.0,2.0,2.0,2.0,3.0
99.0,add,6.298849755761122,53.0,15.0,6.201835243213378,10.0,2.0,2.0,2.0,9.0
100.0,add,6.347975336171126,54.0,14.0,6.243490882091817,10.0,1.0,2.0,3.0,8.0
101.0,add,6.329039557672776,55.0,17.0,6.33642318492921,10.0,2.0,2.0,2.0,10.0
102.0,add,6.33642318492921,55.0,17.0,6.33642318492921,10.0,2.0,2.0,2.0,11.0
103.0,delete,6.33642318492921,55.0,17.0,6.33642318492921,10.0,1.0,2.0,2.0,10.0
104.0,swap,6.33642318492921,55.0,17.0,6.33642318492921,10.0,3.0,2.0,2.0,9.0
105.0,add,5.808421654950915,56.0,1.0,6.171917668875423,10.0,0.0,0.0,0.0,1.0
106.0,add,6.3364231849292105,57.0,10.0,6.254787445243393,10.0,2.0,2.0,2.0,4.0
107.0,add,6.33642318492921,58.0,16.0,6.334946459477923,10.0,1.0,2.0,2.0,11.0
108.0,add,6.33642318492921,59.0,15.0,6.271159842656149,10.0,1.0,2.0,2.0,10.0
109.0,add,6.267369914691041,60.0,18.0,6.33642318492921,10.0,2.0,2.0,2.0,11.0
110.0,add,6.33642318492921,60.0,18.0,6.33642318492921,10.0,2.0,2.0,2.0,12.0
111.0,delete,6.110462636741285,60.0,18.0,6.33642318492921,9.0,2.0,2.0,2.0,11.0
112.0,swap,6.347401649220778,60.0,18.0,6.33642318492921,9.0,3.0,2.0,2.0,11.0
113.0,add,5.808421654950915,61.0,2.0,6.197427677578839,10.0,0.0,0.0,0.0,2.0
114.0,add,6.33642318492921,62.0,11.0,6.269535967948119,10.0,1.0,2.0,2.0,6.0
115.0,add,6.246999917398308,63.0,17.0,6.279616114102305,10.0,2.0,2.0,2.0,11.0
116.0,add,6.33642318492921,64.0,16.0,6.30180116229995,10.0,1.0,2.0,2.0,11.0
117.0,add,6.33642318492921,65.0,19.0,6.33642318492921,10.0,2.0,2.0,2.0,12.0
118.0,add,6.33642318492921,65.0,19.0,6.33642318492921,10.0,2.0,2.0,2.0,13.0
119.0,delete,6.33642318492921,65.0,19.0,6.33642318492921,10.0,2.0,2.0,2.0,11.0
120.0,swap,6.121691701497549,65.0,19.0,6.33642318492921,10.0,2.0,1.0,2.0,13.0
121.0,add,6.105741486529233,66.0,3.0,6.21860576009598,10.0,1.0,1.0,0.0,1.0
122.0,add,6.33642318492921,67.0,12.0,6.2747544563413085,10.0,2.0,2.0,2.0,6.0
123.0,add,6.352765161345594,68.0,18.0,6.2934768882428775,10.0,2.0,2.0,3.0,11.0
124.0,add,5.75813658767883,69.0,17.0,6.284436991412782,10.0,2.0,3.0,2.0,10.0
125.0,add,6.33642318492921,70.0,20.0,6.33642318492921,10.0,2.0,2.0,2.0,13.0
126.0,add,6.33642318492921,70.0,20.0,6.33642318492921,10.0,2.0,2.0,2.0,14.0
127.0,delete,6.341945904600823,70.0,20.0,6.33642318492921,9.0,2.0,2.0,2.0,13.0
128.0,swap,6.266653740687116,70.0,20.0,6.33642318492921,9.0,2.0,2.0,2.0,14.0
129.0,add,6.089415951483516,71.0,4.0,6.2331092450689045,10.0,0.0,1.0,1.0,2.0
130.0,add,6.33642318492921,72.0,13.0,6.269959714228408,10.0,1.0,2.0,2.0,8.0
131.0,add,6.661482873330603,73.0,19.0,6.323573840015113,10.0,2.0,3.0,2.0,12.0
132.0,add,6.113715150336253,74.0,18.0,6.342098044639721,10.0,2.0,3.0,2.0,11.0
133.0,add,6.337482115966736,75.0,21.0,6.33642318492921,10.0,2.0,2.0,2.0,14.0
134.0,add,6.33642318492921,75.0,21.0,6.33642318492921,10.0,2.0,2.0,2.0,15.0
135.0,delete,6.33642318492921,75.0,21.0,6.33642318492921,10.0,2.0,2.0,2.0,13.0
136.0,swap,6.337317224985049,75.0,21.0,6.33642318492921,10.0,2.0,2.0,3.0,13.0
137.0,add,5.839906452547887,76.0,5.0,6.263118132786016,10.0,0.0,2.0,1.0,2.0
138.0,add,6.33642318492921,77.0,14.0,6.283219094108568,10.0,1.0,2.0,2.0,9.0
139.0,add,6.3364231849292105,78.0,20.0,6.336813779147883,10.0,3.0,2.0,2.0,13.0
140.0,add,6.3348465270688825,79.0,19.0,6.360310997195054,10.0,2.0,2.0,3.0,12.0
141.0,add,6.303586515568142,80.0,22.0,6.33642318492921,10.0,2.0,2.0,2.0,15.0
142.0,add,6.435075822141066,80.0,22.0,6.33642318492921,10.0,2.0,3.0,2.0,15.0
143.0,delete,6.344756152504209,80.0,22.0,6.33642318492921,9.0,2.0,2.0,2.0,15.0
144.0,swap,6.339481321815549,80.0,22.0,6.33642318492921,10.0,2.0,3.0,1.0,15.0
145.0,add,6.528166881850185,81.0,6.0,6.283915990771384,10.0,1.0,3.0,1.0,1.0
146.0,add,6.33642318492921,82.0,15.0,6.292614605525417,10.0,1.0,2.0,2.0,10.0
147.0,add,6.33642318492921,83.0,21.0,6.351864599391635,10.0,3.0,2.0,2.0,14.0
148.0,add,6.33642318492921,84.0,20.0,6.3436195525115275,10.0,2.0,2.0,2.0,14.0
149.0,add,6.435839600088085,85.0,23.0,6.435075822141066,10.0,2.0,3.0,2.0,15.0
150.0,add,6.435075822141066,85.0,23.0,6.435075822141066,10.0,2.0,3.0,2.0,16.0
151.0,delete,6.435075822141066,85.0,23.0,6.435075822141066,10.0,2.0,3.0,2.0,14.0
152.0,swap,6.437864651835761,85.0,23.0,6.435075822141066,10.0,2.0,3.0,3.0,14.0
153.0,add,6.3364231849292105,86.0,7.0,6.293128040821075,10.0,2.0,2.0,2.0,1.0
154.0,add,6.352695097211867,87.0,16.0,6.320331512881327,10.0,1.0,2.0,2.0,11.0
155.0,add,6.3364231849292105,88.0,22.0,6.435786343669409,10.0,3.0,2.0,2.0,15.0
156.0,add,6.352695097211866,89.0,21.0,6.37963866027478,10.0,2.0,2.0,2.0,15.0
157.0,add,6.463473250156375,90.0,24.0,6.435075822141066,10.0,2.0,3.0,2.0,16.0
158.0,add,6.281565572392096,90.0,24.0,6.435075822141066,10.0,2.0,3.0,2.0,17.0
159.0,delete,6.397495343773217,90.0,24.0,6.435075822141066,9.0,2.0,3.0,2.0,16.0
160.0,swap,6.433691050948686,90.0,24.0,6.435075822141066,10.0,2.0,3.0,2.0,16.0
161.0,add,6.280071107350181,91.0,8.0,6.293340929651344,10.0,1.0,3.0,2.0,2.0
162.0,add,6.33642318492921,92.0,17.0,6.326686213308642,10.0,2.0,2.0,2.0,11.0
163.0,add,6.29414163791642,93.0,23.0,6.402260207882288,10.0,2.0,3.0,2.0,16.0
164.0,add,6.668630332458663,94.0,22.0,6.398701978042095,10.0,2.0,3.0,2.0,15.0
165.0,add,6.288886366471505,95.0,25.0,6.281565572392096,10.0,2.0,3.0,2.0,17.0
166.0,add,6.280921506801421,95.0,25.0,6.281565572392096,10.0,2.0,3.0,2.0,18.0
167.0,delete,6.281565572392096,95.0,25.0,6.281565572392096,10.0,2.0,3.0,2.0,16.0
168.0,swap,6.281565572392096,95.0,25.0,6.281565572392096,10.0,2.0,3.0,2.0,17.0
169.0,add,6.335399874197174,96.0,9.0,6.297331174843847,10.0,1.0,2.0,3.0,3.0
170.0,add,6.3383353770106,97.0,18.0,6.35240914075296,10.0,2.0,2.0,2.0,12.0
171.0,add,6.435075822141066,98.0,24.0,6.282900918089843,10.0,2.0,3.0,2.0,17.0
172.0,add,6.436867824612335,99.0,23.0,6.352132501593277,10.0,2.0,3.0,2.0,16.0
173.0,add,6.262668090459483,100.0,26.0,6.280921506801421,10.0,2.0,3.0,2.0,18.0
174.0,add,6.280921506801421,100.0,26.0,6.280921506801421,10.0,2.0,3.0,2.0,19.0
175.0,delete,6.280921506801419,100.0,26.0,6.280921506801421,10.0,1.0,3.0,2.0,18.0
176.0,swap,5.861667418157877,100.0,26.0,6.280921506801421,9.0,2.0,3.0,3.0,18.0
177.0,add,6.3364231849292105,101.0,10.0,6.297394355709444,10.0,2.0,2.0,2.0,4.0
178.0,add,6.33642318492921,102.0,19.0,6.3514261557781255,10.0,2.0,2.0,2.0,13.0
179.0,add,6.281565572392096,103.0,25.0,6.193420005804325,10.0,2.0,3.0,2.0,18.0
180.0,add,6.4495182423499315,104.0,24.0,6.25612040974569,10.0,2.0,3.0,2.0,17.0
181.0,add,6.276539751104747,105.0,27.0,6.280921506801421,10.0,2.0,3.0,2.0,19.0
182.0,add,6.280921506801421,105.0,27.0,6.280921506801421,10.0,3.0,3.0,2.0,19.0
183.0,delete,6.136447346661979,105.0,27.0,6.280921506801421,10.0,1.0,3.0,2.0,19.0
184.0,swap,6.091727720911093,105.0,27.0,6.280921506801421,10.0,3.0,3.0,2.0,18.0
185.0,add,6.33642318492921,106.0,11.0,6.30100753331109,10.0,1.0,2.0,2.0,6.0
186.0,add,6.420763767190868,107.0,20.0,6.332399773895013,10.0,2.0,3.0,2.0,13.0
187.0,add,6.280249767236993,108.0,26.0,6.213311566456132,10.0,2.0,3.0,3.0,18.0
188.0,add,6.18557255126356,109.0,25.0,6.210413790375451,10.0,2.0,4.0,2.0,17.0
189.0,add,6.280894854739572,110.0,28.0,6.280921506801421,10.0,3.0,3.0,2.0,19.0
190.0,add,6.280921506801421,110.0,28.0,6.280921506801421,10.0,3.0,3.0,2.0,20.0
191.0,delete,6.280921506801421,110.0,28.0,6.280921506801421,10.0,3.0,3.0,2.0,18.0
192.0,swap,6.280921506801421,110.0,28.0,6.280921506801421,10.0,3.0,3.0,2.0,19.0
193.0,add,6.24675931441279,111.0,12.0,6.30264032411712,10.0,1.0,3.0,2.0,6.0
194.0,add,6.059819481023813,112.0,21.0,6.3216245142194065,10.0,2.0,2.0,2.0,15.0
195.0,add,6.280921506801421,113.0,27.0,6.28091617638905,10.0,2.0,3.0,2.0,20.0
196.0,add,6.214953809300342,114.0,26.0,6.250126225587537,10.0,2.0,4.0,2.0,18.0
197.0,add,6.251825802472089,115.0,29.0,6.280921506801421,10.0,3.0,3.0,2.0,20.0
198.0,add,6.280921506801421,115.0,29.0,6.280921506801421,10.0,3.0,3.0,2.0,21.0
199.0,delete,5.949845219545418,115.0,29.0,6.280921506801421,9.0,3.0,3.0,2.0,20.0
200.0,swap,6.281776664379131,115.0,29.0,6.280921506801421,10.0,3.0,3.0,3.0,19.0
201.0,add,6.33642318492921,116.0,13.0,6.296810259619137,10.0,2.0,2.0,2.0,7.0
202.0,add,6.33642318492921,117.0,22.0,6.302796490527949,10.0,2.0,2.0,2.0,16.0
203.0,add,6.280921506801421,118.0,28.0,6.209058139999895,10.0,3.0,3.0,2.0,20.0
204.0,add,6.280921506801421,119.0,27.0,6.248253917158741,10.0,2.0,3.0,2.0,20.0
205.0,add,6.3321584246746765,120.0,30.0,6.280921506801421,10.0,3.0,3.0,2.0,21.0
206.0,delete,6.051824949760357,120.0,30.0,6.280921506801421,10.0,3.0,2.0,2.0,21.0
207.0,swap,6.282825997988347,120.0,30.0,6.280921506801421,9.0,3.0,3.0,2.0,22.0
208.0,add,6.33642318492921,121.0,14.0,6.296153339093397,10.0,1.0,2.0,2.0,9.0
209.0,add,6.435075822141066,122.0,23.0,6.271579553680779,10.0,2.0,3.0,2.0,16.0
210.0,add,6.280921506801421,123.0,29.0,6.2369327198062,10.0,3.0,3.0,2.0,21.0
211.0,delete,6.0518644164230055,124.0,31.0,6.051824949760357,10.0,3.0,2.0,2.0,21.0
212.0,add,6.044832237890783,124.0,31.0,6.051824949760357,10.0,3.0,2.0,3.0,21.0
213.0,delete,6.051824949760358,124.0,31.0,6.051824949760357,10.0,2.0,2.0,2.0,21.0
214.0,swap,6.047362043021241,124.0,31.0,6.051824949760357,9.0,3.0,2.0,3.0,21.0
215.0,add,6.280921506801421,125.0,28.0,6.176416195222934,10.0,3.0,3.0,2.0,20.0
216.0,add,6.337047494627335,126.0,15.0,6.287702655079247,10.0,1.0,2.0,2.0,10.0
217.0,add,5.808421654950915,127.0,1.0,6.228871596641497,10.0,0.0,0.0,0.0,1.0
218.0,add,6.435075822141066,128.0,24.0,6.227912418582063,10.0,2.0,3.0,2.0,17.0
219.0,delete,6.280921506801421,129.0,30.0,6.04954171937115,10.0,3.0,3.0,2.0,20.0
220.0,add,6.062923999020061,130.0,32.0,6.044832237890783,10.0,3.0,2.0,3.0,21.0
221.0,delete,6.044832237890783,130.0,32.0,6.044832237890783,10.0,3.0,2.0,3.0,20.0
222.0,swap,5.771755987361956,130.0,32.0,6.044832237890783,9.0,3.0,2.0,4.0,21.0
223.0,add,6.280921506801421,131.0,29.0,6.121920751091987,10.0,4.0,3.0,2.0,20.0
224.0,add,6.013140658368082,132.0,31.0,5.981086115540896,10.0,4.0,2.0,2.0,21.0
225.0,add,5.808421654950915,133.0,2.0,6.237328006400332,10.0,0.0,0.0,0.0,2.0
226.0,add,6.808570830208836,134.0,16.0,6.280301895879517,10.0,1.0,3.0,2.0,10.0
227.0,add,6.28262980721913,135.0,25.0,6.18781802750783,10.0,2.0,3.0,2.0,18.0
228.0,delete,6.045341827860136,136.0,33.0,6.044832237890783,10.0,3.0,2.0,3.0,20.0
229.0,delete,6.062470163520783,136.0,33.0,6.044832237890783,9.0,3.0,2.0,3.0,20.0
230.0,swap,5.248056090029228,136.0,33.0,6.044832237890783,9.0,3.0,2.0,4.0,20.0
231.0,delete,6.144427451725357,137.0,30.0,5.9828577744390925,9.0,3.0,3.0,2.0,21.0
232.0,delete,5.248056090029228,138.0,32.0,5.850175079825232,9.0,3.0,2.0,3.0,21.0
233.0,delete,6.059895314803265,139.0,34.0,6.062470163520783,9.0,3.0,2.0,3.0,20.0
234.0,delete,6.062470163520783,139.0,34.0,6.062470163520783,9.0,3.0,2.0,3.0,19.0
235.0,swap,6.061517885644393,139.0,34.0,6.062470163520783,8.0,4.0,2.0,3.0,20.0
236.0,add,6.105741486529232,140.0,3.0,6.2367302884028,10.0,0.0,1.0,0.0,2.0
237.0,add,6.33642318492921,141.0,17.0,6.244632765332041,10.0,2.0,2.0,2.0,11.0
238.0,add,6.249203648855146,142.0,26.0,6.12448344912348,10.0,2.0,3.0,2.0,19.0
239.0,add,6.051824949760357,143.0,31.0,5.893774387994957,10.0,3.0,2.0,2.0,22.0
240.0,delete,6.044832237890783,144.0,33.0,6.061588381872306,10.0,3.0,2.0,3.0,19.0
241.0,delete,6.045396047574685,145.0,35.0,6.062470163520783,9.0,3.0,2.0,3.0,19.0
242.0,add,6.048650968824965,145.0,35.0,6.062470163520783,9.0,3.0,3.0,3.0,19.0
243.0,delete,5.962003354006858,145.0,35.0,6.062470163520783,9.0,3.0,2.0,3.0,18.0
244.0,swap,6.062470163520784,145.0,35.0,6.062470163520783,9.0,4.0,2.0,3.0,18.0
245.0,add,6.089415951483516,146.0,4.0,6.238860617439583,10.0,0.0,1.0,1.0,2.0
246.0,add,6.33642318492921,147.0,18.0,6.235605498936319,10.0,2.0,2.0,2.0,12.0
247.0,add,6.280921506801421,148.0,27.0,6.098491688624988,10.0,2.0,3.0,2.0,20.0
248.0,delete,6.044832237890783,149.0,32.0,5.9227686573166665,10.0,3.0,2.0,3.0,20.0
249.0,delete,6.062470163520783,150.0,34.0,6.036198139489615,9.0,3.0,2.0,3.0,19.0
250.0,add,6.048056527425397,151.0,36.0,6.048650968824965,9.0,3.0,3.0,3.0,19.0
251.0,add,6.048650968824965,151.0,36.0,6.048650968824965,9.0,4.0,3.0,3.0,19.0
252.0,delete,6.048650968824965,151.0,36.0,6.048650968824965,9.0,2.0,3.0,3.0,19.0
253.0,swap,5.8652838832752145,151.0,36.0,6.048650968824965,9.0,2.0,3.0,4.0,19.0
254.0,add,5.556872922171664,152.0,5.0,6.244775071168589,10.0,0.0,3.0,1.0,1.0
255.0,add,6.33642318492921,153.0,19.0,6.220827511547721,10.0,2.0,2.0,2.0,13.0
256.0,add,6.280921506801421,154.0,28.0,6.060258575479022,10.0,3.0,3.0,2.0,20.0
257.0,delete,5.771418050475959,155.0,33.0,6.0344870579413294,9.0,3.0,2.0,3.0,20.0
258.0,add,6.5595109458261645,156.0,35.0,6.011858663435101,9.0,3.0,3.0,3.0,19.0
259.0,delete,6.062470163520783,157.0,34.0,6.07396492319505,9.0,3.0,2.0,3.0,19.0
260.0,add,6.0486509688249654,158.0,37.0,6.048650968824965,9.0,4.0,3.0,3.0,19.0
261.0,add,6.050775596896242,158.0,37.0,6.048650968824965,9.0,4.0,3.0,4.0,19.0
262.0,delete,6.048650968824964,158.0,37.0,6.048650968824965,9.0,3.0,3.0,3.0,19.0
263.0,swap,6.048650968824965,158.0,37.0,6.048650968824965,9.0,4.0,3.0,3.0,19.0
264.0,add,6.335247330279184,159.0,6.0,6.2486201287480565,10.0,1.0,2.0,1.0,2.0
265.0,add,6.33642318492921,160.0,20.0,6.2021229692427005,10.0,2.0,2.0,2.0,14.0
266.0,add,6.285892407106835,161.0,29.0,6.041298025024598,10.0,3.0,3.0,2.0,21.0
267.0,add,6.048650968824965,162.0,36.0,6.04907589443922,9.0,4.0,3.0,3.0,19.0
268.0,add,6.062470163520783,163.0,35.0,6.078562157745252,9.0,3.0,2.0,3.0,20.0
269.0,delete,5.82423545322101,164.0,30.0,6.009945877956707,10.0,3.0,3.0,1.0,21.0
270.0,add,6.33642318492921,165.0,7.0,6.24381209784208,10.0,1.0,2.0,2.0,2.0
271.0,add,6.33642318492921,166.0,21.0,6.1863029893656645,10.0,3.0,2.0,2.0,14.0
272.0,add,6.050775596896242,167.0,38.0,6.050775596896242,9.0,4.0,3.0,4.0,19.0
273.0,add,6.050775596896242,167.0,38.0,6.050775596896242,9.0,4.0,3.0,4.0,20.0
274.0,delete,6.05195912158947,167.0,38.0,6.050775596896242,9.0,4.0,3.0,3.0,19.0
275.0,swap,5.866526818056893,167.0,38.0,6.050775596896242,9.0,3.0,3.0,5.0,19.0
276.0,add,5.8405444949866,168.0,37.0,6.014162546067018,9.0,4.0,4.0,3.0,19.0
277.0,add,6.068709123552717,169.0,36.0,6.014055642676956,9.0,3.0,4.0,3.0,19.0
278.0,add,6.051824949760357,170.0,31.0,5.992024478840975,10.0,3.0,2.0,2.0,22.0
279.0,add,6.059819481023813,171.0,8.0,6.2315924934244755,10.0,1.0,2.0,2.0,3.0
280.0,add,6.337047494627336,172.0,22.0,6.165792506657394,10.0,2.0,2.0,2.0,16.0
281.0,add,6.050775596896241,173.0,39.0,6.050775596896242,9.0,4.0,3.0,4.0,20.0
282.0,delete,6.050775596896242,173.0,39.0,6.050775596896242,9.0,4.0,3.0,4.0,19.0
283.0,swap,5.783682434874123,173.0,39.0,6.050775596896242,9.0,4.0,4.0,4.0,19.0
284.0,add,6.050775596896242,174.0,38.0,5.984002306390711,9.0,4.0,3.0,4.0,20.0
285.0,delete,6.050775596896242,175.0,40.0,6.050775596896242,9.0,4.0,3.0,4.0,19.0
286.0,add,6.050775596896242,175.0,40.0,6.050775596896242,9.0,4.0,3.0,4.0,20.0
287.0,delete,6.050775596896242,175.0,40.0,6.050775596896242,9.0,4.0,3.0,4.0,18.0
288.0,swap,6.050775596896242,175.0,40.0,6.050775596896242,9.0,4.0,3.0,4.0,19.0
289.0,add,6.33642318492921,176.0,9.0,6.222026710115023,10.0,1.0,2.0,2.0,4.0
290.0,add,6.435700131839186,177.0,23.0,6.135578783433774,10.0,2.0,3.0,2.0,16.0
291.0,delete,6.044832237890783,178.0,32.0,5.997228296560585,10.0,3.0,2.0,3.0,20.0
292.0,add,6.048650968824965,179.0,37.0,6.003604917033536,9.0,4.0,3.0,3.0,20.0
293.0,delete,6.050775596896242,180.0,39.0,6.050775596896242,9.0,4.0,3.0,4.0,19.0
294.0,delete,6.044832237890783,181.0,33.0,6.0346640137837335,10.0,3.0,2.0,3.0,19.0
295.0,add,6.050318205170048,182.0,41.0,6.050775596896242,9.0,4.0,3.0,4.0,20.0
296.0,delete,5.8781489897478,182.0,41.0,6.050775596896242,8.0,4.0,3.0,4.0,20.0
297.0,swap,6.08898228215948,182.0,41.0,6.050775596896242,9.0,4.0,4.0,4.0,19.0
298.0,add,6.33642318492921,183.0,10.0,6.214663411786627,10.0,1.0,2.0,2.0,5.0
299.0,add,6.434660648689784,184.0,24.0,6.109469266607474,10.0,2.0,3.0,3.0,16.0
300.0,add,6.048801270855117,185.0,38.0,6.019854791078279,9.0,4.0,3.0,4.0,20.0
301.0,add,6.05077559689624,186.0,40.0,6.017056268493392,9.0,4.0,3.0,5.0,19.0
302.0,delete,5.962003354006858,187.0,34.0,6.037661262309208,9.0,3.0,2.0,3.0,19.0
303.0,delete,5.878294197553812,188.0,42.0,5.8781489897478,8.0,4.0,3.0,4.0,20.0
304.0,delete,5.876225382938035,188.0,42.0,5.8781489897478,8.0,4.0,3.0,3.0,20.0
305.0,swap,5.861714550615441,188.0,42.0,5.8781489897478,8.0,3.0,3.0,4.0,21.0
306.0,add,6.33642318492921,189.0,11.0,6.207699529526026,10.0,1.0,2.0,2.0,6.0
307.0,add,6.281565572392096,190.0,25.0,6.0833323121878005,10.0,2.0,3.0,2.0,18.0
308.0,delete,6.050775596896242,191.0,39.0,5.999162522035254,9.0,4.0,3.0,4.0,19.0
309.0,delete,6.050775596896242,192.0,41.0,5.873595780213772,9.0,4.0,3.0,4.0,19.0
310.0,delete,5.876225382938033,193.0,43.0,5.876225382938035,8.0,4.0,3.0,3.0,20.0
311.0,add,5.8734429450010825,193.0,43.0,5.876225382938035,8.0,4.0,3.0,3.0,21.0
312.0,delete,5.856802808028224,193.0,43.0,5.876225382938035,8.0,4.0,3.0,3.0,19.0
313.0,swap,5.876225382938036,193.0,43.0,5.876225382938035,8.0,4.0,3.0,3.0,20.0
314.0,add,6.05822381691613,194.0,35.0,6.009809309957133,9.0,3.0,2.0,4.0,19.0
315.0,add,6.33642318492921,195.0,12.0,6.197164697326321,10.0,1.0,2.0,2.0,7.0
316.0,add,6.280921506801421,196.0,26.0,6.065749224702694,10.0,2.0,3.0,2.0,19.0
317.0,add,5.938799876328462,197.0,40.0,5.943746685982977,9.0,4.0,3.0,4.0,20.0
318.0,delete,5.8781489897478005,198.0,42.0,5.871784380368682,8.0,3.0,3.0,4.0,20.0
319.0,add,5.87344528053886,199.0,44.0,5.8734429450010825,8.0,4.0,3.0,3.0,21.0
320.0,delete,5.865029025317794,199.0,44.0,5.8734429450010825,8.0,4.0,2.0,3.0,21.0
321.0,swap,6.249692757490446,199.0,44.0,5.8734429450010825,7.0,4.0,4.0,3.0,21.0
322.0,add,6.050085467112089,200.0,36.0,5.989865450973791,9.0,3.0,3.0,4.0,19.0
323.0,delete,6.050775596896242,201.0,41.0,5.9149362530578165,9.0,4.0,3.0,4.0,19.0
324.0,add,6.514019374779328,202.0,13.0,6.187910391495502,10.0,1.0,3.0,2.0,7.0
325.0,add,6.241690520832336,203.0,27.0,6.0498270035513215,10.0,3.0,3.0,2.0,19.0
326.0,add,6.047289283683752,204.0,43.0,5.965402502087046,8.0,4.0,4.0,3.0,20.0
327.0,delete,5.865059513240914,205.0,45.0,5.865029025317794,8.0,4.0,2.0,3.0,21.0
328.0,delete,5.895333832620988,205.0,45.0,5.865029025317794,8.0,4.0,2.0,3.0,20.0
329.0,swap,5.865029025317794,205.0,45.0,5.865029025317794,8.0,4.0,2.0,3.0,21.0
330.0,add,6.039471856774575,206.0,37.0,5.97490016935019,9.0,4.0,3.0,3.0,20.0
331.0,delete,5.8781489897478,207.0,42.0,5.915226893061673,8.0,4.0,3.0,4.0,19.0
332.0,delete,5.6105552922708295,208.0,44.0,5.872612849124373,7.0,4.0,3.0,3.0,21.0
333.0,add,6.048713004269538,209.0,14.0,6.174720033576624,10.0,1.0,2.0,2.0,9.0
334.0,add,6.280921506801421,210.0,28.0,6.022713904513171,10.0,3.0,3.0,2.0,20.0
335.0,delete,5.895333681872875,211.0,46.0,5.895333832620988,8.0,4.0,2.0,3.0,20.0
336.0,delete,5.898512779957069,211.0,46.0,5.895333832620988,8.0,4.0,2.0,3.0,19.0
337.0,swap,5.895333832620987,211.0,46.0,5.895333832620988,8.0,5.0,2.0,3.0,19.0
338.0,add,6.0446655243046745,212.0,38.0,5.955504070595556,9.0,4.0,3.0,4.0,20.0
339.0,add,5.876225382938035,213.0,43.0,5.902838104161116,8.0,4.0,3.0,3.0,21.0
340.0,delete,5.852635868834334,214.0,45.0,5.89612853176798,7.0,4.0,2.0,3.0,21.0
341.0,delete,5.910470712788179,215.0,47.0,5.898512779957069,8.0,4.0,2.0,3.0,19.0
342.0,delete,5.898512779957069,215.0,47.0,5.898512779957069,8.0,4.0,2.0,3.0,18.0
343.0,swap,5.898512779957069,215.0,47.0,5.898512779957069,8.0,4.0,2.0,3.0,19.0
344.0,add,6.40286968483313,216.0,15.0,6.159490817584338,10.0,2.0,2.0,2.0,9.0
345.0,add,6.288919404706386,217.0,29.0,5.998845075865111,10.0,3.0,3.0,3.0,20.0
346.0,delete,5.867301965610799,218.0,39.0,5.941441173879062,9.0,3.0,3.0,4.0,20.0
347.0,delete,5.8734429450010825,219.0,44.0,5.862526593729659,8.0,4.0,3.0,3.0,20.0
348.0,delete,5.865029025317794,220.0,46.0,5.901502263164847,8.0,4.0,2.0,3.0,19.0
349.0,delete,5.898465131775687,221.0,48.0,5.898512779957069,8.0,4.0,2.0,3.0,18.0
350.0,add,5.898512779957069,221.0,48.0,5.898512779957069,8.0,4.0,2.0,3.0,19.0
351.0,delete,5.726077355767463,221.0,48.0,5.898512779957069,7.0,4.0,2.0,3.0,18.0
352.0,swap,5.726169112459671,221.0,48.0,5.898512779957069,7.0,5.0,2.0,3.0,18.0
353.0,add,6.33642318492921,222.0,16.0,6.146353878089944,10.0,1.0,2.0,2.0,11.0
354.0,delete,6.280921506801421,223.0,30.0,5.971345189101778,10.0,3.0,3.0,2.0,20.0
355.0,add,6.067937219434227,224.0,40.0,5.9076730397483255,9.0,4.0,4.0,4.0,19.0
356.0,delete,6.024317087755798,225.0,45.0,5.866069205683558,8.0,3.0,2.0,3.0,21.0
357.0,delete,5.8491860268276135,226.0,47.0,5.829547431983392,8.0,4.0,1.0,3.0,19.0
358.0,add,5.886788476816833,227.0,49.0,5.898512779957069,8.0,4.0,2.0,3.0,19.0
359.0,add,5.898509077435075,227.0,49.0,5.898512779957069,8.0,4.0,2.0,4.0,19.0
360.0,delete,5.8491860268276135,227.0,49.0,5.898512779957069,8.0,4.0,1.0,3.0,19.0
361.0,swap,5.726077355767463,227.0,49.0,5.898512779957069,7.0,4.0,2.0,3.0,20.0
362.0,add,6.33642318492921,228.0,17.0,6.129735828867383,10.0,2.0,2.0,2.0,11.0
363.0,add,6.049557183287044,229.0,31.0,5.960388431960366,10.0,3.0,2.0,2.0,22.0
364.0,delete,6.050775596896242,230.0,41.0,5.886341526104117,9.0,4.0,3.0,4.0,19.0
365.0,delete,5.895532257150301,231.0,46.0,5.85214353011512,8.0,4.0,2.0,2.0,20.0
366.0,add,6.1205850932388906,232.0,48.0,5.85181474336081,8.0,4.0,3.0,3.0,18.0
367.0,delete,6.383317556055953,233.0,32.0,5.959915446283944,9.0,3.0,2.0,3.0,21.0
368.0,delete,5.898512779957078,234.0,47.0,5.861642656075495,7.0,4.0,2.0,3.0,19.0
369.0,add,6.33642318492921,235.0,18.0,6.1246802768290785,10.0,2.0,2.0,2.0,12.0
370.0,add,5.898508307475652,236.0,50.0,5.898509077435075,8.0,4.0,2.0,4.0,19.0
371.0,add,5.898509077435076,236.0,50.0,5.898509077435075,8.0,5.0,2.0,4.0,19.0
372.0,delete,5.89560388655427,236.0,50.0,5.898509077435075,7.0,4.0,2.0,4.0,19.0
373.0,swap,5.8657613983152155,236.0,50.0,5.898509077435075,8.0,4.0,2.0,4.0,19.0
374.0,delete,5.8781489897478,237.0,42.0,5.885880116966232,8.0,3.0,3.0,4.0,20.0
375.0,delete,6.051824949760357,238.0,33.0,5.966377149400555,10.0,3.0,2.0,2.0,20.0
376.0,add,5.889245135038539,239.0,49.0,5.891378349443057,8.0,4.0,2.0,3.0,20.0
377.0,add,5.585461479673148,240.0,48.0,5.893389692260154,8.0,5.0,2.0,3.0,18.0
378.0,add,6.336594763472966,241.0,19.0,6.10921702025942,10.0,2.0,2.0,3.0,12.0
379.0,add,5.9012502993205285,242.0,51.0,5.898509077435076,8.0,5.0,2.0,4.0,19.0
380.0,add,6.118565067443677,242.0,51.0,5.898509077435076,8.0,5.0,3.0,4.0,19.0
381.0,delete,5.898879782729589,242.0,51.0,5.898509077435076,8.0,5.0,2.0,3.0,19.0
382.0,swap,5.814124088200246,242.0,51.0,5.898509077435076,8.0,5.0,3.0,4.0,18.0
383.0,delete,6.062470163520783,243.0,34.0,5.958166952951336,9.0,3.0,2.0,3.0,19.0
384.0,add,5.876225382938035,244.0,43.0,5.885064614967847,8.0,4.0,3.0,3.0,21.0
385.0,add,5.882609004181699,245.0,50.0,5.9262656630258235,8.0,4.0,2.0,4.0,20.0
386.0,add,5.898512779957069,246.0,49.0,5.905596829466324,8.0,4.0,2.0,3.0,20.0
387.0,add,6.33642318492921,247.0,20.0,6.092871294945808,10.0,2.0,2.0,2.0,14.0
388.0,delete,5.711718781873225,248.0,44.0,5.872659999054773,8.0,4.0,3.0,3.0,20.0
389.0,add,6.1030842232930445,249.0,52.0,6.118565067443677,8.0,5.0,3.0,4.0,19.0
390.0,add,6.118565067443677,249.0,52.0,6.118565067443677,8.0,5.0,3.0,4.0,20.0
391.0,delete,6.118565067443677,249.0,52.0,6.118565067443677,8.0,5.0,3.0,4.0,18.0
392.0,swap,6.052276534704194,249.0,52.0,6.118565067443677,8.0,5.0,3.0,5.0,18.0
393.0,add,5.775240202328148,250.0,35.0,5.954129151778637,9.0,3.0,3.0,3.0,19.0
394.0,add,5.898509077435076,251.0,51.0,6.102211192065654,8.0,5.0,2.0,4.0,20.0
395.0,delete,5.865029025317794,252.0,45.0,5.903733952110445,8.0,4.0,2.0,3.0,20.0
396.0,add,5.808421654950915,253.0,1.0,6.1400090958698925,10.0,1.0,0.0,0.0,0.0
397.0,add,6.33642318492921,254.0,21.0,6.078223205913332,10.0,2.0,2.0,2.0,15.0
398.0,add,5.898540938072337,255.0,50.0,5.982267026330043,8.0,4.0,2.0,5.0,19.0
399.0,add,6.197114831505413,256.0,53.0,6.118565067443677,8.0,5.0,3.0,4.0,20.0
400.0,add,6.0047740002003165,256.0,53.0,6.118565067443677,8.0,5.0,4.0,4.0,20.0
401.0,delete,6.118565067443677,256.0,53.0,6.118565067443677,8.0,5.0,3.0,4.0,19.0
402.0,swap,6.123235870137059,256.0,53.0,6.118565067443677,7.0,5.0,3.0,4.0,21.0
403.0,add,6.047175583415693,257.0,36.0,5.948448778336868,9.0,3.0,3.0,3.0,20.0
404.0,delete,5.895333832620988,258.0,46.0,5.923715398357978,8.0,4.0,2.0,3.0,19.0
405.0,add,5.808421654950915,259.0,2.0,6.144418362087146,10.0,0.0,0.0,0.0,2.0
406.0,add,6.118565067443675,260.0,52.0,6.112450967346028,8.0,6.0,3.0,4.0,19.0
407.0,add,6.33642318492921,261.0,22.0,6.068847958567198,10.0,2.0,2.0,2.0,16.0
408.0,add,5.888012115890739,262.0,51.0,6.088347261317589,8.0,5.0,2.0,4.0,20.0
409.0,add,6.0047740002003165,263.0,54.0,6.0047740002003165,8.0,5.0,4.0,4.0,20.0
410.0,add,5.754835240669775,263.0,54.0,6.0047740002003165,8.0,5.0,4.0,4.0,21.0
411.0,delete,6.0047740002003165,263.0,54.0,6.0047740002003165,8.0,5.0,4.0,4.0,19.0
412.0,swap,5.979310943760004,263.0,54.0,6.0047740002003165,8.0,5.0,4.0,4.0,20.0
413.0,add,6.048650968824965,264.0,37.0,5.9414930090746925,9.0,5.0,3.0,3.0,19.0
414.0,delete,5.898512779957069,265.0,47.0,5.9326778587238875,8.0,4.0,2.0,3.0,18.0
415.0,add,6.105741486529232,266.0,3.0,6.145811618951521,10.0,0.0,1.0,0.0,2.0
416.0,add,6.158584311607158,267.0,53.0,5.949693637006146,8.0,6.0,3.0,4.0,20.0
417.0,add,6.441505470316739,268.0,23.0,6.051628679445515,10.0,2.0,3.0,3.0,15.0
418.0,add,6.161328498608847,269.0,52.0,6.053008945510126,8.0,6.0,3.0,4.0,19.0
419.0,add,5.750773701512937,270.0,55.0,5.754835240669775,8.0,5.0,4.0,4.0,21.0
420.0,add,5.780158172540512,270.0,55.0,5.754835240669775,8.0,5.0,4.0,4.0,22.0
421.0,delete,5.780158172540518,270.0,55.0,5.754835240669775,8.0,5.0,3.0,4.0,21.0
422.0,swap,5.865675602169262,270.0,55.0,5.754835240669775,7.0,5.0,4.0,5.0,21.0
423.0,add,6.050775596896242,271.0,38.0,5.936119094365094,9.0,4.0,3.0,4.0,20.0
424.0,add,6.212397733524184,272.0,48.0,5.945171740529755,8.0,4.0,3.0,3.0,18.0
425.0,add,6.089415951483516,273.0,4.0,6.145188113327527,10.0,0.0,1.0,1.0,2.0
426.0,add,5.980961895645444,274.0,54.0,5.7863201778866,8.0,5.0,5.0,4.0,20.0
427.0,add,6.167823045200817,275.0,24.0,6.0341086256600445,10.0,2.0,3.0,2.0,17.0
428.0,add,6.489444318791381,276.0,53.0,5.914980003731506,8.0,5.0,4.0,4.0,20.0
429.0,add,5.780158172540512,277.0,56.0,5.780158172540512,8.0,5.0,4.0,4.0,22.0
430.0,delete,5.780158172540512,277.0,56.0,5.780158172540512,8.0,5.0,4.0,4.0,21.0
431.0,swap,5.339025751268915,277.0,56.0,5.780158172540512,7.0,5.0,4.0,4.0,23.0
432.0,delete,6.050775596896242,278.0,39.0,5.931776084885369,9.0,4.0,3.0,4.0,19.0
433.0,add,6.052743780308028,279.0,49.0,5.951538633838358,8.0,5.0,2.0,3.0,19.0
434.0,add,5.757298220956685,280.0,55.0,5.669875067222613,8.0,5.0,4.0,5.0,21.0
435.0,add,5.839906452547887,281.0,5.0,6.144809501537804,10.0,0.0,2.0,1.0,2.0
436.0,delete,5.780158172540511,282.0,57.0,5.780158172540512,8.0,5.0,4.0,4.0,21.0
437.0,delete,5.779328489722755,282.0,57.0,5.780158172540512,7.0,5.0,4.0,4.0,21.0
438.0,swap,5.146292183275958,282.0,57.0,5.780158172540512,7.0,6.0,4.0,4.0,21.0
439.0,add,6.281565572392096,283.0,25.0,6.010957014495934,10.0,2.0,3.0,2.0,18.0
440.0,add,5.906663242865798,284.0,54.0,5.71346014984033,8.0,5.0,4.0,4.0,21.0
441.0,add,6.050188420587333,285.0,40.0,5.913955542018377,9.0,4.0,3.0,5.0,19.0
442.0,delete,5.340837399131252,286.0,56.0,5.621484254519934,8.0,5.0,4.0,3.0,22.0
443.0,add,5.898509077435075,287.0,50.0,5.90960112419008,8.0,4.0,2.0,4.0,20.0
444.0,delete,5.779328359490084,288.0,58.0,5.779328489722755,7.0,5.0,4.0,4.0,21.0
445.0,delete,5.780770926712768,288.0,58.0,5.779328489722755,7.0,4.0,4.0,4.0,21.0
446.0,swap,5.108075027323433,288.0,58.0,5.779328489722755,6.0,5.0,5.0,4.0,21.0
447.0,add,6.335247330279184,289.0,6.0,6.136902932315573,10.0,1.0,2.0,1.0,2.0
448.0,add,5.992575790535127,290.0,26.0,5.99308639794968,10.0,2.0,4.0,2.0,18.0
449.0,add,5.672166061302776,291.0,55.0,5.595965754003658,8.0,6.0,4.0,4.0,21.0
450.0,delete,5.7814272073261606,292.0,41.0,5.88779964078809,8.0,4.0,3.0,4.0,20.0
451.0,delete,5.780158172540518,293.0,57.0,5.61187570081226,8.0,5.0,3.0,4.0,21.0
452.0,delete,5.747040356083856,294.0,59.0,5.780770926712768,7.0,4.0,4.0,4.0,21.0
453.0,delete,5.482965984740741,294.0,59.0,5.780770926712768,6.0,4.0,4.0,4.0,21.0
454.0,swap,5.7818408275939905,294.0,59.0,5.780770926712768,7.0,4.0,5.0,4.0,20.0
455.0,add,6.343045631102512,295.0,7.0,6.1263285856406355,10.0,1.0,2.0,3.0,1.0
456.0,add,5.898509077435076,296.0,51.0,5.86128966754297,8.0,5.0,2.0,4.0,20.0
457.0,add,6.285315348522801,297.0,27.0,5.97591924387164,10.0,2.0,3.0,3.0,19.0
458.0,delete,6.0047740002003165,298.0,56.0,5.607246172641365,8.0,5.0,4.0,4.0,21.0
459.0,delete,5.8781489897478,299.0,42.0,5.877258502454648,8.0,4.0,3.0,4.0,19.0
460.0,delete,5.675036530611724,300.0,58.0,5.698154523782838,7.0,5.0,4.0,4.0,20.0
461.0,delete,5.482965984740731,301.0,60.0,5.482965984740741,6.0,4.0,4.0,4.0,21.0
462.0,delete,5.482965984740741,301.0,60.0,5.482965984740741,6.0,4.0,4.0,4.0,20.0
463.0,swap,5.482965984740731,301.0,60.0,5.482965984740741,6.0,4.0,4.0,5.0,20.0
464.0,add,5.849146244373901,302.0,52.0,5.80656431920214,8.0,5.0,3.0,4.0,20.0
465.0,add,6.33642318492921,303.0,8.0,6.113022913193179,10.0,1.0,2.0,2.0,3.0
466.0,delete,5.570679571271246,304.0,57.0,5.613620219086839,8.0,5.0,3.0,4.0,21.0
467.0,add,6.280921506801421,305.0,28.0,5.953576107769057,10.0,3.0,3.0,2.0,20.0
468.0,delete,5.780158172540502,306.0,59.0,5.482965984740735,7.0,4.0,4.0,4.0,20.0
469.0,add,5.8716698213493475,307.0,43.0,5.859650586248118,8.0,4.0,3.0,4.0,20.0
470.0,delete,5.472179229272858,308.0,61.0,5.482965984740741,6.0,4.0,4.0,4.0,20.0
471.0,delete,5.486530372752811,308.0,61.0,5.482965984740741,6.0,4.0,4.0,4.0,19.0
472.0,swap,5.479213005490762,308.0,61.0,5.482965984740741,5.0,4.0,4.0,5.0,20.0
473.0,add,6.118565067443677,309.0,53.0,5.723434838893112,8.0,5.0,3.0,4.0,21.0
474.0,delete,5.3395433632723215,310.0,58.0,5.594552780001852,7.0,5.0,4.0,3.0,21.0
475.0,add,6.439917327789308,311.0,9.0,6.1003980546773695,10.0,1.0,3.0,2.0,3.0
476.0,delete,5.48567964599218,312.0,60.0,5.480222148064293,6.0,3.0,4.0,4.0,21.0
477.0,add,6.280921506801421,313.0,29.0,5.930891451029386,10.0,3.0,3.0,2.0,21.0
478.0,delete,5.8734429450010825,314.0,44.0,5.835977935773947,8.0,4.0,3.0,3.0,20.0
479.0,delete,5.464631448678524,315.0,62.0,5.486530372752811,6.0,4.0,4.0,4.0,19.0
480.0,add,5.486530372752806,315.0,62.0,5.486530372752811,6.0,4.0,4.0,5.0,19.0
481.0,delete,5.481451850953181,315.0,62.0,5.486530372752811,6.0,4.0,4.0,4.0,18.0
482.0,swap,4.97212010482974,315.0,62.0,5.486530372752811,6.0,4.0,5.0,4.0,18.0
483.0,add,6.0047740002003165,316.0,54.0,5.610314203296171,8.0,5.0,4.0,4.0,21.0
484.0,delete,5.780770926712768,317.0,59.0,5.464642934017409,7.0,4.0,4.0,4.0,20.0
485.0,add,6.33642318492921,318.0,10.0,6.085814211995355,10.0,1.0,2.0,2.0,5.0
486.0,delete,6.280921506801421,319.0,30.0,5.907672576703442,10.0,3.0,3.0,2.0,20.0
487.0,delete,5.854960519352175,320.0,45.0,5.8202862114710605,7.0,4.0,2.0,3.0,21.0
488.0,delete,5.4829659847407335,321.0,61.0,5.3782528299934125,6.0,4.0,4.0,3.0,20.0
489.0,add,5.486530372752804,322.0,63.0,5.486530372752806,6.0,4.0,4.0,5.0,19.0
490.0,add,5.457852336523054,322.0,63.0,5.486530372752806,6.0,5.0,4.0,5.0,19.0
491.0,delete,5.591776039274047,322.0,63.0,5.486530372752806,6.0,4.0,4.0,5.0,18.0
492.0,swap,5.479288970356991,322.0,63.0,5.486530372752806,6.0,3.0,4.0,6.0,19.0
493.0,add,5.754835240669775,323.0,55.0,5.5651889923976245,8.0,5.0,4.0,4.0,22.0
494.0,delete,5.877528860558952,324.0,46.0,5.7989652861308105,7.0,4.0,2.0,3.0,20.0
495.0,add,6.33642318492921,325.0,11.0,6.073378658379553,10.0,1.0,2.0,2.0,6.0
496.0,add,6.225400600176203,326.0,31.0,5.890160221781544,10.0,3.0,3.0,2.0,21.0
497.0,delete,5.482965984740741,327.0,60.0,5.450693979936516,6.0,4.0,4.0,4.0,20.0
498.0,add,5.373861830978608,328.0,62.0,5.5003956183319405,6.0,4.0,4.0,4.0,20.0
499.0,delete,5.482965984740741,329.0,61.0,5.433049062235754,6.0,4.0,4.0,4.0,19.0
500.0,add,5.457852336523052,330.0,64.0,5.457852336523054,6.0,5.0,4.0,5.0,19.0
501.0,delete,5.319070720831815,330.0,64.0,5.457852336523054,5.0,5.0,4.0,5.0,19.0
502.0,swap,5.457362177484091,330.0,64.0,5.457852336523054,6.0,5.0,5.0,5.0,18.0
503.0,delete,5.898512779957069,331.0,47.0,5.771619086596572,8.0,4.0,2.0,3.0,18.0
504.0,delete,6.044832237890783,332.0,32.0,5.873462707061018,10.0,3.0,2.0,3.0,20.0
505.0,add,6.33642318492921,333.0,12.0,6.058691407172556,10.0,1.0,2.0,2.0,7.0
506.0,delete,5.156458869823519,334.0,56.0,5.532191084004923,7.0,5.0,4.0,4.0,22.0
507.0,add,5.505945260551412,335.0,63.0,5.423034392840503,6.0,4.0,4.0,5.0,20.0
508.0,delete,5.319557995091891,336.0,65.0,5.319070720831815,5.0,5.0,4.0,5.0,19.0
509.0,delete,5.331442029259327,336.0,65.0,5.319070720831815,5.0,5.0,4.0,5.0,18.0
510.0,swap,5.319118482477923,336.0,65.0,5.319070720831815,5.0,4.0,4.0,5.0,20.0
511.0,delete,5.780158172540512,337.0,57.0,5.505422748715102,8.0,5.0,4.0,4.0,20.0
512.0,add,5.556774545736267,338.0,62.0,5.429706840373679,6.0,4.0,4.0,4.0,20.0
513.0,delete,5.494860068728321,339.0,33.0,5.859024328920056,10.0,3.0,2.0,2.0,20.0
514.0,add,5.898512779957069,340.0,48.0,5.74293300217284,8.0,4.0,2.0,3.0,19.0
515.0,add,6.33642318492921,341.0,13.0,6.040521140178177,10.0,1.0,2.0,2.0,8.0
516.0,delete,5.4483105723569585,342.0,64.0,5.322297306915239,6.0,5.0,3.0,5.0,19.0
517.0,delete,5.3314420292593265,343.0,66.0,5.331442029259327,5.0,5.0,4.0,5.0,18.0
518.0,add,5.91203960278578,343.0,66.0,5.331442029259327,5.0,5.0,4.0,5.0,19.0
519.0,delete,5.276679997393078,343.0,66.0,5.331442029259327,4.0,5.0,4.0,5.0,18.0
520.0,swap,5.475333181441567,343.0,66.0,5.331442029259327,5.0,5.0,4.0,5.0,18.0
521.0,delete,6.030693619304793,344.0,58.0,5.492362437712847,7.0,5.0,3.0,4.0,21.0
522.0,delete,6.0640201693207985,345.0,34.0,5.846296389399086,9.0,3.0,2.0,3.0,19.0
523.0,add,5.486333295161565,346.0,63.0,5.431692824767637,6.0,4.0,4.0,6.0,19.0
524.0,add,5.898512779957069,347.0,49.0,5.7202057801326225,8.0,4.0,2.0,3.0,20.0
525.0,add,6.158111497832318,348.0,14.0,6.025620455605843,10.0,1.0,3.0,2.0,8.0
526.0,delete,5.4075407945785825,349.0,65.0,5.465387368027815,4.0,5.0,4.0,5.0,19.0
527.0,add,5.9077398469996885,350.0,67.0,5.91203960278578,5.0,5.0,4.0,5.0,19.0
528.0,add,5.937480090609836,350.0,67.0,5.91203960278578,5.0,6.0,4.0,5.0,19.0
529.0,delete,5.912168555751867,350.0,67.0,5.91203960278578,5.0,4.0,4.0,5.0,19.0
530.0,swap,5.9120396027857804,350.0,67.0,5.91203960278578,5.0,5.0,4.0,5.0,19.0
531.0,delete,5.546287255945125,351.0,59.0,5.510574821710404,6.0,4.0,4.0,4.0,21.0
532.0,add,6.062470163520784,352.0,35.0,5.835671850373842,9.0,4.0,2.0,3.0,19.0
533.0,delete,5.574765035025041,353.0,64.0,5.557854535830245,6.0,5.0,4.0,5.0,18.0
534.0,add,5.898593598129154,354.0,50.0,5.7084326116680355,8.0,4.0,2.0,5.0,19.0
535.0,add,6.33642318492921,355.0,15.0,6.014727774949007,10.0,1.0,2.0,2.0,10.0
536.0,add,5.335261970632218,356.0,66.0,5.916293539786591,5.0,5.0,5.0,5.0,18.0
537.0,delete,5.319070720831815,357.0,65.0,5.6126516092270045,5.0,5.0,4.0,5.0,18.0
538.0,delete,5.48296598474074,358.0,60.0,5.491098419567694,6.0,3.0,4.0,4.0,21.0
539.0,add,5.937875426148424,359.0,68.0,5.937480090609836,5.0,6.0,4.0,5.0,19.0
540.0,add,5.937480090609836,359.0,68.0,5.937480090609836,5.0,6.0,4.0,5.0,20.0
541.0,delete,5.892732915138591,359.0,68.0,5.937480090609836,4.0,6.0,4.0,5.0,19.0
542.0,swap,5.545379873235696,359.0,68.0,5.937480090609836,5.0,7.0,4.0,5.0,18.0
543.0,add,6.230073237769713,360.0,36.0,5.819961926128148,9.0,3.0,3.0,3.0,20.0
544.0,add,5.898509077435076,361.0,51.0,5.691357559844143,8.0,5.0,2.0,4.0,20.0
545.0,add,6.636494561709571,362.0,16.0,6.002501268486722,10.0,1.0,3.0,2.0,10.0
546.0,add,5.912039602785787,363.0,67.0,5.850189679148476,5.0,5.0,4.0,6.0,19.0
547.0,delete,5.724061591003066,364.0,61.0,5.537829292841569,6.0,4.0,3.0,4.0,20.0
548.0,add,5.331442029259332,365.0,66.0,5.831112507043955,5.0,5.0,4.0,6.0,18.0
549.0,add,5.937187156026731,366.0,69.0,5.937480090609836,5.0,6.0,4.0,5.0,20.0
550.0,add,5.3562092924247855,366.0,69.0,5.937480090609836,5.0,6.0,4.0,5.0,21.0
551.0,delete,5.937480090609836,366.0,69.0,5.937480090609836,5.0,6.0,4.0,4.0,20.0
552.0,swap,5.913432837390332,366.0,69.0,5.937480090609836,5.0,7.0,4.0,5.0,19.0
553.0,add,6.048650968824965,367.0,37.0,5.808804422215262,9.0,4.0,3.0,3.0,20.0
554.0,add,6.10123212242632,368.0,52.0,5.67208629941134,8.0,5.0,3.0,4.0,20.0
555.0,add,6.33642318492921,369.0,17.0,5.989149846339349,10.0,2.0,2.0,2.0,11.0
556.0,add,5.93795505838958,370.0,68.0,5.816357893412304,5.0,6.0,5.0,5.0,19.0
557.0,add,5.485993874687935,371.0,62.0,5.590214952262207,6.0,4.0,4.0,4.0,20.0
558.0,add,5.911266013328544,372.0,67.0,5.840477493942677,5.0,5.0,4.0,6.0,19.0
559.0,add,5.356209292424777,373.0,70.0,5.3562092924247855,5.0,6.0,4.0,5.0,21.0
560.0,add,5.35864971049103,373.0,70.0,5.3562092924247855,5.0,6.0,4.0,5.0,22.0
561.0,delete,5.3565043911293335,373.0,70.0,5.3562092924247855,5.0,6.0,4.0,5.0,20.0
562.0,swap,4.591067153144319,373.0,70.0,5.3562092924247855,5.0,6.0,5.0,5.0,20.0
563.0,add,6.138518602644859,374.0,38.0,5.790671967299784,9.0,4.0,4.0,4.0,19.0
564.0,add,6.116723917075068,375.0,53.0,5.626116935162704,8.0,5.0,3.0,5.0,20.0
565.0,add,6.331164463585012,376.0,18.0,5.974332606054032,10.0,2.0,2.0,3.0,11.0
566.0,add,5.939221013335198,377.0,69.0,5.203727967922849,5.0,6.0,4.0,5.0,21.0
567.0,add,5.486482683829576,378.0,63.0,5.578372784108405,6.0,5.0,4.0,5.0,19.0
568.0,add,6.06051204413217,379.0,68.0,5.601945098725069,5.0,6.0,5.0,5.0,19.0
569.0,add,5.358649710491022,380.0,71.0,5.35864971049103,5.0,6.0,4.0,5.0,22.0
570.0,delete,5.358649710491017,380.0,71.0,5.35864971049103,5.0,6.0,4.0,4.0,22.0
571.0,swap,5.358633886504886,380.0,71.0,5.35864971049103,5.0,5.0,4.0,6.0,22.0
572.0,delete,6.050775596896242,381.0,39.0,5.779502764268339,9.0,4.0,3.0,4.0,19.0
573.0,add,5.408487962753258,382.0,70.0,5.358645754494488,5.0,7.0,4.0,5.0,21.0
574.0,add,6.0047740002003165,383.0,54.0,5.588964095646372,8.0,5.0,4.0,4.0,21.0
575.0,add,6.33642318492921,384.0,19.0,5.960127932501354,10.0,2.0,2.0,2.0,13.0
576.0,delete,5.457852336523054,385.0,64.0,5.582977602265562,6.0,5.0,4.0,4.0,19.0
577.0,delete,5.358643874932903,386.0,72.0,5.358649710491017,5.0,6.0,4.0,4.0,22.0
578.0,delete,5.37407607287209,386.0,72.0,5.358649710491017,5.0,6.0,4.0,4.0,21.0
579.0,swap,5.341702966619261,386.0,72.0,5.358649710491017,5.0,6.0,5.0,4.0,21.0
580.0,add,5.9379401898593125,387.0,69.0,5.347438849047221,5.0,6.0,4.0,5.0,21.0
581.0,add,6.050775596896242,388.0,40.0,5.762868413913872,9.0,4.0,3.0,4.0,20.0
582.0,delete,5.333209222666975,389.0,71.0,5.358268156228817,5.0,5.0,4.0,5.0,22.0
583.0,delete,5.319070720831814,390.0,65.0,5.592330154090357,5.0,5.0,4.0,4.0,19.0
584.0,add,5.769972217972091,391.0,55.0,5.560323443966972,8.0,5.0,4.0,4.0,22.0
585.0,add,6.051406013426257,392.0,20.0,5.94144097741305,10.0,2.0,2.0,2.0,14.0
586.0,delete,5.262097509312209,393.0,73.0,5.37407607287209,5.0,6.0,4.0,4.0,21.0
587.0,delete,5.37407607287209,393.0,73.0,5.37407607287209,5.0,6.0,4.0,4.0,20.0
588.0,swap,5.183238590906538,393.0,73.0,5.37407607287209,5.0,6.0,4.0,4.0,21.0
589.0,add,5.330086434686876,394.0,70.0,5.3391762742427735,5.0,6.0,4.0,5.0,22.0
590.0,delete,5.959769341521087,395.0,41.0,5.740784178267968,9.0,4.0,2.0,4.0,20.0
591.0,delete,5.358538940286594,396.0,72.0,5.298372061490731,5.0,6.0,4.0,4.0,21.0
592.0,delete,5.376668270005789,397.0,74.0,5.37407607287209,5.0,6.0,4.0,4.0,20.0
593.0,delete,5.372698474722907,397.0,74.0,5.37407607287209,4.0,6.0,4.0,4.0,20.0
594.0,swap,5.347892610215414,397.0,74.0,5.37407607287209,4.0,6.0,4.0,5.0,20.0
595.0,add,6.33642318492921,398.0,21.0,5.919687705216644,10.0,3.0,2.0,2.0,14.0
596.0,delete,5.780528877835034,399.0,56.0,5.5353331400803905,8.0,5.0,4.0,3.0,22.0
597.0,add,5.540411724779124,400.0,66.0,5.574747906335822,5.0,5.0,5.0,5.0,18.0
598.0,delete,5.35864971049103,401.0,71.0,5.336791026325315,5.0,6.0,4.0,5.0,21.0
599.0,delete,5.615292944653434,402.0,42.0,5.724819116924063,7.0,4.0,3.0,4.0,20.0
600.0,delete,5.456435288960249,403.0,73.0,5.36783385695405,5.0,6.0,4.0,4.0,20.0
601.0,delete,5.372698530311067,404.0,75.0,5.372698474722907,4.0,6.0,4.0,4.0,20.0
602.0,delete,5.3484076502587845,404.0,75.0,5.372698474722907,4.0,5.0,4.0,4.0,20.0
603.0,swap,5.827415053509716,404.0,75.0,5.372698474722907,4.0,6.0,3.0,5.0,20.0
604.0,delete,5.898509077435074,405.0,57.0,5.532403708934217,8.0,5.0,3.0,4.0,21.0
605.0,add,6.341699592473734,406.0,22.0,5.903026935624768,10.0,2.0,2.0,3.0,15.0
606.0,add,5.912820657901769,407.0,67.0,5.540439469627121,5.0,5.0,4.0,6.0,19.0
607.0,delete,5.358649710491017,408.0,72.0,5.387853588686121,5.0,6.0,4.0,4.0,21.0
608.0,delete,5.590942099184579,409.0,74.0,5.480304927200619,5.0,6.0,3.0,4.0,20.0
609.0,add,6.044798183164025,410.0,43.0,5.71438829053256,8.0,4.0,4.0,3.0,20.0
610.0,delete,5.348409011039276,411.0,76.0,5.3484076502587845,4.0,5.0,4.0,4.0,20.0
611.0,delete,5.479179221132667,411.0,76.0,5.3484076502587845,4.0,4.0,4.0,4.0,20.0
612.0,swap,5.358156453440793,411.0,76.0,5.3484076502587845,4.0,5.0,5.0,4.0,19.0
613.0,delete,5.7813498761001565,412.0,58.0,5.5251962989371135,7.0,4.0,4.0,4.0,21.0
614.0,add,5.74547105159894,413.0,68.0,5.4773369579263145,5.0,6.0,4.0,5.0,20.0
615.0,add,6.281565572392096,414.0,23.0,5.884861472484752,10.0,2.0,3.0,2.0,16.0
616.0,delete,5.3740332803998365,415.0,73.0,5.437748227971112,5.0,5.0,4.0,4.0,21.0
617.0,delete,5.564546004820932,416.0,75.0,5.38353808396788,4.0,6.0,4.0,4.0,19.0
618.0,delete,6.267611328202673,417.0,44.0,5.700290879525987,7.0,4.0,3.0,3.0,21.0
619.0,delete,5.511890389955875,418.0,77.0,5.479179221132667,4.0,4.0,4.0,4.0,20.0
620.0,delete,5.478734799925152,418.0,77.0,5.479179221132667,4.0,4.0,4.0,4.0,19.0
621.0,swap,5.385989687428149,418.0,77.0,5.479179221132667,4.0,4.0,4.0,4.0,20.0
622.0,delete,5.5990403909849515,419.0,59.0,5.5127514873077805,6.0,4.0,4.0,4.0,21.0
623.0,delete,5.37407607287209,420.0,74.0,5.469922281310825,5.0,6.0,4.0,3.0,20.0
624.0,add,5.9768885217067975,421.0,69.0,5.399522161983841,5.0,6.0,5.0,5.0,20.0
625.0,add,6.062443952600629,422.0,24.0,5.8664385313205045,10.0,3.0,3.0,2.0,16.0
626.0,delete,5.498693844217108,423.0,76.0,5.463948524610461,4.0,5.0,4.0,4.0,19.0
627.0,delete,5.865029025317794,424.0,45.0,5.691697590643125,8.0,4.0,2.0,3.0,20.0
628.0,delete,5.478852606604611,425.0,78.0,5.478734799925152,4.0,4.0,4.0,4.0,19.0
629.0,delete,5.479432487567748,425.0,78.0,5.478734799925152,4.0,3.0,4.0,4.0,19.0
630.0,swap,5.467804699289495,425.0,78.0,5.478734799925152,4.0,4.0,3.0,5.0,19.0
631.0,delete,5.482965984740734,426.0,60.0,5.510055659642753,6.0,4.0,4.0,3.0,21.0
632.0,delete,5.931351000030066,427.0,75.0,5.4500080713067165,4.0,6.0,4.0,4.0,19.0
633.0,delete,5.2877434997263375,428.0,77.0,5.476206148346751,4.0,4.0,4.0,4.0,19.0
634.0,add,5.356376500769079,429.0,70.0,5.415079259550961,5.0,6.0,4.0,6.0,21.0
635.0,add,6.281491702473071,430.0,25.0,5.84809886970242,10.0,2.0,3.0,3.0,17.0
636.0,delete,5.895333832620988,431.0,46.0,5.678620875364398,8.0,3.0,2.0,3.0,20.0
637.0,delete,5.451560738974207,432.0,79.0,5.479432487567748,4.0,3.0,4.0,4.0,19.0
638.0,delete,5.479432487567748,432.0,79.0,5.479432487567748,4.0,3.0,4.0,4.0,18.0
639.0,swap,5.477737596140591,432.0,79.0,5.479432487567748,4.0,3.0,5.0,3.0,19.0
640.0,delete,5.482965984740741,433.0,61.0,5.51100019799112,6.0,4.0,4.0,4.0,19.0
641.0,delete,5.32683652037643,434.0,76.0,5.456421004877474,4.0,5.0,4.0,4.0,19.0
642.0,delete,6.27986774522821,435.0,78.0,5.472040827562574,4.0,4.0,4.0,4.0,18.0
643.0,delete,5.358538940286588,436.0,71.0,5.445872269380708,5.0,6.0,4.0,5.0,21.0
644.0,delete,5.875345847646601,437.0,47.0,5.667480780808154,7.0,4.0,2.0,3.0,19.0
645.0,add,6.280921506801421,438.0,26.0,5.834431037884873,10.0,2.0,3.0,2.0,19.0
646.0,delete,5.436464179890801,439.0,80.0,5.479432487567748,4.0,3.0,4.0,4.0,18.0
647.0,delete,5.479432487567747,439.0,80.0,5.479432487567748,4.0,3.0,4.0,3.0,18.0
648.0,swap,5.563637917078851,439.0,80.0,5.479432487567748,4.0,3.0,4.0,4.0,18.0
649.0,add,5.482436703381344,440.0,62.0,5.519359913046664,6.0,4.0,4.0,4.0,20.0
650.0,delete,5.479179221132667,441.0,77.0,5.530058437130125,4.0,4.0,4.0,4.0,19.0
651.0,delete,5.4793875545746165,442.0,79.0,5.4897417680262866,4.0,3.0,3.0,4.0,19.0
652.0,delete,5.814591828315359,443.0,72.0,5.463493958484388,5.0,6.0,3.0,4.0,22.0
653.0,delete,5.47942900662363,444.0,81.0,5.479432487567747,4.0,3.0,4.0,3.0,18.0
654.0,delete,5.479348415011463,444.0,81.0,5.479432487567747,4.0,3.0,4.0,3.0,17.0
655.0,swap,5.461436402552514,444.0,81.0,5.479432487567747,4.0,4.0,4.0,3.0,17.0
656.0,add,6.280921506801421,445.0,27.0,5.817977666895116,10.0,2.0,3.0,2.0,20.0
657.0,add,5.897953528009083,446.0,48.0,5.653714268807478,8.0,4.0,2.0,3.0,19.0
658.0,add,5.481441970802351,447.0,63.0,5.521830269269382,6.0,4.0,4.0,5.0,20.0
659.0,delete,5.458702015919781,448.0,78.0,5.5455972515648435,4.0,4.0,4.0,4.0,18.0
660.0,add,5.808421654950915,449.0,1.0,5.9833264375295805,10.0,0.0,0.0,0.0,1.0
661.0,delete,5.546517447580999,450.0,80.0,5.474911577938839,4.0,3.0,4.0,4.0,17.0
662.0,delete,5.510004800930477,451.0,73.0,5.486284534479769,5.0,5.0,4.0,4.0,21.0
663.0,delete,5.411816543537057,452.0,82.0,5.479348415011463,4.0,3.0,4.0,3.0,17.0
664.0,delete,5.364591383469098,452.0,82.0,5.479348415011463,4.0,2.0,4.0,3.0,17.0
665.0,swap,6.058381469603875,452.0,82.0,5.479348415011463,4.0,3.0,4.0,4.0,16.0
666.0,add,6.280921506801421,453.0,28.0,5.802847786645356,10.0,3.0,3.0,2.0,20.0
667.0,add,5.498701807886132,454.0,49.0,5.641191702179055,8.0,4.0,3.0,3.0,19.0
668.0,delete,5.457690020664136,455.0,64.0,5.52671444153378,6.0,4.0,4.0,5.0,19.0
669.0,delete,5.479338562957959,456.0,79.0,5.519989607921533,4.0,2.0,4.0,4.0,19.0
670.0,add,5.808421654950915,457.0,2.0,5.980147168432983,10.0,0.0,0.0,0.0,2.0
671.0,delete,5.479432487567747,458.0,81.0,5.578534452905373,4.0,3.0,4.0,3.0,17.0
672.0,delete,5.37407607287209,459.0,74.0,5.508450045369061,5.0,6.0,4.0,4.0,19.0
673.0,delete,5.499932953782811,460.0,83.0,5.364591383469098,4.0,2.0,4.0,3.0,17.0
674.0,delete,5.166783251314512,460.0,83.0,5.364591383469098,4.0,2.0,4.0,3.0,16.0
675.0,swap,5.3640254819228925,460.0,83.0,5.364591383469098,4.0,1.0,4.0,4.0,17.0
676.0,add,5.898509077435075,461.0,50.0,5.623271484367001,8.0,4.0,2.0,4.0,20.0
677.0,add,6.280921506801421,462.0,29.0,5.785162069060617,10.0,3.0,3.0,2.0,21.0
678.0,delete,5.347799112363816,463.0,65.0,5.525978301025069,5.0,4.0,4.0,5.0,19.0
679.0,delete,5.417309828920064,464.0,80.0,5.482593944211196,4.0,3.0,4.0,4.0,17.0
680.0,delete,5.546517447580995,465.0,82.0,5.348833267622329,4.0,3.0,4.0,3.0,16.0
681.0,add,6.105741486529232,466.0,3.0,5.974181532529532,10.0,1.0,1.0,0.0,1.0
682.0,delete,5.564546004820932,467.0,75.0,5.494520269290111,4.0,6.0,4.0,4.0,19.0
683.0,delete,5.188158690881257,468.0,84.0,5.166783251314512,4.0,2.0,4.0,3.0,16.0
684.0,add,4.98330713065035,468.0,84.0,5.166783251314512,4.0,3.0,4.0,3.0,16.0
685.0,delete,5.767260963621778,468.0,84.0,5.166783251314512,4.0,1.0,4.0,3.0,16.0
686.0,swap,5.833891250769624,468.0,84.0,5.166783251314512,4.0,2.0,3.0,4.0,16.0
687.0,delete,6.282825997988347,469.0,30.0,5.768203565671119,9.0,3.0,3.0,2.0,21.0
688.0,add,5.862919543966902,470.0,51.0,5.607186318778706,8.0,5.0,3.0,4.0,19.0
689.0,add,5.462375263784828,471.0,66.0,5.534217632825555,5.0,5.0,4.0,5.0,19.0
690.0,delete,5.287479350607156,472.0,81.0,5.472572882285651,4.0,3.0,4.0,3.0,17.0
691.0,delete,5.347006019468608,473.0,76.0,5.48193635305781,4.0,5.0,4.0,4.0,19.0
692.0,add,6.089415951483516,474.0,4.0,5.966613242971062,10.0,0.0,1.0,1.0,2.0
693.0,delete,5.364591383469098,475.0,83.0,5.387880257447504,4.0,2.0,4.0,3.0,16.0
694.0,add,5.019749762375143,476.0,85.0,4.98330713065035,4.0,3.0,4.0,3.0,16.0
695.0,add,5.061210979780207,476.0,85.0,4.98330713065035,4.0,4.0,4.0,3.0,16.0
696.0,delete,4.98330713065035,476.0,85.0,4.98330713065035,4.0,3.0,4.0,3.0,15.0
697.0,swap,5.2644337763312015,476.0,85.0,4.98330713065035,4.0,4.0,4.0,3.0,15.0
698.0,add,6.053122856750356,477.0,31.0,5.749472699070911,10.0,3.0,2.0,2.0,22.0
699.0,add,6.0372976856989595,478.0,52.0,5.57828035347677,8.0,6.0,3.0,4.0,19.0
700.0,add,5.635029556379045,479.0,67.0,5.499675231547983,5.0,5.0,4.0,5.0,20.0
701.0,delete,5.983010203215112,480.0,77.0,5.443236439455137,4.0,4.0,4.0,4.0,19.0
702.0,delete,5.479348415011463,481.0,82.0,5.314840113328523,4.0,3.0,4.0,3.0,16.0
703.0,add,5.839906452547887,482.0,5.0,5.9593750426828835,10.0,0.0,2.0,1.0,2.0
704.0,add,5.167150832842302,483.0,84.0,5.062401755957451,4.0,2.0,4.0,3.0,17.0
705.0,delete,5.846149871824056,484.0,83.0,5.254531377516893,4.0,2.0,4.0,3.0,16.0
706.0,add,4.943580315373851,485.0,86.0,5.061210979780207,4.0,4.0,4.0,3.0,16.0
707.0,add,5.070828564518324,485.0,86.0,5.061210979780207,4.0,4.0,4.0,3.0,17.0
708.0,delete,5.6191493099811005,485.0,86.0,5.061210979780207,4.0,4.0,4.0,3.0,15.0
709.0,swap,5.342390184028552,485.0,86.0,5.061210979780207,4.0,4.0,4.0,2.0,17.0
710.0,delete,5.824551098110653,486.0,32.0,5.737709987615481,9.0,3.0,2.0,3.0,21.0
711.0,add,6.118565067443678,487.0,53.0,5.553725023850326,8.0,6.0,3.0,4.0,20.0
712.0,add,5.929873738896101,488.0,68.0,5.469600842092627,5.0,6.0,5.0,5.0,19.0
713.0,delete,5.478734799925152,489.0,78.0,5.428353751357361,4.0,4.0,4.0,4.0,18.0
714.0,add,6.047982286958898,490.0,6.0,5.953006510900864,10.0,1.0,2.0,1.0,2.0
715.0,add,4.983168896123706,491.0,85.0,5.207431870736407,4.0,3.0,4.0,3.0,17.0
716.0,add,5.148134927132631,492.0,84.0,5.130752443877736,4.0,2.0,5.0,3.0,16.0
717.0,add,5.064475270542661,493.0,87.0,5.070828564518324,4.0,4.0,4.0,3.0,17.0
718.0,add,5.070955380896232,493.0,87.0,5.070828564518324,4.0,4.0,4.0,4.0,17.0
719.0,delete,4.745285477262886,493.0,87.0,5.070828564518324,3.0,4.0,4.0,3.0,17.0
720.0,swap,5.423773939358547,493.0,87.0,5.070828564518324,4.0,4.0,4.0,3.0,17.0
721.0,delete,6.044832237890783,494.0,33.0,5.72538967699535,10.0,3.0,2.0,3.0,19.0
722.0,add,5.734383770469818,495.0,54.0,5.521015497668281,8.0,5.0,4.0,4.0,21.0
723.0,add,5.937871121088088,496.0,69.0,5.41566890386432,5.0,6.0,4.0,6.0,20.0
724.0,delete,5.417309828920064,497.0,79.0,5.3535951693604265,4.0,3.0,4.0,4.0,18.0
725.0,add,6.33642318492921,498.0,7.0,5.9386491973717925,10.0,2.0,2.0,2.0,1.0
726.0,add,5.060451992771256,499.0,86.0,5.07506372651573,4.0,4.0,4.0,4.0,16.0
727.0,add,5.0290901152138305,500.0,85.0,5.1259336646033935,4.0,3.0,4.0,3.0,17.0
728.0,delete,6.062470163520783,501.0,34.0,5.717154625979406,9.0,3.0,2.0,3.0,19.0
729.0,delete,5.479432487567748,502.0,80.0,5.320571244078281,4.0,3.0,4.0,4.0,17.0
730.0,add,5.049637869822789,503.0,88.0,5.070955380896232,4.0,4.0,4.0,4.0,17.0
731.0,add,5.072095528732201,503.0,88.0,5.070955380896232,4.0,4.0,4.0,4.0,18.0
732.0,delete,5.070828564518324,503.0,88.0,5.070955380896232,4.0,4.0,4.0,3.0,17.0
733.0,swap,5.130114330216382,503.0,88.0,5.070955380896232,3.0,4.0,4.0,4.0,18.0
734.0,add,5.754835240669775,504.0,55.0,5.496372907322809,8.0,5.0,4.0,4.0,22.0
735.0,add,5.152855138381704,505.0,70.0,5.390469403478493,5.0,6.0,4.0,5.0,22.0
736.0,add,6.051406013426256,506.0,8.0,5.922286653054209,10.0,1.0,2.0,2.0,3.0
737.0,add,5.071829232196798,507.0,87.0,5.078726334837186,4.0,4.0,4.0,4.0,17.0
738.0,delete,5.287479350607156,508.0,81.0,5.269555355674218,4.0,3.0,4.0,3.0,17.0
739.0,add,6.03661834325942,509.0,35.0,5.698638936412482,9.0,3.0,3.0,3.0,19.0
740.0,add,5.050569957434501,510.0,86.0,5.075479650076035,4.0,4.0,4.0,3.0,17.0
741.0,add,5.072039815068203,511.0,89.0,5.072095528732201,4.0,4.0,4.0,4.0,18.0
742.0,add,5.07120460531823,511.0,89.0,5.072095528732201,4.0,4.0,4.0,5.0,18.0
743.0,delete,5.069923551615269,511.0,89.0,5.072095528732201,4.0,3.0,4.0,4.0,18.0
744.0,swap,5.277950949463689,511.0,89.0,5.072095528732201,4.0,4.0,5.0,4.0,17.0
745.0,delete,5.780158172540512,512.0,56.0,5.476575054122402,8.0,4.0,4.0,4.0,22.0
746.0,delete,5.489977197413192,513.0,71.0,5.374656487788297,5.0,5.0,4.0,5.0,22.0
747.0,add,6.33751071410803,514.0,9.0,5.90784266292191,10.0,1.0,2.0,3.0,3.0
748.0,delete,5.533031554092412,515.0,82.0,5.213792038047873,4.0,3.0,3.0,3.0,17.0
749.0,add,5.097673356570445,516.0,88.0,5.112642890039519,4.0,4.0,5.0,4.0,17.0
750.0,add,6.048650968824965,517.0,36.0,5.680608329590737,9.0,3.0,3.0,3.0,20.0
751.0,add,5.405374330323493,518.0,87.0,5.095841198583506,4.0,4.0,4.0,3.0,18.0
752.0,delete,5.5453694404560805,519.0,57.0,5.471745960315952,7.0,5.0,4.0,4.0,21.0
753.0,delete,5.358538940286594,520.0,72.0,5.375153098365389,5.0,6.0,4.0,4.0,21.0
754.0,add,5.0760259432259875,521.0,90.0,5.07120460531823,4.0,4.0,4.0,5.0,18.0
755.0,add,5.071159697943011,521.0,90.0,5.07120460531823,4.0,4.0,4.0,5.0,19.0
756.0,delete,4.74642167980683,521.0,90.0,5.07120460531823,3.0,4.0,4.0,5.0,18.0
757.0,swap,5.061709978265978,521.0,90.0,5.07120460531823,4.0,4.0,3.0,6.0,18.0
758.0,add,6.3362072167653345,522.0,10.0,5.892534086949385,10.0,1.0,2.0,3.0,4.0
759.0,delete,5.353413102175785,523.0,83.0,5.16354596970589,4.0,2.0,3.0,3.0,17.0
760.0,add,5.11608339905512,524.0,89.0,5.005304380912007,4.0,4.0,5.0,4.0,18.0
761.0,add,5.935703870835753,525.0,37.0,5.660493312429323,9.0,5.0,3.0,3.0,19.0
762.0,delete,5.779328489722755,526.0,58.0,5.453461455037611,7.0,5.0,4.0,4.0,20.0
763.0,delete,4.4177378730289485,527.0,73.0,5.3562670311917495,5.0,6.0,4.0,4.0,20.0
764.0,add,5.061275399387984,528.0,88.0,5.066571682278633,4.0,4.0,4.0,4.0,18.0
765.0,add,5.0706246890047115,529.0,91.0,5.071159697943011,4.0,4.0,4.0,5.0,19.0
766.0,delete,5.071159697943011,529.0,91.0,5.071159697943011,4.0,4.0,4.0,5.0,18.0
767.0,swap,5.073900233690824,529.0,91.0,5.071159697943011,4.0,3.0,5.0,5.0,19.0
768.0,add,5.166783251314515,530.0,84.0,5.096616584498386,4.0,2.0,4.0,4.0,16.0
769.0,add,6.33642318492921,531.0,11.0,5.876637213919233,10.0,1.0,2.0,2.0,6.0
770.0,add,5.070734260108865,532.0,90.0,5.0717110796453895,4.0,4.0,4.0,5.0,19.0
771.0,delete,5.778597010051309,533.0,59.0,5.429143417209568,7.0,4.0,4.0,4.0,20.0
772.0,add,6.050775596896242,534.0,38.0,5.641267191596189,9.0,4.0,3.0,4.0,20.0
773.0,delete,5.37407607287209,535.0,74.0,5.33739808225122,5.0,6.0,4.0,4.0,19.0
774.0,delete,5.070968961502468,536.0,92.0,5.071159697943011,4.0,4.0,4.0,5.0,18.0
775.0,delete,5.3742170752634335,536.0,92.0,5.071159697943011,3.0,4.0,4.0,5.0,18.0
776.0,swap,5.203932490953058,536.0,92.0,5.071159697943011,4.0,4.0,4.0,6.0,17.0
777.0,add,5.072162734663641,537.0,89.0,5.082934054775501,4.0,4.0,4.0,5.0,18.0
778.0,delete,5.254507962550748,538.0,91.0,5.180069556415493,4.0,3.0,4.0,5.0,19.0
779.0,add,4.98247510133506,539.0,85.0,5.108935556935826,4.0,3.0,4.0,3.0,17.0
780.0,add,6.3364231849292105,540.0,12.0,5.861996589419379,10.0,2.0,2.0,2.0,6.0
781.0,delete,5.482965984740741,541.0,60.0,5.415952696175624,6.0,4.0,4.0,4.0,20.0
782.0,delete,5.7814272073261606,542.0,39.0,5.624973390485799,8.0,4.0,3.0,4.0,20.0
783.0,delete,5.458887798491957,543.0,75.0,5.318244729533534,4.0,6.0,4.0,4.0,19.0
784.0,delete,5.374508141141358,544.0,93.0,5.3742170752634335,3.0,4.0,4.0,5.0,18.0
785.0,delete,5.040442359431185,544.0,93.0,5.3742170752634335,2.0,4.0,4.0,5.0,18.0
786.0,swap,5.142342567770652,544.0,93.0,5.3742170752634335,3.0,3.0,4.0,6.0,18.0
787.0,add,5.048895424223481,545.0,90.0,5.151541511441943,4.0,4.0,4.0,5.0,19.0
788.0,delete,5.071532204865572,546.0,92.0,5.232877535901657,4.0,4.0,4.0,4.0,18.0
789.0,delete,5.039576789382906,547.0,94.0,5.040442359431185,2.0,4.0,4.0,5.0,18.0
790.0,add,5.467164953994006,547.0,94.0,5.040442359431185,2.0,4.0,4.0,5.0,19.0
791.0,delete,4.95604000411209,547.0,94.0,5.040442359431185,2.0,4.0,4.0,5.0,17.0
792.0,swap,4.919916093081959,547.0,94.0,5.040442359431185,2.0,3.0,4.0,6.0,18.0
793.0,add,6.33642318492921,548.0,13.0,5.84412032239637,10.0,1.0,2.0,2.0,8.0
794.0,add,6.050775596896242,549.0,40.0,5.603706451920392,9.0,4.0,3.0,4.0,20.0
795.0,delete,5.477583231806312,550.0,61.0,5.401678559900279,5.0,4.0,4.0,4.0,20.0
796.0,delete,5.415116196888882,551.0,76.0,5.289580617390599,4.0,5.0,4.0,4.0,19.0
797.0,add,5.059721483952708,552.0,86.0,5.103102748999978,4.0,4.0,5.0,3.0,16.0
798.0,delete,5.072300419885378,553.0,91.0,5.152793023230188,4.0,4.0,3.0,5.0,19.0
799.0,delete,5.375629307857546,554.0,93.0,5.084628040000429,3.0,3.0,4.0,5.0,18.0
800.0,delete,5.563154519100811,555.0,77.0,5.278078630932643,4.0,4.0,4.0,4.0,19.0
801.0,add,5.486530372752811,556.0,62.0,5.3975349350635815,6.0,4.0,4.0,4.0,20.0
802.0,add,6.33642318492921,557.0,14.0,5.832055321338678,10.0,1.0,2.0,2.0,9.0
803.0,delete,5.778235145435329,558.0,41.0,5.590233650876618,8.0,4.0,3.0,4.0,20.0
804.0,add,5.4978922864846265,559.0,95.0,5.467164953994006,2.0,4.0,4.0,5.0,19.0
805.0,delete,5.695023636156782,559.0,95.0,5.467164953994006,2.0,4.0,4.0,5.0,18.0
806.0,swap,5.171082212962574,559.0,95.0,5.467164953994006,2.0,3.0,4.0,5.0,20.0
807.0,add,5.867745088449944,560.0,87.0,5.1396794663282375,4.0,5.0,4.0,3.0,17.0
808.0,delete,5.071159697943011,561.0,92.0,5.2404128948080535,4.0,4.0,4.0,5.0,17.0
809.0,add,4.9779689743780215,562.0,94.0,5.457790772399497,2.0,4.0,5.0,5.0,18.0
810.0,delete,5.76749610012751,563.0,78.0,5.2693094825648155,4.0,4.0,3.0,4.0,19.0
811.0,delete,5.69502363615678,564.0,96.0,5.695023636156782,2.0,4.0,4.0,5.0,18.0
812.0,add,6.177089011825215,564.0,96.0,5.695023636156782,2.0,4.0,4.0,5.0,19.0
813.0,delete,5.682449108610373,564.0,96.0,5.695023636156782,2.0,4.0,4.0,5.0,17.0
814.0,swap,5.2439867540135445,564.0,96.0,5.695023636156782,2.0,4.0,4.0,5.0,18.0
815.0,add,6.051406013426256,565.0,15.0,5.820466582447255,10.0,1.0,2.0,2.0,10.0
816.0,delete,5.87730923767009,566.0,42.0,5.581558232889311,7.0,4.0,3.0,4.0,20.0
817.0,add,5.490036816647536,567.0,63.0,5.400811981109648,6.0,5.0,4.0,5.0,19.0
818.0,add,5.074538594534597,568.0,88.0,5.18965355108319,4.0,4.0,4.0,5.0,17.0
819.0,delete,5.297788844146223,569.0,93.0,5.352806080603401,3.0,4.0,4.0,5.0,17.0
820.0,delete,5.9452831200399725,570.0,79.0,5.264847135168063,4.0,3.0,4.0,4.0,18.0
821.0,delete,5.467006301426737,571.0,95.0,5.698714429352539,2.0,4.0,4.0,4.0,19.0
822.0,delete,5.441260161158596,572.0,64.0,5.399194143458251,5.0,5.0,4.0,5.0,19.0
823.0,add,5.859215603022638,573.0,43.0,5.573535893642832,8.0,5.0,3.0,3.0,20.0
824.0,add,6.059819481023813,574.0,16.0,5.810379188721825,10.0,1.0,2.0,2.0,11.0
825.0,add,6.199979097203054,575.0,97.0,6.177089011825215,2.0,4.0,4.0,5.0,19.0
826.0,delete,5.603639601063627,575.0,97.0,6.177089011825215,2.0,4.0,4.0,5.0,18.0
827.0,swap,5.286556948505509,575.0,97.0,6.177089011825215,2.0,4.0,4.0,5.0,19.0
828.0,add,5.610075364675084,576.0,89.0,5.249495194647953,4.0,4.0,4.0,4.0,19.0
829.0,add,5.520741950286971,577.0,94.0,5.551143270983142,2.0,4.0,4.0,5.0,19.0
830.0,delete,5.479338562957959,578.0,80.0,5.273008201169739,4.0,2.0,4.0,4.0,18.0
831.0,add,5.672561393331077,579.0,96.0,5.816816164649351,2.0,4.0,4.0,5.0,19.0
832.0,delete,5.31907072083181,580.0,65.0,5.40609380586504,5.0,5.0,3.0,5.0,19.0
833.0,delete,5.873442945001083,581.0,44.0,5.565849315021335,8.0,3.0,3.0,3.0,21.0
834.0,delete,5.612117501231497,582.0,98.0,5.603639601063627,2.0,4.0,4.0,5.0,18.0
835.0,delete,6.762956806213395,582.0,98.0,5.603639601063627,2.0,4.0,3.0,5.0,18.0
836.0,swap,5.603639601063627,582.0,98.0,5.603639601063627,2.0,4.0,4.0,5.0,18.0
837.0,add,6.062277711374974,583.0,17.0,5.799420194728718,10.0,2.0,3.0,2.0,10.0
838.0,add,5.072992867736813,584.0,90.0,5.3591850435309984,4.0,4.0,4.0,5.0,19.0
839.0,delete,4.8421066013624285,585.0,95.0,5.746309953600093,2.0,4.0,4.0,5.0,18.0
840.0,delete,5.417309828920061,586.0,81.0,5.279898564994504,4.0,3.0,4.0,3.0,17.0
841.0,delete,6.129527892086848,587.0,97.0,5.895588377393036,1.0,4.0,4.0,5.0,19.0
842.0,delete,6.762802213496577,588.0,99.0,6.762956806213395,2.0,4.0,3.0,5.0,18.0
843.0,delete,6.61942784023129,588.0,99.0,6.762956806213395,2.0,4.0,3.0,5.0,17.0
844.0,swap,7.266221278621024,588.0,99.0,6.762956806213395,2.0,4.0,3.0,6.0,17.0
845.0,delete,5.810704733611908,589.0,45.0,5.570977200957274,7.0,4.0,2.0,3.0,21.0
846.0,add,6.33642318492921,590.0,18.0,5.795017526563042,10.0,2.0,2.0,2.0,12.0
847.0,add,5.235850797602983,591.0,66.0,5.436040732870939,5.0,5.0,4.0,5.0,19.0
848.0,delete,5.283148751247695,592.0,91.0,5.520333031244518,4.0,4.0,3.0,5.0,19.0
849.0,add,5.666275951449202,593.0,96.0,6.141376598739395,2.0,5.0,4.0,5.0,18.0
850.0,delete,5.944944706214275,594.0,82.0,5.326207058231741,4.0,3.0,4.0,3.0,16.0
851.0,delete,4.658445613464297,595.0,98.0,6.852852034640572,2.0,3.0,4.0,5.0,18.0
852.0,delete,6.652938370599351,596.0,100.0,6.61942784023129,2.0,4.0,3.0,5.0,17.0
853.0,add,6.61942784023129,596.0,100.0,6.61942784023129,2.0,4.0,3.0,5.0,18.0
854.0,delete,6.61942784023129,596.0,100.0,6.61942784023129,2.0,4.0,3.0,5.0,16.0
855.0,swap,6.333184735142261,596.0,100.0,6.61942784023129,2.0,4.0,3.0,5.0,17.0
856.0,delete,5.895333832620988,597.0,46.0,5.571721379067202,8.0,4.0,2.0,3.0,19.0
857.0,add,6.246999917398308,598.0,19.0,5.788882352530138,10.0,2.0,2.0,2.0,13.0
858.0,add,5.912163736483628,599.0,67.0,5.447449599592239,5.0,5.0,4.0,5.0,20.0
859.0,delete,5.071159697943011,600.0,92.0,5.654245475920479,4.0,4.0,4.0,5.0,17.0
860.0,delete,5.105828108130873,601.0,83.0,5.357257419621466,3.0,2.0,4.0,3.0,17.0
861.0,delete,6.785383703050061,602.0,97.0,6.249519779513568,2.0,4.0,4.0,5.0,18.0
862.0,delete,6.352770044578767,603.0,99.0,6.568881325287096,2.0,4.0,3.0,5.0,17.0
863.0,delete,6.280554578081197,604.0,47.0,5.568683759083532,7.0,4.0,2.0,3.0,19.0
864.0,add,6.628724140821465,605.0,101.0,6.61942784023129,2.0,4.0,3.0,5.0,18.0
865.0,delete,6.773528275792516,605.0,101.0,6.61942784023129,1.0,4.0,3.0,5.0,18.0
866.0,swap,7.112428531147815,605.0,101.0,6.61942784023129,2.0,5.0,3.0,4.0,18.0
867.0,add,5.937480090609836,606.0,68.0,5.4595084273388865,5.0,6.0,4.0,5.0,20.0
868.0,add,6.33642318492921,607.0,20.0,5.786350208196551,10.0,2.0,2.0,2.0,14.0
869.0,delete,5.3742287157974244,608.0,93.0,5.8447223511306445,3.0,4.0,3.0,5.0,18.0
870.0,delete,5.603639601063625,609.0,98.0,6.5509448869670255,2.0,4.0,4.0,4.0,18.0
871.0,add,5.16682442449513,610.0,84.0,5.417163836270442,4.0,2.0,4.0,4.0,16.0
872.0,add,6.042084989465695,611.0,100.0,6.783527196998271,2.0,4.0,3.0,5.0,18.0
873.0,delete,6.772323391913312,612.0,102.0,6.773528275792516,1.0,4.0,3.0,5.0,18.0
874.0,delete,6.773528275792516,612.0,102.0,6.773528275792516,1.0,4.0,3.0,5.0,17.0
875.0,swap,6.419298018054937,612.0,102.0,6.773528275792516,1.0,4.0,4.0,5.0,17.0
876.0,add,5.898512779957069,613.0,48.0,5.580829142229055,8.0,4.0,2.0,3.0,19.0
877.0,add,5.937480090609834,614.0,69.0,5.4604992861064945,5.0,6.0,4.0,6.0,20.0
878.0,add,5.068139192858854,615.0,94.0,6.01975320316677,2.0,4.0,5.0,5.0,18.0
879.0,add,6.329258878235042,616.0,21.0,5.7800953394733625,10.0,2.0,2.0,3.0,14.0
880.0,delete,7.268958269909068,617.0,99.0,6.593776330307884,2.0,4.0,3.0,5.0,17.0
881.0,delete,7.132408928035185,618.0,101.0,6.68466949038832,2.0,4.0,3.0,5.0,17.0
882.0,add,4.9833071306503465,619.0,85.0,5.512692015238413,4.0,3.0,4.0,3.0,17.0
883.0,delete,6.774232918087158,620.0,103.0,6.773528275792516,1.0,4.0,3.0,5.0,17.0
884.0,delete,6.06839622387335,620.0,103.0,6.773528275792516,1.0,3.0,3.0,5.0,17.0
885.0,swap,6.586655181635107,620.0,103.0,6.773528275792516,1.0,4.0,3.0,5.0,17.0
886.0,add,5.898566382380732,621.0,49.0,5.586729984422245,8.0,4.0,2.0,4.0,19.0
887.0,delete,4.8421066013624285,622.0,95.0,6.2042609247932745,2.0,4.0,4.0,5.0,18.0
888.0,add,5.903422204992814,623.0,70.0,5.480463274290135,5.0,6.0,4.0,5.0,22.0
889.0,add,6.898214443483034,624.0,100.0,6.6419197262375285,2.0,4.0,3.0,5.0,18.0
890.0,add,6.3383353770106,625.0,22.0,5.7789900332201505,10.0,2.0,2.0,2.0,16.0
891.0,delete,6.773496137504207,626.0,102.0,6.550703149847033,1.0,4.0,3.0,4.0,18.0
892.0,delete,6.067165124705484,627.0,104.0,6.06839622387335,1.0,3.0,3.0,5.0,17.0
893.0,delete,6.068472354214049,627.0,104.0,6.06839622387335,1.0,3.0,3.0,4.0,17.0
894.0,swap,6.502241971837522,627.0,104.0,6.06839622387335,1.0,3.0,3.0,6.0,16.0
895.0,add,5.005052409562246,628.0,86.0,5.604947130857538,4.0,4.0,4.0,3.0,17.0
896.0,add,5.898509077435075,629.0,50.0,5.588894875717808,8.0,4.0,2.0,4.0,20.0
897.0,delete,6.619427840231288,630.0,101.0,6.559312233453778,2.0,4.0,3.0,4.0,18.0
898.0,delete,5.55056255547344,631.0,71.0,5.511352671194154,5.0,6.0,4.0,5.0,21.0
899.0,add,5.681246510269077,632.0,96.0,6.365887125671453,2.0,4.0,4.0,5.0,19.0
900.0,delete,6.1590382978007145,633.0,103.0,6.176568918657601,1.0,4.0,3.0,5.0,16.0
901.0,add,6.113785372399959,634.0,23.0,5.773243776612051,10.0,2.0,4.0,2.0,15.0
902.0,delete,6.068398338304522,635.0,105.0,6.068472354214049,1.0,3.0,3.0,4.0,17.0
903.0,delete,6.246218698962363,635.0,105.0,6.068472354214049,1.0,3.0,2.0,4.0,17.0
904.0,swap,6.087663977660974,635.0,105.0,6.068472354214049,1.0,3.0,3.0,5.0,16.0
905.0,add,5.071780183953826,636.0,87.0,5.672829015403613,4.0,4.0,4.0,3.0,18.0
906.0,delete,7.177114403949742,637.0,102.0,6.34795895836483,1.0,4.0,3.0,5.0,17.0
907.0,add,5.898509077435076,638.0,51.0,5.593149140001947,8.0,6.0,2.0,4.0,19.0
908.0,delete,5.358649710491024,639.0,72.0,5.534212899175461,5.0,6.0,4.0,3.0,22.0
909.0,delete,6.706945932007052,640.0,97.0,6.436040236296175,2.0,4.0,3.0,5.0,19.0
910.0,delete,5.061579232114671,641.0,104.0,6.117688342285477,1.0,3.0,3.0,5.0,16.0
911.0,delete,6.269796895469461,642.0,106.0,6.246218698962363,1.0,3.0,2.0,4.0,17.0
912.0,delete,6.215958953442086,642.0,106.0,6.246218698962363,1.0,2.0,2.0,4.0,17.0
913.0,swap,6.306881591773543,642.0,106.0,6.246218698962363,1.0,3.0,2.0,4.0,17.0
914.0,add,6.435075822141066,643.0,24.0,5.768491754633452,10.0,2.0,3.0,2.0,17.0
915.0,add,5.404911153256441,644.0,88.0,5.738952752930438,4.0,4.0,4.0,4.0,18.0
916.0,delete,5.985099700988337,645.0,103.0,6.09348430501323,1.0,4.0,3.0,5.0,16.0
917.0,delete,5.440419820067239,646.0,73.0,5.554032720981917,5.0,6.0,4.0,4.0,20.0
918.0,add,6.118565067443677,647.0,52.0,5.5903788937031225,8.0,5.0,3.0,4.0,20.0
919.0,delete,6.214037904795148,648.0,98.0,6.4387327510472625,2.0,4.0,3.0,5.0,18.0
920.0,delete,6.751112155205836,649.0,105.0,6.259714034911863,1.0,3.0,3.0,4.0,16.0
921.0,delete,6.133876563994388,650.0,107.0,6.215958953442086,1.0,2.0,2.0,4.0,17.0
922.0,add,5.48027084109475,650.0,107.0,6.215958953442086,1.0,2.0,2.0,4.0,18.0
923.0,delete,6.561822417674989,650.0,107.0,6.215958953442086,1.0,2.0,2.0,4.0,16.0
924.0,swap,5.859463890417966,650.0,107.0,6.215958953442086,1.0,2.0,2.0,4.0,17.0
925.0,add,6.283426947214194,651.0,25.0,5.763683558727789,10.0,2.0,3.0,3.0,17.0
926.0,add,5.071853199158737,652.0,89.0,5.810131049781409,4.0,4.0,4.0,4.0,19.0
927.0,delete,5.37407607287209,653.0,74.0,5.57840463114981,5.0,6.0,4.0,4.0,19.0
928.0,delete,6.762956806213392,654.0,99.0,6.431873272983904,2.0,4.0,3.0,4.0,18.0
929.0,add,6.119344398763366,655.0,53.0,5.588812530843954,8.0,6.0,3.0,4.0,20.0
930.0,delete,6.607544956128082,656.0,104.0,6.085501223871508,1.0,3.0,3.0,5.0,16.0
931.0,delete,6.586681047482362,657.0,106.0,6.050278533324836,1.0,3.0,2.0,4.0,16.0
932.0,add,5.518455938594702,658.0,108.0,5.48027084109475,1.0,2.0,2.0,4.0,18.0
933.0,add,4.433492867587675,658.0,108.0,5.48027084109475,1.0,2.0,2.0,4.0,19.0
934.0,delete,7.231380357216614,658.0,108.0,5.48027084109475,1.0,2.0,2.0,4.0,17.0
935.0,swap,6.106047884032723,658.0,108.0,5.48027084109475,1.0,3.0,2.0,4.0,17.0
936.0,add,6.280921506801421,659.0,26.0,5.759937373944327,10.0,2.0,3.0,2.0,19.0
937.0,delete,5.373095239064594,660.0,75.0,5.601584899752201,4.0,5.0,4.0,4.0,20.0
938.0,add,5.075323199364733,661.0,90.0,5.8835906199014545,4.0,5.0,4.0,5.0,18.0
939.0,add,6.61942784023129,662.0,100.0,6.3456398358133965,2.0,4.0,3.0,6.0,17.0
940.0,add,6.0047740002003165,663.0,54.0,5.5851380618947974,8.0,5.0,4.0,4.0,21.0
941.0,delete,6.045561018557518,664.0,105.0,6.1215328644963884,1.0,3.0,2.0,4.0,17.0
942.0,add,6.272732630605769,665.0,107.0,5.753929577705293,1.0,2.0,2.0,4.0,18.0
943.0,delete,6.75323528894666,666.0,106.0,6.03638030837673,1.0,3.0,2.0,4.0,16.0
944.0,add,4.433492867587676,667.0,109.0,4.433492867587675,1.0,2.0,2.0,4.0,19.0
945.0,add,4.1747567442583335,667.0,109.0,4.433492867587675,1.0,2.0,2.0,4.0,20.0
946.0,delete,3.17186916796341,667.0,109.0,4.433492867587675,1.0,2.0,2.0,4.0,18.0
947.0,swap,4.433492867587675,667.0,109.0,4.433492867587675,1.0,2.0,2.0,3.0,20.0
948.0,add,6.283833665909662,668.0,27.0,5.745563678694955,10.0,3.0,3.0,2.0,19.0
949.0,delete,4.86574310216712,669.0,76.0,5.588633130783198,4.0,4.0,4.0,4.0,20.0
950.0,delete,5.3742170752634335,670.0,91.0,5.8809856200286434,3.0,4.0,4.0,5.0,19.0
951.0,add,5.769972217972091,671.0,55.0,5.566670125855774,8.0,5.0,4.0,4.0,22.0
952.0,delete,5.850173976126518,672.0,101.0,6.084493030172689,2.0,4.0,3.0,5.0,17.0
953.0,add,3.9286288595348338,673.0,108.0,4.129420902996953,1.0,2.0,2.0,4.0,19.0
954.0,add,6.000018949629185,674.0,107.0,5.016783729642196,1.0,2.0,2.0,4.0,18.0
955.0,add,4.304065311061311,675.0,110.0,4.1747567442583335,1.0,2.0,2.0,4.0,20.0
956.0,add,4.929699024377402,675.0,110.0,4.1747567442583335,1.0,2.0,2.0,4.0,21.0
957.0,delete,5.216911505983897,675.0,110.0,4.1747567442583335,1.0,2.0,2.0,4.0,19.0
958.0,swap,4.980382064423257,675.0,110.0,4.1747567442583335,1.0,3.0,2.0,4.0,19.0
959.0,add,6.196950895811393,676.0,28.0,5.7280568011416735,10.0,3.0,3.0,2.0,20.0
960.0,delete,5.458329014761101,677.0,77.0,5.5749499591525495,4.0,4.0,4.0,4.0,19.0
961.0,delete,5.78016187506251,678.0,56.0,5.554099539667419,8.0,5.0,4.0,3.0,22.0
962.0,delete,5.782002313407142,679.0,92.0,5.8654891989526945,4.0,4.0,3.0,5.0,18.0
963.0,delete,6.320406983456014,680.0,102.0,5.835879369001497,1.0,4.0,3.0,5.0,17.0
964.0,add,3.40364597094409,681.0,109.0,4.72116293002084,1.0,2.0,2.0,4.0,20.0
965.0,add,6.199745207174187,682.0,108.0,4.31003975011905,1.0,2.0,2.0,4.0,19.0
966.0,delete,5.9825516628759114,683.0,78.0,5.573511504963039,4.0,4.0,4.0,4.0,18.0
967.0,add,6.281388050157256,684.0,29.0,5.718408574653241,10.0,3.0,3.0,3.0,20.0
968.0,delete,6.042698917238798,685.0,93.0,5.88916906535961,3.0,4.0,3.0,5.0,18.0
969.0,delete,7.177114403949742,686.0,103.0,5.657058916902883,1.0,4.0,3.0,5.0,16.0
970.0,add,4.917236371099062,687.0,111.0,4.929699024377402,1.0,2.0,2.0,4.0,21.0
971.0,add,5.010168098148137,687.0,111.0,4.929699024377402,1.0,2.0,2.0,4.0,22.0
972.0,delete,5.633592257750238,687.0,111.0,4.929699024377402,1.0,2.0,1.0,4.0,21.0
973.0,swap,5.151807814276924,687.0,111.0,4.929699024377402,1.0,3.0,2.0,3.0,21.0
974.0,delete,5.780158172540512,688.0,57.0,5.5545775839437574,8.0,5.0,4.0,4.0,20.0
975.0,add,4.1747567442583335,689.0,110.0,5.128500713130353,1.0,2.0,2.0,5.0,20.0
976.0,delete,5.479432487567747,690.0,79.0,5.567501426097796,4.0,3.0,4.0,3.0,19.0
977.0,delete,6.280921506801421,691.0,30.0,5.707407907223022,10.0,3.0,3.0,2.0,20.0
978.0,delete,6.045484888216819,692.0,104.0,5.50592096732153,1.0,3.0,2.0,5.0,17.0
979.0,add,4.923587406536601,693.0,94.0,5.909821403240885,2.0,4.0,4.0,5.0,19.0
980.0,add,4.757657112299038,694.0,109.0,4.717911082416453,1.0,3.0,2.0,4.0,19.0
981.0,delete,5.779328489722755,695.0,58.0,5.546442838600067,7.0,5.0,4.0,4.0,20.0
982.0,add,5.010168098148135,696.0,112.0,5.010168098148137,1.0,2.0,2.0,4.0,22.0
983.0,delete,4.953627845197055,696.0,112.0,5.010168098148137,1.0,2.0,2.0,4.0,21.0
984.0,swap,4.929699024377402,696.0,112.0,5.010168098148137,1.0,2.0,2.0,5.0,21.0
985.0,add,5.131392900375122,697.0,111.0,4.975915766467682,1.0,2.0,2.0,4.0,22.0
986.0,delete,5.364009862862311,698.0,80.0,5.553252657986209,4.0,2.0,4.0,4.0,18.0
987.0,delete,6.068472354214049,699.0,105.0,5.374866765320874,1.0,3.0,3.0,4.0,16.0
988.0,add,6.058474075507362,700.0,31.0,5.694723429596912,10.0,3.0,2.0,3.0,21.0
989.0,delete,5.892491681102305,701.0,95.0,5.90146873425702,2.0,3.0,4.0,5.0,19.0
990.0,delete,4.953627845197055,702.0,113.0,4.953627845197055,1.0,2.0,2.0,4.0,21.0
991.0,delete,5.384701017807667,702.0,113.0,4.953627845197055,1.0,2.0,2.0,4.0,20.0
992.0,swap,4.248599279654026,702.0,113.0,4.953627845197055,1.0,2.0,2.0,4.0,21.0
993.0,delete,5.780722381244403,703.0,59.0,5.533603092378127,7.0,4.0,4.0,3.0,21.0
994.0,add,5.054007698633014,704.0,110.0,4.956082793897427,1.0,2.0,2.0,4.0,21.0
995.0,delete,5.0980422024778065,705.0,112.0,4.885138996963951,1.0,1.0,2.0,4.0,22.0
996.0,delete,5.546517447580995,706.0,81.0,5.545575302169926,4.0,3.0,4.0,3.0,17.0
997.0,delete,6.246160366678278,707.0,106.0,5.198441321315768,1.0,3.0,2.0,3.0,17.0
998.0,delete,6.044832237890783,708.0,32.0,5.68540910158778,10.0,3.0,2.0,3.0,20.0
999.0,delete,5.324606960413625,709.0,114.0,5.384701017807667,1.0,2.0,2.0,4.0,20.0
1000.0,delete,6.267845086161439,709.0,114.0,5.384701017807667,1.0,2.0,2.0,4.0,19.0
1001.0,swap,5.356151952069228,709.0,114.0,5.384701017807667,1.0,2.0,3.0,4.0,19.0
1002.0,delete,5.249816030020233,710.0,60.0,5.532316755058169,5.0,4.0,4.0,4.0,21.0
1003.0,add,4.819633183341266,711.0,96.0,5.888613948694413,2.0,4.0,4.0,5.0,19.0
1004.0,add,5.198441797350727,712.0,111.0,5.139052525835557,1.0,2.0,2.0,4.0,22.0
1005.0,delete,4.411929629697328,713.0,113.0,5.58332625411299,1.0,2.0,2.0,4.0,20.0
1006.0,delete,5.479348415011465,714.0,82.0,5.541853440159912,4.0,3.0,4.0,2.0,17.0
1007.0,delete,6.267845086161439,715.0,115.0,6.267845086161439,1.0,2.0,2.0,4.0,19.0
1008.0,delete,6.217943403656544,715.0,115.0,6.267845086161439,1.0,2.0,2.0,4.0,18.0
1009.0,swap,5.364607508173183,715.0,115.0,6.267845086161439,1.0,2.0,2.0,4.0,19.0
1010.0,delete,6.044832237890783,716.0,33.0,5.678821391777815,10.0,3.0,2.0,3.0,19.0
1011.0,delete,5.4817070404923465,717.0,61.0,5.530892235908019,6.0,4.0,4.0,4.0,19.0
1012.0,delete,5.802006102611378,718.0,97.0,5.8756593123949035,1.0,4.0,4.0,5.0,19.0
1013.0,add,5.580032633483598,719.0,107.0,5.098476702269268,1.0,2.0,2.0,4.0,18.0
1014.0,delete,5.011942659191443,720.0,112.0,5.320793984722198,1.0,2.0,2.0,3.0,22.0
1015.0,delete,4.898677714703322,721.0,114.0,6.029560271038151,1.0,2.0,2.0,4.0,19.0
1016.0,delete,4.333258211159462,722.0,83.0,5.543772426916487,3.0,2.0,4.0,3.0,17.0
1017.0,delete,6.2015038633579325,723.0,116.0,6.217943403656544,1.0,2.0,2.0,4.0,18.0
1018.0,add,6.223644963080927,723.0,116.0,6.217943403656544,1.0,3.0,2.0,4.0,18.0
1019.0,delete,6.692116724005594,723.0,116.0,6.217943403656544,1.0,2.0,2.0,4.0,17.0
1020.0,swap,6.188099780806586,723.0,116.0,6.217943403656544,1.0,2.0,2.0,4.0,18.0
1021.0,delete,6.062470163520783,724.0,34.0,5.674423945042223,9.0,3.0,2.0,3.0,19.0
1022.0,add,5.486609665990061,725.0,62.0,5.535665788320627,6.0,4.0,4.0,5.0,19.0
1023.0,delete,5.603639601063625,726.0,98.0,5.86103532004617,2.0,4.0,4.0,4.0,18.0
1024.0,add,5.48027084109475,727.0,108.0,5.064503021878344,1.0,2.0,2.0,5.0,18.0
1025.0,delete,6.46960751686016,728.0,113.0,5.7538210530842155,1.0,1.0,2.0,4.0,21.0
1026.0,delete,6.393961594526138,729.0,115.0,6.304661746981517,1.0,2.0,2.0,4.0,18.0
1027.0,add,5.166951905445637,730.0,84.0,5.570065736554846,4.0,2.0,5.0,3.0,16.0
1028.0,add,5.252087100014455,731.0,1.0,5.863028664738972,10.0,0.0,1.0,0.0,0.0
1029.0,add,6.232494468629281,732.0,117.0,6.223644963080927,1.0,3.0,2.0,4.0,18.0
1030.0,add,6.223644963080927,732.0,117.0,6.223644963080927,1.0,3.0,2.0,4.0,19.0
1031.0,delete,5.86818512059482,732.0,117.0,6.223644963080927,1.0,3.0,2.0,4.0,17.0
1032.0,swap,6.223644963080928,732.0,117.0,6.223644963080927,1.0,3.0,2.0,5.0,17.0
1033.0,add,6.062470163520783,733.0,35.0,5.672516015851818,9.0,4.0,2.0,3.0,19.0
1034.0,add,5.798846089852575,734.0,63.0,5.5464359610730485,6.0,4.0,4.0,5.0,20.0
1035.0,delete,6.786248803927409,735.0,99.0,5.858775041285857,2.0,3.0,3.0,5.0,18.0
1036.0,add,5.44614144970522,736.0,109.0,5.32818148015485,1.0,2.0,2.0,4.0,20.0
1037.0,delete,4.953627845197055,737.0,114.0,6.090301088572791,1.0,2.0,2.0,4.0,19.0
1038.0,add,6.217943403656544,738.0,116.0,6.154322895693377,1.0,2.0,2.0,5.0,18.0
1039.0,add,5.808421654950915,739.0,2.0,5.864304842569605,10.0,0.0,0.0,0.0,2.0
1040.0,add,5.377836959000281,740.0,85.0,5.603020128059896,4.0,3.0,4.0,3.0,17.0
1041.0,delete,6.26784508616144,741.0,115.0,6.243925749861475,1.0,2.0,2.0,3.0,19.0
1042.0,add,6.048650968824963,742.0,36.0,5.668407738380485,9.0,4.0,3.0,3.0,19.0
1043.0,add,6.590596312384988,743.0,100.0,5.798502678557154,2.0,4.0,4.0,5.0,17.0
1044.0,add,6.229460188432145,744.0,118.0,6.223644963080927,1.0,3.0,2.0,4.0,19.0
1045.0,delete,5.636583692675626,744.0,118.0,6.223644963080927,1.0,3.0,2.0,4.0,18.0
1046.0,swap,6.133166756588419,744.0,118.0,6.223644963080927,1.0,4.0,2.0,4.0,18.0
1047.0,delete,4.580525518101056,745.0,64.0,5.558393610941556,5.0,5.0,4.0,5.0,19.0
1048.0,add,4.487397014249718,746.0,110.0,5.537967047563174,1.0,2.0,2.0,4.0,21.0
1049.0,add,6.286330684354528,747.0,117.0,6.055713900194279,1.0,3.0,2.0,4.0,19.0
1050.0,delete,5.636583692675623,748.0,119.0,5.636583692675626,1.0,3.0,2.0,4.0,18.0
1051.0,delete,5.584956286016239,748.0,119.0,5.636583692675626,1.0,2.0,2.0,4.0,18.0
1052.0,swap,4.808175452488079,748.0,119.0,5.636583692675626,1.0,3.0,2.0,4.0,18.0
1053.0,add,6.105741486529232,749.0,3.0,5.861224362786483,10.0,0.0,1.0,0.0,2.0
1054.0,add,6.048650968824965,750.0,37.0,5.66123243605654,9.0,4.0,3.0,3.0,20.0
1055.0,add,5.060941639160116,751.0,86.0,5.628532548788691,4.0,4.0,4.0,3.0,17.0
1056.0,delete,5.319070720831815,752.0,65.0,5.557486605004403,5.0,5.0,4.0,5.0,18.0
1057.0,delete,7.031480564212475,753.0,101.0,5.733938646105091,2.0,4.0,3.0,5.0,17.0
1058.0,add,5.059558067992123,754.0,111.0,5.628502439877684,1.0,2.0,2.0,4.0,22.0
1059.0,add,6.217943403656544,755.0,116.0,5.946524202719545,1.0,2.0,2.0,5.0,18.0
1060.0,delete,5.436451033197167,756.0,118.0,5.416574780963892,1.0,3.0,2.0,4.0,18.0
1061.0,delete,5.584956286016239,757.0,120.0,5.584956286016239,1.0,2.0,2.0,4.0,18.0
1062.0,delete,6.0943056190468505,757.0,120.0,5.584956286016239,1.0,2.0,2.0,4.0,17.0
1063.0,swap,5.584956286016239,757.0,120.0,5.584956286016239,1.0,2.0,2.0,4.0,18.0
1064.0,add,6.092628117815185,758.0,4.0,5.857951127902209,10.0,0.0,1.0,2.0,1.0
1065.0,add,5.643866127180022,759.0,87.0,5.657174524200428,4.0,4.0,4.0,3.0,18.0
1066.0,add,6.045274875525197,760.0,38.0,5.656745098894895,9.0,4.0,3.0,4.0,20.0
1067.0,delete,7.260959064955409,761.0,102.0,5.6801983601990464,1.0,4.0,3.0,5.0,17.0
1068.0,add,5.331052013568844,762.0,66.0,5.57221186491657,5.0,5.0,4.0,5.0,19.0
1069.0,delete,5.998309990365701,763.0,112.0,5.721803534993928,1.0,2.0,2.0,4.0,21.0
1070.0,add,6.280678045258005,764.0,117.0,5.769964245049007,1.0,3.0,2.0,4.0,19.0
1071.0,delete,5.636583692675626,765.0,119.0,5.7122936192738925,1.0,3.0,2.0,3.0,18.0
1072.0,delete,6.094305619046849,766.0,121.0,6.0943056190468505,1.0,2.0,2.0,4.0,17.0
1073.0,add,5.798352761538671,766.0,121.0,6.0943056190468505,1.0,3.0,2.0,4.0,17.0
1074.0,delete,5.267022760525965,766.0,121.0,6.0943056190468505,1.0,2.0,2.0,4.0,16.0
1075.0,swap,6.094906284641745,766.0,121.0,6.0943056190468505,1.0,2.0,2.0,5.0,16.0
1076.0,add,6.13187411718504,767.0,5.0,5.857683385158353,10.0,0.0,2.0,1.0,2.0
1077.0,delete,6.049101064726694,768.0,39.0,5.655972837731145,8.0,4.0,3.0,4.0,20.0
1078.0,add,5.037343283469355,769.0,88.0,5.688304074147544,4.0,4.0,5.0,4.0,17.0
1079.0,delete,6.320406983456014,770.0,103.0,5.633384330612653,1.0,4.0,3.0,5.0,16.0
1080.0,add,5.914193620278179,771.0,67.0,5.577246419691623,5.0,5.0,4.0,5.0,20.0
1081.0,delete,4.953627845197051,772.0,113.0,5.851408679918318,1.0,2.0,2.0,3.0,21.0
1082.0,delete,6.176332378775017,773.0,118.0,5.635241497427763,1.0,2.0,2.0,4.0,19.0
1083.0,delete,6.0943056190468505,774.0,120.0,5.869778608960016,1.0,2.0,2.0,4.0,17.0
1084.0,delete,5.660372079398792,775.0,104.0,5.59578985131561,1.0,3.0,3.0,5.0,16.0
1085.0,add,5.2238769905948175,776.0,122.0,5.798352761538671,1.0,3.0,2.0,4.0,17.0
1086.0,add,5.760056610429714,776.0,122.0,5.798352761538671,1.0,3.0,3.0,4.0,17.0
1087.0,delete,6.203729675154644,776.0,122.0,5.798352761538671,1.0,3.0,2.0,4.0,16.0
1088.0,swap,5.798352761538671,776.0,122.0,5.798352761538671,1.0,3.0,2.0,5.0,16.0
1089.0,add,6.335247330279184,777.0,6.0,5.855705790134624,10.0,1.0,2.0,1.0,2.0
1090.0,add,6.045263587340949,778.0,40.0,5.6520696326574384,9.0,4.0,3.0,4.0,20.0
1091.0,add,5.127920316412912,779.0,89.0,5.713176058040205,4.0,4.0,4.0,4.0,19.0
1092.0,add,5.82961203015268,780.0,68.0,5.573179718430902,5.0,6.0,4.0,5.0,20.0
1093.0,delete,5.384701017807667,781.0,114.0,5.911365955010352,1.0,2.0,2.0,3.0,20.0
1094.0,delete,5.706113556256968,782.0,119.0,5.772904803734938,1.0,3.0,2.0,4.0,17.0
1095.0,delete,6.068472354214047,783.0,105.0,5.5775318794052495,1.0,3.0,3.0,3.0,17.0
1096.0,add,6.0943056190468505,784.0,121.0,5.756873759851303,1.0,2.0,2.0,4.0,18.0
1097.0,delete,5.581563414913573,785.0,120.0,5.865774574601058,1.0,2.0,2.0,4.0,17.0
1098.0,delete,6.267845086161439,786.0,115.0,5.948599577057574,1.0,2.0,2.0,4.0,18.0
1099.0,add,6.326399526654086,787.0,7.0,5.8505997222686075,10.0,1.0,2.0,3.0,1.0
1100.0,delete,6.05077559689624,788.0,41.0,5.647980248542308,9.0,3.0,3.0,4.0,20.0
1101.0,add,5.127895911377523,789.0,90.0,5.739829405051005,4.0,4.0,4.0,5.0,19.0
1102.0,add,6.148598002144982,790.0,123.0,5.760056610429714,1.0,3.0,3.0,4.0,17.0
1103.0,delete,6.127959178342748,790.0,123.0,5.760056610429714,0.0,3.0,3.0,4.0,17.0
1104.0,swap,5.59061227443942,790.0,123.0,5.760056610429714,1.0,3.0,4.0,3.0,17.0
1105.0,add,5.907619283077467,791.0,69.0,5.571118841623825,5.0,6.0,4.0,5.0,21.0
1106.0,delete,5.294784996026067,792.0,106.0,5.559128358433352,1.0,3.0,2.0,4.0,16.0
1107.0,add,4.871239367960351,793.0,122.0,5.906806516339216,1.0,3.0,2.0,4.0,18.0
1108.0,delete,6.1468550732135245,794.0,124.0,6.127959178342748,0.0,3.0,3.0,4.0,17.0
1109.0,delete,6.598683958440424,794.0,124.0,6.127959178342748,0.0,3.0,3.0,4.0,16.0
1110.0,swap,6.659850567827021,794.0,124.0,6.127959178342748,0.0,3.0,4.0,4.0,16.0
1111.0,add,6.131777614284687,795.0,8.0,5.845308452002021,10.0,2.0,2.0,2.0,2.0
1112.0,delete,5.8781489897478,796.0,42.0,5.647275388574861,8.0,4.0,3.0,4.0,19.0
1113.0,delete,5.073765823641653,797.0,91.0,5.768736956870869,4.0,4.0,4.0,4.0,19.0
1114.0,add,5.323186340469309,798.0,116.0,5.90444278687749,1.0,2.0,3.0,4.0,18.0
1115.0,add,6.0943056190468505,799.0,121.0,5.924805603128603,1.0,2.0,2.0,4.0,18.0
1116.0,add,5.248624440935742,800.0,70.0,5.574285252622621,5.0,6.0,4.0,5.0,22.0
1117.0,delete,5.760056610429714,801.0,123.0,6.38333719445593,1.0,3.0,3.0,3.0,17.0
1118.0,add,6.215958953442086,802.0,107.0,5.530667368323063,1.0,2.0,2.0,4.0,18.0
1119.0,delete,6.599583886504415,803.0,125.0,6.598683958440424,0.0,3.0,3.0,4.0,16.0
1120.0,delete,5.947134601913371,803.0,125.0,6.598683958440424,0.0,3.0,3.0,4.0,15.0
1121.0,swap,7.283327912553915,803.0,125.0,6.598683958440424,0.0,3.0,3.0,5.0,15.0
1122.0,add,5.871823278876864,804.0,43.0,5.648344707417103,8.0,4.0,3.0,3.0,21.0
1123.0,add,6.33642318492921,805.0,9.0,5.841939727857922,10.0,1.0,2.0,2.0,4.0
1124.0,delete,5.238470654148826,806.0,92.0,5.800798903684889,4.0,4.0,4.0,5.0,17.0
1125.0,add,6.224992846958693,807.0,117.0,5.919955481611507,1.0,3.0,3.0,4.0,18.0
1126.0,add,5.778887035715618,808.0,122.0,6.1244965036833,1.0,3.0,2.0,4.0,18.0
1127.0,delete,5.335188332322091,809.0,71.0,5.589097596013449,4.0,6.0,4.0,5.0,22.0
1128.0,delete,6.127959178342748,810.0,124.0,6.607182589853031,0.0,3.0,3.0,4.0,16.0
1129.0,delete,5.903045584301383,811.0,126.0,5.947134601913371,0.0,3.0,3.0,4.0,15.0
1130.0,delete,6.770964656758102,811.0,126.0,5.947134601913371,0.0,3.0,3.0,4.0,14.0
1131.0,swap,5.947134601913371,811.0,126.0,5.947134601913371,0.0,3.0,3.0,4.0,15.0
1132.0,delete,5.252005959543481,812.0,93.0,5.82727956307433,3.0,4.0,4.0,5.0,17.0
1133.0,delete,5.870638633365278,813.0,44.0,5.6468327503545135,8.0,4.0,3.0,2.0,21.0
1134.0,add,6.080448293773901,814.0,108.0,5.5627131023005445,1.0,2.0,2.0,4.0,19.0
1135.0,add,6.3315855542986,815.0,10.0,5.837247566647475,10.0,1.0,2.0,3.0,4.0
1136.0,delete,6.223644963080927,816.0,118.0,5.903922415440153,1.0,3.0,2.0,4.0,18.0
1137.0,delete,5.798352761538671,817.0,123.0,6.322712984211727,1.0,3.0,2.0,4.0,17.0
1138.0,delete,5.358342430987121,818.0,72.0,5.601702231689984,5.0,6.0,4.0,4.0,21.0
1139.0,delete,6.597618370764814,819.0,125.0,6.142069861221557,0.0,2.0,3.0,4.0,16.0
1140.0,delete,6.7709646567581006,820.0,127.0,6.770964656758102,0.0,3.0,3.0,4.0,14.0
1141.0,delete,7.346170265444573,820.0,127.0,6.770964656758102,0.0,2.0,3.0,4.0,14.0
1142.0,swap,7.281336817129611,820.0,127.0,6.770964656758102,0.0,4.0,3.0,4.0,13.0
1143.0,add,4.906996169989229,821.0,109.0,5.693779201897506,1.0,2.0,2.0,4.0,20.0
1144.0,delete,5.895333832620988,822.0,45.0,5.652249101843464,8.0,4.0,2.0,3.0,20.0
1145.0,add,4.979795347425707,823.0,94.0,5.8691450362866275,2.0,5.0,4.0,5.0,18.0
1146.0,delete,5.706113556256968,824.0,119.0,6.060340790358726,1.0,3.0,2.0,4.0,17.0
1147.0,add,6.33642318492921,825.0,11.0,5.835333621640902,10.0,1.0,2.0,2.0,6.0
1148.0,delete,6.625498549416285,826.0,124.0,6.597827040902068,0.0,3.0,3.0,4.0,16.0
1149.0,delete,5.821367022423733,827.0,73.0,5.619885723878849,5.0,6.0,3.0,4.0,21.0
1150.0,delete,5.947134601913372,828.0,126.0,7.042359099022597,0.0,3.0,3.0,3.0,15.0
1151.0,delete,7.34617026544457,829.0,128.0,7.346170265444573,0.0,2.0,3.0,4.0,14.0
1152.0,delete,6.697632563579424,829.0,128.0,7.346170265444573,0.0,2.0,3.0,4.0,13.0
1153.0,swap,6.797078653034338,829.0,128.0,7.346170265444573,0.0,1.0,4.0,4.0,14.0
1154.0,add,4.450189664898467,830.0,110.0,5.816620841435421,1.0,2.0,2.0,4.0,21.0
1155.0,delete,5.847951675483507,831.0,46.0,5.65439872530935,8.0,4.0,1.0,3.0,20.0
1156.0,delete,5.467164953994006,832.0,95.0,5.9015900871139255,2.0,4.0,4.0,5.0,18.0
1157.0,delete,6.217309440398801,833.0,120.0,6.196647162830692,1.0,2.0,2.0,4.0,17.0
1158.0,delete,6.598683958440424,834.0,125.0,6.612698803246251,0.0,3.0,3.0,4.0,15.0
1159.0,add,6.594123782508575,835.0,12.0,5.833995495398461,10.0,1.0,3.0,2.0,6.0
1160.0,delete,5.572687917062268,836.0,74.0,5.638267647759826,5.0,6.0,4.0,4.0,19.0
1161.0,delete,7.0809188566545025,837.0,127.0,7.046762936875726,0.0,3.0,2.0,4.0,14.0
1162.0,delete,6.697632563579422,838.0,129.0,6.697632563579424,0.0,2.0,3.0,4.0,13.0
1163.0,add,6.697632563579424,838.0,129.0,6.697632563579424,0.0,2.0,3.0,5.0,13.0
1164.0,delete,7.284932500898456,838.0,129.0,6.697632563579424,0.0,2.0,3.0,4.0,12.0
1165.0,swap,6.589595346715867,838.0,129.0,6.697632563579424,0.0,2.0,3.0,4.0,13.0
1166.0,delete,5.858777297326424,839.0,47.0,5.6622753922617575,7.0,4.0,2.0,3.0,19.0
1167.0,add,4.929699024377402,840.0,111.0,5.942289550314071,1.0,2.0,2.0,5.0,21.0
1168.0,add,5.672851691954389,841.0,96.0,5.942413498022585,2.0,4.0,4.0,5.0,19.0
1169.0,add,6.0943056190468505,842.0,121.0,6.343390405719057,1.0,2.0,2.0,4.0,18.0
1170.0,delete,5.523958733913528,843.0,75.0,5.657065382410182,4.0,6.0,4.0,4.0,19.0
1171.0,add,6.3383353770105995,844.0,13.0,5.832850522337283,10.0,1.0,2.0,2.0,8.0
1172.0,delete,5.457530016687991,845.0,126.0,6.869858793191519,0.0,3.0,3.0,4.0,14.0
1173.0,delete,7.346170265444568,846.0,128.0,6.793485107670518,0.0,2.0,3.0,3.0,14.0
1174.0,add,6.697632563579425,847.0,130.0,6.697632563579424,0.0,2.0,3.0,5.0,13.0
1175.0,delete,6.697632563579425,847.0,130.0,6.697632563579424,0.0,2.0,3.0,4.0,13.0
1176.0,swap,7.586609948147398,847.0,130.0,6.697632563579424,0.0,2.0,4.0,5.0,12.0
1177.0,delete,4.75570021066206,848.0,112.0,6.03582340315813,1.0,2.0,2.0,4.0,21.0
1178.0,add,5.898512779957069,849.0,48.0,5.665033750655982,8.0,4.0,2.0,3.0,19.0
1179.0,delete,5.786088335217154,850.0,97.0,5.966395923682506,2.0,4.0,4.0,5.0,18.0
1180.0,delete,6.770964656758102,851.0,127.0,6.98967760920626,0.0,3.0,3.0,3.0,14.0
1181.0,delete,5.34841844104018,852.0,76.0,5.675261131514785,4.0,5.0,4.0,3.0,20.0
1182.0,add,4.931396118978271,853.0,122.0,6.480406215649219,1.0,3.0,3.0,4.0,17.0
1183.0,add,6.33642318492921,854.0,14.0,5.830728059162928,10.0,1.0,2.0,2.0,9.0
1184.0,add,6.697632563579424,855.0,129.0,6.919876909721419,0.0,2.0,3.0,5.0,13.0
1185.0,delete,6.697632563579424,856.0,131.0,6.697632563579425,0.0,2.0,3.0,4.0,13.0
1186.0,delete,6.697632563579422,856.0,131.0,6.697632563579425,0.0,2.0,3.0,3.0,13.0
1187.0,swap,7.315961160663207,856.0,131.0,6.697632563579425,0.0,2.0,3.0,5.0,12.0
1188.0,delete,4.903726162692157,857.0,113.0,6.122559381639059,1.0,2.0,2.0,4.0,20.0
1189.0,delete,5.603650425328532,858.0,98.0,5.974674827685851,2.0,4.0,4.0,4.0,18.0
1190.0,add,5.781361877206389,859.0,49.0,5.6677416881867115,8.0,4.0,3.0,3.0,19.0
1191.0,delete,7.552208149561611,860.0,128.0,6.900333056192683,0.0,2.0,2.0,4.0,14.0
1192.0,delete,5.63342023746815,861.0,77.0,5.694521652446918,4.0,4.0,4.0,4.0,19.0
1193.0,delete,5.368573340640825,862.0,123.0,6.655064515912631,1.0,3.0,3.0,4.0,16.0
1194.0,delete,7.314427536995268,863.0,130.0,6.852214712850369,0.0,2.0,3.0,5.0,12.0
1195.0,add,6.325511685225596,864.0,15.0,5.831344433267371,10.0,2.0,2.0,2.0,9.0
1196.0,delete,6.722388683659096,865.0,132.0,6.697632563579422,0.0,2.0,3.0,3.0,13.0
1197.0,delete,6.695623751534784,865.0,132.0,6.697632563579422,0.0,1.0,3.0,3.0,13.0
1198.0,swap,7.284932500898452,865.0,132.0,6.697632563579422,0.0,2.0,3.0,3.0,13.0
1199.0,delete,6.267845086161439,866.0,114.0,6.211162607533616,1.0,2.0,2.0,4.0,19.0
1200.0,delete,5.969494051027726,867.0,99.0,5.99492836053975,2.0,4.0,3.0,5.0,17.0
1201.0,add,7.284932500898456,868.0,129.0,6.925478246947896,0.0,2.0,3.0,4.0,14.0
1202.0,add,5.898509077435075,869.0,50.0,5.679003758968352,8.0,4.0,2.0,4.0,20.0
1203.0,delete,5.478734799925152,870.0,78.0,5.7166880872765855,4.0,4.0,4.0,4.0,18.0
1204.0,delete,6.127959178342747,871.0,124.0,6.7783781257237665,0.0,3.0,3.0,3.0,17.0
1205.0,delete,6.711900007394796,872.0,131.0,6.850144374917939,0.0,2.0,3.0,4.0,12.0
1206.0,delete,6.695623751534783,873.0,133.0,6.695623751534784,0.0,1.0,3.0,3.0,13.0
1207.0,delete,7.858941226500187,873.0,133.0,6.695623751534784,0.0,1.0,3.0,3.0,12.0
1208.0,swap,6.6482441518017,873.0,133.0,6.695623751534784,0.0,1.0,2.0,4.0,13.0
1209.0,add,6.33642318492921,874.0,16.0,5.836417699446541,10.0,1.0,2.0,2.0,11.0
1210.0,delete,5.6798816514528845,875.0,115.0,6.29145963261468,1.0,2.0,2.0,4.0,18.0
1211.0,delete,6.697632563579424,876.0,130.0,6.9450783718100455,0.0,2.0,3.0,5.0,12.0
1212.0,add,5.467920792398251,877.0,100.0,5.9963732311971,2.0,4.0,4.0,5.0,17.0
1213.0,delete,5.59190193685731,878.0,79.0,5.733258113170342,3.0,3.0,4.0,4.0,19.0
1214.0,add,5.898509077435075,879.0,51.0,5.68519965857172,8.0,6.0,2.0,4.0,19.0
1215.0,delete,5.947134601913371,880.0,125.0,6.813693208173847,0.0,3.0,3.0,4.0,15.0
1216.0,delete,7.314427536995266,881.0,132.0,6.974608220342864,0.0,2.0,3.0,3.0,12.0
1217.0,delete,7.858941226500187,882.0,134.0,7.858941226500187,0.0,1.0,3.0,3.0,12.0
1218.0,delete,7.858941226500187,882.0,134.0,7.858941226500187,0.0,1.0,3.0,2.0,12.0
1219.0,swap,7.757892213690496,882.0,134.0,7.858941226500187,0.0,1.0,3.0,3.0,12.0
1220.0,add,6.048713004269538,883.0,17.0,5.838078948851382,10.0,2.0,2.0,2.0,11.0
1221.0,delete,6.697632563579422,884.0,131.0,7.175457403382446,0.0,2.0,3.0,3.0,13.0
1222.0,add,6.347024085177751,885.0,116.0,6.349334989419412,1.0,2.0,3.0,4.0,18.0
1223.0,delete,6.881225664399956,886.0,101.0,6.011658695480237,2.0,3.0,3.0,5.0,18.0
1224.0,delete,5.479348415011464,887.0,80.0,5.7647668484888115,4.0,3.0,4.0,4.0,17.0
1225.0,delete,6.211370964569148,888.0,126.0,6.980211609454159,0.0,2.0,3.0,4.0,15.0
1226.0,add,6.121941928922436,889.0,52.0,5.698314543862214,8.0,5.0,3.0,5.0,19.0
1227.0,delete,6.968519309433623,890.0,133.0,7.833678973297765,0.0,0.0,3.0,3.0,13.0
1228.0,delete,7.8537484963546325,891.0,135.0,7.858941226500187,0.0,1.0,3.0,2.0,12.0
1229.0,add,7.8589412265001855,891.0,135.0,7.858941226500187,0.0,1.0,3.0,3.0,12.0
1230.0,delete,7.527719216767056,891.0,135.0,7.858941226500187,0.0,1.0,3.0,2.0,11.0
1231.0,swap,7.87115394420604,891.0,135.0,7.858941226500187,0.0,1.0,2.0,3.0,12.0
1232.0,add,6.051406013426257,892.0,18.0,5.845236708571819,10.0,2.0,2.0,2.0,12.0
1233.0,delete,6.384884390877808,893.0,127.0,7.130266774685296,0.0,3.0,3.0,4.0,13.0
1234.0,delete,5.985099700988337,894.0,102.0,6.030713352276227,1.0,4.0,3.0,5.0,17.0
1235.0,delete,4.9995263321059005,895.0,81.0,5.797730032109837,4.0,2.0,4.0,3.0,18.0
1236.0,add,6.223644963080927,896.0,117.0,6.4313869000619635,1.0,3.0,2.0,5.0,18.0
1237.0,delete,6.697632563579423,897.0,132.0,7.443747482947624,0.0,2.0,3.0,2.0,13.0
1238.0,add,6.2192359433046525,898.0,53.0,5.709619345416809,8.0,5.0,3.0,4.0,21.0
1239.0,delete,6.11888650216886,899.0,134.0,7.79410082206562,0.0,1.0,3.0,3.0,11.0
1240.0,add,7.858941226500184,900.0,136.0,7.8589412265001855,0.0,1.0,3.0,3.0,12.0
1241.0,add,7.733731629952356,900.0,136.0,7.8589412265001855,0.0,1.0,4.0,3.0,12.0
1242.0,delete,7.527719216767056,900.0,136.0,7.8589412265001855,0.0,1.0,3.0,3.0,11.0
1243.0,swap,7.875500814140856,900.0,136.0,7.8589412265001855,0.0,2.0,3.0,3.0,11.0
1244.0,add,6.33642318492921,901.0,19.0,5.8494751026460055,10.0,2.0,2.0,2.0,13.0
1245.0,delete,6.801152195119977,902.0,103.0,6.041786548308049,1.0,3.0,3.0,5.0,17.0
1246.0,delete,5.287498379897238,903.0,82.0,5.830476709509006,4.0,3.0,4.0,3.0,16.0
1247.0,delete,6.872082021059926,904.0,118.0,6.4944666889682,1.0,3.0,2.0,4.0,18.0
1248.0,delete,7.328117181277525,905.0,128.0,7.16378783671248,0.0,2.0,2.0,4.0,14.0
1249.0,delete,6.648244151801698,906.0,133.0,7.609255533998707,0.0,1.0,2.0,3.0,13.0
1250.0,add,6.000002115356173,907.0,54.0,5.723222105376019,8.0,5.0,4.0,4.0,21.0
1251.0,add,7.832719176274877,908.0,135.0,7.7709668227721265,0.0,2.0,3.0,2.0,12.0
1252.0,delete,7.858941226500187,909.0,134.0,7.628909334193844,0.0,1.0,3.0,2.0,12.0
1253.0,add,7.734671185801595,910.0,137.0,7.733731629952356,0.0,1.0,4.0,3.0,12.0
1254.0,add,7.750210282184868,910.0,137.0,7.733731629952356,0.0,1.0,5.0,3.0,12.0
1255.0,delete,7.733731629952356,910.0,137.0,7.733731629952356,0.0,1.0,4.0,3.0,11.0
1256.0,swap,7.3379707419022555,910.0,137.0,7.733731629952356,0.0,1.0,4.0,3.0,12.0
1257.0,add,6.33642318492921,911.0,20.0,5.858691485833232,10.0,2.0,2.0,2.0,14.0
1258.0,delete,5.302230673681607,912.0,83.0,5.873762167707389,4.0,2.0,4.0,3.0,16.0
1259.0,delete,6.75117970806653,913.0,104.0,6.0914793806854926,1.0,3.0,3.0,5.0,16.0
1260.0,delete,5.704743869704961,914.0,119.0,6.622523429207302,1.0,3.0,2.0,4.0,17.0
1261.0,add,6.5072142368901575,915.0,129.0,7.250727572515552,0.0,3.0,3.0,4.0,13.0
1262.0,add,5.754835240669774,916.0,55.0,5.741069653480258,8.0,6.0,4.0,4.0,21.0
1263.0,add,7.852643030800586,917.0,136.0,7.6580630939586865,0.0,1.0,4.0,3.0,12.0
1264.0,add,7.858941226500187,918.0,135.0,7.7360709237070155,0.0,1.0,3.0,2.0,13.0
1265.0,add,7.750109071668647,919.0,138.0,7.750210282184868,0.0,1.0,5.0,3.0,12.0
1266.0,add,7.750210282184868,919.0,138.0,7.750210282184868,0.0,1.0,5.0,4.0,12.0
1267.0,delete,7.733731629952356,919.0,138.0,7.750210282184868,0.0,1.0,4.0,3.0,12.0
1268.0,swap,7.645661280353234,919.0,138.0,7.750210282184868,0.0,2.0,5.0,2.0,12.0
1269.0,add,6.33642318492921,920.0,21.0,5.865614142926124,10.0,2.0,2.0,2.0,15.0
1270.0,add,5.1667832513145155,921.0,84.0,5.918419780658593,4.0,2.0,4.0,4.0,16.0
1271.0,delete,6.5240669898421375,922.0,105.0,6.142687949447389,1.0,3.0,3.0,4.0,16.0
1272.0,delete,5.584956286016239,923.0,120.0,6.743212073644486,1.0,2.0,2.0,3.0,18.0
1273.0,delete,5.891439725690201,924.0,56.0,5.760078301505738,7.0,5.0,4.0,4.0,22.0
1274.0,delete,6.697632563579424,925.0,130.0,7.3549211155907965,0.0,2.0,3.0,4.0,13.0
1275.0,add,7.6314310068133855,926.0,137.0,7.7259845092687955,0.0,1.0,4.0,3.0,13.0
1276.0,add,7.858904007357597,927.0,136.0,7.695827433778774,0.0,2.0,3.0,3.0,12.0
1277.0,delete,6.586681047482362,928.0,106.0,6.154110718810528,1.0,3.0,2.0,4.0,16.0
1278.0,delete,6.697632563579425,929.0,131.0,7.427531678989428,0.0,2.0,3.0,4.0,12.0
1279.0,add,6.336902849068832,930.0,22.0,5.866549794005661,10.0,2.0,2.0,2.0,16.0
1280.0,add,6.0943056190468505,931.0,121.0,6.818423030552747,1.0,2.0,2.0,5.0,17.0
1281.0,add,4.983307130650344,932.0,85.0,5.95284061201518,4.0,3.0,4.0,3.0,17.0
1282.0,add,7.75021028218487,933.0,139.0,7.750210282184868,0.0,1.0,5.0,4.0,12.0
1283.0,add,7.750598358242861,933.0,139.0,7.750210282184868,0.0,2.0,5.0,4.0,12.0
1284.0,delete,7.750210282184868,933.0,139.0,7.750210282184868,0.0,1.0,5.0,4.0,11.0
1285.0,swap,7.75021028218487,933.0,139.0,7.750210282184868,0.0,1.0,5.0,5.0,11.0
1286.0,delete,5.780158172540512,934.0,57.0,5.783570621410662,8.0,5.0,4.0,4.0,20.0
1287.0,add,7.682562708568728,935.0,138.0,7.750287897396467,0.0,1.0,6.0,3.0,12.0
1288.0,delete,7.6418562034725515,936.0,132.0,7.544693360893405,0.0,2.0,3.0,3.0,12.0
1289.0,add,6.299639864834517,937.0,107.0,6.198342507477829,1.0,3.0,2.0,4.0,17.0
1290.0,add,7.845276110962035,938.0,137.0,7.722285951502141,0.0,1.0,4.0,3.0,13.0
1291.0,add,6.4350758221410675,939.0,23.0,5.8732712542664505,10.0,3.0,3.0,2.0,15.0
1292.0,add,5.23747588389472,940.0,122.0,6.944537689198172,1.0,3.0,2.0,4.0,18.0
1293.0,add,5.1952852337486295,941.0,86.0,6.002168426226486,4.0,5.0,4.0,3.0,16.0
1294.0,add,7.742224555322346,942.0,140.0,7.750598358242861,0.0,2.0,5.0,4.0,12.0
1295.0,add,7.75059835824286,942.0,140.0,7.750598358242861,0.0,2.0,5.0,5.0,12.0
1296.0,delete,7.621251554264103,942.0,140.0,7.750598358242861,0.0,2.0,5.0,4.0,11.0
1297.0,swap,7.3237276728467045,942.0,140.0,7.750598358242861,0.0,3.0,5.0,4.0,11.0
1298.0,delete,5.780104239039304,943.0,58.0,5.8040775351097915,7.0,5.0,4.0,4.0,20.0
1299.0,delete,6.695623751534784,944.0,133.0,7.653194040282947,0.0,1.0,3.0,3.0,12.0
1300.0,add,7.728056755973858,945.0,139.0,7.637680099783775,0.0,1.0,5.0,4.0,13.0
1301.0,add,5.480270841094749,946.0,108.0,6.242918846052325,1.0,2.0,2.0,5.0,18.0
1302.0,delete,5.760056610429714,947.0,123.0,7.060034681732645,1.0,3.0,3.0,4.0,16.0
1303.0,add,6.435075822141066,948.0,24.0,5.875365203688648,10.0,2.0,3.0,2.0,17.0
1304.0,add,7.750210282184868,949.0,138.0,7.690896462927356,0.0,1.0,5.0,3.0,13.0
1305.0,add,5.590200934353518,950.0,87.0,6.048761097084836,4.0,4.0,4.0,3.0,18.0
1306.0,delete,5.807073054612537,951.0,59.0,5.811264322479314,7.0,4.0,4.0,4.0,20.0
1307.0,add,7.750598358242863,952.0,141.0,7.75059835824286,0.0,2.0,5.0,5.0,12.0
1308.0,add,7.6405383306634,952.0,141.0,7.75059835824286,0.0,2.0,5.0,5.0,13.0
1309.0,delete,7.750598358242863,952.0,141.0,7.75059835824286,0.0,2.0,5.0,4.0,12.0
1310.0,swap,7.7521225991981995,952.0,141.0,7.75059835824286,0.0,2.0,5.0,5.0,12.0
1311.0,delete,7.8589412265001855,953.0,134.0,7.693853853190367,0.0,1.0,3.0,2.0,12.0
1312.0,delete,5.346329416687675,954.0,124.0,7.16436175646833,0.0,3.0,3.0,4.0,16.0
1313.0,add,4.79030396227092,955.0,109.0,6.333797136752537,1.0,2.0,2.0,4.0,20.0
1314.0,add,7.677912443998245,956.0,140.0,7.728891200918038,0.0,2.0,6.0,4.0,12.0
1315.0,add,6.7424506750348865,957.0,25.0,5.881376493959912,10.0,2.0,4.0,2.0,17.0
1316.0,add,7.750210282184868,958.0,139.0,7.680747940476209,0.0,1.0,5.0,4.0,13.0
1317.0,delete,5.4699381973883465,959.0,60.0,5.831969164010956,5.0,4.0,4.0,4.0,21.0
1318.0,add,5.070477235926088,960.0,88.0,6.091853778688986,4.0,5.0,4.0,4.0,17.0
1319.0,add,7.640341002498236,961.0,142.0,7.6405383306634,0.0,2.0,5.0,5.0,13.0
1320.0,delete,7.640538330663403,961.0,142.0,7.6405383306634,0.0,2.0,5.0,4.0,13.0
1321.0,swap,7.648223210945331,961.0,142.0,7.6405383306634,0.0,2.0,4.0,6.0,13.0
1322.0,add,7.89858547575836,962.0,135.0,7.718512532959173,0.0,1.0,3.0,2.0,13.0
1323.0,delete,6.598683958440424,963.0,125.0,7.231938208257033,0.0,3.0,3.0,3.0,16.0
1324.0,add,7.75059835824286,964.0,141.0,7.642410218692593,0.0,2.0,5.0,5.0,13.0
1325.0,add,4.1818206552162245,965.0,110.0,6.443210859808927,1.0,2.0,3.0,4.0,20.0
1326.0,delete,7.640598841494717,966.0,143.0,7.640538330663403,0.0,2.0,5.0,4.0,13.0
1327.0,delete,7.640538330663403,966.0,143.0,7.640538330663403,0.0,2.0,5.0,4.0,12.0
1328.0,swap,7.604592537103091,966.0,143.0,7.640538330663403,0.0,2.0,5.0,4.0,13.0
1329.0,add,6.503995410575936,967.0,26.0,5.891316510689261,10.0,2.0,4.0,2.0,18.0
1330.0,delete,5.482965984740741,968.0,61.0,5.85708197398736,6.0,4.0,4.0,4.0,19.0
1331.0,add,5.065347778681533,969.0,89.0,6.142576913943397,4.0,4.0,4.0,4.0,19.0
1332.0,add,7.696310661097802,970.0,140.0,7.6836768507845745,0.0,2.0,5.0,4.0,13.0
1333.0,delete,7.640991278460216,971.0,142.0,7.631567009981153,0.0,1.0,5.0,5.0,13.0
1334.0,delete,6.0547115123211785,972.0,126.0,7.320495838529733,0.0,3.0,3.0,4.0,14.0
1335.0,add,7.8589412265001855,973.0,136.0,7.696996305276577,0.0,1.0,3.0,3.0,13.0
1336.0,delete,7.6531570246181175,974.0,144.0,7.640538330663403,0.0,2.0,5.0,4.0,12.0
1337.0,delete,7.700268760327995,974.0,144.0,7.640538330663403,0.0,2.0,5.0,4.0,11.0
1338.0,swap,7.271763940441317,974.0,144.0,7.640538330663403,0.0,3.0,4.0,4.0,12.0
1339.0,add,6.280921506801421,975.0,27.0,5.897015737349512,10.0,2.0,3.0,2.0,20.0
1340.0,add,5.486530372752811,976.0,62.0,5.878571582108646,6.0,4.0,4.0,4.0,20.0
1341.0,add,4.929717456559423,977.0,111.0,6.550047738530536,1.0,2.0,3.0,4.0,21.0
1342.0,add,5.0708479147737755,978.0,90.0,6.185821141815375,4.0,4.0,4.0,5.0,19.0
1343.0,add,7.75059835824286,979.0,141.0,7.6226791621768415,0.0,2.0,5.0,5.0,13.0
1344.0,delete,7.640538330663403,980.0,143.0,7.566432014012708,0.0,2.0,5.0,4.0,12.0
1345.0,delete,6.014333565020903,981.0,127.0,7.393397465264807,0.0,3.0,3.0,4.0,13.0
1346.0,delete,7.699809893422189,982.0,145.0,7.700268760327995,0.0,2.0,5.0,4.0,11.0
1347.0,delete,7.701793001283335,982.0,145.0,7.700268760327995,0.0,2.0,5.0,4.0,10.0
1348.0,swap,7.700268760327996,982.0,145.0,7.700268760327995,0.0,2.0,5.0,3.0,12.0
1349.0,delete,3.8388137068884025,983.0,112.0,6.623481518236218,1.0,2.0,2.0,4.0,21.0
1350.0,add,7.693409401653558,984.0,137.0,7.684131749984075,0.0,1.0,4.0,3.0,13.0
1351.0,add,6.280921506801421,985.0,28.0,5.899424006446071,10.0,3.0,3.0,2.0,20.0
1352.0,add,5.469096073554152,986.0,63.0,5.895502780952134,6.0,4.0,5.0,5.0,19.0
1353.0,delete,5.07115969794301,987.0,91.0,6.225078237830776,4.0,4.0,4.0,4.0,19.0
1354.0,delete,7.2824673878907005,988.0,142.0,7.6279049191224315,0.0,2.0,5.0,5.0,12.0
1355.0,delete,7.693589521908777,989.0,144.0,7.700535103840378,0.0,1.0,5.0,4.0,12.0
1356.0,delete,7.658280799173938,990.0,128.0,7.4330558072086585,0.0,2.0,3.0,4.0,13.0
1357.0,delete,7.701793001283335,991.0,146.0,7.701793001283335,0.0,2.0,5.0,4.0,10.0
1358.0,add,7.739793192978427,991.0,146.0,7.701793001283335,0.0,2.0,5.0,4.0,11.0
1359.0,delete,7.724433963525801,991.0,146.0,7.701793001283335,0.0,2.0,4.0,4.0,10.0
1360.0,swap,7.701793001283336,991.0,146.0,7.701793001283335,0.0,2.0,5.0,4.0,10.0
1361.0,delete,5.12759340754069,992.0,113.0,6.714001095637682,1.0,2.0,2.0,4.0,20.0
1362.0,delete,5.46477349318451,993.0,64.0,5.916931625710358,6.0,5.0,4.0,5.0,18.0
1363.0,add,6.280921506801421,994.0,29.0,5.905265883919679,10.0,3.0,3.0,2.0,21.0
1364.0,delete,5.07115969794301,995.0,92.0,6.268909645191078,4.0,4.0,4.0,4.0,18.0
1365.0,add,7.70585468444673,996.0,138.0,7.671630547226412,0.0,1.0,5.0,3.0,13.0
1366.0,delete,7.640991278460218,997.0,143.0,7.6591954402098015,0.0,1.0,5.0,4.0,13.0
1367.0,delete,7.6998517881857405,998.0,145.0,7.713921232070847,0.0,2.0,4.0,4.0,11.0
1368.0,add,6.4450413254236505,999.0,129.0,7.47637171249402,0.0,3.0,3.0,4.0,13.0
1369.0,add,7.7403622018559775,1000.0,147.0,7.739793192978427,0.0,2.0,5.0,4.0,11.0
1370.0,delete,7.739793192978427,1000.0,147.0,7.739793192978427,0.0,2.0,5.0,4.0,10.0
1371.0,swap,7.516227951433307,1000.0,147.0,7.739793192978427,0.0,3.0,5.0,4.0,10.0
1372.0,delete,5.543149834089941,1001.0,114.0,6.78661114812864,1.0,2.0,2.0,4.0,19.0
1373.0,delete,5.4505883373764314,1002.0,65.0,5.940043164694509,5.0,4.0,4.0,5.0,19.0
1374.0,delete,6.280921506801421,1003.0,30.0,5.910804643406071,10.0,3.0,3.0,2.0,20.0
1375.0,delete,5.323262226087036,1004.0,93.0,6.3093826220470355,3.0,4.0,4.0,5.0,17.0
1376.0,add,7.746448027849682,1005.0,139.0,7.661011618242585,0.0,1.0,6.0,4.0,12.0
1377.0,delete,7.642062571618743,1006.0,144.0,7.696906017753434,0.0,2.0,5.0,4.0,11.0
1378.0,add,7.573378988940228,1007.0,146.0,7.6840441348115345,0.0,2.0,5.0,4.0,11.0
1379.0,delete,6.697632563579424,1008.0,130.0,7.520358168945024,0.0,2.0,3.0,5.0,12.0
1380.0,delete,7.755721799061445,1009.0,148.0,7.739793192978427,0.0,2.0,5.0,4.0,10.0
1381.0,add,7.6533194999443594,1009.0,148.0,7.739793192978427,0.0,3.0,5.0,4.0,10.0
1382.0,delete,7.701793001283335,1009.0,148.0,7.739793192978427,0.0,2.0,5.0,4.0,9.0
1383.0,swap,7.740353590821169,1009.0,148.0,7.739793192978427,0.0,2.0,5.0,4.0,10.0
1384.0,delete,6.1703405825078494,1010.0,115.0,6.8525970907581515,1.0,1.0,2.0,4.0,19.0
1385.0,add,5.331035639850899,1011.0,66.0,5.9682894247007034,5.0,5.0,4.0,5.0,19.0
1386.0,add,6.051824949760357,1012.0,31.0,5.920323957749915,10.0,4.0,2.0,2.0,21.0
1387.0,add,4.95604000411209,1013.0,94.0,6.358702529515265,2.0,4.0,4.0,5.0,19.0
1388.0,add,7.750598358242861,1014.0,140.0,7.664775625063449,0.0,2.0,5.0,5.0,12.0
1389.0,delete,7.694939619714283,1015.0,145.0,7.692172012489874,0.0,2.0,4.0,4.0,11.0
1390.0,delete,6.697632563579425,1016.0,131.0,7.568160197543959,0.0,2.0,3.0,4.0,12.0
1391.0,delete,7.7654769416548675,1017.0,147.0,7.718196216817748,0.0,2.0,4.0,4.0,11.0
1392.0,add,7.653319499944356,1018.0,149.0,7.6533194999443594,0.0,3.0,5.0,4.0,10.0
1393.0,add,7.65331949994436,1018.0,149.0,7.6533194999443594,0.0,3.0,5.0,5.0,10.0
1394.0,delete,7.739793192978427,1018.0,149.0,7.6533194999443594,0.0,2.0,5.0,4.0,10.0
1395.0,swap,7.653319499944357,1018.0,149.0,7.6533194999443594,0.0,3.0,5.0,4.0,10.0
1396.0,delete,6.158218856147208,1019.0,95.0,6.407053742876782,2.0,4.0,3.0,5.0,19.0
1397.0,delete,6.044832237890783,1020.0,32.0,5.931387177787358,10.0,3.0,2.0,3.0,20.0
1398.0,add,5.912587202645064,1021.0,67.0,5.99240247892949,5.0,5.0,4.0,5.0,20.0
1399.0,add,6.267845086161439,1022.0,116.0,6.901902169034067,1.0,2.0,2.0,4.0,19.0
1400.0,add,7.733483264653842,1023.0,141.0,7.6593263119423955,0.0,2.0,5.0,5.0,13.0
1401.0,delete,7.284932500898452,1024.0,132.0,7.620969932999151,0.0,2.0,3.0,3.0,12.0
1402.0,add,7.701793001283335,1025.0,146.0,7.687569432411647,0.0,2.0,5.0,4.0,11.0
1403.0,add,7.696499505808281,1026.0,148.0,7.670614238551172,0.0,2.0,6.0,4.0,10.0
1404.0,delete,7.701793001283335,1027.0,147.0,7.704791747669399,0.0,2.0,5.0,4.0,10.0
1405.0,add,6.223644963080927,1028.0,117.0,6.94942619255128,1.0,3.0,2.0,4.0,19.0
1406.0,add,7.649519153009944,1029.0,150.0,7.65331949994436,0.0,3.0,5.0,5.0,10.0
1407.0,add,7.437961516872324,1029.0,150.0,7.65331949994436,0.0,4.0,5.0,5.0,10.0
1408.0,delete,7.6533194999443594,1029.0,150.0,7.65331949994436,0.0,3.0,5.0,4.0,10.0
1409.0,swap,7.006518878501038,1029.0,150.0,7.65331949994436,0.0,3.0,6.0,5.0,9.0
1410.0,delete,6.383317556055953,1030.0,33.0,5.946415064220687,9.0,3.0,2.0,3.0,20.0
1411.0,add,5.912820392893492,1031.0,68.0,6.01649659199982,5.0,6.0,4.0,5.0,20.0
1412.0,add,5.652467905986149,1032.0,96.0,6.4544356254376885,2.0,4.0,5.0,5.0,18.0
1413.0,delete,7.316095773560068,1033.0,133.0,7.655271162754347,0.0,1.0,3.0,3.0,12.0
1414.0,delete,7.2659941530915795,1034.0,142.0,7.637860899376327,0.0,2.0,5.0,5.0,12.0
1415.0,add,7.674931901012726,1035.0,149.0,7.480127709654406,0.0,3.0,5.0,4.0,11.0
1416.0,delete,6.223644963080926,1036.0,118.0,6.988689848758002,1.0,3.0,2.0,3.0,19.0
1417.0,add,7.616704051487149,1037.0,148.0,7.588347422536776,0.0,3.0,5.0,4.0,10.0
1418.0,delete,7.693589521908777,1038.0,143.0,7.6480155218126535,0.0,1.0,5.0,4.0,13.0
1419.0,delete,5.962003354006858,1039.0,34.0,5.953798248032359,9.0,3.0,2.0,3.0,19.0
1420.0,delete,6.15163424823661,1040.0,97.0,6.483757859094528,2.0,4.0,3.0,5.0,19.0
1421.0,add,7.437961516872323,1041.0,151.0,7.437961516872324,0.0,4.0,5.0,5.0,10.0
1422.0,add,7.2090376493869615,1041.0,151.0,7.437961516872324,0.0,4.0,5.0,5.0,11.0
1423.0,delete,7.59654938570866,1041.0,151.0,7.437961516872324,0.0,4.0,4.0,5.0,10.0
1424.0,swap,7.437961516872326,1041.0,151.0,7.437961516872324,0.0,4.0,5.0,5.0,10.0
1425.0,add,5.9372798260775355,1042.0,69.0,6.03782552414344,5.0,6.0,4.0,6.0,20.0
1426.0,delete,7.858941226500187,1043.0,134.0,7.663214262672162,0.0,1.0,3.0,3.0,11.0
1427.0,delete,5.636583692675626,1044.0,119.0,7.045049155462601,1.0,3.0,2.0,4.0,17.0
1428.0,add,7.609206073364924,1045.0,150.0,7.423894317142519,0.0,3.0,5.0,5.0,11.0
1429.0,delete,7.635762194798607,1046.0,144.0,7.633752117642368,0.0,2.0,4.0,4.0,12.0
1430.0,delete,6.3008679985216585,1047.0,98.0,6.510202272804065,2.0,4.0,4.0,5.0,17.0
1431.0,add,6.062470163520783,1048.0,35.0,5.963887098041586,9.0,3.0,2.0,3.0,20.0
1432.0,add,7.275481118677527,1049.0,149.0,7.4878442355899955,0.0,3.0,5.0,4.0,11.0
1433.0,add,7.20973210812672,1050.0,152.0,7.2090376493869615,0.0,4.0,5.0,5.0,11.0
1434.0,delete,7.0498126948224735,1050.0,152.0,7.2090376493869615,0.0,4.0,5.0,5.0,10.0
1435.0,swap,7.459206759901246,1050.0,152.0,7.2090376493869615,0.0,4.0,4.0,6.0,11.0
1436.0,add,5.331255755848799,1051.0,70.0,6.058730545452597,5.0,6.0,4.0,5.0,22.0
1437.0,add,7.858941226500187,1052.0,135.0,7.653157372031453,0.0,1.0,3.0,2.0,13.0
1438.0,delete,7.431693208735727,1053.0,120.0,7.1038796164123585,1.0,1.0,2.0,4.0,18.0
1439.0,add,7.437961516872324,1054.0,151.0,7.23194730305935,0.0,4.0,5.0,5.0,11.0
1440.0,delete,7.700268760327995,1055.0,145.0,7.582372494329407,0.0,2.0,5.0,4.0,10.0
1441.0,delete,7.024112993183734,1056.0,99.0,6.538059025857295,2.0,3.0,3.0,5.0,18.0
1442.0,delete,7.049558386899082,1057.0,153.0,7.0498126948224735,0.0,4.0,5.0,5.0,10.0
1443.0,add,7.0493454279063466,1057.0,153.0,7.0498126948224735,0.0,4.0,5.0,6.0,10.0
1444.0,delete,6.639597775686259,1057.0,153.0,7.0498126948224735,0.0,4.0,5.0,5.0,9.0
1445.0,swap,6.445492943384923,1057.0,153.0,7.0498126948224735,0.0,4.0,6.0,5.0,9.0
1446.0,add,6.048650968824965,1058.0,36.0,5.977936857998304,9.0,3.0,3.0,3.0,20.0
1447.0,delete,5.358342430987125,1059.0,71.0,6.083254348562596,5.0,6.0,4.0,5.0,21.0
1448.0,add,7.8589412265001855,1060.0,136.0,7.607177117863166,0.0,1.0,3.0,3.0,13.0
1449.0,add,7.65331949994436,1061.0,150.0,7.2192418051912055,0.0,3.0,5.0,6.0,10.0
1450.0,add,6.1768591968882625,1062.0,121.0,7.154374057972567,1.0,2.0,3.0,4.0,17.0
1451.0,delete,7.209668199727228,1063.0,152.0,6.846761445739817,0.0,4.0,4.0,5.0,11.0
1452.0,add,7.659192575553796,1064.0,146.0,7.475253977874852,0.0,3.0,5.0,4.0,10.0
1453.0,add,6.2967932607421675,1065.0,100.0,6.5491953323983365,2.0,4.0,3.0,5.0,18.0
1454.0,add,7.0494121375037135,1066.0,154.0,7.0493454279063466,0.0,4.0,5.0,6.0,10.0
1455.0,delete,7.0498126948224735,1066.0,154.0,7.0493454279063466,0.0,4.0,5.0,5.0,10.0
1456.0,swap,7.302172783190621,1066.0,154.0,7.0493454279063466,0.0,4.0,5.0,7.0,9.0
1457.0,add,5.999241261364411,1067.0,37.0,5.986559886888504,9.0,5.0,3.0,3.0,19.0
1458.0,delete,5.358649710491017,1068.0,72.0,6.107186137734335,5.0,6.0,4.0,4.0,21.0
1459.0,add,7.451390098815087,1069.0,137.0,7.581884584101779,0.0,1.0,4.0,3.0,13.0
1460.0,add,7.392948251391131,1070.0,151.0,7.089293159863875,0.0,4.0,5.0,5.0,11.0
1461.0,add,6.861129320353989,1071.0,153.0,7.112685760855789,0.0,4.0,5.0,5.0,11.0
1462.0,add,5.0558176439691564,1072.0,122.0,7.203786167301275,1.0,3.0,2.0,4.0,18.0
1463.0,delete,7.739793192978427,1073.0,147.0,7.408174999689486,0.0,2.0,5.0,4.0,10.0
1464.0,delete,6.982727777957327,1074.0,101.0,6.55917917777457,2.0,3.0,3.0,5.0,18.0
1465.0,delete,7.038240821698501,1075.0,155.0,7.0498126948224735,0.0,4.0,5.0,5.0,10.0
1466.0,add,6.794707710325281,1075.0,155.0,7.0498126948224735,0.0,4.0,5.0,5.0,11.0
1467.0,delete,7.049812694822475,1075.0,155.0,7.0498126948224735,0.0,4.0,5.0,4.0,10.0
1468.0,swap,7.0498126948224735,1075.0,155.0,7.0498126948224735,0.0,4.0,5.0,4.0,11.0
1469.0,add,5.948970283463849,1076.0,38.0,5.995074656787519,9.0,5.0,3.0,4.0,19.0
1470.0,delete,5.374076072872092,1077.0,73.0,6.12973533521229,5.0,5.0,4.0,4.0,21.0
1471.0,add,7.750210282184868,1078.0,138.0,7.541459249815542,0.0,1.0,5.0,3.0,13.0
1472.0,delete,7.204546974186656,1079.0,152.0,6.974184020426131,0.0,4.0,4.0,5.0,11.0
1473.0,delete,7.576556204040904,1080.0,123.0,7.261304200373503,1.0,2.0,3.0,4.0,17.0
1474.0,delete,6.602435717182951,1081.0,154.0,6.996477323298241,0.0,4.0,5.0,6.0,9.0
1475.0,delete,6.482791262577239,1082.0,102.0,6.568305021134614,1.0,4.0,3.0,5.0,17.0
1476.0,add,7.739793192978428,1083.0,148.0,7.288550001893479,0.0,2.0,5.0,4.0,11.0
1477.0,delete,5.37407607287209,1084.0,74.0,6.150476438104048,5.0,6.0,4.0,4.0,19.0
1478.0,delete,6.05195912158947,1085.0,39.0,6.000713500104383,9.0,4.0,3.0,3.0,20.0
1479.0,add,6.790746715854818,1086.0,156.0,6.794707710325281,0.0,4.0,5.0,5.0,11.0
1480.0,add,6.646212202406981,1086.0,156.0,6.794707710325281,0.0,4.0,5.0,5.0,12.0
1481.0,delete,6.703170565415648,1086.0,156.0,6.794707710325281,0.0,3.0,5.0,5.0,11.0
1482.0,swap,7.266891979621945,1086.0,156.0,6.794707710325281,0.0,4.0,5.0,5.0,11.0
1483.0,add,7.75021028218487,1087.0,139.0,7.490619333577382,0.0,1.0,5.0,5.0,12.0
1484.0,delete,6.382064358857742,1088.0,124.0,7.298116146696976,0.0,3.0,3.0,4.0,16.0
1485.0,add,7.176468750158198,1089.0,153.0,6.9467073904234455,0.0,5.0,5.0,5.0,10.0
1486.0,delete,6.764357126025861,1090.0,103.0,6.5754400475496535,1.0,4.0,2.0,5.0,17.0
1487.0,add,7.0498126948224735,1091.0,155.0,6.840345834724934,0.0,4.0,5.0,6.0,10.0
1488.0,delete,5.373731033451376,1092.0,75.0,6.170715689716026,4.0,6.0,4.0,4.0,19.0
1489.0,add,7.46670297928968,1093.0,149.0,7.176251223897917,0.0,3.0,5.0,4.0,11.0
1490.0,add,6.050775596896242,1094.0,40.0,6.0097538256412175,9.0,4.0,3.0,4.0,20.0
1491.0,delete,7.049345427906349,1095.0,154.0,6.912877862890547,0.0,4.0,5.0,5.0,10.0
1492.0,add,6.601249558078506,1096.0,157.0,6.646212202406981,0.0,4.0,5.0,5.0,12.0
1493.0,delete,6.395583379721305,1096.0,157.0,6.646212202406981,0.0,3.0,5.0,5.0,12.0
1494.0,swap,6.679926500236137,1096.0,157.0,6.646212202406981,0.0,5.0,4.0,5.0,12.0
1495.0,delete,6.632623627789917,1097.0,125.0,7.315451414033072,0.0,3.0,3.0,4.0,15.0
1496.0,add,7.641578900100128,1098.0,140.0,7.439213177533543,0.0,2.0,5.0,4.0,13.0
1497.0,delete,6.570247849695247,1099.0,104.0,6.586728109041287,1.0,3.0,3.0,5.0,16.0
1498.0,add,6.633564678122294,1100.0,156.0,6.580742910110732,0.0,4.0,5.0,5.0,12.0
1499.0,delete,5.4321934326846115,1101.0,76.0,6.18928412960196,4.0,5.0,4.0,4.0,19.0
1500.0,delete,6.395583379721305,1102.0,158.0,6.395583379721305,0.0,3.0,5.0,5.0,12.0
1501.0,delete,7.063455414683083,1102.0,158.0,6.395583379721305,0.0,3.0,5.0,5.0,11.0
1502.0,swap,6.385911911105323,1102.0,158.0,6.395583379721305,0.0,3.0,5.0,5.0,12.0
1503.0,delete,6.034248142502264,1103.0,41.0,6.016586507656757,9.0,3.0,3.0,4.0,20.0
1504.0,add,7.654472496728523,1104.0,150.0,7.028422632451294,0.0,3.0,5.0,6.0,10.0
1505.0,add,6.323377977117501,1105.0,155.0,6.723601283855007,0.0,4.0,6.0,5.0,10.0
1506.0,delete,5.919097517394748,1106.0,126.0,7.3367528583316295,0.0,3.0,2.0,4.0,15.0
1507.0,delete,7.15394267848333,1107.0,157.0,6.560133521307755,0.0,4.0,5.0,5.0,11.0
1508.0,delete,6.573231033576737,1108.0,105.0,6.599905489497397,1.0,3.0,3.0,4.0,16.0
1509.0,add,7.75059835824286,1109.0,141.0,7.375306995167814,0.0,2.0,5.0,6.0,12.0
1510.0,delete,5.479179523637904,1110.0,77.0,6.209133136214408,4.0,4.0,4.0,3.0,20.0
1511.0,delete,7.056603630979135,1111.0,159.0,7.063455414683083,0.0,3.0,5.0,5.0,11.0
1512.0,delete,7.063455414683082,1111.0,159.0,7.063455414683083,0.0,3.0,5.0,4.0,11.0
1513.0,swap,7.261158200162982,1111.0,159.0,7.063455414683083,0.0,3.0,6.0,5.0,10.0
1514.0,delete,5.854665567799692,1112.0,42.0,6.025247096762133,8.0,4.0,3.0,4.0,19.0
1515.0,add,7.582682641073669,1113.0,151.0,6.946272658057355,0.0,4.0,6.0,5.0,10.0
1516.0,add,6.794707710325281,1114.0,156.0,6.778053912365288,0.0,4.0,5.0,5.0,12.0
1517.0,delete,6.014333565020903,1115.0,127.0,7.365580593882158,0.0,3.0,3.0,4.0,13.0
1518.0,delete,5.729598022450002,1116.0,158.0,7.11116816512707,0.0,3.0,5.0,5.0,11.0
1519.0,delete,6.2462186989623625,1117.0,106.0,6.6125583024355645,1.0,3.0,2.0,3.0,17.0
1520.0,add,6.049763509895129,1118.0,1.0,6.075468554362617,10.0,0.0,1.0,0.0,0.0
1521.0,delete,7.635762194798606,1119.0,142.0,7.329468005897497,0.0,2.0,4.0,5.0,13.0
1522.0,delete,5.633556249320786,1120.0,78.0,6.226719576514609,4.0,4.0,4.0,4.0,18.0
1523.0,delete,7.051006314719593,1121.0,160.0,7.063455414683082,0.0,3.0,5.0,4.0,11.0
1524.0,delete,7.05801775850571,1121.0,160.0,7.063455414683082,0.0,3.0,5.0,3.0,11.0
1525.0,swap,7.203224258369524,1121.0,160.0,7.063455414683082,0.0,3.0,5.0,4.0,11.0
1526.0,add,5.876225382938035,1122.0,43.0,6.033634551364865,8.0,4.0,3.0,3.0,21.0
1527.0,delete,7.214490828080201,1123.0,152.0,6.874464352524649,0.0,4.0,4.0,5.0,11.0
1528.0,delete,6.646212202406981,1124.0,157.0,6.818128363632032,0.0,4.0,5.0,5.0,11.0
1529.0,delete,7.332520007341699,1125.0,128.0,7.369308588863917,0.0,2.0,2.0,4.0,14.0
1530.0,delete,7.051332616094983,1126.0,159.0,7.093925936569477,0.0,3.0,4.0,5.0,11.0
1531.0,delete,7.640538330663403,1127.0,143.0,7.301518020108022,0.0,2.0,5.0,4.0,12.0
1532.0,add,5.808421654950915,1128.0,2.0,6.083764951230369,10.0,0.0,0.0,0.0,2.0
1533.0,add,5.393119639179346,1129.0,107.0,6.634427106351174,1.0,2.0,2.0,4.0,18.0
1534.0,delete,5.364009862862311,1130.0,79.0,6.244582048369521,4.0,2.0,4.0,4.0,19.0
1535.0,delete,7.11070446143902,1131.0,161.0,7.05801775850571,0.0,3.0,5.0,3.0,11.0
1536.0,delete,7.0580177585057084,1131.0,161.0,7.05801775850571,0.0,3.0,5.0,2.0,11.0
1537.0,swap,5.791055126842971,1131.0,161.0,7.05801775850571,0.0,4.0,5.0,3.0,10.0
1538.0,delete,5.875617475342026,1132.0,44.0,6.040611328084566,7.0,4.0,3.0,3.0,21.0
1539.0,add,7.0498126948224735,1133.0,153.0,6.847108186963309,0.0,4.0,5.0,5.0,11.0
1540.0,delete,5.685973775327246,1134.0,158.0,6.874802414786316,0.0,3.0,5.0,5.0,11.0
1541.0,delete,7.063455414683082,1135.0,160.0,6.754448776323352,0.0,3.0,5.0,4.0,10.0
1542.0,add,6.697632563579424,1136.0,129.0,7.356674573948723,0.0,2.0,3.0,4.0,14.0
1543.0,delete,7.640538330663402,1137.0,144.0,7.244836067214543,0.0,2.0,5.0,3.0,12.0
1544.0,delete,7.058017758505713,1138.0,162.0,7.0580177585057084,0.0,3.0,5.0,2.0,11.0
1545.0,delete,7.1170515421929474,1138.0,162.0,7.0580177585057084,0.0,3.0,4.0,2.0,11.0
1546.0,swap,5.769406683893374,1138.0,162.0,7.0580177585057084,0.0,3.0,5.0,2.0,11.0
1547.0,add,6.174306713666101,1139.0,3.0,6.088765155224014,10.0,0.0,2.0,0.0,1.0
1548.0,delete,5.287479350607156,1140.0,80.0,6.2623063487310695,4.0,3.0,4.0,4.0,17.0
1549.0,delete,5.865029025317794,1141.0,45.0,6.047181092970192,8.0,4.0,2.0,3.0,20.0
1550.0,add,5.336410103524939,1142.0,108.0,6.649789824945654,1.0,2.0,2.0,4.0,19.0
1551.0,delete,7.301120364428144,1143.0,154.0,6.776733231975858,0.0,4.0,5.0,6.0,9.0
1552.0,delete,7.063455414683083,1144.0,159.0,6.86622875903631,0.0,3.0,5.0,5.0,10.0
1553.0,delete,7.117051542192946,1145.0,161.0,6.750623435774436,0.0,3.0,4.0,3.0,11.0
1554.0,delete,7.351638199008842,1146.0,130.0,7.362048153081721,0.0,2.0,3.0,5.0,12.0
1555.0,delete,7.598103853985778,1147.0,145.0,7.199290396660541,0.0,2.0,4.0,4.0,11.0
1556.0,delete,7.116865088418097,1148.0,163.0,7.1170515421929474,0.0,3.0,4.0,2.0,11.0
1557.0,add,7.11652555399612,1148.0,163.0,7.1170515421929474,0.0,4.0,4.0,2.0,11.0
1558.0,delete,7.1271236154806425,1148.0,163.0,7.1170515421929474,0.0,3.0,3.0,2.0,11.0
1559.0,swap,7.066408367378429,1148.0,163.0,7.1170515421929474,0.0,4.0,4.0,2.0,10.0
1560.0,add,6.089415951483516,1149.0,4.0,6.094415972241448,10.0,0.0,1.0,1.0,2.0
1561.0,delete,5.893706406002675,1150.0,46.0,6.058245181422064,7.0,4.0,2.0,3.0,20.0
1562.0,delete,5.47933856295796,1151.0,81.0,6.284648986992769,4.0,2.0,4.0,3.0,18.0
1563.0,add,5.306323109063047,1152.0,109.0,6.703502686176473,1.0,2.0,2.0,4.0,20.0
1564.0,add,6.880895989631096,1153.0,155.0,6.79642475840904,0.0,4.0,5.0,5.0,11.0
1565.0,delete,5.7682901160258,1154.0,160.0,6.889976974771906,0.0,3.0,5.0,4.0,10.0
1566.0,delete,6.968982962074841,1155.0,131.0,7.364644700134806,0.0,1.0,3.0,4.0,13.0
1567.0,delete,6.920222206594984,1156.0,162.0,7.1087948334932465,0.0,3.0,5.0,2.0,10.0
1568.0,add,7.655930176582471,1157.0,146.0,7.141167433934281,0.0,2.0,6.0,4.0,10.0
1569.0,delete,5.479348415011466,1158.0,82.0,6.298937115296287,4.0,3.0,4.0,2.0,17.0
1570.0,add,7.10759447524077,1159.0,164.0,7.11652555399612,0.0,4.0,4.0,2.0,11.0
1571.0,add,6.645323111512328,1159.0,164.0,7.11652555399612,0.0,4.0,4.0,2.0,12.0
1572.0,delete,7.11652555399612,1159.0,164.0,7.11652555399612,0.0,4.0,4.0,1.0,11.0
1573.0,swap,7.06096653792687,1159.0,164.0,7.11652555399612,0.0,4.0,5.0,2.0,10.0
1574.0,add,5.839906452547887,1160.0,5.0,6.0986070171375575,10.0,0.0,2.0,1.0,2.0
1575.0,delete,5.898512779957069,1161.0,47.0,6.065444510793729,8.0,4.0,2.0,3.0,18.0
1576.0,add,4.52689792836268,1162.0,110.0,6.754499827540145,1.0,3.0,2.0,4.0,20.0
1577.0,add,6.795077786939464,1163.0,156.0,6.788481536822867,0.0,4.0,5.0,6.0,11.0
1578.0,delete,6.697632563579422,1164.0,132.0,7.373018010426968,0.0,2.0,3.0,3.0,12.0
1579.0,delete,7.277868297691908,1165.0,161.0,6.9569356997025045,0.0,3.0,5.0,3.0,10.0
1580.0,delete,7.739793192978427,1166.0,147.0,7.102663589338813,0.0,2.0,5.0,4.0,10.0
1581.0,delete,5.364591383469102,1167.0,83.0,6.31639288502421,4.0,2.0,4.0,2.0,17.0
1582.0,add,6.863528021887931,1168.0,163.0,7.009387046534442,0.0,3.0,4.0,2.0,12.0
1583.0,delete,5.769406683893374,1169.0,162.0,7.023466734056839,0.0,3.0,5.0,2.0,10.0
1584.0,add,6.334144536138427,1170.0,6.0,6.101067300563205,10.0,2.0,2.0,1.0,1.0
1585.0,add,6.645323111512327,1171.0,165.0,6.645323111512328,0.0,4.0,4.0,2.0,12.0
1586.0,add,6.530149689469375,1171.0,165.0,6.645323111512328,0.0,4.0,4.0,2.0,13.0
1587.0,delete,6.632492240852008,1171.0,165.0,6.645323111512328,0.0,3.0,4.0,2.0,12.0
1588.0,swap,6.350672147860008,1171.0,165.0,6.645323111512328,0.0,3.0,5.0,2.0,12.0
1589.0,add,5.8811798349397275,1172.0,48.0,6.071591750159476,8.0,4.0,2.0,3.0,19.0
1590.0,add,5.066570401221439,1173.0,111.0,6.798860778712787,1.0,3.0,2.0,4.0,21.0
1591.0,delete,7.286820246846425,1174.0,133.0,7.36119417282651,0.0,1.0,3.0,3.0,12.0
1592.0,delete,6.2705465030271785,1175.0,157.0,6.767428280002185,0.0,3.0,5.0,5.0,12.0
1593.0,add,7.545719825052628,1176.0,148.0,7.013618429323529,0.0,2.0,5.0,4.0,11.0
1594.0,add,5.169251992860107,1177.0,84.0,6.334200591819633,4.0,2.0,5.0,3.0,16.0
1595.0,add,6.830748427507066,1178.0,164.0,6.5607920602412095,0.0,4.0,4.0,2.0,12.0
1596.0,add,7.066229498131687,1179.0,163.0,6.809077170160084,0.0,3.0,5.0,2.0,11.0
1597.0,add,6.304045387932162,1180.0,7.0,6.102312869754867,10.0,1.0,3.0,2.0,1.0
1598.0,delete,5.953385546628921,1181.0,112.0,6.837532031561065,1.0,2.0,2.0,4.0,21.0
1599.0,add,5.898512779957069,1182.0,49.0,6.076012771503933,8.0,4.0,2.0,3.0,20.0
1600.0,add,6.530274009095285,1183.0,166.0,6.530149689469375,0.0,4.0,4.0,2.0,13.0
1601.0,add,6.530149689469375,1183.0,166.0,6.530149689469375,0.0,4.0,4.0,3.0,13.0
1602.0,delete,6.530149689469372,1183.0,166.0,6.530149689469375,0.0,4.0,4.0,1.0,13.0
1603.0,swap,6.998372274113875,1183.0,166.0,6.530149689469375,0.0,4.0,4.0,2.0,13.0
1604.0,delete,7.87340788395837,1184.0,134.0,7.341919812132152,0.0,1.0,3.0,3.0,11.0
1605.0,delete,6.501050667524028,1185.0,158.0,6.785077369439001,0.0,2.0,5.0,5.0,12.0
1606.0,add,7.572582656961856,1186.0,149.0,6.9472873098355405,0.0,3.0,5.0,4.0,11.0
1607.0,add,4.988483197750459,1187.0,85.0,6.36030854303776,4.0,4.0,4.0,3.0,16.0
1608.0,add,6.747551539969303,1188.0,165.0,6.6238190703234565,0.0,4.0,5.0,2.0,12.0
1609.0,delete,6.3011646506407075,1189.0,113.0,6.879325605787346,1.0,2.0,2.0,4.0,20.0
1610.0,add,6.3383353770105995,1190.0,8.0,6.103730311301268,10.0,1.0,2.0,2.0,3.0
1611.0,add,7.122900222638939,1191.0,164.0,6.633745993711849,0.0,4.0,4.0,2.0,12.0
1612.0,add,5.694624257782506,1192.0,50.0,6.085007951278642,8.0,4.0,3.0,4.0,19.0
1613.0,delete,7.122715991136636,1193.0,159.0,6.82171569834471,0.0,3.0,4.0,5.0,11.0
1614.0,add,6.529663212008067,1194.0,167.0,6.530149689469375,0.0,4.0,4.0,3.0,13.0
1615.0,add,6.315252528487778,1194.0,167.0,6.530149689469375,0.0,5.0,4.0,3.0,13.0
1616.0,delete,7.2166857909423685,1194.0,167.0,6.530149689469375,0.0,4.0,3.0,3.0,13.0
1617.0,swap,6.530149689469375,1194.0,167.0,6.530149689469375,0.0,4.0,4.0,4.0,12.0
1618.0,add,7.56025336273958,1195.0,135.0,7.312009026056154,0.0,1.0,3.0,2.0,13.0
1619.0,add,7.518855112213097,1196.0,150.0,6.900278740661743,0.0,3.0,5.0,5.0,11.0
1620.0,add,5.064353504134009,1197.0,86.0,6.387187806322552,4.0,4.0,4.0,3.0,17.0
1621.0,delete,5.543149834089941,1198.0,114.0,6.914909655195383,1.0,2.0,2.0,4.0,19.0
1622.0,add,7.040362982330558,1199.0,166.0,6.624380182075393,0.0,4.0,4.0,2.0,14.0
1623.0,add,6.343586680306475,1200.0,9.0,6.106616488076761,10.0,1.0,2.0,3.0,3.0
1624.0,delete,6.998903227829144,1201.0,160.0,6.775552626157221,0.0,3.0,4.0,4.0,11.0
1625.0,add,5.785467491702917,1202.0,51.0,6.093450685071391,8.0,5.0,2.0,4.0,20.0
1626.0,add,6.645323111512327,1203.0,165.0,6.681705554074975,0.0,4.0,4.0,3.0,12.0
1627.0,add,6.322931894593602,1204.0,168.0,6.315252528487778,0.0,5.0,4.0,3.0,13.0
1628.0,add,6.315252528487778,1204.0,168.0,6.315252528487778,0.0,5.0,4.0,3.0,14.0
1629.0,delete,6.292866810308937,1204.0,168.0,6.315252528487778,0.0,4.0,4.0,3.0,13.0
1630.0,swap,6.322435008795378,1204.0,168.0,6.315252528487778,0.0,6.0,4.0,3.0,12.0
1631.0,add,7.675547280665769,1205.0,136.0,7.270011980374719,0.0,2.0,3.0,3.0,12.0
1632.0,delete,6.31717558890556,1206.0,115.0,6.936958824829146,1.0,2.0,2.0,4.0,18.0
1633.0,add,5.069978203117326,1207.0,87.0,6.40961940799562,4.0,4.0,4.0,3.0,18.0
1634.0,add,7.335842556548594,1208.0,151.0,6.832736030441099,0.0,4.0,5.0,5.0,11.0
1635.0,delete,5.769406683893376,1209.0,161.0,6.752662535803411,0.0,3.0,5.0,3.0,10.0
1636.0,add,6.33642318492921,1210.0,10.0,6.10739137679369,10.0,1.0,2.0,2.0,5.0
1637.0,add,5.573794908319892,1211.0,167.0,6.3137477541346945,0.0,4.0,5.0,3.0,13.0
1638.0,add,5.837004562856482,1212.0,52.0,6.097357598861857,8.0,5.0,3.0,4.0,20.0
1639.0,add,6.63291467845845,1213.0,166.0,6.453595003928465,0.0,4.0,4.0,2.0,14.0
1640.0,add,6.315252528487776,1214.0,169.0,6.315252528487778,0.0,5.0,4.0,3.0,14.0
1641.0,add,6.315252528487778,1214.0,169.0,6.315252528487778,0.0,5.0,4.0,3.0,15.0
1642.0,delete,5.1117415841489775,1214.0,169.0,6.315252528487778,0.0,5.0,4.0,3.0,13.0
1643.0,swap,6.3152525284877745,1214.0,169.0,6.315252528487778,0.0,5.0,4.0,3.0,14.0
1644.0,add,7.700755354647722,1215.0,137.0,7.211947110872717,0.0,1.0,5.0,3.0,12.0
1645.0,add,6.347802447271267,1216.0,116.0,6.939479627828746,1.0,2.0,2.0,4.0,19.0
1646.0,add,5.567078739296877,1217.0,88.0,6.425518470030384,4.0,4.0,4.0,4.0,18.0
1647.0,delete,7.209037649386962,1218.0,152.0,6.74447690891771,0.0,4.0,5.0,4.0,11.0
1648.0,delete,7.229904878639687,1219.0,162.0,6.633442140298349,0.0,2.0,5.0,2.0,11.0
1649.0,add,6.342840600669526,1220.0,11.0,6.108049085449231,10.0,1.0,2.0,3.0,5.0
1650.0,add,6.7402320646455305,1221.0,168.0,6.074550339620017,0.0,5.0,5.0,3.0,13.0
1651.0,add,6.118565067443677,1222.0,53.0,6.101669469623331,8.0,5.0,3.0,4.0,21.0
1652.0,add,6.731704655660658,1223.0,167.0,6.176387719386472,0.0,5.0,4.0,3.0,13.0
1653.0,add,6.315252528487778,1224.0,170.0,6.315252528487778,0.0,5.0,4.0,3.0,15.0
1654.0,delete,6.3135755693439535,1224.0,170.0,6.315252528487778,0.0,5.0,3.0,3.0,15.0
1655.0,swap,6.606460740896628,1224.0,170.0,6.315252528487778,0.0,4.0,5.0,3.0,15.0
1656.0,add,7.670235072126097,1225.0,138.0,7.178877186407579,0.0,2.0,5.0,3.0,12.0
1657.0,add,7.025805567517131,1226.0,153.0,6.72357925738639,0.0,4.0,5.0,5.0,11.0
1658.0,add,5.729254232806232,1227.0,117.0,6.957088525773266,1.0,3.0,2.0,4.0,19.0
1659.0,add,5.126282670567905,1228.0,89.0,6.4503787958926155,4.0,4.0,4.0,4.0,19.0
1660.0,add,7.1170515421929474,1229.0,163.0,6.587893170948976,0.0,3.0,4.0,2.0,12.0
1661.0,add,6.315252528487778,1230.0,169.0,6.387635341804035,0.0,5.0,4.0,3.0,15.0
1662.0,add,6.667175545604084,1231.0,12.0,6.109555669699538,10.0,1.0,3.0,2.0,6.0
1663.0,delete,6.313575569343951,1232.0,171.0,6.3135755693439535,0.0,5.0,3.0,3.0,15.0
1664.0,add,6.49265407783774,1232.0,171.0,6.3135755693439535,0.0,6.0,3.0,3.0,15.0
1665.0,delete,6.947927659427426,1232.0,171.0,6.3135755693439535,0.0,5.0,3.0,3.0,14.0
1666.0,swap,6.19993726985426,1232.0,171.0,6.3135755693439535,0.0,6.0,3.0,3.0,14.0
1667.0,add,6.0047740002003165,1233.0,54.0,6.10679190669229,8.0,5.0,4.0,4.0,21.0
1668.0,add,7.750210282184868,1234.0,139.0,7.140279057639875,0.0,1.0,5.0,4.0,13.0
1669.0,delete,6.640124373511346,1235.0,154.0,6.693168056731575,0.0,4.0,5.0,6.0,9.0
1670.0,delete,6.223644963080928,1236.0,118.0,6.967142393182953,1.0,3.0,2.0,3.0,19.0
1671.0,add,6.775160221317941,1237.0,168.0,6.329829979030365,0.0,5.0,4.0,3.0,14.0
1672.0,add,5.119998346042572,1238.0,90.0,6.474361647472489,4.0,4.0,4.0,5.0,19.0
1673.0,add,7.25750692601754,1239.0,164.0,6.503614650053839,0.0,4.0,4.0,2.0,12.0
1674.0,delete,6.913868916376841,1240.0,170.0,6.453534029161466,0.0,5.0,4.0,3.0,14.0
1675.0,add,6.33642318492921,1241.0,13.0,6.111446684412709,10.0,2.0,2.0,2.0,7.0
1676.0,add,6.498325377480001,1242.0,172.0,6.49265407783774,0.0,6.0,3.0,3.0,15.0
1677.0,add,6.49265407783774,1242.0,172.0,6.49265407783774,0.0,6.0,3.0,4.0,15.0
1678.0,delete,7.079296629102466,1242.0,172.0,6.49265407783774,0.0,6.0,3.0,3.0,14.0
1679.0,swap,5.884077698475998,1242.0,172.0,6.49265407783774,0.0,6.0,2.0,3.0,16.0
1680.0,add,5.541201601288166,1243.0,55.0,6.114425264736645,8.0,5.0,5.0,4.0,21.0
1681.0,add,7.7042547845083655,1244.0,140.0,7.103666437785227,0.0,2.0,5.0,4.0,13.0
1682.0,delete,5.250671674455807,1245.0,119.0,6.986459559681894,1.0,3.0,2.0,4.0,17.0
1683.0,add,7.046946257797447,1246.0,155.0,6.671210306054372,0.0,4.0,5.0,6.0,10.0
1684.0,delete,5.06541484509967,1247.0,91.0,6.496348296093234,4.0,4.0,3.0,5.0,19.0
1685.0,add,6.315593327252085,1248.0,169.0,6.477722226531453,0.0,5.0,5.0,3.0,14.0
1686.0,add,7.11652555399612,1249.0,165.0,6.476854567095954,0.0,4.0,4.0,2.0,13.0
1687.0,add,6.3135755693439535,1250.0,171.0,6.4894015721467895,0.0,5.0,3.0,3.0,16.0
1688.0,add,6.43995764854431,1251.0,14.0,6.111788161911628,10.0,1.0,3.0,2.0,8.0
1689.0,delete,5.780158172540512,1252.0,56.0,6.120301363536742,8.0,5.0,4.0,4.0,21.0
1690.0,delete,7.320867468812919,1253.0,170.0,6.495406219493121,0.0,5.0,3.0,3.0,15.0
1691.0,add,6.4926540778377415,1254.0,173.0,6.49265407783774,0.0,6.0,3.0,4.0,15.0
1692.0,delete,7.079296629102467,1254.0,173.0,6.49265407783774,0.0,6.0,3.0,4.0,14.0
1693.0,swap,7.020713556309123,1254.0,173.0,6.49265407783774,0.0,6.0,3.0,4.0,15.0
1694.0,delete,6.0943056190468505,1255.0,120.0,7.010788224350681,1.0,2.0,2.0,4.0,17.0
1695.0,add,7.637671786621797,1256.0,141.0,7.070809946636788,0.0,2.0,5.0,5.0,13.0
1696.0,delete,5.06541484509967,1257.0,92.0,6.519051557443909,4.0,4.0,3.0,5.0,18.0
1697.0,add,6.6843837121286285,1258.0,156.0,6.669736017327566,0.0,4.0,5.0,5.0,12.0
1698.0,add,6.688464359623429,1259.0,172.0,6.771329585271768,0.0,6.0,3.0,3.0,16.0
1699.0,add,6.530149689469375,1260.0,166.0,6.50079690933698,0.0,4.0,4.0,2.0,14.0
1700.0,delete,5.780158172540512,1261.0,57.0,6.130226196995679,8.0,5.0,4.0,4.0,20.0
1701.0,add,6.33642318492921,1262.0,15.0,6.11370205234008,10.0,1.0,2.0,2.0,10.0
1702.0,delete,7.079227337444189,1263.0,174.0,7.079296629102467,0.0,6.0,3.0,4.0,14.0
1703.0,add,7.079296629102467,1263.0,174.0,7.079296629102467,0.0,6.0,3.0,4.0,15.0
1704.0,delete,6.49265407783774,1263.0,174.0,7.079296629102467,0.0,6.0,3.0,4.0,13.0
1705.0,swap,6.955421722830231,1263.0,174.0,7.079296629102467,0.0,7.0,3.0,4.0,13.0
1706.0,delete,7.700268760327992,1264.0,142.0,7.041020256613286,0.0,2.0,5.0,5.0,12.0
1707.0,add,6.39943256333294,1265.0,121.0,7.032129623391426,1.0,2.0,2.0,4.0,18.0
1708.0,delete,4.799005732134092,1266.0,93.0,6.540988767187701,3.0,4.0,4.0,5.0,17.0
1709.0,delete,6.694412719542733,1267.0,157.0,6.676348521055006,0.0,4.0,4.0,5.0,12.0
1710.0,add,5.233201623791897,1268.0,171.0,6.689165130011808,0.0,5.0,3.0,3.0,16.0
1711.0,delete,6.646159072571451,1269.0,173.0,6.93717927926342,0.0,6.0,2.0,4.0,15.0
1712.0,delete,5.89031407157861,1270.0,58.0,6.138301472686464,6.0,5.0,4.0,4.0,21.0
1713.0,add,6.530149689469375,1271.0,167.0,6.4753106124369735,0.0,4.0,4.0,4.0,13.0
1714.0,add,6.33642318492921,1272.0,16.0,6.11528533301257,10.0,1.0,2.0,2.0,11.0
1715.0,add,7.079296629102467,1273.0,175.0,7.079296629102467,0.0,6.0,3.0,4.0,15.0
1716.0,delete,7.089928786919474,1273.0,175.0,7.079296629102467,0.0,5.0,3.0,4.0,15.0
1717.0,swap,6.616016652966808,1273.0,175.0,7.079296629102467,0.0,5.0,3.0,4.0,16.0
1718.0,delete,7.604592537103091,1274.0,143.0,7.009291049407991,0.0,2.0,5.0,4.0,12.0
1719.0,delete,6.18913853912513,1275.0,158.0,6.675828642627123,0.0,3.0,5.0,5.0,11.0
1720.0,add,5.798352761538671,1276.0,122.0,7.047662708349925,1.0,3.0,2.0,4.0,18.0
1721.0,add,4.89229766404224,1277.0,94.0,6.560562069768298,2.0,4.0,4.0,5.0,19.0
1722.0,add,6.49265407783774,1278.0,172.0,6.831675662268102,0.0,6.0,3.0,4.0,15.0
1723.0,add,7.129634909803892,1279.0,174.0,6.966134674522804,0.0,6.0,3.0,4.0,15.0
1724.0,delete,5.761794624285093,1280.0,59.0,6.146054668325241,7.0,4.0,4.0,4.0,20.0
1725.0,delete,7.172977030863613,1281.0,176.0,7.089928786919474,0.0,5.0,3.0,4.0,15.0
1726.0,delete,7.090038092472744,1281.0,176.0,7.089928786919474,0.0,4.0,3.0,4.0,15.0
1727.0,swap,7.089928786919473,1281.0,176.0,7.089928786919474,0.0,5.0,3.0,5.0,14.0
1728.0,add,6.33642318492921,1282.0,17.0,6.117492041798894,10.0,2.0,2.0,2.0,11.0
1729.0,delete,7.640991278460218,1283.0,144.0,6.985891730384682,0.0,1.0,5.0,4.0,12.0
1730.0,add,6.299996513392546,1284.0,168.0,6.603380562091756,0.0,6.0,4.0,3.0,13.0
1731.0,delete,6.917715257432808,1285.0,159.0,6.695214816158137,0.0,3.0,5.0,5.0,10.0
1732.0,delete,6.2061327629803555,1286.0,123.0,7.07936716893428,1.0,3.0,2.0,4.0,17.0
1733.0,delete,5.480476005582491,1287.0,95.0,6.584120146451897,2.0,4.0,4.0,5.0,18.0
1734.0,delete,6.491475551944331,1288.0,173.0,6.969221258302848,0.0,5.0,3.0,4.0,15.0
1735.0,delete,7.179811979687116,1289.0,175.0,7.110718174293826,0.0,6.0,3.0,4.0,14.0
1736.0,delete,5.50458358120269,1290.0,60.0,6.156833201118827,6.0,4.0,4.0,4.0,20.0
1737.0,delete,7.089473021356308,1291.0,177.0,7.090038092472744,0.0,4.0,3.0,4.0,15.0
1738.0,delete,5.7495824119129155,1291.0,177.0,7.090038092472744,0.0,4.0,3.0,4.0,14.0
1739.0,swap,7.430119393390003,1291.0,177.0,7.090038092472744,0.0,3.0,4.0,4.0,15.0
1740.0,add,6.33642318492921,1292.0,18.0,6.11985484499805,10.0,2.0,2.0,2.0,12.0
1741.0,delete,7.69192157374514,1293.0,145.0,6.95526497382416,0.0,2.0,5.0,4.0,10.0
1742.0,add,5.898384357793976,1294.0,169.0,6.677654348711923,0.0,5.0,4.0,3.0,15.0
1743.0,delete,7.0513326160949825,1295.0,160.0,6.668583999554192,0.0,3.0,4.0,4.0,11.0
1744.0,delete,7.663386446657963,1296.0,124.0,7.093066508780237,0.0,2.0,3.0,4.0,17.0
1745.0,add,7.079296629102467,1297.0,174.0,6.983008693708107,0.0,6.0,3.0,4.0,15.0
1746.0,add,5.435698560754559,1298.0,96.0,6.605945421720321,2.0,4.0,4.0,5.0,19.0
1747.0,delete,7.091979553613613,1299.0,176.0,6.8398032297829925,0.0,5.0,2.0,4.0,15.0
1748.0,delete,5.480567350002312,1300.0,61.0,6.170110780174981,5.0,4.0,4.0,4.0,20.0
1749.0,delete,5.775027736953028,1301.0,178.0,5.7495824119129155,0.0,4.0,3.0,4.0,14.0
1750.0,delete,5.839409100276909,1301.0,178.0,5.7495824119129155,0.0,3.0,3.0,4.0,14.0
1751.0,swap,6.171101571624773,1301.0,178.0,5.7495824119129155,0.0,3.0,4.0,4.0,14.0
1752.0,delete,6.498636284228202,1302.0,170.0,6.679879422160892,0.0,5.0,3.0,3.0,15.0
1753.0,add,6.377109300997205,1303.0,19.0,6.121403378158281,10.0,3.0,2.0,2.0,12.0
1754.0,add,7.700277359451386,1304.0,146.0,6.907985491862003,0.0,2.0,6.0,4.0,10.0
1755.0,delete,6.9202222065949845,1305.0,161.0,6.6554960071078515,0.0,3.0,5.0,3.0,10.0
1756.0,delete,6.598683958440424,1306.0,125.0,7.098116239067006,0.0,3.0,3.0,4.0,15.0
1757.0,delete,7.079296629102467,1307.0,175.0,6.730781455499163,0.0,6.0,3.0,4.0,14.0
1758.0,delete,6.785383703050061,1308.0,97.0,6.619409611532222,2.0,4.0,4.0,5.0,18.0
1759.0,delete,7.090038092472744,1309.0,177.0,5.883780205191906,0.0,4.0,3.0,4.0,14.0
1760.0,delete,5.841394765461797,1310.0,179.0,5.839409100276909,0.0,3.0,3.0,4.0,14.0
1761.0,add,5.152662651848874,1310.0,179.0,5.839409100276909,0.0,3.0,3.0,4.0,15.0
1762.0,delete,5.979893644981808,1310.0,179.0,5.839409100276909,0.0,3.0,3.0,4.0,13.0
1763.0,swap,5.843109857015214,1310.0,179.0,5.839409100276909,0.0,2.0,3.0,4.0,15.0
1764.0,add,5.461994357258593,1311.0,62.0,6.180562974378774,6.0,4.0,4.0,4.0,20.0
1765.0,delete,7.7611702287377655,1312.0,147.0,6.862751565501488,0.0,1.0,5.0,4.0,11.0
1766.0,add,6.266073237844761,1313.0,20.0,6.1227264266871435,10.0,3.0,2.0,2.0,13.0
1767.0,delete,7.0580177585057084,1314.0,162.0,6.625462937658831,0.0,3.0,5.0,2.0,10.0
1768.0,delete,7.346170265444573,1315.0,126.0,7.10227278950632,0.0,2.0,3.0,4.0,15.0
1769.0,add,5.527387874138292,1316.0,171.0,6.60429550185398,0.0,5.0,3.0,3.0,16.0
1770.0,delete,6.098408066746065,1317.0,98.0,6.6246133592065615,2.0,3.0,4.0,5.0,18.0
1771.0,delete,6.963263419713863,1318.0,176.0,6.318756145644671,0.0,4.0,3.0,4.0,15.0
1772.0,delete,5.527069686765137,1319.0,178.0,5.73129400391692,0.0,4.0,3.0,4.0,13.0
1773.0,add,4.9117464099517125,1320.0,180.0,5.152662651848874,0.0,3.0,3.0,4.0,15.0
1774.0,add,5.472243343092295,1320.0,180.0,5.152662651848874,0.0,3.0,3.0,4.0,16.0
1775.0,delete,5.467687826983996,1320.0,180.0,5.152662651848874,0.0,3.0,3.0,4.0,14.0
1776.0,swap,5.152662651848874,1320.0,180.0,5.152662651848874,0.0,3.0,3.0,4.0,15.0
1777.0,add,5.486661420538099,1321.0,63.0,6.187258465050477,6.0,4.0,5.0,5.0,19.0
1778.0,add,7.3345027352358985,1322.0,148.0,6.788899047080743,0.0,2.0,5.0,4.0,11.0
1779.0,add,6.087389264707124,1323.0,21.0,6.120424163574393,10.0,3.0,2.0,2.0,14.0
1780.0,delete,6.7709646567581006,1324.0,127.0,7.091950787481376,0.0,3.0,3.0,3.0,14.0
1781.0,add,7.092333293196406,1325.0,163.0,6.534042141873496,0.0,4.0,4.0,2.0,11.0
1782.0,delete,6.8939973969506925,1326.0,99.0,6.6244858288884165,2.0,4.0,2.0,5.0,18.0
1783.0,add,6.49265407783774,1327.0,172.0,6.504134060912075,0.0,6.0,3.0,4.0,15.0
1784.0,delete,7.207075997706862,1328.0,177.0,5.7124021250850054,0.0,4.0,2.0,4.0,15.0
1785.0,add,4.780941378555959,1329.0,179.0,5.23140057674515,0.0,3.0,3.0,4.0,15.0
1786.0,delete,5.457092202935004,1330.0,64.0,6.197056509821661,6.0,5.0,4.0,5.0,18.0
1787.0,delete,5.7495824119129155,1331.0,178.0,5.451711028798416,0.0,4.0,3.0,4.0,13.0
1788.0,add,5.468741875645553,1332.0,181.0,5.472243343092295,0.0,3.0,3.0,4.0,16.0
1789.0,add,5.472243343092295,1332.0,181.0,5.472243343092295,0.0,3.0,3.0,4.0,17.0
1790.0,delete,5.472243343092295,1332.0,181.0,5.472243343092295,0.0,3.0,3.0,3.0,16.0
1791.0,swap,6.604025102774054,1332.0,181.0,5.472243343092295,0.0,3.0,3.0,5.0,15.0
1792.0,add,6.33409235622817,1333.0,22.0,6.118917082839074,10.0,2.0,2.0,2.0,16.0
1793.0,delete,7.489115119104918,1334.0,128.0,7.075435649963805,0.0,1.0,3.0,4.0,14.0
1794.0,add,7.404611982618155,1335.0,149.0,6.72495706339979,0.0,3.0,6.0,4.0,10.0
1795.0,add,7.061850034864295,1336.0,100.0,6.618019641487044,2.0,4.0,4.0,5.0,17.0
1796.0,add,7.156065120544996,1337.0,164.0,6.449236745809147,0.0,4.0,4.0,2.0,12.0
1797.0,delete,7.079296629102467,1338.0,173.0,6.374597041424219,0.0,6.0,3.0,4.0,14.0
1798.0,delete,5.5417132347935585,1339.0,65.0,6.208349047019064,5.0,5.0,3.0,5.0,19.0
1799.0,add,4.258446339367246,1340.0,180.0,5.697899401539298,0.0,3.0,3.0,4.0,16.0
1800.0,add,5.933155666907726,1341.0,179.0,5.292149478750286,0.0,3.0,4.0,4.0,14.0
1801.0,add,5.479125090200108,1342.0,182.0,5.472243343092295,0.0,3.0,3.0,4.0,17.0
1802.0,delete,4.296118559586997,1342.0,182.0,5.472243343092295,0.0,3.0,3.0,4.0,16.0
1803.0,swap,6.175636247534948,1342.0,182.0,5.472243343092295,0.0,4.0,3.0,4.0,16.0
1804.0,add,6.152329473374478,1343.0,129.0,7.05093387364893,0.0,3.0,3.0,4.0,13.0
1805.0,add,6.435075822141066,1344.0,23.0,6.117105429840634,10.0,2.0,3.0,2.0,16.0
1806.0,add,7.65331949994436,1345.0,150.0,6.664912320546063,0.0,3.0,5.0,5.0,11.0
1807.0,delete,6.619803214920519,1346.0,101.0,6.611791139927922,2.0,4.0,3.0,4.0,18.0
1808.0,add,6.401990389768096,1347.0,165.0,6.372629383952367,0.0,4.0,4.0,2.0,13.0
1809.0,add,7.11154736707194,1348.0,174.0,6.173934713455703,0.0,6.0,4.0,4.0,14.0
1810.0,add,5.472243343092295,1349.0,181.0,5.355780810103587,0.0,3.0,3.0,5.0,16.0
1811.0,add,5.331259335573101,1350.0,66.0,6.214843297581766,5.0,5.0,4.0,5.0,19.0
1812.0,delete,4.307844937027134,1351.0,183.0,4.296118559586997,0.0,3.0,3.0,4.0,16.0
1813.0,delete,4.296118559586997,1351.0,183.0,4.296118559586997,0.0,3.0,3.0,4.0,15.0
1814.0,swap,4.296118559586997,1351.0,183.0,4.296118559586997,0.0,3.0,3.0,5.0,15.0
1815.0,delete,7.079296629102467,1352.0,175.0,5.913002680022478,0.0,6.0,3.0,4.0,14.0
1816.0,delete,6.69763256357942,1353.0,130.0,7.0305882019428285,0.0,2.0,3.0,4.0,13.0
1817.0,add,4.258446339367246,1354.0,180.0,5.159319126436862,0.0,3.0,3.0,4.0,16.0
1818.0,add,6.434651654097424,1355.0,24.0,6.112439752594646,10.0,2.0,3.0,2.0,17.0
1819.0,delete,6.358986965591987,1356.0,102.0,6.5957464584232905,1.0,4.0,3.0,5.0,17.0
1820.0,add,7.437961516872326,1357.0,151.0,6.584899792536843,0.0,4.0,5.0,6.0,10.0
1821.0,add,6.530149689469375,1358.0,166.0,6.271877127748536,0.0,4.0,4.0,2.0,14.0
1822.0,delete,5.4769440288539055,1359.0,182.0,4.299050153947031,0.0,2.0,3.0,4.0,17.0
1823.0,delete,4.296118559586996,1360.0,184.0,4.296118559586997,0.0,3.0,3.0,4.0,15.0
1824.0,add,4.30991360459039,1360.0,184.0,4.296118559586997,0.0,3.0,3.0,4.0,16.0
1825.0,delete,6.562078970880813,1360.0,184.0,4.296118559586997,0.0,3.0,3.0,4.0,14.0
1826.0,swap,4.738068684250557,1360.0,184.0,4.296118559586997,0.0,3.0,4.0,4.0,14.0
1827.0,add,5.91203960278578,1361.0,67.0,6.211720469437601,5.0,5.0,4.0,6.0,19.0
1828.0,delete,6.697632563579425,1362.0,131.0,7.000408791457604,0.0,2.0,3.0,4.0,12.0
1829.0,delete,6.672537990846166,1363.0,176.0,5.623164248169193,0.0,5.0,3.0,4.0,14.0
1830.0,delete,7.177114403949742,1364.0,103.0,6.5844635386059105,1.0,4.0,3.0,5.0,16.0
1831.0,add,6.279786418428983,1365.0,25.0,6.10992242518542,10.0,2.0,3.0,2.0,18.0
1832.0,delete,7.209130794494168,1366.0,152.0,6.523957736673188,0.0,3.0,5.0,5.0,11.0
1833.0,add,5.469989861598243,1367.0,181.0,5.013736345220803,0.0,4.0,3.0,4.0,16.0
1834.0,add,6.530149689469375,1368.0,167.0,6.178892578419707,0.0,4.0,4.0,4.0,13.0
1835.0,delete,5.837837573574686,1369.0,183.0,4.840459675779151,0.0,3.0,3.0,4.0,15.0
1836.0,add,4.30991360459039,1370.0,185.0,4.30991360459039,0.0,3.0,3.0,4.0,16.0
1837.0,add,4.777519303398224,1370.0,185.0,4.30991360459039,0.0,3.0,3.0,4.0,17.0
1838.0,delete,3.5872887248959113,1370.0,185.0,4.30991360459039,0.0,3.0,2.0,4.0,16.0
1839.0,swap,3.5696036981631076,1370.0,185.0,4.30991360459039,0.0,3.0,3.0,4.0,16.0
1840.0,add,5.936493941333196,1371.0,68.0,6.209206023439181,5.0,6.0,4.0,6.0,19.0
1841.0,delete,6.975485742573065,1372.0,132.0,6.966106324557167,0.0,2.0,3.0,3.0,12.0
1842.0,delete,6.8343227805482565,1373.0,104.0,6.569885071277142,0.0,3.0,3.0,5.0,17.0
1843.0,delete,6.987376643930198,1374.0,177.0,5.296119368109784,0.0,3.0,3.0,4.0,15.0
1844.0,add,6.280921506801421,1375.0,26.0,6.105122600159691,10.0,2.0,3.0,2.0,19.0
1845.0,add,7.010436331950698,1376.0,153.0,6.454086118203311,0.0,4.0,5.0,5.0,11.0
1846.0,delete,5.474143952287187,1377.0,182.0,4.618677669183794,0.0,3.0,3.0,4.0,16.0
1847.0,add,6.697993900408869,1378.0,168.0,6.08530971572563,0.0,5.0,4.0,3.0,14.0
1848.0,add,5.192401245440265,1379.0,184.0,4.110847787127605,0.0,3.0,3.0,4.0,16.0
1849.0,delete,5.846820492964002,1380.0,178.0,5.1566854576325145,0.0,4.0,2.0,4.0,14.0
1850.0,add,5.6880710828913585,1381.0,69.0,6.2136619205895345,5.0,6.0,5.0,5.0,20.0
1851.0,delete,3.519616866463739,1382.0,183.0,4.679714775359849,0.0,3.0,2.0,4.0,16.0
1852.0,delete,6.695623751534786,1383.0,133.0,6.9457982399123965,0.0,1.0,3.0,2.0,13.0
1853.0,add,4.777519303398224,1384.0,186.0,4.777519303398224,0.0,3.0,3.0,4.0,17.0
1854.0,add,4.777519303398224,1384.0,186.0,4.777519303398224,0.0,3.0,3.0,5.0,17.0
1855.0,delete,4.775478504205997,1384.0,186.0,4.777519303398224,0.0,3.0,3.0,4.0,16.0
1856.0,swap,5.231659162213978,1384.0,186.0,4.777519303398224,0.0,3.0,3.0,3.0,18.0
1857.0,add,6.238246494422749,1385.0,27.0,6.099069801626251,10.0,2.0,4.0,2.0,19.0
1858.0,delete,5.0616849488946025,1386.0,105.0,6.558303239247695,1.0,3.0,3.0,4.0,16.0
1859.0,delete,7.0493454279063466,1387.0,154.0,6.379414052522394,0.0,4.0,5.0,6.0,9.0
1860.0,add,6.5427187179355695,1388.0,169.0,5.989703116795398,0.0,5.0,4.0,3.0,15.0
1861.0,add,3.9895013752520274,1389.0,185.0,4.867939115322929,0.0,3.0,4.0,4.0,16.0
1862.0,add,5.839409100276909,1390.0,179.0,4.95901456144068,0.0,3.0,3.0,4.0,15.0
1863.0,add,5.9376033032939315,1391.0,70.0,6.209784638917927,5.0,6.0,4.0,5.0,22.0
1864.0,delete,7.858941226500187,1392.0,134.0,6.906592318779364,0.0,1.0,3.0,3.0,11.0
1865.0,add,4.296118559586998,1393.0,184.0,4.481665257231522,0.0,3.0,3.0,5.0,15.0
1866.0,delete,6.073195961944811,1394.0,106.0,6.555863560455284,1.0,2.0,2.0,4.0,17.0
1867.0,add,4.777519303398224,1395.0,187.0,4.777519303398224,0.0,3.0,3.0,5.0,17.0
1868.0,add,5.036078640865985,1395.0,187.0,4.777519303398224,0.0,3.0,3.0,5.0,18.0
1869.0,delete,4.777519303398224,1395.0,187.0,4.777519303398224,0.0,3.0,3.0,5.0,16.0
1870.0,swap,5.012607605213324,1395.0,187.0,4.777519303398224,0.0,4.0,3.0,5.0,16.0
1871.0,add,6.280921506801418,1396.0,28.0,6.093018462514538,10.0,4.0,3.0,2.0,19.0
1872.0,add,6.94079446798006,1397.0,155.0,6.307612051673938,0.0,4.0,5.0,5.0,11.0
1873.0,delete,6.913868916376841,1398.0,170.0,5.892352192133167,0.0,5.0,4.0,3.0,14.0
1874.0,add,5.206882690291658,1399.0,186.0,4.876248831254796,0.0,3.0,3.0,4.0,18.0
1875.0,delete,5.814591828315358,1400.0,71.0,6.21279584372739,5.0,6.0,3.0,5.0,22.0
1876.0,add,5.444018701434804,1401.0,180.0,4.900241984944713,0.0,3.0,4.0,4.0,15.0
1877.0,add,7.858941226500187,1402.0,135.0,6.855001293942442,0.0,1.0,3.0,2.0,13.0
1878.0,add,4.331520656469395,1403.0,185.0,4.830891317730371,0.0,3.0,3.0,4.0,17.0
1879.0,add,6.570613840504753,1404.0,107.0,6.54644935686445,1.0,3.0,2.0,4.0,17.0
1880.0,add,5.036078640865985,1405.0,188.0,5.036078640865985,0.0,3.0,3.0,5.0,18.0
1881.0,delete,5.394633546338248,1405.0,188.0,5.036078640865985,0.0,3.0,3.0,5.0,17.0
1882.0,swap,5.419940410240242,1405.0,188.0,5.036078640865985,0.0,3.0,4.0,5.0,17.0
1883.0,add,6.279273904206379,1406.0,29.0,6.090445708889763,10.0,3.0,3.0,3.0,20.0
1884.0,add,6.965152776904665,1407.0,156.0,6.257370217827916,0.0,5.0,5.0,5.0,11.0
1885.0,add,6.323566388851192,1408.0,171.0,5.796440800960481,0.0,6.0,3.0,3.0,15.0
1886.0,add,4.777519303398225,1409.0,187.0,5.221682809577615,0.0,3.0,3.0,6.0,17.0
1887.0,delete,5.358649710491018,1410.0,72.0,6.216970010117463,5.0,5.0,4.0,4.0,22.0
1888.0,delete,5.410093981976162,1411.0,189.0,5.394633546338248,0.0,3.0,3.0,5.0,17.0
1889.0,delete,5.52236220228856,1411.0,189.0,5.394633546338248,0.0,3.0,3.0,5.0,16.0
1890.0,swap,5.285809411766862,1411.0,189.0,5.394633546338248,0.0,4.0,3.0,5.0,16.0
1891.0,add,7.8589412265001855,1412.0,136.0,6.797846809357354,0.0,1.0,3.0,3.0,13.0
1892.0,add,5.48027084109475,1413.0,108.0,6.543247591563104,1.0,2.0,2.0,4.0,19.0
1893.0,add,5.702789971579627,1414.0,181.0,4.896420712752407,0.0,3.0,3.0,4.0,17.0
1894.0,delete,6.0914983952747646,1415.0,157.0,6.222063625909464,0.0,4.0,5.0,5.0,11.0
1895.0,delete,6.281565572392095,1416.0,30.0,6.087558392399773,10.0,3.0,3.0,2.0,20.0
1896.0,add,4.775478504205997,1417.0,186.0,5.110351103341532,0.0,3.0,3.0,4.0,18.0
1897.0,delete,4.799261308639518,1418.0,188.0,5.4032247855924584,0.0,3.0,3.0,5.0,17.0
1898.0,add,6.613141317739311,1419.0,172.0,5.730213309133858,0.0,6.0,3.0,3.0,16.0
1899.0,delete,5.347892610215409,1420.0,73.0,6.220632716182465,4.0,6.0,4.0,4.0,21.0
1900.0,delete,5.529391683439486,1421.0,190.0,5.52236220228856,0.0,3.0,3.0,5.0,16.0
1901.0,delete,5.522362202288561,1421.0,190.0,5.52236220228856,0.0,3.0,3.0,4.0,16.0
1902.0,swap,4.814499227886469,1421.0,190.0,5.52236220228856,0.0,3.0,4.0,5.0,15.0
1903.0,add,7.733731629952356,1422.0,137.0,6.749503774906915,0.0,1.0,4.0,3.0,13.0
1904.0,delete,5.474327776635562,1423.0,182.0,4.83231717716563,0.0,2.0,3.0,4.0,17.0
1905.0,add,4.661335901850386,1424.0,109.0,6.555543421244562,1.0,2.0,2.0,4.0,20.0
1906.0,delete,6.76785299587697,1425.0,158.0,6.182747127062862,0.0,3.0,4.0,5.0,12.0
1907.0,add,3.6656725477585974,1426.0,187.0,5.212335879999526,0.0,3.0,3.0,5.0,18.0
1908.0,add,6.051824949760358,1427.0,31.0,6.082183293461459,10.0,4.0,2.0,2.0,21.0
1909.0,delete,5.394633546338248,1428.0,189.0,5.347153828975769,0.0,3.0,3.0,5.0,16.0
1910.0,delete,6.501374204118152,1429.0,173.0,5.6392436302815385,0.0,5.0,3.0,4.0,15.0
1911.0,delete,4.4177378730289485,1430.0,74.0,6.223142443601363,5.0,6.0,4.0,4.0,19.0
1912.0,delete,5.522362202288561,1431.0,191.0,5.522362202288561,0.0,3.0,3.0,4.0,16.0
1913.0,delete,5.178911808459182,1431.0,191.0,5.522362202288561,0.0,3.0,3.0,4.0,15.0
1914.0,swap,4.819976748746563,1431.0,191.0,5.522362202288561,0.0,3.0,4.0,4.0,15.0
1915.0,delete,4.296118559586996,1432.0,183.0,4.850131489757067,0.0,3.0,3.0,3.0,16.0
1916.0,add,7.750210282184868,1433.0,138.0,6.694590940690013,0.0,1.0,5.0,3.0,13.0
1917.0,delete,7.063455414683083,1434.0,159.0,6.135513815693908,0.0,3.0,5.0,5.0,10.0
1918.0,add,4.1747567442583335,1435.0,110.0,6.570266990361825,1.0,2.0,2.0,4.0,21.0
1919.0,delete,5.036078640865985,1436.0,188.0,5.266191489204702,0.0,3.0,3.0,4.0,18.0
1920.0,delete,6.044832237890783,1437.0,32.0,6.078044159365823,10.0,3.0,2.0,3.0,20.0
1921.0,delete,5.5404741881424515,1438.0,190.0,5.2609032404457166,0.0,2.0,3.0,5.0,16.0
1922.0,delete,5.178911808459182,1439.0,192.0,5.178911808459182,0.0,3.0,3.0,4.0,15.0
1923.0,delete,5.178911808459182,1439.0,192.0,5.178911808459182,0.0,3.0,3.0,4.0,14.0
1924.0,swap,4.37925739891618,1439.0,192.0,5.178911808459182,0.0,4.0,3.0,4.0,14.0
1925.0,delete,5.593865024042418,1440.0,75.0,6.220285888858124,4.0,6.0,3.0,4.0,20.0
1926.0,add,6.429286484448292,1441.0,174.0,5.504906946459693,0.0,6.0,3.0,4.0,15.0
1927.0,add,4.296205169455974,1442.0,184.0,4.8729796427634735,0.0,3.0,4.0,4.0,15.0
1928.0,delete,7.063455414683084,1443.0,160.0,6.072739143879085,0.0,3.0,5.0,3.0,11.0
1929.0,add,7.696052872537358,1444.0,139.0,6.645242651045899,0.0,1.0,5.0,4.0,13.0
1930.0,delete,5.5126962584189325,1445.0,189.0,5.215171235476053,0.0,2.0,3.0,5.0,17.0
1931.0,add,5.382746542285264,1446.0,111.0,6.583667180424632,1.0,2.0,2.0,4.0,22.0
1932.0,delete,6.044832237890783,1447.0,33.0,6.076220525140653,10.0,3.0,2.0,3.0,19.0
1933.0,delete,4.708732573427856,1448.0,191.0,4.978998206073431,0.0,3.0,2.0,4.0,16.0
1934.0,delete,5.1789118084591825,1449.0,193.0,5.178911808459182,0.0,3.0,3.0,4.0,14.0
1935.0,add,5.178911808459182,1449.0,193.0,5.178911808459182,0.0,3.0,3.0,4.0,15.0
1936.0,delete,5.178911808459182,1449.0,193.0,5.178911808459182,0.0,3.0,3.0,4.0,13.0
1937.0,swap,5.725055103371745,1449.0,193.0,5.178911808459182,0.0,4.0,3.0,4.0,13.0
1938.0,delete,5.348445492139082,1450.0,76.0,6.2215364637859585,4.0,5.0,4.0,3.0,20.0
1939.0,delete,5.250566118418927,1451.0,175.0,5.392330077568667,0.0,6.0,3.0,4.0,14.0
1940.0,delete,7.05801775850571,1452.0,161.0,6.025505624054754,0.0,3.0,5.0,3.0,10.0
1941.0,add,5.683358503323883,1453.0,185.0,5.028429140846701,0.0,3.0,4.0,4.0,16.0
1942.0,add,7.602651428518434,1454.0,140.0,6.595146528831625,0.0,3.0,5.0,4.0,12.0
1943.0,delete,5.969037428108464,1455.0,112.0,6.593255768008184,1.0,2.0,2.0,4.0,21.0
1944.0,delete,5.520042799292515,1456.0,34.0,6.074122942339494,9.0,3.0,2.0,2.0,20.0
1945.0,delete,5.671727216975463,1457.0,190.0,5.176283943687464,0.0,3.0,3.0,5.0,15.0
1946.0,delete,5.178911808459182,1458.0,192.0,5.2881404674416945,0.0,3.0,3.0,4.0,14.0
1947.0,delete,5.479141274912904,1459.0,77.0,6.228822134808698,4.0,4.0,4.0,3.0,20.0
1948.0,delete,7.089928786919474,1460.0,176.0,5.294484468930139,0.0,5.0,3.0,4.0,14.0
1949.0,add,5.1386065162585925,1461.0,194.0,5.178911808459182,0.0,3.0,3.0,4.0,15.0
1950.0,delete,6.5061750505357265,1461.0,194.0,5.178911808459182,0.0,3.0,3.0,4.0,14.0
1951.0,swap,6.562642635781117,1461.0,194.0,5.178911808459182,0.0,3.0,4.0,4.0,14.0
1952.0,delete,6.99719215457254,1462.0,162.0,6.001493285676135,0.0,3.0,4.0,2.0,11.0
1953.0,add,4.777519303398224,1463.0,186.0,5.187487962998468,0.0,3.0,3.0,5.0,17.0
1954.0,delete,5.52236220228856,1464.0,191.0,5.3286809182696535,0.0,3.0,3.0,3.0,16.0
1955.0,delete,4.953627845197055,1465.0,113.0,6.606395823394681,1.0,2.0,2.0,4.0,20.0
1956.0,add,7.75059835824286,1466.0,141.0,6.554358978840064,0.0,2.0,5.0,5.0,13.0
1957.0,add,6.162621929187533,1467.0,35.0,6.073592761541854,9.0,3.0,3.0,3.0,19.0
1958.0,add,5.178911808459182,1468.0,193.0,5.846584002758655,0.0,3.0,3.0,5.0,14.0
1959.0,delete,5.467520549785338,1469.0,78.0,6.23386423855191,4.0,4.0,3.0,4.0,19.0
1960.0,delete,6.963715811634446,1470.0,177.0,5.209668841923558,0.0,3.0,3.0,4.0,15.0
1961.0,delete,6.506175050535725,1471.0,195.0,6.5061750505357265,0.0,3.0,3.0,4.0,14.0
1962.0,add,6.506175050535726,1471.0,195.0,6.5061750505357265,0.0,3.0,3.0,5.0,14.0
1963.0,delete,6.788499152273648,1471.0,195.0,6.5061750505357265,0.0,3.0,2.0,4.0,14.0
1964.0,swap,5.562774039932869,1471.0,195.0,6.5061750505357265,0.0,3.0,2.0,4.0,15.0
1965.0,add,7.089843131811707,1472.0,163.0,5.965984558003027,0.0,3.0,4.0,2.0,12.0
1966.0,add,4.553548611711327,1473.0,187.0,5.360241055155392,0.0,3.0,4.0,5.0,17.0
1967.0,delete,5.942146475680636,1474.0,114.0,6.619587804935349,0.0,2.0,2.0,4.0,20.0
1968.0,delete,7.640538330663402,1475.0,142.0,6.522800683641041,0.0,2.0,5.0,4.0,13.0
1969.0,delete,5.908267554824179,1476.0,192.0,5.740683817855731,0.0,3.0,3.0,4.0,14.0
1970.0,add,6.048650968824965,1477.0,36.0,6.074527500669796,9.0,3.0,3.0,3.0,20.0
1971.0,delete,5.941635999140846,1478.0,79.0,6.240667466857861,4.0,3.0,4.0,4.0,18.0
1972.0,delete,5.96426736862556,1479.0,178.0,5.178739792955058,0.0,4.0,3.0,4.0,13.0
1973.0,delete,5.178911808459182,1480.0,194.0,6.373959668762739,0.0,3.0,3.0,4.0,14.0
1974.0,add,6.48195398472529,1481.0,196.0,6.506175050535726,0.0,3.0,3.0,5.0,14.0
1975.0,delete,6.5061750505357265,1481.0,196.0,6.506175050535726,0.0,3.0,3.0,4.0,14.0
1976.0,swap,5.1773548728560295,1481.0,196.0,6.506175050535726,0.0,3.0,4.0,5.0,13.0
1977.0,delete,5.039439859552756,1482.0,188.0,5.496583971264914,0.0,3.0,3.0,5.0,17.0
1978.0,add,6.927704765025682,1483.0,164.0,5.911167570314807,0.0,4.0,4.0,2.0,12.0
1979.0,delete,6.267845086161439,1484.0,115.0,6.62618318481773,1.0,2.0,2.0,4.0,18.0
1980.0,delete,7.700268760327995,1485.0,143.0,6.489143843388557,0.0,2.0,5.0,4.0,12.0
1981.0,add,4.526195718580839,1486.0,193.0,5.944097448411385,0.0,4.0,3.0,4.0,14.0
1982.0,delete,5.767317698844165,1487.0,80.0,6.245090802795941,4.0,3.0,3.0,4.0,18.0
1983.0,add,6.048650968824965,1488.0,37.0,6.0736664721993865,9.0,4.0,3.0,3.0,20.0
1984.0,add,6.5061750505357265,1489.0,195.0,6.167914739663193,0.0,3.0,3.0,4.0,15.0
1985.0,add,5.182325289763534,1490.0,179.0,5.166866522228273,0.0,3.0,3.0,4.0,15.0
1986.0,delete,6.498315676937505,1491.0,197.0,6.5061750505357265,0.0,3.0,3.0,4.0,14.0
1987.0,delete,6.35569269595381,1491.0,197.0,6.5061750505357265,0.0,3.0,3.0,4.0,13.0
1988.0,swap,6.47289089043569,1491.0,197.0,6.5061750505357265,0.0,3.0,3.0,4.0,14.0
1989.0,delete,4.661396757998027,1492.0,189.0,5.610260718517653,0.0,3.0,3.0,5.0,16.0
1990.0,delete,5.178911808459182,1493.0,194.0,6.234405259557895,0.0,3.0,3.0,4.0,14.0
1991.0,delete,7.265994153091584,1494.0,144.0,6.449948409785867,0.0,2.0,5.0,4.0,11.0
1992.0,add,6.217943403656544,1495.0,116.0,6.623065153524798,1.0,2.0,2.0,4.0,19.0
1993.0,add,6.645323111512328,1496.0,165.0,5.867900619755086,0.0,4.0,4.0,3.0,12.0
1994.0,delete,5.238833417302146,1497.0,81.0,6.251443227172616,3.0,3.0,4.0,3.0,18.0
1995.0,delete,5.1789118084591825,1498.0,196.0,6.458268578465683,0.0,3.0,3.0,5.0,13.0
1996.0,add,6.049141716043581,1499.0,38.0,6.073253229992008,9.0,4.0,3.0,5.0,19.0
1997.0,delete,6.375192039545855,1500.0,198.0,6.35569269595381,0.0,3.0,3.0,4.0,13.0
1998.0,delete,6.12457727836452,1500.0,198.0,6.35569269595381,0.0,3.0,3.0,4.0,12.0
1999.0,swap,6.958602854417262,1500.0,198.0,6.35569269595381,0.0,3.0,2.0,4.0,14.0
2000.0,add,4.4436586583960445,1501.0,180.0,5.226794340302698,0.0,3.0,4.0,4.0,15.0
2001.0,delete,4.819990744187617,1502.0,190.0,5.6882764331554565,0.0,3.0,3.0,5.0,15.0
2002.0,add,6.043918959223269,1503.0,195.0,6.2618347711085285,0.0,3.0,3.0,4.0,15.0
2003.0,delete,7.700268760327995,1504.0,145.0,6.4123832294870855,0.0,2.0,5.0,4.0,10.0
2004.0,delete,6.831182963380042,1505.0,197.0,6.453516217070361,0.0,2.0,3.0,4.0,14.0
2005.0,add,5.862344124156063,1506.0,117.0,6.622839754584211,1.0,3.0,2.0,4.0,19.0
2006.0,delete,5.287498379897238,1507.0,82.0,6.257191537808675,4.0,3.0,4.0,3.0,16.0
2007.0,add,5.994018640764947,1508.0,166.0,5.836478652692375,0.0,4.0,5.0,2.0,13.0
2008.0,delete,5.2565636333915515,1509.0,39.0,6.073370212474877,8.0,4.0,3.0,4.0,20.0
2009.0,delete,6.124577278364519,1510.0,199.0,6.12457727836452,0.0,3.0,3.0,4.0,12.0
2010.0,delete,6.12457727836452,1510.0,199.0,6.12457727836452,0.0,3.0,3.0,4.0,11.0
2011.0,swap,6.435957735085252,1510.0,199.0,6.12457727836452,0.0,3.0,3.0,4.0,12.0
2012.0,add,6.144369685020908,1511.0,181.0,5.271734478692353,0.0,3.0,3.0,4.0,17.0
2013.0,delete,5.522362202288561,1512.0,191.0,5.8032331422830445,0.0,3.0,3.0,4.0,15.0
2014.0,delete,6.506175050535726,1513.0,196.0,6.332221129153658,0.0,3.0,3.0,5.0,13.0
2015.0,delete,6.355692695953807,1514.0,198.0,6.202422392544703,0.0,3.0,3.0,3.0,13.0
2016.0,add,7.69602086116154,1515.0,146.0,6.378856550012334,0.0,2.0,6.0,4.0,10.0
2017.0,delete,5.704743869704961,1516.0,118.0,6.624892926249201,1.0,3.0,2.0,4.0,18.0
2018.0,delete,5.935431514120209,1517.0,83.0,6.2646353506333075,4.0,1.0,4.0,3.0,17.0
2019.0,delete,6.141971718949362,1518.0,200.0,6.12457727836452,0.0,3.0,3.0,4.0,11.0
2020.0,add,6.09667195281501,1518.0,200.0,6.12457727836452,0.0,3.0,3.0,4.0,12.0
2021.0,delete,6.342699663276515,1518.0,200.0,6.12457727836452,0.0,3.0,3.0,4.0,10.0
2022.0,swap,5.994240713554579,1518.0,200.0,6.12457727836452,0.0,2.0,4.0,4.0,11.0
2023.0,add,5.731830863850818,1519.0,40.0,6.075228512448426,9.0,4.0,4.0,4.0,19.0
2024.0,add,5.558833372323626,1520.0,167.0,5.821453927321476,0.0,4.0,4.0,3.0,14.0
2025.0,delete,5.465667677078365,1521.0,182.0,5.309388821592198,0.0,3.0,3.0,3.0,17.0
2026.0,delete,6.2825938454020624,1522.0,192.0,5.9698842138143196,0.0,3.0,3.0,4.0,14.0
2027.0,delete,6.634442281272195,1523.0,197.0,6.327818220617312,0.0,3.0,3.0,4.0,13.0
2028.0,delete,7.7397931929784285,1524.0,147.0,6.346363333158879,0.0,2.0,5.0,3.0,11.0
2029.0,delete,5.636583692675626,1525.0,119.0,6.629489229533122,1.0,3.0,2.0,4.0,17.0
2030.0,delete,6.451122227360029,1526.0,199.0,6.140032265391997,0.0,2.0,3.0,4.0,12.0
2031.0,add,5.762936700599451,1527.0,84.0,6.274116778386662,4.0,2.0,4.0,3.0,17.0
2032.0,add,6.097491714551318,1528.0,201.0,6.09667195281501,0.0,3.0,3.0,4.0,12.0
2033.0,add,6.319030127315027,1528.0,201.0,6.09667195281501,0.0,3.0,3.0,4.0,13.0
2034.0,delete,6.299621410045264,1528.0,201.0,6.09667195281501,0.0,2.0,3.0,4.0,12.0
2035.0,swap,4.982479533504867,1528.0,201.0,6.09667195281501,0.0,4.0,3.0,3.0,12.0
2036.0,delete,6.047425977413147,1529.0,41.0,6.075662722768926,8.0,4.0,3.0,4.0,20.0
2037.0,add,6.5427187179355695,1530.0,168.0,5.811837169862598,0.0,5.0,4.0,3.0,14.0
2038.0,delete,4.27691559477364,1531.0,183.0,5.389692578772014,0.0,2.0,3.0,4.0,16.0
2039.0,add,6.288739919723177,1532.0,193.0,6.08076464886472,0.0,3.0,3.0,4.0,15.0
2040.0,delete,6.696017620201124,1533.0,198.0,6.135050809107471,0.0,2.0,3.0,4.0,13.0
2041.0,delete,5.581563414913573,1534.0,120.0,6.634905451702582,1.0,2.0,2.0,4.0,17.0
2042.0,add,7.739793192978428,1535.0,148.0,6.306435721768628,0.0,2.0,5.0,4.0,11.0
2043.0,add,6.124577278364519,1536.0,200.0,5.959058947646296,0.0,3.0,3.0,5.0,11.0
2044.0,add,4.983297006241514,1537.0,85.0,6.284405822424611,4.0,4.0,4.0,3.0,16.0
2045.0,delete,5.859800963865138,1538.0,42.0,6.076378392479637,7.0,4.0,3.0,4.0,20.0
2046.0,delete,6.335038964004698,1539.0,199.0,6.088589419827364,0.0,3.0,3.0,4.0,11.0
2047.0,add,5.237127770434734,1540.0,169.0,5.795883520410626,0.0,5.0,4.0,3.0,15.0
2048.0,add,4.296118559586997,1541.0,184.0,5.468785654700238,0.0,3.0,3.0,4.0,16.0
2049.0,add,6.319479939698001,1542.0,202.0,6.319030127315027,0.0,3.0,3.0,4.0,13.0
2050.0,add,5.952147141310679,1542.0,202.0,6.319030127315027,0.0,4.0,3.0,4.0,13.0
2051.0,delete,6.541299523082836,1542.0,202.0,6.319030127315027,0.0,2.0,3.0,4.0,13.0
2052.0,swap,6.520244919907865,1542.0,202.0,6.319030127315027,0.0,3.0,4.0,4.0,12.0
2053.0,delete,5.1789118084591825,1543.0,194.0,6.217479115562371,0.0,3.0,3.0,3.0,15.0
2054.0,add,6.400800981168679,1544.0,121.0,6.634433709277024,1.0,2.0,2.0,4.0,18.0
2055.0,add,7.669039711087984,1545.0,149.0,6.265397489965765,0.0,3.0,6.0,4.0,10.0
2056.0,add,5.377072548555947,1546.0,201.0,6.330440330262881,0.0,3.0,4.0,4.0,12.0
2057.0,add,5.067374620007775,1547.0,86.0,6.293706585885497,4.0,4.0,4.0,4.0,16.0
2058.0,add,5.878229620434304,1548.0,43.0,6.076820821505085,8.0,4.0,3.0,4.0,20.0
2059.0,delete,6.48299431035281,1549.0,170.0,5.77661417326698,0.0,5.0,4.0,3.0,14.0
2060.0,add,6.125356230848886,1550.0,200.0,6.057283280831939,0.0,3.0,3.0,5.0,11.0
2061.0,add,4.30991360459039,1551.0,185.0,5.590874551809456,0.0,3.0,3.0,4.0,17.0
2062.0,add,5.951919174824289,1552.0,203.0,5.952147141310679,0.0,4.0,3.0,4.0,13.0
2063.0,add,5.1163011994786345,1552.0,203.0,5.952147141310679,0.0,5.0,3.0,4.0,13.0
2064.0,delete,5.942277882869772,1552.0,203.0,5.952147141310679,0.0,4.0,2.0,4.0,13.0
2065.0,swap,6.093769020171543,1552.0,203.0,5.952147141310679,0.0,4.0,4.0,4.0,12.0
2066.0,add,6.361717090841435,1553.0,195.0,6.190937428575534,0.0,3.0,4.0,4.0,14.0
2067.0,add,6.104294546018726,1554.0,122.0,6.63360042822434,1.0,3.0,2.0,4.0,18.0
2068.0,add,7.639737526079331,1555.0,150.0,6.225713859921425,0.0,4.0,5.0,5.0,10.0
2069.0,add,6.474413324965928,1556.0,202.0,5.811282883730983,0.0,3.0,3.0,4.0,14.0
2070.0,delete,5.87164649401377,1557.0,44.0,6.077666332783331,7.0,4.0,3.0,3.0,21.0
2071.0,add,4.950778654402939,1558.0,87.0,6.304245078020713,4.0,4.0,4.0,3.0,18.0
2072.0,add,6.3135755693439535,1559.0,171.0,5.743686182027852,0.0,5.0,3.0,3.0,16.0
2073.0,add,6.09667195281501,1560.0,201.0,6.055268618380048,0.0,3.0,3.0,4.0,13.0
2074.0,add,4.777519303398223,1561.0,186.0,5.673918795316367,0.0,3.0,3.0,5.0,17.0
2075.0,delete,6.5061750505357265,1562.0,196.0,6.201919983591727,0.0,3.0,3.0,4.0,14.0
2076.0,add,5.1163011994786345,1563.0,204.0,5.1163011994786345,0.0,5.0,3.0,4.0,13.0
2077.0,delete,5.1163011994786345,1563.0,204.0,5.1163011994786345,0.0,5.0,3.0,4.0,12.0
2078.0,swap,5.593337596277302,1563.0,204.0,5.1163011994786345,0.0,5.0,3.0,4.0,13.0
2079.0,delete,6.069580130052004,1564.0,123.0,6.640391291273507,1.0,3.0,3.0,4.0,16.0
2080.0,add,4.977399097590899,1565.0,203.0,5.235560298678301,0.0,4.0,3.0,4.0,14.0
2081.0,add,7.573463311235459,1566.0,151.0,6.182385838739142,0.0,5.0,5.0,5.0,10.0
2082.0,delete,5.866799484398348,1567.0,45.0,6.076703587334863,8.0,4.0,2.0,3.0,20.0
2083.0,delete,5.019406293139446,1568.0,205.0,5.1163011994786345,0.0,5.0,3.0,4.0,12.0
2084.0,delete,4.916286332806171,1568.0,205.0,5.1163011994786345,0.0,4.0,3.0,4.0,12.0
2085.0,swap,5.652868053346702,1568.0,205.0,5.1163011994786345,0.0,6.0,2.0,4.0,12.0
2086.0,add,5.071929209852444,1569.0,88.0,6.307242239353166,4.0,4.0,4.0,5.0,17.0
2087.0,add,5.746461113400589,1570.0,172.0,5.710967702749098,0.0,6.0,3.0,3.0,16.0
2088.0,add,4.777519303398224,1571.0,187.0,5.704201416811834,0.0,3.0,3.0,5.0,18.0
2089.0,delete,5.908267554824178,1572.0,197.0,6.026934406226618,0.0,3.0,3.0,4.0,13.0
2090.0,add,6.319030127315027,1573.0,202.0,5.5325175012106635,0.0,3.0,3.0,4.0,14.0
2091.0,delete,6.127959178342748,1574.0,124.0,6.633521136140496,0.0,3.0,3.0,4.0,16.0
2092.0,delete,5.45905882763049,1575.0,204.0,5.176215469692739,0.0,4.0,3.0,4.0,13.0
2093.0,delete,7.435110058328213,1576.0,152.0,6.143539845369391,0.0,4.0,4.0,5.0,11.0
2094.0,delete,5.895333832620988,1577.0,46.0,6.075197229778591,8.0,4.0,2.0,3.0,19.0
2095.0,delete,5.017015475748657,1578.0,206.0,4.916286332806171,0.0,4.0,3.0,4.0,12.0
2096.0,delete,4.916286332806171,1578.0,206.0,4.916286332806171,0.0,4.0,3.0,3.0,12.0
2097.0,swap,5.366649332929631,1578.0,206.0,4.916286332806171,0.0,3.0,3.0,4.0,13.0
2098.0,add,5.11999834604257,1579.0,89.0,6.313650905958195,4.0,4.0,4.0,4.0,19.0
2099.0,delete,6.672537990846166,1580.0,173.0,5.67148108890479,0.0,5.0,3.0,4.0,15.0
2100.0,delete,4.967470897645498,1581.0,188.0,5.747866169204202,0.0,3.0,3.0,5.0,17.0
2101.0,delete,5.743758090577559,1582.0,198.0,5.87871311993054,0.0,3.0,3.0,4.0,12.0
2102.0,add,5.977404098084572,1583.0,203.0,5.188934245059282,0.0,4.0,3.0,4.0,14.0
2103.0,delete,6.78635501304056,1584.0,125.0,6.622562990354793,0.0,3.0,3.0,4.0,15.0
2104.0,delete,5.952147141310679,1585.0,205.0,5.054059368572657,0.0,4.0,3.0,4.0,12.0
2105.0,delete,4.91628633280617,1586.0,207.0,4.916286332806171,0.0,4.0,3.0,3.0,12.0
2106.0,add,5.523596172867749,1586.0,207.0,4.916286332806171,0.0,4.0,3.0,3.0,13.0
2107.0,delete,4.916286332806171,1586.0,207.0,4.916286332806171,0.0,4.0,3.0,3.0,11.0
2108.0,swap,5.50564480581097,1586.0,207.0,4.916286332806171,0.0,4.0,3.0,2.0,13.0
2109.0,delete,5.898512779957069,1587.0,47.0,6.071501571014713,8.0,4.0,2.0,3.0,18.0
2110.0,add,5.075389990099829,1588.0,90.0,6.320607052408853,4.0,4.0,4.0,5.0,19.0
2111.0,add,7.014155459593094,1589.0,153.0,6.102663904009453,0.0,4.0,5.0,5.0,11.0
2112.0,add,7.036885902676961,1590.0,174.0,5.62137779560367,0.0,6.0,4.0,4.0,14.0
2113.0,delete,4.703156665316326,1591.0,189.0,5.765384823588051,0.0,3.0,2.0,5.0,17.0
2114.0,delete,6.111375633041006,1592.0,199.0,5.763851909354028,0.0,2.0,3.0,4.0,12.0
2115.0,delete,5.418405235358194,1593.0,126.0,6.614813814072165,0.0,3.0,3.0,4.0,14.0
2116.0,delete,5.1163011994786345,1594.0,204.0,5.252140971806742,0.0,5.0,3.0,4.0,12.0
2117.0,delete,4.916286332806171,1595.0,206.0,5.155619995419446,0.0,4.0,3.0,4.0,11.0
2118.0,delete,7.3790860273422245,1596.0,154.0,6.0763723376785235,0.0,4.0,5.0,6.0,9.0
2119.0,add,5.898512779957069,1597.0,48.0,6.07168509633382,8.0,4.0,2.0,3.0,19.0
2120.0,add,5.523596172867749,1598.0,208.0,5.523596172867749,0.0,4.0,3.0,3.0,13.0
2121.0,add,6.032228748006982,1598.0,208.0,5.523596172867749,0.0,5.0,3.0,3.0,13.0
2122.0,delete,6.364244037109362,1598.0,208.0,5.523596172867749,0.0,4.0,3.0,3.0,12.0
2123.0,swap,5.582439902908351,1598.0,208.0,5.523596172867749,0.0,3.0,4.0,3.0,13.0
2124.0,delete,4.470318743874339,1599.0,91.0,6.328157758024647,4.0,4.0,4.0,5.0,18.0
2125.0,delete,7.079296629102467,1600.0,175.0,5.5762343651628035,0.0,6.0,3.0,4.0,14.0
2126.0,delete,5.52236220228856,1601.0,190.0,5.788681085742913,0.0,3.0,3.0,5.0,15.0
2127.0,delete,6.770964656758101,1602.0,127.0,6.608355001656538,0.0,3.0,3.0,3.0,14.0
2128.0,add,5.2018007302768,1603.0,200.0,5.67207681001278,0.0,3.0,3.0,4.0,12.0
2129.0,delete,5.91327637214462,1604.0,205.0,5.3892138181136415,0.0,5.0,2.0,4.0,12.0
2130.0,add,5.938455038255987,1605.0,207.0,5.8052210067520384,0.0,4.0,3.0,3.0,13.0
2131.0,add,6.690192846887406,1606.0,155.0,6.05176075909293,0.0,4.0,5.0,5.0,11.0
2132.0,add,5.898472791979692,1607.0,49.0,6.07190625350709,8.0,4.0,2.0,4.0,19.0
2133.0,delete,7.0809170545102305,1608.0,176.0,5.535873577674209,0.0,5.0,2.0,4.0,15.0
2134.0,delete,5.254507962550748,1609.0,92.0,6.339194836385861,4.0,3.0,4.0,5.0,18.0
2135.0,delete,5.584836309378605,1610.0,191.0,5.813413263147588,0.0,3.0,2.0,4.0,16.0
2136.0,delete,4.916286332806171,1611.0,206.0,5.466850019004712,0.0,4.0,3.0,4.0,11.0
2137.0,add,6.09667195281501,1612.0,201.0,5.622283221631121,0.0,3.0,3.0,4.0,13.0
2138.0,add,6.03222874800698,1613.0,209.0,6.032228748006982,0.0,5.0,3.0,3.0,13.0
2139.0,add,5.875064558611961,1613.0,209.0,6.032228748006982,0.0,5.0,3.0,3.0,14.0
2140.0,delete,6.032228748006982,1613.0,209.0,6.032228748006982,0.0,5.0,3.0,3.0,12.0
2141.0,swap,6.171149453140623,1613.0,209.0,6.032228748006982,0.0,5.0,2.0,3.0,14.0
2142.0,delete,7.346170265444573,1614.0,128.0,6.59499473539117,0.0,2.0,3.0,4.0,13.0
2143.0,delete,6.674387315411749,1615.0,177.0,5.495131175078201,0.0,4.0,3.0,4.0,14.0
2144.0,add,6.794707710325281,1616.0,156.0,6.03310026574464,0.0,4.0,5.0,5.0,12.0
2145.0,add,5.882798345280628,1617.0,50.0,6.074203297949103,8.0,4.0,2.0,5.0,19.0
2146.0,delete,5.458014206431232,1618.0,93.0,6.3482307041892,3.0,4.0,4.0,5.0,17.0
2147.0,delete,5.379613446513074,1619.0,192.0,5.8588357317706095,0.0,2.0,3.0,4.0,15.0
2148.0,add,5.492279327482875,1620.0,208.0,6.028580051154705,0.0,4.0,4.0,3.0,13.0
2149.0,add,4.460013255442784,1621.0,207.0,5.869773718842326,0.0,5.0,3.0,3.0,12.0
2150.0,add,6.193751700734617,1622.0,202.0,5.542518223664902,0.0,3.0,3.0,4.0,14.0
2151.0,add,5.803031453879866,1623.0,210.0,5.875064558611961,0.0,5.0,3.0,3.0,14.0
2152.0,add,5.50107711623132,1623.0,210.0,5.875064558611961,0.0,6.0,3.0,3.0,14.0
2153.0,delete,5.875064558611961,1623.0,210.0,5.875064558611961,0.0,5.0,3.0,3.0,13.0
2154.0,swap,5.289056282367618,1623.0,210.0,5.875064558611961,0.0,5.0,4.0,3.0,13.0
2155.0,add,6.659887094100289,1624.0,129.0,6.573005004588629,0.0,2.0,3.0,4.0,14.0
2156.0,delete,6.621991406415571,1625.0,157.0,6.008147625073197,0.0,4.0,4.0,5.0,12.0
2157.0,delete,5.89311561138325,1626.0,178.0,5.46050251321751,0.0,4.0,3.0,4.0,13.0
2158.0,add,5.808421654950915,1627.0,1.0,6.088739197975445,10.0,1.0,0.0,0.0,0.0
2159.0,add,5.898509077435076,1628.0,51.0,6.072980969738162,8.0,5.0,2.0,4.0,20.0
2160.0,add,5.040442359431185,1629.0,94.0,6.353838788388567,2.0,4.0,4.0,6.0,18.0
2161.0,add,4.803279685106668,1630.0,193.0,5.858666221548216,0.0,3.0,3.0,4.0,15.0
2162.0,add,6.608211319899042,1631.0,209.0,5.668658793940546,0.0,5.0,3.0,3.0,14.0
2163.0,add,5.951975623343534,1632.0,208.0,5.882874574022384,0.0,5.0,3.0,3.0,13.0
2164.0,add,6.115929695878798,1633.0,203.0,5.498796677071984,0.0,5.0,3.0,4.0,13.0
2165.0,delete,6.650612287705031,1634.0,130.0,6.56531377265064,0.0,2.0,2.0,5.0,13.0
2166.0,add,5.511105836272799,1635.0,211.0,5.50107711623132,0.0,6.0,3.0,3.0,14.0
2167.0,add,5.608662897824406,1635.0,211.0,5.50107711623132,0.0,6.0,3.0,3.0,15.0
2168.0,delete,5.501077116231319,1635.0,211.0,5.50107711623132,0.0,6.0,3.0,2.0,14.0
2169.0,swap,5.49552336538636,1635.0,211.0,5.50107711623132,0.0,6.0,4.0,3.0,13.0
2170.0,delete,6.092025326682809,1636.0,158.0,5.991515752882767,0.0,3.0,4.0,5.0,12.0
2171.0,add,5.808421654950915,1637.0,2.0,6.088493415602565,10.0,1.0,0.0,0.0,1.0
2172.0,delete,5.03126488547107,1638.0,95.0,6.360554586594665,1.0,4.0,4.0,5.0,19.0
2173.0,add,5.853172661948569,1639.0,52.0,6.0709959169811505,8.0,5.0,3.0,4.0,20.0
2174.0,add,6.852697168380662,1640.0,179.0,5.455870970017231,0.0,3.0,3.0,4.0,15.0
2175.0,delete,4.885854672641712,1641.0,194.0,5.8786643887911865,0.0,3.0,3.0,4.0,14.0
2176.0,add,5.875064558611961,1642.0,210.0,5.523489266389241,0.0,5.0,3.0,3.0,15.0
2177.0,delete,5.098559953903003,1643.0,204.0,5.529840025364721,0.0,4.0,3.0,4.0,13.0
2178.0,delete,7.857190409304272,1644.0,131.0,6.548194668568129,0.0,2.0,3.0,4.0,12.0
2179.0,add,5.9250851160340545,1645.0,209.0,5.722085369448056,0.0,5.0,3.0,3.0,14.0
2180.0,add,5.608662897824403,1646.0,212.0,5.608662897824406,0.0,6.0,3.0,3.0,15.0
2181.0,add,5.608662897824406,1646.0,212.0,5.608662897824406,0.0,6.0,3.0,3.0,16.0
2182.0,delete,5.506214918922045,1646.0,212.0,5.608662897824406,0.0,6.0,3.0,3.0,14.0
2183.0,swap,5.704409249636119,1646.0,212.0,5.608662897824406,0.0,6.0,3.0,4.0,14.0
2184.0,delete,7.058017758505713,1647.0,159.0,5.973335662844202,0.0,3.0,5.0,4.0,11.0
2185.0,add,6.105741486529232,1648.0,3.0,6.088560637029493,10.0,0.0,1.0,0.0,2.0
2186.0,add,5.672936357011757,1649.0,96.0,6.365934455341665,2.0,4.0,4.0,5.0,19.0
2187.0,add,6.113793182599547,1650.0,53.0,6.070172445619447,8.0,5.0,3.0,4.0,21.0
2188.0,add,5.321360528048047,1651.0,180.0,5.464205496944023,0.0,3.0,3.0,4.0,16.0
2189.0,add,6.282386598844005,1652.0,195.0,5.863385756500901,0.0,3.0,3.0,4.0,15.0
2190.0,delete,5.1163011994786345,1653.0,205.0,5.5808425768305465,0.0,5.0,3.0,4.0,11.0
2191.0,delete,7.106214931035299,1654.0,132.0,6.5344271407038885,0.0,2.0,2.0,3.0,13.0
2192.0,add,5.501189343953522,1655.0,211.0,5.607322572406275,0.0,6.0,3.0,4.0,14.0
2193.0,add,5.875064558611961,1656.0,210.0,5.583786381701696,0.0,5.0,3.0,3.0,15.0
2194.0,add,5.594671478490809,1657.0,213.0,5.608662897824406,0.0,6.0,3.0,3.0,16.0
2195.0,add,5.597628913006561,1657.0,213.0,5.608662897824406,0.0,6.0,4.0,3.0,16.0
2196.0,delete,6.301096708333107,1657.0,213.0,5.608662897824406,0.0,5.0,3.0,3.0,16.0
2197.0,swap,5.13137021051893,1657.0,213.0,5.608662897824406,0.0,7.0,3.0,3.0,15.0
2198.0,delete,5.6440913948210705,1658.0,97.0,6.3674592594545425,2.0,4.0,4.0,5.0,18.0
2199.0,add,6.089415951483516,1659.0,4.0,6.086853063600978,10.0,0.0,1.0,1.0,2.0
2200.0,delete,7.063455414683082,1660.0,160.0,5.943566403234705,0.0,3.0,5.0,4.0,10.0
2201.0,add,6.0047740002003165,1661.0,54.0,6.068249024553918,8.0,5.0,4.0,4.0,21.0
2202.0,add,5.449446499322142,1662.0,181.0,5.482707289074571,0.0,4.0,3.0,4.0,16.0
2203.0,delete,5.898832776359797,1663.0,196.0,5.826622695416048,0.0,3.0,3.0,5.0,13.0
2204.0,delete,6.695623751534784,1664.0,133.0,6.518843118081833,0.0,1.0,3.0,3.0,12.0
2205.0,delete,4.551701556165144,1665.0,206.0,5.612212676359159,0.0,4.0,3.0,4.0,11.0
2206.0,add,5.8255515775056095,1666.0,212.0,5.646686041634763,0.0,7.0,3.0,3.0,15.0
2207.0,add,5.18989065960036,1667.0,211.0,5.635283735803628,0.0,7.0,3.0,3.0,14.0
2208.0,delete,7.229904878639688,1668.0,161.0,5.92026082598929,0.0,2.0,5.0,3.0,11.0
2209.0,add,5.622313297940457,1669.0,214.0,5.597628913006561,0.0,6.0,4.0,3.0,16.0
2210.0,delete,5.5865347220065456,1669.0,214.0,5.597628913006561,0.0,6.0,4.0,3.0,15.0
2211.0,swap,5.273015199519599,1669.0,214.0,5.597628913006561,0.0,6.0,5.0,3.0,15.0
2212.0,delete,5.605019358509621,1670.0,98.0,6.3645863982987985,2.0,4.0,4.0,4.0,18.0
2213.0,add,5.839906452547887,1671.0,5.0,6.085965826632167,10.0,0.0,2.0,1.0,2.0
2214.0,delete,4.662589213833587,1672.0,182.0,5.473551206502383,0.0,3.0,3.0,4.0,16.0
2215.0,add,5.7653001319982,1673.0,55.0,6.066138196438495,8.0,5.0,5.0,4.0,21.0
2216.0,delete,6.499890311195483,1674.0,197.0,5.77258772892853,0.0,2.0,3.0,4.0,14.0
2217.0,delete,7.881008383795443,1675.0,134.0,6.496551930509539,0.0,1.0,2.0,3.0,12.0
2218.0,add,5.645182837011473,1676.0,207.0,5.689711180540949,0.0,4.0,3.0,3.0,13.0
2219.0,add,4.99705203442634,1677.0,213.0,5.519873033118291,0.0,6.0,3.0,3.0,17.0
2220.0,delete,5.532375309885551,1678.0,215.0,5.5865347220065456,0.0,6.0,4.0,3.0,15.0
2221.0,delete,5.357656961587135,1678.0,215.0,5.5865347220065456,0.0,6.0,4.0,3.0,14.0
2222.0,swap,5.499201807329965,1678.0,215.0,5.5865347220065456,0.0,5.0,4.0,3.0,16.0
2223.0,delete,7.072328398623274,1679.0,162.0,5.891924829414538,0.0,3.0,5.0,2.0,10.0
2224.0,delete,6.762956806213395,1680.0,99.0,6.363256839417503,2.0,4.0,3.0,5.0,17.0
2225.0,delete,4.3040239844812795,1681.0,183.0,5.493241603590616,0.0,2.0,3.0,4.0,16.0
2226.0,delete,6.355692695953808,1682.0,198.0,5.711817595819556,0.0,3.0,3.0,3.0,13.0
2227.0,add,6.335247330279184,1683.0,6.0,6.0855010807808085,10.0,1.0,2.0,1.0,2.0
2228.0,delete,5.774826617258666,1684.0,56.0,6.068269317989352,7.0,5.0,4.0,4.0,22.0
2229.0,add,5.411863461465889,1685.0,212.0,5.532856239875001,0.0,6.0,3.0,3.0,16.0
2230.0,delete,5.597628913006561,1686.0,214.0,5.493942200202299,0.0,6.0,4.0,3.0,15.0
2231.0,add,7.858941226500187,1687.0,135.0,6.4649436873250865,0.0,1.0,3.0,2.0,13.0
2232.0,add,5.6220088506806265,1688.0,208.0,5.664158203829397,0.0,4.0,3.0,3.0,14.0
2233.0,delete,5.347900017581555,1689.0,216.0,5.357656961587135,0.0,6.0,4.0,3.0,14.0
2234.0,delete,4.719549439054503,1689.0,216.0,5.357656961587135,0.0,6.0,4.0,3.0,13.0
2235.0,swap,5.700430285821747,1689.0,216.0,5.357656961587135,0.0,5.0,5.0,3.0,14.0
2236.0,add,7.219469193683463,1690.0,163.0,5.857784804495208,0.0,4.0,4.0,2.0,11.0
2237.0,delete,6.12457727836452,1691.0,199.0,5.662485559596876,0.0,3.0,3.0,4.0,11.0
2238.0,add,6.629888327852662,1692.0,100.0,6.354455442534185,2.0,4.0,3.0,6.0,17.0
2239.0,add,4.90228281455191,1693.0,184.0,5.52621719972718,0.0,3.0,3.0,4.0,16.0
2240.0,delete,5.780158172540512,1694.0,57.0,6.070189828330409,8.0,5.0,4.0,4.0,20.0
2241.0,add,6.33642318492921,1695.0,7.0,6.083166604960248,10.0,1.0,2.0,2.0,2.0
2242.0,add,5.4083828843918385,1696.0,213.0,5.402607241763877,0.0,7.0,3.0,3.0,16.0
2243.0,delete,5.5865347220065456,1697.0,215.0,5.281384176011235,0.0,6.0,4.0,3.0,14.0
2244.0,delete,4.620214357601908,1698.0,217.0,4.719549439054503,0.0,6.0,4.0,3.0,13.0
2245.0,delete,4.719549439054503,1698.0,217.0,4.719549439054503,0.0,6.0,4.0,3.0,12.0
2246.0,swap,4.55250577370973,1698.0,217.0,4.719549439054503,0.0,6.0,4.0,3.0,13.0
2247.0,add,7.841667868327645,1699.0,136.0,6.424889109940672,0.0,2.0,3.0,3.0,12.0
2248.0,add,6.317743348820034,1700.0,209.0,5.508418200501971,0.0,5.0,3.0,3.0,14.0
2249.0,add,7.11652555399612,1701.0,164.0,5.818240218781759,0.0,4.0,4.0,2.0,12.0
2250.0,add,6.3428605321069185,1702.0,200.0,5.597450166328549,0.0,3.0,3.0,4.0,12.0
2251.0,delete,5.805815998378958,1703.0,101.0,6.34671963678667,2.0,4.0,3.0,5.0,17.0
2252.0,delete,5.609552417541337,1704.0,214.0,5.235006812387188,0.0,6.0,3.0,3.0,16.0
2253.0,delete,5.7739454368456276,1705.0,58.0,6.071072670827134,6.0,5.0,4.0,4.0,21.0
2254.0,add,4.56317490066096,1706.0,185.0,5.569674117058595,0.0,4.0,3.0,4.0,16.0
2255.0,add,6.33642318492921,1707.0,8.0,6.0793056314502065,10.0,1.0,2.0,2.0,3.0
2256.0,delete,5.357656961587135,1708.0,216.0,4.652954752355161,0.0,6.0,4.0,2.0,14.0
2257.0,delete,4.71408882702577,1709.0,218.0,4.719549439054503,0.0,6.0,4.0,3.0,12.0
2258.0,delete,4.6834726446668995,1709.0,218.0,4.719549439054503,0.0,6.0,4.0,3.0,11.0
2259.0,swap,5.014331135751546,1709.0,218.0,4.719549439054503,0.0,7.0,4.0,3.0,11.0
2260.0,add,7.733731629952356,1710.0,137.0,6.3924275176096135,0.0,1.0,4.0,3.0,13.0
2261.0,add,5.963714180584818,1711.0,210.0,5.396218372943727,0.0,5.0,4.0,3.0,14.0
2262.0,delete,5.586534722006544,1712.0,215.0,5.031157547120748,0.0,6.0,4.0,2.0,15.0
2263.0,add,6.645323111512328,1713.0,165.0,5.783295308472498,0.0,4.0,4.0,2.0,13.0
2264.0,delete,6.773528275792516,1714.0,102.0,6.335782254230226,1.0,4.0,3.0,5.0,17.0
2265.0,add,6.09667195281501,1715.0,201.0,5.558247735335975,0.0,3.0,3.0,4.0,13.0
2266.0,delete,5.571061395916279,1716.0,59.0,6.070918997493325,7.0,4.0,3.0,4.0,21.0
2267.0,delete,4.719549439054503,1717.0,217.0,4.78286051162468,0.0,6.0,4.0,3.0,12.0
2268.0,add,4.777519303398224,1718.0,186.0,5.589578553743828,0.0,3.0,3.0,4.0,18.0
2269.0,add,6.352695097211867,1719.0,9.0,6.075787400305661,10.0,1.0,2.0,2.0,4.0
2270.0,delete,4.676150209057231,1720.0,219.0,4.6834726446668995,0.0,6.0,4.0,3.0,11.0
2271.0,delete,5.091203458523603,1720.0,219.0,4.6834726446668995,0.0,5.0,4.0,3.0,11.0
2272.0,swap,5.106058823682812,1720.0,219.0,4.6834726446668995,0.0,6.0,4.0,3.0,11.0
2273.0,add,7.750210282184868,1721.0,138.0,6.359123783745445,0.0,1.0,5.0,3.0,13.0
2274.0,add,5.602213711749014,1722.0,211.0,5.314597923557129,0.0,6.0,3.0,3.0,15.0
2275.0,delete,4.851734634491786,1723.0,216.0,4.831194209064179,0.0,6.0,4.0,3.0,13.0
2276.0,delete,4.690797377886292,1724.0,218.0,4.889221283982636,0.0,6.0,3.0,3.0,12.0
2277.0,delete,6.773496137504207,1725.0,103.0,6.322971364765156,1.0,4.0,3.0,4.0,17.0
2278.0,add,7.01147806637862,1726.0,166.0,5.746313729698331,0.0,4.0,4.0,2.0,14.0
2279.0,delete,6.240357605746905,1727.0,60.0,6.0701062550235285,6.0,4.0,4.0,4.0,20.0
2280.0,add,6.1562668210667315,1728.0,202.0,5.474593193083579,0.0,3.0,4.0,4.0,13.0
2281.0,delete,5.11434114204186,1729.0,220.0,5.091203458523603,0.0,5.0,4.0,3.0,11.0
2282.0,delete,5.091203458523605,1729.0,220.0,5.091203458523603,0.0,5.0,4.0,2.0,11.0
2283.0,swap,5.329537345956774,1729.0,220.0,5.091203458523603,0.0,6.0,3.0,3.0,11.0
2284.0,add,6.33642318492921,1730.0,10.0,6.07179391737032,10.0,1.0,2.0,2.0,5.0
2285.0,add,4.7041208880228265,1731.0,187.0,5.597207185960449,0.0,3.0,3.0,5.0,18.0
2286.0,delete,6.0584093197501705,1732.0,217.0,4.912523608435451,0.0,6.0,3.0,3.0,13.0
2287.0,add,7.5846376664282875,1733.0,139.0,6.324572761409722,0.0,1.0,5.0,4.0,13.0
2288.0,add,4.99705203442634,1734.0,212.0,5.263751598195325,0.0,6.0,3.0,3.0,16.0
2289.0,delete,4.6834726446668995,1735.0,219.0,5.15657135126146,0.0,6.0,4.0,3.0,10.0
2290.0,delete,6.524066989842137,1736.0,104.0,6.314882031063257,1.0,3.0,3.0,5.0,16.0
2291.0,delete,5.0912034585236015,1737.0,221.0,5.091203458523605,0.0,5.0,4.0,2.0,11.0
2292.0,add,5.602344571213496,1737.0,221.0,5.091203458523605,0.0,5.0,4.0,2.0,12.0
2293.0,delete,5.091203458523603,1737.0,221.0,5.091203458523605,0.0,5.0,4.0,1.0,11.0
2294.0,swap,5.517560718386631,1737.0,221.0,5.091203458523605,0.0,4.0,4.0,3.0,11.0
2295.0,delete,5.85446893952885,1738.0,61.0,6.069618664325659,6.0,4.0,3.0,4.0,20.0
2296.0,add,6.398252106978109,1739.0,167.0,5.712635776692332,0.0,5.0,4.0,3.0,13.0
2297.0,add,6.337047494627335,1740.0,11.0,6.068399075222151,10.0,1.0,2.0,2.0,6.0
2298.0,delete,5.036078640865985,1741.0,188.0,5.614683522753283,0.0,3.0,3.0,4.0,18.0
2299.0,add,5.71181178642348,1742.0,203.0,5.410071671184253,0.0,4.0,3.0,4.0,14.0
2300.0,delete,4.690392800855312,1743.0,218.0,5.059119177819484,0.0,5.0,4.0,3.0,12.0
2301.0,add,7.733483264653839,1744.0,140.0,6.287982779031141,0.0,2.0,5.0,4.0,13.0
2302.0,add,4.682914039223608,1745.0,213.0,5.181776247375603,0.0,6.0,4.0,3.0,16.0
2303.0,delete,5.660372079398794,1746.0,105.0,6.308833229776721,1.0,3.0,3.0,4.0,16.0
2304.0,delete,5.904180300142419,1747.0,220.0,5.2787031330341865,0.0,4.0,4.0,3.0,11.0
2305.0,delete,4.831104099354279,1748.0,204.0,5.396454311056657,0.0,5.0,2.0,4.0,13.0
2306.0,add,5.560847266823859,1749.0,62.0,6.071831537220448,6.0,4.0,4.0,4.0,20.0
2307.0,add,5.428449533302899,1750.0,168.0,5.691812037352673,0.0,5.0,5.0,3.0,13.0
2308.0,delete,6.430958876440523,1751.0,189.0,5.619903066794032,0.0,3.0,3.0,5.0,16.0
2309.0,add,5.595446068178823,1752.0,222.0,5.602344571213496,0.0,5.0,4.0,2.0,12.0
2310.0,add,5.631638214659346,1752.0,222.0,5.602344571213496,0.0,5.0,5.0,2.0,12.0
2311.0,delete,5.476591844983309,1752.0,222.0,5.602344571213496,0.0,5.0,4.0,2.0,11.0
2312.0,swap,5.602344571213496,1752.0,222.0,5.602344571213496,0.0,5.0,4.0,2.0,12.0
2313.0,add,6.33642318492921,1753.0,12.0,6.063750392191528,10.0,1.0,2.0,2.0,7.0
2314.0,delete,5.582407365171378,1754.0,214.0,5.215412367116439,0.0,5.0,4.0,3.0,16.0
2315.0,add,7.732339031422149,1755.0,141.0,6.254632414742369,0.0,3.0,5.0,5.0,12.0
2316.0,delete,6.723748721513757,1756.0,106.0,6.3052234364734625,1.0,3.0,2.0,4.0,16.0
2317.0,delete,4.55250577370973,1757.0,219.0,5.344447946824104,0.0,6.0,4.0,3.0,10.0
2318.0,delete,5.1163011994786345,1758.0,205.0,5.406046843516846,0.0,5.0,3.0,4.0,11.0
2319.0,delete,5.52236220228856,1759.0,190.0,5.626534369110426,0.0,3.0,3.0,5.0,15.0
2320.0,add,5.481142997997392,1760.0,63.0,6.074158653847793,6.0,4.0,4.0,5.0,20.0
2321.0,add,6.315252528487778,1761.0,169.0,5.672465868214788,0.0,5.0,4.0,3.0,15.0
2322.0,add,5.091203458523605,1762.0,221.0,5.581673054049694,0.0,5.0,4.0,2.0,12.0
2323.0,delete,4.946503131550313,1763.0,220.0,5.426810920261085,0.0,5.0,4.0,3.0,10.0
2324.0,add,5.7587730201343055,1764.0,223.0,5.631638214659346,0.0,5.0,5.0,2.0,12.0
2325.0,delete,5.685179901673065,1764.0,223.0,5.631638214659346,0.0,5.0,4.0,2.0,12.0
2326.0,swap,5.631638214659349,1764.0,223.0,5.631638214659346,0.0,5.0,5.0,3.0,11.0
2327.0,add,5.924898974439654,1765.0,13.0,6.059903136148732,10.0,2.0,2.0,2.0,7.0
2328.0,delete,7.648223210945332,1766.0,142.0,6.223151544730425,0.0,2.0,4.0,5.0,13.0
2329.0,delete,5.586534722006544,1767.0,215.0,5.1810398162005376,0.0,6.0,4.0,2.0,15.0
2330.0,add,5.393119639179346,1768.0,107.0,6.298683337088492,1.0,2.0,2.0,4.0,18.0
2331.0,delete,4.916286332806171,1769.0,206.0,5.410146417969087,0.0,4.0,3.0,4.0,11.0
2332.0,delete,5.423166503713059,1770.0,191.0,5.6274542909629295,0.0,3.0,3.0,4.0,15.0
2333.0,delete,5.457690020664141,1771.0,64.0,6.075357052135341,6.0,5.0,3.0,5.0,19.0
2334.0,delete,6.315252528487778,1772.0,170.0,5.655909234080667,0.0,5.0,4.0,3.0,14.0
2335.0,add,6.143824821633133,1773.0,222.0,5.676807337781517,0.0,6.0,4.0,2.0,12.0
2336.0,delete,5.6955689585536895,1774.0,224.0,5.685179901673065,0.0,5.0,4.0,2.0,12.0
2337.0,add,5.685179901673065,1774.0,224.0,5.685179901673065,0.0,5.0,4.0,3.0,12.0
2338.0,delete,6.177716421061382,1774.0,224.0,5.685179901673065,0.0,5.0,4.0,2.0,11.0
2339.0,swap,4.270595217584406,1774.0,224.0,5.685179901673065,0.0,6.0,3.0,2.0,12.0
2340.0,add,6.33642318492921,1775.0,14.0,6.056492246630525,10.0,1.0,2.0,2.0,9.0
2341.0,delete,7.6405383306634045,1776.0,143.0,6.196001428433659,0.0,2.0,5.0,3.0,13.0
2342.0,delete,5.357656961587135,1777.0,216.0,5.19088553148809,0.0,6.0,4.0,3.0,13.0
2343.0,add,5.020323569570932,1778.0,221.0,5.574860370410319,0.0,5.0,5.0,2.0,11.0
2344.0,add,5.892957627907652,1779.0,108.0,6.294759276615045,1.0,2.0,2.0,4.0,19.0
2345.0,delete,5.1789118084591825,1780.0,192.0,5.638087429039778,0.0,3.0,3.0,3.0,15.0
2346.0,delete,5.331442029259327,1781.0,65.0,6.078348818522177,5.0,5.0,4.0,5.0,18.0
2347.0,add,5.436158104126732,1782.0,207.0,5.446539435867682,0.0,4.0,3.0,3.0,13.0
2348.0,add,6.3135755693439535,1783.0,171.0,5.628073823902886,0.0,5.0,3.0,4.0,15.0
2349.0,delete,5.631638214659346,1784.0,223.0,5.502848080109122,0.0,5.0,5.0,2.0,11.0
2350.0,add,5.6654478547670415,1785.0,225.0,5.685179901673065,0.0,5.0,4.0,3.0,12.0
2351.0,add,5.685179901673065,1785.0,225.0,5.685179901673065,0.0,5.0,4.0,4.0,12.0
2352.0,delete,5.562978056277686,1785.0,225.0,5.685179901673065,0.0,5.0,3.0,3.0,12.0
2353.0,swap,5.919437416465619,1785.0,225.0,5.685179901673065,0.0,5.0,5.0,2.0,12.0
2354.0,add,6.33642318492921,1786.0,15.0,6.053210902236761,10.0,1.0,2.0,2.0,10.0
2355.0,delete,7.282467387890703,1787.0,144.0,6.167261805293306,0.0,2.0,5.0,4.0,11.0
2356.0,delete,5.244756060204306,1788.0,217.0,5.293140612353468,0.0,5.0,4.0,3.0,13.0
2357.0,add,5.602344571213496,1789.0,222.0,5.653199722533892,0.0,5.0,4.0,3.0,12.0
2358.0,add,4.338114643379916,1790.0,109.0,6.303602693382909,1.0,2.0,3.0,4.0,19.0
2359.0,add,5.771330906712311,1791.0,193.0,5.641530246775476,0.0,3.0,3.0,4.0,15.0
2360.0,add,5.331442029259327,1792.0,66.0,6.080995230576838,5.0,5.0,4.0,5.0,19.0
2361.0,add,5.523469896144261,1793.0,208.0,5.449228207032358,0.0,4.0,3.0,4.0,13.0
2362.0,add,6.612799596358447,1794.0,172.0,5.615200852070191,0.0,6.0,3.0,3.0,16.0
2363.0,add,5.150961885682179,1795.0,224.0,5.703644626171295,0.0,6.0,4.0,2.0,12.0
2364.0,delete,5.728316509458866,1796.0,223.0,5.557262157279141,0.0,5.0,5.0,2.0,11.0
2365.0,delete,4.55250577370973,1797.0,218.0,5.34037076697975,0.0,6.0,4.0,3.0,11.0
2366.0,delete,7.699729925949457,1798.0,145.0,6.13946037689172,0.0,1.0,5.0,4.0,11.0
2367.0,add,6.337047494627335,1799.0,16.0,6.050174855686168,10.0,1.0,2.0,2.0,11.0
2368.0,add,5.926129513544748,1800.0,226.0,5.685179901673065,0.0,5.0,4.0,4.0,12.0
2369.0,add,5.666655602508147,1800.0,226.0,5.685179901673065,0.0,6.0,4.0,4.0,12.0
2370.0,delete,5.551986062964362,1800.0,226.0,5.685179901673065,0.0,5.0,4.0,4.0,11.0
2371.0,swap,5.66851545170263,1800.0,226.0,5.685179901673065,0.0,5.0,4.0,5.0,11.0
2372.0,add,4.174756744258334,1801.0,110.0,6.3152162366247495,1.0,2.0,2.0,5.0,20.0
2373.0,delete,4.3972283553993545,1802.0,194.0,5.643621978666506,0.0,3.0,3.0,4.0,14.0
2374.0,add,5.864433211615064,1803.0,67.0,6.0810679919046615,5.0,6.0,4.0,5.0,19.0
2375.0,delete,6.701096160193463,1804.0,173.0,5.591289662493974,0.0,6.0,3.0,4.0,14.0
2376.0,add,6.233932822385095,1805.0,209.0,5.4189436119431615,0.0,6.0,3.0,3.0,13.0
2377.0,add,5.685179901673065,1806.0,225.0,5.699693306478591,0.0,5.0,4.0,4.0,12.0
2378.0,delete,4.5449556946451715,1807.0,219.0,5.459642425344991,0.0,6.0,4.0,3.0,10.0
2379.0,add,5.685179901673065,1808.0,224.0,5.651604686266509,0.0,5.0,4.0,2.0,13.0
2380.0,add,7.701793001283335,1809.0,146.0,6.107718660214439,0.0,2.0,5.0,4.0,11.0
2381.0,add,6.340771065330566,1810.0,17.0,6.045963179313356,10.0,2.0,2.0,3.0,10.0
2382.0,add,5.666655602508146,1811.0,227.0,5.666655602508147,0.0,6.0,4.0,4.0,12.0
2383.0,delete,5.768037406913804,1811.0,227.0,5.666655602508147,0.0,6.0,4.0,4.0,11.0
2384.0,swap,5.666655602508147,1811.0,227.0,5.666655602508147,0.0,6.0,4.0,4.0,12.0
2385.0,add,6.488729306876492,1812.0,195.0,5.639453780160319,0.0,3.0,4.0,4.0,14.0
2386.0,add,5.188273230244634,1813.0,111.0,6.327759926223464,1.0,2.0,2.0,4.0,22.0
2387.0,add,5.685179901673065,1814.0,226.0,5.6920010536095615,0.0,5.0,4.0,5.0,12.0
2388.0,add,5.920595514303561,1815.0,68.0,6.081516284742406,5.0,6.0,4.0,5.0,20.0
2389.0,add,6.663131366456212,1816.0,174.0,5.566931043982672,0.0,6.0,3.0,4.0,15.0
2390.0,add,5.353390163559196,1817.0,210.0,5.3896160371722805,0.0,5.0,3.0,3.0,15.0
2391.0,delete,5.211667310108901,1818.0,220.0,5.554530836893128,0.0,5.0,4.0,3.0,10.0
2392.0,delete,5.768037406913804,1819.0,228.0,5.768037406913804,0.0,6.0,4.0,4.0,11.0
2393.0,add,6.293400217930173,1819.0,228.0,5.768037406913804,0.0,7.0,4.0,4.0,11.0
2394.0,delete,6.553079233295457,1819.0,228.0,5.768037406913804,0.0,5.0,4.0,4.0,11.0
2395.0,swap,4.917030486248861,1819.0,228.0,5.768037406913804,0.0,6.0,4.0,4.0,11.0
2396.0,add,6.33642318492921,1820.0,18.0,6.043290637123779,10.0,3.0,2.0,2.0,11.0
2397.0,delete,7.545719825052629,1821.0,147.0,6.081550268873692,0.0,2.0,5.0,4.0,10.0
2398.0,delete,6.506175050535725,1822.0,196.0,5.622734635824657,0.0,3.0,3.0,4.0,14.0
2399.0,delete,5.384485941340277,1823.0,112.0,6.337368364809746,0.0,2.0,2.0,4.0,22.0
2400.0,add,5.852361605724513,1824.0,225.0,5.750123020861248,0.0,5.0,4.0,3.0,13.0
2401.0,delete,7.079296629102467,1825.0,175.0,5.543760255865727,0.0,6.0,3.0,4.0,14.0
2402.0,add,6.033321998641704,1826.0,69.0,6.082908490881908,5.0,7.0,4.0,5.0,20.0
2403.0,delete,6.090223355166385,1827.0,227.0,5.85991695026042,0.0,5.0,4.0,4.0,12.0
2404.0,add,5.105451966552549,1828.0,211.0,5.399058908578725,0.0,7.0,3.0,3.0,14.0
2405.0,add,4.943696942624773,1829.0,221.0,5.652794369704129,0.0,5.0,4.0,2.0,12.0
2406.0,add,6.293400217930169,1830.0,229.0,6.293400217930173,0.0,7.0,4.0,4.0,11.0
2407.0,add,6.2938762439378975,1830.0,229.0,6.293400217930173,0.0,7.0,4.0,5.0,11.0
2408.0,delete,6.261425359078983,1830.0,229.0,6.293400217930173,0.0,7.0,3.0,4.0,11.0
2409.0,swap,6.6591289221524965,1830.0,229.0,6.293400217930173,0.0,6.0,4.0,4.0,12.0
2410.0,add,6.33642318492921,1831.0,19.0,6.042541343940167,10.0,2.0,2.0,2.0,13.0
2411.0,add,7.52186262587604,1832.0,148.0,6.056852624870736,0.0,2.0,5.0,4.0,11.0
2412.0,delete,4.861101120063335,1833.0,113.0,6.348411913252455,1.0,1.0,2.0,4.0,21.0
2413.0,delete,6.6651509574283185,1834.0,197.0,5.6148711645388145,0.0,2.0,3.0,4.0,14.0
2414.0,delete,7.383449358618862,1835.0,176.0,5.526689648676811,0.0,4.0,3.0,4.0,15.0
2415.0,add,5.832174308897324,1836.0,226.0,5.970198968483253,0.0,5.0,4.0,4.0,13.0
2416.0,add,5.331274605425234,1837.0,70.0,6.086856137632437,5.0,6.0,4.0,5.0,22.0
2417.0,add,5.76805616504446,1838.0,228.0,6.360246192205944,0.0,6.0,4.0,5.0,11.0
2418.0,add,5.608662897824406,1839.0,212.0,5.4317110113253575,0.0,6.0,3.0,3.0,16.0
2419.0,add,6.039244992678111,1840.0,222.0,5.773815065431249,0.0,5.0,4.0,2.0,13.0
2420.0,delete,4.795699995863675,1841.0,227.0,6.060517728601136,0.0,6.0,4.0,4.0,11.0
2421.0,add,7.472435172501318,1842.0,149.0,6.032332430585522,0.0,3.0,5.0,4.0,11.0
2422.0,add,6.293876243937898,1843.0,230.0,6.2938762439378975,0.0,7.0,4.0,5.0,11.0
2423.0,add,6.477294460210988,1843.0,230.0,6.2938762439378975,0.0,7.0,4.0,5.0,12.0
2424.0,delete,6.2938762439378975,1843.0,230.0,6.2938762439378975,0.0,7.0,4.0,5.0,10.0
2425.0,swap,6.14843392484048,1843.0,230.0,6.2938762439378975,0.0,7.0,4.0,6.0,10.0
2426.0,add,6.337160266642877,1844.0,20.0,6.041532696233095,10.0,2.0,2.0,3.0,13.0
2427.0,delete,6.594726392207498,1845.0,114.0,6.357072861555438,1.0,2.0,2.0,4.0,19.0
2428.0,delete,7.090038092472744,1846.0,177.0,5.504411405711677,0.0,4.0,3.0,4.0,14.0
2429.0,delete,5.35864971049103,1847.0,71.0,6.092681911879222,5.0,6.0,4.0,5.0,21.0
2430.0,delete,6.556362663188892,1848.0,198.0,5.59857764473959,0.0,3.0,3.0,4.0,12.0
2431.0,delete,4.806183571886204,1849.0,223.0,5.8056346045720515,0.0,5.0,5.0,2.0,11.0
2432.0,add,5.850811398250211,1850.0,213.0,5.451165335489967,0.0,6.0,3.0,3.0,17.0
2433.0,add,6.303861604667659,1851.0,229.0,6.301471423373032,0.0,7.0,5.0,4.0,11.0
2434.0,add,6.4983673337939285,1852.0,228.0,6.280602691242645,0.0,7.0,4.0,4.0,11.0
2435.0,add,7.275481118677528,1853.0,150.0,6.01299160586123,0.0,3.0,5.0,5.0,11.0
2436.0,delete,6.12457727836452,1854.0,199.0,5.581842520666302,0.0,3.0,3.0,4.0,11.0
2437.0,add,6.33642318492921,1855.0,21.0,6.040827002225601,10.0,3.0,2.0,2.0,14.0
2438.0,delete,6.267845086161439,1856.0,115.0,6.363693576966354,1.0,2.0,2.0,3.0,19.0
2439.0,add,6.474496433256334,1857.0,231.0,6.477294460210988,0.0,7.0,4.0,5.0,12.0
2440.0,delete,6.477294460210988,1857.0,231.0,6.477294460210988,0.0,7.0,4.0,5.0,11.0
2441.0,swap,5.8660171718759315,1857.0,231.0,6.477294460210988,0.0,7.0,4.0,6.0,11.0
2442.0,delete,5.4899771974131975,1858.0,72.0,6.0985113392690256,5.0,5.0,4.0,4.0,22.0
2443.0,delete,5.322286820989452,1859.0,178.0,5.496399392871518,0.0,4.0,2.0,4.0,14.0
2444.0,add,6.2938762439378975,1860.0,230.0,6.3237756313885605,0.0,7.0,4.0,5.0,12.0
2445.0,delete,5.59762891300656,1861.0,214.0,5.513249716658931,0.0,6.0,4.0,2.0,16.0
2446.0,add,6.151365358859001,1862.0,224.0,5.9267858359759495,0.0,6.0,4.0,2.0,12.0
2447.0,delete,6.477294460210987,1863.0,232.0,6.477294460210988,0.0,7.0,4.0,5.0,11.0
2448.0,add,5.647343126925441,1863.0,232.0,6.477294460210988,0.0,8.0,4.0,5.0,11.0
2449.0,delete,6.479028973221858,1863.0,232.0,6.477294460210988,0.0,6.0,4.0,5.0,11.0
2450.0,swap,7.033079075500877,1863.0,232.0,6.477294460210988,0.0,6.0,4.0,6.0,11.0
2451.0,add,6.338820703683483,1864.0,22.0,6.039779209882645,10.0,2.0,2.0,3.0,15.0
2452.0,add,5.854209341896736,1865.0,116.0,6.36286933559103,1.0,2.0,2.0,4.0,19.0
2453.0,add,7.437625692692844,1866.0,151.0,5.992170605800589,0.0,4.0,5.0,6.0,10.0
2454.0,add,6.563939861968471,1867.0,179.0,5.501966191848668,0.0,3.0,3.0,4.0,15.0
2455.0,delete,5.590942099184579,1868.0,73.0,6.104914539476199,5.0,6.0,3.0,4.0,21.0
2456.0,add,5.662706572923085,1869.0,200.0,5.589750556308697,0.0,3.0,3.0,4.0,12.0
2457.0,add,6.410892673416821,1870.0,229.0,6.325689190476652,0.0,7.0,4.0,4.0,12.0
2458.0,delete,6.280419310585946,1871.0,215.0,5.56022327678828,0.0,5.0,4.0,3.0,15.0
2459.0,delete,6.368678452663489,1872.0,231.0,6.422808019214031,0.0,6.0,4.0,5.0,12.0
2460.0,add,6.133377505720543,1873.0,225.0,6.0485071627811,0.0,5.0,4.0,3.0,13.0
2461.0,add,5.636946172685223,1874.0,233.0,5.647343126925441,0.0,8.0,4.0,5.0,11.0
2462.0,add,5.765323274463951,1874.0,233.0,5.647343126925441,0.0,8.0,4.0,5.0,12.0
2463.0,delete,5.647343126925441,1874.0,233.0,5.647343126925441,0.0,8.0,4.0,5.0,10.0
2464.0,swap,6.35194820525111,1874.0,233.0,5.647343126925441,0.0,7.0,4.0,6.0,11.0
2465.0,add,6.435075822141066,1875.0,23.0,6.038198940201678,10.0,2.0,3.0,2.0,16.0
2466.0,add,6.223644963080926,1876.0,117.0,6.363622060628944,1.0,3.0,2.0,5.0,18.0
2467.0,delete,7.207382601287223,1877.0,152.0,5.97427752737543,0.0,4.0,5.0,4.0,11.0
2468.0,delete,5.821367022423733,1878.0,74.0,6.110747142730657,5.0,6.0,3.0,4.0,20.0
2469.0,add,4.380584608824871,1879.0,180.0,5.514649009024537,0.0,3.0,3.0,4.0,16.0
2470.0,add,6.1830725564109885,1880.0,201.0,5.59588050695314,0.0,4.0,3.0,4.0,12.0
2471.0,delete,5.392074970246473,1881.0,216.0,5.587066662148083,0.0,6.0,4.0,3.0,13.0
2472.0,add,6.2938762439378975,1882.0,230.0,6.21399740266718,0.0,7.0,4.0,5.0,12.0
2473.0,add,5.7137975187079135,1883.0,232.0,5.809780781250233,0.0,7.0,4.0,5.0,12.0
2474.0,add,5.018004907976011,1884.0,226.0,6.075170806491077,0.0,5.0,4.0,4.0,13.0
2475.0,delete,6.476818434203264,1885.0,231.0,6.145279713342481,0.0,7.0,4.0,4.0,12.0
2476.0,add,7.391505487512284,1886.0,153.0,5.954056242013845,0.0,4.0,6.0,5.0,10.0
2477.0,add,5.765323274463948,1887.0,234.0,5.765323274463951,0.0,8.0,4.0,5.0,12.0
2478.0,add,4.989824934614171,1887.0,234.0,5.765323274463951,0.0,8.0,4.0,5.0,13.0
2479.0,delete,5.784075490783315,1887.0,234.0,5.765323274463951,0.0,8.0,4.0,5.0,11.0
2480.0,swap,5.677124462569063,1887.0,234.0,5.765323274463951,0.0,8.0,4.0,5.0,12.0
2481.0,add,6.435075822141066,1888.0,24.0,6.035048059651706,10.0,2.0,3.0,2.0,17.0
2482.0,delete,5.372705196056059,1889.0,75.0,6.113336586363949,4.0,6.0,4.0,3.0,20.0
2483.0,delete,6.894574874822244,1890.0,118.0,6.359502836447868,0.0,3.0,2.0,4.0,19.0
2484.0,add,4.662589213833587,1891.0,181.0,5.527431139871417,0.0,3.0,3.0,4.0,17.0
2485.0,add,6.632544082434504,1892.0,202.0,5.5781288793657895,0.0,3.0,4.0,4.0,13.0
2486.0,delete,5.453714730861783,1893.0,217.0,5.6359646795993035,0.0,5.0,4.0,3.0,13.0
2487.0,delete,5.669304870061342,1894.0,227.0,6.079679667479255,0.0,5.0,4.0,4.0,12.0
2488.0,add,5.344061021811445,1895.0,233.0,5.596334287378889,0.0,9.0,4.0,5.0,11.0
2489.0,delete,7.040236971586182,1896.0,154.0,5.933416704127144,0.0,3.0,5.0,6.0,10.0
2490.0,add,7.010004582424169,1897.0,232.0,5.6657373281091825,0.0,8.0,4.0,5.0,11.0
2491.0,delete,5.636583692675627,1898.0,119.0,6.36140437493815,1.0,3.0,2.0,3.0,18.0
2492.0,add,4.989824934614171,1899.0,235.0,4.989824934614171,0.0,8.0,4.0,5.0,13.0
2493.0,add,4.961121904895335,1899.0,235.0,4.989824934614171,0.0,8.0,4.0,5.0,14.0
2494.0,delete,4.989824934614171,1899.0,235.0,4.989824934614171,0.0,8.0,4.0,4.0,13.0
2495.0,swap,4.083366394305066,1899.0,235.0,4.989824934614171,0.0,7.0,4.0,6.0,13.0
2496.0,add,6.00599954469104,1900.0,25.0,6.030545013048458,10.0,2.0,4.0,2.0,17.0
2497.0,delete,5.907145659037194,1901.0,76.0,6.113798510760548,4.0,5.0,4.0,4.0,19.0
2498.0,delete,7.165966992523792,1902.0,182.0,5.522976689933972,0.0,3.0,3.0,4.0,16.0
2499.0,add,6.269884072942246,1903.0,203.0,5.547795460841962,0.0,4.0,4.0,4.0,13.0
2500.0,delete,5.979616083204911,1904.0,218.0,5.64492524857345,0.0,6.0,3.0,3.0,12.0
2501.0,add,5.847670381699258,1905.0,228.0,6.01522058769111,0.0,6.0,5.0,4.0,11.0
2502.0,add,5.764667028107691,1906.0,234.0,4.802792620608583,0.0,8.0,4.0,6.0,12.0
2503.0,add,6.598989932299144,1907.0,155.0,5.913405762064571,0.0,4.0,5.0,5.0,11.0
2504.0,delete,6.512195810654058,1908.0,120.0,6.36200795549079,1.0,2.0,2.0,4.0,17.0
2505.0,add,4.852212013340572,1909.0,233.0,5.28313978684021,0.0,8.0,4.0,5.0,12.0
2506.0,delete,5.479438288342907,1910.0,77.0,6.119318013397037,4.0,3.0,4.0,4.0,20.0
2507.0,add,6.280921506801421,1911.0,26.0,6.029098696556705,10.0,2.0,3.0,2.0,19.0
2508.0,delete,5.1163011994786345,1912.0,204.0,5.550034092690869,0.0,5.0,3.0,4.0,12.0
2509.0,delete,4.296118559586997,1913.0,183.0,5.536774525694155,0.0,3.0,3.0,4.0,15.0
2510.0,delete,4.656530798634935,1914.0,219.0,5.693944342093153,0.0,6.0,3.0,3.0,11.0
2511.0,add,4.9541138685243045,1915.0,236.0,4.961121904895335,0.0,8.0,4.0,5.0,14.0
2512.0,delete,4.961121904895335,1915.0,236.0,4.961121904895335,0.0,8.0,4.0,5.0,13.0
2513.0,swap,4.991768102315202,1915.0,236.0,4.961121904895335,0.0,8.0,3.0,6.0,14.0
2514.0,add,4.1021779133363845,1916.0,235.0,4.967031445157544,0.0,8.0,5.0,5.0,13.0
2515.0,add,6.80705671382359,1917.0,229.0,5.806304757295963,0.0,7.0,4.0,4.0,12.0
2516.0,delete,4.961111686972196,1918.0,237.0,4.961121904895335,0.0,8.0,4.0,5.0,13.0
2517.0,delete,5.125087038892626,1918.0,237.0,4.961121904895335,0.0,8.0,4.0,5.0,12.0
2518.0,swap,4.8052545504909006,1918.0,237.0,4.961121904895335,0.0,9.0,4.0,4.0,13.0
2519.0,delete,5.478734799925158,1919.0,78.0,6.115354989492738,4.0,4.0,4.0,3.0,19.0
2520.0,add,6.0943056190468505,1920.0,121.0,6.349464689514638,1.0,2.0,2.0,4.0,18.0
2521.0,add,6.2854132997436745,1921.0,27.0,6.022230660351012,10.0,2.0,3.0,3.0,19.0
2522.0,add,6.490430719217341,1922.0,156.0,5.882016544493567,0.0,4.0,5.0,5.0,12.0
2523.0,add,5.762231131767922,1923.0,184.0,5.545011994459293,0.0,3.0,3.0,4.0,16.0
2524.0,delete,6.369549537064242,1924.0,205.0,5.540638512904629,0.0,5.0,2.0,4.0,12.0
2525.0,delete,5.037463065005796,1925.0,220.0,5.693980755896234,0.0,5.0,3.0,3.0,11.0
2526.0,add,5.437865039000735,1926.0,234.0,4.89840501512135,0.0,8.0,4.0,5.0,13.0
2527.0,delete,4.961121904895335,1927.0,236.0,4.963143795312765,0.0,8.0,4.0,4.0,14.0
2528.0,delete,5.125087038892624,1928.0,238.0,5.125087038892626,0.0,8.0,4.0,5.0,12.0
2529.0,add,5.125235842058107,1928.0,238.0,5.125087038892626,0.0,8.0,4.0,6.0,12.0
2530.0,delete,5.125087038892626,1928.0,238.0,5.125087038892626,0.0,8.0,4.0,5.0,11.0
2531.0,swap,4.364955194729064,1928.0,238.0,5.125087038892626,0.0,7.0,4.0,5.0,13.0
2532.0,delete,5.546517447580999,1929.0,79.0,6.113995356918435,4.0,3.0,4.0,4.0,18.0
2533.0,add,6.250698761263166,1930.0,122.0,6.3433865078508695,1.0,3.0,2.0,4.0,18.0
2534.0,delete,6.794707710325281,1931.0,157.0,5.861855107705766,0.0,4.0,5.0,5.0,11.0
2535.0,add,6.280921506801421,1932.0,28.0,6.017967828560689,10.0,3.0,3.0,2.0,20.0
2536.0,delete,4.916286332806171,1933.0,206.0,5.530355355819338,0.0,4.0,3.0,4.0,11.0
2537.0,add,4.571116373375346,1934.0,185.0,5.564612007213703,0.0,4.0,3.0,4.0,16.0
2538.0,add,5.436986113825755,1935.0,221.0,5.684076008115705,0.0,5.0,5.0,2.0,11.0
2539.0,add,6.2938762439378975,1936.0,230.0,5.5650446174911465,0.0,7.0,4.0,5.0,12.0
2540.0,add,4.99044895914191,1937.0,235.0,4.8894803069069255,0.0,8.0,4.0,6.0,13.0
2541.0,delete,4.989824934614171,1938.0,237.0,4.973090430693009,0.0,8.0,4.0,5.0,12.0
2542.0,delete,6.476928360601001,1939.0,231.0,5.443758648081158,0.0,7.0,4.0,4.0,12.0
2543.0,delete,6.387315245860638,1940.0,158.0,5.847766058935623,0.0,2.0,5.0,5.0,12.0
2544.0,add,5.127641009372725,1941.0,239.0,5.125235842058107,0.0,8.0,4.0,6.0,12.0
2545.0,add,6.06368624211998,1941.0,239.0,5.125235842058107,0.0,9.0,4.0,6.0,12.0
2546.0,delete,5.014007687524708,1941.0,239.0,5.125235842058107,0.0,8.0,4.0,6.0,11.0
2547.0,swap,5.161118424141112,1941.0,239.0,5.125235842058107,0.0,8.0,4.0,5.0,13.0
2548.0,delete,5.417309828920064,1942.0,80.0,6.113307740070207,4.0,3.0,4.0,4.0,17.0
2549.0,add,6.280921506801421,1943.0,29.0,6.013159407963389,10.0,3.0,3.0,2.0,21.0
2550.0,delete,5.713009667516824,1944.0,123.0,6.341360295661184,1.0,3.0,2.0,4.0,17.0
2551.0,add,3.6656725477585965,1945.0,186.0,5.582716008897589,0.0,3.0,3.0,4.0,18.0
2552.0,add,4.916286332806171,1946.0,207.0,5.550950278679459,0.0,4.0,3.0,4.0,12.0
2553.0,add,5.602344571213496,1947.0,222.0,5.6946674006832945,0.0,5.0,4.0,2.0,13.0
2554.0,delete,4.961121904895335,1948.0,236.0,5.065024321320821,0.0,8.0,4.0,5.0,13.0
2555.0,add,4.076144042284228,1949.0,238.0,5.298337841043326,0.0,9.0,4.0,5.0,12.0
2556.0,delete,7.104328336233926,1950.0,159.0,5.826824150547958,0.0,3.0,5.0,5.0,10.0
2557.0,add,6.477294460210988,1951.0,232.0,5.215336223833123,0.0,7.0,4.0,5.0,12.0
2558.0,delete,5.417309828920061,1952.0,81.0,6.113713193947624,4.0,3.0,4.0,3.0,17.0
2559.0,delete,6.127959178342748,1953.0,124.0,6.33585131989815,0.0,3.0,3.0,3.0,17.0
2560.0,delete,4.62427137890263,1954.0,237.0,5.027079499411088,0.0,7.0,4.0,5.0,13.0
2561.0,add,5.6079285624870945,1955.0,208.0,5.541232249113825,0.0,4.0,3.0,3.0,14.0
2562.0,delete,6.280921506801421,1956.0,30.0,6.007988959509525,10.0,3.0,3.0,2.0,20.0
2563.0,delete,5.631638214659346,1957.0,223.0,5.662517427670371,0.0,5.0,5.0,2.0,11.0
2564.0,add,6.06368624211998,1958.0,240.0,6.06368624211998,0.0,9.0,4.0,6.0,12.0
2565.0,add,5.843417719687698,1958.0,240.0,6.06368624211998,0.0,9.0,5.0,6.0,12.0
2566.0,delete,6.06368624211998,1958.0,240.0,6.06368624211998,0.0,9.0,4.0,6.0,11.0
2567.0,swap,5.960698307742785,1958.0,240.0,6.06368624211998,0.0,8.0,5.0,6.0,12.0
2568.0,add,5.620135138886547,1959.0,187.0,5.596403598120662,0.0,3.0,3.0,5.0,18.0
2569.0,delete,7.060470279925759,1960.0,160.0,5.809013462308245,0.0,2.0,5.0,4.0,11.0
2570.0,add,5.65345672425724,1961.0,239.0,5.999034950758084,0.0,8.0,5.0,6.0,12.0
2571.0,delete,4.485197793632723,1962.0,82.0,6.116726961108687,3.0,3.0,4.0,3.0,17.0
2572.0,delete,7.663386446657963,1963.0,125.0,6.329262672821703,0.0,2.0,3.0,4.0,16.0
2573.0,add,4.866317700721398,1964.0,233.0,5.169229400292379,0.0,8.0,4.0,5.0,12.0
2574.0,add,5.125087038892626,1965.0,238.0,5.468434407584412,0.0,8.0,4.0,5.0,13.0
2575.0,add,5.534747787351954,1966.0,209.0,5.533523925727788,0.0,5.0,3.0,3.0,14.0
2576.0,add,6.051824949760357,1967.0,31.0,6.00586895360157,10.0,3.0,2.0,2.0,22.0
2577.0,add,4.589875775240439,1968.0,224.0,5.678018909833754,0.0,5.0,4.0,2.0,13.0
2578.0,delete,6.529717182294896,1969.0,188.0,5.608078451745508,0.0,3.0,3.0,5.0,17.0
2579.0,add,5.850946684488717,1970.0,241.0,5.843417719687698,0.0,9.0,5.0,6.0,12.0
2580.0,delete,5.843417719687698,1970.0,241.0,5.843417719687698,0.0,9.0,5.0,6.0,11.0
2581.0,swap,4.876827125071585,1970.0,241.0,5.843417719687698,0.0,8.0,5.0,7.0,12.0
2582.0,delete,7.09900527364635,1971.0,161.0,5.7905990394577405,0.0,3.0,5.0,3.0,10.0
2583.0,add,6.065873806204763,1972.0,240.0,5.603652312233924,0.0,9.0,4.0,6.0,13.0
2584.0,delete,5.363050017504862,1973.0,83.0,6.119218139097061,4.0,2.0,4.0,3.0,16.0
2585.0,delete,6.234425522579278,1974.0,126.0,6.322262397520868,0.0,3.0,3.0,4.0,14.0
2586.0,delete,5.803213312811711,1975.0,242.0,5.843417719687698,0.0,9.0,5.0,6.0,11.0
2587.0,add,5.990547304491375,1975.0,242.0,5.843417719687698,0.0,9.0,5.0,6.0,12.0
2588.0,delete,5.843417719687698,1975.0,242.0,5.843417719687698,0.0,9.0,5.0,6.0,10.0
2589.0,swap,6.436312853855738,1975.0,242.0,5.843417719687698,0.0,10.0,5.0,5.0,11.0
2590.0,delete,5.771418050475959,1976.0,32.0,6.004957197547098,9.0,3.0,2.0,3.0,21.0
2591.0,delete,5.394633546338248,1977.0,189.0,5.622688350571585,0.0,3.0,3.0,5.0,16.0
2592.0,add,6.143434796501129,1978.0,210.0,5.523476106728729,0.0,5.0,3.0,3.0,15.0
2593.0,add,5.82811633530437,1979.0,225.0,5.689785776251891,0.0,5.0,4.0,3.0,13.0
2594.0,add,5.742315812362782,1980.0,234.0,5.243987396170533,0.0,8.0,5.0,5.0,12.0
2595.0,delete,7.203057959192713,1981.0,162.0,5.7784071854533785,0.0,3.0,4.0,2.0,11.0
2596.0,add,5.721661177237192,1982.0,239.0,5.882799143167639,0.0,8.0,4.0,6.0,13.0
2597.0,delete,6.821367274283713,1983.0,127.0,6.319266323933988,0.0,3.0,2.0,4.0,14.0
2598.0,add,5.950563108746984,1984.0,84.0,6.124887826117512,4.0,3.0,4.0,3.0,16.0
2599.0,delete,5.975484045062856,1985.0,241.0,5.983381782106845,0.0,9.0,5.0,6.0,11.0
2600.0,add,5.9905473044913755,1986.0,243.0,5.990547304491375,0.0,9.0,5.0,6.0,12.0
2601.0,add,6.283071112034423,1986.0,243.0,5.990547304491375,0.0,9.0,5.0,6.0,13.0
2602.0,delete,5.993654478078547,1986.0,243.0,5.990547304491375,0.0,8.0,5.0,6.0,12.0
2603.0,swap,5.986287969431718,1986.0,243.0,5.990547304491375,0.0,9.0,5.0,7.0,11.0
2604.0,delete,6.044832237890783,1987.0,33.0,6.005868690080336,10.0,3.0,2.0,3.0,19.0
2605.0,delete,5.52236220228856,1988.0,190.0,5.636578679154852,0.0,3.0,3.0,4.0,16.0
2606.0,add,5.501293133736408,1989.0,211.0,5.534848764117161,0.0,6.0,4.0,3.0,14.0
2607.0,add,5.63130347833495,1990.0,226.0,5.701342008831462,0.0,5.0,4.0,4.0,13.0
2608.0,add,4.642351293920754,1991.0,235.0,5.379590558577203,0.0,8.0,5.0,5.0,13.0
2609.0,add,7.1271251700948675,1992.0,163.0,5.759797589563451,0.0,3.0,5.0,2.0,11.0
2610.0,delete,7.346170265444573,1993.0,128.0,6.310833832866378,0.0,2.0,3.0,4.0,13.0
2611.0,add,5.920391054097378,1994.0,240.0,5.91307279679185,0.0,9.0,4.0,6.0,13.0
2612.0,add,4.983307130650346,1995.0,85.0,6.13131790286175,4.0,3.0,4.0,4.0,16.0
2613.0,add,5.365203509591306,1996.0,242.0,6.048821633705488,0.0,9.0,5.0,6.0,12.0
2614.0,delete,4.80978891427763,1997.0,236.0,5.467404289120976,0.0,8.0,4.0,5.0,13.0
2615.0,delete,6.062470163520783,1998.0,34.0,6.004361297205232,9.0,3.0,2.0,3.0,19.0
2616.0,delete,5.079979889895366,1999.0,241.0,5.955559757202224,0.0,9.0,5.0,6.0,11.0
2617.0,delete,5.522362202288561,2000.0,191.0,5.635676064004221,0.0,3.0,3.0,4.0,15.0
2618.0,delete,5.666655602508147,2001.0,227.0,5.681574663189727,0.0,6.0,4.0,4.0,11.0
2619.0,add,5.444983450762155,2002.0,212.0,5.529352627952116,0.0,6.0,3.0,3.0,16.0
2620.0,add,6.282873445068907,2003.0,244.0,6.283071112034423,0.0,9.0,5.0,6.0,13.0
2621.0,add,6.427750002230381,2003.0,244.0,6.283071112034423,0.0,9.0,5.0,6.0,14.0
2622.0,delete,6.28522272104419,2003.0,244.0,6.283071112034423,0.0,8.0,5.0,6.0,13.0
2623.0,swap,6.283071112034425,2003.0,244.0,6.283071112034423,0.0,9.0,5.0,5.0,14.0
2624.0,add,5.627760575434081,2004.0,129.0,6.294995693492402,0.0,2.0,3.0,4.0,14.0
2625.0,add,7.117852114396291,2005.0,164.0,5.739248072104743,0.0,4.0,4.0,3.0,11.0
2626.0,add,5.065325471305425,2006.0,86.0,6.137010854221936,4.0,4.0,4.0,3.0,17.0
2627.0,delete,4.959027290021626,2007.0,237.0,5.61379314086775,0.0,8.0,3.0,5.0,13.0
2628.0,add,5.704003805331603,2008.0,243.0,6.312397678482465,0.0,9.0,5.0,6.0,13.0
2629.0,add,6.055193170406235,2009.0,35.0,6.00320775078271,9.0,3.0,2.0,3.0,20.0
2630.0,delete,5.254412268315682,2010.0,192.0,5.649811042686333,0.0,3.0,2.0,4.0,15.0
2631.0,add,6.240407531019716,2011.0,242.0,6.053839342166206,0.0,9.0,5.0,6.0,12.0
2632.0,add,5.768037406913804,2012.0,228.0,5.707270184290586,0.0,6.0,4.0,4.0,12.0
2633.0,add,5.607157495407661,2013.0,213.0,5.545574413219756,0.0,6.0,3.0,4.0,16.0
2634.0,add,6.427700488643294,2014.0,245.0,6.427750002230381,0.0,9.0,5.0,6.0,14.0
2635.0,delete,6.427750002230382,2014.0,245.0,6.427750002230381,0.0,9.0,5.0,5.0,14.0
2636.0,swap,4.860343503583781,2014.0,245.0,6.427750002230381,0.0,8.0,5.0,6.0,15.0
2637.0,delete,6.711900007394795,2015.0,130.0,6.286156812587732,0.0,2.0,3.0,5.0,12.0
2638.0,add,6.550201442293429,2016.0,165.0,5.721444154655892,0.0,5.0,4.0,2.0,12.0
2639.0,add,6.281907251967334,2017.0,244.0,6.03588599917196,0.0,9.0,5.0,7.0,13.0
2640.0,add,5.073104555730057,2018.0,87.0,6.143553197267865,4.0,4.0,4.0,3.0,18.0
2641.0,add,5.014065860109772,2019.0,238.0,5.78271108850499,0.0,8.0,4.0,5.0,13.0
2642.0,delete,6.427726989423837,2020.0,246.0,6.427750002230382,0.0,9.0,5.0,5.0,14.0
2643.0,delete,6.42775000223038,2020.0,246.0,6.427750002230382,0.0,9.0,5.0,4.0,14.0
2644.0,swap,5.840492236624824,2020.0,246.0,6.427750002230382,0.0,9.0,5.0,6.0,13.0
2645.0,add,6.048650968824963,2021.0,36.0,6.0023054806391665,9.0,4.0,3.0,3.0,19.0
2646.0,add,5.831380482311278,2022.0,193.0,5.662048074813865,0.0,3.0,4.0,4.0,14.0
2647.0,delete,5.597628913006561,2023.0,214.0,5.567574618591085,0.0,6.0,4.0,3.0,15.0
2648.0,add,5.922328692120531,2024.0,229.0,5.691532490629356,0.0,7.0,4.0,4.0,12.0
2649.0,add,5.989880105333851,2025.0,243.0,6.150743282495982,0.0,10.0,5.0,6.0,12.0
2650.0,delete,6.697632563579424,2026.0,131.0,6.27743966859707,0.0,2.0,3.0,3.0,13.0
2651.0,delete,6.399013780554971,2027.0,245.0,6.280929807627356,0.0,9.0,5.0,6.0,13.0
2652.0,add,6.107621431457441,2028.0,166.0,5.71070015440211,0.0,4.0,5.0,2.0,13.0
2653.0,delete,6.427740489588796,2029.0,247.0,6.42775000223038,0.0,9.0,5.0,4.0,14.0
2654.0,delete,6.399013780554971,2029.0,247.0,6.42775000223038,0.0,9.0,5.0,4.0,13.0
2655.0,swap,6.423002043713251,2029.0,247.0,6.42775000223038,0.0,8.0,5.0,5.0,14.0
2656.0,add,5.069090043949768,2030.0,88.0,6.150284653539521,4.0,4.0,4.0,4.0,18.0
2657.0,add,6.048650968824965,2031.0,37.0,6.002321741036465,9.0,4.0,3.0,3.0,20.0
2658.0,delete,5.551468939219787,2032.0,194.0,5.67568268618596,0.0,3.0,2.0,4.0,15.0
2659.0,delete,6.270812719849803,2033.0,215.0,5.5868420207523455,0.0,6.0,3.0,3.0,15.0
2660.0,add,4.981232310124422,2034.0,239.0,6.00563702037673,0.0,8.0,4.0,6.0,13.0
2661.0,add,6.294418374169237,2035.0,230.0,5.669567209765997,0.0,7.0,4.0,6.0,11.0
2662.0,add,6.336010647658737,2036.0,244.0,6.230849214278851,0.0,9.0,5.0,6.0,14.0
2663.0,delete,6.968982962074839,2037.0,132.0,6.269787743851375,0.0,1.0,3.0,3.0,13.0
2664.0,delete,6.427750002230382,2038.0,246.0,6.419376579021849,0.0,9.0,5.0,5.0,13.0
2665.0,delete,6.408902051287343,2039.0,248.0,6.399013780554971,0.0,9.0,5.0,4.0,13.0
2666.0,add,6.379726749848728,2039.0,248.0,6.399013780554971,0.0,9.0,6.0,4.0,13.0
2667.0,delete,6.399013780554969,2039.0,248.0,6.399013780554971,0.0,9.0,5.0,3.0,13.0
2668.0,swap,6.762996526871238,2039.0,248.0,6.399013780554971,0.0,9.0,5.0,5.0,12.0
2669.0,add,5.072951886163684,2040.0,89.0,6.158884365595031,4.0,4.0,4.0,4.0,19.0
2670.0,add,6.593762424468639,2041.0,167.0,5.706736920801662,0.0,4.0,4.0,3.0,14.0
2671.0,add,6.045255155250893,2042.0,38.0,6.003421405033218,9.0,4.0,3.0,5.0,19.0
2672.0,add,6.634442281272195,2043.0,195.0,5.691107613637481,0.0,3.0,3.0,4.0,15.0
2673.0,delete,5.290671934819042,2044.0,216.0,5.609898754149542,0.0,6.0,3.0,3.0,14.0
2674.0,delete,6.477294460210989,2045.0,231.0,5.679517827033588,0.0,7.0,4.0,4.0,12.0
2675.0,add,6.03487460732371,2046.0,240.0,6.083381528251223,0.0,10.0,4.0,6.0,12.0
2676.0,delete,6.695623751534784,2047.0,133.0,6.263594340067846,0.0,1.0,3.0,3.0,12.0
2677.0,delete,6.427750002230381,2048.0,245.0,6.396221418131851,0.0,9.0,5.0,6.0,13.0
2678.0,delete,6.44866850912223,2049.0,247.0,6.46993057782345,0.0,9.0,5.0,4.0,13.0
2679.0,add,6.3104536673549045,2050.0,249.0,6.379726749848728,0.0,9.0,6.0,4.0,13.0
2680.0,delete,6.424685298634041,2050.0,249.0,6.379726749848728,0.0,9.0,6.0,4.0,12.0
2681.0,swap,6.355117714596915,2050.0,249.0,6.379726749848728,0.0,8.0,6.0,4.0,14.0
2682.0,add,5.433828205909036,2051.0,90.0,6.168500148720468,4.0,4.0,4.0,5.0,19.0
2683.0,add,5.52414050274597,2052.0,168.0,5.706030281548186,0.0,5.0,4.0,3.0,14.0
2684.0,delete,6.048498559841483,2053.0,39.0,6.004230972663642,8.0,4.0,3.0,4.0,20.0
2685.0,delete,6.282386598844004,2054.0,196.0,5.69090737323102,0.0,3.0,3.0,5.0,13.0
2686.0,delete,4.719549439054503,2055.0,217.0,5.654677596759749,0.0,6.0,4.0,3.0,12.0
2687.0,delete,5.913172268969242,2056.0,241.0,6.166533206358256,0.0,9.0,5.0,6.0,11.0
2688.0,add,6.449217404759788,2057.0,232.0,5.661141354990637,0.0,7.0,4.0,5.0,12.0
2689.0,delete,7.858941226500187,2058.0,134.0,6.252933672754065,0.0,1.0,3.0,3.0,11.0
2690.0,delete,6.15216014041228,2059.0,246.0,6.430370816660627,0.0,9.0,5.0,5.0,13.0
2691.0,add,6.399013780554971,2060.0,248.0,6.367495857608647,0.0,9.0,5.0,4.0,14.0
2692.0,delete,6.438862755334926,2061.0,250.0,6.424685298634041,0.0,9.0,6.0,4.0,12.0
2693.0,add,6.424685298634041,2061.0,250.0,6.424685298634041,0.0,9.0,6.0,4.0,13.0
2694.0,delete,6.646005547427038,2061.0,250.0,6.424685298634041,0.0,8.0,6.0,4.0,12.0
2695.0,swap,6.318801864754622,2061.0,250.0,6.424685298634041,0.0,9.0,7.0,4.0,11.0
2696.0,delete,5.104276077602312,2062.0,91.0,6.17711719361171,3.0,4.0,4.0,5.0,19.0
2697.0,add,6.685444496905921,2063.0,169.0,5.704819059967201,0.0,5.0,4.0,3.0,15.0
2698.0,add,6.050775596896242,2064.0,40.0,6.0060778214487645,9.0,4.0,3.0,4.0,20.0
2699.0,delete,6.788499152273648,2065.0,197.0,5.690140056198957,0.0,3.0,2.0,4.0,14.0
2700.0,delete,5.6558076357621925,2066.0,218.0,5.697098163946713,0.0,5.0,4.0,3.0,12.0
2701.0,add,5.843417719687698,2067.0,242.0,6.2494040318733015,0.0,9.0,5.0,7.0,11.0
2702.0,add,6.23503353870462,2068.0,233.0,5.678183216889416,0.0,8.0,4.0,5.0,12.0
2703.0,add,7.8589412265001855,2069.0,135.0,6.238462552140113,0.0,1.0,3.0,3.0,12.0
2704.0,delete,6.4250769318748135,2070.0,247.0,6.436853380395067,0.0,8.0,5.0,4.0,14.0
2705.0,delete,5.771291417794818,2071.0,249.0,6.450608152956934,0.0,9.0,6.0,4.0,12.0
2706.0,add,6.423819608196832,2072.0,251.0,6.424685298634041,0.0,9.0,6.0,4.0,13.0
2707.0,add,6.81336349505173,2072.0,251.0,6.424685298634041,0.0,9.0,6.0,4.0,14.0
2708.0,delete,6.906305833673029,2072.0,251.0,6.424685298634041,0.0,9.0,6.0,4.0,12.0
2709.0,swap,5.978538763673333,2072.0,251.0,6.424685298634041,0.0,9.0,6.0,3.0,14.0
2710.0,delete,4.469023818467582,2073.0,92.0,6.187122149606829,3.0,4.0,4.0,5.0,18.0
2711.0,delete,6.050775596896242,2074.0,41.0,6.007442981867469,9.0,4.0,3.0,4.0,19.0
2712.0,delete,6.913868916376841,2075.0,170.0,5.7067509387679,0.0,5.0,4.0,3.0,14.0
2713.0,delete,6.490928102637679,2076.0,198.0,5.685428170416641,0.0,3.0,3.0,4.0,12.0
2714.0,delete,4.6834726446668995,2077.0,219.0,5.74465924888518,0.0,6.0,4.0,3.0,10.0
2715.0,add,5.829811808566964,2078.0,243.0,6.316519835608925,0.0,9.0,6.0,6.0,12.0
2716.0,add,5.765323274463951,2079.0,234.0,5.73792606611175,0.0,8.0,4.0,5.0,13.0
2717.0,add,7.498274522735716,2080.0,136.0,6.221051211059425,0.0,1.0,3.0,3.0,13.0
2718.0,add,6.398975050325031,2081.0,248.0,6.399333699680709,0.0,9.0,5.0,5.0,13.0
2719.0,add,6.7765119348133815,2082.0,250.0,6.509342599845793,0.0,10.0,6.0,4.0,12.0
2720.0,delete,6.296360206165115,2083.0,199.0,5.675549654300601,0.0,3.0,2.0,4.0,12.0
2721.0,delete,5.3750802176338395,2084.0,93.0,6.194710347300889,3.0,4.0,3.0,5.0,18.0
2722.0,add,6.8594059714475515,2085.0,171.0,5.6963112604503,0.0,6.0,3.0,3.0,15.0
2723.0,delete,5.091203458523603,2086.0,220.0,5.782192206626519,0.0,5.0,4.0,3.0,10.0
2724.0,delete,5.878148989747801,2087.0,42.0,6.008629455263597,8.0,4.0,3.0,3.0,20.0
2725.0,delete,6.379726749848728,2088.0,249.0,6.447533801635254,0.0,9.0,6.0,3.0,13.0
2726.0,add,6.813363495051732,2089.0,252.0,6.81336349505173,0.0,9.0,6.0,4.0,14.0
2727.0,delete,6.492823005360188,2089.0,252.0,6.81336349505173,0.0,9.0,6.0,4.0,13.0
2728.0,swap,6.591225091296958,2089.0,252.0,6.81336349505173,0.0,9.0,6.0,4.0,14.0
2729.0,add,6.222285580421808,2090.0,244.0,6.380532104532061,0.0,9.0,5.0,6.0,14.0
2730.0,add,5.057636334507732,2091.0,235.0,5.8328007899303635,0.0,8.0,5.0,5.0,13.0
2731.0,add,7.619104577940191,2092.0,137.0,6.205084211862842,0.0,1.0,4.0,3.0,13.0
2732.0,add,6.335553287825101,2093.0,251.0,6.677693771690152,0.0,9.0,6.0,4.0,14.0
2733.0,delete,6.470860923000424,2094.0,253.0,6.492823005360188,0.0,9.0,6.0,4.0,13.0
2734.0,delete,6.3634101425997756,2094.0,253.0,6.492823005360188,0.0,9.0,5.0,4.0,13.0
2735.0,swap,6.010990065114431,2094.0,253.0,6.492823005360188,0.0,9.0,7.0,4.0,12.0
2736.0,add,4.929103679770885,2095.0,94.0,6.203428574692452,2.0,4.0,4.0,5.0,19.0
2737.0,add,5.2496663820970015,2096.0,172.0,5.6965445894706495,0.0,6.0,3.0,3.0,16.0
2738.0,add,5.410168756244527,2097.0,43.0,6.010695560458616,8.0,4.0,4.0,3.0,20.0
2739.0,add,5.211807393126639,2098.0,200.0,5.677392181059258,0.0,4.0,3.0,4.0,11.0
2740.0,add,5.091203458523605,2099.0,221.0,5.825166768483042,0.0,5.0,4.0,2.0,12.0
2741.0,delete,6.509565282813829,2100.0,245.0,6.411222970256768,0.0,9.0,5.0,6.0,13.0
2742.0,add,6.333744850211493,2101.0,250.0,6.492419303406996,0.0,9.0,6.0,4.0,13.0
2743.0,delete,4.96143956598077,2102.0,236.0,5.924782579238512,0.0,7.0,4.0,5.0,14.0
2744.0,delete,6.102434457895728,2103.0,252.0,6.334521034018705,0.0,8.0,6.0,4.0,14.0
2745.0,add,7.750210282184868,2104.0,138.0,6.185543956557701,0.0,1.0,5.0,3.0,13.0
2746.0,delete,6.343651000938001,2105.0,254.0,6.3634101425997756,0.0,9.0,5.0,4.0,13.0
2747.0,delete,5.582117894740188,2105.0,254.0,6.3634101425997756,0.0,9.0,5.0,4.0,12.0
2748.0,swap,6.372638312415453,2105.0,254.0,6.3634101425997756,0.0,9.0,5.0,5.0,12.0
2749.0,delete,5.040442359431185,2106.0,95.0,6.2093662074516205,2.0,4.0,4.0,5.0,18.0
2750.0,delete,6.49265407783774,2107.0,173.0,5.687207820415733,0.0,6.0,3.0,4.0,14.0
2751.0,delete,5.8734429450010825,2108.0,44.0,6.010971024966145,8.0,4.0,3.0,3.0,20.0
2752.0,add,5.344310288701563,2109.0,201.0,5.677495280168755,0.0,4.0,3.0,4.0,12.0
2753.0,add,5.020416504709768,2110.0,222.0,5.849640354498596,0.0,5.0,4.0,2.0,13.0
2754.0,delete,6.427750002230382,2111.0,246.0,6.391519307885179,0.0,9.0,5.0,4.0,14.0
2755.0,add,6.62194276729403,2112.0,251.0,6.357702597607475,0.0,9.0,7.0,4.0,13.0
2756.0,delete,4.9610648905555506,2113.0,237.0,6.003125849523679,0.0,8.0,4.0,4.0,13.0
2757.0,delete,6.720486482330761,2114.0,253.0,6.165454337673355,0.0,9.0,6.0,4.0,12.0
2758.0,delete,5.579885117257483,2115.0,255.0,5.582117894740188,0.0,9.0,5.0,4.0,12.0
2759.0,delete,5.593912957769651,2115.0,255.0,5.582117894740188,0.0,9.0,5.0,4.0,11.0
2760.0,swap,5.735940908921728,2115.0,255.0,5.582117894740188,0.0,9.0,5.0,5.0,11.0
2761.0,add,7.750210282184868,2116.0,139.0,6.165451793529431,0.0,1.0,5.0,4.0,13.0
2762.0,add,5.696466320652329,2117.0,96.0,6.213954619756077,2.0,4.0,4.0,6.0,18.0
2763.0,add,7.079949219761626,2118.0,174.0,5.671978563740232,0.0,7.0,3.0,4.0,14.0
2764.0,delete,5.847011027147571,2119.0,45.0,6.0119497262832775,8.0,4.0,1.0,3.0,21.0
2765.0,add,6.440885780181742,2120.0,202.0,5.669323981028358,0.0,4.0,3.0,4.0,13.0
2766.0,delete,5.631638214659347,2121.0,223.0,5.8553667485458885,0.0,5.0,5.0,1.0,12.0
2767.0,delete,6.42775000223038,2122.0,247.0,6.351363446770143,0.0,9.0,5.0,4.0,13.0
2768.0,delete,6.640145252695034,2123.0,252.0,6.114095939028651,0.0,9.0,6.0,4.0,13.0
2769.0,delete,6.363410142599775,2124.0,254.0,5.622964219672262,0.0,9.0,5.0,3.0,13.0
2770.0,add,4.619983620266326,2125.0,238.0,6.088892427453676,0.0,9.0,4.0,5.0,12.0
2771.0,delete,5.560015664660911,2126.0,256.0,5.593912957769651,0.0,9.0,5.0,4.0,11.0
2772.0,delete,5.593912957769651,2126.0,256.0,5.593912957769651,0.0,9.0,5.0,4.0,10.0
2773.0,swap,5.944300512434128,2126.0,256.0,5.593912957769651,0.0,9.0,5.0,4.0,11.0
2774.0,add,7.750598358242861,2127.0,140.0,6.147931145235833,0.0,2.0,5.0,5.0,12.0
2775.0,delete,6.177170152229361,2128.0,97.0,6.217985795177217,2.0,4.0,4.0,4.0,19.0
2776.0,delete,7.0792966291024655,2129.0,175.0,5.658276356094516,0.0,6.0,3.0,3.0,15.0
2777.0,delete,5.7360710298021,2130.0,46.0,6.013640337576748,8.0,4.0,2.0,3.0,19.0
2778.0,add,4.993203080722625,2131.0,224.0,5.871152019067694,0.0,5.0,4.0,2.0,13.0
2779.0,add,6.353045085187985,2132.0,203.0,5.659294057802772,0.0,4.0,3.0,4.0,14.0
2780.0,add,6.397555930415513,2133.0,248.0,6.29006796976153,0.0,9.0,5.0,4.0,14.0
2781.0,delete,6.6974453758908234,2134.0,253.0,5.979473507869792,0.0,9.0,5.0,4.0,13.0
2782.0,delete,5.582117894740188,2135.0,255.0,5.673035523158585,0.0,9.0,5.0,4.0,11.0
2783.0,delete,5.621337844956759,2136.0,257.0,5.593912957769651,0.0,9.0,5.0,4.0,10.0
2784.0,add,5.607633623849825,2136.0,257.0,5.593912957769651,0.0,9.0,5.0,4.0,11.0
2785.0,delete,4.6056455661800495,2136.0,257.0,5.593912957769651,0.0,8.0,5.0,4.0,10.0
2786.0,swap,5.798142606513053,2136.0,257.0,5.593912957769651,0.0,9.0,4.0,5.0,10.0
2787.0,add,7.393676976069476,2137.0,141.0,6.12848982549705,0.0,2.0,5.0,5.0,13.0
2788.0,delete,5.54918729759166,2138.0,98.0,6.2176684864093845,2.0,4.0,4.0,5.0,17.0
2789.0,delete,6.672537990846166,2139.0,176.0,5.6423794425317135,0.0,5.0,3.0,4.0,14.0
2790.0,delete,5.866799484398348,2140.0,47.0,6.013920128502626,8.0,4.0,2.0,3.0,18.0
2791.0,add,5.355452141154785,2141.0,239.0,6.131731768317168,0.0,8.0,4.0,6.0,13.0
2792.0,delete,5.952147141310679,2142.0,204.0,5.661296506244367,0.0,4.0,3.0,4.0,13.0
2793.0,add,5.6101621189205195,2143.0,225.0,5.877016060343686,0.0,5.0,4.0,3.0,13.0
2794.0,delete,6.351169097326643,2144.0,249.0,6.184542169253745,0.0,9.0,6.0,3.0,13.0
2795.0,delete,6.217535335275152,2145.0,254.0,5.628336437876413,0.0,9.0,5.0,4.0,12.0
2796.0,delete,5.587832341038743,2146.0,256.0,5.445334519853867,0.0,9.0,4.0,4.0,11.0
2797.0,add,5.611800133440105,2147.0,258.0,5.607633623849825,0.0,9.0,5.0,4.0,11.0
2798.0,delete,5.607633623849824,2147.0,258.0,5.607633623849825,0.0,9.0,5.0,3.0,11.0
2799.0,swap,6.0401361502120485,2147.0,258.0,5.607633623849825,0.0,8.0,5.0,5.0,11.0
2800.0,delete,7.69358952190878,2148.0,142.0,6.110900963071296,0.0,1.0,5.0,5.0,13.0
2801.0,delete,5.813837643170737,2149.0,99.0,6.217813711674682,2.0,4.0,3.0,5.0,17.0
2802.0,delete,7.1501643646430635,2150.0,177.0,5.62478760297477,0.0,4.0,3.0,4.0,14.0
2803.0,add,6.057054131092925,2151.0,240.0,6.1417291837377235,0.0,9.0,5.0,6.0,12.0
2804.0,add,5.898512779957069,2152.0,48.0,6.01505370702407,8.0,4.0,2.0,3.0,19.0
2805.0,delete,4.831104099354279,2153.0,205.0,5.6757326948075875,0.0,5.0,2.0,4.0,12.0
2806.0,add,6.7918876845290495,2154.0,250.0,6.114544890260808,0.0,9.0,6.0,4.0,13.0
2807.0,add,5.6185259218044035,2155.0,226.0,5.886054388467315,0.0,5.0,4.0,4.0,13.0
2808.0,delete,5.681191549448349,2156.0,255.0,5.59649399057038,0.0,8.0,5.0,4.0,12.0
2809.0,add,4.936593167339542,2157.0,257.0,5.716800882837951,0.0,9.0,5.0,4.0,11.0
2810.0,delete,5.607470726699908,2158.0,259.0,5.607633623849824,0.0,9.0,5.0,3.0,11.0
2811.0,delete,6.402663070241208,2158.0,259.0,5.607633623849824,0.0,8.0,5.0,3.0,11.0
2812.0,swap,6.0909175710349155,2158.0,259.0,5.607633623849824,0.0,9.0,5.0,4.0,10.0
2813.0,delete,7.282467387890703,2159.0,143.0,6.094771789667144,0.0,2.0,5.0,4.0,12.0
2814.0,delete,5.749582411912915,2160.0,178.0,5.6130814602767884,0.0,4.0,3.0,3.0,14.0
2815.0,add,6.1024418958119275,2161.0,100.0,6.212641100025231,2.0,4.0,3.0,5.0,18.0
2816.0,delete,5.8434177196876975,2162.0,241.0,6.150559883472524,0.0,9.0,5.0,5.0,12.0
2817.0,delete,5.733811620975116,2163.0,206.0,5.683888269412735,0.0,4.0,3.0,4.0,11.0
2818.0,add,5.891274593427444,2164.0,49.0,6.0150629327308645,8.0,4.0,2.0,4.0,19.0
2819.0,delete,4.618013166259639,2165.0,256.0,5.623978414086587,0.0,8.0,5.0,4.0,11.0
2820.0,delete,5.666655602508147,2166.0,227.0,5.886118115412667,0.0,6.0,4.0,4.0,11.0
2821.0,add,6.280327598605348,2167.0,251.0,5.9733459918459735,0.0,9.0,6.0,4.0,14.0
2822.0,delete,5.752737869800264,2168.0,258.0,5.927171247956464,0.0,9.0,5.0,4.0,10.0
2823.0,delete,6.399389394550183,2169.0,260.0,6.402663070241208,0.0,8.0,5.0,3.0,11.0
2824.0,add,5.673743743331436,2169.0,260.0,6.402663070241208,0.0,8.0,5.0,3.0,12.0
2825.0,delete,6.565667510449339,2169.0,260.0,6.402663070241208,0.0,8.0,4.0,3.0,11.0
2826.0,swap,6.673623766935954,2169.0,260.0,6.402663070241208,0.0,8.0,5.0,4.0,10.0
2827.0,delete,7.661137796454712,2170.0,144.0,6.077944969228388,0.0,2.0,4.0,4.0,12.0
2828.0,delete,6.61942784023129,2171.0,101.0,6.209279972323146,2.0,4.0,3.0,5.0,17.0
2829.0,add,5.165047584526494,2172.0,179.0,5.615213025318991,0.0,3.0,3.0,4.0,15.0
2830.0,add,5.397334461900042,2173.0,242.0,6.160833972318311,0.0,9.0,6.0,6.0,11.0
2831.0,add,5.204869843645207,2174.0,207.0,5.705659624177926,0.0,4.0,3.0,3.0,13.0
2832.0,add,5.898509077435075,2175.0,50.0,6.0157148879024405,8.0,4.0,2.0,4.0,20.0
2833.0,delete,6.694065566384689,2176.0,252.0,5.91923609821899,0.0,9.0,6.0,4.0,13.0
2834.0,add,6.143840732520644,2177.0,228.0,5.905785505856528,0.0,6.0,4.0,4.0,12.0
2835.0,add,5.594004149689583,2178.0,257.0,5.920770027056506,0.0,9.0,5.0,5.0,10.0
2836.0,delete,6.0401361502120485,2179.0,259.0,6.343017497101624,0.0,8.0,5.0,3.0,11.0
2837.0,add,5.679659302190173,2180.0,261.0,5.673743743331436,0.0,8.0,5.0,3.0,12.0
2838.0,add,5.701349362470198,2180.0,261.0,5.673743743331436,0.0,8.0,5.0,3.0,13.0
2839.0,delete,5.46611799148047,2180.0,261.0,5.673743743331436,0.0,8.0,5.0,3.0,11.0
2840.0,swap,6.113723638143782,2180.0,261.0,5.673743743331436,0.0,9.0,5.0,3.0,11.0
2841.0,delete,7.260959064955409,2181.0,102.0,6.202893640835433,1.0,4.0,3.0,5.0,17.0
2842.0,delete,7.700268760327995,2182.0,145.0,6.059659137642627,0.0,2.0,5.0,4.0,10.0
2843.0,add,5.323661226390756,2183.0,180.0,5.61855834220202,0.0,4.0,3.0,4.0,15.0
2844.0,add,5.990547304491374,2184.0,243.0,6.159670417931576,0.0,9.0,5.0,7.0,12.0
2845.0,add,5.523596172867749,2185.0,208.0,5.715922912585526,0.0,4.0,3.0,4.0,13.0
2846.0,add,5.898509077435076,2186.0,51.0,6.017045729536431,8.0,5.0,2.0,4.0,20.0
2847.0,delete,6.492823005360188,2187.0,253.0,5.843198618016527,0.0,9.0,6.0,3.0,13.0
2848.0,add,6.383772944706714,2188.0,229.0,5.894985855854165,0.0,8.0,4.0,4.0,11.0
2849.0,delete,5.596413744910796,2189.0,258.0,5.983916694384979,0.0,9.0,5.0,4.0,10.0
2850.0,add,6.359964645641264,2190.0,260.0,5.726918807523211,0.0,8.0,6.0,3.0,11.0
2851.0,delete,5.600167996057046,2191.0,259.0,6.097821688695097,0.0,9.0,4.0,3.0,11.0
2852.0,add,5.709732254826996,2192.0,262.0,5.701349362470198,0.0,8.0,5.0,3.0,13.0
2853.0,add,5.701349362470199,2192.0,262.0,5.701349362470198,0.0,8.0,5.0,4.0,13.0
2854.0,delete,5.701349362470198,2192.0,262.0,5.701349362470198,0.0,8.0,5.0,3.0,12.0
2855.0,swap,5.716251849145738,2192.0,262.0,5.701349362470198,0.0,8.0,5.0,4.0,12.0
2856.0,delete,7.260959064955409,2193.0,103.0,6.197710831209144,1.0,4.0,3.0,5.0,16.0
2857.0,add,7.461789997749746,2194.0,146.0,6.039644617683561,0.0,2.0,5.0,4.0,11.0
2858.0,add,5.472243343092296,2195.0,181.0,5.630767523753241,0.0,3.0,3.0,5.0,16.0
2859.0,add,5.949912132415417,2196.0,209.0,5.717949190469215,0.0,5.0,3.0,3.0,14.0
2860.0,add,6.118565067443677,2197.0,52.0,6.018014075334457,8.0,5.0,3.0,4.0,20.0
2861.0,add,6.283071112034423,2198.0,244.0,6.141198491203352,0.0,9.0,5.0,6.0,14.0
2862.0,add,6.4789728586165465,2199.0,230.0,5.877201267007781,0.0,7.0,4.0,5.0,12.0
2863.0,delete,6.390958060518257,2200.0,254.0,5.752751014809727,0.0,9.0,5.0,3.0,13.0
2864.0,add,5.744058379927575,2201.0,261.0,5.706006438276666,0.0,8.0,5.0,3.0,13.0
2865.0,add,6.678585804924024,2202.0,260.0,5.778845444736184,0.0,9.0,5.0,3.0,11.0
2866.0,delete,7.739975708790466,2203.0,147.0,6.024456292058249,0.0,1.0,5.0,4.0,11.0
2867.0,delete,6.06839622387335,2204.0,104.0,6.196919405033319,1.0,3.0,3.0,5.0,16.0
2868.0,delete,6.441307277118573,2205.0,245.0,6.147876924972711,0.0,9.0,4.0,6.0,14.0
2869.0,delete,6.0641209630886035,2206.0,255.0,5.757930702770919,0.0,9.0,5.0,4.0,11.0
2870.0,delete,5.472243343092295,2207.0,182.0,5.639341832515983,0.0,3.0,3.0,3.0,17.0
2871.0,add,5.701349362470197,2208.0,263.0,5.701349362470199,0.0,8.0,5.0,4.0,13.0
2872.0,add,6.164361926553013,2208.0,263.0,5.701349362470199,0.0,8.0,5.0,4.0,14.0
2873.0,delete,5.704896483999199,2208.0,263.0,5.701349362470199,0.0,8.0,5.0,4.0,12.0
2874.0,swap,6.66106020666191,2208.0,263.0,5.701349362470199,0.0,7.0,6.0,4.0,13.0
2875.0,add,6.118565067443677,2209.0,53.0,6.019321871698129,8.0,5.0,3.0,4.0,21.0
2876.0,add,5.691806592682495,2210.0,210.0,5.726594524157855,0.0,5.0,3.0,3.0,15.0
2877.0,delete,6.477294460210988,2211.0,231.0,5.876286640896295,0.0,7.0,4.0,5.0,11.0
2878.0,add,5.667989336993238,2212.0,262.0,5.986603468430904,0.0,8.0,5.0,3.0,14.0
2879.0,delete,6.427750002230382,2213.0,246.0,6.12759731699122,0.0,9.0,5.0,5.0,13.0
2880.0,delete,5.660372079398794,2214.0,105.0,6.195729455660154,1.0,3.0,3.0,4.0,16.0
2881.0,add,7.739793192978427,2215.0,148.0,6.0064494421024355,0.0,2.0,5.0,5.0,10.0
2882.0,delete,5.650312671646443,2216.0,256.0,5.797369644761286,0.0,8.0,5.0,4.0,11.0
2883.0,delete,3.915472364351226,2217.0,183.0,5.650798604732171,0.0,3.0,3.0,4.0,15.0
2884.0,add,5.650767385961944,2218.0,261.0,5.833977080726225,0.0,8.0,5.0,3.0,13.0
2885.0,add,6.164729633542346,2219.0,264.0,6.164361926553013,0.0,8.0,5.0,4.0,14.0
2886.0,delete,6.1676592660151455,2219.0,264.0,6.164361926553013,0.0,8.0,5.0,4.0,13.0
2887.0,swap,5.933594263953526,2219.0,264.0,6.164361926553013,0.0,8.0,5.0,5.0,13.0
2888.0,add,5.969971599329526,2220.0,54.0,6.018208372349095,8.0,5.0,5.0,4.0,20.0
2889.0,add,5.500966067785249,2221.0,211.0,5.733313407032781,0.0,6.0,3.0,4.0,14.0
2890.0,add,6.47701748172716,2222.0,232.0,5.854299071242416,0.0,7.0,4.0,6.0,11.0
2891.0,add,5.6982962770702965,2223.0,263.0,6.107586272516008,0.0,8.0,5.0,5.0,13.0
2892.0,delete,6.272791901103,2224.0,247.0,6.0979816975577315,0.0,8.0,5.0,4.0,14.0
2893.0,delete,5.9023424151659505,2225.0,106.0,6.1941444394347265,1.0,3.0,2.0,4.0,16.0
2894.0,delete,6.169308600134726,2226.0,265.0,6.1676592660151455,0.0,8.0,5.0,4.0,13.0
2895.0,delete,5.347279992757578,2226.0,265.0,6.1676592660151455,0.0,7.0,5.0,4.0,13.0
2896.0,swap,6.132258145473365,2226.0,265.0,6.1676592660151455,0.0,8.0,6.0,3.0,13.0
2897.0,add,7.521707414092524,2227.0,149.0,5.986169917608851,0.0,3.0,5.0,4.0,11.0
2898.0,add,4.296118559586996,2228.0,184.0,5.6712254352762725,0.0,3.0,3.0,5.0,15.0
2899.0,add,5.916252769559036,2229.0,257.0,5.891132322631249,0.0,9.0,6.0,4.0,10.0
2900.0,add,5.279846447442215,2230.0,262.0,5.939548681391902,0.0,8.0,5.0,3.0,14.0
2901.0,add,5.597764383838046,2231.0,212.0,5.74272403360403,0.0,6.0,4.0,3.0,15.0
2902.0,add,5.746494695241315,2232.0,55.0,6.017890333701068,8.0,5.0,4.0,5.0,21.0
2903.0,add,5.425363923374645,2233.0,233.0,5.843721681554997,0.0,8.0,4.0,5.0,12.0
2904.0,delete,5.342750061389587,2234.0,264.0,5.954126501095203,0.0,7.0,5.0,4.0,14.0
2905.0,delete,5.337132784488182,2235.0,266.0,5.347279992757578,0.0,7.0,5.0,4.0,13.0
2906.0,delete,5.360405040173765,2235.0,266.0,5.347279992757578,0.0,7.0,5.0,4.0,12.0
2907.0,swap,5.30443019304776,2235.0,266.0,5.347279992757578,0.0,7.0,6.0,4.0,12.0
2908.0,add,6.268998185980134,2236.0,107.0,6.1885809650746175,1.0,2.0,2.0,4.0,18.0
2909.0,add,7.154631766910081,2237.0,150.0,5.964056689749896,0.0,3.0,5.0,5.0,11.0
2910.0,add,6.380690155033421,2238.0,248.0,6.028003611565949,0.0,10.0,5.0,4.0,13.0
2911.0,add,5.477219141273885,2239.0,185.0,5.688110951381287,0.0,3.0,3.0,4.0,17.0
2912.0,delete,5.607633623849825,2240.0,258.0,5.86270298853394,0.0,9.0,5.0,3.0,11.0
2913.0,add,5.60110811901602,2241.0,263.0,5.760183848716608,0.0,9.0,5.0,4.0,13.0
2914.0,delete,6.1331951813974355,2242.0,265.0,5.337312002616822,0.0,8.0,5.0,4.0,12.0
2915.0,delete,5.780158172540512,2243.0,56.0,6.018332932265376,8.0,5.0,4.0,4.0,21.0
2916.0,add,5.909886328391041,2244.0,213.0,5.744171347508909,0.0,6.0,3.0,3.0,17.0
2917.0,add,5.76489746140126,2245.0,234.0,5.847356608571529,0.0,8.0,4.0,6.0,12.0
2918.0,delete,5.360405040173766,2246.0,267.0,5.360405040173765,0.0,7.0,5.0,4.0,12.0
2919.0,add,5.361983647002182,2246.0,267.0,5.360405040173765,0.0,8.0,5.0,4.0,12.0
2920.0,delete,5.336633066671477,2246.0,267.0,5.360405040173765,0.0,7.0,4.0,4.0,12.0
2921.0,swap,4.181510316874059,2246.0,267.0,5.360405040173765,0.0,7.0,5.0,5.0,11.0
2922.0,add,5.480270841094751,2247.0,108.0,6.18608320662679,1.0,2.0,2.0,5.0,18.0
2923.0,add,7.385461631864521,2248.0,151.0,5.942788725669706,0.0,4.0,5.0,5.0,11.0
2924.0,delete,6.379726749848726,2249.0,249.0,5.964323825759497,0.0,9.0,6.0,3.0,13.0
2925.0,add,4.776759069668947,2250.0,186.0,5.70124065891209,0.0,3.0,3.0,4.0,18.0
2926.0,delete,5.4114755943797235,2251.0,259.0,5.8021543896364465,0.0,9.0,5.0,3.0,10.0
2927.0,delete,6.204347459030346,2252.0,264.0,5.5026885642768475,0.0,7.0,5.0,4.0,14.0
2928.0,delete,5.780158172540512,2253.0,57.0,6.018127551740069,8.0,5.0,4.0,4.0,20.0
2929.0,delete,5.9408156893525925,2254.0,214.0,5.746618431664674,0.0,5.0,4.0,3.0,16.0
2930.0,delete,5.4897764401688605,2255.0,266.0,5.120187422179049,0.0,7.0,5.0,4.0,12.0
2931.0,add,4.963593040811849,2256.0,235.0,5.856528785964363,0.0,8.0,4.0,5.0,14.0
2932.0,add,5.361983647002183,2257.0,268.0,5.361983647002182,0.0,8.0,5.0,4.0,12.0
2933.0,add,5.4860489266376415,2257.0,268.0,5.361983647002182,0.0,9.0,5.0,4.0,12.0
2934.0,delete,5.38171160531884,2257.0,268.0,5.361983647002182,0.0,7.0,5.0,4.0,12.0
2935.0,swap,6.226656447727244,2257.0,268.0,5.361983647002182,0.0,8.0,6.0,4.0,11.0
2936.0,add,3.4970161142846172,2258.0,109.0,6.1917861090746715,1.0,2.0,2.0,4.0,20.0
2937.0,delete,7.176553816233031,2259.0,152.0,5.924858554071435,0.0,4.0,4.0,5.0,11.0
2938.0,add,6.604720393881329,2260.0,250.0,5.918909134227535,0.0,9.0,7.0,4.0,12.0
2939.0,add,5.53327661078949,2261.0,187.0,5.7160737975368265,0.0,3.0,4.0,5.0,17.0
2940.0,add,6.402663070241208,2262.0,260.0,5.718080023861192,0.0,8.0,5.0,3.0,12.0
2941.0,delete,5.761794624285108,2263.0,58.0,6.017989536334735,7.0,5.0,4.0,4.0,20.0
2942.0,delete,5.615522466443898,2264.0,215.0,5.749962439834736,0.0,6.0,4.0,3.0,14.0
2943.0,delete,6.1676592660151455,2265.0,265.0,5.404939452102927,0.0,8.0,5.0,4.0,12.0
2944.0,delete,4.961121904895335,2266.0,236.0,5.8935933886754945,0.0,8.0,4.0,5.0,13.0
2945.0,add,5.043531473385432,2267.0,267.0,5.563676854737618,0.0,8.0,5.0,4.0,12.0
2946.0,delete,5.4792028882074835,2268.0,266.0,5.326422331921404,0.0,7.0,4.0,4.0,13.0
2947.0,add,6.415855932936516,2269.0,251.0,5.871990409980485,0.0,9.0,6.0,4.0,14.0
2948.0,add,5.100416048884238,2270.0,261.0,5.663537423181205,0.0,8.0,5.0,3.0,13.0
2949.0,add,4.287383721654156,2271.0,110.0,6.201282269942014,1.0,2.0,3.0,4.0,20.0
2950.0,add,7.039537245256505,2272.0,153.0,5.91059026109921,0.0,4.0,6.0,5.0,10.0
2951.0,add,5.4870324802322745,2273.0,269.0,5.4860489266376415,0.0,9.0,5.0,4.0,12.0
2952.0,add,5.6627338897776704,2273.0,269.0,5.4860489266376415,0.0,9.0,5.0,4.0,13.0
2953.0,delete,5.505256270511261,2273.0,269.0,5.4860489266376415,0.0,8.0,5.0,4.0,12.0
2954.0,swap,5.754269955008464,2273.0,269.0,5.4860489266376415,0.0,8.0,5.0,5.0,12.0
2955.0,delete,5.676478967601733,2274.0,59.0,6.016766084470302,7.0,4.0,4.0,4.0,20.0
2956.0,delete,5.036078640865985,2275.0,188.0,5.7264623290046766,0.0,3.0,3.0,4.0,18.0
2957.0,delete,5.787816597831583,2276.0,216.0,5.745811381021418,0.0,5.0,4.0,3.0,14.0
2958.0,delete,4.961121904895335,2277.0,237.0,5.912820110153915,0.0,8.0,4.0,5.0,12.0
2959.0,add,5.134390088444674,2278.0,268.0,5.579068304433462,0.0,8.0,5.0,4.0,13.0
2960.0,delete,6.64288010124938,2279.0,252.0,5.805209262899444,0.0,9.0,5.0,4.0,14.0
2961.0,add,5.36367884687333,2280.0,267.0,5.491418039186169,0.0,7.0,5.0,4.0,13.0
2962.0,delete,7.050910723573778,2281.0,154.0,5.895375641406704,0.0,4.0,4.0,6.0,10.0
2963.0,add,5.52953949435273,2282.0,111.0,6.210226757801529,1.0,2.0,2.0,4.0,22.0
2964.0,add,5.808421654950915,2283.0,1.0,6.0355451780803016,10.0,0.0,0.0,0.0,1.0
2965.0,add,5.70135840159732,2284.0,262.0,5.629790062566975,0.0,8.0,5.0,4.0,13.0
2966.0,delete,5.093486708670881,2285.0,189.0,5.731442617372957,0.0,3.0,2.0,5.0,17.0
2967.0,add,5.6661885269005285,2286.0,270.0,5.6627338897776704,0.0,9.0,5.0,4.0,13.0
2968.0,add,5.402882323415942,2286.0,270.0,5.6627338897776704,0.0,10.0,5.0,4.0,13.0
2969.0,delete,5.113287200944847,2286.0,270.0,5.6627338897776704,0.0,9.0,4.0,4.0,13.0
2970.0,swap,5.486048926637642,2286.0,270.0,5.6627338897776704,0.0,9.0,5.0,5.0,12.0
2971.0,delete,4.587006163635472,2287.0,60.0,6.015877174901628,5.0,4.0,4.0,4.0,21.0
2972.0,delete,4.719549439054503,2288.0,217.0,5.754861784826566,0.0,6.0,4.0,3.0,12.0
2973.0,add,4.9298476908275175,2289.0,238.0,5.9371750385751385,0.0,8.0,4.0,5.0,13.0
2974.0,delete,6.632122842900078,2290.0,253.0,5.749543821290808,0.0,9.0,6.0,4.0,12.0
2975.0,add,5.317061899538888,2291.0,269.0,5.466228173535326,0.0,9.0,5.0,4.0,13.0
2976.0,add,6.1548947803313885,2292.0,268.0,5.455927317095439,0.0,8.0,5.0,4.0,13.0
2977.0,delete,4.8898511993174205,2293.0,112.0,6.21311422919226,1.0,2.0,2.0,4.0,21.0
2978.0,add,5.808421654950915,2294.0,2.0,6.033545228348477,10.0,0.0,0.0,0.0,2.0
2979.0,add,6.596300157013117,2295.0,155.0,5.878758427284549,0.0,4.0,5.0,5.0,11.0
2980.0,delete,6.750970694579971,2296.0,190.0,5.733662031172174,0.0,3.0,3.0,5.0,15.0
2981.0,add,5.7363151743932965,2297.0,263.0,5.5893765358421605,0.0,8.0,5.0,4.0,14.0
2982.0,delete,5.482965984740737,2298.0,61.0,6.017481791228241,6.0,4.0,4.0,3.0,20.0
2983.0,delete,5.244756060204306,2299.0,218.0,5.768579035085381,0.0,5.0,4.0,3.0,12.0
2984.0,add,5.402882323415942,2300.0,271.0,5.402882323415942,0.0,10.0,5.0,4.0,13.0
2985.0,add,6.256670336513154,2300.0,271.0,5.402882323415942,0.0,10.0,5.0,4.0,14.0
2986.0,delete,5.4578850677307615,2300.0,271.0,5.402882323415942,0.0,9.0,5.0,4.0,13.0
2987.0,swap,5.572983019989102,2300.0,271.0,5.402882323415942,0.0,11.0,5.0,4.0,12.0
2988.0,add,5.125235842058107,2301.0,239.0,5.970977512622411,0.0,8.0,4.0,6.0,13.0
2989.0,delete,6.3634101425997756,2302.0,254.0,5.702540854893594,0.0,9.0,5.0,4.0,12.0
2990.0,add,5.69250699742828,2303.0,270.0,5.61866061421298,0.0,9.0,6.0,4.0,13.0
2991.0,delete,5.0579911928644545,2304.0,113.0,6.218410434307763,1.0,2.0,2.0,4.0,20.0
2992.0,delete,6.750970694579971,2305.0,191.0,5.737297746628548,0.0,3.0,3.0,4.0,15.0
2993.0,add,6.17147309474613,2306.0,3.0,6.03319515305607,10.0,0.0,2.0,0.0,1.0
2994.0,add,6.794707710325281,2307.0,156.0,5.868288241153563,0.0,4.0,5.0,5.0,12.0
2995.0,delete,6.181594213103785,2308.0,264.0,5.559141600584264,0.0,7.0,5.0,4.0,14.0
2996.0,delete,5.449761586026947,2309.0,219.0,5.783892944993811,0.0,6.0,4.0,3.0,10.0
2997.0,add,5.486530372752816,2310.0,62.0,6.019336254948815,6.0,4.0,4.0,5.0,19.0
2998.0,add,5.320577116493983,2311.0,269.0,5.548284592026615,0.0,9.0,5.0,4.0,13.0
2999.0,add,6.306538595129745,2312.0,272.0,6.256670336513154,0.0,10.0,5.0,4.0,14.0
3000.0,add,6.29324844500919,2312.0,272.0,6.256670336513154,0.0,10.0,5.0,4.0,15.0
3001.0,delete,6.256670336513154,2312.0,272.0,6.256670336513154,0.0,10.0,5.0,4.0,13.0
3002.0,swap,5.278220116331428,2312.0,272.0,6.256670336513154,0.0,11.0,5.0,4.0,13.0
3003.0,add,5.279995658651203,2313.0,240.0,5.979485450183958,0.0,9.0,5.0,6.0,12.0
3004.0,delete,5.54740312633467,2314.0,255.0,5.700204003987859,0.0,9.0,5.0,3.0,12.0
3005.0,delete,4.327364797140869,2315.0,114.0,6.223296294222278,1.0,2.0,2.0,4.0,19.0
3006.0,delete,5.17061841642582,2316.0,192.0,5.744745396833076,0.0,2.0,3.0,4.0,15.0
3007.0,delete,6.838115407379854,2317.0,157.0,5.858531377012428,0.0,3.0,5.0,5.0,12.0
3008.0,add,6.089415951483515,2318.0,4.0,6.031671234875686,10.0,1.0,1.0,1.0,1.0
3009.0,delete,6.166113894910733,2319.0,265.0,5.5447552179543775,0.0,8.0,5.0,4.0,12.0
3010.0,delete,5.949751164698664,2320.0,220.0,5.803721819768695,0.0,4.0,4.0,3.0,11.0
3011.0,add,5.775288700572823,2321.0,271.0,6.078269565899334,0.0,10.0,6.0,4.0,13.0
3012.0,add,5.486530372752815,2322.0,63.0,6.020767438721479,6.0,4.0,4.0,6.0,19.0
3013.0,add,6.051832335922323,2323.0,270.0,5.790525114731775,0.0,9.0,5.0,4.0,14.0
3014.0,add,6.285441709097294,2324.0,273.0,6.29324844500919,0.0,10.0,5.0,4.0,15.0
3015.0,add,6.296376302893983,2324.0,273.0,6.29324844500919,0.0,10.0,5.0,4.0,16.0
3016.0,delete,6.29324844500919,2324.0,273.0,6.29324844500919,0.0,10.0,5.0,4.0,14.0
3017.0,swap,4.972245576917003,2324.0,273.0,6.29324844500919,0.0,9.0,5.0,4.0,16.0
3018.0,delete,5.843425670286516,2325.0,241.0,5.982999707190936,0.0,9.0,5.0,5.0,12.0
3019.0,delete,5.384701017807667,2326.0,115.0,6.22501952147586,1.0,2.0,2.0,4.0,18.0
3020.0,delete,5.559252482059483,2327.0,256.0,5.716534322265893,0.0,9.0,5.0,3.0,11.0
3021.0,delete,6.395583379721304,2328.0,158.0,5.85242658286252,0.0,3.0,5.0,4.0,12.0
3022.0,add,5.522362202288561,2329.0,193.0,5.751972908281545,0.0,3.0,3.0,4.0,15.0
3023.0,add,5.840735369132171,2330.0,5.0,6.030990612769531,10.0,0.0,2.0,2.0,1.0
3024.0,delete,5.366860203550566,2331.0,266.0,5.590754728823179,0.0,6.0,5.0,4.0,13.0
3025.0,add,5.637994023942369,2332.0,221.0,5.8176194866058974,0.0,5.0,4.0,2.0,12.0
3026.0,delete,4.920262125704071,2333.0,64.0,6.022414895747013,6.0,5.0,4.0,5.0,18.0
3027.0,add,5.413977264024622,2334.0,272.0,6.028112095785333,0.0,10.0,5.0,4.0,15.0
3028.0,add,5.506939314774404,2335.0,271.0,5.947993257091962,0.0,10.0,5.0,4.0,14.0
3029.0,add,6.29928623376328,2336.0,274.0,6.296376302893983,0.0,10.0,5.0,4.0,16.0
3030.0,add,6.296601427210405,2336.0,274.0,6.296376302893983,0.0,10.0,5.0,5.0,16.0
3031.0,delete,6.296337728548748,2336.0,274.0,6.296376302893983,0.0,9.0,5.0,4.0,16.0
3032.0,swap,5.181702485589882,2336.0,274.0,6.296376302893983,0.0,9.0,5.0,5.0,16.0
3033.0,add,5.408653277571686,2337.0,242.0,5.97921517760697,0.0,9.0,5.0,6.0,12.0
3034.0,add,6.217943403656544,2338.0,116.0,6.221033461152311,1.0,2.0,2.0,4.0,19.0
3035.0,delete,7.063455414683083,2339.0,159.0,5.84481345344066,0.0,3.0,5.0,5.0,10.0
3036.0,delete,5.908267554824179,2340.0,194.0,5.755212409769497,0.0,3.0,3.0,4.0,14.0
3037.0,add,4.898775891217111,2341.0,257.0,5.7440248699144405,0.0,9.0,5.0,4.0,11.0
3038.0,add,6.335247330279184,2342.0,6.0,6.030058618075341,10.0,1.0,2.0,1.0,2.0
3039.0,add,5.556416971354489,2343.0,267.0,5.685427520364227,0.0,7.0,6.0,4.0,12.0
3040.0,delete,5.319070720831813,2344.0,65.0,6.02508341101764,5.0,5.0,4.0,4.0,19.0
3041.0,add,5.986276672983461,2345.0,222.0,5.825249384813015,0.0,5.0,4.0,2.0,13.0
3042.0,add,6.553373368201658,2346.0,273.0,6.07406083560126,0.0,11.0,5.0,4.0,15.0
3043.0,add,6.251689833812309,2347.0,272.0,6.016530816933206,0.0,10.0,5.0,4.0,15.0
3044.0,delete,5.961767370451635,2348.0,258.0,5.762526191375436,0.0,9.0,4.0,4.0,11.0
3045.0,add,6.293836350775803,2349.0,275.0,6.296601427210405,0.0,10.0,5.0,5.0,16.0
3046.0,add,5.888839011715832,2349.0,275.0,6.296601427210405,0.0,11.0,5.0,5.0,16.0
3047.0,delete,5.065955247263654,2349.0,275.0,6.296601427210405,0.0,9.0,5.0,5.0,16.0
3048.0,swap,6.190935397801331,2349.0,275.0,6.296601427210405,0.0,10.0,6.0,5.0,15.0
3049.0,add,6.223644963080927,2350.0,117.0,6.2198981427988205,1.0,3.0,2.0,5.0,18.0
3050.0,delete,6.917715257432808,2351.0,160.0,5.833129840809489,0.0,3.0,5.0,4.0,10.0
3051.0,add,6.220717592904391,2352.0,195.0,5.759646131884659,0.0,3.0,3.0,4.0,15.0
3052.0,add,5.988756105880407,2353.0,243.0,5.978639020861789,0.0,9.0,5.0,7.0,12.0
3053.0,add,6.768452778802139,2354.0,7.0,6.028830461217029,10.0,1.0,3.0,2.0,1.0
3054.0,delete,6.089431421870251,2355.0,223.0,5.832284824444064,0.0,4.0,5.0,2.0,12.0
3055.0,add,5.33103251871763,2356.0,66.0,6.029660058333244,5.0,5.0,4.0,6.0,18.0
3056.0,add,5.7220267826044555,2357.0,268.0,5.773054608920761,0.0,8.0,5.0,4.0,13.0
3057.0,add,6.485381425167099,2358.0,274.0,5.947233486953405,0.0,10.0,5.0,4.0,17.0
3058.0,delete,4.847072657776847,2359.0,259.0,5.776096456622324,0.0,8.0,5.0,3.0,11.0
3059.0,add,6.613494312708146,2360.0,273.0,6.077147725357426,0.0,11.0,5.0,4.0,15.0
3060.0,add,5.966894635117879,2361.0,276.0,5.888839011715832,0.0,11.0,5.0,5.0,16.0
3061.0,add,5.851565831400304,2361.0,276.0,5.888839011715832,0.0,11.0,5.0,5.0,17.0
3062.0,delete,6.018512130122581,2361.0,276.0,5.888839011715832,0.0,11.0,4.0,5.0,16.0
3063.0,swap,5.892137063635414,2361.0,276.0,5.888839011715832,0.0,11.0,5.0,5.0,16.0
3064.0,delete,6.286330684354528,2362.0,118.0,6.219076667398918,1.0,3.0,2.0,4.0,18.0
3065.0,delete,7.0548204031759365,2363.0,161.0,5.8251782539425605,0.0,2.0,5.0,3.0,11.0
3066.0,delete,5.1789118084591825,2364.0,196.0,5.755440619785402,0.0,3.0,3.0,5.0,13.0
3067.0,add,6.206546272729904,2365.0,244.0,5.972872216366978,0.0,9.0,5.0,6.0,14.0
3068.0,add,6.33642318492921,2366.0,8.0,6.027016500938517,10.0,1.0,2.0,2.0,3.0
3069.0,add,5.6101621189205195,2367.0,224.0,5.8433412007470364,0.0,5.0,4.0,2.0,13.0
3070.0,add,5.697995584521595,2368.0,67.0,6.032379194163194,5.0,5.0,4.0,5.0,20.0
3071.0,add,5.404402122103963,2369.0,269.0,5.855706931345405,0.0,9.0,6.0,4.0,12.0
3072.0,add,6.412654412430222,2370.0,275.0,5.923589734398401,0.0,10.0,5.0,5.0,17.0
3073.0,add,6.383287139626317,2371.0,260.0,5.766944858825197,0.0,8.0,6.0,3.0,11.0
3074.0,add,6.167605334255971,2372.0,274.0,6.033028448421866,0.0,10.0,5.0,4.0,17.0
3075.0,delete,6.42775000223038,2373.0,245.0,5.970290426979022,0.0,9.0,5.0,5.0,14.0
3076.0,delete,7.0580177585057084,2374.0,162.0,5.8164804557733625,0.0,3.0,5.0,2.0,10.0
3077.0,delete,6.136581360743954,2375.0,119.0,6.220584097942882,1.0,3.0,2.0,4.0,17.0
3078.0,add,5.853949182385907,2376.0,277.0,5.851565831400304,0.0,11.0,5.0,5.0,17.0
3079.0,delete,5.944623042940306,2376.0,277.0,5.851565831400304,0.0,11.0,5.0,4.0,17.0
3080.0,swap,6.1614322876027465,2376.0,277.0,5.851565831400304,0.0,10.0,6.0,5.0,17.0
3081.0,delete,6.5061750505357265,2377.0,197.0,5.753105162034659,0.0,3.0,3.0,3.0,14.0
3082.0,add,4.765197688149289,2378.0,270.0,5.953913947516354,0.0,9.0,5.0,4.0,14.0
3083.0,add,6.43553065520964,2379.0,9.0,6.0259946968869995,10.0,1.0,3.0,2.0,3.0
3084.0,add,5.608270524627252,2380.0,225.0,5.853817719781038,0.0,5.0,4.0,4.0,12.0
3085.0,add,6.006390495694963,2381.0,68.0,6.033599567433174,5.0,7.0,4.0,5.0,19.0
3086.0,add,5.85430196068266,2382.0,276.0,5.952892586082316,0.0,11.0,6.0,5.0,16.0
3087.0,delete,5.946031282115493,2383.0,278.0,5.944623042940306,0.0,11.0,5.0,4.0,17.0
3088.0,delete,6.03466882065999,2383.0,278.0,5.944623042940306,0.0,11.0,5.0,4.0,16.0
3089.0,swap,5.944358415228903,2383.0,278.0,5.944623042940306,0.0,11.0,5.0,5.0,16.0
3090.0,delete,6.509565282813829,2384.0,246.0,5.951967946429206,0.0,9.0,5.0,5.0,13.0
3091.0,delete,6.339004785173962,2385.0,120.0,6.2228647355515285,0.0,2.0,2.0,4.0,18.0
3092.0,add,7.1170515421929474,2386.0,163.0,5.805213133709214,0.0,3.0,4.0,3.0,11.0
3093.0,delete,6.196716789061214,2387.0,198.0,5.742681544817089,0.0,2.0,3.0,4.0,13.0
3094.0,add,5.606623276923808,2388.0,261.0,5.755058513636914,0.0,9.0,5.0,3.0,12.0
3095.0,add,5.7185377424837505,2389.0,275.0,5.982305236618327,0.0,10.0,5.0,5.0,17.0
3096.0,delete,5.797339403200625,2390.0,277.0,5.967420390236173,0.0,11.0,4.0,5.0,17.0
3097.0,add,5.839869308624075,2391.0,271.0,5.997869474605304,0.0,10.0,5.0,4.0,14.0
3098.0,add,6.33642318492921,2392.0,10.0,6.024693387751294,10.0,1.0,2.0,2.0,5.0
3099.0,add,5.605573271283628,2393.0,226.0,5.857151783637287,0.0,5.0,4.0,5.0,12.0
3100.0,add,5.9992854294977604,2394.0,69.0,6.0343296128361885,5.0,6.0,4.0,5.0,21.0
3101.0,delete,6.034668820659988,2395.0,279.0,6.03466882065999,0.0,11.0,5.0,4.0,16.0
3102.0,add,5.098461344881557,2395.0,279.0,6.03466882065999,0.0,11.0,5.0,4.0,17.0
3103.0,delete,6.03466882065999,2395.0,279.0,6.03466882065999,0.0,11.0,5.0,3.0,16.0
3104.0,swap,5.801392924281431,2395.0,279.0,6.03466882065999,0.0,11.0,6.0,4.0,15.0
3105.0,delete,6.12457727836452,2396.0,199.0,5.7345439051712335,0.0,3.0,3.0,4.0,11.0
3106.0,add,6.4393124838418805,2397.0,121.0,6.221761932272444,1.0,2.0,2.0,4.0,18.0
3107.0,add,6.705360839763307,2398.0,164.0,5.791438730790447,0.0,4.0,4.0,2.0,12.0
3108.0,delete,6.02253744570443,2399.0,247.0,5.930049849265548,0.0,8.0,5.0,4.0,14.0
3109.0,add,5.601889427828662,2400.0,262.0,5.764683645570613,0.0,8.0,5.0,3.0,14.0
3110.0,add,5.888823197973341,2401.0,276.0,5.8736509335923,0.0,11.0,5.0,6.0,16.0
3111.0,delete,5.923618536959533,2402.0,278.0,5.80077214622859,0.0,11.0,4.0,4.0,17.0
3112.0,delete,5.666655602508147,2403.0,227.0,5.861276224331276,0.0,6.0,4.0,4.0,11.0
3113.0,add,6.337047494627326,2404.0,11.0,6.0230439215899665,10.0,1.0,2.0,2.0,6.0
3114.0,add,6.420326936358241,2405.0,272.0,5.982518352697127,0.0,11.0,5.0,4.0,14.0
3115.0,add,5.356209292424781,2406.0,70.0,6.036096021376036,5.0,6.0,4.0,6.0,21.0
3116.0,add,5.100190311330552,2407.0,280.0,5.098461344881557,0.0,11.0,5.0,4.0,17.0
3117.0,add,5.673046274700411,2407.0,280.0,5.098461344881557,0.0,11.0,5.0,4.0,18.0
3118.0,delete,5.100193659904985,2407.0,280.0,5.098461344881557,0.0,10.0,5.0,4.0,17.0
3119.0,swap,5.452483829653681,2407.0,280.0,5.098461344881557,0.0,11.0,6.0,3.0,17.0
3120.0,add,6.152762412736079,2408.0,200.0,5.726634048643801,0.0,3.0,3.0,4.0,12.0
3121.0,add,5.798352761538671,2409.0,122.0,6.21993922657038,1.0,3.0,2.0,5.0,17.0
3122.0,add,6.6795329114078905,2410.0,165.0,5.778950354101463,0.0,4.0,4.0,2.0,13.0
3123.0,add,6.399013780554971,2411.0,248.0,5.900495954316984,0.0,9.0,5.0,5.0,13.0
3124.0,add,5.614970934846093,2412.0,263.0,5.756422425813368,0.0,9.0,5.0,4.0,13.0
3125.0,delete,5.848774283019773,2413.0,277.0,5.706124677655532,0.0,10.0,5.0,5.0,17.0
3126.0,add,5.806078439345936,2414.0,279.0,5.284875084094237,0.0,11.0,6.0,4.0,16.0
3127.0,add,5.921048147123292,2415.0,228.0,5.862600281558341,0.0,6.0,4.0,4.0,12.0
3128.0,add,6.33642318492921,2416.0,12.0,6.020720014783883,10.0,1.0,2.0,2.0,7.0
3129.0,delete,5.358538940286588,2417.0,71.0,6.0381705123698115,5.0,6.0,4.0,5.0,21.0
3130.0,add,6.4835530987763725,2418.0,273.0,5.917670032801892,0.0,10.0,5.0,4.0,16.0
3131.0,delete,5.63705448738639,2419.0,278.0,5.641770162094367,0.0,11.0,5.0,4.0,16.0
3132.0,delete,6.193659857035378,2420.0,249.0,5.884467403400532,0.0,9.0,6.0,4.0,12.0
3133.0,delete,6.40404095204912,2421.0,264.0,5.756323403907747,0.0,7.0,5.0,4.0,14.0
3134.0,add,5.721993673350146,2422.0,281.0,5.673046274700411,0.0,11.0,5.0,4.0,18.0
3135.0,add,5.550272461957249,2422.0,281.0,5.673046274700411,0.0,12.0,5.0,4.0,18.0
3136.0,delete,5.673046274700411,2422.0,281.0,5.673046274700411,0.0,11.0,5.0,4.0,17.0
3137.0,swap,5.837389880618799,2422.0,281.0,5.673046274700411,0.0,11.0,6.0,3.0,18.0
3138.0,delete,6.6402548894125175,2423.0,123.0,6.222296583475717,1.0,3.0,3.0,4.0,16.0
3139.0,add,6.280233856662287,2424.0,166.0,5.771347444305794,0.0,4.0,4.0,2.0,14.0
3140.0,add,6.09667195281501,2425.0,201.0,5.7293092316381475,0.0,3.0,3.0,4.0,13.0
3141.0,add,5.031766588687031,2426.0,280.0,5.6911497130654025,0.0,11.0,5.0,4.0,18.0
3142.0,delete,5.315797448273562,2427.0,72.0,6.0412021743155,4.0,6.0,4.0,4.0,22.0
3143.0,add,6.33642318492921,2428.0,13.0,6.018507911557326,10.0,1.0,2.0,2.0,8.0
3144.0,add,6.515266232887706,2429.0,229.0,5.85496529564866,0.0,7.0,4.0,4.0,12.0
3145.0,add,6.291124445010624,2430.0,274.0,5.820514979853029,0.0,10.0,5.0,4.0,17.0
3146.0,delete,5.1280415847733885,2431.0,265.0,5.7358104193898765,0.0,8.0,4.0,4.0,13.0
3147.0,add,6.424685298634041,2432.0,250.0,5.860763694896691,0.0,9.0,6.0,4.0,13.0
3148.0,add,5.147572615994098,2433.0,279.0,5.458629339920979,0.0,12.0,5.0,4.0,16.0
3149.0,delete,6.161593805512984,2434.0,124.0,6.221238751846763,0.0,3.0,2.0,4.0,17.0
3150.0,add,5.549611882457213,2435.0,282.0,5.550272461957249,0.0,12.0,5.0,4.0,18.0
3151.0,delete,4.554359687314441,2435.0,282.0,5.550272461957249,0.0,11.0,5.0,4.0,18.0
3152.0,swap,5.4551656760267715,2435.0,282.0,5.550272461957249,0.0,12.0,6.0,4.0,17.0
3153.0,add,5.867412422854456,2436.0,167.0,5.76093055332011,0.0,4.0,4.0,3.0,14.0
3154.0,add,5.813943590417267,2437.0,202.0,5.721619364386718,0.0,3.0,3.0,4.0,14.0
3155.0,add,6.341527751339724,2438.0,281.0,5.2773524269389185,0.0,11.0,6.0,4.0,18.0
3156.0,delete,5.37407607287209,2439.0,73.0,6.0433443110398075,5.0,6.0,4.0,3.0,21.0
3157.0,delete,4.55435968731444,2440.0,283.0,4.554359687314441,0.0,11.0,5.0,4.0,18.0
3158.0,delete,4.554359687314441,2440.0,283.0,4.554359687314441,0.0,11.0,5.0,4.0,17.0
3159.0,swap,4.729308226038631,2440.0,283.0,4.554359687314441,0.0,11.0,5.0,5.0,17.0
3160.0,add,6.3369028490688315,2441.0,14.0,6.014584035301334,10.0,1.0,2.0,2.0,9.0
3161.0,add,6.515447649373182,2442.0,230.0,5.830059499865196,0.0,7.0,4.0,5.0,12.0
3162.0,add,6.749287796966809,2443.0,251.0,5.8077078577293415,0.0,9.0,6.0,4.0,14.0
3163.0,delete,6.626721042959048,2444.0,125.0,6.214431944209932,0.0,3.0,2.0,4.0,16.0
3164.0,delete,5.370653129711999,2445.0,266.0,5.6873376603745225,0.0,7.0,5.0,4.0,12.0
3165.0,add,6.126276269605536,2446.0,275.0,5.643561810868137,0.0,10.0,5.0,5.0,17.0
3166.0,add,5.952147141310679,2447.0,203.0,5.712833145011623,0.0,4.0,3.0,5.0,13.0
3167.0,add,6.957501727794908,2448.0,168.0,5.75439212248483,0.0,5.0,4.0,3.0,14.0
3168.0,add,5.328724195713098,2449.0,280.0,5.325092903986131,0.0,11.0,5.0,4.0,18.0
3169.0,delete,5.010847260660253,2450.0,282.0,4.5980968219954885,0.0,11.0,5.0,4.0,18.0
3170.0,delete,6.3206147667691255,2451.0,74.0,6.045220917997389,5.0,6.0,4.0,4.0,19.0
3171.0,delete,4.554359687314439,2452.0,284.0,4.554359687314441,0.0,11.0,5.0,4.0,17.0
3172.0,delete,4.552033499828652,2452.0,284.0,4.554359687314441,0.0,11.0,5.0,4.0,16.0
3173.0,swap,4.87215329312542,2452.0,284.0,4.554359687314441,0.0,10.0,5.0,4.0,18.0
3174.0,add,6.336788519403065,2453.0,15.0,6.0121883919366415,10.0,1.0,2.0,3.0,9.0
3175.0,delete,6.477294460210988,2454.0,231.0,5.8100379988600865,0.0,7.0,4.0,5.0,11.0
3176.0,delete,6.153098713683844,2455.0,252.0,5.760714472999895,0.0,8.0,6.0,4.0,14.0
3177.0,delete,5.94288546058719,2456.0,126.0,6.207928717219389,0.0,2.0,3.0,4.0,15.0
3178.0,add,4.512591809461563,2457.0,267.0,5.683036096013376,0.0,8.0,5.0,4.0,12.0
3179.0,add,5.008197981164215,2458.0,276.0,5.495164429668245,0.0,12.0,5.0,5.0,16.0
3180.0,delete,5.548956749333198,2459.0,204.0,5.7055848757115015,0.0,4.0,3.0,4.0,13.0
3181.0,add,4.825912766187398,2460.0,281.0,5.023196566724306,0.0,11.0,5.0,4.0,19.0
3182.0,add,6.665704152083325,2461.0,169.0,5.743443810088069,0.0,6.0,4.0,3.0,14.0
3183.0,delete,4.543889894087293,2462.0,283.0,4.633226541895738,0.0,11.0,5.0,4.0,17.0
3184.0,delete,5.347465039864744,2463.0,75.0,6.044669247989251,4.0,6.0,3.0,4.0,20.0
3185.0,delete,4.540695769452543,2464.0,285.0,4.552033499828652,0.0,11.0,5.0,4.0,16.0
3186.0,delete,5.623311765596599,2464.0,285.0,4.552033499828652,0.0,11.0,5.0,4.0,15.0
3187.0,swap,5.003370408577472,2464.0,285.0,4.552033499828652,0.0,11.0,5.0,5.0,15.0
3188.0,add,6.201596481296532,2465.0,16.0,6.008282620161081,10.0,1.0,3.0,2.0,10.0
3189.0,add,6.477294460210988,2466.0,232.0,5.777747125687592,0.0,7.0,4.0,6.0,11.0
3190.0,delete,6.802764192616096,2467.0,253.0,5.709330225443013,0.0,8.0,6.0,4.0,13.0
3191.0,delete,6.77024872558036,2468.0,127.0,6.201429427952321,0.0,2.0,3.0,4.0,14.0
3192.0,add,5.1221427773231385,2469.0,268.0,5.652962096429209,0.0,8.0,5.0,4.0,13.0
3193.0,delete,5.740454486697629,2470.0,277.0,5.368342133264655,0.0,10.0,5.0,5.0,17.0
3194.0,delete,6.109403357173445,2471.0,205.0,5.707590642155379,0.0,5.0,3.0,4.0,11.0
3195.0,delete,5.674109535231152,2472.0,282.0,4.757754072218718,0.0,12.0,4.0,4.0,18.0
3196.0,delete,6.9535267338431455,2473.0,170.0,5.736703026792262,0.0,5.0,4.0,3.0,14.0
3197.0,delete,5.027273222301101,2474.0,284.0,4.929852860863816,0.0,10.0,5.0,4.0,17.0
3198.0,delete,5.4321934326846115,2475.0,76.0,6.046540680140142,4.0,5.0,4.0,4.0,19.0
3199.0,delete,5.696825948313435,2476.0,286.0,5.623311765596599,0.0,11.0,5.0,4.0,15.0
3200.0,delete,5.060488877307657,2476.0,286.0,5.623311765596599,0.0,11.0,4.0,4.0,15.0
3201.0,swap,5.169766207133769,2476.0,286.0,5.623311765596599,0.0,10.0,5.0,4.0,16.0
3202.0,add,5.647536881656496,2477.0,233.0,5.764161019562896,0.0,8.0,4.0,6.0,11.0
3203.0,add,6.577806101738358,2478.0,17.0,6.005739214668407,10.0,2.0,3.0,2.0,10.0
3204.0,delete,6.363410142599774,2479.0,254.0,5.671332486619989,0.0,9.0,5.0,3.0,13.0
3205.0,delete,7.641856203472554,2480.0,128.0,6.1938135989236605,0.0,2.0,3.0,4.0,13.0
3206.0,delete,6.060173574606065,2481.0,278.0,5.297025567359202,0.0,10.0,5.0,4.0,17.0
3207.0,add,5.4731398385541805,2482.0,269.0,5.644973592192156,0.0,9.0,5.0,4.0,13.0
3208.0,delete,4.916286332806171,2483.0,206.0,5.709986522729789,0.0,4.0,3.0,4.0,11.0
3209.0,delete,5.734998382154049,2484.0,283.0,4.933210688362735,0.0,11.0,5.0,4.0,17.0
3210.0,delete,4.542224363794443,2485.0,285.0,5.387598199587865,0.0,11.0,5.0,4.0,15.0
3211.0,add,6.313575569343953,2486.0,171.0,5.723588636901768,0.0,5.0,3.0,4.0,15.0
3212.0,delete,5.458329014761101,2487.0,77.0,6.048282501168079,4.0,4.0,4.0,4.0,19.0
3213.0,delete,5.060488877307658,2488.0,287.0,5.060488877307657,0.0,11.0,4.0,4.0,15.0
3214.0,add,5.53756679460036,2488.0,287.0,5.060488877307657,0.0,11.0,4.0,4.0,16.0
3215.0,delete,4.923567428822885,2488.0,287.0,5.060488877307657,0.0,11.0,3.0,4.0,15.0
3216.0,swap,5.720946509412076,2488.0,287.0,5.060488877307657,0.0,11.0,4.0,4.0,15.0
3217.0,add,5.765234958334069,2489.0,234.0,5.763401938676432,0.0,8.0,4.0,6.0,12.0
3218.0,add,6.33642318492921,2490.0,18.0,6.003142499502681,10.0,2.0,2.0,2.0,12.0
3219.0,delete,5.423430169730181,2491.0,255.0,5.6487674432745,0.0,8.0,5.0,4.0,12.0
3220.0,add,6.668137527482609,2492.0,129.0,6.1798406838095525,0.0,2.0,3.0,4.0,14.0
3221.0,add,5.138329308421427,2493.0,279.0,5.198368565996306,0.0,11.0,5.0,4.0,17.0
3222.0,add,6.154218153223624,2494.0,270.0,5.632109101820739,0.0,9.0,6.0,4.0,13.0
3223.0,add,4.916286332806171,2495.0,207.0,5.715764060984288,0.0,4.0,3.0,4.0,12.0
3224.0,delete,4.528617511801169,2496.0,284.0,5.112196897880665,0.0,10.0,5.0,4.0,17.0
3225.0,delete,5.748805094004466,2497.0,286.0,5.260611697490127,0.0,10.0,5.0,4.0,15.0
3226.0,delete,5.286289185415248,2498.0,78.0,6.047965861157793,4.0,4.0,4.0,4.0,18.0
3227.0,add,5.687664126250519,2499.0,172.0,5.713909464988898,0.0,6.0,3.0,3.0,16.0
3228.0,add,5.5375667946003615,2500.0,288.0,5.53756679460036,0.0,11.0,4.0,4.0,16.0
3229.0,add,5.534374321219436,2500.0,288.0,5.53756679460036,0.0,11.0,4.0,4.0,17.0
3230.0,delete,5.489997326308222,2500.0,288.0,5.53756679460036,0.0,11.0,4.0,4.0,15.0
3231.0,swap,6.078646854496449,2500.0,288.0,5.53756679460036,0.0,11.0,4.0,5.0,15.0
3232.0,add,5.655483921739916,2501.0,235.0,5.7687609099749615,0.0,9.0,4.0,5.0,13.0
3233.0,add,5.9860688137037785,2502.0,19.0,5.999713719793414,10.0,2.0,3.0,2.0,12.0
3234.0,delete,7.8571904093042715,2503.0,130.0,6.171545156015411,0.0,2.0,3.0,5.0,12.0
3235.0,delete,5.5887858281647205,2504.0,256.0,5.642233763887111,0.0,9.0,5.0,4.0,10.0
3236.0,add,5.0985815022017915,2505.0,280.0,5.228694258529289,0.0,11.0,5.0,5.0,17.0
3237.0,add,5.2399333704737785,2506.0,271.0,5.628877921904859,0.0,11.0,5.0,4.0,13.0
3238.0,add,5.952986967471973,2507.0,208.0,5.715620911559584,0.0,4.0,3.0,3.0,14.0
3239.0,delete,4.726486584703494,2508.0,285.0,5.408898368779845,0.0,11.0,5.0,4.0,15.0
3240.0,delete,5.479432487567748,2509.0,79.0,6.04843596253191,4.0,3.0,4.0,4.0,18.0
3241.0,delete,6.299312313475774,2510.0,173.0,5.705129934095728,0.0,6.0,3.0,4.0,14.0
3242.0,add,5.864114064146676,2511.0,287.0,5.635630418244965,0.0,11.0,5.0,4.0,15.0
3243.0,delete,5.607395056804556,2512.0,286.0,5.5051420856569315,0.0,11.0,5.0,4.0,14.0
3244.0,add,5.534374321219435,2513.0,289.0,5.534374321219436,0.0,11.0,4.0,4.0,17.0
3245.0,add,5.53447129616527,2513.0,289.0,5.534374321219436,0.0,11.0,4.0,5.0,17.0
3246.0,delete,4.444408300589116,2513.0,289.0,5.534374321219436,0.0,10.0,4.0,4.0,17.0
3247.0,swap,5.436003241343799,2513.0,289.0,5.534374321219436,0.0,12.0,4.0,4.0,16.0
3248.0,add,6.349160143611563,2514.0,20.0,5.996249646987468,10.0,2.0,2.0,3.0,13.0
3249.0,delete,6.650612287705032,2515.0,131.0,6.160757918279902,0.0,2.0,2.0,4.0,13.0
3250.0,delete,4.961121904895335,2516.0,236.0,5.776036404477264,0.0,8.0,4.0,4.0,14.0
3251.0,add,5.606533066445234,2517.0,257.0,5.636745673275761,0.0,10.0,5.0,4.0,10.0
3252.0,add,6.340177763766933,2518.0,272.0,5.588947099909891,0.0,10.0,5.0,4.0,15.0
3253.0,add,5.961791933704431,2519.0,209.0,5.709633075136313,0.0,5.0,3.0,3.0,14.0
3254.0,delete,4.999526332105902,2520.0,80.0,6.049139426181665,4.0,2.0,4.0,4.0,18.0
3255.0,add,5.916353576761001,2521.0,281.0,5.195830641911562,0.0,12.0,5.0,4.0,18.0
3256.0,add,6.640108077147655,2522.0,174.0,5.6924621790440355,0.0,6.0,3.0,4.0,15.0
3257.0,add,5.01973838476086,2523.0,288.0,5.296726296107411,0.0,11.0,4.0,4.0,17.0
3258.0,add,4.496601526116206,2524.0,287.0,5.455569245404544,0.0,11.0,4.0,4.0,16.0
3259.0,delete,5.607633623849825,2525.0,258.0,5.637109749845503,0.0,9.0,5.0,4.0,10.0
3260.0,delete,5.642241700955207,2526.0,237.0,5.789158614180447,0.0,8.0,3.0,5.0,13.0
3261.0,delete,6.697632563579422,2527.0,132.0,6.151939111115679,0.0,2.0,3.0,3.0,12.0
3262.0,add,5.534995401779343,2528.0,290.0,5.53447129616527,0.0,11.0,4.0,5.0,17.0
3263.0,add,5.019363840930685,2528.0,290.0,5.53447129616527,0.0,11.0,4.0,5.0,18.0
3264.0,delete,5.574171172798451,2528.0,290.0,5.53447129616527,0.0,10.0,4.0,5.0,17.0
3265.0,swap,4.176103256930458,2528.0,290.0,5.53447129616527,0.0,11.0,4.0,5.0,17.0
3266.0,add,6.011629750334654,2529.0,21.0,5.9923408647228875,10.0,2.0,3.0,2.0,14.0
3267.0,add,6.3725617014823674,2530.0,273.0,5.528232873928025,0.0,10.0,6.0,4.0,15.0
3268.0,delete,5.479432487567747,2531.0,81.0,6.049621627317202,4.0,3.0,4.0,3.0,17.0
3269.0,add,6.179079397768664,2532.0,210.0,5.7004213777329475,0.0,5.0,3.0,3.0,15.0
3270.0,delete,6.916915629051964,2533.0,175.0,5.6771628114507475,0.0,6.0,3.0,4.0,14.0
3271.0,delete,5.650090650770736,2534.0,282.0,5.122084270564802,0.0,12.0,5.0,4.0,17.0
3272.0,add,5.590921958087238,2535.0,289.0,5.1678209937208415,0.0,11.0,5.0,4.0,17.0
3273.0,delete,5.811611021994136,2536.0,259.0,5.626332336070651,0.0,9.0,4.0,3.0,11.0
3274.0,add,4.426065255289569,2537.0,288.0,5.218084135984008,0.0,11.0,4.0,4.0,17.0
3275.0,delete,6.695623751534784,2538.0,133.0,6.14173820315774,0.0,1.0,3.0,3.0,12.0
3276.0,add,4.273307799160537,2539.0,238.0,5.799134078683415,0.0,8.0,4.0,5.0,13.0
3277.0,delete,4.697821665122838,2540.0,283.0,5.144142107193322,0.0,11.0,4.0,4.0,18.0
3278.0,add,6.33642318492921,2541.0,22.0,5.98960479748426,10.0,2.0,2.0,2.0,16.0
3279.0,add,5.035777723230892,2542.0,291.0,5.019363840930685,0.0,11.0,4.0,5.0,18.0
3280.0,delete,4.97920486854664,2542.0,291.0,5.019363840930685,0.0,10.0,4.0,5.0,18.0
3281.0,swap,5.062765598091693,2542.0,291.0,5.019363840930685,0.0,11.0,4.0,5.0,18.0
3282.0,delete,5.287498379897238,2543.0,82.0,6.049722050650812,4.0,3.0,4.0,3.0,16.0
3283.0,add,6.412429148018693,2544.0,274.0,5.447041934601137,0.0,10.0,5.0,4.0,17.0
3284.0,delete,7.089928786919474,2545.0,176.0,5.660343591782448,0.0,5.0,3.0,4.0,14.0
3285.0,add,5.499756836322366,2546.0,211.0,5.692854767997238,0.0,6.0,3.0,4.0,14.0
3286.0,add,5.544537129526226,2547.0,290.0,5.024278007699977,0.0,11.0,4.0,5.0,18.0
3287.0,delete,4.978026072154587,2548.0,292.0,4.97920486854664,0.0,10.0,4.0,5.0,18.0
3288.0,delete,4.97669629218243,2548.0,292.0,4.97920486854664,0.0,9.0,4.0,5.0,18.0
3289.0,swap,5.692950727363822,2548.0,292.0,4.97920486854664,0.0,11.0,4.0,5.0,17.0
3290.0,delete,7.498443690053415,2549.0,134.0,6.128314958947598,0.0,1.0,3.0,3.0,11.0
3291.0,add,4.956046080370407,2550.0,239.0,5.807243691937261,0.0,8.0,4.0,6.0,13.0
3292.0,add,6.215387436022241,2551.0,260.0,5.592135177120575,0.0,8.0,5.0,3.0,12.0
3293.0,add,6.312790542208645,2552.0,23.0,5.986153529200627,10.0,2.0,4.0,2.0,15.0
3294.0,delete,4.585065844613843,2553.0,284.0,5.186139991405859,0.0,11.0,4.0,4.0,17.0
3295.0,add,5.402022668100275,2554.0,289.0,5.207691179829826,0.0,11.0,4.0,4.0,18.0
3296.0,delete,5.364320659424071,2555.0,83.0,6.051624606282423,4.0,2.0,3.0,3.0,17.0
3297.0,delete,4.728964780217551,2556.0,291.0,5.156719490061869,0.0,10.0,4.0,5.0,18.0
3298.0,delete,7.090038092472744,2557.0,177.0,5.642797454421069,0.0,4.0,3.0,3.0,15.0
3299.0,add,6.16797321184602,2558.0,275.0,5.379559815843035,0.0,10.0,5.0,5.0,17.0
3300.0,add,5.356011134217111,2559.0,212.0,5.690447942114154,0.0,6.0,3.0,3.0,16.0
3301.0,delete,4.973263409087523,2560.0,293.0,4.97669629218243,0.0,9.0,4.0,5.0,18.0
3302.0,delete,4.9766962921824325,2560.0,293.0,4.97669629218243,0.0,9.0,4.0,4.0,18.0
3303.0,swap,4.9764870457220995,2560.0,293.0,4.97669629218243,0.0,9.0,4.0,5.0,18.0
3304.0,add,7.845321839033049,2561.0,135.0,6.110699071780522,0.0,2.0,3.0,2.0,12.0
3305.0,add,5.10537830696696,2562.0,261.0,5.557925238019697,0.0,8.0,6.0,3.0,12.0
3306.0,add,5.735478296267247,2563.0,240.0,5.797428027219257,0.0,9.0,4.0,6.0,13.0
3307.0,delete,4.5828042204275885,2564.0,285.0,5.220419108072907,0.0,11.0,4.0,4.0,16.0
3308.0,add,6.435075822141066,2565.0,24.0,5.9819036882805,10.0,2.0,3.0,2.0,17.0
3309.0,add,6.000867558078601,2566.0,290.0,5.078727814936382,0.0,12.0,4.0,5.0,17.0
3310.0,delete,4.829153156213367,2567.0,292.0,4.975785759793621,0.0,10.0,4.0,5.0,17.0
3311.0,add,5.166111972889006,2568.0,84.0,6.052758619702661,4.0,2.0,4.0,3.0,17.0
3312.0,delete,5.7495824119129155,2569.0,178.0,5.628988288169604,0.0,4.0,3.0,4.0,13.0
3313.0,delete,4.9837682606315346,2570.0,294.0,4.9766962921824325,0.0,9.0,4.0,4.0,18.0
3314.0,delete,5.5170370240513575,2570.0,294.0,4.9766962921824325,0.0,8.0,4.0,4.0,18.0
3315.0,swap,4.978963586682326,2570.0,294.0,4.9766962921824325,0.0,8.0,5.0,4.0,18.0
3316.0,add,5.580181195606232,2571.0,213.0,5.683529659611427,0.0,6.0,3.0,3.0,17.0
3317.0,add,5.930105238935096,2572.0,276.0,5.312598947153418,0.0,12.0,5.0,5.0,16.0
3318.0,add,5.984511226402789,2573.0,262.0,5.54600970700301,0.0,9.0,5.0,3.0,13.0
3319.0,add,7.8589412265001855,2574.0,136.0,6.091760682756787,0.0,1.0,3.0,4.0,12.0
3320.0,delete,5.075975484929521,2575.0,241.0,5.789483572982117,0.0,8.0,5.0,6.0,12.0
3321.0,delete,5.65018933837515,2576.0,286.0,5.23386239383182,0.0,11.0,4.0,4.0,15.0
3322.0,delete,5.554148163238021,2577.0,291.0,5.0492676262529725,0.0,10.0,4.0,5.0,18.0
3323.0,add,6.435075822141066,2578.0,25.0,5.978526949377143,10.0,2.0,3.0,2.0,18.0
3324.0,delete,4.713777564503447,2579.0,293.0,5.114116290886913,0.0,8.0,4.0,5.0,18.0
3325.0,delete,5.517025328199691,2580.0,295.0,5.5170370240513575,0.0,8.0,4.0,4.0,18.0
3326.0,add,5.540105784822796,2580.0,295.0,5.5170370240513575,0.0,9.0,4.0,4.0,18.0
3327.0,delete,5.3083947680964565,2580.0,295.0,5.5170370240513575,0.0,8.0,4.0,4.0,17.0
3328.0,swap,5.23181004287567,2580.0,295.0,5.5170370240513575,0.0,8.0,5.0,4.0,17.0
3329.0,add,4.99397944426324,2581.0,85.0,6.054102485593256,4.0,4.0,4.0,3.0,16.0
3330.0,add,6.449680321687902,2582.0,179.0,5.62424363444446,0.0,3.0,3.0,4.0,15.0
3331.0,delete,5.545233176058711,2583.0,214.0,5.683337477047254,0.0,6.0,3.0,3.0,16.0
3332.0,delete,5.851565831400304,2584.0,277.0,5.289594962408165,0.0,11.0,5.0,5.0,16.0
3333.0,add,5.677411902035115,2585.0,263.0,5.533613808835013,0.0,8.0,5.0,4.0,14.0
3334.0,add,7.3560318578878015,2586.0,137.0,6.0741412708446125,0.0,1.0,5.0,3.0,12.0
3335.0,add,5.377129876418976,2587.0,242.0,5.780482523423855,0.0,9.0,5.0,6.0,12.0
3336.0,add,3.7827832246367694,2588.0,287.0,5.227607998906864,0.0,11.0,4.0,4.0,16.0
3337.0,delete,5.594997630563784,2589.0,292.0,5.117167581173164,0.0,10.0,4.0,5.0,17.0
3338.0,add,6.283302718480428,2590.0,26.0,5.974929412689444,10.0,2.0,3.0,3.0,18.0
3339.0,delete,4.978587864027927,2591.0,294.0,5.422874589609194,0.0,9.0,4.0,4.0,17.0
3340.0,delete,5.948478164129167,2592.0,278.0,5.240610380969441,0.0,11.0,4.0,4.0,17.0
3341.0,add,5.0643065740781905,2593.0,86.0,6.0580299119732315,4.0,4.0,4.0,3.0,17.0
3342.0,add,5.8886112162143425,2594.0,180.0,5.622903773938695,0.0,3.0,3.0,4.0,16.0
3343.0,delete,5.561612697693397,2595.0,215.0,5.6803448673014385,0.0,5.0,4.0,3.0,15.0
3344.0,add,5.58612880705714,2596.0,296.0,5.540105784822796,0.0,9.0,4.0,4.0,18.0
3345.0,delete,5.338256161301847,2596.0,296.0,5.540105784822796,0.0,9.0,4.0,4.0,17.0
3346.0,swap,6.064695701170237,2596.0,296.0,5.540105784822796,0.0,9.0,4.0,5.0,17.0
3347.0,delete,6.13431066780642,2597.0,264.0,5.516700496795351,0.0,8.0,5.0,3.0,14.0
3348.0,add,5.06148849895803,2598.0,288.0,5.222252518975852,0.0,11.0,4.0,4.0,17.0
3349.0,add,7.709329063608335,2599.0,138.0,6.05636179716965,0.0,1.0,5.0,3.0,13.0
3350.0,add,5.990547304491375,2600.0,243.0,5.771000775748,0.0,9.0,5.0,7.0,12.0
3351.0,delete,4.9766962921824325,2601.0,293.0,5.287326706584836,0.0,9.0,4.0,4.0,18.0
3352.0,add,5.519510416710738,2602.0,295.0,5.632296613588005,0.0,8.0,4.0,4.0,19.0
3353.0,add,6.0428046767210635,2603.0,27.0,5.9723597865980675,10.0,2.0,4.0,2.0,19.0
3354.0,delete,5.367520014147563,2604.0,297.0,5.338256161301847,0.0,9.0,4.0,4.0,17.0
3355.0,add,5.324682286226279,2604.0,297.0,5.338256161301847,0.0,9.0,4.0,4.0,18.0
3356.0,delete,5.771798022531603,2604.0,297.0,5.338256161301847,0.0,9.0,4.0,4.0,16.0
3357.0,swap,5.362445885538766,2604.0,297.0,5.338256161301847,0.0,10.0,4.0,4.0,16.0
3358.0,add,5.070781820984777,2605.0,87.0,6.061557094934723,4.0,4.0,5.0,3.0,17.0
3359.0,add,5.588618098493339,2606.0,181.0,5.627155434251747,0.0,4.0,3.0,4.0,16.0
3360.0,delete,5.9971348782028695,2607.0,216.0,5.677503502950422,0.0,5.0,4.0,3.0,14.0
3361.0,delete,6.768675317024345,2608.0,265.0,5.492318173052825,0.0,8.0,5.0,4.0,12.0
3362.0,add,6.5451272852771805,2609.0,279.0,5.213230809138043,0.0,11.0,6.0,4.0,16.0
3363.0,add,5.061260314113312,2610.0,289.0,5.270444746298732,0.0,11.0,4.0,4.0,18.0
3364.0,add,7.747914239608368,2611.0,139.0,6.040187420841458,0.0,1.0,6.0,4.0,12.0
3365.0,add,6.168253821765012,2612.0,244.0,5.760976547539256,0.0,9.0,5.0,6.0,14.0
3366.0,delete,5.589623648136115,2613.0,294.0,5.459142721911291,0.0,9.0,4.0,4.0,17.0
3367.0,delete,4.720974333284284,2614.0,296.0,5.432940473949211,0.0,9.0,4.0,4.0,17.0
3368.0,add,6.285892407106835,2615.0,28.0,5.970070709842494,10.0,3.0,3.0,2.0,20.0
3369.0,delete,4.55250577370973,2616.0,217.0,5.686569779354564,0.0,6.0,4.0,3.0,12.0
3370.0,delete,5.472243343092295,2617.0,182.0,5.628284399755793,0.0,3.0,3.0,3.0,17.0
3371.0,add,5.069483946876968,2618.0,88.0,6.065394334743268,4.0,4.0,4.0,4.0,18.0
3372.0,add,5.324682286226279,2619.0,298.0,5.324682286226279,0.0,9.0,4.0,4.0,18.0
3373.0,add,5.755469166330397,2619.0,298.0,5.324682286226279,0.0,9.0,4.0,4.0,19.0
3374.0,delete,5.338256161301847,2619.0,298.0,5.324682286226279,0.0,9.0,4.0,4.0,17.0
3375.0,swap,6.286766945153945,2619.0,298.0,5.324682286226279,0.0,9.0,4.0,5.0,17.0
3376.0,delete,6.16414331069753,2620.0,266.0,5.490206494305755,0.0,7.0,5.0,4.0,12.0
3377.0,add,4.656732768853887,2621.0,280.0,5.224980555281032,0.0,12.0,5.0,4.0,17.0
3378.0,delete,6.284779921906995,2622.0,245.0,5.747722180518173,0.0,9.0,5.0,6.0,13.0
3379.0,add,7.830456953879697,2623.0,140.0,6.023127824854807,0.0,2.0,5.0,4.0,13.0
3380.0,add,5.109149313817193,2624.0,290.0,5.300521915963026,0.0,11.0,4.0,5.0,18.0
3381.0,add,5.549073810418882,2625.0,295.0,5.521520855128836,0.0,8.0,5.0,4.0,18.0
3382.0,delete,4.432800722062433,2626.0,218.0,5.694340792832336,0.0,6.0,3.0,3.0,12.0
3383.0,add,6.280921506801421,2627.0,29.0,5.966807261944524,10.0,3.0,3.0,2.0,21.0
3384.0,delete,4.356157124465322,2628.0,183.0,5.6310257552350755,0.0,3.0,3.0,4.0,15.0
3385.0,add,4.15979761157248,2629.0,297.0,5.605971369047749,0.0,9.0,4.0,4.0,18.0
3386.0,add,5.072479520276957,2630.0,89.0,6.067390594249331,4.0,4.0,4.0,4.0,19.0
3387.0,delete,5.282555972496136,2631.0,296.0,5.3409680794195715,0.0,8.0,4.0,4.0,18.0
3388.0,add,6.481973129380283,2632.0,281.0,5.199597908067072,0.0,11.0,5.0,4.0,19.0
3389.0,add,5.681279897851675,2633.0,299.0,5.755469166330397,0.0,9.0,4.0,4.0,19.0
3390.0,add,5.560022577983551,2633.0,299.0,5.755469166330397,0.0,10.0,4.0,4.0,19.0
3391.0,delete,5.756659348825327,2633.0,299.0,5.755469166330397,0.0,9.0,4.0,4.0,18.0
3392.0,swap,6.231035766816266,2633.0,299.0,5.755469166330397,0.0,10.0,4.0,4.0,18.0
3393.0,delete,6.55728794046986,2634.0,246.0,5.730368042638521,0.0,9.0,4.0,5.0,14.0
3394.0,add,7.704254784508365,2635.0,141.0,6.005063544922618,0.0,2.0,5.0,5.0,13.0
3395.0,add,5.122258047431542,2636.0,267.0,5.497314425567841,0.0,7.0,5.0,4.0,13.0
3396.0,delete,4.653450431774823,2637.0,219.0,5.702793323857903,0.0,5.0,4.0,3.0,11.0
3397.0,delete,6.207231330473629,2638.0,30.0,5.963734753811259,10.0,3.0,2.0,2.0,21.0
3398.0,delete,4.97015887247615,2639.0,291.0,5.32328547082446,0.0,11.0,4.0,5.0,17.0
3399.0,add,4.435401879252231,2640.0,184.0,5.640896966278934,0.0,3.0,3.0,4.0,16.0
3400.0,add,5.32180483383859,2641.0,298.0,5.796893351561443,0.0,9.0,4.0,5.0,18.0
3401.0,add,5.072487899457041,2642.0,90.0,6.070833798695301,4.0,4.0,4.0,5.0,19.0
3402.0,delete,5.906811268998445,2643.0,282.0,5.1984421941755246,0.0,11.0,5.0,4.0,18.0
3403.0,add,4.978567626157034,2644.0,297.0,5.521859716556967,0.0,9.0,5.0,4.0,17.0
3404.0,delete,4.529634274527659,2645.0,292.0,5.331924810848776,0.0,10.0,4.0,5.0,17.0
3405.0,add,4.658445821791401,2646.0,268.0,5.494465667178005,0.0,8.0,5.0,4.0,13.0
3406.0,delete,6.4413072771185735,2647.0,247.0,5.704908960761698,0.0,9.0,4.0,4.0,14.0
3407.0,add,5.559406164551364,2648.0,300.0,5.560022577983551,0.0,10.0,4.0,4.0,19.0
3408.0,add,5.503186435048262,2648.0,300.0,5.560022577983551,0.0,10.0,4.0,4.0,20.0
3409.0,delete,5.559792434154767,2648.0,300.0,5.560022577983551,0.0,10.0,4.0,3.0,19.0
3410.0,swap,5.559680751347494,2648.0,300.0,5.560022577983551,0.0,10.0,4.0,4.0,19.0
3411.0,delete,7.6405383306634,2649.0,142.0,5.985824103111995,0.0,2.0,5.0,5.0,12.0
3412.0,add,6.1557503406382885,2650.0,31.0,5.9602615231440135,10.0,3.0,3.0,2.0,21.0
3413.0,delete,4.937015409845882,2651.0,220.0,5.708070149386615,0.0,5.0,4.0,3.0,10.0
3414.0,add,4.310120392360066,2652.0,185.0,5.6507871678644594,0.0,4.0,3.0,4.0,16.0
3415.0,delete,5.595571784773958,2653.0,91.0,6.072816590085688,4.0,4.0,4.0,5.0,18.0
3416.0,delete,4.554359687314439,2654.0,283.0,5.213316631807455,0.0,11.0,5.0,3.0,18.0
3417.0,add,5.6979164665182,2655.0,299.0,5.548417672617087,0.0,9.0,4.0,4.0,20.0
3418.0,delete,4.855165517593026,2656.0,293.0,5.39678082925521,0.0,9.0,3.0,5.0,18.0
3419.0,add,5.892667559115272,2657.0,298.0,5.653295803933262,0.0,10.0,4.0,4.0,18.0
3420.0,add,6.226381287536642,2658.0,269.0,5.488933484722629,0.0,9.0,5.0,4.0,13.0
3421.0,add,5.904149022946706,2659.0,248.0,5.684150195809729,0.0,10.0,5.0,4.0,13.0
3422.0,delete,7.640538330663403,2660.0,143.0,5.970624157894603,0.0,2.0,5.0,4.0,12.0
3423.0,add,5.5032929719190316,2661.0,301.0,5.503186435048262,0.0,10.0,4.0,4.0,20.0
3424.0,delete,5.503186435048262,2661.0,301.0,5.503186435048262,0.0,10.0,4.0,4.0,19.0
3425.0,swap,4.469091437473998,2661.0,301.0,5.503186435048262,0.0,10.0,4.0,4.0,20.0
3426.0,delete,6.044832237890783,2662.0,32.0,5.957745860852879,10.0,3.0,2.0,3.0,20.0
3427.0,add,4.066349753291279,2663.0,221.0,5.710170971591577,0.0,5.0,4.0,2.0,12.0
3428.0,delete,5.1584835107408695,2664.0,284.0,5.242372884538331,0.0,10.0,5.0,4.0,17.0
3429.0,delete,5.070742952320557,2665.0,92.0,6.07483812671337,4.0,4.0,4.0,5.0,17.0
3430.0,add,6.127470585459587,2666.0,186.0,5.655999912080397,0.0,3.0,3.0,4.0,18.0
3431.0,add,5.395950404201643,2667.0,300.0,5.244689319872389,0.0,11.0,4.0,4.0,19.0
3432.0,delete,5.589623648136115,2668.0,294.0,5.451506132116132,0.0,9.0,4.0,4.0,17.0
3433.0,delete,5.523639100541963,2669.0,302.0,5.503186435048262,0.0,10.0,4.0,4.0,19.0
3434.0,delete,5.503186435048262,2669.0,302.0,5.503186435048262,0.0,10.0,4.0,3.0,19.0
3435.0,swap,5.5077114629874835,2669.0,302.0,5.503186435048262,0.0,10.0,3.0,5.0,19.0
3436.0,delete,7.282467387890703,2670.0,144.0,5.954104053722845,0.0,2.0,5.0,4.0,11.0
3437.0,delete,5.877432722772177,2671.0,249.0,5.662448338910245,0.0,9.0,5.0,4.0,13.0
3438.0,add,5.817080273982214,2672.0,270.0,5.485313914492041,0.0,9.0,5.0,4.0,14.0
3439.0,add,5.874765927728446,2673.0,299.0,5.449697159755714,0.0,10.0,4.0,4.0,19.0
3440.0,delete,5.775299449901858,2674.0,33.0,5.9563815710140755,10.0,3.0,1.0,3.0,20.0
3441.0,add,5.648862534657859,2675.0,222.0,5.713915126591776,0.0,5.0,4.0,3.0,12.0
3442.0,delete,4.55203349982865,2676.0,285.0,5.292939754362538,0.0,11.0,5.0,3.0,16.0
3443.0,delete,5.374550380173525,2677.0,93.0,6.077954008526221,3.0,4.0,4.0,4.0,18.0
3444.0,delete,5.507514860119396,2678.0,301.0,5.509430858406493,0.0,10.0,3.0,4.0,20.0
3445.0,add,4.79036013662959,2679.0,187.0,5.664483116599886,0.0,3.0,3.0,5.0,18.0
3446.0,delete,5.503186435048262,2680.0,303.0,5.503186435048262,0.0,10.0,4.0,3.0,19.0
3447.0,delete,4.692846220043847,2680.0,303.0,5.503186435048262,0.0,10.0,4.0,3.0,18.0
3448.0,swap,5.991290538780928,2680.0,303.0,5.503186435048262,0.0,11.0,4.0,2.0,19.0
3449.0,add,5.337037486595697,2681.0,295.0,5.477326864815622,0.0,8.0,4.0,4.0,19.0
3450.0,delete,7.451832750259663,2682.0,145.0,5.938302814426351,0.0,2.0,5.0,4.0,10.0
3451.0,add,6.544708338269015,2683.0,250.0,5.642179316627888,0.0,9.0,6.0,4.0,13.0
3452.0,add,5.584882063184102,2684.0,271.0,5.4780410218442,0.0,10.0,6.0,4.0,13.0
3453.0,add,5.5755460980978295,2685.0,300.0,5.383673561355111,0.0,10.0,4.0,4.0,20.0
3454.0,delete,6.062470163520783,2686.0,34.0,5.954490437587984,9.0,3.0,2.0,3.0,19.0
3455.0,delete,5.631638214659346,2687.0,223.0,5.710676989538631,0.0,5.0,5.0,2.0,11.0
3456.0,delete,5.536030341319242,2688.0,286.0,5.315155465624467,0.0,11.0,5.0,4.0,14.0
3457.0,delete,6.053299812690218,2689.0,302.0,5.422627407230324,0.0,10.0,4.0,4.0,18.0
3458.0,add,5.0075981200381685,2690.0,94.0,6.080713397817552,2.0,4.0,5.0,5.0,18.0
3459.0,delete,5.868911247991827,2691.0,188.0,5.671630995090375,0.0,3.0,3.0,5.0,17.0
3460.0,delete,4.613624359577973,2692.0,304.0,4.692846220043847,0.0,10.0,4.0,3.0,18.0
3461.0,delete,4.599028548890898,2692.0,304.0,4.692846220043847,0.0,10.0,4.0,3.0,17.0
3462.0,swap,5.2606633948753085,2692.0,304.0,4.692846220043847,0.0,10.0,4.0,4.0,17.0
3463.0,delete,6.064444014275978,2693.0,296.0,5.424708515887633,0.0,9.0,4.0,4.0,17.0
3464.0,delete,4.955074436090233,2694.0,301.0,5.354931466971067,0.0,9.0,4.0,4.0,20.0
3465.0,add,7.701793001283335,2695.0,146.0,5.921145718091468,0.0,2.0,5.0,4.0,11.0
3466.0,add,6.424685298634041,2696.0,251.0,5.6156594525127606,0.0,9.0,6.0,5.0,13.0
3467.0,add,6.280042536199163,2697.0,272.0,5.460272708418431,0.0,10.0,5.0,4.0,15.0
3468.0,delete,5.504197978478782,2698.0,303.0,4.791540630847006,0.0,10.0,4.0,3.0,18.0
3469.0,add,6.062470163520783,2699.0,35.0,5.952965885382187,9.0,3.0,2.0,3.0,20.0
3470.0,add,5.231045220722415,2700.0,224.0,5.710590511722751,0.0,5.0,5.0,2.0,12.0
3471.0,add,5.204597958451802,2701.0,287.0,5.308081459377849,0.0,11.0,5.0,4.0,15.0
3472.0,delete,5.342848303255198,2702.0,95.0,6.083629338403717,2.0,4.0,4.0,5.0,18.0
3473.0,delete,5.278508138800055,2703.0,189.0,5.673194645466361,0.0,2.0,3.0,5.0,17.0
3474.0,delete,4.599664135844028,2704.0,305.0,4.599028548890898,0.0,10.0,4.0,3.0,17.0
3475.0,delete,4.72305029974144,2704.0,305.0,4.599028548890898,0.0,10.0,3.0,3.0,17.0
3476.0,swap,3.461692723709929,2704.0,305.0,4.599028548890898,0.0,11.0,4.0,3.0,16.0
3477.0,add,5.475498956679023,2705.0,297.0,5.345329458398929,0.0,9.0,4.0,4.0,18.0
3478.0,delete,5.510239795076504,2706.0,302.0,5.04214424022749,0.0,9.0,4.0,4.0,19.0
3479.0,delete,7.585975384808144,2707.0,147.0,5.903707790427695,0.0,2.0,5.0,4.0,10.0
3480.0,delete,6.806121691978494,2708.0,252.0,5.5854764115945725,0.0,9.0,6.0,4.0,13.0
3481.0,delete,4.613502860868625,2709.0,304.0,4.345858927046574,0.0,10.0,4.0,3.0,17.0
3482.0,add,5.456039360712052,2710.0,273.0,5.417385272600003,0.0,10.0,5.0,4.0,16.0
3483.0,delete,4.7254988293955655,2711.0,306.0,4.72305029974144,0.0,10.0,3.0,3.0,17.0
3484.0,delete,4.88176835844399,2711.0,306.0,4.72305029974144,0.0,10.0,3.0,3.0,16.0
3485.0,swap,3.4973259147324915,2711.0,306.0,4.72305029974144,0.0,10.0,4.0,3.0,16.0
3486.0,add,6.042749447388643,2712.0,36.0,5.948099032446682,9.0,3.0,3.0,4.0,19.0
3487.0,add,5.65240120809984,2713.0,96.0,6.081808978807414,2.0,4.0,4.0,5.0,19.0
3488.0,delete,4.708732573427856,2714.0,190.0,5.66834083728759,0.0,3.0,2.0,5.0,16.0
3489.0,add,4.996808941541909,2715.0,225.0,5.6992400238804235,0.0,5.0,5.0,3.0,12.0
3490.0,add,4.4994511393325265,2716.0,288.0,5.251204559097374,0.0,11.0,4.0,4.0,17.0
3491.0,add,4.626285819099344,2717.0,298.0,5.272532337893243,0.0,9.0,4.0,4.0,19.0
3492.0,delete,4.955074436090233,2718.0,303.0,4.597738635383573,0.0,9.0,4.0,3.0,19.0
3493.0,delete,6.468034646224754,2719.0,253.0,5.54997424526707,0.0,9.0,6.0,3.0,13.0
3494.0,add,7.701793001283335,2720.0,148.0,5.882325765182634,0.0,2.0,5.0,4.0,11.0
3495.0,delete,4.687870800024726,2721.0,305.0,4.456910850578372,0.0,10.0,4.0,3.0,16.0
3496.0,delete,4.653024810045493,2722.0,307.0,4.88176835844399,0.0,10.0,3.0,3.0,16.0
3497.0,delete,5.320544792740234,2722.0,307.0,4.88176835844399,0.0,10.0,3.0,3.0,15.0
3498.0,swap,5.374335762097249,2722.0,307.0,4.88176835844399,0.0,10.0,2.0,3.0,17.0
3499.0,add,6.167054188733452,2723.0,37.0,5.944944018226757,9.0,4.0,4.0,3.0,19.0
3500.0,delete,6.750970694579971,2724.0,191.0,5.664472370341649,0.0,3.0,3.0,4.0,15.0
3501.0,delete,6.2039165426571055,2725.0,97.0,6.080467523811682,2.0,3.0,4.0,5.0,19.0
3502.0,add,5.652808748808023,2726.0,226.0,5.69076791327397,0.0,5.0,4.0,5.0,12.0
3503.0,add,6.290616098446937,2727.0,274.0,5.35391177669647,0.0,10.0,5.0,4.0,17.0
3504.0,add,5.53756679460036,2728.0,289.0,5.245494740221789,0.0,11.0,4.0,4.0,18.0
3505.0,delete,5.503186435048262,2729.0,304.0,4.5947756530445565,0.0,10.0,4.0,3.0,17.0
3506.0,add,6.30416875389279,2730.0,299.0,5.1662533754129525,0.0,10.0,4.0,4.0,19.0
3507.0,delete,5.638523910312062,2731.0,254.0,5.527699367129273,0.0,8.0,5.0,4.0,13.0
3508.0,delete,4.734678980930107,2732.0,306.0,5.057418430831741,0.0,10.0,2.0,3.0,17.0
3509.0,add,7.6533194999443594,2733.0,149.0,5.865723178871704,0.0,3.0,5.0,4.0,11.0
3510.0,delete,5.331039911976173,2734.0,308.0,5.320544792740234,0.0,10.0,3.0,3.0,15.0
3511.0,delete,5.328247495106772,2734.0,308.0,5.320544792740234,0.0,10.0,2.0,3.0,15.0
3512.0,swap,6.101642821211856,2734.0,308.0,5.320544792740234,0.0,10.0,3.0,3.0,15.0
3513.0,delete,5.178911808459182,2735.0,192.0,5.667058327655337,0.0,3.0,3.0,4.0,14.0
3514.0,add,5.563475758925338,2736.0,38.0,5.944296498492084,9.0,4.0,4.0,4.0,19.0
3515.0,delete,5.063140041298652,2737.0,98.0,6.078828119214038,2.0,4.0,4.0,5.0,17.0
3516.0,delete,5.541446783535521,2738.0,227.0,5.691344690449056,0.0,6.0,3.0,4.0,12.0
3517.0,add,6.296799446968311,2739.0,275.0,5.330612121784653,0.0,10.0,5.0,6.0,16.0
3518.0,add,5.419994265421118,2740.0,290.0,5.261911535029761,0.0,11.0,5.0,5.0,17.0
3519.0,delete,4.604772651520878,2741.0,305.0,4.946585731370507,0.0,10.0,3.0,3.0,17.0
3520.0,delete,5.114815693173846,2742.0,307.0,5.520368755258758,0.0,9.0,3.0,3.0,16.0
3521.0,delete,5.638782683106637,2743.0,255.0,5.513285432070232,0.0,8.0,5.0,4.0,12.0
3522.0,add,5.379589469018503,2744.0,300.0,5.099679355711308,0.0,10.0,5.0,4.0,19.0
3523.0,delete,5.302713834584857,2745.0,309.0,5.328247495106772,0.0,10.0,2.0,3.0,15.0
3524.0,add,5.2687302397977795,2745.0,309.0,5.328247495106772,0.0,10.0,2.0,3.0,16.0
3525.0,delete,4.921860546176729,2745.0,309.0,5.328247495106772,0.0,10.0,2.0,3.0,14.0
3526.0,swap,4.6821576688611,2745.0,309.0,5.328247495106772,0.0,9.0,3.0,3.0,15.0
3527.0,add,7.466702979289681,2746.0,150.0,5.847627235328722,0.0,3.0,5.0,5.0,11.0
3528.0,delete,6.050775596896242,2747.0,39.0,5.94171065534967,9.0,4.0,3.0,4.0,19.0
3529.0,delete,6.762956806213395,2748.0,99.0,6.075862685383895,2.0,4.0,3.0,5.0,17.0
3530.0,add,5.178911808459182,2749.0,193.0,5.66565007751389,0.0,3.0,3.0,4.0,15.0
3531.0,add,5.909214761364259,2750.0,228.0,5.685361185025376,0.0,6.0,5.0,4.0,11.0
3532.0,add,5.881924401318837,2751.0,276.0,5.295741470117665,0.0,12.0,5.0,5.0,16.0
3533.0,delete,5.021053515277022,2752.0,291.0,5.244826752548487,0.0,11.0,4.0,5.0,17.0
3534.0,delete,5.161473309403879,2753.0,306.0,5.155043147318937,0.0,10.0,3.0,3.0,16.0
3535.0,delete,5.593912957769649,2754.0,256.0,5.503674770864713,0.0,9.0,5.0,3.0,11.0
3536.0,delete,4.486846496954553,2755.0,301.0,5.071214439098066,0.0,9.0,4.0,4.0,20.0
3537.0,delete,4.922570746082573,2756.0,308.0,5.1007419569054475,0.0,10.0,3.0,3.0,14.0
3538.0,add,5.194623817653969,2757.0,310.0,5.2687302397977795,0.0,10.0,2.0,3.0,16.0
3539.0,delete,5.273955754491285,2757.0,310.0,5.2687302397977795,0.0,9.0,2.0,3.0,16.0
3540.0,swap,4.752878939664395,2757.0,310.0,5.2687302397977795,0.0,10.0,2.0,4.0,15.0
3541.0,add,7.432006904312493,2758.0,151.0,5.829954777602313,0.0,4.0,5.0,5.0,11.0
3542.0,delete,5.17061841642582,2759.0,194.0,5.663109680456624,0.0,2.0,3.0,4.0,15.0
3543.0,add,6.050775596896242,2760.0,40.0,5.939441790880823,9.0,5.0,3.0,4.0,19.0
3544.0,add,6.817184992633755,2761.0,100.0,6.068493627484962,2.0,5.0,3.0,5.0,17.0
3545.0,delete,5.98017064142393,2762.0,277.0,5.269067176626427,0.0,11.0,4.0,5.0,17.0
3546.0,add,6.476818434203264,2763.0,229.0,5.671381026267159,0.0,7.0,4.0,4.0,12.0
3547.0,delete,4.857723569518984,2764.0,292.0,5.234039330997552,0.0,10.0,3.0,5.0,18.0
3548.0,delete,5.347233768870595,2765.0,307.0,5.193521712424736,0.0,9.0,3.0,3.0,16.0
3549.0,delete,5.560022577983551,2766.0,302.0,5.032602560430771,0.0,10.0,4.0,4.0,18.0
3550.0,add,5.692132338532723,2767.0,257.0,5.497956681419559,0.0,9.0,5.0,4.0,11.0
3551.0,add,5.9007787599548385,2768.0,309.0,5.122547187901858,0.0,10.0,3.0,3.0,15.0
3552.0,delete,5.273888198287883,2769.0,311.0,5.273955754491285,0.0,9.0,2.0,3.0,16.0
3553.0,add,5.787131715723688,2769.0,311.0,5.273955754491285,0.0,9.0,2.0,3.0,17.0
3554.0,delete,4.6775304501039745,2769.0,311.0,5.273955754491285,0.0,9.0,2.0,3.0,15.0
3555.0,swap,5.0911542084721875,2769.0,311.0,5.273955754491285,0.0,8.0,3.0,3.0,16.0
3556.0,delete,6.908727832251692,2770.0,152.0,5.815825385935164,0.0,4.0,5.0,5.0,10.0
3557.0,delete,6.050775596896242,2771.0,41.0,5.938122143279239,9.0,4.0,3.0,4.0,19.0
3558.0,delete,6.643030247119802,2772.0,101.0,6.063613587617628,2.0,3.0,3.0,5.0,18.0
3559.0,add,6.503252723380625,2773.0,195.0,5.66213544281988,0.0,4.0,3.0,4.0,14.0
3560.0,delete,5.944623042940311,2774.0,278.0,5.251258145736086,0.0,11.0,5.0,3.0,17.0
3561.0,add,6.142560187523406,2775.0,230.0,5.657315542419537,0.0,7.0,4.0,5.0,12.0
3562.0,delete,5.013990219477005,2776.0,293.0,5.258303451575459,0.0,8.0,4.0,5.0,18.0
3563.0,delete,5.503186435048262,2777.0,303.0,4.985661030069191,0.0,10.0,4.0,3.0,18.0
3564.0,delete,5.590259390638591,2778.0,258.0,5.495362671440568,0.0,8.0,5.0,4.0,11.0
3565.0,delete,5.672685630177821,2779.0,308.0,5.169873026783002,0.0,9.0,3.0,3.0,15.0
3566.0,delete,4.671915849685175,2780.0,310.0,5.220732065415803,0.0,10.0,2.0,3.0,15.0
3567.0,add,5.8064773887617145,2781.0,312.0,5.787131715723688,0.0,9.0,2.0,3.0,17.0
3568.0,add,5.791541431206172,2781.0,312.0,5.787131715723688,0.0,9.0,2.0,4.0,17.0
3569.0,delete,5.5370799841305764,2781.0,312.0,5.787131715723688,0.0,8.0,2.0,3.0,17.0
3570.0,swap,5.787131715723688,2781.0,312.0,5.787131715723688,0.0,9.0,2.0,3.0,17.0
3571.0,delete,5.8781489897478,2782.0,42.0,5.937154427206706,8.0,4.0,3.0,4.0,19.0
3572.0,delete,6.774962497709247,2783.0,102.0,6.058257236113425,1.0,4.0,3.0,4.0,18.0
3573.0,add,7.05329603072923,2784.0,153.0,5.8045848078273865,0.0,5.0,5.0,5.0,10.0
3574.0,delete,6.564812114530422,2785.0,196.0,5.655406149490325,0.0,3.0,2.0,5.0,14.0
3575.0,delete,6.587243934695963,2786.0,231.0,5.645726489703451,0.0,7.0,3.0,5.0,12.0
3576.0,add,6.498792087274889,2787.0,279.0,5.2341714999252895,0.0,11.0,5.0,4.0,17.0
3577.0,delete,4.072454217996715,2788.0,294.0,5.29665247509339,0.0,9.0,4.0,4.0,17.0
3578.0,delete,5.752737869800264,2789.0,259.0,5.49028854968614,0.0,9.0,5.0,3.0,10.0
3579.0,delete,6.042010796978308,2790.0,304.0,5.067030144582937,0.0,10.0,4.0,3.0,17.0
3580.0,add,5.485475240288496,2791.0,309.0,5.343915603832666,0.0,10.0,2.0,3.0,16.0
3581.0,add,5.787131715723688,2792.0,311.0,5.741872447109168,0.0,9.0,2.0,3.0,17.0
3582.0,delete,7.049345427906347,2793.0,154.0,5.795510734785203,0.0,4.0,5.0,5.0,10.0
3583.0,delete,5.261063783451003,2794.0,310.0,5.407721673846367,0.0,10.0,2.0,3.0,15.0
3584.0,add,5.5103834960868925,2795.0,295.0,5.303844010762,0.0,8.0,4.0,4.0,19.0
3585.0,delete,6.773528275792516,2796.0,103.0,6.054144469746917,1.0,4.0,3.0,5.0,16.0
3586.0,add,5.930321585668353,2797.0,43.0,5.938252635879329,8.0,5.0,3.0,3.0,20.0
3587.0,delete,6.282386598844005,2798.0,197.0,5.650642978300227,0.0,3.0,3.0,4.0,13.0
3588.0,add,5.098361737574055,2799.0,280.0,5.23061274037186,0.0,11.0,5.0,5.0,17.0
3589.0,add,5.791541431206173,2800.0,313.0,5.791541431206172,0.0,9.0,2.0,4.0,17.0
3590.0,add,5.783231371025984,2800.0,313.0,5.791541431206172,0.0,9.0,2.0,5.0,17.0
3591.0,delete,6.226364134709948,2800.0,313.0,5.791541431206172,0.0,9.0,2.0,4.0,16.0
3592.0,swap,4.560911805427702,2800.0,313.0,5.791541431206172,0.0,10.0,2.0,4.0,16.0
3593.0,add,6.477451985682136,2801.0,232.0,5.6301390270082825,0.0,7.0,4.0,6.0,11.0
3594.0,add,6.402663070241208,2802.0,260.0,5.480908802986116,0.0,8.0,5.0,3.0,12.0
3595.0,delete,5.254532598961743,2803.0,305.0,5.2095202514473495,0.0,10.0,4.0,3.0,16.0
3596.0,add,4.83346378460302,2804.0,312.0,5.630718034715196,0.0,9.0,2.0,3.0,18.0
3597.0,add,6.848466487242784,2805.0,155.0,5.784424427506502,0.0,4.0,5.0,5.0,11.0
3598.0,delete,5.542578904495341,2806.0,296.0,5.292603747224344,0.0,9.0,4.0,4.0,17.0
3599.0,delete,6.069759212863202,2807.0,104.0,6.049525171499051,1.0,3.0,3.0,4.0,17.0
3600.0,delete,5.8838622165503764,2808.0,44.0,5.9377674151580395,8.0,4.0,3.0,3.0,20.0
3601.0,delete,6.958602854417262,2809.0,198.0,5.641323958752033,0.0,3.0,2.0,4.0,13.0
3602.0,add,5.54980222950539,2810.0,311.0,5.608364225294759,0.0,10.0,2.0,3.0,16.0
3603.0,add,4.707519986867031,2811.0,281.0,5.23304799785368,0.0,11.0,5.0,4.0,19.0
3604.0,delete,6.020109861027338,2812.0,306.0,5.306271745627744,0.0,10.0,3.0,3.0,16.0
3605.0,add,6.227565958034775,2813.0,233.0,5.619960763655006,0.0,8.0,4.0,5.0,12.0
3606.0,add,5.8179390026535795,2814.0,314.0,5.783231371025984,0.0,9.0,2.0,5.0,17.0
3607.0,delete,6.057288933852729,2814.0,314.0,5.783231371025984,0.0,9.0,2.0,5.0,16.0
3608.0,swap,5.857286232442079,2814.0,314.0,5.783231371025984,0.0,8.0,2.0,5.0,18.0
3609.0,add,5.673743743331437,2815.0,261.0,5.4673742566988235,0.0,8.0,5.0,4.0,12.0
3610.0,add,5.7880064621875045,2816.0,313.0,5.878936384993593,0.0,10.0,2.0,4.0,17.0
3611.0,delete,6.042220467628553,2817.0,315.0,6.057288933852729,0.0,9.0,2.0,5.0,16.0
3612.0,delete,5.4125416658959065,2817.0,315.0,6.057288933852729,0.0,8.0,2.0,5.0,16.0
3613.0,swap,6.47027336713099,2817.0,315.0,6.057288933852729,0.0,9.0,3.0,5.0,15.0
3614.0,delete,5.865029025317794,2818.0,45.0,5.937864079601139,8.0,4.0,2.0,3.0,20.0
3615.0,delete,6.06847235421405,2819.0,105.0,6.047755990708426,1.0,3.0,3.0,3.0,17.0
3616.0,add,6.567537433774356,2820.0,156.0,5.777099742529347,0.0,4.0,5.0,5.0,12.0
3617.0,delete,6.717623776499529,2821.0,199.0,5.636709907187931,0.0,3.0,2.0,4.0,12.0
3618.0,delete,4.550372142650299,2822.0,282.0,5.242870326927425,0.0,11.0,5.0,4.0,18.0
3619.0,add,5.338256161301847,2823.0,297.0,5.336087077265684,0.0,9.0,4.0,5.0,17.0
3620.0,add,5.745789433841641,2824.0,234.0,5.622465416009932,0.0,8.0,4.0,5.0,13.0
3621.0,delete,5.599461915672707,2825.0,307.0,5.453289585130552,0.0,10.0,3.0,3.0,15.0
3622.0,add,5.6954221226964465,2826.0,312.0,5.72558539153618,0.0,9.0,2.0,3.0,18.0
3623.0,add,5.871264476209971,2827.0,262.0,5.468208868236445,0.0,8.0,5.0,3.0,14.0
3624.0,delete,5.378961449422921,2828.0,314.0,5.995581108627044,0.0,9.0,2.0,5.0,16.0
3625.0,delete,5.415565608679017,2829.0,316.0,5.4125416658959065,0.0,8.0,2.0,5.0,16.0
3626.0,delete,5.412443374092981,2829.0,316.0,5.4125416658959065,0.0,8.0,2.0,4.0,16.0
3627.0,swap,5.4069269185139675,2829.0,316.0,5.4125416658959065,0.0,8.0,2.0,5.0,16.0
3628.0,delete,5.895333832620988,2830.0,46.0,5.936964128973238,8.0,4.0,2.0,3.0,19.0
3629.0,delete,6.246218698962361,2831.0,106.0,6.0451879863549225,1.0,3.0,2.0,3.0,17.0
3630.0,delete,6.659001060767298,2832.0,157.0,5.768707356956325,0.0,4.0,5.0,4.0,12.0
3631.0,add,5.750263406687487,2833.0,200.0,5.628795731038279,0.0,3.0,3.0,4.0,12.0
3632.0,delete,4.594792096083813,2834.0,283.0,5.252950100109062,0.0,10.0,5.0,4.0,18.0
3633.0,add,5.2955599125594714,2835.0,298.0,5.349258112149438,0.0,9.0,4.0,4.0,19.0
3634.0,delete,5.321078770801284,2836.0,308.0,5.455583304287446,0.0,10.0,3.0,2.0,15.0
3635.0,add,4.989824934614171,2837.0,235.0,5.62352832601437,0.0,8.0,4.0,5.0,14.0
3636.0,add,5.743421539704312,2838.0,313.0,5.736890404460517,0.0,9.0,3.0,4.0,17.0
3637.0,delete,5.846359321494448,2839.0,315.0,5.411869391795468,0.0,8.0,2.0,5.0,16.0
3638.0,add,5.734408113197615,2840.0,263.0,5.45907619326313,0.0,8.0,6.0,4.0,13.0
3639.0,delete,5.412443374092982,2841.0,317.0,5.412443374092981,0.0,8.0,2.0,4.0,16.0
3640.0,delete,5.231963313497907,2841.0,317.0,5.412443374092981,0.0,8.0,2.0,4.0,15.0
3641.0,swap,4.626231345725975,2841.0,317.0,5.412443374092981,0.0,7.0,3.0,4.0,16.0
3642.0,delete,5.73986510523562,2842.0,47.0,5.9352913545830575,8.0,4.0,2.0,3.0,18.0
3643.0,add,6.298665519341116,2843.0,107.0,6.040578410858797,1.0,2.0,2.0,4.0,18.0
3644.0,delete,7.117766581689357,2844.0,158.0,5.75966051063312,0.0,3.0,5.0,5.0,11.0
3645.0,add,6.870276593284,2845.0,201.0,5.623065723908046,0.0,3.0,3.0,4.0,13.0
3646.0,delete,4.554359687314441,2846.0,284.0,5.271392496766939,0.0,11.0,5.0,3.0,17.0
3647.0,add,6.543510607097118,2847.0,299.0,5.332253733576786,0.0,9.0,4.0,4.0,20.0
3648.0,add,5.902459436837622,2848.0,309.0,5.492727461232777,0.0,10.0,2.0,3.0,16.0
3649.0,delete,4.961121904895336,2849.0,236.0,5.631559469697428,0.0,8.0,4.0,4.0,14.0
3650.0,delete,5.792404476078634,2850.0,314.0,5.559434928335698,0.0,9.0,1.0,5.0,17.0
3651.0,delete,5.8237493540636045,2851.0,316.0,5.170770351852461,0.0,8.0,2.0,5.0,15.0
3652.0,delete,6.140645114893978,2852.0,264.0,5.452196634391116,0.0,8.0,4.0,4.0,14.0
3653.0,delete,5.299904742241043,2853.0,318.0,5.231963313497907,0.0,8.0,2.0,4.0,15.0
3654.0,delete,5.344559313417029,2853.0,318.0,5.231963313497907,0.0,8.0,2.0,4.0,14.0
3655.0,swap,5.375740780277906,2853.0,318.0,5.231963313497907,0.0,8.0,2.0,4.0,15.0
3656.0,delete,7.286381989104951,2854.0,159.0,5.7540508837812485,0.0,3.0,5.0,5.0,10.0
3657.0,add,5.8191418499864005,2855.0,48.0,5.935574736746688,8.0,5.0,2.0,3.0,18.0
3658.0,add,5.609731431264082,2856.0,108.0,6.039967037876624,1.0,2.0,2.0,4.0,19.0
3659.0,delete,4.703970606246726,2857.0,285.0,5.302493840686464,0.0,11.0,4.0,4.0,16.0
3660.0,add,5.480785921846428,2858.0,202.0,5.616676678355298,0.0,3.0,4.0,4.0,13.0
3661.0,delete,5.345213398789836,2859.0,310.0,5.518574252950746,0.0,9.0,2.0,3.0,16.0
3662.0,add,5.560307767549869,2860.0,300.0,5.320178031866287,0.0,10.0,4.0,5.0,19.0
3663.0,delete,4.060511643785232,2861.0,237.0,5.639235712180472,0.0,8.0,4.0,5.0,12.0
3664.0,delete,5.828383154692464,2862.0,315.0,5.38403575933273,0.0,9.0,2.0,5.0,15.0
3665.0,delete,5.22473153292024,2863.0,317.0,5.313042037358471,0.0,8.0,2.0,4.0,15.0
3666.0,delete,6.19129791898775,2864.0,265.0,5.436793433198068,0.0,8.0,5.0,4.0,12.0
3667.0,delete,5.343109485767568,2865.0,319.0,5.344559313417029,0.0,8.0,2.0,4.0,14.0
3668.0,add,5.178211223724027,2865.0,319.0,5.344559313417029,0.0,8.0,2.0,4.0,15.0
3669.0,delete,5.65103747870918,2865.0,319.0,5.344559313417029,0.0,8.0,2.0,4.0,13.0
3670.0,swap,5.066246803938405,2865.0,319.0,5.344559313417029,0.0,7.0,2.0,5.0,14.0
3671.0,delete,7.06225787068334,2866.0,160.0,5.7409703534272705,0.0,3.0,5.0,4.0,10.0
3672.0,add,5.898512779957069,2867.0,49.0,5.933465682383416,8.0,4.0,2.0,3.0,20.0
3673.0,add,4.6272505855909385,2868.0,109.0,6.042224320280624,1.0,2.0,2.0,4.0,20.0
3674.0,delete,5.751569322458271,2869.0,286.0,5.316388722240199,0.0,11.0,5.0,4.0,14.0
3675.0,add,5.952147141310679,2870.0,203.0,5.6081202599016695,0.0,4.0,3.0,4.0,14.0
3676.0,delete,5.478633897917246,2871.0,301.0,5.324737471709352,0.0,9.0,4.0,4.0,20.0
3677.0,add,5.62206669948908,2872.0,311.0,5.569629538832253,0.0,9.0,3.0,3.0,16.0
3678.0,add,5.125087038892626,2873.0,238.0,5.647542438371116,0.0,8.0,4.0,6.0,12.0
3679.0,delete,5.625654529765747,2874.0,316.0,5.306951701728372,0.0,7.0,2.0,5.0,16.0
3680.0,delete,5.444550944410725,2875.0,266.0,5.430086057186249,0.0,7.0,5.0,4.0,12.0
3681.0,delete,5.738840723473225,2876.0,318.0,5.316632861111242,0.0,7.0,2.0,4.0,15.0
3682.0,delete,7.058017758505712,2877.0,161.0,5.732410436663824,0.0,3.0,5.0,2.0,11.0
3683.0,add,5.245893498126067,2878.0,320.0,5.178211223724027,0.0,8.0,2.0,4.0,15.0
3684.0,delete,5.155219969945038,2878.0,320.0,5.178211223724027,0.0,7.0,2.0,4.0,15.0
3685.0,swap,5.730356459263157,2878.0,320.0,5.178211223724027,0.0,9.0,2.0,3.0,15.0
3686.0,add,5.991199933682928,2879.0,287.0,5.31920334073725,0.0,11.0,5.0,4.0,15.0
3687.0,add,5.898509077435075,2880.0,50.0,5.9322438658096095,8.0,4.0,2.0,4.0,20.0
3688.0,add,4.308137451514755,2881.0,110.0,6.04878375780161,1.0,2.0,2.0,4.0,21.0
3689.0,delete,6.369549537064242,2882.0,204.0,5.606143618655143,0.0,5.0,2.0,4.0,13.0
3690.0,delete,5.04903000893837,2883.0,302.0,5.340757658849748,0.0,10.0,4.0,4.0,18.0
3691.0,add,6.389856054456907,2884.0,312.0,5.539138256007555,0.0,10.0,2.0,3.0,17.0
3692.0,delete,5.527823811158667,2885.0,317.0,5.3527550250231375,0.0,7.0,2.0,4.0,16.0
3693.0,add,6.117167322462434,2886.0,239.0,5.658854442813403,0.0,8.0,4.0,6.0,13.0
3694.0,add,5.36709952662985,2887.0,319.0,5.327420287764572,0.0,8.0,2.0,4.0,15.0
3695.0,add,5.360442486154505,2888.0,267.0,5.435393259602138,0.0,7.0,5.0,5.0,12.0
3696.0,delete,7.071859616766995,2889.0,162.0,5.723769632024824,0.0,3.0,4.0,2.0,11.0
3697.0,delete,5.12056760166584,2890.0,321.0,5.155219969945038,0.0,7.0,2.0,4.0,15.0
3698.0,add,5.332900462902546,2890.0,321.0,5.155219969945038,0.0,8.0,2.0,4.0,15.0
3699.0,delete,4.6058409282510695,2890.0,321.0,5.155219969945038,0.0,7.0,2.0,4.0,14.0
3700.0,swap,4.981476028590818,2890.0,321.0,5.155219969945038,0.0,7.0,2.0,5.0,14.0
3701.0,delete,5.811392574607715,2891.0,205.0,5.607061862084174,0.0,5.0,3.0,4.0,11.0
3702.0,add,5.898509077435076,2892.0,51.0,5.9306061314742,8.0,5.0,2.0,4.0,20.0
3703.0,add,5.059558067992123,2893.0,111.0,6.054798005400849,1.0,2.0,2.0,4.0,22.0
3704.0,add,5.603374199844278,2894.0,288.0,5.320983433198816,0.0,12.0,4.0,4.0,16.0
3705.0,delete,5.5102397950765045,2895.0,303.0,5.320015728366043,0.0,9.0,4.0,3.0,19.0
3706.0,add,5.466056687909537,2896.0,313.0,5.488791170093435,0.0,9.0,3.0,4.0,17.0
3707.0,delete,4.686608208001511,2897.0,318.0,5.2758113931717014,0.0,8.0,2.0,4.0,14.0
3708.0,add,5.514033360920302,2898.0,240.0,5.652902790782536,0.0,9.0,5.0,6.0,12.0
3709.0,delete,5.931809314800161,2899.0,320.0,5.039200998271062,0.0,8.0,2.0,4.0,14.0
3710.0,add,5.577595979229874,2900.0,268.0,5.433632599885816,0.0,8.0,5.0,4.0,13.0
3711.0,add,7.112591308715242,2901.0,163.0,5.710853546810452,0.0,3.0,5.0,2.0,11.0
3712.0,add,5.445954526185431,2902.0,322.0,5.332900462902546,0.0,8.0,2.0,4.0,15.0
3713.0,add,5.332900462902546,2902.0,322.0,5.332900462902546,0.0,8.0,2.0,4.0,16.0
3714.0,delete,6.384998588480471,2902.0,322.0,5.332900462902546,0.0,8.0,2.0,4.0,14.0
3715.0,swap,5.071128782896934,2902.0,322.0,5.332900462902546,0.0,7.0,2.0,5.0,15.0
3716.0,delete,4.435680522813067,2903.0,112.0,6.057708129335663,1.0,2.0,2.0,4.0,21.0
3717.0,add,6.123387526248698,2904.0,52.0,5.928550770521567,8.0,5.0,3.0,5.0,19.0
3718.0,delete,5.775204928143931,2905.0,206.0,5.6072661544785944,0.0,3.0,3.0,4.0,12.0
3719.0,add,5.534374321219436,2906.0,289.0,5.33900107461063,0.0,11.0,4.0,5.0,17.0
3720.0,delete,4.703531214803855,2907.0,304.0,5.343764267007352,0.0,9.0,4.0,3.0,18.0
3721.0,delete,5.840508662296042,2908.0,314.0,5.448159272722439,0.0,9.0,1.0,5.0,17.0
3722.0,delete,5.841261739258862,2909.0,241.0,5.6500990507063245,0.0,8.0,5.0,6.0,12.0
3723.0,add,5.096917348686445,2910.0,319.0,5.348882669597425,0.0,8.0,3.0,4.0,14.0
3724.0,add,5.087686183143899,2911.0,321.0,5.513576564673586,0.0,7.0,3.0,4.0,15.0
3725.0,add,5.3195868593054865,2912.0,269.0,5.4322928854016705,0.0,10.0,5.0,4.0,12.0
3726.0,add,6.9375373447634265,2913.0,164.0,5.697893632573779,0.0,4.0,4.0,2.0,12.0
3727.0,delete,6.030803849808784,2914.0,320.0,5.313680259069523,0.0,8.0,2.0,4.0,14.0
3728.0,delete,5.254532598961743,2915.0,305.0,5.382238375601567,0.0,10.0,4.0,3.0,16.0
3729.0,add,5.330663753226181,2916.0,323.0,5.332900462902546,0.0,8.0,2.0,4.0,16.0
3730.0,add,5.429921279625559,2916.0,323.0,5.332900462902546,0.0,8.0,2.0,4.0,17.0
3731.0,delete,5.342793980971774,2916.0,323.0,5.332900462902546,0.0,8.0,1.0,4.0,16.0
3732.0,swap,5.01020951613819,2916.0,323.0,5.332900462902546,0.0,8.0,2.0,4.0,16.0
3733.0,add,6.118565067443677,2917.0,53.0,5.925759643940249,8.0,5.0,3.0,4.0,21.0
3734.0,delete,5.90411102440163,2918.0,113.0,6.05924055998317,1.0,2.0,2.0,4.0,20.0
3735.0,add,5.641320361986877,2919.0,207.0,5.610657993343465,0.0,4.0,4.0,3.0,12.0
3736.0,add,5.63098943882977,2920.0,290.0,5.339176435789739,0.0,11.0,5.0,5.0,17.0
3737.0,add,5.8653609600601655,2921.0,242.0,5.643822472508187,0.0,9.0,5.0,6.0,12.0
3738.0,delete,6.222309449145294,2922.0,315.0,5.369386145866299,0.0,9.0,2.0,5.0,15.0
3739.0,add,5.276221916876163,2923.0,322.0,5.28929779857285,0.0,8.0,2.0,4.0,16.0
3740.0,add,5.790295822363324,2924.0,270.0,5.43193315251387,0.0,9.0,6.0,4.0,13.0
3741.0,add,6.645323111512328,2925.0,165.0,5.6875554310881915,0.0,4.0,4.0,2.0,13.0
3742.0,delete,4.33185457813822,2926.0,306.0,5.432425324636921,0.0,9.0,3.0,3.0,17.0
3743.0,add,5.144751044766823,2927.0,321.0,5.367761768486336,0.0,7.0,3.0,4.0,15.0
3744.0,delete,5.530301070765594,2928.0,114.0,6.061848596671144,1.0,2.0,2.0,4.0,19.0
3745.0,delete,4.998979551713777,2929.0,291.0,5.3382428417112315,0.0,11.0,3.0,5.0,18.0
3746.0,add,5.220563560969823,2930.0,208.0,5.6112254164771995,0.0,5.0,3.0,3.0,13.0
3747.0,add,5.983151190534916,2931.0,54.0,5.923207506908568,8.0,5.0,4.0,4.0,21.0
3748.0,delete,5.9364593474622875,2932.0,316.0,5.333984985096198,0.0,8.0,2.0,5.0,15.0
3749.0,add,5.429936757235234,2933.0,324.0,5.429921279625559,0.0,8.0,2.0,4.0,17.0
3750.0,add,5.581425797654763,2933.0,324.0,5.429921279625559,0.0,8.0,2.0,4.0,18.0
3751.0,delete,5.968437251998072,2933.0,324.0,5.429921279625559,0.0,8.0,2.0,4.0,16.0
3752.0,swap,5.283975469147719,2933.0,324.0,5.429921279625559,0.0,8.0,2.0,4.0,17.0
3753.0,add,5.81968189454452,2934.0,243.0,5.638849282662158,0.0,9.0,6.0,6.0,12.0
3754.0,delete,4.446214443846205,2935.0,307.0,5.4571272323459095,0.0,9.0,3.0,3.0,16.0
3755.0,add,5.4027956803517245,2936.0,271.0,5.423802277345187,0.0,10.0,5.0,5.0,13.0
3756.0,add,6.247241368985752,2937.0,166.0,5.676707941664137,0.0,5.0,4.0,2.0,13.0
3757.0,add,5.332900462902546,2938.0,323.0,5.53873931113227,0.0,8.0,2.0,4.0,17.0
3758.0,delete,6.405647925591756,2939.0,115.0,6.061065731199796,1.0,2.0,2.0,4.0,18.0
3759.0,delete,5.589954788982157,2940.0,292.0,5.347844909612973,0.0,10.0,4.0,5.0,17.0
3760.0,delete,5.823949657750152,2941.0,317.0,5.351835081537147,0.0,8.0,2.0,4.0,15.0
3761.0,add,6.032228748006982,2942.0,209.0,5.60798019740816,0.0,5.0,3.0,3.0,14.0
3762.0,add,5.747722886476504,2943.0,55.0,5.922036805879492,8.0,5.0,4.0,5.0,21.0
3763.0,add,5.332900462902546,2944.0,322.0,5.392671513516249,0.0,8.0,2.0,5.0,15.0
3764.0,add,5.581425797654762,2945.0,325.0,5.581425797654763,0.0,8.0,2.0,4.0,18.0
3765.0,add,5.649518307921246,2945.0,325.0,5.581425797654763,0.0,8.0,2.0,4.0,19.0
3766.0,delete,5.581209303909723,2945.0,325.0,5.581425797654763,0.0,8.0,2.0,3.0,18.0
3767.0,swap,5.536995036316412,2945.0,325.0,5.581425797654763,0.0,9.0,2.0,3.0,18.0
3768.0,add,6.291719155360165,2946.0,244.0,5.629198946975621,0.0,9.0,6.0,6.0,13.0
3769.0,delete,6.163254080202994,2947.0,308.0,5.462632406067913,0.0,10.0,3.0,3.0,14.0
3770.0,add,6.226837326998618,2948.0,272.0,5.420105319982407,0.0,10.0,5.0,4.0,15.0
3771.0,add,6.881737460313825,2949.0,167.0,5.670253963886965,0.0,4.0,4.0,3.0,14.0
3772.0,delete,4.0724542179967145,2950.0,293.0,5.370888354794476,0.0,9.0,4.0,5.0,17.0
3773.0,add,6.869913671783984,2951.0,116.0,6.058488970082691,1.0,2.0,2.0,4.0,19.0
3774.0,delete,5.223398271050878,2952.0,318.0,5.378037254065583,0.0,8.0,2.0,3.0,15.0
3775.0,add,5.639352697285393,2953.0,324.0,5.586114848691382,0.0,8.0,2.0,4.0,18.0
3776.0,delete,6.031406160020874,2954.0,56.0,5.922328755499419,8.0,5.0,3.0,4.0,22.0
3777.0,add,6.251061581199556,2955.0,210.0,5.604005000670129,0.0,5.0,3.0,3.0,15.0
3778.0,add,5.5545853940356205,2956.0,323.0,5.546827105604675,0.0,8.0,2.0,4.0,17.0
3779.0,add,5.563891319038871,2957.0,326.0,5.649518307921246,0.0,8.0,2.0,4.0,19.0
3780.0,add,5.946772658727011,2957.0,326.0,5.649518307921246,0.0,8.0,3.0,4.0,19.0
3781.0,delete,6.0332047948218275,2957.0,326.0,5.649518307921246,0.0,8.0,1.0,4.0,19.0
3782.0,swap,4.786571865569671,2957.0,326.0,5.649518307921246,0.0,8.0,2.0,4.0,19.0
3783.0,delete,6.448668509122232,2958.0,245.0,5.620651534225571,0.0,9.0,5.0,6.0,13.0
3784.0,delete,4.864952226472139,2959.0,294.0,5.390742183146237,0.0,9.0,4.0,4.0,17.0
3785.0,add,6.287431106103414,2960.0,273.0,5.402636579358497,0.0,10.0,5.0,4.0,16.0
3786.0,add,6.444629823322687,2961.0,168.0,5.66473965876481,0.0,5.0,4.0,3.0,14.0
3787.0,add,5.328247495106773,2962.0,309.0,5.487840777997409,0.0,10.0,2.0,4.0,15.0
3788.0,add,6.00173411999933,2963.0,117.0,6.056081989716505,1.0,4.0,2.0,4.0,18.0
3789.0,add,5.344559313417028,2964.0,319.0,5.421472554480237,0.0,8.0,2.0,5.0,14.0
3790.0,delete,5.780158172540512,2965.0,57.0,5.922693564616595,8.0,5.0,4.0,4.0,20.0
3791.0,add,5.7853442881635395,2966.0,325.0,5.595991789215725,0.0,9.0,2.0,4.0,18.0
3792.0,add,5.396363864438783,2967.0,211.0,5.602886845829286,0.0,7.0,3.0,3.0,14.0
3793.0,add,5.253246785079143,2968.0,324.0,5.6077919879148395,0.0,8.0,3.0,4.0,17.0
3794.0,add,5.9677564825925105,2969.0,327.0,5.946772658727011,0.0,8.0,3.0,4.0,19.0
3795.0,add,6.073484845502942,2969.0,327.0,5.946772658727011,0.0,8.0,3.0,4.0,20.0
3796.0,delete,6.0451300782097,2969.0,327.0,5.946772658727011,0.0,7.0,3.0,4.0,19.0
3797.0,swap,5.468128177401696,2969.0,327.0,5.946772658727011,0.0,8.0,4.0,4.0,18.0
3798.0,delete,6.79406316134603,2970.0,246.0,5.610971979329645,0.0,9.0,5.0,5.0,13.0
3799.0,add,5.4949660751986515,2971.0,295.0,5.406916673445084,0.0,8.0,4.0,4.0,19.0
3800.0,add,6.485744682879538,2972.0,274.0,5.390443548691818,0.0,10.0,5.0,4.0,17.0
3801.0,add,5.527781323805961,2973.0,169.0,5.661056957972575,0.0,5.0,4.0,3.0,15.0
3802.0,delete,5.694985914496408,2974.0,118.0,6.054120095231158,1.0,3.0,1.0,4.0,19.0
3803.0,delete,5.482455210219686,2975.0,310.0,5.506541381441371,0.0,9.0,2.0,3.0,16.0
3804.0,delete,5.779328489722755,2976.0,58.0,5.923141742163321,7.0,5.0,4.0,4.0,20.0
3805.0,delete,5.178211223724028,2977.0,320.0,5.48530105563123,0.0,8.0,2.0,3.0,15.0
3806.0,add,5.649518307921246,2978.0,326.0,5.900254448486772,0.0,8.0,2.0,4.0,20.0
3807.0,add,5.61265950010066,2979.0,212.0,5.606363912508475,0.0,6.0,4.0,3.0,15.0
3808.0,add,5.5538217882813035,2980.0,325.0,5.724483738715478,0.0,9.0,2.0,4.0,18.0
3809.0,delete,6.3992852440343615,2981.0,247.0,5.60016052928443,0.0,9.0,5.0,3.0,14.0
3810.0,add,6.093989158322564,2982.0,328.0,6.073484845502942,0.0,8.0,3.0,4.0,20.0
3811.0,add,6.073644889407833,2982.0,328.0,6.073484845502942,0.0,8.0,3.0,5.0,20.0
3812.0,delete,5.543889311016398,2982.0,328.0,6.073484845502942,0.0,8.0,3.0,4.0,19.0
3813.0,swap,5.874616412037795,2982.0,328.0,6.073484845502942,0.0,9.0,3.0,3.0,20.0
3814.0,delete,5.338256161301847,2983.0,296.0,5.411271529838684,0.0,9.0,4.0,4.0,17.0
3815.0,delete,6.315252528487776,2984.0,170.0,5.656830131030661,0.0,5.0,4.0,2.0,15.0
3816.0,delete,4.808175452488079,2985.0,119.0,6.0527246461109065,1.0,3.0,2.0,4.0,17.0
3817.0,add,5.4582752913387,2986.0,275.0,5.378468784285411,0.0,10.0,5.0,5.0,17.0
3818.0,delete,5.780770926712768,2987.0,59.0,5.922803513327652,7.0,4.0,4.0,4.0,20.0
3819.0,add,5.141856628809552,2988.0,311.0,5.548589164589734,0.0,10.0,2.0,3.0,16.0
3820.0,add,5.155219969945038,2989.0,321.0,5.559395109979365,0.0,7.0,2.0,4.0,16.0
3821.0,add,6.025723766609936,2990.0,327.0,5.931924923257506,0.0,8.0,3.0,4.0,20.0
3822.0,add,5.695380325082092,2991.0,213.0,5.608101364592276,0.0,6.0,4.0,3.0,16.0
3823.0,add,5.649518307921247,2992.0,326.0,5.88751400797724,0.0,8.0,2.0,5.0,19.0
3824.0,add,5.78857166263451,2993.0,248.0,5.588512023485784,0.0,9.0,5.0,4.0,14.0
3825.0,add,6.057701503380444,2994.0,329.0,6.073644889407833,0.0,8.0,3.0,5.0,20.0
3826.0,delete,6.303002434618939,2994.0,329.0,6.073644889407833,0.0,8.0,2.0,5.0,20.0
3827.0,swap,5.8195390621704535,2994.0,329.0,6.073644889407833,0.0,7.0,3.0,5.0,21.0
3828.0,add,5.354096552470519,2995.0,297.0,5.4211465760780415,0.0,9.0,4.0,5.0,17.0
3829.0,add,5.639666863650352,2996.0,312.0,5.555215113717677,0.0,9.0,2.0,3.0,18.0
3830.0,delete,6.108152546851952,2997.0,120.0,6.0528560264925595,1.0,2.0,2.0,4.0,17.0
3831.0,add,6.094042285780981,2998.0,171.0,5.648920211601396,0.0,5.0,3.0,3.0,16.0
3832.0,delete,5.477700158460656,2999.0,60.0,5.9232430910972615,6.0,4.0,3.0,4.0,21.0
3833.0,add,5.988335085488747,3000.0,276.0,5.369964207098772,0.0,11.0,5.0,5.0,17.0
3834.0,add,5.268845379967395,3001.0,322.0,5.634971022705116,0.0,8.0,2.0,4.0,16.0
3835.0,add,6.090637684132181,3002.0,328.0,6.063471972394417,0.0,8.0,3.0,4.0,21.0
3836.0,delete,4.968854593895827,3003.0,214.0,5.611448263860834,0.0,6.0,4.0,3.0,15.0
3837.0,delete,6.304258070039604,3004.0,330.0,6.303002434618939,0.0,8.0,2.0,5.0,20.0
3838.0,delete,6.298749363233,3004.0,330.0,6.303002434618939,0.0,8.0,2.0,5.0,19.0
3839.0,swap,6.16415185857196,3004.0,330.0,6.303002434618939,0.0,9.0,2.0,5.0,19.0
3840.0,delete,6.744229905674456,3005.0,249.0,5.5842438352598665,0.0,9.0,6.0,4.0,12.0
3841.0,add,5.937563278764357,3006.0,327.0,6.055645258388004,0.0,8.0,3.0,4.0,20.0
3842.0,add,5.2538849159926295,3007.0,313.0,5.578061388071792,0.0,9.0,2.0,4.0,18.0
3843.0,add,5.46151764455057,3008.0,298.0,5.4432552180394085,0.0,9.0,4.0,4.0,19.0
3844.0,delete,6.258809301690075,3009.0,277.0,5.3708530318157885,0.0,10.0,5.0,5.0,17.0
3845.0,add,6.094305619046851,3010.0,121.0,6.051856695395399,1.0,2.0,2.0,5.0,17.0
3846.0,delete,6.240357605746905,3011.0,61.0,5.925245975027894,6.0,4.0,4.0,4.0,19.0
3847.0,add,6.49265407783774,3012.0,172.0,5.64601158876916,0.0,6.0,3.0,3.0,16.0
3848.0,delete,6.073644889407833,3013.0,329.0,6.267540431615876,0.0,8.0,3.0,5.0,19.0
3849.0,add,5.8984322695052285,3014.0,323.0,5.769414998375154,0.0,8.0,2.0,4.0,17.0
3850.0,delete,5.6112841537646645,3015.0,215.0,5.615649468027725,0.0,6.0,4.0,3.0,14.0
3851.0,delete,6.305132948789486,3016.0,331.0,6.298749363233,0.0,8.0,2.0,5.0,19.0
3852.0,delete,5.122958803473967,3016.0,331.0,6.298749363233,0.0,8.0,2.0,5.0,18.0
3853.0,swap,5.6377210193274045,3016.0,331.0,6.298749363233,0.0,8.0,2.0,5.0,19.0
3854.0,add,6.582782110828728,3017.0,250.0,5.576268982442214,0.0,9.0,7.0,4.0,12.0
3855.0,add,6.515506447416645,3018.0,328.0,6.020928543879425,0.0,8.0,3.0,4.0,21.0
3856.0,delete,6.077764537424315,3019.0,314.0,5.588820751620788,0.0,8.0,2.0,5.0,17.0
3857.0,delete,6.444365666421665,3020.0,330.0,5.841140533705964,0.0,8.0,2.0,5.0,19.0
3858.0,delete,5.947598403494163,3021.0,278.0,5.373454073026321,0.0,11.0,4.0,4.0,17.0
3859.0,delete,6.497743942760223,3022.0,173.0,5.643788559426198,0.0,6.0,3.0,3.0,15.0
3860.0,add,5.774306285367713,3023.0,122.0,6.051993745864616,1.0,3.0,2.0,4.0,18.0
3861.0,add,5.508692891514328,3024.0,62.0,5.927996378169426,6.0,4.0,5.0,4.0,19.0
3862.0,add,5.743591698506962,3025.0,299.0,5.459679350176466,0.0,9.0,4.0,4.0,20.0
3863.0,delete,5.1224299558003015,3026.0,332.0,5.122958803473967,0.0,8.0,2.0,5.0,18.0
3864.0,add,4.936666110101355,3026.0,332.0,5.122958803473967,0.0,8.0,3.0,5.0,18.0
3865.0,delete,4.7929654784069236,3026.0,332.0,5.122958803473967,0.0,8.0,2.0,5.0,17.0
3866.0,swap,5.648027487169442,3026.0,332.0,5.122958803473967,0.0,8.0,2.0,5.0,18.0
3867.0,delete,5.357656961587135,3027.0,216.0,5.616755113589491,0.0,6.0,4.0,3.0,13.0
3868.0,add,6.469334583164296,3028.0,251.0,5.563476861837447,0.0,10.0,6.0,4.0,13.0
3869.0,add,5.429047788191183,3029.0,324.0,5.774600053299846,0.0,8.0,2.0,5.0,17.0
3870.0,delete,6.057381661003801,3030.0,315.0,5.557368252892168,0.0,9.0,2.0,4.0,16.0
3871.0,delete,6.235854677478242,3031.0,329.0,5.781082621950914,0.0,8.0,3.0,5.0,19.0
3872.0,delete,6.474671163156063,3032.0,331.0,5.124609566990398,0.0,8.0,2.0,5.0,18.0
3873.0,add,6.764014122045283,3033.0,279.0,5.3658746552846734,0.0,11.0,5.0,4.0,17.0
3874.0,delete,6.170968136963895,3034.0,123.0,6.0527853281934885,1.0,3.0,3.0,4.0,16.0
3875.0,add,7.079296629102467,3035.0,174.0,5.63623492456747,0.0,6.0,3.0,5.0,14.0
3876.0,add,5.486695569632562,3036.0,63.0,5.929809843665683,6.0,4.0,4.0,5.0,20.0
3877.0,add,5.650727296920475,3037.0,300.0,5.450510100821484,0.0,10.0,4.0,4.0,20.0
3878.0,delete,4.690797377886292,3038.0,217.0,5.624564167368608,0.0,6.0,3.0,3.0,13.0
3879.0,add,4.936666110101355,3039.0,333.0,4.936666110101355,0.0,8.0,3.0,5.0,18.0
3880.0,add,4.936666110101355,3039.0,333.0,4.936666110101355,0.0,8.0,3.0,5.0,19.0
3881.0,delete,6.2612953579881285,3039.0,333.0,4.936666110101355,0.0,8.0,3.0,5.0,17.0
3882.0,swap,5.4314646833630675,3039.0,333.0,4.936666110101355,0.0,8.0,4.0,4.0,18.0
3883.0,delete,6.591225091296958,3040.0,252.0,5.553702860841778,0.0,9.0,6.0,4.0,13.0
3884.0,delete,5.231963313497906,3041.0,316.0,5.558785233125179,0.0,8.0,2.0,5.0,15.0
3885.0,add,5.480066561154249,3042.0,325.0,5.8008610695924165,0.0,8.0,2.0,4.0,19.0
3886.0,delete,6.424086942425919,3043.0,330.0,5.596412875530965,0.0,8.0,2.0,5.0,19.0
3887.0,delete,5.04903000893837,3044.0,301.0,5.456656103136079,0.0,10.0,4.0,4.0,19.0
3888.0,delete,6.127959178342747,3045.0,124.0,6.049971429208036,0.0,3.0,3.0,3.0,17.0
3889.0,delete,6.9192592300747755,3046.0,175.0,5.626175293048709,0.0,5.0,3.0,4.0,15.0
3890.0,delete,5.467153154295047,3047.0,64.0,5.930547980588976,6.0,5.0,4.0,5.0,18.0
3891.0,add,6.035904208372496,3048.0,280.0,5.364639890659752,0.0,11.0,5.0,4.0,18.0
3892.0,delete,5.453714730861783,3049.0,218.0,5.630868913499065,0.0,5.0,4.0,3.0,12.0
3893.0,add,5.124578752167609,3050.0,332.0,5.300551674331052,0.0,8.0,2.0,6.0,18.0
3894.0,delete,6.277495432556505,3051.0,331.0,5.344399091984506,0.0,7.0,2.0,5.0,19.0
3895.0,add,5.649518307921245,3052.0,326.0,5.848460863749618,0.0,8.0,2.0,5.0,19.0
3896.0,delete,6.3338062158768995,3053.0,253.0,5.542763631938451,0.0,9.0,6.0,4.0,12.0
3897.0,add,4.910812425583496,3054.0,334.0,4.936666110101355,0.0,8.0,3.0,5.0,19.0
3898.0,add,5.212528073789807,3054.0,334.0,4.936666110101355,0.0,8.0,3.0,5.0,20.0
3899.0,delete,5.39597993768378,3054.0,334.0,4.936666110101355,0.0,8.0,3.0,5.0,18.0
3900.0,swap,5.821920350747958,3054.0,334.0,4.936666110101355,0.0,9.0,3.0,4.0,19.0
3901.0,delete,5.614304272627548,3055.0,302.0,5.463339404962205,0.0,10.0,4.0,4.0,18.0
3902.0,delete,6.768031620188602,3056.0,125.0,6.046063084377531,0.0,2.0,3.0,4.0,16.0
3903.0,delete,6.672537990846166,3057.0,176.0,5.616771173886423,0.0,5.0,3.0,4.0,14.0
3904.0,delete,4.040477188527491,3058.0,65.0,5.932592277662431,4.0,5.0,4.0,5.0,19.0
3905.0,delete,5.906916519467052,3059.0,317.0,5.566248564167575,0.0,8.0,2.0,4.0,15.0
3906.0,delete,5.204377555838187,3060.0,219.0,5.637245013164753,0.0,5.0,4.0,3.0,11.0
3907.0,add,5.761456379219026,3061.0,281.0,5.369205822405669,0.0,11.0,6.0,4.0,18.0
3908.0,add,5.204783123772046,3062.0,333.0,5.25558137958128,0.0,8.0,3.0,5.0,19.0
3909.0,add,5.344425566552519,3063.0,332.0,5.2884873668545405,0.0,9.0,2.0,5.0,18.0
3910.0,delete,6.337718157321226,3064.0,254.0,5.527968731859557,0.0,9.0,5.0,3.0,13.0
3911.0,add,5.946918666533556,3065.0,327.0,5.7757333115792635,0.0,8.0,3.0,5.0,19.0
3912.0,delete,5.204309250682856,3066.0,318.0,5.573216791731447,0.0,7.0,2.0,4.0,15.0
3913.0,add,5.208656185326557,3067.0,335.0,5.212528073789807,0.0,8.0,3.0,5.0,20.0
3914.0,add,5.213013283928839,3067.0,335.0,5.212528073789807,0.0,9.0,3.0,5.0,20.0
3915.0,delete,5.0202400999207075,3067.0,335.0,5.212528073789807,0.0,8.0,3.0,5.0,19.0
3916.0,swap,5.773870818396895,3067.0,335.0,5.212528073789807,0.0,8.0,3.0,6.0,19.0
3917.0,delete,5.947134601913371,3068.0,126.0,6.04091742331392,0.0,3.0,3.0,4.0,14.0
3918.0,delete,6.674387315411749,3069.0,177.0,5.6054771956149265,0.0,4.0,3.0,4.0,14.0
3919.0,add,5.312705101467917,3070.0,66.0,5.933827966002317,5.0,5.0,5.0,5.0,18.0
3920.0,delete,5.091203458523603,3071.0,220.0,5.643348583907202,0.0,5.0,4.0,3.0,10.0
3921.0,delete,5.461709149524109,3072.0,282.0,5.364340376512888,0.0,12.0,5.0,4.0,17.0
3922.0,delete,5.507514860119396,3073.0,303.0,5.457442178578367,0.0,10.0,3.0,3.0,19.0
3923.0,add,5.4820186000831,3074.0,334.0,5.28566169227256,0.0,8.0,3.0,5.0,20.0
3924.0,delete,5.744636437617497,3075.0,255.0,5.519723768784508,0.0,9.0,4.0,4.0,12.0
3925.0,add,4.988628127306569,3076.0,333.0,5.289135364484958,0.0,9.0,3.0,5.0,18.0
3926.0,add,6.11786361934875,3077.0,328.0,5.676686140879485,0.0,8.0,3.0,4.0,21.0
3927.0,add,5.344559313417029,3078.0,319.0,5.580574541240796,0.0,8.0,2.0,5.0,14.0
3928.0,add,5.208264269449058,3079.0,336.0,5.213013283928839,0.0,9.0,3.0,5.0,20.0
3929.0,add,5.022093602225899,3079.0,336.0,5.213013283928839,0.0,9.0,3.0,5.0,21.0
3930.0,delete,4.8353806967060775,3079.0,336.0,5.213013283928839,0.0,8.0,3.0,5.0,20.0
3931.0,swap,6.1761281867990006,3079.0,336.0,5.213013283928839,0.0,10.0,3.0,5.0,19.0
3932.0,delete,6.384884390877808,3080.0,127.0,6.036401184549764,0.0,3.0,3.0,4.0,13.0
3933.0,delete,6.0036592023413435,3081.0,178.0,5.59588271042353,0.0,4.0,3.0,4.0,13.0
3934.0,add,5.950730815691968,3082.0,67.0,5.933883147691946,5.0,5.0,5.0,5.0,19.0
3935.0,add,5.608744084667813,3083.0,221.0,5.645319161398681,0.0,5.0,4.0,2.0,12.0
3936.0,delete,5.62505389373267,3084.0,283.0,5.371162337020408,0.0,11.0,5.0,4.0,17.0
3937.0,delete,5.277518708344786,3085.0,304.0,5.46517333810632,0.0,9.0,4.0,3.0,18.0
3938.0,delete,5.744219842445183,3086.0,256.0,5.516010245034152,0.0,9.0,5.0,4.0,10.0
3939.0,add,6.094649026341954,3087.0,335.0,5.290976007821775,0.0,9.0,3.0,5.0,20.0
3940.0,delete,6.073644889407833,3088.0,329.0,5.594108863828574,0.0,8.0,3.0,5.0,19.0
3941.0,delete,5.178211223724028,3089.0,320.0,5.5947620245847505,0.0,8.0,2.0,3.0,15.0
3942.0,add,4.95633053150162,3090.0,334.0,5.38607662208799,0.0,8.0,4.0,5.0,19.0
3943.0,delete,5.189676453809843,3091.0,305.0,5.489359034223845,0.0,10.0,4.0,3.0,16.0
3944.0,delete,7.346170265444573,3092.0,128.0,6.030339054941307,0.0,2.0,3.0,4.0,13.0
3945.0,add,5.022093602225897,3093.0,337.0,5.022093602225899,0.0,9.0,3.0,5.0,21.0
3946.0,add,5.022093602225899,3093.0,337.0,5.022093602225899,0.0,9.0,3.0,5.0,22.0
3947.0,delete,6.323667204255665,3093.0,337.0,5.022093602225899,0.0,9.0,3.0,5.0,20.0
3948.0,swap,4.8279934016902635,3093.0,337.0,5.022093602225899,0.0,10.0,3.0,5.0,20.0
3949.0,add,5.939221013335198,3094.0,68.0,5.9326646504396585,5.0,6.0,4.0,5.0,20.0
3950.0,add,5.663753038189297,3095.0,179.0,5.593278696719414,0.0,3.0,4.0,4.0,14.0
3951.0,add,5.58865095973752,3096.0,222.0,5.6473906514985,0.0,6.0,4.0,2.0,12.0
3952.0,delete,4.554037650218602,3097.0,284.0,5.384083598578416,0.0,11.0,5.0,3.0,17.0
3953.0,add,5.593912957769651,3098.0,257.0,5.5145266060129075,0.0,9.0,5.0,5.0,10.0
3954.0,delete,6.469990676806297,3099.0,330.0,5.467731079515311,0.0,8.0,2.0,5.0,19.0
3955.0,add,5.213013283928839,3100.0,336.0,5.243588282524724,0.0,9.0,3.0,5.0,21.0
3956.0,add,5.11482387756709,3101.0,321.0,5.60291156758327,0.0,8.0,2.0,4.0,15.0
3957.0,delete,4.725118774895949,3102.0,306.0,5.513873482613382,0.0,9.0,3.0,3.0,17.0
3958.0,add,5.192591406982374,3103.0,335.0,5.359853650888853,0.0,8.0,3.0,6.0,20.0
3959.0,add,6.411470779166281,3104.0,129.0,6.018738748308106,0.0,2.0,4.0,4.0,13.0
3960.0,add,5.890762298156136,3105.0,1.0,5.95183347438168,10.0,0.0,1.0,0.0,0.0
3961.0,delete,4.5261531611420125,3106.0,285.0,5.3965973119659125,0.0,10.0,5.0,4.0,16.0
3962.0,add,5.564943616090975,3107.0,180.0,5.590843741496278,0.0,4.0,3.0,4.0,15.0
3963.0,add,5.0131750099195,3108.0,338.0,5.022093602225899,0.0,9.0,3.0,5.0,22.0
3964.0,add,5.269225496502594,3108.0,338.0,5.022093602225899,0.0,9.0,4.0,5.0,22.0
3965.0,delete,6.323667204255665,3108.0,338.0,5.022093602225899,0.0,9.0,3.0,5.0,21.0
3966.0,swap,5.8458526329483105,3108.0,338.0,5.022093602225899,0.0,9.0,3.0,5.0,22.0
3967.0,add,5.937480090609838,3109.0,69.0,5.930053198091566,5.0,6.0,4.0,6.0,20.0
3968.0,delete,5.602344571213496,3110.0,223.0,5.642995142462896,0.0,5.0,4.0,2.0,12.0
3969.0,delete,5.5802735297425405,3111.0,258.0,5.511905365326968,0.0,9.0,5.0,3.0,11.0
3970.0,delete,6.320217735110986,3112.0,331.0,5.374724529885924,0.0,8.0,1.0,5.0,19.0
3971.0,add,5.530845534308302,3113.0,337.0,5.494802789170394,0.0,9.0,3.0,5.0,22.0
3972.0,delete,3.515001367477401,3114.0,307.0,5.53414604971591,0.0,10.0,3.0,3.0,15.0
3973.0,add,5.333904903169025,3115.0,322.0,5.62127367995294,0.0,8.0,2.0,5.0,15.0
3974.0,delete,6.697632563579424,3116.0,130.0,6.011640447531219,0.0,2.0,3.0,4.0,13.0
3975.0,add,5.808421654950915,3117.0,2.0,5.9507308356405675,10.0,0.0,0.0,0.0,2.0
3976.0,delete,5.623597393203336,3118.0,286.0,5.4056417564637425,0.0,11.0,5.0,3.0,15.0
3977.0,add,5.114091405593204,3119.0,336.0,5.401247324953348,0.0,9.0,3.0,5.0,21.0
3978.0,add,5.472243343092295,3120.0,181.0,5.5926474036589635,0.0,3.0,3.0,4.0,17.0
3979.0,add,5.269720307278798,3121.0,339.0,5.269225496502594,0.0,9.0,4.0,5.0,22.0
3980.0,add,5.130113483596453,3121.0,339.0,5.269225496502594,0.0,9.0,4.0,5.0,23.0
3981.0,delete,5.267260373629494,3121.0,339.0,5.269225496502594,0.0,8.0,4.0,5.0,22.0
3982.0,swap,5.107513235711252,3121.0,339.0,5.269225496502594,0.0,10.0,4.0,5.0,21.0
3983.0,add,5.543116240675419,3122.0,70.0,5.928571521095544,5.0,7.0,4.0,5.0,21.0
3984.0,add,5.685179901673067,3123.0,224.0,5.639894942470771,0.0,5.0,4.0,3.0,12.0
3985.0,delete,6.097621438791695,3124.0,259.0,5.504739800575323,0.0,9.0,5.0,3.0,10.0
3986.0,add,4.612709411002709,3125.0,332.0,5.324249430374782,0.0,9.0,2.0,5.0,18.0
3987.0,delete,4.8571495618521805,3126.0,308.0,5.5274841794938965,0.0,10.0,3.0,3.0,14.0
3988.0,add,5.022093602225899,3127.0,338.0,5.208766579343719,0.0,9.0,3.0,5.0,23.0
3989.0,delete,6.975485742573068,3128.0,131.0,6.0023002008839335,0.0,2.0,3.0,4.0,12.0
3990.0,add,5.3039361715973925,3129.0,323.0,5.607832173541695,0.0,8.0,2.0,4.0,17.0
3991.0,add,6.105741486529232,3130.0,3.0,5.948897374262911,10.0,1.0,1.0,0.0,1.0
3992.0,add,5.060830745798688,3131.0,287.0,5.397054241722455,0.0,11.0,4.0,5.0,15.0
3993.0,delete,5.207773260143708,3132.0,182.0,5.590224749431078,0.0,3.0,2.0,4.0,17.0
3994.0,add,4.613142542629536,3133.0,337.0,5.345596407509287,0.0,9.0,4.0,5.0,21.0
3995.0,add,5.130113483596453,3134.0,340.0,5.130113483596453,0.0,9.0,4.0,5.0,23.0
3996.0,add,5.560289871377275,3134.0,340.0,5.130113483596453,0.0,9.0,5.0,5.0,23.0
3997.0,delete,5.324248129079068,3134.0,340.0,5.130113483596453,0.0,9.0,3.0,5.0,23.0
3998.0,swap,6.084390816687257,3134.0,340.0,5.130113483596453,0.0,8.0,5.0,5.0,23.0
3999.0,delete,5.55056255547344,3135.0,71.0,5.928292932772646,5.0,6.0,4.0,5.0,21.0
4000.0,add,5.685179901673067,3136.0,225.0,5.637386858038508,0.0,5.0,4.0,4.0,12.0
4001.0,add,6.402663070241208,3137.0,260.0,5.49269785718147,0.0,8.0,5.0,3.0,12.0
4002.0,add,5.541158921689197,3138.0,333.0,5.316728977007818,0.0,8.0,3.0,5.0,19.0
4003.0,add,5.458216902643909,3139.0,309.0,5.528721584946643,0.0,10.0,2.0,3.0,16.0
4004.0,delete,6.697632563579422,3140.0,132.0,5.994406995122747,0.0,2.0,3.0,2.0,13.0
4005.0,add,5.151499812529146,3141.0,339.0,5.4458311568673015,0.0,9.0,4.0,5.0,23.0
4006.0,add,5.457203879226417,3142.0,324.0,5.593191533278341,0.0,9.0,2.0,4.0,17.0
4007.0,add,6.089415951483516,3143.0,4.0,5.946802293578527,10.0,0.0,1.0,1.0,2.0
4008.0,delete,4.489903977473474,3144.0,183.0,5.5920994356194615,0.0,3.0,3.0,4.0,15.0
4009.0,add,5.110369255339137,3145.0,288.0,5.397912231245145,0.0,11.0,4.0,4.0,17.0
4010.0,add,5.022353642027165,3146.0,338.0,5.301497146564881,0.0,9.0,4.0,5.0,22.0
4011.0,delete,5.358464539325016,3147.0,72.0,5.929112188194449,5.0,5.0,4.0,4.0,22.0
4012.0,add,5.659847919677678,3148.0,341.0,5.560289871377275,0.0,9.0,5.0,5.0,23.0
4013.0,add,5.614992877466272,3148.0,341.0,5.560289871377275,0.0,10.0,5.0,5.0,23.0
4014.0,delete,5.560582517754121,3148.0,341.0,5.560289871377275,0.0,9.0,5.0,4.0,23.0
4015.0,swap,6.318270016478841,3148.0,341.0,5.560289871377275,0.0,9.0,4.0,6.0,23.0
4016.0,add,5.572537241693338,3149.0,226.0,5.6361719465129,0.0,6.0,4.0,4.0,12.0
4017.0,add,5.693129198752784,3150.0,261.0,5.482862803923488,0.0,8.0,5.0,3.0,13.0
4018.0,delete,6.004966401306423,3151.0,310.0,5.533168111749711,0.0,10.0,2.0,3.0,15.0
4019.0,delete,6.974916361071087,3152.0,133.0,5.986161690026258,0.0,1.0,3.0,3.0,12.0
4020.0,add,4.926394495031423,3153.0,334.0,5.368447894776269,0.0,8.0,4.0,5.0,19.0
4021.0,add,4.8039950332034485,3154.0,340.0,5.7427966405508375,0.0,9.0,5.0,5.0,23.0
4022.0,add,5.581425797654763,3155.0,325.0,5.586365389117045,0.0,8.0,2.0,5.0,18.0
4023.0,add,5.839906452547888,3156.0,5.0,5.944933518752018,10.0,1.0,2.0,1.0,1.0
4024.0,add,4.296118559586997,3157.0,184.0,5.599465433638444,0.0,3.0,3.0,4.0,16.0
4025.0,add,4.4251030747910285,3158.0,289.0,5.407921266965355,0.0,11.0,4.0,4.0,18.0
4026.0,delete,5.348831468150454,3159.0,73.0,5.929612857459513,5.0,6.0,3.0,4.0,21.0
4027.0,add,5.837479810705359,3160.0,339.0,5.485303996495092,0.0,9.0,4.0,5.0,23.0
4028.0,delete,5.670471579015368,3161.0,227.0,5.634354846322345,0.0,5.0,4.0,4.0,12.0
4029.0,add,5.615074267317806,3162.0,342.0,5.614992877466272,0.0,10.0,5.0,5.0,23.0
4030.0,add,5.572443495740404,3162.0,342.0,5.614992877466272,0.0,10.0,5.0,5.0,24.0
4031.0,delete,5.614992877466272,3162.0,342.0,5.614992877466272,0.0,10.0,5.0,5.0,22.0
4032.0,swap,5.560692930286585,3162.0,342.0,5.614992877466272,0.0,9.0,5.0,6.0,23.0
4033.0,add,6.524854324468623,3163.0,262.0,5.480181314109518,0.0,8.0,5.0,3.0,14.0
4034.0,delete,7.904319023884818,3164.0,134.0,5.976535459557237,0.0,1.0,2.0,3.0,12.0
4035.0,add,4.6775304501039745,3165.0,311.0,5.544548120412821,0.0,9.0,2.0,3.0,17.0
4036.0,add,5.4733702588676,3166.0,335.0,5.402223747418798,0.0,8.0,4.0,5.0,20.0
4037.0,add,5.347859235801657,3167.0,341.0,5.595639289655468,0.0,9.0,5.0,5.0,24.0
4038.0,add,5.7439326836204545,3168.0,326.0,5.588027094521308,0.0,9.0,2.0,4.0,19.0
4039.0,add,6.029099041838206,3169.0,6.0,5.9435677482269025,10.0,1.0,3.0,1.0,1.0
4040.0,add,4.980467819760112,3170.0,185.0,5.60790986833635,0.0,3.0,3.0,4.0,17.0
4041.0,delete,5.37407607287209,3171.0,74.0,5.931206193110639,5.0,6.0,4.0,4.0,19.0
4042.0,add,5.5344654996089115,3172.0,290.0,5.411731671103055,0.0,11.0,4.0,6.0,17.0
4043.0,add,5.688854761332386,3173.0,340.0,5.566276458415487,0.0,9.0,4.0,5.0,24.0
4044.0,add,5.803952170761936,3174.0,228.0,5.63362435309219,0.0,6.0,5.0,4.0,11.0
4045.0,add,5.652325969843615,3175.0,343.0,5.572443495740404,0.0,10.0,5.0,5.0,24.0
4046.0,delete,5.784768336358628,3175.0,343.0,5.572443495740404,0.0,10.0,5.0,5.0,23.0
4047.0,swap,5.599676398759106,3175.0,343.0,5.572443495740404,0.0,10.0,5.0,4.0,25.0
4048.0,add,5.4372004837277474,3176.0,263.0,5.475785341733121,0.0,9.0,5.0,4.0,13.0
4049.0,add,5.656405397161842,3177.0,336.0,5.421600198170257,0.0,9.0,3.0,5.0,21.0
4050.0,add,7.498274522735718,3178.0,135.0,5.963358101779696,0.0,1.0,3.0,2.0,13.0
4051.0,add,5.913666118604395,3179.0,312.0,5.544214078187951,0.0,9.0,2.0,3.0,18.0
4052.0,add,5.946569795508417,3180.0,342.0,5.6523035501754375,0.0,10.0,5.0,5.0,24.0
4053.0,delete,5.780850276131266,3181.0,344.0,5.784768336358628,0.0,10.0,5.0,5.0,23.0
4054.0,delete,5.994711447798191,3181.0,344.0,5.784768336358628,0.0,10.0,5.0,5.0,22.0
4055.0,swap,5.961824456138991,3181.0,344.0,5.784768336358628,0.0,10.0,5.0,5.0,23.0
4056.0,add,6.33642318492921,3182.0,7.0,5.941615678274061,10.0,1.0,2.0,2.0,2.0
4057.0,delete,5.258398377047358,3183.0,75.0,5.932946840423265,4.0,5.0,4.0,4.0,20.0
4058.0,add,4.715079442339172,3184.0,186.0,5.616045085742729,0.0,4.0,3.0,4.0,17.0
4059.0,delete,5.486409069096335,3185.0,291.0,5.422700645147372,0.0,11.0,4.0,5.0,17.0
4060.0,add,6.293400217930173,3186.0,229.0,5.629576370754218,0.0,7.0,4.0,4.0,12.0
4061.0,add,6.013228013461344,3187.0,327.0,5.59296546307222,0.0,8.0,3.0,4.0,20.0
4062.0,delete,6.187215425381506,3188.0,264.0,5.475639608964515,0.0,8.0,5.0,4.0,13.0
4063.0,add,5.445115092565506,3189.0,341.0,5.695906335739784,0.0,9.0,5.0,5.0,24.0
4064.0,delete,5.5079311273714335,3190.0,343.0,5.880538629106769,0.0,10.0,5.0,5.0,23.0
4065.0,add,4.887185759763721,3191.0,337.0,5.5014476262624115,0.0,9.0,3.0,5.0,22.0
4066.0,add,7.282445721135866,3192.0,136.0,5.950634434852493,0.0,1.0,3.0,3.0,13.0
4067.0,add,5.26747873065862,3193.0,313.0,5.547058229313101,0.0,9.0,2.0,4.0,18.0
4068.0,delete,5.988234600165368,3194.0,345.0,5.994711447798191,0.0,10.0,5.0,5.0,22.0
4069.0,delete,5.6465230458014615,3194.0,345.0,5.994711447798191,0.0,9.0,5.0,5.0,22.0
4070.0,swap,6.027717894081104,3194.0,345.0,5.994711447798191,0.0,11.0,5.0,5.0,21.0
4071.0,add,6.33642318492921,3195.0,8.0,5.939155286837052,10.0,2.0,2.0,2.0,2.0
4072.0,delete,5.3484076502587845,3196.0,76.0,5.9341584676854024,4.0,5.0,4.0,4.0,19.0
4073.0,add,4.765238917921155,3197.0,187.0,5.622727021958307,0.0,4.0,3.0,5.0,17.0
4074.0,delete,5.024181615513169,3198.0,292.0,5.4324726140407416,0.0,9.0,4.0,5.0,18.0
4075.0,add,6.073484845502942,3199.0,328.0,5.569659516897786,0.0,8.0,3.0,4.0,21.0
4076.0,add,6.2938762439378975,3200.0,230.0,5.621984406069131,0.0,7.0,4.0,6.0,11.0
4077.0,delete,6.404771243118269,3201.0,265.0,5.468015466242335,0.0,8.0,4.0,4.0,13.0
4078.0,add,5.542245489423481,3202.0,342.0,5.7886314036414985,0.0,10.0,5.0,5.0,24.0
4079.0,delete,5.780399803813963,3203.0,344.0,5.914296746961531,0.0,10.0,4.0,5.0,23.0
4080.0,delete,5.590162134646283,3204.0,346.0,5.6465230458014615,0.0,9.0,5.0,5.0,22.0
4081.0,delete,5.665527993468006,3204.0,346.0,5.6465230458014615,0.0,9.0,5.0,4.0,22.0
4082.0,swap,5.8017973672798995,3204.0,346.0,5.6465230458014615,0.0,9.0,5.0,5.0,22.0
4083.0,add,7.734095728390428,3205.0,137.0,5.938212402703598,0.0,1.0,4.0,3.0,13.0
4084.0,delete,4.978587864027924,3206.0,293.0,5.445171475861142,0.0,9.0,4.0,5.0,17.0
4085.0,delete,5.467921571658692,3207.0,77.0,5.935944916951022,4.0,4.0,3.0,4.0,20.0
4086.0,delete,5.481879649869171,3208.0,314.0,5.55313300016329,0.0,9.0,2.0,5.0,16.0
4087.0,add,6.1990727268689465,3209.0,9.0,5.937148908280671,10.0,2.0,2.0,2.0,3.0
4088.0,delete,5.020541068327284,3210.0,188.0,5.628476965279357,0.0,3.0,3.0,5.0,17.0
4089.0,delete,6.073644889407833,3211.0,329.0,5.542942841404388,0.0,8.0,3.0,5.0,19.0
4090.0,add,5.179511187469393,3212.0,338.0,5.5670802250396685,0.0,9.0,4.0,5.0,22.0
4091.0,delete,6.479028973221858,3213.0,231.0,5.615513861440528,0.0,6.0,4.0,5.0,12.0
4092.0,delete,5.34727999275758,3214.0,266.0,5.464286288534576,0.0,7.0,5.0,3.0,13.0
4093.0,delete,5.516867903408549,3215.0,343.0,5.79420404025455,0.0,9.0,5.0,5.0,24.0
4094.0,delete,5.994711447798191,3216.0,345.0,5.676002635298912,0.0,10.0,5.0,5.0,21.0
4095.0,delete,5.655764808797898,3217.0,347.0,5.665527993468006,0.0,9.0,5.0,4.0,22.0
4096.0,delete,5.679305395772957,3217.0,347.0,5.665527993468006,0.0,8.0,5.0,4.0,22.0
4097.0,swap,6.188137100428852,3217.0,347.0,5.665527993468006,0.0,10.0,5.0,4.0,21.0
4098.0,add,7.830627133531169,3218.0,138.0,5.926095882402534,0.0,1.0,5.0,3.0,13.0
4099.0,delete,4.672265037216268,3219.0,294.0,5.463487787392194,0.0,8.0,4.0,4.0,18.0
4100.0,delete,5.478734799925148,3220.0,78.0,5.9370908972567085,4.0,4.0,4.0,3.0,19.0
4101.0,delete,6.215320241432021,3221.0,315.0,5.54678355960426,0.0,9.0,2.0,5.0,15.0
4102.0,delete,5.410026323399351,3222.0,189.0,5.631508121257544,0.0,2.0,3.0,5.0,17.0
4103.0,add,6.011599955562986,3223.0,10.0,5.93511057865403,10.0,1.0,3.0,2.0,4.0
4104.0,delete,6.320347427771172,3224.0,330.0,5.514116773013715,0.0,8.0,1.0,5.0,20.0
4105.0,add,5.130256099808543,3225.0,339.0,5.658172730636441,0.0,10.0,4.0,5.0,22.0
4106.0,delete,6.002333183541516,3226.0,344.0,5.834416086654348,0.0,9.0,5.0,5.0,23.0
4107.0,add,6.477133494231882,3227.0,232.0,5.606649802032522,0.0,7.0,4.0,6.0,11.0
4108.0,add,5.787978366063991,3228.0,267.0,5.470102374174358,0.0,8.0,5.0,4.0,12.0
4109.0,delete,5.69064522134518,3229.0,346.0,5.797183824616928,0.0,9.0,5.0,5.0,21.0
4110.0,delete,5.666469584728774,3230.0,348.0,5.679305395772957,0.0,8.0,5.0,4.0,22.0
4111.0,delete,5.5846206636844755,3230.0,348.0,5.679305395772957,0.0,8.0,5.0,4.0,21.0
4112.0,swap,5.882949136766759,3230.0,348.0,5.679305395772957,0.0,9.0,5.0,4.0,21.0
4113.0,delete,5.227828275991336,3231.0,316.0,5.54719167783677,0.0,8.0,2.0,5.0,15.0
4114.0,add,7.7505609689859885,3232.0,139.0,5.913821311167067,0.0,1.0,5.0,5.0,12.0
4115.0,delete,5.5329651235881485,3233.0,79.0,5.938585510649691,4.0,3.0,3.0,4.0,19.0
4116.0,add,5.045440412687293,3234.0,295.0,5.476340868987813,0.0,9.0,4.0,4.0,18.0
4117.0,delete,5.627156722448067,3235.0,190.0,5.634461501781398,0.0,2.0,3.0,5.0,16.0
4118.0,delete,6.298749363233,3236.0,331.0,5.478599393335986,0.0,8.0,2.0,5.0,18.0
4119.0,add,6.567438155164261,3237.0,11.0,5.933558422003043,10.0,1.0,3.0,2.0,5.0
4120.0,add,5.129991116067975,3238.0,340.0,5.705027730239247,0.0,9.0,4.0,6.0,23.0
4121.0,delete,6.008840961072555,3239.0,345.0,5.753884491709894,0.0,9.0,5.0,5.0,22.0
4122.0,delete,6.019474390823582,3240.0,347.0,5.703336195238241,0.0,9.0,5.0,4.0,21.0
4123.0,add,4.903895600705422,3241.0,233.0,5.600774025414916,0.0,8.0,5.0,5.0,11.0
4124.0,add,5.399323124925305,3242.0,268.0,5.475070036495042,0.0,8.0,5.0,4.0,13.0
4125.0,delete,5.118984880352749,3243.0,349.0,5.5846206636844755,0.0,8.0,5.0,4.0,21.0
4126.0,delete,5.699291749563177,3243.0,349.0,5.5846206636844755,0.0,8.0,4.0,4.0,21.0
4127.0,swap,6.069363374658489,3243.0,349.0,5.5846206636844755,0.0,8.0,6.0,4.0,20.0
4128.0,delete,5.412443374092981,3244.0,317.0,5.557727563008389,0.0,8.0,2.0,3.0,16.0
4129.0,delete,5.183516999225898,3245.0,296.0,5.479280404946603,0.0,8.0,4.0,4.0,18.0
4130.0,delete,5.567229074350169,3246.0,80.0,5.9384884786325545,4.0,3.0,4.0,4.0,17.0
4131.0,add,7.750598358242863,3247.0,140.0,5.900816540511866,0.0,2.0,5.0,5.0,12.0
4132.0,delete,5.246017302760779,3248.0,191.0,5.635331766618061,0.0,3.0,3.0,4.0,15.0
4133.0,delete,4.387319911488055,3249.0,346.0,5.743377858365908,0.0,8.0,5.0,5.0,22.0
4134.0,add,5.240668364150128,3250.0,332.0,5.465604298515909,0.0,8.0,2.0,5.0,19.0
4135.0,add,6.33642318492921,3251.0,12.0,5.930676400031878,10.0,1.0,2.0,2.0,7.0
4136.0,add,5.560289871377275,3252.0,341.0,5.697628631473473,0.0,9.0,5.0,5.0,24.0
4137.0,delete,4.913492807496043,3253.0,348.0,5.618065167064723,0.0,8.0,5.0,4.0,21.0
4138.0,delete,5.69924040348724,3254.0,350.0,5.699291749563177,0.0,8.0,4.0,4.0,21.0
4139.0,delete,5.851400082325247,3254.0,350.0,5.699291749563177,0.0,8.0,4.0,4.0,20.0
4140.0,swap,5.848251200595792,3254.0,350.0,5.699291749563177,0.0,9.0,3.0,4.0,21.0
4141.0,add,5.749040517699552,3255.0,234.0,5.598429430042941,0.0,9.0,4.0,5.0,12.0
4142.0,add,5.452632639133374,3256.0,269.0,5.474208153465771,0.0,9.0,5.0,4.0,13.0
4143.0,delete,5.449092284762953,3257.0,318.0,5.55360549024731,0.0,8.0,2.0,4.0,14.0
4144.0,delete,5.700094091699865,3258.0,347.0,5.669403639187941,0.0,9.0,5.0,4.0,21.0
4145.0,delete,6.261693014349271,3259.0,81.0,5.939228178100001,4.0,3.0,4.0,3.0,17.0
4146.0,delete,4.915248697437764,3260.0,192.0,5.634889233840099,0.0,3.0,3.0,4.0,14.0
4147.0,add,7.694798833131926,3261.0,141.0,5.88671956851523,0.0,2.0,6.0,5.0,12.0
4148.0,add,6.136221049311148,3262.0,297.0,5.478926765119656,0.0,9.0,4.0,4.0,18.0
4149.0,delete,5.737601656326155,3263.0,349.0,5.774545858992864,0.0,8.0,5.0,4.0,20.0
4150.0,add,4.929398098434702,3264.0,333.0,5.49170786833974,0.0,8.0,4.0,5.0,18.0
4151.0,add,6.33642318492921,3265.0,13.0,5.928348313109155,10.0,1.0,2.0,2.0,8.0
4152.0,add,5.609443404195215,3266.0,342.0,5.711765886884404,0.0,11.0,5.0,5.0,23.0
4153.0,delete,5.878356938603661,3267.0,351.0,5.851400082325247,0.0,8.0,4.0,4.0,20.0
4154.0,delete,4.6979385733853665,3267.0,351.0,5.851400082325247,0.0,7.0,4.0,4.0,20.0
4155.0,swap,6.275503238834132,3267.0,351.0,5.851400082325247,0.0,9.0,4.0,4.0,19.0
4156.0,add,4.972473943103914,3268.0,235.0,5.600793735305192,0.0,8.0,4.0,5.0,14.0
4157.0,add,5.634813876655611,3269.0,270.0,5.475573578725991,0.0,9.0,5.0,4.0,14.0
4158.0,add,5.198270736319831,3270.0,319.0,5.5634837784179405,0.0,8.0,2.0,4.0,15.0
4159.0,delete,5.679305395772957,3271.0,348.0,5.614503797442709,0.0,8.0,5.0,4.0,21.0
4160.0,delete,5.569912416387073,3272.0,82.0,5.940166093979508,4.0,3.0,4.0,3.0,16.0
4161.0,delete,5.9052697230659765,3273.0,350.0,5.6757997082871015,0.0,8.0,4.0,4.0,20.0
4162.0,delete,7.6405383306634,3274.0,142.0,5.8748966797976685,0.0,2.0,5.0,5.0,12.0
4163.0,add,5.243444919146743,3275.0,193.0,5.636115710536474,0.0,3.0,3.0,4.0,15.0
4164.0,add,5.324631429383745,3276.0,298.0,5.4848567477604915,0.0,9.0,4.0,5.0,18.0
4165.0,delete,5.961366232944802,3277.0,343.0,5.714922623304584,0.0,9.0,5.0,5.0,24.0
4166.0,add,4.936666110101356,3278.0,334.0,5.5231513439271716,0.0,8.0,3.0,6.0,19.0
4167.0,add,6.059819481023813,3279.0,14.0,5.925856443989489,10.0,1.0,2.0,2.0,9.0
4168.0,delete,4.767837201379655,3280.0,352.0,4.6979385733853665,0.0,7.0,4.0,4.0,20.0
4169.0,delete,4.90515990559489,3280.0,352.0,4.6979385733853665,0.0,7.0,4.0,4.0,19.0
4170.0,swap,4.71398421453283,3280.0,352.0,4.6979385733853665,0.0,7.0,5.0,4.0,19.0
4171.0,delete,4.991768102315201,3281.0,236.0,5.604418281652114,0.0,8.0,3.0,5.0,14.0
4172.0,add,6.20419099032872,3282.0,271.0,5.470642529292509,0.0,10.0,5.0,4.0,14.0
4173.0,delete,5.344559313417029,3283.0,320.0,5.561446532372028,0.0,8.0,2.0,4.0,14.0
4174.0,delete,5.490216403487496,3284.0,349.0,5.49831957397451,0.0,7.0,5.0,4.0,21.0
4175.0,delete,5.302230673681607,3285.0,83.0,5.940635817441492,4.0,2.0,4.0,3.0,16.0
4176.0,delete,6.2919895991014965,3286.0,351.0,4.771229973723185,0.0,8.0,3.0,4.0,20.0
4177.0,delete,7.1818660676936705,3287.0,143.0,5.862433436894522,0.0,2.0,5.0,4.0,12.0
4178.0,delete,5.379613446513074,3288.0,194.0,5.635424277451734,0.0,2.0,3.0,4.0,15.0
4179.0,delete,5.782169537773716,3289.0,344.0,5.6538186547068285,0.0,10.0,5.0,5.0,22.0
4180.0,add,5.759331977006838,3290.0,299.0,5.480204504934399,0.0,9.0,4.0,4.0,20.0
4181.0,delete,4.907983723523549,3291.0,353.0,4.90515990559489,0.0,7.0,4.0,4.0,19.0
4182.0,delete,5.125326182637464,3291.0,353.0,4.90515990559489,0.0,7.0,4.0,4.0,18.0
4183.0,swap,4.964426581916157,3291.0,353.0,4.90515990559489,0.0,8.0,4.0,4.0,18.0
4184.0,add,6.33642318492921,3292.0,15.0,5.922522095198481,10.0,1.0,2.0,2.0,10.0
4185.0,delete,4.961121904895336,3293.0,237.0,5.610438073304556,0.0,8.0,4.0,4.0,13.0
4186.0,add,5.212528073789807,3294.0,335.0,5.516639342562196,0.0,8.0,3.0,6.0,20.0
4187.0,add,4.830001628559501,3295.0,321.0,5.566838805708909,0.0,7.0,3.0,4.0,15.0
4188.0,add,6.24300947192529,3296.0,272.0,5.464951091238849,0.0,10.0,5.0,4.0,15.0
4189.0,delete,5.754355570058787,3297.0,350.0,5.357097997075036,0.0,8.0,4.0,4.0,20.0
4190.0,delete,4.696222389129138,3298.0,352.0,4.975724098418015,0.0,6.0,4.0,4.0,20.0
4191.0,add,5.166463470772109,3299.0,84.0,5.941244053535031,4.0,2.0,4.0,3.0,17.0
4192.0,delete,7.604592537103091,3300.0,144.0,5.849703306214089,0.0,2.0,5.0,4.0,11.0
4193.0,delete,5.896490798282897,3301.0,345.0,5.542406283370031,0.0,9.0,5.0,5.0,22.0
4194.0,add,6.282386598844005,3302.0,195.0,5.633657086405152,0.0,3.0,3.0,4.0,15.0
4195.0,delete,5.052395616323087,3303.0,354.0,5.125326182637464,0.0,7.0,4.0,4.0,18.0
4196.0,add,5.11176407788656,3303.0,354.0,5.125326182637464,0.0,7.0,4.0,4.0,19.0
4197.0,delete,4.754112174594915,3303.0,354.0,5.125326182637464,0.0,7.0,4.0,4.0,17.0
4198.0,swap,4.387999687762602,3303.0,354.0,5.125326182637464,0.0,7.0,3.0,4.0,19.0
4199.0,add,6.33484113925913,3304.0,16.0,5.919431022159831,10.0,1.0,2.0,3.0,10.0
4200.0,add,5.606108446190551,3305.0,300.0,5.459624044348234,0.0,11.0,4.0,4.0,19.0
4201.0,add,5.411413628293178,3306.0,238.0,5.613956812699062,0.0,8.0,4.0,5.0,13.0
4202.0,add,5.910866968995754,3307.0,336.0,5.492215719340687,0.0,9.0,3.0,5.0,21.0
4203.0,add,6.2060092998423455,3308.0,322.0,5.561356300321736,0.0,8.0,3.0,4.0,15.0
4204.0,add,6.264666099537572,3309.0,273.0,5.453686386812476,0.0,10.0,5.0,4.0,16.0
4205.0,delete,5.518594232620167,3310.0,351.0,4.952087686751363,0.0,8.0,4.0,4.0,19.0
4206.0,delete,7.6977325779369785,3311.0,145.0,5.838361055444861,0.0,2.0,4.0,4.0,11.0
4207.0,add,4.957679917949558,3312.0,85.0,5.944088647448089,4.0,3.0,5.0,3.0,16.0
4208.0,delete,5.6465230458014615,3313.0,346.0,5.434273740615901,0.0,9.0,5.0,5.0,21.0
4209.0,delete,6.506175050535725,3314.0,196.0,5.627502590535575,0.0,3.0,3.0,4.0,14.0
4210.0,delete,5.21421440712171,3315.0,353.0,4.886319547840925,0.0,6.0,4.0,4.0,19.0
4211.0,delete,5.724291413019052,3316.0,301.0,5.464299332407262,0.0,9.0,4.0,4.0,20.0
4212.0,add,5.111534982562043,3317.0,355.0,5.11176407788656,0.0,7.0,4.0,4.0,19.0
4213.0,delete,6.038594414030664,3317.0,355.0,5.11176407788656,0.0,7.0,4.0,4.0,18.0
4214.0,swap,5.120002541574978,3317.0,355.0,5.11176407788656,0.0,7.0,5.0,3.0,19.0
4215.0,add,6.33642318492921,3318.0,17.0,5.917287417925014,10.0,3.0,2.0,2.0,10.0
4216.0,add,5.261575692195806,3319.0,337.0,5.501558646000593,0.0,9.0,4.0,5.0,21.0
4217.0,add,5.156840349052601,3320.0,239.0,5.622176663473473,0.0,8.0,4.0,6.0,13.0
4218.0,delete,4.591509862733913,3321.0,352.0,5.029979744973674,0.0,6.0,4.0,4.0,20.0
4219.0,add,5.443822792704891,3322.0,323.0,5.562637182576347,0.0,8.0,3.0,4.0,16.0
4220.0,add,5.887343668577133,3323.0,274.0,5.441251847521128,0.0,11.0,5.0,4.0,16.0
4221.0,delete,5.665309364681608,3324.0,347.0,5.395516334782447,0.0,8.0,5.0,4.0,22.0
4222.0,add,7.5874401912547915,3325.0,146.0,5.825182743994463,0.0,2.0,5.0,4.0,11.0
4223.0,add,5.057328418274056,3326.0,86.0,5.94668932116467,4.0,4.0,5.0,3.0,16.0
4224.0,delete,6.564812114530425,3327.0,197.0,5.621645819020799,0.0,3.0,2.0,4.0,14.0
4225.0,add,6.0441078859398765,3328.0,354.0,5.34547400401356,0.0,7.0,4.0,4.0,19.0
4226.0,delete,5.551032672801077,3329.0,302.0,5.46751770604041,0.0,10.0,4.0,4.0,18.0
4227.0,delete,6.038594414030664,3330.0,356.0,6.038594414030664,0.0,7.0,4.0,4.0,18.0
4228.0,delete,6.003146391823664,3330.0,356.0,6.038594414030664,0.0,6.0,4.0,4.0,18.0
4229.0,swap,6.238625414139089,3330.0,356.0,6.038594414030664,0.0,7.0,5.0,4.0,17.0
4230.0,add,5.003049365975933,3331.0,338.0,5.529469329268224,0.0,9.0,4.0,5.0,22.0
4231.0,add,6.069993030485466,3332.0,18.0,5.915345558157688,10.0,2.0,2.0,2.0,12.0
4232.0,delete,4.90515990559489,3333.0,353.0,5.4031090915713325,0.0,7.0,4.0,4.0,18.0
4233.0,add,6.06368624211998,3334.0,240.0,5.62150319333419,0.0,9.0,4.0,6.0,13.0
4234.0,delete,5.6478481870539685,3335.0,348.0,5.402730217134659,0.0,8.0,5.0,4.0,21.0
4235.0,add,4.836745132252417,3336.0,324.0,5.568916228712764,0.0,8.0,2.0,4.0,18.0
4236.0,add,5.448183155236395,3337.0,275.0,5.4320484824944355,0.0,10.0,5.0,5.0,17.0
4237.0,delete,7.774382632355377,3338.0,147.0,5.814276311777266,0.0,2.0,4.0,4.0,11.0
4238.0,delete,6.35569269595381,3339.0,198.0,5.615037181121851,0.0,3.0,3.0,4.0,12.0
4239.0,add,5.190642721545512,3340.0,87.0,5.950565484647272,4.0,4.0,4.0,3.0,18.0
4240.0,delete,5.125326182637464,3341.0,355.0,6.079740158506021,0.0,7.0,4.0,4.0,18.0
4241.0,delete,5.614304272627549,3342.0,303.0,5.465008635092102,0.0,10.0,4.0,3.0,18.0
4242.0,delete,5.998521164141745,3343.0,357.0,6.003146391823664,0.0,6.0,4.0,4.0,18.0
4243.0,add,5.816699373800093,3343.0,357.0,6.003146391823664,0.0,6.0,4.0,4.0,19.0
4244.0,delete,5.773116970453013,3343.0,357.0,6.003146391823664,0.0,6.0,4.0,4.0,17.0
4245.0,swap,6.013605317577903,3343.0,357.0,6.003146391823664,0.0,6.0,4.0,4.0,18.0
4246.0,add,5.66550414624483,3344.0,339.0,5.560279125899739,0.0,10.0,4.0,5.0,22.0
4247.0,add,6.346505037355957,3345.0,19.0,5.913296665453124,10.0,2.0,3.0,2.0,12.0
4248.0,delete,4.8768271250715856,3346.0,241.0,5.620294375244646,0.0,8.0,5.0,6.0,12.0
4249.0,delete,5.5846206636844755,3347.0,349.0,5.437640521920442,0.0,8.0,5.0,4.0,20.0
4250.0,add,4.7747151860221555,3348.0,354.0,5.725664548507519,0.0,7.0,4.0,4.0,19.0
4251.0,add,5.581318426869268,3349.0,325.0,5.572150817120445,0.0,8.0,2.0,5.0,18.0
4252.0,delete,6.124488215990024,3350.0,199.0,5.608963136972429,0.0,3.0,3.0,3.0,12.0
4253.0,add,7.464129438988618,3351.0,148.0,5.801769391817945,0.0,3.0,5.0,4.0,10.0
4254.0,add,5.971003984788391,3352.0,276.0,5.425961469539784,0.0,11.0,5.0,5.0,17.0
4255.0,add,5.0233163918727985,3353.0,88.0,5.953013037903861,4.0,4.0,4.0,4.0,18.0
4256.0,delete,4.692846220043847,3354.0,304.0,5.474323530179842,0.0,10.0,4.0,3.0,17.0
4257.0,delete,5.375445672167071,3355.0,356.0,5.921017843559284,0.0,6.0,4.0,4.0,18.0
4258.0,add,5.81669937380009,3356.0,358.0,5.816699373800093,0.0,6.0,4.0,4.0,19.0
4259.0,add,4.800490664825142,3356.0,358.0,5.816699373800093,0.0,6.0,4.0,4.0,20.0
4260.0,delete,5.1835805628554334,3356.0,358.0,5.816699373800093,0.0,6.0,3.0,4.0,19.0
4261.0,swap,4.881950639697804,3356.0,358.0,5.816699373800093,0.0,6.0,5.0,4.0,18.0
4262.0,add,5.130113483596453,3357.0,340.0,5.54684188204729,0.0,9.0,4.0,5.0,24.0
4263.0,add,6.3364231849292105,3358.0,20.0,5.909853370511128,10.0,3.0,2.0,2.0,13.0
4264.0,add,5.845240374685579,3359.0,242.0,5.614727259590225,0.0,10.0,5.0,6.0,11.0
4265.0,delete,6.610567291197591,3360.0,350.0,5.3606565260201275,0.0,8.0,4.0,4.0,20.0
4266.0,delete,5.134133428307177,3361.0,355.0,5.650314039712846,0.0,7.0,4.0,4.0,18.0
4267.0,delete,4.580405969083674,3362.0,277.0,5.4186664804523215,0.0,10.0,5.0,5.0,17.0
4268.0,add,6.12457727836452,3363.0,200.0,5.601800141355248,0.0,3.0,3.0,4.0,12.0
4269.0,add,7.52542767293356,3364.0,149.0,5.788224538883802,0.0,3.0,5.0,4.0,11.0
4270.0,delete,4.679710023272914,3365.0,305.0,5.484839676978716,0.0,10.0,4.0,3.0,16.0
4271.0,add,5.048497382620845,3366.0,89.0,5.954487329645446,4.0,4.0,4.0,4.0,19.0
4272.0,add,5.780900396923302,3367.0,326.0,5.565137435783254,0.0,8.0,2.0,4.0,20.0
4273.0,add,6.415313253470128,3368.0,357.0,5.299884122995712,0.0,6.0,4.0,4.0,19.0
4274.0,delete,6.038594414030662,3369.0,356.0,5.643506307692008,0.0,7.0,4.0,3.0,18.0
4275.0,add,4.782194563054687,3370.0,359.0,4.800490664825142,0.0,6.0,4.0,4.0,20.0
4276.0,add,5.45862975767144,3370.0,359.0,4.800490664825142,0.0,6.0,5.0,4.0,20.0
4277.0,delete,4.800490664825142,3370.0,359.0,4.800490664825142,0.0,6.0,4.0,4.0,19.0
4278.0,swap,4.77386772994098,3370.0,359.0,4.800490664825142,0.0,5.0,4.0,5.0,20.0
4279.0,add,6.069993030485466,3371.0,21.0,5.907024915103313,10.0,2.0,2.0,2.0,15.0
4280.0,add,5.295225289536991,3372.0,243.0,5.6104309309063565,0.0,9.0,5.0,6.0,13.0
4281.0,add,5.560289871377275,3373.0,341.0,5.544367299373103,0.0,9.0,5.0,5.0,24.0
4282.0,delete,6.3301510984163,3374.0,278.0,5.4110224378143466,0.0,10.0,5.0,4.0,17.0
4283.0,delete,4.975666557445225,3375.0,306.0,5.499274843655932,0.0,9.0,3.0,3.0,17.0
4284.0,add,5.910866963397964,3376.0,201.0,5.59840042774416,0.0,3.0,3.0,4.0,13.0
4285.0,add,7.354533760803106,3377.0,150.0,5.775755124088341,0.0,3.0,5.0,5.0,11.0
4286.0,delete,6.362670547756682,3378.0,351.0,5.289633316648035,0.0,7.0,4.0,4.0,20.0
4287.0,add,5.074607910872194,3379.0,90.0,5.957333961677306,4.0,4.0,4.0,5.0,19.0
4288.0,add,5.534599978424225,3380.0,327.0,5.556127042315086,0.0,8.0,3.0,4.0,20.0
4289.0,add,5.820104770572073,3381.0,358.0,4.923134676063478,0.0,6.0,4.0,5.0,19.0
4290.0,add,5.816699373800093,3382.0,357.0,5.322729214046638,0.0,6.0,4.0,4.0,19.0
4291.0,delete,4.864292357105948,3383.0,352.0,5.328488708271029,0.0,7.0,4.0,4.0,19.0
4292.0,add,5.45874026574025,3384.0,360.0,5.45862975767144,0.0,6.0,5.0,4.0,20.0
4293.0,add,5.219653234687731,3384.0,360.0,5.45862975767144,0.0,7.0,5.0,4.0,20.0
4294.0,delete,5.718746863718601,3384.0,360.0,5.45862975767144,0.0,5.0,5.0,4.0,20.0
4295.0,swap,5.448775064292272,3384.0,360.0,5.45862975767144,0.0,6.0,4.0,5.0,20.0
4296.0,add,6.33642318492921,3385.0,22.0,5.904663879286473,10.0,2.0,2.0,2.0,16.0
4297.0,add,6.354155560781081,3386.0,244.0,5.605608798677901,0.0,9.0,5.0,6.0,14.0
4298.0,add,6.126900840947688,3387.0,279.0,5.404710418663306,0.0,11.0,5.0,4.0,17.0
4299.0,delete,5.295925996148422,3388.0,307.0,5.5116165776088755,0.0,10.0,3.0,3.0,15.0
4300.0,add,6.606353634492971,3389.0,202.0,5.594550586310909,0.0,3.0,3.0,4.0,14.0
4301.0,add,7.437961516872324,3390.0,151.0,5.765124710389497,0.0,4.0,5.0,5.0,11.0
4302.0,delete,4.74271712648764,3391.0,91.0,5.960481152091981,3.0,4.0,4.0,5.0,19.0
4303.0,add,5.579132728567937,3392.0,342.0,5.548274011161747,0.0,10.0,5.0,5.0,24.0
4304.0,add,6.009636131243099,3393.0,328.0,5.539382795615253,0.0,8.0,3.0,4.0,21.0
4305.0,add,4.800490664825142,3394.0,359.0,5.460909037222059,0.0,6.0,4.0,4.0,21.0
4306.0,delete,4.754112174594915,3395.0,353.0,5.394670852639397,0.0,7.0,4.0,4.0,18.0
4307.0,add,5.835055494020718,3396.0,358.0,5.189289476741223,0.0,6.0,4.0,4.0,20.0
4308.0,add,5.261231339015934,3397.0,361.0,5.219653234687731,0.0,7.0,5.0,4.0,20.0
4309.0,add,5.970544925415776,3397.0,361.0,5.219653234687731,0.0,8.0,5.0,4.0,20.0
4310.0,delete,5.219653234687731,3397.0,361.0,5.219653234687731,0.0,7.0,5.0,4.0,19.0
4311.0,swap,5.5016246702136735,3397.0,361.0,5.219653234687731,0.0,6.0,6.0,4.0,20.0
4312.0,add,6.675237644326681,3398.0,23.0,5.902064187193711,10.0,2.0,4.0,2.0,15.0
4313.0,delete,6.236026337001914,3399.0,245.0,5.599029549957948,0.0,9.0,4.0,6.0,14.0
4314.0,add,3.8594510346967463,3400.0,280.0,5.401021171105624,0.0,11.0,5.0,4.0,18.0
4315.0,delete,5.320544792740234,3401.0,308.0,5.518310020824084,0.0,10.0,3.0,2.0,15.0
4316.0,delete,7.437961516872324,3402.0,152.0,5.753734257019077,0.0,4.0,5.0,5.0,10.0
4317.0,delete,5.072300419885378,3403.0,92.0,5.962195006435655,4.0,4.0,3.0,5.0,18.0
4318.0,add,5.952147141310679,3404.0,203.0,5.588549115618019,0.0,4.0,3.0,4.0,14.0
4319.0,delete,6.076109354613226,3405.0,329.0,5.514122676229343,0.0,8.0,3.0,4.0,20.0
4320.0,delete,5.572443495740404,3406.0,343.0,5.528004810572621,0.0,10.0,5.0,5.0,23.0
4321.0,add,5.63754429838759,3407.0,360.0,5.434541480804169,0.0,6.0,5.0,4.0,21.0
4322.0,add,5.125326182637464,3408.0,354.0,5.49688741642675,0.0,7.0,4.0,4.0,19.0
4323.0,add,5.906020176188475,3409.0,359.0,5.4268758471505585,0.0,6.0,4.0,4.0,21.0
4324.0,delete,5.162453381300807,3410.0,344.0,5.515644974852793,0.0,10.0,5.0,5.0,22.0
4325.0,delete,6.3344338605884785,3411.0,246.0,5.589491157579378,0.0,8.0,5.0,5.0,14.0
4326.0,add,5.912330805897408,3412.0,362.0,5.970544925415776,0.0,8.0,5.0,4.0,20.0
4327.0,add,6.165965230442163,3412.0,362.0,5.970544925415776,0.0,8.0,5.0,4.0,21.0
4328.0,delete,5.912043847174668,3412.0,362.0,5.970544925415776,0.0,8.0,5.0,4.0,19.0
4329.0,swap,5.736747450830497,3412.0,362.0,5.970544925415776,0.0,7.0,5.0,4.0,21.0
4330.0,add,6.4493748063648235,3413.0,24.0,5.899495835083775,10.0,2.0,3.0,3.0,16.0
4331.0,delete,4.916286332806171,3414.0,204.0,5.588816557918504,0.0,4.0,3.0,4.0,13.0
4332.0,delete,5.142395153048359,3415.0,93.0,5.964678495097953,3.0,3.0,4.0,5.0,18.0
4333.0,add,6.677592857243597,3416.0,153.0,5.745590749363927,0.0,4.0,6.0,5.0,10.0
4334.0,add,6.4994480980641045,3417.0,281.0,5.405536309008475,0.0,11.0,5.0,4.0,19.0
4335.0,add,5.318565140193612,3418.0,309.0,5.529716475037577,0.0,10.0,3.0,3.0,15.0
4336.0,delete,6.303002434618938,3419.0,330.0,5.499652434596048,0.0,8.0,2.0,4.0,20.0
4337.0,delete,4.658041626578335,3420.0,355.0,5.5858869763382275,0.0,7.0,4.0,4.0,18.0
4338.0,add,5.220427520515088,3421.0,361.0,5.939526451952102,0.0,8.0,5.0,4.0,20.0
4339.0,delete,5.784768336358628,3422.0,345.0,5.496331151463227,0.0,10.0,5.0,5.0,21.0
4340.0,delete,6.794774456448236,3423.0,247.0,5.582599958968067,0.0,9.0,5.0,4.0,13.0
4341.0,add,5.522671175729901,3424.0,360.0,5.614342414297115,0.0,7.0,5.0,4.0,20.0
4342.0,delete,5.892639962255448,3425.0,310.0,5.531718128185073,0.0,9.0,2.0,3.0,16.0
4343.0,add,6.3580328736978124,3426.0,25.0,5.897255745379373,10.0,3.0,3.0,2.0,17.0
4344.0,add,6.1659652304421595,3427.0,363.0,6.165965230442163,0.0,8.0,5.0,4.0,21.0
4345.0,delete,5.98949011710061,3427.0,363.0,6.165965230442163,0.0,8.0,5.0,4.0,20.0
4346.0,swap,6.169716953241621,3427.0,363.0,6.165965230442163,0.0,8.0,5.0,4.0,21.0
4347.0,delete,6.805838575198382,3428.0,154.0,5.738767748814067,0.0,4.0,4.0,6.0,10.0
4348.0,add,5.040442359431185,3429.0,94.0,5.968114733777767,2.0,4.0,4.0,6.0,18.0
4349.0,delete,5.1163011994786345,3430.0,205.0,5.592406900632671,0.0,5.0,3.0,4.0,11.0
4350.0,delete,7.04836473956468,3431.0,282.0,5.407099220355713,0.0,12.0,5.0,4.0,17.0
4351.0,delete,6.130350513082441,3432.0,331.0,5.4793315406849,0.0,8.0,2.0,5.0,18.0
4352.0,delete,5.780502264425199,3433.0,356.0,5.598527928745518,0.0,7.0,4.0,4.0,17.0
4353.0,add,5.798268919943432,3434.0,362.0,6.122784382806638,0.0,8.0,5.0,4.0,21.0
4354.0,delete,5.6948094627370045,3435.0,346.0,5.5011163368161835,0.0,9.0,5.0,5.0,21.0
4355.0,delete,5.99092730245435,3436.0,364.0,5.98949011710061,0.0,8.0,5.0,4.0,20.0
4356.0,delete,6.304829987139394,3436.0,364.0,5.98949011710061,0.0,8.0,5.0,4.0,19.0
4357.0,swap,5.7622461040308055,3436.0,364.0,5.98949011710061,0.0,8.0,4.0,5.0,20.0
4358.0,add,6.398874493806406,3437.0,248.0,5.579365527968802,0.0,9.0,5.0,5.0,13.0
4359.0,add,6.435309487915798,3438.0,26.0,5.896287744245738,10.0,2.0,3.0,2.0,19.0
4360.0,delete,4.729206758270869,3439.0,283.0,5.416511953058941,0.0,11.0,5.0,4.0,17.0
4361.0,delete,6.209510987006128,3440.0,206.0,5.595512609811308,0.0,4.0,2.0,4.0,12.0
4362.0,add,5.432733229794066,3441.0,311.0,5.549924334965796,0.0,9.0,2.0,3.0,17.0
4363.0,delete,5.138382945293949,3442.0,95.0,5.97148017511833,2.0,3.0,4.0,5.0,19.0
4364.0,add,7.048649690653909,3443.0,155.0,5.731829139345031,0.0,4.0,5.0,6.0,10.0
4365.0,add,5.68507854942834,3444.0,332.0,5.480419072008229,0.0,8.0,2.0,5.0,19.0
4366.0,add,4.932880497658011,3445.0,361.0,5.930731107279074,0.0,7.0,5.0,4.0,21.0
4367.0,delete,5.967355221316241,3446.0,363.0,6.011873377681289,0.0,7.0,5.0,4.0,21.0
4368.0,add,6.006032352949819,3447.0,357.0,5.587094033933931,0.0,6.0,5.0,4.0,18.0
4369.0,delete,5.665527993468004,3448.0,347.0,5.518080585681079,0.0,9.0,5.0,3.0,22.0
4370.0,delete,6.304829987139394,3449.0,365.0,6.304829987139394,0.0,8.0,5.0,4.0,19.0
4371.0,delete,5.626819747805263,3449.0,365.0,6.304829987139394,0.0,7.0,5.0,4.0,19.0
4372.0,swap,6.15419516870408,3449.0,365.0,6.304829987139394,0.0,8.0,5.0,5.0,18.0
4373.0,delete,6.082401528390873,3450.0,249.0,5.573320145293306,0.0,9.0,6.0,4.0,12.0
4374.0,delete,4.543889894087293,3451.0,284.0,5.42875497354907,0.0,11.0,5.0,4.0,16.0
4375.0,add,6.280921506801421,3452.0,27.0,5.894218744889532,10.0,2.0,3.0,2.0,20.0
4376.0,add,5.892088050119174,3453.0,312.0,5.555513228923719,0.0,9.0,2.0,3.0,18.0
4377.0,add,4.768358461826353,3454.0,207.0,5.60038879876801,0.0,4.0,3.0,3.0,13.0
4378.0,add,5.95097653687315,3455.0,362.0,6.033384164146625,0.0,9.0,5.0,4.0,20.0
4379.0,add,5.475373311088518,3456.0,96.0,5.9730838475250705,2.0,4.0,4.0,5.0,19.0
4380.0,add,6.794707710325281,3457.0,156.0,5.724891385381118,0.0,4.0,5.0,6.0,11.0
4381.0,add,4.9366661101013545,3458.0,333.0,5.502475815702092,0.0,8.0,3.0,6.0,18.0
4382.0,delete,5.98949011710061,3459.0,364.0,6.097668722697033,0.0,8.0,5.0,4.0,19.0
4383.0,delete,5.626680826054722,3460.0,366.0,5.626819747805263,0.0,7.0,5.0,4.0,19.0
4384.0,delete,5.084851416899814,3460.0,366.0,5.626819747805263,0.0,7.0,4.0,4.0,19.0
4385.0,swap,5.408053275792141,3460.0,366.0,5.626819747805263,0.0,7.0,5.0,5.0,18.0
4386.0,delete,5.734148912760891,3461.0,348.0,5.522851104340052,0.0,8.0,5.0,4.0,21.0
4387.0,add,6.424685298634041,3462.0,250.0,5.564332724282503,0.0,9.0,6.0,5.0,12.0
4388.0,add,5.814688431700951,3463.0,358.0,5.612478581033387,0.0,6.0,4.0,4.0,20.0
4389.0,delete,4.551717365733006,3464.0,285.0,5.440830630432713,0.0,11.0,5.0,3.0,16.0
4390.0,delete,6.16596523044216,3465.0,363.0,5.850814105961452,0.0,8.0,5.0,3.0,21.0
4391.0,add,6.104864497146913,3466.0,28.0,5.891871734563563,10.0,3.0,4.0,2.0,19.0
4392.0,add,5.834625369842499,3467.0,313.0,5.555180117247293,0.0,9.0,2.0,4.0,18.0
4393.0,add,5.383141322613893,3468.0,208.0,5.601951159018571,0.0,4.0,3.0,3.0,14.0
4394.0,delete,6.177089011825213,3469.0,97.0,5.973240300496231,2.0,4.0,4.0,4.0,19.0
4395.0,delete,6.253922881682174,3470.0,157.0,5.718630158085943,0.0,4.0,4.0,5.0,12.0
4396.0,delete,6.023201918347186,3471.0,365.0,5.436601316637985,0.0,8.0,5.0,4.0,18.0
4397.0,add,4.936666110101355,3472.0,334.0,5.521717558850595,0.0,8.0,3.0,5.0,20.0
4398.0,delete,5.276766583294079,3473.0,367.0,5.084851416899814,0.0,7.0,4.0,4.0,19.0
4399.0,delete,5.084233093151804,3473.0,367.0,5.084851416899814,0.0,6.0,4.0,4.0,19.0
4400.0,swap,4.98152909355634,3473.0,367.0,5.084851416899814,0.0,7.0,4.0,3.0,20.0
4401.0,delete,5.390252856223106,3474.0,349.0,5.526050806661917,0.0,8.0,5.0,4.0,20.0
4402.0,add,5.023328320930296,3475.0,359.0,5.6707778463480425,0.0,6.0,4.0,4.0,21.0
4403.0,add,6.424685298634042,3476.0,251.0,5.551933294290285,0.0,9.0,6.0,5.0,13.0
4404.0,delete,4.888568926311687,3477.0,286.0,5.447821486168941,0.0,10.0,5.0,4.0,15.0
4405.0,delete,6.02497291681993,3478.0,364.0,5.655456767915402,0.0,7.0,5.0,4.0,20.0
4406.0,delete,5.783324098177069,3479.0,314.0,5.549489648926299,0.0,9.0,2.0,4.0,17.0
4407.0,add,6.2625618984658615,3480.0,29.0,5.8892714822876435,10.0,3.0,4.0,2.0,20.0
4408.0,delete,5.40805327579214,3481.0,366.0,5.106845046725509,0.0,7.0,5.0,4.0,18.0
4409.0,delete,5.949304898617628,3482.0,98.0,5.970710060936522,2.0,3.0,4.0,5.0,18.0
4410.0,delete,6.395583379721307,3483.0,158.0,5.712271956571866,0.0,3.0,5.0,4.0,12.0
4411.0,add,6.032236204002556,3484.0,209.0,5.5993690481634175,0.0,5.0,3.0,4.0,13.0
4412.0,delete,5.102552729025627,3485.0,368.0,5.084233093151804,0.0,6.0,4.0,4.0,19.0
4413.0,delete,5.057951860082304,3485.0,368.0,5.084233093151804,0.0,6.0,4.0,4.0,18.0
4414.0,swap,6.871932182766466,3485.0,368.0,5.084233093151804,0.0,6.0,4.0,3.0,20.0
4415.0,add,5.414609016086944,3486.0,335.0,5.529409377738506,0.0,8.0,3.0,5.0,21.0
4416.0,delete,5.557562690654791,3487.0,350.0,5.520565895203001,0.0,7.0,4.0,4.0,21.0
4417.0,add,5.533515958520688,3488.0,360.0,5.705260872460821,0.0,6.0,5.0,4.0,21.0
4418.0,delete,6.916693555096495,3489.0,252.0,5.542302176541419,0.0,9.0,5.0,4.0,14.0
4419.0,delete,6.297790268825864,3490.0,365.0,5.462718833547324,0.0,8.0,4.0,4.0,19.0
4420.0,add,4.937012563631776,3491.0,287.0,5.451427554293347,0.0,11.0,4.0,4.0,16.0
4421.0,delete,6.05728893385273,3492.0,315.0,5.544661828157984,0.0,9.0,2.0,5.0,15.0
4422.0,delete,6.280539681463242,3493.0,30.0,5.887637481093159,10.0,3.0,3.0,1.0,21.0
4423.0,delete,4.896863378320178,3494.0,367.0,5.529167466256551,0.0,7.0,4.0,4.0,18.0
4424.0,delete,5.969494051027726,3495.0,99.0,5.970027715956404,2.0,4.0,3.0,5.0,17.0
4425.0,delete,7.062257870683341,3496.0,159.0,5.707830419477102,0.0,3.0,5.0,5.0,10.0
4426.0,delete,5.142397814863554,3497.0,369.0,5.057951860082304,0.0,6.0,4.0,4.0,18.0
4427.0,delete,4.333602297680298,3497.0,369.0,5.057951860082304,0.0,6.0,3.0,4.0,18.0
4428.0,swap,6.077652429422557,3497.0,369.0,5.057951860082304,0.0,6.0,4.0,4.0,18.0
4429.0,add,5.875064558611959,3498.0,210.0,5.596467677209118,0.0,5.0,3.0,4.0,14.0
4430.0,add,5.508955221418284,3499.0,336.0,5.529236675474141,0.0,9.0,3.0,5.0,21.0
4431.0,delete,5.851400082325247,3500.0,351.0,5.482165600044807,0.0,8.0,4.0,4.0,19.0
4432.0,delete,5.612231414846412,3501.0,366.0,5.276532179571263,0.0,6.0,5.0,4.0,19.0
4433.0,delete,6.720486482330761,3502.0,253.0,5.532653932186812,0.0,9.0,6.0,4.0,12.0
4434.0,add,5.2812721915813645,3503.0,361.0,5.705213684030982,0.0,7.0,5.0,4.0,21.0
4435.0,delete,5.420233507539637,3504.0,316.0,5.535246018513204,0.0,8.0,2.0,4.0,16.0
4436.0,add,5.942600947769123,3505.0,288.0,5.453159657868706,0.0,11.0,4.0,4.0,17.0
4437.0,delete,5.084233093151803,3506.0,368.0,5.152901100512178,0.0,6.0,4.0,3.0,19.0
4438.0,add,6.049557183287044,3507.0,31.0,5.885653668643322,10.0,3.0,2.0,2.0,22.0
4439.0,delete,7.227115299599519,3508.0,160.0,5.699385679737525,0.0,2.0,5.0,4.0,11.0
4440.0,add,5.957677702364466,3509.0,100.0,5.966149375802481,2.0,4.0,3.0,5.0,18.0
4441.0,delete,4.195653274480869,3510.0,370.0,4.333602297680298,0.0,6.0,3.0,4.0,18.0
4442.0,delete,4.432064415845834,3510.0,370.0,4.333602297680298,0.0,6.0,3.0,4.0,17.0
4443.0,swap,4.287144931900273,3510.0,370.0,4.333602297680298,0.0,6.0,3.0,4.0,18.0
4444.0,add,5.50107711623132,3511.0,211.0,5.59290466270105,0.0,6.0,3.0,3.0,15.0
4445.0,add,5.3474274655976695,3512.0,337.0,5.516073176471938,0.0,9.0,3.0,5.0,22.0
4446.0,delete,4.9702455436764845,3513.0,352.0,5.448892378439329,0.0,7.0,4.0,4.0,19.0
4447.0,delete,5.764017210189426,3514.0,367.0,5.047190125057631,0.0,7.0,4.0,4.0,18.0
4448.0,delete,6.3634101425997756,3515.0,254.0,5.518505356932742,0.0,9.0,5.0,4.0,12.0
4449.0,delete,5.057951860082303,3516.0,369.0,4.3121162299768185,0.0,6.0,4.0,3.0,18.0
4450.0,delete,5.140493306985962,3517.0,317.0,5.524665776478171,0.0,7.0,2.0,4.0,16.0
4451.0,add,6.024014350135507,3518.0,362.0,5.580498036291471,0.0,8.0,5.0,4.0,21.0
4452.0,add,5.443966242588401,3519.0,289.0,5.452601969184002,0.0,11.0,4.0,4.0,18.0
4453.0,delete,6.063326354666866,3520.0,32.0,5.8833838117250705,9.0,3.0,2.0,3.0,21.0
4454.0,delete,7.221157362118823,3521.0,161.0,5.690345472267217,0.0,2.0,5.0,3.0,11.0
4455.0,delete,5.891444751724319,3522.0,101.0,5.961036792155188,2.0,3.0,3.0,5.0,18.0
4456.0,delete,4.432064415845834,3523.0,371.0,4.432064415845834,0.0,6.0,3.0,4.0,17.0
4457.0,delete,3.55120338664269,3523.0,371.0,4.432064415845834,0.0,6.0,2.0,4.0,17.0
4458.0,swap,4.438117100025757,3523.0,371.0,4.432064415845834,0.0,6.0,3.0,4.0,17.0
4459.0,add,4.99705203442634,3524.0,212.0,5.590532045785246,0.0,6.0,3.0,3.0,16.0
4460.0,delete,4.918125786977759,3525.0,353.0,5.452140200582771,0.0,7.0,4.0,3.0,19.0
4461.0,add,4.559161612046822,3526.0,338.0,5.500457296450111,0.0,9.0,3.0,5.0,23.0
4462.0,delete,4.35590642173093,3527.0,368.0,4.674169740002006,0.0,6.0,3.0,4.0,19.0
4463.0,delete,5.583977405331409,3528.0,255.0,5.506162034660466,0.0,9.0,4.0,4.0,12.0
4464.0,delete,4.287144931900273,3529.0,370.0,4.213362329590028,0.0,6.0,3.0,4.0,17.0
4465.0,delete,5.2197371017427105,3530.0,318.0,5.506249146131859,0.0,8.0,2.0,3.0,15.0
4466.0,delete,6.165965230442163,3531.0,363.0,5.3449478666812915,0.0,8.0,5.0,4.0,20.0
4467.0,delete,3.547652557800685,3532.0,372.0,3.55120338664269,0.0,6.0,2.0,4.0,17.0
4468.0,delete,7.173336928025987,3532.0,372.0,3.55120338664269,0.0,6.0,2.0,4.0,16.0
4469.0,swap,4.185869599034814,3532.0,372.0,3.55120338664269,0.0,6.0,3.0,3.0,17.0
4470.0,delete,5.863924878219079,3533.0,33.0,5.879817696642139,10.0,2.0,2.0,3.0,20.0
4471.0,delete,6.1590382978007145,3534.0,102.0,5.95269904940787,1.0,4.0,3.0,5.0,17.0
4472.0,delete,7.0513326160949825,3535.0,162.0,5.678089963024608,0.0,3.0,4.0,2.0,11.0
4473.0,add,5.534471296165269,3536.0,290.0,5.442826689783796,0.0,11.0,4.0,6.0,17.0
4474.0,add,5.125326182637464,3537.0,354.0,5.46160326583411,0.0,7.0,4.0,4.0,19.0
4475.0,add,5.608662897824404,3538.0,213.0,5.5866865120466365,0.0,6.0,3.0,4.0,16.0
4476.0,delete,4.986571264819009,3539.0,369.0,4.493483808272135,0.0,5.0,4.0,4.0,18.0
4477.0,add,5.269845653788157,3540.0,339.0,5.494321996943433,0.0,9.0,4.0,6.0,22.0
4478.0,delete,5.752352624310477,3541.0,256.0,5.501006921282348,0.0,9.0,4.0,4.0,11.0
4479.0,delete,5.487147825451399,3542.0,371.0,4.614515617876044,0.0,6.0,3.0,4.0,16.0
4480.0,delete,6.99875514725435,3543.0,364.0,5.229681051291233,0.0,8.0,5.0,4.0,19.0
4481.0,add,5.315336050811592,3544.0,319.0,5.509387234094837,0.0,8.0,3.0,4.0,14.0
4482.0,delete,7.086549960664175,3545.0,373.0,7.173336928025987,0.0,6.0,2.0,4.0,16.0
4483.0,add,7.408357863946815,3545.0,373.0,7.173336928025987,0.0,6.0,2.0,4.0,17.0
4484.0,delete,6.689725023210497,3545.0,373.0,7.173336928025987,0.0,5.0,2.0,4.0,16.0
4485.0,swap,6.900431766062571,3545.0,373.0,7.173336928025987,0.0,6.0,2.0,4.0,16.0
4486.0,delete,6.062470163520783,3546.0,34.0,5.880212769851217,9.0,3.0,2.0,3.0,19.0
4487.0,delete,6.320406983456014,3547.0,103.0,5.9499853964853715,1.0,4.0,3.0,5.0,16.0
4488.0,add,7.117051542192949,3548.0,163.0,5.672228153811896,0.0,3.0,4.0,3.0,11.0
4489.0,delete,5.055552295546548,3549.0,291.0,5.454140795361565,0.0,11.0,3.0,5.0,18.0
4490.0,delete,6.28135947238353,3550.0,214.0,5.591120198509802,0.0,6.0,3.0,3.0,16.0
4491.0,delete,4.681506255339564,3551.0,355.0,5.546300234381722,0.0,7.0,3.0,4.0,19.0
4492.0,delete,5.375972269067997,3552.0,370.0,5.355358905727487,0.0,6.0,3.0,4.0,17.0
4493.0,add,5.465010880795448,3553.0,340.0,5.527849288199276,0.0,10.0,4.0,5.0,23.0
4494.0,add,5.593912957769651,3554.0,257.0,5.507351289158785,0.0,9.0,5.0,4.0,11.0
4495.0,delete,6.165965230442163,3555.0,365.0,5.298468710420685,0.0,8.0,5.0,4.0,18.0
4496.0,delete,5.814287540920427,3556.0,320.0,5.527879986842794,0.0,7.0,2.0,4.0,15.0
4497.0,delete,3.5512033866426895,3557.0,372.0,7.051680308382009,0.0,6.0,2.0,3.0,17.0
4498.0,delete,5.01607857041442,3558.0,292.0,5.455672716715002,0.0,10.0,3.0,5.0,18.0
4499.0,add,6.062470163520806,3559.0,35.0,5.878696784292621,9.0,3.0,2.0,3.0,20.0
4500.0,delete,5.660372079398792,3560.0,104.0,5.94532068905022,1.0,3.0,3.0,5.0,16.0
4501.0,add,7.408357863946814,3561.0,374.0,7.408357863946815,0.0,6.0,2.0,4.0,17.0
4502.0,add,7.185047111795199,3561.0,374.0,7.408357863946815,0.0,6.0,2.0,4.0,18.0
4503.0,delete,7.029674159093031,3561.0,374.0,7.408357863946815,0.0,5.0,2.0,4.0,17.0
4504.0,swap,7.2815471766961295,3561.0,374.0,7.408357863946815,0.0,6.0,3.0,3.0,17.0
4505.0,add,6.871136426093375,3562.0,164.0,5.664826120537555,0.0,4.0,5.0,2.0,11.0
4506.0,delete,4.947056805390806,3563.0,215.0,5.593702267932828,0.0,5.0,4.0,3.0,15.0
4507.0,delete,5.7266450481920055,3564.0,356.0,5.595996915177711,0.0,6.0,4.0,4.0,18.0
4508.0,delete,5.2628262744585,3565.0,366.0,5.38752726583988,0.0,7.0,5.0,4.0,18.0
4509.0,delete,6.0401361502120485,3566.0,258.0,5.5121745653681,0.0,8.0,5.0,4.0,11.0
4510.0,add,5.240773806976618,3567.0,341.0,5.554762005637492,0.0,9.0,5.0,5.0,24.0
4511.0,delete,4.190935559501806,3568.0,371.0,6.034721757786678,0.0,6.0,3.0,4.0,16.0
4512.0,add,5.155219969945038,3569.0,321.0,5.541494009574029,0.0,7.0,2.0,5.0,15.0
4513.0,delete,4.672265037216268,3570.0,293.0,5.469567595235996,0.0,8.0,4.0,5.0,18.0
4514.0,delete,5.7120261554688065,3571.0,105.0,5.944170446834278,1.0,3.0,3.0,4.0,16.0
4515.0,add,6.048525774395362,3572.0,36.0,5.878043162369574,9.0,3.0,3.0,4.0,19.0
4516.0,add,7.377979755864089,3573.0,373.0,7.262596835095598,0.0,7.0,2.0,4.0,16.0
4517.0,delete,3.55120338664269,3574.0,372.0,6.826564635995272,0.0,6.0,2.0,4.0,16.0
4518.0,add,6.200138095302155,3575.0,165.0,5.655412435261275,0.0,5.0,4.0,2.0,12.0
4519.0,add,6.003146391823664,3576.0,357.0,5.558624400740269,0.0,6.0,4.0,4.0,19.0
4520.0,delete,5.357656961587135,3577.0,216.0,5.591269565803241,0.0,6.0,4.0,3.0,13.0
4521.0,add,7.186705692490987,3578.0,375.0,7.185047111795199,0.0,6.0,2.0,4.0,18.0
4522.0,add,7.228162844119199,3578.0,375.0,7.185047111795199,0.0,6.0,3.0,4.0,18.0
4523.0,delete,6.865613058556123,3578.0,375.0,7.185047111795199,0.0,6.0,2.0,4.0,17.0
4524.0,swap,7.121115373520275,3578.0,375.0,7.185047111795199,0.0,6.0,3.0,4.0,17.0
4525.0,delete,5.607633623849825,3579.0,259.0,5.514200106534238,0.0,9.0,5.0,2.0,11.0
4526.0,add,5.821061470900978,3580.0,342.0,5.579087029183569,0.0,10.0,6.0,5.0,23.0
4527.0,delete,6.980661261046519,3581.0,367.0,5.543215786684433,0.0,7.0,4.0,4.0,18.0
4528.0,delete,4.9764813418119935,3582.0,294.0,5.491767822663221,0.0,9.0,4.0,3.0,18.0
4529.0,delete,6.786871566437682,3583.0,106.0,5.944498999588006,1.0,3.0,1.0,4.0,17.0
4530.0,add,4.8148581593885345,3584.0,322.0,5.568385063443026,0.0,8.0,2.0,4.0,16.0
4531.0,add,6.048650968824965,3585.0,37.0,5.878284250677851,9.0,5.0,3.0,3.0,19.0
4532.0,add,7.408357863946815,3586.0,374.0,7.117328816096356,0.0,6.0,2.0,5.0,17.0
4533.0,add,7.173336928025987,3587.0,373.0,7.227356251270498,0.0,6.0,2.0,4.0,17.0
4534.0,add,6.530149689469375,3588.0,166.0,5.653500022744076,0.0,4.0,4.0,2.0,14.0
4535.0,delete,4.719549439054503,3589.0,217.0,5.600431935049736,0.0,6.0,4.0,3.0,12.0
4536.0,add,5.814688431700951,3590.0,358.0,5.6569281075180395,0.0,6.0,4.0,4.0,20.0
4537.0,add,7.2299008371480245,3591.0,376.0,7.228162844119199,0.0,6.0,3.0,4.0,18.0
4538.0,add,7.228162844119199,3591.0,376.0,7.228162844119199,0.0,6.0,3.0,4.0,19.0
4539.0,delete,7.228162844119199,3591.0,376.0,7.228162844119199,0.0,6.0,3.0,4.0,17.0
4540.0,swap,6.923788982294708,3591.0,376.0,7.228162844119199,0.0,6.0,3.0,5.0,17.0
4541.0,add,6.04757993482171,3592.0,260.0,5.52004542280453,0.0,8.0,5.0,3.0,12.0
4542.0,delete,5.560297414667491,3593.0,343.0,5.629813241654171,0.0,10.0,5.0,5.0,23.0
4543.0,delete,4.850691744503579,3594.0,368.0,5.7796180704824325,0.0,6.0,3.0,4.0,19.0
4544.0,add,5.768246374043367,3595.0,295.0,5.511388023948925,0.0,8.0,4.0,4.0,19.0
4545.0,add,6.358200380223902,3596.0,107.0,5.944454211482165,1.0,3.0,2.0,4.0,17.0
4546.0,add,5.643478043890239,3597.0,323.0,5.596331471113586,0.0,9.0,2.0,4.0,16.0
4547.0,add,6.408739610248643,3598.0,38.0,5.879343293673289,9.0,4.0,4.0,4.0,19.0
4548.0,add,7.185047111795199,3599.0,375.0,7.167635670360066,0.0,6.0,2.0,5.0,18.0
4549.0,delete,4.68974544672269,3600.0,218.0,5.6102363144707645,0.0,5.0,4.0,3.0,12.0
4550.0,add,6.029991658053106,3601.0,167.0,5.6505805427733184,0.0,4.0,4.0,3.0,14.0
4551.0,add,7.36259148774337,3602.0,374.0,7.162733142173175,0.0,6.0,3.0,4.0,17.0
4552.0,add,4.613790019464156,3603.0,359.0,5.768510985290426,0.0,6.0,4.0,4.0,21.0
4553.0,delete,6.965612175003483,3604.0,369.0,5.937780921552553,0.0,6.0,4.0,4.0,17.0
4554.0,add,7.228304581058558,3605.0,377.0,7.228162844119199,0.0,6.0,3.0,4.0,19.0
4555.0,delete,7.228162844119199,3605.0,377.0,7.228162844119199,0.0,6.0,3.0,4.0,18.0
4556.0,swap,4.8071353223583415,3605.0,377.0,7.228162844119199,0.0,6.0,3.0,4.0,19.0
4557.0,add,5.759723149245456,3606.0,261.0,5.519494641329447,0.0,8.0,5.0,3.0,13.0
4558.0,delete,5.762485277799199,3607.0,344.0,5.650764492655549,0.0,10.0,5.0,5.0,22.0
4559.0,delete,6.017065001916041,3608.0,296.0,5.522269705642202,0.0,8.0,4.0,4.0,18.0
4560.0,add,6.799912431655127,3609.0,376.0,6.622941397913824,0.0,6.0,3.0,4.0,19.0
4561.0,add,5.587385203932666,3610.0,108.0,5.944948635552986,1.0,2.0,2.0,4.0,19.0
4562.0,delete,6.050775596896242,3611.0,39.0,5.8798778623122825,9.0,4.0,3.0,4.0,19.0
4563.0,add,5.30051852818568,3612.0,324.0,5.617469113358484,0.0,8.0,2.0,4.0,18.0
4564.0,delete,4.708196541696742,3613.0,219.0,5.61859440804795,0.0,6.0,4.0,3.0,10.0
4565.0,delete,7.227527751417948,3614.0,378.0,7.228162844119199,0.0,6.0,3.0,4.0,18.0
4566.0,add,7.2370121270096,3614.0,378.0,7.228162844119199,0.0,7.0,3.0,4.0,18.0
4567.0,delete,6.879320613000931,3614.0,378.0,7.228162844119199,0.0,6.0,3.0,4.0,17.0
4568.0,swap,7.42871541631084,3614.0,378.0,7.228162844119199,0.0,5.0,3.0,5.0,18.0
4569.0,add,6.076162302626442,3615.0,168.0,5.651718192758314,0.0,5.0,4.0,3.0,14.0
4570.0,delete,6.335983353232708,3616.0,345.0,5.679437378058496,0.0,10.0,4.0,5.0,22.0
4571.0,add,5.205120546381128,3617.0,360.0,5.888222044694146,0.0,6.0,6.0,4.0,20.0
4572.0,add,5.79231484723701,3618.0,262.0,5.527602306225622,0.0,8.0,5.0,3.0,14.0
4573.0,delete,3.422609617345419,3619.0,370.0,6.2749672237742224,0.0,6.0,2.0,4.0,18.0
4574.0,add,7.185047111795199,3620.0,375.0,6.989951182180434,0.0,6.0,2.0,4.0,19.0
4575.0,add,5.316127964648283,3621.0,297.0,5.536043558043628,0.0,9.0,4.0,4.0,18.0
4576.0,delete,6.966627251253598,3622.0,377.0,7.200147750371704,0.0,6.0,3.0,4.0,18.0
4577.0,add,4.429125445671707,3623.0,109.0,5.949555164196637,1.0,2.0,2.0,5.0,19.0
4578.0,add,6.042412374774625,3624.0,40.0,5.879877502821069,9.0,4.0,3.0,4.0,20.0
4579.0,delete,6.342782788949814,3625.0,220.0,5.628503964754047,0.0,5.0,3.0,3.0,11.0
4580.0,add,5.6421264076436435,3626.0,325.0,5.6403477687533385,0.0,8.0,2.0,4.0,19.0
4581.0,delete,4.432064415845834,3627.0,371.0,6.531664990484113,0.0,6.0,3.0,4.0,16.0
4582.0,add,6.315252528487778,3628.0,169.0,5.648065123945381,0.0,5.0,4.0,4.0,14.0
4583.0,add,7.238072601803959,3629.0,379.0,7.2370121270096,0.0,7.0,3.0,4.0,18.0
4584.0,add,7.285434052088897,3629.0,379.0,7.2370121270096,0.0,7.0,4.0,4.0,18.0
4585.0,delete,7.380216136913612,3629.0,379.0,7.2370121270096,0.0,7.0,3.0,4.0,17.0
4586.0,swap,6.9526906980960685,3629.0,379.0,7.2370121270096,0.0,8.0,3.0,4.0,17.0
4587.0,delete,5.910936407582815,3630.0,346.0,5.6978897557629695,0.0,9.0,4.0,5.0,22.0
4588.0,add,5.69828898868895,3631.0,263.0,5.530852631697303,0.0,8.0,5.0,5.0,13.0
4589.0,add,4.781966789280741,3632.0,361.0,5.955637720210386,0.0,7.0,5.0,4.0,21.0
4590.0,add,7.144401402923111,3633.0,376.0,6.991949619371849,0.0,6.0,3.0,4.0,19.0
4591.0,add,5.82455422898908,3634.0,298.0,5.551291214857982,0.0,9.0,4.0,4.0,19.0
4592.0,delete,4.884555455519454,3635.0,372.0,6.917254886981403,0.0,6.0,2.0,4.0,16.0
4593.0,delete,6.026209195134606,3636.0,41.0,5.8802577386739046,9.0,4.0,3.0,4.0,19.0
4594.0,add,4.539613804222933,3637.0,110.0,5.956790031558241,1.0,2.0,2.0,4.0,21.0
4595.0,add,5.091203458523605,3638.0,221.0,5.6352377480058715,0.0,5.0,4.0,3.0,11.0
4596.0,add,5.682720569950242,3639.0,326.0,5.655602666490182,0.0,8.0,3.0,4.0,19.0
4597.0,delete,6.530149689469375,3640.0,170.0,5.64766364635341,0.0,4.0,4.0,3.0,15.0
4598.0,add,6.9094260414533695,3641.0,378.0,7.218685123182428,0.0,6.0,3.0,4.0,19.0
4599.0,delete,6.783034853920149,3642.0,377.0,7.157564139406184,0.0,5.0,3.0,4.0,19.0
4600.0,delete,6.096165136729559,3643.0,347.0,5.7117703002048215,0.0,8.0,5.0,4.0,22.0
4601.0,add,5.970544925415776,3644.0,362.0,6.000952266047391,0.0,8.0,5.0,4.0,21.0
4602.0,add,7.275254398826901,3645.0,380.0,7.285434052088897,0.0,7.0,4.0,4.0,18.0
4603.0,add,7.285434052088897,3645.0,380.0,7.285434052088897,0.0,7.0,4.0,5.0,18.0
4604.0,delete,7.2370121270096,3645.0,380.0,7.285434052088897,0.0,7.0,3.0,4.0,18.0
4605.0,swap,6.72108788117805,3645.0,380.0,7.285434052088897,0.0,7.0,4.0,4.0,18.0
4606.0,delete,6.30534997835225,3646.0,264.0,5.538869366269149,0.0,8.0,5.0,4.0,13.0
4607.0,add,5.769669291275786,3647.0,299.0,5.56574832911022,0.0,9.0,4.0,4.0,20.0
4608.0,delete,5.859930100056142,3648.0,42.0,5.881438620421425,8.0,4.0,2.0,4.0,20.0
4609.0,add,7.173336928025987,3649.0,373.0,7.103377935782132,0.0,6.0,2.0,5.0,16.0
4610.0,add,4.929699024377403,3650.0,111.0,5.965698491368246,1.0,2.0,2.0,5.0,21.0
4611.0,add,5.704390036970406,3651.0,222.0,5.645808484804597,0.0,5.0,4.0,2.0,13.0
4612.0,add,5.936658655945528,3652.0,327.0,5.679903228687155,0.0,8.0,3.0,5.0,19.0
4613.0,add,6.472049013894552,3653.0,171.0,5.647090194676323,0.0,5.0,3.0,3.0,16.0
4614.0,add,7.021685784749923,3654.0,379.0,7.160844502238469,0.0,8.0,3.0,4.0,18.0
4615.0,delete,5.533523347575753,3655.0,348.0,5.751047057865352,0.0,7.0,5.0,4.0,22.0
4616.0,delete,5.665561178937816,3656.0,363.0,6.064078775368973,0.0,8.0,4.0,4.0,21.0
4617.0,add,7.2254743390751885,3657.0,378.0,7.140302354656262,0.0,6.0,3.0,4.0,19.0
4618.0,delete,6.000799699081822,3658.0,265.0,5.538750720141455,0.0,8.0,5.0,4.0,12.0
4619.0,add,7.285434052088896,3659.0,381.0,7.285434052088897,0.0,7.0,4.0,5.0,18.0
4620.0,add,7.288412376092752,3659.0,381.0,7.285434052088897,0.0,8.0,4.0,5.0,18.0
4621.0,delete,7.054822731954815,3659.0,381.0,7.285434052088897,0.0,6.0,4.0,5.0,18.0
4622.0,swap,7.149545463678366,3659.0,381.0,7.285434052088897,0.0,7.0,4.0,5.0,18.0
4623.0,add,5.1274558062737805,3660.0,300.0,5.579709162442545,0.0,10.0,4.0,4.0,20.0
4624.0,add,5.982779689869346,3661.0,43.0,5.883391932991466,8.0,4.0,3.0,3.0,21.0
4625.0,delete,3.8357943996242203,3662.0,112.0,5.971453398589756,1.0,2.0,2.0,4.0,21.0
4626.0,delete,6.198156886231756,3663.0,223.0,5.651500876602338,0.0,5.0,5.0,2.0,11.0
4627.0,add,7.408357863946815,3664.0,374.0,7.0866118075787226,0.0,6.0,2.0,4.0,18.0
4628.0,add,6.465828102219595,3665.0,328.0,5.701757691047022,0.0,8.0,3.0,4.0,21.0
4629.0,add,6.492654077837737,3666.0,172.0,5.649029311812111,0.0,6.0,3.0,4.0,15.0
4630.0,delete,5.5846206636844755,3667.0,349.0,5.799317355921402,0.0,8.0,5.0,4.0,20.0
4631.0,delete,5.991332509138336,3668.0,364.0,6.136334634398879,0.0,7.0,5.0,4.0,20.0
4632.0,add,7.285434052088897,3669.0,380.0,7.212729735180746,0.0,7.0,4.0,4.0,19.0
4633.0,delete,5.323600267513165,3670.0,266.0,5.546255740867939,0.0,7.0,4.0,4.0,13.0
4634.0,add,7.21611809921077,3671.0,379.0,7.171777906531455,0.0,7.0,4.0,4.0,18.0
4635.0,add,7.284464083590711,3672.0,382.0,7.288412376092752,0.0,8.0,4.0,5.0,18.0
4636.0,add,7.396248120168969,3672.0,382.0,7.288412376092752,0.0,9.0,4.0,5.0,18.0
4637.0,delete,7.0454700136582336,3672.0,382.0,7.288412376092752,0.0,7.0,4.0,5.0,18.0
4638.0,swap,7.4797531191561575,3672.0,382.0,7.288412376092752,0.0,7.0,4.0,5.0,19.0
4639.0,delete,5.8734429450010825,3673.0,44.0,5.885532205671221,8.0,4.0,3.0,3.0,20.0
4640.0,delete,5.384701017807667,3674.0,113.0,5.978775564574428,1.0,2.0,2.0,4.0,20.0
4641.0,delete,5.561635221419164,3675.0,301.0,5.602405389096043,0.0,10.0,4.0,4.0,19.0
4642.0,add,5.685179901673065,3676.0,224.0,5.660374293005671,0.0,5.0,4.0,3.0,12.0
4643.0,delete,6.206166264117261,3677.0,329.0,5.718361829668129,0.0,8.0,3.0,5.0,19.0
4644.0,delete,7.210147745189602,3678.0,173.0,5.649947103679605,0.0,6.0,2.0,4.0,15.0
4645.0,delete,5.3879784114920675,3679.0,350.0,5.8472114917328275,0.0,8.0,3.0,4.0,21.0
4646.0,delete,6.287739548716654,3680.0,365.0,6.194475949729426,0.0,7.0,5.0,4.0,19.0
4647.0,add,7.1840494448713335,3681.0,375.0,7.101433779369006,0.0,6.0,2.0,5.0,18.0
4648.0,add,7.285434052088897,3682.0,381.0,7.298869542533365,0.0,7.0,4.0,6.0,18.0
4649.0,add,4.1815133379340725,3683.0,267.0,5.561312946726569,0.0,7.0,5.0,4.0,13.0
4650.0,add,7.283377763066325,3684.0,380.0,7.258222919695964,0.0,8.0,4.0,4.0,18.0
4651.0,add,7.3978075109761825,3685.0,383.0,7.396248120168969,0.0,9.0,4.0,5.0,18.0
4652.0,delete,7.161175724671101,3685.0,383.0,7.396248120168969,0.0,9.0,4.0,5.0,17.0
4653.0,swap,7.176653420272538,3685.0,383.0,7.396248120168969,0.0,9.0,5.0,5.0,17.0
4654.0,delete,5.871275213724648,3686.0,45.0,5.8873550562647985,7.0,4.0,2.0,3.0,21.0
4655.0,delete,4.327364797140869,3687.0,114.0,5.983841055294133,1.0,2.0,2.0,4.0,19.0
4656.0,delete,5.503218524445673,3688.0,302.0,5.623126443850839,0.0,10.0,4.0,3.0,19.0
4657.0,delete,6.122723634628615,3689.0,330.0,5.733272528936851,0.0,8.0,2.0,5.0,19.0
4658.0,add,5.685179901673065,3690.0,225.0,5.667788809264474,0.0,5.0,4.0,3.0,13.0
4659.0,delete,6.180953186863735,3691.0,351.0,5.884329351218449,0.0,8.0,4.0,4.0,19.0
4660.0,add,7.079296629102469,3692.0,174.0,5.648021143007512,0.0,6.0,3.0,5.0,14.0
4661.0,delete,4.975983441711119,3693.0,366.0,6.276240524716478,0.0,7.0,4.0,4.0,19.0
4662.0,add,7.131002295845861,3694.0,382.0,7.282971194022197,0.0,9.0,4.0,5.0,18.0
4663.0,add,7.210508740229798,3695.0,376.0,7.113109190539501,0.0,7.0,3.0,4.0,18.0
4664.0,delete,7.165045316125323,3696.0,384.0,7.161175724671101,0.0,9.0,4.0,5.0,17.0
4665.0,delete,7.161175724671101,3696.0,384.0,7.161175724671101,0.0,9.0,4.0,5.0,16.0
4666.0,swap,7.161175724671101,3696.0,384.0,7.161175724671101,0.0,9.0,4.0,5.0,17.0
4667.0,add,5.319978332168674,3697.0,268.0,5.5782836787294405,0.0,8.0,6.0,4.0,12.0
4668.0,delete,6.053299812690218,3698.0,303.0,5.635905898888286,0.0,10.0,4.0,3.0,18.0
4669.0,delete,6.058290094478613,3699.0,46.0,5.888562795981722,8.0,3.0,2.0,3.0,20.0
4670.0,delete,5.90411102440163,3700.0,115.0,5.987172211496934,1.0,2.0,2.0,4.0,18.0
4671.0,add,7.285434052088897,3701.0,381.0,7.241062883229917,0.0,7.0,4.0,5.0,19.0
4672.0,delete,6.298749363233,3702.0,331.0,5.743623373727726,0.0,8.0,2.0,5.0,18.0
4673.0,delete,4.697938573385366,3703.0,352.0,5.930525196285,0.0,7.0,4.0,3.0,20.0
4674.0,add,6.133377505720544,3704.0,226.0,5.673332630489666,0.0,5.0,4.0,4.0,13.0
4675.0,delete,7.167250326499836,3705.0,175.0,5.6450373482909475,0.0,6.0,3.0,4.0,14.0
4676.0,delete,4.9954064685017014,3706.0,367.0,6.388868797214368,0.0,7.0,4.0,4.0,18.0
4677.0,delete,7.461751570826757,3707.0,383.0,7.162143122534657,0.0,9.0,3.0,5.0,18.0
4678.0,delete,6.938608871786756,3708.0,377.0,7.190716006084858,0.0,5.0,3.0,4.0,19.0
4679.0,delete,7.175851915644147,3709.0,385.0,7.161175724671101,0.0,9.0,4.0,5.0,16.0
4680.0,delete,6.574531652659244,3709.0,385.0,7.161175724671101,0.0,8.0,4.0,5.0,16.0
4681.0,swap,6.697358853053021,3709.0,385.0,7.161175724671101,0.0,10.0,4.0,5.0,15.0
4682.0,add,5.475384028340591,3710.0,269.0,5.587792243861563,0.0,9.0,5.0,4.0,13.0
4683.0,delete,5.008303249093266,3711.0,304.0,5.65259384343812,0.0,9.0,4.0,3.0,18.0
4684.0,delete,5.898898373231477,3712.0,47.0,5.889956294279701,8.0,4.0,2.0,2.0,19.0
4685.0,add,7.052527456001108,3713.0,382.0,7.138314819132113,0.0,9.0,4.0,5.0,18.0
4686.0,add,6.3014088198869596,3714.0,116.0,5.987928618592367,1.0,2.0,2.0,4.0,19.0
4687.0,delete,4.460600573507678,3715.0,353.0,5.9912550861204785,0.0,7.0,3.0,4.0,19.0
4688.0,add,5.132454995259616,3716.0,332.0,5.7534623304793175,0.0,8.0,2.0,6.0,18.0
4689.0,delete,6.449143372842104,3717.0,227.0,5.6768637478572845,0.0,5.0,4.0,4.0,12.0
4690.0,delete,7.089928786919474,3718.0,176.0,5.6405854004023475,0.0,5.0,3.0,4.0,14.0
4691.0,delete,5.155613688415088,3719.0,368.0,6.459460664522908,0.0,5.0,4.0,4.0,19.0
4692.0,delete,6.574531652659244,3720.0,384.0,6.902229536506879,0.0,8.0,4.0,5.0,17.0
4693.0,delete,6.574488219236963,3721.0,386.0,6.574531652659244,0.0,8.0,4.0,5.0,16.0
4694.0,delete,6.574531652659244,3721.0,386.0,6.574531652659244,0.0,8.0,4.0,5.0,15.0
4695.0,swap,6.6665414989128395,3721.0,386.0,6.574531652659244,0.0,8.0,4.0,5.0,16.0
4696.0,add,7.228162844119199,3722.0,378.0,7.117436546539328,0.0,6.0,3.0,4.0,19.0
4697.0,add,5.443668110512227,3723.0,270.0,5.593229812414538,0.0,9.0,5.0,4.0,14.0
4698.0,delete,4.599028548890898,3724.0,305.0,5.670746767237568,0.0,10.0,4.0,2.0,17.0
4699.0,delete,7.439538732741823,3725.0,383.0,6.912346625482507,0.0,9.0,3.0,5.0,18.0
4700.0,add,5.898512779957069,3726.0,48.0,5.89110106363358,8.0,4.0,2.0,3.0,19.0
4701.0,delete,4.864769113575226,3727.0,369.0,6.562293617822658,0.0,5.0,4.0,4.0,18.0
4702.0,add,6.316109918662666,3728.0,117.0,5.987193487787731,1.0,4.0,2.0,4.0,18.0
4703.0,add,4.926445476159187,3729.0,354.0,6.047174392039694,0.0,7.0,4.0,4.0,19.0
4704.0,add,4.830355249756707,3730.0,333.0,5.7749154347379,0.0,9.0,3.0,5.0,18.0
4705.0,delete,7.090038092472744,3731.0,177.0,5.634344548127447,0.0,4.0,3.0,4.0,14.0
4706.0,add,5.099070622718719,3732.0,228.0,5.678910139988532,0.0,6.0,4.0,4.0,12.0
4707.0,delete,7.161175724671101,3733.0,385.0,6.597523255867073,0.0,9.0,4.0,5.0,15.0
4708.0,delete,6.57453165265924,3734.0,387.0,6.574531652659244,0.0,8.0,4.0,5.0,15.0
4709.0,delete,6.5745316526592426,3734.0,387.0,6.574531652659244,0.0,8.0,4.0,4.0,15.0
4710.0,swap,6.7789377531638095,3734.0,387.0,6.574531652659244,0.0,8.0,4.0,5.0,15.0
4711.0,add,7.2370121270096,3735.0,379.0,7.0850180494913975,0.0,7.0,3.0,4.0,19.0
4712.0,delete,5.115827432776376,3736.0,306.0,5.691706169538899,0.0,10.0,3.0,3.0,16.0
4713.0,add,4.681009818490745,3737.0,271.0,5.597483056884575,0.0,10.0,6.0,4.0,13.0
4714.0,delete,7.526775810674574,3738.0,384.0,6.757348996054101,0.0,9.0,4.0,5.0,16.0
4715.0,delete,4.094765325005671,3739.0,370.0,6.680199783674339,0.0,5.0,3.0,4.0,18.0
4716.0,add,5.882609004181699,3740.0,49.0,5.891227803009855,8.0,4.0,2.0,3.0,20.0
4717.0,delete,6.223644963080927,3741.0,118.0,5.986458699177216,1.0,3.0,2.0,4.0,18.0
4718.0,delete,5.111764077886559,3742.0,355.0,6.091730247210642,0.0,7.0,4.0,3.0,19.0
4719.0,delete,7.0239377630383935,3743.0,386.0,6.625633177785384,0.0,8.0,4.0,5.0,15.0
4720.0,delete,5.7495824119129155,3744.0,178.0,5.630797636904297,0.0,4.0,3.0,4.0,13.0
4721.0,add,3.97984955917832,3745.0,334.0,5.803967390670083,0.0,8.0,3.0,5.0,20.0
4722.0,add,6.434881658018196,3746.0,229.0,5.67804829218425,0.0,7.0,4.0,4.0,12.0
4723.0,delete,6.573366568788788,3747.0,388.0,6.5745316526592426,0.0,8.0,4.0,4.0,15.0
4724.0,delete,6.566087168307566,3747.0,388.0,6.5745316526592426,0.0,7.0,4.0,4.0,15.0
4725.0,swap,6.573295485806283,3747.0,388.0,6.5745316526592426,0.0,7.0,4.0,5.0,15.0
4726.0,add,7.1782646504494085,3748.0,380.0,7.048912626492497,0.0,7.0,4.0,4.0,19.0
4727.0,delete,4.33185457813822,3749.0,307.0,5.706576908377117,0.0,9.0,3.0,3.0,16.0
4728.0,delete,7.161175724671101,3750.0,385.0,6.684663066046892,0.0,9.0,4.0,5.0,15.0
4729.0,add,6.302366898872241,3751.0,272.0,5.599891971908136,0.0,10.0,5.0,4.0,15.0
4730.0,delete,3.7897827577682808,3752.0,371.0,6.824201299468754,0.0,5.0,3.0,4.0,17.0
4731.0,delete,6.136581360743954,3753.0,119.0,5.98610693652924,1.0,3.0,2.0,4.0,17.0
4732.0,add,5.739856989316658,3754.0,50.0,5.89149912862745,8.0,4.0,2.0,4.0,20.0
4733.0,delete,6.06371820390806,3755.0,356.0,6.124211968630114,0.0,7.0,3.0,4.0,18.0
4734.0,delete,6.574531652659244,3756.0,387.0,6.57182021889047,0.0,8.0,4.0,5.0,14.0
4735.0,delete,6.567124977145468,3757.0,389.0,6.566087168307566,0.0,7.0,4.0,4.0,15.0
4736.0,delete,6.8439661923996855,3757.0,389.0,6.566087168307566,0.0,6.0,4.0,4.0,15.0
4737.0,swap,6.5660732812591895,3757.0,389.0,6.566087168307566,0.0,7.0,4.0,4.0,15.0
4738.0,add,6.185970428295926,3758.0,179.0,5.633085522994708,0.0,4.0,3.0,4.0,14.0
4739.0,add,6.2688146667166516,3759.0,230.0,5.677567461932329,0.0,8.0,4.0,5.0,11.0
4740.0,add,5.214250081714612,3760.0,335.0,5.8353498738538025,0.0,8.0,4.0,5.0,20.0
4741.0,delete,6.574531652659244,3761.0,386.0,6.649242983378848,0.0,8.0,4.0,5.0,15.0
4742.0,delete,5.970845459911488,3762.0,308.0,5.7207067010910695,0.0,9.0,3.0,3.0,15.0
4743.0,add,7.288443651656584,3763.0,381.0,6.970537123052182,0.0,7.0,4.0,5.0,19.0
4744.0,delete,4.0627059635897895,3764.0,372.0,6.971454221659953,0.0,5.0,2.0,4.0,17.0
4745.0,add,5.689494501615776,3765.0,273.0,5.5984243900208694,0.0,10.0,5.0,4.0,16.0
4746.0,delete,5.570999249566946,3766.0,120.0,5.98855775301518,1.0,2.0,1.0,4.0,18.0
4747.0,delete,6.5745316526592426,3767.0,388.0,6.6358129047779775,0.0,8.0,4.0,4.0,14.0
4748.0,add,5.898509077435076,3768.0,51.0,5.892473356011833,8.0,5.0,2.0,4.0,20.0
4749.0,add,6.463770756475527,3769.0,357.0,6.144503238635804,0.0,7.0,4.0,4.0,18.0
4750.0,delete,6.844884932170374,3770.0,390.0,6.8439661923996855,0.0,6.0,4.0,4.0,15.0
4751.0,add,6.516901041704237,3770.0,390.0,6.8439661923996855,0.0,7.0,4.0,4.0,15.0
4752.0,delete,7.133880583135824,3770.0,390.0,6.8439661923996855,0.0,6.0,4.0,4.0,14.0
4753.0,swap,6.882788100216642,3770.0,390.0,6.8439661923996855,0.0,6.0,4.0,3.0,16.0
4754.0,add,5.755480125958281,3771.0,180.0,5.636965974591064,0.0,3.0,3.0,4.0,16.0
4755.0,delete,6.393193498137726,3772.0,231.0,5.6776430042659705,0.0,7.0,3.0,5.0,12.0
4756.0,add,4.783643767181392,3773.0,336.0,5.859455960221691,0.0,10.0,3.0,5.0,20.0
4757.0,delete,5.813424016959258,3774.0,387.0,6.676304868377828,0.0,8.0,4.0,5.0,14.0
4758.0,add,5.3462631660771915,3775.0,309.0,5.735733658989338,0.0,10.0,2.0,3.0,16.0
4759.0,add,7.111013318251356,3776.0,382.0,6.870471549466795,0.0,8.0,4.0,5.0,19.0
4760.0,add,7.048009925032233,3777.0,373.0,7.040477924976904,0.0,6.0,2.0,4.0,17.0
4761.0,add,6.375310392249039,3778.0,274.0,5.600779794373594,0.0,10.0,5.0,4.0,17.0
4762.0,add,5.828312841688546,3779.0,121.0,5.989890919123658,1.0,2.0,2.0,4.0,18.0
4763.0,delete,6.448416975101495,3780.0,389.0,6.844484169925353,0.0,7.0,3.0,4.0,15.0
4764.0,add,5.727515916906338,3781.0,52.0,5.893895729217898,8.0,5.0,4.0,4.0,19.0
4765.0,add,5.562703660632231,3782.0,358.0,6.181228460927271,0.0,6.0,4.0,4.0,20.0
4766.0,add,6.505518927069077,3783.0,391.0,6.516901041704237,0.0,7.0,4.0,4.0,15.0
4767.0,add,5.666535529233064,3783.0,391.0,6.516901041704237,0.0,7.0,4.0,4.0,16.0
4768.0,delete,6.519008463630776,3783.0,391.0,6.516901041704237,0.0,7.0,3.0,4.0,15.0
4769.0,swap,6.524388740700159,3783.0,391.0,6.516901041704237,0.0,7.0,4.0,5.0,14.0
4770.0,add,5.569127012586903,3784.0,181.0,5.64262033040076,0.0,3.0,4.0,4.0,16.0
4771.0,add,6.478448878224704,3785.0,232.0,5.674625860340328,0.0,8.0,4.0,5.0,11.0
4772.0,add,5.022093602225899,3786.0,337.0,5.881227705713119,0.0,9.0,3.0,5.0,22.0
4773.0,delete,5.328247495106772,3787.0,310.0,5.747602324392284,0.0,10.0,2.0,3.0,15.0
4774.0,delete,7.396248120168969,3788.0,383.0,6.755333852863462,0.0,9.0,4.0,5.0,17.0
4775.0,delete,6.5745316526592426,3789.0,388.0,6.582864754623771,0.0,8.0,4.0,4.0,14.0
4776.0,add,7.408357863946815,3790.0,374.0,6.989321628241257,0.0,6.0,2.0,4.0,18.0
4777.0,add,6.259035144820291,3791.0,275.0,5.601841723939511,0.0,10.0,6.0,5.0,16.0
4778.0,add,6.015784855039708,3792.0,122.0,5.990652861351881,1.0,3.0,2.0,4.0,18.0
4779.0,add,7.346889996551372,3793.0,390.0,6.346470540467463,0.0,7.0,4.0,4.0,15.0
4780.0,add,6.118565067443677,3794.0,53.0,5.894699174422007,8.0,5.0,3.0,4.0,21.0
4781.0,add,4.78929861906642,3795.0,359.0,6.234966304587641,0.0,6.0,4.0,4.0,21.0
4782.0,delete,6.082371028795844,3796.0,389.0,6.657561771082973,0.0,7.0,4.0,4.0,14.0
4783.0,delete,5.980397802910023,3797.0,182.0,5.646058485863597,0.0,3.0,3.0,4.0,16.0
4784.0,add,5.6079657330656785,3798.0,392.0,5.666535529233064,0.0,7.0,4.0,4.0,16.0
4785.0,add,6.516901041704237,3798.0,392.0,5.666535529233064,0.0,7.0,4.0,4.0,17.0
4786.0,delete,5.666535529233064,3798.0,392.0,5.666535529233064,0.0,7.0,4.0,4.0,15.0
4787.0,swap,4.759673208957541,3798.0,392.0,5.666535529233064,0.0,7.0,5.0,4.0,15.0
4788.0,add,6.463149570243572,3799.0,233.0,5.673468446627314,0.0,8.0,4.0,5.0,12.0
4789.0,add,5.253832129191905,3800.0,311.0,5.761565778847515,0.0,9.0,2.0,3.0,17.0
4790.0,add,5.868594395066068,3801.0,338.0,5.902496846229764,0.0,9.0,3.0,5.0,23.0
4791.0,delete,7.161714764994962,3802.0,384.0,6.576200033746484,0.0,9.0,3.0,5.0,17.0
4792.0,add,7.185047111795199,3803.0,375.0,6.916814401293248,0.0,6.0,2.0,4.0,19.0
4793.0,delete,5.193979427332722,3804.0,123.0,5.992538130814334,1.0,3.0,3.0,4.0,16.0
4794.0,add,5.868625729547724,3805.0,276.0,5.602664886074067,0.0,11.0,5.0,5.0,17.0
4795.0,add,6.319301137356719,3806.0,391.0,5.643522208438717,0.0,7.0,4.0,4.0,16.0
4796.0,add,6.345368006345775,3807.0,54.0,5.893919240855046,8.0,5.0,5.0,4.0,20.0
4797.0,add,6.262365059767047,3808.0,360.0,6.267073727125365,0.0,6.0,6.0,4.0,20.0
4798.0,delete,4.296118559586995,3809.0,183.0,5.6507739029249375,0.0,3.0,3.0,3.0,16.0
4799.0,add,6.643227262589923,3810.0,390.0,6.177238122655084,0.0,6.0,4.0,4.0,16.0
4800.0,add,6.498899827045041,3811.0,393.0,6.516901041704237,0.0,7.0,4.0,4.0,17.0
4801.0,add,6.516901041704237,3811.0,393.0,6.516901041704237,0.0,7.0,4.0,4.0,18.0
4802.0,delete,6.516901041704237,3811.0,393.0,6.516901041704237,0.0,7.0,4.0,4.0,16.0
4803.0,swap,6.315105045409832,3811.0,393.0,6.516901041704237,0.0,8.0,4.0,4.0,16.0
4804.0,add,5.735771889541304,3812.0,234.0,5.6799925791309605,0.0,9.0,4.0,5.0,12.0
4805.0,add,5.883113946967852,3813.0,312.0,5.7770286630631436,0.0,9.0,2.0,3.0,18.0
4806.0,add,5.46194287453921,3814.0,339.0,5.937142233779008,0.0,9.0,4.0,5.0,23.0
4807.0,delete,7.161175724671101,3815.0,385.0,6.507115304350327,0.0,9.0,4.0,5.0,15.0
4808.0,delete,6.075619745491125,3816.0,124.0,5.9923629343290425,0.0,3.0,3.0,4.0,16.0
4809.0,delete,5.829135130502937,3817.0,277.0,5.607727611742371,0.0,11.0,5.0,5.0,16.0
4810.0,add,6.9094260414533695,3818.0,376.0,6.875710008198527,0.0,6.0,3.0,4.0,19.0
4811.0,add,5.001450024725549,3819.0,392.0,6.472941599513517,0.0,7.0,4.0,4.0,17.0
4812.0,add,5.748769176087316,3820.0,55.0,5.894514820001775,8.0,5.0,4.0,5.0,21.0
4813.0,add,5.319930864040536,3821.0,361.0,6.30661611755377,0.0,7.0,6.0,4.0,20.0
4814.0,add,4.558437981852143,3822.0,184.0,5.66033698011094,0.0,3.0,3.0,4.0,16.0
4815.0,add,5.6578543399083046,3823.0,391.0,5.944197196376291,0.0,7.0,4.0,4.0,16.0
4816.0,delete,6.574531652659244,3824.0,386.0,6.405647034030679,0.0,8.0,4.0,5.0,15.0
4817.0,add,4.99138618041032,3825.0,235.0,5.683981085138542,0.0,9.0,4.0,5.0,13.0
4818.0,add,5.301420835075354,3826.0,340.0,5.951677460020129,0.0,9.0,4.0,5.0,24.0
4819.0,add,6.516901041704237,3827.0,394.0,6.516901041704237,0.0,7.0,4.0,4.0,18.0
4820.0,delete,6.711513669045476,3827.0,394.0,6.516901041704237,0.0,7.0,3.0,4.0,18.0
4821.0,swap,6.516901041704237,3827.0,394.0,6.516901041704237,0.0,7.0,4.0,4.0,18.0
4822.0,add,5.860297621346394,3828.0,313.0,5.78405221572239,0.0,9.0,3.0,4.0,17.0
4823.0,delete,6.15477376931861,3829.0,125.0,5.989812756077802,0.0,3.0,3.0,4.0,15.0
4824.0,delete,5.944623042940306,3830.0,278.0,5.610144874644673,0.0,11.0,5.0,4.0,16.0
4825.0,delete,7.228162844119196,3831.0,377.0,6.841991640035809,0.0,6.0,3.0,3.0,19.0
4826.0,add,6.434727149215249,3832.0,393.0,6.565554198539547,0.0,7.0,4.0,4.0,18.0
4827.0,delete,5.779328489722755,3833.0,56.0,5.895484616863482,7.0,5.0,4.0,4.0,22.0
4828.0,delete,6.711513669045477,3834.0,395.0,6.711513669045476,0.0,7.0,3.0,4.0,18.0
4829.0,delete,6.712393554224045,3834.0,395.0,6.711513669045476,0.0,6.0,3.0,4.0,18.0
4830.0,swap,6.714238305136933,3834.0,395.0,6.711513669045476,0.0,7.0,3.0,3.0,19.0
4831.0,add,4.402117724021602,3835.0,185.0,5.671777801936254,0.0,3.0,4.0,4.0,16.0
4832.0,delete,5.642241700955207,3836.0,236.0,5.694773239757294,0.0,8.0,3.0,5.0,14.0
4833.0,add,5.972460398335678,3837.0,362.0,6.350214687013497,0.0,8.0,5.0,5.0,20.0
4834.0,add,5.7716688005593975,3838.0,341.0,5.9776363813235545,0.0,9.0,5.0,5.0,24.0
4835.0,delete,6.562685462430902,3839.0,387.0,6.4051695678802965,0.0,7.0,4.0,5.0,15.0
4836.0,delete,5.068158906713895,3840.0,314.0,5.794828428943657,0.0,9.0,2.0,5.0,16.0
4837.0,add,5.502917214414674,3841.0,392.0,6.437257419412983,0.0,7.0,4.0,4.0,17.0
4838.0,delete,6.715087507964283,3842.0,126.0,5.987804202003282,0.0,3.0,3.0,4.0,14.0
4839.0,delete,6.516901041704237,3843.0,394.0,6.712414799362983,0.0,7.0,4.0,4.0,17.0
4840.0,add,5.1448091554582085,3844.0,279.0,5.613558270402436,0.0,11.0,5.0,4.0,17.0
4841.0,add,7.138704881483664,3845.0,378.0,6.799867902725633,0.0,6.0,3.0,4.0,19.0
4842.0,delete,5.676117495680953,3846.0,57.0,5.89668966658586,8.0,5.0,4.0,4.0,20.0
4843.0,delete,6.712393554224045,3847.0,396.0,6.712393554224045,0.0,6.0,3.0,4.0,18.0
4844.0,delete,6.712393554224045,3847.0,396.0,6.712393554224045,0.0,6.0,3.0,4.0,17.0
4845.0,swap,6.505035809719585,3847.0,396.0,6.712393554224045,0.0,6.0,3.0,5.0,17.0
4846.0,add,5.7125063837576056,3848.0,186.0,5.6797330591250645,0.0,4.0,3.0,4.0,17.0
4847.0,delete,4.826417206957406,3849.0,237.0,5.703548476757863,0.0,8.0,3.0,5.0,13.0
4848.0,delete,5.769472691522563,3850.0,363.0,6.365981258178808,0.0,8.0,4.0,4.0,21.0
4849.0,delete,6.404218398850164,3851.0,388.0,6.401279123914779,0.0,7.0,4.0,4.0,15.0
4850.0,add,5.820505919562203,3852.0,342.0,5.9986660041681805,0.0,10.0,5.0,5.0,24.0
4851.0,delete,6.057288933852729,3853.0,315.0,5.801157070380225,0.0,9.0,2.0,5.0,15.0
4852.0,add,6.516901041704237,3854.0,393.0,6.606817785970985,0.0,7.0,4.0,4.0,18.0
4853.0,delete,6.852985633439372,3855.0,127.0,5.987309577465494,0.0,3.0,3.0,4.0,13.0
4854.0,delete,6.828724268426263,3856.0,395.0,6.660554118097931,0.0,7.0,3.0,4.0,17.0
4855.0,delete,6.73047384448719,3857.0,397.0,6.712393554224045,0.0,6.0,3.0,4.0,17.0
4856.0,delete,6.712393554224045,3857.0,397.0,6.712393554224045,0.0,6.0,3.0,4.0,16.0
4857.0,swap,5.230173949636147,3857.0,397.0,6.712393554224045,0.0,6.0,3.0,4.0,17.0
4858.0,delete,5.7745956877314395,3858.0,58.0,5.89860291563386,7.0,5.0,4.0,4.0,20.0
4859.0,add,5.19399967916151,3859.0,280.0,5.622451571294388,0.0,12.0,5.0,4.0,17.0
4860.0,delete,5.989490117100608,3860.0,364.0,6.3803131462289615,0.0,8.0,5.0,3.0,20.0
4861.0,add,7.2370121270096,3861.0,379.0,6.747770954471532,0.0,7.0,3.0,4.0,19.0
4862.0,add,6.127470585459588,3862.0,187.0,5.687330277439294,0.0,3.0,3.0,5.0,18.0
4863.0,add,4.961121904895335,3863.0,238.0,5.713826164671839,0.0,8.0,4.0,5.0,13.0
4864.0,delete,6.566087168307566,3864.0,389.0,6.3810429757793425,0.0,7.0,4.0,4.0,14.0
4865.0,delete,5.063861396603188,3865.0,343.0,6.015175819226596,0.0,10.0,4.0,5.0,24.0
4866.0,delete,5.1825220505196405,3866.0,316.0,5.807874027020698,0.0,8.0,2.0,5.0,15.0
4867.0,delete,6.516901041704237,3867.0,394.0,6.566512397841458,0.0,7.0,4.0,4.0,17.0
4868.0,delete,7.351238221152652,3868.0,128.0,5.984292673637402,0.0,2.0,3.0,4.0,13.0
4869.0,delete,5.532635452741577,3869.0,396.0,6.346358725642856,0.0,6.0,3.0,4.0,17.0
4870.0,delete,6.744103546584561,3870.0,398.0,6.712393554224045,0.0,6.0,3.0,4.0,16.0
4871.0,delete,6.375529360526986,3870.0,398.0,6.712393554224045,0.0,6.0,3.0,4.0,15.0
4872.0,swap,6.233519742235545,3870.0,398.0,6.712393554224045,0.0,5.0,4.0,4.0,16.0
4873.0,delete,5.774785959333794,3871.0,59.0,5.899713343388635,6.0,4.0,4.0,4.0,21.0
4874.0,add,5.678955703470793,3872.0,281.0,5.631271371913452,0.0,11.0,5.0,5.0,18.0
4875.0,delete,6.490645119548945,3873.0,365.0,6.3869986467211195,0.0,7.0,5.0,4.0,19.0
4876.0,add,7.076884612881546,3874.0,380.0,6.696537389388991,0.0,7.0,4.0,4.0,19.0
4877.0,delete,6.404327961415803,3875.0,188.0,5.693707668599169,0.0,3.0,3.0,5.0,17.0
4878.0,add,6.8439676168661165,3876.0,390.0,6.319728583473153,0.0,6.0,4.0,5.0,15.0
4879.0,add,5.055214930738585,3877.0,239.0,5.723913622239517,0.0,8.0,5.0,6.0,12.0
4880.0,delete,5.784941406900539,3878.0,344.0,6.0308700615938395,0.0,9.0,5.0,5.0,23.0
4881.0,delete,4.606850186550274,3879.0,317.0,5.82139323779354,0.0,8.0,2.0,4.0,15.0
4882.0,delete,6.711513669045476,3880.0,395.0,6.419147515937836,0.0,7.0,3.0,4.0,17.0
4883.0,delete,5.358379105616538,3881.0,397.0,6.5163865508927845,0.0,6.0,3.0,4.0,16.0
4884.0,add,6.697632563579424,3882.0,129.0,5.9786327266325525,0.0,2.0,3.0,5.0,13.0
4885.0,delete,6.413812861362235,3883.0,399.0,6.375529360526986,0.0,6.0,3.0,4.0,15.0
4886.0,delete,6.375529360526986,3883.0,399.0,6.375529360526986,0.0,6.0,3.0,3.0,15.0
4887.0,swap,6.047539704507967,3883.0,399.0,6.375529360526986,0.0,6.0,3.0,4.0,15.0
4888.0,delete,5.50458358120269,3884.0,60.0,5.901288518159275,6.0,4.0,4.0,4.0,20.0
4889.0,delete,5.60302064084045,3885.0,282.0,5.635775096996832,0.0,12.0,5.0,4.0,17.0
4890.0,delete,5.626819747805263,3886.0,366.0,6.402772489115644,0.0,7.0,5.0,4.0,18.0
4891.0,add,7.285434052088897,3887.0,381.0,6.636978241760543,0.0,7.0,4.0,5.0,19.0
4892.0,delete,5.394633546338247,3888.0,189.0,5.6975540300171374,0.0,3.0,3.0,4.0,17.0
4893.0,add,5.6679670735190175,3889.0,391.0,6.2471790668651215,0.0,7.0,4.0,4.0,16.0
4894.0,delete,6.05164195813951,3890.0,345.0,6.038469273930222,0.0,10.0,5.0,5.0,21.0
4895.0,add,6.035244793594591,3891.0,240.0,5.7267577888750365,0.0,9.0,4.0,7.0,12.0
4896.0,delete,5.6307819686808855,3892.0,318.0,5.831430788013051,0.0,7.0,2.0,4.0,15.0
4897.0,delete,6.712393554224045,3893.0,396.0,6.205540336389483,0.0,6.0,3.0,4.0,17.0
4898.0,delete,6.712393554224045,3894.0,398.0,6.303102821731043,0.0,6.0,3.0,4.0,15.0
4899.0,delete,6.673536655354944,3895.0,130.0,5.976411618594935,0.0,2.0,2.0,5.0,13.0
4900.0,delete,6.375529360526989,3896.0,400.0,6.375529360526986,0.0,6.0,3.0,3.0,15.0
4901.0,delete,6.375529360526986,3896.0,400.0,6.375529360526986,0.0,6.0,3.0,3.0,14.0
4902.0,swap,6.468477082645348,3896.0,400.0,6.375529360526986,0.0,6.0,4.0,3.0,14.0
4903.0,delete,5.477700158460656,3897.0,61.0,5.9038736873880815,6.0,4.0,3.0,4.0,20.0
4904.0,delete,4.550489997652892,3898.0,283.0,5.645294234778815,0.0,10.0,5.0,4.0,18.0
4905.0,delete,4.896863378320178,3899.0,367.0,6.444611942777025,0.0,7.0,4.0,4.0,18.0
4906.0,delete,6.712393554224045,3900.0,397.0,6.349394716125686,0.0,6.0,3.0,4.0,16.0
4907.0,delete,5.52236220228856,3901.0,190.0,5.701472338927089,0.0,3.0,3.0,4.0,16.0
4908.0,add,7.286874056373429,3902.0,382.0,6.578814243638565,0.0,8.0,4.0,6.0,18.0
4909.0,delete,6.151348981945138,3903.0,346.0,6.04987175855259,0.0,9.0,5.0,5.0,21.0
4910.0,delete,5.843417719687698,3904.0,241.0,5.729810192410578,0.0,9.0,5.0,5.0,12.0
4911.0,add,5.666535529233065,3905.0,392.0,6.392790630675816,0.0,7.0,4.0,5.0,16.0
4912.0,add,5.747012311441294,3906.0,319.0,5.847308108394628,0.0,8.0,2.0,4.0,15.0
4913.0,delete,5.994077675374126,3907.0,399.0,6.398766291056578,0.0,6.0,3.0,4.0,14.0
4914.0,delete,6.697632563579423,3908.0,131.0,5.972192014969171,0.0,2.0,3.0,3.0,13.0
4915.0,delete,6.274693101830153,3909.0,401.0,6.375529360526986,0.0,6.0,3.0,3.0,14.0
4916.0,delete,6.4352552000995775,3909.0,401.0,6.375529360526986,0.0,6.0,3.0,2.0,14.0
4917.0,swap,5.059796198605192,3909.0,401.0,6.375529360526986,0.0,7.0,3.0,3.0,13.0
4918.0,add,5.798846089852582,3910.0,62.0,5.905305154837802,6.0,4.0,4.0,4.0,20.0
4919.0,delete,4.448712610335984,3911.0,284.0,5.656759980337222,0.0,11.0,5.0,4.0,16.0
4920.0,delete,4.864747445024035,3912.0,368.0,6.461979193906038,0.0,6.0,4.0,4.0,18.0
4921.0,delete,6.712393554224047,3913.0,398.0,6.242346901729717,0.0,6.0,3.0,3.0,16.0
4922.0,delete,5.5223622022885595,3914.0,191.0,5.70376190945341,0.0,3.0,3.0,3.0,16.0
4923.0,delete,7.396248120168969,3915.0,383.0,6.508985803813566,0.0,9.0,4.0,5.0,17.0
4924.0,delete,5.665527993468006,3916.0,347.0,6.05894067171521,0.0,9.0,5.0,4.0,21.0
4925.0,delete,6.494745817036744,3917.0,400.0,6.036318465265477,0.0,6.0,3.0,3.0,14.0
4926.0,add,5.255833896925671,3918.0,242.0,5.731381609686541,0.0,10.0,5.0,6.0,11.0
4927.0,delete,5.194291842695738,3919.0,320.0,5.8580787044911835,0.0,8.0,1.0,4.0,15.0
4928.0,add,6.516901041704237,3920.0,393.0,6.408656973039054,0.0,7.0,4.0,4.0,18.0
4929.0,delete,6.697632563579422,3921.0,132.0,5.967627415526187,0.0,2.0,3.0,3.0,12.0
4930.0,delete,6.457353274937957,3922.0,402.0,6.4352552000995775,0.0,6.0,3.0,2.0,14.0
4931.0,add,6.472806399740874,3922.0,402.0,6.4352552000995775,0.0,7.0,3.0,2.0,14.0
4932.0,delete,6.158072030032496,3922.0,402.0,6.4352552000995775,0.0,6.0,2.0,2.0,14.0
4933.0,swap,6.750037285229575,3922.0,402.0,6.4352552000995775,0.0,6.0,3.0,1.0,15.0
4934.0,add,5.506029369514603,3923.0,63.0,5.907374080303462,6.0,4.0,5.0,5.0,19.0
4935.0,delete,4.3395586833005275,3924.0,285.0,5.672318439757854,0.0,11.0,5.0,4.0,15.0
4936.0,delete,4.313151133176927,3925.0,369.0,6.511850172040295,0.0,6.0,3.0,4.0,18.0
4937.0,delete,4.9889329893215,3926.0,192.0,5.7061960931273195,0.0,3.0,3.0,4.0,14.0
4938.0,delete,7.161175724671101,3927.0,384.0,6.460603261259416,0.0,9.0,4.0,5.0,16.0
4939.0,delete,5.715129637461552,3928.0,348.0,6.06898888446803,0.0,8.0,5.0,4.0,21.0
4940.0,delete,5.062022348218514,3929.0,399.0,6.283992472854847,0.0,6.0,3.0,4.0,14.0
4941.0,delete,6.516901041704237,3930.0,394.0,6.367579024888469,0.0,7.0,4.0,3.0,18.0
4942.0,add,6.152160140412281,3931.0,243.0,5.732273907429088,0.0,9.0,5.0,6.0,13.0
4943.0,add,5.445306414022695,3932.0,321.0,5.869924310156374,0.0,7.0,2.0,4.0,16.0
4944.0,delete,7.106532722860225,3933.0,133.0,5.962700257578197,0.0,1.0,2.0,3.0,13.0
4945.0,delete,6.375529360526986,3934.0,401.0,6.454704838008096,0.0,6.0,3.0,3.0,13.0
4946.0,add,6.472806399740874,3935.0,403.0,6.472806399740874,0.0,7.0,3.0,2.0,14.0
4947.0,add,6.721601080309416,3935.0,403.0,6.472806399740874,0.0,7.0,3.0,2.0,15.0
4948.0,delete,6.459464542445365,3935.0,403.0,6.472806399740874,0.0,6.0,3.0,2.0,14.0
4949.0,swap,6.6127929268207595,3935.0,403.0,6.472806399740874,0.0,7.0,3.0,2.0,14.0
4950.0,delete,5.459868207661965,3936.0,64.0,5.909017185827171,5.0,5.0,4.0,5.0,19.0
4951.0,delete,5.623311765596597,3937.0,286.0,5.6844860160675985,0.0,11.0,5.0,3.0,15.0
4952.0,delete,5.308437890045833,3938.0,370.0,6.558758643629492,0.0,6.0,3.0,4.0,17.0
4953.0,add,4.885854672641712,3939.0,193.0,5.710798115906407,0.0,3.0,3.0,4.0,15.0
4954.0,delete,5.5846206636844755,3940.0,349.0,6.082343256021352,0.0,8.0,5.0,4.0,20.0
4955.0,delete,7.207392421478879,3941.0,385.0,6.4165557439468905,0.0,9.0,3.0,5.0,16.0
4956.0,delete,6.469841976417428,3942.0,395.0,6.354018168047625,0.0,7.0,2.0,4.0,18.0
4957.0,delete,4.904481586745706,3943.0,400.0,6.365748784134497,0.0,6.0,3.0,3.0,14.0
4958.0,add,6.286372136165412,3944.0,244.0,5.733225057738562,0.0,10.0,5.0,6.0,13.0
4959.0,delete,6.959591669314202,3945.0,134.0,5.958230152260919,0.0,1.0,3.0,3.0,11.0
4960.0,add,5.282190862450619,3946.0,322.0,5.884223067863865,0.0,8.0,2.0,4.0,16.0
4961.0,add,6.048180667268618,3947.0,402.0,6.547894269811456,0.0,6.0,3.0,2.0,15.0
4962.0,delete,5.423068406790852,3948.0,371.0,6.623354131983522,0.0,6.0,3.0,4.0,16.0
4963.0,add,5.7294359527161705,3949.0,287.0,5.6881055530019955,0.0,12.0,4.0,4.0,15.0
4964.0,delete,4.781854130527069,3950.0,65.0,5.910770199731171,5.0,5.0,4.0,5.0,18.0
4965.0,delete,6.374111475028679,3951.0,401.0,6.4512635606502275,0.0,5.0,3.0,3.0,14.0
4966.0,add,6.745375615042965,3952.0,404.0,6.721601080309416,0.0,7.0,3.0,2.0,15.0
4967.0,add,7.0183589825471895,3952.0,404.0,6.721601080309416,0.0,7.0,3.0,2.0,16.0
4968.0,delete,5.362846391411642,3952.0,404.0,6.721601080309416,0.0,7.0,3.0,2.0,14.0
4969.0,swap,6.721601080309416,3952.0,404.0,6.721601080309416,0.0,7.0,3.0,2.0,15.0
4970.0,delete,5.344985842821373,3953.0,194.0,5.714744135180844,0.0,3.0,3.0,4.0,14.0
4971.0,delete,5.704152312069219,3954.0,350.0,6.095195095246534,0.0,8.0,3.0,4.0,21.0
4972.0,delete,6.574531652659244,3955.0,386.0,6.373818579585514,0.0,8.0,4.0,5.0,15.0
4973.0,delete,6.283071112034423,3956.0,245.0,5.732647674746551,0.0,9.0,5.0,6.0,13.0
4974.0,delete,6.2785697998495165,3957.0,396.0,6.280770816989564,0.0,5.0,3.0,4.0,18.0
4975.0,add,7.858605256070712,3958.0,135.0,5.950532801924146,0.0,1.0,4.0,2.0,12.0
4976.0,add,5.332900462902546,3959.0,323.0,5.897923963674509,0.0,8.0,2.0,4.0,17.0
4977.0,delete,3.0369652342966718,3960.0,372.0,6.697609921211577,0.0,6.0,2.0,4.0,16.0
4978.0,add,6.472806399740874,3961.0,403.0,6.5139566299241265,0.0,7.0,3.0,2.0,15.0
4979.0,add,6.045951867993227,3962.0,288.0,5.695560481411152,0.0,11.0,4.0,4.0,17.0
4980.0,add,5.331442029259327,3963.0,66.0,5.9138091236498855,5.0,5.0,4.0,5.0,19.0
4981.0,add,6.4352552000995775,3964.0,402.0,6.46442186230709,0.0,6.0,3.0,3.0,14.0
4982.0,delete,6.56602329240789,3965.0,387.0,6.356240981660094,0.0,7.0,4.0,5.0,15.0
4983.0,delete,5.849931832783072,3966.0,351.0,6.096043817443264,0.0,8.0,4.0,3.0,20.0
4984.0,add,6.288739919723177,3967.0,195.0,5.71651501097366,0.0,3.0,3.0,4.0,15.0
4985.0,add,7.018350800459055,3968.0,405.0,7.0183589825471895,0.0,7.0,3.0,2.0,16.0
4986.0,add,6.6846636621055,3968.0,405.0,7.0183589825471895,0.0,7.0,3.0,2.0,17.0
4987.0,delete,6.820466630443702,3968.0,405.0,7.0183589825471895,0.0,7.0,3.0,2.0,15.0
4988.0,swap,6.603747200419131,3968.0,405.0,7.0183589825471895,0.0,7.0,3.0,2.0,16.0
4989.0,delete,6.427400986479287,3969.0,246.0,5.731028540601292,0.0,8.0,5.0,5.0,14.0
4990.0,delete,6.695556033736542,3970.0,397.0,6.348305310345882,0.0,6.0,2.0,4.0,17.0
4991.0,add,7.8589412265001855,3971.0,136.0,5.94284208815536,0.0,1.0,3.0,3.0,13.0
4992.0,add,5.651508977563887,3972.0,324.0,5.908417632462713,0.0,9.0,2.0,4.0,17.0
4993.0,add,7.18983598938048,3973.0,373.0,6.741521871440803,0.0,7.0,2.0,4.0,16.0
4994.0,add,6.3023879344970295,3974.0,404.0,6.829117455194916,0.0,7.0,3.0,2.0,16.0
4995.0,add,5.570912284686268,3975.0,289.0,5.710395095741133,0.0,11.0,4.0,5.0,17.0
4996.0,add,5.912429618476262,3976.0,67.0,5.917712551989152,5.0,5.0,4.0,5.0,20.0
4997.0,delete,6.574851577039824,3977.0,388.0,6.370489387761635,0.0,8.0,3.0,4.0,15.0
4998.0,delete,5.160165238140472,3978.0,352.0,6.120228275942285,0.0,7.0,4.0,4.0,19.0
4999.0,delete,6.2485048184743945,3979.0,196.0,5.7170767915788145,0.0,3.0,2.0,5.0,14.0
5000.0,add,7.096660927641901,3980.0,403.0,6.588382343389631,0.0,7.0,3.0,2.0,15.0
