budget,expandedBy,objectiveValue,epoch,treeDepth,parentValue,H,Rx,Ry,Rz,Cx
0.0,,74.5559015470189,0.0,0.0,0.0,8.0,0.0,0.0,0.0,0.0
1.0,add,74.60229524016823,1.0,1.0,74.5559015470189,8.0,0.0,0.0,1.0,0.0
2.0,delete,74.49605353349583,1.0,1.0,74.5559015470189,7.0,0.0,0.0,0.0,0.0
3.0,swap,74.63416553902059,1.0,1.0,74.5559015470189,7.0,0.0,0.0,1.0,0.0
4.0,swap,74.63416553902059,2.0,2.0,74.63416553902059,7.0,0.0,0.0,1.0,0.0
5.0,add,74.63416553902059,2.0,2.0,74.63416553902059,7.0,0.0,0.0,1.0,1.0
6.0,delete,74.52605412102973,2.0,2.0,74.63416553902059,6.0,0.0,0.0,1.0,0.0
7.0,swap,74.64085975657423,2.0,2.0,74.63416553902059,6.0,0.0,0.0,1.0,1.0
8.0,add,74.6023139920172,3.0,2.0,74.60229524016823,8.0,0.0,0.0,1.0,0.0
9.0,add,74.6022867100274,3.0,2.0,74.60229524016823,8.0,0.0,0.0,1.0,1.0
10.0,delete,74.5559015470189,3.0,2.0,74.60229524016823,8.0,0.0,0.0,0.0,0.0
11.0,swap,74.60569791470537,3.0,2.0,74.60229524016823,7.0,1.0,0.0,1.0,0.0
12.0,add,74.49737382889867,4.0,2.0,74.49605353349583,7.0,0.0,0.0,1.0,0.0
13.0,delete,74.63114092273655,4.0,2.0,74.49605353349583,6.0,0.0,0.0,0.0,0.0
14.0,swap,74.38736636893553,4.0,2.0,74.49605353349583,6.0,0.0,0.0,0.0,1.0
15.0,swap,74.55263356414484,5.0,1.0,74.61388209893315,7.0,0.0,1.0,0.0,0.0
16.0,add,74.5559015470189,6.0,1.0,74.59369908078742,8.0,0.0,0.0,0.0,1.0
17.0,swap,74.54559467094909,7.0,2.0,74.55263356414484,7.0,0.0,1.0,0.0,0.0
18.0,add,74.55125281612912,7.0,2.0,74.55263356414484,7.0,0.0,1.0,0.0,1.0
19.0,delete,74.69039110059047,7.0,2.0,74.55263356414484,6.0,0.0,1.0,0.0,0.0
20.0,swap,74.69039110059047,7.0,2.0,74.55263356414484,6.0,0.0,1.0,1.0,0.0
21.0,add,74.55590154701893,8.0,2.0,74.5559015470189,8.0,1.0,0.0,0.0,1.0
22.0,delete,74.63416553902063,8.0,2.0,74.5559015470189,7.0,0.0,0.0,0.0,1.0
23.0,swap,74.36717130358304,8.0,2.0,74.5559015470189,7.0,0.0,0.0,0.0,2.0
24.0,delete,74.57922355224049,9.0,1.0,74.50298366351664,7.0,0.0,0.0,0.0,0.0
25.0,swap,74.64085975657424,10.0,3.0,74.64085975657423,6.0,0.0,0.0,1.0,1.0
26.0,add,74.5135405131152,10.0,3.0,74.64085975657423,6.0,0.0,0.0,1.0,2.0
27.0,delete,74.64085975657429,10.0,3.0,74.64085975657423,6.0,0.0,0.0,0.0,1.0
28.0,swap,74.53673302501348,10.0,3.0,74.64085975657423,6.0,0.0,1.0,0.0,1.0
29.0,add,74.57922355224049,11.0,2.0,74.57922355224049,7.0,0.0,0.0,0.0,1.0
30.0,delete,74.60592683865944,11.0,2.0,74.57922355224049,6.0,0.0,0.0,0.0,0.0
31.0,swap,74.62861363892577,11.0,2.0,74.57922355224049,6.0,0.0,0.0,1.0,0.0
32.0,add,74.60597747060983,12.0,3.0,74.60592683865944,6.0,0.0,0.0,1.0,0.0
33.0,delete,74.57581005116269,12.0,3.0,74.60592683865944,5.0,0.0,0.0,0.0,0.0
34.0,swap,74.60465431382528,12.0,3.0,74.60592683865944,5.0,1.0,0.0,0.0,0.0
35.0,add,74.6023072366529,13.0,3.0,74.6022867100274,8.0,0.0,0.0,1.0,1.0
36.0,add,74.55594029407747,13.0,3.0,74.6022867100274,8.0,0.0,0.0,1.0,2.0
37.0,delete,74.57826209668715,13.0,3.0,74.6022867100274,7.0,0.0,0.0,1.0,1.0
38.0,swap,74.6677738752192,13.0,3.0,74.6022867100274,7.0,0.0,0.0,2.0,1.0
39.0,swap,74.53608906427561,14.0,1.0,74.60226191416764,7.0,0.0,0.0,0.0,1.0
40.0,add,74.53608906427561,15.0,2.0,74.53608906427561,7.0,0.0,0.0,1.0,1.0
41.0,delete,74.73771599892281,15.0,2.0,74.53608906427561,6.0,0.0,0.0,0.0,1.0
42.0,swap,74.38314311967233,15.0,2.0,74.53608906427561,6.0,0.0,0.0,0.0,2.0
43.0,delete,74.55316758757426,16.0,1.0,74.56285127924822,7.0,0.0,0.0,0.0,0.0
44.0,add,74.5559015470189,17.0,1.0,74.57583991101656,8.0,0.0,0.0,0.0,1.0
45.0,add,74.548877494211,18.0,2.0,74.55316758757426,7.0,0.0,0.0,1.0,0.0
46.0,delete,74.7008621979592,18.0,2.0,74.55316758757426,6.0,0.0,0.0,0.0,0.0
47.0,swap,74.42401043153659,18.0,2.0,74.55316758757426,6.0,0.0,1.0,0.0,0.0
48.0,add,74.56197732983289,19.0,2.0,74.5559015470189,8.0,0.0,0.0,1.0,1.0
49.0,delete,74.53988496986284,19.0,2.0,74.5559015470189,7.0,0.0,0.0,0.0,1.0
50.0,swap,74.58110582704856,19.0,2.0,74.5559015470189,7.0,0.0,1.0,0.0,1.0
51.0,swap,74.69039110059046,20.0,3.0,74.69039110059047,6.0,0.0,1.0,1.0,0.0
52.0,add,74.58273211314487,20.0,3.0,74.69039110059047,6.0,0.0,1.0,1.0,1.0
53.0,delete,74.67605773216178,20.0,3.0,74.69039110059047,5.0,0.0,1.0,1.0,0.0
54.0,swap,74.56677719180344,20.0,3.0,74.69039110059047,5.0,1.0,1.0,1.0,0.0
55.0,add,74.73651055698036,21.0,3.0,74.73771599892281,6.0,0.0,0.0,1.0,1.0
56.0,delete,74.65000975383872,21.0,3.0,74.73771599892281,5.0,0.0,0.0,0.0,1.0
57.0,swap,74.57436827825615,21.0,3.0,74.73771599892281,5.0,0.0,0.0,0.0,2.0
58.0,add,74.62129723690931,22.0,3.0,74.7008621979592,6.0,0.0,1.0,0.0,0.0
59.0,delete,74.64348763633288,22.0,3.0,74.7008621979592,5.0,0.0,0.0,0.0,0.0
60.0,swap,74.61304723775821,22.0,3.0,74.7008621979592,5.0,0.0,0.0,0.0,1.0
61.0,add,74.56173128143703,23.0,3.0,74.56197732983289,8.0,0.0,0.0,1.0,1.0
62.0,add,74.56197732983289,23.0,3.0,74.56197732983289,8.0,0.0,0.0,1.0,2.0
63.0,delete,74.6280008592347,23.0,3.0,74.56197732983289,7.0,0.0,0.0,1.0,1.0
64.0,swap,74.53362183787821,23.0,3.0,74.56197732983289,7.0,0.0,0.0,1.0,2.0
65.0,add,74.53608906427561,24.0,3.0,74.53608906427561,7.0,0.0,0.0,1.0,1.0
66.0,add,74.53608906427561,24.0,3.0,74.53608906427561,7.0,0.0,0.0,1.0,2.0
67.0,delete,74.6849037993414,24.0,3.0,74.53608906427561,6.0,0.0,0.0,1.0,1.0
68.0,swap,74.73771599892277,24.0,3.0,74.53608906427561,6.0,0.0,0.0,2.0,1.0
69.0,swap,74.62861363892576,25.0,3.0,74.62861363892577,6.0,0.0,0.0,1.0,0.0
70.0,add,74.44769218811602,25.0,3.0,74.62861363892577,6.0,0.0,0.0,1.0,1.0
71.0,delete,74.60651697401975,25.0,3.0,74.62861363892577,5.0,0.0,0.0,1.0,0.0
72.0,swap,74.60037381589375,25.0,3.0,74.62861363892577,5.0,0.0,0.0,1.0,1.0
73.0,delete,74.69063975946274,26.0,3.0,74.69039110059047,6.0,0.0,1.0,0.0,0.0
74.0,add,74.69039110059047,26.0,3.0,74.69039110059047,6.0,0.0,1.0,0.0,1.0
75.0,delete,74.56677719180342,26.0,3.0,74.69039110059047,5.0,0.0,1.0,0.0,0.0
76.0,swap,74.67605773216175,26.0,3.0,74.69039110059047,5.0,0.0,1.0,0.0,1.0
77.0,swap,74.63416553902059,27.0,3.0,74.63416553902059,7.0,0.0,0.0,1.0,0.0
78.0,add,74.63416553902061,27.0,3.0,74.63416553902059,7.0,1.0,0.0,1.0,0.0
79.0,delete,74.6812106487523,27.0,3.0,74.63416553902059,6.0,0.0,0.0,1.0,0.0
80.0,swap,74.67560497072981,27.0,3.0,74.63416553902059,6.0,0.0,0.0,2.0,0.0
81.0,swap,74.52320366471888,28.0,3.0,74.54559467094909,7.0,0.0,1.0,0.0,0.0
82.0,add,74.36813658818355,28.0,3.0,74.54559467094909,7.0,0.0,1.0,0.0,1.0
83.0,delete,74.446264958103,28.0,3.0,74.54559467094909,6.0,0.0,1.0,0.0,0.0
84.0,swap,74.44786623222758,28.0,3.0,74.54559467094909,6.0,0.0,1.0,0.0,1.0
85.0,add,74.62517021102013,29.0,3.0,74.63416553902063,7.0,0.0,0.0,0.0,2.0
86.0,delete,74.68121064875236,29.0,3.0,74.63416553902063,6.0,0.0,0.0,0.0,1.0
87.0,swap,74.57035240039309,29.0,3.0,74.63416553902063,6.0,0.0,1.0,0.0,1.0
88.0,add,74.56547834742219,30.0,3.0,74.63114092273655,6.0,0.0,0.0,0.0,1.0
89.0,delete,74.61304723775821,30.0,3.0,74.63114092273655,5.0,0.0,0.0,0.0,0.0
90.0,swap,74.6089425247063,30.0,3.0,74.63114092273655,5.0,0.0,0.0,1.0,0.0
91.0,add,74.55590154701893,31.0,3.0,74.55590154701893,8.0,1.0,0.0,0.0,1.0
92.0,add,74.5559015470189,31.0,3.0,74.55590154701893,8.0,2.0,0.0,0.0,1.0
93.0,delete,74.52073655663996,31.0,3.0,74.55590154701893,7.0,1.0,0.0,0.0,1.0
94.0,swap,74.53250099621266,31.0,3.0,74.55590154701893,7.0,1.0,0.0,0.0,2.0
95.0,add,74.54903148034623,32.0,3.0,74.548877494211,7.0,0.0,0.0,1.0,0.0
96.0,add,74.60043460747346,32.0,3.0,74.548877494211,7.0,0.0,0.0,1.0,1.0
97.0,delete,74.69275143702781,32.0,3.0,74.548877494211,6.0,0.0,0.0,1.0,0.0
98.0,swap,74.70086219795918,32.0,3.0,74.548877494211,6.0,0.0,0.0,2.0,0.0
99.0,swap,74.41610958828,33.0,3.0,74.42401043153659,6.0,0.0,1.0,0.0,0.0
100.0,add,74.4163564207392,33.0,3.0,74.42401043153659,6.0,0.0,1.0,0.0,1.0
101.0,delete,74.68854868443448,33.0,3.0,74.42401043153659,6.0,0.0,0.0,0.0,0.0
102.0,swap,74.57780084583217,33.0,3.0,74.42401043153659,5.0,0.0,2.0,0.0,0.0
103.0,swap,74.60563958344956,34.0,3.0,74.60569791470537,7.0,1.0,0.0,1.0,0.0
104.0,add,74.5893305978541,34.0,3.0,74.60569791470537,7.0,1.0,0.0,2.0,0.0
105.0,delete,74.74305237126326,34.0,3.0,74.60569791470537,6.0,1.0,0.0,1.0,0.0
106.0,swap,74.60569791470535,34.0,3.0,74.60569791470537,7.0,1.0,0.0,1.0,0.0
107.0,swap,74.38806993893533,35.0,1.0,74.60075201521606,7.0,0.0,1.0,0.0,0.0
108.0,swap,74.58069641206781,36.0,3.0,74.58110582704856,7.0,0.0,1.0,0.0,1.0
109.0,add,74.57237353106366,36.0,3.0,74.58110582704856,7.0,0.0,1.0,1.0,1.0
110.0,delete,74.37991840080942,36.0,3.0,74.58110582704856,6.0,0.0,1.0,0.0,1.0
111.0,swap,74.5711566250241,36.0,3.0,74.58110582704856,7.0,0.0,0.0,1.0,1.0
112.0,swap,74.38939562657447,37.0,2.0,74.38806993893533,7.0,0.0,1.0,0.0,0.0
113.0,add,74.52203675892677,37.0,2.0,74.38806993893533,7.0,1.0,1.0,0.0,0.0
114.0,delete,74.21545568801484,37.0,2.0,74.38806993893533,6.0,0.0,1.0,0.0,0.0
115.0,swap,74.61112215042381,37.0,2.0,74.38806993893533,6.0,0.0,1.0,0.0,1.0
116.0,add,74.49739025722542,38.0,3.0,74.49737382889867,7.0,0.0,0.0,1.0,0.0
117.0,add,74.60795283443646,38.0,3.0,74.49737382889867,7.0,0.0,1.0,1.0,0.0
118.0,delete,74.64909945609537,38.0,3.0,74.49737382889867,6.0,0.0,0.0,1.0,0.0
119.0,swap,74.31560415227668,38.0,3.0,74.49737382889867,6.0,0.0,1.0,1.0,0.0
120.0,add,74.6007035306438,39.0,3.0,74.6023139920172,8.0,0.0,0.0,1.0,0.0
121.0,add,74.6023139920172,39.0,3.0,74.6023139920172,8.0,0.0,0.0,1.0,1.0
122.0,delete,74.5559015470189,39.0,3.0,74.6023139920172,8.0,0.0,0.0,0.0,0.0
123.0,swap,74.6630938761365,39.0,3.0,74.6023139920172,7.0,0.0,0.0,1.0,1.0
124.0,add,74.5559015470189,40.0,1.0,74.57804430286177,8.0,0.0,0.0,0.0,1.0
125.0,add,74.5559015470189,41.0,2.0,74.5559015470189,8.0,0.0,0.0,0.0,2.0
126.0,delete,74.53988496986284,41.0,2.0,74.5559015470189,7.0,0.0,0.0,0.0,1.0
127.0,swap,74.62234247519794,41.0,2.0,74.5559015470189,7.0,0.0,0.0,0.0,2.0
128.0,add,74.57922355224049,42.0,3.0,74.57922355224049,7.0,0.0,0.0,0.0,2.0
129.0,delete,74.46459110340069,42.0,3.0,74.57922355224049,6.0,0.0,0.0,0.0,1.0
130.0,swap,74.46841073917916,42.0,3.0,74.57922355224049,6.0,0.0,0.0,0.0,2.0
131.0,add,74.46458128608687,43.0,3.0,74.38314311967233,6.0,0.0,0.0,0.0,3.0
132.0,delete,74.23131958041117,43.0,3.0,74.38314311967233,5.0,0.0,0.0,0.0,2.0
133.0,swap,74.23368119664462,43.0,3.0,74.38314311967233,5.0,1.0,0.0,0.0,2.0
134.0,add,74.600238691152,44.0,3.0,74.62234247519794,7.0,0.0,0.0,1.0,2.0
135.0,delete,74.62234247519794,44.0,3.0,74.62234247519794,7.0,0.0,0.0,0.0,1.0
136.0,swap,74.62234247519794,44.0,3.0,74.62234247519794,7.0,0.0,0.0,1.0,1.0
137.0,add,74.56563355935333,45.0,3.0,74.5559015470189,8.0,0.0,1.0,0.0,2.0
138.0,delete,74.62027420950717,45.0,3.0,74.5559015470189,7.0,0.0,0.0,0.0,2.0
139.0,swap,74.49855112627458,45.0,3.0,74.5559015470189,7.0,1.0,0.0,0.0,2.0
140.0,delete,74.63416553902063,46.0,1.0,74.56477364944503,7.0,0.0,0.0,0.0,0.0
141.0,add,74.63416553902063,47.0,2.0,74.63416553902063,7.0,0.0,0.0,0.0,1.0
142.0,delete,74.52605412102976,47.0,2.0,74.63416553902063,6.0,0.0,0.0,0.0,0.0
143.0,swap,74.71381164012078,47.0,2.0,74.63416553902063,6.0,0.0,0.0,0.0,1.0
144.0,add,74.69637711379288,48.0,3.0,74.71381164012078,6.0,0.0,1.0,0.0,1.0
145.0,delete,74.669741306087,48.0,3.0,74.71381164012078,5.0,0.0,0.0,0.0,1.0
146.0,swap,74.63441621660982,48.0,3.0,74.71381164012078,5.0,1.0,0.0,0.0,1.0
147.0,add,74.63416553902063,49.0,3.0,74.63416553902063,7.0,0.0,0.0,0.0,2.0
148.0,delete,74.68121064875236,49.0,3.0,74.63416553902063,6.0,0.0,0.0,0.0,1.0
149.0,swap,74.52605412102973,49.0,3.0,74.63416553902063,6.0,0.0,0.0,1.0,1.0
150.0,add,74.76411052964596,50.0,3.0,74.52605412102976,6.0,0.0,0.0,0.0,1.0
151.0,delete,74.6869539043357,50.0,3.0,74.52605412102976,5.0,0.0,0.0,0.0,0.0
152.0,swap,74.14676531585495,50.0,3.0,74.52605412102976,5.0,0.0,0.0,0.0,1.0
153.0,add,74.53988496986284,51.0,3.0,74.53988496986284,7.0,0.0,0.0,0.0,2.0
154.0,delete,74.63342952765268,51.0,3.0,74.53988496986284,6.0,0.0,0.0,0.0,1.0
155.0,swap,74.58857650113856,51.0,3.0,74.53988496986284,6.0,0.0,1.0,0.0,1.0
156.0,add,74.5559015470189,52.0,3.0,74.5559015470189,8.0,0.0,0.0,0.0,1.0
157.0,delete,74.62234247519794,52.0,3.0,74.5559015470189,7.0,0.0,0.0,0.0,0.0
158.0,swap,74.49349768178,52.0,3.0,74.5559015470189,7.0,0.0,1.0,0.0,0.0
159.0,swap,74.46841073917915,53.0,2.0,74.67858656915263,6.0,0.0,0.0,1.0,0.0
160.0,delete,74.62234247519794,54.0,2.0,74.62772469979654,7.0,0.0,0.0,0.0,1.0
161.0,swap,74.49252689213434,55.0,2.0,74.61681652918645,7.0,1.0,0.0,0.0,1.0
162.0,add,74.63416553902063,56.0,2.0,74.61889896195584,7.0,1.0,0.0,0.0,0.0
163.0,add,74.56773388101594,57.0,4.0,74.669741306087,5.0,0.0,0.0,0.0,2.0
164.0,delete,74.7263182843659,57.0,4.0,74.669741306087,4.0,0.0,0.0,0.0,1.0
165.0,swap,74.68231692163022,57.0,4.0,74.669741306087,5.0,0.0,0.0,0.0,1.0
166.0,add,74.63416553902063,58.0,3.0,74.63416553902063,7.0,1.0,0.0,0.0,0.0
167.0,add,74.63416553902063,58.0,3.0,74.63416553902063,7.0,2.0,0.0,0.0,0.0
168.0,delete,74.68121064875234,58.0,3.0,74.63416553902063,6.0,1.0,0.0,0.0,0.0
169.0,swap,74.63397394087796,58.0,3.0,74.63416553902063,7.0,0.0,0.0,1.0,0.0
170.0,delete,74.4374273315449,59.0,2.0,74.6446735772399,6.0,0.0,0.0,0.0,0.0
171.0,add,74.37924774922267,60.0,3.0,74.36717130358304,7.0,0.0,0.0,0.0,3.0
172.0,delete,74.39026641504398,60.0,3.0,74.36717130358304,6.0,0.0,0.0,0.0,2.0
173.0,swap,74.52599539549094,60.0,3.0,74.36717130358304,6.0,0.0,1.0,0.0,2.0
174.0,swap,74.46841073917915,61.0,3.0,74.46841073917915,6.0,0.0,0.0,1.0,0.0
175.0,add,74.58794528903123,61.0,3.0,74.46841073917915,6.0,0.0,1.0,1.0,0.0
176.0,delete,74.16211429847431,61.0,3.0,74.46841073917915,5.0,0.0,0.0,1.0,0.0
177.0,swap,74.581344085445,61.0,3.0,74.46841073917915,5.0,0.0,0.0,1.0,1.0
178.0,add,74.63416553902061,62.0,3.0,74.63416553902059,7.0,0.0,0.0,1.0,1.0
179.0,add,74.63416553902059,62.0,3.0,74.63416553902059,7.0,0.0,0.0,1.0,2.0
180.0,delete,74.52482483630271,62.0,3.0,74.63416553902059,6.0,0.0,0.0,1.0,1.0
181.0,swap,74.49808933327517,62.0,3.0,74.63416553902059,6.0,0.0,1.0,1.0,1.0
182.0,delete,74.52605412102973,63.0,3.0,74.52605412102973,6.0,0.0,0.0,1.0,0.0
183.0,add,74.52605412102973,63.0,3.0,74.52605412102973,6.0,0.0,0.0,1.0,1.0
184.0,delete,74.52605412102976,63.0,3.0,74.52605412102973,6.0,0.0,0.0,0.0,0.0
185.0,swap,74.65653394482537,63.0,3.0,74.52605412102973,5.0,1.0,0.0,1.0,0.0
186.0,delete,74.57922355224049,64.0,2.0,74.57544399212924,7.0,0.0,0.0,0.0,1.0
187.0,add,74.53988496986284,65.0,3.0,74.53988496986284,7.0,1.0,0.0,0.0,1.0
188.0,delete,74.63342952765268,65.0,3.0,74.53988496986284,6.0,0.0,0.0,0.0,1.0
189.0,swap,74.36327486608955,65.0,3.0,74.53988496986284,6.0,0.0,0.0,0.0,2.0
190.0,add,74.55684260205427,66.0,3.0,74.55125281612912,7.0,0.0,1.0,0.0,1.0
191.0,add,74.54564046790657,66.0,3.0,74.55125281612912,7.0,0.0,1.0,0.0,2.0
192.0,delete,74.54076886114966,66.0,3.0,74.55125281612912,7.0,0.0,0.0,0.0,1.0
193.0,swap,74.72581445491726,66.0,3.0,74.55125281612912,6.0,0.0,2.0,0.0,1.0
194.0,delete,74.44448781867587,67.0,2.0,74.5980921685643,6.0,0.0,0.0,0.0,0.0
195.0,swap,74.60990463147532,68.0,3.0,74.61112215042381,6.0,0.0,1.0,0.0,1.0
196.0,add,74.61112215042381,68.0,3.0,74.61112215042381,6.0,0.0,1.0,0.0,2.0
197.0,delete,74.66662125950242,68.0,3.0,74.61112215042381,5.0,0.0,1.0,0.0,1.0
198.0,swap,74.61836524993689,68.0,3.0,74.61112215042381,6.0,0.0,2.0,0.0,0.0
199.0,add,74.55375869843171,69.0,3.0,74.52203675892677,7.0,1.0,1.0,0.0,0.0
200.0,add,74.4302501894897,69.0,3.0,74.52203675892677,7.0,1.0,2.0,0.0,0.0
201.0,delete,74.38806993893533,69.0,3.0,74.52203675892677,7.0,0.0,1.0,0.0,0.0
202.0,swap,74.55316758757424,69.0,3.0,74.52203675892677,7.0,2.0,0.0,0.0,0.0
203.0,delete,74.60592683865944,70.0,2.0,74.60465225815582,6.0,0.0,0.0,0.0,0.0
204.0,add,74.55316758757424,71.0,2.0,74.61839144340354,7.0,1.0,0.0,0.0,0.0
205.0,add,74.3873663689355,72.0,3.0,74.38736636893553,6.0,0.0,0.0,1.0,1.0
206.0,delete,74.60901220726088,72.0,3.0,74.38736636893553,5.0,0.0,0.0,0.0,1.0
207.0,swap,74.6167341536182,72.0,3.0,74.38736636893553,5.0,0.0,0.0,1.0,1.0
208.0,add,74.4989519158853,73.0,2.0,74.56009011053848,8.0,0.0,1.0,0.0,1.0
209.0,swap,74.6677738752192,74.0,2.0,74.62988367639552,7.0,0.0,0.0,2.0,0.0
210.0,swap,74.66725418953509,75.0,3.0,74.6677738752192,7.0,0.0,0.0,2.0,0.0
211.0,add,74.6677738752192,75.0,3.0,74.6677738752192,7.0,0.0,0.0,2.0,1.0
212.0,delete,74.5383315588357,75.0,3.0,74.6677738752192,6.0,0.0,0.0,2.0,0.0
213.0,swap,74.50974069320885,75.0,3.0,74.6677738752192,6.0,1.0,0.0,2.0,0.0
214.0,swap,74.62234247519793,76.0,4.0,74.62234247519794,7.0,0.0,0.0,1.0,1.0
215.0,add,74.62234247519794,76.0,4.0,74.62234247519794,7.0,0.0,0.0,1.0,2.0
216.0,delete,74.56547834742217,76.0,4.0,74.62234247519794,6.0,0.0,0.0,1.0,1.0
217.0,swap,74.52125422704329,76.0,4.0,74.62234247519794,6.0,0.0,0.0,1.0,2.0
218.0,swap,74.44448781867585,77.0,2.0,74.58236205117622,6.0,0.0,0.0,1.0,0.0
219.0,add,74.60229524016823,78.0,2.0,74.60131404253283,8.0,0.0,0.0,1.0,1.0
220.0,change,74.60211113875236,79.0,2.0,74.60486538756672,8.0,0.0,0.0,1.0,0.0
221.0,change,74.63416553902061,80.0,2.0,74.65186244730879,7.0,0.0,0.0,1.0,0.0
222.0,change,74.63416553902061,81.0,3.0,74.63416553902061,7.0,0.0,0.0,1.0,0.0
223.0,add,74.60391312747188,81.0,3.0,74.63416553902061,7.0,1.0,0.0,1.0,0.0
224.0,delete,74.63416553902063,81.0,3.0,74.63416553902061,7.0,0.0,0.0,0.0,0.0
225.0,swap,74.68127100174937,81.0,3.0,74.63416553902061,6.0,1.0,0.0,1.0,0.0
226.0,swap,74.46841073917912,82.0,2.0,74.5945705615703,6.0,1.0,0.0,1.0,0.0
227.0,delete,74.67023977450062,83.0,2.0,74.55691081275394,7.0,0.0,0.0,1.0,0.0
228.0,add,74.59924610449399,84.0,3.0,74.60229524016823,8.0,0.0,0.0,1.0,1.0
229.0,add,74.60229524016825,84.0,3.0,74.60229524016823,8.0,1.0,0.0,1.0,1.0
230.0,delete,74.63416553902063,84.0,3.0,74.60229524016823,7.0,0.0,0.0,1.0,1.0
231.0,swap,74.6693871934749,84.0,3.0,74.60229524016823,7.0,0.0,0.0,1.0,2.0
232.0,add,74.5478695352056,85.0,2.0,74.56946172764314,8.0,0.0,0.0,0.0,2.0
233.0,add,74.36864056063378,86.0,4.0,74.64348763633288,5.0,0.0,0.0,0.0,1.0
234.0,delete,74.3552013694437,86.0,4.0,74.64348763633288,4.0,0.0,0.0,0.0,0.0
235.0,swap,74.44337724194747,86.0,4.0,74.64348763633288,4.0,0.0,0.0,1.0,0.0
236.0,add,74.57922355224049,87.0,3.0,74.57922355224049,7.0,1.0,0.0,0.0,1.0
237.0,delete,74.63342952765268,87.0,3.0,74.57922355224049,6.0,0.0,0.0,0.0,1.0
238.0,swap,74.44448781867587,87.0,3.0,74.57922355224049,6.0,0.0,0.0,0.0,2.0
239.0,delete,74.4143114237292,88.0,2.0,74.66285137692178,6.0,0.0,1.0,0.0,0.0
240.0,delete,74.66965589380086,89.0,3.0,74.67023977450062,7.0,0.0,0.0,1.0,0.0
241.0,add,74.67023977450062,89.0,3.0,74.67023977450062,7.0,1.0,0.0,1.0,0.0
242.0,delete,74.53833155883568,89.0,3.0,74.67023977450062,6.0,0.0,0.0,1.0,0.0
243.0,swap,74.71697843744403,89.0,3.0,74.67023977450062,6.0,0.0,0.0,1.0,1.0
244.0,add,74.62398511534599,90.0,3.0,74.62234247519794,7.0,0.0,0.0,1.0,1.0
245.0,delete,74.49168800593672,90.0,3.0,74.62234247519794,6.0,0.0,0.0,0.0,1.0
246.0,swap,74.58303091065505,90.0,3.0,74.62234247519794,6.0,0.0,0.0,1.0,1.0
247.0,delete,74.54076886114966,91.0,2.0,74.67465114699951,7.0,0.0,0.0,0.0,0.0
248.0,add,74.57028546392895,92.0,3.0,74.5478695352056,8.0,0.0,0.0,1.0,2.0
249.0,delete,74.5559015470189,92.0,3.0,74.5478695352056,8.0,0.0,0.0,0.0,1.0
250.0,swap,74.56716640895945,92.0,3.0,74.5478695352056,8.0,0.0,0.0,1.0,1.0
251.0,add,74.63416553902059,93.0,2.0,74.58508215732793,7.0,0.0,0.0,1.0,1.0
252.0,add,74.63416553902059,94.0,3.0,74.63416553902059,7.0,0.0,0.0,1.0,1.0
253.0,add,74.63416553902057,94.0,3.0,74.63416553902059,7.0,0.0,0.0,2.0,1.0
254.0,delete,74.6812106487523,94.0,3.0,74.63416553902059,6.0,0.0,0.0,1.0,1.0
255.0,swap,74.55924824831526,94.0,3.0,74.63416553902059,6.0,0.0,0.0,2.0,1.0
256.0,swap,74.67867880460146,95.0,2.0,74.64126984765821,6.0,0.0,1.0,1.0,0.0
257.0,swap,74.6786788046015,96.0,3.0,74.67867880460146,6.0,0.0,1.0,1.0,0.0
258.0,add,74.67867880460146,96.0,3.0,74.67867880460146,6.0,0.0,1.0,1.0,1.0
259.0,delete,74.67691179517195,96.0,3.0,74.67867880460146,6.0,0.0,0.0,1.0,0.0
260.0,swap,74.57806768602644,96.0,3.0,74.67867880460146,5.0,0.0,2.0,1.0,0.0
261.0,add,74.73562417064137,97.0,4.0,74.73651055698036,6.0,0.0,0.0,1.0,1.0
262.0,add,74.70367815635434,97.0,4.0,74.73651055698036,6.0,0.0,1.0,1.0,1.0
263.0,delete,74.89001515837359,97.0,4.0,74.73651055698036,5.0,0.0,0.0,1.0,1.0
264.0,swap,74.8259180287321,97.0,4.0,74.73651055698036,5.0,0.0,1.0,1.0,1.0
265.0,add,74.54076886114966,98.0,3.0,74.54076886114966,7.0,1.0,0.0,0.0,0.0
266.0,delete,74.67691179517197,98.0,3.0,74.54076886114966,6.0,0.0,0.0,0.0,0.0
267.0,swap,74.69064450339273,98.0,3.0,74.54076886114966,6.0,0.0,0.0,0.0,1.0
268.0,add,74.46517606169468,99.0,2.0,74.60617739821821,7.0,0.0,1.0,0.0,1.0
269.0,delete,74.4483828191916,100.0,2.0,74.69191117691362,6.0,0.0,0.0,0.0,1.0
270.0,add,74.58793958028403,101.0,4.0,74.65000975383872,5.0,0.0,1.0,0.0,1.0
271.0,delete,74.669741306087,101.0,4.0,74.65000975383872,5.0,0.0,0.0,0.0,0.0
272.0,swap,74.9320312193803,101.0,4.0,74.65000975383872,4.0,0.0,1.0,0.0,1.0
273.0,swap,74.73771599892277,102.0,4.0,74.73771599892277,6.0,0.0,0.0,2.0,1.0
274.0,add,74.73771599892277,102.0,4.0,74.73771599892277,6.0,0.0,0.0,2.0,2.0
275.0,delete,74.73994237358325,102.0,4.0,74.73771599892277,5.0,0.0,0.0,2.0,1.0
276.0,swap,74.73865668546249,102.0,4.0,74.73771599892277,5.0,1.0,0.0,2.0,1.0
277.0,swap,74.62234247519794,103.0,1.0,74.5939686251847,7.0,0.0,0.0,0.0,1.0
278.0,add,74.52989510286255,104.0,2.0,74.62234247519794,7.0,0.0,1.0,0.0,1.0
279.0,delete,74.63114092273652,104.0,2.0,74.62234247519794,6.0,0.0,0.0,0.0,1.0
280.0,swap,74.52605412102976,104.0,2.0,74.62234247519794,6.0,0.0,0.0,0.0,2.0
281.0,add,74.59936635187553,105.0,3.0,74.63114092273652,6.0,0.0,1.0,0.0,1.0
282.0,delete,74.61304723775821,105.0,3.0,74.63114092273652,5.0,0.0,0.0,0.0,1.0
283.0,swap,74.31674236238025,105.0,3.0,74.63114092273652,5.0,0.0,1.0,0.0,1.0
284.0,add,74.64808234605067,106.0,3.0,74.52605412102976,6.0,0.0,1.0,0.0,2.0
285.0,delete,74.65653394482543,106.0,3.0,74.52605412102976,5.0,0.0,0.0,0.0,2.0
286.0,swap,74.88141400916417,106.0,3.0,74.52605412102976,5.0,0.0,1.0,0.0,2.0
287.0,add,74.55710627405347,107.0,3.0,74.52989510286255,7.0,0.0,1.0,0.0,1.0
288.0,add,74.52989510286255,107.0,3.0,74.52989510286255,7.0,0.0,1.0,0.0,2.0
289.0,delete,74.65654071659841,107.0,3.0,74.52989510286255,6.0,0.0,1.0,0.0,1.0
290.0,swap,74.77694393610243,107.0,3.0,74.52989510286255,6.0,0.0,1.0,0.0,2.0
291.0,swap,74.62234247519794,108.0,2.0,74.6780211052675,7.0,0.0,0.0,1.0,0.0
292.0,swap,74.62234247519795,109.0,3.0,74.62234247519794,7.0,0.0,0.0,1.0,0.0
293.0,add,74.75213420775107,109.0,3.0,74.62234247519794,7.0,0.0,1.0,1.0,0.0
294.0,delete,74.4916880059367,109.0,3.0,74.62234247519794,6.0,0.0,0.0,1.0,0.0
295.0,swap,74.6906445033927,109.0,3.0,74.62234247519794,6.0,0.0,0.0,2.0,0.0
296.0,add,74.62234247519794,110.0,2.0,74.61007622649589,7.0,0.0,0.0,0.0,2.0
297.0,add,74.62234247519794,111.0,3.0,74.62234247519794,7.0,0.0,0.0,0.0,3.0
298.0,delete,74.52605412102976,111.0,3.0,74.62234247519794,6.0,0.0,0.0,0.0,2.0
299.0,swap,74.63114092273652,111.0,3.0,74.62234247519794,6.0,1.0,0.0,0.0,2.0
300.0,swap,74.88657604333449,112.0,4.0,74.88141400916417,5.0,0.0,1.0,0.0,2.0
301.0,add,74.88141400916417,112.0,4.0,74.88141400916417,5.0,1.0,1.0,0.0,2.0
302.0,delete,74.88141400916419,112.0,4.0,74.88141400916417,5.0,0.0,1.0,0.0,1.0
303.0,swap,74.88141400916417,112.0,4.0,74.88141400916417,5.0,0.0,1.0,0.0,2.0
304.0,swap,74.57840870171391,113.0,2.0,74.72477339687487,6.0,1.0,0.0,0.0,1.0
305.0,swap,74.60422653531829,114.0,3.0,74.57840870171391,6.0,1.0,0.0,0.0,1.0
306.0,add,74.43586452957817,114.0,3.0,74.57840870171391,6.0,1.0,1.0,0.0,1.0
307.0,delete,74.43778476250158,114.0,3.0,74.57840870171391,5.0,1.0,0.0,0.0,1.0
308.0,swap,74.71592091800332,114.0,3.0,74.57840870171391,5.0,1.0,0.0,1.0,1.0
309.0,delete,74.62234247519794,115.0,2.0,74.54007421868762,7.0,0.0,0.0,0.0,0.0
310.0,add,74.62234247519794,116.0,3.0,74.62234247519794,7.0,0.0,0.0,0.0,1.0
311.0,delete,74.69064450339273,116.0,3.0,74.62234247519794,6.0,0.0,0.0,0.0,0.0
312.0,swap,74.49168800593672,116.0,3.0,74.62234247519794,6.0,0.0,0.0,0.0,1.0
313.0,swap,74.67870850703672,117.0,3.0,74.88244641599825,5.0,0.0,1.0,0.0,2.0
314.0,swap,74.63114092273652,118.0,4.0,74.63114092273652,6.0,1.0,0.0,0.0,2.0
315.0,add,74.63114092273652,118.0,4.0,74.63114092273652,6.0,1.0,0.0,0.0,3.0
316.0,delete,74.63114092273652,118.0,4.0,74.63114092273652,6.0,0.0,0.0,0.0,2.0
317.0,swap,74.29778421585473,118.0,4.0,74.63114092273652,5.0,1.0,1.0,0.0,2.0
318.0,add,74.47549053685825,119.0,3.0,74.46517606169468,7.0,0.0,1.0,0.0,1.0
319.0,add,74.46517606169468,119.0,3.0,74.46517606169468,7.0,0.0,1.0,0.0,2.0
320.0,delete,74.57868016772379,119.0,3.0,74.46517606169468,6.0,0.0,1.0,0.0,1.0
321.0,swap,74.27769218800432,119.0,3.0,74.46517606169468,6.0,0.0,1.0,0.0,2.0
322.0,add,74.43544676394643,120.0,4.0,74.65653394482543,5.0,0.0,0.0,0.0,3.0
323.0,delete,74.62637628914979,120.0,4.0,74.65653394482543,4.0,0.0,0.0,0.0,2.0
324.0,swap,74.4149676454197,120.0,4.0,74.65653394482543,4.0,0.0,0.0,1.0,2.0
325.0,swap,74.67581176825529,121.0,4.0,74.67605773216175,5.0,0.0,1.0,0.0,1.0
326.0,add,74.43511737097884,121.0,4.0,74.67605773216175,5.0,0.0,2.0,0.0,1.0
327.0,delete,74.67605773216177,121.0,4.0,74.67605773216175,5.0,0.0,1.0,0.0,0.0
328.0,swap,74.67605773216177,121.0,4.0,74.67605773216175,5.0,0.0,1.0,1.0,0.0
329.0,swap,74.6756049707298,122.0,4.0,74.67560497072981,6.0,0.0,0.0,2.0,0.0
330.0,add,74.5631351395799,122.0,4.0,74.67560497072981,6.0,0.0,0.0,2.0,1.0
331.0,delete,74.65888506106346,122.0,4.0,74.67560497072981,5.0,0.0,0.0,2.0,0.0
332.0,swap,74.56604487546012,122.0,4.0,74.67560497072981,6.0,1.0,0.0,1.0,0.0
333.0,change,74.60229578492405,123.0,3.0,74.60211113875236,8.0,0.0,0.0,1.0,0.0
334.0,add,74.51375306973151,123.0,3.0,74.60211113875236,8.0,0.0,0.0,2.0,0.0
335.0,delete,74.63416553902063,123.0,3.0,74.60211113875236,7.0,0.0,0.0,1.0,0.0
336.0,swap,74.57811117321296,123.0,3.0,74.60211113875236,7.0,1.0,0.0,1.0,0.0
337.0,add,74.55263356414484,124.0,2.0,74.58406384043137,7.0,0.0,1.0,0.0,1.0
338.0,swap,74.46841073917913,125.0,3.0,74.46841073917912,6.0,1.0,0.0,1.0,0.0
339.0,add,74.53366561935286,125.0,3.0,74.46841073917912,6.0,1.0,1.0,1.0,0.0
340.0,delete,74.72844548591881,125.0,3.0,74.46841073917912,5.0,1.0,0.0,1.0,0.0
341.0,swap,74.22735775746794,125.0,3.0,74.46841073917912,5.0,2.0,0.0,1.0,0.0
342.0,add,74.50530998387613,126.0,3.0,74.4989519158853,8.0,0.0,1.0,0.0,1.0
343.0,add,74.55182828297163,126.0,3.0,74.4989519158853,8.0,0.0,2.0,0.0,1.0
344.0,delete,74.50283755362248,126.0,3.0,74.4989519158853,7.0,0.0,1.0,0.0,1.0
345.0,swap,74.44438814804509,126.0,3.0,74.4989519158853,7.0,0.0,1.0,0.0,2.0
346.0,add,74.57581005116269,127.0,4.0,74.57581005116269,5.0,0.0,0.0,0.0,1.0
347.0,delete,74.62487818168522,127.0,4.0,74.57581005116269,4.0,0.0,0.0,0.0,0.0
348.0,swap,74.70324069009384,127.0,4.0,74.57581005116269,4.0,0.0,1.0,0.0,0.0
349.0,add,74.57922355224049,128.0,2.0,74.5228622367652,7.0,0.0,0.0,0.0,1.0
350.0,delete,74.64840748163559,129.0,2.0,74.53097096771658,6.0,0.0,0.0,0.0,0.0
351.0,add,74.62445213986864,130.0,3.0,74.60592683865944,6.0,0.0,0.0,1.0,0.0
352.0,delete,74.56874366169157,130.0,3.0,74.60592683865944,5.0,0.0,0.0,0.0,0.0
353.0,swap,74.5758100511627,130.0,3.0,74.60592683865944,5.0,0.0,0.0,0.0,1.0
354.0,add,74.64840748163559,131.0,3.0,74.64840748163559,6.0,0.0,0.0,0.0,1.0
355.0,delete,74.56874366169157,131.0,3.0,74.64840748163559,5.0,0.0,0.0,0.0,0.0
356.0,swap,74.53779292063649,131.0,3.0,74.64840748163559,5.0,0.0,1.0,0.0,0.0
357.0,swap,74.68094650023487,132.0,4.0,74.6786788046015,6.0,0.0,1.0,1.0,0.0
358.0,add,74.6786788046015,132.0,4.0,74.6786788046015,6.0,0.0,1.0,1.0,1.0
359.0,delete,74.67867880460146,132.0,4.0,74.6786788046015,6.0,0.0,1.0,0.0,0.0
360.0,swap,74.57723644623,132.0,4.0,74.6786788046015,5.0,0.0,1.0,2.0,0.0
361.0,swap,74.39241633561167,133.0,3.0,74.38939562657447,7.0,0.0,1.0,0.0,0.0
362.0,add,74.43787935970866,133.0,3.0,74.38939562657447,7.0,0.0,1.0,0.0,1.0
363.0,delete,74.62071796078533,133.0,3.0,74.38939562657447,6.0,0.0,1.0,0.0,0.0
364.0,swap,74.21554038303702,133.0,3.0,74.38939562657447,6.0,0.0,1.0,1.0,0.0
365.0,add,74.44448781867587,134.0,3.0,74.44448781867587,6.0,0.0,0.0,0.0,1.0
366.0,delete,74.16211429847431,134.0,3.0,74.44448781867587,5.0,0.0,0.0,0.0,0.0
367.0,swap,74.58757354537154,134.0,3.0,74.44448781867587,5.0,0.0,0.0,0.0,1.0
368.0,add,74.5559015470189,135.0,1.0,74.57375919889218,8.0,0.0,0.0,0.0,1.0
369.0,add,74.60234456348579,136.0,2.0,74.5559015470189,8.0,0.0,0.0,0.0,2.0
370.0,delete,74.49605353349583,136.0,2.0,74.5559015470189,7.0,0.0,0.0,0.0,1.0
371.0,swap,74.5559015470189,136.0,2.0,74.5559015470189,8.0,0.0,0.0,0.0,1.0
372.0,add,74.39553305139948,137.0,4.0,74.69064450339273,6.0,1.0,0.0,0.0,0.0
373.0,delete,74.623768642512,137.0,4.0,74.69064450339273,5.0,0.0,0.0,0.0,0.0
374.0,swap,74.68341981232795,137.0,4.0,74.69064450339273,5.0,0.0,0.0,1.0,0.0
375.0,add,74.49383960730253,138.0,3.0,74.60234456348579,8.0,0.0,1.0,0.0,2.0
376.0,delete,74.54465735248613,138.0,3.0,74.60234456348579,7.0,0.0,0.0,0.0,2.0
377.0,swap,74.6742863512386,138.0,3.0,74.60234456348579,7.0,0.0,1.0,0.0,2.0
378.0,add,74.48717151626542,139.0,3.0,74.4483828191916,6.0,0.0,0.0,1.0,1.0
379.0,delete,74.61469963548537,139.0,3.0,74.4483828191916,5.0,0.0,0.0,0.0,1.0
380.0,swap,74.39219364107039,139.0,3.0,74.4483828191916,5.0,0.0,1.0,0.0,1.0
381.0,add,74.5559015470189,140.0,3.0,74.5559015470189,8.0,0.0,0.0,0.0,2.0
382.0,delete,74.62027420950717,140.0,3.0,74.5559015470189,7.0,0.0,0.0,0.0,1.0
383.0,swap,74.51003434388922,140.0,3.0,74.5559015470189,7.0,1.0,0.0,0.0,1.0
384.0,add,74.50244661129933,141.0,3.0,74.49605353349583,7.0,0.0,0.0,0.0,2.0
385.0,delete,74.3901161812125,141.0,3.0,74.49605353349583,6.0,0.0,0.0,0.0,1.0
386.0,swap,74.46284899835214,141.0,3.0,74.49605353349583,6.0,0.0,1.0,0.0,1.0
387.0,add,74.68121064875236,142.0,4.0,74.68121064875236,6.0,0.0,0.0,0.0,2.0
388.0,delete,74.669741306087,142.0,4.0,74.68121064875236,5.0,0.0,0.0,0.0,1.0
389.0,swap,74.56570988395093,142.0,4.0,74.68121064875236,5.0,0.0,1.0,0.0,1.0
390.0,add,74.61304723775821,143.0,4.0,74.61304723775821,5.0,0.0,0.0,0.0,1.0
391.0,delete,74.57252623679298,143.0,4.0,74.61304723775821,4.0,0.0,0.0,0.0,0.0
392.0,swap,74.51590732265437,143.0,4.0,74.61304723775821,4.0,0.0,0.0,0.0,1.0
393.0,add,74.54966762567425,144.0,3.0,74.55263356414484,7.0,0.0,1.0,0.0,1.0
394.0,add,74.55263356414486,144.0,3.0,74.55263356414484,7.0,1.0,1.0,0.0,1.0
395.0,delete,74.44583713124749,144.0,3.0,74.55263356414484,6.0,0.0,1.0,0.0,1.0
396.0,swap,74.68002373780338,144.0,3.0,74.55263356414484,6.0,1.0,1.0,0.0,1.0
397.0,add,74.55706657827717,145.0,2.0,74.63416157444213,7.0,0.0,1.0,0.0,0.0
398.0,add,74.56419790660863,146.0,3.0,74.55706657827717,7.0,0.0,1.0,0.0,0.0
399.0,add,74.54731030992853,146.0,3.0,74.55706657827717,7.0,0.0,1.0,0.0,1.0
400.0,delete,74.54333703500393,146.0,3.0,74.55706657827717,6.0,0.0,1.0,0.0,0.0
401.0,swap,74.51865224501287,146.0,3.0,74.55706657827717,6.0,0.0,2.0,0.0,0.0
402.0,swap,74.69064450339275,147.0,4.0,74.6906445033927,6.0,0.0,0.0,2.0,0.0
403.0,add,74.6906445033927,147.0,4.0,74.6906445033927,6.0,0.0,0.0,2.0,1.0
404.0,delete,74.67804878238846,147.0,4.0,74.6906445033927,5.0,0.0,0.0,2.0,0.0
405.0,swap,74.6898657126046,147.0,4.0,74.6906445033927,6.0,1.0,0.0,1.0,0.0
406.0,add,74.61837469657956,148.0,4.0,74.64808234605067,6.0,0.0,1.0,0.0,2.0
407.0,add,74.64808234605069,148.0,4.0,74.64808234605067,6.0,1.0,1.0,0.0,2.0
408.0,delete,74.18888317005,148.0,4.0,74.64808234605067,5.0,0.0,1.0,0.0,2.0
409.0,swap,74.52580121572238,148.0,4.0,74.64808234605067,5.0,0.0,1.0,0.0,3.0
410.0,delete,74.44599658286523,149.0,3.0,74.4143114237292,6.0,0.0,1.0,0.0,0.0
411.0,add,74.61510160114943,149.0,3.0,74.4143114237292,6.0,1.0,1.0,0.0,0.0
412.0,delete,74.62524253019197,149.0,3.0,74.4143114237292,5.0,0.0,1.0,0.0,0.0
413.0,swap,74.23413309610895,149.0,3.0,74.4143114237292,5.0,0.0,1.0,0.0,1.0
414.0,delete,74.54076886114966,150.0,1.0,74.5633866127545,7.0,0.0,0.0,0.0,0.0
415.0,add,74.54609523151865,151.0,2.0,74.57878196862826,8.0,0.0,0.0,0.0,2.0
416.0,add,74.54076886114964,152.0,2.0,74.54076886114966,7.0,1.0,0.0,0.0,0.0
417.0,delete,74.67691179517197,152.0,2.0,74.54076886114966,6.0,0.0,0.0,0.0,0.0
418.0,swap,74.6785585181426,152.0,2.0,74.54076886114966,6.0,0.0,1.0,0.0,0.0
419.0,add,74.67691179517195,153.0,3.0,74.67691179517197,6.0,1.0,0.0,0.0,0.0
420.0,delete,74.623768642512,153.0,3.0,74.67691179517197,5.0,0.0,0.0,0.0,0.0
421.0,swap,74.65407082633378,153.0,3.0,74.67691179517197,5.0,0.0,0.0,1.0,0.0
422.0,swap,74.68641312658409,154.0,3.0,74.6785585181426,6.0,0.0,1.0,0.0,0.0
423.0,add,74.6785585181426,154.0,3.0,74.6785585181426,6.0,0.0,1.0,0.0,1.0
424.0,delete,74.69064450339273,154.0,3.0,74.6785585181426,6.0,0.0,0.0,0.0,0.0
425.0,swap,74.59352753980478,154.0,3.0,74.6785585181426,5.0,0.0,2.0,0.0,0.0
426.0,add,74.54076886114967,155.0,3.0,74.54076886114964,7.0,1.0,0.0,0.0,0.0
427.0,add,74.36717130358302,155.0,3.0,74.54076886114964,7.0,1.0,0.0,0.0,1.0
428.0,delete,74.62861363892577,155.0,3.0,74.54076886114964,6.0,1.0,0.0,0.0,0.0
429.0,swap,74.44838281919158,155.0,3.0,74.54076886114964,6.0,1.0,0.0,0.0,1.0
430.0,swap,74.49805017171862,156.0,2.0,74.56052791185856,7.0,0.0,0.0,1.0,1.0
431.0,delete,74.44691945793961,157.0,2.0,74.65791576479742,6.0,0.0,0.0,0.0,0.0
432.0,add,74.54609523151865,158.0,3.0,74.54609523151865,8.0,0.0,0.0,0.0,3.0
433.0,delete,74.62027420950717,158.0,3.0,74.54609523151865,7.0,0.0,0.0,0.0,2.0
434.0,swap,74.62153148769822,158.0,3.0,74.54609523151865,7.0,0.0,0.0,1.0,2.0
435.0,add,74.55590154701889,159.0,2.0,74.54418843878189,8.0,1.0,0.0,0.0,1.0
436.0,add,74.69064450339273,160.0,4.0,74.69064450339273,6.0,0.0,0.0,0.0,2.0
437.0,delete,74.6133156273041,160.0,4.0,74.69064450339273,5.0,0.0,0.0,0.0,1.0
438.0,swap,74.62324613740955,160.0,4.0,74.69064450339273,5.0,1.0,0.0,0.0,1.0
439.0,add,74.55739901812771,161.0,4.0,74.57436827825615,5.0,0.0,1.0,0.0,2.0
440.0,delete,74.5371786080346,161.0,4.0,74.57436827825615,5.0,0.0,0.0,0.0,1.0
441.0,swap,74.60660411039616,161.0,4.0,74.57436827825615,5.0,0.0,0.0,0.0,2.0
442.0,delete,74.62027420950717,162.0,2.0,74.51911858336697,7.0,0.0,0.0,0.0,1.0
443.0,add,74.6702397745006,163.0,4.0,74.67023977450062,7.0,1.0,0.0,1.0,0.0
444.0,add,74.67023977450062,163.0,4.0,74.67023977450062,7.0,1.0,0.0,1.0,1.0
445.0,delete,74.52482483630276,163.0,4.0,74.67023977450062,6.0,1.0,0.0,1.0,0.0
446.0,swap,74.77195501685524,163.0,4.0,74.67023977450062,6.0,1.0,1.0,1.0,0.0
447.0,swap,74.49838196396563,164.0,3.0,74.49805017171862,7.0,0.0,0.0,1.0,1.0
448.0,add,74.49805017171862,164.0,3.0,74.49805017171862,7.0,0.0,0.0,1.0,2.0
449.0,delete,74.65002302254007,164.0,3.0,74.49805017171862,6.0,0.0,0.0,1.0,1.0
450.0,swap,74.44239488285353,164.0,3.0,74.49805017171862,6.0,0.0,1.0,1.0,1.0
451.0,swap,74.65337652668573,165.0,2.0,74.66554044121335,6.0,1.0,0.0,0.0,0.0
452.0,swap,74.65610222115541,166.0,3.0,74.65337652668573,6.0,1.0,0.0,0.0,0.0
453.0,add,74.67593737882017,166.0,3.0,74.65337652668573,6.0,1.0,1.0,0.0,0.0
454.0,delete,74.69243725383822,166.0,3.0,74.65337652668573,5.0,1.0,0.0,0.0,0.0
455.0,swap,74.58908224185468,166.0,3.0,74.65337652668573,5.0,1.0,0.0,0.0,1.0
456.0,add,74.623768642512,167.0,4.0,74.623768642512,5.0,0.0,0.0,0.0,1.0
457.0,delete,74.4149676454197,167.0,4.0,74.623768642512,4.0,0.0,0.0,0.0,0.0
458.0,swap,74.69111082637163,167.0,4.0,74.623768642512,4.0,0.0,1.0,0.0,0.0
459.0,add,74.69064450339273,168.0,4.0,74.69064450339273,6.0,0.0,0.0,0.0,1.0
460.0,delete,74.67804878238847,168.0,4.0,74.69064450339273,5.0,0.0,0.0,0.0,0.0
461.0,swap,74.57731261942511,168.0,4.0,74.69064450339273,5.0,0.0,0.0,1.0,0.0
462.0,swap,74.4469194579396,169.0,2.0,74.65697259489441,6.0,1.0,0.0,0.0,0.0
463.0,add,74.40185645320894,170.0,3.0,74.44691945793961,6.0,0.0,1.0,0.0,0.0
464.0,delete,74.2130078021232,170.0,3.0,74.44691945793961,5.0,0.0,0.0,0.0,0.0
465.0,swap,74.68157802927595,170.0,3.0,74.44691945793961,5.0,0.0,1.0,0.0,0.0
466.0,delete,74.46841073917913,171.0,2.0,74.55215008578885,6.0,0.0,0.0,1.0,0.0
467.0,delete,74.7008621979592,172.0,2.0,74.57182144006502,6.0,0.0,0.0,0.0,1.0
468.0,add,74.7630032857835,173.0,3.0,74.7008621979592,6.0,0.0,1.0,0.0,1.0
469.0,delete,74.60294294120673,173.0,3.0,74.7008621979592,5.0,0.0,0.0,0.0,1.0
470.0,swap,74.72075956864005,173.0,3.0,74.7008621979592,5.0,0.0,0.0,0.0,2.0
471.0,add,74.67804878238847,174.0,4.0,74.72075956864005,5.0,0.0,0.0,0.0,3.0
472.0,delete,74.72075956864005,174.0,4.0,74.72075956864005,5.0,0.0,0.0,0.0,1.0
473.0,swap,74.77545225041027,174.0,4.0,74.72075956864005,4.0,1.0,0.0,0.0,2.0
474.0,add,74.77010334532548,175.0,4.0,74.7630032857835,6.0,0.0,1.0,0.0,1.0
475.0,add,74.76300328578353,175.0,4.0,74.7630032857835,6.0,1.0,1.0,0.0,1.0
476.0,delete,74.88586552402285,175.0,4.0,74.7630032857835,5.0,0.0,1.0,0.0,1.0
477.0,swap,74.70235948563578,175.0,4.0,74.7630032857835,6.0,0.0,0.0,1.0,1.0
478.0,add,74.32909386090543,176.0,4.0,74.60294294120673,5.0,0.0,0.0,0.0,2.0
479.0,delete,74.59654651423388,176.0,4.0,74.60294294120673,4.0,0.0,0.0,0.0,1.0
480.0,swap,74.64465229819054,176.0,4.0,74.60294294120673,4.0,0.0,0.0,1.0,1.0
481.0,swap,74.76526913503052,177.0,1.0,74.59406526624834,7.0,0.0,1.0,0.0,0.0
482.0,swap,74.76461487557597,178.0,2.0,74.76526913503052,7.0,0.0,1.0,0.0,0.0
483.0,add,74.76526913503052,178.0,2.0,74.76526913503052,7.0,0.0,1.0,0.0,1.0
484.0,delete,74.68707567991314,178.0,2.0,74.76526913503052,6.0,0.0,1.0,0.0,0.0
485.0,swap,74.79603772887243,178.0,2.0,74.76526913503052,6.0,1.0,1.0,0.0,0.0
486.0,swap,74.7962221367908,179.0,3.0,74.79603772887243,6.0,1.0,1.0,0.0,0.0
487.0,add,74.79603772887243,179.0,3.0,74.79603772887243,6.0,1.0,1.0,0.0,1.0
488.0,delete,74.89577901249427,179.0,3.0,74.79603772887243,5.0,1.0,1.0,0.0,0.0
489.0,swap,74.63082378351962,179.0,3.0,74.79603772887243,6.0,2.0,0.0,0.0,0.0
490.0,add,74.75459135309458,180.0,3.0,74.76526913503052,7.0,0.0,1.0,0.0,1.0
491.0,add,74.76526913503051,180.0,3.0,74.76526913503052,7.0,1.0,1.0,0.0,1.0
492.0,delete,74.76006215603661,180.0,3.0,74.76526913503052,6.0,0.0,1.0,0.0,1.0
493.0,swap,74.75538307500183,180.0,3.0,74.76526913503052,6.0,0.0,1.0,0.0,2.0
494.0,swap,74.76829421505603,181.0,3.0,74.76461487557597,7.0,0.0,1.0,0.0,0.0
495.0,add,74.75413063034804,181.0,3.0,74.76461487557597,7.0,0.0,2.0,0.0,0.0
496.0,delete,74.75996464109753,181.0,3.0,74.76461487557597,6.0,0.0,1.0,0.0,0.0
497.0,swap,74.75500472836953,181.0,3.0,74.76461487557597,6.0,0.0,2.0,0.0,0.0
498.0,delete,74.66139085038643,182.0,3.0,74.68707567991314,6.0,0.0,1.0,0.0,0.0
499.0,add,74.68707567991314,182.0,3.0,74.68707567991314,6.0,0.0,1.0,0.0,1.0
500.0,delete,74.68507237461566,182.0,3.0,74.68707567991314,5.0,0.0,1.0,0.0,0.0
501.0,swap,74.58140377853977,182.0,3.0,74.68707567991314,5.0,0.0,2.0,0.0,0.0
502.0,swap,74.79301692378851,183.0,2.0,74.78298007810993,6.0,1.0,1.0,0.0,0.0
503.0,swap,74.79278704940133,184.0,3.0,74.79301692378851,6.0,1.0,1.0,0.0,0.0
504.0,add,74.79301692378851,184.0,3.0,74.79301692378851,6.0,1.0,1.0,0.0,1.0
505.0,delete,74.67044415327565,184.0,3.0,74.79301692378851,5.0,1.0,1.0,0.0,0.0
506.0,swap,74.89577901249432,184.0,3.0,74.79301692378851,5.0,2.0,1.0,0.0,0.0
507.0,change,74.76737257206544,185.0,2.0,74.76040181808942,7.0,0.0,1.0,0.0,0.0
508.0,add,74.78936717361987,186.0,2.0,74.76011497083881,7.0,0.0,2.0,0.0,0.0
509.0,add,74.80214975589824,187.0,3.0,74.78936717361987,7.0,0.0,2.0,0.0,0.0
510.0,add,74.78936717361987,187.0,3.0,74.78936717361987,7.0,1.0,2.0,0.0,0.0
511.0,delete,74.89841970616554,187.0,3.0,74.78936717361987,6.0,0.0,2.0,0.0,0.0
512.0,swap,74.89841970616554,187.0,3.0,74.78936717361987,6.0,0.0,2.0,0.0,1.0
513.0,change,74.76813334477843,188.0,3.0,74.76737257206544,7.0,0.0,1.0,0.0,0.0
514.0,add,74.77402637482483,188.0,3.0,74.76737257206544,7.0,0.0,1.0,1.0,0.0
515.0,delete,74.79628821909571,188.0,3.0,74.76737257206544,6.0,0.0,1.0,0.0,0.0
516.0,swap,74.72838746309162,188.0,3.0,74.76737257206544,6.0,1.0,1.0,0.0,0.0
517.0,swap,74.89910098055611,189.0,4.0,74.89841970616554,6.0,0.0,2.0,0.0,1.0
518.0,add,74.56929945647498,189.0,4.0,74.89841970616554,6.0,0.0,3.0,0.0,1.0
519.0,delete,74.97039424684206,189.0,4.0,74.89841970616554,5.0,0.0,2.0,0.0,1.0
520.0,swap,74.59297392056075,189.0,4.0,74.89841970616554,6.0,0.0,1.0,0.0,2.0
521.0,delete,74.89577901249427,190.0,4.0,74.89577901249427,5.0,1.0,1.0,0.0,0.0
522.0,add,74.89577901249427,190.0,4.0,74.89577901249427,5.0,2.0,1.0,0.0,0.0
523.0,delete,74.6128009780976,190.0,4.0,74.89577901249427,5.0,1.0,0.0,0.0,0.0
524.0,swap,74.8376139484801,190.0,4.0,74.89577901249427,4.0,1.0,2.0,0.0,0.0
525.0,swap,74.76017542462185,191.0,4.0,74.76829421505603,7.0,0.0,1.0,0.0,0.0
526.0,add,74.30335470294277,191.0,4.0,74.76829421505603,7.0,1.0,1.0,0.0,0.0
527.0,delete,74.73612534779589,191.0,4.0,74.76829421505603,6.0,0.0,1.0,0.0,0.0
528.0,swap,74.79637109638124,191.0,4.0,74.76829421505603,6.0,1.0,1.0,0.0,0.0
529.0,delete,74.79603772887243,192.0,2.0,74.66040367267362,6.0,0.0,1.0,0.0,0.0
530.0,swap,74.72697194688558,193.0,2.0,74.79299410034744,6.0,0.0,1.0,0.0,1.0
531.0,delete,74.7952425530049,194.0,3.0,74.79603772887243,6.0,0.0,1.0,0.0,0.0
532.0,add,74.79603772887245,194.0,3.0,74.79603772887243,6.0,1.0,1.0,0.0,0.0
533.0,delete,74.91159735563294,194.0,3.0,74.79603772887243,5.0,0.0,1.0,0.0,0.0
534.0,swap,74.67757288594834,194.0,3.0,74.79603772887243,5.0,0.0,2.0,0.0,0.0
535.0,add,74.76526913503051,195.0,2.0,74.78643335529263,7.0,1.0,1.0,0.0,0.0
536.0,swap,74.73252039087437,196.0,3.0,74.72697194688558,6.0,0.0,1.0,0.0,1.0
537.0,add,74.72698816011359,196.0,3.0,74.72697194688558,6.0,1.0,1.0,0.0,1.0
538.0,delete,74.70945118835465,196.0,3.0,74.72697194688558,5.0,0.0,1.0,0.0,1.0
539.0,swap,74.78489741029841,196.0,3.0,74.72697194688558,5.0,0.0,2.0,0.0,1.0
540.0,add,74.77005580918107,197.0,3.0,74.76526913503051,7.0,1.0,1.0,0.0,0.0
541.0,add,74.76526913503051,197.0,3.0,74.76526913503051,7.0,1.0,1.0,0.0,1.0
542.0,delete,74.68707567991314,197.0,3.0,74.76526913503051,6.0,1.0,1.0,0.0,0.0
543.0,swap,74.77442046377531,197.0,3.0,74.76526913503051,6.0,1.0,1.0,1.0,0.0
544.0,delete,74.91597399044672,198.0,4.0,74.91159735563294,5.0,0.0,1.0,0.0,0.0
545.0,add,74.72011484934788,198.0,4.0,74.91159735563294,5.0,0.0,1.0,0.0,1.0
546.0,delete,74.82085632889985,198.0,4.0,74.91159735563294,4.0,0.0,1.0,0.0,0.0
547.0,swap,74.71353165373274,198.0,4.0,74.91159735563294,5.0,0.0,0.0,1.0,0.0
548.0,swap,74.9052885894235,199.0,4.0,74.89577901249432,5.0,2.0,1.0,0.0,0.0
549.0,add,74.8616503356116,199.0,4.0,74.89577901249432,5.0,2.0,1.0,1.0,0.0
550.0,delete,74.83663012825095,199.0,4.0,74.89577901249432,4.0,2.0,1.0,0.0,0.0
551.0,swap,74.8957790124943,199.0,4.0,74.89577901249432,5.0,1.0,1.0,0.0,1.0
552.0,swap,74.79622913275942,200.0,4.0,74.79278704940133,6.0,1.0,1.0,0.0,0.0
553.0,add,74.79278704940133,200.0,4.0,74.79278704940133,6.0,1.0,1.0,0.0,1.0
554.0,delete,74.79278704940131,200.0,4.0,74.79278704940133,6.0,0.0,1.0,0.0,0.0
555.0,swap,74.84414973152589,200.0,4.0,74.79278704940133,5.0,2.0,1.0,0.0,0.0
556.0,add,74.76526913503051,201.0,4.0,74.76526913503051,7.0,1.0,1.0,0.0,1.0
557.0,add,74.78596596358499,201.0,4.0,74.76526913503051,7.0,1.0,2.0,0.0,1.0
558.0,delete,74.76526913503052,201.0,4.0,74.76526913503051,7.0,0.0,1.0,0.0,1.0
559.0,swap,74.72497276912549,201.0,4.0,74.76526913503051,6.0,1.0,1.0,1.0,1.0
560.0,delete,74.79301692378847,202.0,2.0,74.74635595986616,6.0,0.0,1.0,0.0,0.0
561.0,delete,74.7968523160905,203.0,3.0,74.79301692378847,6.0,0.0,1.0,0.0,0.0
562.0,add,74.81699421288215,203.0,3.0,74.79301692378847,6.0,0.0,1.0,1.0,0.0
563.0,delete,74.64057820642812,203.0,3.0,74.79301692378847,5.0,0.0,1.0,0.0,0.0
564.0,swap,74.46459110340069,203.0,3.0,74.79301692378847,6.0,1.0,0.0,0.0,0.0
565.0,swap,74.78800947875555,204.0,4.0,74.78489741029841,5.0,0.0,2.0,0.0,1.0
566.0,add,74.8945173043145,204.0,4.0,74.78489741029841,5.0,0.0,3.0,0.0,1.0
567.0,delete,74.36567995767642,204.0,4.0,74.78489741029841,5.0,0.0,1.0,0.0,1.0
568.0,swap,74.85201497224048,204.0,4.0,74.78489741029841,4.0,0.0,2.0,1.0,1.0
569.0,change,74.75994531838495,205.0,2.0,74.73087454543177,7.0,0.0,1.0,0.0,0.0
570.0,swap,74.77171284979714,206.0,4.0,74.77442046377531,6.0,1.0,1.0,1.0,0.0
571.0,add,74.77442046377531,206.0,4.0,74.77442046377531,6.0,2.0,1.0,1.0,0.0
572.0,delete,74.60324344349759,206.0,4.0,74.77442046377531,6.0,1.0,0.0,1.0,0.0
573.0,swap,74.70946522047281,206.0,4.0,74.77442046377531,5.0,2.0,1.0,1.0,0.0
574.0,change,74.74971807327923,207.0,3.0,74.75994531838495,7.0,0.0,1.0,0.0,0.0
575.0,add,74.74875145736765,207.0,3.0,74.75994531838495,7.0,0.0,1.0,1.0,0.0
576.0,delete,74.78574245277059,207.0,3.0,74.75994531838495,6.0,0.0,1.0,0.0,0.0
577.0,swap,74.7115274052288,207.0,3.0,74.75994531838495,6.0,0.0,1.0,0.0,1.0
578.0,swap,74.79590781475726,208.0,4.0,74.7962221367908,6.0,1.0,1.0,0.0,0.0
579.0,add,74.7962221367908,208.0,4.0,74.7962221367908,6.0,1.0,1.0,0.0,1.0
580.0,delete,74.64800052228155,208.0,4.0,74.7962221367908,5.0,1.0,1.0,0.0,0.0
581.0,swap,74.70983613402068,208.0,4.0,74.7962221367908,5.0,2.0,1.0,0.0,0.0
582.0,change,74.77660863361689,209.0,4.0,74.76813334477843,7.0,0.0,1.0,0.0,0.0
583.0,add,74.51890953951698,209.0,4.0,74.76813334477843,7.0,0.0,1.0,0.0,1.0
584.0,delete,74.79635794636216,209.0,4.0,74.76813334477843,6.0,0.0,1.0,0.0,0.0
585.0,swap,74.79635794636216,209.0,4.0,74.76813334477843,6.0,0.0,1.0,0.0,1.0
586.0,delete,74.77612930710542,210.0,4.0,74.7952425530049,6.0,0.0,1.0,0.0,0.0
587.0,add,74.7952425530049,210.0,4.0,74.7952425530049,6.0,0.0,1.0,0.0,1.0
588.0,delete,74.91221642814722,210.0,4.0,74.7952425530049,5.0,0.0,1.0,0.0,0.0
589.0,swap,74.69184924063853,210.0,4.0,74.7952425530049,5.0,1.0,1.0,0.0,0.0
590.0,delete,74.90075444101352,211.0,4.0,74.89841970616554,6.0,0.0,2.0,0.0,0.0
591.0,add,74.89841970616554,211.0,4.0,74.89841970616554,6.0,0.0,2.0,0.0,1.0
592.0,delete,74.70017930562868,211.0,4.0,74.89841970616554,5.0,0.0,2.0,0.0,0.0
593.0,swap,74.72497276912549,211.0,4.0,74.89841970616554,6.0,1.0,1.0,0.0,0.0
594.0,add,74.77997304806239,212.0,4.0,74.79301692378851,6.0,1.0,1.0,0.0,1.0
595.0,add,74.7930169237885,212.0,4.0,74.79301692378851,6.0,2.0,1.0,0.0,1.0
596.0,delete,74.67044415327565,212.0,4.0,74.79301692378851,5.0,1.0,1.0,0.0,1.0
597.0,swap,74.80926361337129,212.0,4.0,74.79301692378851,6.0,1.0,1.0,0.0,1.0
598.0,add,74.79015584948161,213.0,4.0,74.78936717361987,7.0,1.0,2.0,0.0,0.0
599.0,add,74.78936717361987,213.0,4.0,74.78936717361987,7.0,1.0,2.0,0.0,1.0
600.0,delete,74.78936717361987,213.0,4.0,74.78936717361987,7.0,0.0,2.0,0.0,0.0
601.0,swap,74.76769606168891,213.0,4.0,74.78936717361987,6.0,1.0,2.0,1.0,0.0
602.0,add,74.82471088317176,214.0,4.0,74.81699421288215,6.0,0.0,1.0,1.0,0.0
603.0,add,74.84012507915186,214.0,4.0,74.81699421288215,6.0,1.0,1.0,1.0,0.0
604.0,delete,74.66455549552182,214.0,4.0,74.81699421288215,5.0,0.0,1.0,1.0,0.0
605.0,swap,74.5224309069832,214.0,4.0,74.81699421288215,5.0,0.0,1.0,1.0,1.0
606.0,swap,74.80591134959023,215.0,2.0,74.77976752793832,6.0,0.0,1.0,1.0,0.0
607.0,swap,74.75810662695882,216.0,4.0,74.75538307500183,6.0,0.0,1.0,0.0,2.0
608.0,add,74.75538307500184,216.0,4.0,74.75538307500183,6.0,1.0,1.0,0.0,2.0
609.0,delete,74.76006215603661,216.0,4.0,74.75538307500183,6.0,0.0,1.0,0.0,1.0
610.0,swap,74.71936850308555,216.0,4.0,74.75538307500183,6.0,0.0,1.0,0.0,2.0
611.0,swap,74.80566174898128,217.0,3.0,74.80591134959023,6.0,0.0,1.0,1.0,0.0
612.0,add,74.79975763010857,217.0,3.0,74.80591134959023,6.0,0.0,2.0,1.0,0.0
613.0,delete,74.64752220711782,217.0,3.0,74.80591134959023,6.0,0.0,0.0,1.0,0.0
614.0,swap,74.92755881115103,217.0,3.0,74.80591134959023,5.0,0.0,2.0,1.0,0.0
615.0,change,74.77325298721858,218.0,4.0,74.74971807327923,7.0,0.0,1.0,0.0,0.0
616.0,add,74.74971807327923,218.0,4.0,74.74971807327923,7.0,0.0,1.0,0.0,1.0
617.0,delete,74.57922355224049,218.0,4.0,74.74971807327923,7.0,0.0,0.0,0.0,0.0
618.0,swap,74.74228136180794,218.0,4.0,74.74971807327923,6.0,0.0,1.0,0.0,1.0
619.0,swap,74.92736841473186,219.0,4.0,74.92755881115103,5.0,0.0,2.0,1.0,0.0
620.0,add,74.94524309621556,219.0,4.0,74.92755881115103,5.0,0.0,2.0,2.0,0.0
621.0,delete,75.00090709018089,219.0,4.0,74.92755881115103,4.0,0.0,2.0,1.0,0.0
622.0,swap,74.84465501299775,219.0,4.0,74.92755881115103,4.0,0.0,2.0,2.0,0.0
623.0,swap,74.80603535161802,220.0,4.0,74.80566174898128,6.0,0.0,1.0,1.0,0.0
624.0,add,74.22703900322266,220.0,4.0,74.80566174898128,6.0,0.0,2.0,1.0,0.0
625.0,delete,74.66804295595641,220.0,4.0,74.80566174898128,5.0,0.0,1.0,1.0,0.0
626.0,swap,74.79603772887243,220.0,4.0,74.80566174898128,6.0,1.0,1.0,0.0,0.0
627.0,add,74.76526913503052,221.0,2.0,74.76990535945558,7.0,0.0,1.0,0.0,1.0
628.0,add,74.79579142537156,222.0,4.0,74.79603772887245,6.0,1.0,1.0,0.0,0.0
629.0,add,74.79603772887245,222.0,4.0,74.79603772887245,6.0,1.0,1.0,0.0,1.0
630.0,delete,74.6517691478054,222.0,4.0,74.79603772887245,5.0,1.0,1.0,0.0,0.0
631.0,swap,74.89299421413354,222.0,4.0,74.79603772887245,5.0,1.0,1.0,0.0,1.0
632.0,add,74.76861159856027,223.0,3.0,74.76526913503052,7.0,0.0,1.0,0.0,1.0
633.0,add,74.78442119424334,223.0,3.0,74.76526913503052,7.0,0.0,2.0,0.0,1.0
634.0,delete,74.79301692378847,223.0,3.0,74.76526913503052,6.0,0.0,1.0,0.0,1.0
635.0,swap,74.76526913503051,223.0,3.0,74.76526913503052,7.0,1.0,1.0,0.0,0.0
636.0,delete,74.695956977679,224.0,4.0,74.68507237461566,5.0,0.0,1.0,0.0,0.0
637.0,add,74.68507237461566,224.0,4.0,74.68507237461566,5.0,0.0,1.0,0.0,1.0
638.0,delete,74.74487258310693,224.0,4.0,74.68507237461566,4.0,0.0,1.0,0.0,0.0
639.0,swap,74.58397440407296,224.0,4.0,74.68507237461566,4.0,1.0,1.0,0.0,0.0
640.0,add,74.7981228774384,225.0,4.0,74.79975763010857,6.0,0.0,2.0,1.0,0.0
641.0,add,74.79120516134456,225.0,4.0,74.79975763010857,6.0,0.0,2.0,2.0,0.0
642.0,delete,74.65988178748405,225.0,4.0,74.79975763010857,5.0,0.0,2.0,1.0,0.0
643.0,swap,74.71451221854915,225.0,4.0,74.79975763010857,6.0,0.0,1.0,2.0,0.0
644.0,add,74.81104943504874,226.0,4.0,74.78442119424334,7.0,0.0,2.0,0.0,1.0
645.0,add,74.78442119424332,226.0,4.0,74.78442119424334,7.0,1.0,2.0,0.0,1.0
646.0,delete,74.76526913503052,226.0,4.0,74.78442119424334,7.0,0.0,1.0,0.0,1.0
647.0,swap,74.70453976518561,226.0,4.0,74.78442119424334,6.0,0.0,3.0,0.0,1.0
648.0,swap,74.7357025011332,227.0,4.0,74.72838746309162,6.0,1.0,1.0,0.0,0.0
649.0,add,74.74654698857744,227.0,4.0,74.72838746309162,6.0,1.0,1.0,0.0,1.0
650.0,delete,74.84303128276476,227.0,4.0,74.72838746309162,5.0,1.0,1.0,0.0,0.0
651.0,swap,74.64864162267482,227.0,4.0,74.72838746309162,5.0,1.0,1.0,0.0,1.0
652.0,swap,74.76438110133572,228.0,4.0,74.76526913503051,7.0,1.0,1.0,0.0,0.0
653.0,add,74.7652691350305,228.0,4.0,74.76526913503051,7.0,2.0,1.0,0.0,0.0
654.0,delete,74.76526913503052,228.0,4.0,74.76526913503051,7.0,0.0,1.0,0.0,0.0
655.0,swap,74.7299492862865,228.0,4.0,74.76526913503051,6.0,1.0,1.0,1.0,0.0
656.0,delete,74.67044415327564,229.0,4.0,74.67044415327565,5.0,1.0,1.0,0.0,0.0
657.0,add,74.63794399452013,229.0,4.0,74.67044415327565,5.0,1.0,1.0,1.0,0.0
658.0,delete,74.64782311874806,229.0,4.0,74.67044415327565,4.0,1.0,1.0,0.0,0.0
659.0,swap,74.57750387980556,229.0,4.0,74.67044415327565,4.0,1.0,2.0,0.0,0.0
660.0,swap,74.69149055172976,230.0,1.0,74.66782173472403,7.0,0.0,1.0,0.0,0.0
661.0,swap,74.69719825014069,231.0,2.0,74.69149055172976,7.0,0.0,1.0,0.0,0.0
662.0,add,74.69149055172976,231.0,2.0,74.69149055172976,7.0,1.0,1.0,0.0,0.0
663.0,delete,74.53988496986284,231.0,2.0,74.69149055172976,7.0,0.0,0.0,0.0,0.0
664.0,swap,74.66113219189991,231.0,2.0,74.69149055172976,6.0,1.0,1.0,0.0,0.0
665.0,swap,74.66038717163892,232.0,3.0,74.66113219189991,6.0,1.0,1.0,0.0,0.0
666.0,add,74.66113219189991,232.0,3.0,74.66113219189991,6.0,2.0,1.0,0.0,0.0
667.0,delete,74.64486061016358,232.0,3.0,74.66113219189991,5.0,1.0,1.0,0.0,0.0
668.0,swap,74.59567499081136,232.0,3.0,74.66113219189991,5.0,1.0,1.0,0.0,1.0
669.0,swap,74.69728410136506,233.0,3.0,74.69719825014069,7.0,0.0,1.0,0.0,0.0
670.0,add,74.7057916207499,233.0,3.0,74.69719825014069,7.0,0.0,1.0,0.0,1.0
671.0,delete,74.51714101103296,233.0,3.0,74.69719825014069,6.0,0.0,1.0,0.0,0.0
672.0,swap,74.75729935387378,233.0,3.0,74.69719825014069,6.0,0.0,1.0,0.0,1.0
673.0,add,74.69149055172976,234.0,3.0,74.69149055172976,7.0,1.0,1.0,0.0,0.0
674.0,add,74.69149055172976,234.0,3.0,74.69149055172976,7.0,1.0,1.0,0.0,1.0
675.0,delete,74.61520865836903,234.0,3.0,74.69149055172976,6.0,1.0,1.0,0.0,0.0
676.0,swap,74.59720773770175,234.0,3.0,74.69149055172976,6.0,1.0,2.0,0.0,0.0
677.0,add,74.53988496986284,235.0,3.0,74.53988496986284,7.0,0.0,0.0,0.0,1.0
678.0,delete,74.50231233450025,235.0,3.0,74.53988496986284,6.0,0.0,0.0,0.0,0.0
679.0,swap,74.43293172503779,235.0,3.0,74.53988496986284,6.0,0.0,0.0,1.0,0.0
680.0,change,74.69209684412351,236.0,2.0,74.67494286743246,7.0,0.0,1.0,0.0,0.0
681.0,add,74.69149055172976,237.0,2.0,74.657377610252,7.0,0.0,1.0,0.0,1.0
682.0,swap,74.75908986318554,238.0,2.0,74.64463743128273,6.0,1.0,1.0,0.0,0.0
683.0,change,74.68933396491306,239.0,3.0,74.69209684412351,7.0,0.0,1.0,0.0,0.0
684.0,add,74.69209684412351,239.0,3.0,74.69209684412351,7.0,0.0,1.0,0.0,1.0
685.0,delete,74.66096599264839,239.0,3.0,74.69209684412351,6.0,0.0,1.0,0.0,0.0
686.0,swap,74.592969917657,239.0,3.0,74.69209684412351,6.0,0.0,2.0,0.0,0.0
687.0,add,74.77492183185555,240.0,4.0,74.76526913503051,7.0,1.0,1.0,0.0,1.0
688.0,add,74.76526913503051,240.0,4.0,74.76526913503051,7.0,1.0,1.0,0.0,2.0
689.0,delete,74.68707567991314,240.0,4.0,74.76526913503051,6.0,1.0,1.0,0.0,1.0
690.0,swap,74.73658202958882,240.0,4.0,74.76526913503051,6.0,1.0,1.0,1.0,1.0
691.0,swap,74.72666488882594,241.0,3.0,74.75908986318554,6.0,1.0,1.0,0.0,0.0
692.0,add,74.75283309999143,241.0,3.0,74.75908986318554,6.0,1.0,1.0,0.0,1.0
693.0,delete,74.73826334224599,241.0,3.0,74.75908986318554,6.0,0.0,1.0,0.0,0.0
694.0,swap,74.45531869866808,241.0,3.0,74.75908986318554,5.0,1.0,1.0,0.0,1.0
695.0,swap,74.7375384581425,242.0,4.0,74.7115274052288,6.0,0.0,1.0,0.0,1.0
696.0,add,74.7115274052288,242.0,4.0,74.7115274052288,6.0,1.0,1.0,0.0,1.0
697.0,delete,74.70559094379547,242.0,4.0,74.7115274052288,5.0,0.0,1.0,0.0,1.0
698.0,swap,74.70450431275334,242.0,4.0,74.7115274052288,5.0,1.0,1.0,0.0,1.0
699.0,swap,74.66567303286648,243.0,4.0,74.67757288594834,5.0,0.0,2.0,0.0,0.0
700.0,add,74.67757288594834,243.0,4.0,74.67757288594834,5.0,0.0,2.0,0.0,1.0
701.0,delete,74.69254799818113,243.0,4.0,74.67757288594834,4.0,0.0,2.0,0.0,0.0
702.0,swap,74.01847770750385,243.0,4.0,74.67757288594834,4.0,1.0,2.0,0.0,0.0
703.0,add,74.67738735416644,244.0,3.0,74.69149055172976,7.0,0.0,1.0,0.0,1.0
704.0,add,74.652312607574,244.0,3.0,74.69149055172976,7.0,0.0,2.0,0.0,1.0
705.0,delete,74.73826334224599,244.0,3.0,74.69149055172976,6.0,0.0,1.0,0.0,1.0
706.0,swap,74.53988496986284,244.0,3.0,74.69149055172976,7.0,0.0,0.0,0.0,2.0
707.0,add,74.80375095402071,245.0,4.0,74.80214975589824,7.0,0.0,2.0,0.0,0.0
708.0,add,74.7559509427356,245.0,4.0,74.80214975589824,7.0,0.0,2.0,1.0,0.0
709.0,delete,74.77242070428419,245.0,4.0,74.80214975589824,7.0,0.0,1.0,0.0,0.0
710.0,swap,74.57100355605145,245.0,4.0,74.80214975589824,7.0,0.0,1.0,1.0,0.0
711.0,add,74.79603772887245,246.0,4.0,74.79603772887243,6.0,1.0,1.0,0.0,1.0
712.0,add,74.72665769406751,246.0,4.0,74.79603772887243,6.0,1.0,1.0,0.0,2.0
713.0,delete,74.79603772887243,246.0,4.0,74.79603772887243,6.0,1.0,1.0,0.0,0.0
714.0,swap,74.79603772887246,246.0,4.0,74.79603772887243,6.0,0.0,1.0,1.0,1.0
715.0,swap,74.74388235822495,247.0,4.0,74.75500472836953,6.0,0.0,2.0,0.0,0.0
716.0,add,74.7059580078166,247.0,4.0,74.75500472836953,6.0,1.0,2.0,0.0,0.0
717.0,delete,74.63566647497554,247.0,4.0,74.75500472836953,5.0,0.0,2.0,0.0,0.0
718.0,swap,74.62932371721926,247.0,4.0,74.75500472836953,5.0,0.0,2.0,0.0,1.0
719.0,add,74.7269840779198,248.0,4.0,74.72698816011359,6.0,1.0,1.0,0.0,1.0
720.0,add,74.72787252239614,248.0,4.0,74.72698816011359,6.0,1.0,1.0,0.0,2.0
721.0,delete,74.70922348803411,248.0,4.0,74.72698816011359,5.0,1.0,1.0,0.0,1.0
722.0,swap,74.70922348803411,248.0,4.0,74.72698816011359,5.0,1.0,1.0,0.0,2.0
723.0,delete,74.82178718122847,249.0,4.0,74.79301692378847,6.0,0.0,1.0,0.0,1.0
724.0,add,74.79301692378844,249.0,4.0,74.79301692378847,6.0,1.0,1.0,0.0,1.0
725.0,delete,74.79301692378847,249.0,4.0,74.79301692378847,6.0,0.0,1.0,0.0,0.0
726.0,swap,74.6405782064281,249.0,4.0,74.79301692378847,5.0,0.0,1.0,1.0,1.0
727.0,delete,74.76019539585857,250.0,4.0,74.76006215603661,6.0,0.0,1.0,0.0,1.0
728.0,add,74.76006215603661,250.0,4.0,74.76006215603661,6.0,0.0,1.0,0.0,2.0
729.0,delete,74.76006215603661,250.0,4.0,74.76006215603661,6.0,0.0,1.0,0.0,0.0
730.0,swap,74.68381675865838,250.0,4.0,74.76006215603661,5.0,0.0,2.0,0.0,1.0
731.0,swap,74.64182492117212,251.0,4.0,74.63082378351962,6.0,2.0,0.0,0.0,0.0
732.0,add,74.56678745542231,251.0,4.0,74.63082378351962,6.0,2.0,0.0,0.0,1.0
733.0,delete,74.62617027154039,251.0,4.0,74.63082378351962,5.0,2.0,0.0,0.0,0.0
734.0,swap,74.62317778644783,251.0,4.0,74.63082378351962,5.0,2.0,1.0,0.0,0.0
735.0,swap,74.75728408640144,252.0,4.0,74.75729935387378,6.0,0.0,1.0,0.0,1.0
736.0,add,74.75729935387378,252.0,4.0,74.75729935387378,6.0,0.0,1.0,0.0,2.0
737.0,delete,74.67710444675768,252.0,4.0,74.75729935387378,5.0,0.0,1.0,0.0,1.0
738.0,swap,74.48671283409075,252.0,4.0,74.75729935387378,6.0,0.0,1.0,0.0,1.0
739.0,add,74.77005580918109,253.0,4.0,74.77005580918107,7.0,1.0,1.0,0.0,0.0
740.0,add,74.77005580918107,253.0,4.0,74.77005580918107,7.0,1.0,1.0,0.0,1.0
741.0,delete,74.80373257047407,253.0,4.0,74.77005580918107,6.0,1.0,1.0,0.0,0.0
742.0,swap,74.81248426262364,253.0,4.0,74.77005580918107,6.0,1.0,1.0,0.0,1.0
743.0,delete,74.86048043786616,254.0,3.0,74.82454918561976,6.0,0.0,2.0,0.0,0.0
744.0,add,74.72682083119463,255.0,4.0,74.76861159856027,7.0,0.0,1.0,0.0,1.0
745.0,add,74.76861159856027,255.0,4.0,74.76861159856027,7.0,0.0,1.0,0.0,2.0
746.0,delete,74.80852616912587,255.0,4.0,74.76861159856027,6.0,0.0,1.0,0.0,1.0
747.0,swap,74.56895127509156,255.0,4.0,74.76861159856027,6.0,0.0,1.0,0.0,2.0
748.0,change,74.77021252295937,256.0,2.0,74.72483467837917,7.0,0.0,1.0,0.0,0.0
749.0,change,74.77589004936225,257.0,3.0,74.77021252295937,7.0,0.0,1.0,0.0,0.0
750.0,add,74.77021252295937,257.0,3.0,74.77021252295937,7.0,0.0,1.0,0.0,1.0
751.0,delete,74.76055869195632,257.0,3.0,74.77021252295937,6.0,0.0,1.0,0.0,0.0
752.0,swap,74.67611666803583,257.0,3.0,74.77021252295937,6.0,1.0,1.0,0.0,0.0
753.0,delete,74.85228492331828,258.0,4.0,74.86048043786616,6.0,0.0,2.0,0.0,0.0
754.0,add,74.9480843669627,258.0,4.0,74.86048043786616,6.0,0.0,3.0,0.0,0.0
755.0,delete,74.80411155603522,258.0,4.0,74.86048043786616,5.0,0.0,2.0,0.0,0.0
756.0,swap,74.7353446793472,258.0,4.0,74.86048043786616,6.0,0.0,1.0,1.0,0.0
757.0,swap,74.75237569137438,259.0,3.0,74.78603766211991,6.0,1.0,2.0,0.0,0.0
758.0,add,74.7706074223245,260.0,4.0,74.75459135309458,7.0,0.0,1.0,0.0,1.0
759.0,add,74.75459135309458,260.0,4.0,74.75459135309458,7.0,0.0,1.0,0.0,2.0
760.0,delete,74.76903477980599,260.0,4.0,74.75459135309458,6.0,0.0,1.0,0.0,1.0
761.0,swap,74.94663623860504,260.0,4.0,74.75459135309458,6.0,0.0,2.0,0.0,1.0
762.0,add,74.7898033957473,261.0,3.0,74.78519068640603,7.0,0.0,3.0,0.0,0.0
763.0,delete,74.68707567991315,262.0,4.0,74.68707567991314,6.0,1.0,1.0,0.0,0.0
764.0,add,74.69630078769073,262.0,4.0,74.68707567991314,6.0,1.0,1.0,1.0,0.0
765.0,delete,74.46841073917915,262.0,4.0,74.68707567991314,6.0,1.0,0.0,0.0,0.0
766.0,swap,74.69417001656878,262.0,4.0,74.68707567991314,6.0,0.0,1.0,1.0,0.0
767.0,change,74.778191515999,263.0,4.0,74.77589004936225,7.0,0.0,1.0,0.0,0.0
768.0,add,74.77589004936225,263.0,4.0,74.77589004936225,7.0,0.0,1.0,0.0,1.0
769.0,delete,74.73968469162902,263.0,4.0,74.77589004936225,6.0,0.0,1.0,0.0,0.0
770.0,swap,74.71409570149974,263.0,4.0,74.77589004936225,6.0,1.0,1.0,0.0,0.0
771.0,delete,74.64776916154902,264.0,4.0,74.64752220711782,6.0,0.0,0.0,1.0,0.0
772.0,add,74.59979415839159,264.0,4.0,74.64752220711782,6.0,0.0,1.0,1.0,0.0
773.0,delete,74.65642499256553,264.0,4.0,74.64752220711782,6.0,0.0,0.0,0.0,0.0
774.0,swap,74.60294294120673,264.0,4.0,74.64752220711782,5.0,0.0,0.0,2.0,0.0
775.0,add,74.72499352544533,265.0,4.0,74.75283309999143,6.0,1.0,1.0,0.0,1.0
776.0,add,74.75274116589132,265.0,4.0,74.75283309999143,6.0,1.0,1.0,0.0,2.0
777.0,delete,74.9190077608535,265.0,4.0,74.75283309999143,5.0,1.0,1.0,0.0,1.0
778.0,swap,74.59285533685237,265.0,4.0,74.75283309999143,5.0,1.0,2.0,0.0,1.0
779.0,add,74.69149055172976,266.0,4.0,74.69149055172976,7.0,1.0,1.0,0.0,1.0
780.0,add,74.69936306168293,266.0,4.0,74.69149055172976,7.0,1.0,1.0,0.0,2.0
781.0,delete,74.69149055172976,266.0,4.0,74.69149055172976,7.0,1.0,1.0,0.0,0.0
782.0,swap,74.69149055172976,266.0,4.0,74.69149055172976,7.0,1.0,1.0,0.0,1.0
783.0,swap,74.6720906797601,267.0,4.0,74.67611666803583,6.0,1.0,1.0,0.0,0.0
784.0,add,74.67757364560083,267.0,4.0,74.67611666803583,6.0,1.0,1.0,1.0,0.0
785.0,delete,74.64709150353501,267.0,4.0,74.67611666803583,5.0,1.0,1.0,0.0,0.0
786.0,swap,74.73264304107524,267.0,4.0,74.67611666803583,5.0,1.0,2.0,0.0,0.0
787.0,delete,74.73532470422992,268.0,2.0,74.71510298909224,6.0,0.0,1.0,0.0,0.0
788.0,swap,74.53988496986284,269.0,2.0,74.6889253455981,7.0,0.0,0.0,1.0,0.0
789.0,delete,74.73568170320534,270.0,3.0,74.73532470422992,6.0,0.0,1.0,0.0,0.0
790.0,add,74.73532470422991,270.0,3.0,74.73532470422992,6.0,1.0,1.0,0.0,0.0
791.0,delete,74.60592683865944,270.0,3.0,74.73532470422992,6.0,0.0,0.0,0.0,0.0
792.0,swap,74.69436029757529,270.0,3.0,74.73532470422992,5.0,1.0,1.0,0.0,0.0
793.0,add,74.74680142315437,271.0,4.0,74.7898033957473,7.0,0.0,3.0,0.0,0.0
794.0,add,74.7898033957473,271.0,4.0,74.7898033957473,7.0,0.0,3.0,0.0,1.0
795.0,delete,74.78936717361987,271.0,4.0,74.7898033957473,7.0,0.0,2.0,0.0,0.0
796.0,swap,74.86385073658568,271.0,4.0,74.7898033957473,6.0,0.0,3.0,1.0,0.0
797.0,change,74.76790477968102,272.0,3.0,74.79909222938494,7.0,0.0,1.0,0.0,1.0
798.0,add,74.76526913503051,273.0,3.0,74.7613492275604,7.0,1.0,1.0,0.0,1.0
799.0,swap,74.7516317081167,274.0,4.0,74.75237569137438,6.0,1.0,2.0,0.0,0.0
800.0,add,74.75147774305645,274.0,4.0,74.75237569137438,6.0,1.0,2.0,1.0,0.0
801.0,delete,74.53508773908551,274.0,4.0,74.75237569137438,5.0,1.0,2.0,0.0,0.0
802.0,swap,74.77631999897338,274.0,4.0,74.75237569137438,5.0,1.0,2.0,0.0,1.0
803.0,swap,74.73683707808486,275.0,4.0,74.73252039087437,6.0,0.0,1.0,0.0,1.0
804.0,add,74.65289256576766,275.0,4.0,74.73252039087437,6.0,1.0,1.0,0.0,1.0
805.0,delete,74.8795745494604,275.0,4.0,74.73252039087437,5.0,0.0,1.0,0.0,1.0
806.0,swap,74.6450354737532,275.0,4.0,74.73252039087437,5.0,0.0,1.0,0.0,2.0
807.0,delete,74.79636564272295,276.0,4.0,74.79628821909571,6.0,0.0,1.0,0.0,0.0
808.0,add,74.79628821909571,276.0,4.0,74.79628821909571,6.0,0.0,1.0,0.0,1.0
809.0,delete,74.69813102900486,276.0,4.0,74.79628821909571,5.0,0.0,1.0,0.0,0.0
810.0,swap,74.6514091149483,276.0,4.0,74.79628821909571,6.0,1.0,0.0,0.0,0.0
811.0,add,74.74500100545647,277.0,3.0,74.76994014475031,7.0,0.0,1.0,1.0,1.0
812.0,swap,74.69125018058023,278.0,4.0,74.69436029757529,5.0,1.0,1.0,0.0,0.0
813.0,add,74.69436029757529,278.0,4.0,74.69436029757529,5.0,1.0,1.0,0.0,1.0
814.0,delete,74.86269189589993,278.0,4.0,74.69436029757529,5.0,0.0,1.0,0.0,0.0
815.0,swap,74.8403408618845,278.0,4.0,74.69436029757529,5.0,0.0,2.0,0.0,0.0
816.0,swap,74.63808172551025,279.0,3.0,74.87902541565492,5.0,2.0,1.0,0.0,0.0
817.0,delete,74.61520865836904,280.0,2.0,74.50375349981593,6.0,0.0,1.0,0.0,0.0
818.0,add,74.76526913503052,281.0,2.0,74.76189824470285,7.0,0.0,1.0,0.0,1.0
819.0,add,74.77810171011397,282.0,3.0,74.76526913503052,7.0,0.0,1.0,0.0,1.0
820.0,add,74.76526913503051,282.0,3.0,74.76526913503052,7.0,0.0,1.0,1.0,1.0
821.0,delete,74.68707567991314,282.0,3.0,74.76526913503052,6.0,0.0,1.0,0.0,1.0
822.0,swap,74.76526913503051,282.0,3.0,74.76526913503052,7.0,1.0,1.0,0.0,0.0
823.0,delete,74.73721625468914,283.0,4.0,74.73568170320534,6.0,0.0,1.0,0.0,0.0
824.0,add,74.67673502112983,283.0,4.0,74.73568170320534,6.0,0.0,2.0,0.0,0.0
825.0,delete,74.60592683865944,283.0,4.0,74.73568170320534,6.0,0.0,0.0,0.0,0.0
826.0,swap,74.70649153659615,283.0,4.0,74.73568170320534,5.0,0.0,2.0,0.0,0.0
827.0,swap,74.89577901249432,284.0,5.0,74.8957790124943,5.0,1.0,1.0,0.0,1.0
828.0,add,74.61464785811513,284.0,5.0,74.8957790124943,5.0,1.0,1.0,0.0,2.0
829.0,delete,74.89577901249426,284.0,5.0,74.8957790124943,5.0,0.0,1.0,0.0,1.0
830.0,swap,74.8957790124943,284.0,5.0,74.8957790124943,5.0,2.0,1.0,0.0,0.0
831.0,change,74.7930169237885,285.0,3.0,74.80374800249784,6.0,1.0,1.0,0.0,0.0
832.0,change,74.81024952758001,286.0,4.0,74.7930169237885,6.0,1.0,1.0,0.0,0.0
833.0,add,74.79520673616332,286.0,4.0,74.7930169237885,6.0,1.0,1.0,1.0,0.0
834.0,delete,74.46459110340065,286.0,4.0,74.7930169237885,6.0,1.0,0.0,0.0,0.0
835.0,swap,74.79945499392637,286.0,4.0,74.7930169237885,5.0,1.0,1.0,0.0,1.0
836.0,delete,74.84658698771105,287.0,4.0,74.78574245277059,6.0,0.0,1.0,0.0,0.0
837.0,add,74.78574245277059,287.0,4.0,74.78574245277059,6.0,0.0,1.0,0.0,1.0
838.0,delete,74.69782364296015,287.0,4.0,74.78574245277059,5.0,0.0,1.0,0.0,0.0
839.0,swap,74.88819422520652,287.0,4.0,74.78574245277059,5.0,0.0,2.0,0.0,0.0
840.0,add,74.77894806771384,288.0,4.0,74.77021252295937,7.0,0.0,1.0,0.0,1.0
841.0,add,74.76635995058106,288.0,4.0,74.77021252295937,7.0,0.0,1.0,1.0,1.0
842.0,delete,74.73656361611609,288.0,4.0,74.77021252295937,6.0,0.0,1.0,0.0,1.0
843.0,swap,74.65715064579099,288.0,4.0,74.77021252295937,6.0,0.0,2.0,0.0,1.0
844.0,swap,74.53988496986285,289.0,3.0,74.53988496986284,7.0,0.0,0.0,1.0,0.0
845.0,add,74.53988496986284,289.0,3.0,74.53988496986284,7.0,0.0,0.0,1.0,1.0
846.0,delete,74.43742733154487,289.0,3.0,74.53988496986284,6.0,0.0,0.0,1.0,0.0
847.0,swap,74.70418632488708,289.0,3.0,74.53988496986284,6.0,0.0,0.0,1.0,1.0
848.0,add,74.76526913503051,290.0,4.0,74.76526913503051,7.0,0.0,1.0,1.0,1.0
849.0,add,74.76526913503051,290.0,4.0,74.76526913503051,7.0,0.0,1.0,1.0,2.0
850.0,delete,74.57922355224048,290.0,4.0,74.76526913503051,7.0,0.0,0.0,1.0,1.0
851.0,swap,74.68707567991311,290.0,4.0,74.76526913503051,6.0,1.0,1.0,1.0,1.0
852.0,delete,74.7097849863811,291.0,4.0,74.70945118835465,5.0,0.0,1.0,0.0,1.0
853.0,add,74.70945118835465,291.0,4.0,74.70945118835465,5.0,0.0,1.0,0.0,2.0
854.0,delete,74.50915306160852,291.0,4.0,74.70945118835465,5.0,0.0,0.0,0.0,1.0
855.0,swap,74.73648417735468,291.0,4.0,74.70945118835465,4.0,0.0,2.0,0.0,1.0
856.0,add,74.7486922146522,292.0,4.0,74.74875145736765,7.0,0.0,1.0,1.0,0.0
857.0,add,74.74875145736765,292.0,4.0,74.74875145736765,7.0,0.0,1.0,1.0,1.0
858.0,delete,74.75994531838495,292.0,4.0,74.74875145736765,7.0,0.0,1.0,0.0,0.0
859.0,swap,74.75994531838495,292.0,4.0,74.74875145736765,7.0,1.0,1.0,0.0,0.0
860.0,swap,74.75702898873057,293.0,4.0,74.76526913503051,7.0,1.0,1.0,0.0,0.0
861.0,add,74.76526913503051,293.0,4.0,74.76526913503051,7.0,2.0,1.0,0.0,0.0
862.0,delete,74.76526913503052,293.0,4.0,74.76526913503051,7.0,0.0,1.0,0.0,0.0
863.0,swap,74.76526913503051,293.0,4.0,74.76526913503051,7.0,1.0,1.0,0.0,0.0
864.0,add,74.77535373805841,294.0,4.0,74.77402637482483,7.0,0.0,1.0,1.0,0.0
865.0,add,74.71723567695273,294.0,4.0,74.77402637482483,7.0,0.0,2.0,1.0,0.0
866.0,delete,74.80294202185515,294.0,4.0,74.77402637482483,6.0,0.0,1.0,1.0,0.0
867.0,swap,74.8717354218868,294.0,4.0,74.77402637482483,6.0,0.0,1.0,1.0,1.0
868.0,add,74.76737257206544,295.0,3.0,74.78825864671558,7.0,0.0,1.0,0.0,1.0
869.0,delete,74.75798243211963,296.0,4.0,74.75996464109753,6.0,0.0,1.0,0.0,0.0
870.0,add,74.75996464109753,296.0,4.0,74.75996464109753,6.0,0.0,1.0,0.0,1.0
871.0,delete,74.87663511561732,296.0,4.0,74.75996464109753,5.0,0.0,1.0,0.0,0.0
872.0,swap,74.80207433572455,296.0,4.0,74.75996464109753,5.0,1.0,1.0,0.0,0.0
873.0,delete,74.76036508293303,297.0,4.0,74.76055869195632,6.0,0.0,1.0,0.0,0.0
874.0,add,74.76055869195632,297.0,4.0,74.76055869195632,6.0,0.0,1.0,0.0,1.0
875.0,delete,74.8866986981409,297.0,4.0,74.76055869195632,5.0,0.0,1.0,0.0,0.0
876.0,swap,74.62910078293949,297.0,4.0,74.76055869195632,6.0,0.0,0.0,1.0,0.0
877.0,add,74.77710358019947,298.0,4.0,74.77810171011397,7.0,0.0,1.0,0.0,1.0
878.0,add,74.77810171011397,298.0,4.0,74.77810171011397,7.0,0.0,1.0,0.0,2.0
879.0,delete,74.57922355224049,298.0,4.0,74.77810171011397,7.0,0.0,0.0,0.0,1.0
880.0,swap,74.74715582337677,298.0,4.0,74.77810171011397,7.0,0.0,1.0,1.0,0.0
881.0,delete,74.75488791599,299.0,4.0,74.7968523160905,6.0,0.0,1.0,0.0,0.0
882.0,add,74.7968523160905,299.0,4.0,74.7968523160905,6.0,1.0,1.0,0.0,0.0
883.0,delete,74.86559393907085,299.0,4.0,74.7968523160905,5.0,0.0,1.0,0.0,0.0
884.0,swap,74.64780304440185,299.0,4.0,74.7968523160905,5.0,0.0,1.0,1.0,0.0
885.0,add,74.74813578689752,300.0,4.0,74.76737257206544,7.0,0.0,1.0,0.0,1.0
886.0,add,74.69689447645557,300.0,4.0,74.76737257206544,7.0,0.0,1.0,0.0,2.0
887.0,delete,74.76737257206544,300.0,4.0,74.76737257206544,7.0,0.0,1.0,0.0,0.0
888.0,swap,74.68226696304366,300.0,4.0,74.76737257206544,6.0,1.0,1.0,0.0,1.0
889.0,delete,74.57223313025354,301.0,4.0,74.64057820642812,5.0,0.0,1.0,0.0,0.0
890.0,add,74.8502118424002,301.0,4.0,74.64057820642812,5.0,0.0,1.0,0.0,1.0
891.0,delete,74.79435097890413,301.0,4.0,74.64057820642812,4.0,0.0,1.0,0.0,0.0
892.0,swap,74.50732533942896,301.0,4.0,74.64057820642812,4.0,1.0,1.0,0.0,0.0
893.0,delete,74.65642499256552,302.0,3.0,74.8275503928121,6.0,1.0,0.0,0.0,0.0
894.0,change,74.77632429910415,303.0,4.0,74.76790477968102,7.0,0.0,1.0,0.0,1.0
895.0,add,74.76790477968102,303.0,4.0,74.76790477968102,7.0,0.0,1.0,0.0,2.0
896.0,delete,74.7923783022179,303.0,4.0,74.76790477968102,6.0,0.0,1.0,0.0,1.0
897.0,swap,74.7923783022179,303.0,4.0,74.76790477968102,6.0,0.0,1.0,0.0,2.0
898.0,delete,74.67092165200407,304.0,4.0,74.68707567991314,6.0,0.0,1.0,0.0,1.0
899.0,add,74.68329757968361,304.0,4.0,74.68707567991314,6.0,1.0,1.0,0.0,1.0
900.0,delete,74.67608477706251,304.0,4.0,74.68707567991314,5.0,0.0,1.0,0.0,1.0
901.0,swap,74.46841073917915,304.0,4.0,74.68707567991314,6.0,1.0,0.0,0.0,1.0
902.0,swap,74.426402109999,305.0,3.0,74.92914648505541,5.0,0.0,1.0,1.0,1.0
903.0,delete,74.73368826602662,306.0,3.0,74.80081795228378,6.0,0.0,1.0,0.0,0.0
904.0,add,74.75277694557916,307.0,4.0,74.75413063034804,7.0,0.0,2.0,0.0,0.0
905.0,add,74.75413063034804,307.0,4.0,74.75413063034804,7.0,0.0,2.0,0.0,1.0
906.0,delete,74.70261454135888,307.0,4.0,74.75413063034804,6.0,0.0,2.0,0.0,0.0
907.0,swap,74.70446774813429,307.0,4.0,74.75413063034804,6.0,0.0,2.0,1.0,0.0
908.0,add,74.79060958720197,308.0,3.0,74.78216172191146,6.0,2.0,1.0,0.0,0.0
909.0,delete,74.73449493278719,309.0,4.0,74.73368826602662,6.0,0.0,1.0,0.0,0.0
910.0,add,74.72301960960235,309.0,4.0,74.73368826602662,6.0,0.0,1.0,1.0,0.0
911.0,delete,74.65138351435083,309.0,4.0,74.73368826602662,5.0,0.0,1.0,0.0,0.0
912.0,swap,74.65138351435083,309.0,4.0,74.73368826602662,5.0,0.0,1.0,0.0,1.0
913.0,add,74.83992288152632,310.0,3.0,74.76914293245727,6.0,1.0,1.0,1.0,0.0
914.0,add,74.8374820332282,311.0,4.0,74.83992288152632,6.0,1.0,1.0,1.0,0.0
915.0,add,74.83992288152632,311.0,4.0,74.83992288152632,6.0,1.0,1.0,1.0,1.0
916.0,delete,74.79301692378851,311.0,4.0,74.83992288152632,6.0,1.0,1.0,0.0,0.0
917.0,swap,74.46688946854925,311.0,4.0,74.83992288152632,6.0,1.0,0.0,1.0,1.0
918.0,add,74.73532470422994,312.0,4.0,74.73532470422991,6.0,1.0,1.0,0.0,0.0
919.0,add,74.57391305427974,312.0,4.0,74.73532470422991,6.0,1.0,1.0,0.0,1.0
920.0,delete,74.60592683865943,312.0,4.0,74.73532470422991,6.0,1.0,0.0,0.0,0.0
921.0,swap,74.86269189589993,312.0,4.0,74.73532470422991,5.0,1.0,1.0,0.0,1.0
922.0,swap,74.76006215603661,313.0,3.0,74.75802755854275,6.0,0.0,1.0,0.0,2.0
923.0,swap,74.62327014979445,314.0,1.0,74.68580086053115,7.0,1.0,0.0,0.0,0.0
924.0,swap,74.62316388036626,315.0,2.0,74.62327014979445,7.0,1.0,0.0,0.0,0.0
925.0,add,74.78248247091503,315.0,2.0,74.62327014979445,7.0,1.0,0.0,0.0,1.0
926.0,delete,74.5739499986222,315.0,2.0,74.62327014979445,6.0,1.0,0.0,0.0,0.0
927.0,swap,74.65600225513671,315.0,2.0,74.62327014979445,6.0,1.0,0.0,1.0,0.0
928.0,add,74.78228323796078,316.0,3.0,74.78248247091503,7.0,1.0,0.0,0.0,1.0
929.0,add,74.76990809584042,316.0,3.0,74.78248247091503,7.0,1.0,1.0,0.0,1.0
930.0,delete,74.88250760009782,316.0,3.0,74.78248247091503,6.0,1.0,0.0,0.0,1.0
931.0,swap,74.76402986965633,316.0,3.0,74.78248247091503,7.0,0.0,0.0,1.0,1.0
932.0,swap,74.65589350414992,317.0,3.0,74.65600225513671,6.0,1.0,0.0,1.0,0.0
933.0,add,74.65600225513671,317.0,3.0,74.65600225513671,6.0,2.0,0.0,1.0,0.0
934.0,delete,74.60334945015597,317.0,3.0,74.65600225513671,5.0,1.0,0.0,1.0,0.0
935.0,swap,74.65164922713997,317.0,3.0,74.65600225513671,6.0,1.0,0.0,1.0,0.0
936.0,swap,74.62307537216617,318.0,3.0,74.62316388036626,7.0,1.0,0.0,0.0,0.0
937.0,add,74.76688521947597,318.0,3.0,74.62316388036626,7.0,1.0,0.0,0.0,1.0
938.0,delete,74.5136419608361,318.0,3.0,74.62316388036626,6.0,1.0,0.0,0.0,0.0
939.0,swap,74.52431133297705,318.0,3.0,74.62316388036626,6.0,2.0,0.0,0.0,0.0
940.0,delete,74.57409962514453,319.0,3.0,74.5739499986222,6.0,1.0,0.0,0.0,0.0
941.0,add,74.5739499986222,319.0,3.0,74.5739499986222,6.0,1.0,0.0,0.0,1.0
942.0,delete,74.39277179281324,319.0,3.0,74.5739499986222,5.0,1.0,0.0,0.0,0.0
943.0,swap,74.39277179281324,319.0,3.0,74.5739499986222,5.0,1.0,0.0,0.0,1.0
944.0,add,74.62327014979445,320.0,2.0,74.79624225489408,7.0,1.0,0.0,0.0,1.0
945.0,delete,74.88202010086148,321.0,4.0,74.88250760009782,6.0,1.0,0.0,0.0,1.0
946.0,add,74.88250760009782,321.0,4.0,74.88250760009782,6.0,2.0,0.0,0.0,1.0
947.0,delete,74.89298743771712,321.0,4.0,74.88250760009782,5.0,1.0,0.0,0.0,1.0
948.0,swap,74.83380588063909,321.0,4.0,74.88250760009782,6.0,1.0,0.0,0.0,1.0
949.0,add,74.6216501752269,322.0,3.0,74.62327014979445,7.0,1.0,0.0,0.0,1.0
950.0,add,74.62448233782034,322.0,3.0,74.62327014979445,7.0,2.0,0.0,0.0,1.0
951.0,delete,74.49858353167957,322.0,3.0,74.62327014979445,6.0,1.0,0.0,0.0,1.0
952.0,swap,74.5739499986222,322.0,3.0,74.62327014979445,6.0,2.0,0.0,0.0,1.0
953.0,swap,74.61963129869496,323.0,2.0,74.64457933834385,7.0,0.0,1.0,0.0,0.0
954.0,add,74.62327014979446,324.0,2.0,74.74389060620923,7.0,2.0,0.0,0.0,0.0
955.0,swap,74.64332769439875,325.0,3.0,74.61963129869496,7.0,0.0,1.0,0.0,0.0
956.0,add,74.61963129869496,325.0,3.0,74.61963129869496,7.0,0.0,1.0,0.0,1.0
957.0,delete,74.54616231653878,325.0,3.0,74.61963129869496,6.0,0.0,1.0,0.0,0.0
958.0,swap,74.73131751116736,325.0,3.0,74.61963129869496,6.0,1.0,1.0,0.0,0.0
959.0,change,74.62252212303684,326.0,2.0,74.61021555316431,7.0,1.0,0.0,0.0,0.0
960.0,add,74.62327014979445,327.0,3.0,74.62327014979446,7.0,2.0,0.0,0.0,0.0
961.0,add,74.62327014979446,327.0,3.0,74.62327014979446,7.0,2.0,0.0,0.0,1.0
962.0,delete,74.63867742812654,327.0,3.0,74.62327014979446,6.0,2.0,0.0,0.0,0.0
963.0,swap,74.57794690152359,327.0,3.0,74.62327014979446,7.0,1.0,0.0,1.0,0.0
964.0,change,74.62330122476038,328.0,3.0,74.62252212303684,7.0,1.0,0.0,0.0,0.0
965.0,add,74.62180676064077,328.0,3.0,74.62252212303684,7.0,1.0,0.0,1.0,0.0
966.0,delete,74.69858778134706,328.0,3.0,74.62252212303684,6.0,1.0,0.0,0.0,0.0
967.0,swap,74.62628732299741,328.0,3.0,74.62252212303684,7.0,0.0,1.0,0.0,0.0
968.0,add,74.76219562941739,329.0,4.0,74.76990809584042,7.0,1.0,1.0,0.0,1.0
969.0,add,74.76990809584042,329.0,4.0,74.76990809584042,7.0,1.0,1.0,0.0,2.0
970.0,delete,74.84692809390717,329.0,4.0,74.76990809584042,6.0,1.0,1.0,0.0,1.0
971.0,swap,74.81195067814329,329.0,4.0,74.76990809584042,6.0,1.0,1.0,1.0,1.0
972.0,swap,74.76116603740364,330.0,4.0,74.76402986965633,7.0,0.0,0.0,1.0,1.0
973.0,add,74.76402986965633,330.0,4.0,74.76402986965633,7.0,0.0,0.0,1.0,2.0
974.0,delete,74.84843949351385,330.0,4.0,74.76402986965633,6.0,0.0,0.0,1.0,1.0
975.0,swap,74.45018140951922,330.0,4.0,74.76402986965633,6.0,1.0,0.0,1.0,1.0
976.0,swap,74.65179605750114,331.0,4.0,74.65164922713997,6.0,1.0,0.0,1.0,0.0
977.0,add,74.65607423936491,331.0,4.0,74.65164922713997,6.0,1.0,0.0,1.0,1.0
978.0,delete,74.5793845478577,331.0,4.0,74.65164922713997,5.0,1.0,0.0,1.0,0.0
979.0,swap,74.62708764849884,331.0,4.0,74.65164922713997,5.0,1.0,0.0,2.0,0.0
980.0,add,74.78237936499045,332.0,4.0,74.78228323796078,7.0,1.0,0.0,0.0,1.0
981.0,add,74.78228323796078,332.0,4.0,74.78228323796078,7.0,1.0,0.0,0.0,2.0
982.0,delete,74.75846347978086,332.0,4.0,74.78228323796078,7.0,0.0,0.0,0.0,1.0
983.0,swap,74.78586310896918,332.0,4.0,74.78228323796078,6.0,1.0,1.0,0.0,1.0
984.0,swap,74.63477921916834,333.0,4.0,74.62628732299741,7.0,0.0,1.0,0.0,0.0
985.0,add,74.62628732299741,333.0,4.0,74.62628732299741,7.0,0.0,1.0,0.0,1.0
986.0,delete,74.57409810372988,333.0,4.0,74.62628732299741,6.0,0.0,1.0,0.0,0.0
987.0,swap,74.5623488810766,333.0,4.0,74.62628732299741,6.0,0.0,1.0,0.0,1.0
988.0,delete,74.70797344124128,334.0,3.0,74.76828323180439,6.0,0.0,1.0,0.0,1.0
989.0,swap,74.45611798844531,335.0,2.0,74.7440739920783,6.0,0.0,2.0,0.0,0.0
990.0,delete,74.75846347978086,336.0,3.0,74.87476572388267,7.0,0.0,0.0,0.0,1.0
991.0,add,74.82266316867391,337.0,4.0,74.75846347978086,7.0,0.0,1.0,0.0,1.0
992.0,delete,74.84843949351391,337.0,4.0,74.75846347978086,6.0,0.0,0.0,0.0,1.0
993.0,swap,74.77889588637355,337.0,4.0,74.75846347978086,6.0,0.0,1.0,0.0,1.0
994.0,add,74.62327014979445,338.0,4.0,74.62327014979446,7.0,2.0,0.0,0.0,1.0
995.0,add,74.62327014979446,338.0,4.0,74.62327014979446,7.0,3.0,0.0,0.0,1.0
996.0,delete,74.69971345631386,338.0,4.0,74.62327014979446,6.0,2.0,0.0,0.0,1.0
997.0,swap,74.49858353167956,338.0,4.0,74.62327014979446,6.0,2.0,0.0,1.0,1.0
998.0,swap,74.57922355224049,339.0,3.0,74.74966068721693,7.0,0.0,0.0,0.0,2.0
999.0,add,74.74751677620898,340.0,4.0,74.74500100545647,7.0,0.0,1.0,1.0,1.0
1000.0,add,74.74500100545646,340.0,4.0,74.74500100545647,7.0,1.0,1.0,1.0,1.0
1001.0,delete,74.77257233809449,340.0,4.0,74.74500100545647,6.0,0.0,1.0,1.0,1.0
1002.0,swap,74.77257233809449,340.0,4.0,74.74500100545647,6.0,1.0,1.0,1.0,1.0
1003.0,change,74.77923531341457,341.0,3.0,74.75675040157044,7.0,0.0,1.0,0.0,0.0
1004.0,delete,74.81291781507996,342.0,3.0,74.75945638958521,6.0,0.0,1.0,0.0,0.0
1005.0,change,74.77141450196778,343.0,4.0,74.77923531341457,7.0,0.0,1.0,0.0,0.0
1006.0,add,74.68343500503622,343.0,4.0,74.77923531341457,7.0,0.0,1.0,0.0,1.0
1007.0,delete,74.73629066721847,343.0,4.0,74.77923531341457,6.0,0.0,1.0,0.0,0.0
1008.0,swap,74.4835585426576,343.0,4.0,74.77923531341457,6.0,0.0,2.0,0.0,0.0
1009.0,change,74.69322642210824,344.0,2.0,74.6700413301251,7.0,0.0,1.0,0.0,0.0
1010.0,swap,74.4466764541584,345.0,3.0,74.45611798844531,6.0,0.0,2.0,0.0,0.0
1011.0,add,74.45611798844531,345.0,3.0,74.45611798844531,6.0,0.0,2.0,0.0,1.0
1012.0,delete,74.73532470422992,345.0,3.0,74.45611798844531,6.0,0.0,1.0,0.0,0.0
1013.0,swap,74.48945346564611,345.0,3.0,74.45611798844531,6.0,1.0,1.0,0.0,0.0
1014.0,add,74.69149055172976,346.0,2.0,74.66857582812223,7.0,1.0,1.0,0.0,0.0
1015.0,change,74.68822791181998,347.0,3.0,74.69322642210824,7.0,0.0,1.0,0.0,0.0
1016.0,add,74.69322642210824,347.0,3.0,74.69322642210824,7.0,1.0,1.0,0.0,0.0
1017.0,delete,74.66064384984828,347.0,3.0,74.69322642210824,6.0,0.0,1.0,0.0,0.0
1018.0,swap,74.90006083892486,347.0,3.0,74.69322642210824,6.0,0.0,2.0,0.0,0.0
1019.0,delete,74.61314555352318,348.0,3.0,74.61520865836904,6.0,0.0,1.0,0.0,0.0
1020.0,add,74.61520865836904,348.0,3.0,74.61520865836904,6.0,0.0,1.0,0.0,1.0
1021.0,delete,74.63342952765268,348.0,3.0,74.61520865836904,6.0,0.0,0.0,0.0,0.0
1022.0,swap,74.61959285458188,348.0,3.0,74.61520865836904,6.0,1.0,0.0,0.0,0.0
1023.0,delete,74.52765110688483,349.0,2.0,74.50150864160307,6.0,1.0,0.0,0.0,0.0
1024.0,add,74.95367799947188,350.0,5.0,74.9480843669627,6.0,0.0,3.0,0.0,0.0
1025.0,add,74.94808436696268,350.0,5.0,74.9480843669627,6.0,1.0,3.0,0.0,0.0
1026.0,delete,74.89878991981553,350.0,5.0,74.9480843669627,5.0,0.0,3.0,0.0,0.0
1027.0,swap,74.89577544630428,350.0,5.0,74.9480843669627,6.0,0.0,3.0,0.0,0.0
1028.0,change,74.79122039233303,351.0,3.0,74.74105518259803,7.0,0.0,2.0,0.0,0.0
1029.0,delete,74.76313230195044,352.0,3.0,74.85852711601305,6.0,0.0,2.0,0.0,0.0
1030.0,change,74.7933566045037,353.0,4.0,74.79122039233303,7.0,0.0,2.0,0.0,0.0
1031.0,add,74.50419040881212,353.0,4.0,74.79122039233303,7.0,0.0,2.0,0.0,1.0
1032.0,delete,74.9009691206895,353.0,4.0,74.79122039233303,6.0,0.0,2.0,0.0,0.0
1033.0,swap,74.71937523481878,353.0,4.0,74.79122039233303,6.0,0.0,2.0,1.0,0.0
1034.0,add,74.76526913503051,354.0,4.0,74.76526913503051,7.0,1.0,1.0,0.0,1.0
1035.0,add,74.76526913503051,354.0,4.0,74.76526913503051,7.0,1.0,1.0,0.0,2.0
1036.0,delete,74.79301692378844,354.0,4.0,74.76526913503051,6.0,1.0,1.0,0.0,1.0
1037.0,swap,74.60701101684525,354.0,4.0,74.76526913503051,6.0,1.0,2.0,0.0,1.0
1038.0,add,74.69277823465879,355.0,4.0,74.68707567991314,6.0,0.0,1.0,0.0,1.0
1039.0,add,74.68674516692366,355.0,4.0,74.68707567991314,6.0,0.0,2.0,0.0,1.0
1040.0,delete,74.66644767997225,355.0,4.0,74.68707567991314,5.0,0.0,1.0,0.0,1.0
1041.0,swap,74.63169069975498,355.0,4.0,74.68707567991314,5.0,0.0,2.0,0.0,1.0
1042.0,swap,74.75856321042849,356.0,4.0,74.76006215603661,6.0,0.0,1.0,0.0,2.0
1043.0,add,74.76006215603661,356.0,4.0,74.76006215603661,6.0,0.0,1.0,1.0,2.0
1044.0,delete,74.68507237461566,356.0,4.0,74.76006215603661,5.0,0.0,1.0,0.0,2.0
1045.0,swap,74.61657559473397,356.0,4.0,74.76006215603661,5.0,0.0,2.0,0.0,2.0
1046.0,change,74.76526913503052,357.0,3.0,74.78527685212819,7.0,1.0,1.0,0.0,0.0
1047.0,delete,74.77416866103064,358.0,4.0,74.76313230195044,6.0,0.0,2.0,0.0,0.0
1048.0,add,74.73676130427438,358.0,4.0,74.76313230195044,6.0,0.0,3.0,0.0,0.0
1049.0,delete,74.72010573033877,358.0,4.0,74.76313230195044,5.0,0.0,2.0,0.0,0.0
1050.0,swap,74.76324262013092,358.0,4.0,74.76313230195044,6.0,1.0,1.0,0.0,0.0
1051.0,swap,74.71699817724038,359.0,3.0,74.74046197164836,6.0,0.0,1.0,0.0,1.0
1052.0,change,74.76526913503051,360.0,4.0,74.76526913503052,7.0,1.0,1.0,0.0,0.0
1053.0,add,74.75696374851945,360.0,4.0,74.76526913503052,7.0,1.0,2.0,0.0,0.0
1054.0,delete,74.73532470422992,360.0,4.0,74.76526913503052,6.0,1.0,1.0,0.0,0.0
1055.0,swap,74.57512371324697,360.0,4.0,74.76526913503052,7.0,1.0,0.0,1.0,0.0
1056.0,add,74.62327014979445,361.0,2.0,74.72507669438436,7.0,1.0,0.0,0.0,1.0
1057.0,delete,74.57922355224049,362.0,3.0,74.74769644497351,7.0,0.0,0.0,0.0,0.0
1058.0,delete,74.64499542631876,363.0,3.0,74.81641483561202,5.0,0.0,1.0,0.0,0.0
1059.0,change,74.756816874255,364.0,2.0,74.73440611697193,7.0,0.0,1.0,0.0,0.0
1060.0,delete,74.72497276912549,365.0,3.0,74.74483972452535,6.0,0.0,1.0,0.0,1.0
1061.0,change,74.74060438118934,366.0,3.0,74.756816874255,7.0,0.0,1.0,0.0,0.0
1062.0,add,74.54141837539377,366.0,3.0,74.756816874255,7.0,0.0,1.0,0.0,1.0
1063.0,delete,74.70307415999193,366.0,3.0,74.756816874255,6.0,0.0,1.0,0.0,0.0
1064.0,swap,74.57922355224049,366.0,3.0,74.756816874255,7.0,0.0,0.0,1.0,0.0
1065.0,swap,74.66406925980027,367.0,2.0,74.63552209317405,6.0,1.0,1.0,0.0,0.0
1066.0,add,74.62117336820444,368.0,3.0,74.62327014979445,7.0,1.0,0.0,0.0,1.0
1067.0,add,74.62224625123253,368.0,3.0,74.62327014979445,7.0,1.0,0.0,0.0,2.0
1068.0,delete,74.5739499986222,368.0,3.0,74.62327014979445,6.0,1.0,0.0,0.0,1.0
1069.0,swap,74.57984994541239,368.0,3.0,74.62327014979445,6.0,1.0,1.0,0.0,1.0
1070.0,swap,74.8616418513132,369.0,5.0,74.86385073658568,6.0,0.0,3.0,1.0,0.0
1071.0,add,74.63941582279833,369.0,5.0,74.86385073658568,6.0,0.0,3.0,1.0,1.0
1072.0,delete,74.91016916854933,369.0,5.0,74.86385073658568,5.0,0.0,3.0,1.0,0.0
1073.0,swap,74.64683244404097,369.0,5.0,74.86385073658568,5.0,0.0,4.0,1.0,0.0
1074.0,delete,74.71666185893551,370.0,4.0,74.72497276912549,6.0,0.0,1.0,0.0,1.0
1075.0,add,74.72497276912549,370.0,4.0,74.72497276912549,6.0,0.0,1.0,0.0,2.0
1076.0,delete,74.72497276912549,370.0,4.0,74.72497276912549,6.0,0.0,1.0,0.0,0.0
1077.0,swap,74.50690162326548,370.0,4.0,74.72497276912549,5.0,0.0,1.0,0.0,2.0
1078.0,add,74.69149055172976,371.0,3.0,74.69149055172976,7.0,1.0,1.0,0.0,0.0
1079.0,add,74.72986991694286,371.0,3.0,74.69149055172976,7.0,1.0,1.0,1.0,0.0
1080.0,delete,74.6023565310345,371.0,3.0,74.69149055172976,6.0,1.0,1.0,0.0,0.0
1081.0,swap,74.68833648811477,371.0,3.0,74.69149055172976,6.0,1.0,2.0,0.0,0.0
1082.0,swap,74.46459110340066,372.0,4.0,74.46459110340069,6.0,1.0,0.0,0.0,0.0
1083.0,add,74.46459110340069,372.0,4.0,74.46459110340069,6.0,1.0,0.0,0.0,1.0
1084.0,delete,74.58575146161992,372.0,4.0,74.46459110340069,5.0,1.0,0.0,0.0,0.0
1085.0,swap,74.69986235553381,372.0,4.0,74.46459110340069,5.0,2.0,0.0,0.0,0.0
1086.0,swap,74.84596019306515,373.0,5.0,74.8376139484801,4.0,1.0,2.0,0.0,0.0
1087.0,add,74.84726922854988,373.0,5.0,74.8376139484801,4.0,2.0,2.0,0.0,0.0
1088.0,delete,74.7723654828482,373.0,5.0,74.8376139484801,3.0,1.0,2.0,0.0,0.0
1089.0,swap,74.9098025542852,373.0,5.0,74.8376139484801,3.0,2.0,2.0,0.0,0.0
1090.0,add,74.79022463704464,374.0,4.0,74.79060958720197,6.0,2.0,1.0,0.0,0.0
1091.0,add,74.70099658190699,374.0,4.0,74.79060958720197,6.0,2.0,2.0,0.0,0.0
1092.0,delete,74.79603772887243,374.0,4.0,74.79060958720197,6.0,1.0,1.0,0.0,0.0
1093.0,swap,74.7846743761725,374.0,4.0,74.79060958720197,5.0,3.0,1.0,0.0,0.0
1094.0,change,74.79603772887245,375.0,3.0,74.74923774892822,6.0,1.0,1.0,0.0,0.0
1095.0,delete,75.001106840413,376.0,5.0,75.00090709018089,4.0,0.0,2.0,1.0,0.0
1096.0,add,75.0009070901809,376.0,5.0,75.00090709018089,4.0,0.0,2.0,2.0,0.0
1097.0,delete,74.99086683003918,376.0,5.0,75.00090709018089,4.0,0.0,2.0,0.0,0.0
1098.0,swap,74.88257368084008,376.0,5.0,75.00090709018089,3.0,0.0,3.0,1.0,0.0
1099.0,add,74.94529942483109,377.0,5.0,74.94524309621556,5.0,0.0,2.0,2.0,0.0
1100.0,add,74.92313337696763,377.0,5.0,74.94524309621556,5.0,0.0,3.0,2.0,0.0
1101.0,delete,74.90689732433918,377.0,5.0,74.94524309621556,5.0,0.0,1.0,2.0,0.0
1102.0,swap,74.58894736596282,377.0,5.0,74.94524309621556,5.0,0.0,3.0,1.0,0.0
1103.0,swap,74.63267396134808,378.0,3.0,74.87941903348928,6.0,0.0,1.0,1.0,0.0
1104.0,add,74.80098688225509,379.0,3.0,74.75269593498494,6.0,1.0,1.0,1.0,0.0
1105.0,add,74.81079270478111,380.0,4.0,74.80098688225509,6.0,1.0,1.0,1.0,0.0
1106.0,add,74.69617803261916,380.0,4.0,74.80098688225509,6.0,1.0,1.0,1.0,1.0
1107.0,delete,74.80591134959023,380.0,4.0,74.80098688225509,6.0,0.0,1.0,1.0,0.0
1108.0,swap,74.39815766214309,380.0,4.0,74.80098688225509,6.0,1.0,2.0,0.0,0.0
1109.0,change,74.79603772887243,381.0,4.0,74.79603772887245,6.0,1.0,1.0,0.0,0.0
1110.0,add,74.79603772887246,381.0,4.0,74.79603772887245,6.0,2.0,1.0,0.0,0.0
1111.0,delete,74.79603772887243,381.0,4.0,74.79603772887245,6.0,0.0,1.0,0.0,0.0
1112.0,swap,74.71582495960914,381.0,4.0,74.79603772887245,5.0,1.0,1.0,1.0,0.0
1113.0,swap,74.69300753030751,382.0,4.0,74.63808172551025,5.0,2.0,1.0,0.0,0.0
1114.0,add,74.63808172551025,382.0,4.0,74.63808172551025,5.0,2.0,1.0,0.0,1.0
1115.0,delete,74.77466593796832,382.0,4.0,74.63808172551025,4.0,2.0,1.0,0.0,0.0
1116.0,swap,74.70739204110767,382.0,4.0,74.63808172551025,4.0,2.0,2.0,0.0,0.0
1117.0,delete,74.6564249925655,383.0,4.0,74.65642499256552,6.0,1.0,0.0,0.0,0.0
1118.0,add,74.65642499256552,383.0,4.0,74.65642499256552,6.0,1.0,0.0,0.0,1.0
1119.0,delete,74.65642499256553,383.0,4.0,74.65642499256552,6.0,0.0,0.0,0.0,0.0
1120.0,swap,74.66197890292888,383.0,4.0,74.65642499256552,6.0,0.0,1.0,0.0,0.0
1121.0,swap,74.70140968257918,384.0,3.0,74.76362110577051,6.0,0.0,2.0,0.0,1.0
1122.0,add,74.8979926367267,385.0,5.0,74.89841970616554,6.0,0.0,2.0,0.0,1.0
1123.0,add,74.82896130152245,385.0,5.0,74.89841970616554,6.0,0.0,2.0,1.0,1.0
1124.0,delete,74.97039424684206,385.0,5.0,74.89841970616554,5.0,0.0,2.0,0.0,1.0
1125.0,swap,74.84812756081777,385.0,5.0,74.89841970616554,5.0,0.0,2.0,1.0,1.0
1126.0,delete,74.79836735123132,386.0,5.0,74.80411155603522,5.0,0.0,2.0,0.0,0.0
1127.0,add,74.80411155603522,386.0,5.0,74.80411155603522,5.0,0.0,2.0,0.0,1.0
1128.0,delete,74.89682959413835,386.0,5.0,74.80411155603522,4.0,0.0,2.0,0.0,0.0
1129.0,swap,74.80289671749992,386.0,5.0,74.80411155603522,4.0,0.0,2.0,0.0,1.0
1130.0,delete,74.96078542597971,387.0,5.0,74.97039424684206,5.0,0.0,2.0,0.0,1.0
1131.0,add,74.71218962671696,387.0,5.0,74.97039424684206,5.0,0.0,2.0,0.0,2.0
1132.0,delete,74.99182562181446,387.0,5.0,74.97039424684206,4.0,0.0,2.0,0.0,1.0
1133.0,swap,74.83117020068764,387.0,5.0,74.97039424684206,4.0,1.0,2.0,0.0,1.0
1134.0,swap,74.9188957975632,388.0,3.0,74.78521800474319,6.0,1.0,2.0,0.0,0.0
1135.0,swap,74.91856621210526,389.0,4.0,74.9188957975632,6.0,1.0,2.0,0.0,0.0
1136.0,add,74.9188957975632,389.0,4.0,74.9188957975632,6.0,1.0,2.0,0.0,1.0
1137.0,delete,74.7221829368622,389.0,4.0,74.9188957975632,6.0,1.0,1.0,0.0,0.0
1138.0,swap,74.8586815524011,389.0,4.0,74.9188957975632,5.0,1.0,2.0,0.0,1.0
1139.0,add,74.80619645749695,390.0,3.0,74.78311706025617,7.0,0.0,2.0,0.0,1.0
1140.0,add,74.79964338670821,391.0,5.0,74.80375095402071,7.0,0.0,2.0,0.0,0.0
1141.0,add,74.80375095402071,391.0,5.0,74.80375095402071,7.0,0.0,2.0,0.0,1.0
1142.0,delete,74.87167292827664,391.0,5.0,74.80375095402071,6.0,0.0,2.0,0.0,0.0
1143.0,swap,74.77365249406354,391.0,5.0,74.80375095402071,6.0,0.0,3.0,0.0,0.0
1144.0,delete,74.74422880892799,392.0,4.0,74.70797344124128,6.0,0.0,1.0,0.0,1.0
1145.0,add,74.70797344124128,392.0,4.0,74.70797344124128,6.0,0.0,1.0,0.0,2.0
1146.0,delete,74.56784256085119,392.0,4.0,74.70797344124128,5.0,0.0,1.0,0.0,1.0
1147.0,swap,74.56784256085119,392.0,4.0,74.70797344124128,5.0,0.0,1.0,0.0,2.0
1148.0,add,74.80653189457298,393.0,4.0,74.80619645749695,7.0,0.0,2.0,0.0,1.0
1149.0,add,74.79332000106606,393.0,4.0,74.80619645749695,7.0,0.0,2.0,0.0,2.0
1150.0,delete,74.80925803348042,393.0,4.0,74.80619645749695,6.0,0.0,2.0,0.0,1.0
1151.0,swap,74.80330864336305,393.0,4.0,74.80619645749695,6.0,0.0,2.0,0.0,2.0
1152.0,swap,74.7012518002115,394.0,4.0,74.70140968257918,6.0,0.0,2.0,0.0,1.0
1153.0,add,74.70140968257918,394.0,4.0,74.70140968257918,6.0,0.0,2.0,1.0,1.0
1154.0,delete,74.63927425958803,394.0,4.0,74.70140968257918,5.0,0.0,2.0,0.0,1.0
1155.0,swap,74.60949091378706,394.0,4.0,74.70140968257918,5.0,0.0,2.0,0.0,2.0
1156.0,add,74.88947363798164,395.0,5.0,74.9188957975632,6.0,1.0,2.0,0.0,1.0
1157.0,add,74.91889579756321,395.0,5.0,74.9188957975632,6.0,1.0,2.0,0.0,2.0
1158.0,delete,74.7221829368622,395.0,5.0,74.9188957975632,6.0,1.0,1.0,0.0,1.0
1159.0,swap,74.96377492428678,395.0,5.0,74.9188957975632,5.0,2.0,2.0,0.0,1.0
1160.0,delete,74.9008389945595,396.0,5.0,74.90075444101352,6.0,0.0,2.0,0.0,0.0
1161.0,add,74.87972820240589,396.0,5.0,74.90075444101352,6.0,0.0,3.0,0.0,0.0
1162.0,delete,74.89293519401772,396.0,5.0,74.90075444101352,5.0,0.0,2.0,0.0,0.0
1163.0,swap,74.45156259970706,396.0,5.0,74.90075444101352,5.0,1.0,2.0,0.0,0.0
1164.0,add,74.76526913503051,397.0,3.0,74.7458235622837,7.0,1.0,1.0,0.0,1.0
1165.0,add,74.52511954416308,398.0,2.0,74.76243112891666,7.0,0.0,1.0,0.0,1.0
1166.0,add,74.5465558994382,399.0,3.0,74.52511954416308,7.0,0.0,1.0,0.0,1.0
1167.0,add,74.64913726493347,399.0,3.0,74.52511954416308,7.0,0.0,1.0,0.0,2.0
1168.0,delete,74.76526913503052,399.0,3.0,74.52511954416308,7.0,0.0,1.0,0.0,0.0
1169.0,swap,74.72812883520996,399.0,3.0,74.52511954416308,6.0,1.0,1.0,0.0,1.0
1170.0,delete,74.73233828262538,400.0,4.0,74.73532470422992,6.0,0.0,1.0,0.0,0.0
1171.0,add,74.72919604518148,400.0,4.0,74.73532470422992,6.0,0.0,1.0,1.0,0.0
1172.0,delete,74.66644767997225,400.0,4.0,74.73532470422992,5.0,0.0,1.0,0.0,0.0
1173.0,swap,74.6488218785424,400.0,4.0,74.73532470422992,5.0,1.0,1.0,0.0,0.0
1174.0,change,74.74241242599133,401.0,4.0,74.74060438118934,7.0,0.0,1.0,0.0,0.0
1175.0,add,74.71073844749515,401.0,4.0,74.74060438118934,7.0,0.0,2.0,0.0,0.0
1176.0,delete,74.75387546803378,401.0,4.0,74.74060438118934,6.0,0.0,1.0,0.0,0.0
1177.0,swap,74.75126876515372,401.0,4.0,74.74060438118934,6.0,1.0,1.0,0.0,0.0
1178.0,swap,74.77219805500252,402.0,4.0,74.72812883520996,6.0,1.0,1.0,0.0,1.0
1179.0,add,74.72798174062834,402.0,4.0,74.72812883520996,6.0,1.0,2.0,0.0,1.0
1180.0,delete,74.6149272030429,402.0,4.0,74.72812883520996,6.0,0.0,1.0,0.0,1.0
1181.0,swap,74.7292757843257,402.0,4.0,74.72812883520996,6.0,1.0,1.0,0.0,1.0
1182.0,delete,74.68477977421934,403.0,4.0,74.70307415999193,6.0,0.0,1.0,0.0,0.0
1183.0,add,74.63239305341827,403.0,4.0,74.70307415999193,6.0,0.0,2.0,0.0,0.0
1184.0,delete,74.70004179633916,403.0,4.0,74.70307415999193,5.0,0.0,1.0,0.0,0.0
1185.0,swap,74.64124234036872,403.0,4.0,74.70307415999193,6.0,0.0,1.0,0.0,0.0
1186.0,delete,74.76886802155671,404.0,4.0,74.76526913503052,7.0,0.0,1.0,0.0,0.0
1187.0,add,74.76329324840566,404.0,4.0,74.76526913503052,7.0,0.0,2.0,0.0,0.0
1188.0,delete,74.68707567991314,404.0,4.0,74.76526913503052,6.0,0.0,1.0,0.0,0.0
1189.0,swap,74.68707567991312,404.0,4.0,74.76526913503052,6.0,1.0,1.0,0.0,0.0
1190.0,swap,74.936289141132,405.0,5.0,74.92736841473186,5.0,0.0,2.0,1.0,0.0
1191.0,add,74.84799933965306,405.0,5.0,74.92736841473186,5.0,0.0,2.0,2.0,0.0
1192.0,delete,74.92587441844098,405.0,5.0,74.92736841473186,5.0,0.0,1.0,1.0,0.0
1193.0,swap,74.83221010506503,405.0,5.0,74.92736841473186,4.0,1.0,2.0,1.0,0.0
1194.0,swap,74.63060496932562,406.0,4.0,74.63267396134808,6.0,0.0,1.0,1.0,0.0
1195.0,add,74.63267396134808,406.0,4.0,74.63267396134808,6.0,0.0,1.0,1.0,1.0
1196.0,delete,74.65147020215362,406.0,4.0,74.63267396134808,5.0,0.0,1.0,1.0,0.0
1197.0,swap,74.6475222071178,406.0,4.0,74.63267396134808,6.0,0.0,0.0,2.0,0.0
1198.0,add,74.64589750004599,407.0,4.0,74.64913726493347,7.0,0.0,1.0,0.0,2.0
1199.0,add,74.64913726493346,407.0,4.0,74.64913726493347,7.0,1.0,1.0,0.0,2.0
1200.0,delete,74.69484543681966,407.0,4.0,74.64913726493347,6.0,0.0,1.0,0.0,2.0
1201.0,swap,74.44536718967862,407.0,4.0,74.64913726493347,7.0,0.0,1.0,1.0,1.0
1202.0,swap,74.90279928078095,408.0,4.0,74.90006083892486,6.0,0.0,2.0,0.0,0.0
1203.0,add,74.90119634340208,408.0,4.0,74.90006083892486,6.0,0.0,3.0,0.0,0.0
1204.0,delete,74.6951221859297,408.0,4.0,74.90006083892486,5.0,0.0,2.0,0.0,0.0
1205.0,swap,74.7403279694305,408.0,4.0,74.90006083892486,6.0,1.0,1.0,0.0,0.0
1206.0,change,74.67039602548371,409.0,4.0,74.68822791181998,7.0,0.0,1.0,0.0,0.0
1207.0,add,74.69645637129301,409.0,4.0,74.68822791181998,7.0,0.0,1.0,0.0,1.0
1208.0,delete,74.5984160396799,409.0,4.0,74.68822791181998,6.0,0.0,1.0,0.0,0.0
1209.0,swap,74.73912471361598,409.0,4.0,74.68822791181998,6.0,1.0,1.0,0.0,0.0
1210.0,change,74.68795340471227,410.0,4.0,74.68933396491306,7.0,0.0,1.0,0.0,0.0
1211.0,add,74.6719668505752,410.0,4.0,74.68933396491306,7.0,1.0,1.0,0.0,0.0
1212.0,delete,74.73561220465446,410.0,4.0,74.68933396491306,6.0,0.0,1.0,0.0,0.0
1213.0,swap,74.61772506793879,410.0,4.0,74.68933396491306,6.0,0.0,1.0,1.0,0.0
1214.0,swap,74.82219590085178,411.0,3.0,74.73702382465709,5.0,0.0,2.0,0.0,1.0
1215.0,swap,74.85175120223643,412.0,4.0,74.82219590085178,5.0,0.0,2.0,0.0,1.0
1216.0,add,74.82392773882039,412.0,4.0,74.82219590085178,5.0,0.0,3.0,0.0,1.0
1217.0,delete,74.66300431476812,412.0,4.0,74.82219590085178,5.0,0.0,1.0,0.0,1.0
1218.0,swap,74.82219590085178,412.0,4.0,74.82219590085178,5.0,0.0,2.0,0.0,1.0
1219.0,change,74.71919442403522,413.0,3.0,74.7293720115881,6.0,0.0,1.0,0.0,1.0
1220.0,add,74.7458709872146,414.0,3.0,74.72005834729956,6.0,0.0,1.0,0.0,2.0
1221.0,swap,74.84414973152586,415.0,5.0,74.84414973152589,5.0,2.0,1.0,0.0,0.0
1222.0,add,74.49512594714548,415.0,5.0,74.84414973152589,5.0,2.0,2.0,0.0,0.0
1223.0,delete,74.85281223535512,415.0,5.0,74.84414973152589,4.0,2.0,1.0,0.0,0.0
1224.0,swap,74.90746424860956,415.0,5.0,74.84414973152589,4.0,2.0,2.0,0.0,0.0
1225.0,change,74.71646758764375,416.0,4.0,74.71919442403522,6.0,0.0,1.0,0.0,1.0
1226.0,add,74.71919442403522,416.0,4.0,74.71919442403522,6.0,0.0,1.0,0.0,2.0
1227.0,delete,74.87047671321974,416.0,4.0,74.71919442403522,5.0,0.0,1.0,0.0,1.0
1228.0,swap,74.52554451316814,416.0,4.0,74.71919442403522,5.0,0.0,2.0,0.0,1.0
1229.0,add,74.72180062475942,417.0,4.0,74.72986991694286,7.0,1.0,1.0,1.0,0.0
1230.0,add,74.72986991694287,417.0,4.0,74.72986991694286,7.0,2.0,1.0,1.0,0.0
1231.0,delete,74.72986991694286,417.0,4.0,74.72986991694286,7.0,0.0,1.0,1.0,0.0
1232.0,swap,74.72986991694286,417.0,4.0,74.72986991694286,7.0,0.0,1.0,1.0,1.0
1233.0,delete,74.7245217145663,418.0,4.0,74.73826334224599,6.0,0.0,1.0,0.0,1.0
1234.0,add,74.92692156105974,418.0,4.0,74.73826334224599,6.0,0.0,2.0,0.0,1.0
1235.0,delete,74.56829576080457,418.0,4.0,74.73826334224599,5.0,0.0,1.0,0.0,1.0
1236.0,swap,74.63279257075827,418.0,4.0,74.73826334224599,5.0,0.0,1.0,1.0,1.0
1237.0,swap,74.57922355224046,419.0,4.0,74.57922355224049,7.0,0.0,0.0,1.0,0.0
1238.0,add,74.57922355224049,419.0,4.0,74.57922355224049,7.0,1.0,0.0,1.0,0.0
1239.0,delete,74.46459110340065,419.0,4.0,74.57922355224049,6.0,0.0,0.0,1.0,0.0
1240.0,swap,74.65717596019994,419.0,4.0,74.57922355224049,6.0,0.0,1.0,1.0,0.0
1241.0,add,74.69640162991779,420.0,4.0,74.69322642210824,7.0,1.0,1.0,0.0,0.0
1242.0,add,74.69322642210822,420.0,4.0,74.69322642210824,7.0,1.0,1.0,1.0,0.0
1243.0,delete,74.69322642210824,420.0,4.0,74.69322642210824,7.0,0.0,1.0,0.0,0.0
1244.0,swap,74.73333756471501,420.0,4.0,74.69322642210824,7.0,0.0,2.0,0.0,0.0
1245.0,change,74.80544793589725,421.0,3.0,74.66056335773017,6.0,0.0,1.0,1.0,0.0
1246.0,change,74.8049225372667,422.0,4.0,74.80544793589725,6.0,0.0,1.0,1.0,0.0
1247.0,add,74.76880638169001,422.0,4.0,74.80544793589725,6.0,0.0,1.0,2.0,0.0
1248.0,delete,74.63503457897498,422.0,4.0,74.80544793589725,5.0,0.0,1.0,1.0,0.0
1249.0,swap,74.91043232497921,422.0,4.0,74.80544793589725,5.0,1.0,1.0,1.0,0.0
1250.0,swap,74.87628371784965,423.0,3.0,74.79631006673404,5.0,1.0,2.0,0.0,0.0
1251.0,swap,74.80926361337126,424.0,5.0,74.80926361337129,6.0,1.0,1.0,0.0,1.0
1252.0,add,74.68910790438345,424.0,5.0,74.80926361337129,6.0,2.0,1.0,0.0,1.0
1253.0,delete,74.86446880816519,424.0,5.0,74.80926361337129,5.0,1.0,1.0,0.0,1.0
1254.0,swap,74.70439389177626,424.0,5.0,74.80926361337129,5.0,1.0,2.0,0.0,1.0
1255.0,swap,74.49169709211712,425.0,4.0,74.48945346564611,6.0,1.0,1.0,0.0,0.0
1256.0,add,74.49808299790658,425.0,4.0,74.48945346564611,6.0,1.0,1.0,1.0,0.0
1257.0,delete,74.44874475431087,425.0,4.0,74.48945346564611,6.0,1.0,0.0,0.0,0.0
1258.0,swap,74.45510602097346,425.0,4.0,74.48945346564611,6.0,1.0,0.0,1.0,0.0
1259.0,swap,74.7003836974146,426.0,4.0,74.68833648811477,6.0,1.0,2.0,0.0,0.0
1260.0,add,74.68833648811477,426.0,4.0,74.68833648811477,6.0,1.0,2.0,0.0,1.0
1261.0,delete,74.60121785097199,426.0,4.0,74.68833648811477,5.0,1.0,2.0,0.0,0.0
1262.0,swap,74.55250137746097,426.0,4.0,74.68833648811477,5.0,1.0,3.0,0.0,0.0
1263.0,swap,74.66336772816311,427.0,3.0,74.66406925980027,6.0,1.0,1.0,0.0,0.0
1264.0,add,74.66406925980027,427.0,3.0,74.66406925980027,6.0,1.0,1.0,0.0,1.0
1265.0,delete,74.63116488255275,427.0,3.0,74.66406925980027,5.0,1.0,1.0,0.0,0.0
1266.0,swap,74.58400921449605,427.0,3.0,74.66406925980027,5.0,1.0,1.0,1.0,0.0
1267.0,swap,74.7960731428294,428.0,3.0,74.72665248826362,6.0,1.0,1.0,1.0,0.0
1268.0,add,74.77894081517017,429.0,4.0,74.76526913503051,7.0,1.0,1.0,0.0,1.0
1269.0,add,74.76526913503051,429.0,4.0,74.76526913503051,7.0,1.0,1.0,0.0,2.0
1270.0,delete,74.76526913503051,429.0,4.0,74.76526913503051,7.0,1.0,1.0,0.0,0.0
1271.0,swap,74.79957507958522,429.0,4.0,74.76526913503051,6.0,1.0,1.0,0.0,2.0
1272.0,swap,74.79931997615306,430.0,5.0,74.8586815524011,5.0,1.0,2.0,0.0,1.0
1273.0,add,74.84755276640875,430.0,5.0,74.8586815524011,5.0,1.0,2.0,0.0,2.0
1274.0,delete,74.75463124287943,430.0,5.0,74.8586815524011,5.0,1.0,1.0,0.0,1.0
1275.0,swap,74.97373232385947,430.0,5.0,74.8586815524011,4.0,1.0,2.0,0.0,2.0
1276.0,change,74.7900030122068,431.0,3.0,74.76165053122976,7.0,0.0,2.0,0.0,0.0
1277.0,swap,74.9006850595339,432.0,5.0,74.89910098055611,6.0,0.0,2.0,0.0,1.0
1278.0,add,74.66714004244761,432.0,5.0,74.89910098055611,6.0,0.0,2.0,0.0,2.0
1279.0,delete,74.89249760695132,432.0,5.0,74.89910098055611,5.0,0.0,2.0,0.0,1.0
1280.0,swap,74.89313406487585,432.0,5.0,74.89910098055611,5.0,0.0,3.0,0.0,1.0
1281.0,swap,74.79642262963903,433.0,5.0,74.80330864336305,6.0,0.0,2.0,0.0,2.0
1282.0,add,74.80330864336305,433.0,5.0,74.80330864336305,6.0,0.0,2.0,0.0,3.0
1283.0,delete,75.02538338357891,433.0,5.0,74.80330864336305,5.0,0.0,2.0,0.0,2.0
1284.0,swap,74.85715777426066,433.0,5.0,74.80330864336305,6.0,0.0,3.0,0.0,1.0
1285.0,swap,74.75790340444465,434.0,5.0,74.76324262013092,6.0,1.0,1.0,0.0,0.0
1286.0,add,74.62677794020819,434.0,5.0,74.76324262013092,6.0,1.0,2.0,0.0,0.0
1287.0,delete,74.71656182924323,434.0,5.0,74.76324262013092,5.0,1.0,1.0,0.0,0.0
1288.0,swap,74.85484289500816,434.0,5.0,74.76324262013092,5.0,1.0,1.0,1.0,0.0
1289.0,swap,74.79616107153383,435.0,4.0,74.7960731428294,6.0,1.0,1.0,1.0,0.0
1290.0,add,74.79266900826339,435.0,4.0,74.7960731428294,6.0,1.0,1.0,2.0,0.0
1291.0,delete,74.91159735563292,435.0,4.0,74.7960731428294,5.0,1.0,1.0,1.0,0.0
1292.0,swap,74.68445318064589,435.0,4.0,74.7960731428294,6.0,0.0,1.0,1.0,1.0
1293.0,swap,74.63416553902061,436.0,1.0,74.69784625256986,7.0,1.0,0.0,0.0,0.0
1294.0,swap,74.63416553902061,437.0,2.0,74.63416553902061,7.0,1.0,0.0,0.0,0.0
1295.0,add,74.67447464714208,437.0,2.0,74.63416553902061,7.0,1.0,1.0,0.0,0.0
1296.0,delete,74.63416553902063,437.0,2.0,74.63416553902061,7.0,0.0,0.0,0.0,0.0
1297.0,swap,74.58563933316633,437.0,2.0,74.63416553902061,6.0,1.0,0.0,0.0,1.0
1298.0,swap,74.58563933316631,438.0,3.0,74.58563933316633,6.0,1.0,0.0,0.0,1.0
1299.0,add,74.58563933316631,438.0,3.0,74.58563933316633,6.0,2.0,0.0,0.0,1.0
1300.0,delete,74.57252194286527,438.0,3.0,74.58563933316633,5.0,1.0,0.0,0.0,1.0
1301.0,swap,74.6498016976799,438.0,3.0,74.58563933316633,5.0,1.0,0.0,1.0,1.0
1302.0,add,74.6744746471421,439.0,3.0,74.67447464714208,7.0,1.0,1.0,0.0,0.0
1303.0,add,74.6744746471421,439.0,3.0,74.67447464714208,7.0,2.0,1.0,0.0,0.0
1304.0,delete,74.68077656164107,439.0,3.0,74.67447464714208,6.0,1.0,1.0,0.0,0.0
1305.0,swap,74.58701689958322,439.0,3.0,74.67447464714208,6.0,1.0,2.0,0.0,0.0
1306.0,swap,74.63416553902061,440.0,3.0,74.63416553902061,7.0,1.0,0.0,0.0,0.0
1307.0,add,74.63416553902061,440.0,3.0,74.63416553902061,7.0,1.0,0.0,0.0,1.0
1308.0,delete,74.52482483630273,440.0,3.0,74.63416553902061,6.0,1.0,0.0,0.0,0.0
1309.0,swap,74.75803950883899,440.0,3.0,74.63416553902061,7.0,0.0,1.0,0.0,0.0
1310.0,add,74.65338811565684,441.0,3.0,74.63416553902063,7.0,0.0,0.0,1.0,0.0
1311.0,delete,74.52482483630274,441.0,3.0,74.63416553902063,6.0,0.0,0.0,0.0,0.0
1312.0,swap,74.52605412102976,441.0,3.0,74.63416553902063,6.0,0.0,0.0,0.0,1.0
1313.0,add,74.63416553902061,442.0,2.0,74.6582434805301,7.0,1.0,0.0,0.0,1.0
1314.0,change,74.63416553902061,443.0,2.0,74.63707219244071,7.0,1.0,0.0,0.0,0.0
1315.0,add,74.63416553902059,444.0,3.0,74.63416553902061,7.0,1.0,0.0,0.0,1.0
1316.0,add,74.63416553902061,444.0,3.0,74.63416553902061,7.0,1.0,0.0,0.0,2.0
1317.0,delete,74.52482483630273,444.0,3.0,74.63416553902061,6.0,1.0,0.0,0.0,1.0
1318.0,swap,74.5868092052309,444.0,3.0,74.63416553902061,6.0,2.0,0.0,0.0,1.0
1319.0,delete,74.64840748163554,445.0,2.0,74.58460815300249,6.0,1.0,0.0,0.0,0.0
1320.0,change,74.63416553902063,446.0,3.0,74.63416553902061,7.0,1.0,0.0,0.0,0.0
1321.0,add,74.63416553902061,446.0,3.0,74.63416553902061,7.0,2.0,0.0,0.0,0.0
1322.0,delete,74.52482483630271,446.0,3.0,74.63416553902061,6.0,1.0,0.0,0.0,0.0
1323.0,swap,74.5593552760092,446.0,3.0,74.63416553902061,6.0,1.0,0.0,0.0,1.0
1324.0,swap,74.51253159666845,447.0,2.0,74.59584832800883,6.0,2.0,0.0,0.0,0.0
1325.0,delete,74.64840748163554,448.0,3.0,74.64840748163554,6.0,1.0,0.0,0.0,0.0
1326.0,add,74.64840748163554,448.0,3.0,74.64840748163554,6.0,1.0,0.0,0.0,1.0
1327.0,delete,74.6167341536182,448.0,3.0,74.64840748163554,5.0,1.0,0.0,0.0,0.0
1328.0,swap,74.71527562282326,448.0,3.0,74.64840748163554,5.0,1.0,1.0,0.0,0.0
1329.0,swap,74.51813187438005,449.0,3.0,74.51253159666845,6.0,2.0,0.0,0.0,0.0
1330.0,add,74.38614830804953,449.0,3.0,74.51253159666845,6.0,2.0,1.0,0.0,0.0
1331.0,delete,74.26303545420066,449.0,3.0,74.51253159666845,5.0,2.0,0.0,0.0,0.0
1332.0,swap,74.5599942707433,449.0,3.0,74.51253159666845,5.0,2.0,1.0,0.0,0.0
1333.0,change,74.74643355573589,450.0,4.0,74.7900030122068,7.0,0.0,2.0,0.0,0.0
1334.0,add,74.7976256019506,450.0,4.0,74.7900030122068,7.0,0.0,2.0,0.0,1.0
1335.0,delete,74.71567656161922,450.0,4.0,74.7900030122068,6.0,0.0,2.0,0.0,0.0
1336.0,swap,74.7634591508453,450.0,4.0,74.7900030122068,6.0,0.0,2.0,0.0,1.0
1337.0,add,74.75538307500182,451.0,5.0,74.75538307500184,6.0,1.0,1.0,0.0,2.0
1338.0,add,74.74950276552627,451.0,5.0,74.75538307500184,6.0,1.0,1.0,1.0,2.0
1339.0,delete,74.73740155269265,451.0,5.0,74.75538307500184,5.0,1.0,1.0,0.0,2.0
1340.0,swap,74.87563525719969,451.0,5.0,74.75538307500184,5.0,1.0,1.0,0.0,3.0
1341.0,delete,74.91159735563295,452.0,5.0,74.91159735563292,5.0,1.0,1.0,1.0,0.0
1342.0,add,74.74066209071988,452.0,5.0,74.91159735563292,5.0,1.0,1.0,1.0,1.0
1343.0,delete,74.91159735563294,452.0,5.0,74.91159735563292,5.0,0.0,1.0,1.0,0.0
1344.0,swap,74.7787055408248,452.0,5.0,74.91159735563292,4.0,2.0,1.0,1.0,0.0
1345.0,swap,74.79957507958522,453.0,5.0,74.79957507958522,6.0,1.0,1.0,0.0,2.0
1346.0,add,74.79957507958524,453.0,5.0,74.79957507958522,6.0,2.0,1.0,0.0,2.0
1347.0,delete,74.6760847770625,453.0,5.0,74.79957507958522,5.0,1.0,1.0,0.0,2.0
1348.0,swap,74.62769110543931,453.0,5.0,74.79957507958522,6.0,2.0,0.0,0.0,2.0
1349.0,add,74.57817068597375,454.0,4.0,74.5465558994382,7.0,0.0,1.0,0.0,1.0
1350.0,add,74.5465558994382,454.0,4.0,74.5465558994382,7.0,0.0,1.0,0.0,2.0
1351.0,delete,74.46588590175897,454.0,4.0,74.5465558994382,6.0,0.0,1.0,0.0,1.0
1352.0,swap,74.38835153879774,454.0,4.0,74.5465558994382,7.0,0.0,2.0,0.0,0.0
1353.0,change,74.79537177494103,455.0,3.0,74.7941360163802,6.0,0.0,1.0,0.0,0.0
1354.0,add,74.60592683865944,456.0,4.0,74.60592683865944,6.0,0.0,0.0,0.0,1.0
1355.0,delete,74.57194905101899,456.0,4.0,74.60592683865944,5.0,0.0,0.0,0.0,0.0
1356.0,swap,74.66339199678544,456.0,4.0,74.60592683865944,5.0,0.0,1.0,0.0,0.0
1357.0,add,74.79235318919903,457.0,5.0,74.78936717361987,7.0,1.0,2.0,0.0,1.0
1358.0,add,74.80619645749697,457.0,5.0,74.78936717361987,7.0,1.0,2.0,0.0,2.0
1359.0,delete,74.86491219707156,457.0,5.0,74.78936717361987,6.0,1.0,2.0,0.0,1.0
1360.0,swap,74.71672693301608,457.0,5.0,74.78936717361987,6.0,1.0,2.0,0.0,2.0
1361.0,swap,74.90667661612073,458.0,5.0,74.94663623860504,6.0,0.0,2.0,0.0,1.0
1362.0,add,74.87169889156561,458.0,5.0,74.94663623860504,6.0,0.0,2.0,0.0,2.0
1363.0,delete,74.94531196733315,458.0,5.0,74.94663623860504,5.0,0.0,2.0,0.0,1.0
1364.0,swap,74.68110690968447,458.0,5.0,74.94663623860504,6.0,0.0,2.0,0.0,1.0
1365.0,change,74.77006237096374,459.0,3.0,74.80693899960933,7.0,0.0,1.0,0.0,1.0
1366.0,change,74.77470183986999,460.0,4.0,74.77006237096374,7.0,0.0,1.0,0.0,1.0
1367.0,add,74.71017968340729,460.0,4.0,74.77006237096374,7.0,0.0,1.0,1.0,1.0
1368.0,delete,74.73653169172724,460.0,4.0,74.77006237096374,6.0,0.0,1.0,0.0,1.0
1369.0,swap,74.81250239888762,460.0,4.0,74.77006237096374,6.0,0.0,1.0,1.0,1.0
1370.0,swap,74.9311998521221,461.0,5.0,74.91856621210526,6.0,1.0,2.0,0.0,0.0
1371.0,add,74.90327100514422,461.0,5.0,74.91856621210526,6.0,1.0,2.0,0.0,1.0
1372.0,delete,74.91207201189289,461.0,5.0,74.91856621210526,5.0,1.0,2.0,0.0,0.0
1373.0,swap,74.69752314586623,461.0,5.0,74.91856621210526,6.0,1.0,2.0,0.0,0.0
1374.0,swap,74.77413729642483,462.0,5.0,74.77631999897338,5.0,1.0,2.0,0.0,1.0
1375.0,add,74.76928549635686,462.0,5.0,74.77631999897338,5.0,1.0,2.0,0.0,2.0
1376.0,delete,74.74242608388565,462.0,5.0,74.77631999897338,4.0,1.0,2.0,0.0,1.0
1377.0,swap,74.76962966449636,462.0,5.0,74.77631999897338,5.0,0.0,2.0,0.0,2.0
1378.0,change,74.75762895882235,463.0,3.0,74.7283042945065,7.0,0.0,1.0,0.0,1.0
1379.0,change,74.74954605158052,464.0,4.0,74.75762895882235,7.0,0.0,1.0,0.0,1.0
1380.0,add,74.75762895882235,464.0,4.0,74.75762895882235,7.0,1.0,1.0,0.0,1.0
1381.0,delete,74.69378621390472,464.0,4.0,74.75762895882235,6.0,0.0,1.0,0.0,1.0
1382.0,swap,74.71029555153233,464.0,4.0,74.75762895882235,6.0,0.0,2.0,0.0,1.0
1383.0,add,74.80445082051205,465.0,5.0,74.79332000106606,7.0,0.0,2.0,0.0,2.0
1384.0,add,74.5527376419146,465.0,5.0,74.79332000106606,7.0,0.0,3.0,0.0,2.0
1385.0,delete,74.78883324284445,465.0,5.0,74.79332000106606,6.0,0.0,2.0,0.0,2.0
1386.0,swap,74.68603433058885,465.0,5.0,74.79332000106606,6.0,1.0,2.0,0.0,2.0
1387.0,add,74.78514435082634,466.0,5.0,74.78596596358499,7.0,1.0,2.0,0.0,1.0
1388.0,add,74.78596596358499,466.0,5.0,74.78596596358499,7.0,1.0,2.0,0.0,2.0
1389.0,delete,74.76016402853323,466.0,5.0,74.78596596358499,6.0,1.0,2.0,0.0,1.0
1390.0,swap,74.84823963100192,466.0,5.0,74.78596596358499,6.0,2.0,2.0,0.0,1.0
1391.0,swap,74.75183957263457,467.0,5.0,74.81248426262364,6.0,1.0,1.0,0.0,1.0
1392.0,add,74.81248426262364,467.0,5.0,74.81248426262364,6.0,1.0,1.0,0.0,2.0
1393.0,delete,74.66089394793062,467.0,5.0,74.81248426262364,5.0,1.0,1.0,0.0,1.0
1394.0,swap,74.83052180767241,467.0,5.0,74.81248426262364,5.0,1.0,2.0,0.0,1.0
1395.0,change,74.75717093230561,468.0,3.0,74.73193727520894,7.0,0.0,1.0,0.0,1.0
1396.0,add,74.5792235522405,469.0,4.0,74.57922355224049,7.0,1.0,0.0,0.0,2.0
1397.0,delete,74.63342952765268,469.0,4.0,74.57922355224049,6.0,0.0,0.0,0.0,2.0
1398.0,swap,74.62861363892578,469.0,4.0,74.57922355224049,6.0,0.0,0.0,0.0,3.0
1399.0,delete,74.72418266840172,470.0,3.0,74.7913242331313,6.0,0.0,1.0,0.0,0.0
1400.0,add,74.79603772887245,471.0,3.0,74.78652604901109,6.0,1.0,1.0,0.0,0.0
1401.0,delete,74.91677271723266,472.0,5.0,74.91597399044672,5.0,0.0,1.0,0.0,0.0
1402.0,add,74.91597399044672,472.0,5.0,74.91597399044672,5.0,0.0,1.0,0.0,1.0
1403.0,delete,74.77655574484241,472.0,5.0,74.91597399044672,4.0,0.0,1.0,0.0,0.0
1404.0,swap,74.76676856798474,472.0,5.0,74.91597399044672,4.0,1.0,1.0,0.0,0.0
1405.0,change,74.79621834587077,473.0,4.0,74.79537177494103,6.0,0.0,1.0,0.0,0.0
1406.0,add,74.79632195350139,473.0,4.0,74.79537177494103,6.0,0.0,2.0,0.0,0.0
1407.0,delete,74.91193339473574,473.0,4.0,74.79537177494103,5.0,0.0,1.0,0.0,0.0
1408.0,swap,74.88892151877674,473.0,4.0,74.79537177494103,5.0,0.0,2.0,0.0,0.0
1409.0,add,74.79603772887243,474.0,4.0,74.79603772887245,6.0,1.0,1.0,0.0,0.0
1410.0,add,74.7604892004973,474.0,4.0,74.79603772887245,6.0,1.0,1.0,1.0,0.0
1411.0,delete,74.65642499256553,474.0,4.0,74.79603772887245,6.0,1.0,0.0,0.0,0.0
1412.0,swap,74.89025846806824,474.0,4.0,74.79603772887245,5.0,1.0,2.0,0.0,0.0
1413.0,delete,74.91366147823317,475.0,5.0,74.91193339473574,5.0,0.0,1.0,0.0,0.0
1414.0,add,74.93996644532403,475.0,5.0,74.91193339473574,5.0,0.0,2.0,0.0,0.0
1415.0,delete,74.84401780764662,475.0,5.0,74.91193339473574,4.0,0.0,1.0,0.0,0.0
1416.0,swap,74.74964409143888,475.0,5.0,74.91193339473574,4.0,0.0,2.0,0.0,0.0
1417.0,delete,74.63037253049957,476.0,4.0,74.64499542631876,5.0,0.0,1.0,0.0,0.0
1418.0,add,74.64499542631876,476.0,4.0,74.64499542631876,5.0,0.0,1.0,0.0,1.0
1419.0,delete,74.81227478232674,476.0,4.0,74.64499542631876,4.0,0.0,1.0,0.0,0.0
1420.0,swap,74.81227478232675,476.0,4.0,74.64499542631876,4.0,1.0,1.0,0.0,0.0
1421.0,swap,74.58254975331398,477.0,4.0,74.58140377853977,5.0,0.0,2.0,0.0,0.0
1422.0,add,74.47183476618883,477.0,4.0,74.58140377853977,5.0,0.0,2.0,0.0,1.0
1423.0,delete,74.48500407340019,477.0,4.0,74.58140377853977,4.0,0.0,2.0,0.0,0.0
1424.0,swap,74.52420195992202,477.0,4.0,74.58140377853977,4.0,1.0,2.0,0.0,0.0
1425.0,delete,74.79957507958522,478.0,2.0,74.71599380246388,6.0,0.0,1.0,0.0,0.0
1426.0,delete,74.71061962580855,479.0,3.0,74.79957507958522,6.0,0.0,1.0,0.0,0.0
1427.0,add,74.79957507958522,479.0,3.0,74.79957507958522,6.0,0.0,1.0,0.0,1.0
1428.0,delete,74.82181210878838,479.0,3.0,74.79957507958522,5.0,0.0,1.0,0.0,0.0
1429.0,swap,74.82181210878838,479.0,3.0,74.79957507958522,5.0,0.0,1.0,1.0,0.0
1430.0,delete,74.782077614558,480.0,4.0,74.82181210878838,5.0,0.0,1.0,0.0,0.0
1431.0,add,74.89251391938113,480.0,4.0,74.82181210878838,5.0,0.0,2.0,0.0,0.0
1432.0,delete,74.71619083601573,480.0,4.0,74.82181210878838,4.0,0.0,1.0,0.0,0.0
1433.0,swap,74.42698254158402,480.0,4.0,74.82181210878838,4.0,1.0,1.0,0.0,0.0
1434.0,delete,74.74490889122886,481.0,4.0,74.72418266840172,6.0,0.0,1.0,0.0,0.0
1435.0,add,74.55717735194986,481.0,4.0,74.72418266840172,6.0,1.0,1.0,0.0,0.0
1436.0,delete,74.81863067092192,481.0,4.0,74.72418266840172,5.0,0.0,1.0,0.0,0.0
1437.0,swap,74.69211897704888,481.0,4.0,74.72418266840172,5.0,1.0,1.0,0.0,0.0
1438.0,swap,74.79603772887243,482.0,5.0,74.79603772887246,6.0,0.0,1.0,1.0,1.0
1439.0,add,74.75263139902754,482.0,5.0,74.79603772887246,6.0,0.0,1.0,2.0,1.0
1440.0,delete,74.71582495960912,482.0,5.0,74.79603772887246,5.0,0.0,1.0,1.0,1.0
1441.0,swap,74.70793179770088,482.0,5.0,74.79603772887246,6.0,0.0,2.0,1.0,0.0
1442.0,add,74.72494409232458,483.0,3.0,74.71242132744902,7.0,0.0,2.0,0.0,1.0
1443.0,swap,74.42632741082397,484.0,4.0,74.426402109999,5.0,0.0,1.0,1.0,1.0
1444.0,add,74.426402109999,484.0,4.0,74.426402109999,5.0,0.0,1.0,1.0,2.0
1445.0,delete,74.40671593790613,484.0,4.0,74.426402109999,4.0,0.0,1.0,1.0,1.0
1446.0,swap,74.12769103885606,484.0,4.0,74.426402109999,4.0,1.0,1.0,1.0,1.0
1447.0,swap,74.59567499081137,485.0,4.0,74.59567499081136,5.0,1.0,1.0,0.0,1.0
1448.0,add,74.64239542845442,485.0,4.0,74.59567499081136,5.0,1.0,2.0,0.0,1.0
1449.0,delete,74.47702825651703,485.0,4.0,74.59567499081136,4.0,1.0,1.0,0.0,1.0
1450.0,swap,74.70095184947593,485.0,4.0,74.59567499081136,4.0,2.0,1.0,0.0,1.0
1451.0,delete,74.84699547849334,486.0,5.0,74.85228492331828,6.0,0.0,2.0,0.0,0.0
1452.0,add,74.85228492331828,486.0,5.0,74.85228492331828,6.0,0.0,2.0,0.0,1.0
1453.0,delete,74.91087236748935,486.0,5.0,74.85228492331828,5.0,0.0,2.0,0.0,0.0
1454.0,swap,74.86844832773987,486.0,5.0,74.85228492331828,5.0,0.0,2.0,1.0,0.0
1455.0,delete,74.86491219707156,487.0,3.0,74.82523649649632,6.0,0.0,2.0,0.0,0.0
1456.0,delete,74.8648676248575,488.0,4.0,74.86491219707156,6.0,0.0,2.0,0.0,0.0
1457.0,add,74.87711809445763,488.0,4.0,74.86491219707156,6.0,0.0,2.0,0.0,1.0
1458.0,delete,74.91523458000455,488.0,4.0,74.86491219707156,5.0,0.0,2.0,0.0,0.0
1459.0,swap,74.8025414738757,488.0,4.0,74.86491219707156,5.0,0.0,2.0,0.0,1.0
1460.0,add,74.81148175416358,489.0,5.0,74.7976256019506,7.0,0.0,2.0,0.0,1.0
1461.0,add,74.76809570293823,489.0,5.0,74.7976256019506,7.0,0.0,2.0,1.0,1.0
1462.0,delete,74.70251649777389,489.0,5.0,74.7976256019506,7.0,0.0,1.0,0.0,1.0
1463.0,swap,74.85004537826597,489.0,5.0,74.7976256019506,6.0,0.0,2.0,0.0,2.0
1464.0,change,74.74960635343662,490.0,4.0,74.75717093230561,7.0,0.0,1.0,0.0,1.0
1465.0,add,74.77068763077064,490.0,4.0,74.75717093230561,7.0,0.0,2.0,0.0,1.0
1466.0,delete,74.75850868905539,490.0,4.0,74.75717093230561,6.0,0.0,1.0,0.0,1.0
1467.0,swap,74.7024848488575,490.0,4.0,74.75717093230561,6.0,0.0,1.0,1.0,1.0
1468.0,swap,74.80449047741877,491.0,3.0,74.78262703878815,6.0,1.0,2.0,0.0,0.0
1469.0,delete,74.79301692378844,492.0,3.0,74.64660658065299,6.0,1.0,1.0,0.0,0.0
1470.0,swap,74.76483117957721,493.0,3.0,74.82186767433056,7.0,0.0,2.0,0.0,0.0
1471.0,swap,74.80914119922909,494.0,4.0,74.80449047741877,6.0,1.0,2.0,0.0,0.0
1472.0,add,74.80449047741877,494.0,4.0,74.80449047741877,6.0,2.0,2.0,0.0,0.0
1473.0,delete,74.68390764470037,494.0,4.0,74.80449047741877,5.0,1.0,2.0,0.0,0.0
1474.0,swap,74.79957507958525,494.0,4.0,74.80449047741877,6.0,1.0,1.0,1.0,0.0
1475.0,delete,74.91508424770919,495.0,5.0,74.91523458000455,5.0,0.0,2.0,0.0,0.0
1476.0,add,74.61072924543703,495.0,5.0,74.91523458000455,5.0,0.0,2.0,0.0,1.0
1477.0,delete,74.58307386461121,495.0,5.0,74.91523458000455,5.0,0.0,1.0,0.0,0.0
1478.0,swap,74.89292656430217,495.0,5.0,74.91523458000455,4.0,1.0,2.0,0.0,0.0
1479.0,add,74.7880249696738,496.0,5.0,74.78442119424332,7.0,1.0,2.0,0.0,1.0
1480.0,add,74.78442119424332,496.0,5.0,74.78442119424332,7.0,1.0,2.0,0.0,2.0
1481.0,delete,74.86537754091528,496.0,5.0,74.78442119424332,6.0,1.0,2.0,0.0,1.0
1482.0,swap,74.79643993639483,496.0,5.0,74.78442119424332,6.0,1.0,2.0,1.0,1.0
1483.0,add,74.76526913503052,497.0,3.0,74.77618770202069,7.0,0.0,1.0,0.0,2.0
1484.0,swap,74.76473662563635,498.0,4.0,74.76483117957721,7.0,0.0,2.0,0.0,0.0
1485.0,add,74.76483117957721,498.0,4.0,74.76483117957721,7.0,0.0,2.0,0.0,1.0
1486.0,delete,74.71805428614566,498.0,4.0,74.76483117957721,6.0,0.0,2.0,0.0,0.0
1487.0,swap,74.81280495318072,498.0,4.0,74.76483117957721,6.0,0.0,2.0,1.0,0.0
1488.0,add,74.76526913503051,499.0,5.0,74.7652691350305,7.0,2.0,1.0,0.0,0.0
1489.0,add,74.7652691350305,499.0,5.0,74.7652691350305,7.0,2.0,1.0,0.0,1.0
1490.0,delete,74.68707567991314,499.0,5.0,74.7652691350305,6.0,2.0,1.0,0.0,0.0
1491.0,swap,74.59947898201108,499.0,5.0,74.7652691350305,7.0,2.0,0.0,0.0,1.0
1492.0,swap,74.78009953565699,500.0,4.0,74.82181210878838,5.0,0.0,1.0,1.0,0.0
1493.0,add,74.88810639816606,500.0,4.0,74.82181210878838,5.0,0.0,2.0,1.0,0.0
1494.0,delete,74.7493433991977,500.0,4.0,74.82181210878838,4.0,0.0,1.0,1.0,0.0
1495.0,swap,74.8294782943046,500.0,4.0,74.82181210878838,4.0,0.0,2.0,1.0,0.0
1496.0,add,74.8404119638186,501.0,4.0,74.79957507958522,6.0,0.0,1.0,0.0,1.0
1497.0,add,74.79784022925004,501.0,4.0,74.79957507958522,6.0,1.0,1.0,0.0,1.0
1498.0,delete,74.74879644127797,501.0,4.0,74.79957507958522,5.0,0.0,1.0,0.0,1.0
1499.0,swap,74.87738002185922,501.0,4.0,74.79957507958522,5.0,1.0,1.0,0.0,1.0
1500.0,delete,74.65280279977458,502.0,4.0,74.71061962580855,6.0,0.0,1.0,0.0,0.0
1501.0,add,74.6957906434199,502.0,4.0,74.71061962580855,6.0,0.0,1.0,0.0,1.0
1502.0,delete,74.44448781867587,502.0,4.0,74.71061962580855,6.0,0.0,0.0,0.0,0.0
1503.0,swap,74.50293784802369,502.0,4.0,74.71061962580855,5.0,0.0,1.0,0.0,1.0
1504.0,delete,74.81518903113339,503.0,4.0,74.79301692378844,6.0,1.0,1.0,0.0,0.0
1505.0,add,74.82544772736023,503.0,4.0,74.79301692378844,6.0,1.0,1.0,0.0,1.0
1506.0,delete,74.89577901249426,503.0,4.0,74.79301692378844,5.0,1.0,1.0,0.0,0.0
1507.0,swap,74.79301692378844,503.0,4.0,74.79301692378844,6.0,0.0,1.0,1.0,0.0
1508.0,delete,74.91290732723074,504.0,5.0,74.89577901249426,5.0,1.0,1.0,0.0,0.0
1509.0,add,74.90121842693962,504.0,5.0,74.89577901249426,5.0,1.0,2.0,0.0,0.0
1510.0,delete,74.77193960482339,504.0,5.0,74.89577901249426,4.0,1.0,1.0,0.0,0.0
1511.0,swap,74.57598384120644,504.0,5.0,74.89577901249426,5.0,1.0,1.0,0.0,0.0
1512.0,change,74.7764698716653,505.0,3.0,74.75571959196854,7.0,1.0,1.0,0.0,0.0
1513.0,add,74.87704892953273,506.0,5.0,74.87711809445763,6.0,0.0,2.0,0.0,1.0
1514.0,add,74.88251959038244,506.0,5.0,74.87711809445763,6.0,0.0,2.0,1.0,1.0
1515.0,delete,74.86652475123095,506.0,5.0,74.87711809445763,5.0,0.0,2.0,0.0,1.0
1516.0,swap,74.96797105893314,506.0,5.0,74.87711809445763,5.0,1.0,2.0,0.0,1.0
1517.0,swap,74.73560052758174,507.0,5.0,74.7353446793472,6.0,0.0,1.0,1.0,0.0
1518.0,add,74.54141359856256,507.0,5.0,74.7353446793472,6.0,0.0,1.0,1.0,1.0
1519.0,delete,74.60594923006546,507.0,5.0,74.7353446793472,6.0,0.0,0.0,1.0,0.0
1520.0,swap,74.62641115947218,507.0,5.0,74.7353446793472,5.0,0.0,1.0,1.0,1.0
1521.0,add,74.72757806676451,508.0,4.0,74.72494409232458,7.0,0.0,2.0,0.0,1.0
1522.0,add,74.84236868310461,508.0,4.0,74.72494409232458,7.0,0.0,3.0,0.0,1.0
1523.0,delete,74.65267460150443,508.0,4.0,74.72494409232458,6.0,0.0,2.0,0.0,1.0
1524.0,swap,74.62435857163582,508.0,4.0,74.72494409232458,6.0,1.0,2.0,0.0,1.0
1525.0,add,74.75994531838495,509.0,3.0,74.75321715323147,7.0,0.0,1.0,0.0,1.0
1526.0,change,74.76331739740684,510.0,3.0,74.71883880956509,7.0,0.0,1.0,0.0,0.0
1527.0,change,74.74416171433697,511.0,3.0,74.73127348212732,7.0,0.0,1.0,0.0,0.0
1528.0,add,74.80449047741877,512.0,5.0,74.80449047741877,6.0,2.0,2.0,0.0,0.0
1529.0,add,74.80304411153134,512.0,5.0,74.80449047741877,6.0,2.0,2.0,1.0,0.0
1530.0,delete,74.80449047741877,512.0,5.0,74.80449047741877,6.0,1.0,2.0,0.0,0.0
1531.0,swap,74.45355125069774,512.0,5.0,74.80449047741877,6.0,3.0,1.0,0.0,0.0
1532.0,add,74.76879791835974,513.0,4.0,74.75994531838495,7.0,0.0,1.0,0.0,1.0
1533.0,add,74.75994531838495,513.0,4.0,74.75994531838495,7.0,0.0,1.0,0.0,2.0
1534.0,delete,74.71873987895411,513.0,4.0,74.75994531838495,6.0,0.0,1.0,0.0,1.0
1535.0,swap,74.69484987564263,513.0,4.0,74.75994531838495,6.0,1.0,1.0,0.0,1.0
1536.0,swap,74.75202283480859,514.0,5.0,74.7923783022179,6.0,0.0,1.0,0.0,2.0
1537.0,add,74.8032045913585,514.0,5.0,74.7923783022179,6.0,0.0,1.0,0.0,3.0
1538.0,delete,74.80818381544427,514.0,5.0,74.7923783022179,5.0,0.0,1.0,0.0,2.0
1539.0,swap,74.80818381544427,514.0,5.0,74.7923783022179,5.0,0.0,1.0,0.0,3.0
1540.0,add,74.7671297388642,515.0,3.0,74.76300681839099,7.0,0.0,2.0,0.0,1.0
1541.0,delete,74.93164686002413,516.0,5.0,74.9009691206895,6.0,0.0,2.0,0.0,0.0
1542.0,add,74.8315566384646,516.0,5.0,74.9009691206895,6.0,1.0,2.0,0.0,0.0
1543.0,delete,74.72497276912549,516.0,5.0,74.9009691206895,6.0,0.0,1.0,0.0,0.0
1544.0,swap,74.75483667265839,516.0,5.0,74.9009691206895,6.0,0.0,1.0,0.0,1.0
1545.0,add,74.71442446765839,517.0,2.0,74.76314388979775,7.0,0.0,1.0,1.0,0.0
1546.0,add,74.74368608767463,518.0,3.0,74.71442446765839,7.0,0.0,1.0,1.0,0.0
1547.0,add,74.71442446765839,518.0,3.0,74.71442446765839,7.0,0.0,1.0,1.0,1.0
1548.0,delete,74.65843367602798,518.0,3.0,74.71442446765839,7.0,0.0,0.0,1.0,0.0
1549.0,swap,74.75546903627652,518.0,3.0,74.71442446765839,6.0,0.0,2.0,1.0,0.0
1550.0,swap,74.70747351902384,519.0,4.0,74.71699817724038,6.0,0.0,1.0,0.0,1.0
1551.0,add,74.72779304339544,519.0,4.0,74.71699817724038,6.0,0.0,1.0,0.0,2.0
1552.0,delete,74.62971017211873,519.0,4.0,74.71699817724038,5.0,0.0,1.0,0.0,1.0
1553.0,swap,74.60027355921272,519.0,4.0,74.71699817724038,5.0,0.0,1.0,0.0,2.0
1554.0,swap,74.75350733014112,520.0,4.0,74.75546903627652,6.0,0.0,2.0,1.0,0.0
1555.0,add,74.82391750373274,520.0,4.0,74.75546903627652,6.0,0.0,2.0,1.0,1.0
1556.0,delete,74.83292786428784,520.0,4.0,74.75546903627652,5.0,0.0,2.0,1.0,0.0
1557.0,swap,74.86611091506687,520.0,4.0,74.75546903627652,5.0,1.0,2.0,1.0,0.0
1558.0,add,74.7155528746435,521.0,4.0,74.71442446765839,7.0,0.0,1.0,1.0,1.0
1559.0,add,74.45666459325655,521.0,4.0,74.71442446765839,7.0,0.0,1.0,1.0,2.0
1560.0,delete,74.74781334129581,521.0,4.0,74.71442446765839,6.0,0.0,1.0,1.0,1.0
1561.0,swap,74.66021682057593,521.0,4.0,74.71442446765839,7.0,1.0,0.0,1.0,1.0
1562.0,swap,74.68376363300493,522.0,3.0,74.81376794722274,5.0,1.0,1.0,0.0,0.0
1563.0,delete,74.52714431572491,523.0,3.0,74.52765110688483,6.0,1.0,0.0,0.0,0.0
1564.0,add,74.52765110688483,523.0,3.0,74.52765110688483,6.0,1.0,0.0,0.0,1.0
1565.0,delete,74.46841073917916,523.0,3.0,74.52765110688483,6.0,0.0,0.0,0.0,0.0
1566.0,swap,74.65108273137976,523.0,3.0,74.52765110688483,5.0,1.0,0.0,1.0,0.0
1567.0,add,74.7431044932033,524.0,4.0,74.74368608767463,7.0,0.0,1.0,1.0,0.0
1568.0,add,74.76751614615475,524.0,4.0,74.74368608767463,7.0,0.0,2.0,1.0,0.0
1569.0,delete,74.70360812250546,524.0,4.0,74.74368608767463,6.0,0.0,1.0,1.0,0.0
1570.0,swap,74.66959340512604,524.0,4.0,74.74368608767463,6.0,0.0,1.0,1.0,1.0
1571.0,add,74.79957507958524,525.0,3.0,74.8128007471582,6.0,1.0,1.0,0.0,0.0
1572.0,add,74.79957507958525,526.0,4.0,74.79957507958524,6.0,1.0,1.0,0.0,0.0
1573.0,add,74.79957507958524,526.0,4.0,74.79957507958524,6.0,1.0,1.0,0.0,1.0
1574.0,delete,74.91159735563294,526.0,4.0,74.79957507958524,5.0,1.0,1.0,0.0,0.0
1575.0,swap,74.79957507958525,526.0,4.0,74.79957507958524,6.0,1.0,1.0,0.0,0.0
1576.0,swap,74.59167172642147,527.0,4.0,74.68376363300493,5.0,1.0,1.0,0.0,0.0
1577.0,add,74.70056792621097,527.0,4.0,74.68376363300493,5.0,1.0,2.0,0.0,0.0
1578.0,delete,74.48230268102085,527.0,4.0,74.68376363300493,4.0,1.0,1.0,0.0,0.0
1579.0,swap,74.48230268102085,527.0,4.0,74.68376363300493,4.0,1.0,1.0,1.0,0.0
1580.0,delete,74.65989630487837,528.0,4.0,74.65843367602798,7.0,0.0,0.0,1.0,0.0
1581.0,add,74.65843367602797,528.0,4.0,74.65843367602798,7.0,0.0,0.0,2.0,0.0
1582.0,delete,74.71723355811055,528.0,4.0,74.65843367602798,6.0,0.0,0.0,1.0,0.0
1583.0,swap,74.46841073917916,528.0,4.0,74.65843367602798,6.0,0.0,0.0,1.0,1.0
1584.0,delete,74.81670201909407,529.0,4.0,74.81291781507996,6.0,0.0,1.0,0.0,0.0
1585.0,add,74.90032204936516,529.0,4.0,74.81291781507996,6.0,0.0,1.0,0.0,1.0
1586.0,delete,74.66157935092858,529.0,4.0,74.81291781507996,5.0,0.0,1.0,0.0,0.0
1587.0,swap,74.85718318786346,529.0,4.0,74.81291781507996,5.0,0.0,1.0,0.0,1.0
1588.0,add,74.77021252295937,530.0,3.0,74.74184696063227,7.0,0.0,1.0,0.0,1.0
1589.0,add,74.77019619232398,531.0,4.0,74.77021252295937,7.0,0.0,1.0,0.0,1.0
1590.0,add,74.69018472136145,531.0,4.0,74.77021252295937,7.0,0.0,1.0,0.0,2.0
1591.0,delete,74.79647930051081,531.0,4.0,74.77021252295937,6.0,0.0,1.0,0.0,1.0
1592.0,swap,74.76055869195632,531.0,4.0,74.77021252295937,6.0,0.0,1.0,0.0,2.0
1593.0,swap,74.73368826602662,532.0,3.0,74.71413770502977,6.0,0.0,1.0,0.0,1.0
1594.0,add,74.76461487557597,533.0,3.0,74.73362409915367,7.0,0.0,1.0,0.0,1.0
1595.0,add,74.77238166448691,534.0,4.0,74.76461487557597,7.0,0.0,1.0,0.0,1.0
1596.0,add,74.76461487557597,534.0,4.0,74.76461487557597,7.0,0.0,1.0,0.0,2.0
1597.0,delete,74.57922355224049,534.0,4.0,74.76461487557597,7.0,0.0,0.0,0.0,1.0
1598.0,swap,74.73835955743398,534.0,4.0,74.76461487557597,6.0,0.0,1.0,0.0,2.0
1599.0,swap,74.72685962101828,535.0,3.0,74.80638652990102,6.0,0.0,1.0,2.0,0.0
1600.0,swap,74.74964825813021,536.0,4.0,74.72685962101828,6.0,0.0,1.0,2.0,0.0
1601.0,add,74.72685962101828,536.0,4.0,74.72685962101828,6.0,0.0,1.0,2.0,1.0
1602.0,delete,74.58518648211498,536.0,4.0,74.72685962101828,5.0,0.0,1.0,2.0,0.0
1603.0,swap,74.85862270507504,536.0,4.0,74.72685962101828,5.0,0.0,1.0,2.0,1.0
1604.0,change,74.76990489923263,537.0,4.0,74.76331739740684,7.0,0.0,1.0,0.0,0.0
1605.0,add,74.76331739740685,537.0,4.0,74.76331739740684,7.0,1.0,1.0,0.0,0.0
1606.0,delete,74.73475337384443,537.0,4.0,74.76331739740684,6.0,0.0,1.0,0.0,0.0
1607.0,swap,74.7571530074555,537.0,4.0,74.76331739740684,6.0,0.0,2.0,0.0,0.0
1608.0,swap,74.8544412623578,538.0,5.0,74.85718318786346,5.0,0.0,1.0,0.0,1.0
1609.0,add,74.85718318786348,538.0,5.0,74.85718318786346,5.0,1.0,1.0,0.0,1.0
1610.0,delete,74.79639316167031,538.0,5.0,74.85718318786346,4.0,0.0,1.0,0.0,1.0
1611.0,swap,74.85284950267679,538.0,5.0,74.85718318786346,5.0,0.0,2.0,0.0,0.0
1612.0,swap,74.74023124288982,539.0,3.0,74.6811031076014,6.0,0.0,1.0,1.0,0.0
1613.0,delete,74.67496787754382,540.0,3.0,74.8004895346304,6.0,0.0,1.0,0.0,0.0
1614.0,swap,74.7373244608189,541.0,4.0,74.74023124288982,6.0,0.0,1.0,1.0,0.0
1615.0,add,74.74104498981866,541.0,4.0,74.74023124288982,6.0,0.0,1.0,2.0,0.0
1616.0,delete,74.85505141361845,541.0,4.0,74.74023124288982,5.0,0.0,1.0,1.0,0.0
1617.0,swap,74.62606950834565,541.0,4.0,74.74023124288982,5.0,0.0,2.0,1.0,0.0
1618.0,change,74.72873602857067,542.0,4.0,74.74416171433697,7.0,0.0,1.0,0.0,0.0
1619.0,add,74.71143045642337,542.0,4.0,74.74416171433697,7.0,0.0,2.0,0.0,0.0
1620.0,delete,74.57922355224049,542.0,4.0,74.74416171433697,7.0,0.0,0.0,0.0,0.0
1621.0,swap,74.57476849566423,542.0,4.0,74.74416171433697,7.0,0.0,0.0,1.0,0.0
1622.0,change,74.71347953411491,543.0,3.0,74.72550165093284,7.0,0.0,1.0,1.0,0.0
1623.0,change,74.67895171487619,544.0,4.0,74.71347953411491,7.0,0.0,1.0,1.0,0.0
1624.0,add,74.70568962080672,544.0,4.0,74.71347953411491,7.0,0.0,1.0,1.0,1.0
1625.0,delete,74.72689468761891,544.0,4.0,74.71347953411491,6.0,0.0,1.0,1.0,0.0
1626.0,swap,74.65576011452443,544.0,4.0,74.71347953411491,6.0,1.0,1.0,1.0,0.0
1627.0,change,74.79321284225237,545.0,3.0,74.82905263516925,6.0,0.0,1.0,0.0,0.0
1628.0,change,74.79264465231549,546.0,4.0,74.79321284225237,6.0,0.0,1.0,0.0,0.0
1629.0,add,74.79321284225237,546.0,4.0,74.79321284225237,6.0,0.0,1.0,0.0,1.0
1630.0,delete,74.70731136028907,546.0,4.0,74.79321284225237,5.0,0.0,1.0,0.0,0.0
1631.0,swap,74.82606594218704,546.0,4.0,74.79321284225237,5.0,1.0,1.0,0.0,0.0
1632.0,swap,74.89299421413355,547.0,5.0,74.89299421413354,5.0,1.0,1.0,0.0,1.0
1633.0,add,74.76883878586234,547.0,5.0,74.89299421413354,5.0,1.0,1.0,0.0,2.0
1634.0,delete,74.90588192282907,547.0,5.0,74.89299421413354,4.0,1.0,1.0,0.0,1.0
1635.0,swap,74.48120233260727,547.0,5.0,74.89299421413354,4.0,2.0,1.0,0.0,1.0
1636.0,swap,74.83827710984625,548.0,3.0,74.75660070670304,5.0,0.0,1.0,1.0,0.0
1637.0,swap,74.83200072704176,549.0,4.0,74.83827710984625,5.0,0.0,1.0,1.0,0.0
1638.0,add,74.83827710984625,549.0,4.0,74.83827710984625,5.0,0.0,1.0,1.0,1.0
1639.0,delete,74.85784613377818,549.0,4.0,74.83827710984625,4.0,0.0,1.0,1.0,0.0
1640.0,swap,74.72410323818319,549.0,4.0,74.83827710984625,4.0,0.0,1.0,2.0,0.0
1641.0,delete,74.8578461337782,550.0,5.0,74.85784613377818,4.0,0.0,1.0,1.0,0.0
1642.0,add,74.85784613377818,550.0,5.0,74.85784613377818,4.0,0.0,1.0,2.0,0.0
1643.0,delete,74.85784613377818,550.0,5.0,74.85784613377818,4.0,0.0,1.0,0.0,0.0
1644.0,swap,74.74772169247676,550.0,5.0,74.85784613377818,3.0,0.0,1.0,1.0,1.0
1645.0,add,74.73532470422992,551.0,3.0,74.70263623945979,6.0,0.0,1.0,0.0,1.0
1646.0,change,74.73276613436104,552.0,3.0,74.69241027085599,6.0,0.0,1.0,0.0,0.0
1647.0,add,74.73084990393164,553.0,4.0,74.73532470422992,6.0,0.0,1.0,0.0,1.0
1648.0,add,74.73532470422992,553.0,4.0,74.73532470422992,6.0,0.0,1.0,0.0,2.0
1649.0,delete,74.6488218785424,553.0,4.0,74.73532470422992,5.0,0.0,1.0,0.0,1.0
1650.0,swap,74.60592683865943,553.0,4.0,74.73532470422992,6.0,0.0,0.0,0.0,2.0
1651.0,delete,74.90079342277079,554.0,5.0,74.91221642814722,5.0,0.0,1.0,0.0,0.0
1652.0,add,74.9070635132472,554.0,5.0,74.91221642814722,5.0,0.0,2.0,0.0,0.0
1653.0,delete,74.71174888099027,554.0,5.0,74.91221642814722,4.0,0.0,1.0,0.0,0.0
1654.0,swap,74.61280097809758,554.0,5.0,74.91221642814722,5.0,1.0,0.0,0.0,0.0
1655.0,delete,74.699715306113,555.0,3.0,74.78593272473981,5.0,0.0,1.0,0.0,0.0
1656.0,delete,74.83827710984625,556.0,3.0,74.72791540406544,5.0,0.0,1.0,0.0,0.0
1657.0,delete,74.91159735563295,557.0,5.0,74.91159735563294,5.0,1.0,1.0,0.0,0.0
1658.0,add,74.82748895661224,557.0,5.0,74.91159735563294,5.0,1.0,1.0,1.0,0.0
1659.0,delete,74.78608773896424,557.0,5.0,74.91159735563294,4.0,1.0,1.0,0.0,0.0
1660.0,swap,74.92496711373003,557.0,5.0,74.91159735563294,4.0,1.0,1.0,0.0,1.0
1661.0,delete,74.86775331562848,558.0,4.0,74.83827710984625,5.0,0.0,1.0,0.0,0.0
1662.0,add,74.61359840391904,558.0,4.0,74.83827710984625,5.0,1.0,1.0,0.0,0.0
1663.0,delete,74.84127480384288,558.0,4.0,74.83827710984625,4.0,0.0,1.0,0.0,0.0
1664.0,swap,74.71128914031512,558.0,4.0,74.83827710984625,4.0,0.0,2.0,0.0,0.0
1665.0,add,74.79957507958522,559.0,3.0,74.83028875533603,6.0,0.0,1.0,0.0,1.0
1666.0,add,74.7743957646916,560.0,4.0,74.79957507958522,6.0,0.0,1.0,0.0,1.0
1667.0,add,74.89489526376951,560.0,4.0,74.79957507958522,6.0,0.0,1.0,0.0,2.0
1668.0,delete,74.87780281465525,560.0,4.0,74.79957507958522,5.0,0.0,1.0,0.0,1.0
1669.0,swap,74.77370615826145,560.0,4.0,74.79957507958522,6.0,1.0,1.0,0.0,0.0
1670.0,swap,74.88226815347919,561.0,5.0,74.87738002185922,5.0,1.0,1.0,0.0,1.0
1671.0,add,74.53697723423036,561.0,5.0,74.87738002185922,5.0,1.0,1.0,0.0,2.0
1672.0,delete,74.89889059753901,561.0,5.0,74.87738002185922,4.0,1.0,1.0,0.0,1.0
1673.0,swap,74.84608032700172,561.0,5.0,74.87738002185922,5.0,0.0,1.0,0.0,2.0
1674.0,add,74.7292072975876,562.0,3.0,74.77719968709741,6.0,0.0,1.0,0.0,1.0
1675.0,delete,74.84339027253185,563.0,5.0,74.84127480384288,4.0,0.0,1.0,0.0,0.0
1676.0,add,74.84127480384288,563.0,5.0,74.84127480384288,4.0,0.0,1.0,0.0,1.0
1677.0,delete,74.59241822760065,563.0,5.0,74.84127480384288,4.0,0.0,0.0,0.0,0.0
1678.0,swap,74.83332909728888,563.0,5.0,74.84127480384288,3.0,0.0,1.0,0.0,1.0
1679.0,delete,74.70575120351944,564.0,4.0,74.699715306113,5.0,0.0,1.0,0.0,0.0
1680.0,add,74.71985602932625,564.0,4.0,74.699715306113,5.0,0.0,1.0,0.0,1.0
1681.0,delete,74.40512786902765,564.0,4.0,74.699715306113,4.0,0.0,1.0,0.0,0.0
1682.0,swap,74.60105732207454,564.0,4.0,74.699715306113,4.0,0.0,2.0,0.0,0.0
1683.0,add,74.90474116213409,565.0,5.0,74.89489526376951,6.0,0.0,1.0,0.0,2.0
1684.0,add,74.89549095017915,565.0,5.0,74.89489526376951,6.0,0.0,1.0,1.0,2.0
1685.0,delete,74.8544658939625,565.0,5.0,74.89489526376951,5.0,0.0,1.0,0.0,2.0
1686.0,swap,74.78796924295617,565.0,5.0,74.89489526376951,6.0,1.0,1.0,0.0,1.0
1687.0,swap,74.79957507958525,566.0,5.0,74.79957507958525,6.0,1.0,1.0,0.0,0.0
1688.0,add,74.79957507958524,566.0,5.0,74.79957507958525,6.0,2.0,1.0,0.0,0.0
1689.0,delete,74.83827710984625,566.0,5.0,74.79957507958525,5.0,1.0,1.0,0.0,0.0
1690.0,swap,74.54302023002208,566.0,5.0,74.79957507958525,6.0,1.0,0.0,1.0,0.0
1691.0,swap,74.67854730353095,567.0,3.0,74.79962628185872,5.0,0.0,1.0,0.0,1.0
1692.0,change,74.73532368029518,568.0,3.0,74.77239790632873,6.0,0.0,1.0,0.0,0.0
1693.0,delete,74.64057820642812,569.0,3.0,74.75872729965309,5.0,0.0,1.0,0.0,0.0
1694.0,change,74.76576679300625,570.0,4.0,74.73532368029518,6.0,0.0,1.0,0.0,0.0
1695.0,add,74.73532368029518,570.0,4.0,74.73532368029518,6.0,0.0,1.0,0.0,1.0
1696.0,delete,74.46459110340069,570.0,4.0,74.73532368029518,6.0,0.0,0.0,0.0,0.0
1697.0,swap,74.8242781821058,570.0,4.0,74.73532368029518,5.0,1.0,1.0,0.0,0.0
1698.0,swap,74.86660217323731,571.0,5.0,74.86611091506687,5.0,1.0,2.0,1.0,0.0
1699.0,add,74.67323169715685,571.0,5.0,74.86611091506687,5.0,1.0,2.0,1.0,1.0
1700.0,delete,74.86701043166889,571.0,5.0,74.86611091506687,5.0,0.0,2.0,1.0,0.0
1701.0,swap,74.90278703225228,571.0,5.0,74.86611091506687,5.0,0.0,2.0,1.0,1.0
1702.0,add,74.71442446765839,572.0,3.0,74.65893441948603,7.0,1.0,1.0,1.0,0.0
1703.0,swap,74.71967678349104,573.0,3.0,74.78491004794124,6.0,0.0,1.0,2.0,0.0
1704.0,add,74.69195880888526,574.0,4.0,74.71442446765839,7.0,1.0,1.0,1.0,0.0
1705.0,add,74.4674473631282,574.0,4.0,74.71442446765839,7.0,1.0,1.0,1.0,1.0
1706.0,delete,74.70317737795466,574.0,4.0,74.71442446765839,6.0,1.0,1.0,1.0,0.0
1707.0,swap,74.70317737795465,574.0,4.0,74.71442446765839,6.0,1.0,1.0,2.0,0.0
1708.0,change,74.72780522578344,575.0,4.0,74.73276613436104,6.0,0.0,1.0,0.0,0.0
1709.0,add,74.73276613436104,575.0,4.0,74.73276613436104,6.0,0.0,1.0,0.0,1.0
1710.0,delete,74.60592683865944,575.0,4.0,74.73276613436104,6.0,0.0,0.0,0.0,0.0
1711.0,swap,74.5852921346093,575.0,4.0,74.73276613436104,5.0,0.0,2.0,0.0,0.0
1712.0,swap,74.87628371784967,576.0,4.0,74.87628371784965,5.0,1.0,2.0,0.0,0.0
1713.0,add,74.87628371784965,576.0,4.0,74.87628371784965,5.0,1.0,2.0,0.0,1.0
1714.0,delete,74.75539538477886,576.0,4.0,74.87628371784965,4.0,1.0,2.0,0.0,0.0
1715.0,swap,74.64258879261624,576.0,4.0,74.87628371784965,5.0,1.0,1.0,1.0,0.0
1716.0,delete,74.86446880816519,577.0,3.0,74.64083185992502,5.0,1.0,1.0,0.0,0.0
1717.0,delete,74.86446880816516,578.0,4.0,74.86446880816519,5.0,1.0,1.0,0.0,0.0
1718.0,add,74.86446880816519,578.0,4.0,74.86446880816519,5.0,1.0,1.0,0.0,1.0
1719.0,delete,74.87057140680103,578.0,4.0,74.86446880816519,4.0,1.0,1.0,0.0,0.0
1720.0,swap,74.86446880816519,578.0,4.0,74.86446880816519,5.0,0.0,1.0,1.0,0.0
1721.0,delete,74.86484631299064,579.0,5.0,74.87057140680103,4.0,1.0,1.0,0.0,0.0
1722.0,add,74.87057140680103,579.0,5.0,74.87057140680103,4.0,1.0,1.0,0.0,1.0
1723.0,delete,74.73583456102656,579.0,5.0,74.87057140680103,3.0,1.0,1.0,0.0,0.0
1724.0,swap,74.72530231650019,579.0,5.0,74.87057140680103,3.0,1.0,2.0,0.0,0.0
1725.0,swap,74.87628371784967,580.0,5.0,74.87628371784967,5.0,1.0,2.0,0.0,0.0
1726.0,add,74.88327348403266,580.0,5.0,74.87628371784967,5.0,1.0,2.0,1.0,0.0
1727.0,delete,74.89406439271698,580.0,5.0,74.87628371784967,4.0,1.0,2.0,0.0,0.0
1728.0,swap,74.7334970360966,580.0,5.0,74.87628371784967,4.0,1.0,2.0,0.0,1.0
1729.0,change,74.78078552385813,581.0,3.0,74.77005796142741,6.0,1.0,1.0,0.0,0.0
1730.0,delete,74.82025863026958,582.0,3.0,74.76636860974322,5.0,1.0,1.0,0.0,0.0
1731.0,change,74.73628200796757,583.0,4.0,74.78078552385813,6.0,1.0,1.0,0.0,0.0
1732.0,add,74.78078552385811,583.0,4.0,74.78078552385813,6.0,1.0,1.0,1.0,0.0
1733.0,delete,74.76498705696558,583.0,4.0,74.78078552385813,5.0,1.0,1.0,0.0,0.0
1734.0,swap,74.69102059145462,583.0,4.0,74.78078552385813,5.0,1.0,1.0,1.0,0.0
1735.0,swap,74.73138711585273,584.0,2.0,74.74146891565434,6.0,0.0,1.0,0.0,1.0
1736.0,swap,74.71908737827408,585.0,3.0,74.73138711585273,6.0,0.0,1.0,0.0,1.0
1737.0,add,74.73138711585273,585.0,3.0,74.73138711585273,6.0,0.0,1.0,0.0,2.0
1738.0,delete,74.79603772887243,585.0,3.0,74.73138711585273,6.0,0.0,1.0,0.0,0.0
1739.0,swap,74.75714318632906,585.0,3.0,74.73138711585273,6.0,1.0,0.0,0.0,1.0
1740.0,swap,74.75714318632907,586.0,4.0,74.75714318632906,6.0,1.0,0.0,0.0,1.0
1741.0,add,74.75714318632906,586.0,4.0,74.75714318632906,6.0,1.0,0.0,0.0,2.0
1742.0,delete,74.734790417839,586.0,4.0,74.75714318632906,5.0,1.0,0.0,0.0,1.0
1743.0,swap,74.62648789645736,586.0,4.0,74.75714318632906,5.0,1.0,0.0,0.0,2.0
1744.0,delete,74.79589513162962,587.0,4.0,74.79603772887243,6.0,0.0,1.0,0.0,0.0
1745.0,add,74.79603772887243,587.0,4.0,74.79603772887243,6.0,0.0,1.0,0.0,1.0
1746.0,delete,74.71582495960911,587.0,4.0,74.79603772887243,5.0,0.0,1.0,0.0,0.0
1747.0,swap,74.86493866989899,587.0,4.0,74.79603772887243,5.0,0.0,2.0,0.0,0.0
1748.0,add,74.71091534235856,588.0,4.0,74.73138711585273,6.0,0.0,1.0,0.0,2.0
1749.0,add,74.73138711585273,588.0,4.0,74.73138711585273,6.0,0.0,1.0,0.0,3.0
1750.0,delete,74.73138711585273,588.0,4.0,74.73138711585273,6.0,0.0,1.0,0.0,1.0
1751.0,swap,74.7391703469274,588.0,4.0,74.73138711585273,5.0,0.0,2.0,0.0,2.0
1752.0,swap,74.73400274334858,589.0,4.0,74.71908737827408,6.0,0.0,1.0,0.0,1.0
1753.0,add,74.76349811889527,589.0,4.0,74.71908737827408,6.0,0.0,2.0,0.0,1.0
1754.0,delete,74.88663372814979,589.0,4.0,74.71908737827408,5.0,0.0,1.0,0.0,1.0
1755.0,swap,74.73498229917921,589.0,4.0,74.71908737827408,6.0,1.0,0.0,0.0,1.0
1756.0,delete,74.59046356134324,590.0,3.0,74.79374684377652,5.0,0.0,1.0,0.0,1.0
1757.0,change,74.73330906988963,591.0,3.0,74.76764085356938,6.0,0.0,1.0,0.0,1.0
1758.0,change,74.73298695260198,592.0,4.0,74.73330906988963,6.0,0.0,1.0,0.0,1.0
1759.0,add,74.3547471821897,592.0,4.0,74.73330906988963,6.0,0.0,2.0,0.0,1.0
1760.0,delete,74.79248341789537,592.0,4.0,74.73330906988963,5.0,0.0,1.0,0.0,1.0
1761.0,swap,74.71751360745351,592.0,4.0,74.73330906988963,6.0,0.0,0.0,0.0,2.0
1762.0,swap,74.7233494522425,593.0,4.0,74.73368826602662,6.0,0.0,1.0,0.0,1.0
1763.0,add,74.67355474645903,593.0,4.0,74.73368826602662,6.0,0.0,2.0,0.0,1.0
1764.0,delete,74.85382319086301,593.0,4.0,74.73368826602662,5.0,0.0,1.0,0.0,1.0
1765.0,swap,74.85382319086301,593.0,4.0,74.73368826602662,5.0,0.0,1.0,0.0,2.0
1766.0,swap,74.89306930812751,594.0,5.0,74.88819422520652,5.0,0.0,2.0,0.0,0.0
1767.0,add,74.87783526378485,594.0,5.0,74.88819422520652,5.0,0.0,3.0,0.0,0.0
1768.0,delete,74.78502127374276,594.0,5.0,74.88819422520652,4.0,0.0,2.0,0.0,0.0
1769.0,swap,74.8158566708193,594.0,5.0,74.88819422520652,4.0,1.0,2.0,0.0,0.0
1770.0,swap,74.76764941500763,595.0,5.0,74.75994531838495,7.0,1.0,1.0,0.0,0.0
1771.0,add,74.75994531838495,595.0,5.0,74.75994531838495,7.0,1.0,1.0,0.0,1.0
1772.0,delete,74.7187398789541,595.0,5.0,74.75994531838495,6.0,1.0,1.0,0.0,0.0
1773.0,swap,74.74913348071453,595.0,5.0,74.75994531838495,6.0,1.0,1.0,0.0,1.0
1774.0,swap,74.79157630747568,596.0,3.0,74.69396705732119,6.0,0.0,1.0,1.0,0.0
1775.0,swap,74.8243807300519,597.0,4.0,74.79157630747568,6.0,0.0,1.0,1.0,0.0
1776.0,add,74.79157630747568,597.0,4.0,74.79157630747568,6.0,0.0,1.0,1.0,1.0
1777.0,delete,74.8948745113497,597.0,4.0,74.79157630747568,5.0,0.0,1.0,1.0,0.0
1778.0,swap,74.68166562011528,597.0,4.0,74.79157630747568,6.0,1.0,1.0,0.0,0.0
1779.0,change,74.7605124152544,598.0,3.0,74.67286415735956,7.0,0.0,1.0,0.0,0.0
1780.0,delete,74.66992997099474,599.0,4.0,74.67496787754382,6.0,0.0,1.0,0.0,0.0
1781.0,add,74.67496787754382,599.0,4.0,74.67496787754382,6.0,0.0,1.0,0.0,1.0
1782.0,delete,74.46841073917916,599.0,4.0,74.67496787754382,6.0,0.0,0.0,0.0,0.0
1783.0,swap,74.42540587791,599.0,4.0,74.67496787754382,6.0,0.0,1.0,0.0,0.0
1784.0,swap,74.56644395788881,600.0,1.0,74.70961535561304,7.0,0.0,0.0,0.0,1.0
1785.0,add,74.59141336161784,601.0,2.0,74.56644395788881,7.0,0.0,1.0,0.0,1.0
1786.0,delete,74.5084880510256,601.0,2.0,74.56644395788881,6.0,0.0,0.0,0.0,1.0
1787.0,swap,74.36317327040943,601.0,2.0,74.56644395788881,6.0,1.0,0.0,0.0,1.0
1788.0,add,74.59513497195137,602.0,3.0,74.59141336161784,7.0,0.0,1.0,0.0,1.0
1789.0,add,74.59539715834632,602.0,3.0,74.59141336161784,7.0,0.0,2.0,0.0,1.0
1790.0,delete,74.76450860732271,602.0,3.0,74.59141336161784,6.0,0.0,1.0,0.0,1.0
1791.0,swap,74.77374360578644,602.0,3.0,74.59141336161784,6.0,1.0,1.0,0.0,1.0
1792.0,add,74.53725370561864,603.0,3.0,74.5084880510256,6.0,0.0,0.0,1.0,1.0
1793.0,delete,74.59756011522242,603.0,3.0,74.5084880510256,5.0,0.0,0.0,0.0,1.0
1794.0,swap,74.62663947577339,603.0,3.0,74.5084880510256,5.0,0.0,1.0,0.0,1.0
1795.0,swap,74.36469074109367,604.0,3.0,74.36317327040943,6.0,1.0,0.0,0.0,1.0
1796.0,add,74.40223264844484,604.0,3.0,74.36317327040943,6.0,2.0,0.0,0.0,1.0
1797.0,delete,74.51605660306518,604.0,3.0,74.36317327040943,5.0,1.0,0.0,0.0,1.0
1798.0,swap,74.46502746287979,604.0,3.0,74.36317327040943,6.0,2.0,0.0,0.0,0.0
1799.0,add,74.49223613011185,605.0,2.0,74.66403954100493,7.0,0.0,1.0,0.0,1.0
1800.0,swap,74.77718930763893,606.0,4.0,74.77374360578644,6.0,1.0,1.0,0.0,1.0
1801.0,add,74.77374360578644,606.0,4.0,74.77374360578644,6.0,1.0,1.0,1.0,1.0
1802.0,delete,74.70784905674633,606.0,4.0,74.77374360578644,5.0,1.0,1.0,0.0,1.0
1803.0,swap,74.68966237222229,606.0,4.0,74.77374360578644,5.0,2.0,1.0,0.0,1.0
1804.0,delete,74.66009330313541,607.0,2.0,74.56748533691001,6.0,0.0,0.0,0.0,1.0
1805.0,add,74.49229985500439,608.0,3.0,74.49223613011185,7.0,0.0,1.0,0.0,1.0
1806.0,add,74.6990546613656,608.0,3.0,74.49223613011185,7.0,1.0,1.0,0.0,1.0
1807.0,delete,74.56232643171103,608.0,3.0,74.49223613011185,6.0,0.0,1.0,0.0,1.0
1808.0,swap,74.40473578230579,608.0,3.0,74.49223613011185,6.0,0.0,1.0,0.0,2.0
1809.0,add,74.65845259363167,609.0,3.0,74.66009330313541,6.0,1.0,0.0,0.0,1.0
1810.0,delete,74.55085714158716,609.0,3.0,74.66009330313541,5.0,0.0,0.0,0.0,1.0
1811.0,swap,74.6121144588238,609.0,3.0,74.66009330313541,5.0,1.0,0.0,0.0,1.0
1812.0,swap,74.61250031705778,610.0,4.0,74.6121144588238,5.0,1.0,0.0,0.0,1.0
1813.0,add,74.6121144588238,610.0,4.0,74.6121144588238,5.0,1.0,0.0,0.0,2.0
1814.0,delete,74.28775514013348,610.0,4.0,74.6121144588238,4.0,1.0,0.0,0.0,1.0
1815.0,swap,74.64617271223199,610.0,4.0,74.6121144588238,5.0,2.0,0.0,0.0,0.0
1816.0,add,74.76103764062991,611.0,4.0,74.7671297388642,7.0,0.0,2.0,0.0,1.0
1817.0,add,74.8132079770791,611.0,4.0,74.7671297388642,7.0,0.0,2.0,1.0,1.0
1818.0,delete,74.66273671375494,611.0,4.0,74.7671297388642,6.0,0.0,2.0,0.0,1.0
1819.0,swap,74.6688576959123,611.0,4.0,74.7671297388642,6.0,1.0,2.0,0.0,1.0
1820.0,swap,74.7676960616889,612.0,5.0,74.76769606168891,6.0,1.0,2.0,1.0,0.0
1821.0,add,74.76769606168891,612.0,5.0,74.76769606168891,6.0,1.0,2.0,1.0,1.0
1822.0,delete,74.76769606168891,612.0,5.0,74.76769606168891,6.0,0.0,2.0,1.0,0.0
1823.0,swap,74.9309712815992,612.0,5.0,74.76769606168891,5.0,2.0,2.0,1.0,0.0
1824.0,add,74.77302149527935,613.0,4.0,74.76526913503052,7.0,0.0,1.0,0.0,2.0
1825.0,add,74.78474768026419,613.0,4.0,74.76526913503052,7.0,0.0,1.0,1.0,2.0
1826.0,delete,74.76526913503052,613.0,4.0,74.76526913503052,7.0,0.0,1.0,0.0,1.0
1827.0,swap,74.79957507958525,613.0,4.0,74.76526913503052,6.0,0.0,1.0,1.0,2.0
1828.0,swap,74.81280495318069,614.0,5.0,74.81280495318072,6.0,0.0,2.0,1.0,0.0
1829.0,add,74.80140712591522,614.0,5.0,74.81280495318072,6.0,0.0,2.0,1.0,1.0
1830.0,delete,74.8472244379955,614.0,5.0,74.81280495318072,5.0,0.0,2.0,1.0,0.0
1831.0,swap,74.75502028088417,614.0,5.0,74.81280495318072,5.0,1.0,2.0,1.0,0.0
1832.0,add,74.76526913503051,615.0,3.0,74.75045479663841,7.0,2.0,1.0,0.0,0.0
1833.0,add,74.75359066803433,616.0,5.0,74.7559509427356,7.0,0.0,2.0,1.0,0.0
1834.0,add,74.75058371553567,616.0,5.0,74.7559509427356,7.0,0.0,3.0,1.0,0.0
1835.0,delete,74.57984607248378,616.0,5.0,74.7559509427356,7.0,0.0,1.0,1.0,0.0
1836.0,swap,74.86997351884253,616.0,5.0,74.7559509427356,6.0,0.0,2.0,2.0,0.0
1837.0,delete,74.79603772887242,617.0,3.0,74.75125226585928,6.0,1.0,1.0,0.0,0.0
1838.0,change,74.77646987166534,618.0,4.0,74.7764698716653,7.0,1.0,1.0,0.0,0.0
1839.0,add,74.7764698716653,618.0,4.0,74.7764698716653,7.0,1.0,1.0,0.0,1.0
1840.0,delete,74.57922355224048,618.0,4.0,74.7764698716653,7.0,1.0,0.0,0.0,0.0
1841.0,swap,74.817646565001,618.0,4.0,74.7764698716653,6.0,2.0,1.0,0.0,0.0
1842.0,swap,74.86131814454629,619.0,3.0,74.72654157465672,5.0,1.0,1.0,0.0,1.0
1843.0,swap,74.85850959220586,620.0,5.0,74.86493866989899,5.0,0.0,2.0,0.0,0.0
1844.0,add,74.85483527101538,620.0,5.0,74.86493866989899,5.0,0.0,2.0,1.0,0.0
1845.0,delete,74.76697184709164,620.0,5.0,74.86493866989899,4.0,0.0,2.0,0.0,0.0
1846.0,swap,74.7902020884202,620.0,5.0,74.86493866989899,4.0,1.0,2.0,0.0,0.0
1847.0,swap,74.85348940230183,621.0,4.0,74.86131814454629,5.0,1.0,1.0,0.0,1.0
1848.0,add,74.88625230868715,621.0,4.0,74.86131814454629,5.0,1.0,1.0,0.0,2.0
1849.0,delete,74.7746830558532,621.0,4.0,74.86131814454629,4.0,1.0,1.0,0.0,1.0
1850.0,swap,74.77336158630496,621.0,4.0,74.86131814454629,4.0,1.0,1.0,1.0,1.0
1851.0,add,74.73138711585273,622.0,3.0,74.72884940736883,6.0,0.0,1.0,0.0,2.0
1852.0,add,74.73527075847792,623.0,4.0,74.73138711585273,6.0,0.0,1.0,0.0,2.0
1853.0,add,74.73546951076753,623.0,4.0,74.73138711585273,6.0,1.0,1.0,0.0,2.0
1854.0,delete,74.79305482942101,623.0,4.0,74.73138711585273,5.0,0.0,1.0,0.0,2.0
1855.0,swap,74.80581710852384,623.0,4.0,74.73138711585273,5.0,0.0,2.0,0.0,2.0
1856.0,delete,74.59841642671255,624.0,4.0,74.59046356134324,5.0,0.0,1.0,0.0,1.0
1857.0,add,74.59056958747848,624.0,4.0,74.59046356134324,5.0,1.0,1.0,0.0,1.0
1858.0,delete,74.41944758668417,624.0,4.0,74.59046356134324,4.0,0.0,1.0,0.0,1.0
1859.0,swap,74.66570764250025,624.0,4.0,74.59046356134324,5.0,1.0,0.0,0.0,1.0
1860.0,delete,74.88540599750966,625.0,5.0,74.87780281465525,5.0,0.0,1.0,0.0,1.0
1861.0,add,74.87780281465524,625.0,5.0,74.87780281465525,5.0,0.0,1.0,1.0,1.0
1862.0,delete,74.74934339919771,625.0,5.0,74.87780281465525,4.0,0.0,1.0,0.0,1.0
1863.0,swap,74.57290486255178,625.0,5.0,74.87780281465525,5.0,0.0,0.0,1.0,1.0
1864.0,delete,74.64583529001399,626.0,4.0,74.64057820642812,5.0,0.0,1.0,0.0,0.0
1865.0,add,74.69827799250714,626.0,4.0,74.64057820642812,5.0,0.0,2.0,0.0,0.0
1866.0,delete,74.82085632889985,626.0,4.0,74.64057820642812,4.0,0.0,1.0,0.0,0.0
1867.0,swap,74.73864136828233,626.0,4.0,74.64057820642812,4.0,1.0,1.0,0.0,0.0
1868.0,add,74.74329430021335,627.0,5.0,74.76861159856027,7.0,0.0,1.0,0.0,2.0
1869.0,add,74.76861159856027,627.0,5.0,74.76861159856027,7.0,0.0,1.0,0.0,3.0
1870.0,delete,74.6792126280772,627.0,5.0,74.76861159856027,6.0,0.0,1.0,0.0,2.0
1871.0,swap,74.78258487016349,627.0,5.0,74.76861159856027,6.0,0.0,2.0,0.0,2.0
1872.0,add,74.77604932219629,628.0,5.0,74.77068763077064,7.0,0.0,2.0,0.0,1.0
1873.0,add,74.50464281245412,628.0,5.0,74.77068763077064,7.0,0.0,2.0,0.0,2.0
1874.0,delete,74.77068763077064,628.0,5.0,74.77068763077064,7.0,0.0,2.0,0.0,0.0
1875.0,swap,74.77430040513207,628.0,5.0,74.77068763077064,6.0,0.0,3.0,0.0,1.0
1876.0,add,74.7107444965444,629.0,4.0,74.63342952765268,6.0,0.0,1.0,0.0,0.0
1877.0,delete,74.66195605443889,629.0,4.0,74.63342952765268,5.0,0.0,0.0,0.0,0.0
1878.0,swap,74.61090728910435,629.0,4.0,74.63342952765268,5.0,0.0,0.0,1.0,0.0
1879.0,delete,74.72497276912549,630.0,2.0,74.73537728514701,6.0,0.0,1.0,0.0,0.0
1880.0,delete,74.72219738011638,631.0,5.0,74.7221829368622,6.0,1.0,1.0,0.0,0.0
1881.0,add,74.43591030251753,631.0,5.0,74.7221829368622,6.0,1.0,1.0,0.0,1.0
1882.0,delete,74.84335651563994,631.0,5.0,74.7221829368622,5.0,1.0,1.0,0.0,0.0
1883.0,swap,74.65835448703213,631.0,5.0,74.7221829368622,5.0,1.0,1.0,0.0,1.0
1884.0,delete,74.74029732827091,632.0,3.0,74.72497276912549,6.0,0.0,1.0,0.0,0.0
1885.0,add,74.72323807298949,632.0,3.0,74.72497276912549,6.0,0.0,1.0,0.0,1.0
1886.0,delete,74.63342952765268,632.0,3.0,74.72497276912549,6.0,0.0,0.0,0.0,0.0
1887.0,swap,74.5525556385302,632.0,3.0,74.72497276912549,5.0,1.0,1.0,0.0,0.0
1888.0,change,74.77020804953221,633.0,4.0,74.7605124152544,7.0,0.0,1.0,0.0,0.0
1889.0,add,74.7605124152544,633.0,4.0,74.7605124152544,7.0,0.0,1.0,0.0,1.0
1890.0,delete,74.69661512534634,633.0,4.0,74.7605124152544,6.0,0.0,1.0,0.0,0.0
1891.0,swap,74.71378472464122,633.0,4.0,74.7605124152544,6.0,1.0,1.0,0.0,0.0
1892.0,add,74.7476823603432,634.0,4.0,74.7458709872146,6.0,0.0,1.0,0.0,2.0
1893.0,add,74.76179602847783,634.0,4.0,74.7458709872146,6.0,0.0,1.0,1.0,2.0
1894.0,delete,74.72697194688558,634.0,4.0,74.7458709872146,6.0,0.0,1.0,0.0,1.0
1895.0,swap,74.56100321296684,634.0,4.0,74.7458709872146,5.0,0.0,1.0,0.0,3.0
1896.0,swap,74.84591607407778,635.0,5.0,74.85382319086301,5.0,0.0,1.0,0.0,2.0
1897.0,add,74.85652519547075,635.0,5.0,74.85382319086301,5.0,0.0,2.0,0.0,2.0
1898.0,delete,74.85382319086301,635.0,5.0,74.85382319086301,5.0,0.0,1.0,0.0,1.0
1899.0,swap,74.85470499534837,635.0,5.0,74.85382319086301,5.0,0.0,1.0,1.0,1.0
1900.0,change,74.73646956193376,636.0,5.0,74.76990489923263,7.0,0.0,1.0,0.0,0.0
1901.0,add,74.76990489923263,636.0,5.0,74.76990489923263,7.0,0.0,1.0,0.0,1.0
1902.0,delete,74.67581277246667,636.0,5.0,74.76990489923263,6.0,0.0,1.0,0.0,0.0
1903.0,swap,74.76054308216511,636.0,5.0,74.76990489923263,6.0,0.0,1.0,1.0,0.0
1904.0,add,74.59253379455944,637.0,4.0,74.54141837539377,7.0,0.0,1.0,0.0,1.0
1905.0,add,74.54141837539377,637.0,4.0,74.54141837539377,7.0,0.0,1.0,0.0,2.0
1906.0,delete,74.63190172774964,637.0,4.0,74.54141837539377,6.0,0.0,1.0,0.0,1.0
1907.0,swap,74.55817874172328,637.0,4.0,74.54141837539377,6.0,0.0,1.0,1.0,1.0
1908.0,add,74.75952817205832,638.0,5.0,74.76006215603661,6.0,0.0,1.0,0.0,2.0
1909.0,add,74.76055399400623,638.0,5.0,74.76006215603661,6.0,0.0,1.0,1.0,2.0
1910.0,delete,74.76006215603661,638.0,5.0,74.76006215603661,6.0,0.0,1.0,0.0,1.0
1911.0,swap,74.59591977121403,638.0,5.0,74.76006215603661,5.0,0.0,2.0,0.0,2.0
1912.0,delete,74.7928433104298,639.0,4.0,74.79603772887242,6.0,1.0,1.0,0.0,0.0
1913.0,add,74.6502395495687,639.0,4.0,74.79603772887242,6.0,1.0,1.0,0.0,1.0
1914.0,delete,74.89577901249426,639.0,4.0,74.79603772887242,5.0,1.0,1.0,0.0,0.0
1915.0,swap,74.64277752668724,639.0,4.0,74.79603772887242,5.0,1.0,1.0,1.0,0.0
1916.0,swap,74.69634002910793,640.0,4.0,74.69728410136506,7.0,0.0,1.0,0.0,0.0
1917.0,add,74.69848258206171,640.0,4.0,74.69728410136506,7.0,0.0,1.0,0.0,1.0
1918.0,delete,74.54584340890688,640.0,4.0,74.69728410136506,6.0,0.0,1.0,0.0,0.0
1919.0,swap,74.74250950416581,640.0,4.0,74.69728410136506,6.0,0.0,1.0,0.0,1.0
1920.0,change,74.79603772887245,641.0,5.0,74.79603772887243,6.0,1.0,1.0,0.0,0.0
1921.0,add,74.79603772887243,641.0,5.0,74.79603772887243,6.0,1.0,1.0,0.0,1.0
1922.0,delete,74.79603772887243,641.0,5.0,74.79603772887243,6.0,0.0,1.0,0.0,0.0
1923.0,swap,74.85692888761909,641.0,5.0,74.79603772887243,5.0,1.0,1.0,0.0,1.0
1924.0,change,74.79603772887245,642.0,3.0,74.77794333528402,6.0,1.0,1.0,0.0,0.0
1925.0,change,74.79587632097285,643.0,4.0,74.79603772887245,6.0,1.0,1.0,0.0,0.0
1926.0,add,74.79603772887245,643.0,4.0,74.79603772887245,6.0,1.0,1.0,0.0,1.0
1927.0,delete,74.6488218785424,643.0,4.0,74.79603772887245,5.0,1.0,1.0,0.0,0.0
1928.0,swap,74.76275705543723,643.0,4.0,74.79603772887245,5.0,2.0,1.0,0.0,0.0
1929.0,add,74.79219970953972,644.0,3.0,74.7635845049001,6.0,1.0,2.0,0.0,0.0
1930.0,delete,74.82025863026955,645.0,4.0,74.82025863026958,5.0,1.0,1.0,0.0,0.0
1931.0,add,74.82025863026958,645.0,4.0,74.82025863026958,5.0,1.0,1.0,0.0,1.0
1932.0,delete,74.78198489670723,645.0,4.0,74.82025863026958,4.0,1.0,1.0,0.0,0.0
1933.0,swap,74.78843785530553,645.0,4.0,74.82025863026958,4.0,2.0,1.0,0.0,0.0
1934.0,swap,74.9052885894235,646.0,5.0,74.9052885894235,5.0,2.0,1.0,0.0,0.0
1935.0,add,74.77436044892397,646.0,5.0,74.9052885894235,5.0,2.0,1.0,0.0,1.0
1936.0,delete,74.87977377034655,646.0,5.0,74.9052885894235,4.0,2.0,1.0,0.0,0.0
1937.0,swap,74.8594368072022,646.0,5.0,74.9052885894235,5.0,1.0,1.0,0.0,1.0
1938.0,add,74.81053716020395,647.0,4.0,74.79219970953972,6.0,1.0,2.0,0.0,0.0
1939.0,add,74.79688159020303,647.0,4.0,74.79219970953972,6.0,1.0,3.0,0.0,0.0
1940.0,delete,74.78253748863543,647.0,4.0,74.79219970953972,5.0,1.0,2.0,0.0,0.0
1941.0,swap,74.73988042684792,647.0,4.0,74.79219970953972,5.0,1.0,3.0,0.0,0.0
1942.0,add,74.87628371784962,648.0,5.0,74.87628371784965,5.0,1.0,2.0,0.0,1.0
1943.0,add,74.79879722716775,648.0,5.0,74.87628371784965,5.0,1.0,2.0,0.0,2.0
1944.0,delete,74.64258879261625,648.0,5.0,74.87628371784965,5.0,1.0,1.0,0.0,1.0
1945.0,swap,74.859734266417,648.0,5.0,74.87628371784965,4.0,1.0,3.0,0.0,1.0
1946.0,delete,74.6488218785424,649.0,3.0,74.77148773542855,5.0,1.0,1.0,0.0,0.0
1947.0,swap,74.72864043644613,650.0,5.0,74.78843785530553,4.0,2.0,1.0,0.0,0.0
1948.0,add,74.78843785530553,650.0,5.0,74.78843785530553,4.0,2.0,1.0,0.0,1.0
1949.0,delete,74.89061966199698,650.0,5.0,74.78843785530553,3.0,2.0,1.0,0.0,0.0
1950.0,swap,74.87332242044155,650.0,5.0,74.78843785530553,3.0,2.0,1.0,1.0,0.0
1951.0,add,74.8435908238224,651.0,5.0,74.8616503356116,5.0,2.0,1.0,1.0,0.0
1952.0,add,74.8616503356116,651.0,5.0,74.8616503356116,5.0,2.0,1.0,1.0,1.0
1953.0,delete,74.81486410726504,651.0,5.0,74.8616503356116,4.0,2.0,1.0,1.0,0.0
1954.0,swap,74.61835526463153,651.0,5.0,74.8616503356116,4.0,3.0,1.0,1.0,0.0
1955.0,add,74.6383990216294,652.0,3.0,74.76755552899756,6.0,1.0,2.0,0.0,0.0
1956.0,swap,74.83004391595155,653.0,5.0,74.82219590085178,5.0,0.0,2.0,0.0,1.0
1957.0,add,74.82219590085178,653.0,5.0,74.82219590085178,5.0,0.0,2.0,0.0,2.0
1958.0,delete,74.91030705538553,653.0,5.0,74.82219590085178,4.0,0.0,2.0,0.0,1.0
1959.0,swap,74.78525597418215,653.0,5.0,74.82219590085178,4.0,0.0,2.0,1.0,1.0
1960.0,delete,74.69174198417643,654.0,3.0,74.67486492041071,5.0,0.0,1.0,0.0,1.0
1961.0,swap,74.70945118835465,655.0,3.0,74.78685693051321,5.0,0.0,1.0,1.0,1.0
1962.0,add,74.79556177218525,656.0,5.0,74.79688159020303,6.0,1.0,3.0,0.0,0.0
1963.0,add,74.75413519686997,656.0,5.0,74.79688159020303,6.0,1.0,3.0,0.0,1.0
1964.0,delete,74.80029626593739,656.0,5.0,74.79688159020303,6.0,1.0,2.0,0.0,0.0
1965.0,swap,74.80204251126972,656.0,5.0,74.79688159020303,6.0,1.0,2.0,1.0,0.0
1966.0,delete,74.69780409846723,657.0,4.0,74.69174198417643,5.0,0.0,1.0,0.0,1.0
1967.0,add,74.69174198417643,657.0,4.0,74.69174198417643,5.0,0.0,1.0,0.0,2.0
1968.0,delete,74.8792176973762,657.0,4.0,74.69174198417643,4.0,0.0,1.0,0.0,1.0
1969.0,swap,74.87921769737622,657.0,4.0,74.69174198417643,4.0,0.0,1.0,1.0,1.0
1970.0,swap,74.79603772887245,658.0,3.0,74.61775684362047,6.0,1.0,1.0,0.0,0.0
1971.0,swap,74.86446880816519,659.0,5.0,74.86446880816519,5.0,0.0,1.0,1.0,0.0
1972.0,add,74.89949964182337,659.0,5.0,74.86446880816519,5.0,0.0,1.0,2.0,0.0
1973.0,delete,74.79435097890412,659.0,5.0,74.86446880816519,4.0,0.0,1.0,1.0,0.0
1974.0,swap,74.82559265179528,659.0,5.0,74.86446880816519,4.0,0.0,1.0,2.0,0.0
1975.0,change,74.73628200796757,660.0,5.0,74.73628200796757,6.0,1.0,1.0,0.0,0.0
1976.0,add,74.76010649725436,660.0,5.0,74.73628200796757,6.0,1.0,2.0,0.0,0.0
1977.0,delete,74.81855755682645,660.0,5.0,74.73628200796757,5.0,1.0,1.0,0.0,0.0
1978.0,swap,74.74488912238252,660.0,5.0,74.73628200796757,5.0,1.0,1.0,0.0,1.0
1979.0,swap,74.79603772887243,661.0,4.0,74.79603772887245,6.0,1.0,1.0,0.0,0.0
1980.0,add,74.7292072975876,661.0,4.0,74.79603772887245,6.0,1.0,1.0,0.0,1.0
1981.0,delete,74.64499542631877,661.0,4.0,74.79603772887245,5.0,1.0,1.0,0.0,0.0
1982.0,swap,74.65953387605943,661.0,4.0,74.79603772887245,5.0,1.0,1.0,0.0,1.0
1983.0,add,74.88041096711893,662.0,5.0,74.88625230868715,5.0,1.0,1.0,0.0,2.0
1984.0,add,74.80845590423017,662.0,5.0,74.88625230868715,5.0,2.0,1.0,0.0,2.0
1985.0,delete,74.86131814454629,662.0,5.0,74.88625230868715,5.0,1.0,1.0,0.0,1.0
1986.0,swap,74.72321981726498,662.0,5.0,74.88625230868715,4.0,2.0,1.0,0.0,2.0
1987.0,swap,74.77912403960097,663.0,3.0,74.78965837172412,5.0,0.0,2.0,0.0,1.0
1988.0,swap,74.7432516967462,664.0,4.0,74.77912403960097,5.0,0.0,2.0,0.0,1.0
1989.0,add,74.77912403960097,664.0,4.0,74.77912403960097,5.0,0.0,2.0,0.0,2.0
1990.0,delete,74.89816404675436,664.0,4.0,74.77912403960097,4.0,0.0,2.0,0.0,1.0
1991.0,swap,74.75965397135346,664.0,4.0,74.77912403960097,5.0,0.0,2.0,0.0,1.0
1992.0,swap,74.68229318489897,665.0,4.0,74.70945118835465,5.0,0.0,1.0,1.0,1.0
1993.0,add,74.720451414177,665.0,4.0,74.70945118835465,5.0,0.0,2.0,1.0,1.0
1994.0,delete,74.55755993013803,665.0,4.0,74.70945118835465,4.0,0.0,1.0,1.0,1.0
1995.0,swap,74.63251390617285,665.0,4.0,74.70945118835465,4.0,1.0,1.0,1.0,1.0
1996.0,swap,74.85445052361648,666.0,5.0,74.80581710852384,5.0,0.0,2.0,0.0,2.0
1997.0,add,74.80581710852384,666.0,5.0,74.80581710852384,5.0,0.0,2.0,0.0,3.0
1998.0,delete,74.75378660121642,666.0,5.0,74.80581710852384,4.0,0.0,2.0,0.0,2.0
1999.0,swap,74.76023381407707,666.0,5.0,74.80581710852384,5.0,0.0,1.0,0.0,3.0
2000.0,delete,74.7819848967072,667.0,5.0,74.78198489670723,4.0,1.0,1.0,0.0,0.0
2001.0,add,74.548271194129,667.0,5.0,74.78198489670723,4.0,2.0,1.0,0.0,0.0
2002.0,delete,74.85389801639892,667.0,5.0,74.78198489670723,3.0,1.0,1.0,0.0,0.0
2003.0,swap,74.7806066010472,667.0,5.0,74.78198489670723,3.0,1.0,1.0,1.0,0.0
2004.0,delete,74.89516777243733,668.0,5.0,74.89816404675436,4.0,0.0,2.0,0.0,1.0
2005.0,add,74.9561835477738,668.0,5.0,74.89816404675436,4.0,0.0,2.0,0.0,2.0
2006.0,delete,74.81649739970875,668.0,5.0,74.89816404675436,3.0,0.0,2.0,0.0,1.0
2007.0,swap,74.93039980121065,668.0,5.0,74.89816404675436,3.0,1.0,2.0,0.0,1.0
2008.0,swap,74.76394911273471,669.0,5.0,74.75965397135346,5.0,0.0,2.0,0.0,1.0
2009.0,add,74.61817996191178,669.0,5.0,74.75965397135346,5.0,0.0,3.0,0.0,1.0
2010.0,delete,74.73450374619192,669.0,5.0,74.75965397135346,4.0,0.0,2.0,0.0,1.0
2011.0,swap,74.76460623030755,669.0,5.0,74.75965397135346,5.0,0.0,1.0,1.0,1.0
2012.0,add,74.66946128103096,670.0,3.0,74.75853817195149,6.0,0.0,1.0,0.0,2.0
2013.0,swap,74.69329961614517,671.0,5.0,74.70739204110767,4.0,2.0,2.0,0.0,0.0
2014.0,add,74.70739204110767,671.0,5.0,74.70739204110767,4.0,2.0,2.0,0.0,1.0
2015.0,delete,74.89248016487748,671.0,5.0,74.70739204110767,3.0,2.0,2.0,0.0,0.0
2016.0,swap,74.85741571315461,671.0,5.0,74.70739204110767,3.0,2.0,3.0,0.0,0.0
2017.0,delete,74.8860328794956,672.0,5.0,74.88663372814979,5.0,0.0,1.0,0.0,1.0
2018.0,add,74.88663372814979,672.0,5.0,74.88663372814979,5.0,0.0,1.0,0.0,2.0
2019.0,delete,74.8957735739551,672.0,5.0,74.88663372814979,4.0,0.0,1.0,0.0,1.0
2020.0,swap,74.86470090913487,672.0,5.0,74.88663372814979,5.0,1.0,0.0,0.0,1.0
2021.0,change,74.75610478855607,673.0,3.0,74.76445611347232,6.0,0.0,1.0,0.0,1.0
2022.0,change,74.73861332807563,674.0,4.0,74.75610478855607,6.0,0.0,1.0,0.0,1.0
2023.0,add,74.79460844236058,674.0,4.0,74.75610478855607,6.0,0.0,1.0,1.0,1.0
2024.0,delete,74.88511393558397,674.0,4.0,74.75610478855607,5.0,0.0,1.0,0.0,1.0
2025.0,swap,74.6283816668985,674.0,4.0,74.75610478855607,5.0,0.0,1.0,1.0,1.0
2026.0,add,74.83447431893887,675.0,5.0,74.83992288152632,6.0,1.0,1.0,1.0,1.0
2027.0,add,74.83992288152632,675.0,5.0,74.83992288152632,6.0,1.0,1.0,1.0,2.0
2028.0,delete,74.82794004091112,675.0,5.0,74.83992288152632,5.0,1.0,1.0,1.0,1.0
2029.0,swap,74.86203476111979,675.0,5.0,74.83992288152632,5.0,1.0,1.0,1.0,2.0
2030.0,add,74.8374820332282,676.0,5.0,74.8374820332282,6.0,1.0,1.0,1.0,0.0
2031.0,add,74.8374820332282,676.0,5.0,74.8374820332282,6.0,1.0,1.0,1.0,1.0
2032.0,delete,74.82549919261294,676.0,5.0,74.8374820332282,5.0,1.0,1.0,1.0,0.0
2033.0,swap,74.7930169237885,676.0,5.0,74.8374820332282,6.0,1.0,1.0,1.0,0.0
2034.0,add,74.67779195702924,677.0,4.0,74.66946128103096,6.0,0.0,1.0,0.0,2.0
2035.0,add,74.68686892958058,677.0,4.0,74.66946128103096,6.0,0.0,2.0,0.0,2.0
2036.0,delete,74.71145362690903,677.0,4.0,74.66946128103096,5.0,0.0,1.0,0.0,2.0
2037.0,swap,74.69987173828285,677.0,4.0,74.66946128103096,5.0,0.0,2.0,0.0,2.0
2038.0,delete,74.66117194646645,678.0,4.0,74.6488218785424,5.0,1.0,1.0,0.0,0.0
2039.0,add,74.64636245726292,678.0,4.0,74.6488218785424,5.0,1.0,1.0,0.0,1.0
2040.0,delete,74.57479211943183,678.0,4.0,74.6488218785424,5.0,1.0,0.0,0.0,0.0
2041.0,swap,74.50920397714147,678.0,4.0,74.6488218785424,4.0,1.0,2.0,0.0,0.0
2042.0,change,74.81024952758001,679.0,5.0,74.81024952758001,6.0,1.0,1.0,0.0,0.0
2043.0,add,74.81024952758001,679.0,5.0,74.81024952758001,6.0,1.0,1.0,0.0,1.0
2044.0,delete,74.77542157182323,679.0,5.0,74.81024952758001,5.0,1.0,1.0,0.0,0.0
2045.0,swap,74.49923159994763,679.0,5.0,74.81024952758001,6.0,2.0,0.0,0.0,0.0
2046.0,swap,74.82025863026958,680.0,3.0,74.8063488867302,5.0,1.0,1.0,1.0,0.0
2047.0,swap,74.8347228795651,681.0,4.0,74.82025863026958,5.0,1.0,1.0,1.0,0.0
2048.0,add,74.86877079501778,681.0,4.0,74.82025863026958,5.0,1.0,1.0,2.0,0.0
2049.0,delete,74.71437829924372,681.0,4.0,74.82025863026958,4.0,1.0,1.0,1.0,0.0
2050.0,swap,74.71437829924369,681.0,4.0,74.82025863026958,4.0,1.0,1.0,2.0,0.0
2051.0,swap,74.76006215603661,682.0,2.0,74.7527298384732,6.0,0.0,1.0,1.0,0.0
2052.0,swap,74.76059466417398,683.0,3.0,74.76006215603661,6.0,0.0,1.0,1.0,0.0
2053.0,add,74.7600621560366,683.0,3.0,74.76006215603661,6.0,1.0,1.0,1.0,0.0
2054.0,delete,74.68507237461566,683.0,3.0,74.76006215603661,5.0,0.0,1.0,1.0,0.0
2055.0,swap,74.76006215603661,683.0,3.0,74.76006215603661,6.0,1.0,1.0,0.0,0.0
2056.0,swap,74.76058936702634,684.0,4.0,74.76006215603661,6.0,1.0,1.0,0.0,0.0
2057.0,add,74.76006215603661,684.0,4.0,74.76006215603661,6.0,1.0,1.0,0.0,1.0
2058.0,delete,74.68507237461564,684.0,4.0,74.76006215603661,5.0,1.0,1.0,0.0,0.0
2059.0,swap,74.76006215603661,684.0,4.0,74.76006215603661,6.0,1.0,1.0,0.0,0.0
2060.0,delete,74.72600306782046,685.0,4.0,74.74029732827091,6.0,0.0,1.0,0.0,0.0
2061.0,add,74.74029732827091,685.0,4.0,74.74029732827091,6.0,0.0,1.0,0.0,1.0
2062.0,delete,74.86015448241125,685.0,4.0,74.74029732827091,5.0,0.0,1.0,0.0,0.0
2063.0,swap,74.61094309176582,685.0,4.0,74.74029732827091,6.0,0.0,1.0,0.0,0.0
2064.0,delete,74.78833252890566,686.0,5.0,74.79301692378847,6.0,0.0,1.0,0.0,0.0
2065.0,add,74.79301692378847,686.0,5.0,74.79301692378847,6.0,0.0,1.0,0.0,1.0
2066.0,delete,74.46459110340069,686.0,5.0,74.79301692378847,6.0,0.0,0.0,0.0,0.0
2067.0,swap,74.80656122813015,686.0,5.0,74.79301692378847,5.0,0.0,1.0,1.0,0.0
2068.0,swap,74.76059466417395,687.0,4.0,74.76059466417398,6.0,0.0,1.0,1.0,0.0
2069.0,add,74.60678859897652,687.0,4.0,74.76059466417398,6.0,0.0,2.0,1.0,0.0
2070.0,delete,74.76059466417395,687.0,4.0,74.76059466417398,6.0,0.0,1.0,0.0,0.0
2071.0,swap,74.67513683664528,687.0,4.0,74.76059466417398,5.0,0.0,1.0,2.0,0.0
2072.0,add,74.76884451559525,688.0,5.0,74.7898033957473,7.0,0.0,3.0,0.0,1.0
2073.0,add,74.7898033957473,688.0,5.0,74.7898033957473,7.0,0.0,3.0,1.0,1.0
2074.0,delete,74.78936717361987,688.0,5.0,74.7898033957473,7.0,0.0,2.0,0.0,1.0
2075.0,swap,74.71815943487306,688.0,5.0,74.7898033957473,6.0,0.0,3.0,1.0,1.0
2076.0,add,74.63342952765268,689.0,4.0,74.63342952765268,6.0,0.0,0.0,1.0,0.0
2077.0,delete,74.61327609623662,689.0,4.0,74.63342952765268,5.0,0.0,0.0,0.0,0.0
2078.0,swap,74.6132760962366,689.0,4.0,74.63342952765268,5.0,0.0,0.0,0.0,1.0
2079.0,swap,74.81061783650522,690.0,5.0,74.8025414738757,5.0,0.0,2.0,0.0,1.0
2080.0,add,74.95415111542106,690.0,5.0,74.8025414738757,5.0,0.0,2.0,0.0,2.0
2081.0,delete,74.79998364071308,690.0,5.0,74.8025414738757,4.0,0.0,2.0,0.0,1.0
2082.0,swap,74.86574557341162,690.0,5.0,74.8025414738757,5.0,0.0,1.0,1.0,1.0
2083.0,add,74.66937913964222,691.0,3.0,74.78915397701418,7.0,0.0,3.0,0.0,0.0
2084.0,swap,74.75997204258957,692.0,5.0,74.81250239888762,6.0,0.0,1.0,1.0,1.0
2085.0,add,74.66372301663995,692.0,5.0,74.81250239888762,6.0,0.0,1.0,1.0,2.0
2086.0,delete,74.75755558210146,692.0,5.0,74.81250239888762,5.0,0.0,1.0,1.0,1.0
2087.0,swap,74.83232385786091,692.0,5.0,74.81250239888762,6.0,0.0,2.0,0.0,1.0
2088.0,swap,74.75111803540815,693.0,5.0,74.72497276912549,6.0,1.0,1.0,0.0,0.0
2089.0,add,74.72497276912549,693.0,5.0,74.72497276912549,6.0,1.0,1.0,0.0,1.0
2090.0,delete,74.7481689704727,693.0,5.0,74.72497276912549,5.0,1.0,1.0,0.0,0.0
2091.0,swap,74.6582859325368,693.0,5.0,74.72497276912549,5.0,1.0,2.0,0.0,0.0
2092.0,add,74.76006215603661,694.0,4.0,74.7600621560366,6.0,1.0,1.0,1.0,0.0
2093.0,add,74.7600621560366,694.0,4.0,74.7600621560366,6.0,1.0,1.0,1.0,1.0
2094.0,delete,74.76006215603661,694.0,4.0,74.7600621560366,6.0,1.0,1.0,0.0,0.0
2095.0,swap,74.68507237461566,694.0,4.0,74.7600621560366,5.0,1.0,1.0,1.0,1.0
2096.0,add,74.76526913503052,695.0,4.0,74.76526913503051,7.0,2.0,1.0,0.0,0.0
2097.0,add,74.52511954416306,695.0,4.0,74.76526913503051,7.0,2.0,1.0,0.0,1.0
2098.0,delete,74.76526913503051,695.0,4.0,74.76526913503051,7.0,1.0,1.0,0.0,0.0
2099.0,swap,74.68707567991315,695.0,4.0,74.76526913503051,6.0,2.0,1.0,0.0,1.0
2100.0,delete,74.69215918573744,696.0,4.0,74.68507237461566,5.0,0.0,1.0,1.0,0.0
2101.0,add,74.73740155269263,696.0,4.0,74.68507237461566,5.0,0.0,1.0,1.0,1.0
2102.0,delete,74.59146768612469,696.0,4.0,74.68507237461566,4.0,0.0,1.0,1.0,0.0
2103.0,swap,74.63772110261849,696.0,4.0,74.68507237461566,4.0,0.0,1.0,1.0,1.0
2104.0,delete,74.57922355224049,697.0,3.0,74.77641729392938,7.0,0.0,0.0,0.0,0.0
2105.0,delete,74.72497276912549,698.0,3.0,74.63715808556849,6.0,0.0,1.0,0.0,1.0
2106.0,change,74.79340126216829,699.0,5.0,74.7933566045037,7.0,0.0,2.0,0.0,0.0
2107.0,add,74.76176768079664,699.0,5.0,74.7933566045037,7.0,0.0,3.0,0.0,0.0
2108.0,delete,74.76526913503052,699.0,5.0,74.7933566045037,7.0,0.0,1.0,0.0,0.0
2109.0,swap,74.7495237769034,699.0,5.0,74.7933566045037,6.0,0.0,2.0,1.0,0.0
2110.0,swap,74.72078375135793,700.0,4.0,74.71967678349104,6.0,0.0,1.0,2.0,0.0
2111.0,add,74.72724272253882,700.0,4.0,74.71967678349104,6.0,0.0,1.0,3.0,0.0
2112.0,delete,74.81541702800402,700.0,4.0,74.71967678349104,5.0,0.0,1.0,2.0,0.0
2113.0,swap,74.88485135394585,700.0,4.0,74.71967678349104,5.0,1.0,1.0,2.0,0.0
2114.0,add,74.74492164882058,701.0,5.0,74.7706074223245,7.0,0.0,1.0,0.0,1.0
2115.0,add,74.7706074223245,701.0,5.0,74.7706074223245,7.0,0.0,1.0,0.0,2.0
2116.0,delete,74.57922355224049,701.0,5.0,74.7706074223245,7.0,0.0,0.0,0.0,1.0
2117.0,swap,74.67805209334352,701.0,5.0,74.7706074223245,6.0,0.0,1.0,1.0,1.0
2118.0,swap,74.26735831020096,702.0,3.0,74.74516964195035,5.0,1.0,1.0,1.0,0.0
2119.0,swap,74.82980552483279,703.0,5.0,74.8243807300519,6.0,0.0,1.0,1.0,0.0
2120.0,add,74.75861730918948,703.0,5.0,74.8243807300519,6.0,0.0,2.0,1.0,0.0
2121.0,delete,74.82438073005189,703.0,5.0,74.8243807300519,6.0,0.0,1.0,0.0,0.0
2122.0,swap,74.58283412496534,703.0,5.0,74.8243807300519,5.0,0.0,1.0,1.0,1.0
2123.0,add,74.73578860600703,704.0,4.0,74.72323807298949,6.0,0.0,1.0,0.0,1.0
2124.0,add,74.72323807298949,704.0,4.0,74.72323807298949,6.0,0.0,1.0,0.0,2.0
2125.0,delete,74.88724925347043,704.0,4.0,74.72323807298949,5.0,0.0,1.0,0.0,1.0
2126.0,swap,74.56827120508527,704.0,4.0,74.72323807298949,6.0,0.0,0.0,0.0,2.0
2127.0,delete,74.72987134386791,705.0,3.0,74.6324815908448,6.0,0.0,1.0,1.0,0.0
2128.0,swap,74.84674793449099,706.0,5.0,74.79957507958525,6.0,0.0,1.0,1.0,2.0
2129.0,add,74.756888821038,706.0,5.0,74.79957507958525,6.0,0.0,2.0,1.0,2.0
2130.0,delete,74.79957507958525,706.0,5.0,74.79957507958525,6.0,0.0,1.0,1.0,1.0
2131.0,swap,74.75658655068636,706.0,5.0,74.79957507958525,5.0,0.0,2.0,1.0,2.0
2132.0,add,74.76526913503051,707.0,5.0,74.76526913503051,7.0,2.0,1.0,0.0,0.0
2133.0,add,74.76526913503051,707.0,5.0,74.76526913503051,7.0,2.0,1.0,0.0,1.0
2134.0,delete,74.7232445338646,707.0,5.0,74.76526913503051,6.0,2.0,1.0,0.0,0.0
2135.0,swap,74.77131999814962,707.0,5.0,74.76526913503051,6.0,2.0,1.0,1.0,0.0
2136.0,swap,74.79275686231792,708.0,3.0,74.77284977338307,6.0,1.0,1.0,0.0,0.0
2137.0,swap,74.79540026559673,709.0,4.0,74.79275686231792,6.0,1.0,1.0,0.0,0.0
2138.0,add,74.67385164305412,709.0,4.0,74.79275686231792,6.0,1.0,2.0,0.0,0.0
2139.0,delete,74.67161738444074,709.0,4.0,74.79275686231792,5.0,1.0,1.0,0.0,0.0
2140.0,swap,74.67161738444074,709.0,4.0,74.79275686231792,5.0,1.0,1.0,0.0,1.0
2141.0,add,74.63398150439406,710.0,4.0,74.66937913964222,7.0,0.0,3.0,0.0,0.0
2142.0,add,74.4749198509097,710.0,4.0,74.66937913964222,7.0,0.0,4.0,0.0,0.0
2143.0,delete,74.78936717361987,710.0,4.0,74.66937913964222,7.0,0.0,2.0,0.0,0.0
2144.0,swap,74.75942144425153,710.0,4.0,74.66937913964222,7.0,0.0,3.0,0.0,0.0
2145.0,swap,74.55213906663306,711.0,4.0,74.5525556385302,5.0,1.0,1.0,0.0,0.0
2146.0,add,74.6631526676699,711.0,4.0,74.5525556385302,5.0,1.0,1.0,0.0,1.0
2147.0,delete,74.71437829924366,711.0,4.0,74.5525556385302,4.0,1.0,1.0,0.0,0.0
2148.0,swap,74.60088886862464,711.0,4.0,74.5525556385302,5.0,1.0,0.0,1.0,0.0
2149.0,add,74.76006215603661,712.0,3.0,74.74506419975242,6.0,0.0,1.0,1.0,1.0
2150.0,add,74.7600621560366,713.0,4.0,74.76006215603661,6.0,0.0,1.0,1.0,1.0
2151.0,add,74.75895294650854,713.0,4.0,74.76006215603661,6.0,0.0,1.0,2.0,1.0
2152.0,delete,74.62861363892577,713.0,4.0,74.76006215603661,6.0,0.0,0.0,1.0,1.0
2153.0,swap,74.44222295291793,713.0,4.0,74.76006215603661,6.0,1.0,0.0,1.0,1.0
2154.0,delete,74.6583505711666,714.0,2.0,74.59126725765394,6.0,0.0,1.0,0.0,0.0
2155.0,change,74.7560802405578,715.0,3.0,74.73457932887207,7.0,0.0,1.0,0.0,1.0
2156.0,swap,74.88556477686322,716.0,5.0,74.88485135394585,5.0,1.0,1.0,2.0,0.0
2157.0,add,74.5551063758508,716.0,5.0,74.88485135394585,5.0,1.0,2.0,2.0,0.0
2158.0,delete,74.8530555897015,716.0,5.0,74.88485135394585,4.0,1.0,1.0,2.0,0.0
2159.0,swap,74.83559048126928,716.0,5.0,74.88485135394585,4.0,1.0,1.0,3.0,0.0
2160.0,swap,74.7709461681777,717.0,5.0,74.77257233809449,6.0,1.0,1.0,1.0,1.0
2161.0,add,74.76037641559049,717.0,5.0,74.77257233809449,6.0,1.0,2.0,1.0,1.0
2162.0,delete,74.89577901249426,717.0,5.0,74.77257233809449,5.0,1.0,1.0,1.0,1.0
2163.0,swap,74.699715306113,717.0,5.0,74.77257233809449,5.0,2.0,1.0,1.0,1.0
2164.0,delete,74.7259866327985,718.0,4.0,74.72987134386791,6.0,0.0,1.0,1.0,0.0
2165.0,add,74.31283580175554,718.0,4.0,74.72987134386791,6.0,0.0,2.0,1.0,0.0
2166.0,delete,74.76866851225549,718.0,4.0,74.72987134386791,5.0,0.0,1.0,1.0,0.0
2167.0,swap,74.81970201989688,718.0,4.0,74.72987134386791,5.0,0.0,2.0,1.0,0.0
2168.0,change,74.62329442842643,719.0,2.0,74.61722117896974,7.0,1.0,0.0,0.0,0.0
2169.0,change,74.77581171959812,720.0,2.0,74.72928128466863,7.0,0.0,1.0,0.0,0.0
2170.0,change,74.77382935856964,721.0,3.0,74.77581171959812,7.0,0.0,1.0,0.0,0.0
2171.0,add,74.77581171959812,721.0,3.0,74.77581171959812,7.0,0.0,1.0,0.0,1.0
2172.0,delete,74.7601949730521,721.0,3.0,74.77581171959812,6.0,0.0,1.0,0.0,0.0
2173.0,swap,74.73728707371072,721.0,3.0,74.77581171959812,6.0,0.0,1.0,1.0,0.0
2174.0,change,74.77953085264521,722.0,4.0,74.77382935856964,7.0,0.0,1.0,0.0,0.0
2175.0,add,74.79297669203265,722.0,4.0,74.77382935856964,7.0,0.0,1.0,1.0,0.0
2176.0,delete,74.6636288413854,722.0,4.0,74.77382935856964,6.0,0.0,1.0,0.0,0.0
2177.0,swap,74.77942530054236,722.0,4.0,74.77382935856964,6.0,0.0,1.0,1.0,0.0
2178.0,swap,74.73728707371072,723.0,4.0,74.73728707371072,6.0,0.0,1.0,1.0,0.0
2179.0,add,74.71216664979052,723.0,4.0,74.73728707371072,6.0,0.0,1.0,1.0,1.0
2180.0,delete,74.69677968270605,723.0,4.0,74.73728707371072,5.0,0.0,1.0,1.0,0.0
2181.0,swap,74.52300047503266,723.0,4.0,74.73728707371072,5.0,0.0,2.0,1.0,0.0
2182.0,change,74.68213769078484,724.0,2.0,74.69672892531152,7.0,0.0,1.0,0.0,0.0
2183.0,swap,74.65537734312385,725.0,3.0,74.72768330118217,6.0,0.0,2.0,0.0,1.0
2184.0,add,74.79061918543748,726.0,5.0,74.79266900826339,6.0,1.0,1.0,2.0,0.0
2185.0,add,74.60070872597842,726.0,5.0,74.79266900826339,6.0,1.0,1.0,2.0,1.0
2186.0,delete,74.79266900826342,726.0,5.0,74.79266900826339,6.0,0.0,1.0,2.0,0.0
2187.0,swap,74.66979980386498,726.0,5.0,74.79266900826339,5.0,2.0,1.0,2.0,0.0
2188.0,add,74.65272980393325,727.0,4.0,74.652312607574,7.0,0.0,2.0,0.0,1.0
2189.0,add,74.45400063604119,727.0,4.0,74.652312607574,7.0,0.0,2.0,0.0,2.0
2190.0,delete,74.69149055172976,727.0,4.0,74.652312607574,7.0,0.0,1.0,0.0,1.0
2191.0,swap,74.73479903646042,727.0,4.0,74.652312607574,6.0,1.0,2.0,0.0,1.0
2192.0,change,74.76006215603661,728.0,3.0,74.71274188562873,6.0,0.0,1.0,1.0,0.0
2193.0,change,74.76013409317571,729.0,4.0,74.76006215603661,6.0,0.0,1.0,1.0,0.0
2194.0,add,74.76025888722458,729.0,4.0,74.76006215603661,6.0,0.0,2.0,1.0,0.0
2195.0,delete,74.62861363892577,729.0,4.0,74.76006215603661,6.0,0.0,0.0,1.0,0.0
2196.0,swap,74.76006215603661,729.0,4.0,74.76006215603661,6.0,1.0,1.0,0.0,0.0
2197.0,delete,74.72035379984986,730.0,4.0,74.72497276912549,6.0,0.0,1.0,0.0,1.0
2198.0,add,74.72497276912549,730.0,4.0,74.72497276912549,6.0,0.0,1.0,0.0,2.0
2199.0,delete,74.6923603330537,730.0,4.0,74.72497276912549,5.0,0.0,1.0,0.0,1.0
2200.0,swap,74.72497276912549,730.0,4.0,74.72497276912549,6.0,0.0,1.0,0.0,1.0
2201.0,swap,74.72787203110465,731.0,5.0,74.73988042684792,5.0,1.0,3.0,0.0,0.0
2202.0,add,74.641269033223,731.0,5.0,74.73988042684792,5.0,1.0,4.0,0.0,0.0
2203.0,delete,74.8125097311204,731.0,5.0,74.73988042684792,5.0,1.0,2.0,0.0,0.0
2204.0,swap,74.75332204848327,731.0,5.0,74.73988042684792,4.0,1.0,3.0,0.0,1.0
2205.0,change,74.72553296063657,732.0,3.0,74.73553905970786,6.0,0.0,1.0,0.0,0.0
2206.0,add,74.72496902095521,733.0,3.0,74.72755704210833,6.0,0.0,1.0,1.0,0.0
2207.0,add,74.78248247091503,734.0,3.0,74.79217811862972,7.0,1.0,0.0,0.0,2.0
2208.0,change,74.78069330284286,735.0,3.0,74.77825448593241,7.0,1.0,0.0,0.0,1.0
2209.0,add,74.78200729595464,736.0,4.0,74.78248247091503,7.0,1.0,0.0,0.0,2.0
2210.0,add,74.78248247091503,736.0,4.0,74.78248247091503,7.0,1.0,0.0,0.0,3.0
2211.0,delete,74.80492947477643,736.0,4.0,74.78248247091503,6.0,1.0,0.0,0.0,2.0
2212.0,swap,74.74802119493896,736.0,4.0,74.78248247091503,6.0,1.0,1.0,0.0,2.0
2213.0,add,74.62228277320284,737.0,4.0,74.62224625123253,7.0,1.0,0.0,0.0,2.0
2214.0,add,74.62224625123253,737.0,4.0,74.62224625123253,7.0,1.0,0.0,0.0,3.0
2215.0,delete,74.51376059004977,737.0,4.0,74.62224625123253,6.0,1.0,0.0,0.0,2.0
2216.0,swap,74.44452614511007,737.0,4.0,74.62224625123253,6.0,1.0,0.0,0.0,3.0
2217.0,add,74.76173548317006,738.0,4.0,74.77581171959812,7.0,0.0,1.0,0.0,1.0
2218.0,add,74.47429728581949,738.0,4.0,74.77581171959812,7.0,0.0,2.0,0.0,1.0
2219.0,delete,74.79596928174826,738.0,4.0,74.77581171959812,6.0,0.0,1.0,0.0,1.0
2220.0,swap,74.5792235522405,738.0,4.0,74.77581171959812,7.0,1.0,0.0,0.0,1.0
2221.0,delete,74.62861363892577,739.0,3.0,74.66876438035779,6.0,0.0,0.0,1.0,0.0
2222.0,change,74.74284379910836,740.0,4.0,74.72553296063657,6.0,0.0,1.0,0.0,0.0
2223.0,add,74.72553296063657,740.0,4.0,74.72553296063657,6.0,0.0,1.0,0.0,1.0
2224.0,delete,74.64517253528061,740.0,4.0,74.72553296063657,5.0,0.0,1.0,0.0,0.0
2225.0,swap,74.711182497299,740.0,4.0,74.72553296063657,5.0,0.0,1.0,1.0,0.0
2226.0,swap,74.5845363111066,741.0,5.0,74.59297392056075,6.0,0.0,1.0,0.0,2.0
2227.0,add,74.67601501323804,741.0,5.0,74.59297392056075,6.0,0.0,2.0,0.0,2.0
2228.0,delete,74.48612380670002,741.0,5.0,74.59297392056075,5.0,0.0,1.0,0.0,2.0
2229.0,swap,74.43951665874752,741.0,5.0,74.59297392056075,5.0,0.0,1.0,0.0,3.0
2230.0,add,74.56644395788881,742.0,2.0,74.63709249342266,7.0,0.0,0.0,0.0,2.0
2231.0,swap,74.84807057296261,743.0,5.0,74.87921769737622,4.0,0.0,1.0,1.0,1.0
2232.0,add,74.87921769737622,743.0,5.0,74.87921769737622,4.0,0.0,1.0,2.0,1.0
2233.0,delete,74.72433305123478,743.0,5.0,74.87921769737622,3.0,0.0,1.0,1.0,1.0
2234.0,swap,74.91023248833692,743.0,5.0,74.87921769737622,3.0,0.0,1.0,1.0,2.0
2235.0,delete,74.87456122191334,744.0,5.0,74.8795745494604,5.0,0.0,1.0,0.0,1.0
2236.0,add,74.8795745494604,744.0,5.0,74.8795745494604,5.0,0.0,1.0,0.0,2.0
2237.0,delete,74.81493283071296,744.0,5.0,74.8795745494604,5.0,0.0,0.0,0.0,1.0
2238.0,swap,74.77895702376331,744.0,5.0,74.8795745494604,4.0,0.0,2.0,0.0,1.0
2239.0,delete,74.72497276912549,745.0,3.0,74.75542156239547,6.0,0.0,1.0,0.0,0.0
2240.0,change,74.71297273768324,746.0,3.0,74.75326881042089,6.0,0.0,1.0,0.0,1.0
2241.0,add,74.72785539645577,747.0,5.0,74.72787252239614,6.0,1.0,1.0,0.0,2.0
2242.0,add,74.72811598361247,747.0,5.0,74.72787252239614,6.0,2.0,1.0,0.0,2.0
2243.0,delete,74.68764914527614,747.0,5.0,74.72787252239614,5.0,1.0,1.0,0.0,2.0
2244.0,swap,74.7649749302745,747.0,5.0,74.72787252239614,5.0,1.0,2.0,0.0,2.0
2245.0,swap,74.76142566035722,748.0,5.0,74.77336158630496,4.0,1.0,1.0,1.0,1.0
2246.0,add,74.80551612095557,748.0,5.0,74.77336158630496,4.0,1.0,1.0,1.0,2.0
2247.0,delete,74.81868980731385,748.0,5.0,74.77336158630496,4.0,0.0,1.0,1.0,1.0
2248.0,swap,74.50144046125284,748.0,5.0,74.77336158630496,4.0,2.0,1.0,0.0,1.0
2249.0,add,74.8374121084798,749.0,5.0,74.86446880816519,5.0,1.0,1.0,0.0,1.0
2250.0,add,74.86446880816519,749.0,5.0,74.86446880816519,5.0,1.0,1.0,0.0,2.0
2251.0,delete,74.87057140680103,749.0,5.0,74.86446880816519,4.0,1.0,1.0,0.0,1.0
2252.0,swap,74.75549003570666,749.0,5.0,74.86446880816519,5.0,1.0,2.0,0.0,0.0
2253.0,delete,74.86446880816519,750.0,5.0,74.86446880816516,5.0,1.0,1.0,0.0,0.0
2254.0,add,74.86983663458064,750.0,5.0,74.86446880816516,5.0,1.0,2.0,0.0,0.0
2255.0,delete,74.71437829924366,750.0,5.0,74.86446880816516,4.0,1.0,1.0,0.0,0.0
2256.0,swap,74.86446880816514,750.0,5.0,74.86446880816516,5.0,0.0,1.0,1.0,0.0
2257.0,add,74.86877079501775,751.0,5.0,74.86877079501778,5.0,1.0,1.0,2.0,0.0
2258.0,add,74.86877079501778,751.0,5.0,74.86877079501778,5.0,1.0,1.0,2.0,1.0
2259.0,delete,74.83049706145546,751.0,5.0,74.86877079501778,4.0,1.0,1.0,2.0,0.0
2260.0,swap,74.42831146878397,751.0,5.0,74.86877079501778,5.0,1.0,2.0,1.0,0.0
2261.0,delete,74.79603772887243,752.0,3.0,74.63089069216613,6.0,0.0,1.0,0.0,0.0
2262.0,delete,74.79618494150351,753.0,4.0,74.79603772887243,6.0,0.0,1.0,0.0,0.0
2263.0,add,74.71098080796092,753.0,4.0,74.79603772887243,6.0,0.0,1.0,0.0,1.0
2264.0,delete,74.71582495960911,753.0,4.0,74.79603772887243,5.0,0.0,1.0,0.0,0.0
2265.0,swap,74.8957790124943,753.0,4.0,74.79603772887243,5.0,0.0,1.0,1.0,0.0
2266.0,swap,74.7600621560366,754.0,5.0,74.76006215603661,6.0,1.0,1.0,0.0,0.0
2267.0,add,74.78802645945903,754.0,5.0,74.76006215603661,6.0,1.0,2.0,0.0,0.0
2268.0,delete,74.68507237461569,754.0,5.0,74.76006215603661,5.0,1.0,1.0,0.0,0.0
2269.0,swap,74.5583964771775,754.0,5.0,74.76006215603661,5.0,1.0,1.0,0.0,1.0
2270.0,delete,74.73249071155354,755.0,4.0,74.72497276912549,6.0,0.0,1.0,0.0,0.0
2271.0,add,74.74764086217142,755.0,4.0,74.72497276912549,6.0,0.0,2.0,0.0,0.0
2272.0,delete,74.5583964771775,755.0,4.0,74.72497276912549,5.0,0.0,1.0,0.0,0.0
2273.0,swap,74.81050463850225,755.0,4.0,74.72497276912549,5.0,0.0,2.0,0.0,0.0
2274.0,add,74.79059384645869,756.0,5.0,74.79120516134456,6.0,0.0,2.0,2.0,0.0
2275.0,add,74.79120516134456,756.0,5.0,74.79120516134456,6.0,0.0,2.0,3.0,0.0
2276.0,delete,74.92408680906047,756.0,5.0,74.79120516134456,5.0,0.0,2.0,2.0,0.0
2277.0,swap,74.76351178293646,756.0,5.0,74.79120516134456,6.0,0.0,1.0,3.0,0.0
2278.0,swap,74.91693539713094,757.0,5.0,74.91043232497921,5.0,1.0,1.0,1.0,0.0
2279.0,add,74.5675349846681,757.0,5.0,74.91043232497921,5.0,1.0,1.0,1.0,1.0
2280.0,delete,74.83786694516175,757.0,5.0,74.91043232497921,4.0,1.0,1.0,1.0,0.0
2281.0,swap,74.78649594031478,757.0,5.0,74.91043232497921,4.0,1.0,2.0,1.0,0.0
2282.0,delete,74.78103408317328,758.0,3.0,74.79567044235114,5.0,1.0,1.0,0.0,0.0
2283.0,delete,74.72903746378546,759.0,4.0,74.78103408317328,5.0,1.0,1.0,0.0,0.0
2284.0,add,74.73715580697159,759.0,4.0,74.78103408317328,5.0,1.0,2.0,0.0,0.0
2285.0,delete,74.39455578328,759.0,4.0,74.78103408317328,5.0,1.0,0.0,0.0,0.0
2286.0,swap,74.7480414072747,759.0,4.0,74.78103408317328,5.0,0.0,2.0,0.0,0.0
2287.0,add,74.74074493374133,760.0,4.0,74.7292072975876,6.0,0.0,1.0,0.0,1.0
2288.0,add,74.7292072975876,760.0,4.0,74.7292072975876,6.0,0.0,1.0,0.0,2.0
2289.0,delete,74.57035170133459,760.0,4.0,74.7292072975876,6.0,0.0,0.0,0.0,1.0
2290.0,swap,74.76492733091037,760.0,4.0,74.7292072975876,5.0,0.0,2.0,0.0,1.0
2291.0,swap,74.70876811850196,761.0,4.0,74.71527562282326,5.0,1.0,1.0,0.0,0.0
2292.0,add,74.71527562282326,761.0,4.0,74.71527562282326,5.0,2.0,1.0,0.0,0.0
2293.0,delete,74.74944222114809,761.0,4.0,74.71527562282326,4.0,1.0,1.0,0.0,0.0
2294.0,swap,74.7322049905294,761.0,4.0,74.71527562282326,4.0,2.0,1.0,0.0,0.0
2295.0,add,74.67447464714208,762.0,4.0,74.6744746471421,7.0,2.0,1.0,0.0,0.0
2296.0,add,74.68790380431378,762.0,4.0,74.6744746471421,7.0,2.0,1.0,1.0,0.0
2297.0,delete,74.64345072245027,762.0,4.0,74.6744746471421,6.0,2.0,1.0,0.0,0.0
2298.0,swap,74.67447464714206,762.0,4.0,74.6744746471421,7.0,2.0,1.0,0.0,0.0
2299.0,delete,74.52482483630273,763.0,2.0,74.65548890664314,6.0,1.0,0.0,0.0,0.0
2300.0,delete,74.83036131777028,764.0,5.0,74.88511393558397,5.0,0.0,1.0,0.0,1.0
2301.0,add,74.40216585617986,764.0,5.0,74.88511393558397,5.0,0.0,1.0,0.0,2.0
2302.0,delete,74.93556750286584,764.0,5.0,74.88511393558397,5.0,0.0,1.0,0.0,0.0
2303.0,swap,74.82978927628126,764.0,5.0,74.88511393558397,4.0,1.0,1.0,0.0,1.0
2304.0,add,74.80591134959023,765.0,3.0,74.75320742186526,6.0,1.0,1.0,1.0,0.0
2305.0,add,74.80267616151004,766.0,4.0,74.80591134959023,6.0,1.0,1.0,1.0,0.0
2306.0,add,74.83337432126876,766.0,4.0,74.80591134959023,6.0,2.0,1.0,1.0,0.0
2307.0,delete,74.66854145788945,766.0,4.0,74.80591134959023,5.0,1.0,1.0,1.0,0.0
2308.0,swap,74.66854145788943,766.0,4.0,74.80591134959023,5.0,1.0,1.0,2.0,0.0
2309.0,change,74.76878423119706,767.0,4.0,74.7560802405578,7.0,0.0,1.0,0.0,1.0
2310.0,add,74.7560802405578,767.0,4.0,74.7560802405578,7.0,0.0,1.0,0.0,2.0
2311.0,delete,74.69104370073819,767.0,4.0,74.7560802405578,6.0,0.0,1.0,0.0,1.0
2312.0,swap,74.64003276592365,767.0,4.0,74.7560802405578,7.0,0.0,1.0,0.0,1.0
2313.0,add,74.63604720418475,768.0,4.0,74.6383990216294,6.0,1.0,2.0,0.0,0.0
2314.0,add,74.6383990216294,768.0,4.0,74.6383990216294,6.0,2.0,2.0,0.0,0.0
2315.0,delete,74.61746760852436,768.0,4.0,74.6383990216294,6.0,1.0,1.0,0.0,0.0
2316.0,swap,74.79447341791678,768.0,4.0,74.6383990216294,6.0,1.0,1.0,1.0,0.0
2317.0,delete,74.75927366507109,769.0,4.0,74.7601949730521,6.0,0.0,1.0,0.0,0.0
2318.0,add,74.7601949730521,769.0,4.0,74.7601949730521,6.0,0.0,1.0,0.0,1.0
2319.0,delete,74.68923709143674,769.0,4.0,74.7601949730521,5.0,0.0,1.0,0.0,0.0
2320.0,swap,74.68923709143672,769.0,4.0,74.7601949730521,5.0,0.0,1.0,1.0,0.0
2321.0,change,74.83465152694889,770.0,3.0,74.60132774714052,6.0,0.0,1.0,0.0,0.0
2322.0,change,74.84544433384106,771.0,4.0,74.83465152694889,6.0,0.0,1.0,0.0,0.0
2323.0,add,74.87496303291019,771.0,4.0,74.83465152694889,6.0,0.0,2.0,0.0,0.0
2324.0,delete,74.69640473836728,771.0,4.0,74.83465152694889,5.0,0.0,1.0,0.0,0.0
2325.0,swap,74.86299564620651,771.0,4.0,74.83465152694889,5.0,0.0,1.0,1.0,0.0
2326.0,swap,74.86123959039493,772.0,5.0,74.86299564620651,5.0,0.0,1.0,1.0,0.0
2327.0,add,74.86299564620651,772.0,5.0,74.86299564620651,5.0,0.0,1.0,1.0,1.0
2328.0,delete,74.8536863110561,772.0,5.0,74.86299564620651,4.0,0.0,1.0,1.0,0.0
2329.0,swap,74.88119740962608,772.0,5.0,74.86299564620651,4.0,1.0,1.0,1.0,0.0
2330.0,change,74.75950169609804,773.0,3.0,74.75572978366144,6.0,0.0,1.0,0.0,0.0
2331.0,change,74.78722299178649,774.0,4.0,74.75950169609804,6.0,0.0,1.0,0.0,0.0
2332.0,add,74.75950169609804,774.0,4.0,74.75950169609804,6.0,0.0,1.0,0.0,1.0
2333.0,delete,74.88378323084345,774.0,4.0,74.75950169609804,5.0,0.0,1.0,0.0,0.0
2334.0,swap,74.6404178930216,774.0,4.0,74.75950169609804,5.0,0.0,2.0,0.0,0.0
2335.0,swap,74.8294782943046,775.0,5.0,74.8294782943046,4.0,0.0,2.0,1.0,0.0
2336.0,add,74.8294782943046,775.0,5.0,74.8294782943046,4.0,0.0,2.0,1.0,1.0
2337.0,delete,74.7909245768741,775.0,5.0,74.8294782943046,3.0,0.0,2.0,1.0,0.0
2338.0,swap,74.7909245768741,775.0,5.0,74.8294782943046,3.0,0.0,2.0,1.0,1.0
2339.0,swap,74.91159735563295,776.0,3.0,74.73216100901074,5.0,1.0,1.0,0.0,0.0
2340.0,swap,74.90234254695739,777.0,4.0,74.91159735563295,5.0,1.0,1.0,0.0,0.0
2341.0,add,74.91159735563295,777.0,4.0,74.91159735563295,5.0,1.0,1.0,0.0,1.0
2342.0,delete,74.60294294120673,777.0,4.0,74.91159735563295,5.0,1.0,0.0,0.0,0.0
2343.0,swap,74.9116848093186,777.0,4.0,74.91159735563295,5.0,0.0,2.0,0.0,0.0
2344.0,swap,74.910427053971,778.0,5.0,74.9116848093186,5.0,0.0,2.0,0.0,0.0
2345.0,add,74.9116848093186,778.0,5.0,74.9116848093186,5.0,0.0,2.0,0.0,1.0
2346.0,delete,74.91159735563294,778.0,5.0,74.9116848093186,5.0,0.0,1.0,0.0,0.0
2347.0,swap,74.8226045101408,778.0,5.0,74.9116848093186,4.0,0.0,2.0,0.0,1.0
2348.0,add,74.92649382690081,779.0,5.0,74.91159735563295,5.0,1.0,1.0,0.0,1.0
2349.0,add,74.91159735563295,779.0,5.0,74.91159735563295,5.0,2.0,1.0,0.0,1.0
2350.0,delete,74.78608773896426,779.0,5.0,74.91159735563295,4.0,1.0,1.0,0.0,1.0
2351.0,swap,74.76166296916536,779.0,5.0,74.91159735563295,4.0,1.0,2.0,0.0,1.0
2352.0,swap,74.91807774910491,780.0,5.0,74.90234254695739,5.0,1.0,1.0,0.0,0.0
2353.0,add,74.9261751670083,780.0,5.0,74.90234254695739,5.0,1.0,1.0,0.0,1.0
2354.0,delete,74.89297489437656,780.0,5.0,74.90234254695739,4.0,1.0,1.0,0.0,0.0
2355.0,swap,74.9103943934155,780.0,5.0,74.90234254695739,4.0,1.0,1.0,0.0,1.0
2356.0,add,74.89082841603314,781.0,5.0,74.88810639816606,5.0,0.0,2.0,1.0,0.0
2357.0,add,74.80408337106962,781.0,5.0,74.88810639816606,5.0,0.0,2.0,1.0,1.0
2358.0,delete,74.58524398082953,781.0,5.0,74.88810639816606,5.0,0.0,1.0,1.0,0.0
2359.0,swap,74.82181210878838,781.0,5.0,74.88810639816606,5.0,1.0,1.0,1.0,0.0
2360.0,add,74.81260822316162,782.0,5.0,74.79784022925004,6.0,1.0,1.0,0.0,1.0
2361.0,add,74.79784022925004,782.0,5.0,74.79784022925004,6.0,1.0,1.0,0.0,2.0
2362.0,delete,74.9077967876367,782.0,5.0,74.79784022925004,5.0,1.0,1.0,0.0,1.0
2363.0,swap,74.7114570553298,782.0,5.0,74.79784022925004,5.0,2.0,1.0,0.0,1.0
2364.0,change,74.8313807995916,783.0,5.0,74.84544433384106,6.0,0.0,1.0,0.0,0.0
2365.0,add,74.90408555243657,783.0,5.0,74.84544433384106,6.0,0.0,2.0,0.0,0.0
2366.0,delete,74.44448781867587,783.0,5.0,74.84544433384106,6.0,0.0,0.0,0.0,0.0
2367.0,swap,74.88475348876365,783.0,5.0,74.84544433384106,5.0,0.0,1.0,1.0,0.0
2368.0,delete,74.60294294120673,784.0,5.0,74.60294294120673,5.0,1.0,0.0,0.0,0.0
2369.0,add,74.60255990244322,784.0,5.0,74.60294294120673,5.0,1.0,0.0,1.0,0.0
2370.0,delete,74.4074990866047,784.0,5.0,74.60294294120673,4.0,1.0,0.0,0.0,0.0
2371.0,swap,74.51527263575767,784.0,5.0,74.60294294120673,4.0,1.0,0.0,0.0,1.0
2372.0,add,74.777474963771,785.0,3.0,74.73376331554216,6.0,0.0,2.0,0.0,0.0
2373.0,add,74.77592699846895,786.0,4.0,74.777474963771,6.0,0.0,2.0,0.0,0.0
2374.0,add,74.777474963771,786.0,4.0,74.777474963771,6.0,0.0,2.0,1.0,0.0
2375.0,delete,74.89788643112622,786.0,4.0,74.777474963771,5.0,0.0,2.0,0.0,0.0
2376.0,swap,74.89229364779273,786.0,4.0,74.777474963771,5.0,0.0,2.0,1.0,0.0
2377.0,delete,74.93093251041108,787.0,5.0,74.89788643112622,5.0,0.0,2.0,0.0,0.0
2378.0,add,74.89788643112622,787.0,5.0,74.89788643112622,5.0,0.0,2.0,0.0,1.0
2379.0,delete,74.90993260427368,787.0,5.0,74.89788643112622,4.0,0.0,2.0,0.0,0.0
2380.0,swap,74.76228053170647,787.0,5.0,74.89788643112622,4.0,0.0,2.0,1.0,0.0
2381.0,delete,74.86446880816516,788.0,3.0,74.672939899483,5.0,0.0,1.0,0.0,0.0
2382.0,delete,74.83474936795099,789.0,4.0,74.86446880816516,5.0,0.0,1.0,0.0,0.0
2383.0,add,74.52052951973147,789.0,4.0,74.86446880816516,5.0,0.0,1.0,0.0,1.0
2384.0,delete,74.58575146161994,789.0,4.0,74.86446880816516,5.0,0.0,0.0,0.0,0.0
2385.0,swap,74.71437829924366,789.0,4.0,74.86446880816516,4.0,0.0,1.0,1.0,0.0
2386.0,add,74.79301692378847,790.0,3.0,74.80649326143987,6.0,0.0,1.0,1.0,0.0
2387.0,add,74.8040384727358,791.0,4.0,74.79301692378847,6.0,0.0,1.0,1.0,0.0
2388.0,add,74.42577360225971,791.0,4.0,74.79301692378847,6.0,0.0,1.0,1.0,1.0
2389.0,delete,74.82025863026955,791.0,4.0,74.79301692378847,5.0,0.0,1.0,1.0,0.0
2390.0,swap,74.8754371784971,791.0,4.0,74.79301692378847,5.0,0.0,2.0,1.0,0.0
2391.0,add,74.71398600072973,792.0,4.0,74.72496902095521,6.0,0.0,1.0,1.0,0.0
2392.0,add,74.72737710441538,792.0,4.0,74.72496902095521,6.0,0.0,1.0,2.0,0.0
2393.0,delete,74.55839581155189,792.0,4.0,74.72496902095521,5.0,0.0,1.0,1.0,0.0
2394.0,swap,74.64499174645432,792.0,4.0,74.72496902095521,5.0,0.0,1.0,1.0,1.0
2395.0,swap,74.81325776892588,793.0,5.0,74.82606594218704,5.0,1.0,1.0,0.0,0.0
2396.0,add,74.82606594218704,793.0,5.0,74.82606594218704,5.0,1.0,1.0,0.0,1.0
2397.0,delete,74.74454720621684,793.0,5.0,74.82606594218704,5.0,1.0,0.0,0.0,0.0
2398.0,swap,74.75419193382518,793.0,5.0,74.82606594218704,4.0,2.0,1.0,0.0,0.0
2399.0,delete,74.66644767997225,794.0,3.0,74.61179868128083,5.0,0.0,1.0,0.0,0.0
2400.0,swap,74.88663183308087,795.0,5.0,74.88892151877674,5.0,0.0,2.0,0.0,0.0
2401.0,add,74.69623266159117,795.0,5.0,74.88892151877674,5.0,0.0,2.0,0.0,1.0
2402.0,delete,74.7101727365806,795.0,5.0,74.88892151877674,4.0,0.0,2.0,0.0,0.0
2403.0,swap,74.92890560929358,795.0,5.0,74.88892151877674,4.0,0.0,2.0,1.0,0.0
2404.0,change,74.79579388500399,796.0,5.0,74.79621834587077,6.0,0.0,1.0,0.0,0.0
2405.0,add,74.78962669956191,796.0,5.0,74.79621834587077,6.0,0.0,1.0,1.0,0.0
2406.0,delete,74.71381710173955,796.0,5.0,74.79621834587077,5.0,0.0,1.0,0.0,0.0
2407.0,swap,74.5759779070033,796.0,5.0,74.79621834587077,5.0,0.0,2.0,0.0,0.0
2408.0,delete,74.84740646080769,797.0,5.0,74.86559393907085,5.0,0.0,1.0,0.0,0.0
2409.0,add,74.87037145706257,797.0,5.0,74.86559393907085,5.0,0.0,1.0,1.0,0.0
2410.0,delete,74.76305102666089,797.0,5.0,74.86559393907085,4.0,0.0,1.0,0.0,0.0
2411.0,swap,74.83161382215121,797.0,5.0,74.86559393907085,4.0,0.0,2.0,0.0,0.0
2412.0,change,74.80323883176224,798.0,3.0,74.76426540981637,6.0,0.0,1.0,0.0,0.0
2413.0,swap,74.89911622747803,799.0,5.0,74.89229364779273,5.0,0.0,2.0,1.0,0.0
2414.0,add,74.87597377216393,799.0,5.0,74.89229364779273,5.0,0.0,3.0,1.0,0.0
2415.0,delete,74.90404713565243,799.0,5.0,74.89229364779273,5.0,0.0,1.0,1.0,0.0
2416.0,swap,74.78038157162455,799.0,5.0,74.89229364779273,4.0,0.0,2.0,1.0,1.0
2417.0,change,74.79250832561763,800.0,4.0,74.80323883176224,6.0,0.0,1.0,0.0,0.0
2418.0,add,74.7082936175604,800.0,4.0,74.80323883176224,6.0,1.0,1.0,0.0,0.0
2419.0,delete,74.46459110340069,800.0,4.0,74.80323883176224,6.0,0.0,0.0,0.0,0.0
2420.0,swap,74.46459110340068,800.0,4.0,74.80323883176224,6.0,0.0,0.0,1.0,0.0
2421.0,swap,74.72058114942342,801.0,1.0,74.71791291411397,7.0,0.0,1.0,0.0,0.0
2422.0,swap,74.72562089021206,802.0,2.0,74.72058114942342,7.0,0.0,1.0,0.0,0.0
2423.0,add,74.4158378207001,802.0,2.0,74.72058114942342,7.0,0.0,2.0,0.0,0.0
2424.0,delete,74.68680175222688,802.0,2.0,74.72058114942342,6.0,0.0,1.0,0.0,0.0
2425.0,swap,74.67390485516201,802.0,2.0,74.72058114942342,6.0,0.0,1.0,1.0,0.0
2426.0,swap,74.67389225816906,803.0,3.0,74.67390485516201,6.0,0.0,1.0,1.0,0.0
2427.0,add,74.67390485516201,803.0,3.0,74.67390485516201,6.0,0.0,1.0,1.0,1.0
2428.0,delete,74.6686930966046,803.0,3.0,74.67390485516201,5.0,0.0,1.0,1.0,0.0
2429.0,swap,74.6757387669992,803.0,3.0,74.67390485516201,6.0,1.0,0.0,1.0,0.0
2430.0,swap,74.72070097671974,804.0,3.0,74.72562089021206,7.0,0.0,1.0,0.0,0.0
2431.0,add,74.70031937362596,804.0,3.0,74.72562089021206,7.0,0.0,1.0,1.0,0.0
2432.0,delete,74.67575461901512,804.0,3.0,74.72562089021206,6.0,0.0,1.0,0.0,0.0
2433.0,swap,74.75007071906231,804.0,3.0,74.72562089021206,6.0,0.0,2.0,0.0,0.0
2434.0,delete,74.69268352173154,805.0,3.0,74.68680175222688,6.0,0.0,1.0,0.0,0.0
2435.0,add,74.68680175222688,805.0,3.0,74.68680175222688,6.0,0.0,1.0,0.0,1.0
2436.0,delete,74.65189872418932,805.0,3.0,74.68680175222688,5.0,0.0,1.0,0.0,0.0
2437.0,swap,74.78276068667574,805.0,3.0,74.68680175222688,5.0,1.0,1.0,0.0,0.0
2438.0,add,74.39699594071928,806.0,3.0,74.4158378207001,7.0,0.0,2.0,0.0,0.0
2439.0,add,74.41583782070012,806.0,3.0,74.4158378207001,7.0,1.0,2.0,0.0,0.0
2440.0,delete,74.69257993747857,806.0,3.0,74.4158378207001,6.0,0.0,2.0,0.0,0.0
2441.0,swap,74.32433585408965,806.0,3.0,74.4158378207001,6.0,0.0,2.0,1.0,0.0
2442.0,change,74.70728760045941,807.0,2.0,74.71449331572704,7.0,0.0,1.0,0.0,0.0
2443.0,delete,74.62234247519794,808.0,2.0,74.70018928741008,7.0,0.0,0.0,0.0,0.0
2444.0,change,74.72860498659334,809.0,3.0,74.70728760045941,7.0,0.0,1.0,0.0,0.0
2445.0,add,74.70728760045941,809.0,3.0,74.70728760045941,7.0,0.0,1.0,0.0,1.0
2446.0,delete,74.7197918182975,809.0,3.0,74.70728760045941,6.0,0.0,1.0,0.0,0.0
2447.0,swap,74.62234247519794,809.0,3.0,74.70728760045941,7.0,0.0,0.0,0.0,1.0
2448.0,swap,74.71968458232867,810.0,2.0,74.67322676641938,6.0,1.0,1.0,0.0,0.0
2449.0,swap,74.7172241955008,811.0,3.0,74.71968458232867,6.0,1.0,1.0,0.0,0.0
2450.0,add,74.71968458232867,811.0,3.0,74.71968458232867,6.0,1.0,1.0,0.0,1.0
2451.0,delete,74.74642800114471,811.0,3.0,74.71968458232867,5.0,1.0,1.0,0.0,0.0
2452.0,swap,74.66453860460932,811.0,3.0,74.71968458232867,5.0,1.0,1.0,1.0,0.0
2453.0,add,74.62234247519794,812.0,3.0,74.62234247519794,7.0,0.0,0.0,0.0,1.0
2454.0,delete,74.63114092273655,812.0,3.0,74.62234247519794,6.0,0.0,0.0,0.0,0.0
2455.0,swap,74.69064450339273,812.0,3.0,74.62234247519794,6.0,0.0,0.0,1.0,0.0
2456.0,swap,74.74389505222001,813.0,4.0,74.75007071906231,6.0,0.0,2.0,0.0,0.0
2457.0,add,74.75007071906231,813.0,4.0,74.75007071906231,6.0,0.0,2.0,0.0,1.0
2458.0,delete,74.53017048421698,813.0,4.0,74.75007071906231,6.0,0.0,1.0,0.0,0.0
2459.0,swap,74.89744841857734,813.0,4.0,74.75007071906231,6.0,0.0,2.0,0.0,0.0
2460.0,swap,74.6759690901443,814.0,4.0,74.66453860460932,5.0,1.0,1.0,1.0,0.0
2461.0,add,74.67026801601484,814.0,4.0,74.66453860460932,5.0,1.0,2.0,1.0,0.0
2462.0,delete,74.71785257195114,814.0,4.0,74.66453860460932,4.0,1.0,1.0,1.0,0.0
2463.0,swap,74.54385446137572,814.0,4.0,74.66453860460932,5.0,0.0,1.0,2.0,0.0
2464.0,swap,74.72802502177254,815.0,4.0,74.78276068667574,5.0,1.0,1.0,0.0,0.0
2465.0,add,74.71635509453799,815.0,4.0,74.78276068667574,5.0,1.0,2.0,0.0,0.0
2466.0,delete,74.6065294606917,815.0,4.0,74.78276068667574,5.0,1.0,0.0,0.0,0.0
2467.0,swap,74.42135066444102,815.0,4.0,74.78276068667574,5.0,1.0,1.0,0.0,0.0
2468.0,change,74.72704242613473,816.0,2.0,74.71281183812282,7.0,0.0,1.0,0.0,0.0
2469.0,change,74.71888977058603,817.0,3.0,74.72704242613473,7.0,0.0,1.0,0.0,0.0
2470.0,add,74.72704242613473,817.0,3.0,74.72704242613473,7.0,0.0,1.0,0.0,1.0
2471.0,delete,74.75365640985467,817.0,3.0,74.72704242613473,6.0,0.0,1.0,0.0,0.0
2472.0,swap,74.68951001163036,817.0,3.0,74.72704242613473,6.0,0.0,1.0,1.0,0.0
2473.0,change,74.74298870054918,818.0,4.0,74.71888977058603,7.0,0.0,1.0,0.0,0.0
2474.0,add,74.71478225816641,818.0,4.0,74.71888977058603,7.0,0.0,2.0,0.0,0.0
2475.0,delete,74.70830931000604,818.0,4.0,74.71888977058603,6.0,0.0,1.0,0.0,0.0
2476.0,swap,74.83946816825203,818.0,4.0,74.71888977058603,6.0,0.0,2.0,0.0,0.0
2477.0,swap,74.76191520480009,819.0,2.0,74.68154556696393,6.0,0.0,2.0,0.0,0.0
2478.0,swap,74.76184387192292,820.0,3.0,74.76191520480009,6.0,0.0,2.0,0.0,0.0
2479.0,add,74.75096356932467,820.0,3.0,74.76191520480009,6.0,0.0,3.0,0.0,0.0
2480.0,delete,74.65833520156336,820.0,3.0,74.76191520480009,5.0,0.0,2.0,0.0,0.0
2481.0,swap,74.82621352286279,820.0,3.0,74.76191520480009,5.0,0.0,2.0,0.0,1.0
2482.0,change,74.72376404263473,821.0,4.0,74.72860498659334,7.0,0.0,1.0,0.0,0.0
2483.0,add,74.72860498659333,821.0,4.0,74.72860498659334,7.0,1.0,1.0,0.0,0.0
2484.0,delete,74.78739000038121,821.0,4.0,74.72860498659334,6.0,0.0,1.0,0.0,0.0
2485.0,swap,74.69601692354489,821.0,4.0,74.72860498659334,6.0,0.0,1.0,1.0,0.0
2486.0,swap,74.82549826003238,822.0,4.0,74.82621352286279,5.0,0.0,2.0,0.0,1.0
2487.0,add,74.59601171993741,822.0,4.0,74.82621352286279,5.0,1.0,2.0,0.0,1.0
2488.0,delete,74.82729016855606,822.0,4.0,74.82621352286279,4.0,0.0,2.0,0.0,1.0
2489.0,swap,74.89214106381162,822.0,4.0,74.82621352286279,5.0,0.0,3.0,0.0,0.0
2490.0,swap,74.76388693830222,823.0,4.0,74.76184387192292,6.0,0.0,2.0,0.0,0.0
2491.0,add,74.71482322280102,823.0,4.0,74.76184387192292,6.0,0.0,2.0,0.0,1.0
2492.0,delete,74.85333110008312,823.0,4.0,74.76184387192292,5.0,0.0,2.0,0.0,0.0
2493.0,swap,74.73904688290492,823.0,4.0,74.76184387192292,6.0,1.0,1.0,0.0,0.0
2494.0,delete,74.73451082774635,824.0,2.0,74.65689823500144,6.0,0.0,1.0,0.0,0.0
2495.0,swap,74.69033331508636,825.0,4.0,74.68951001163036,6.0,0.0,1.0,1.0,0.0
2496.0,add,74.68906883900699,825.0,4.0,74.68951001163036,6.0,1.0,1.0,1.0,0.0
2497.0,delete,74.64699054376497,825.0,4.0,74.68951001163036,6.0,0.0,0.0,1.0,0.0
2498.0,swap,74.69219745158361,825.0,4.0,74.68951001163036,5.0,0.0,2.0,1.0,0.0
2499.0,swap,74.67562385579119,826.0,4.0,74.6757387669992,6.0,1.0,0.0,1.0,0.0
2500.0,add,74.67704374853997,826.0,4.0,74.6757387669992,6.0,1.0,1.0,1.0,0.0
2501.0,delete,74.65764508202088,826.0,4.0,74.6757387669992,5.0,1.0,0.0,1.0,0.0
2502.0,swap,74.64711387635438,826.0,4.0,74.6757387669992,5.0,1.0,0.0,2.0,0.0
2503.0,delete,74.72549348578424,827.0,3.0,74.73451082774635,6.0,0.0,1.0,0.0,0.0
2504.0,add,74.73597939888163,827.0,3.0,74.73451082774635,6.0,0.0,1.0,1.0,0.0
2505.0,delete,74.72723975650291,827.0,3.0,74.73451082774635,5.0,0.0,1.0,0.0,0.0
2506.0,swap,74.72721213151831,827.0,3.0,74.73451082774635,6.0,0.0,0.0,0.0,1.0
2507.0,delete,74.7215653246066,828.0,4.0,74.72723975650291,5.0,0.0,1.0,0.0,0.0
2508.0,add,74.72723975650291,828.0,4.0,74.72723975650291,5.0,1.0,1.0,0.0,0.0
2509.0,delete,74.83067390077471,828.0,4.0,74.72723975650291,4.0,0.0,1.0,0.0,0.0
2510.0,swap,74.73728549784373,828.0,4.0,74.72723975650291,4.0,0.0,1.0,1.0,0.0
2511.0,swap,74.69064450339272,829.0,4.0,74.69064450339273,6.0,0.0,0.0,1.0,0.0
2512.0,add,74.76315301747941,829.0,4.0,74.69064450339273,6.0,0.0,1.0,1.0,0.0
2513.0,delete,74.67804878238847,829.0,4.0,74.69064450339273,5.0,0.0,0.0,1.0,0.0
2514.0,swap,74.65633353220746,829.0,4.0,74.69064450339273,5.0,1.0,0.0,1.0,0.0
2515.0,swap,74.69910274549227,830.0,4.0,74.72070097671974,7.0,0.0,1.0,0.0,0.0
2516.0,add,74.76818234617782,830.0,4.0,74.72070097671974,7.0,0.0,1.0,0.0,1.0
2517.0,delete,74.71649880829824,830.0,4.0,74.72070097671974,6.0,0.0,1.0,0.0,0.0
2518.0,swap,74.68709611078684,830.0,4.0,74.72070097671974,6.0,0.0,1.0,1.0,0.0
2519.0,add,74.76377851653797,831.0,4.0,74.75096356932467,6.0,0.0,3.0,0.0,0.0
2520.0,add,74.75096356932467,831.0,4.0,74.75096356932467,6.0,1.0,3.0,0.0,0.0
2521.0,delete,74.91896185627176,831.0,4.0,74.75096356932467,5.0,0.0,3.0,0.0,0.0
2522.0,swap,74.03549205649274,831.0,4.0,74.75096356932467,6.0,0.0,3.0,0.0,0.0
2523.0,delete,74.71644251170737,832.0,4.0,74.7197918182975,6.0,0.0,1.0,0.0,0.0
2524.0,add,74.75756029726624,832.0,4.0,74.7197918182975,6.0,0.0,2.0,0.0,0.0
2525.0,delete,74.73410429388322,832.0,4.0,74.7197918182975,5.0,0.0,1.0,0.0,0.0
2526.0,swap,74.73082508842803,832.0,4.0,74.7197918182975,5.0,0.0,1.0,0.0,1.0
2527.0,add,74.73190098543154,833.0,4.0,74.72721213151831,6.0,0.0,0.0,1.0,1.0
2528.0,delete,74.70233743920099,833.0,4.0,74.72721213151831,5.0,0.0,0.0,0.0,1.0
2529.0,swap,74.5853607621625,833.0,4.0,74.72721213151831,5.0,0.0,0.0,0.0,2.0
2530.0,change,74.74257343414011,834.0,2.0,74.71962137229923,7.0,0.0,1.0,0.0,0.0
2531.0,change,74.7287777357854,835.0,3.0,74.74257343414011,7.0,0.0,1.0,0.0,0.0
2532.0,add,74.74257343414011,835.0,3.0,74.74257343414011,7.0,1.0,1.0,0.0,0.0
2533.0,delete,74.67029504594092,835.0,3.0,74.74257343414011,6.0,0.0,1.0,0.0,0.0
2534.0,swap,74.62234247519794,835.0,3.0,74.74257343414011,7.0,0.0,0.0,0.0,1.0
2535.0,delete,74.74571716621098,836.0,4.0,74.74642800114471,5.0,1.0,1.0,0.0,0.0
2536.0,add,74.741171065163,836.0,4.0,74.74642800114471,5.0,1.0,2.0,0.0,0.0
2537.0,delete,74.87448429498188,836.0,4.0,74.74642800114471,5.0,0.0,1.0,0.0,0.0
2538.0,swap,74.87450202486804,836.0,4.0,74.74642800114471,5.0,0.0,2.0,0.0,0.0
2539.0,swap,74.67393361726909,837.0,2.0,74.71475476351169,6.0,0.0,1.0,0.0,1.0
2540.0,swap,74.66927896341659,838.0,3.0,74.67393361726909,6.0,0.0,1.0,0.0,1.0
2541.0,add,74.69623709277195,838.0,3.0,74.67393361726909,6.0,0.0,2.0,0.0,1.0
2542.0,delete,74.60060770436594,838.0,3.0,74.67393361726909,5.0,0.0,1.0,0.0,1.0
2543.0,swap,74.7790699205732,838.0,3.0,74.67393361726909,5.0,0.0,1.0,0.0,2.0
2544.0,add,74.72273697944789,839.0,4.0,74.73597939888163,6.0,0.0,1.0,1.0,0.0
2545.0,add,74.78115643820558,839.0,4.0,74.73597939888163,6.0,0.0,1.0,2.0,0.0
2546.0,delete,74.85693817236452,839.0,4.0,74.73597939888163,5.0,0.0,1.0,1.0,0.0
2547.0,swap,74.76080066460776,839.0,4.0,74.73597939888163,5.0,1.0,1.0,1.0,0.0
2548.0,add,74.63114092273655,840.0,4.0,74.63114092273655,6.0,0.0,0.0,0.0,1.0
2549.0,delete,74.60901220726088,840.0,4.0,74.63114092273655,5.0,0.0,0.0,0.0,0.0
2550.0,swap,74.60901220726086,840.0,4.0,74.63114092273655,5.0,1.0,0.0,0.0,0.0
2551.0,change,74.74652259586311,841.0,4.0,74.7287777357854,7.0,0.0,1.0,0.0,0.0
2552.0,add,74.72911954960797,841.0,4.0,74.7287777357854,7.0,0.0,1.0,1.0,0.0
2553.0,delete,74.75440301234204,841.0,4.0,74.7287777357854,6.0,0.0,1.0,0.0,0.0
2554.0,swap,74.73534760683258,841.0,4.0,74.7287777357854,6.0,1.0,1.0,0.0,0.0
2555.0,add,74.74257343414011,842.0,4.0,74.74257343414011,7.0,1.0,1.0,0.0,0.0
2556.0,add,74.74257343414011,842.0,4.0,74.74257343414011,7.0,1.0,1.0,0.0,1.0
2557.0,delete,74.8205949841567,842.0,4.0,74.74257343414011,6.0,1.0,1.0,0.0,0.0
2558.0,swap,74.68168942960277,842.0,4.0,74.74257343414011,6.0,1.0,1.0,1.0,0.0
2559.0,swap,74.77762128117135,843.0,4.0,74.7790699205732,5.0,0.0,1.0,0.0,2.0
2560.0,add,74.76051102091826,843.0,4.0,74.7790699205732,5.0,1.0,1.0,0.0,2.0
2561.0,delete,74.78566968918307,843.0,4.0,74.7790699205732,4.0,0.0,1.0,0.0,2.0
2562.0,swap,74.7858158483991,843.0,4.0,74.7790699205732,4.0,0.0,1.0,0.0,3.0
2563.0,add,74.69817267180859,844.0,4.0,74.69623709277195,6.0,0.0,2.0,0.0,1.0
2564.0,add,74.69688670048033,844.0,4.0,74.69623709277195,6.0,0.0,2.0,0.0,2.0
2565.0,delete,74.67393361726909,844.0,4.0,74.69623709277195,6.0,0.0,1.0,0.0,1.0
2566.0,swap,74.6816351778896,844.0,4.0,74.69623709277195,6.0,1.0,1.0,0.0,1.0
2567.0,add,74.72058114942342,845.0,2.0,74.44911747473755,7.0,0.0,1.0,0.0,1.0
2568.0,add,74.7094540902011,846.0,3.0,74.72058114942342,7.0,0.0,1.0,0.0,1.0
2569.0,add,74.72058114942342,846.0,3.0,74.72058114942342,7.0,0.0,1.0,0.0,2.0
2570.0,delete,74.70637575540304,846.0,3.0,74.72058114942342,6.0,0.0,1.0,0.0,1.0
2571.0,swap,74.72058114942342,846.0,3.0,74.72058114942342,7.0,0.0,1.0,1.0,0.0
2572.0,add,74.7060250154965,847.0,4.0,74.72058114942342,7.0,0.0,1.0,0.0,2.0
2573.0,add,74.7224920874955,847.0,4.0,74.72058114942342,7.0,0.0,1.0,1.0,2.0
2574.0,delete,74.67393361726909,847.0,4.0,74.72058114942342,6.0,0.0,1.0,0.0,2.0
2575.0,swap,74.64871916052832,847.0,4.0,74.72058114942342,6.0,0.0,1.0,0.0,3.0
2576.0,add,74.72058114942342,848.0,2.0,74.61245218202511,7.0,0.0,1.0,0.0,1.0
2577.0,add,74.7101938364094,849.0,3.0,74.72058114942342,7.0,0.0,1.0,0.0,1.0
2578.0,add,74.72058114942342,849.0,3.0,74.72058114942342,7.0,0.0,1.0,0.0,2.0
2579.0,delete,74.71646435230997,849.0,3.0,74.72058114942342,6.0,0.0,1.0,0.0,1.0
2580.0,swap,74.73451082774632,849.0,3.0,74.72058114942342,6.0,0.0,1.0,1.0,1.0
2581.0,add,74.65879911568594,850.0,4.0,74.62234247519794,7.0,0.0,1.0,0.0,1.0
2582.0,delete,74.44448781867587,850.0,4.0,74.62234247519794,6.0,0.0,0.0,0.0,1.0
2583.0,swap,74.59705808960918,850.0,4.0,74.62234247519794,6.0,0.0,1.0,0.0,1.0
2584.0,swap,74.73451082774632,851.0,4.0,74.73451082774632,6.0,0.0,1.0,1.0,1.0
2585.0,add,74.73824602567157,851.0,4.0,74.73451082774632,6.0,0.0,1.0,1.0,2.0
2586.0,delete,74.67367066296364,851.0,4.0,74.73451082774632,5.0,0.0,1.0,1.0,1.0
2587.0,swap,74.64394919083574,851.0,4.0,74.73451082774632,5.0,0.0,1.0,1.0,2.0
2588.0,delete,74.739062502974,852.0,4.0,74.72549348578424,6.0,0.0,1.0,0.0,0.0
2589.0,add,74.72549348578424,852.0,4.0,74.72549348578424,6.0,0.0,1.0,0.0,1.0
2590.0,delete,74.73053220448872,852.0,4.0,74.72549348578424,5.0,0.0,1.0,0.0,0.0
2591.0,swap,74.71868739881593,852.0,4.0,74.72549348578424,5.0,1.0,1.0,0.0,0.0
2592.0,delete,74.67393361726909,853.0,2.0,74.69748073353475,6.0,0.0,1.0,0.0,0.0
2593.0,add,74.72985352423382,854.0,4.0,74.71968458232867,6.0,1.0,1.0,0.0,1.0
2594.0,add,74.69527774930117,854.0,4.0,74.71968458232867,6.0,1.0,1.0,0.0,2.0
2595.0,delete,74.62745852939344,854.0,4.0,74.71968458232867,6.0,1.0,0.0,0.0,1.0
2596.0,swap,74.68915887357745,854.0,4.0,74.71968458232867,6.0,1.0,1.0,1.0,0.0
2597.0,add,74.67958722585132,855.0,4.0,74.72058114942342,7.0,0.0,1.0,0.0,2.0
2598.0,add,74.72058114942342,855.0,4.0,74.72058114942342,7.0,0.0,1.0,0.0,3.0
2599.0,delete,74.72058114942342,855.0,4.0,74.72058114942342,7.0,0.0,1.0,0.0,1.0
2600.0,swap,74.7205811494234,855.0,4.0,74.72058114942342,7.0,1.0,1.0,0.0,1.0
2601.0,delete,74.65695058718224,856.0,3.0,74.67393361726909,6.0,0.0,1.0,0.0,0.0
2602.0,add,74.74371164659836,856.0,3.0,74.67393361726909,6.0,0.0,2.0,0.0,0.0
2603.0,delete,74.72670552001458,856.0,3.0,74.67393361726909,5.0,0.0,1.0,0.0,0.0
2604.0,swap,74.69209211242178,856.0,3.0,74.67393361726909,5.0,0.0,1.0,1.0,0.0
2605.0,add,74.69999530645613,857.0,4.0,74.70031937362596,7.0,0.0,1.0,1.0,0.0
2606.0,add,74.70031937362596,857.0,4.0,74.70031937362596,7.0,0.0,1.0,1.0,1.0
2607.0,delete,74.74761034729474,857.0,4.0,74.70031937362596,6.0,0.0,1.0,1.0,0.0
2608.0,swap,74.71701074827311,857.0,4.0,74.70031937362596,6.0,0.0,1.0,1.0,1.0
2609.0,swap,74.71659742131988,858.0,4.0,74.72058114942342,7.0,0.0,1.0,1.0,0.0
2610.0,add,74.72058114942342,858.0,4.0,74.72058114942342,7.0,1.0,1.0,1.0,0.0
2611.0,delete,74.70637575540303,858.0,4.0,74.72058114942342,6.0,0.0,1.0,1.0,0.0
2612.0,swap,74.6868017522269,858.0,4.0,74.72058114942342,6.0,0.0,1.0,2.0,0.0
2613.0,add,74.67389001064952,859.0,4.0,74.67390485516201,6.0,0.0,1.0,1.0,1.0
2614.0,add,74.69125019565195,859.0,4.0,74.67390485516201,6.0,0.0,1.0,2.0,1.0
2615.0,delete,74.67393361726909,859.0,4.0,74.67390485516201,6.0,0.0,1.0,0.0,1.0
2616.0,swap,74.6394550377986,859.0,4.0,74.67390485516201,5.0,0.0,1.0,2.0,1.0
2617.0,delete,74.74845049486565,860.0,4.0,74.72670552001458,5.0,0.0,1.0,0.0,0.0
2618.0,add,74.72670552001458,860.0,4.0,74.72670552001458,5.0,0.0,1.0,0.0,1.0
2619.0,delete,74.70080093363354,860.0,4.0,74.72670552001458,4.0,0.0,1.0,0.0,0.0
2620.0,swap,74.81666636939438,860.0,4.0,74.72670552001458,4.0,0.0,1.0,0.0,1.0
2621.0,add,74.76481537671343,861.0,4.0,74.62234247519794,7.0,0.0,1.0,0.0,1.0
2622.0,delete,74.7008621979592,861.0,4.0,74.62234247519794,6.0,0.0,0.0,0.0,1.0
2623.0,swap,74.6084298330652,861.0,4.0,74.62234247519794,6.0,0.0,1.0,0.0,1.0
2624.0,swap,74.69209121666842,862.0,4.0,74.69209211242178,5.0,0.0,1.0,1.0,0.0
2625.0,add,74.69512801730019,862.0,4.0,74.69209211242178,5.0,0.0,2.0,1.0,0.0
2626.0,delete,74.69209219831615,862.0,4.0,74.69209211242178,5.0,0.0,1.0,0.0,0.0
2627.0,swap,74.48383827831776,862.0,4.0,74.69209211242178,4.0,0.0,1.0,2.0,0.0
2628.0,delete,74.71640222603287,863.0,4.0,74.71646435230997,6.0,0.0,1.0,0.0,1.0
2629.0,add,74.71646435230997,863.0,4.0,74.71646435230997,6.0,0.0,1.0,0.0,2.0
2630.0,delete,74.77493936123946,863.0,4.0,74.71646435230997,5.0,0.0,1.0,0.0,1.0
2631.0,swap,74.59145150489256,863.0,4.0,74.71646435230997,5.0,1.0,1.0,0.0,1.0
2632.0,delete,74.75120917818911,864.0,4.0,74.75365640985467,6.0,0.0,1.0,0.0,0.0
2633.0,add,74.75365640985467,864.0,4.0,74.75365640985467,6.0,1.0,1.0,0.0,0.0
2634.0,delete,74.7008621979592,864.0,4.0,74.75365640985467,6.0,0.0,0.0,0.0,0.0
2635.0,swap,74.80922154395309,864.0,4.0,74.75365640985467,5.0,1.0,1.0,0.0,0.0
2636.0,swap,74.6685222117996,865.0,4.0,74.66927896341659,6.0,0.0,1.0,0.0,1.0
2637.0,add,74.67332864872668,865.0,4.0,74.66927896341659,6.0,0.0,1.0,1.0,1.0
2638.0,delete,74.69653397529098,865.0,4.0,74.66927896341659,5.0,0.0,1.0,0.0,1.0
2639.0,swap,74.67663348693259,865.0,4.0,74.66927896341659,6.0,1.0,0.0,0.0,1.0
2640.0,add,74.69543617675457,866.0,4.0,74.72704242613473,7.0,0.0,1.0,0.0,1.0
2641.0,add,74.72692284080257,866.0,4.0,74.72704242613473,7.0,0.0,1.0,1.0,1.0
2642.0,delete,74.67626499707943,866.0,4.0,74.72704242613473,6.0,0.0,1.0,0.0,1.0
2643.0,swap,74.74689645735977,866.0,4.0,74.72704242613473,6.0,0.0,2.0,0.0,1.0
2644.0,add,74.71051558937184,867.0,4.0,74.7094540902011,7.0,0.0,1.0,0.0,1.0
2645.0,add,74.58486505075513,867.0,4.0,74.7094540902011,7.0,0.0,2.0,0.0,1.0
2646.0,delete,74.73334598297173,867.0,4.0,74.7094540902011,6.0,0.0,1.0,0.0,1.0
2647.0,swap,74.71246556543359,867.0,4.0,74.7094540902011,6.0,1.0,1.0,0.0,1.0
2648.0,add,74.7319833947233,868.0,4.0,74.70728760045941,7.0,0.0,1.0,0.0,1.0
2649.0,add,74.70728760045941,868.0,4.0,74.70728760045941,7.0,0.0,1.0,0.0,2.0
2650.0,delete,74.7197918182975,868.0,4.0,74.70728760045941,6.0,0.0,1.0,0.0,1.0
2651.0,swap,74.72944609999486,868.0,4.0,74.70728760045941,6.0,0.0,1.0,0.0,2.0
2652.0,delete,74.7128691824869,869.0,4.0,74.65189872418932,5.0,0.0,1.0,0.0,0.0
2653.0,add,74.65189872418932,869.0,4.0,74.65189872418932,5.0,0.0,1.0,0.0,1.0
2654.0,delete,74.12346633927785,869.0,4.0,74.65189872418932,5.0,0.0,0.0,0.0,0.0
2655.0,swap,74.12346633927785,869.0,4.0,74.65189872418932,5.0,0.0,0.0,1.0,0.0
2656.0,swap,74.6785271020402,870.0,4.0,74.67854730353095,5.0,0.0,1.0,0.0,1.0
2657.0,add,74.67854730353095,870.0,4.0,74.67854730353095,5.0,0.0,1.0,0.0,2.0
2658.0,delete,74.6923603330537,870.0,4.0,74.67854730353095,5.0,0.0,1.0,0.0,0.0
2659.0,swap,74.6886142579205,870.0,4.0,74.67854730353095,5.0,0.0,0.0,1.0,1.0
2660.0,add,74.79957507958524,871.0,3.0,74.81145918167901,6.0,1.0,1.0,0.0,0.0
2661.0,swap,74.89025846806824,872.0,5.0,74.89025846806824,5.0,1.0,2.0,0.0,0.0
2662.0,add,74.8831077606063,872.0,5.0,74.89025846806824,5.0,1.0,2.0,1.0,0.0
2663.0,delete,74.94072130163688,872.0,5.0,74.89025846806824,4.0,1.0,2.0,0.0,0.0
2664.0,swap,74.75481201220221,872.0,5.0,74.89025846806824,5.0,1.0,2.0,0.0,0.0
2665.0,add,74.75978243888216,873.0,5.0,74.7604892004973,6.0,1.0,1.0,1.0,0.0
2666.0,add,74.75278335672803,873.0,5.0,74.7604892004973,6.0,1.0,2.0,1.0,0.0
2667.0,delete,74.68027643123396,873.0,5.0,74.7604892004973,5.0,1.0,1.0,1.0,0.0
2668.0,swap,74.58614450305012,873.0,5.0,74.7604892004973,5.0,1.0,2.0,1.0,0.0
2669.0,add,74.77524021998833,874.0,4.0,74.79957507958524,6.0,1.0,1.0,0.0,0.0
2670.0,add,74.79957507958525,874.0,4.0,74.79957507958524,6.0,2.0,1.0,0.0,0.0
2671.0,delete,74.82181210878838,874.0,4.0,74.79957507958524,5.0,1.0,1.0,0.0,0.0
2672.0,swap,74.81222687653397,874.0,4.0,74.79957507958524,5.0,1.0,1.0,0.0,1.0
2673.0,delete,74.62129073939501,875.0,4.0,74.66139085038643,6.0,0.0,1.0,0.0,0.0
2674.0,add,74.66139085038643,875.0,4.0,74.66139085038643,6.0,0.0,1.0,0.0,1.0
2675.0,delete,74.67044045745573,875.0,4.0,74.66139085038643,5.0,0.0,1.0,0.0,0.0
2676.0,swap,74.70038493400092,875.0,4.0,74.66139085038643,5.0,0.0,1.0,1.0,0.0
2677.0,add,74.88550107022041,876.0,5.0,74.89251391938113,5.0,0.0,2.0,0.0,0.0
2678.0,add,74.7954285971429,876.0,5.0,74.89251391938113,5.0,0.0,2.0,0.0,1.0
2679.0,delete,74.59302431747386,876.0,5.0,74.89251391938113,5.0,0.0,1.0,0.0,0.0
2680.0,swap,74.74785504734082,876.0,5.0,74.89251391938113,4.0,0.0,2.0,0.0,1.0
2681.0,delete,74.81917183472369,877.0,5.0,74.82181210878838,5.0,1.0,1.0,0.0,0.0
2682.0,add,74.82181210878838,877.0,5.0,74.82181210878838,5.0,1.0,1.0,1.0,0.0
2683.0,delete,74.7493433991977,877.0,5.0,74.82181210878838,4.0,1.0,1.0,0.0,0.0
2684.0,swap,74.76697746594061,877.0,5.0,74.82181210878838,4.0,2.0,1.0,0.0,0.0
2685.0,delete,74.77658146611137,878.0,5.0,74.77612930710542,6.0,0.0,1.0,0.0,0.0
2686.0,add,74.79312087664901,878.0,5.0,74.77612930710542,6.0,0.0,1.0,0.0,1.0
2687.0,delete,74.61531967880643,878.0,5.0,74.77612930710542,5.0,0.0,1.0,0.0,0.0
2688.0,swap,74.8511886701417,878.0,5.0,74.77612930710542,5.0,1.0,1.0,0.0,0.0
2689.0,add,74.77928671725184,879.0,5.0,74.777474963771,6.0,0.0,2.0,1.0,0.0
2690.0,add,74.23605201924356,879.0,5.0,74.777474963771,6.0,0.0,2.0,1.0,1.0
2691.0,delete,74.777474963771,879.0,5.0,74.777474963771,6.0,0.0,2.0,0.0,0.0
2692.0,swap,74.84021709912939,879.0,5.0,74.777474963771,5.0,0.0,3.0,1.0,0.0
2693.0,delete,74.89298398977125,880.0,5.0,74.88378323084345,5.0,0.0,1.0,0.0,0.0
2694.0,add,74.87764908170851,880.0,5.0,74.88378323084345,5.0,0.0,1.0,1.0,0.0
2695.0,delete,74.88315520936048,880.0,5.0,74.88378323084345,4.0,0.0,1.0,0.0,0.0
2696.0,swap,74.78957372011263,880.0,5.0,74.88378323084345,4.0,1.0,1.0,0.0,0.0
2697.0,change,74.78516849768626,881.0,5.0,74.78722299178649,6.0,0.0,1.0,0.0,0.0
2698.0,add,74.72019432982918,881.0,5.0,74.78722299178649,6.0,0.0,2.0,0.0,0.0
2699.0,delete,74.90318380744488,881.0,5.0,74.78722299178649,5.0,0.0,1.0,0.0,0.0
2700.0,swap,74.85750740349732,881.0,5.0,74.78722299178649,5.0,0.0,2.0,0.0,0.0
2701.0,add,74.86956808540272,882.0,5.0,74.87496303291019,6.0,0.0,2.0,0.0,0.0
2702.0,add,74.89283683241882,882.0,5.0,74.87496303291019,6.0,0.0,2.0,0.0,1.0
2703.0,delete,74.5226826658712,882.0,5.0,74.87496303291019,6.0,0.0,1.0,0.0,0.0
2704.0,swap,74.85032169944107,882.0,5.0,74.87496303291019,6.0,0.0,1.0,1.0,0.0
2705.0,delete,74.57922355224049,883.0,2.0,74.74757339774932,7.0,0.0,0.0,0.0,0.0
2706.0,add,74.57922355224049,884.0,3.0,74.57922355224049,7.0,0.0,0.0,0.0,1.0
2707.0,delete,74.46459110340069,884.0,3.0,74.57922355224049,6.0,0.0,0.0,0.0,0.0
2708.0,swap,74.4656756295197,884.0,3.0,74.57922355224049,6.0,1.0,0.0,0.0,0.0
2709.0,add,74.50673217146017,885.0,4.0,74.57922355224049,7.0,0.0,1.0,0.0,1.0
2710.0,delete,74.44448781867587,885.0,4.0,74.57922355224049,6.0,0.0,0.0,0.0,1.0
2711.0,swap,74.58419012680208,885.0,4.0,74.57922355224049,6.0,1.0,0.0,0.0,1.0
2712.0,add,74.76526913503051,886.0,5.0,74.76526913503051,7.0,1.0,1.0,0.0,2.0
2713.0,add,74.49093399711201,886.0,5.0,74.76526913503051,7.0,1.0,2.0,0.0,2.0
2714.0,delete,74.79301692378844,886.0,5.0,74.76526913503051,6.0,1.0,1.0,0.0,2.0
2715.0,swap,74.59064990107775,886.0,5.0,74.76526913503051,6.0,1.0,2.0,0.0,2.0
2716.0,change,74.77961969421679,887.0,3.0,74.75787820903506,7.0,0.0,1.0,0.0,0.0
2717.0,change,74.77084913712987,888.0,4.0,74.77961969421679,7.0,0.0,1.0,0.0,0.0
2718.0,add,74.7796196942168,888.0,4.0,74.77961969421679,7.0,1.0,1.0,0.0,0.0
2719.0,delete,74.74987331758783,888.0,4.0,74.77961969421679,6.0,0.0,1.0,0.0,0.0
2720.0,swap,74.60057309045324,888.0,4.0,74.77961969421679,7.0,1.0,0.0,0.0,0.0
2721.0,delete,74.89127496801792,889.0,3.0,74.72170413016677,5.0,0.0,1.0,0.0,1.0
2722.0,delete,74.89539159298985,890.0,4.0,74.89127496801792,5.0,0.0,1.0,0.0,1.0
2723.0,add,74.6712872369727,890.0,4.0,74.89127496801792,5.0,0.0,2.0,0.0,1.0
2724.0,delete,74.83681023596472,890.0,4.0,74.89127496801792,4.0,0.0,1.0,0.0,1.0
2725.0,swap,74.89577901249429,890.0,4.0,74.89127496801792,5.0,0.0,1.0,1.0,0.0
2726.0,swap,74.89577901249427,891.0,5.0,74.89577901249429,5.0,0.0,1.0,1.0,0.0
2727.0,add,74.89577901249429,891.0,5.0,74.89577901249429,5.0,0.0,1.0,1.0,1.0
2728.0,delete,74.77193960482342,891.0,5.0,74.89577901249429,4.0,0.0,1.0,1.0,0.0
2729.0,swap,74.8720461290485,891.0,5.0,74.89577901249429,5.0,1.0,1.0,0.0,0.0
2730.0,delete,74.83517201716938,892.0,5.0,74.83681023596472,4.0,0.0,1.0,0.0,1.0
2731.0,add,74.83681023596472,892.0,5.0,74.83681023596472,4.0,0.0,1.0,1.0,1.0
2732.0,delete,74.8332780569279,892.0,5.0,74.83681023596472,3.0,0.0,1.0,0.0,1.0
2733.0,swap,74.75101123952336,892.0,5.0,74.83681023596472,3.0,1.0,1.0,0.0,1.0
2734.0,delete,74.7284722057491,893.0,5.0,74.71582495960911,5.0,0.0,1.0,0.0,0.0
2735.0,add,74.7068382371591,893.0,5.0,74.71582495960911,5.0,0.0,1.0,0.0,1.0
2736.0,delete,74.63254184510376,893.0,5.0,74.71582495960911,5.0,0.0,0.0,0.0,0.0
2737.0,swap,74.64003724318819,893.0,5.0,74.71582495960911,4.0,0.0,1.0,0.0,1.0
2738.0,swap,74.898475266961,894.0,5.0,74.8957790124943,5.0,0.0,1.0,1.0,0.0
2739.0,add,74.8957790124943,894.0,5.0,74.8957790124943,5.0,0.0,1.0,1.0,1.0
2740.0,delete,74.8761154531055,894.0,5.0,74.8957790124943,4.0,0.0,1.0,1.0,0.0
2741.0,swap,74.61280097809762,894.0,5.0,74.8957790124943,5.0,0.0,0.0,1.0,1.0
2742.0,delete,74.91159735563296,895.0,3.0,74.73945940156638,5.0,0.0,1.0,1.0,0.0
2743.0,delete,74.91159735563295,896.0,4.0,74.91159735563296,5.0,0.0,1.0,1.0,0.0
2744.0,add,74.91159735563296,896.0,4.0,74.91159735563296,5.0,0.0,1.0,1.0,1.0
2745.0,delete,74.82308844818749,896.0,4.0,74.91159735563296,4.0,0.0,1.0,1.0,0.0
2746.0,swap,74.86851423109971,896.0,4.0,74.91159735563296,4.0,0.0,1.0,2.0,0.0
2747.0,swap,74.84221887401567,897.0,5.0,74.86851423109971,4.0,0.0,1.0,2.0,0.0
2748.0,add,74.86851423109971,897.0,5.0,74.86851423109971,4.0,0.0,1.0,2.0,1.0
2749.0,delete,74.81247432920978,897.0,5.0,74.86851423109971,3.0,0.0,1.0,2.0,0.0
2750.0,swap,74.76304371254618,897.0,5.0,74.86851423109971,4.0,0.0,1.0,1.0,1.0
2751.0,change,74.80536542619696,898.0,3.0,74.73830670105247,6.0,0.0,1.0,1.0,0.0
2752.0,delete,74.85383159119792,899.0,5.0,74.82308844818749,4.0,0.0,1.0,1.0,0.0
2753.0,add,74.82308844818749,899.0,5.0,74.82308844818749,4.0,0.0,1.0,1.0,1.0
2754.0,delete,74.79311528397805,899.0,5.0,74.82308844818749,3.0,0.0,1.0,1.0,0.0
2755.0,swap,74.64630498902905,899.0,5.0,74.82308844818749,4.0,0.0,0.0,1.0,1.0
2756.0,change,74.80201037789014,900.0,4.0,74.80536542619696,6.0,0.0,1.0,1.0,0.0
2757.0,add,74.79221936081657,900.0,4.0,74.80536542619696,6.0,0.0,1.0,1.0,1.0
2758.0,delete,74.91159735563295,900.0,4.0,74.80536542619696,5.0,0.0,1.0,1.0,0.0
2759.0,swap,74.723280325233,900.0,4.0,74.80536542619696,5.0,0.0,1.0,1.0,1.0
2760.0,delete,74.91159735563295,901.0,5.0,74.91159735563295,5.0,0.0,1.0,1.0,0.0
2761.0,add,74.93426274998474,901.0,5.0,74.91159735563295,5.0,0.0,1.0,1.0,1.0
2762.0,delete,74.83961795146377,901.0,5.0,74.91159735563295,4.0,0.0,1.0,1.0,0.0
2763.0,swap,74.83071863285926,901.0,5.0,74.91159735563295,4.0,0.0,2.0,1.0,0.0
2764.0,change,74.80833305220055,902.0,5.0,74.80201037789014,6.0,0.0,1.0,1.0,0.0
2765.0,add,74.80201037789014,902.0,5.0,74.80201037789014,6.0,0.0,1.0,1.0,1.0
2766.0,delete,74.72132262927408,902.0,5.0,74.80201037789014,5.0,0.0,1.0,1.0,0.0
2767.0,swap,74.8977557605897,902.0,5.0,74.80201037789014,5.0,0.0,1.0,2.0,0.0
2768.0,delete,74.72780446749377,903.0,5.0,74.71582495960911,5.0,0.0,1.0,0.0,0.0
2769.0,add,74.71582495960911,903.0,5.0,74.71582495960911,5.0,1.0,1.0,0.0,0.0
2770.0,delete,74.62270621054613,903.0,5.0,74.71582495960911,4.0,0.0,1.0,0.0,0.0
2771.0,swap,74.19184981045225,903.0,5.0,74.71582495960911,4.0,1.0,1.0,0.0,0.0
2772.0,change,74.66976720960098,904.0,4.0,74.71297273768324,6.0,0.0,1.0,0.0,1.0
2773.0,add,74.71297273768327,904.0,4.0,74.71297273768324,6.0,1.0,1.0,0.0,1.0
2774.0,delete,74.86625508264136,904.0,4.0,74.71297273768324,5.0,0.0,1.0,0.0,1.0
2775.0,swap,74.56087715792357,904.0,4.0,74.71297273768324,6.0,0.0,2.0,0.0,0.0
2776.0,add,74.79301692378851,905.0,5.0,74.7930169237885,6.0,2.0,1.0,0.0,1.0
2777.0,add,74.79101313387066,905.0,5.0,74.7930169237885,6.0,2.0,1.0,1.0,1.0
2778.0,delete,74.67044415327564,905.0,5.0,74.7930169237885,5.0,2.0,1.0,0.0,1.0
2779.0,swap,74.67044415327564,905.0,5.0,74.7930169237885,5.0,2.0,1.0,0.0,2.0
2780.0,swap,74.75714318632907,906.0,5.0,74.75714318632907,6.0,1.0,0.0,0.0,1.0
2781.0,add,74.61681660309927,906.0,5.0,74.75714318632907,6.0,1.0,0.0,0.0,2.0
2782.0,delete,74.613935959005,906.0,5.0,74.75714318632907,5.0,1.0,0.0,0.0,1.0
2783.0,swap,74.613935959005,906.0,5.0,74.75714318632907,5.0,1.0,0.0,0.0,2.0
2784.0,delete,74.62861363892576,907.0,4.0,74.62861363892577,6.0,0.0,0.0,1.0,0.0
2785.0,add,74.66162140415173,907.0,4.0,74.62861363892577,6.0,0.0,1.0,1.0,0.0
2786.0,delete,74.58575146161994,907.0,4.0,74.62861363892577,5.0,0.0,0.0,1.0,0.0
2787.0,swap,74.62861363892576,907.0,4.0,74.62861363892577,6.0,0.0,0.0,1.0,0.0
2788.0,delete,74.79596928174826,908.0,3.0,74.73162755880975,6.0,0.0,1.0,0.0,0.0
2789.0,delete,74.7953317769055,909.0,4.0,74.79596928174826,6.0,0.0,1.0,0.0,0.0
2790.0,add,74.79596928174826,909.0,4.0,74.79596928174826,6.0,0.0,1.0,0.0,1.0
2791.0,delete,74.65642499256553,909.0,4.0,74.79596928174826,6.0,0.0,0.0,0.0,0.0
2792.0,swap,74.90999647070574,909.0,4.0,74.79596928174826,5.0,0.0,1.0,1.0,0.0
2793.0,swap,74.6946862643732,910.0,3.0,74.68130419099013,6.0,0.0,2.0,0.0,0.0
2794.0,add,74.77581171959812,911.0,3.0,74.67740746451527,7.0,0.0,1.0,0.0,1.0
2795.0,swap,74.84543476105846,912.0,5.0,74.90999647070574,5.0,0.0,1.0,1.0,0.0
2796.0,add,74.90999647070574,912.0,5.0,74.90999647070574,5.0,0.0,1.0,2.0,0.0
2797.0,delete,74.72533350708422,912.0,5.0,74.90999647070574,4.0,0.0,1.0,1.0,0.0
2798.0,swap,74.88087736103431,912.0,5.0,74.90999647070574,4.0,1.0,1.0,1.0,0.0
2799.0,add,74.76082845762343,913.0,4.0,74.77581171959812,7.0,0.0,1.0,0.0,1.0
2800.0,add,74.77581171959811,913.0,4.0,74.77581171959812,7.0,0.0,1.0,1.0,1.0
2801.0,delete,74.82923855741429,913.0,4.0,74.77581171959812,6.0,0.0,1.0,0.0,1.0
2802.0,swap,74.76448807589074,913.0,4.0,74.77581171959812,7.0,0.0,1.0,0.0,1.0
2803.0,swap,74.68877215994287,914.0,4.0,74.6946862643732,6.0,0.0,2.0,0.0,0.0
2804.0,add,74.53698450156803,914.0,4.0,74.6946862643732,6.0,0.0,3.0,0.0,0.0
2805.0,delete,74.60740698120136,914.0,4.0,74.6946862643732,6.0,0.0,1.0,0.0,0.0
2806.0,swap,74.45356552290022,914.0,4.0,74.6946862643732,5.0,0.0,2.0,0.0,1.0
2807.0,swap,74.81764656500103,915.0,5.0,74.817646565001,6.0,2.0,1.0,0.0,0.0
2808.0,add,74.7844347032406,915.0,5.0,74.817646565001,6.0,2.0,1.0,1.0,0.0
2809.0,delete,74.87804224659445,915.0,5.0,74.817646565001,5.0,2.0,1.0,0.0,0.0
2810.0,swap,74.88065104662245,915.0,5.0,74.817646565001,5.0,2.0,1.0,1.0,0.0
2811.0,delete,74.90274601407658,916.0,5.0,74.89577901249426,5.0,1.0,1.0,0.0,0.0
2812.0,add,74.68224148371365,916.0,5.0,74.89577901249426,5.0,2.0,1.0,0.0,0.0
2813.0,delete,74.81227478232674,916.0,5.0,74.89577901249426,4.0,1.0,1.0,0.0,0.0
2814.0,swap,74.89577901249426,916.0,5.0,74.89577901249426,5.0,0.0,1.0,1.0,0.0
2815.0,change,74.77185983657455,917.0,5.0,74.76526913503051,7.0,1.0,1.0,0.0,0.0
2816.0,add,74.76894881369591,917.0,5.0,74.76526913503051,7.0,1.0,2.0,0.0,0.0
2817.0,delete,74.68707567991314,917.0,5.0,74.76526913503051,6.0,1.0,1.0,0.0,0.0
2818.0,swap,74.77395310883767,917.0,5.0,74.76526913503051,6.0,1.0,1.0,0.0,1.0
2819.0,add,74.82543014476389,918.0,5.0,74.82544772736023,6.0,1.0,1.0,0.0,1.0
2820.0,add,74.84304381067464,918.0,5.0,74.82544772736023,6.0,1.0,1.0,1.0,1.0
2821.0,delete,74.82544772736026,918.0,5.0,74.82544772736023,6.0,0.0,1.0,0.0,1.0
2822.0,swap,74.81406082485314,918.0,5.0,74.82544772736023,5.0,2.0,1.0,0.0,1.0
2823.0,delete,74.79117407330806,919.0,5.0,74.7928433104298,6.0,1.0,1.0,0.0,0.0
2824.0,add,74.83058880185764,919.0,5.0,74.7928433104298,6.0,1.0,2.0,0.0,0.0
2825.0,delete,74.79284331042982,919.0,5.0,74.7928433104298,6.0,0.0,1.0,0.0,0.0
2826.0,swap,74.4692194234557,919.0,5.0,74.7928433104298,6.0,2.0,0.0,0.0,0.0
2827.0,add,74.76526913503052,920.0,5.0,74.76526913503051,7.0,0.0,1.0,1.0,2.0
2828.0,add,74.75045244158817,920.0,5.0,74.76526913503051,7.0,0.0,1.0,2.0,2.0
2829.0,delete,74.72497276912549,920.0,5.0,74.76526913503051,6.0,0.0,1.0,1.0,2.0
2830.0,swap,74.72583289860306,920.0,5.0,74.76526913503051,6.0,1.0,1.0,1.0,2.0
2831.0,add,74.80849623829803,921.0,5.0,74.81104943504874,7.0,0.0,2.0,0.0,1.0
2832.0,add,74.81354869441878,921.0,5.0,74.81104943504874,7.0,0.0,2.0,1.0,1.0
2833.0,delete,74.7779102807533,921.0,5.0,74.81104943504874,7.0,0.0,1.0,0.0,1.0
2834.0,swap,74.81372605460186,921.0,5.0,74.81104943504874,7.0,0.0,2.0,1.0,0.0
2835.0,swap,74.66496984030296,922.0,4.0,74.65537734312385,6.0,0.0,2.0,0.0,1.0
2836.0,add,74.62288572226826,922.0,4.0,74.65537734312385,6.0,0.0,2.0,0.0,2.0
2837.0,delete,74.48726324483862,922.0,4.0,74.65537734312385,5.0,0.0,2.0,0.0,1.0
2838.0,swap,74.78305464677851,922.0,4.0,74.65537734312385,5.0,0.0,3.0,0.0,1.0
2839.0,swap,74.80885926190723,923.0,5.0,74.81222687653397,5.0,1.0,1.0,0.0,1.0
2840.0,add,74.77253577425812,923.0,5.0,74.81222687653397,5.0,1.0,2.0,0.0,1.0
2841.0,delete,74.65913907568338,923.0,5.0,74.81222687653397,4.0,1.0,1.0,0.0,1.0
2842.0,swap,74.8663772923224,923.0,5.0,74.81222687653397,4.0,1.0,1.0,1.0,1.0
2843.0,swap,74.46427622481991,924.0,4.0,74.4656756295197,6.0,1.0,0.0,0.0,0.0
2844.0,add,74.44452201695951,924.0,4.0,74.4656756295197,6.0,2.0,0.0,0.0,0.0
2845.0,delete,74.46841073917916,924.0,4.0,74.4656756295197,6.0,0.0,0.0,0.0,0.0
2846.0,swap,74.5068066797903,924.0,4.0,74.4656756295197,5.0,1.0,1.0,0.0,0.0
2847.0,swap,74.76450883362777,925.0,4.0,74.75803950883899,7.0,0.0,1.0,0.0,0.0
2848.0,add,74.6766672002089,925.0,4.0,74.75803950883899,7.0,0.0,1.0,0.0,1.0
2849.0,delete,74.78039544931254,925.0,4.0,74.75803950883899,6.0,0.0,1.0,0.0,0.0
2850.0,swap,74.8336385487891,925.0,4.0,74.75803950883899,6.0,0.0,1.0,1.0,0.0
2851.0,change,74.63416553902061,926.0,2.0,74.65908912310827,7.0,1.0,0.0,0.0,0.0
2852.0,change,74.63416553902059,927.0,3.0,74.63416553902061,7.0,1.0,0.0,0.0,0.0
2853.0,add,74.62517021102009,927.0,3.0,74.63416553902061,7.0,1.0,0.0,0.0,1.0
2854.0,delete,74.46841073917915,927.0,3.0,74.63416553902061,6.0,1.0,0.0,0.0,0.0
2855.0,swap,74.707480905705,927.0,3.0,74.63416553902061,6.0,1.0,0.0,1.0,0.0
2856.0,add,74.56644395788881,928.0,3.0,74.56644395788881,7.0,0.0,0.0,0.0,3.0
2857.0,delete,74.66009330313541,928.0,3.0,74.56644395788881,6.0,0.0,0.0,0.0,2.0
2858.0,swap,74.72987182727104,928.0,3.0,74.56644395788881,6.0,0.0,0.0,0.0,3.0
2859.0,delete,74.65821118092096,929.0,3.0,74.6583505711666,6.0,0.0,1.0,0.0,0.0
2860.0,add,74.66373623151784,929.0,3.0,74.6583505711666,6.0,0.0,1.0,0.0,1.0
2861.0,delete,74.77078234806451,929.0,3.0,74.6583505711666,5.0,0.0,1.0,0.0,0.0
2862.0,swap,74.66090720197514,929.0,3.0,74.6583505711666,6.0,0.0,0.0,0.0,1.0
2863.0,change,74.62288812021605,930.0,3.0,74.62329442842643,7.0,1.0,0.0,0.0,0.0
2864.0,add,74.62625490115838,930.0,3.0,74.62329442842643,7.0,1.0,0.0,1.0,0.0
2865.0,delete,74.69974999223713,930.0,3.0,74.62329442842643,6.0,1.0,0.0,0.0,0.0
2866.0,swap,74.69974999223713,930.0,3.0,74.62329442842643,6.0,1.0,0.0,0.0,1.0
2867.0,swap,74.79622913275944,931.0,5.0,74.79622913275942,6.0,1.0,1.0,0.0,0.0
2868.0,add,74.94195739938381,931.0,5.0,74.79622913275942,6.0,1.0,1.0,0.0,1.0
2869.0,delete,74.82392504460367,931.0,5.0,74.79622913275942,5.0,1.0,1.0,0.0,0.0
2870.0,swap,74.46784818828255,931.0,5.0,74.79622913275942,6.0,2.0,0.0,0.0,0.0
2871.0,add,74.84466121163398,932.0,5.0,74.83337432126876,6.0,2.0,1.0,1.0,0.0
2872.0,add,74.83337432126876,932.0,5.0,74.83337432126876,6.0,2.0,1.0,1.0,1.0
2873.0,delete,74.85589006625308,932.0,5.0,74.83337432126876,5.0,2.0,1.0,1.0,0.0
2874.0,swap,74.78294417610618,932.0,5.0,74.83337432126876,5.0,3.0,1.0,1.0,0.0
2875.0,swap,74.72343927421262,933.0,5.0,74.723280325233,5.0,0.0,1.0,1.0,1.0
2876.0,add,74.723280325233,933.0,5.0,74.723280325233,5.0,0.0,1.0,1.0,2.0
2877.0,delete,74.6290965495337,933.0,5.0,74.723280325233,4.0,0.0,1.0,1.0,1.0
2878.0,swap,74.74251337905892,933.0,5.0,74.723280325233,4.0,1.0,1.0,1.0,1.0
2879.0,delete,74.86491945065923,934.0,5.0,74.8648676248575,6.0,0.0,2.0,0.0,0.0
2880.0,add,74.84867582585127,934.0,5.0,74.8648676248575,6.0,1.0,2.0,0.0,0.0
2881.0,delete,74.90778992437932,934.0,5.0,74.8648676248575,5.0,0.0,2.0,0.0,0.0
2882.0,swap,74.76861278743331,934.0,5.0,74.8648676248575,5.0,0.0,2.0,0.0,1.0
2883.0,add,74.86471851648757,935.0,4.0,74.89423648490738,6.0,0.0,2.0,1.0,0.0
2884.0,add,74.86431851436443,936.0,5.0,74.86471851648757,6.0,0.0,2.0,1.0,0.0
2885.0,add,74.8798321826566,936.0,5.0,74.86471851648757,6.0,0.0,3.0,1.0,0.0
2886.0,delete,74.78267104356175,936.0,5.0,74.86471851648757,5.0,0.0,2.0,1.0,0.0
2887.0,swap,74.78224746102529,936.0,5.0,74.86471851648757,5.0,0.0,3.0,1.0,0.0
2888.0,swap,74.75047686561872,937.0,5.0,74.7634591508453,6.0,0.0,2.0,0.0,1.0
2889.0,add,74.7634591508453,937.0,5.0,74.7634591508453,6.0,1.0,2.0,0.0,1.0
2890.0,delete,74.7634591508453,937.0,5.0,74.7634591508453,6.0,0.0,2.0,0.0,0.0
2891.0,swap,74.6785400988112,937.0,5.0,74.7634591508453,5.0,1.0,2.0,0.0,1.0
2892.0,add,74.76526913503051,938.0,5.0,74.76526913503051,7.0,1.0,1.0,0.0,2.0
2893.0,add,74.76526913503051,938.0,5.0,74.76526913503051,7.0,1.0,1.0,0.0,3.0
2894.0,delete,74.68707567991314,938.0,5.0,74.76526913503051,6.0,1.0,1.0,0.0,2.0
2895.0,swap,74.76526913503051,938.0,5.0,74.76526913503051,7.0,2.0,1.0,0.0,1.0
2896.0,add,74.73381121020559,939.0,5.0,74.73676130427438,6.0,0.0,3.0,0.0,0.0
2897.0,add,74.7225744106452,939.0,5.0,74.73676130427438,6.0,0.0,4.0,0.0,0.0
2898.0,delete,74.76313230195044,939.0,5.0,74.73676130427438,6.0,0.0,2.0,0.0,0.0
2899.0,swap,74.79994262342072,939.0,5.0,74.73676130427438,5.0,0.0,3.0,1.0,0.0
2900.0,delete,74.39582589418472,940.0,3.0,74.73431635296382,6.0,0.0,1.0,0.0,1.0
2901.0,delete,74.77259724220008,941.0,5.0,74.75539538477886,4.0,1.0,2.0,0.0,0.0
2902.0,add,74.75539538477886,941.0,5.0,74.75539538477886,4.0,2.0,2.0,0.0,0.0
2903.0,delete,74.67457586870344,941.0,5.0,74.75539538477886,3.0,1.0,2.0,0.0,0.0
2904.0,swap,74.46052426875205,941.0,5.0,74.75539538477886,4.0,2.0,1.0,0.0,0.0
2905.0,add,74.76730151874439,942.0,5.0,74.76751614615475,7.0,0.0,2.0,1.0,0.0
2906.0,add,74.67893590232511,942.0,5.0,74.76751614615475,7.0,0.0,3.0,1.0,0.0
2907.0,delete,74.65103683699505,942.0,5.0,74.76751614615475,6.0,0.0,2.0,1.0,0.0
2908.0,swap,74.8652414745376,942.0,5.0,74.76751614615475,6.0,1.0,2.0,1.0,0.0
2909.0,delete,74.70872952305956,943.0,5.0,74.70017930562868,5.0,0.0,2.0,0.0,0.0
2910.0,add,74.7142168275136,943.0,5.0,74.70017930562868,5.0,0.0,2.0,0.0,1.0
2911.0,delete,74.80159072316724,943.0,5.0,74.70017930562868,4.0,0.0,2.0,0.0,0.0
2912.0,swap,74.81138982753257,943.0,5.0,74.70017930562868,4.0,0.0,2.0,1.0,0.0
2913.0,delete,74.79537888969782,944.0,5.0,74.79636564272295,6.0,0.0,1.0,0.0,0.0
2914.0,add,74.59683325602434,944.0,5.0,74.79636564272295,6.0,0.0,1.0,0.0,1.0
2915.0,delete,74.91687417852795,944.0,5.0,74.79636564272295,5.0,0.0,1.0,0.0,0.0
2916.0,swap,74.69744121117128,944.0,5.0,74.79636564272295,5.0,0.0,1.0,0.0,1.0
2917.0,swap,74.42019384074052,945.0,3.0,74.72828890497662,6.0,1.0,1.0,0.0,1.0
2918.0,delete,74.90529160544313,946.0,5.0,74.87663511561732,5.0,0.0,1.0,0.0,0.0
2919.0,add,74.87663511561732,946.0,5.0,74.87663511561732,5.0,0.0,1.0,0.0,1.0
2920.0,delete,74.57731261942514,946.0,5.0,74.87663511561732,5.0,0.0,0.0,0.0,0.0
2921.0,swap,74.7479000410533,946.0,5.0,74.87663511561732,4.0,0.0,1.0,1.0,0.0
2922.0,swap,74.81661935032665,947.0,5.0,74.8717354218868,6.0,0.0,1.0,1.0,1.0
2923.0,add,74.8717354218868,947.0,5.0,74.8717354218868,6.0,1.0,1.0,1.0,1.0
2924.0,delete,74.8468879291616,947.0,5.0,74.8717354218868,6.0,0.0,1.0,0.0,1.0
2925.0,swap,74.89716950336232,947.0,5.0,74.8717354218868,5.0,1.0,1.0,1.0,1.0
2926.0,add,74.76737257206544,948.0,3.0,74.78826770063164,7.0,0.0,1.0,1.0,0.0
2927.0,add,74.75661140615763,949.0,4.0,74.76737257206544,7.0,0.0,1.0,1.0,0.0
2928.0,add,74.76737257206544,949.0,4.0,74.76737257206544,7.0,0.0,1.0,1.0,1.0
2929.0,delete,74.76737257206544,949.0,4.0,74.76737257206544,7.0,0.0,1.0,0.0,0.0
2930.0,swap,74.37732618112823,949.0,4.0,74.76737257206544,6.0,0.0,2.0,1.0,0.0
2931.0,add,74.75242378409864,950.0,5.0,74.75413063034804,7.0,0.0,2.0,0.0,1.0
2932.0,add,74.72532848024302,950.0,5.0,74.75413063034804,7.0,0.0,2.0,0.0,2.0
2933.0,delete,74.85151596471833,950.0,5.0,74.75413063034804,6.0,0.0,2.0,0.0,1.0
2934.0,swap,74.70551412471391,950.0,5.0,74.75413063034804,6.0,0.0,2.0,1.0,1.0
2935.0,delete,74.84332788416434,951.0,5.0,74.84658698771105,6.0,0.0,1.0,0.0,0.0
2936.0,add,74.84515362595135,951.0,5.0,74.84658698771105,6.0,0.0,2.0,0.0,0.0
2937.0,delete,74.90510967249654,951.0,5.0,74.84658698771105,5.0,0.0,1.0,0.0,0.0
2938.0,swap,74.93808352762936,951.0,5.0,74.84658698771105,5.0,1.0,1.0,0.0,0.0
2939.0,add,74.57013063324993,952.0,4.0,74.57922355224049,7.0,0.0,0.0,0.0,1.0
2940.0,delete,74.44448781867587,952.0,4.0,74.57922355224049,6.0,0.0,0.0,0.0,0.0
2941.0,swap,74.44448781867581,952.0,4.0,74.57922355224049,6.0,0.0,0.0,1.0,0.0
2942.0,swap,74.86088879572938,953.0,5.0,74.85175120223643,5.0,0.0,2.0,0.0,1.0
2943.0,add,74.85175120223641,953.0,5.0,74.85175120223643,5.0,1.0,2.0,0.0,1.0
2944.0,delete,74.78598765154325,953.0,5.0,74.85175120223643,4.0,0.0,2.0,0.0,1.0
2945.0,swap,74.92171510813108,953.0,5.0,74.85175120223643,4.0,0.0,3.0,0.0,1.0
2946.0,swap,74.85154922286395,954.0,5.0,74.85201497224048,4.0,0.0,2.0,1.0,1.0
2947.0,add,74.82597536984355,954.0,5.0,74.85201497224048,4.0,0.0,3.0,1.0,1.0
2948.0,delete,74.86062200465113,954.0,5.0,74.85201497224048,4.0,0.0,2.0,0.0,1.0
2949.0,swap,74.5651765507384,954.0,5.0,74.85201497224048,4.0,0.0,2.0,1.0,1.0
2950.0,add,74.72697194688558,955.0,3.0,74.71801512342891,6.0,0.0,1.0,0.0,2.0
2951.0,delete,74.89481841502018,956.0,5.0,74.8792176973762,4.0,0.0,1.0,0.0,1.0
2952.0,add,74.75637544210103,956.0,5.0,74.8792176973762,4.0,0.0,1.0,0.0,2.0
2953.0,delete,74.72433305123474,956.0,5.0,74.8792176973762,3.0,0.0,1.0,0.0,1.0
2954.0,swap,74.93659701040362,956.0,5.0,74.8792176973762,3.0,1.0,1.0,0.0,1.0
2955.0,add,74.80994396778739,957.0,5.0,74.82392773882039,5.0,0.0,3.0,0.0,1.0
2956.0,add,74.90128395779696,957.0,5.0,74.82392773882039,5.0,1.0,3.0,0.0,1.0
2957.0,delete,74.78953013442072,957.0,5.0,74.82392773882039,4.0,0.0,3.0,0.0,1.0
2958.0,swap,74.81575683456076,957.0,5.0,74.82392773882039,4.0,0.0,3.0,1.0,1.0
2959.0,add,74.7297797008921,958.0,4.0,74.72697194688558,6.0,0.0,1.0,0.0,2.0
2960.0,add,74.72246936135805,958.0,4.0,74.72697194688558,6.0,0.0,1.0,1.0,2.0
2961.0,delete,74.63031503942736,958.0,4.0,74.72697194688558,6.0,0.0,0.0,0.0,2.0
2962.0,swap,74.57880414127337,958.0,4.0,74.72697194688558,5.0,0.0,2.0,0.0,2.0
2963.0,swap,74.79590781475724,959.0,5.0,74.79590781475726,6.0,1.0,1.0,0.0,0.0
2964.0,add,74.77516843776917,959.0,5.0,74.79590781475726,6.0,1.0,1.0,1.0,0.0
2965.0,delete,74.91026595757906,959.0,5.0,74.79590781475726,5.0,1.0,1.0,0.0,0.0
2966.0,swap,74.24238303251745,959.0,5.0,74.79590781475726,5.0,2.0,1.0,0.0,0.0
2967.0,add,74.80249857034335,960.0,5.0,74.80267616151004,6.0,1.0,1.0,1.0,0.0
2968.0,add,74.80267616151004,960.0,5.0,74.80267616151004,6.0,1.0,1.0,1.0,1.0
2969.0,delete,74.6317735609974,960.0,5.0,74.80267616151004,5.0,1.0,1.0,1.0,0.0
2970.0,swap,74.64721640689368,960.0,5.0,74.80267616151004,6.0,1.0,1.0,1.0,0.0
2971.0,swap,74.76526913503052,961.0,3.0,74.71436279673573,7.0,0.0,1.0,0.0,1.0
2972.0,swap,74.77247985841386,962.0,4.0,74.76526913503052,7.0,0.0,1.0,0.0,1.0
2973.0,add,74.7683565521361,962.0,4.0,74.76526913503052,7.0,0.0,2.0,0.0,1.0
2974.0,delete,74.68707567991314,962.0,4.0,74.76526913503052,6.0,0.0,1.0,0.0,1.0
2975.0,swap,74.76526913503051,962.0,4.0,74.76526913503052,7.0,0.0,1.0,1.0,0.0
2976.0,swap,74.74467776113754,963.0,5.0,74.73498229917921,6.0,1.0,0.0,0.0,1.0
2977.0,add,74.73498229917921,963.0,5.0,74.73498229917921,6.0,1.0,0.0,0.0,2.0
2978.0,delete,74.73637361793595,963.0,5.0,74.73498229917921,5.0,1.0,0.0,0.0,1.0
2979.0,swap,74.58377697718822,963.0,5.0,74.73498229917921,5.0,2.0,0.0,0.0,1.0
2980.0,change,74.77646987166533,964.0,5.0,74.77646987166534,7.0,1.0,1.0,0.0,0.0
2981.0,add,74.81762036310325,964.0,5.0,74.77646987166534,7.0,1.0,2.0,0.0,0.0
2982.0,delete,74.77932459879607,964.0,5.0,74.77646987166534,6.0,1.0,1.0,0.0,0.0
2983.0,swap,74.54312173857296,964.0,5.0,74.77646987166534,7.0,1.0,1.0,0.0,0.0
2984.0,delete,74.78647983970728,965.0,5.0,74.78936717361987,7.0,0.0,2.0,0.0,0.0
2985.0,add,74.78936717361987,965.0,5.0,74.78936717361987,7.0,0.0,2.0,0.0,1.0
2986.0,delete,74.71672693301609,965.0,5.0,74.78936717361987,6.0,0.0,2.0,0.0,0.0
2987.0,swap,74.57059177667792,965.0,5.0,74.78936717361987,7.0,0.0,1.0,1.0,0.0
2988.0,add,74.79301692378851,966.0,3.0,74.77646150214845,6.0,1.0,1.0,0.0,1.0
2989.0,swap,74.69102059145463,967.0,5.0,74.69102059145462,5.0,1.0,1.0,1.0,0.0
2990.0,add,74.67661820044212,967.0,5.0,74.69102059145462,5.0,1.0,2.0,1.0,0.0
2991.0,delete,74.22641515629765,967.0,5.0,74.69102059145462,5.0,1.0,0.0,1.0,0.0
2992.0,swap,74.73830191485072,967.0,5.0,74.69102059145462,4.0,1.0,2.0,1.0,0.0
2993.0,change,74.69148969402404,968.0,3.0,74.68213769078484,7.0,0.0,1.0,0.0,0.0
2994.0,add,74.68213769078484,968.0,3.0,74.68213769078484,7.0,0.0,1.0,0.0,1.0
2995.0,delete,74.61730938644546,968.0,3.0,74.68213769078484,6.0,0.0,1.0,0.0,0.0
2996.0,swap,74.66338562229316,968.0,3.0,74.68213769078484,6.0,0.0,1.0,1.0,0.0
2997.0,change,74.77956850565606,969.0,5.0,74.77953085264521,7.0,0.0,1.0,0.0,0.0
2998.0,add,74.77953085264522,969.0,5.0,74.77953085264521,7.0,0.0,1.0,1.0,0.0
2999.0,delete,74.57922355224049,969.0,5.0,74.77953085264521,7.0,0.0,0.0,0.0,0.0
3000.0,swap,74.74858868859148,969.0,5.0,74.77953085264521,6.0,0.0,1.0,0.0,1.0
3001.0,add,74.81748834990684,970.0,5.0,74.82391750373274,6.0,0.0,2.0,1.0,1.0
3002.0,add,74.82391750373274,970.0,5.0,74.82391750373274,6.0,1.0,2.0,1.0,1.0
3003.0,delete,74.82509715412469,970.0,5.0,74.82391750373274,5.0,0.0,2.0,1.0,1.0
3004.0,swap,74.77841251425662,970.0,5.0,74.82391750373274,5.0,0.0,3.0,1.0,1.0
3005.0,swap,74.85862270507504,971.0,5.0,74.85862270507504,5.0,0.0,1.0,2.0,1.0
3006.0,add,74.67551750259972,971.0,5.0,74.85862270507504,5.0,0.0,1.0,2.0,2.0
3007.0,delete,74.84115472497328,971.0,5.0,74.85862270507504,4.0,0.0,1.0,2.0,1.0
3008.0,swap,74.78108123030776,971.0,5.0,74.85862270507504,4.0,0.0,1.0,2.0,2.0
3009.0,change,74.71339702919646,972.0,3.0,74.71934283280055,7.0,0.0,1.0,1.0,0.0
3010.0,add,74.70924539945312,973.0,5.0,74.72724272253882,6.0,0.0,1.0,3.0,0.0
3011.0,add,74.72724272253885,973.0,5.0,74.72724272253882,6.0,1.0,1.0,3.0,0.0
3012.0,delete,74.81323484497669,973.0,5.0,74.72724272253882,5.0,0.0,1.0,3.0,0.0
3013.0,swap,74.76562023587194,973.0,5.0,74.72724272253882,5.0,0.0,1.0,3.0,1.0
3014.0,change,74.78983088208828,974.0,3.0,74.76490637663856,7.0,0.0,2.0,0.0,0.0
3015.0,add,74.76526913503052,975.0,2.0,74.75341057452881,7.0,0.0,1.0,0.0,1.0
3016.0,add,74.77537219939373,976.0,3.0,74.76526913503052,7.0,0.0,1.0,0.0,1.0
3017.0,add,74.65477443415011,976.0,3.0,74.76526913503052,7.0,0.0,2.0,0.0,1.0
3018.0,delete,74.72497276912549,976.0,3.0,74.76526913503052,6.0,0.0,1.0,0.0,1.0
3019.0,swap,74.66783468045249,976.0,3.0,74.76526913503052,6.0,0.0,1.0,0.0,2.0
3020.0,add,74.77004195829973,977.0,4.0,74.77537219939373,7.0,0.0,1.0,0.0,1.0
3021.0,add,74.79197681395385,977.0,4.0,74.77537219939373,7.0,0.0,1.0,1.0,1.0
3022.0,delete,74.57922355224049,977.0,4.0,74.77537219939373,7.0,0.0,0.0,0.0,1.0
3023.0,swap,74.578849985203,977.0,4.0,74.77537219939373,7.0,0.0,0.0,1.0,1.0
3024.0,delete,74.68848799016735,978.0,3.0,74.75719850762478,6.0,0.0,1.0,0.0,0.0
3025.0,delete,74.86156075922678,979.0,5.0,74.82085632889985,4.0,0.0,1.0,0.0,0.0
3026.0,add,74.80592531581173,979.0,5.0,74.82085632889985,4.0,0.0,2.0,0.0,0.0
3027.0,delete,74.88351365761037,979.0,5.0,74.82085632889985,3.0,0.0,1.0,0.0,0.0
3028.0,swap,74.82474797098332,979.0,5.0,74.82085632889985,3.0,0.0,2.0,0.0,0.0
3029.0,swap,74.72367342919819,980.0,5.0,74.71353165373274,5.0,0.0,0.0,1.0,0.0
3030.0,add,74.4994914552887,980.0,5.0,74.71353165373274,5.0,0.0,0.0,1.0,1.0
3031.0,delete,74.48946313695134,980.0,5.0,74.71353165373274,4.0,0.0,0.0,1.0,0.0
3032.0,swap,74.21257061170373,980.0,5.0,74.71353165373274,4.0,0.0,1.0,1.0,0.0
3033.0,add,74.72987182727105,981.0,4.0,74.72987182727104,6.0,1.0,0.0,0.0,3.0
3034.0,delete,74.79465495496974,981.0,4.0,74.72987182727104,5.0,0.0,0.0,0.0,3.0
3035.0,swap,74.69901263064217,981.0,4.0,74.72987182727104,5.0,0.0,1.0,0.0,3.0
3036.0,add,74.66009330313541,982.0,4.0,74.66009330313541,6.0,0.0,0.0,0.0,3.0
3037.0,delete,74.57719350532287,982.0,4.0,74.66009330313541,5.0,0.0,0.0,0.0,2.0
3038.0,swap,74.681203448277,982.0,4.0,74.66009330313541,6.0,1.0,0.0,0.0,1.0
3039.0,delete,74.76281374675953,983.0,4.0,74.76450860732271,6.0,0.0,1.0,0.0,1.0
3040.0,add,74.76450860732271,983.0,4.0,74.76450860732271,6.0,0.0,1.0,1.0,1.0
3041.0,delete,74.65506049436317,983.0,4.0,74.76450860732271,5.0,0.0,1.0,0.0,1.0
3042.0,swap,74.69743790033459,983.0,4.0,74.76450860732271,5.0,1.0,1.0,0.0,1.0
3043.0,add,74.59002303634064,984.0,4.0,74.59539715834632,7.0,0.0,2.0,0.0,1.0
3044.0,add,74.5953971583463,984.0,4.0,74.59539715834632,7.0,1.0,2.0,0.0,1.0
3045.0,delete,74.6437333307666,984.0,4.0,74.59539715834632,7.0,0.0,2.0,0.0,0.0
3046.0,swap,74.52334979646407,984.0,4.0,74.59539715834632,6.0,1.0,2.0,0.0,1.0
3047.0,delete,74.52482483630271,985.0,3.0,74.52482483630273,6.0,1.0,0.0,0.0,0.0
3048.0,add,74.52482483630273,985.0,3.0,74.52482483630273,6.0,1.0,0.0,0.0,1.0
3049.0,delete,74.52482483630274,985.0,3.0,74.52482483630273,6.0,0.0,0.0,0.0,0.0
3050.0,swap,74.63165711423036,985.0,3.0,74.52482483630273,5.0,1.0,0.0,1.0,0.0
3051.0,add,74.76332651448074,986.0,5.0,74.77019619232398,7.0,0.0,1.0,0.0,1.0
3052.0,add,74.77019619232398,986.0,5.0,74.77019619232398,7.0,0.0,1.0,1.0,1.0
3053.0,delete,74.6750131074879,986.0,5.0,74.77019619232398,6.0,0.0,1.0,0.0,1.0
3054.0,swap,74.7605579264156,986.0,5.0,74.77019619232398,6.0,0.0,1.0,0.0,2.0
3055.0,swap,74.72891429109809,987.0,4.0,74.73131751116736,6.0,1.0,1.0,0.0,0.0
3056.0,add,74.7786840229674,987.0,4.0,74.73131751116736,6.0,2.0,1.0,0.0,0.0
3057.0,delete,74.726220362654,987.0,4.0,74.73131751116736,5.0,1.0,1.0,0.0,0.0
3058.0,swap,74.67118612666867,987.0,4.0,74.73131751116736,5.0,2.0,1.0,0.0,0.0
3059.0,swap,74.58385141269659,988.0,4.0,74.58400921449605,5.0,1.0,1.0,1.0,0.0
3060.0,add,74.56976926387367,988.0,4.0,74.58400921449605,5.0,1.0,1.0,1.0,1.0
3061.0,delete,74.47214408400417,988.0,4.0,74.58400921449605,4.0,1.0,1.0,1.0,0.0
3062.0,swap,74.69592469129195,988.0,4.0,74.58400921449605,4.0,1.0,1.0,1.0,1.0
3063.0,swap,74.65969849090071,989.0,4.0,74.66783468045249,6.0,0.0,1.0,0.0,2.0
3064.0,add,74.66783468045249,989.0,4.0,74.66783468045249,6.0,0.0,1.0,0.0,3.0
3065.0,delete,74.77479794743006,989.0,4.0,74.66783468045249,6.0,0.0,0.0,0.0,2.0
3066.0,swap,74.61334141263839,989.0,4.0,74.66783468045249,5.0,0.0,1.0,0.0,3.0
3067.0,swap,74.76324032272971,990.0,3.0,74.74639617515098,6.0,1.0,1.0,0.0,0.0
3068.0,change,74.76907273378102,991.0,5.0,74.77020804953221,7.0,0.0,1.0,0.0,0.0
3069.0,add,74.77114597157434,991.0,5.0,74.77020804953221,7.0,0.0,1.0,1.0,0.0
3070.0,delete,74.73656267140626,991.0,5.0,74.77020804953221,6.0,0.0,1.0,0.0,0.0
3071.0,swap,74.26957296740092,991.0,5.0,74.77020804953221,6.0,1.0,1.0,0.0,0.0
3072.0,swap,74.7918025075308,992.0,5.0,74.81050463850225,5.0,0.0,2.0,0.0,0.0
3073.0,add,74.66896418559529,992.0,5.0,74.81050463850225,5.0,0.0,2.0,0.0,1.0
3074.0,delete,74.82025863026955,992.0,5.0,74.81050463850225,5.0,0.0,1.0,0.0,0.0
3075.0,swap,74.82025863026955,992.0,5.0,74.81050463850225,5.0,0.0,1.0,1.0,0.0
3076.0,change,74.80138647266692,993.0,5.0,74.8049225372667,6.0,0.0,1.0,1.0,0.0
3077.0,add,74.73863689430188,993.0,5.0,74.8049225372667,6.0,0.0,1.0,1.0,1.0
3078.0,delete,74.66656660351421,993.0,5.0,74.8049225372667,5.0,0.0,1.0,1.0,0.0
3079.0,swap,74.91159735563295,993.0,5.0,74.8049225372667,5.0,0.0,1.0,1.0,1.0
3080.0,delete,74.87952927529778,994.0,5.0,74.87047671321974,5.0,0.0,1.0,0.0,1.0
3081.0,add,74.7350602926507,994.0,5.0,74.87047671321974,5.0,0.0,1.0,0.0,2.0
3082.0,delete,74.8017587208771,994.0,5.0,74.87047671321974,5.0,0.0,1.0,0.0,0.0
3083.0,swap,74.8017587208771,994.0,5.0,74.87047671321974,5.0,0.0,1.0,1.0,0.0
3084.0,delete,74.65324913870032,995.0,5.0,74.66300431476812,5.0,0.0,1.0,0.0,1.0
3085.0,add,74.66300431476812,995.0,5.0,74.66300431476812,5.0,0.0,1.0,0.0,2.0
3086.0,delete,74.64828034642802,995.0,5.0,74.66300431476812,4.0,0.0,1.0,0.0,1.0
3087.0,swap,74.63996368063516,995.0,5.0,74.66300431476812,5.0,1.0,1.0,0.0,0.0
3088.0,add,74.60719403382534,996.0,4.0,74.65477443415011,7.0,0.0,2.0,0.0,1.0
3089.0,add,74.62575729751634,996.0,4.0,74.65477443415011,7.0,0.0,2.0,1.0,1.0
3090.0,delete,74.60053556192153,996.0,4.0,74.65477443415011,6.0,0.0,2.0,0.0,1.0
3091.0,swap,74.56469406496896,996.0,4.0,74.65477443415011,6.0,1.0,2.0,0.0,1.0
3092.0,add,74.81141755045029,997.0,5.0,74.81079270478111,6.0,1.0,1.0,1.0,0.0
3093.0,add,74.83579847765021,997.0,5.0,74.81079270478111,6.0,1.0,1.0,2.0,0.0
3094.0,delete,74.61618267848817,997.0,5.0,74.81079270478111,6.0,1.0,0.0,1.0,0.0
3095.0,swap,74.77441702941451,997.0,5.0,74.81079270478111,6.0,0.0,1.0,2.0,0.0
3096.0,swap,74.71999032392272,998.0,5.0,74.7391703469274,5.0,0.0,2.0,0.0,2.0
3097.0,add,74.5255645543928,998.0,5.0,74.7391703469274,5.0,1.0,2.0,0.0,2.0
3098.0,delete,74.7391703469274,998.0,5.0,74.7391703469274,5.0,0.0,2.0,0.0,1.0
3099.0,swap,74.80751377645647,998.0,5.0,74.7391703469274,4.0,0.0,2.0,1.0,2.0
3100.0,delete,74.771659096136,999.0,4.0,74.77078234806451,5.0,0.0,1.0,0.0,0.0
3101.0,add,74.79454491063062,999.0,4.0,74.77078234806451,5.0,0.0,1.0,1.0,0.0
3102.0,delete,74.64236957382984,999.0,4.0,74.77078234806451,4.0,0.0,1.0,0.0,0.0
3103.0,swap,74.90455233933082,999.0,4.0,74.77078234806451,4.0,0.0,2.0,0.0,0.0
3104.0,add,74.66082160790367,1000.0,4.0,74.66090720197514,6.0,0.0,1.0,0.0,1.0
3105.0,delete,74.6795117186227,1000.0,4.0,74.66090720197514,5.0,0.0,0.0,0.0,1.0
3106.0,swap,74.64248407726467,1000.0,4.0,74.66090720197514,6.0,1.0,0.0,0.0,0.0
3107.0,add,74.66234052854884,1001.0,4.0,74.66373623151784,6.0,0.0,1.0,0.0,1.0
3108.0,add,74.66289065861487,1001.0,4.0,74.66373623151784,6.0,0.0,1.0,1.0,1.0
3109.0,delete,74.80554508511239,1001.0,4.0,74.66373623151784,5.0,0.0,1.0,0.0,1.0
3110.0,swap,74.70732417421723,1001.0,4.0,74.66373623151784,5.0,0.0,1.0,1.0,1.0
3111.0,delete,74.74290310976409,1002.0,4.0,74.73826334224599,6.0,0.0,1.0,0.0,0.0
3112.0,add,74.73826334224599,1002.0,4.0,74.73826334224599,6.0,0.0,1.0,0.0,1.0
3113.0,delete,74.78776223057058,1002.0,4.0,74.73826334224599,5.0,0.0,1.0,0.0,0.0
3114.0,swap,74.51482539539016,1002.0,4.0,74.73826334224599,6.0,0.0,0.0,0.0,1.0
3115.0,swap,74.79603772887243,1003.0,5.0,74.79603772887243,6.0,1.0,1.0,0.0,0.0
3116.0,add,74.22666585286917,1003.0,5.0,74.79603772887243,6.0,2.0,1.0,0.0,0.0
3117.0,delete,74.699715306113,1003.0,5.0,74.79603772887243,5.0,1.0,1.0,0.0,0.0
3118.0,swap,74.32796605117152,1003.0,5.0,74.79603772887243,5.0,1.0,1.0,0.0,1.0
3119.0,delete,74.72266356515122,1004.0,4.0,74.72497276912549,6.0,0.0,1.0,0.0,1.0
3120.0,add,74.72497276912547,1004.0,4.0,74.72497276912549,6.0,1.0,1.0,0.0,1.0
3121.0,delete,74.63342952765268,1004.0,4.0,74.72497276912549,6.0,0.0,0.0,0.0,1.0
3122.0,swap,74.66533347097466,1004.0,4.0,74.72497276912549,5.0,0.0,1.0,0.0,2.0
3123.0,change,74.67546265882618,1005.0,4.0,74.69148969402404,7.0,0.0,1.0,0.0,0.0
3124.0,add,74.72444980558429,1005.0,4.0,74.69148969402404,7.0,0.0,2.0,0.0,0.0
3125.0,delete,74.65835066582865,1005.0,4.0,74.69148969402404,6.0,0.0,1.0,0.0,0.0
3126.0,swap,74.6652253427333,1005.0,4.0,74.69148969402404,6.0,0.0,1.0,0.0,1.0
3127.0,add,74.57922355224049,1006.0,4.0,74.57922355224049,7.0,0.0,0.0,0.0,1.0
3128.0,delete,74.46459110340069,1006.0,4.0,74.57922355224049,6.0,0.0,0.0,0.0,0.0
3129.0,swap,74.46841073917915,1006.0,4.0,74.57922355224049,6.0,0.0,0.0,1.0,0.0
3130.0,delete,74.6510222202759,1007.0,4.0,74.65833520156336,5.0,0.0,2.0,0.0,0.0
3131.0,add,74.98680928238413,1007.0,4.0,74.65833520156336,5.0,1.0,2.0,0.0,0.0
3132.0,delete,73.89273559893488,1007.0,4.0,74.65833520156336,5.0,0.0,1.0,0.0,0.0
3133.0,swap,74.74816882414639,1007.0,4.0,74.65833520156336,4.0,0.0,2.0,0.0,1.0
3134.0,delete,74.86101240862659,1008.0,5.0,74.82085632889985,4.0,0.0,1.0,0.0,0.0
3135.0,add,74.15236679349023,1008.0,5.0,74.82085632889985,4.0,0.0,1.0,0.0,1.0
3136.0,delete,74.83013060693646,1008.0,5.0,74.82085632889985,3.0,0.0,1.0,0.0,0.0
3137.0,swap,74.83013060693649,1008.0,5.0,74.82085632889985,3.0,0.0,1.0,1.0,0.0
3138.0,change,74.77740142237975,1009.0,3.0,74.69909290181815,7.0,0.0,1.0,0.0,1.0
3139.0,delete,74.79301692378847,1010.0,3.0,74.6942744204059,6.0,0.0,1.0,0.0,1.0
3140.0,change,74.77939991554855,1011.0,4.0,74.77740142237975,7.0,0.0,1.0,0.0,1.0
3141.0,add,74.7594024934929,1011.0,4.0,74.77740142237975,7.0,0.0,2.0,0.0,1.0
3142.0,delete,74.8283901534253,1011.0,4.0,74.77740142237975,6.0,0.0,1.0,0.0,1.0
3143.0,swap,74.64356038742699,1011.0,4.0,74.77740142237975,6.0,0.0,1.0,0.0,2.0
3144.0,swap,74.76795967783929,1012.0,3.0,74.67670144237482,7.0,0.0,1.0,1.0,0.0
3145.0,delete,74.80896400277415,1013.0,4.0,74.79301692378847,6.0,0.0,1.0,0.0,1.0
3146.0,add,74.79301692378847,1013.0,4.0,74.79301692378847,6.0,0.0,1.0,0.0,2.0
3147.0,delete,74.79301692378847,1013.0,4.0,74.79301692378847,6.0,0.0,1.0,0.0,0.0
3148.0,swap,74.15084447439332,1013.0,4.0,74.79301692378847,6.0,0.0,1.0,0.0,1.0
3149.0,delete,74.82025863026955,1014.0,3.0,74.62335281194464,5.0,0.0,1.0,0.0,0.0
3150.0,delete,74.8408511091378,1015.0,4.0,74.82025863026955,5.0,0.0,1.0,0.0,0.0
3151.0,add,74.82025863026955,1015.0,4.0,74.82025863026955,5.0,0.0,1.0,0.0,1.0
3152.0,delete,74.61327609623662,1015.0,4.0,74.82025863026955,5.0,0.0,0.0,0.0,0.0
3153.0,swap,74.72842880202857,1015.0,4.0,74.82025863026955,4.0,0.0,2.0,0.0,0.0
3154.0,delete,74.6696558793222,1016.0,4.0,74.66644767997225,5.0,0.0,1.0,0.0,0.0
3155.0,add,74.66644767997225,1016.0,4.0,74.66644767997225,5.0,0.0,1.0,0.0,1.0
3156.0,delete,74.56874366169157,1016.0,4.0,74.66644767997225,5.0,0.0,0.0,0.0,0.0
3157.0,swap,74.79085691894757,1016.0,4.0,74.66644767997225,4.0,0.0,1.0,0.0,1.0
3158.0,swap,74.84802376855208,1017.0,5.0,74.84465501299775,4.0,0.0,2.0,2.0,0.0
3159.0,add,74.6968897529145,1017.0,5.0,74.84465501299775,4.0,0.0,2.0,2.0,1.0
3160.0,delete,74.86951912099542,1017.0,5.0,74.84465501299775,4.0,0.0,2.0,1.0,0.0
3161.0,swap,74.67766250953392,1017.0,5.0,74.84465501299775,4.0,0.0,1.0,3.0,0.0
3162.0,swap,74.80592642001261,1018.0,5.0,74.80603535161802,6.0,0.0,1.0,1.0,0.0
3163.0,add,74.80603535161802,1018.0,5.0,74.80603535161802,6.0,1.0,1.0,1.0,0.0
3164.0,delete,74.71968254210955,1018.0,5.0,74.80603535161802,5.0,0.0,1.0,1.0,0.0
3165.0,swap,74.7853614953575,1018.0,5.0,74.80603535161802,5.0,1.0,1.0,1.0,0.0
3166.0,swap,74.57922355224049,1019.0,2.0,74.74966134797704,7.0,0.0,0.0,1.0,0.0
3167.0,swap,74.76750929974956,1020.0,4.0,74.76795967783929,7.0,0.0,1.0,1.0,0.0
3168.0,add,74.76795967783929,1020.0,4.0,74.76795967783929,7.0,0.0,1.0,1.0,1.0
3169.0,delete,74.74069825198102,1020.0,4.0,74.76795967783929,6.0,0.0,1.0,1.0,0.0
3170.0,swap,74.72718958837869,1020.0,4.0,74.76795967783929,6.0,0.0,1.0,1.0,1.0
3171.0,swap,74.57922355224049,1021.0,3.0,74.57922355224049,7.0,0.0,0.0,1.0,0.0
3172.0,add,74.57922355224049,1021.0,3.0,74.57922355224049,7.0,0.0,0.0,1.0,1.0
3173.0,delete,74.46459110340069,1021.0,3.0,74.57922355224049,6.0,0.0,0.0,1.0,0.0
3174.0,swap,74.44446982996425,1021.0,3.0,74.57922355224049,6.0,1.0,0.0,1.0,0.0
3175.0,swap,74.6196262440284,1022.0,4.0,74.61959285458188,6.0,1.0,0.0,0.0,0.0
3176.0,add,74.61959285458188,1022.0,4.0,74.61959285458188,6.0,1.0,0.0,0.0,1.0
3177.0,delete,74.63342952765268,1022.0,4.0,74.61959285458188,6.0,0.0,0.0,0.0,0.0
3178.0,swap,74.69991874852043,1022.0,4.0,74.61959285458188,6.0,0.0,1.0,0.0,0.0
3179.0,change,74.76815498855034,1023.0,5.0,74.77939991554855,7.0,0.0,1.0,0.0,1.0
3180.0,add,74.77727350486035,1023.0,5.0,74.77939991554855,7.0,0.0,1.0,0.0,2.0
3181.0,delete,74.75142464879893,1023.0,5.0,74.77939991554855,6.0,0.0,1.0,0.0,1.0
3182.0,swap,74.77420460845386,1023.0,5.0,74.77939991554855,6.0,0.0,1.0,1.0,1.0
3183.0,add,74.76686632393796,1024.0,5.0,74.76795967783929,7.0,0.0,1.0,1.0,1.0
3184.0,add,74.76638190579384,1024.0,5.0,74.76795967783929,7.0,0.0,1.0,2.0,1.0
3185.0,delete,74.72212478861681,1024.0,5.0,74.76795967783929,6.0,0.0,1.0,1.0,1.0
3186.0,swap,74.79957507958525,1024.0,5.0,74.76795967783929,6.0,0.0,1.0,2.0,1.0
3187.0,add,74.76526913503052,1025.0,3.0,74.61059107847646,7.0,0.0,1.0,0.0,2.0
3188.0,add,74.7676259613318,1026.0,4.0,74.76526913503052,7.0,0.0,1.0,0.0,2.0
3189.0,add,74.76526913503054,1026.0,4.0,74.76526913503052,7.0,1.0,1.0,0.0,2.0
3190.0,delete,74.76006215603661,1026.0,4.0,74.76526913503052,6.0,0.0,1.0,0.0,2.0
3191.0,swap,74.80213609117007,1026.0,4.0,74.76526913503052,6.0,0.0,2.0,0.0,2.0
3192.0,change,74.73588247530259,1027.0,3.0,74.73961975943054,7.0,0.0,1.0,0.0,1.0
3193.0,change,74.7157671672941,1028.0,4.0,74.73588247530259,7.0,0.0,1.0,0.0,1.0
3194.0,add,74.73588247530259,1028.0,4.0,74.73588247530259,7.0,0.0,1.0,0.0,2.0
3195.0,delete,74.57922355224049,1028.0,4.0,74.73588247530259,7.0,0.0,0.0,0.0,1.0
3196.0,swap,74.63880374099377,1028.0,4.0,74.73588247530259,6.0,0.0,2.0,0.0,1.0
3197.0,delete,74.88681318279495,1029.0,5.0,74.86015448241125,5.0,0.0,1.0,0.0,0.0
3198.0,add,74.86015448241125,1029.0,5.0,74.86015448241125,5.0,0.0,1.0,0.0,1.0
3199.0,delete,74.7784609371584,1029.0,5.0,74.86015448241125,4.0,0.0,1.0,0.0,0.0
3200.0,swap,74.59835931078415,1029.0,5.0,74.86015448241125,5.0,0.0,1.0,0.0,0.0
3201.0,swap,74.64499542631876,1030.0,3.0,74.61662290814029,5.0,0.0,1.0,0.0,1.0
3202.0,add,74.80466465742722,1031.0,5.0,74.75950169609804,6.0,0.0,1.0,0.0,1.0
3203.0,add,74.75950169609806,1031.0,5.0,74.75950169609804,6.0,0.0,1.0,1.0,1.0
3204.0,delete,74.8086086851233,1031.0,5.0,74.75950169609804,5.0,0.0,1.0,0.0,1.0
3205.0,swap,74.74969053051446,1031.0,5.0,74.75950169609804,5.0,0.0,1.0,0.0,2.0
3206.0,swap,74.78545576619862,1032.0,5.0,74.77370615826145,6.0,1.0,1.0,0.0,0.0
3207.0,add,74.77370615826145,1032.0,5.0,74.77370615826145,6.0,1.0,1.0,0.0,1.0
3208.0,delete,74.77219624653547,1032.0,5.0,74.77370615826145,5.0,1.0,1.0,0.0,0.0
3209.0,swap,74.77408743387207,1032.0,5.0,74.77370615826145,5.0,1.0,2.0,0.0,0.0
3210.0,delete,74.87369922041178,1033.0,5.0,74.8408511091378,5.0,0.0,1.0,0.0,0.0
3211.0,add,74.85493849173369,1033.0,5.0,74.8408511091378,5.0,0.0,2.0,0.0,0.0
3212.0,delete,74.72474740038372,1033.0,5.0,74.8408511091378,4.0,0.0,1.0,0.0,0.0
3213.0,swap,74.7527204901652,1033.0,5.0,74.8408511091378,4.0,0.0,1.0,1.0,0.0
3214.0,delete,74.5583964771775,1034.0,3.0,74.73250693218579,5.0,0.0,1.0,0.0,0.0
3215.0,change,74.77309271913144,1035.0,3.0,74.78058059052005,6.0,0.0,1.0,0.0,0.0
3216.0,add,74.79957507958522,1036.0,5.0,74.79957507958524,6.0,1.0,1.0,0.0,1.0
3217.0,add,74.79957507958522,1036.0,5.0,74.79957507958524,6.0,2.0,1.0,0.0,1.0
3218.0,delete,74.79957507958524,1036.0,5.0,74.79957507958524,6.0,1.0,1.0,0.0,0.0
3219.0,swap,74.6405782064281,1036.0,5.0,74.79957507958524,5.0,1.0,1.0,1.0,1.0
3220.0,delete,74.87065175027351,1037.0,5.0,74.83474936795099,5.0,0.0,1.0,0.0,0.0
3221.0,add,74.83474936795099,1037.0,5.0,74.83474936795099,5.0,0.0,1.0,1.0,0.0
3222.0,delete,74.58575146161994,1037.0,5.0,74.83474936795099,5.0,0.0,0.0,0.0,0.0
3223.0,swap,74.70516708761615,1037.0,5.0,74.83474936795099,4.0,0.0,1.0,0.0,1.0
3224.0,change,74.72846369135367,1038.0,4.0,74.77309271913144,6.0,0.0,1.0,0.0,0.0
3225.0,add,74.67620293513279,1038.0,4.0,74.77309271913144,6.0,0.0,1.0,0.0,1.0
3226.0,delete,74.44448781867587,1038.0,4.0,74.77309271913144,6.0,0.0,0.0,0.0,0.0
3227.0,swap,74.68095031875497,1038.0,4.0,74.77309271913144,5.0,1.0,1.0,0.0,0.0
3228.0,swap,74.62234247519793,1039.0,1.0,74.71760665778525,7.0,0.0,0.0,1.0,0.0
3229.0,swap,74.62234247519793,1040.0,2.0,74.62234247519793,7.0,0.0,0.0,1.0,0.0
3230.0,add,74.62164679192288,1040.0,2.0,74.62234247519793,7.0,0.0,0.0,2.0,0.0
3231.0,delete,74.52605412102972,1040.0,2.0,74.62234247519793,6.0,0.0,0.0,1.0,0.0
3232.0,swap,74.76342140577381,1040.0,2.0,74.62234247519793,6.0,0.0,1.0,1.0,0.0
3233.0,swap,74.76342140577385,1041.0,3.0,74.76342140577381,6.0,0.0,1.0,1.0,0.0
3234.0,add,74.76159171585826,1041.0,3.0,74.76342140577381,6.0,0.0,1.0,2.0,0.0
3235.0,delete,74.67212296184766,1041.0,3.0,74.76342140577381,5.0,0.0,1.0,1.0,0.0
3236.0,swap,74.88843258815056,1041.0,3.0,74.76342140577381,5.0,1.0,1.0,1.0,0.0
3237.0,swap,74.62234247519794,1042.0,3.0,74.62234247519793,7.0,0.0,0.0,1.0,0.0
3238.0,add,74.55774761644867,1042.0,3.0,74.62234247519793,7.0,0.0,0.0,2.0,0.0
3239.0,delete,74.69520564932546,1042.0,3.0,74.62234247519793,6.0,0.0,0.0,1.0,0.0
3240.0,swap,74.57300722464629,1042.0,3.0,74.62234247519793,6.0,1.0,0.0,1.0,0.0
3241.0,add,74.62164679192296,1043.0,3.0,74.62164679192288,7.0,0.0,0.0,2.0,0.0
3242.0,add,74.6216467919229,1043.0,3.0,74.62164679192288,7.0,1.0,0.0,2.0,0.0
3243.0,delete,74.63571497834788,1043.0,3.0,74.62164679192288,6.0,0.0,0.0,2.0,0.0
3244.0,swap,74.21706717102717,1043.0,3.0,74.62164679192288,6.0,0.0,1.0,2.0,0.0
3245.0,delete,74.52605412102973,1044.0,3.0,74.52605412102972,6.0,0.0,0.0,1.0,0.0
3246.0,add,74.21315175981516,1044.0,3.0,74.52605412102972,6.0,0.0,1.0,1.0,0.0
3247.0,delete,74.68695390433567,1044.0,3.0,74.52605412102972,5.0,0.0,0.0,1.0,0.0
3248.0,swap,74.66070690782287,1044.0,3.0,74.52605412102972,5.0,1.0,0.0,1.0,0.0
3249.0,swap,74.60448899099113,1045.0,2.0,74.76979801548083,6.0,1.0,0.0,1.0,0.0
3250.0,swap,74.88619867094395,1046.0,4.0,74.88843258815056,5.0,1.0,1.0,1.0,0.0
3251.0,add,74.87980726592504,1046.0,4.0,74.88843258815056,5.0,1.0,1.0,1.0,1.0
3252.0,delete,74.9308128380061,1046.0,4.0,74.88843258815056,5.0,0.0,1.0,1.0,0.0
3253.0,swap,74.67500502984892,1046.0,4.0,74.88843258815056,4.0,1.0,2.0,1.0,0.0
3254.0,swap,74.60448899099113,1047.0,3.0,74.60448899099113,6.0,1.0,0.0,1.0,0.0
3255.0,add,74.81327161752772,1047.0,3.0,74.60448899099113,6.0,1.0,0.0,1.0,1.0
3256.0,delete,74.43963592612401,1047.0,3.0,74.60448899099113,5.0,1.0,0.0,1.0,0.0
3257.0,swap,74.80396748297403,1047.0,3.0,74.60448899099113,5.0,2.0,0.0,1.0,0.0
3258.0,swap,74.52672130175912,1048.0,2.0,74.74904763505258,6.0,1.0,0.0,1.0,0.0
3259.0,change,74.62234247519793,1049.0,2.0,74.61412908816325,7.0,0.0,0.0,1.0,0.0
3260.0,swap,74.76342140577385,1050.0,4.0,74.76342140577385,6.0,0.0,1.0,1.0,0.0
3261.0,add,74.76342140577385,1050.0,4.0,74.76342140577385,6.0,0.0,1.0,1.0,1.0
3262.0,delete,74.70850836086328,1050.0,4.0,74.76342140577385,5.0,0.0,1.0,1.0,0.0
3263.0,swap,74.35412598578404,1050.0,4.0,74.76342140577385,5.0,1.0,1.0,1.0,0.0
3264.0,change,74.62234247519793,1051.0,3.0,74.62234247519793,7.0,0.0,0.0,1.0,0.0
3265.0,add,74.62234247519793,1051.0,3.0,74.62234247519793,7.0,0.0,0.0,1.0,1.0
3266.0,delete,74.70086219795917,1051.0,3.0,74.62234247519793,6.0,0.0,0.0,1.0,0.0
3267.0,swap,74.69593713453109,1051.0,3.0,74.62234247519793,6.0,0.0,0.0,2.0,0.0
3268.0,swap,74.52672130175914,1052.0,3.0,74.52672130175912,6.0,1.0,0.0,1.0,0.0
3269.0,add,74.52672130175914,1052.0,3.0,74.52672130175912,6.0,1.0,0.0,2.0,0.0
3270.0,delete,74.52672130175914,1052.0,3.0,74.52672130175912,6.0,1.0,0.0,0.0,0.0
3271.0,swap,74.56111161429908,1052.0,3.0,74.52672130175912,6.0,1.0,0.0,1.0,0.0
3272.0,add,74.60386291006344,1053.0,2.0,74.54354450502876,7.0,0.0,0.0,2.0,0.0
3273.0,swap,74.6959805182343,1054.0,4.0,74.69593713453109,6.0,0.0,0.0,2.0,0.0
3274.0,add,74.69593713453108,1054.0,4.0,74.69593713453109,6.0,0.0,0.0,3.0,0.0
3275.0,delete,74.60294294120672,1054.0,4.0,74.69593713453109,5.0,0.0,0.0,2.0,0.0
3276.0,swap,74.63816190720544,1054.0,4.0,74.69593713453109,5.0,0.0,0.0,3.0,0.0
3277.0,add,74.60680455076839,1055.0,3.0,74.60386291006344,7.0,0.0,0.0,2.0,0.0
3278.0,add,74.62757314113212,1055.0,3.0,74.60386291006344,7.0,0.0,0.0,3.0,0.0
3279.0,delete,74.50709668247855,1055.0,3.0,74.60386291006344,6.0,0.0,0.0,2.0,0.0
3280.0,swap,74.63711427648217,1055.0,3.0,74.60386291006344,7.0,0.0,1.0,1.0,0.0
3281.0,delete,74.70086219795917,1056.0,2.0,74.52258416280662,6.0,0.0,0.0,1.0,0.0
3282.0,delete,74.70086219795917,1057.0,3.0,74.70086219795917,6.0,0.0,0.0,1.0,0.0
3283.0,add,74.48497926740082,1057.0,3.0,74.70086219795917,6.0,1.0,0.0,1.0,0.0
3284.0,delete,74.60294294120672,1057.0,3.0,74.70086219795917,5.0,0.0,0.0,1.0,0.0
3285.0,swap,74.68036936497964,1057.0,3.0,74.70086219795917,5.0,1.0,0.0,1.0,0.0
3286.0,change,74.62234247519793,1058.0,2.0,74.64053533571983,7.0,0.0,0.0,1.0,0.0
3287.0,swap,74.80396748297406,1059.0,4.0,74.80396748297403,5.0,2.0,0.0,1.0,0.0
3288.0,add,74.80396748297403,1059.0,4.0,74.80396748297403,5.0,2.0,0.0,1.0,1.0
3289.0,delete,74.87223987940624,1059.0,4.0,74.80396748297403,4.0,2.0,0.0,1.0,0.0
3290.0,swap,74.77354072776046,1059.0,4.0,74.80396748297403,4.0,3.0,0.0,1.0,0.0
3291.0,add,74.81327161752775,1060.0,4.0,74.81327161752772,6.0,1.0,0.0,1.0,1.0
3292.0,add,74.81327161752772,1060.0,4.0,74.81327161752772,6.0,1.0,0.0,1.0,2.0
3293.0,delete,74.6826171482665,1060.0,4.0,74.81327161752772,5.0,1.0,0.0,1.0,1.0
3294.0,swap,74.75210482220976,1060.0,4.0,74.81327161752772,5.0,1.0,0.0,2.0,1.0
3295.0,add,74.75719929820622,1061.0,4.0,74.76159171585826,6.0,0.0,1.0,2.0,0.0
3296.0,add,74.76173884914812,1061.0,4.0,74.76159171585826,6.0,0.0,1.0,3.0,0.0
3297.0,delete,74.90854205141915,1061.0,4.0,74.76159171585826,5.0,0.0,1.0,2.0,0.0
3298.0,swap,74.90165547890612,1061.0,4.0,74.76159171585826,5.0,1.0,1.0,2.0,0.0
3299.0,delete,74.67212296184769,1062.0,4.0,74.67212296184766,5.0,0.0,1.0,1.0,0.0
3300.0,add,74.67280484829557,1062.0,4.0,74.67212296184766,5.0,0.0,2.0,1.0,0.0
3301.0,delete,74.82712589048661,1062.0,4.0,74.67212296184766,4.0,0.0,1.0,1.0,0.0
3302.0,swap,74.68811208148074,1062.0,4.0,74.67212296184766,4.0,0.0,2.0,1.0,0.0
3303.0,swap,74.69520564932543,1063.0,2.0,74.72431854124882,6.0,0.0,0.0,2.0,0.0
3304.0,swap,74.69520564932546,1064.0,3.0,74.69520564932543,6.0,0.0,0.0,2.0,0.0
3305.0,add,74.68946494527408,1064.0,3.0,74.69520564932543,6.0,0.0,0.0,2.0,1.0
3306.0,delete,74.72627947502443,1064.0,3.0,74.69520564932543,5.0,0.0,0.0,2.0,0.0
3307.0,swap,74.69436745469667,1064.0,3.0,74.69520564932543,5.0,0.0,0.0,2.0,1.0
3308.0,change,74.62234247519793,1065.0,3.0,74.62234247519793,7.0,0.0,0.0,1.0,0.0
3309.0,add,74.62234247519793,1065.0,3.0,74.62234247519793,7.0,0.0,0.0,1.0,1.0
3310.0,delete,74.69520564932544,1065.0,3.0,74.62234247519793,6.0,0.0,0.0,1.0,0.0
3311.0,swap,74.63095789896494,1065.0,3.0,74.62234247519793,6.0,1.0,0.0,1.0,0.0
3312.0,swap,74.6943674546967,1066.0,4.0,74.69436745469667,5.0,0.0,0.0,2.0,1.0
3313.0,add,74.69436745469667,1066.0,4.0,74.69436745469667,5.0,1.0,0.0,2.0,1.0
3314.0,delete,74.62335902032481,1066.0,4.0,74.69436745469667,4.0,0.0,0.0,2.0,1.0
3315.0,swap,74.63487675014585,1066.0,4.0,74.69436745469667,4.0,0.0,0.0,2.0,2.0
3316.0,swap,74.68036936497965,1067.0,4.0,74.68036936497964,5.0,1.0,0.0,1.0,0.0
3317.0,add,74.53411062374137,1067.0,4.0,74.68036936497964,5.0,2.0,0.0,1.0,0.0
3318.0,delete,74.67804878238846,1067.0,4.0,74.68036936497964,5.0,0.0,0.0,1.0,0.0
3319.0,swap,74.54710689449142,1067.0,4.0,74.68036936497964,4.0,1.0,0.0,1.0,1.0
3320.0,swap,74.60344393424253,1068.0,4.0,74.60448899099113,6.0,1.0,0.0,1.0,0.0
3321.0,add,74.53392580612537,1068.0,4.0,74.60448899099113,6.0,1.0,1.0,1.0,0.0
3322.0,delete,74.60448899099113,1068.0,4.0,74.60448899099113,6.0,1.0,0.0,0.0,0.0
3323.0,swap,74.59667162223208,1068.0,4.0,74.60448899099113,6.0,0.0,0.0,1.0,1.0
3324.0,swap,74.64084683012756,1069.0,4.0,74.63711427648217,7.0,0.0,1.0,1.0,0.0
3325.0,add,74.63711427648217,1069.0,4.0,74.63711427648217,7.0,1.0,1.0,1.0,0.0
3326.0,delete,74.66307321935795,1069.0,4.0,74.63711427648217,6.0,0.0,1.0,1.0,0.0
3327.0,swap,74.66307321935795,1069.0,4.0,74.63711427648217,6.0,1.0,1.0,1.0,0.0
3328.0,swap,74.63085010828854,1070.0,4.0,74.63095789896494,6.0,1.0,0.0,1.0,0.0
3329.0,add,74.63095789896494,1070.0,4.0,74.63095789896494,6.0,2.0,0.0,1.0,0.0
3330.0,delete,74.61274430016218,1070.0,4.0,74.63095789896494,5.0,1.0,0.0,1.0,0.0
3331.0,swap,74.63114092273648,1070.0,4.0,74.63095789896494,6.0,1.0,0.0,1.0,0.0
3332.0,delete,74.72627947502446,1071.0,4.0,74.72627947502443,5.0,0.0,0.0,2.0,0.0
3333.0,add,74.61594690691258,1071.0,4.0,74.72627947502443,5.0,0.0,0.0,2.0,1.0
3334.0,delete,74.490710762979,1071.0,4.0,74.72627947502443,4.0,0.0,0.0,2.0,0.0
3335.0,swap,74.4925671515893,1071.0,4.0,74.72627947502443,4.0,1.0,0.0,2.0,0.0
3336.0,delete,74.79957507958522,1072.0,3.0,74.71419603610853,6.0,0.0,1.0,0.0,1.0
3337.0,delete,74.84613264494979,1073.0,4.0,74.79957507958522,6.0,0.0,1.0,0.0,1.0
3338.0,add,74.89489526376951,1073.0,4.0,74.79957507958522,6.0,0.0,1.0,0.0,2.0
3339.0,delete,74.67608477706251,1073.0,4.0,74.79957507958522,5.0,0.0,1.0,0.0,1.0
3340.0,swap,74.6405782064281,1073.0,4.0,74.79957507958522,5.0,0.0,1.0,1.0,1.0
3341.0,swap,74.91523458000455,1074.0,4.0,74.84660792798533,5.0,0.0,2.0,0.0,1.0
3342.0,change,74.8716962594747,1075.0,4.0,74.85097312263613,6.0,0.0,2.0,0.0,0.0
3343.0,swap,74.91541336653746,1076.0,5.0,74.91523458000455,5.0,0.0,2.0,0.0,1.0
3344.0,add,75.07184534965357,1076.0,5.0,74.91523458000455,5.0,0.0,2.0,0.0,2.0
3345.0,delete,74.93028020994728,1076.0,5.0,74.91523458000455,4.0,0.0,2.0,0.0,1.0
3346.0,swap,74.89204359486773,1076.0,5.0,74.91523458000455,4.0,0.0,2.0,1.0,1.0
3347.0,change,74.86730555754546,1077.0,5.0,74.8716962594747,6.0,0.0,2.0,0.0,0.0
3348.0,add,74.86017658082834,1077.0,5.0,74.8716962594747,6.0,0.0,2.0,0.0,1.0
3349.0,delete,74.69298142598639,1077.0,5.0,74.8716962594747,6.0,0.0,1.0,0.0,0.0
3350.0,swap,74.74777234177935,1077.0,5.0,74.8716962594747,5.0,0.0,3.0,0.0,0.0
3351.0,add,74.64955038684195,1078.0,4.0,74.92888241990342,6.0,0.0,2.0,0.0,1.0
3352.0,change,74.7943494521221,1079.0,4.0,74.78983088208828,7.0,0.0,2.0,0.0,0.0
3353.0,add,74.73986605272289,1079.0,4.0,74.78983088208828,7.0,0.0,2.0,1.0,0.0
3354.0,delete,74.76526913503052,1079.0,4.0,74.78983088208828,7.0,0.0,1.0,0.0,0.0
3355.0,swap,74.69790379331252,1079.0,4.0,74.78983088208828,7.0,0.0,1.0,0.0,1.0
3356.0,add,75.05160352726504,1080.0,6.0,75.07184534965357,5.0,0.0,2.0,0.0,2.0
3357.0,add,74.99826197271695,1080.0,6.0,75.07184534965357,5.0,0.0,2.0,0.0,3.0
3358.0,delete,75.0222800352977,1080.0,6.0,75.07184534965357,4.0,0.0,2.0,0.0,2.0
3359.0,swap,75.07184534965357,1080.0,6.0,75.07184534965357,5.0,0.0,2.0,0.0,2.0
3360.0,swap,74.61441057694059,1081.0,4.0,74.93584625899075,5.0,1.0,2.0,0.0,0.0
3361.0,delete,74.78399207217433,1082.0,4.0,74.78340970041282,5.0,0.0,2.0,0.0,0.0
3362.0,delete,74.92518626783914,1083.0,6.0,74.93028020994728,4.0,0.0,2.0,0.0,1.0
3363.0,add,74.79531243946325,1083.0,6.0,74.93028020994728,4.0,0.0,2.0,0.0,2.0
3364.0,delete,74.65260804129625,1083.0,6.0,74.93028020994728,4.0,0.0,1.0,0.0,1.0
3365.0,swap,74.8366301282509,1083.0,6.0,74.93028020994728,4.0,0.0,1.0,0.0,2.0
3366.0,delete,74.76526913503052,1084.0,3.0,74.8207136979737,7.0,0.0,1.0,0.0,0.0
3367.0,delete,74.77784636713643,1085.0,4.0,74.76526913503052,7.0,0.0,1.0,0.0,0.0
3368.0,add,74.74321499781904,1085.0,4.0,74.76526913503052,7.0,0.0,1.0,1.0,0.0
3369.0,delete,74.57922355224049,1085.0,4.0,74.76526913503052,7.0,0.0,0.0,0.0,0.0
3370.0,swap,74.74087800040039,1085.0,4.0,74.76526913503052,6.0,0.0,1.0,1.0,0.0
3371.0,add,74.76443317938748,1086.0,5.0,74.76483117957721,7.0,0.0,2.0,0.0,1.0
3372.0,add,74.75126015767458,1086.0,5.0,74.76483117957721,7.0,0.0,2.0,0.0,2.0
3373.0,delete,74.68519990102396,1086.0,5.0,74.76483117957721,6.0,0.0,2.0,0.0,1.0
3374.0,swap,74.69899406377087,1086.0,5.0,74.76483117957721,6.0,1.0,2.0,0.0,1.0
3375.0,add,74.77442046377531,1087.0,5.0,74.77442046377531,6.0,2.0,1.0,1.0,0.0
3376.0,add,74.77773459916492,1087.0,5.0,74.77442046377531,6.0,2.0,2.0,1.0,0.0
3377.0,delete,74.7643933533264,1087.0,5.0,74.77442046377531,5.0,2.0,1.0,1.0,0.0
3378.0,swap,74.7600621560366,1087.0,5.0,74.77442046377531,6.0,1.0,1.0,1.0,1.0
3379.0,add,74.70238713020203,1088.0,5.0,74.74321499781904,7.0,0.0,1.0,1.0,0.0
3380.0,add,74.74321499781904,1088.0,5.0,74.74321499781904,7.0,1.0,1.0,1.0,0.0
3381.0,delete,74.7713813443664,1088.0,5.0,74.74321499781904,6.0,0.0,1.0,1.0,0.0
3382.0,swap,74.55542282909012,1088.0,5.0,74.74321499781904,7.0,1.0,0.0,1.0,0.0
3383.0,change,74.7008685883086,1089.0,4.0,74.71339702919646,7.0,0.0,1.0,1.0,0.0
3384.0,add,74.71339702919646,1089.0,4.0,74.71339702919646,7.0,0.0,1.0,1.0,1.0
3385.0,delete,74.72778209259418,1089.0,4.0,74.71339702919646,6.0,0.0,1.0,1.0,0.0
3386.0,swap,74.68461014627206,1089.0,4.0,74.71339702919646,6.0,0.0,1.0,2.0,0.0
3387.0,change,74.76847035662935,1090.0,5.0,74.77632429910415,7.0,0.0,1.0,0.0,1.0
3388.0,add,74.77335086173468,1090.0,5.0,74.77632429910415,7.0,0.0,1.0,1.0,1.0
3389.0,delete,74.76005819651104,1090.0,5.0,74.77632429910415,6.0,0.0,1.0,0.0,1.0
3390.0,swap,74.65333397974773,1090.0,5.0,74.77632429910415,6.0,0.0,1.0,0.0,2.0
3391.0,delete,74.57922355224049,1091.0,3.0,74.71355562545429,7.0,0.0,0.0,0.0,1.0
3392.0,swap,74.79301692378849,1092.0,5.0,74.79301692378844,6.0,0.0,1.0,1.0,0.0
3393.0,add,74.79301692378844,1092.0,5.0,74.79301692378844,6.0,0.0,1.0,1.0,1.0
3394.0,delete,74.46459110340068,1092.0,5.0,74.79301692378844,6.0,0.0,0.0,1.0,0.0
3395.0,swap,74.64057820642812,1092.0,5.0,74.79301692378844,5.0,0.0,1.0,1.0,1.0
3396.0,change,74.77290849713785,1093.0,3.0,74.73027321435883,7.0,0.0,1.0,0.0,1.0
3397.0,change,74.77388109285094,1094.0,4.0,74.77290849713785,7.0,0.0,1.0,0.0,1.0
3398.0,add,74.6940824540704,1094.0,4.0,74.77290849713785,7.0,0.0,1.0,0.0,2.0
3399.0,delete,74.73704862804317,1094.0,4.0,74.77290849713785,6.0,0.0,1.0,0.0,1.0
3400.0,swap,74.38590326959036,1094.0,4.0,74.77290849713785,6.0,1.0,1.0,0.0,1.0
3401.0,delete,74.7395506973005,1095.0,3.0,74.78381940697177,6.0,0.0,1.0,0.0,0.0
3402.0,change,74.77858336019317,1096.0,5.0,74.778191515999,7.0,0.0,1.0,0.0,0.0
3403.0,add,74.78232594262325,1096.0,5.0,74.778191515999,7.0,0.0,2.0,0.0,0.0
3404.0,delete,74.75918456389319,1096.0,5.0,74.778191515999,6.0,0.0,1.0,0.0,0.0
3405.0,swap,74.83729148416866,1096.0,5.0,74.778191515999,6.0,0.0,1.0,0.0,1.0
3406.0,delete,74.72296848382496,1097.0,4.0,74.7395506973005,6.0,0.0,1.0,0.0,0.0
3407.0,add,74.7395506973005,1097.0,4.0,74.7395506973005,6.0,1.0,1.0,0.0,0.0
3408.0,delete,74.69677968270605,1097.0,4.0,74.7395506973005,5.0,0.0,1.0,0.0,0.0
3409.0,swap,74.56043003833204,1097.0,4.0,74.7395506973005,5.0,0.0,1.0,1.0,0.0
3410.0,delete,74.81185575185502,1098.0,5.0,74.80925803348042,6.0,0.0,2.0,0.0,1.0
3411.0,add,74.80925803348042,1098.0,5.0,74.80925803348042,6.0,0.0,2.0,0.0,2.0
3412.0,delete,74.66140978298331,1098.0,5.0,74.80925803348042,5.0,0.0,2.0,0.0,1.0
3413.0,swap,74.83177673642727,1098.0,5.0,74.80925803348042,5.0,0.0,2.0,1.0,1.0
3414.0,swap,74.81174778494078,1099.0,5.0,74.80213609117007,6.0,0.0,2.0,0.0,2.0
3415.0,add,74.80213609117007,1099.0,5.0,74.80213609117007,6.0,0.0,2.0,0.0,3.0
3416.0,delete,74.76060769039323,1099.0,5.0,74.80213609117007,5.0,0.0,2.0,0.0,2.0
3417.0,swap,74.80213609117007,1099.0,5.0,74.80213609117007,6.0,1.0,2.0,0.0,1.0
3418.0,swap,74.61086879386983,1100.0,3.0,74.72926941468542,6.0,0.0,1.0,0.0,2.0
3419.0,add,74.76973008843679,1101.0,5.0,74.7683565521361,7.0,0.0,2.0,0.0,1.0
3420.0,add,74.7683565521361,1101.0,5.0,74.7683565521361,7.0,0.0,2.0,0.0,2.0
3421.0,delete,74.63624434842299,1101.0,5.0,74.7683565521361,7.0,0.0,1.0,0.0,1.0
3422.0,swap,74.76526913503052,1101.0,5.0,74.7683565521361,7.0,0.0,1.0,0.0,2.0
3423.0,change,74.7578712418276,1102.0,5.0,74.7943494521221,7.0,0.0,2.0,0.0,0.0
3424.0,add,74.86790990849431,1102.0,5.0,74.7943494521221,7.0,0.0,2.0,0.0,1.0
3425.0,delete,74.76604026779607,1102.0,5.0,74.7943494521221,6.0,0.0,2.0,0.0,0.0
3426.0,swap,74.66109441428586,1102.0,5.0,74.7943494521221,6.0,1.0,2.0,0.0,0.0
3427.0,add,74.78472227245467,1103.0,5.0,74.78474768026419,7.0,0.0,1.0,1.0,2.0
3428.0,add,74.79159719312226,1103.0,5.0,74.78474768026419,7.0,1.0,1.0,1.0,2.0
3429.0,delete,74.62101346472481,1103.0,5.0,74.78474768026419,7.0,0.0,0.0,1.0,2.0
3430.0,swap,74.91378391703142,1103.0,5.0,74.78474768026419,6.0,0.0,2.0,1.0,2.0
3431.0,add,74.75117435001627,1104.0,5.0,74.75147774305645,6.0,1.0,2.0,1.0,0.0
3432.0,add,74.59073573199909,1104.0,5.0,74.75147774305645,6.0,1.0,3.0,1.0,0.0
3433.0,delete,74.75054977368323,1104.0,5.0,74.75147774305645,6.0,0.0,2.0,1.0,0.0
3434.0,swap,74.16220491057959,1104.0,5.0,74.75147774305645,6.0,1.0,2.0,1.0,0.0
3435.0,delete,74.61953960078007,1105.0,2.0,74.57583345608877,6.0,0.0,0.0,0.0,1.0
3436.0,add,74.63416553902061,1106.0,4.0,74.63416553902057,7.0,0.0,0.0,2.0,1.0
3437.0,add,74.63416553902057,1106.0,4.0,74.63416553902057,7.0,0.0,0.0,2.0,2.0
3438.0,delete,74.57075443353129,1106.0,4.0,74.63416553902057,6.0,0.0,0.0,2.0,1.0
3439.0,swap,74.68545533951814,1106.0,4.0,74.63416553902057,6.0,0.0,1.0,2.0,1.0
3440.0,add,74.57922355224049,1107.0,4.0,74.57922355224049,7.0,0.0,0.0,1.0,1.0
3441.0,add,74.57922355224049,1107.0,4.0,74.57922355224049,7.0,0.0,0.0,1.0,2.0
3442.0,delete,74.46841073917915,1107.0,4.0,74.57922355224049,6.0,0.0,0.0,1.0,1.0
3443.0,swap,74.54233951964122,1107.0,4.0,74.57922355224049,6.0,1.0,0.0,1.0,1.0
3444.0,delete,74.85442775497718,1108.0,5.0,74.85505141361845,5.0,0.0,1.0,1.0,0.0
3445.0,add,74.93153409626397,1108.0,5.0,74.85505141361845,5.0,0.0,2.0,1.0,0.0
3446.0,delete,74.82447204061219,1108.0,5.0,74.85505141361845,4.0,0.0,1.0,1.0,0.0
3447.0,swap,74.6848329753482,1108.0,5.0,74.85505141361845,4.0,0.0,2.0,1.0,0.0
3448.0,add,74.77021252295937,1109.0,3.0,74.74756856949867,7.0,0.0,1.0,0.0,1.0
3449.0,swap,74.88696838453932,1110.0,3.0,74.7428931443357,6.0,0.0,2.0,0.0,0.0
3450.0,swap,74.89925334275907,1111.0,4.0,74.88696838453932,6.0,0.0,2.0,0.0,0.0
3451.0,add,74.88696838453932,1111.0,4.0,74.88696838453932,6.0,0.0,2.0,0.0,1.0
3452.0,delete,74.73968122784906,1111.0,4.0,74.88696838453932,5.0,0.0,2.0,0.0,0.0
3453.0,swap,74.79385745683594,1111.0,4.0,74.88696838453932,5.0,0.0,2.0,0.0,1.0
3454.0,change,74.77480999098776,1112.0,3.0,74.74250509921607,7.0,0.0,1.0,0.0,0.0
3455.0,add,74.77868749052493,1113.0,4.0,74.77021252295937,7.0,0.0,1.0,0.0,1.0
3456.0,add,74.79004872285442,1113.0,4.0,74.77021252295937,7.0,0.0,1.0,1.0,1.0
3457.0,delete,74.77021252295937,1113.0,4.0,74.77021252295937,7.0,0.0,1.0,0.0,0.0
3458.0,swap,74.71691497210962,1113.0,4.0,74.77021252295937,6.0,0.0,2.0,0.0,1.0
3459.0,swap,74.89436461897868,1114.0,5.0,74.89925334275907,6.0,0.0,2.0,0.0,0.0
3460.0,add,74.90166350469886,1114.0,5.0,74.89925334275907,6.0,0.0,2.0,0.0,1.0
3461.0,delete,74.57788060123453,1114.0,5.0,74.89925334275907,6.0,0.0,1.0,0.0,0.0
3462.0,swap,74.83262415807621,1114.0,5.0,74.89925334275907,5.0,0.0,2.0,1.0,0.0
3463.0,change,74.74848431539776,1115.0,4.0,74.77480999098776,7.0,0.0,1.0,0.0,0.0
3464.0,add,74.77480999098776,1115.0,4.0,74.77480999098776,7.0,0.0,1.0,1.0,0.0
3465.0,delete,74.81488285915526,1115.0,4.0,74.77480999098776,6.0,0.0,1.0,0.0,0.0
3466.0,swap,74.65992948027122,1115.0,4.0,74.77480999098776,6.0,1.0,1.0,0.0,0.0
3467.0,add,74.75994531838495,1116.0,3.0,74.74741658349608,7.0,0.0,1.0,0.0,1.0
3468.0,add,74.76363887709331,1117.0,4.0,74.75994531838495,7.0,0.0,1.0,0.0,1.0
3469.0,add,74.6722015296048,1117.0,4.0,74.75994531838495,7.0,0.0,2.0,0.0,1.0
3470.0,delete,74.62833413865857,1117.0,4.0,74.75994531838495,6.0,0.0,1.0,0.0,1.0
3471.0,swap,74.7409808832078,1117.0,4.0,74.75994531838495,7.0,0.0,1.0,1.0,0.0
3472.0,add,74.89072179197628,1118.0,5.0,74.88696838453932,6.0,0.0,2.0,0.0,1.0
3473.0,add,74.47378185797542,1118.0,5.0,74.88696838453932,6.0,1.0,2.0,0.0,1.0
3474.0,delete,74.81291781507996,1118.0,5.0,74.88696838453932,6.0,0.0,1.0,0.0,1.0
3475.0,swap,74.69014146462489,1118.0,5.0,74.88696838453932,5.0,0.0,3.0,0.0,1.0
3476.0,add,74.78943510815343,1119.0,5.0,74.79004872285442,7.0,0.0,1.0,1.0,1.0
3477.0,add,74.79004872285442,1119.0,5.0,74.79004872285442,7.0,0.0,1.0,1.0,2.0
3478.0,delete,74.7605586919563,1119.0,5.0,74.79004872285442,6.0,0.0,1.0,1.0,1.0
3479.0,swap,74.84280115039189,1119.0,5.0,74.79004872285442,6.0,0.0,1.0,2.0,1.0
3480.0,delete,74.71465984412687,1120.0,4.0,74.68848799016735,6.0,0.0,1.0,0.0,0.0
3481.0,add,74.68848799016735,1120.0,4.0,74.68848799016735,6.0,0.0,1.0,0.0,1.0
3482.0,delete,74.66730652668585,1120.0,4.0,74.68848799016735,5.0,0.0,1.0,0.0,0.0
3483.0,swap,74.47735932508033,1120.0,4.0,74.68848799016735,6.0,1.0,0.0,0.0,0.0
3484.0,add,74.77275805243389,1121.0,5.0,74.77581171959811,7.0,0.0,1.0,1.0,1.0
3485.0,add,74.75486344917606,1121.0,5.0,74.77581171959811,7.0,0.0,1.0,2.0,1.0
3486.0,delete,74.81735726758976,1121.0,5.0,74.77581171959811,6.0,0.0,1.0,1.0,1.0
3487.0,swap,74.57435430936077,1121.0,5.0,74.77581171959811,7.0,0.0,0.0,2.0,1.0
3488.0,change,74.74483023882928,1122.0,3.0,74.73941056890351,6.0,0.0,1.0,0.0,0.0
3489.0,delete,74.89000557838062,1123.0,5.0,74.88724925347043,5.0,0.0,1.0,0.0,1.0
3490.0,add,74.88724925347043,1123.0,5.0,74.88724925347043,5.0,0.0,1.0,0.0,2.0
3491.0,delete,74.78218341788865,1123.0,5.0,74.88724925347043,4.0,0.0,1.0,0.0,1.0
3492.0,swap,74.90109603286932,1123.0,5.0,74.88724925347043,4.0,1.0,1.0,0.0,1.0
3493.0,add,74.59069114211572,1124.0,3.0,74.7477170840898,6.0,0.0,2.0,0.0,0.0
3494.0,swap,74.64643654225443,1125.0,4.0,74.64499542631876,5.0,0.0,1.0,0.0,1.0
3495.0,add,74.43772318039007,1125.0,4.0,74.64499542631876,5.0,0.0,2.0,0.0,1.0
3496.0,delete,74.61090728910435,1125.0,4.0,74.64499542631876,5.0,0.0,0.0,0.0,1.0
3497.0,swap,74.67765532607085,1125.0,4.0,74.64499542631876,4.0,0.0,2.0,0.0,1.0
3498.0,change,74.77327656570306,1126.0,3.0,74.73752645992643,7.0,0.0,1.0,0.0,0.0
3499.0,change,74.74915856109789,1127.0,5.0,74.74848431539776,7.0,0.0,1.0,0.0,0.0
3500.0,add,74.74854334514492,1127.0,5.0,74.74848431539776,7.0,0.0,1.0,1.0,0.0
3501.0,delete,74.72956182140598,1127.0,5.0,74.74848431539776,6.0,0.0,1.0,0.0,0.0
3502.0,swap,74.74262929563744,1127.0,5.0,74.74848431539776,6.0,0.0,2.0,0.0,0.0
3503.0,change,74.76607359877237,1128.0,4.0,74.77327656570306,7.0,0.0,1.0,0.0,0.0
3504.0,add,74.49281065526779,1128.0,4.0,74.77327656570306,7.0,0.0,1.0,0.0,1.0
3505.0,delete,74.79640752459942,1128.0,4.0,74.77327656570306,6.0,0.0,1.0,0.0,0.0
3506.0,swap,74.6901784254503,1128.0,4.0,74.77327656570306,6.0,0.0,2.0,0.0,0.0
3507.0,add,74.62452409485287,1129.0,4.0,74.62448233782034,7.0,2.0,0.0,0.0,1.0
3508.0,add,74.62448233782034,1129.0,4.0,74.62448233782034,7.0,2.0,0.0,0.0,2.0
3509.0,delete,74.50327065283703,1129.0,4.0,74.62448233782034,6.0,2.0,0.0,0.0,1.0
3510.0,swap,74.67302975375317,1129.0,4.0,74.62448233782034,6.0,2.0,1.0,0.0,1.0
3511.0,add,74.75370807055367,1130.0,5.0,74.74500100545646,7.0,1.0,1.0,1.0,1.0
3512.0,add,74.6511032447076,1130.0,5.0,74.74500100545646,7.0,2.0,1.0,1.0,1.0
3513.0,delete,74.74500100545646,1130.0,5.0,74.74500100545646,7.0,1.0,1.0,1.0,0.0
3514.0,swap,74.74500100545647,1130.0,5.0,74.74500100545646,7.0,0.0,1.0,1.0,2.0
3515.0,delete,74.6801671503117,1131.0,4.0,74.67575461901512,6.0,0.0,1.0,0.0,0.0
3516.0,add,74.71517173101763,1131.0,4.0,74.67575461901512,6.0,0.0,1.0,1.0,0.0
3517.0,delete,74.59940753697887,1131.0,4.0,74.67575461901512,5.0,0.0,1.0,0.0,0.0
3518.0,swap,74.57221005562303,1131.0,4.0,74.67575461901512,5.0,0.0,2.0,0.0,0.0
3519.0,delete,74.81487659232762,1132.0,5.0,74.83292786428784,5.0,0.0,2.0,1.0,0.0
3520.0,add,74.82509715412469,1132.0,5.0,74.83292786428784,5.0,0.0,2.0,1.0,1.0
3521.0,delete,74.85333032194623,1132.0,5.0,74.83292786428784,4.0,0.0,2.0,1.0,0.0
3522.0,swap,74.75196421282816,1132.0,5.0,74.83292786428784,4.0,0.0,3.0,1.0,0.0
3523.0,delete,74.73574203305189,1133.0,5.0,74.74781334129581,6.0,0.0,1.0,1.0,1.0
3524.0,add,74.74781334129581,1133.0,5.0,74.74781334129581,6.0,0.0,1.0,1.0,2.0
3525.0,delete,74.75805429682416,1133.0,5.0,74.74781334129581,5.0,0.0,1.0,1.0,1.0
3526.0,swap,74.70728465600152,1133.0,5.0,74.74781334129581,5.0,1.0,1.0,1.0,1.0
3527.0,add,74.76526913503051,1134.0,3.0,74.72071039490399,7.0,1.0,1.0,0.0,1.0
3528.0,add,74.76050321011807,1135.0,4.0,74.76526913503051,7.0,1.0,1.0,0.0,1.0
3529.0,add,74.76526913503051,1135.0,4.0,74.76526913503051,7.0,1.0,1.0,0.0,2.0
3530.0,delete,74.57922355224048,1135.0,4.0,74.76526913503051,7.0,1.0,0.0,0.0,1.0
3531.0,swap,74.74212360819998,1135.0,4.0,74.76526913503051,6.0,2.0,1.0,0.0,1.0
3532.0,delete,74.87693167141542,1136.0,5.0,74.86269189589993,5.0,0.0,1.0,0.0,0.0
3533.0,add,74.76001128047756,1136.0,5.0,74.86269189589993,5.0,0.0,2.0,0.0,0.0
3534.0,delete,74.8366301282509,1136.0,5.0,74.86269189589993,4.0,0.0,1.0,0.0,0.0
3535.0,swap,74.80423429249223,1136.0,5.0,74.86269189589993,4.0,0.0,2.0,0.0,0.0
3536.0,add,74.8087984153591,1137.0,5.0,74.83827710984625,5.0,0.0,1.0,1.0,1.0
3537.0,add,74.83827710984625,1137.0,5.0,74.83827710984625,5.0,0.0,1.0,1.0,2.0
3538.0,delete,74.77878580719256,1137.0,5.0,74.83827710984625,4.0,0.0,1.0,1.0,1.0
3539.0,swap,74.83827710984625,1137.0,5.0,74.83827710984625,5.0,1.0,1.0,1.0,0.0
3540.0,swap,74.86269189589991,1138.0,5.0,74.86269189589993,5.0,1.0,1.0,0.0,1.0
3541.0,add,74.86269189589993,1138.0,5.0,74.86269189589993,5.0,1.0,1.0,0.0,2.0
3542.0,delete,74.88722729233108,1138.0,5.0,74.86269189589993,4.0,1.0,1.0,0.0,1.0
3543.0,swap,74.86269189589993,1138.0,5.0,74.86269189589993,5.0,1.0,1.0,0.0,1.0
3544.0,add,74.73532470422992,1139.0,3.0,74.74605230049451,6.0,0.0,1.0,1.0,0.0
3545.0,add,74.73661652810424,1140.0,4.0,74.73532470422992,6.0,0.0,1.0,1.0,0.0
3546.0,add,74.73532470422992,1140.0,4.0,74.73532470422992,6.0,0.0,1.0,1.0,1.0
3547.0,delete,74.64882187854242,1140.0,4.0,74.73532470422992,5.0,0.0,1.0,1.0,0.0
3548.0,swap,74.69055491398512,1140.0,4.0,74.73532470422992,6.0,0.0,2.0,0.0,0.0
3549.0,swap,74.84139403249013,1141.0,5.0,74.8403408618845,5.0,0.0,2.0,0.0,0.0
3550.0,add,74.84047762652403,1141.0,5.0,74.8403408618845,5.0,1.0,2.0,0.0,0.0
3551.0,delete,74.79264757925765,1141.0,5.0,74.8403408618845,4.0,0.0,2.0,0.0,0.0
3552.0,swap,74.78439173973618,1141.0,5.0,74.8403408618845,4.0,0.0,3.0,0.0,0.0
3553.0,delete,74.73707674493748,1142.0,5.0,74.73721625468914,6.0,0.0,1.0,0.0,0.0
3554.0,add,74.73721625468914,1142.0,5.0,74.73721625468914,6.0,0.0,1.0,0.0,1.0
3555.0,delete,74.63920010188448,1142.0,5.0,74.73721625468914,5.0,0.0,1.0,0.0,0.0
3556.0,swap,74.64188933147581,1142.0,5.0,74.73721625468914,5.0,0.0,1.0,1.0,0.0
3557.0,delete,74.71582495960911,1143.0,3.0,74.67898974281805,5.0,0.0,1.0,0.0,0.0
3558.0,swap,74.8721632371376,1144.0,5.0,74.8754371784971,5.0,0.0,2.0,1.0,0.0
3559.0,add,74.67371009374598,1144.0,5.0,74.8754371784971,5.0,0.0,2.0,1.0,1.0
3560.0,delete,74.83039255375877,1144.0,5.0,74.8754371784971,4.0,0.0,2.0,1.0,0.0
3561.0,swap,74.89489398450044,1144.0,5.0,74.8754371784971,5.0,0.0,3.0,0.0,0.0
3562.0,add,74.84276698237717,1145.0,5.0,74.84012507915186,6.0,1.0,1.0,1.0,0.0
3563.0,add,74.84012507915186,1145.0,5.0,74.84012507915186,6.0,1.0,1.0,1.0,1.0
3564.0,delete,74.77981348749275,1145.0,5.0,74.84012507915186,5.0,1.0,1.0,1.0,0.0
3565.0,swap,74.7309083513965,1145.0,5.0,74.84012507915186,5.0,1.0,2.0,1.0,0.0
3566.0,delete,74.82025863026955,1146.0,5.0,74.82025863026955,5.0,0.0,1.0,1.0,0.0
3567.0,add,74.82025863026955,1146.0,5.0,74.82025863026955,5.0,0.0,1.0,1.0,1.0
3568.0,delete,74.81227478232674,1146.0,5.0,74.82025863026955,4.0,0.0,1.0,1.0,0.0
3569.0,swap,74.6335430599796,1146.0,5.0,74.82025863026955,4.0,1.0,1.0,1.0,0.0
3570.0,delete,74.67044415327564,1147.0,3.0,74.70577833011335,5.0,0.0,1.0,0.0,0.0
3571.0,add,74.69854346029017,1148.0,3.0,74.67294749224456,6.0,0.0,2.0,0.0,0.0
3572.0,delete,74.76974146216563,1149.0,5.0,74.75488791599,6.0,0.0,1.0,0.0,0.0
3573.0,add,74.75488791599001,1149.0,5.0,74.75488791599,6.0,1.0,1.0,0.0,0.0
3574.0,delete,74.83320632514736,1149.0,5.0,74.75488791599,5.0,0.0,1.0,0.0,0.0
3575.0,swap,74.82184389369638,1149.0,5.0,74.75488791599,5.0,1.0,1.0,0.0,0.0
3576.0,add,74.71590721173912,1150.0,3.0,74.78597663708796,6.0,0.0,1.0,1.0,0.0
3577.0,change,74.7964930522626,1151.0,3.0,74.79289803342283,6.0,0.0,1.0,0.0,0.0
3578.0,swap,74.89577901249432,1152.0,3.0,74.54636890208963,5.0,0.0,1.0,1.0,0.0
3579.0,swap,74.90242112949717,1153.0,4.0,74.89577901249432,5.0,0.0,1.0,1.0,0.0
3580.0,add,74.89577901249432,1153.0,4.0,74.89577901249432,5.0,0.0,1.0,1.0,1.0
3581.0,delete,74.77193960482337,1153.0,4.0,74.89577901249432,4.0,0.0,1.0,1.0,0.0
3582.0,swap,74.82085632889984,1153.0,4.0,74.89577901249432,4.0,0.0,1.0,2.0,0.0
3583.0,swap,74.78699264970402,1154.0,5.0,74.82085632889984,4.0,0.0,1.0,2.0,0.0
3584.0,add,74.82085632889984,1154.0,5.0,74.82085632889984,4.0,0.0,1.0,3.0,0.0
3585.0,delete,74.82085632889984,1154.0,5.0,74.82085632889984,4.0,0.0,1.0,1.0,0.0
3586.0,swap,74.35520136944368,1154.0,5.0,74.82085632889984,4.0,1.0,0.0,2.0,0.0
3587.0,swap,74.818837389642,1155.0,5.0,74.83200072704176,5.0,0.0,1.0,1.0,0.0
3588.0,add,74.81464541065628,1155.0,5.0,74.83200072704176,5.0,1.0,1.0,1.0,0.0
3589.0,delete,74.850789281476,1155.0,5.0,74.83200072704176,4.0,0.0,1.0,1.0,0.0
3590.0,swap,74.850789281476,1155.0,5.0,74.83200072704176,4.0,0.0,1.0,1.0,1.0
3591.0,delete,74.69350380450105,1156.0,5.0,74.6923603330537,5.0,0.0,1.0,0.0,0.0
3592.0,add,74.72243528064796,1156.0,5.0,74.6923603330537,5.0,1.0,1.0,0.0,0.0
3593.0,delete,74.88722729233109,1156.0,5.0,74.6923603330537,4.0,0.0,1.0,0.0,0.0
3594.0,swap,74.4789980242388,1156.0,5.0,74.6923603330537,4.0,0.0,1.0,0.0,1.0
3595.0,delete,74.67153798219786,1157.0,4.0,74.67044415327564,5.0,0.0,1.0,0.0,0.0
3596.0,add,74.67044415327564,1157.0,4.0,74.67044415327564,5.0,0.0,1.0,0.0,1.0
3597.0,delete,74.77193960482342,1157.0,4.0,74.67044415327564,4.0,0.0,1.0,0.0,0.0
3598.0,swap,74.78198489670721,1157.0,4.0,74.67044415327564,4.0,0.0,1.0,0.0,1.0
3599.0,delete,74.6936061143118,1158.0,4.0,74.71582495960911,5.0,0.0,1.0,0.0,0.0
3600.0,add,74.64312834233408,1158.0,4.0,74.71582495960911,5.0,0.0,1.0,0.0,1.0
3601.0,delete,74.63254184510376,1158.0,4.0,74.71582495960911,5.0,0.0,0.0,0.0,0.0
3602.0,swap,74.63254184510376,1158.0,4.0,74.71582495960911,5.0,0.0,0.0,1.0,0.0
3603.0,swap,74.64057820642812,1159.0,3.0,74.77719075387857,5.0,0.0,1.0,1.0,0.0
3604.0,swap,74.57925242199279,1160.0,3.0,74.70018044825747,5.0,1.0,1.0,0.0,0.0
3605.0,swap,74.5792235522405,1161.0,4.0,74.57922355224049,7.0,0.0,0.0,1.0,0.0
3606.0,add,74.57897176744318,1161.0,4.0,74.57922355224049,7.0,0.0,0.0,2.0,0.0
3607.0,delete,74.46841073917913,1161.0,4.0,74.57922355224049,6.0,0.0,0.0,1.0,0.0
3608.0,swap,74.6564249925655,1161.0,4.0,74.57922355224049,6.0,1.0,0.0,1.0,0.0
3609.0,add,74.66099242789215,1162.0,3.0,74.61953960078007,6.0,0.0,0.0,0.0,2.0
3610.0,delete,74.60295133761696,1162.0,3.0,74.61953960078007,5.0,0.0,0.0,0.0,1.0
3611.0,swap,74.65381805665237,1162.0,3.0,74.61953960078007,5.0,0.0,1.0,0.0,1.0
3612.0,add,74.82673154107233,1163.0,5.0,74.8404119638186,6.0,0.0,1.0,0.0,1.0
3613.0,add,74.34743989425999,1163.0,5.0,74.8404119638186,6.0,0.0,1.0,0.0,2.0
3614.0,delete,74.87483109692053,1163.0,5.0,74.8404119638186,5.0,0.0,1.0,0.0,1.0
3615.0,swap,74.65655575700887,1163.0,5.0,74.8404119638186,5.0,0.0,2.0,0.0,1.0
3616.0,change,74.7343249464401,1164.0,3.0,74.73977989757267,7.0,0.0,1.0,0.0,0.0
3617.0,swap,74.63597214388668,1165.0,4.0,74.59720773770175,6.0,1.0,2.0,0.0,0.0
3618.0,add,74.59720773770174,1165.0,4.0,74.59720773770175,6.0,2.0,2.0,0.0,0.0
3619.0,delete,74.5248395773073,1165.0,4.0,74.59720773770175,5.0,1.0,2.0,0.0,0.0
3620.0,swap,74.5033056907657,1165.0,4.0,74.59720773770175,6.0,2.0,1.0,0.0,0.0
3621.0,swap,74.68707567991314,1166.0,5.0,74.68707567991315,6.0,2.0,1.0,0.0,1.0
3622.0,add,74.68707567991315,1166.0,5.0,74.68707567991315,6.0,2.0,1.0,0.0,2.0
3623.0,delete,74.67044415327562,1166.0,5.0,74.68707567991315,5.0,2.0,1.0,0.0,1.0
3624.0,swap,74.71183935191462,1166.0,5.0,74.68707567991315,5.0,3.0,1.0,0.0,1.0
3625.0,change,74.73175442030127,1167.0,4.0,74.7343249464401,7.0,0.0,1.0,0.0,0.0
3626.0,add,74.65004889528332,1167.0,4.0,74.7343249464401,7.0,0.0,2.0,0.0,0.0
3627.0,delete,74.69227786171788,1167.0,4.0,74.7343249464401,6.0,0.0,1.0,0.0,0.0
3628.0,swap,74.6238756075305,1167.0,4.0,74.7343249464401,6.0,0.0,1.0,0.0,1.0
3629.0,add,74.8944487494943,1168.0,5.0,74.89489526376951,6.0,0.0,1.0,0.0,2.0
3630.0,add,74.89489526376951,1168.0,5.0,74.89489526376951,6.0,0.0,1.0,0.0,3.0
3631.0,delete,74.91125475384102,1168.0,5.0,74.89489526376951,5.0,0.0,1.0,0.0,2.0
3632.0,swap,74.86850031165687,1168.0,5.0,74.89489526376951,5.0,0.0,2.0,0.0,2.0
3633.0,delete,74.84661705293409,1169.0,5.0,74.84613264494979,6.0,0.0,1.0,0.0,1.0
3634.0,add,74.82751807850032,1169.0,5.0,74.84613264494979,6.0,1.0,1.0,0.0,1.0
3635.0,delete,74.80443819481738,1169.0,5.0,74.84613264494979,5.0,0.0,1.0,0.0,1.0
3636.0,swap,74.52263737716905,1169.0,5.0,74.84613264494979,5.0,0.0,1.0,0.0,2.0
3637.0,delete,74.73912901578632,1170.0,5.0,74.67608477706251,5.0,0.0,1.0,0.0,1.0
3638.0,add,74.67608477706251,1170.0,5.0,74.67608477706251,5.0,1.0,1.0,0.0,1.0
3639.0,delete,74.72410323818319,1170.0,5.0,74.67608477706251,4.0,0.0,1.0,0.0,1.0
3640.0,swap,74.75751618582895,1170.0,5.0,74.67608477706251,4.0,1.0,1.0,0.0,1.0
3641.0,swap,74.74663697256133,1171.0,3.0,74.7858444282883,6.0,0.0,1.0,2.0,0.0
3642.0,add,74.82377190449213,1172.0,5.0,74.8132079770791,7.0,0.0,2.0,1.0,1.0
3643.0,add,74.8132079770791,1172.0,5.0,74.8132079770791,7.0,0.0,2.0,2.0,1.0
3644.0,delete,74.7671297388642,1172.0,5.0,74.8132079770791,7.0,0.0,2.0,0.0,1.0
3645.0,swap,74.74149367546691,1172.0,5.0,74.8132079770791,6.0,0.0,2.0,1.0,2.0
3646.0,swap,74.74115891840873,1173.0,4.0,74.74663697256133,6.0,0.0,1.0,2.0,0.0
3647.0,add,74.74663697256133,1173.0,4.0,74.74663697256133,6.0,0.0,1.0,3.0,0.0
3648.0,delete,74.68388911315327,1173.0,4.0,74.74663697256133,5.0,0.0,1.0,2.0,0.0
3649.0,swap,74.81032541369947,1173.0,4.0,74.74663697256133,5.0,0.0,2.0,2.0,0.0
3650.0,add,74.75762895882237,1174.0,5.0,74.75762895882235,7.0,1.0,1.0,0.0,1.0
3651.0,add,74.75762895882235,1174.0,5.0,74.75762895882235,7.0,1.0,1.0,0.0,2.0
3652.0,delete,74.77984213427837,1174.0,5.0,74.75762895882235,6.0,1.0,1.0,0.0,1.0
3653.0,swap,74.80556106144415,1174.0,5.0,74.75762895882235,6.0,1.0,2.0,0.0,1.0
3654.0,change,74.76252244779346,1175.0,5.0,74.77470183986999,7.0,0.0,1.0,0.0,1.0
3655.0,add,74.77329283067294,1175.0,5.0,74.77470183986999,7.0,0.0,1.0,1.0,1.0
3656.0,delete,74.77470183986999,1175.0,5.0,74.77470183986999,7.0,0.0,1.0,0.0,0.0
3657.0,swap,74.85954223077836,1175.0,5.0,74.77470183986999,6.0,0.0,2.0,0.0,1.0
3658.0,swap,74.72497276912549,1176.0,5.0,74.72497276912549,6.0,1.0,1.0,1.0,1.0
3659.0,add,74.72497276912549,1176.0,5.0,74.72497276912549,6.0,1.0,1.0,1.0,2.0
3660.0,delete,74.77465750598569,1176.0,5.0,74.72497276912549,5.0,1.0,1.0,1.0,1.0
3661.0,swap,74.70648849748578,1176.0,5.0,74.72497276912549,6.0,0.0,1.0,1.0,2.0
3662.0,swap,74.76205811308142,1177.0,5.0,74.75942144425153,7.0,0.0,3.0,0.0,0.0
3663.0,add,74.75341045838859,1177.0,5.0,74.75942144425153,7.0,0.0,3.0,1.0,0.0
3664.0,delete,74.83784779606596,1177.0,5.0,74.75942144425153,6.0,0.0,3.0,0.0,0.0
3665.0,swap,74.76144024708559,1177.0,5.0,74.75942144425153,7.0,0.0,3.0,0.0,0.0
3666.0,add,74.57922355224049,1178.0,4.0,74.57922355224049,7.0,0.0,0.0,0.0,2.0
3667.0,delete,74.60592683865944,1178.0,4.0,74.57922355224049,6.0,0.0,0.0,0.0,1.0
3668.0,swap,74.62247048079982,1178.0,4.0,74.57922355224049,6.0,0.0,0.0,0.0,2.0
3669.0,add,74.73532470422991,1179.0,5.0,74.73532470422994,6.0,1.0,1.0,0.0,0.0
3670.0,add,74.68571962661291,1179.0,5.0,74.73532470422994,6.0,1.0,1.0,0.0,1.0
3671.0,delete,74.69236033305371,1179.0,5.0,74.73532470422994,5.0,1.0,1.0,0.0,0.0
3672.0,swap,74.46681435742848,1179.0,5.0,74.73532470422994,5.0,2.0,1.0,0.0,0.0
3673.0,swap,74.5385160446743,1180.0,3.0,74.71450232364188,7.0,1.0,0.0,0.0,1.0
3674.0,delete,74.89925223302816,1181.0,5.0,74.8866986981409,5.0,0.0,1.0,0.0,0.0
3675.0,add,74.8866986981409,1181.0,5.0,74.8866986981409,5.0,0.0,1.0,0.0,1.0
3676.0,delete,74.84659810318439,1181.0,5.0,74.8866986981409,4.0,0.0,1.0,0.0,0.0
3677.0,swap,74.57333846831942,1181.0,5.0,74.8866986981409,5.0,1.0,0.0,0.0,0.0
3678.0,add,74.77930229362455,1182.0,5.0,74.77894806771384,7.0,0.0,1.0,0.0,1.0
3679.0,add,74.79388761640152,1182.0,5.0,74.77894806771384,7.0,0.0,1.0,0.0,2.0
3680.0,delete,74.72277820777782,1182.0,5.0,74.77894806771384,6.0,0.0,1.0,0.0,1.0
3681.0,swap,74.73656705654436,1182.0,5.0,74.77894806771384,6.0,0.0,1.0,1.0,1.0
3682.0,change,74.77927732999011,1183.0,3.0,74.73977411270808,7.0,0.0,1.0,0.0,0.0
3683.0,change,74.77949015688614,1184.0,4.0,74.77927732999011,7.0,0.0,1.0,0.0,0.0
3684.0,add,74.77927732999011,1184.0,4.0,74.77927732999011,7.0,0.0,1.0,0.0,1.0
3685.0,delete,74.84200020748243,1184.0,4.0,74.77927732999011,6.0,0.0,1.0,0.0,0.0
3686.0,swap,74.74752871717575,1184.0,4.0,74.77927732999011,6.0,1.0,1.0,0.0,0.0
3687.0,delete,74.79556993086626,1185.0,5.0,74.7953317769055,6.0,0.0,1.0,0.0,0.0
3688.0,add,74.7953317769055,1185.0,5.0,74.7953317769055,6.0,0.0,1.0,0.0,1.0
3689.0,delete,74.93368185933352,1185.0,5.0,74.7953317769055,5.0,0.0,1.0,0.0,0.0
3690.0,swap,74.65043705791247,1185.0,5.0,74.7953317769055,5.0,0.0,1.0,0.0,1.0
3691.0,add,74.77581171959812,1186.0,3.0,74.7294677808044,7.0,0.0,1.0,0.0,1.0
3692.0,add,74.77708591966802,1187.0,4.0,74.77581171959812,7.0,0.0,1.0,0.0,1.0
3693.0,add,74.77581171959812,1187.0,4.0,74.77581171959812,7.0,0.0,1.0,0.0,2.0
3694.0,delete,74.7601949730521,1187.0,4.0,74.77581171959812,6.0,0.0,1.0,0.0,1.0
3695.0,swap,74.69738883758055,1187.0,4.0,74.77581171959812,6.0,0.0,1.0,0.0,2.0
3696.0,change,74.7440516043431,1188.0,2.0,74.7338081075717,7.0,0.0,1.0,0.0,0.0
3697.0,change,74.75401692888416,1189.0,3.0,74.7440516043431,7.0,0.0,1.0,0.0,0.0
3698.0,add,74.78658077286057,1189.0,3.0,74.7440516043431,7.0,0.0,1.0,0.0,1.0
3699.0,delete,74.57922355224049,1189.0,3.0,74.7440516043431,7.0,0.0,0.0,0.0,0.0
3700.0,swap,74.62228471700088,1189.0,3.0,74.7440516043431,7.0,0.0,0.0,0.0,1.0
3701.0,change,74.74317165007331,1190.0,4.0,74.75401692888416,7.0,0.0,1.0,0.0,0.0
3702.0,add,74.75401692888416,1190.0,4.0,74.75401692888416,7.0,0.0,1.0,0.0,1.0
3703.0,delete,74.75774575886092,1190.0,4.0,74.75401692888416,6.0,0.0,1.0,0.0,0.0
3704.0,swap,74.59513322385907,1190.0,4.0,74.75401692888416,6.0,0.0,2.0,0.0,0.0
3705.0,add,74.79596386786419,1191.0,4.0,74.79301692378851,6.0,1.0,1.0,0.0,1.0
3706.0,add,74.91295183455509,1191.0,4.0,74.79301692378851,6.0,1.0,1.0,0.0,2.0
3707.0,delete,74.82025863026958,1191.0,4.0,74.79301692378851,5.0,1.0,1.0,0.0,1.0
3708.0,swap,74.71577834846653,1191.0,4.0,74.79301692378851,6.0,1.0,1.0,1.0,0.0
3709.0,swap,74.78198926440463,1192.0,4.0,74.84967617777062,4.0,1.0,2.0,0.0,0.0
3710.0,delete,74.83037322558744,1193.0,5.0,74.82025863026955,5.0,1.0,1.0,0.0,0.0
3711.0,add,74.8390989736008,1193.0,5.0,74.82025863026955,5.0,1.0,2.0,0.0,0.0
3712.0,delete,74.78105662953864,1193.0,5.0,74.82025863026955,4.0,1.0,1.0,0.0,0.0
3713.0,swap,74.84273338790327,1193.0,5.0,74.82025863026955,5.0,1.0,1.0,0.0,0.0
3714.0,add,74.91304006581349,1194.0,5.0,74.91295183455509,6.0,1.0,1.0,0.0,2.0
3715.0,add,74.5634216737305,1194.0,5.0,74.91295183455509,6.0,1.0,1.0,0.0,3.0
3716.0,delete,74.89007220289923,1194.0,5.0,74.91295183455509,5.0,1.0,1.0,0.0,2.0
3717.0,swap,74.79613526012139,1194.0,5.0,74.91295183455509,5.0,1.0,1.0,1.0,2.0
3718.0,delete,74.8366301282509,1195.0,5.0,74.83663012825095,4.0,2.0,1.0,0.0,0.0
3719.0,add,74.92945290499053,1195.0,5.0,74.83663012825095,4.0,2.0,2.0,0.0,0.0
3720.0,delete,74.741978870084,1195.0,5.0,74.83663012825095,3.0,2.0,1.0,0.0,0.0
3721.0,swap,74.84649959962901,1195.0,5.0,74.83663012825095,3.0,2.0,1.0,0.0,1.0
3722.0,swap,74.75309167495848,1196.0,5.0,74.7480414072747,5.0,0.0,2.0,0.0,0.0
3723.0,add,74.7480414072747,1196.0,5.0,74.7480414072747,5.0,0.0,2.0,1.0,0.0
3724.0,delete,74.28326026884561,1196.0,5.0,74.7480414072747,5.0,0.0,1.0,0.0,0.0
3725.0,swap,74.59012391091763,1196.0,5.0,74.7480414072747,4.0,0.0,2.0,1.0,0.0
3726.0,swap,74.71440023135472,1197.0,5.0,74.71451221854915,6.0,0.0,1.0,2.0,0.0
3727.0,add,74.71451221854915,1197.0,5.0,74.71451221854915,6.0,0.0,1.0,2.0,1.0
3728.0,delete,74.64344887887054,1197.0,5.0,74.71451221854915,6.0,0.0,1.0,1.0,0.0
3729.0,swap,74.60052515989794,1197.0,5.0,74.71451221854915,5.0,1.0,1.0,2.0,0.0
3730.0,change,74.84585501543582,1198.0,4.0,74.86617720407182,6.0,0.0,2.0,0.0,0.0
3731.0,add,74.947672681115,1199.0,6.0,74.94808436696268,6.0,1.0,3.0,0.0,0.0
3732.0,add,74.94808436696268,1199.0,6.0,74.94808436696268,6.0,1.0,3.0,1.0,0.0
3733.0,delete,75.01368332653202,1199.0,6.0,74.94808436696268,5.0,1.0,3.0,0.0,0.0
3734.0,swap,75.11230887748934,1199.0,6.0,74.94808436696268,5.0,1.0,3.0,0.0,1.0
3735.0,add,74.65644132313577,1200.0,5.0,74.64955038684195,6.0,0.0,2.0,0.0,1.0
3736.0,add,74.69807171090076,1200.0,5.0,74.64955038684195,6.0,0.0,2.0,0.0,2.0
3737.0,delete,74.48360449736172,1200.0,5.0,74.64955038684195,5.0,0.0,2.0,0.0,1.0
3738.0,swap,74.87318068655894,1200.0,5.0,74.64955038684195,5.0,0.0,3.0,0.0,1.0
3739.0,add,74.74085782251659,1201.0,5.0,74.73986605272289,7.0,0.0,2.0,1.0,0.0
3740.0,add,74.73986605272287,1201.0,5.0,74.73986605272289,7.0,0.0,2.0,2.0,0.0
3741.0,delete,74.69868318905851,1201.0,5.0,74.73986605272289,6.0,0.0,2.0,1.0,0.0
3742.0,swap,74.7133901751061,1201.0,5.0,74.73986605272289,7.0,0.0,1.0,1.0,1.0
3743.0,swap,74.79957507958525,1202.0,5.0,74.79957507958525,6.0,1.0,1.0,1.0,0.0
3744.0,add,74.71732737340419,1202.0,5.0,74.79957507958525,6.0,2.0,1.0,1.0,0.0
3745.0,delete,74.81943335181356,1202.0,5.0,74.79957507958525,5.0,1.0,1.0,1.0,0.0
3746.0,swap,74.80073369893319,1202.0,5.0,74.79957507958525,5.0,1.0,2.0,1.0,0.0
3747.0,swap,74.74253564113846,1203.0,5.0,74.74087800040039,6.0,0.0,1.0,1.0,0.0
3748.0,add,74.74087800040039,1203.0,5.0,74.74087800040039,6.0,0.0,1.0,1.0,1.0
3749.0,delete,74.6573172453124,1203.0,5.0,74.74087800040039,5.0,0.0,1.0,1.0,0.0
3750.0,swap,74.6543751747129,1203.0,5.0,74.74087800040039,5.0,0.0,1.0,2.0,0.0
3751.0,swap,74.79631633194528,1204.0,5.0,74.81970201989688,5.0,0.0,2.0,1.0,0.0
3752.0,add,74.81970201989688,1204.0,5.0,74.81970201989688,5.0,1.0,2.0,1.0,0.0
3753.0,delete,74.83172013573575,1204.0,5.0,74.81970201989688,5.0,0.0,1.0,1.0,0.0
3754.0,swap,74.874654757518,1204.0,5.0,74.81970201989688,4.0,0.0,3.0,1.0,0.0
3755.0,delete,74.71967678349097,1205.0,3.0,74.70299039356387,6.0,0.0,1.0,1.0,0.0
3756.0,delete,74.72119248858344,1206.0,4.0,74.71967678349097,6.0,0.0,1.0,1.0,0.0
3757.0,add,74.26158848086688,1206.0,4.0,74.71967678349097,6.0,0.0,1.0,1.0,1.0
3758.0,delete,74.78919938660479,1206.0,4.0,74.71967678349097,5.0,0.0,1.0,1.0,0.0
3759.0,swap,74.6145791606532,1206.0,4.0,74.71967678349097,6.0,1.0,0.0,1.0,0.0
3760.0,add,74.7855432008395,1207.0,4.0,74.78658077286057,7.0,0.0,1.0,0.0,1.0
3761.0,add,74.75580878192446,1207.0,4.0,74.78658077286057,7.0,0.0,2.0,0.0,1.0
3762.0,delete,74.76350401937904,1207.0,4.0,74.78658077286057,6.0,0.0,1.0,0.0,1.0
3763.0,swap,74.8667022674231,1207.0,4.0,74.78658077286057,6.0,0.0,2.0,0.0,1.0
3764.0,add,74.62228471700088,1208.0,4.0,74.62228471700088,7.0,0.0,0.0,0.0,2.0
3765.0,delete,74.57922355224049,1208.0,4.0,74.62228471700088,7.0,0.0,0.0,0.0,0.0
3766.0,swap,74.73179064721452,1208.0,4.0,74.62228471700088,6.0,0.0,0.0,0.0,2.0
3767.0,add,74.74515182923184,1209.0,5.0,74.72497276912547,6.0,1.0,1.0,0.0,1.0
3768.0,add,74.72497276912547,1209.0,5.0,74.72497276912547,6.0,1.0,1.0,0.0,2.0
3769.0,delete,74.71183935191462,1209.0,5.0,74.72497276912547,5.0,1.0,1.0,0.0,1.0
3770.0,swap,74.63581696940359,1209.0,5.0,74.72497276912547,6.0,1.0,0.0,1.0,1.0
3771.0,swap,74.7623828168571,1210.0,5.0,74.76492733091037,5.0,0.0,2.0,0.0,1.0
3772.0,add,74.76492733091037,1210.0,5.0,74.76492733091037,5.0,0.0,2.0,0.0,2.0
3773.0,delete,74.7380601132813,1210.0,5.0,74.76492733091037,4.0,0.0,2.0,0.0,1.0
3774.0,swap,74.72765980719791,1210.0,5.0,74.76492733091037,4.0,0.0,2.0,1.0,1.0
3775.0,delete,74.90127512735049,1211.0,5.0,74.89539159298985,5.0,0.0,1.0,0.0,1.0
3776.0,add,74.89983559270043,1211.0,5.0,74.89539159298985,5.0,0.0,1.0,1.0,1.0
3777.0,delete,74.85854412893623,1211.0,5.0,74.89539159298985,4.0,0.0,1.0,0.0,1.0
3778.0,swap,74.8649741194498,1211.0,5.0,74.89539159298985,5.0,0.0,0.0,0.0,2.0
3779.0,add,74.69400899173704,1212.0,5.0,74.6712872369727,5.0,0.0,2.0,0.0,1.0
3780.0,add,74.6712872369727,1212.0,5.0,74.6712872369727,5.0,0.0,2.0,0.0,2.0
3781.0,delete,74.70177197258404,1212.0,5.0,74.6712872369727,5.0,0.0,1.0,0.0,1.0
3782.0,swap,74.37883012949933,1212.0,5.0,74.6712872369727,4.0,0.0,3.0,0.0,1.0
3783.0,swap,74.82321001903533,1213.0,5.0,74.8242781821058,5.0,1.0,1.0,0.0,0.0
3784.0,add,74.68900927441575,1213.0,5.0,74.8242781821058,5.0,2.0,1.0,0.0,0.0
3785.0,delete,74.8076368255622,1213.0,5.0,74.8242781821058,4.0,1.0,1.0,0.0,0.0
3786.0,swap,74.91035727794734,1213.0,5.0,74.8242781821058,4.0,2.0,1.0,0.0,0.0
3787.0,add,74.74172161353326,1214.0,4.0,74.71590721173912,6.0,0.0,1.0,1.0,0.0
3788.0,add,74.13449080519425,1214.0,4.0,74.71590721173912,6.0,0.0,1.0,1.0,1.0
3789.0,delete,74.80778996790411,1214.0,4.0,74.71590721173912,5.0,0.0,1.0,1.0,0.0
3790.0,swap,74.84147502656253,1214.0,4.0,74.71590721173912,6.0,0.0,1.0,1.0,0.0
3791.0,add,74.77960532120753,1215.0,5.0,74.77005580918109,7.0,1.0,1.0,0.0,0.0
3792.0,add,74.77005580918109,1215.0,5.0,74.77005580918109,7.0,1.0,1.0,0.0,1.0
3793.0,delete,74.81248426262367,1215.0,5.0,74.77005580918109,6.0,1.0,1.0,0.0,0.0
3794.0,swap,74.73653028657684,1215.0,5.0,74.77005580918109,6.0,1.0,1.0,1.0,0.0
3795.0,change,74.73992147236675,1216.0,3.0,74.77395823066925,7.0,0.0,1.0,0.0,1.0
3796.0,swap,74.7198248967931,1217.0,5.0,74.71936850308555,6.0,0.0,1.0,0.0,2.0
3797.0,add,74.71936850308555,1217.0,5.0,74.71936850308555,6.0,0.0,1.0,0.0,3.0
3798.0,delete,74.5355006458079,1217.0,5.0,74.71936850308555,6.0,0.0,0.0,0.0,2.0
3799.0,swap,74.64489248255285,1217.0,5.0,74.71936850308555,5.0,1.0,1.0,0.0,2.0
3800.0,add,74.60740360632813,1218.0,4.0,74.57922355224049,7.0,0.0,0.0,1.0,0.0
3801.0,delete,74.65642499256553,1218.0,4.0,74.57922355224049,6.0,0.0,0.0,0.0,0.0
3802.0,swap,74.7305822991956,1218.0,4.0,74.57922355224049,6.0,0.0,0.0,1.0,0.0
3803.0,add,74.67691179517197,1219.0,4.0,74.67691179517197,6.0,0.0,0.0,0.0,1.0
3804.0,delete,74.61930061092986,1219.0,4.0,74.67691179517197,5.0,0.0,0.0,0.0,0.0
3805.0,swap,74.59278606026622,1219.0,4.0,74.67691179517197,5.0,0.0,1.0,0.0,0.0
3806.0,change,74.7601340931757,1220.0,5.0,74.76013409317571,6.0,0.0,1.0,1.0,0.0
3807.0,add,74.76013409317571,1220.0,5.0,74.76013409317571,6.0,0.0,1.0,1.0,1.0
3808.0,delete,74.5584526075589,1220.0,5.0,74.76013409317571,5.0,0.0,1.0,1.0,0.0
3809.0,swap,74.64988593888133,1220.0,5.0,74.76013409317571,5.0,1.0,1.0,1.0,0.0
3810.0,add,74.7416747963948,1221.0,2.0,74.67126089631752,7.0,0.0,2.0,0.0,0.0
3811.0,add,74.74889305433835,1222.0,3.0,74.7416747963948,7.0,0.0,2.0,0.0,0.0
3812.0,add,74.7416747963948,1222.0,3.0,74.7416747963948,7.0,0.0,2.0,0.0,1.0
3813.0,delete,74.7476732796627,1222.0,3.0,74.7416747963948,6.0,0.0,2.0,0.0,0.0
3814.0,swap,74.7476732796627,1222.0,3.0,74.7416747963948,6.0,0.0,2.0,1.0,0.0
3815.0,swap,74.74455731244963,1223.0,4.0,74.7476732796627,6.0,0.0,2.0,1.0,0.0
3816.0,add,74.63015179013895,1223.0,4.0,74.7476732796627,6.0,1.0,2.0,1.0,0.0
3817.0,delete,74.75045113207712,1223.0,4.0,74.7476732796627,5.0,0.0,2.0,1.0,0.0
3818.0,swap,73.84797696075624,1223.0,4.0,74.7476732796627,5.0,1.0,2.0,1.0,0.0
3819.0,swap,74.63238699811308,1224.0,4.0,74.64057820642812,5.0,0.0,1.0,1.0,0.0
3820.0,add,74.5357749302631,1224.0,4.0,74.64057820642812,5.0,0.0,2.0,1.0,0.0
3821.0,delete,74.64057820642812,1224.0,4.0,74.64057820642812,5.0,0.0,1.0,0.0,0.0
3822.0,swap,74.36990483588275,1224.0,4.0,74.64057820642812,4.0,0.0,2.0,1.0,0.0
3823.0,swap,74.7109263436591,1225.0,5.0,74.70946522047281,5.0,2.0,1.0,1.0,0.0
3824.0,add,74.70946522047281,1225.0,5.0,74.70946522047281,5.0,2.0,1.0,1.0,1.0
3825.0,delete,74.82101231273693,1225.0,5.0,74.70946522047281,5.0,1.0,1.0,1.0,0.0
3826.0,swap,74.78996188974736,1225.0,5.0,74.70946522047281,4.0,2.0,1.0,2.0,0.0
3827.0,swap,74.73939054334093,1226.0,5.0,74.73683707808486,6.0,0.0,1.0,0.0,1.0
3828.0,add,74.59329283830002,1226.0,5.0,74.73683707808486,6.0,0.0,2.0,0.0,1.0
3829.0,delete,74.8369657848993,1226.0,5.0,74.73683707808486,5.0,0.0,1.0,0.0,1.0
3830.0,swap,74.69664592978832,1226.0,5.0,74.73683707808486,6.0,0.0,0.0,0.0,2.0
3831.0,delete,74.78685107397109,1227.0,5.0,74.78936717361987,7.0,0.0,2.0,0.0,0.0
3832.0,add,74.80031054356719,1227.0,5.0,74.78936717361987,7.0,0.0,2.0,1.0,0.0
3833.0,delete,74.76526913503052,1227.0,5.0,74.78936717361987,7.0,0.0,1.0,0.0,0.0
3834.0,swap,74.69113671959637,1227.0,5.0,74.78936717361987,6.0,0.0,2.0,0.0,1.0
3835.0,add,74.76526913503052,1228.0,3.0,74.72146842120902,7.0,0.0,1.0,0.0,2.0
3836.0,add,74.77948858942423,1229.0,4.0,74.76526913503052,7.0,0.0,1.0,0.0,2.0
3837.0,add,74.76526913503051,1229.0,4.0,74.76526913503052,7.0,1.0,1.0,0.0,2.0
3838.0,delete,74.76006215603661,1229.0,4.0,74.76526913503052,6.0,0.0,1.0,0.0,2.0
3839.0,swap,74.72648504813235,1229.0,4.0,74.76526913503052,7.0,0.0,2.0,0.0,1.0
3840.0,delete,74.7196023106236,1230.0,5.0,74.72010573033877,5.0,0.0,2.0,0.0,0.0
3841.0,add,74.75103091627258,1230.0,5.0,74.72010573033877,5.0,0.0,2.0,0.0,1.0
3842.0,delete,74.62567467551773,1230.0,5.0,74.72010573033877,4.0,0.0,2.0,0.0,0.0
3843.0,swap,74.660475550545,1230.0,5.0,74.72010573033877,4.0,0.0,3.0,0.0,0.0
3844.0,add,74.62234247519793,1231.0,2.0,74.59316297367101,7.0,0.0,0.0,1.0,1.0
3845.0,add,74.7440516043431,1232.0,3.0,74.79162780848533,7.0,0.0,1.0,0.0,1.0
3846.0,add,74.76612448639548,1233.0,4.0,74.7440516043431,7.0,0.0,1.0,0.0,1.0
3847.0,add,74.7440516043431,1233.0,4.0,74.7440516043431,7.0,0.0,1.0,0.0,2.0
3848.0,delete,74.72121325470667,1233.0,4.0,74.7440516043431,6.0,0.0,1.0,0.0,1.0
3849.0,swap,74.7478501884236,1233.0,4.0,74.7440516043431,6.0,0.0,2.0,0.0,1.0
3850.0,delete,74.82189309966229,1234.0,4.0,74.97527230633082,4.0,0.0,2.0,1.0,0.0
3851.0,delete,74.98882582797265,1235.0,6.0,74.99086683003918,4.0,0.0,2.0,0.0,0.0
3852.0,add,74.9954296999149,1235.0,6.0,74.99086683003918,4.0,0.0,2.0,0.0,1.0
3853.0,delete,74.84265515226515,1235.0,6.0,74.99086683003918,4.0,0.0,1.0,0.0,0.0
3854.0,swap,74.84168369161138,1235.0,6.0,74.99086683003918,3.0,1.0,2.0,0.0,0.0
3855.0,change,74.93359739920719,1236.0,4.0,74.89394828380458,5.0,0.0,2.0,1.0,0.0
3856.0,change,74.91412042513988,1237.0,5.0,74.93359739920719,5.0,0.0,2.0,1.0,0.0
3857.0,add,74.93359739920717,1237.0,5.0,74.93359739920719,5.0,0.0,2.0,2.0,0.0
3858.0,delete,74.83031029780605,1237.0,5.0,74.93359739920719,4.0,0.0,2.0,1.0,0.0
3859.0,swap,74.7007287306654,1237.0,5.0,74.93359739920719,5.0,0.0,2.0,0.0,1.0
3860.0,swap,74.72371666641759,1238.0,3.0,74.78856727188943,5.0,0.0,1.0,2.0,0.0
3861.0,swap,74.72371666641759,1239.0,4.0,74.72371666641759,5.0,0.0,1.0,2.0,0.0
3862.0,add,74.71619467949951,1239.0,4.0,74.72371666641759,5.0,0.0,1.0,3.0,0.0
3863.0,delete,74.60262264830924,1239.0,4.0,74.72371666641759,4.0,0.0,1.0,2.0,0.0
3864.0,swap,74.71582495960912,1239.0,4.0,74.72371666641759,5.0,0.0,1.0,1.0,1.0
3865.0,change,74.80581031550038,1240.0,3.0,74.77358738035002,6.0,0.0,1.0,1.0,0.0
3866.0,delete,74.91430951984472,1241.0,5.0,74.91159735563295,5.0,0.0,1.0,1.0,0.0
3867.0,add,74.91159735563295,1241.0,5.0,74.91159735563295,5.0,0.0,1.0,1.0,1.0
3868.0,delete,74.82085632889984,1241.0,5.0,74.91159735563295,4.0,0.0,1.0,1.0,0.0
3869.0,swap,74.82028199461375,1241.0,5.0,74.91159735563295,4.0,1.0,1.0,1.0,0.0
3870.0,add,74.91159735563295,1242.0,5.0,74.91159735563296,5.0,0.0,1.0,1.0,1.0
3871.0,add,74.7201148493479,1242.0,5.0,74.91159735563296,5.0,0.0,1.0,1.0,2.0
3872.0,delete,74.91159735563294,1242.0,5.0,74.91159735563296,5.0,0.0,1.0,0.0,1.0
3873.0,swap,74.77973910703818,1242.0,5.0,74.91159735563296,4.0,0.0,1.0,2.0,1.0
3874.0,delete,74.66854145788945,1243.0,3.0,74.77512043954165,5.0,0.0,1.0,1.0,0.0
3875.0,change,74.80581414782435,1244.0,4.0,74.80581031550038,6.0,0.0,1.0,1.0,0.0
3876.0,add,74.79738241499898,1244.0,4.0,74.80581031550038,6.0,0.0,1.0,1.0,1.0
3877.0,delete,74.64761330691297,1244.0,4.0,74.80581031550038,6.0,0.0,0.0,1.0,0.0
3878.0,swap,74.79603772887243,1244.0,4.0,74.80581031550038,6.0,1.0,1.0,0.0,0.0
3879.0,delete,74.66741270297811,1245.0,4.0,74.66854145788945,5.0,0.0,1.0,1.0,0.0
3880.0,add,74.63613053979931,1245.0,4.0,74.66854145788945,5.0,0.0,1.0,1.0,1.0
3881.0,delete,74.8396179514638,1245.0,4.0,74.66854145788945,4.0,0.0,1.0,1.0,0.0
3882.0,swap,74.5757352926133,1245.0,4.0,74.66854145788945,5.0,1.0,0.0,1.0,0.0
3883.0,change,74.764341715093,1246.0,5.0,74.73861332807563,6.0,0.0,1.0,0.0,1.0
3884.0,add,74.7451725929668,1246.0,5.0,74.73861332807563,6.0,0.0,1.0,1.0,1.0
3885.0,delete,74.84490683988602,1246.0,5.0,74.73861332807563,5.0,0.0,1.0,0.0,1.0
3886.0,swap,74.75714318632909,1246.0,5.0,74.73861332807563,6.0,0.0,0.0,0.0,2.0
3887.0,swap,74.83472287956512,1247.0,5.0,74.8347228795651,5.0,1.0,1.0,1.0,0.0
3888.0,add,74.8347228795651,1247.0,5.0,74.8347228795651,5.0,1.0,1.0,1.0,1.0
3889.0,delete,74.7215605658173,1247.0,5.0,74.8347228795651,4.0,1.0,1.0,1.0,0.0
3890.0,swap,74.80310852040213,1247.0,5.0,74.8347228795651,5.0,2.0,1.0,0.0,0.0
3891.0,delete,74.77289126546907,1248.0,5.0,74.82025863026958,5.0,1.0,1.0,0.0,1.0
3892.0,add,74.78580473326724,1248.0,5.0,74.82025863026958,5.0,1.0,2.0,0.0,1.0
3893.0,delete,74.78198489670723,1248.0,5.0,74.82025863026958,4.0,1.0,1.0,0.0,1.0
3894.0,swap,74.75243749106886,1248.0,5.0,74.82025863026958,4.0,1.0,1.0,1.0,1.0
3895.0,delete,74.70093595768525,1249.0,5.0,74.69780409846723,5.0,0.0,1.0,0.0,1.0
3896.0,add,74.68284861398521,1249.0,5.0,74.69780409846723,5.0,0.0,1.0,1.0,1.0
3897.0,delete,74.90527942363946,1249.0,5.0,74.69780409846723,4.0,0.0,1.0,0.0,1.0
3898.0,swap,74.56075220108323,1249.0,5.0,74.69780409846723,4.0,1.0,1.0,0.0,1.0
3899.0,add,74.75403877447721,1250.0,5.0,74.77912403960097,5.0,0.0,2.0,0.0,2.0
3900.0,add,74.78047158962461,1250.0,5.0,74.77912403960097,5.0,0.0,2.0,1.0,2.0
3901.0,delete,74.59046356134324,1250.0,5.0,74.77912403960097,5.0,0.0,1.0,0.0,2.0
3902.0,swap,74.70595285807207,1250.0,5.0,74.77912403960097,5.0,1.0,1.0,0.0,2.0
3903.0,change,74.8957790124943,1251.0,4.0,74.86482964106395,5.0,2.0,1.0,0.0,0.0
3904.0,swap,74.66439647265747,1252.0,4.0,74.83955278161845,4.0,2.0,2.0,0.0,0.0
3905.0,delete,74.76843171955488,1253.0,5.0,74.77466593796832,4.0,2.0,1.0,0.0,0.0
3906.0,add,74.7492808871385,1253.0,5.0,74.77466593796832,4.0,2.0,2.0,0.0,0.0
3907.0,delete,74.65299092420797,1253.0,5.0,74.77466593796832,4.0,1.0,1.0,0.0,0.0
3908.0,swap,74.39680542227312,1253.0,5.0,74.77466593796832,4.0,1.0,2.0,0.0,0.0
3909.0,add,74.92755881115103,1254.0,4.0,74.86190411766326,5.0,0.0,2.0,1.0,1.0
3910.0,swap,74.71582495960911,1255.0,5.0,74.71582495960912,5.0,0.0,1.0,1.0,1.0
3911.0,add,74.63319313173422,1255.0,5.0,74.71582495960912,5.0,0.0,1.0,1.0,2.0
3912.0,delete,74.71582495960912,1255.0,5.0,74.71582495960912,5.0,0.0,1.0,1.0,0.0
3913.0,swap,74.69094671174649,1255.0,5.0,74.71582495960912,5.0,0.0,2.0,1.0,0.0
3914.0,add,74.73567778644666,1256.0,5.0,74.73546951076753,6.0,1.0,1.0,0.0,2.0
3915.0,add,74.60417102844997,1256.0,5.0,74.73546951076753,6.0,2.0,1.0,0.0,2.0
3916.0,delete,74.77019078666126,1256.0,5.0,74.73546951076753,5.0,1.0,1.0,0.0,2.0
3917.0,swap,74.74864258804405,1256.0,5.0,74.73546951076753,5.0,1.0,1.0,0.0,3.0
3918.0,change,74.74687371108533,1257.0,3.0,74.72081689811232,7.0,0.0,1.0,0.0,0.0
3919.0,change,74.70504996316704,1258.0,4.0,74.74687371108533,7.0,0.0,1.0,0.0,0.0
3920.0,add,74.74687371108533,1258.0,4.0,74.74687371108533,7.0,0.0,1.0,0.0,1.0
3921.0,delete,74.71764328170306,1258.0,4.0,74.74687371108533,6.0,0.0,1.0,0.0,0.0
3922.0,swap,74.77204914973237,1258.0,4.0,74.74687371108533,6.0,1.0,1.0,0.0,0.0
3923.0,delete,74.86019783156517,1259.0,5.0,74.86625508264136,5.0,0.0,1.0,0.0,1.0
3924.0,add,74.86394279171206,1259.0,5.0,74.86625508264136,5.0,0.0,1.0,1.0,1.0
3925.0,delete,74.87637693764104,1259.0,5.0,74.86625508264136,4.0,0.0,1.0,0.0,1.0
3926.0,swap,74.84810201787792,1259.0,5.0,74.86625508264136,4.0,0.0,1.0,0.0,2.0
3927.0,change,74.66493915442,1260.0,5.0,74.66976720960098,6.0,0.0,1.0,0.0,1.0
3928.0,add,74.66883418156128,1260.0,5.0,74.66976720960098,6.0,0.0,1.0,1.0,1.0
3929.0,delete,74.6734353305862,1260.0,5.0,74.66976720960098,5.0,0.0,1.0,0.0,1.0
3930.0,swap,74.66751674555616,1260.0,5.0,74.66976720960098,6.0,0.0,1.0,1.0,0.0
3931.0,change,74.80590444060633,1261.0,5.0,74.80581414782435,6.0,0.0,1.0,1.0,0.0
3932.0,add,74.77562928670893,1261.0,5.0,74.80581414782435,6.0,1.0,1.0,1.0,0.0
3933.0,delete,74.79603772887243,1261.0,5.0,74.80581414782435,6.0,0.0,1.0,0.0,0.0
3934.0,swap,74.63464693807703,1261.0,5.0,74.80581414782435,5.0,0.0,1.0,2.0,0.0
3935.0,add,74.77691931297859,1262.0,5.0,74.77005580918107,7.0,1.0,1.0,0.0,1.0
3936.0,add,74.77005580918107,1262.0,5.0,74.77005580918107,7.0,1.0,1.0,0.0,2.0
3937.0,delete,74.77005580918107,1262.0,5.0,74.77005580918107,7.0,1.0,1.0,0.0,0.0
3938.0,swap,74.78993205084245,1262.0,5.0,74.77005580918107,7.0,1.0,1.0,0.0,1.0
3939.0,swap,74.77074377396454,1263.0,3.0,74.76468723858082,6.0,1.0,2.0,0.0,0.0
3940.0,add,74.70346089320687,1264.0,5.0,74.69630078769073,6.0,1.0,1.0,1.0,0.0
3941.0,add,74.69630078769073,1264.0,5.0,74.69630078769073,6.0,1.0,1.0,1.0,1.0
3942.0,delete,74.68758696656474,1264.0,5.0,74.69630078769073,5.0,1.0,1.0,1.0,0.0
3943.0,swap,74.70521808023994,1264.0,5.0,74.69630078769073,5.0,1.0,2.0,1.0,0.0
3944.0,add,74.37694546951202,1265.0,4.0,74.45611798844531,6.0,0.0,2.0,0.0,1.0
3945.0,add,74.4564338031449,1265.0,4.0,74.45611798844531,6.0,0.0,2.0,0.0,2.0
3946.0,delete,74.45611798844531,1265.0,4.0,74.45611798844531,6.0,0.0,2.0,0.0,0.0
3947.0,swap,74.6324481293968,1265.0,4.0,74.45611798844531,5.0,0.0,3.0,0.0,1.0
3948.0,swap,74.65369329619647,1266.0,3.0,74.63889590836419,6.0,0.0,1.0,0.0,1.0
3949.0,add,74.7307831701958,1267.0,5.0,74.72497276912549,6.0,0.0,1.0,0.0,2.0
3950.0,add,74.72497276912549,1267.0,5.0,74.72497276912549,6.0,0.0,1.0,0.0,3.0
3951.0,delete,74.6923603330537,1267.0,5.0,74.72497276912549,5.0,0.0,1.0,0.0,2.0
3952.0,swap,74.82025863026955,1267.0,5.0,74.72497276912549,5.0,0.0,1.0,0.0,3.0
3953.0,swap,74.86063520034418,1268.0,5.0,74.8667022674231,6.0,0.0,2.0,0.0,1.0
3954.0,add,74.87107844660001,1268.0,5.0,74.8667022674231,6.0,0.0,3.0,0.0,1.0
3955.0,delete,74.85352190924122,1268.0,5.0,74.8667022674231,5.0,0.0,2.0,0.0,1.0
3956.0,swap,74.85772299540979,1268.0,5.0,74.8667022674231,5.0,0.0,2.0,0.0,2.0
3957.0,delete,74.72121325470667,1269.0,3.0,74.64340861258243,6.0,0.0,1.0,0.0,0.0
3958.0,add,74.7440516043431,1270.0,3.0,74.79459919515955,7.0,0.0,1.0,0.0,1.0
3959.0,add,74.71869737603357,1271.0,4.0,74.7440516043431,7.0,0.0,1.0,0.0,1.0
3960.0,add,74.74885884501654,1271.0,4.0,74.7440516043431,7.0,0.0,2.0,0.0,1.0
3961.0,delete,74.57922355224049,1271.0,4.0,74.7440516043431,7.0,0.0,0.0,0.0,1.0
3962.0,swap,74.24735790174894,1271.0,4.0,74.7440516043431,6.0,0.0,2.0,0.0,1.0
3963.0,add,74.6326524715544,1272.0,4.0,74.56644395788881,7.0,0.0,1.0,0.0,3.0
3964.0,delete,74.63416553902063,1272.0,4.0,74.56644395788881,7.0,0.0,0.0,0.0,2.0
3965.0,swap,74.39599180438692,1272.0,4.0,74.56644395788881,6.0,0.0,1.0,0.0,3.0
3966.0,add,74.80213018789695,1273.0,5.0,74.80653189457298,7.0,0.0,2.0,0.0,1.0
3967.0,add,74.75677015866437,1273.0,5.0,74.80653189457298,7.0,0.0,2.0,1.0,1.0
3968.0,delete,74.789484258029,1273.0,5.0,74.80653189457298,7.0,0.0,2.0,0.0,0.0
3969.0,swap,74.74029214348315,1273.0,5.0,74.80653189457298,7.0,0.0,2.0,1.0,0.0
3970.0,swap,74.71937523481878,1274.0,5.0,74.71937523481878,6.0,0.0,2.0,1.0,0.0
3971.0,add,74.71937523481878,1274.0,5.0,74.71937523481878,6.0,0.0,2.0,1.0,1.0
3972.0,delete,74.85100980899846,1274.0,5.0,74.71937523481878,5.0,0.0,2.0,1.0,0.0
3973.0,swap,74.72527485641653,1274.0,5.0,74.71937523481878,6.0,1.0,2.0,0.0,0.0
3974.0,change,74.76678386508665,1275.0,5.0,74.76878423119706,7.0,0.0,1.0,0.0,1.0
3975.0,add,74.76878423119706,1275.0,5.0,74.76878423119706,7.0,0.0,1.0,0.0,2.0
3976.0,delete,74.80899598398497,1275.0,5.0,74.76878423119706,6.0,0.0,1.0,0.0,1.0
3977.0,swap,74.80085056032515,1275.0,5.0,74.76878423119706,6.0,0.0,1.0,1.0,1.0
3978.0,swap,74.61723869104858,1276.0,4.0,74.61086879386983,6.0,0.0,1.0,0.0,2.0
3979.0,add,74.61086879386983,1276.0,4.0,74.61086879386983,6.0,1.0,1.0,0.0,2.0
3980.0,delete,74.65500534621474,1276.0,4.0,74.61086879386983,5.0,0.0,1.0,0.0,2.0
3981.0,swap,74.39371803902016,1276.0,4.0,74.61086879386983,6.0,1.0,0.0,0.0,2.0
3982.0,delete,74.46841073917916,1277.0,3.0,74.46841073917913,6.0,0.0,0.0,1.0,0.0
3983.0,add,74.46841073917913,1277.0,3.0,74.46841073917913,6.0,0.0,0.0,1.0,1.0
3984.0,delete,74.6046618865161,1277.0,3.0,74.46841073917913,5.0,0.0,0.0,1.0,0.0
3985.0,swap,74.74566552994092,1277.0,3.0,74.46841073917913,5.0,0.0,1.0,1.0,0.0
3986.0,swap,74.62234247519794,1278.0,4.0,74.62234247519794,7.0,0.0,0.0,1.0,0.0
3987.0,add,74.62153232747579,1278.0,4.0,74.62234247519794,7.0,0.0,0.0,2.0,0.0
3988.0,delete,74.44448781867584,1278.0,4.0,74.62234247519794,6.0,0.0,0.0,1.0,0.0
3989.0,swap,74.68824992487822,1278.0,4.0,74.62234247519794,6.0,0.0,0.0,2.0,0.0
3990.0,change,74.7953137212214,1279.0,4.0,74.7964930522626,6.0,0.0,1.0,0.0,0.0
3991.0,add,74.78844162789855,1279.0,4.0,74.7964930522626,6.0,0.0,1.0,0.0,1.0
3992.0,delete,74.65642499256553,1279.0,4.0,74.7964930522626,6.0,0.0,0.0,0.0,0.0
3993.0,swap,74.66081870821046,1279.0,4.0,74.7964930522626,5.0,0.0,1.0,1.0,0.0
3994.0,add,74.76526913503052,1280.0,3.0,74.77591633546758,7.0,0.0,1.0,0.0,2.0
3995.0,add,74.75353338127769,1281.0,4.0,74.76526913503052,7.0,0.0,1.0,0.0,2.0
3996.0,add,74.76526913503052,1281.0,4.0,74.76526913503052,7.0,0.0,1.0,0.0,3.0
3997.0,delete,74.72497276912549,1281.0,4.0,74.76526913503052,6.0,0.0,1.0,0.0,2.0
3998.0,swap,74.68053051697028,1281.0,4.0,74.76526913503052,6.0,1.0,1.0,0.0,2.0
3999.0,delete,74.70665704271069,1282.0,4.0,74.72121325470667,6.0,0.0,1.0,0.0,0.0
4000.0,add,74.72121325470667,1282.0,4.0,74.72121325470667,6.0,0.0,1.0,0.0,1.0
4001.0,delete,74.74536300114936,1282.0,4.0,74.72121325470667,5.0,0.0,1.0,0.0,0.0
4002.0,swap,74.73905116556641,1282.0,4.0,74.72121325470667,5.0,0.0,2.0,0.0,0.0
4003.0,add,74.79603772887243,1283.0,5.0,74.79603772887245,6.0,1.0,1.0,0.0,1.0
4004.0,add,74.70677826130098,1283.0,5.0,74.79603772887245,6.0,1.0,2.0,0.0,1.0
4005.0,delete,74.89577901249426,1283.0,5.0,74.79603772887245,5.0,1.0,1.0,0.0,1.0
4006.0,swap,74.79603772887245,1283.0,5.0,74.79603772887245,6.0,2.0,1.0,0.0,0.0
4007.0,change,74.72974148723115,1284.0,4.0,74.74483023882928,6.0,0.0,1.0,0.0,0.0
4008.0,add,74.74483023882928,1284.0,4.0,74.74483023882928,6.0,0.0,1.0,0.0,1.0
4009.0,delete,74.69835434452995,1284.0,4.0,74.74483023882928,5.0,0.0,1.0,0.0,0.0
4010.0,swap,74.86063242104275,1284.0,4.0,74.74483023882928,5.0,0.0,1.0,1.0,0.0
4011.0,change,74.79532227192657,1285.0,5.0,74.7953137212214,6.0,0.0,1.0,0.0,0.0
4012.0,add,74.79024870770925,1285.0,5.0,74.7953137212214,6.0,0.0,1.0,0.0,1.0
4013.0,delete,74.65642499256553,1285.0,5.0,74.7953137212214,6.0,0.0,0.0,0.0,0.0
4014.0,swap,74.70096524959146,1285.0,5.0,74.7953137212214,5.0,0.0,1.0,0.0,1.0
4015.0,add,74.59124311750003,1286.0,4.0,74.59069114211572,6.0,0.0,2.0,0.0,0.0
4016.0,add,74.59060920421884,1286.0,4.0,74.59069114211572,6.0,1.0,2.0,0.0,0.0
4017.0,delete,74.72497276912549,1286.0,4.0,74.59069114211572,6.0,0.0,1.0,0.0,0.0
4018.0,swap,74.74862649497213,1286.0,4.0,74.59069114211572,5.0,1.0,2.0,0.0,0.0
4019.0,add,74.90008691083538,1287.0,4.0,74.8887790904149,6.0,0.0,2.0,1.0,0.0
4020.0,add,74.90077862650975,1288.0,5.0,74.90008691083538,6.0,0.0,2.0,1.0,0.0
4021.0,add,74.80115642987631,1288.0,5.0,74.90008691083538,6.0,0.0,3.0,1.0,0.0
4022.0,delete,74.6928168788583,1288.0,5.0,74.90008691083538,5.0,0.0,2.0,1.0,0.0
4023.0,swap,74.6928168788583,1288.0,5.0,74.90008691083538,5.0,0.0,2.0,1.0,1.0
4024.0,add,74.7657603420757,1289.0,5.0,74.76526913503051,7.0,1.0,1.0,0.0,2.0
4025.0,add,74.76526913503051,1289.0,5.0,74.76526913503051,7.0,1.0,1.0,0.0,3.0
4026.0,delete,74.7600621560366,1289.0,5.0,74.76526913503051,6.0,1.0,1.0,0.0,2.0
4027.0,swap,74.7600621560366,1289.0,5.0,74.76526913503051,6.0,1.0,1.0,1.0,2.0
4028.0,change,74.73680056711447,1290.0,4.0,74.73992147236675,7.0,0.0,1.0,0.0,1.0
4029.0,add,74.73980379060487,1290.0,4.0,74.73992147236675,7.0,0.0,2.0,0.0,1.0
4030.0,delete,74.57922355224049,1290.0,4.0,74.73992147236675,7.0,0.0,0.0,0.0,1.0
4031.0,swap,74.73926108400677,1290.0,4.0,74.73992147236675,6.0,0.0,1.0,1.0,1.0
4032.0,add,74.62153148769819,1291.0,2.0,74.58795908543894,7.0,0.0,0.0,0.0,2.0
4033.0,add,74.76006215603661,1292.0,5.0,74.7600621560366,6.0,1.0,1.0,1.0,1.0
4034.0,add,74.7600621560366,1292.0,5.0,74.7600621560366,6.0,1.0,1.0,1.0,2.0
4035.0,delete,74.69971530611302,1292.0,5.0,74.7600621560366,5.0,1.0,1.0,1.0,1.0
4036.0,swap,74.62861363892577,1292.0,5.0,74.7600621560366,6.0,1.0,0.0,1.0,2.0
4037.0,delete,74.78841718449092,1293.0,5.0,74.78936717361987,7.0,0.0,2.0,0.0,0.0
4038.0,add,74.78936717361987,1293.0,5.0,74.78936717361987,7.0,0.0,2.0,0.0,1.0
4039.0,delete,74.71672693301609,1293.0,5.0,74.78936717361987,6.0,0.0,2.0,0.0,0.0
4040.0,swap,74.89841970616554,1293.0,5.0,74.78936717361987,6.0,1.0,2.0,0.0,0.0
4041.0,swap,74.96682992736194,1294.0,6.0,74.96797105893314,5.0,1.0,2.0,0.0,1.0
4042.0,add,74.96797105893314,1294.0,6.0,74.96797105893314,5.0,1.0,2.0,0.0,2.0
4043.0,delete,74.94854749930329,1294.0,6.0,74.96797105893314,5.0,0.0,2.0,0.0,1.0
4044.0,swap,74.68683468190073,1294.0,6.0,74.96797105893314,5.0,1.0,1.0,0.0,2.0
4045.0,delete,74.78134838477347,1295.0,5.0,74.78399207217433,5.0,0.0,2.0,0.0,0.0
4046.0,add,74.70130262280433,1295.0,5.0,74.78399207217433,5.0,0.0,2.0,0.0,1.0
4047.0,delete,74.61256961407166,1295.0,5.0,74.78399207217433,4.0,0.0,2.0,0.0,0.0
4048.0,swap,74.62567467551771,1295.0,5.0,74.78399207217433,4.0,1.0,2.0,0.0,0.0
4049.0,change,74.76526913503051,1296.0,3.0,74.763875416774,7.0,1.0,1.0,0.0,0.0
4050.0,swap,74.77074377396457,1297.0,4.0,74.77074377396454,6.0,1.0,2.0,0.0,0.0
4051.0,add,74.7349108071952,1297.0,4.0,74.77074377396454,6.0,1.0,2.0,0.0,1.0
4052.0,delete,74.84487861580092,1297.0,4.0,74.77074377396454,5.0,1.0,2.0,0.0,0.0
4053.0,swap,74.35786809757452,1297.0,4.0,74.77074377396454,5.0,2.0,2.0,0.0,0.0
4054.0,swap,74.6765768622491,1298.0,4.0,74.65369329619647,6.0,0.0,1.0,0.0,1.0
4055.0,add,74.65369329619647,1298.0,4.0,74.65369329619647,6.0,0.0,1.0,0.0,2.0
4056.0,delete,74.53006165806511,1298.0,4.0,74.65369329619647,5.0,0.0,1.0,0.0,1.0
4057.0,swap,74.49408810060764,1298.0,4.0,74.65369329619647,6.0,1.0,0.0,0.0,1.0
4058.0,swap,74.72461819939758,1299.0,5.0,74.7292757843257,6.0,1.0,1.0,0.0,1.0
4059.0,add,74.74375672565802,1299.0,5.0,74.7292757843257,6.0,1.0,1.0,0.0,2.0
4060.0,delete,74.78621224268367,1299.0,5.0,74.7292757843257,5.0,1.0,1.0,0.0,1.0
4061.0,swap,74.68806414147991,1299.0,5.0,74.7292757843257,6.0,1.0,1.0,1.0,0.0
4062.0,delete,74.7930169237885,1300.0,5.0,74.79301692378851,6.0,1.0,1.0,0.0,0.0
4063.0,add,74.91295183455509,1300.0,5.0,74.79301692378851,6.0,1.0,1.0,0.0,1.0
4064.0,delete,74.82025863026958,1300.0,5.0,74.79301692378851,5.0,1.0,1.0,0.0,0.0
4065.0,swap,74.62459237105432,1300.0,5.0,74.79301692378851,5.0,1.0,1.0,0.0,1.0
4066.0,delete,74.80566487000182,1301.0,5.0,74.80591134959023,6.0,0.0,1.0,1.0,0.0
4067.0,add,74.70502890496279,1301.0,5.0,74.80591134959023,6.0,0.0,1.0,1.0,1.0
4068.0,delete,74.72371666641757,1301.0,5.0,74.80591134959023,5.0,0.0,1.0,1.0,0.0
4069.0,swap,74.80160358254349,1301.0,5.0,74.80591134959023,5.0,0.0,2.0,1.0,0.0
4070.0,swap,74.71577834846651,1302.0,5.0,74.71577834846653,6.0,1.0,1.0,1.0,0.0
4071.0,add,74.70505900757965,1302.0,5.0,74.71577834846653,6.0,1.0,1.0,2.0,0.0
4072.0,delete,74.78150541538442,1302.0,5.0,74.71577834846653,5.0,1.0,1.0,1.0,0.0
4073.0,swap,74.52864401759888,1302.0,5.0,74.71577834846653,6.0,1.0,0.0,2.0,0.0
4074.0,swap,74.76526913503051,1303.0,5.0,74.76526913503051,7.0,1.0,1.0,0.0,0.0
4075.0,add,74.76526913503051,1303.0,5.0,74.76526913503051,7.0,1.0,1.0,0.0,1.0
4076.0,delete,74.68707567991314,1303.0,5.0,74.76526913503051,6.0,1.0,1.0,0.0,0.0
4077.0,swap,74.75427127381646,1303.0,5.0,74.76526913503051,6.0,1.0,1.0,0.0,1.0
4078.0,swap,74.6996425280533,1304.0,4.0,74.69974999223713,6.0,1.0,0.0,0.0,1.0
4079.0,add,74.69974999223713,1304.0,4.0,74.69974999223713,6.0,1.0,0.0,0.0,2.0
4080.0,delete,74.62803116465415,1304.0,4.0,74.69974999223713,5.0,1.0,0.0,0.0,1.0
4081.0,swap,74.63342952765265,1304.0,4.0,74.69974999223713,6.0,0.0,0.0,1.0,1.0
4082.0,add,74.70370841167185,1305.0,5.0,74.76329324840566,7.0,0.0,2.0,0.0,0.0
4083.0,add,74.74314875324839,1305.0,5.0,74.76329324840566,7.0,0.0,2.0,1.0,0.0
4084.0,delete,74.78495550865074,1305.0,5.0,74.76329324840566,6.0,0.0,2.0,0.0,0.0
4085.0,swap,74.57163472484103,1305.0,5.0,74.76329324840566,7.0,1.0,1.0,0.0,0.0
4086.0,swap,74.74681224439166,1306.0,5.0,74.79085691894757,4.0,0.0,1.0,0.0,1.0
4087.0,add,74.77282399640296,1306.0,5.0,74.79085691894757,4.0,1.0,1.0,0.0,1.0
4088.0,delete,74.76820815626512,1306.0,5.0,74.79085691894757,3.0,0.0,1.0,0.0,1.0
4089.0,swap,74.56106133458016,1306.0,5.0,74.79085691894757,4.0,0.0,0.0,0.0,2.0
4090.0,add,74.89720770972477,1307.0,5.0,74.8945173043145,5.0,0.0,3.0,0.0,1.0
4091.0,add,74.8945173043145,1307.0,5.0,74.8945173043145,5.0,0.0,3.0,0.0,2.0
4092.0,delete,74.8009984370108,1307.0,5.0,74.8945173043145,4.0,0.0,3.0,0.0,1.0
4093.0,swap,74.79050983619103,1307.0,5.0,74.8945173043145,5.0,0.0,2.0,0.0,2.0
4094.0,swap,74.72497276912549,1308.0,3.0,74.77297892869235,6.0,0.0,1.0,0.0,1.0
4095.0,swap,74.73639970187686,1309.0,5.0,74.73648417735468,4.0,0.0,2.0,0.0,1.0
4096.0,add,74.73648417735468,1309.0,5.0,74.73648417735468,4.0,0.0,2.0,0.0,2.0
4097.0,delete,74.86696474348884,1309.0,5.0,74.73648417735468,4.0,0.0,1.0,0.0,1.0
4098.0,swap,74.81147863590492,1309.0,5.0,74.73648417735468,3.0,1.0,2.0,0.0,1.0
4099.0,swap,74.67365720683935,1310.0,4.0,74.72497276912549,6.0,0.0,1.0,0.0,1.0
4100.0,add,74.72497276912549,1310.0,4.0,74.72497276912549,6.0,0.0,1.0,0.0,2.0
4101.0,delete,74.5583964771775,1310.0,4.0,74.72497276912549,5.0,0.0,1.0,0.0,1.0
4102.0,swap,74.64499542631877,1310.0,4.0,74.72497276912549,5.0,1.0,1.0,0.0,1.0
4103.0,add,74.7901558494816,1311.0,5.0,74.79015584948161,7.0,1.0,2.0,0.0,0.0
4104.0,add,74.76064046164431,1311.0,5.0,74.79015584948161,7.0,1.0,3.0,0.0,0.0
4105.0,delete,74.76526913503052,1311.0,5.0,74.79015584948161,7.0,1.0,1.0,0.0,0.0
4106.0,swap,74.86278178732597,1311.0,5.0,74.79015584948161,6.0,1.0,2.0,1.0,0.0
4107.0,delete,74.77275217948677,1312.0,5.0,74.77242070428419,7.0,0.0,1.0,0.0,0.0
4108.0,add,74.77242070428416,1312.0,5.0,74.77242070428419,7.0,1.0,1.0,0.0,0.0
4109.0,delete,74.73697510545236,1312.0,5.0,74.77242070428419,6.0,0.0,1.0,0.0,0.0
4110.0,swap,74.75889280792188,1312.0,5.0,74.77242070428419,6.0,1.0,1.0,0.0,0.0
4111.0,change,74.74964400493509,1313.0,5.0,74.74954605158052,7.0,0.0,1.0,0.0,1.0
4112.0,add,74.7495460515805,1313.0,5.0,74.74954605158052,7.0,1.0,1.0,0.0,1.0
4113.0,delete,74.74954605158052,1313.0,5.0,74.74954605158052,7.0,0.0,1.0,0.0,0.0
4114.0,swap,74.75303829392465,1313.0,5.0,74.74954605158052,7.0,0.0,2.0,0.0,0.0
4115.0,add,74.70583745635486,1314.0,5.0,74.70568962080672,7.0,0.0,1.0,1.0,1.0
4116.0,add,74.70568962080672,1314.0,5.0,74.70568962080672,7.0,0.0,1.0,1.0,2.0
4117.0,delete,74.6876186750915,1314.0,5.0,74.70568962080672,6.0,0.0,1.0,1.0,1.0
4118.0,swap,74.69905773822012,1314.0,5.0,74.70568962080672,7.0,0.0,1.0,1.0,1.0
4119.0,add,74.62517021102012,1315.0,2.0,74.64183227730673,7.0,1.0,0.0,0.0,1.0
4120.0,swap,74.79603772887243,1316.0,5.0,74.79603772887243,6.0,1.0,1.0,0.0,0.0
4121.0,add,74.60400534112179,1316.0,5.0,74.79603772887243,6.0,1.0,1.0,0.0,1.0
4122.0,delete,74.89577901249429,1316.0,5.0,74.79603772887243,5.0,1.0,1.0,0.0,0.0
4123.0,swap,74.71582495960912,1316.0,5.0,74.79603772887243,5.0,1.0,1.0,1.0,0.0
4124.0,swap,74.89592655068783,1317.0,3.0,74.53587742547116,5.0,0.0,2.0,0.0,0.0
4125.0,swap,74.88523694679633,1318.0,4.0,74.89592655068783,5.0,0.0,2.0,0.0,0.0
4126.0,add,74.82394919428799,1318.0,4.0,74.89592655068783,5.0,0.0,3.0,0.0,0.0
4127.0,delete,74.61272219944448,1318.0,4.0,74.89592655068783,5.0,0.0,1.0,0.0,0.0
4128.0,swap,74.81245717967198,1318.0,4.0,74.89592655068783,4.0,0.0,2.0,1.0,0.0
4129.0,swap,74.81245717967195,1319.0,5.0,74.81245717967198,4.0,0.0,2.0,1.0,0.0
4130.0,add,74.81245717967198,1319.0,5.0,74.81245717967198,4.0,1.0,2.0,1.0,0.0
4131.0,delete,74.74115698256978,1319.0,5.0,74.81245717967198,3.0,0.0,2.0,1.0,0.0
4132.0,swap,74.81245717967197,1319.0,5.0,74.81245717967198,4.0,0.0,2.0,1.0,0.0
4133.0,swap,74.44857525777638,1320.0,3.0,74.70630055141643,5.0,0.0,2.0,0.0,0.0
4134.0,swap,74.52157278257631,1321.0,4.0,74.57925242199279,5.0,1.0,1.0,0.0,0.0
4135.0,add,74.89510211013864,1321.0,4.0,74.57925242199279,5.0,1.0,1.0,0.0,1.0
4136.0,delete,74.63785600458392,1321.0,4.0,74.57925242199279,4.0,1.0,1.0,0.0,0.0
4137.0,swap,73.87210705459367,1321.0,4.0,74.57925242199279,4.0,1.0,2.0,0.0,0.0
4138.0,change,74.72870248342063,1322.0,5.0,74.73298695260198,6.0,0.0,1.0,0.0,1.0
4139.0,add,74.65862611200679,1322.0,5.0,74.73298695260198,6.0,0.0,1.0,0.0,2.0
4140.0,delete,74.64355951565439,1322.0,5.0,74.73298695260198,5.0,0.0,1.0,0.0,1.0
4141.0,swap,74.79258245450407,1322.0,5.0,74.73298695260198,5.0,0.0,1.0,1.0,1.0
4142.0,add,74.62153148769819,1323.0,3.0,74.62153148769819,7.0,0.0,0.0,0.0,3.0
4143.0,delete,74.62153148769819,1323.0,3.0,74.62153148769819,7.0,0.0,0.0,0.0,1.0
4144.0,swap,74.5930086373837,1323.0,3.0,74.62153148769819,7.0,0.0,0.0,0.0,2.0
4145.0,add,74.91657096401786,1324.0,4.0,74.8826446188514,6.0,1.0,2.0,1.0,0.0
4146.0,change,74.91690422547121,1325.0,4.0,74.87252644542615,6.0,1.0,2.0,0.0,0.0
4147.0,add,74.91731801770037,1326.0,5.0,74.91657096401786,6.0,1.0,2.0,1.0,0.0
4148.0,add,74.9131573414581,1326.0,5.0,74.91657096401786,6.0,1.0,2.0,2.0,0.0
4149.0,delete,74.90998082061027,1326.0,5.0,74.91657096401786,5.0,1.0,2.0,1.0,0.0
4150.0,swap,74.96069191056802,1326.0,5.0,74.91657096401786,5.0,2.0,2.0,1.0,0.0
4151.0,swap,74.87355511088387,1327.0,4.0,74.84678357234036,5.0,1.0,2.0,0.0,1.0
4152.0,change,74.90881579707029,1328.0,5.0,74.91690422547121,6.0,1.0,2.0,0.0,0.0
4153.0,add,74.90418540263377,1328.0,5.0,74.91690422547121,6.0,1.0,3.0,0.0,0.0
4154.0,delete,74.91076146735979,1328.0,5.0,74.91690422547121,5.0,1.0,2.0,0.0,0.0
4155.0,swap,74.72208465365138,1328.0,5.0,74.91690422547121,6.0,2.0,1.0,0.0,0.0
4156.0,add,74.7452556850694,1329.0,2.0,74.7514020508109,7.0,0.0,2.0,0.0,0.0
4157.0,add,74.75891059081475,1330.0,3.0,74.7452556850694,7.0,0.0,2.0,0.0,0.0
4158.0,add,74.7452556850694,1330.0,3.0,74.7452556850694,7.0,0.0,2.0,0.0,1.0
4159.0,delete,74.69939825361436,1330.0,3.0,74.7452556850694,6.0,0.0,2.0,0.0,0.0
4160.0,swap,74.81649182211588,1330.0,3.0,74.7452556850694,6.0,0.0,3.0,0.0,0.0
4161.0,swap,74.81630686597725,1331.0,4.0,74.81649182211588,6.0,0.0,3.0,0.0,0.0
4162.0,add,74.81649182211588,1331.0,4.0,74.81649182211588,6.0,0.0,3.0,0.0,1.0
4163.0,delete,74.7594306241419,1331.0,4.0,74.81649182211588,6.0,0.0,2.0,0.0,0.0
4164.0,swap,74.79312489515979,1331.0,4.0,74.81649182211588,5.0,1.0,3.0,0.0,0.0
4165.0,add,74.73887871705759,1332.0,4.0,74.7452556850694,7.0,0.0,2.0,0.0,1.0
4166.0,add,74.72885557380191,1332.0,4.0,74.7452556850694,7.0,0.0,2.0,1.0,1.0
4167.0,delete,74.5644086678049,1332.0,4.0,74.7452556850694,6.0,0.0,2.0,0.0,1.0
4168.0,swap,74.86535137424404,1332.0,4.0,74.7452556850694,6.0,1.0,2.0,0.0,1.0
4169.0,add,74.74912539815512,1333.0,4.0,74.75891059081475,7.0,0.0,2.0,0.0,0.0
4170.0,add,74.7438361354913,1333.0,4.0,74.75891059081475,7.0,0.0,2.0,1.0,0.0
4171.0,delete,74.72590328996023,1333.0,4.0,74.75891059081475,6.0,0.0,2.0,0.0,0.0
4172.0,swap,74.90206624733513,1333.0,4.0,74.75891059081475,6.0,1.0,2.0,0.0,0.0
4173.0,delete,74.70383239293947,1334.0,4.0,74.69939825361436,6.0,0.0,2.0,0.0,0.0
4174.0,add,74.77900290080002,1334.0,4.0,74.69939825361436,6.0,0.0,2.0,0.0,1.0
4175.0,delete,74.7731993500537,1334.0,4.0,74.69939825361436,5.0,0.0,2.0,0.0,0.0
4176.0,swap,74.7954800978749,1334.0,4.0,74.69939825361436,6.0,1.0,1.0,0.0,0.0
4177.0,swap,74.76079703118224,1335.0,3.0,74.80036920590214,6.0,0.0,2.0,1.0,0.0
4178.0,swap,74.76081962096588,1336.0,4.0,74.76079703118224,6.0,0.0,2.0,1.0,0.0
4179.0,add,74.72109997506556,1336.0,4.0,74.76079703118224,6.0,0.0,2.0,1.0,1.0
4180.0,delete,74.80260179656533,1336.0,4.0,74.76079703118224,5.0,0.0,2.0,1.0,0.0
4181.0,swap,74.633447245973,1336.0,4.0,74.76079703118224,5.0,0.0,3.0,1.0,0.0
4182.0,change,74.71699571834893,1337.0,3.0,74.77596833235131,7.0,0.0,2.0,0.0,0.0
4183.0,delete,74.69228907693903,1338.0,3.0,74.75018259905649,6.0,0.0,2.0,0.0,0.0
4184.0,change,74.72310367006806,1339.0,4.0,74.71699571834893,7.0,0.0,2.0,0.0,0.0
4185.0,add,74.71490812571508,1339.0,4.0,74.71699571834893,7.0,0.0,2.0,0.0,1.0
4186.0,delete,74.73287499671407,1339.0,4.0,74.71699571834893,6.0,0.0,2.0,0.0,0.0
4187.0,swap,74.64765251543005,1339.0,4.0,74.71699571834893,7.0,0.0,2.0,0.0,0.0
4188.0,add,74.78729540771509,1340.0,3.0,74.72855000359557,7.0,0.0,3.0,0.0,0.0
4189.0,add,74.78270961269449,1341.0,4.0,74.78729540771509,7.0,0.0,3.0,0.0,0.0
4190.0,add,74.78729540771509,1341.0,4.0,74.78729540771509,7.0,0.0,3.0,0.0,1.0
4191.0,delete,74.74185212270687,1341.0,4.0,74.78729540771509,6.0,0.0,3.0,0.0,0.0
4192.0,swap,74.76329950813212,1341.0,4.0,74.78729540771509,6.0,0.0,3.0,0.0,1.0
4193.0,delete,74.69885539162466,1342.0,4.0,74.69228907693903,6.0,0.0,2.0,0.0,0.0
4194.0,add,74.69228907693903,1342.0,4.0,74.69228907693903,6.0,0.0,2.0,0.0,1.0
4195.0,delete,74.6927032974429,1342.0,4.0,74.69228907693903,5.0,0.0,2.0,0.0,0.0
4196.0,swap,74.6733763635009,1342.0,4.0,74.69228907693903,5.0,0.0,2.0,0.0,1.0
4197.0,add,74.8111964103345,1343.0,5.0,74.81649182211588,6.0,0.0,3.0,0.0,1.0
4198.0,add,74.81529965902492,1343.0,5.0,74.81649182211588,6.0,0.0,3.0,1.0,1.0
4199.0,delete,74.81044631782676,1343.0,5.0,74.81649182211588,6.0,0.0,2.0,0.0,1.0
4200.0,swap,74.84339664119464,1343.0,5.0,74.81649182211588,5.0,0.0,4.0,0.0,1.0
4201.0,add,74.79000041636357,1344.0,5.0,74.78729540771509,7.0,0.0,3.0,0.0,1.0
4202.0,add,74.78729540771509,1344.0,5.0,74.78729540771509,7.0,1.0,3.0,0.0,1.0
4203.0,delete,74.74587016983631,1344.0,5.0,74.78729540771509,7.0,0.0,2.0,0.0,1.0
4204.0,swap,74.75383458603817,1344.0,5.0,74.78729540771509,6.0,1.0,3.0,0.0,1.0
4205.0,swap,74.51965607144858,1345.0,3.0,74.78292505197454,7.0,1.0,1.0,0.0,0.0
4206.0,swap,74.90192153774717,1346.0,5.0,74.90206624733513,6.0,1.0,2.0,0.0,0.0
4207.0,add,74.79169004289307,1346.0,5.0,74.90206624733513,6.0,1.0,2.0,0.0,1.0
4208.0,delete,74.76363530389501,1346.0,5.0,74.90206624733513,6.0,1.0,1.0,0.0,0.0
4209.0,swap,74.63430422167067,1346.0,5.0,74.90206624733513,5.0,1.0,3.0,0.0,0.0
4210.0,swap,74.79632247397774,1347.0,5.0,74.79312489515979,5.0,1.0,3.0,0.0,0.0
4211.0,add,74.70496013985628,1347.0,5.0,74.79312489515979,5.0,1.0,4.0,0.0,0.0
4212.0,delete,74.88224593149575,1347.0,5.0,74.79312489515979,4.0,1.0,3.0,0.0,0.0
4213.0,swap,74.77499088173883,1347.0,5.0,74.79312489515979,5.0,1.0,2.0,0.0,1.0
4214.0,add,74.7452556850694,1348.0,3.0,74.75587161834962,7.0,0.0,2.0,0.0,1.0
4215.0,swap,74.79938519860326,1349.0,5.0,74.7954800978749,6.0,1.0,1.0,0.0,0.0
4216.0,add,74.87650950346217,1349.0,5.0,74.7954800978749,6.0,1.0,2.0,0.0,0.0
4217.0,delete,74.90844851028382,1349.0,5.0,74.7954800978749,5.0,1.0,1.0,0.0,0.0
4218.0,swap,74.83309118786624,1349.0,5.0,74.7954800978749,5.0,1.0,1.0,1.0,0.0
4219.0,delete,74.7594306241419,1350.0,3.0,74.75841861442461,6.0,0.0,2.0,0.0,0.0
4220.0,delete,74.76621287409644,1351.0,4.0,74.7594306241419,6.0,0.0,2.0,0.0,0.0
4221.0,add,74.69488298055596,1351.0,4.0,74.7594306241419,6.0,0.0,3.0,0.0,0.0
4222.0,delete,74.7326074703779,1351.0,4.0,74.7594306241419,5.0,0.0,2.0,0.0,0.0
4223.0,swap,74.64065119423972,1351.0,4.0,74.7594306241419,5.0,0.0,2.0,0.0,1.0
4224.0,swap,74.55395384023369,1352.0,1.0,74.72026529056305,7.0,0.0,0.0,0.0,1.0
4225.0,add,74.55395384023369,1353.0,2.0,74.55395384023369,7.0,1.0,0.0,0.0,1.0
4226.0,delete,74.68334560593681,1353.0,2.0,74.55395384023369,6.0,0.0,0.0,0.0,1.0
4227.0,swap,74.57066304553523,1353.0,2.0,74.55395384023369,6.0,0.0,1.0,0.0,1.0
4228.0,add,74.51709466360403,1354.0,3.0,74.68334560593681,6.0,0.0,1.0,0.0,1.0
4229.0,delete,74.57194905101899,1354.0,3.0,74.68334560593681,5.0,0.0,0.0,0.0,1.0
4230.0,swap,74.6215345694869,1354.0,3.0,74.68334560593681,5.0,1.0,0.0,0.0,1.0
4231.0,swap,74.57165370467963,1355.0,3.0,74.57066304553523,6.0,0.0,1.0,0.0,1.0
4232.0,add,74.65121843254185,1355.0,3.0,74.57066304553523,6.0,0.0,1.0,0.0,2.0
4233.0,delete,74.66310665663947,1355.0,3.0,74.57066304553523,5.0,0.0,1.0,0.0,1.0
4234.0,swap,74.67596194771113,1355.0,3.0,74.57066304553523,6.0,1.0,0.0,0.0,1.0
4235.0,add,74.5539538402337,1356.0,3.0,74.55395384023369,7.0,1.0,0.0,0.0,1.0
4236.0,add,74.55429187887646,1356.0,3.0,74.55395384023369,7.0,1.0,0.0,1.0,1.0
4237.0,delete,74.49605353349581,1356.0,3.0,74.55395384023369,7.0,1.0,0.0,0.0,0.0
4238.0,swap,74.62589639464163,1356.0,3.0,74.55395384023369,7.0,1.0,1.0,0.0,0.0
4239.0,swap,74.5143966591916,1357.0,2.0,74.62652075742146,6.0,0.0,1.0,0.0,1.0
4240.0,delete,74.7022211996729,1358.0,2.0,74.59848097251168,6.0,0.0,0.0,0.0,1.0
4241.0,add,74.63782248725158,1359.0,3.0,74.7022211996729,6.0,0.0,0.0,1.0,1.0
4242.0,delete,74.63043630363227,1359.0,3.0,74.7022211996729,5.0,0.0,0.0,0.0,1.0
4243.0,swap,74.63114092273649,1359.0,3.0,74.7022211996729,6.0,1.0,0.0,0.0,0.0
4244.0,swap,74.49747658776437,1360.0,3.0,74.5143966591916,6.0,0.0,1.0,0.0,1.0
4245.0,add,74.52845551765972,1360.0,3.0,74.5143966591916,6.0,0.0,1.0,0.0,2.0
4246.0,delete,74.45731676769206,1360.0,3.0,74.5143966591916,6.0,0.0,0.0,0.0,1.0
4247.0,swap,74.42510980460034,1360.0,3.0,74.5143966591916,5.0,0.0,1.0,1.0,1.0
4248.0,swap,74.63114092273649,1361.0,4.0,74.63114092273649,6.0,1.0,0.0,0.0,0.0
4249.0,add,74.63114092273649,1361.0,4.0,74.63114092273649,6.0,1.0,0.0,1.0,0.0
4250.0,delete,74.64837963678299,1361.0,4.0,74.63114092273649,5.0,1.0,0.0,0.0,0.0
4251.0,swap,74.55545883775018,1361.0,4.0,74.63114092273649,5.0,1.0,0.0,1.0,0.0
4252.0,add,74.55395384023369,1362.0,2.0,74.55682989749627,7.0,0.0,0.0,0.0,2.0
4253.0,add,74.51348640869739,1363.0,3.0,74.55395384023369,7.0,0.0,0.0,0.0,3.0
4254.0,delete,74.7008841443873,1363.0,3.0,74.55395384023369,6.0,0.0,0.0,0.0,2.0
4255.0,swap,74.55028107164277,1363.0,3.0,74.55395384023369,6.0,0.0,1.0,0.0,2.0
4256.0,delete,74.7008841443873,1364.0,2.0,74.6218054269455,6.0,0.0,0.0,0.0,1.0
4257.0,add,74.7019450515646,1365.0,3.0,74.7008841443873,6.0,0.0,0.0,0.0,2.0
4258.0,delete,74.64810916987997,1365.0,3.0,74.7008841443873,5.0,0.0,0.0,0.0,1.0
4259.0,swap,74.66056626250001,1365.0,3.0,74.7008841443873,5.0,0.0,0.0,0.0,2.0
4260.0,add,74.63349362531629,1366.0,4.0,74.66056626250001,5.0,0.0,0.0,0.0,3.0
4261.0,delete,74.64117595242769,1366.0,4.0,74.66056626250001,4.0,0.0,0.0,0.0,2.0
4262.0,swap,74.60633993157577,1366.0,4.0,74.66056626250001,4.0,0.0,1.0,0.0,2.0
4263.0,add,74.70088414438727,1367.0,4.0,74.7008841443873,6.0,1.0,0.0,0.0,2.0
4264.0,delete,74.60627244733685,1367.0,4.0,74.7008841443873,5.0,0.0,0.0,0.0,2.0
4265.0,swap,74.49074605901093,1367.0,4.0,74.7008841443873,5.0,0.0,0.0,0.0,3.0
4266.0,swap,74.6278429083829,1368.0,4.0,74.6215345694869,5.0,1.0,0.0,0.0,1.0
4267.0,add,74.59446193230319,1368.0,4.0,74.6215345694869,5.0,1.0,0.0,0.0,2.0
4268.0,delete,74.70057256897594,1368.0,4.0,74.6215345694869,4.0,1.0,0.0,0.0,1.0
4269.0,swap,74.55237039611391,1368.0,4.0,74.6215345694869,4.0,2.0,0.0,0.0,1.0
4270.0,swap,74.67158803292335,1369.0,4.0,74.67596194771113,6.0,1.0,0.0,0.0,1.0
4271.0,add,74.67596194771113,1369.0,4.0,74.67596194771113,6.0,1.0,0.0,0.0,2.0
4272.0,delete,74.61331049688509,1369.0,4.0,74.67596194771113,6.0,1.0,0.0,0.0,0.0
4273.0,swap,74.72184338581005,1369.0,4.0,74.67596194771113,5.0,2.0,0.0,0.0,1.0
4274.0,add,74.59269822612094,1370.0,2.0,74.5750548002648,7.0,0.0,0.0,0.0,2.0
4275.0,add,74.75041797685306,1371.0,4.0,74.7452556850694,7.0,0.0,2.0,0.0,1.0
4276.0,add,74.7452556850694,1371.0,4.0,74.7452556850694,7.0,0.0,2.0,0.0,2.0
4277.0,delete,74.71682889830568,1371.0,4.0,74.7452556850694,6.0,0.0,2.0,0.0,1.0
4278.0,swap,74.86777252891874,1371.0,4.0,74.7452556850694,6.0,0.0,3.0,0.0,1.0
4279.0,change,74.70690322965721,1372.0,3.0,74.75049484244562,7.0,0.0,2.0,0.0,0.0
4280.0,swap,74.51974869727945,1373.0,4.0,74.51965607144858,7.0,1.0,1.0,0.0,0.0
4281.0,add,74.51965607144858,1373.0,4.0,74.51965607144858,7.0,1.0,1.0,0.0,1.0
4282.0,delete,74.46902486870587,1373.0,4.0,74.51965607144858,6.0,1.0,1.0,0.0,0.0
4283.0,swap,74.49321927552324,1373.0,4.0,74.51965607144858,7.0,0.0,2.0,0.0,0.0
4284.0,delete,74.81569513513259,1374.0,5.0,74.82189309966229,4.0,0.0,2.0,1.0,0.0
4285.0,add,74.62792471156058,1374.0,5.0,74.82189309966229,4.0,0.0,3.0,1.0,0.0
4286.0,delete,74.79811852087587,1374.0,5.0,74.82189309966229,3.0,0.0,2.0,1.0,0.0
4287.0,swap,74.72629116119482,1374.0,5.0,74.82189309966229,3.0,1.0,2.0,1.0,0.0
4288.0,add,74.86446880816519,1375.0,4.0,74.83848223346357,5.0,1.0,1.0,0.0,1.0
4289.0,change,74.86446880816519,1376.0,4.0,74.83552427166396,5.0,1.0,1.0,0.0,0.0
4290.0,delete,74.71437829924368,1377.0,4.0,74.81342520082389,4.0,1.0,1.0,0.0,0.0
4291.0,change,74.84678507339977,1378.0,5.0,74.8957790124943,5.0,2.0,1.0,0.0,0.0
4292.0,add,74.8957790124943,1378.0,5.0,74.8957790124943,5.0,3.0,1.0,0.0,0.0
4293.0,delete,74.89474425113978,1378.0,5.0,74.8957790124943,4.0,2.0,1.0,0.0,0.0
4294.0,swap,74.8366301282509,1378.0,5.0,74.8957790124943,4.0,2.0,1.0,1.0,0.0
4295.0,swap,74.71437829924368,1379.0,5.0,74.71437829924369,4.0,1.0,1.0,2.0,0.0
4296.0,add,74.71437829924369,1379.0,5.0,74.71437829924369,4.0,1.0,1.0,2.0,1.0
4297.0,delete,74.6887930400521,1379.0,5.0,74.71437829924369,4.0,1.0,0.0,2.0,0.0
4298.0,swap,74.94159640151197,1379.0,5.0,74.71437829924369,4.0,2.0,1.0,1.0,0.0
4299.0,delete,74.63431940212269,1380.0,5.0,74.64782311874806,4.0,1.0,1.0,0.0,0.0
4300.0,add,74.64782311874806,1380.0,5.0,74.64782311874806,4.0,2.0,1.0,0.0,0.0
4301.0,delete,74.47108650236778,1380.0,5.0,74.64782311874806,4.0,0.0,1.0,0.0,0.0
4302.0,swap,74.72578467531127,1380.0,5.0,74.64782311874806,3.0,1.0,1.0,0.0,1.0
4303.0,swap,74.80285492835819,1381.0,5.0,74.7846743761725,5.0,3.0,1.0,0.0,0.0
4304.0,add,74.80430210017694,1381.0,5.0,74.7846743761725,5.0,3.0,1.0,0.0,1.0
4305.0,delete,74.87288577770559,1381.0,5.0,74.7846743761725,4.0,3.0,1.0,0.0,0.0
4306.0,swap,74.88996385248129,1381.0,5.0,74.7846743761725,4.0,3.0,1.0,1.0,0.0
4307.0,delete,74.79603772887245,1382.0,5.0,74.79603772887243,6.0,1.0,1.0,0.0,0.0
4308.0,add,74.60400534112178,1382.0,5.0,74.79603772887243,6.0,1.0,1.0,0.0,1.0
4309.0,delete,74.91159735563292,1382.0,5.0,74.79603772887243,5.0,1.0,1.0,0.0,0.0
4310.0,swap,74.70081945646213,1382.0,5.0,74.79603772887243,5.0,1.0,2.0,0.0,0.0
4311.0,change,74.79587632097285,1383.0,5.0,74.79587632097285,6.0,1.0,1.0,0.0,0.0
4312.0,add,74.79717324468074,1383.0,5.0,74.79587632097285,6.0,1.0,1.0,1.0,0.0
4313.0,delete,74.65642499256552,1383.0,5.0,74.79587632097285,6.0,1.0,0.0,0.0,0.0
4314.0,swap,74.61026120192217,1383.0,5.0,74.79587632097285,6.0,1.0,1.0,0.0,0.0
4315.0,change,74.91159735563295,1384.0,4.0,74.87572851092484,5.0,0.0,1.0,1.0,0.0
4316.0,change,74.91159735563295,1385.0,5.0,74.91159735563295,5.0,0.0,1.0,1.0,0.0
4317.0,add,74.91159735563295,1385.0,5.0,74.91159735563295,5.0,0.0,1.0,1.0,1.0
4318.0,delete,74.60294294120673,1385.0,5.0,74.91159735563295,5.0,0.0,0.0,1.0,0.0
4319.0,swap,74.91159735563294,1385.0,5.0,74.91159735563295,5.0,0.0,1.0,0.0,1.0
4320.0,delete,74.8451061593833,1386.0,5.0,74.8396179514638,4.0,0.0,1.0,1.0,0.0
4321.0,add,74.80216455625148,1386.0,5.0,74.8396179514638,4.0,0.0,1.0,1.0,1.0
4322.0,delete,74.59654651423389,1386.0,5.0,74.8396179514638,4.0,0.0,0.0,1.0,0.0
4323.0,swap,74.73038420838758,1386.0,5.0,74.8396179514638,3.0,0.0,1.0,2.0,0.0
4324.0,add,74.76953955506454,1387.0,5.0,74.76880638169001,6.0,0.0,1.0,2.0,0.0
4325.0,add,74.71286404067232,1387.0,5.0,74.76880638169001,6.0,0.0,1.0,2.0,1.0
4326.0,delete,74.7423607844535,1387.0,5.0,74.76880638169001,6.0,0.0,1.0,1.0,0.0
4327.0,swap,74.84844290276395,1387.0,5.0,74.76880638169001,5.0,0.0,2.0,2.0,0.0
4328.0,add,74.7600621560366,1388.0,5.0,74.76006215603661,6.0,1.0,1.0,0.0,1.0
4329.0,add,74.76006215603661,1388.0,5.0,74.76006215603661,6.0,1.0,1.0,0.0,2.0
4330.0,delete,74.62861363892577,1388.0,5.0,74.76006215603661,6.0,1.0,0.0,0.0,1.0
4331.0,swap,74.70726080744957,1388.0,5.0,74.76006215603661,5.0,1.0,2.0,0.0,1.0
4332.0,swap,74.84180756812432,1389.0,3.0,74.76445777208475,5.0,0.0,1.0,0.0,2.0
4333.0,swap,74.86616999246164,1390.0,4.0,74.84180756812432,5.0,0.0,1.0,0.0,2.0
4334.0,add,74.84180756812432,1390.0,4.0,74.84180756812432,5.0,0.0,1.0,0.0,3.0
4335.0,delete,74.85011451221665,1390.0,4.0,74.84180756812432,4.0,0.0,1.0,0.0,2.0
4336.0,swap,74.82863408280659,1390.0,4.0,74.84180756812432,4.0,0.0,2.0,0.0,2.0
4337.0,swap,74.82461509152822,1391.0,5.0,74.82863408280659,4.0,0.0,2.0,0.0,2.0
4338.0,add,74.46135367654406,1391.0,5.0,74.82863408280659,4.0,0.0,2.0,0.0,3.0
4339.0,delete,74.81137922727132,1391.0,5.0,74.82863408280659,3.0,0.0,2.0,0.0,2.0
4340.0,swap,74.73445277440926,1391.0,5.0,74.82863408280659,4.0,0.0,1.0,0.0,3.0
4341.0,add,74.7319997486967,1392.0,3.0,74.75055639430435,6.0,0.0,2.0,1.0,0.0
4342.0,delete,74.79305482942101,1393.0,3.0,74.76063161558079,5.0,0.0,1.0,0.0,1.0
4343.0,add,74.76228131253535,1394.0,5.0,74.76179602847783,6.0,0.0,1.0,1.0,2.0
4344.0,add,74.76179602847783,1394.0,5.0,74.76179602847783,6.0,0.0,1.0,1.0,3.0
4345.0,delete,74.8720388134962,1394.0,5.0,74.76179602847783,5.0,0.0,1.0,1.0,2.0
4346.0,swap,74.76333999306638,1394.0,5.0,74.76179602847783,6.0,0.0,1.0,1.0,2.0
4347.0,delete,74.79443608215576,1395.0,4.0,74.79305482942101,5.0,0.0,1.0,0.0,1.0
4348.0,add,74.79305482942101,1395.0,4.0,74.79305482942101,5.0,0.0,1.0,0.0,2.0
4349.0,delete,74.6545982466632,1395.0,4.0,74.79305482942101,4.0,0.0,1.0,0.0,1.0
4350.0,swap,74.63254184510376,1395.0,4.0,74.79305482942101,5.0,0.0,0.0,1.0,1.0
4351.0,add,74.88592450894798,1396.0,5.0,74.89577901249427,5.0,2.0,1.0,0.0,0.0
4352.0,add,74.75536889472566,1396.0,5.0,74.89577901249427,5.0,2.0,1.0,0.0,1.0
4353.0,delete,74.77193960482342,1396.0,5.0,74.89577901249427,4.0,2.0,1.0,0.0,0.0
4354.0,swap,74.61280097809757,1396.0,5.0,74.89577901249427,5.0,3.0,0.0,0.0,0.0
4355.0,add,74.91159735563298,1397.0,4.0,74.84692920465697,5.0,1.0,1.0,1.0,0.0
4356.0,swap,74.8396179514638,1398.0,4.0,74.8309530755942,4.0,0.0,1.0,1.0,1.0
4357.0,add,74.90008001791722,1399.0,5.0,74.91159735563298,5.0,1.0,1.0,1.0,0.0
4358.0,add,74.91159735563298,1399.0,5.0,74.91159735563298,5.0,1.0,1.0,1.0,1.0
4359.0,delete,74.91159735563295,1399.0,5.0,74.91159735563298,5.0,1.0,1.0,0.0,0.0
4360.0,swap,74.7860116607757,1399.0,5.0,74.91159735563298,4.0,1.0,1.0,2.0,0.0
4361.0,add,74.65642499256553,1400.0,5.0,74.65642499256553,6.0,0.0,0.0,0.0,1.0
4362.0,delete,74.63254184510376,1400.0,5.0,74.65642499256553,5.0,0.0,0.0,0.0,0.0
4363.0,swap,74.66474432631307,1400.0,5.0,74.65642499256553,5.0,0.0,0.0,0.0,1.0
4364.0,add,74.74910491693825,1401.0,5.0,74.74764086217142,6.0,0.0,2.0,0.0,0.0
4365.0,add,74.70097637179312,1401.0,5.0,74.74764086217142,6.0,0.0,2.0,0.0,1.0
4366.0,delete,74.79310111196956,1401.0,5.0,74.74764086217142,5.0,0.0,2.0,0.0,0.0
4367.0,swap,74.89874646368486,1401.0,5.0,74.74764086217142,5.0,0.0,3.0,0.0,0.0
4368.0,add,74.92714987838868,1402.0,5.0,74.92755881115103,5.0,0.0,2.0,1.0,1.0
4369.0,add,74.85996536031017,1402.0,5.0,74.92755881115103,5.0,1.0,2.0,1.0,1.0
4370.0,delete,74.81868465804278,1402.0,5.0,74.92755881115103,4.0,0.0,2.0,1.0,1.0
4371.0,swap,74.74414547374506,1402.0,5.0,74.92755881115103,4.0,1.0,2.0,1.0,1.0
4372.0,swap,74.64789686467056,1403.0,5.0,74.6475222071178,6.0,0.0,0.0,2.0,0.0
4373.0,add,74.65037902533896,1403.0,5.0,74.6475222071178,6.0,0.0,0.0,3.0,0.0
4374.0,delete,74.6564249925655,1403.0,5.0,74.6475222071178,6.0,0.0,0.0,1.0,0.0
4375.0,swap,74.67753075399874,1403.0,5.0,74.6475222071178,6.0,0.0,1.0,1.0,0.0
4376.0,add,74.72107631112843,1404.0,5.0,74.72246936135805,6.0,0.0,1.0,1.0,2.0
4377.0,add,74.72246936135804,1404.0,5.0,74.72246936135805,6.0,1.0,1.0,1.0,2.0
4378.0,delete,74.72246936135805,1404.0,5.0,74.72246936135805,6.0,0.0,1.0,1.0,1.0
4379.0,swap,74.45769238008332,1404.0,5.0,74.72246936135805,5.0,0.0,2.0,1.0,2.0
4380.0,swap,74.47520449722967,1405.0,2.0,74.58843307052464,6.0,0.0,0.0,1.0,1.0
4381.0,delete,74.77193960482342,1406.0,4.0,74.83823832624107,4.0,2.0,1.0,0.0,0.0
4382.0,delete,74.78315828130687,1407.0,5.0,74.79278704940131,6.0,0.0,1.0,0.0,0.0
4383.0,add,74.79278704940131,1407.0,5.0,74.79278704940131,6.0,0.0,1.0,0.0,1.0
4384.0,delete,74.46459110340069,1407.0,5.0,74.79278704940131,6.0,0.0,0.0,0.0,0.0
4385.0,swap,74.86380805795447,1407.0,5.0,74.79278704940131,5.0,0.0,1.0,1.0,0.0
4386.0,add,74.72665769406751,1408.0,5.0,74.72665769406751,6.0,1.0,1.0,0.0,2.0
4387.0,add,74.72665769406751,1408.0,5.0,74.72665769406751,6.0,2.0,1.0,0.0,2.0
4388.0,delete,74.75536889472565,1408.0,5.0,74.72665769406751,5.0,1.0,1.0,0.0,2.0
4389.0,swap,74.63863829525236,1408.0,5.0,74.72665769406751,5.0,1.0,2.0,0.0,2.0
4390.0,change,74.72291405394883,1409.0,4.0,74.70690322965721,7.0,0.0,2.0,0.0,0.0
4391.0,add,74.70690322965721,1409.0,4.0,74.70690322965721,7.0,0.0,2.0,0.0,1.0
4392.0,delete,74.73791873675268,1409.0,4.0,74.70690322965721,6.0,0.0,2.0,0.0,0.0
4393.0,swap,74.76818792504197,1409.0,4.0,74.70690322965721,6.0,0.0,3.0,0.0,0.0
4394.0,delete,74.84775116058916,1410.0,5.0,74.84303128276476,5.0,1.0,1.0,0.0,0.0
4395.0,add,74.54736252475755,1410.0,5.0,74.84303128276476,5.0,1.0,1.0,0.0,1.0
4396.0,delete,74.72104792725278,1410.0,5.0,74.84303128276476,4.0,1.0,1.0,0.0,0.0
4397.0,swap,74.77554393368668,1410.0,5.0,74.84303128276476,4.0,1.0,2.0,0.0,0.0
4398.0,swap,74.9099980504231,1411.0,5.0,74.86777252891874,6.0,0.0,3.0,0.0,1.0
4399.0,add,74.69758772061361,1411.0,5.0,74.86777252891874,6.0,0.0,3.0,0.0,2.0
4400.0,delete,74.71682889830568,1411.0,5.0,74.86777252891874,6.0,0.0,2.0,0.0,1.0
4401.0,swap,74.87117485637063,1411.0,5.0,74.86777252891874,6.0,0.0,3.0,1.0,0.0
4402.0,swap,74.85407804042484,1412.0,5.0,74.86535137424404,6.0,1.0,2.0,0.0,1.0
4403.0,add,74.78174003779958,1412.0,5.0,74.86535137424404,6.0,1.0,2.0,0.0,2.0
4404.0,delete,74.86535137424404,1412.0,5.0,74.86535137424404,6.0,1.0,2.0,0.0,0.0
4405.0,swap,74.86535137424404,1412.0,5.0,74.86535137424404,6.0,0.0,2.0,1.0,1.0
4406.0,add,74.72802030984498,1413.0,5.0,74.77900290080002,6.0,0.0,2.0,0.0,1.0
4407.0,add,74.77900290080004,1413.0,5.0,74.77900290080002,6.0,0.0,2.0,1.0,1.0
4408.0,delete,74.60040322052677,1413.0,5.0,74.77900290080002,5.0,0.0,2.0,0.0,1.0
4409.0,swap,74.59244662748108,1413.0,5.0,74.77900290080002,5.0,0.0,2.0,0.0,2.0
4410.0,add,74.73013936571505,1414.0,5.0,74.72885557380191,7.0,0.0,2.0,1.0,1.0
4411.0,add,74.72885557380191,1414.0,5.0,74.72885557380191,7.0,0.0,2.0,1.0,2.0
4412.0,delete,74.67647005603973,1414.0,5.0,74.72885557380191,6.0,0.0,2.0,1.0,1.0
4413.0,swap,74.74605594673704,1414.0,5.0,74.72885557380191,7.0,1.0,2.0,0.0,1.0
4414.0,swap,74.68720017411252,1415.0,5.0,74.69987173828285,5.0,0.0,2.0,0.0,2.0
4415.0,add,74.69987173828285,1415.0,5.0,74.69987173828285,5.0,0.0,2.0,0.0,3.0
4416.0,delete,74.60358528786045,1415.0,5.0,74.69987173828285,5.0,0.0,1.0,0.0,2.0
4417.0,swap,74.511722965567,1415.0,5.0,74.69987173828285,4.0,0.0,3.0,0.0,2.0
4418.0,add,74.54393494935539,1416.0,2.0,74.58908093313987,7.0,1.0,0.0,0.0,1.0
4419.0,swap,74.77580189492869,1417.0,5.0,74.76818792504197,6.0,0.0,3.0,0.0,0.0
4420.0,add,74.79157101203428,1417.0,5.0,74.76818792504197,6.0,0.0,4.0,0.0,0.0
4421.0,delete,74.68641210806142,1417.0,5.0,74.76818792504197,5.0,0.0,3.0,0.0,0.0
4422.0,swap,74.81444636912585,1417.0,5.0,74.76818792504197,5.0,0.0,4.0,0.0,0.0
4423.0,change,74.73041203039325,1418.0,5.0,74.72310367006806,7.0,0.0,2.0,0.0,0.0
4424.0,add,74.79166114795575,1418.0,5.0,74.72310367006806,7.0,0.0,2.0,0.0,1.0
4425.0,delete,74.86758324698278,1418.0,5.0,74.72310367006806,6.0,0.0,2.0,0.0,0.0
4426.0,swap,74.69421752776226,1418.0,5.0,74.72310367006806,6.0,0.0,2.0,1.0,0.0
4427.0,add,74.76228845033947,1419.0,5.0,74.7452556850694,7.0,0.0,2.0,0.0,2.0
4428.0,add,74.74525568506938,1419.0,5.0,74.7452556850694,7.0,1.0,2.0,0.0,2.0
4429.0,delete,74.71682889830568,1419.0,5.0,74.7452556850694,6.0,0.0,2.0,0.0,2.0
4430.0,swap,74.64187042738882,1419.0,5.0,74.7452556850694,6.0,0.0,2.0,0.0,3.0
4431.0,swap,74.73919166825816,1420.0,5.0,74.7373244608189,6.0,0.0,1.0,1.0,0.0
4432.0,add,74.83714122752724,1420.0,5.0,74.7373244608189,6.0,0.0,2.0,1.0,0.0
4433.0,delete,74.69017189227007,1420.0,5.0,74.7373244608189,5.0,0.0,1.0,1.0,0.0
4434.0,swap,74.70209683020589,1420.0,5.0,74.7373244608189,5.0,0.0,1.0,1.0,1.0
4435.0,add,74.75258311501173,1421.0,5.0,74.74912539815512,7.0,0.0,2.0,0.0,0.0
4436.0,add,74.74229748442994,1421.0,5.0,74.74912539815512,7.0,0.0,2.0,0.0,1.0
4437.0,delete,74.75274771607157,1421.0,5.0,74.74912539815512,6.0,0.0,2.0,0.0,0.0
4438.0,swap,74.72468385264105,1421.0,5.0,74.74912539815512,6.0,0.0,2.0,1.0,0.0
4439.0,delete,74.7325765962671,1422.0,5.0,74.7326074703779,5.0,0.0,2.0,0.0,0.0
4440.0,add,74.7326074703779,1422.0,5.0,74.7326074703779,5.0,0.0,2.0,0.0,1.0
4441.0,delete,74.88924288004134,1422.0,5.0,74.7326074703779,4.0,0.0,2.0,0.0,0.0
4442.0,swap,74.19853495881658,1422.0,5.0,74.7326074703779,4.0,0.0,2.0,0.0,1.0
4443.0,delete,74.851169649829,1423.0,5.0,74.85382319086301,5.0,0.0,1.0,0.0,1.0
4444.0,add,74.88444131559743,1423.0,5.0,74.85382319086301,5.0,0.0,1.0,1.0,1.0
4445.0,delete,74.8325237319191,1423.0,5.0,74.85382319086301,4.0,0.0,1.0,0.0,1.0
4446.0,swap,74.74821077905665,1423.0,5.0,74.85382319086301,4.0,0.0,1.0,0.0,2.0
4447.0,swap,74.74262328886032,1424.0,5.0,74.7375384581425,6.0,0.0,1.0,0.0,1.0
4448.0,add,74.73908366620324,1424.0,5.0,74.7375384581425,6.0,0.0,1.0,1.0,1.0
4449.0,delete,74.74615650379599,1424.0,5.0,74.7375384581425,6.0,0.0,1.0,0.0,0.0
4450.0,swap,74.88137890296792,1424.0,5.0,74.7375384581425,5.0,0.0,1.0,0.0,2.0
4451.0,swap,74.79511202689557,1425.0,5.0,74.79540026559673,6.0,1.0,1.0,0.0,0.0
4452.0,add,74.80590330541571,1425.0,5.0,74.79540026559673,6.0,1.0,1.0,0.0,1.0
4453.0,delete,74.87638460994194,1425.0,5.0,74.79540026559673,5.0,1.0,1.0,0.0,0.0
4454.0,swap,74.64088558334817,1425.0,5.0,74.79540026559673,6.0,1.0,0.0,0.0,1.0
4455.0,add,74.77023872509878,1426.0,5.0,74.76879791835974,7.0,0.0,1.0,0.0,1.0
4456.0,add,74.373550799781,1426.0,5.0,74.76879791835974,7.0,1.0,1.0,0.0,1.0
4457.0,delete,74.76879791835974,1426.0,5.0,74.76879791835974,7.0,0.0,1.0,0.0,0.0
4458.0,swap,74.7293890352473,1426.0,5.0,74.76879791835974,6.0,0.0,1.0,0.0,2.0
4459.0,change,74.77934205017779,1427.0,5.0,74.77949015688614,7.0,0.0,1.0,0.0,0.0
4460.0,add,74.73907185355775,1427.0,5.0,74.77949015688614,7.0,0.0,1.0,1.0,0.0
4461.0,delete,74.74832266356161,1427.0,5.0,74.77949015688614,6.0,0.0,1.0,0.0,0.0
4462.0,swap,74.87683488923714,1427.0,5.0,74.77949015688614,6.0,0.0,2.0,0.0,0.0
4463.0,delete,74.76052541094997,1428.0,5.0,74.75927366507109,6.0,0.0,1.0,0.0,0.0
4464.0,add,74.6133265634573,1428.0,5.0,74.75927366507109,6.0,0.0,2.0,0.0,0.0
4465.0,delete,74.62861363892578,1428.0,5.0,74.75927366507109,6.0,0.0,0.0,0.0,0.0
4466.0,swap,74.86857900522779,1428.0,5.0,74.75927366507109,5.0,0.0,1.0,0.0,1.0
4467.0,delete,74.84609739168405,1429.0,5.0,74.81670201909407,6.0,0.0,1.0,0.0,0.0
4468.0,add,74.81670201909405,1429.0,5.0,74.81670201909407,6.0,1.0,1.0,0.0,0.0
4469.0,delete,74.84216257948587,1429.0,5.0,74.81670201909407,5.0,0.0,1.0,0.0,0.0
4470.0,swap,74.84838334806676,1429.0,5.0,74.81670201909407,5.0,0.0,2.0,0.0,0.0
4471.0,add,74.90703297249027,1430.0,5.0,74.90032204936516,6.0,0.0,1.0,0.0,1.0
4472.0,add,74.90032204936516,1430.0,5.0,74.90032204936516,6.0,0.0,1.0,0.0,2.0
4473.0,delete,74.8640304654327,1430.0,5.0,74.90032204936516,5.0,0.0,1.0,0.0,1.0
4474.0,swap,74.42343389728724,1430.0,5.0,74.90032204936516,6.0,0.0,1.0,0.0,1.0
4475.0,swap,74.71930363873008,1431.0,5.0,74.71409570149974,6.0,1.0,1.0,0.0,0.0
4476.0,add,74.5605471761193,1431.0,5.0,74.71409570149974,6.0,1.0,1.0,0.0,1.0
4477.0,delete,74.66612808115191,1431.0,5.0,74.71409570149974,5.0,1.0,1.0,0.0,0.0
4478.0,swap,74.54588089023207,1431.0,5.0,74.71409570149974,5.0,1.0,1.0,0.0,1.0
4479.0,add,74.73514043052758,1432.0,4.0,74.7319997486967,6.0,0.0,2.0,1.0,0.0
4480.0,add,74.79395069409476,1432.0,4.0,74.7319997486967,6.0,0.0,2.0,1.0,1.0
4481.0,delete,74.6982936780533,1432.0,4.0,74.7319997486967,5.0,0.0,2.0,1.0,0.0
4482.0,swap,74.51550318334364,1432.0,4.0,74.7319997486967,5.0,0.0,2.0,2.0,0.0
4483.0,add,74.62517021102009,1433.0,3.0,74.62517021102012,7.0,1.0,0.0,0.0,1.0
4484.0,add,74.65297418162548,1433.0,3.0,74.62517021102012,7.0,1.0,1.0,0.0,1.0
4485.0,delete,74.63416553902061,1433.0,3.0,74.62517021102012,7.0,1.0,0.0,0.0,0.0
4486.0,swap,74.32863523269762,1433.0,3.0,74.62517021102012,6.0,1.0,1.0,0.0,1.0
4487.0,swap,74.7955898221528,1434.0,5.0,74.79635794636216,6.0,0.0,1.0,0.0,1.0
4488.0,add,74.79635794636216,1434.0,5.0,74.79635794636216,6.0,0.0,1.0,0.0,2.0
4489.0,delete,74.65642499256553,1434.0,5.0,74.79635794636216,6.0,0.0,0.0,0.0,1.0
4490.0,swap,74.65642499256552,1434.0,5.0,74.79635794636216,6.0,1.0,0.0,0.0,1.0
4491.0,swap,74.72727935587976,1435.0,4.0,74.72666488882594,6.0,1.0,1.0,0.0,0.0
4492.0,add,74.72666488882594,1435.0,4.0,74.72666488882594,6.0,1.0,1.0,0.0,1.0
4493.0,delete,74.49654713956046,1435.0,4.0,74.72666488882594,5.0,1.0,1.0,0.0,0.0
4494.0,swap,74.87971641566564,1435.0,4.0,74.72666488882594,5.0,1.0,2.0,0.0,0.0
4495.0,swap,74.87356608657811,1436.0,5.0,74.87355511088387,5.0,1.0,2.0,0.0,1.0
4496.0,add,74.8654309006691,1436.0,5.0,74.87355511088387,5.0,1.0,2.0,0.0,2.0
4497.0,delete,74.99347193384773,1436.0,5.0,74.87355511088387,4.0,1.0,2.0,0.0,1.0
4498.0,swap,74.08416232824565,1436.0,5.0,74.87355511088387,4.0,1.0,2.0,0.0,2.0
4499.0,delete,74.8677205515795,1437.0,5.0,74.86775331562848,5.0,0.0,1.0,0.0,0.0
4500.0,add,74.86496296475644,1437.0,5.0,74.86775331562848,5.0,0.0,1.0,0.0,1.0
4501.0,delete,74.81332423712685,1437.0,5.0,74.86775331562848,4.0,0.0,1.0,0.0,0.0
4502.0,swap,74.86917432031542,1437.0,5.0,74.86775331562848,4.0,1.0,1.0,0.0,0.0
4503.0,swap,74.71140046899676,1438.0,5.0,74.71128914031512,4.0,0.0,2.0,0.0,0.0
4504.0,add,74.77104139567682,1438.0,5.0,74.71128914031512,4.0,0.0,2.0,1.0,0.0
4505.0,delete,74.68233030946192,1438.0,5.0,74.71128914031512,3.0,0.0,2.0,0.0,0.0
4506.0,swap,74.75227772050262,1438.0,5.0,74.71128914031512,3.0,0.0,2.0,1.0,0.0
4507.0,add,74.79957507958525,1439.0,5.0,74.79957507958525,6.0,2.0,1.0,0.0,0.0
4508.0,add,74.67688474748213,1439.0,5.0,74.79957507958525,6.0,3.0,1.0,0.0,0.0
4509.0,delete,74.83827710984625,1439.0,5.0,74.79957507958525,5.0,2.0,1.0,0.0,0.0
4510.0,swap,74.6760847770625,1439.0,5.0,74.79957507958525,5.0,2.0,1.0,0.0,1.0
4511.0,delete,74.66304645699871,1440.0,5.0,74.69640473836728,5.0,0.0,1.0,0.0,0.0
4512.0,add,74.72498365152174,1440.0,5.0,74.69640473836728,5.0,1.0,1.0,0.0,0.0
4513.0,delete,74.77842635875491,1440.0,5.0,74.69640473836728,4.0,0.0,1.0,0.0,0.0
4514.0,swap,74.12346633927784,1440.0,5.0,74.69640473836728,5.0,0.0,0.0,1.0,0.0
4515.0,swap,74.76228076676817,1441.0,4.0,74.76324032272971,6.0,1.0,1.0,0.0,0.0
4516.0,add,74.76105392499645,1441.0,4.0,74.76324032272971,6.0,1.0,1.0,1.0,0.0
4517.0,delete,74.71801067791226,1441.0,4.0,74.76324032272971,5.0,1.0,1.0,0.0,0.0
4518.0,swap,74.8531704846588,1441.0,4.0,74.76324032272971,5.0,1.0,1.0,1.0,0.0
4519.0,swap,74.77089815673123,1442.0,5.0,74.77204914973237,6.0,1.0,1.0,0.0,0.0
4520.0,add,74.78088038416668,1442.0,5.0,74.77204914973237,6.0,1.0,1.0,0.0,1.0
4521.0,delete,74.75370911186342,1442.0,5.0,74.77204914973237,6.0,0.0,1.0,0.0,0.0
4522.0,swap,74.83260227045628,1442.0,5.0,74.77204914973237,5.0,1.0,1.0,1.0,0.0
4523.0,change,74.73146737508537,1443.0,3.0,74.74504744503945,7.0,0.0,1.0,0.0,0.0
4524.0,add,74.77577181274397,1444.0,3.0,74.73729266963255,7.0,0.0,2.0,0.0,0.0
4525.0,add,74.78939853200578,1445.0,4.0,74.77577181274397,7.0,0.0,2.0,0.0,0.0
4526.0,add,74.7005308565019,1445.0,4.0,74.77577181274397,7.0,0.0,2.0,1.0,0.0
4527.0,delete,74.74153256189646,1445.0,4.0,74.77577181274397,6.0,0.0,2.0,0.0,0.0
4528.0,swap,74.74153256189649,1445.0,4.0,74.77577181274397,6.0,0.0,2.0,1.0,0.0
4529.0,change,74.71774203171906,1446.0,4.0,74.73146737508537,7.0,0.0,1.0,0.0,0.0
4530.0,add,74.73146737508537,1446.0,4.0,74.73146737508537,7.0,0.0,1.0,0.0,1.0
4531.0,delete,74.72256608227137,1446.0,4.0,74.73146737508537,6.0,0.0,1.0,0.0,0.0
4532.0,swap,74.63908182551913,1446.0,4.0,74.73146737508537,6.0,0.0,2.0,0.0,0.0
4533.0,add,74.69449664174081,1447.0,4.0,74.69209684412351,7.0,0.0,1.0,0.0,1.0
4534.0,add,74.69989238276824,1447.0,4.0,74.69209684412351,7.0,0.0,1.0,0.0,2.0
4535.0,delete,74.61505803607619,1447.0,4.0,74.69209684412351,6.0,0.0,1.0,0.0,1.0
4536.0,swap,74.34531902322223,1447.0,4.0,74.69209684412351,6.0,0.0,2.0,0.0,1.0
4537.0,delete,74.80680822462284,1448.0,5.0,74.77193960482342,4.0,2.0,1.0,0.0,0.0
4538.0,add,74.61815302461437,1448.0,5.0,74.77193960482342,4.0,2.0,1.0,0.0,1.0
4539.0,delete,74.45775670855642,1448.0,5.0,74.77193960482342,4.0,2.0,0.0,0.0,0.0
4540.0,swap,74.867871687223,1448.0,5.0,74.77193960482342,4.0,3.0,0.0,0.0,0.0
4541.0,swap,74.75699686718039,1449.0,5.0,74.76473662563635,7.0,0.0,2.0,0.0,0.0
4542.0,add,74.76493067522661,1449.0,5.0,74.76473662563635,7.0,0.0,2.0,1.0,0.0
4543.0,delete,74.72944181759388,1449.0,5.0,74.76473662563635,6.0,0.0,2.0,0.0,0.0
4544.0,swap,74.55981854816793,1449.0,5.0,74.76473662563635,6.0,0.0,3.0,0.0,0.0
4545.0,change,74.77344064345918,1450.0,5.0,74.77084913712987,7.0,0.0,1.0,0.0,0.0
4546.0,add,74.77084913712986,1450.0,5.0,74.77084913712987,7.0,1.0,1.0,0.0,0.0
4547.0,delete,74.6731700312057,1450.0,5.0,74.77084913712987,6.0,0.0,1.0,0.0,0.0
4548.0,swap,74.68924901634942,1450.0,5.0,74.77084913712987,6.0,1.0,1.0,0.0,0.0
4549.0,delete,74.89297725142347,1451.0,5.0,74.89298743771712,5.0,1.0,0.0,0.0,1.0
4550.0,add,74.7227359656935,1451.0,5.0,74.89298743771712,5.0,1.0,1.0,0.0,1.0
4551.0,delete,74.93908465574287,1451.0,5.0,74.89298743771712,4.0,1.0,0.0,0.0,1.0
4552.0,swap,74.71262082665874,1451.0,5.0,74.89298743771712,4.0,1.0,0.0,0.0,2.0
4553.0,change,74.78098476853145,1452.0,4.0,74.78069330284286,7.0,1.0,0.0,0.0,1.0
4554.0,add,74.81947535812562,1452.0,4.0,74.78069330284286,7.0,1.0,0.0,1.0,1.0
4555.0,delete,74.85847744068974,1452.0,4.0,74.78069330284286,6.0,1.0,0.0,0.0,1.0
4556.0,swap,74.85286696019115,1452.0,4.0,74.78069330284286,6.0,1.0,1.0,0.0,1.0
4557.0,swap,74.72416020100695,1453.0,3.0,74.71756933594989,6.0,1.0,0.0,1.0,1.0
4558.0,delete,74.74732600673504,1454.0,3.0,74.83459302671339,6.0,1.0,0.0,0.0,1.0
4559.0,swap,74.86202547151048,1455.0,5.0,74.85286696019115,6.0,1.0,1.0,0.0,1.0
4560.0,add,74.85286696019115,1455.0,5.0,74.85286696019115,6.0,2.0,1.0,0.0,1.0
4561.0,delete,74.90533430960339,1455.0,5.0,74.85286696019115,5.0,1.0,1.0,0.0,1.0
4562.0,swap,74.77273214547975,1455.0,5.0,74.85286696019115,6.0,1.0,1.0,0.0,1.0
4563.0,swap,74.72415187851874,1456.0,4.0,74.72416020100695,6.0,1.0,0.0,1.0,1.0
4564.0,add,74.70278061074124,1456.0,4.0,74.72416020100695,6.0,1.0,0.0,2.0,1.0
4565.0,delete,74.90833841630517,1456.0,4.0,74.72416020100695,5.0,1.0,0.0,1.0,1.0
4566.0,swap,74.63729584079127,1456.0,4.0,74.72416020100695,6.0,1.0,1.0,0.0,1.0
4567.0,delete,74.74837517709135,1457.0,4.0,74.74732600673504,6.0,1.0,0.0,0.0,1.0
4568.0,add,74.92910693344587,1457.0,4.0,74.74732600673504,6.0,1.0,1.0,0.0,1.0
4569.0,delete,74.5943208963495,1457.0,4.0,74.74732600673504,5.0,1.0,0.0,0.0,1.0
4570.0,swap,74.91280094539043,1457.0,4.0,74.74732600673504,5.0,1.0,1.0,0.0,1.0
4571.0,swap,74.81249827413991,1458.0,5.0,74.81195067814329,6.0,1.0,1.0,1.0,1.0
4572.0,add,74.81195067814329,1458.0,5.0,74.81195067814329,6.0,1.0,1.0,1.0,2.0
4573.0,delete,74.68526524651192,1458.0,5.0,74.81195067814329,5.0,1.0,1.0,1.0,1.0
4574.0,swap,74.83150460525492,1458.0,5.0,74.81195067814329,5.0,1.0,1.0,2.0,1.0
4575.0,change,74.78243455281769,1459.0,3.0,74.81262351048768,7.0,1.0,0.0,0.0,1.0
4576.0,change,74.78241168872106,1460.0,4.0,74.78243455281769,7.0,1.0,0.0,0.0,1.0
4577.0,add,74.78243455281769,1460.0,4.0,74.78243455281769,7.0,1.0,0.0,0.0,2.0
4578.0,delete,74.62318227644714,1460.0,4.0,74.78243455281769,7.0,1.0,0.0,0.0,0.0
4579.0,swap,74.62318227644714,1460.0,4.0,74.78243455281769,7.0,1.0,0.0,1.0,0.0
4580.0,swap,74.57794690152357,1461.0,4.0,74.57794690152359,7.0,1.0,0.0,1.0,0.0
4581.0,add,74.57794690152359,1461.0,4.0,74.57794690152359,7.0,1.0,0.0,1.0,1.0
4582.0,delete,74.44448781867585,1461.0,4.0,74.57794690152359,6.0,1.0,0.0,1.0,0.0
4583.0,swap,74.50022623482059,1461.0,4.0,74.57794690152359,6.0,1.0,1.0,1.0,0.0
4584.0,add,74.76552555373725,1462.0,4.0,74.76688521947597,7.0,1.0,0.0,0.0,1.0
4585.0,add,74.76688521947597,1462.0,4.0,74.76688521947597,7.0,1.0,0.0,0.0,2.0
4586.0,delete,74.62316388036626,1462.0,4.0,74.76688521947597,7.0,1.0,0.0,0.0,0.0
4587.0,swap,74.5136419608361,1462.0,4.0,74.76688521947597,6.0,1.0,0.0,0.0,2.0
4588.0,swap,74.64627062968695,1463.0,4.0,74.64332769439875,7.0,0.0,1.0,0.0,0.0
4589.0,add,74.64332769439875,1463.0,4.0,74.64332769439875,7.0,0.0,1.0,0.0,1.0
4590.0,delete,74.64740216287692,1463.0,4.0,74.64332769439875,6.0,0.0,1.0,0.0,0.0
4591.0,swap,74.45245419476453,1463.0,4.0,74.64332769439875,6.0,0.0,2.0,0.0,0.0
4592.0,add,74.41632597287179,1464.0,5.0,74.84843949351391,6.0,0.0,0.0,0.0,2.0
4593.0,delete,74.70660059311376,1464.0,5.0,74.84843949351391,5.0,0.0,0.0,0.0,1.0
4594.0,swap,74.8700025673635,1464.0,5.0,74.84843949351391,5.0,0.0,0.0,1.0,1.0
4595.0,change,74.62320146291968,1465.0,4.0,74.62288812021605,7.0,1.0,0.0,0.0,0.0
4596.0,add,74.62288812021603,1465.0,4.0,74.62288812021605,7.0,1.0,0.0,1.0,0.0
4597.0,delete,74.5744241130514,1465.0,4.0,74.62288812021605,6.0,1.0,0.0,0.0,0.0
4598.0,swap,74.57931880081499,1465.0,4.0,74.62288812021605,7.0,1.0,0.0,0.0,0.0
4599.0,add,74.77553458291811,1466.0,3.0,74.78585945033561,7.0,1.0,1.0,0.0,1.0
4600.0,add,74.77527865117305,1467.0,4.0,74.77553458291811,7.0,1.0,1.0,0.0,1.0
4601.0,add,74.77553458291811,1467.0,4.0,74.77553458291811,7.0,1.0,1.0,0.0,2.0
4602.0,delete,74.72465064408907,1467.0,4.0,74.77553458291811,6.0,1.0,1.0,0.0,1.0
4603.0,swap,74.62149776532573,1467.0,4.0,74.77553458291811,6.0,2.0,1.0,0.0,1.0
4604.0,swap,74.57394999862218,1468.0,4.0,74.5739499986222,6.0,2.0,0.0,0.0,1.0
4605.0,add,74.5739499986222,1468.0,4.0,74.5739499986222,6.0,2.0,0.0,0.0,2.0
4606.0,delete,74.39159288882841,1468.0,4.0,74.5739499986222,5.0,2.0,0.0,0.0,1.0
4607.0,swap,74.78695840359906,1468.0,4.0,74.5739499986222,5.0,3.0,0.0,0.0,1.0
4608.0,swap,74.65273250620356,1469.0,2.0,74.62342708835244,6.0,0.0,2.0,0.0,0.0
4609.0,swap,74.62539343103461,1470.0,3.0,74.65273250620356,6.0,0.0,2.0,0.0,0.0
4610.0,add,74.65416997326211,1470.0,3.0,74.65273250620356,6.0,0.0,2.0,1.0,0.0
4611.0,delete,74.63210154004203,1470.0,3.0,74.65273250620356,5.0,0.0,2.0,0.0,0.0
4612.0,swap,74.60463215729327,1470.0,3.0,74.65273250620356,6.0,0.0,1.0,1.0,0.0
4613.0,delete,74.21294151480237,1471.0,3.0,74.21545568801484,6.0,0.0,1.0,0.0,0.0
4614.0,add,74.21747991137937,1471.0,3.0,74.21545568801484,6.0,0.0,1.0,0.0,1.0
4615.0,delete,74.49045925411832,1471.0,3.0,74.21545568801484,5.0,0.0,1.0,0.0,0.0
4616.0,swap,74.5188310886778,1471.0,3.0,74.21545568801484,5.0,0.0,1.0,0.0,1.0
4617.0,add,74.7606230680782,1472.0,5.0,74.74680142315437,7.0,0.0,3.0,0.0,0.0
4618.0,add,74.75403843912592,1472.0,5.0,74.74680142315437,7.0,0.0,3.0,0.0,1.0
4619.0,delete,74.76893748882287,1472.0,5.0,74.74680142315437,6.0,0.0,3.0,0.0,0.0
4620.0,swap,74.57459637298223,1472.0,5.0,74.74680142315437,7.0,0.0,2.0,1.0,0.0
4621.0,change,74.76006215603662,1473.0,3.0,74.71153193516678,6.0,0.0,1.0,1.0,0.0
4622.0,add,74.7696327700532,1474.0,3.0,74.70883486473568,6.0,0.0,1.0,2.0,0.0
4623.0,change,74.76059491925184,1475.0,4.0,74.76006215603662,6.0,0.0,1.0,1.0,0.0
4624.0,add,74.74278935847973,1475.0,4.0,74.76006215603662,6.0,0.0,1.0,2.0,0.0
4625.0,delete,74.86446880816516,1475.0,4.0,74.76006215603662,5.0,0.0,1.0,1.0,0.0
4626.0,swap,74.69971530611302,1475.0,4.0,74.76006215603662,5.0,0.0,1.0,2.0,0.0
4627.0,add,74.76963277005319,1476.0,4.0,74.7696327700532,6.0,0.0,1.0,2.0,0.0
4628.0,add,74.7696327700532,1476.0,4.0,74.7696327700532,6.0,1.0,1.0,2.0,0.0
4629.0,delete,74.58183087907203,1476.0,4.0,74.7696327700532,5.0,0.0,1.0,2.0,0.0
4630.0,swap,74.6535477034129,1476.0,4.0,74.7696327700532,5.0,0.0,2.0,2.0,0.0
4631.0,delete,74.76526913503052,1477.0,3.0,74.69584269791191,7.0,0.0,1.0,0.0,0.0
4632.0,delete,74.76643409656779,1478.0,4.0,74.76526913503052,7.0,0.0,1.0,0.0,0.0
4633.0,add,74.7057719507969,1478.0,4.0,74.76526913503052,7.0,0.0,2.0,0.0,0.0
4634.0,delete,74.79301692378847,1478.0,4.0,74.76526913503052,6.0,0.0,1.0,0.0,0.0
4635.0,swap,74.75288194986055,1478.0,4.0,74.76526913503052,6.0,0.0,2.0,0.0,0.0
4636.0,delete,74.75842665981197,1479.0,3.0,74.67230622486747,6.0,0.0,1.0,0.0,0.0
4637.0,delete,74.76048159966521,1480.0,4.0,74.75842665981197,6.0,0.0,1.0,0.0,0.0
4638.0,add,74.75842665981197,1480.0,4.0,74.75842665981197,6.0,0.0,1.0,0.0,1.0
4639.0,delete,74.55776102958555,1480.0,4.0,74.75842665981197,5.0,0.0,1.0,0.0,0.0
4640.0,swap,74.85234526796037,1480.0,4.0,74.75842665981197,5.0,0.0,1.0,1.0,0.0
4641.0,swap,74.7656283226049,1481.0,5.0,74.76329950813212,6.0,0.0,3.0,0.0,1.0
4642.0,add,74.79585773532942,1481.0,5.0,74.76329950813212,6.0,0.0,4.0,0.0,1.0
4643.0,delete,74.66912594992145,1481.0,5.0,74.76329950813212,5.0,0.0,3.0,0.0,1.0
4644.0,swap,74.7820176935641,1481.0,5.0,74.76329950813212,5.0,1.0,3.0,0.0,1.0
4645.0,add,74.70480656079837,1482.0,5.0,74.72497276912549,6.0,0.0,1.0,0.0,2.0
4646.0,add,74.72497276912549,1482.0,5.0,74.72497276912549,6.0,0.0,1.0,0.0,3.0
4647.0,delete,74.82181210878838,1482.0,5.0,74.72497276912549,5.0,0.0,1.0,0.0,2.0
4648.0,swap,74.82025863026956,1482.0,5.0,74.72497276912549,5.0,0.0,1.0,1.0,2.0
4649.0,add,74.76006215603661,1483.0,5.0,74.76006215603661,6.0,0.0,1.0,1.0,2.0
4650.0,add,74.76006215603662,1483.0,5.0,74.76006215603661,6.0,0.0,1.0,2.0,2.0
4651.0,delete,74.87780281465525,1483.0,5.0,74.76006215603661,5.0,0.0,1.0,1.0,2.0
4652.0,swap,74.68543184540239,1483.0,5.0,74.76006215603661,6.0,0.0,2.0,1.0,1.0
4653.0,change,74.83432121145488,1484.0,5.0,74.84585501543582,6.0,0.0,2.0,0.0,0.0
4654.0,add,74.69121005291913,1484.0,5.0,74.84585501543582,6.0,1.0,2.0,0.0,0.0
4655.0,delete,74.87987362462457,1484.0,5.0,74.84585501543582,5.0,0.0,2.0,0.0,0.0
4656.0,swap,74.78700921004236,1484.0,5.0,74.84585501543582,5.0,0.0,2.0,0.0,1.0
4657.0,change,74.73656284275373,1485.0,5.0,74.74643355573589,7.0,0.0,2.0,0.0,0.0
4658.0,add,74.74643355573589,1485.0,5.0,74.74643355573589,7.0,1.0,2.0,0.0,0.0
4659.0,delete,74.84173121227087,1485.0,5.0,74.74643355573589,6.0,0.0,2.0,0.0,0.0
4660.0,swap,74.6988278173464,1485.0,5.0,74.74643355573589,6.0,1.0,2.0,0.0,0.0
4661.0,add,74.7678288691582,1486.0,5.0,74.76526913503052,7.0,0.0,1.0,0.0,3.0
4662.0,add,74.69270996508295,1486.0,5.0,74.76526913503052,7.0,0.0,1.0,0.0,4.0
4663.0,delete,74.76526913503052,1486.0,5.0,74.76526913503052,7.0,0.0,1.0,0.0,2.0
4664.0,swap,74.76474963925071,1486.0,5.0,74.76526913503052,6.0,1.0,1.0,0.0,3.0
4665.0,add,74.75610888888191,1487.0,5.0,74.76103764062991,7.0,0.0,2.0,0.0,1.0
4666.0,add,74.76103764062991,1487.0,5.0,74.76103764062991,7.0,0.0,2.0,0.0,2.0
4667.0,delete,74.71379529022175,1487.0,5.0,74.76103764062991,6.0,0.0,2.0,0.0,1.0
4668.0,swap,74.71169899458971,1487.0,5.0,74.76103764062991,6.0,0.0,2.0,1.0,1.0
4669.0,swap,74.4443781692759,1488.0,4.0,74.44446982996425,6.0,1.0,0.0,1.0,0.0
4670.0,add,74.44446982996425,1488.0,4.0,74.44446982996425,6.0,1.0,0.0,1.0,1.0
4671.0,delete,74.53991064693018,1488.0,4.0,74.44446982996425,5.0,1.0,0.0,1.0,0.0
4672.0,swap,74.58788544839587,1488.0,4.0,74.44446982996425,5.0,2.0,0.0,1.0,0.0
4673.0,change,74.73906620291542,1489.0,3.0,74.74488764151194,7.0,0.0,1.0,0.0,0.0
4674.0,delete,74.71530434924105,1490.0,4.0,74.67029504594092,6.0,0.0,1.0,0.0,0.0
4675.0,add,74.65173979995937,1490.0,4.0,74.67029504594092,6.0,0.0,1.0,1.0,0.0
4676.0,delete,74.70248254866797,1490.0,4.0,74.67029504594092,5.0,0.0,1.0,0.0,0.0
4677.0,swap,74.70248254866797,1490.0,4.0,74.67029504594092,5.0,0.0,1.0,0.0,1.0
4678.0,add,74.84199325282984,1491.0,5.0,74.84236868310461,7.0,0.0,3.0,0.0,1.0
4679.0,add,74.84236868310461,1491.0,5.0,74.84236868310461,7.0,0.0,3.0,0.0,2.0
4680.0,delete,74.71002165222326,1491.0,5.0,74.84236868310461,6.0,0.0,3.0,0.0,1.0
4681.0,swap,74.60111554129529,1491.0,5.0,74.84236868310461,7.0,0.0,2.0,1.0,1.0
4682.0,add,74.75978265339555,1492.0,5.0,74.78574245277059,6.0,0.0,1.0,0.0,1.0
4683.0,add,74.7857424527706,1492.0,5.0,74.78574245277059,6.0,1.0,1.0,0.0,1.0
4684.0,delete,74.78574245277059,1492.0,5.0,74.78574245277059,6.0,0.0,1.0,0.0,0.0
4685.0,swap,74.62909375551786,1492.0,5.0,74.78574245277059,5.0,1.0,1.0,0.0,1.0
4686.0,change,74.9004998016825,1493.0,4.0,74.80516388634075,6.0,0.0,2.0,0.0,0.0
4687.0,change,74.89771888461435,1494.0,5.0,74.9004998016825,6.0,0.0,2.0,0.0,0.0
4688.0,add,74.64840096012706,1494.0,5.0,74.9004998016825,6.0,0.0,2.0,0.0,1.0
4689.0,delete,74.7423926244162,1494.0,5.0,74.9004998016825,5.0,0.0,2.0,0.0,0.0
4690.0,swap,74.644811846386,1494.0,5.0,74.9004998016825,5.0,0.0,3.0,0.0,0.0
4691.0,change,74.76773161049556,1495.0,4.0,74.76526913503051,7.0,1.0,1.0,0.0,0.0
4692.0,add,74.76526913503051,1495.0,4.0,74.76526913503051,7.0,2.0,1.0,0.0,0.0
4693.0,delete,74.79603772887243,1495.0,4.0,74.76526913503051,6.0,1.0,1.0,0.0,0.0
4694.0,swap,74.7127669338914,1495.0,4.0,74.76526913503051,6.0,1.0,1.0,0.0,1.0
4695.0,change,74.71721703654396,1496.0,5.0,74.72291405394883,7.0,0.0,2.0,0.0,0.0
4696.0,add,74.85589217341838,1496.0,5.0,74.72291405394883,7.0,0.0,3.0,0.0,0.0
4697.0,delete,74.6717800994899,1496.0,5.0,74.72291405394883,6.0,0.0,2.0,0.0,0.0
4698.0,swap,74.85260762266431,1496.0,5.0,74.72291405394883,6.0,0.0,2.0,1.0,0.0
4699.0,swap,74.98558907471254,1497.0,6.0,74.96069191056802,5.0,2.0,2.0,1.0,0.0
4700.0,add,74.96069191056802,1497.0,6.0,74.96069191056802,5.0,2.0,2.0,1.0,1.0
4701.0,delete,74.85811697157308,1497.0,6.0,74.96069191056802,4.0,2.0,2.0,1.0,0.0
4702.0,swap,74.85686633220018,1497.0,6.0,74.96069191056802,4.0,2.0,2.0,1.0,1.0
4703.0,add,74.58194614143926,1498.0,4.0,74.90658617411896,6.0,1.0,2.0,0.0,1.0
4704.0,add,74.58539096286722,1499.0,5.0,74.56929945647498,6.0,0.0,3.0,0.0,1.0
4705.0,add,74.56929945647498,1499.0,5.0,74.56929945647498,6.0,0.0,3.0,0.0,2.0
4706.0,delete,74.56929945647498,1499.0,5.0,74.56929945647498,6.0,0.0,3.0,0.0,0.0
4707.0,swap,74.63360326813851,1499.0,5.0,74.56929945647498,5.0,1.0,3.0,0.0,1.0
4708.0,add,74.72460741858343,1500.0,5.0,74.77535373805841,7.0,0.0,1.0,1.0,0.0
4709.0,add,74.71760120608172,1500.0,5.0,74.77535373805841,7.0,0.0,2.0,1.0,0.0
4710.0,delete,74.77583157949914,1500.0,5.0,74.77535373805841,6.0,0.0,1.0,1.0,0.0
4711.0,swap,74.8154335966702,1500.0,5.0,74.77535373805841,6.0,1.0,1.0,1.0,0.0
4712.0,swap,74.83840910650889,1501.0,5.0,74.8531704846588,5.0,1.0,1.0,1.0,0.0
4713.0,add,74.84949912147802,1501.0,5.0,74.8531704846588,5.0,1.0,1.0,2.0,0.0
4714.0,delete,74.76377970812605,1501.0,5.0,74.8531704846588,4.0,1.0,1.0,1.0,0.0
4715.0,swap,74.87990931642258,1501.0,5.0,74.8531704846588,4.0,1.0,1.0,1.0,1.0
4716.0,swap,74.76356452491868,1502.0,5.0,74.76228076676817,6.0,1.0,1.0,0.0,0.0
4717.0,add,74.76228076676817,1502.0,5.0,74.76228076676817,6.0,1.0,1.0,0.0,1.0
4718.0,delete,74.71278716503986,1502.0,5.0,74.76228076676817,5.0,1.0,1.0,0.0,0.0
4719.0,swap,74.71590985703654,1502.0,5.0,74.76228076676817,6.0,1.0,0.0,1.0,0.0
4720.0,add,74.79268938069525,1503.0,5.0,74.78939853200578,7.0,0.0,2.0,0.0,0.0
4721.0,add,74.78939853200578,1503.0,5.0,74.78939853200578,7.0,1.0,2.0,0.0,0.0
4722.0,delete,74.66352854309686,1503.0,5.0,74.78939853200578,6.0,0.0,2.0,0.0,0.0
4723.0,swap,74.08203970393532,1503.0,5.0,74.78939853200578,6.0,1.0,2.0,0.0,0.0
4724.0,add,74.7968523160905,1504.0,5.0,74.7968523160905,6.0,1.0,1.0,0.0,0.0
4725.0,add,74.77000828877118,1504.0,5.0,74.7968523160905,6.0,1.0,1.0,1.0,0.0
4726.0,delete,74.66313964264953,1504.0,5.0,74.7968523160905,5.0,1.0,1.0,0.0,0.0
4727.0,swap,74.86948763641189,1504.0,5.0,74.7968523160905,5.0,1.0,2.0,0.0,0.0
4728.0,swap,74.88654215432369,1505.0,5.0,74.88523694679633,5.0,0.0,2.0,0.0,0.0
4729.0,add,74.76764338258911,1505.0,5.0,74.88523694679633,5.0,0.0,2.0,0.0,1.0
4730.0,delete,74.82873187396184,1505.0,5.0,74.88523694679633,4.0,0.0,2.0,0.0,0.0
4731.0,swap,74.81805302367397,1505.0,5.0,74.88523694679633,4.0,1.0,2.0,0.0,0.0
4732.0,swap,74.42779587923793,1506.0,4.0,74.44857525777638,5.0,0.0,2.0,0.0,0.0
4733.0,add,74.44857525777638,1506.0,4.0,74.44857525777638,5.0,0.0,2.0,0.0,1.0
4734.0,delete,74.62049825153201,1506.0,4.0,74.44857525777638,4.0,0.0,2.0,0.0,0.0
4735.0,swap,74.5039466364885,1506.0,4.0,74.44857525777638,5.0,0.0,2.0,0.0,0.0
4736.0,change,74.69295601799092,1507.0,3.0,74.7328761879495,7.0,0.0,1.0,0.0,0.0
4737.0,swap,74.71389705619066,1508.0,4.0,74.7172241955008,6.0,1.0,1.0,0.0,0.0
4738.0,add,74.69913646923851,1508.0,4.0,74.7172241955008,6.0,1.0,2.0,0.0,0.0
4739.0,delete,74.62745852939344,1508.0,4.0,74.7172241955008,6.0,1.0,0.0,0.0,0.0
4740.0,swap,74.709749496843,1508.0,4.0,74.7172241955008,5.0,1.0,1.0,0.0,1.0
4741.0,add,74.72096855932959,1509.0,5.0,74.72109997506556,6.0,0.0,2.0,1.0,1.0
4742.0,add,74.7784558563549,1509.0,5.0,74.72109997506556,6.0,0.0,2.0,1.0,2.0
4743.0,delete,74.65167664030734,1509.0,5.0,74.72109997506556,5.0,0.0,2.0,1.0,1.0
4744.0,swap,74.91941259105853,1509.0,5.0,74.72109997506556,5.0,0.0,2.0,2.0,1.0
4745.0,add,74.52511954416308,1510.0,3.0,74.61687693128223,7.0,0.0,1.0,0.0,2.0
4746.0,swap,74.80742113970545,1511.0,5.0,74.81032541369947,5.0,0.0,2.0,2.0,0.0
4747.0,add,74.81032541369947,1511.0,5.0,74.81032541369947,5.0,0.0,2.0,2.0,1.0
4748.0,delete,74.78687545840849,1511.0,5.0,74.81032541369947,4.0,0.0,2.0,2.0,0.0
4749.0,swap,74.79269793344484,1511.0,5.0,74.81032541369947,4.0,1.0,2.0,2.0,0.0
4750.0,add,74.71442446765839,1512.0,3.0,74.68026798715606,7.0,1.0,1.0,1.0,0.0
4751.0,add,74.76526913503054,1513.0,5.0,74.76526913503051,7.0,1.0,1.0,0.0,2.0
4752.0,add,74.78658102225474,1513.0,5.0,74.76526913503051,7.0,1.0,2.0,0.0,2.0
4753.0,delete,74.76526913503052,1513.0,5.0,74.76526913503051,7.0,0.0,1.0,0.0,2.0
4754.0,swap,74.68707567991312,1513.0,5.0,74.76526913503051,6.0,1.0,1.0,1.0,2.0
4755.0,add,74.76390858982312,1514.0,5.0,74.7560802405578,7.0,0.0,1.0,0.0,2.0
4756.0,add,74.80898331356916,1514.0,5.0,74.7560802405578,7.0,0.0,1.0,1.0,2.0
4757.0,delete,74.7560802405578,1514.0,5.0,74.7560802405578,7.0,0.0,1.0,0.0,1.0
4758.0,swap,74.71739733171455,1514.0,5.0,74.7560802405578,6.0,0.0,2.0,0.0,2.0
4759.0,add,74.74663697256133,1515.0,5.0,74.74663697256133,6.0,0.0,1.0,3.0,0.0
4760.0,add,74.75166920735333,1515.0,5.0,74.74663697256133,6.0,0.0,1.0,3.0,1.0
4761.0,delete,74.70354389969147,1515.0,5.0,74.74663697256133,6.0,0.0,1.0,2.0,0.0
4762.0,swap,74.70354389969143,1515.0,5.0,74.74663697256133,6.0,0.0,1.0,3.0,0.0
4763.0,swap,74.42443688084504,1516.0,4.0,74.42019384074052,6.0,1.0,1.0,0.0,1.0
4764.0,add,74.40409349232363,1516.0,4.0,74.42019384074052,6.0,1.0,1.0,1.0,1.0
4765.0,delete,74.16868169112745,1516.0,4.0,74.42019384074052,5.0,1.0,1.0,0.0,1.0
4766.0,swap,74.7130958081985,1516.0,4.0,74.42019384074052,5.0,1.0,1.0,1.0,1.0
4767.0,add,74.77959426967233,1517.0,5.0,74.77868749052493,7.0,0.0,1.0,0.0,1.0
4768.0,add,74.78124955977363,1517.0,5.0,74.77868749052493,7.0,0.0,2.0,0.0,1.0
4769.0,delete,74.82964619802553,1517.0,5.0,74.77868749052493,6.0,0.0,1.0,0.0,1.0
4770.0,swap,74.7880823221393,1517.0,5.0,74.77868749052493,6.0,0.0,1.0,1.0,1.0
4771.0,delete,74.76028485419492,1518.0,5.0,74.76036508293303,6.0,0.0,1.0,0.0,0.0
4772.0,add,74.76036508293303,1518.0,5.0,74.76036508293303,6.0,0.0,1.0,0.0,1.0
4773.0,delete,74.64457133059257,1518.0,5.0,74.76036508293303,5.0,0.0,1.0,0.0,0.0
4774.0,swap,74.58105098666552,1518.0,5.0,74.76036508293303,6.0,0.0,1.0,0.0,0.0
4775.0,swap,74.71582495960912,1519.0,5.0,74.71582495960914,5.0,1.0,1.0,1.0,0.0
4776.0,add,74.71582495960914,1519.0,5.0,74.71582495960914,5.0,1.0,1.0,2.0,0.0
4777.0,delete,74.63254184510376,1519.0,5.0,74.71582495960914,5.0,1.0,0.0,1.0,0.0
4778.0,swap,74.77193960482339,1519.0,5.0,74.71582495960914,4.0,1.0,1.0,2.0,0.0
4779.0,delete,74.64305133500424,1520.0,3.0,74.76170224420247,5.0,0.0,1.0,0.0,1.0
4780.0,swap,74.73628280440927,1521.0,3.0,74.7125902768228,6.0,0.0,2.0,0.0,0.0
4781.0,add,74.77956965422887,1522.0,5.0,74.77708591966802,7.0,0.0,1.0,0.0,1.0
4782.0,add,74.77708591966802,1522.0,5.0,74.77708591966802,7.0,0.0,1.0,0.0,2.0
4783.0,delete,74.79550230468027,1522.0,5.0,74.77708591966802,6.0,0.0,1.0,0.0,1.0
4784.0,swap,74.81230815814747,1522.0,5.0,74.77708591966802,7.0,0.0,2.0,0.0,0.0
4785.0,add,74.77959088961974,1523.0,5.0,74.77581171959812,7.0,0.0,1.0,0.0,2.0
4786.0,add,74.77581171959812,1523.0,5.0,74.77581171959812,7.0,0.0,1.0,0.0,3.0
4787.0,delete,74.82923855741429,1523.0,5.0,74.77581171959812,6.0,0.0,1.0,0.0,2.0
4788.0,swap,74.62327455243617,1523.0,5.0,74.77581171959812,6.0,0.0,2.0,0.0,2.0
4789.0,swap,74.76238422772548,1524.0,5.0,74.75126876515372,6.0,1.0,1.0,0.0,0.0
4790.0,add,74.75126876515372,1524.0,5.0,74.75126876515372,6.0,1.0,1.0,0.0,1.0
4791.0,delete,74.83978234532559,1524.0,5.0,74.75126876515372,5.0,1.0,1.0,0.0,0.0
4792.0,swap,74.70284533813164,1524.0,5.0,74.75126876515372,5.0,2.0,1.0,0.0,0.0
4793.0,swap,74.82452508715456,1525.0,5.0,74.85234526796037,5.0,0.0,1.0,1.0,0.0
4794.0,add,74.75055727336103,1525.0,5.0,74.85234526796037,5.0,0.0,1.0,1.0,1.0
4795.0,delete,74.82255900990025,1525.0,5.0,74.85234526796037,4.0,0.0,1.0,1.0,0.0
4796.0,swap,74.96350004569771,1525.0,5.0,74.85234526796037,4.0,0.0,1.0,1.0,1.0
4797.0,delete,74.77778733539247,1526.0,3.0,74.74357955409185,6.0,0.0,1.0,0.0,0.0
4798.0,delete,74.75827904374503,1527.0,4.0,74.77778733539247,6.0,0.0,1.0,0.0,0.0
4799.0,add,74.77778733539247,1527.0,4.0,74.77778733539247,6.0,0.0,1.0,0.0,1.0
4800.0,delete,74.82224598959777,1527.0,4.0,74.77778733539247,5.0,0.0,1.0,0.0,0.0
4801.0,swap,74.52131764957981,1527.0,4.0,74.77778733539247,6.0,0.0,0.0,0.0,1.0
4802.0,change,74.76705578544764,1528.0,3.0,74.72767584967664,7.0,0.0,1.0,0.0,0.0
4803.0,change,74.74117393538269,1529.0,4.0,74.76705578544764,7.0,0.0,1.0,0.0,0.0
4804.0,add,74.76705578544764,1529.0,4.0,74.76705578544764,7.0,0.0,1.0,0.0,1.0
4805.0,delete,74.68301967921639,1529.0,4.0,74.76705578544764,6.0,0.0,1.0,0.0,0.0
4806.0,swap,74.79625569284144,1529.0,4.0,74.76705578544764,6.0,0.0,1.0,1.0,0.0
4807.0,swap,74.72438266399917,1530.0,3.0,74.57188754406441,6.0,1.0,1.0,0.0,0.0
4808.0,swap,74.70188374193677,1531.0,5.0,74.7233494522425,6.0,0.0,1.0,0.0,1.0
4809.0,add,74.7233494522425,1531.0,5.0,74.7233494522425,6.0,0.0,1.0,0.0,2.0
4810.0,delete,74.65935246508552,1531.0,5.0,74.7233494522425,5.0,0.0,1.0,0.0,1.0
4811.0,swap,74.7233494522425,1531.0,5.0,74.7233494522425,6.0,1.0,1.0,0.0,0.0
4812.0,add,74.760118292058,1532.0,5.0,74.74813578689752,7.0,0.0,1.0,0.0,1.0
4813.0,add,74.67461620148856,1532.0,5.0,74.74813578689752,7.0,1.0,1.0,0.0,1.0
4814.0,delete,74.70601725161525,1532.0,5.0,74.74813578689752,6.0,0.0,1.0,0.0,1.0
4815.0,swap,74.80998314234549,1532.0,5.0,74.74813578689752,6.0,0.0,2.0,0.0,1.0
4816.0,add,74.58006611432229,1533.0,3.0,74.77834921421633,6.0,1.0,0.0,0.0,1.0
4817.0,swap,74.74896141698797,1534.0,3.0,74.78280632830656,5.0,0.0,2.0,0.0,0.0
4818.0,swap,74.7509947965387,1535.0,4.0,74.74896141698797,5.0,0.0,2.0,0.0,0.0
4819.0,add,74.74896141698797,1535.0,4.0,74.74896141698797,5.0,0.0,2.0,0.0,1.0
4820.0,delete,74.87217059890068,1535.0,4.0,74.74896141698797,4.0,0.0,2.0,0.0,0.0
4821.0,swap,74.83062145605518,1535.0,4.0,74.74896141698797,5.0,0.0,2.0,0.0,0.0
4822.0,delete,74.87804341662185,1536.0,5.0,74.87217059890068,4.0,0.0,2.0,0.0,0.0
4823.0,add,74.8704037727269,1536.0,5.0,74.87217059890068,4.0,0.0,3.0,0.0,0.0
4824.0,delete,74.69172396157921,1536.0,5.0,74.87217059890068,4.0,0.0,1.0,0.0,0.0
4825.0,swap,74.14520799123996,1536.0,5.0,74.87217059890068,3.0,1.0,2.0,0.0,0.0
4826.0,delete,74.78366059380103,1537.0,3.0,74.75372114796214,6.0,0.0,1.0,0.0,0.0
4827.0,delete,74.79244976600678,1538.0,4.0,74.78366059380103,6.0,0.0,1.0,0.0,0.0
4828.0,add,74.78366059380103,1538.0,4.0,74.78366059380103,6.0,0.0,1.0,0.0,1.0
4829.0,delete,74.52605412102976,1538.0,4.0,74.78366059380103,6.0,0.0,0.0,0.0,0.0
4830.0,swap,74.86243867489058,1538.0,4.0,74.78366059380103,5.0,1.0,1.0,0.0,0.0
4831.0,delete,74.71268651754023,1539.0,3.0,74.73174480191648,6.0,0.0,1.0,0.0,0.0
4832.0,swap,74.70285157685434,1540.0,3.0,74.67411247073395,6.0,1.0,1.0,0.0,0.0
4833.0,change,74.74138473553366,1541.0,4.0,74.73906620291542,7.0,0.0,1.0,0.0,0.0
4834.0,add,74.73906620291542,1541.0,4.0,74.73906620291542,7.0,0.0,1.0,0.0,1.0
4835.0,delete,74.81228890005859,1541.0,4.0,74.73906620291542,6.0,0.0,1.0,0.0,0.0
4836.0,swap,74.55902407180514,1541.0,4.0,74.73906620291542,7.0,1.0,0.0,0.0,0.0
4837.0,delete,74.60617416908006,1542.0,4.0,74.60060770436594,5.0,0.0,1.0,0.0,1.0
4838.0,add,74.81232038606979,1542.0,4.0,74.60060770436594,5.0,0.0,1.0,0.0,2.0
4839.0,delete,74.60383826816192,1542.0,4.0,74.60060770436594,4.0,0.0,1.0,0.0,1.0
4840.0,swap,74.79391084949404,1542.0,4.0,74.60060770436594,4.0,0.0,2.0,0.0,1.0
4841.0,delete,74.85200262020444,1543.0,5.0,74.82224598959777,5.0,0.0,1.0,0.0,0.0
4842.0,add,74.82224598959777,1543.0,5.0,74.82224598959777,5.0,0.0,1.0,0.0,1.0
4843.0,delete,74.75075371664872,1543.0,5.0,74.82224598959777,4.0,0.0,1.0,0.0,0.0
4844.0,swap,74.75075371664872,1543.0,5.0,74.82224598959777,4.0,0.0,1.0,0.0,1.0
4845.0,swap,74.72259826678774,1544.0,4.0,74.72438266399917,6.0,1.0,1.0,0.0,0.0
4846.0,add,74.71634569306183,1544.0,4.0,74.72438266399917,6.0,1.0,1.0,0.0,1.0
4847.0,delete,74.65954868025305,1544.0,4.0,74.72438266399917,5.0,1.0,1.0,0.0,0.0
4848.0,swap,74.77703019232378,1544.0,4.0,74.72438266399917,5.0,2.0,1.0,0.0,0.0
4849.0,add,74.7919382644784,1545.0,5.0,74.79221936081657,6.0,0.0,1.0,1.0,1.0
4850.0,add,74.80536542619696,1545.0,5.0,74.79221936081657,6.0,0.0,1.0,1.0,2.0
4851.0,delete,74.95368989013528,1545.0,5.0,74.79221936081657,5.0,0.0,1.0,1.0,1.0
4852.0,swap,74.94706336394037,1545.0,5.0,74.79221936081657,5.0,0.0,2.0,1.0,1.0
4853.0,delete,74.92401944767164,1546.0,4.0,74.88555880911473,5.0,0.0,1.0,1.0,0.0
4854.0,delete,74.9013567647509,1547.0,5.0,74.92401944767164,5.0,0.0,1.0,1.0,0.0
4855.0,add,74.92401944767164,1547.0,5.0,74.92401944767164,5.0,0.0,1.0,1.0,1.0
4856.0,delete,74.89577901249426,1547.0,5.0,74.92401944767164,5.0,0.0,1.0,0.0,0.0
4857.0,swap,74.84311302772572,1547.0,5.0,74.92401944767164,4.0,0.0,2.0,1.0,0.0
4858.0,add,74.80825980602262,1548.0,4.0,74.85805526111353,6.0,0.0,2.0,1.0,0.0
4859.0,add,74.80298250429308,1549.0,5.0,74.80825980602262,6.0,0.0,2.0,1.0,0.0
4860.0,add,74.80825980602262,1549.0,5.0,74.80825980602262,6.0,0.0,2.0,1.0,1.0
4861.0,delete,74.80536542619696,1549.0,5.0,74.80825980602262,6.0,0.0,1.0,1.0,0.0
4862.0,swap,74.65553256180903,1549.0,5.0,74.80825980602262,6.0,0.0,1.0,1.0,1.0
4863.0,swap,74.79389445103989,1550.0,5.0,74.79603772887243,6.0,1.0,1.0,0.0,0.0
4864.0,add,74.7315949890341,1550.0,5.0,74.79603772887243,6.0,1.0,1.0,1.0,0.0
4865.0,delete,74.699715306113,1550.0,5.0,74.79603772887243,5.0,1.0,1.0,0.0,0.0
4866.0,swap,74.7303721408172,1550.0,5.0,74.79603772887243,5.0,2.0,1.0,0.0,0.0
4867.0,swap,74.83961795146377,1551.0,5.0,74.8396179514638,4.0,0.0,1.0,1.0,1.0
4868.0,add,74.8396179514638,1551.0,5.0,74.8396179514638,4.0,0.0,1.0,1.0,2.0
4869.0,delete,74.83013060693649,1551.0,5.0,74.8396179514638,3.0,0.0,1.0,1.0,1.0
4870.0,swap,74.59654651423389,1551.0,5.0,74.8396179514638,4.0,0.0,0.0,1.0,2.0
4871.0,add,74.79543176799605,1552.0,5.0,74.79738241499898,6.0,0.0,1.0,1.0,1.0
4872.0,add,74.79738241499898,1552.0,5.0,74.79738241499898,6.0,1.0,1.0,1.0,1.0
4873.0,delete,74.71059908819701,1552.0,5.0,74.79738241499898,5.0,0.0,1.0,1.0,1.0
4874.0,swap,74.80581031550037,1552.0,5.0,74.79738241499898,6.0,0.0,1.0,2.0,0.0
4875.0,delete,74.82085632889985,1553.0,4.0,74.787885752116,4.0,0.0,1.0,1.0,0.0
4876.0,delete,74.66576979586925,1554.0,5.0,74.66741270297811,5.0,0.0,1.0,1.0,0.0
4877.0,add,74.42596062702002,1554.0,5.0,74.66741270297811,5.0,0.0,1.0,1.0,1.0
4878.0,delete,74.86151671212687,1554.0,5.0,74.66741270297811,4.0,0.0,1.0,1.0,0.0
4879.0,swap,74.56923200127837,1554.0,5.0,74.66741270297811,5.0,0.0,1.0,1.0,0.0
4880.0,add,74.83992288152633,1555.0,4.0,74.84085897680448,6.0,1.0,1.0,1.0,1.0
4881.0,add,74.80420432398667,1556.0,5.0,74.81053716020395,6.0,1.0,2.0,0.0,0.0
4882.0,add,74.81053716020395,1556.0,5.0,74.81053716020395,6.0,1.0,2.0,0.0,1.0
4883.0,delete,74.84322787328439,1556.0,5.0,74.81053716020395,5.0,1.0,2.0,0.0,0.0
4884.0,swap,74.77915364344898,1556.0,5.0,74.81053716020395,6.0,1.0,2.0,0.0,0.0
4885.0,swap,74.46688946854925,1557.0,5.0,74.46688946854925,6.0,1.0,0.0,1.0,1.0
4886.0,add,74.56413247373769,1557.0,5.0,74.46688946854925,6.0,1.0,1.0,1.0,1.0
4887.0,delete,74.36558555159017,1557.0,5.0,74.46688946854925,5.0,1.0,0.0,1.0,1.0
4888.0,swap,74.61280097809761,1557.0,5.0,74.46688946854925,5.0,1.0,0.0,1.0,2.0
4889.0,delete,74.7173344057428,1558.0,5.0,74.74536300114936,5.0,0.0,1.0,0.0,0.0
4890.0,add,74.73970039095802,1558.0,5.0,74.74536300114936,5.0,0.0,1.0,1.0,0.0
4891.0,delete,74.81361509107968,1558.0,5.0,74.74536300114936,4.0,0.0,1.0,0.0,0.0
4892.0,swap,74.81646304483533,1558.0,5.0,74.74536300114936,4.0,0.0,1.0,0.0,1.0
4893.0,delete,74.75494945093371,1559.0,3.0,74.71494193090656,6.0,0.0,1.0,0.0,0.0
4894.0,add,74.79620002991923,1560.0,5.0,74.79596928174826,6.0,0.0,1.0,0.0,1.0
4895.0,add,74.87146665694594,1560.0,5.0,74.79596928174826,6.0,0.0,2.0,0.0,1.0
4896.0,delete,74.9099964707057,1560.0,5.0,74.79596928174826,5.0,0.0,1.0,0.0,1.0
4897.0,swap,74.6577267081962,1560.0,5.0,74.79596928174826,5.0,1.0,1.0,0.0,1.0
4898.0,delete,74.74862331249594,1561.0,5.0,74.72296848382496,6.0,0.0,1.0,0.0,0.0
4899.0,add,74.62729568796483,1561.0,5.0,74.72296848382496,6.0,1.0,1.0,0.0,0.0
4900.0,delete,74.63342952765268,1561.0,5.0,74.72296848382496,6.0,0.0,0.0,0.0,0.0
4901.0,swap,74.70665986319906,1561.0,5.0,74.72296848382496,5.0,1.0,1.0,0.0,0.0
4902.0,change,74.74021494200748,1562.0,5.0,74.71646758764375,6.0,0.0,1.0,0.0,1.0
4903.0,add,74.71626484502896,1562.0,5.0,74.71646758764375,6.0,0.0,1.0,1.0,1.0
4904.0,delete,74.68834754419167,1562.0,5.0,74.71646758764375,5.0,0.0,1.0,0.0,1.0
4905.0,swap,74.80067792393623,1562.0,5.0,74.71646758764375,5.0,1.0,1.0,0.0,1.0
4906.0,delete,74.7532958406253,1563.0,4.0,74.75494945093371,6.0,0.0,1.0,0.0,0.0
4907.0,add,74.75249698757315,1563.0,4.0,74.75494945093371,6.0,0.0,2.0,0.0,0.0
4908.0,delete,74.83391017811657,1563.0,4.0,74.75494945093371,5.0,0.0,1.0,0.0,0.0
4909.0,swap,74.71067277305623,1563.0,4.0,74.75494945093371,5.0,0.0,1.0,1.0,0.0
4910.0,change,74.76247602514457,1564.0,3.0,74.70710610082274,7.0,0.0,1.0,0.0,0.0
4911.0,add,74.788671775014,1565.0,5.0,74.7855432008395,7.0,0.0,1.0,0.0,1.0
4912.0,add,74.78610377764265,1565.0,5.0,74.7855432008395,7.0,0.0,1.0,0.0,2.0
4913.0,delete,74.84896325838793,1565.0,5.0,74.7855432008395,6.0,0.0,1.0,0.0,1.0
4914.0,swap,74.825105601206,1565.0,5.0,74.7855432008395,6.0,0.0,1.0,1.0,1.0
4915.0,add,74.77310939994915,1566.0,5.0,74.76612448639548,7.0,0.0,1.0,0.0,1.0
4916.0,add,74.76612448639548,1566.0,5.0,74.76612448639548,7.0,0.0,1.0,0.0,2.0
4917.0,delete,74.68517220300699,1566.0,5.0,74.76612448639548,6.0,0.0,1.0,0.0,1.0
4918.0,swap,74.7355625811925,1566.0,5.0,74.76612448639548,6.0,0.0,1.0,1.0,1.0
4919.0,swap,74.76056799327218,1567.0,5.0,74.76055869195632,6.0,0.0,1.0,0.0,2.0
4920.0,add,74.53051523697113,1567.0,5.0,74.76055869195632,6.0,0.0,1.0,0.0,3.0
4921.0,delete,74.8866986981409,1567.0,5.0,74.76055869195632,5.0,0.0,1.0,0.0,2.0
4922.0,swap,74.87150221323365,1567.0,5.0,74.76055869195632,5.0,0.0,1.0,0.0,3.0
4923.0,swap,74.72215750105698,1568.0,4.0,74.73628280440927,6.0,0.0,2.0,0.0,0.0
4924.0,add,74.66568890829363,1568.0,4.0,74.73628280440927,6.0,0.0,2.0,0.0,1.0
4925.0,delete,74.76033082574004,1568.0,4.0,74.73628280440927,6.0,0.0,1.0,0.0,0.0
4926.0,swap,74.84500020360025,1568.0,4.0,74.73628280440927,5.0,0.0,3.0,0.0,0.0
4927.0,add,74.75755794378095,1569.0,3.0,74.57309020296398,7.0,0.0,1.0,1.0,0.0
4928.0,add,74.76091824125336,1570.0,4.0,74.75755794378095,7.0,0.0,1.0,1.0,0.0
4929.0,add,74.75755794378095,1570.0,4.0,74.75755794378095,7.0,0.0,1.0,1.0,1.0
4930.0,delete,74.70403611771333,1570.0,4.0,74.75755794378095,6.0,0.0,1.0,1.0,0.0
4931.0,swap,74.71423739653983,1570.0,4.0,74.75755794378095,6.0,0.0,1.0,1.0,1.0
4932.0,change,74.77252930895727,1571.0,5.0,74.77325298721858,7.0,0.0,1.0,0.0,0.0
4933.0,add,74.75724667141215,1571.0,5.0,74.77325298721858,7.0,0.0,1.0,1.0,0.0
4934.0,delete,74.76055119929238,1571.0,5.0,74.77325298721858,6.0,0.0,1.0,0.0,0.0
4935.0,swap,74.83278947641625,1571.0,5.0,74.77325298721858,6.0,0.0,2.0,0.0,0.0
4936.0,change,74.700724649681,1572.0,5.0,74.74317165007331,7.0,0.0,1.0,0.0,0.0
4937.0,add,74.74317165007331,1572.0,5.0,74.74317165007331,7.0,0.0,1.0,0.0,1.0
4938.0,delete,74.79061405551833,1572.0,5.0,74.74317165007331,6.0,0.0,1.0,0.0,0.0
4939.0,swap,74.79061405551833,1572.0,5.0,74.74317165007331,6.0,0.0,1.0,0.0,1.0
4940.0,change,74.77384069392764,1573.0,5.0,74.76607359877237,7.0,0.0,1.0,0.0,0.0
4941.0,add,74.76565707145065,1573.0,5.0,74.76607359877237,7.0,0.0,1.0,1.0,0.0
4942.0,delete,74.68528734771677,1573.0,5.0,74.76607359877237,6.0,0.0,1.0,0.0,0.0
4943.0,swap,74.68342075860421,1573.0,5.0,74.76607359877237,6.0,0.0,1.0,0.0,1.0
4944.0,swap,74.73290124232896,1574.0,5.0,74.73264304107524,5.0,1.0,2.0,0.0,0.0
4945.0,add,74.59147345412019,1574.0,5.0,74.73264304107524,5.0,1.0,3.0,0.0,0.0
4946.0,delete,74.75880577426899,1574.0,5.0,74.73264304107524,4.0,1.0,2.0,0.0,0.0
4947.0,swap,74.84247815097044,1574.0,5.0,74.73264304107524,5.0,0.0,3.0,0.0,0.0
4948.0,swap,74.71871281887755,1575.0,5.0,74.73400274334858,6.0,0.0,1.0,0.0,1.0
4949.0,add,74.73391137279437,1575.0,5.0,74.73400274334858,6.0,1.0,1.0,0.0,1.0
4950.0,delete,74.64387805607734,1575.0,5.0,74.73400274334858,5.0,0.0,1.0,0.0,1.0
4951.0,swap,74.79226563344199,1575.0,5.0,74.73400274334858,5.0,0.0,1.0,1.0,1.0
4952.0,add,74.74638812211953,1576.0,3.0,74.76231379200907,7.0,0.0,2.0,1.0,0.0
4953.0,change,74.72894835877463,1577.0,4.0,74.76247602514457,7.0,0.0,1.0,0.0,0.0
4954.0,add,74.76247602514457,1577.0,4.0,74.76247602514457,7.0,0.0,1.0,0.0,1.0
4955.0,delete,74.79559721878807,1577.0,4.0,74.76247602514457,6.0,0.0,1.0,0.0,0.0
4956.0,swap,74.72165027285018,1577.0,4.0,74.76247602514457,6.0,0.0,1.0,0.0,1.0
4957.0,delete,74.75892739161179,1578.0,5.0,74.76006215603661,6.0,0.0,1.0,0.0,0.0
4958.0,add,74.6218283122408,1578.0,5.0,74.76006215603661,6.0,0.0,1.0,0.0,1.0
4959.0,delete,74.62861363892578,1578.0,5.0,74.76006215603661,6.0,0.0,0.0,0.0,0.0
4960.0,swap,74.4229959154299,1578.0,5.0,74.76006215603661,5.0,0.0,2.0,0.0,0.0
4961.0,add,74.62234247519794,1579.0,3.0,74.62234247519793,7.0,0.0,0.0,1.0,1.0
4962.0,add,74.62234247519793,1579.0,3.0,74.62234247519793,7.0,0.0,0.0,1.0,2.0
4963.0,delete,74.49168800593668,1579.0,3.0,74.62234247519793,6.0,0.0,0.0,1.0,1.0
4964.0,swap,74.56680596633156,1579.0,3.0,74.62234247519793,6.0,0.0,1.0,1.0,1.0
4965.0,delete,74.63541887524968,1580.0,5.0,74.63503457897498,5.0,0.0,1.0,1.0,0.0
4966.0,add,74.63503457897498,1580.0,5.0,74.63503457897498,5.0,0.0,1.0,1.0,1.0
4967.0,delete,74.82308844818746,1580.0,5.0,74.63503457897498,4.0,0.0,1.0,1.0,0.0
4968.0,swap,74.62884122823593,1580.0,5.0,74.63503457897498,4.0,0.0,1.0,2.0,0.0
4969.0,change,74.65993048164468,1581.0,3.0,74.66297956632489,6.0,0.0,1.0,0.0,0.0
4970.0,add,74.70728760045941,1582.0,3.0,74.71915930278689,7.0,0.0,1.0,0.0,1.0
4971.0,delete,74.8477243871471,1583.0,5.0,74.83391017811657,5.0,0.0,1.0,0.0,0.0
4972.0,add,74.83391017811655,1583.0,5.0,74.83391017811657,5.0,1.0,1.0,0.0,0.0
4973.0,delete,74.79562166493197,1583.0,5.0,74.83391017811657,4.0,0.0,1.0,0.0,0.0
4974.0,swap,74.54736231189023,1583.0,5.0,74.83391017811657,5.0,0.0,1.0,0.0,0.0
4975.0,add,74.66995969077092,1584.0,4.0,74.64810916987997,5.0,1.0,0.0,0.0,1.0
4976.0,delete,74.76929452650455,1584.0,4.0,74.64810916987997,4.0,0.0,0.0,0.0,1.0
4977.0,swap,74.72290518571232,1584.0,4.0,74.64810916987997,4.0,0.0,1.0,0.0,1.0
4978.0,add,74.7008841443873,1585.0,4.0,74.7019450515646,6.0,0.0,0.0,0.0,3.0
4979.0,delete,74.61326069811986,1585.0,4.0,74.7019450515646,5.0,0.0,0.0,0.0,2.0
4980.0,swap,74.7008841443873,1585.0,4.0,74.7019450515646,6.0,0.0,0.0,0.0,2.0
4981.0,add,74.51444972488463,1586.0,3.0,74.59269822612094,7.0,0.0,0.0,0.0,3.0
4982.0,delete,74.54465735248613,1586.0,3.0,74.59269822612094,7.0,0.0,0.0,0.0,1.0
4983.0,swap,74.55202292148115,1586.0,3.0,74.59269822612094,6.0,0.0,1.0,0.0,2.0
4984.0,swap,74.74533022210383,1587.0,5.0,74.74752871717575,6.0,1.0,1.0,0.0,0.0
4985.0,add,74.74752871717575,1587.0,5.0,74.74752871717575,6.0,1.0,1.0,0.0,1.0
4986.0,delete,74.70507512693806,1587.0,5.0,74.74752871717575,5.0,1.0,1.0,0.0,0.0
4987.0,swap,74.72606054051236,1587.0,5.0,74.74752871717575,5.0,2.0,1.0,0.0,0.0
4988.0,delete,74.55750955252665,1588.0,4.0,74.5583964771775,5.0,0.0,1.0,0.0,0.0
4989.0,add,74.40081905602742,1588.0,4.0,74.5583964771775,5.0,0.0,1.0,0.0,1.0
4990.0,delete,74.60651697401975,1588.0,4.0,74.5583964771775,5.0,0.0,0.0,0.0,0.0
4991.0,swap,74.42388444287748,1588.0,4.0,74.5583964771775,4.0,1.0,1.0,0.0,0.0
4992.0,swap,74.4737524421143,1589.0,3.0,74.73433107862779,7.0,0.0,1.0,0.0,0.0
4993.0,add,74.71167108819682,1590.0,4.0,74.61304723775821,5.0,1.0,0.0,0.0,1.0
4994.0,delete,74.59654651423388,1590.0,4.0,74.61304723775821,4.0,0.0,0.0,0.0,1.0
4995.0,swap,74.57252623679301,1590.0,4.0,74.61304723775821,4.0,0.0,0.0,1.0,1.0
4996.0,change,74.76827712190953,1591.0,2.0,74.73690081402827,7.0,0.0,1.0,0.0,0.0
4997.0,change,74.77479528710148,1592.0,3.0,74.76827712190953,7.0,0.0,1.0,0.0,0.0
4998.0,add,74.76827712190953,1592.0,3.0,74.76827712190953,7.0,0.0,1.0,0.0,1.0
4999.0,delete,74.79636972656431,1592.0,3.0,74.76827712190953,6.0,0.0,1.0,0.0,0.0
5000.0,swap,74.57922355224048,1592.0,3.0,74.76827712190953,7.0,0.0,0.0,1.0,0.0
